Rank,Ticker,Sector,Industry,Exchange,Relative Strength,Percentile,Relative Strength Short Term,Short Term Percentile,1M_RS_Percentile,3M_RS_Percentile,6M_RS_Percentile,Price,MarketCap,Float,ShortFloatPct,PctFrom52WkHigh,AvgVol10,AvgVol30,AvgVol50,RevenueGrowth
1,MXL,Technology,Semiconductors,NASDAQ,583.93,99,380.17,99,86,79,42,102.27,8939373250.933548,89545959.0,0.0892,0.96,7212940,5277260,3586288,0.43
2,LITE,Technology,Communication Equipment,NASDAQ,583.32,99,136.3,96,99,99,98,1053.09,70315639050.29297,77800000.0,0.13949999,3.14,6810440,6145726,6693726,0.901
3,HYMC,Basic Materials,Gold,NASDAQ,574.25,99,114.59,89,99,99,98,43.71,3511901376.9753075,91360601.0,0.17889999,-25.57,2170330,2223503,3042896,
4,RXT,Technology,Software - Infrastructure,NASDAQ,569.99,99,470.94,99,38,3,16,4.69,1368231462.4674969,249222499.0,0.1965,-21.83,45773250,19686823,17431790,0.019
5,TNGX,Healthcare,Biotechnology,NASDAQ,538.35,99,111.74,87,99,99,97,23.48,3320457144.4488716,144242271.0,0.2827,-17.35,2918530,2892980,3418234,-1.0
6,AEHR,Technology,Semiconductor Equipment & Materials,NASDAQ,529.27,99,210.61,99,99,95,92,104.56,3058199992.006485,31453254.0,0.1864,0.7,2952730,4021953,3094448,-0.437
7,NBTX,Healthcare,Biotechnology,NASDAQ,517.36,99,160.93,98,99,99,99,53.55,2206060922.2781067,48495512.0,0.00029999999,17.45,118920,85466,79584,
8,BE,Industrials,Electrical Equipment & Parts,NYSE,514.51,99,155.68,98,99,99,99,283.92,74248382516.81848,284443868.0,0.0934,-6.29,12103830,10765830,10581992,1.304
9,CLYM,Healthcare,Biotechnology,NASDAQ,455.9,99,137.36,96,99,99,56,11.12,651052139.9570532,57260523.0,0.0519,-10.9,1397960,831606,710650,
10,ANL,Healthcare,Biotechnology,NASDAQ,453.7,99,120.37,92,99,99,19,12.96,855204599.4438953,64397938.0,0.048899997,-24.87,407180,578793,418958,1.781
11,WDC,Technology,Computer Hardware,NASDAQ,448.44,99,150.6,98,99,99,98,515.83,165447422880.0,344682131.0,0.0892,6.61,9832660,8014756,8345980,0.455
12,PL,Industrials,Aerospace & Defense,NYSE,438.57,99,128.68,95,99,98,97,41.84,13913590698.127716,356393196.0,0.1359,0.31,9027840,12128286,13988502,0.411
13,MRAM,Technology,Semiconductors,NASDAQ,431.96,99,337.66,99,84,91,88,39.86,632850097.8632755,23447577.0,0.040900003,44.26,6793990,2580276,1729892,0.118
14,ANRO,Healthcare,Biotechnology,NYSE,419.92,99,104.86,81,99,99,99,24.53,850379262.0829334,35052731.0,0.0748,-13.75,288960,338070,323128,
15,STTK,Healthcare,Biotechnology,NASDAQ,415.95,99,107.64,84,99,99,93,7.02,525261534.13717604,76680517.0,0.0185,-15.73,616100,499446,625220,
16,NVTS,Technology,Semiconductors,NASDAQ,409.24,99,199.62,99,96,96,98,22.65,4253579799.508995,233713166.0,0.2801,14.45,35865600,33233150,28500614,-0.387
17,MU,Technology,Semiconductors,NASDAQ,405.93,99,178.31,99,98,98,97,795.33,842203063874.053,1127734051.0,0.0323,6.44,50707630,46942610,45683556,1.963
18,BNAI,Technology,Software - Infrastructure,NASDAQ,405.62,99,73.02,4,99,99,57,23.56,145169904.8326664,6521559.0,0.1092,-72.69,383340,623646,803612,
19,DMRA,Healthcare,Biotechnology,NASDAQ,404.79,99,93.92,51,99,99,99,24.36,1456925592.71846,60303212.0,0.0186,-36.44,353290,279960,284944,
20,ABVX,Healthcare,Biotechnology,NASDAQ,403.3,99,101.14,75,99,99,99,122.13,9732200245.735748,79291188.0,0.0327,-17.94,907420,887726,974062,-0.554
21,NUAI,Technology,Software - Infrastructure,NASDAQ,387.06,99,112.09,88,99,99,99,5.0,471671330.19532967,94523317.0,0.0892,-47.06,6029740,6243656,5118418,0.286
22,INBX,Healthcare,Biotechnology,NASDAQ,383.14,99,134.57,96,98,99,99,127.58,1962488963.2557983,14607286.0,0.1958,-17.84,547310,499273,386832,-1.0
23,VICR,Technology,Electronic Components,NASDAQ,381.45,99,155.4,98,98,98,94,312.96,11690263508.931366,45581407.0,0.1075,6.47,856830,860396,911878,0.202
24,STX,Technology,Computer Hardware,NASDAQ,375.47,99,165.21,98,99,98,96,834.01,175490581583.48438,224228992.0,0.0431,3.97,6467330,4500646,4172168,0.441
25,KOD,Healthcare,Biotechnology,NASDAQ,369.03,99,103.72,79,99,98,99,39.85,2566341760.3741646,62578441.0,0.26450002,-16.7,639120,959793,1171186,
26,INTC,Technology,Semiconductors,NASDAQ,368.81,99,202.69,99,96,93,88,129.44,627847910797.1191,5026000000.0,0.0287,-0.87,170634550,140644406,118446038,0.072
27,ANTX,Healthcare,Biotechnology,NASDAQ,367.98,99,170.76,99,98,33,50,4.72,160540132.07312107,35995545.0,0.0211,-31.69,210960,306796,1772718,
28,ERAS,Healthcare,Biotechnology,NASDAQ,363.81,99,80.08,9,99,99,92,10.44,3146975590.932769,310965971.0,0.122600004,-57.0,11519310,8589040,7397408,
29,SOGP,Communication Services,Internet Content & Information,NASDAQ,362.87,99,98.13,68,98,99,99,15.18,63029606.19231033,4174146.0,0.038900003,-58.97,29310,87116,60590,0.575
30,CIEN,Technology,Communication Equipment,NYSE,362.19,99,133.55,96,99,98,97,581.47,77501889751.70398,141398427.0,0.0523,-0.4,2183630,2471263,2882758,0.331
31,PRLD,Healthcare,Biotechnology,NASDAQ,357.62,99,132.21,95,99,96,92,4.8,387064528.933475,79642905.0,0.1507,-13.36,582200,491993,385650,0.41
32,OVID,Healthcare,Biotechnology,NASDAQ,350.65,99,112.86,88,99,97,96,2.79,484503958.5489466,173037131.0,0.0431,-10.14,1936010,2784376,3611052,8.447
33,PRAX,Healthcare,Biotechnology,NASDAQ,349.3,99,99.03,70,99,99,99,331.81,9200552689.194641,27878774.0,0.1359,-6.79,460380,412510,415890,
34,JLHL,Industrials,Building Products & Equipment,NASDAQ,344.32,99,229.93,99,85,85,47,17.3,407524008.0,21448632.0,0.001,-37.09,129470,174526,113734,0.854
35,DOCN,Technology,Software - Infrastructure,NYSE,338.39,99,187.21,99,96,92,85,162.72,17110507156.455795,104364181.0,0.1451,-1.24,5060490,5067600,4731312,0.224
36,STRO,Healthcare,Biotechnology,NASDAQ,338.29,99,146.62,97,99,94,18,39.31,666691800.6886482,16567887.0,0.045300003,-6.14,244580,239003,229614,-0.214
37,SIF,Industrials,Aerospace & Defense,NYSE ARCA,337.0,99,155.94,98,99,95,91,19.44,123432445.87341309,6215128.0,0.0058,-4.66,104310,79023,82658,0.148
38,BBGI,Communication Services,Broadcasting,NASDAQ,335.53,99,242.09,99,96,23,13,17.99,30942037.394086838,1806307.0,0.3161,-31.78,41350,2597690,1566764,-0.212
39,CELC,Healthcare,Biotechnology,NASDAQ,333.5,99,101.97,76,99,99,99,125.64,6335004507.49054,48336675.0,0.2749,-16.81,1406390,957953,888598,
40,ONDS,Technology,Communication Equipment,NASDAQ,324.08,99,91.2,34,99,99,99,9.42,4439755846.868654,490039254.0,0.3387,-38.35,46439050,53838320,71543780,6.292
41,SYRE,Healthcare,Biotechnology,NASDAQ,319.79,99,137.05,96,99,94,81,76.43,6517001672.373917,86841253.0,0.1598,0.57,1221470,1329860,1128474,
42,HUT,Financial Services,Capital Markets,NASDAQ,319.07,99,158.49,98,98,96,94,102.19,11086016164.437012,112594112.0,0.17799999,-8.21,6023260,5301900,4834438,2.255
43,ORKA,Healthcare,Biotechnology,NASDAQ,318.03,99,116.49,90,99,96,95,65.68,3866157856.057434,59856914.0,0.1879,-27.82,2983820,2041863,1506434,
44,BAND,Technology,Software - Infrastructure,NASDAQ,317.09,99,254.03,99,71,27,33,49.95,1597343426.6881866,32017307.0,0.0399,-0.1,1850680,923733,734912,0.198
45,VIAV,Technology,Communication Equipment,NASDAQ,315.58,99,140.95,97,99,96,92,54.93,11978421808.55095,233907870.0,0.0896,-9.1,8339970,6673256,6629844,0.428
46,RLYB,Healthcare,Biotechnology,NASDAQ,315.37,99,176.54,99,97,62,70,14.0,76065527.10535526,5289675.0,0.3198,-8.56,1220290,446213,397050,4.842
47,EVC,Communication Services,Advertising Agencies,NYSE,312.24,99,245.13,99,84,78,84,8.87,659000514.7559357,92039180.0,0.0124,6.23,6504170,2373060,1604992,1.144
48,ASYS,Technology,Semiconductor Equipment & Materials,NASDAQ,311.75,99,146.08,97,97,96,88,22.68,311585397.8014221,14499088.0,0.0336,-5.1,325850,259156,230898,0.314
49,ICHR,Technology,Semiconductor Equipment & Materials,NASDAQ,310.73,99,131.8,95,98,97,13,76.95,2586118006.570282,34750310.0,0.0512,2.12,1297900,899750,819002,0.047
50,ARTV,Healthcare,Biotechnology,NASDAQ,308.82,99,157.21,98,98,83,47,10.6,269164566.5657959,24716672.0,0.0147,-27.05,786840,498163,371630,
51,AGL,Healthcare,Medical Care Facilities,NYSE,308.58,99,365.89,99,14,5,2,59.61,904761707.1427689,16683786.0,0.0963,-21.82,805750,551127,401540,-0.073
52,SLGL,Healthcare,Biotechnology,NASDAQ,307.44,99,92.87,42,99,99,99,69.98,229959905.04075623,3245271.0,0.0182,-28.57,19740,47480,42688,1.504
53,ALTO,Basic Materials,Specialty Chemicals,NASDAQ,306.17,99,105.0,81,99,95,95,4.9,345612373.93606853,77491563.0,0.0249,-18.33,2410810,1728953,2261632,-0.008
54,TRT,Technology,Semiconductor Equipment & Materials,NYSE ARCA,299.38,99,157.11,98,92,95,79,12.8,123491619.76587486,10015541.0,0.0043,-32.98,849480,1724553,1061180,0.816
55,TSEM,Technology,Semiconductors,NASDAQ,297.82,99,121.88,93,99,97,96,228.88,25025116796.796295,118591206.0,0.0398,-1.63,2172770,2617046,3010768,0.137
56,AP,Industrials,Metal Fabrication,NYSE,297.59,99,128.64,95,98,99,52,11.86,247981941.92304897,20326389.0,0.0347,-3.5,156740,146506,221172,0.078
57,CAPR,Healthcare,Biotechnology,NASDAQ,297.16,99,97.2,65,99,99,7,31.9,1757182250.2186546,57840102.0,0.1917,-20.98,1262320,1094216,1330188,
58,TROO,Financial Services,Credit Services,NASDAQ,295.49,99,133.3,96,93,99,85,4.08,505743070.9298582,122160166.0,0.028299998,-22.73,483160,266633,230672,0.27
59,ALMS,Healthcare,Biotechnology,NASDAQ,294.85,99,94.16,52,99,99,42,23.66,3009536199.370922,127199333.0,0.1752,-22.68,930940,1368626,1394694,
60,XWIN,Consumer Cyclical,"Furnishings, Fixtures & Appliances",NASDAQ,294.6,98,110.42,86,99,99,99,8.45,530443408.54494476,63602326.0,0.0499,0.12,1435520,1071590,1106738,-0.118
61,ANAB,Healthcare,Biotechnology,NASDAQ,294.37,98,137.21,96,97,98,93,67.92,2017565588.945343,29100902.0,0.2042,-6.14,669520,845993,901325,1.511
62,RYDE,Technology,Software - Application,NYSE ARCA,292.62,98,150.59,98,99,21,92,1.01,171132750.42645884,166148306.0,0.018,-34.84,407920,1194613,3192538,0.477
63,CVGI,Consumer Cyclical,Auto Parts,NASDAQ,290.22,98,154.61,98,98,49,23,5.21,171768608.78801346,33680120.0,0.0113,-5.27,666040,558126,1579652,0.01
64,NKTR,Healthcare,Biotechnology,NASDAQ,289.08,98,101.35,75,99,99,99,78.72,2763144397.235428,33742147.0,0.137,-27.78,864530,1126450,1024138,0.038
65,FORM,Technology,Semiconductor Equipment & Materials,NASDAQ,288.57,98,124.46,93,98,97,90,151.4,11527171755.001465,77954772.0,0.053400002,-4.83,2495640,1940170,1726074,0.32
66,WULF,Financial Services,Capital Markets,NASDAQ,288.44,98,121.56,92,99,97,94,23.37,11522728981.159546,492634856.0,0.285,-9.28,31915110,33276573,31650084,-0.011
67,SITM,Technology,Semiconductors,NASDAQ,283.56,98,196.21,99,95,94,87,901.48,21990669921.357666,26396828.0,0.0687,6.68,517770,422650,479308,0.883
68,LASR,Technology,Semiconductors,NASDAQ,281.58,98,129.3,95,99,98,96,84.95,4169001591.2566223,56406459.0,0.061,-2.3,1473850,1385243,1751626,0.552
69,ELVR,Basic Materials,Other Industrial Metals & Mining,NASDAQ,281.34,98,134.34,96,95,96,89,97.81,1775720062.8684235,18121442.0,3.36,-2.17,92010,98760,86270,0.076
70,MTC,Technology,Software - Application,NASDAQ,279.49,98,97.6,66,99,98,95,6.37,692135267.4551325,99587811.0,0.0088,-29.96,92120,109683,82210,-1.0
71,ALM,Basic Materials,Other Industrial Metals & Mining,NASDAQ,278.03,98,111.66,87,99,98,97,20.92,5584039674.91114,283741849.0,0.85,-14.3,4400690,4973116,5884734,0.388
72,QUIK,Technology,Semiconductors,NASDAQ,277.03,98,188.03,99,93,54,41,20.69,352459441.3343048,17720435.0,0.0713,3.97,760480,490223,381966,-0.342
73,IRD,Healthcare,Biotechnology,NASDAQ,273.38,98,103.98,79,99,98,94,5.12,356298318.9372711,71402472.0,0.026800001,-11.88,1025270,790770,887074,-0.102
74,VSAT,Technology,Communication Equipment,NASDAQ,272.95,98,131.65,95,98,98,98,73.07,9509556674.177177,135831401.0,0.093100004,3.87,1553000,1546140,1606032,0.03
75,TTMI,Technology,Electronic Components,NASDAQ,272.12,98,134.79,96,98,97,97,162.99,16336652527.749817,103850059.0,0.051999997,-9.45,2900920,2138816,2022274,0.304
76,IPSC,Healthcare,Biotechnology,NASDAQ,271.25,98,100.17,73,98,98,15,2.29,413011104.2500334,180354197.0,0.0614,-24.67,598970,1010056,1281570,-1.0
77,AFJKU,Financial Services,Shell Companies,NASDAQ,271.18,98,113.91,89,97,99,71,54.82,,,11.01,-31.47,10,86,86,
78,ROMA,Industrials,Consulting Services,NASDAQ,270.51,98,163.0,98,98,80,97,7.11,410399886.2372718,59564571.0,0.017,-39.59,49070,178670,409866,0.176
79,DGXX,Utilities,Utilities - Independent Power Producers,NASDAQ,268.99,98,272.88,99,72,27,91,7.43,482862994.52473354,72830013.0,0.0596,9.26,23122040,9229946,6323512,0.535
80,OPTX,Technology,Electronic Components,NASDAQ,268.96,98,86.88,20,99,99,82,7.58,305356383.80091476,41715352.0,0.2633,-37.87,1145650,1239250,1000238,0.025
81,SIMO,Technology,Semiconductors,NASDAQ,267.25,98,187.2,99,92,95,87,262.05,8598687753.4758,33907835.0,0.58,2.83,1762240,971216,781872,1.055
82,OSS,Technology,Computer Hardware,NASDAQ,266.78,98,168.86,99,94,96,91,15.92,388378194.1189041,24769017.0,0.0618,-6.08,3277790,1960530,1856988,
83,APLD,Technology,Information Technology Services,NASDAQ,265.67,98,143.68,97,96,99,98,44.59,11787993483.75,285769539.0,0.3041,0.77,23975130,25734826,21725874,1.393
84,POWL,Industrials,Electrical Equipment & Parts,NASDAQ,265.22,98,139.81,97,98,97,88,322.05,11271588417.776733,36431649.0,0.1337,-1.19,847310,683880,683604,0.065
85,LAR,Basic Materials,Other Industrial Metals & Mining,NYSE,264.9,98,137.29,96,97,97,92,11.79,1896912688.2826538,162406904.0,0.033,-1.67,3524720,3552130,3412944,
86,SATL,Industrials,Aerospace & Defense,NASDAQ,264.51,98,154.79,98,96,64,10,8.7,1084353296.879376,143243497.0,0.11229999,4.19,7918160,11045626,10367148,0.938
87,WATT,Technology,Communication Equipment,NASDAQ,263.63,98,139.11,97,97,72,15,25.69,151830334.49850273,5501099.0,0.108100004,-30.53,536490,508186,521700,6.103
88,IMMX,Healthcare,Biotechnology,NASDAQ,263.05,98,110.46,86,99,98,96,9.92,530511413.25,54411427.0,0.0728,-14.56,757520,718170,770016,
89,TLYS,Consumer Cyclical,Apparel Retail,NYSE,261.19,98,121.47,92,99,54,19,3.91,128661126.00327492,30488420.0,0.0582,-29.42,174860,381373,1724130,0.053
90,NBIS,Communication Services,Internet Content & Information,NASDAQ,260.27,98,148.16,97,98,91,96,186.1,44952676022.5358,253898194.0,0.1989,-5.96,16157600,16354720,16883554,5.469
91,ARWR,Healthcare,Biotechnology,NASDAQ,259.85,98,111.55,87,98,98,96,77.74,10238897200.379211,140857021.0,0.119799994,-2.19,1716540,1801270,2138182,-0.864
92,PTNM,Consumer Defensive,Household & Personal Products,NASDAQ,259.73,98,92.66,41,83,99,99,10.39,239099882.90071487,23012500.0,0.1353,-29.75,0,0,0,-0.239
93,DNTH,Healthcare,Biotechnology,NASDAQ,259.04,98,108.62,85,99,95,94,87.12,4740109013.381569,54666233.0,0.1389,-9.72,487440,656506,1029710,-0.602
94,AIP,Technology,Semiconductors,NASDAQ,259.04,98,160.46,98,94,87,91,33.13,1468510837.6127014,46092618.0,0.033099998,3.18,859850,669190,588968,0.3
95,NEWP,Basic Materials,Silver,NYSE ARCA,258.0,98,122.87,93,97,97,94,5.97,1051416669.8042316,184136018.0,0.0191,-5.39,1030420,875603,941360,
96,IRWD,Healthcare,Drug Manufacturers - Specialty & Generic,NASDAQ,257.95,98,98.73,69,97,99,98,4.17,694668538.782733,164613406.0,0.120799996,-27.85,2759800,2125270,2513734,1.589
97,ENLT,Utilities,Utilities - Renewable,NASDAQ,257.84,98,117.24,91,98,98,95,93.77,12611354606.005058,139336585.0,0.0021,-0.09,189890,153406,170268,0.426
98,RILYL,Financial Services,Financial Conglomerates,NASDAQ,256.11,98,121.22,92,97,97,65,15.44,,,0.24,-6.31,18630,14160,13446,1.134
99,BUUU,Industrials,Specialty Business Services,NASDAQ,255.34,98,125.03,94,97,98,95,17.6,285142506.3610077,16675000.0,0.0011999999,-29.03,39430,15820,16424,0.199
100,UCTT,Technology,Semiconductor Equipment & Materials,NASDAQ,253.23,98,118.53,91,98,95,32,85.45,3904549390.7973633,44828352.0,0.0788,-2.54,1355350,1065433,1140050,0.029
101,COHR,Technology,Scientific & Technical Instruments,NYSE,252.36,98,131.99,95,98,96,91,379.69,65590040669.000244,195639321.0,0.060900003,4.08,7633250,6346033,7825884,0.205
102,CIFR,Technology,Information Technology Services,NASDAQ,250.84,98,117.96,91,98,98,98,20.28,8405960686.270229,409049197.0,0.16780001,-20.53,27663920,26493613,25527440,-0.288
103,STRL,Industrials,Engineering & Construction,NASDAQ,249.82,98,184.05,99,95,94,94,868.18,25923493564.6156,30685954.0,0.084300004,-2.34,855510,600500,544344,0.916
104,IREN,Financial Services,Capital Markets,NASDAQ,249.77,98,125.85,94,98,97,99,55.15,20303661885.512165,331759177.0,0.1846,-28.26,57783560,42601346,38712738,-0.0
105,COGT,Healthcare,Biotechnology,NASDAQ,249.06,98,86.67,20,99,99,99,34.1,5935954745.756271,170868004.0,0.0709,-22.02,1508320,2045550,2070462,
106,ARMP,Healthcare,Biotechnology,NYSE ARCA,248.27,98,86.6,20,99,99,98,8.82,304569793.4990454,36695155.0,0.0221,-46.02,83990,69196,54534,-0.121
107,NRXS,Healthcare,Biotechnology,NYSE ARCA,246.45,98,116.84,91,97,95,39,8.15,94344450.0055151,11505421.0,0.03,-12.65,212240,181320,200474,0.272
108,NRGV,Utilities,Utilities - Renewable,NYSE,244.94,98,126.52,94,96,93,97,5.04,788884297.6174183,174146636.0,0.1249,-20.63,4990500,3985376,4075172,1.564
109,FCEL,Industrials,Electrical Equipment & Parts,NASDAQ,244.56,98,189.91,99,63,76,88,15.94,725796754.095274,52977866.0,0.0739,11.47,10358730,6241940,4284258,0.607
110,SATS,Communication Services,Telecom Services,NASDAQ,244.06,98,99.77,72,98,98,98,129.14,36849041232.46136,289807635.0,0.3065,-6.04,4166870,5524306,6460638,-0.043
111,AMPX,Industrials,Electrical Equipment & Parts,NYSE,241.96,98,101.72,76,99,95,99,17.68,2365173847.0529556,141627170.0,0.1554,-22.46,9979480,8897070,9630712,1.529
112,RKLB,Industrials,Aerospace & Defense,NASDAQ,241.12,98,154.23,98,89,94,92,117.35,61040867621.78314,578750990.0,0.054899998,11.11,27670600,25625946,24297356,0.635
113,WOLF,Technology,Semiconductors,NYSE,238.77,98,232.74,99,62,21,20,50.31,2252580596.8410873,48338641.0,6.51,-1.33,7854460,4926016,3595240,-0.19
114,RILYP,Financial Services,Financial Conglomerates,NASDAQ,238.31,98,122.47,93,97,97,69,14.8,,,0.19,-5.67,27260,18943,21274,1.134
115,NGL,Energy,Oil & Gas Midstream,NYSE,238.15,98,115.43,90,97,97,96,16.76,2021887329.9237194,123814289.0,0.0438,0.42,262540,230166,244424,0.068
116,GLW,Technology,Electronic Components,NYSE,236.16,98,132.12,95,98,96,90,207.39,160887637106.66656,860637825.0,0.0207,4.61,17117910,12528093,12960342,0.2
117,LUNR,Industrials,Aerospace & Defense,NASDAQ,236.01,98,142.51,97,95,88,27,32.42,4634094974.362907,159961860.0,0.2394,4.08,10760880,14781010,13748434,-0.181
118,ELA,Consumer Cyclical,Luxury Goods,NYSE ARCA,235.22,98,138.6,97,96,91,92,24.27,639220800.9094162,25963476.0,0.02,-3.27,142400,93386,135382,1.039
119,TORO,Energy,Oil & Gas Midstream,NASDAQ,235.05,97,120.07,92,91,95,91,5.2,154935693.1481409,28852085.0,0.0023,-38.82,260300,935580,579574,0.168
120,GLUE,Healthcare,Biotechnology,NASDAQ,234.96,97,104.25,80,96,98,98,20.26,1636178038.9669647,84382573.0,0.2441,-21.38,732060,914890,1041336,-0.95
121,FLEX,Technology,Electronic Components,NASDAQ,234.71,97,182.22,99,90,76,86,145.07,52272201101.84894,367673924.0,0.028199999,1.74,7840500,4910543,4321276,0.169
122,IBRX,Healthcare,Biotechnology,NASDAQ,234.54,97,109.25,85,98,98,16,8.11,8912982583.990301,1047353977.0,0.36130002,-34.75,12487300,14647780,19990128,1.676
123,KORE,Communication Services,Telecom Services,NYSE,233.82,97,108.87,85,98,93,96,9.16,160928829.9407673,17587851.0,0.0274,-0.65,25080,41270,77830,0.007
124,SVCO,Technology,Software - Application,NASDAQ,233.58,97,153.47,98,89,19,20,11.13,375507428.629858,32681239.0,0.1079,-13.08,438840,356160,623824,0.26
125,AMD,Technology,Semiconductors,NASDAQ,232.87,97,170.23,99,90,78,94,458.79,742233108847.3687,1630600639.0,0.022,0.55,50707860,43345356,39356684,0.378
126,ATOM,Technology,Semiconductor Equipment & Materials,NASDAQ,232.85,97,175.37,99,92,17,5,8.28,325601554.0924072,38716000.0,0.1322,-27.87,3690950,2887876,2186546,1.75
127,NAUT,Healthcare,Biotechnology,NASDAQ,232.4,97,104.77,80,98,94,95,3.02,340571339.8834288,127078855.0,0.0128,-29.93,350670,325970,341850,
128,HIMX,Technology,Semiconductors,NASDAQ,232.2,97,209.87,99,70,39,48,20.65,3103037169.7516937,174425914.0,0.077,6.99,6983750,4185400,4515264,-0.075
129,EQ,Healthcare,Biotechnology,NASDAQ,231.45,97,116.46,90,97,97,87,2.25,133408026.52727032,63226556.0,0.0507,-16.67,174570,335860,450880,
130,LONA,Healthcare,Biotechnology,NASDAQ,230.71,97,119.69,92,97,73,70,10.01,94310880.20166588,9393514.0,0.014199999,-29.56,31290,37953,61860,
131,RLAY,Healthcare,Biotechnology,NASDAQ,230.0,97,104.11,79,99,97,93,12.85,2444639509.250593,191586165.0,0.1683,-25.81,3284130,3440683,3133356,-0.609
132,SGML,Basic Materials,Other Industrial Metals & Mining,NASDAQ,228.91,97,122.15,93,96,95,19,20.3,2418558572.0975266,111402979.0,0.08939999,-17.08,3174460,4483236,3708638,-0.643
133,CHRN,Technology,Information Technology Services,NASDAQ,228.15,97,129.27,95,93,93,37,14.43,2227963898.5013657,143093381.0,,-12.07,286830,138013,114972,
134,RVMD,Healthcare,Biotechnology,NASDAQ,227.68,97,113.13,88,98,96,92,144.15,30148303757.18567,212596462.0,0.0712,-7.42,2932950,3768796,3011538,
135,AGCC,Consumer Defensive,Beverages - Wineries & Distilleries,NASDAQ,227.23,97,114.79,90,95,95,67,18.8,419043721.0922241,22786500.0,0.0227,-26.92,59760,154363,188236,2.741
136,ZNTL,Healthcare,Biotechnology,NASDAQ,226.3,97,119.5,92,98,91,16,4.14,313931783.8178253,71186348.0,0.092,-40.43,780320,3270823,2217894,
137,BIOA,Healthcare,Drug Manufacturers - Specialty & Generic,NASDAQ,225.82,97,97.3,65,98,99,91,18.16,798716717.6681461,44397817.0,0.044699997,-24.33,351220,413043,487172,
138,FIX,Industrials,Engineering & Construction,NYSE,225.48,97,126.25,94,98,96,94,2032.98,68728156372.99316,35202424.0,0.025,0.74,404280,401523,417700,0.01
139,POET,Technology,Semiconductors,NASDAQ,225.47,97,194.26,99,71,67,40,13.9,1672187424.7226534,152711183.0,0.081599995,-10.32,59145380,42272296,29582814,10.753
140,AFJK,Financial Services,Shell Companies,NASDAQ,225.26,97,103.41,78,97,99,63,43.0,135107380.64227295,3166332.0,0.0026,-67.02,4860,32090,21554,
141,ASX,Technology,Semiconductors,NYSE,225.02,97,128.53,94,97,96,90,35.3,75098763353.16132,2193945789.0,0.0034999999,2.92,8115860,7397670,7351842,0.172
142,AGX,Industrials,Engineering & Construction,NYSE,224.91,97,120.14,92,98,94,96,683.52,9496746057.232666,13960465.0,0.066199996,-7.92,284660,341150,458142,0.127
143,LGN,Industrials,Engineering & Construction,NASDAQ,223.95,97,140.72,97,94,88,84,98.14,16406672086.411346,164247394.0,0.0596,-4.38,1596050,2214610,1704532,0.346
144,PVLA,Healthcare,Biotechnology,NASDAQ,223.94,97,101.84,76,99,98,99,122.09,1739643561.8912659,14342844.0,0.15640001,-19.24,252080,248013,259678,
145,SLS,Healthcare,Biotechnology,NASDAQ,223.89,97,110.45,86,97,97,39,5.25,924508237.9761543,184532574.0,0.3083,-14.5,3745680,4668826,6115710,
146,DSGN,Healthcare,Biotechnology,NASDAQ,222.96,97,124.76,94,97,96,91,15.61,888138186.9578114,62456974.0,0.0475,-9.51,780270,493756,411474,
147,CRML,Basic Materials,Other Industrial Metals & Mining,NASDAQ,222.8,97,116.6,91,96,98,98,12.09,1838507953.0492659,146728491.0,0.41459998,-62.4,18489460,16942146,12917108,0.578
148,SIDU,Industrials,Aerospace & Defense,NASDAQ,222.46,97,120.54,92,98,92,10,3.74,275749159.0806861,80864854.0,0.1568,-37.56,15285580,27169110,19245356,-0.29
149,LPTH,Technology,Electronic Components,NASDAQ,221.96,97,100.99,74,99,98,98,12.82,664226033.738451,57708603.0,0.0714,-22.44,3306260,2928970,2553340,1.089
150,CYPH,Financial Services,Asset Management,NASDAQ,221.49,97,130.82,95,94,66,99,1.1,116237691.90922165,97678728.0,0.13,-70.27,5170100,3291393,2850680,
151,KZIA,Healthcare,Biotechnology,NASDAQ,221.11,97,156.77,98,86,30,49,14.1,165004416.76508236,11426899.0,0.0163,-18.97,236800,271046,212384,3.124
152,AMKR,Technology,Semiconductor Equipment & Materials,NASDAQ,220.94,97,124.43,93,97,96,88,76.69,18989513755.26938,247872518.0,0.1425,-3.21,6332930,4590440,4238682,0.275
153,TER,Technology,Semiconductor Equipment & Materials,NASDAQ,220.66,97,100.98,74,98,98,93,366.64,56319171902.91644,156542162.0,0.036199998,-13.14,5179410,3611730,3517904,0.87
154,SNSE,Healthcare,Biotechnology,NASDAQ,219.66,97,97.98,67,99,55,41,20.73,31382675.48839569,1341140.0,0.90779996,-43.61,35350,39093,68622,
155,SILC,Technology,Communication Equipment,NASDAQ,219.18,97,170.79,99,88,76,42,43.18,256034585.4451828,5706142.0,0.0017,-11.73,188750,104490,85266,0.328
156,AKAN,Healthcare,Drug Manufacturers - Specialty & Generic,NASDAQ,218.76,97,471.26,99,1,0,1,24.79,14429286.0,534418.0,0.04,-88.15,5174220,4476301,2720445,
157,CURR,Technology,Software - Application,NASDAQ,218.72,97,150.26,98,96,59,96,4.49,501900002.392323,112281885.0,5.29,-4.97,303920,231980,184594,-0.218
158,KEEL,Technology,Information Technology Services,NASDAQ,218.54,97,168.58,99,86,78,95,4.3,2393319031.1377096,602851137.0,0.1173,-34.85,35053640,33533706,33112542,0.397
159,TH,Industrials,Specialty Business Services,NASDAQ,218.27,97,151.55,98,94,38,15,18.08,1526263607.154131,99560575.0,0.079,12.16,1551810,1746010,1256440,0.073
160,IFRX,Healthcare,Biotechnology,NASDAQ,218.17,97,209.29,99,53,12,64,2.5,186515570.70449257,72292859.0,0.0301,-15.23,5105730,2479290,1622620,
161,IMOS,Technology,Semiconductors,NASDAQ,216.88,97,135.59,96,95,93,94,57.17,2095642520.5368576,34770906.0,0.0014,-6.69,108240,84136,70752,0.208
162,KYTX,Healthcare,Biotechnology,NASDAQ,216.46,97,113.93,89,97,96,97,10.34,565958262.6404743,60530293.0,0.082399994,-24.36,750560,1089706,921514,
163,TE,Industrials,Electrical Equipment & Parts,NYSE,215.91,97,102.41,77,97,99,96,6.04,1719080951.8170547,279071590.0,0.1849,-38.24,12571200,17457463,15376794,120.874
164,NESR,Energy,Oil & Gas Equipment & Services,NASDAQ,215.35,97,103.5,78,97,97,94,25.43,2328410830.8510056,100797004.0,0.0428,-5.29,1863750,1872770,2192496,0.159
165,JBIO,Healthcare,Biotechnology,NASDAQ,215.13,97,126.24,94,84,88,35,24.86,1273978347.3889828,49359875.0,0.081199996,-11.21,594130,715780,615676,
166,TYGO,Technology,Solar,NASDAQ,214.35,97,97.84,67,98,98,93,4.29,324139088.9321165,75910794.0,0.0068,-19.47,980240,621323,557460,0.337
167,MAMK,Industrials,Conglomerates,NASDAQ,214.27,97,92.66,41,98,98,99,13.0,216125000.0,16625000.0,0.0291,-9.09,0,0,0,0.437
168,MOVE,Technology,Software - Infrastructure,NASDAQ,214.03,97,98.23,68,98,64,62,14.03,930966001.5211344,66735915.0,0.14,-45.36,48660,92514,78781,
169,GSIT,Technology,Semiconductors,NASDAQ,213.75,97,176.67,99,82,83,97,11.72,305773408.4480295,36186203.0,0.075100005,-35.43,2340610,1289033,1234620,0.074
170,VRT,Industrials,Electrical Equipment & Parts,NYSE,213.72,97,130.71,95,97,93,88,367.92,130585474644.40283,384108816.0,0.035,2.25,5620360,5531766,7953366,0.301
171,ROLR,Consumer Cyclical,Gambling,NYSE ARCA,213.12,97,132.14,95,92,88,16,7.65,77864201.73856068,10890098.0,0.2922,-77.29,551650,3927496,2414128,
172,SVM,Basic Materials,Silver,NYSE ARCA,212.92,97,121.93,93,95,97,94,14.75,2981383821.0,220843246.0,0.12149999,2.75,3957440,3636936,4319164,0.508
173,SSL,Basic Materials,Specialty Chemicals,NYSE,212.72,97,110.2,86,98,87,87,13.32,8262488383.0401325,637537682.0,0.0077,-7.31,1662260,2321996,2700696,0.002
174,TOYO,Technology,Solar,NASDAQ,211.58,97,129.51,95,98,94,95,13.46,424788716.25,37758997.0,0.012200001,-6.07,222180,259373,177066,6.415
175,FLNC,Utilities,Utilities - Renewable,NASDAQ,211.21,97,170.56,99,87,95,97,25.23,3208725578.134575,132811490.0,0.37330002,-24.71,15571140,8148676,6433440,0.077
176,GVH,Industrials,Integrated Freight & Logistics,NASDAQ,211.12,97,236.38,99,29,0,3,4.79,9993398.768294334,2286819.0,0.049099997,-98.68,171850,527676,958754,0.207
177,OPEN,Real Estate,Real Estate Services,NASDAQ,211.12,97,92.87,42,97,97,99,4.85,4833330747.130692,964736632.0,0.1447,-55.38,37904070,35423970,37131998,-0.376
178,NOK,Technology,Communication Equipment,NYSE,210.99,96,139.37,97,94,80,90,13.92,71568086368.56577,5582534171.0,0.012200001,-0.43,128755930,103773476,86944004,0.024
179,KOPN,Technology,Electronic Components,NASDAQ,210.74,96,167.13,99,89,59,95,4.97,963107475.7157593,178023568.0,0.096499994,-8.81,15985730,8442786,5983984,-0.429
180,FIEE,Technology,Communication Equipment,NASDAQ,209.93,96,95.44,59,99,99,94,6.9,54302458.8011446,8328598.0,0.0056,-13.21,7990,12256,14872,16974.912
181,BKSY,Industrials,Specialty Business Services,NYSE,209.85,96,139.86,97,95,82,60,41.38,1463951104.01194,37109026.0,0.19620001,-3.2,2246880,2261096,1969028,-0.297
182,RFIL,Industrials,Electrical Equipment & Parts,NASDAQ,209.35,96,129.68,95,95,95,82,16.95,165241996.87227917,10814267.0,0.014099999,7.28,176880,202930,257344,-0.012
183,GSAT,Communication Services,Telecom Services,NASDAQ,209.0,96,109.0,85,96,95,98,82.25,10572282874.150848,128788931.0,0.0691,-0.72,1275300,1954246,1485206,0.167
184,IHRT,Communication Services,Broadcasting,NASDAQ,208.24,96,130.05,95,91,90,96,5.49,858216455.7429185,151094451.0,0.0541,-16.31,1749070,1139693,1096654,0.008
185,TSAT,Technology,Communication Equipment,NASDAQ,208.09,96,133.6,96,91,72,88,54.91,831712689.6221924,15218896.0,0.0793,-1.4,204550,215836,202550,-0.254
186,RDNW,Consumer Cyclical,Auto & Truck Dealerships,NASDAQ,207.82,96,110.87,87,93,91,93,7.91,310709663.2160492,38549584.0,0.0696,-3.77,67290,58443,59520,-0.047
187,PHOE,Industrials,Engineering & Construction,NASDAQ,207.78,96,128.51,94,94,96,99,20.34,519695988.46435547,21600000.0,0.00059999997,-84.72,212190,73423,50772,-0.073
188,NCEW,Industrials,Integrated Freight & Logistics,NASDAQ,207.28,96,118.31,91,95,81,3,15.2,52000000.0,3200000.0,0.0162,-9.35,2440,4540,4448,-0.156
189,MKSI,Technology,Scientific & Technical Instruments,NASDAQ,207.02,96,117.55,91,97,96,88,319.71,21155496066.930695,67544129.0,0.059699997,-2.18,1584370,1204236,1219864,0.152
190,DRTS,Healthcare,Biotechnology,NASDAQ,207.0,96,132.87,96,95,96,83,10.34,748962882.0138302,88009737.0,0.012999999,13.99,1106330,549146,428908,
191,KLIC,Technology,Semiconductor Equipment & Materials,NASDAQ,206.67,96,128.53,94,95,95,43,104.28,5372493344.4687195,52332877.0,0.0279,-2.55,1007540,748236,684812,0.498
192,ACRS,Healthcare,Biotechnology,NASDAQ,205.17,96,118.41,91,97,94,87,4.95,688541918.4251404,139663680.0,0.0579,0.2,1314690,1381680,1966810,0.372
193,EFXT,Energy,Oil & Gas Equipment & Services,NYSE,204.79,96,112.4,88,97,94,91,26.69,3311676359.5773354,122066954.0,1.27,-8.44,628010,636476,693718,0.058
194,DXYZ,Financial Services,Asset Management,NYSE,204.27,96,225.83,99,40,41,12,71.24,1199906219.4668198,21976305.0,0.1383,29.53,4047870,2581280,2314298,
195,LICN,Industrials,Specialty Business Services,NASDAQ,204.18,96,180.95,99,79,99,99,8.02,113085357.88104534,16436825.0,0.0011,-3.14,40790,47870,46074,-0.561
196,BNR,Healthcare,Diagnostics & Research,NASDAQ,204.05,96,81.3,11,98,99,97,16.21,176756711.09386635,10546343.0,0.0068,-61.15,19320,26053,28942,0.002
197,MCTA,Healthcare,Medical Care Facilities,NASDAQ,203.82,96,92.66,41,98,98,99,29.35,504260182.13653564,17178000.0,0.1438,-7.41,0,0,0,-0.27
198,SMTC,Technology,Semiconductors,NASDAQ,203.32,96,145.55,97,93,93,90,136.53,11342277139.479675,93114501.0,0.0774,7.34,2517590,2528236,2570080,0.093
199,XWEL,Healthcare,Diagnostics & Research,NASDAQ,203.19,96,154.84,98,93,9,15,1.34,11652346.246786594,7926766.0,0.060700003,-39.09,121990,184280,493766,-0.042
200,SCZM,Basic Materials,Other Industrial Metals & Mining,NASDAQ,202.95,96,102.97,78,97,99,99,9.43,834382043.7762403,92401115.0,3.6,-46.56,509150,493306,546394,0.259
201,VECO,Technology,Semiconductor Equipment & Materials,NASDAQ,202.78,96,146.32,97,89,78,79,61.21,3626609566.944351,61033485.0,0.16059999,-6.45,2073720,1530653,1378470,-0.054
202,BWAY,Healthcare,Medical Devices,NASDAQ,202.14,96,110.91,87,95,94,86,16.73,687367059.4742775,40033026.0,0.0033000002,-3.07,120190,139860,163500,0.274
203,PDFS,Technology,Software - Application,NASDAQ,201.24,96,142.33,97,91,85,75,55.09,2061125919.3403244,39921090.0,0.0557,5.37,600060,500003,436720,0.246
204,INOD,Technology,Information Technology Services,NASDAQ,200.99,96,237.54,99,18,35,87,103.83,2772113320.688751,32655358.0,0.1689,10.63,4095430,2022983,1544346,0.223
205,ATEX,Communication Services,Telecom Services,NASDAQ,200.92,96,136.13,96,87,79,23,55.72,1047543118.5790558,18732889.0,0.1373,-0.68,324400,328016,313416,0.004
206,PDC,Technology,Software - Application,NASDAQ,200.73,96,133.26,96,82,91,97,7.6,24679111.76548004,3050570.0,0.0935,-27.62,94780,147716,98636,-0.449
207,MTSI,Technology,Semiconductors,NASDAQ,200.35,96,138.55,97,94,93,84,365.88,27457323519.65796,76295774.0,0.0462,0.52,1468940,1163110,1200522,0.225
208,SKYT,Technology,Semiconductors,NASDAQ,199.89,96,110.6,87,97,97,94,35.09,1657589206.5666504,49157448.0,0.081099994,-3.25,1241950,1220993,1136630,1.621
209,FSLY,Technology,Software - Application,NASDAQ,199.31,96,98.49,69,99,93,89,19.58,3209815035.8200073,156500000.0,0.1462,-43.77,14834590,13991710,13524460,0.198
210,ALXO,Healthcare,Biotechnology,NASDAQ,199.2,96,104.33,80,97,98,93,2.08,279884617.09389305,134559917.0,0.016900001,-21.8,758580,1081973,917452,
211,SPHR,Communication Services,Entertainment,NYSE,198.92,96,99.81,72,97,97,95,126.91,4772174491.527481,35792203.0,0.35939997,-14.83,816550,695116,846108,0.377
212,KF,Financial Services,Asset Management,NYSE,198.57,96,132.48,95,93,95,91,71.63,293912037.9090271,4158348.0,0.21,1.34,32440,27076,29274,0.08
213,SRZN,Healthcare,Biotechnology,NASDAQ,198.39,96,96.73,64,97,98,83,29.28,336236333.5303879,11610371.0,0.0694,-16.34,102180,123126,110276,4.086
214,NDLS,Consumer Cyclical,Restaurants,NASDAQ,198.09,96,145.55,97,78,13,24,12.05,74652261.27952766,5892049.0,0.0286,-13.62,87690,67820,97390,-0.0
215,AVTX,Healthcare,Biotechnology,NASDAQ,197.53,96,139.12,97,90,95,96,20.25,1126511503.8519363,52225847.0,0.2307,-16.56,4092170,1892870,1460666,-0.693
216,LRCX,Technology,Semiconductor Equipment & Materials,NASDAQ,197.51,96,115.88,90,97,96,93,296.05,367720977684.63135,1250539000.0,0.0233,-0.65,10032780,9447543,10085178,0.238
217,VSH,Technology,Semiconductors,NYSE,197.23,96,149.04,97,89,80,26,34.83,4662965122.651882,136105235.0,0.1103,-0.06,4047650,3184486,2624072,0.121
218,LINC,Consumer Defensive,Education & Training Services,NASDAQ,196.25,96,126.17,94,94,85,71,49.5,1426583728.5,31878966.0,0.0679,8.84,585500,447973,486622,0.197
219,TYRA,Healthcare,Biotechnology,NASDAQ,196.23,96,91.93,36,98,97,87,34.01,2041533315.6865463,59485237.0,0.2395,-16.33,796810,1017156,1141608,
220,NBR,Energy,Oil & Gas Drilling,NYSE,196.02,96,109.96,86,96,90,85,100.15,1441121559.1767654,14795909.0,0.0589,-5.34,383950,357916,359892,0.064
221,QTTB,Healthcare,Biotechnology,NASDAQ,195.06,96,92.44,39,96,94,33,5.18,91055946.6094923,16956415.0,0.0561,-35.61,213810,331083,326448,
222,STM,Technology,Semiconductors,NYSE,194.35,96,141.35,97,89,84,35,60.12,52589947044.66934,888794130.0,0.0173,1.21,11985380,11424776,10442638,0.23
223,VATE,Industrials,Engineering & Construction,NYSE,194.31,96,146.67,97,94,26,42,12.45,160019081.93524933,13641866.0,0.047199998,-7.5,55330,62816,44164,0.618
224,PUMP,Energy,Oil & Gas Equipment & Services,NYSE,193.86,96,106.35,82,96,90,93,16.65,1922634221.0997314,122616976.0,0.1007,-10.0,7621110,4177423,3769332,-0.247
225,MRVL,Technology,Semiconductors,NASDAQ,193.75,96,140.13,97,93,34,70,170.84,148771585491.66565,874458245.0,0.039,-2.82,20839360,27881053,26103938,0.221
226,OCC,Technology,Communication Equipment,NASDAQ,193.62,96,123.03,93,97,57,95,11.36,91647402.25244522,8863385.0,0.021300001,-18.57,276950,242376,224222,0.044
227,AUGO,Basic Materials,Gold,NASDAQ,193.26,96,92.31,39,98,97,88,81.06,6879933151.670883,83789223.0,0.088199995,-26.52,736690,908760,927430,0.875
228,COHU,Technology,Semiconductor Equipment & Materials,NASDAQ,193.18,96,130.77,95,94,90,65,51.28,2337066733.57032,47175347.0,0.1552,1.18,1635480,1258536,997544,0.293
229,PLUG,Industrials,Electrical Equipment & Parts,NASDAQ,193.12,96,129.06,95,87,69,92,3.52,4351855621.894881,1394825571.0,0.2784,-23.14,78130560,73355943,77430618,0.176
230,BELFA,Technology,Electronic Components,NASDAQ,192.42,96,117.67,91,96,96,86,270.76,3376224694.467407,12722707.0,0.0273,-0.71,40210,70543,71282,0.172
231,PLAB,Technology,Semiconductor Equipment & Materials,NASDAQ,192.34,96,119.28,92,95,93,42,54.96,3162957338.1697693,58966394.0,0.066599995,1.93,717460,823363,878628,0.061
232,TRX,Basic Materials,Gold,NYSE ARCA,192.05,96,89.32,27,99,99,95,1.28,410360405.5340462,325682864.0,0.0069,-54.29,3973470,4109173,4439550,2.741
233,INTT,Technology,Semiconductor Equipment & Materials,NYSE ARCA,191.85,96,115.91,90,96,86,65,17.55,216459141.0,12548356.0,0.0066000004,-12.25,428250,314666,260938,-0.103
234,ELVA,Industrials,Electrical Equipment & Parts,NASDAQ,191.46,96,122.01,93,93,97,90,11.21,521002222.2192688,49384096.0,0.48,-5.64,355020,375203,363600,0.775
235,PENG,Technology,Information Technology Services,NASDAQ,191.41,96,183.34,99,75,30,33,43.54,2324735720.0498695,52560157.0,0.2401,-2.68,3185930,2227276,1670424,-0.062
236,ALB,Basic Materials,Specialty Chemicals,NYSE,191.16,96,107.73,84,96,95,89,209.99,24002060675.39119,117934651.0,0.0004,-4.98,2189930,2108033,2082904,0.327
237,USAS,Basic Materials,Other Industrial Metals & Mining,NYSE ARCA,191.12,95,114.16,89,96,99,98,7.14,2160671323.445506,325893105.0,0.026500002,-32.0,5114490,5320913,5975210,0.549
238,BELFB,Technology,Electronic Components,NASDAQ,190.75,95,120.52,92,96,96,92,302.73,3791112371.6358337,12722707.0,0.05,-1.39,209570,198203,188430,0.172
239,LXRX,Healthcare,Biotechnology,NASDAQ,189.56,95,137.64,96,93,87,93,2.31,888392780.0,444196390.0,0.1102,15.5,3604880,2577823,2697384,-0.793
240,CRVS,Healthcare,Biotechnology,NASDAQ,189.32,95,93.65,49,98,99,93,15.81,1307606109.2389755,84090424.0,0.2288,-41.34,1191020,1208000,1266322,
241,DIOD,Technology,Semiconductors,NASDAQ,189.03,95,132.35,95,94,88,26,111.99,5118702983.194641,45944734.0,0.0546,-4.93,740160,629796,589564,0.221
242,MBX,Healthcare,Biotechnology,NASDAQ,188.97,95,121.09,92,97,98,95,40.08,1949833069.5028076,47597536.0,0.1117,-10.72,773370,562690,549756,
243,MYRG,Industrials,Engineering & Construction,NASDAQ,187.92,95,141.27,97,93,88,89,458.42,6817933594.868652,15571036.0,0.048800003,-3.57,416280,323170,306102,0.2
244,AGH,Consumer Cyclical,Leisure,NASDAQ,187.4,95,107.34,83,98,96,98,4.29,89930793.67898226,20254683.0,0.0734,-48.0,957360,713270,1304132,0.057
245,CNTA,Healthcare,Biotechnology,NASDAQ,187.1,95,113.48,89,97,80,94,39.59,6125719787.549767,154728966.0,0.026400002,-1.66,1255580,4015660,2997074,
246,ECG,Industrials,Engineering & Construction,NYSE,187.08,95,125.94,94,95,84,89,163.85,8332032043.819916,51041606.0,0.0458,-4.5,832550,624056,589524,0.254
247,CNTX,Healthcare,Biotechnology,NASDAQ,187.02,95,90.14,30,97,98,81,2.39,218672451.77473736,91879177.0,0.0108,-33.98,642490,819800,903212,
248,AG,Basic Materials,Silver,NYSE,187.02,95,106.46,83,94,98,95,23.58,10793188791.835876,493741468.0,1.04,-26.4,13145460,14244250,17247596,1.692
249,VISN,Technology,Communication Equipment,NASDAQ,186.77,95,117.99,91,97,96,97,12.01,2643676135.55359,225569631.0,0.044,-41.56,13877850,7958690,6768294,0.216
250,WBX,Technology,Electronic Components,NYSE,186.72,95,88.28,24,97,99,99,2.67,48172927.0,17517428.0,0.0159,-65.9,11440,18456,17930,-0.211
251,MKDW,Consumer Cyclical,Auto Parts,NASDAQ,186.7,95,142.52,97,81,4,7,7.25,30606642.019842148,4198442.0,0.0093,-57.68,7060,57586,211146,-0.613
252,FET,Energy,Oil & Gas Equipment & Services,NYSE,186.7,95,89.84,29,98,97,92,56.09,607153190.7106171,11304286.0,0.0468,-14.27,191310,168046,187254,0.08
253,ONTO,Technology,Semiconductor Equipment & Materials,NYSE,186.23,95,111.45,87,94,92,57,287.52,14160501885.833405,49743567.0,0.0301,-9.01,984000,900013,844864,0.095
254,LBRT,Energy,Oil & Gas Equipment & Services,NYSE,185.85,95,106.73,83,96,93,80,33.39,5403267883.364136,163191416.0,0.1159,-2.98,3923140,3763410,4378922,0.045
255,RAPP,Healthcare,Biotechnology,NASDAQ,185.44,95,113.7,89,96,93,94,38.43,1819336422.9468613,47826929.0,0.11310001,-9.08,369410,358980,359048,
256,LQDA,Healthcare,Drug Manufacturers - Specialty & Generic,NASDAQ,185.2,95,129.92,95,95,93,92,53.13,3760200100.4795494,88893621.0,0.1602,13.84,1531940,1250153,1293286,30.546
257,FOSL,Consumer Cyclical,Footwear & Accessories,NASDAQ,185.08,95,93.95,51,98,96,45,4.45,261709350.00882864,59076605.0,0.060700003,-22.61,517080,636316,755806,-0.18
258,OBE,Energy,Oil & Gas E&P,NYSE ARCA,184.8,95,116.71,91,92,81,77,12.89,839916711.5312576,67571737.0,7.56,-11.65,1383500,1348850,1189558,-0.392
259,ACLS,Technology,Semiconductor Equipment & Materials,NASDAQ,184.63,95,141.46,97,88,75,72,165.08,5010400952.484131,30733000.0,0.16459998,-3.81,882220,756196,761776,0.033
260,CENX,Basic Materials,Aluminum,NASDAQ,184.46,95,96.43,63,98,97,88,60.18,5830561093.667759,98974047.0,0.1388,-12.39,1377450,1756613,2033942,0.024
261,PTN,Healthcare,Biotechnology,NYSE ARCA,184.33,95,92.09,37,93,96,23,19.0,34504713.31312752,1772199.0,0.0896,-38.71,14540,15200,14918,
262,AXGN,Healthcare,Medical Devices,NASDAQ,184.3,95,104.63,80,94,95,93,40.79,2236659350.468628,53177824.0,0.081199996,-11.0,1101310,1158680,1054074,0.266
263,PARR,Energy,Oil & Gas Refining & Marketing,NYSE,184.26,95,103.33,78,97,92,96,64.5,3227787248.21537,50144277.0,0.11,-8.37,1425390,1421813,1560774,0.045
264,CSTM,Basic Materials,Aluminum,NYSE,184.17,95,114.84,90,97,94,82,34.2,4612777391.42437,136150450.0,0.0554,0.91,2637790,2378326,2375454,0.244
265,OMER,Healthcare,Biotechnology,NASDAQ,183.41,95,110.61,87,94,96,94,14.36,1019738511.1590099,72168330.0,0.24340001,-18.64,927440,1242256,1064066,
266,MTZ,Industrials,Engineering & Construction,NYSE,183.06,95,118.4,91,96,90,81,421.37,32736598240.447388,79018556.0,0.048699997,-4.54,1168830,882793,947770,0.345
267,CABA,Healthcare,Biotechnology,NASDAQ,183.0,95,127.51,94,94,88,72,3.82,632633227.1395683,163049796.0,0.20549999,-9.69,6985130,3610963,2914140,
268,TSHA,Healthcare,Biotechnology,NASDAQ,182.64,95,127.98,94,91,93,94,6.82,1956928529.7570705,287361020.0,0.1379,-6.58,2365210,2737070,2899408,
269,EFOI,Consumer Cyclical,"Furnishings, Fixtures & Appliances",NASDAQ,182.62,95,153.33,98,31,36,83,4.01,24772492.11079955,6303433.0,0.0197,-59.25,116810,5933423,3567550,-0.237
270,FEIM,Technology,Communication Equipment,NASDAQ,182.59,95,120.78,92,95,95,90,64.11,613939416.7723122,9841927.0,0.1278,0.52,184650,180000,191890,-0.108
271,MAAS,Financial Services,Asset Management,NASDAQ,182.39,95,122.78,93,85,86,13,9.53,3391653297.9096966,354775434.0,0.0007,-54.38,103460,385490,233546,
272,PRPO,Healthcare,Diagnostics & Research,NASDAQ,182.13,95,99.03,70,96,96,96,28.47,53205781.34679794,1784830.0,0.0055,-15.34,41880,34643,30694,0.229
273,FBRX,Healthcare,Biotechnology,NASDAQ,182.07,95,86.92,20,97,98,92,26.0,491901193.71445847,20478817.0,0.0478,-27.37,237670,357923,300710,
274,BLDP,Industrials,Electrical Equipment & Parts,NASDAQ,181.95,95,147.85,97,80,51,95,4.17,1245095290.871173,301475849.0,0.0688,-14.2,8926360,5324016,4828174,0.262
275,FATE,Healthcare,Biotechnology,NASDAQ,181.85,95,165.8,98,67,64,15,2.18,277913258.46843505,116281693.0,0.100200005,-11.74,4341920,2274866,1964742,-0.264
276,TWN,Financial Services,Asset Management,NYSE,181.73,95,121.26,92,93,90,85,96.65,589871711.4745331,6103805.0,0.16860001,-3.13,26130,31240,31320,
277,IRDM,Communication Services,Telecom Services,NASDAQ,181.23,95,134.95,96,91,55,11,43.15,4383472169.443359,105727744.0,0.060100004,-2.73,1912200,2571370,2379240,0.019
278,KALV,Healthcare,Biotechnology,NASDAQ,181.22,95,136.65,96,86,79,78,26.71,1421180294.9016266,53167988.0,0.43080002,-0.5,11256920,4519886,3180816,
279,BODI,Communication Services,Internet Content & Information,NASDAQ,180.75,95,94.23,53,94,92,77,12.58,98470620.38600254,7235167.0,0.048499998,-25.43,83230,83923,78760,-0.357
280,SHIP,Industrials,Marine Shipping,NASDAQ,180.21,95,114.78,90,96,91,84,16.38,359908782.0052185,21668198.0,0.0153,-2.56,287550,226450,258558,0.186
281,UUUU,Energy,Uranium,NYSE ARCA,180.2,95,104.35,80,96,98,98,22.04,5342156250.303268,249867000.0,0.15020001,-21.0,11499920,10562093,10615018,1.121
282,ADEA,Technology,Software - Application,NASDAQ,179.8,95,117.42,91,92,82,40,31.86,3256974483.7027073,110293749.0,0.0765,-7.22,2642685,1659621,1456371,0.195
283,ON,Technology,Semiconductors,NASDAQ,179.53,95,135.78,96,86,87,33,107.24,40444408115.206375,391903191.0,0.1046,1.27,14515090,11474443,9788248,0.047
284,CRDO,Technology,Semiconductors,NASDAQ,179.49,95,149.23,98,88,77,96,210.22,34769736840.33447,184449940.0,0.0563,-1.67,5407520,6851680,7395300,2.015
285,BORR,Energy,Oil & Gas Drilling,NYSE,179.16,95,97.12,65,97,96,84,6.16,1802976259.357655,308201075.0,0.080299996,-2.69,7028380,7406770,7877164,-0.014
286,LIXT,Healthcare,Biotechnology,NASDAQ,179.13,95,151.56,98,67,74,97,5.15,59948589.26724243,11617944.0,0.0029,-17.73,76230,51690,47124,
287,ARIS,Basic Materials,Gold,NYSE,178.9,95,100.79,74,97,98,96,20.18,4066080157.470703,206400000.0,2.03,-13.35,1277810,1293916,1857232,1.365
288,CUE,Healthcare,Biotechnology,NASDAQ,178.85,95,277.21,99,32,6,12,31.32,113937565.0,3255359.0,0.0775,-24.38,2556190,1464866,912307,12.923
289,WTI,Energy,Oil & Gas E&P,NYSE,178.82,95,109.15,85,95,84,73,3.89,551965265.2554188,148777698.0,0.2527,-13.36,6733560,8924576,9905064,0.155
290,ASRT,Healthcare,Drug Manufacturers - Specialty & Generic,NASDAQ,178.78,95,127.08,94,93,49,48,22.36,144973867.5,6443283.0,0.045100003,-0.84,558270,359190,265736,-0.579
291,SEI,Energy,Oil & Gas Equipment & Services,NYSE,178.32,95,111.92,88,94,92,95,74.66,4261034527.0110626,58402338.0,0.2281,-8.1,2694160,2381910,2527646,0.553
292,ABSI,Healthcare,Biotechnology,NASDAQ,178.18,95,158.58,98,42,18,34,5.78,919839845.2682648,155905056.0,0.28100002,-7.3,5922640,4967330,4726494,-0.023
293,GFS,Technology,Semiconductors,NASDAQ,177.68,95,141.81,97,81,82,28,74.99,40648628039.07074,548416440.0,0.2859,-1.81,5533550,4243080,4317218,0.031
294,HSHP,Industrials,Marine Shipping,NYSE,177.67,95,114.14,89,96,93,84,15.93,762792789.2494202,46970000.0,0.0293,-2.6,343760,295530,325924,0.422
295,SHIM,Industrials,Engineering & Construction,NASDAQ,177.17,94,100.09,72,91,95,71,4.68,209093353.58862305,36300928.0,0.0027,-30.8,254880,219036,187268,-0.03
296,GPRE,Basic Materials,Chemicals,NASDAQ,177.09,94,98.87,70,96,95,85,17.15,1273848902.4601479,70030174.0,0.2167,-9.45,1786550,1533793,1605432,-0.259
297,RIOT,Financial Services,Capital Markets,NASDAQ,177.04,94,155.07,98,83,70,81,25.34,9105881589.54935,378151230.0,0.1423,3.56,23476380,19932893,18954786,0.036
298,CGON,Healthcare,Biotechnology,NASDAQ,176.99,94,102.45,77,96,93,90,69.32,6127255049.32663,88009980.0,0.1103,-5.76,739070,1039976,1274930,4.092
299,TROX,Basic Materials,Chemicals,NYSE,176.68,94,95.01,57,96,93,11,9.33,1407002460.39711,159524094.0,0.15890001,-11.9,3513550,3052793,3281592,0.03
300,CVV,Industrials,Specialty Industrial Machinery,NASDAQ,176.23,94,137.05,96,69,81,78,7.42,49185727.47855377,6937338.0,0.0037,-12.29,228790,179940,353104,-0.332
301,PACS,Healthcare,Medical Care Facilities,NYSE,175.23,94,87.55,22,96,99,23,31.9,5279173348.09148,157165029.0,0.0936,-25.95,611730,730313,743824,0.124
302,ZURA,Healthcare,Biotechnology,NASDAQ,175.09,94,77.88,7,98,99,97,4.75,454478597.28058815,94880710.0,0.069299996,-36.16,747180,675963,627090,
303,TRON,Consumer Cyclical,Leisure,NASDAQ,175.08,94,107.68,84,97,90,96,2.18,1057872011.7681198,474382064.0,0.0307,-82.97,848320,978540,1296428,0.307
304,HL,Basic Materials,Other Precious Metals & Mining,NYSE,174.86,94,101.73,76,95,98,97,20.67,12481958229.200363,670712403.0,0.0,-39.51,14735450,13207843,15754622,1.004
305,DELL,Technology,Computer Hardware,NYSE,174.85,94,132.99,96,91,31,63,247.04,169348148455.38818,650188720.0,0.083100006,-6.42,6262780,6786610,7921474,0.395
306,NEXA,Basic Materials,Other Industrial Metals & Mining,NYSE,174.77,94,100.45,73,94,96,76,13.31,1897845285.5257359,132438611.0,0.0053,-21.2,1463880,1554283,1208464,0.416
307,BTE,Energy,Oil & Gas E&P,NYSE,174.59,94,102.13,76,94,87,90,4.8,3528609574.262619,730561000.0,0.8,-8.4,20922130,23395543,23710670,
308,DWSN,Energy,Oil & Gas Equipment & Services,NASDAQ,174.49,94,111.55,87,92,89,90,3.47,97505920.85757256,31052840.0,0.020499999,-37.36,82430,128383,184328,0.723
309,CAMT,Technology,Semiconductor Equipment & Materials,NASDAQ,173.97,94,116.15,90,94,93,80,207.46,9567600370.258835,46548607.0,0.108,-1.3,402480,384103,419508,0.092
310,NERV,Healthcare,Biotechnology,NASDAQ,173.94,94,84.71,16,97,98,96,5.63,273941614.2516546,46588709.0,0.0277,-54.82,98980,171333,283134,
311,SLNH,Financial Services,Capital Markets,NASDAQ,173.66,94,179.11,99,27,25,97,1.73,258665116.71595752,141347055.0,0.19690001,-66.34,30826730,19420716,12745954,0.113
312,GILT,Technology,Communication Equipment,NASDAQ,173.65,94,120.76,92,93,88,94,20.85,1463381635.656189,75470948.0,0.014400001,1.41,783190,658066,713240,0.753
313,NWPX,Basic Materials,Steel,NASDAQ,173.65,94,125.43,94,92,87,75,111.18,1084356107.809204,9637008.0,0.0162,-2.7,208340,150516,143032,0.191
314,ANNX,Healthcare,Biotechnology,NASDAQ,173.35,94,93.19,46,96,96,58,5.68,932264050.5951452,163842538.0,0.1294,-20.89,2039390,2328030,2587748,
315,LCUT,Consumer Cyclical,"Furnishings, Fixtures & Appliances",NASDAQ,173.3,94,107.76,84,95,35,21,6.5,135073093.79260254,22855008.0,0.0114,-20.73,127770,162790,273474,-0.052
316,UAMY,Basic Materials,Other Industrial Metals & Mining,NYSE,173.12,94,107.05,83,95,96,99,10.65,1525214389.6679878,143078275.0,0.2166,-45.97,16953870,12637386,13502042,1.314
317,MAGH,Industrials,Engineering & Construction,NASDAQ,172.9,94,92.66,41,96,97,78,6.76,225446007.63320923,33350000.0,0.0417,-2.59,0,0,0,-0.239
318,AMAT,Technology,Semiconductor Equipment & Materials,NASDAQ,172.77,94,114.37,89,94,92,85,443.62,345569482424.0041,793609867.0,0.0172,1.27,6984160,5975063,6333956,-0.021
319,VNCE,Consumer Cyclical,Apparel Manufacturing,NASDAQ,172.62,94,127.12,94,66,69,88,4.17,59611442.444701195,12847294.0,0.0034,-29.32,314980,279630,184548,0.047
320,DFTX,Healthcare,Biotechnology,NASDAQ,172.46,94,100.6,73,97,93,85,21.4,2404922481.938648,109066783.0,0.0908,-18.48,1475560,1914026,1858030,
321,AVNS,Healthcare,Medical Devices,NYSE,172.23,94,133.7,96,75,72,25,24.81,1161254830.675518,46824793.0,0.0575,0.0,1246490,1958683,1414634,0.088
322,PYXS,Healthcare,Biotechnology,NASDAQ,171.79,94,166.55,98,59,25,98,2.75,172223971.95943642,62855464.0,0.0436,-50.45,755540,509043,447586,
323,CYCN,Healthcare,Biotechnology,NASDAQ,171.59,94,150.78,98,81,13,8,3.19,13423972.987029076,4330314.0,0.0721,-62.38,96150,9566056,5755432,-0.432
324,APLS,Healthcare,Biotechnology,NASDAQ,171.44,94,133.85,96,94,46,24,41.02,5252712839.034027,128021277.0,0.1664,-0.29,4481860,8316880,5913978,0.609
325,SANM,Technology,Electronic Components,NASDAQ,171.37,94,138.91,97,81,75,94,245.44,13310997814.384613,53597735.0,0.081,-3.83,1271410,897990,845416,1.023
326,SND,Energy,Oil & Gas Equipment & Services,NASDAQ,171.25,94,89.89,29,96,97,82,4.9,206761123.1503396,42985681.0,0.0232,-16.1,285850,290093,351584,-0.058
327,DHC,Real Estate,REIT - Healthcare Facilities,NASDAQ,171.19,94,110.3,86,95,94,90,8.42,2045803478.5217686,242106926.0,0.0431,-0.71,1783690,1497220,1902080,-0.053
328,INTG,Consumer Cyclical,Lodging,NASDAQ,170.93,94,94.04,52,93,91,98,36.88,79162234.40788269,2148812.0,0.0054,-15.88,35740,33323,24494,0.198
329,KVHI,Communication Services,Telecom Services,NASDAQ,170.43,94,119.61,92,89,64,67,11.0,192832764.08402157,19497751.0,0.0034,-0.9,151250,134183,133960,0.134
330,UMC,Technology,Semiconductors,NYSE,170.41,94,142.05,97,79,89,64,15.59,38779322175.949486,2514871724.0,0.011,0.91,16884360,12950320,10998984,0.055
331,KALU,Basic Materials,Aluminum,NASDAQ,170.37,94,115.37,90,92,94,81,180.39,2946701509.900543,16340606.0,0.0433,-1.43,256080,282226,262630,0.424
332,KEYS,Technology,Scientific & Technical Instruments,NYSE,170.31,94,115.46,90,95,81,66,366.36,61792346854.963684,171502495.0,0.0134000005,-0.21,1154520,1093396,1305610,0.233
333,IDR,Basic Materials,Gold,NYSE ARCA,170.17,94,127.06,94,84,94,97,50.75,776032345.7221642,15808359.0,0.0935,-7.22,221400,262400,272534,0.92
334,KGS,Energy,Oil & Gas Equipment & Services,NYSE,170.09,94,116.28,90,94,86,36,75.52,6149801281.37867,88295781.0,0.089499995,5.01,1735270,1311256,1302030,0.075
335,BHE,Technology,Electronic Components,NYSE,170.06,94,128.95,95,91,86,65,86.51,3067845425.0016174,35877036.0,0.0423,-1.39,657190,419190,418298,0.072
336,SION,Healthcare,Biotechnology,NASDAQ,169.89,94,109.03,85,97,94,95,45.95,1996645235.2354813,45142330.0,0.1401,-1.09,400450,450846,391156,
337,TGB,Basic Materials,Copper,NYSE ARCA,169.74,94,98.9,70,95,98,94,7.57,2738592209.8132133,365633150.0,1.16,-18.16,5125410,4621593,5128438,0.704
338,VPG,Technology,Scientific & Technical Instruments,NYSE,169.73,94,120.27,92,92,92,81,66.6,894117752.7536697,13297409.0,0.0877,-3.28,293340,240763,238076,0.109
339,ACMR,Technology,Semiconductor Equipment & Materials,NASDAQ,169.68,94,123.19,93,88,97,87,64.67,3962959988.1641235,66214872.0,0.052600004,-9.74,1311570,1153146,1180164,0.342
340,STRZ,Communication Services,Entertainment,NASDAQ,169.22,94,142.45,97,79,19,22,21.15,332261548.72112274,16789365.0,0.060300004,-7.96,142390,151333,174110,-0.072
341,CLS,Technology,Electronic Components,NYSE,168.7,94,109.52,86,97,89,97,380.99,43178148930.36969,114973107.0,0.0227,-12.42,2800360,2405540,2147248,0.528
342,STAK,Energy,Oil & Gas Equipment & Services,NASDAQ,168.67,94,149.06,98,91,4,1,1.11,20747177.74441874,19210349.0,0.5556,-72.04,2850690,1404533,6660230,0.504
343,AEIS,Industrials,Electrical Equipment & Parts,NASDAQ,168.51,94,98.64,69,98,96,91,354.97,13586071535.286865,38030657.0,0.0916,-10.69,861050,661146,661740,0.263
344,INSW,Energy,Oil & Gas Midstream,NYSE,168.33,94,114.41,89,94,87,87,89.71,4535620383.4887085,49504696.0,0.0448,-3.18,686720,559413,615066,0.785
345,MGNX,Healthcare,Biotechnology,NASDAQ,168.29,94,103.85,79,97,50,19,2.95,190680204.0,63560068.0,0.0478,-23.97,628860,718210,1121826,1.13
346,TEN,Energy,Oil & Gas Midstream,NYSE,168.16,94,111.15,87,95,81,86,43.44,1319588988.414463,30127603.0,0.016900001,-2.54,305010,347836,498662,0.18
347,GTX,Consumer Cyclical,Auto Parts,NASDAQ,167.39,94,139.89,97,88,91,92,29.14,5428466587.0,187188503.0,0.0523,-0.14,3762760,2440810,2373294,0.122
348,SKBL,Industrials,Engineering & Construction,NASDAQ,167.32,94,91.9,36,58,90,98,3.31,82010183.79227781,24776491.0,0.0385,-76.77,718080,306373,245510,0.063
349,SPIR,Industrials,Specialty Business Services,NYSE,167.25,94,121.64,93,96,36,15,18.66,712415346.0312366,38529765.0,0.1718,-20.9,1333560,2267350,1656106,-0.269
350,CMPS,Healthcare,Medical Care Facilities,NASDAQ,167.17,94,135.93,96,76,77,78,9.65,1337089832.862339,134923295.0,0.08270001,-5.48,3173890,4574706,3759992,
351,LSCC,Technology,Semiconductors,NASDAQ,166.92,94,118.42,91,92,91,71,128.96,17426029666.32184,137007857.0,0.079,0.79,3009090,2103470,1985608,0.422
352,ENS,Industrials,Electrical Equipment & Parts,NYSE,166.92,94,116.77,91,93,91,87,236.82,8469183042.587524,36851374.0,0.0421,2.41,341200,303383,341792,0.014
353,UUU,Industrials,Building Products & Equipment,NYSE ARCA,166.72,94,101.83,76,95,93,96,6.15,16524144.752649307,2717787.0,0.0336,-25.63,23530,30386,38256,-0.996
354,SSRM,Basic Materials,Gold,NASDAQ,166.68,93,112.86,88,95,95,96,34.74,7096194786.503124,207491071.0,0.0291,-4.87,3749240,3675816,3968130,0.837
355,GTE,Energy,Oil & Gas E&P,NYSE ARCA,166.53,93,103.89,79,94,70,36,8.88,323420150.4163933,35346466.0,0.083500005,-8.83,414170,502406,728622,0.009
356,HBM,Basic Materials,Copper,NYSE,166.5,93,103.91,79,95,97,93,25.5,9937847079.201954,397196119.0,2.0,-11.27,5116490,5097636,5403328,0.273
357,ORMP,Healthcare,Biotechnology,NASDAQ,166.5,93,116.51,90,89,88,64,4.62,165424878.28159714,40446179.0,0.016900001,9.48,195690,141236,137128,
358,VOR,Healthcare,Biotechnology,NASDAQ,166.17,93,109.24,85,29,87,25,17.25,917906413.7183056,54185737.0,0.10479999,-73.78,763750,1142470,1075588,
359,MOD,Consumer Cyclical,Auto Parts,NYSE,166.05,93,115.18,90,97,93,73,284.8,14395616781.0,52731197.0,0.0699,-0.87,984590,913293,1000396,0.305
360,BTSG,Healthcare,Health Information Services,NASDAQ,165.98,93,115.66,90,93,88,88,55.07,10632546117.415192,193918398.0,0.0865,0.22,3965990,2544900,3098960,0.256
361,OLMA,Healthcare,Biotechnology,NASDAQ,165.86,93,87.34,21,96,99,89,14.86,1301457333.480095,87346132.0,0.1599,-59.02,865850,880203,1526200,
362,EMPG,Healthcare,Medical Distribution,NASDAQ,165.59,93,92.66,41,98,98,99,17.36,143046405.02929688,8240000.0,0.0404,-4.3,0,0,0,1.416
363,NVT,Industrials,Electrical Equipment & Parts,NYSE,164.76,93,127.86,94,91,81,88,173.39,27484390323.868347,161720452.0,0.023599999,-0.64,2750300,2239936,2349564,0.535
364,DK,Energy,Oil & Gas Refining & Marketing,NYSE,164.75,93,108.99,85,94,86,96,46.82,2821678489.7904205,61287542.0,0.1681,-5.41,1494680,1312680,1511136,0.004
365,PSIG,Industrials,Integrated Freight & Logistics,NASDAQ,164.42,93,102.75,77,93,89,80,6.84,103023029.46715164,15376572.0,0.0017,-6.3,360970,479266,298302,-0.411
366,THR,Industrials,Specialty Industrial Machinery,NYSE,164.35,93,110.95,87,94,92,81,65.47,2158213985.4518433,32869538.0,0.026500002,-8.1,957330,516323,551560,0.096
367,ELVN,Healthcare,Biotechnology,NASDAQ,163.8,93,97.2,65,96,82,66,39.59,2481876549.5,60904946.0,0.1397,-18.42,560650,975023,1178434,
368,BDSX,Healthcare,Diagnostics & Research,NASDAQ,163.76,93,132.71,96,91,87,21,16.11,154863442.5151062,10108580.0,0.0308,-20.29,114710,75576,98348,0.408
369,KEN,Utilities,Utilities - Independent Power Producers,NYSE,163.76,93,102.86,77,93,95,93,89.89,4631915377.525558,52108397.0,0.0027,-6.3,37450,29186,26386,0.431
370,STOK,Healthcare,Biotechnology,NASDAQ,163.67,93,91.24,34,97,97,96,32.64,2048095848.9727478,62271082.0,0.2523,-18.85,492280,547960,731958,-0.961
371,EDRY,Industrials,Marine Shipping,NASDAQ,163.5,93,113.85,89,92,72,78,22.18,62638153.710531235,2890547.0,0.0034,-7.51,26070,26740,33758,0.199
372,RCUS,Healthcare,Biotechnology,NYSE,163.48,93,102.21,77,93,91,95,24.86,3189607465.085846,125773162.0,0.1457,-13.44,1144710,1243663,1275004,-0.393
373,SQM,Basic Materials,Specialty Chemicals,NYSE,163.41,93,105.69,82,94,91,86,93.42,26104439098.780518,285637808.0,1.05,-4.67,1213140,1384570,1307382,0.233
374,FN,Technology,Electronic Components,NYSE,163.39,93,105.48,81,97,90,92,649.53,22260301916.899414,35829740.0,0.1001,-11.6,964390,770910,732084,0.393
375,TMQ,Basic Materials,Other Industrial Metals & Mining,NYSE ARCA,163.37,93,111.25,87,88,97,98,4.78,774729879.6174374,172545639.0,0.081499994,-57.66,2888150,2619650,2779054,
376,MRVI,Healthcare,Biotechnology,NASDAQ,163.28,93,136.71,96,57,52,80,4.74,715356022.4336767,147496090.0,0.0744,-4.24,3069090,2330426,2133012,0.405
377,MPWR,Technology,Semiconductors,NASDAQ,163.07,93,121.14,92,94,86,82,1661.1,78648094105.057,49129267.0,0.0434,-0.05,716910,618333,587444,0.261
378,PKE,Industrials,Aerospace & Defense,NYSE,163.03,93,109.0,85,93,88,82,34.87,669108333.3252258,19925798.0,0.0558,-2.76,172690,217050,252480,0.203
379,SIFY,Communication Services,Telecom Services,NASDAQ,162.98,93,108.43,85,92,97,96,16.33,1182205547.039795,72350400.0,11.43,-8.52,64150,64330,60482,0.24
380,ECO,Industrials,Marine Shipping,NYSE,162.92,93,105.65,81,94,88,91,55.93,2194309640.7887077,39044655.0,0.0038,-2.87,320970,429906,493456,0.489
381,BTSGU,Healthcare,Health Information Services,NASDAQ,162.63,93,115.49,90,92,87,88,183.23,,,0.27,-0.29,106870,48496,39836,0.256
382,HOVR,Industrials,Aerospace & Defense,NASDAQ,162.58,93,122.7,93,82,95,98,2.24,108179406.46831417,45263348.0,0.051799998,-46.41,2486270,1377506,1117216,
383,THM,Basic Materials,Gold,NYSE ARCA,162.58,93,111.77,87,96,98,98,2.83,675194263.0395994,265824517.0,0.026199998,-22.47,1211990,1136270,1279172,
384,BFLY,Healthcare,Medical Devices,NYSE,162.12,93,91.5,35,90,85,60,4.2,1088426129.036766,261640906.0,0.1228,-26.57,6039060,5253966,5021392,0.25
385,CAT,Industrials,Farm & Heavy Construction Machinery,NYSE,162.08,93,112.69,88,93,93,89,926.79,413358280765.8107,460591983.0,0.0164,-0.49,2803250,2394056,2518420,0.222
386,EZPW,Financial Services,Credit Services,NASDAQ,162.06,93,113.09,88,91,90,82,34.65,2063916758.4578705,61535978.0,0.2293,-6.68,805490,746116,772936,0.459
387,CLMT,Basic Materials,Specialty Chemicals,NASDAQ,161.99,93,98.35,68,96,91,81,32.32,2792261260.0160217,87040558.0,0.083000004,-12.51,1172410,1269020,1313074,0.094
388,YOU,Technology,Software - Application,NYSE,161.6,93,114.77,90,90,57,85,56.89,5724417464.928646,100764255.0,0.1445,-7.77,1794440,1617023,1740738,0.197
389,IESC,Industrials,Engineering & Construction,NASDAQ,161.39,93,119.93,92,93,92,85,685.11,13283255706.111511,19923887.0,0.1084,-0.49,274780,227040,213674,0.168
390,PTEN,Energy,Oil & Gas Drilling,NASDAQ,161.35,93,104.78,80,93,81,38,11.86,4335233626.222528,379617653.0,0.0542,-6.02,7825910,10187706,10822074,-0.127
391,EWTX,Healthcare,Biotechnology,NASDAQ,161.35,93,102.07,76,96,92,82,34.56,3800184939.0852203,107593006.0,0.13260001,-13.51,1832380,1169000,1058986,
392,EONR,Energy,Oil & Gas E&P,NYSE ARCA,161.29,93,98.41,68,94,25,45,0.69,34628063.32124376,49968344.0,0.16399999,-56.33,2926990,6903880,35454964,-0.16
393,ADAG,Healthcare,Biotechnology,NASDAQ,161.19,93,100.18,73,97,91,36,3.79,243807875.64070415,66072594.0,0.0073,-20.21,136020,288500,275528,73.328
394,PWR,Industrials,Engineering & Construction,NYSE,160.98,93,125.7,94,90,85,82,781.38,111794811005.0,150060149.0,0.036,-0.93,1483260,1104663,1130552,0.263
395,AKAM,Technology,Software - Infrastructure,NASDAQ,160.8,93,145.05,97,70,75,61,153.01,21565660980.22461,146000000.0,0.1337,2.17,7429720,5718943,5324806,0.058
396,EFTY,Industrials,Consulting Services,NASDAQ,160.75,93,92.66,41,94,97,98,15.02,302052209.20562744,20110000.0,0.1087,-17.47,0,0,0,1.966
397,MUX,Basic Materials,Other Precious Metals & Mining,NYSE,160.66,93,105.0,81,92,97,96,25.07,1447502280.6631584,59740087.0,0.169,-15.59,1322980,1050286,1098948,
398,KLXE,Energy,Oil & Gas Equipment & Services,NASDAQ,160.59,93,118.11,91,74,52,12,3.65,66677071.3433342,19668752.0,0.0738,-10.32,254250,292943,310892,-0.052
399,CC,Basic Materials,Specialty Chemicals,NYSE,160.56,93,103.26,78,93,90,22,25.26,3464702553.0349045,150377709.0,0.0883,-11.89,3660100,2873283,3200756,0.01
400,CGEN,Healthcare,Biotechnology,NASDAQ,160.48,93,115.18,90,91,49,57,2.87,274206977.31738424,94554127.0,0.0119,-11.42,484380,503176,440552,44.773
401,ETON,Healthcare,Drug Manufacturers - Specialty & Generic,NASDAQ,160.35,93,127.85,94,92,39,70,29.84,811217792.713068,27359791.0,0.0922,-7.64,442130,416903,411430,0.827
402,CODI,Industrials,Conglomerates,NYSE,160.05,93,123.04,93,86,26,8,12.21,938944821.239708,75235966.0,0.071100004,-3.4,951820,1208966,1168306,-0.059
403,AYA,Basic Materials,Silver,NASDAQ,160.01,93,112.59,88,87,93,81,19.86,2763929942.600992,142986547.0,,-9.73,380590,254993,267808,7.067
404,PLPC,Industrials,Electrical Equipment & Parts,NASDAQ,159.89,93,107.82,84,91,91,85,356.98,1692474155.0,4888012.0,0.1118,-3.99,136570,167750,167520,0.187
405,BATL,Energy,Oil & Gas E&P,NYSE ARCA,159.25,93,71.93,4,98,97,17,2.83,62044938.292170525,21468836.0,0.4094,-90.47,6084440,11105723,16272948,-0.35
406,TTI,Industrials,Conglomerates,NYSE,159.12,93,100.15,73,94,97,96,10.18,1324114026.9269733,135389986.0,0.053600002,-18.82,1519400,1716720,1685332,-0.006
407,INV,Financial Services,Asset Management,NASDAQ,158.78,93,143.42,97,71,15,8,6.99,574664258.0,82094894.0,0.1481,-6.17,2219100,2040180,1949000,0.803
408,MTRN,Basic Materials,Other Industrial Metals & Mining,NYSE,157.95,93,117.32,91,90,90,73,203.03,4147191962.880249,20801485.0,0.0325,0.57,329030,234890,246948,0.308
409,SNEX,Financial Services,Capital Markets,NASDAQ,157.76,93,121.67,93,90,87,66,121.84,9662342247.206177,79251496.0,0.0588,-2.85,715720,729020,803518,0.238
410,EDAP,Healthcare,Medical Distribution,NASDAQ,157.71,93,108.47,85,88,98,69,4.17,154800606.4694729,37481986.0,0.0023999999,-17.43,51150,35093,37848,-0.19
411,AOSL,Technology,Semiconductors,NASDAQ,157.38,93,132.27,95,71,29,13,38.62,1134331051.8689117,29929578.0,0.0684,-22.71,1364450,1019940,731396,-0.005
412,VELO,Technology,Computer Hardware,NASDAQ,157.38,93,113.58,89,86,91,22,14.47,400949846.13633156,29788250.0,0.32349998,-39.3,1758410,2385243,2331564,-0.252
413,AMSC,Industrials,Specialty Industrial Machinery,NASDAQ,157.26,92,142.51,97,76,37,38,58.72,2627721943.764477,47612285.0,0.0645,-16.7,1359640,1325840,1160066,0.214
414,WHWK,Healthcare,Biotechnology,NASDAQ,157.0,92,100.92,74,91,89,71,3.8,196326279.52484632,49452463.0,0.022,-15.18,144190,204446,205246,-1.0
415,IMRX,Healthcare,Biotechnology,NASDAQ,156.71,92,92.7,41,95,95,98,5.2,337719511.3659816,64697227.0,0.19569999,-48.41,727410,747360,919248,
416,RGC,Healthcare,Drug Manufacturers - Specialty & Generic,NASDAQ,156.69,92,91.27,34,99,99,99,27.33,14478635595.058588,494488909.0,0.015,-67.31,104960,150773,141982,
417,GLSI,Healthcare,Biotechnology,NASDAQ,156.6,92,92.27,38,96,98,15,24.13,316714769.9961395,13854539.0,0.2219,-29.24,123730,132233,154176,
418,VRA,Consumer Cyclical,Footwear & Accessories,NASDAQ,156.4,92,107.9,84,90,52,55,4.0,117734359.48308372,28438252.0,0.0592,-8.88,233430,263913,368420,-0.017
419,NAT,Energy,Oil & Gas Midstream,NYSE,156.16,92,101.48,75,95,89,86,5.82,1253563941.1152935,211750663.0,0.053000003,-8.2,2872760,4417206,5150200,-0.014
420,URGN,Healthcare,Biotechnology,NASDAQ,156.15,92,137.71,96,81,82,95,31.33,1432417990.814146,48721701.0,0.16319999,2.89,1076870,911196,908076,1.516
421,IAUX,Basic Materials,Gold,NYSE ARCA,155.69,92,92.95,44,95,98,93,1.6,1359670847.6108487,860551146.0,0.0694,-28.57,11317540,16334396,18341920,-0.083
422,SYNA,Technology,Semiconductors,NASDAQ,155.67,92,149.43,98,63,83,36,126.55,4846324841.341286,38637685.0,0.2193,-2.49,1122130,893766,809840,0.104
423,MRNA,Healthcare,Biotechnology,NASDAQ,155.36,92,104.56,80,92,89,21,52.88,21565332571.202217,396786259.0,0.1833,-11.2,9701930,7051423,7768410,2.602
424,GEV,Industrials,Specialty Industrial Machinery,NYSE,155.35,92,106.08,82,95,92,84,1073.08,279509109359.79675,268719995.0,0.0294,-9.21,2655640,2499093,2565954,0.163
425,TWLO,Technology,Software - Infrastructure,NYSE,155.31,92,142.8,97,61,32,74,198.59,30612787098.822937,151773860.0,0.055,-2.51,3612390,2716480,2314724,0.2
426,LXU,Basic Materials,Chemicals,NYSE,155.15,92,101.73,76,94,68,81,14.9,1000436191.3755608,71922085.0,0.021,-13.47,1462210,1535776,1882516,0.182
427,ENTA,Healthcare,Biotechnology,NASDAQ,155.02,92,105.67,82,93,94,91,15.46,445156741.3880005,29019344.0,0.0867,-9.85,200320,144926,154314,0.098
428,TVTX,Healthcare,Biotechnology,NASDAQ,154.95,92,121.44,92,85,75,95,43.51,3961497611.104088,92992905.0,0.18049999,-10.49,3105380,2866150,2214110,0.556
429,LFUS,Technology,Electronic Components,NASDAQ,154.88,92,118.39,91,92,89,45,465.86,11557787764.249756,25288904.0,0.033099998,-1.92,366620,267360,278290,0.185
430,CGAU,Basic Materials,Gold,NYSE,154.84,92,95.4,59,96,97,95,18.73,3652162940.237198,198595055.0,2.4,-11.53,1963990,1699630,2057228,0.618
431,KOS,Energy,Oil & Gas E&P,NYSE,154.41,92,107.82,84,95,31,13,2.88,1631270503.5,593189274.0,0.0572,-13.25,18610670,20614933,27684572,0.277
432,VAL,Energy,Oil & Gas Drilling,NYSE,154.4,92,94.5,54,97,94,84,97.32,6580303903.126373,69251780.0,0.142,-7.62,1016480,944976,1001346,-0.25
433,DHX,Technology,Software - Application,NYSE,154.27,92,129.91,95,89,64,23,3.82,151626759.15802693,43198507.0,0.0087,7.91,460500,292390,291788,-0.102
434,ADTN,Technology,Communication Equipment,NASDAQ,154.19,92,107.28,83,92,66,26,15.68,1210111580.0118446,80998100.0,0.1339,-16.1,3387520,2787743,2326862,0.155
435,KMRK,Consumer Cyclical,Leisure,NASDAQ,154.11,92,124.38,93,33,70,5,2.82,60134997.98774719,21100000.0,0.00059999997,-48.73,49700,90446,64242,-0.123
436,ISSC,Industrials,Aerospace & Defense,NASDAQ,154.09,92,95.74,60,96,97,26,21.37,379745438.69104004,17778344.0,0.0414,-30.93,326670,478536,621902,0.366
437,FDMT,Healthcare,Biotechnology,NASDAQ,154.03,92,107.67,84,95,91,95,10.79,530081233.5076275,52276254.0,0.234,-12.56,721670,720943,761734,85089.0
438,ALMU,Technology,Semiconductors,NASDAQ,153.91,92,161.87,98,63,84,94,28.18,440583556.7058945,18049306.0,0.28120002,-1.9,1940090,2000680,1494370,-0.211
439,CECO,Industrials,Pollution & Treatment Controls,NASDAQ,153.8,92,110.29,86,93,96,91,81.5,2933696431.389679,35873031.0,0.1178,-9.7,1168550,672906,695734,0.165
440,APGE,Healthcare,Biotechnology,NASDAQ,153.79,92,98.65,69,93,90,93,84.6,6255471472.9123535,75339896.0,0.2002,-11.24,604560,667646,928148,
441,ROIV,Healthcare,Biotechnology,NASDAQ,153.74,92,97.13,65,95,95,94,28.96,20440424090.494354,715701137.0,0.0452,-4.52,4513850,4835363,5415848,-0.778
442,PAYS,Technology,Software - Infrastructure,NASDAQ,153.53,92,116.96,91,84,25,83,6.7,343253139.10164356,55185394.0,0.038900003,-24.55,765730,843520,963096,0.458
443,ASTI,Technology,Solar,NASDAQ,153.5,92,97.19,65,92,99,15,4.65,40875353.46424055,9461887.0,0.095699996,-52.89,727150,1429296,1176628,
444,KLAC,Technology,Semiconductor Equipment & Materials,NASDAQ,153.49,92,105.8,82,93,90,89,1845.19,244167648324.0337,130627521.0,0.028499998,-4.86,1218120,967146,998058,0.115
445,IMNM,Healthcare,Biotechnology,NASDAQ,153.42,92,93.97,51,96,95,94,23.0,2541319266.8417683,113249519.0,0.1924,-16.82,843930,1043796,1201006,-1.0
446,RIG,Energy,Oil & Gas Drilling,NYSE,153.35,92,94.6,55,96,93,83,6.55,7145223632.872128,1116441176.0,0.19370002,-8.26,40741390,34466530,36057240,0.193
447,ALLO,Healthcare,Biotechnology,NASDAQ,153.26,92,96.43,63,96,85,29,2.28,786655510.4087741,345024351.0,0.1769,-48.88,5768880,13190190,10153532,
448,INDV,Healthcare,Drug Manufacturers - Specialty & Generic,NASDAQ,153.25,92,111.11,87,92,96,97,38.84,4669081107.5,118204585.0,0.1362,-5.27,3257720,2117556,2807848,0.192
449,RILY,Financial Services,Financial Conglomerates,NASDAQ,153.21,92,112.84,88,87,84,69,9.05,303728253.8913574,37130592.0,0.2028,-17.5,1143440,899333,864946,1.134
450,PLXS,Technology,Electronic Components,NASDAQ,153.2,92,113.29,89,91,87,53,271.78,7131923690.933533,26756421.0,0.065,-1.47,389330,354240,355646,0.187
451,ATRO,Industrials,Aerospace & Defense,NASDAQ,153.18,92,99.5,71,94,97,96,75.79,2693445212.567871,35874336.0,0.099300005,-9.73,468550,438250,541536,0.151
452,DTIL,Healthcare,Biotechnology,NASDAQ,153.1,92,127.07,94,90,20,71,7.86,198447357.09662533,25805898.0,0.0496,-10.88,203710,220663,288796,52.611
453,FRO,Energy,Oil & Gas Midstream,NYSE,153.01,92,105.73,82,93,88,88,38.15,8795830010.23487,222622890.0,0.035,-4.36,2189580,3021653,3917510,0.467
454,NVMI,Technology,Semiconductor Equipment & Materials,NASDAQ,152.94,92,103.04,78,93,93,83,526.01,16564012833.973389,31782972.0,0.05,-4.36,333180,325746,342888,0.143
455,CGNX,Technology,Scientific & Technical Instruments,NASDAQ,152.79,92,125.08,94,90,90,44,67.26,10927101762.106232,166419451.0,0.033099998,-6.45,3523830,2244396,2138306,0.243
456,RSI,Consumer Cyclical,Gambling,NYSE,152.78,92,122.96,93,82,41,73,28.13,2855932091.455797,102953573.0,0.0699,-3.8,3293510,2010410,1862550,0.411
457,WYY,Technology,Information Technology Services,NYSE ARCA,152.39,92,152.7,98,62,41,91,8.92,78388936.84491825,9872662.0,0.0018000001,-14.97,191860,85596,64054,0.123
458,ELSE,Technology,Scientific & Technical Instruments,NASDAQ,152.35,92,135.12,96,39,34,61,7.63,26952387.89425373,3532423.0,0.0011999999,-0.39,6040,23520,15402,0.148
459,WTTR,Energy,Oil & Gas Equipment & Services,NYSE,152.28,92,109.64,86,87,77,59,17.62,2089146281.9254646,124353951.0,0.0444,-4.76,1831090,2040893,1831010,-0.023
460,AAUC,Basic Materials,Gold,NYSE,152.16,92,89.92,29,94,98,92,29.94,3724825585.317951,125881229.0,0.025799999,-7.02,1125660,848273,762162,1.504
461,SII,Financial Services,Asset Management,NYSE,151.79,92,101.66,76,95,94,93,143.83,3630445167.6642456,25782581.0,2.5,-15.21,200470,201756,214202,2.297
462,JAZZ,Healthcare,Biotechnology,NASDAQ,151.55,92,109.49,86,87,82,75,223.61,14166700906.55304,62742820.0,0.096099995,-2.95,948250,955110,905630,0.191
463,CVE,Energy,Oil & Gas Integrated,NYSE,151.39,92,105.81,82,93,83,80,29.13,52960858888.628006,1864819000.0,2.78,-5.58,9933610,9799766,13331486,-0.071
464,WBD,Communication Services,Entertainment,NASDAQ,151.21,92,92.68,41,94,96,97,27.24,67968477521.4548,2507136702.0,0.0238,-9.2,14467130,19164146,22975598,-0.01
465,BCAX,Healthcare,Biotechnology,NASDAQ,151.17,92,108.62,85,90,50,64,22.92,1481256349.595089,65600370.0,0.19870001,-5.48,388070,527290,545524,
466,ECPG,Financial Services,Credit Services,NASDAQ,151.16,92,104.33,80,94,77,72,82.33,1798421699.6721497,21440412.0,0.0655,-11.13,364910,358720,344858,0.21
467,DRUG,Healthcare,Biotechnology,NASDAQ,151.03,92,99.73,72,95,94,90,86.55,836802265.5,9787161.0,0.0861,-30.06,196830,183586,166892,
468,COCO,Consumer Defensive,Beverages - Non-Alcoholic,NASDAQ,151.03,92,132.37,95,66,89,81,72.46,4089265151.653023,57112643.0,0.1444,-0.71,2088090,1450490,1512422,0.373
469,AA,Basic Materials,Aluminum,NYSE,150.79,92,93.64,49,95,93,75,65.34,16672562383.032799,263889875.0,0.0227,-13.69,3720550,5065146,5724412,-0.052
470,TIGO,Communication Services,Telecom Services,NASDAQ,150.78,92,96.05,61,96,94,92,78.5,13475358392.049591,167541444.0,0.0381,-7.93,1188080,1356790,1371734,0.157
471,EXK,Basic Materials,Silver,NYSE,150.51,92,108.95,85,86,96,94,11.32,2969570005.0011005,296068802.0,1.87,-25.28,9468540,8174300,9583956,2.302
472,IDN,Technology,Software - Application,NASDAQ,150.25,91,97.96,67,94,80,93,7.35,149364265.1161766,20239060.0,0.0232,-19.05,350040,502830,421692,0.118
473,CTNM,Healthcare,Biotechnology,NASDAQ,150.19,91,96.53,63,96,96,85,13.65,543224047.8267603,37386377.0,0.1016,-16.41,238110,253076,306072,
474,GHM,Industrials,Specialty Industrial Machinery,NYSE,150.17,91,103.47,78,94,94,88,98.32,1087236295.2331543,11072780.0,0.0322,-2.61,187550,158050,141794,0.205
475,ESPR,Healthcare,Drug Manufacturers - Specialty & Generic,NASDAQ,150.1,91,126.03,94,77,96,94,3.13,808336324.8856854,257431942.0,0.12560001,-25.12,33039420,16361526,12036708,0.232
476,SEPN,Healthcare,Biotechnology,NASDAQ,149.85,91,89.78,29,94,95,96,23.57,1072937179.1528606,44949189.0,0.0941,-27.77,262750,317586,308938,112.764
477,REX,Basic Materials,Chemicals,NYSE,149.82,91,105.26,81,89,78,87,49.4,1636345840.2917938,32937718.0,0.0276,-7.42,155250,199870,215294,-0.002
478,LBRX,Healthcare,Biotechnology,NASDAQ,149.79,91,113.52,89,86,89,28,32.69,916760095.2000027,28675637.0,0.1305,-2.33,125260,257080,256838,
479,PALI,Healthcare,Biotechnology,NASDAQ,149.72,91,95.92,61,92,91,97,1.94,301723555.6070552,167624202.0,0.1532,-32.17,2980910,4611600,4038264,
480,DAR,Consumer Defensive,Packaged Foods,NYSE,149.71,91,101.71,76,93,87,44,63.82,10018988196.858902,158729220.0,0.0437,-3.33,2961150,3075646,3184302,0.123
481,SKE,Basic Materials,Other Industrial Metals & Mining,NYSE,149.52,91,98.97,70,95,97,91,32.62,3878959717.886202,121941521.0,4.12,-15.86,615760,660403,806242,
482,TRMD,Energy,Oil & Gas Midstream,NASDAQ,149.46,91,109.06,85,91,78,79,34.09,3496552377.01062,103082328.0,0.0109,-2.25,813480,740746,935474,0.155
483,FBYD,Industrials,Conglomerates,NASDAQ,149.44,91,98.9,70,86,8,93,10.78,570465181.8205833,48966970.0,0.0462,-62.85,61210,94376,100988,3.835
484,KYMR,Healthcare,Biotechnology,NASDAQ,149.24,91,93.99,51,95,95,93,84.1,7080733325.658142,82257588.0,0.1511,-18.35,560580,542130,607736,0.555
485,MPLT,Healthcare,Biotechnology,NASDAQ,149.15,91,118.96,91,84,50,19,30.09,1167516148.3455448,42610079.0,0.0792,-9.59,252780,311510,277536,
486,GORO,Basic Materials,Other Precious Metals & Mining,NYSE ARCA,149.04,91,87.03,21,95,98,97,1.33,212070841.99680042,161886146.0,0.014400001,-28.88,2007790,1867113,1867326,-0.282
487,NE,Energy,Oil & Gas Drilling,NYSE,148.99,91,98.31,68,95,91,73,51.01,7999633534.780884,159545944.0,0.0,-6.52,1883540,1627796,1692112,-0.108
488,CTOS,Industrials,Rental & Leasing Services,NYSE,148.95,91,120.31,92,85,79,68,9.84,2206098320.320632,227432821.0,0.037100002,-3.58,1677340,1108423,1022956,0.093
489,WRN,Basic Materials,Other Industrial Metals & Mining,NYSE ARCA,148.82,91,103.24,78,89,97,94,3.08,696503759.9470711,226137590.0,0.0085,-27.7,2169670,2036660,1908336,
490,JBL,Technology,Electronic Components,NYSE,148.75,91,116.58,90,89,80,77,365.24,37469255559.3631,105502622.0,0.0273,-1.91,1432430,1135750,1226504,0.231
491,HYPR,Healthcare,Medical Devices,NASDAQ,148.66,91,137.28,96,80,58,78,1.75,166499138.5673709,98520197.0,0.014099999,-21.17,1025130,594506,620982,1.28
492,KRYS,Healthcare,Biotechnology,NASDAQ,148.48,91,109.65,86,83,92,86,312.88,9012255954.857788,29479756.0,0.1626,2.21,361300,296403,288090,0.319
493,WILC,Consumer Defensive,Food Distribution,NASDAQ,148.36,91,121.04,92,83,90,87,36.86,501491160.0,13930310.0,0.0002,0.05,6660,3493,3128,0.088
494,MOB,Industrials,Aerospace & Defense,NASDAQ,148.36,91,107.65,84,72,92,99,6.57,79969237.46615028,12633371.0,0.0552,-40.38,187500,265083,271258,0.39
495,POWI,Technology,Semiconductors,NASDAQ,148.26,91,126.62,94,77,54,12,74.34,4083160359.5024414,55719984.0,0.105500005,-8.89,1386520,1108226,1070368,-0.019
496,SSSS,Financial Services,Asset Management,NASDAQ,148.13,91,108.15,84,92,80,90,13.46,344648156.7214966,26070208.0,0.0153,-7.04,324170,396376,360184,0.467
497,AAMI,Financial Services,Asset Management,NYSE,148.08,91,112.93,88,89,87,83,72.38,2445217348.582062,35628988.0,0.0545,3.59,396220,350393,320224,0.393
498,PRE,Healthcare,Diagnostics & Research,NASDAQ,148.07,91,84.76,16,97,98,95,17.55,274726315.9659462,17000391.0,0.0421,-25.73,201680,167090,187698,2.486
499,ESI,Basic Materials,Specialty Chemicals,NYSE,147.95,91,116.8,91,90,78,56,45.06,10694356363.915085,243607198.0,0.0654,0.36,3854460,3128860,3079138,0.415
500,CGEM,Healthcare,Biotechnology,NASDAQ,147.82,91,104.51,80,91,87,41,14.73,894214581.022192,61458046.0,0.1874,-12.01,896220,782506,811238,
501,FTAI,Industrials,Aerospace & Defense,NASDAQ,147.82,91,110.12,86,92,96,76,280.36,27727152378.44348,102582972.0,0.0875,-13.34,1977340,1458200,1551186,0.655
502,CV,Healthcare,Medical Devices,NASDAQ,147.59,91,108.14,84,84,62,88,7.27,354930057.65515137,49849728.0,0.036199998,-52.7,125690,134483,312332,0.135
503,IAG,Basic Materials,Gold,NYSE,147.56,91,96.52,63,95,97,96,18.99,10808600440.979004,578000000.0,0.52,-23.64,6958670,6917980,7466684,1.159
504,SAIH,Technology,Information Technology Services,NASDAQ,147.37,91,123.29,93,83,34,29,11.9,20705668.349494934,1832360.0,0.0063,-22.78,1880,3466,2996,-0.705
505,SPRO,Healthcare,Biotechnology,NASDAQ,147.35,91,93.51,48,94,95,96,2.55,148227818.76685,57901493.0,0.0154,-20.81,483880,462870,403282,1.745
506,ATI,Industrials,Metal Fabrication,NYSE,147.32,91,101.44,75,95,94,89,161.16,21615550849.23506,136470427.0,0.0419,-5.81,2056750,1916040,2005360,0.006
507,FTI,Energy,Oil & Gas Equipment & Services,NYSE,147.28,91,93.95,51,96,93,87,71.15,27968938682.920815,398701897.0,0.0275,-8.52,4391350,3695546,4047470,0.116
508,BVN,Basic Materials,Other Precious Metals & Mining,NYSE,147.07,91,103.66,79,92,96,91,37.75,8980975772.141281,253986867.0,0.023699999,-15.49,1502070,1388193,1586682,1.03
509,APEI,Consumer Defensive,Education & Training Services,NASDAQ,147.06,91,97.04,65,92,89,86,56.37,1036547956.1534042,18411154.0,0.145,-8.48,245830,258303,364066,-0.035
510,PGEN,Healthcare,Biotechnology,NASDAQ,147.03,91,98.04,67,92,97,98,4.2,1500911226.7698145,356510977.0,0.2061,-23.22,2893260,3829710,4267438,2.836
511,IOVA,Healthcare,Biotechnology,NASDAQ,146.96,91,107.41,83,87,40,21,3.7,1616338622.421856,446502396.0,0.2609,-34.28,18517400,15856713,16597870,0.448
512,OGN,Healthcare,Drug Manufacturers - General,NYSE,146.95,91,141.27,97,33,23,14,13.33,3505721607.874279,262600862.0,0.0806,-0.82,12055500,14417716,10024616,-0.035
513,ADI,Technology,Semiconductors,NASDAQ,146.93,91,113.27,89,87,88,63,422.73,203346790110.06894,488204157.0,0.0228,0.95,3331300,3264513,3531358,0.304
514,ALLR,Healthcare,Biotechnology,NASDAQ,146.91,91,135.02,96,63,22,73,1.68,23964121.46277523,15460724.0,0.0189,-28.51,252960,172870,179874,
515,ACHV,Healthcare,Biotechnology,NASDAQ,146.88,91,140.01,97,59,77,88,5.59,534853690.88613224,102659057.0,0.15010001,-7.3,1128620,1516420,1209936,
516,APA,Energy,Oil & Gas E&P,NASDAQ,146.78,91,93.12,45,95,79,81,36.7,12569401757.537487,353470227.0,0.0936,-19.62,7777810,8147036,9057772,-0.119
517,ABCL,Healthcare,Biotechnology,NASDAQ,146.46,91,133.81,96,39,31,76,5.25,1599588252.4103985,305264947.0,0.2025,-19.42,10422020,6335033,4869986,7.882
518,NXT,Technology,Solar,NASDAQ,146.27,91,101.76,76,91,94,94,126.26,18694593935.864777,148475843.0,0.060700003,-4.15,1651230,1797043,1820360,0.339
519,NGNE,Healthcare,Biotechnology,NASDAQ,146.21,91,134.73,96,69,23,65,30.89,480653903.8025093,15615786.0,0.32169998,-17.11,164640,165740,172950,
520,RYAM,Basic Materials,Chemicals,NYSE,145.94,91,89.03,26,91,90,58,9.23,617737098.5496941,67438549.0,0.0471,-22.11,994870,1096513,1136706,-0.095
521,NVRI,Industrials,Waste Management,NYSE,145.91,91,91.27,34,94,95,91,18.88,1592909913.44981,82705602.0,0.1617,-5.55,944240,1014213,1203544,-0.008
522,OUT,Real Estate,REIT - Specialty,NYSE,145.59,91,105.66,81,90,84,81,32.24,5968145474.533241,176051481.0,0.047,-7.78,1540500,1305966,1377634,0.1
523,USAR,Basic Materials,Other Industrial Metals & Mining,NASDAQ,145.38,91,128.36,94,67,86,79,26.3,5876891792.108215,217985608.0,0.1314,-40.2,19768670,17473693,15577456,
524,DGII,Technology,Communication Equipment,NASDAQ,145.27,91,113.73,89,90,83,72,62.8,2480050604.196808,37702199.0,0.0735,-10.04,325390,288630,287510,0.251
525,GNRC,Industrials,Specialty Industrial Machinery,NYSE,145.23,91,125.54,94,85,84,33,271.4,15859811563.793549,58868681.0,0.063200004,-0.37,1058470,807820,925110,0.124
526,LTRX,Technology,Communication Equipment,NASDAQ,145.22,91,97.13,65,90,91,93,6.25,245272282.72441864,39816930.0,0.013300001,-24.15,803050,587803,643324,0.059
527,KN,Technology,Electronic Components,NYSE,145.22,91,119.89,92,87,83,74,36.26,3018579980.355835,85560660.0,0.0481,2.57,1007830,844153,747334,0.158
528,ROG,Technology,Electronic Components,NYSE,145.09,91,109.66,86,89,84,40,138.52,2510574998.4632874,17848535.0,0.0277,-4.11,324010,241523,214910,0.052
529,AMLX,Healthcare,Drug Manufacturers - Specialty & Generic,NASDAQ,145.06,91,90.68,32,96,97,97,14.88,1637774398.5129433,111186317.0,0.1728,-20.02,1271580,1184270,1133930,
530,PZG,Basic Materials,Gold,NYSE ARCA,145.03,91,85.67,18,96,99,97,1.55,120691073.27583218,83813242.0,0.0047,-42.8,718060,614386,845464,
531,GOOGL,Communication Services,Internet Content & Information,NASDAQ,144.89,90,112.55,88,85,87,90,388.64,4855869869029.595,12115444154.0,0.0134000005,-3.32,32341670,27728613,28477152,0.218
532,FTRE,Healthcare,Biotechnology,NASDAQ,144.55,90,132.89,96,64,72,80,14.99,1459442412.7649689,94584730.0,0.13149999,-19.71,2146080,1403373,1477292,-0.023
533,SLNHP,Financial Services,Capital Markets,NASDAQ,144.45,90,114.86,90,74,91,95,9.66,,,0.22,-22.72,14290,18956,19446,0.113
534,PODC,Communication Services,Internet Content & Information,NASDAQ,144.39,90,128.69,95,56,82,84,3.72,98132029.64498043,27487964.0,0.0123000005,-4.86,255730,122630,94330,0.248
535,SKM,Communication Services,Telecom Services,NYSE,144.3,90,109.8,86,92,89,39,39.1,14533952612.33297,383785398.0,0.0128999995,-3.43,1892280,1946273,1832868,-0.014
536,CTMX,Healthcare,Biotechnology,NASDAQ,144.27,90,80.17,9,98,98,98,3.86,866457621.7723536,217702919.0,0.1309,-52.98,3241800,4023116,7715472,-0.799
537,TRVI,Healthcare,Biotechnology,NASDAQ,144.1,90,109.69,86,90,90,97,14.88,2058705766.0,141979708.0,0.141,-7.69,1711450,1702386,1587788,
538,ONMD,Healthcare,Health Information Services,NASDAQ,144.1,90,104.98,81,45,22,95,0.98,56032323.99222374,54933652.0,0.0197,-76.78,393210,753050,816522,33.269
539,VIR,Healthcare,Biotechnology,NASDAQ,144.09,90,95.26,58,91,86,47,9.29,1538105983.5793133,168651974.0,0.10560001,-20.33,1547430,1757580,2373656,
540,UMAC,Technology,Computer Hardware,NYSE ARCA,143.96,90,107.71,84,81,81,90,15.34,641307112.9458904,47787415.0,0.1433,-34.39,2929770,4001343,4806672,1.444
541,CAMP,Healthcare,Biotechnology,NASDAQ,143.96,90,94.11,52,90,92,91,4.4,231589069.98081207,51925800.0,0.013300001,-43.23,59250,71810,216700,0.508
542,MEOH,Basic Materials,Chemicals,NASDAQ,143.87,90,101.37,75,91,79,46,63.35,4656554883.726353,77364263.0,0.55,-5.09,1061990,1578506,1789410,0.086
543,BB,Technology,Software - Infrastructure,NYSE,143.84,90,143.97,97,41,22,77,6.22,3744810820.7221985,587882400.0,0.0519,-5.9,27803960,20546070,15780010,0.101
544,CCCC,Healthcare,Biotechnology,NASDAQ,143.82,90,120.93,92,86,26,38,3.17,325033477.35383177,110180838.0,0.22790001,-17.02,2457390,2883743,2867880,1.128
545,ASC,Industrials,Marine Shipping,NYSE,143.76,90,114.47,89,88,68,79,19.12,796875079.4369316,40802614.0,0.0545,-2.55,746540,614600,693062,0.188
546,INSG,Technology,Communication Equipment,NASDAQ,143.68,90,114.45,89,86,35,68,15.76,261149055.80093956,16240613.0,0.135,-28.04,399300,211533,187042,0.084
547,HP,Energy,Oil & Gas Drilling,NYSE,143.6,90,97.52,66,91,88,85,38.63,3775391244.5739746,99930952.0,0.1118,-7.32,1309290,1165866,1319670,-0.082
548,GOOG,Communication Services,Internet Content & Information,NASDAQ,143.54,90,112.45,88,85,87,90,386.77,4810436953452.095,12115444154.0,2.1,-2.91,21531390,18386290,19082504,0.218
549,RMBS,Technology,Semiconductors,NASDAQ,143.5,90,121.39,92,89,78,90,134.51,13976702984.75,108136967.0,0.0849,-16.87,3422040,2682183,2366734,0.081
550,ELDN,Healthcare,Biotechnology,NASDAQ,143.38,90,122.66,93,80,24,7,3.82,299488762.0734453,77187823.0,0.112399995,-16.96,1180900,1569086,1557370,
551,HAFN,Industrials,Marine Shipping,NYSE,143.35,90,106.15,82,92,74,84,8.9,4478040511.865144,499781305.0,0.070199996,-6.66,1429230,1676116,2073470,0.113
552,FBIOP,Healthcare,Biotechnology,NASDAQ,143.2,90,93.08,45,93,92,65,13.56,,,0.08,-7.38,12870,11663,13754,0.063
553,PRM,Basic Materials,Specialty Chemicals,NYSE,143.12,90,111.51,87,85,90,94,32.16,5182546866.183643,163127063.0,0.026500002,0.44,1636430,1288173,1246066,0.736
554,FSTR,Industrials,Railroads,NASDAQ,143.01,90,125.06,94,72,80,75,40.92,442402156.0206604,10458680.0,0.018099999,-3.79,136330,133160,95024,0.239
555,MSGM,Communication Services,Electronic Gaming & Multimedia,NASDAQ,142.85,90,121.6,92,95,76,87,5.32,20452869.898068905,4174055.0,0.0162,-1.65,53310,49666,99684,0.949
556,WEST,Consumer Defensive,Packaged Foods,NASDAQ,142.8,90,163.35,98,38,37,10,8.75,804853186.5,97557962.0,0.1966,1.51,1069130,588930,525790,0.444
557,PBT,Energy,Oil & Gas Midstream,NYSE,142.75,90,110.17,86,89,82,92,25.24,1076663205.3798447,46608796.0,0.0034,6.32,213060,163456,153042,-0.298
558,GHRS,Healthcare,Biotechnology,NASDAQ,142.63,90,119.74,92,77,67,77,21.26,1468494672.3104973,68557174.0,0.106000006,-13.79,184290,226993,229730,
559,REI,Energy,Oil & Gas E&P,NYSE ARCA,142.59,90,100.37,73,88,73,41,1.65,337148782.79562235,209409180.0,0.0505,-17.5,5176570,4827923,5570676,-0.024
560,PAAS,Basic Materials,Gold,NYSE,142.41,90,106.3,82,89,94,90,62.29,24918638742.82837,421350000.0,0.49,-11.0,5633350,4910686,6510246,0.493
561,KPTI,Healthcare,Biotechnology,NASDAQ,142.38,90,113.26,88,86,91,21,8.81,194842807.74235725,22551250.0,0.255,-19.84,267940,457693,1011278,0.116
562,ESP,Industrials,Electrical Equipment & Parts,NYSE ARCA,142.36,90,104.56,80,89,88,69,70.83,210462494.46329498,2958843.0,0.0037,-3.63,27370,22833,20684,-0.108
563,ASML,Technology,Semiconductor Equipment & Materials,NASDAQ,142.35,90,105.06,81,90,92,87,1565.81,613592638560.9888,385417665.0,0.0019,-1.85,1719870,1833270,1765092,0.132
564,EDIT,Healthcare,Biotechnology,NASDAQ,142.28,90,112.07,88,89,30,79,3.06,304488526.7492223,97906282.0,0.1118,-32.55,1163810,1475183,1604300,-0.392
565,BKTI,Technology,Communication Equipment,NYSE ARCA,142.28,90,103.96,79,92,91,90,96.21,351500885.59638214,3744151.0,0.0344,-2.25,33380,61993,60250,0.2
566,ILPT,Real Estate,REIT - Industrial,NASDAQ,142.24,90,114.0,89,74,72,85,7.73,543323563.219141,66665471.0,0.0149,-5.62,427630,386896,340768,0.04
567,ESOA,Industrials,Engineering & Construction,NASDAQ,142.09,90,112.54,88,90,85,41,17.64,323005265.12446404,18660039.0,0.0401,-2.7,116090,103230,128698,0.134
568,MAKO,Basic Materials,Gold,NASDAQ,142.07,90,108.46,85,88,94,93,8.3,711024923.6190214,87564647.0,0.61,-5.47,137900,192050,140586,0.747
569,KNSA,Healthcare,Drug Manufacturers - Specialty & Generic,NASDAQ,141.92,90,110.9,87,88,90,91,58.37,4508567620.201904,76938016.0,0.108,-0.82,976650,785500,749738,0.555
570,SLDB,Healthcare,Biotechnology,NASDAQ,141.86,90,97.64,66,94,90,32,7.68,715464521.9129157,98413277.0,0.1104,-13.38,1124210,1031623,1316726,
571,AU,Basic Materials,Gold,NYSE,141.77,90,102.1,76,94,96,96,108.34,54111982861.469696,505577721.0,0.0087,-16.11,2645260,2467940,2956098,0.753
572,AESI,Energy,Oil & Gas Equipment & Services,NYSE,141.74,90,127.06,94,44,44,11,18.84,2336983362.2855225,124905584.0,0.1612,-3.93,5953950,6425786,5215344,-0.108
573,XFOR,Healthcare,Biotechnology,NASDAQ,141.67,90,104.05,79,83,25,31,4.5,417836237.0889511,94319696.0,0.0347,-6.83,354770,392270,453734,-0.906
574,IMTX,Healthcare,Biotechnology,NASDAQ,141.64,90,101.11,75,89,90,94,11.54,1524678053.7738647,134096576.0,0.0559,-7.01,495010,360750,476902,-0.649
575,GRC,Industrials,Specialty Industrial Machinery,NYSE,141.62,90,104.13,80,92,92,72,77.88,2040983546.8009338,26410243.0,0.0207,-2.09,128070,185373,181356,0.077
576,CYTK,Healthcare,Biotechnology,NASDAQ,141.52,90,109.49,86,81,88,93,74.56,10328376676.990967,134291720.0,0.19510001,-7.03,5429770,2871103,2562208,11.258
577,SA,Basic Materials,Gold,NYSE,141.5,90,106.21,82,90,95,94,33.33,3351116943.126915,107373183.0,0.0375,-16.8,900090,842423,1005734,
578,QCOM,Technology,Semiconductors,NASDAQ,141.38,90,158.49,98,28,27,69,237.53,230920856140.13672,1054000000.0,0.0514,4.16,36461930,20291386,17389428,-0.035
579,XMTR,Industrials,Industrial Distribution,NASDAQ,141.31,90,161.35,98,61,72,92,80.74,4208429940.343155,52598798.0,0.104499996,-2.17,1186720,844826,867128,0.359
580,APYX,Healthcare,Medical Devices,NASDAQ,141.27,90,96.85,64,95,94,97,3.92,153677403.36472893,41873951.0,0.005,-12.89,327700,186380,175508,0.347
581,XOMA,Healthcare,Biotechnology,NASDAQ,141.2,90,116.56,90,86,22,72,41.5,508100768.0467987,12129405.0,0.19860001,-3.06,387750,325823,245200,0.579
582,ARM,Technology,Semiconductors,NASDAQ,141.2,90,124.74,94,80,27,49,212.65,226918979356.52234,1063998569.0,0.1146,-11.21,11777700,9629000,8592588,0.201
583,DBI,Consumer Cyclical,Footwear & Accessories,NYSE,141.15,90,91.61,35,92,93,48,6.57,353724150.72232676,50749521.0,0.4953,-24.91,429750,602563,678378,0.0
584,PFAI,Consumer Defensive,Farm Products,NASDAQ,141.09,90,108.29,84,93,31,69,3.71,47533151.23857498,11736580.0,0.0007,-24.75,3440,7996,7772,0.289
585,PTGX,Healthcare,Biotechnology,NASDAQ,140.98,90,99.63,71,88,89,94,103.5,6389978060.532547,64311373.0,0.153,-4.02,602440,679590,796892,0.99
586,WCC,Industrials,Industrial Distribution,NYSE,140.9,90,116.79,91,86,84,83,366.3,17305335057.611572,48704892.0,0.0378,-0.7,849620,600743,609318,0.138
587,MG,Industrials,Security & Protection Services,NYSE,140.88,90,98.89,70,91,85,87,17.77,561246233.420639,31816681.0,0.0414,-9.15,201410,162593,172662,0.046
588,SSP,Communication Services,Broadcasting,NASDAQ,140.84,90,83.77,14,93,94,85,3.79,414998050.53301334,91409263.0,0.0681,-29.68,676330,601913,745250,-0.014
589,CADL,Healthcare,Biotechnology,NASDAQ,140.81,89,151.66,98,27,39,22,8.85,611806523.600378,73270239.0,0.24370001,5.86,2069160,1840163,1615570,
590,SPRB,Healthcare,Biotechnology,NASDAQ,140.76,89,84.72,16,6,97,99,56.4,152678763.5,2702279.0,0.1344,-93.27,40730,80160,63100,
591,CYRX,Industrials,Integrated Freight & Logistics,NASDAQ,140.74,89,132.63,95,71,54,74,13.17,685471476.0269566,50402313.0,0.0542,-3.73,823300,569426,537938,0.165
592,CRCL,Financial Services,Capital Markets,NYSE,140.72,89,144.52,97,36,14,25,131.76,28100407988.7442,247210420.0,0.113000005,-55.93,19661450,14256196,17474298,0.769
593,SDRL,Energy,Oil & Gas Drilling,NYSE,140.63,89,100.0,72,92,86,51,49.96,3017557259.981941,62449447.0,0.070300005,-0.55,617870,648600,708812,0.263
594,CEVA,Technology,Semiconductors,NASDAQ,140.49,89,155.22,98,29,28,44,36.46,1029960905.9380188,27859369.0,0.0623,-1.65,1172540,687270,565020,0.071
595,CGTX,Healthcare,Biotechnology,NASDAQ,140.48,89,112.55,88,80,84,97,1.18,108118068.73857594,89353773.0,0.0881,-69.19,799570,1265930,1191268,
596,PLRZ,Healthcare,Biotechnology,NASDAQ,140.46,89,108.17,84,79,92,3,16.12,30585996.605621338,1871848.0,0.0383,-97.44,45030,54376,44004,
597,PKX,Basic Materials,Steel,NYSE,140.32,89,124.35,93,76,83,72,88.61,27123375290.745483,295719308.0,0.0021,-4.1,276550,206576,207880,0.025
598,CMI,Industrials,Specialty Industrial Machinery,NYSE,140.22,89,109.26,85,89,88,81,702.66,93770468795.41315,137989067.0,0.016900001,-2.15,943680,818696,844682,0.027
599,MEC,Industrials,Metal Fabrication,NYSE,140.2,89,122.98,93,82,83,59,27.26,557436978.8356857,20494006.0,0.056599997,0.22,257490,162050,178678,0.068
600,OOMA,Technology,Software - Application,NYSE,140.02,89,122.76,93,71,32,29,18.99,530538817.4568615,27474823.0,0.0287,-1.66,279650,276276,283852,0.146
601,ZIM,Industrials,Marine Shipping,NYSE,139.81,89,99.56,71,92,81,44,26.47,3207023888.7292633,120519497.0,0.026099999,-11.68,2017930,1488883,1776628,-0.315
602,UNFI,Consumer Defensive,Food Distribution,NYSE,139.78,89,107.59,84,89,78,89,52.27,3187952646.845085,60931817.0,0.056799997,-0.78,591380,603930,744238,-0.026
603,NKTX,Healthcare,Biotechnology,NASDAQ,139.74,89,127.21,94,69,39,25,3.18,227418054.82929945,71290925.0,0.1003,-12.88,873290,946760,837116,
604,ASTH,Healthcare,Medical Care Facilities,NASDAQ,139.68,89,130.12,95,42,16,12,37.97,2189541765.0939484,55713532.0,0.083500005,-4.84,535050,474253,510412,0.429
605,B,Basic Materials,Gold,NYSE,139.64,89,106.08,82,87,95,95,47.0,72438493417.24057,1679538410.0,0.86,-14.06,14758430,11964136,13350350,0.645
606,USEA,Industrials,Marine Shipping,NASDAQ,139.58,89,106.52,83,87,72,45,2.27,22319244.441334963,9538139.0,0.0794,-5.02,54790,40906,79858,-0.391
607,NTCT,Technology,Software - Infrastructure,NASDAQ,139.5,89,119.82,92,82,67,77,40.67,2823093492.519951,72220350.0,0.050300002,2.42,603010,550213,614892,-0.01
608,TXN,Technology,Semiconductors,NASDAQ,139.47,89,122.3,93,72,79,25,297.76,261924694140.26886,910092791.0,0.0212,1.75,7998550,7687186,7223956,0.186
609,ISOU,Energy,Uranium,NYSE ARCA,139.46,89,114.69,89,82,81,70,13.22,730578642.164051,60628932.0,11.62,-2.65,107310,111736,133444,
610,SOLS,Basic Materials,Specialty Chemicals,NASDAQ,139.42,89,105.72,82,91,92,32,85.42,12426434362.25,158804273.0,0.0251,0.51,2499270,2015986,2664336,0.106
611,RNG,Technology,Software - Application,NYSE,139.42,89,115.68,90,83,37,28,44.62,3849563267.571266,84364742.0,0.1498,-8.13,2344980,1756466,1868172,0.053
612,TALK,Healthcare,Health Information Services,NASDAQ,139.39,89,98.86,70,91,70,66,5.19,869390227.1251459,167512566.0,0.0353,-0.19,1574910,1765956,4563336,0.293
613,AXSM,Healthcare,Biotechnology,NASDAQ,139.3,89,112.62,88,84,89,82,216.47,11186324184.348389,51459766.0,0.081499994,-7.61,1217840,807190,713848,0.574
614,TWST,Healthcare,Diagnostics & Research,NASDAQ,139.3,89,101.21,75,84,88,22,56.21,3540124105.8815155,62271314.0,0.3052,-14.91,1556340,1374486,1250500,0.193
615,SNX,Technology,Electronics & Computer Distribution,NYSE,139.29,89,113.7,89,88,61,72,237.02,19275351647.825317,80626390.0,0.0186,-1.43,666750,958083,800316,0.181
616,FIGS,Consumer Cyclical,Apparel Manufacturing,NYSE,139.29,89,81.21,11,96,90,92,11.94,1942759571.507041,167047253.0,0.1328,-31.69,4933490,3513103,3551644,0.28
617,ASM,Basic Materials,Other Precious Metals & Mining,NYSE ARCA,139.22,89,101.02,74,93,99,97,7.52,1163142199.976215,168571331.0,0.0225,-37.28,3951910,4353220,4974446,0.253
618,NNNN,Healthcare,Medical Instruments & Supplies,NASDAQ,139.18,89,88.2,24,89,96,98,25.35,1134148614.6972656,43891200.0,0.0011999999,-54.45,26610,27550,31092,0.739
619,CASY,Consumer Cyclical,Specialty Retail,NASDAQ,139.16,89,111.54,87,83,84,77,877.07,31858657882.188232,37066933.0,0.0347,1.04,354330,680890,606600,0.003
620,ENTG,Technology,Semiconductor Equipment & Materials,NASDAQ,139.13,89,104.44,80,90,89,31,149.15,22709453092.956543,152300000.0,0.0849,-6.28,3628730,2869123,2647098,0.05
621,SLSR,Basic Materials,Other Precious Metals & Mining,NYSE ARCA,139.01,89,100.69,74,95,95,94,10.43,1702089922.229187,167035328.0,3.63,-8.75,128990,115763,127798,
622,VLN,Technology,Semiconductors,NYSE,138.85,89,190.73,99,14,19,22,2.85,293766628.98340225,105292700.0,0.0002,-14.67,7300580,2895963,1975224,0.164
623,GLBS,Industrials,Marine Shipping,NASDAQ,138.57,89,97.48,66,88,88,57,2.09,46833594.81659889,21582301.0,0.0134000005,-14.34,53610,94096,88910,0.548
624,PBR,Energy,Oil & Gas Integrated,NYSE,138.5,89,97.65,66,94,75,68,20.75,131013968034.06386,6444366381.0,1.68,-6.7,17992220,25279263,30447836,0.05
625,AMWL,Healthcare,Health Information Services,NYSE,138.49,89,139.0,97,33,19,6,8.15,133166606.00442076,16708483.0,0.0212,-10.93,73640,63243,63422,-0.179
626,UEC,Energy,Uranium,NYSE ARCA,138.4,89,107.15,83,89,93,92,16.47,7431746995.478245,490220783.0,0.1373,-19.03,8994730,8493423,9442130,-0.594
627,FNKO,Consumer Cyclical,Leisure,NASDAQ,138.22,89,132.95,96,37,29,17,5.44,293716224.6206665,55839584.0,0.1274,-10.67,1010360,744953,958390,-0.07
628,NAK,Basic Materials,Other Industrial Metals & Mining,NYSE ARCA,138.09,89,113.06,88,66,96,97,2.18,1203976751.7047281,559989162.0,0.0631,-26.85,6913280,8930383,8229496,
629,STNG,Energy,Oil & Gas Midstream,NYSE,138.06,89,104.27,80,91,83,87,85.15,4255781960.846161,50417981.0,0.0454,-2.56,1396320,1206546,1323476,0.462
630,DINO,Energy,Oil & Gas Refining & Marketing,NYSE,137.88,89,111.87,88,85,83,87,72.81,13057349956.925697,180275437.0,0.040700004,-2.57,3132460,2352843,2756676,0.118
631,ECVT,Basic Materials,Specialty Chemicals,NYSE,137.86,89,101.37,75,92,85,59,14.42,1547672301.3378716,109453484.0,0.0306,-3.47,1725330,2023306,2291270,0.502
632,PBI,Industrials,Integrated Freight & Logistics,NYSE,137.76,89,117.41,91,66,53,40,15.9,2126430346.6665983,135441425.0,0.0001,-0.31,4093060,3598366,3477722,-0.032
633,TWIN,Industrials,Specialty Industrial Machinery,NASDAQ,137.76,89,101.09,74,90,92,93,18.5,277350956.60775375,14422827.0,0.0064999997,-5.95,83660,57320,50928,0.003
634,JL,Consumer Cyclical,Apparel Manufacturing,NASDAQ,137.66,89,102.8,77,83,33,98,6.54,25128162.034261227,3761701.0,0.0049,-20.44,17310,19430,26882,0.193
635,CMTV,Financial Services,Banks - Regional,NASDAQ,137.66,89,100.08,72,87,91,81,38.07,221848110.66412354,5596572.0,0.0106,-11.3,17820,24473,38784,0.151
636,ASTS,Technology,Communication Equipment,NASDAQ,137.62,89,94.63,55,95,96,95,82.55,22415839973.245163,298678735.0,0.2133,-36.45,18891560,17613010,15827406,27.313
637,ALGM,Technology,Semiconductors,NASDAQ,137.61,89,120.72,92,82,90,37,48.39,9069988227.865715,185290870.0,0.1271,-5.86,3120560,2235640,2051734,0.261
638,PHAT,Healthcare,Biotechnology,NASDAQ,137.6,89,97.02,65,86,93,96,12.22,969832376.3102074,79755953.0,0.126,-33.26,1684420,1300853,1229554,1.044
639,VLO,Energy,Oil & Gas Refining & Marketing,NYSE,137.48,89,98.69,69,91,83,85,248.13,71578615703.98645,296932782.0,0.0341,-3.99,3254820,3225833,3980998,0.066
640,HAL,Energy,Oil & Gas Equipment & Services,NYSE,137.22,89,96.93,64,89,87,77,40.26,33273893314.70894,835397735.0,0.045300003,-5.18,10089820,13467876,15659500,-0.003
641,TAOX,Technology,Software - Infrastructure,NASDAQ,137.18,89,128.76,95,45,25,95,6.55,48418113.022515774,7471931.0,0.082600005,-45.33,157270,185960,201384,
642,MCHP,Technology,Semiconductors,NASDAQ,137.12,89,123.08,93,75,85,28,99.03,53621110551.522766,541135458.0,0.059299998,-6.5,13100430,10487583,9849078,0.351
643,TEVA,Healthcare,Drug Manufacturers - Specialty & Generic,NYSE,137.1,89,106.08,82,89,93,90,35.84,41604975176.52763,1164426972.0,0.0257,-4.04,9988910,6374826,7061920,0.023
644,ABOS,Healthcare,Biotechnology,NASDAQ,137.1,89,98.72,69,91,92,78,2.57,184902600.66710472,72227580.0,0.0307,-28.61,272650,381713,596086,
645,AMN,Healthcare,Medical Care Facilities,NYSE,137.07,89,141.29,97,52,27,16,30.27,1119871362.1368637,38656244.0,0.0736,4.38,1524570,962286,1007012,0.999
646,CALY,Consumer Cyclical,Leisure,NYSE,137.07,89,102.91,78,87,93,86,16.11,3188220847.2220345,181976071.0,0.0417,-8.98,3746950,2773150,2666672,-0.371
647,AEF,Financial Services,Asset Management,NYSE ARCA,136.72,89,112.45,88,85,87,81,9.9,399111994.8223572,40601424.0,0.4,-0.8,162690,185266,193374,-0.023
648,UGP,Energy,Oil & Gas Refining & Marketing,NYSE,136.69,88,98.97,70,92,89,84,6.02,6597736258.752309,1079825878.0,0.0026,-2.27,2275340,2746523,3007702,0.103
649,PBF,Energy,Oil & Gas Refining & Marketing,NYSE,136.53,88,96.19,62,91,74,92,42.52,4816337257.575371,118308459.0,0.1368,-18.51,4033440,3486786,3979536,0.119
650,ORN,Industrials,Engineering & Construction,NYSE,136.42,88,118.12,91,86,91,82,15.15,603141226.7583809,40479278.0,0.0399,-4.17,481360,308290,380998,0.147
651,CDXS,Healthcare,Biotechnology,NASDAQ,136.25,88,127.77,94,58,8,6,2.65,259055207.28142786,90896567.0,0.070199996,-31.52,1418260,1425850,2660452,0.813
652,GNK,Industrials,Marine Shipping,NYSE,136.2,88,105.29,81,90,85,75,26.23,1129081384.7606697,43577051.0,0.028099999,0.31,287310,292083,420866,0.606
653,DAN,Consumer Cyclical,Auto Parts,NYSE,136.13,88,90.12,30,96,94,89,33.86,3801610841.784981,109556506.0,0.051799998,-14.41,1063930,967230,1193296,0.052
654,ASA,Financial Services,Asset Management,NYSE,136.04,88,101.23,75,90,95,94,70.55,1298623570.3226624,18787956.0,0.0016,-15.2,59780,53533,64996,-0.003
655,LVLU,Consumer Cyclical,Apparel Retail,NASDAQ,136.01,88,82.61,12,76,98,19,9.9,29188285.74804783,2864405.0,0.0214,-69.37,11370,19046,26094,-0.047
656,NVCR,Healthcare,Medical Devices,NASDAQ,136.0,88,151.05,98,18,33,16,18.1,2072036545.9085083,115820940.0,0.1018,-9.77,2696640,1628663,1520068,0.123
657,LEE,Communication Services,Publishing,NASDAQ,135.99,88,95.08,57,87,67,11,7.91,177394913.64400244,22229939.0,0.0164,-20.66,43720,36950,69872,-0.1
658,ARW,Technology,Electronics & Computer Distribution,NYSE,135.98,88,113.86,89,88,84,33,202.56,9968562616.65158,51133946.0,0.0421,1.55,929500,700113,613418,0.39
659,DNN,Energy,Uranium,NYSE ARCA,135.88,88,97.19,65,92,95,88,3.85,3381019713.981368,904015964.0,1.95,-13.09,21339660,25981766,33730154,0.044
660,EGY,Energy,Oil & Gas E&P,NYSE,135.74,88,94.25,53,91,80,46,6.06,599268052.1945257,107012154.0,0.0521,-9.82,1535360,1640703,1781584,-0.433
661,EQNR,Energy,Oil & Gas Integrated,NYSE,135.74,88,97.32,65,92,72,68,38.22,91437425200.61613,2492162132.0,0.026300002,-12.06,4571580,5986213,8087740,-0.053
662,SB,Industrials,Marine Shipping,NYSE,135.55,88,103.27,78,89,87,80,7.07,719368638.3193517,102328395.0,0.0531,-1.81,435670,441413,579360,0.015
663,NUE,Basic Materials,Steel,NYSE,135.54,88,109.52,86,83,85,65,232.0,51809859010.0,227735644.0,0.0256,-1.46,1667050,1515200,1493526,0.213
664,AVIR,Healthcare,Biotechnology,NASDAQ,135.45,88,97.32,65,92,84,35,5.41,434547133.832438,80027099.0,0.123500004,-16.12,276570,296556,451942,
665,CLNN,Consumer Defensive,Packaged Foods,NASDAQ,135.32,88,112.01,88,85,30,96,6.5,85746077.43118715,11778307.0,0.1025,-51.85,2534130,901710,573216,-0.154
666,UNIT,Real Estate,REIT - Specialty,NASDAQ,135.28,88,107.97,84,88,62,25,11.37,2737364347.199011,242674150.0,0.1225,-6.61,3154250,3040326,2617542,2.127
667,TK,Energy,Oil & Gas Midstream,NYSE,135.24,88,103.2,78,90,85,89,13.62,1225996571.1669502,87011821.0,0.0571,-5.29,495680,484600,540356,-0.053
668,TS,Energy,Oil & Gas Equipment & Services,NYSE,135.22,88,99.58,71,91,77,74,61.87,30193277596.444603,504819878.0,0.031,-3.82,1934380,2005736,2123700,0.061
669,RELY,Technology,Software - Infrastructure,NASDAQ,135.16,88,130.02,95,63,21,9,24.28,5059782872.950819,210561079.0,0.0307,-1.72,5332140,3949460,3694554,0.252
670,LIDR,Technology,Software - Infrastructure,NASDAQ,135.14,88,107.46,83,77,76,96,2.13,90238379.24245238,45345919.0,0.0502,-66.93,1645990,4604870,5499606,1.109
671,APLM,Healthcare,Biotechnology,NASDAQ,134.97,88,91.5,35,85,98,99,14.65,33929002.98113632,2196052.0,0.0032,-65.22,3590,7493,6686,
672,TENX,Healthcare,Biotechnology,NASDAQ,134.95,88,78.73,8,93,95,79,11.95,300542326.0669708,25775500.0,0.0076,-34.98,764310,635063,555716,
673,CBL,Real Estate,REIT - Retail,NYSE,134.86,88,104.97,81,87,77,76,46.42,1465235853.9819946,30944792.0,0.0462,-3.27,252920,201740,186592,0.188
674,OII,Energy,Oil & Gas Equipment & Services,NYSE,134.84,88,98.05,67,92,86,54,37.93,3644691489.779503,99745249.0,0.0625,-5.46,1072680,1168393,1209104,0.027
675,STK,Financial Services,Asset Management,NYSE,134.82,88,114.06,89,81,76,80,51.83,902317199.1249046,17661327.0,0.47,-0.02,48220,51606,48380,
676,ESLT,Industrials,Aerospace & Defense,NASDAQ,134.81,88,90.85,32,93,92,87,794.95,36583673309.953,46769630.0,0.0099,-21.76,111180,117453,168596,0.113
677,BWLP,Energy,Oil & Gas Midstream,NYSE,134.73,88,106.67,83,89,80,51,20.5,3093981502.112114,151814604.0,0.0042,-1.16,407500,372126,419920,-0.132
678,CCO,Communication Services,Advertising Agencies,NYSE,134.68,88,92.81,42,91,92,89,2.38,1216470632.7344947,508983506.0,0.0629,-2.06,5554320,5088033,7252692,0.119
679,NEGG,Consumer Cyclical,Internet Retail,NASDAQ,134.6,88,56.98,1,98,98,99,24.8,535022765.4003525,20973060.0,0.236,-82.01,103560,81453,71844,0.213
680,BLTE,Healthcare,Biotechnology,NASDAQ,134.56,88,86.54,19,96,97,94,151.97,6189828027.463135,39965314.0,0.0538,-24.01,91530,130376,150648,
681,AGRO,Consumer Defensive,Farm Products,NYSE,134.56,88,99.53,71,91,43,23,13.49,1894770175.0947933,144308466.0,0.0128999995,-15.1,1347580,1505553,1854358,0.111
682,ROKU,Communication Services,Entertainment,NASDAQ,134.54,88,118.25,91,69,34,79,128.07,19130771386.739777,147693751.0,0.0647,-2.03,3346510,2738906,2809824,0.224
683,URG,Energy,Uranium,NYSE ARCA,134.45,88,105.59,81,79,89,77,1.82,691357428.0092518,397331853.0,0.0664,-22.55,7092480,7421156,8270672,-0.539
684,TDAY,Communication Services,Publishing,NYSE,134.4,88,98.12,68,93,84,67,7.3,1122429875.5951118,147107452.0,0.1273,-4.95,2046430,1860926,1968852,-0.04
685,TALO,Energy,Oil & Gas E&P,NYSE,134.34,88,95.03,57,91,83,79,15.33,2502217973.6137123,166925818.0,0.086899996,-9.85,1804600,2103943,2410510,-0.079
686,NXE,Energy,Uranium,NYSE,134.32,88,100.46,73,89,92,83,12.66,8035277098.179982,661884421.0,6.11,-9.31,6116380,5638133,7040274,
687,GRML,Basic Materials,Other Precious Metals & Mining,NASDAQ,134.26,88,119.91,92,54,9,74,0.43,55769784.61169422,121238660.0,0.0726,-89.0,2678070,3325480,4217572,
688,CORZ,Technology,Software - Infrastructure,NASDAQ,134.14,88,119.25,91,86,81,71,22.95,7285930916.892723,317885292.0,0.2161,-8.24,18915510,15450310,14208786,0.449
689,E,Energy,Oil & Gas Integrated,NYSE,134.11,88,98.56,69,92,80,81,55.46,78572934153.76451,1470577086.0,0.0016,-4.38,472320,597573,629566,-0.126
690,ITRN,Technology,Scientific & Technical Instruments,NASDAQ,134.06,88,110.52,86,87,79,65,60.98,1206940563.1051178,19808642.0,0.013099999,-0.23,117800,132470,126280,0.128
691,CERS,Healthcare,Medical Devices,NASDAQ,134.02,88,119.67,92,66,88,73,2.52,522963001.1204581,200368974.0,0.057600003,-20.0,4460810,2199576,2279298,0.241
692,TECK,Basic Materials,Other Industrial Metals & Mining,NYSE,134.0,88,108.75,85,84,89,72,65.29,31779444197.314865,489894294.0,2.0,0.57,3042530,3073650,3945988,0.722
693,STLD,Basic Materials,Steel,NASDAQ,133.88,88,108.25,84,83,87,76,235.97,33904425693.304962,144212781.0,0.0357,-3.18,978440,1126073,1173338,0.191
694,EQX,Basic Materials,Gold,NYSE ARCA,133.84,88,96.77,64,90,94,95,14.86,11276326624.75799,789106134.0,1.73,-21.62,7977460,8658766,9364882,2.243
695,IBIO,Healthcare,Biotechnology,NASDAQ,133.78,88,83.27,13,93,95,67,1.66,61805490.68876743,36143561.0,0.1062,-56.54,1300420,893256,1004906,
696,Q,Technology,Semiconductor Equipment & Materials,NYSE,133.76,88,114.82,90,86,68,29,153.24,30889047152.206924,209658907.0,0.020299999,1.24,1835580,1601100,1842864,0.081
697,CXDO,Communication Services,Telecom Services,NASDAQ,133.69,88,136.96,96,55,33,76,9.47,303407880.1510649,32415373.0,0.033099998,-3.76,625870,291693,272532,0.29
698,WHLRP,Real Estate,REIT - Retail,NASDAQ,133.64,88,94.13,52,88,92,39,7.16,,,0.7,-7.61,1690,8333,8648,-0.014
699,MOV,Consumer Cyclical,Luxury Goods,NYSE,133.63,88,98.56,69,89,85,70,27.61,622584801.4174099,22227233.0,0.034,-5.57,113220,135806,148394,0.056
700,VFF,Consumer Defensive,Farm Products,NASDAQ,133.61,88,87.36,21,95,96,99,2.64,293721915.3904071,114288686.0,0.0446,-47.09,1472450,1222513,1298994,0.093
701,MIRM,Healthcare,Biotechnology,NASDAQ,133.49,88,104.13,80,89,93,86,106.17,6534748508.639923,60981227.0,0.17909999,-5.21,1108900,863206,895400,0.433
702,TSM,Technology,Semiconductors,NYSE,133.39,88,102.96,78,88,90,87,404.54,2135137114013.6719,5186400000.0,0.0053,-3.68,13662030,13890793,14051616,0.351
703,ONFO,Communication Services,Internet Content & Information,NASDAQ,133.35,88,135.68,96,16,7,33,1.15,6741065.015410781,5913215.0,0.0095,-53.59,259650,9972713,6147710,-0.201
704,NSYS,Healthcare,Medical Devices,NASDAQ,133.34,88,104.37,80,93,47,21,13.74,35829682.2834568,2786134.0,0.0101,-10.72,18290,29013,21334,0.059
705,ARCB,Industrials,Trucking,NASDAQ,133.3,88,98.75,69,85,86,21,118.31,2693249493.777466,22263780.0,0.0774,-12.43,366180,315733,317628,0.033
706,MX,Technology,Semiconductors,NYSE,133.27,88,114.49,89,47,43,12,4.3,164072530.5990696,36219100.0,0.0043,-23.76,2605320,1727680,1157478,0.033
707,RHLD,Industrials,Specialty Business Services,NYSE,133.08,87,66.56,3,98,99,99,110.0,916080635.6397705,8257442.0,0.0838,-53.43,186940,174676,220850,2.925
708,DSX,Industrials,Marine Shipping,NYSE,133.05,87,102.24,77,89,85,62,2.7,334797935.8327408,123541672.0,0.0364,-2.53,634200,512406,669352,-0.088
709,UNCY,Healthcare,Biotechnology,NASDAQ,133.0,87,110.59,87,77,71,76,7.95,211998215.9077878,26700027.0,0.088,-27.73,581920,577326,523462,
710,OLPX,Consumer Cyclical,Specialty Retail,NASDAQ,132.99,87,99.13,70,85,73,15,2.04,1367605885.8418427,672042176.0,0.062800005,0.0,2490050,3976176,5637194,0.043
711,OGC,Basic Materials,Gold,NYSE,132.97,87,93.63,49,94,97,96,32.74,7140335467.786198,223764823.0,4.15,-24.44,227310,214836,138078,0.985
712,NVA,Basic Materials,Other Industrial Metals & Mining,NASDAQ,132.95,87,99.12,70,93,96,99,6.48,259943953.04391098,39385448.0,0.069299996,-60.2,475410,408970,494518,
713,AIRG,Technology,Communication Equipment,NASDAQ,132.92,87,107.93,84,88,72,13,7.05,90378312.8506279,12675780.0,0.0143,-4.6,120940,106320,97976,-0.042
714,SLN,Healthcare,Biotechnology,NASDAQ,132.87,87,112.98,88,84,29,73,7.17,329225242.6997838,47234613.0,0.0581,-14.64,230030,370836,370394,1.972
715,VTRS,Healthcare,Drug Manufacturers - Specialty & Generic,NASDAQ,132.84,87,109.01,85,85,91,57,16.92,19995369158.028316,1164552654.0,0.0304,-3.48,16316440,11424500,11203116,0.081
716,SWBI,Industrials,Aerospace & Defense,NASDAQ,132.83,87,94.66,55,89,82,33,14.4,646939065.1426983,44493746.0,0.036199998,-8.8,438830,519576,625316,0.171
717,NHC,Healthcare,Medical Care Facilities,NYSE ARCA,132.79,87,104.45,80,88,89,76,189.75,2949300728.0216675,15619641.0,0.060500003,-0.11,93350,116370,120536,0.022
718,ZYME,Healthcare,Biotechnology,NASDAQ,132.77,87,86.88,20,92,90,84,24.03,1757681501.1440277,73573945.0,0.093100004,-19.23,662110,630826,688548,-0.911
719,ATEN,Technology,Software - Infrastructure,NYSE,132.74,87,105.86,82,86,66,44,28.02,2001549210.0697517,71998175.0,0.108,-1.99,1126150,1081513,1100470,0.134
720,WT,Financial Services,Asset Management,NYSE,132.74,87,112.96,88,84,89,48,19.4,2921178258.0424633,152941267.0,0.2086,0.57,3199110,3487860,3257886,0.475
721,AVT,Technology,Electronics & Computer Distribution,NASDAQ,132.7,87,109.8,86,87,83,32,82.86,6733356508.908844,82024081.0,0.104399994,-2.23,1685070,1306290,1112850,0.339
722,DCO,Industrials,Aerospace & Defense,NYSE,132.7,87,98.7,69,91,89,81,140.68,2056658672.7788544,14986947.0,0.0422,-5.47,210810,218026,203670,0.094
723,DDOG,Technology,Software - Application,NASDAQ,132.64,87,152.35,98,29,27,89,202.32,71248992733.80515,355960189.0,0.0444,0.31,8631240,5951820,5400524,0.322
724,KODK,Industrials,Specialty Business Services,NYSE,132.61,87,94.51,54,92,52,80,10.59,1113615985.1074219,97600000.0,0.0758,-28.78,1508280,1559963,1425946,0.09
725,CYD,Consumer Cyclical,Auto Manufacturers,NYSE,132.6,87,104.57,80,91,98,97,47.46,1734847318.4932594,37518323.0,0.0273,-16.07,128090,113773,147094,0.23
726,FNRN,Financial Services,Banks - Regional,NASDAQ,132.57,87,108.4,84,83,80,82,17.85,291435565.3558731,16409660.0,,-0.72,56800,25016,17506,0.085
727,SCHL,Communication Services,Publishing,NASDAQ,132.5,87,95.85,60,90,89,83,40.06,740013030.9411392,18454191.0,0.2351,-7.67,350940,690880,635024,-0.019
728,ADV,Communication Services,Advertising Agencies,NASDAQ,132.47,87,126.24,94,50,6,10,35.84,528886222.17041016,13295280.0,0.0954,-33.17,84920,89810,74412,0.058
729,VGZ,Basic Materials,Gold,NYSE ARCA,132.43,87,103.01,78,88,97,97,2.37,328435528.5,145971346.0,0.0066000004,-24.28,1071750,1166483,1572220,
730,MUSA,Consumer Cyclical,Specialty Retail,NYSE,132.36,87,113.83,89,66,37,21,577.94,10673654650.761108,18470685.0,0.0621,-5.23,369940,350860,368466,0.071
731,AAON,Industrials,Building Products & Equipment,NASDAQ,132.3,87,147.82,97,62,47,37,141.7,11439789718.569641,81911710.0,0.10520001,-4.9,1752510,1142923,1046914,0.543
732,BHP,Basic Materials,Other Industrial Metals & Mining,NYSE,132.29,87,108.81,85,87,84,63,87.65,215218039295.2472,2540345092.0,0.0057,2.95,2223740,2524396,3173524,0.108
733,RIO,Basic Materials,Other Industrial Metals & Mining,NYSE,132.28,87,104.41,80,88,90,77,107.9,171374386717.62665,1626251577.0,0.0069999998,1.56,2640610,2551223,2908816,0.146
734,NUTR,Consumer Cyclical,Travel Services,NASDAQ,132.28,87,92.66,41,88,94,97,9.0,174412512.0,19379168.0,0.0682,-11.24,0,0,0,3.432
735,PDEX,Healthcare,Medical Instruments & Supplies,NASDAQ,132.23,87,110.77,87,71,53,18,56.51,189234827.39152908,3192759.0,0.3146,-8.29,27820,25090,26796,0.146
736,MATX,Industrials,Marine Shipping,NYSE,132.16,87,100.56,73,89,85,28,181.91,5529706741.262482,30263281.0,0.0469,-4.25,253470,238133,279120,-0.031
737,PSTL,Real Estate,REIT - Office,NYSE,132.15,87,108.69,85,82,83,75,23.35,643440271.9376526,27651064.0,0.1015,-0.6,325000,254380,262684,0.203
738,TII,Basic Materials,Other Industrial Metals & Mining,NYSE ARCA,132.14,87,81.46,11,98,99,99,2.51,248668900.3079548,98288104.0,1.43,-55.58,217200,198043,241942,-0.047
739,MT,Basic Materials,Steel,NYSE,132.04,87,100.95,74,92,94,85,62.34,47220246507.5915,761125819.0,0.0058999998,-7.78,2043550,1708416,1893156,0.045
740,ALAB,Technology,Semiconductors,NASDAQ,132.02,87,124.29,93,87,46,83,207.35,34245590981.999863,171407939.0,0.111099996,-21.13,5703710,5789616,5318662,0.934
741,ALOT,Technology,Computer Hardware,NASDAQ,132.01,87,119.33,92,72,37,19,14.57,111700040.32150269,7692840.0,0.0023,-3.38,52660,61330,43482,0.005
742,WFRD,Energy,Oil & Gas Equipment & Services,NASDAQ,131.96,87,91.96,37,92,91,78,102.28,7359399948.290131,71925332.0,0.0655,-8.93,1169090,1263806,1459286,-0.034
743,RCMT,Industrials,Conglomerates,NASDAQ,131.65,87,113.45,89,83,26,26,29.57,204265004.49703217,7087613.0,0.049099997,-9.02,60050,79820,69414,0.124
744,PDS,Energy,Oil & Gas Drilling,NYSE,131.57,87,89.8,29,92,90,71,92.06,1136111559.23806,12941241.0,1.87,-11.31,138020,131343,150150,0.022
745,NMM,Industrials,Marine Shipping,NYSE,131.54,87,100.41,73,90,81,78,73.2,2140094479.5162048,28546011.0,0.0196,-6.03,154680,141256,170488,0.099
746,ANDE,Consumer Defensive,Food Distribution,NASDAQ,131.32,87,90.83,32,92,92,81,71.58,2433162197.2752686,34054056.0,0.030299999,-12.82,453780,335680,361532,-0.012
747,TNK,Energy,Oil & Gas Midstream,NYSE,131.22,87,102.49,77,90,86,89,81.56,2876479487.4501343,34643858.0,0.0378,-2.89,348670,474516,536006,-0.0
748,CBIO,Healthcare,Biotechnology,NASDAQ,131.13,87,104.69,80,86,11,10,18.52,517303723.3113766,27574825.0,0.1846,-33.86,347980,300773,261050,
749,SU,Energy,Oil & Gas Integrated,NYSE,131.06,87,96.19,62,90,84,76,65.12,75579502070.23386,1180745189.0,1.55,-7.36,3355260,3982906,4965628,0.175
750,OCS,Healthcare,Biotechnology,NASDAQ,131.04,87,113.19,88,83,89,70,32.65,1892612020.9291077,57984438.0,0.0086,-0.34,452010,374523,376106,136.0
751,CHRS,Healthcare,Biotechnology,NASDAQ,131.04,87,101.67,76,85,94,82,1.95,262307328.5,149889902.0,0.19229999,-25.46,1055980,1018846,1230032,0.649
752,FCFS,Financial Services,Credit Services,NASDAQ,130.91,87,107.82,84,85,81,83,233.0,9980736575.090515,43836687.0,0.028900001,0.99,388350,387153,367852,0.257
753,MSGS,Communication Services,Entertainment,NYSE,130.77,87,100.73,74,86,83,63,344.12,7946009020.81604,24069333.0,0.049099997,-0.4,266700,236460,233588,0.019
754,VSTS,Industrials,Rental & Leasing Services,NYSE,130.76,87,97.66,66,86,84,20,9.3,1219208156.9192848,131948938.0,0.1171,-10.4,1051470,1059173,1277248,-0.03
755,CHRD,Energy,Oil & Gas E&P,NASDAQ,130.64,87,100.15,73,87,52,32,140.07,7681460665.969177,56299183.0,0.065799996,-6.93,784520,877620,1102926,0.385
756,EVAX,Healthcare,Biotechnology,NASDAQ,130.63,87,98.95,70,84,55,95,4.22,36196534.372615814,8340215.0,0.0044,-65.27,26370,30796,32284,-1.0
757,LPG,Energy,Oil & Gas Midstream,NYSE,130.58,87,106.31,82,87,82,58,40.41,1722159949.003395,42744103.0,0.0511,-0.69,419820,423823,517218,0.472
758,ERO,Basic Materials,Copper,NYSE,130.56,87,96.25,62,93,94,90,28.97,2969836480.9053345,104277968.0,3.2,-27.21,1419600,1170043,1186944,1.104
759,VET,Energy,Oil & Gas E&P,NYSE,130.54,87,91.11,33,93,75,77,12.24,1806227994.1558838,153200000.0,4.81,-17.41,1711060,1874396,2514132,0.099
760,VOXR,Basic Materials,Other Precious Metals & Mining,NASDAQ,130.53,87,105.66,81,87,90,86,6.01,409958622.3082514,68900611.0,0.022,-8.8,309420,347620,486496,1.54
761,TXG,Healthcare,Health Information Services,NASDAQ,130.27,87,90.68,32,94,84,84,20.5,2786204223.6061363,128990934.0,0.1882,-22.48,2785690,2589940,2460096,-0.026
762,GBTG,Consumer Cyclical,Travel Services,NYSE,130.25,87,153.86,98,22,19,35,9.39,4923782455.570424,521035191.0,0.053600002,-1.57,12148870,4885243,3650220,0.353
763,NVEC,Technology,Semiconductors,NASDAQ,130.14,87,121.78,93,73,48,34,95.34,436360830.64144135,4837167.0,0.0684,0.09,123870,84393,63954,0.053
764,PXS,Energy,Oil & Gas Midstream,NASDAQ,130.12,87,99.68,72,89,69,31,4.48,45107863.228120804,10275140.0,0.0056,-8.94,53940,43273,61092,-0.124
765,CNC,Healthcare,Healthcare Plans,NYSE,130.06,87,129.22,95,31,40,28,56.36,27632879667.915344,493797000.0,0.0319,-12.14,9037470,6461136,6828354,0.051
766,NEM,Basic Materials,Gold,NYSE,130.05,86,100.01,72,88,94,93,120.67,124380574814.17874,1067552764.0,0.020299999,-10.54,6833730,7792960,9585310,0.458
767,HUHU,Industrials,Specialty Industrial Machinery,NASDAQ,130.02,86,106.77,83,94,31,94,9.76,250221135.7373972,25493749.0,0.0007,-20.0,18790,36083,27624,0.249
768,UFCS,Financial Services,Insurance - Property & Casualty,NASDAQ,130.01,86,114.95,90,80,80,85,48.56,1237140355.838562,25656166.0,0.0159,-0.72,140010,110006,109894,0.116
769,LNTH,Healthcare,Drug Manufacturers - Specialty & Generic,NASDAQ,129.98,86,112.88,88,66,60,20,94.07,6058771831.9696045,65106082.0,0.104399994,-0.83,1128820,806376,965726,0.012
770,AVBP,Healthcare,Biotechnology,NASDAQ,129.97,86,106.99,83,82,59,36,29.02,1367869039.0,46368442.0,0.22559999,-9.71,360580,468393,527436,
771,EME,Industrials,Engineering & Construction,NYSE,129.96,86,108.03,84,86,87,79,931.5,41042995702.212524,44532567.0,0.0207,-2.15,407480,359436,370708,0.197
772,XELB,Consumer Cyclical,Apparel Manufacturing,NASDAQ,129.91,86,110.63,87,32,72,4,2.12,13771621.570617437,6014071.0,0.011,-33.12,18840,33316,39216,-0.034
773,DHT,Energy,Oil & Gas Midstream,NYSE,129.91,86,100.69,74,89,79,82,18.73,3059791103.0,161041637.0,0.0633,-8.86,2862420,3403676,4729130,0.781
774,UTHR,Healthcare,Drug Manufacturers - Specialty & Generic,NASDAQ,129.88,86,95.66,60,88,80,87,569.88,23979857444.64972,42446733.0,0.0749,-6.48,468220,558940,580742,-0.016
775,IMVT,Healthcare,Biotechnology,NASDAQ,129.86,86,104.39,80,79,86,86,29.06,5890221397.897911,203532180.0,0.2191,-3.42,1520690,1540093,1434448,
776,GRDX,Healthcare,Biotechnology,NASDAQ,129.82,86,133.13,96,30,89,97,3.19,21204174.893026352,6200051.0,0.0164,-45.38,99060,107933,101218,
777,DY,Industrials,Engineering & Construction,NYSE,129.78,86,103.76,79,89,93,87,430.95,12857266064.402405,30018599.0,0.0716,-7.29,434580,408250,444672,0.344
778,SBSW,Basic Materials,Other Precious Metals & Mining,NYSE,129.77,86,101.31,75,89,98,96,13.83,9635292614.804893,723370333.0,0.0197,-35.04,4770960,4843083,5808710,0.316
779,BEAM,Healthcare,Biotechnology,NASDAQ,129.77,86,106.7,83,79,80,64,31.75,3325056165.0837555,102879214.0,0.3353,-12.87,2054950,2149766,2142354,3.249
780,DOW,Basic Materials,Chemicals,NYSE,129.76,86,94.49,54,90,80,20,38.76,26573736049.22509,720741438.0,0.0348,-9.31,11592660,14319693,15022094,-0.061
781,CRS,Industrials,Metal Fabrication,NYSE,129.66,86,98.63,69,93,88,90,429.06,21257989397.45691,49685612.0,0.0385,-9.8,760120,733200,728252,0.116
782,INNV,Healthcare,Medical Care Facilities,NASDAQ,129.62,86,83.36,13,94,95,81,7.36,1027333406.0863624,135711147.0,0.0327,-31.15,284480,260740,303866,0.155
783,BWA,Consumer Cyclical,Auto Parts,NYSE,129.55,86,108.96,85,85,94,82,63.15,12577648119.523888,205114941.0,0.0357,-9.89,3063310,2151880,2427748,0.005
784,PPTA,Basic Materials,Other Precious Metals & Mining,NASDAQ,129.47,86,104.41,80,90,93,94,31.54,3746555511.938896,125093670.0,0.115600005,-15.6,1336330,1329386,1469904,
785,SCCO,Basic Materials,Copper,NYSE,129.46,86,96.55,63,92,95,88,185.23,153061663166.72623,826065458.0,0.1172,-17.27,1386360,1410273,1637448,0.362
786,TBLA,Communication Services,Internet Content & Information,NASDAQ,129.42,86,137.01,96,39,30,77,5.13,1592660979.0,303363996.0,0.0395,-2.47,3853810,2195070,2301488,0.064
787,DFSC,Industrials,Aerospace & Defense,NASDAQ,129.39,86,187.87,99,12,7,7,4.34,8014376.481974602,1993626.0,0.0038,-71.76,158280,154973,215866,0.473
788,ELTX,Healthcare,Biotechnology,NASDAQ,129.35,86,105.76,82,85,56,77,11.61,185364545.32587433,18704798.0,0.1125,-22.24,131910,128213,137296,
789,MSBI,Financial Services,Banks - Regional,NASDAQ,129.33,86,105.81,82,82,85,29,27.53,586860598.619093,20729799.0,0.0312,-3.51,171200,161923,149556,0.143
790,EHAB,Healthcare,Medical Care Facilities,NYSE,129.26,86,96.4,62,91,83,39,13.78,706401104.7858982,51225606.0,0.0276,-3.09,666670,951933,1134300,0.047
791,ESEA,Industrials,Marine Shipping,NASDAQ,129.2,86,101.24,75,89,80,91,71.57,516419947.616272,7055881.0,0.0167,-4.27,57160,84733,86332,0.077
792,CREX,Technology,Software - Application,NASDAQ,129.07,86,98.41,68,87,75,61,3.74,39310237.26233196,10567268.0,0.0127,-15.38,22110,32380,32346,1.172
793,SLAB,Technology,Semiconductors,NASDAQ,129.06,86,95.42,59,92,90,38,217.21,7171897310.697464,32981823.0,0.0764,-0.67,464480,403360,476038,0.201
794,VSCO,Consumer Cyclical,Apparel Retail,NYSE,129.05,86,84.18,15,93,96,87,46.04,3815609163.436371,79425668.0,0.2076,-31.17,1809130,1942206,2444446,0.077
795,DC,Basic Materials,Gold,NYSE ARCA,128.87,86,109.16,85,79,89,84,6.39,802438264.3296566,133517177.0,0.0494,-11.86,989000,1213730,1561940,
796,CLDX,Healthcare,Biotechnology,NASDAQ,128.83,86,98.94,70,85,50,67,32.28,2666375781.6555176,78492072.0,0.1257,-9.81,681520,1035603,1029170,-0.897
797,FIVE,Consumer Cyclical,Specialty Retail,NASDAQ,128.75,86,86.82,20,93,92,85,208.15,12337957777.76477,55294929.0,0.0431,-17.28,898380,1075056,1160058,0.243
798,OKUR,Healthcare,Biotechnology,NASDAQ,128.69,86,80.97,10,87,27,31,3.44,157946330.26717186,40395480.0,0.0019,-36.06,141000,177763,341392,
799,EXTR,Technology,Communication Equipment,NASDAQ,128.67,86,137.63,96,66,24,46,24.31,3143905355.2509155,130778088.0,0.101,0.41,3532790,2798420,2261862,0.114
800,LYB,Basic Materials,Specialty Chemicals,NYSE,128.64,86,96.63,63,88,68,17,73.53,23163036000.022667,322784773.0,0.0477,-12.4,6504920,7245810,8525526,-0.063
801,DVA,Healthcare,Medical Care Facilities,NYSE,128.57,86,124.11,93,72,60,25,198.93,12750349858.24585,64185000.0,0.171,-0.17,1247620,847786,871190,0.06
802,CMPR,Industrials,Specialty Business Services,NASDAQ,128.49,86,104.59,80,83,82,76,88.45,2221355645.929718,24232090.0,0.1384,-7.86,167690,136533,127406,0.123
803,UAN,Basic Materials,Agricultural Inputs,NYSE,128.47,86,99.32,71,86,83,84,132.19,1334205440.2215729,10569638.0,0.0312,-5.24,104370,92956,103264,-0.061
804,HYLN,Consumer Cyclical,Auto Parts,NYSE ARCA,128.42,86,139.48,97,58,62,43,2.76,438660205.6422596,178317154.0,0.09689999,7.81,1303190,979726,995846,-0.528
805,JCSE,Industrials,Specialty Industrial Machinery,NASDAQ,128.38,86,104.04,79,68,41,74,1.29,5812587.400331497,5260260.0,0.0313,-48.4,42260,1397800,843552,0.617
806,VRCA,Healthcare,Biotechnology,NASDAQ,128.38,86,117.95,91,35,66,9,7.4,137258504.1980877,17178787.0,0.065799996,-24.65,101670,92570,114360,13.802
807,CRBU,Healthcare,Biotechnology,NASDAQ,128.17,86,101.29,75,81,48,83,2.03,192410321.17515802,99180575.0,0.0732,-42.57,1220000,1408883,1279434,0.019
808,NVCT,Healthcare,Biotechnology,NASDAQ,128.16,86,122.21,93,60,81,19,11.06,309022449.3313122,26525533.0,0.0921,-5.79,98310,67406,65164,
809,KOP,Basic Materials,Specialty Chemicals,NYSE,128.1,86,104.27,80,83,69,35,43.08,850644692.1768951,19337228.0,0.0505,-7.16,175200,160156,223510,-0.003
810,GASS,Industrials,Marine Shipping,NASDAQ,128.06,86,101.92,76,86,76,69,10.06,368138277.2147865,37185686.0,0.0014,-4.37,128540,112920,177462,-0.094
811,PDSB,Healthcare,Biotechnology,NASDAQ,128.06,86,145.36,97,57,13,9,1.3,69769566.25,55815653.0,0.0318,-32.11,751020,1058583,803262,
812,LAC,Basic Materials,Other Industrial Metals & Mining,NYSE,128.05,86,119.06,91,57,79,89,5.79,1942935291.2991629,348821406.0,0.0733,-44.96,14621020,10637403,9494666,
813,TDW,Energy,Oil & Gas Equipment & Services,NYSE,127.94,86,92.32,39,94,81,73,81.33,4036139898.439087,49730652.0,0.1084,-12.67,957120,875256,896074,-0.431
814,OSCR,Healthcare,Healthcare Plans,NYSE,127.92,86,140.76,97,38,32,30,22.0,5666371477.993011,265902000.0,0.1069,-7.56,8835210,7037793,6932848,0.526
815,QURE,Healthcare,Biotechnology,NASDAQ,127.88,86,140.84,97,49,78,98,27.64,1744446625.4766655,63067485.0,0.17870001,-61.34,2678430,1837410,3218868,0.066
816,TMDE,Energy,Oil & Gas Midstream,NYSE ARCA,127.72,86,93.7,50,87,11,10,1.0,24036299.550533295,23565000.0,0.0885,-79.04,396230,4431133,8193498,-0.227
817,CMRE,Industrials,Marine Shipping,NYSE,127.56,86,96.74,64,88,87,86,17.27,2124774034.782114,120588759.0,0.0477,-4.37,499970,394760,414888,-0.527
818,ST,Technology,Scientific & Technical Instruments,NYSE,127.5,86,110.28,86,83,73,45,45.29,6534261871.162338,145432046.0,0.056399997,-1.46,2339860,1967066,1908690,0.026
819,VALE,Basic Materials,Other Industrial Metals & Mining,NYSE,127.49,86,95.39,59,91,93,84,17.07,70919192933.01083,4264533765.0,0.0165,-4.85,24463680,24774806,28336480,0.027
820,DBVT,Healthcare,Biotechnology,NASDAQ,127.48,86,88.46,24,94,98,99,20.36,1167678116.3882294,59182876.0,0.0304,-22.25,196820,228273,250856,0.125
821,HPE,Technology,Communication Equipment,NYSE,127.44,86,113.31,89,78,54,72,30.87,41596876196.304665,1326854089.0,0.0631,-1.53,13690590,14495933,17241102,0.184
822,CRUS,Technology,Semiconductors,NASDAQ,127.37,86,105.84,82,87,77,69,174.23,8756438376.232681,51007389.0,0.0651,-2.66,804360,688610,645432,0.057
823,OVV,Energy,Oil & Gas E&P,NYSE,127.32,86,98.56,69,88,71,46,59.09,16385290344.092728,283335463.0,0.040799998,-6.89,4631760,3804526,4444478,-0.06
824,CMBT,Energy,Oil & Gas Midstream,NYSE,127.32,86,107.41,83,81,82,53,14.77,4303217652.1318035,290169769.0,0.008,-3.31,1417660,1521660,1614494,1.606
825,PRSO,Technology,Semiconductors,NASDAQ,127.29,85,138.18,96,44,38,61,1.38,12502200.270434618,12628485.0,0.0551,-41.77,5009520,2035920,10602374,-0.22
826,CLLS,Healthcare,Biotechnology,NASDAQ,127.26,85,96.86,64,92,91,95,3.98,387275317.30689526,100590994.0,0.0069999998,-27.37,17740,33340,42292,-0.195
827,CDE,Basic Materials,Gold,NYSE,127.22,85,97.48,66,92,96,95,19.8,19200519264.471645,1034510766.0,0.0373,-28.7,21736220,20924436,26385588,1.378
828,MP,Basic Materials,Other Industrial Metals & Mining,NYSE,127.2,85,109.92,86,72,90,96,67.41,12003820617.457085,178018991.0,0.1668,-32.76,6707920,6180170,5901478,1.186
829,ANIK,Healthcare,Drug Manufacturers - Specialty & Generic,NASDAQ,127.2,85,98.56,69,85,33,27,14.54,196524072.5708313,13305624.0,0.0572,-10.47,153440,129233,132690,0.132
830,MTA,Basic Materials,Other Precious Metals & Mining,NYSE ARCA,127.19,85,103.93,79,81,93,96,7.56,679328877.9577208,93442762.0,2.09,-18.27,393770,398673,503178,0.56
831,MITK,Technology,Software - Application,NASDAQ,127.18,85,104.23,80,87,70,33,14.98,704929648.6059389,45158851.0,0.0653,-5.19,1326350,1039156,953416,0.188
832,CNTB,Healthcare,Biotechnology,NASDAQ,127.11,85,82.77,13,96,96,95,2.34,133390219.59068155,56521282.0,0.026199998,-38.74,122960,344570,289068,-1.0
833,ESCA,Consumer Cyclical,Leisure,NASDAQ,127.1,85,103.49,78,83,58,41,19.12,271268991.4337959,13805038.0,0.018099999,-10.32,50650,41130,45896,0.006
834,MCHPP,Technology,Semiconductors,NASDAQ,127.09,85,118.66,91,68,80,37,83.54,,,0.31,-5.07,185020,162426,206634,0.351
835,ACHC,Healthcare,Medical Care Facilities,NASDAQ,127.08,85,105.29,81,85,19,9,25.01,2315729767.9261093,91967027.0,0.3717,-17.19,3848490,3077650,3135662,0.076
836,ESTA,Healthcare,Medical Devices,NASDAQ,127.07,85,104.69,80,84,93,93,71.5,2108950801.1669998,29384853.0,0.19540001,-14.18,663710,499800,512782,0.452
837,XENE,Healthcare,Biotechnology,NASDAQ,127.06,85,98.41,68,90,64,69,55.78,5455803509.250069,96665550.0,0.050300002,-12.78,1057320,952310,1523878,
838,WRBY,Healthcare,Medical Instruments & Supplies,NYSE,126.98,85,122.37,93,38,53,17,28.79,3626235130.175705,122715236.0,0.11229999,-7.13,3283020,2510703,2623536,0.083
839,TBN,Energy,Oil & Gas E&P,NYSE,126.93,85,92.94,43,89,74,75,35.67,965148718.3513794,27080492.0,0.0363,-31.68,120010,241660,183336,
840,AVR,Healthcare,Medical Instruments & Supplies,NASDAQ,126.84,85,106.38,82,91,80,22,6.51,639786907.901783,97232054.0,0.0608,-6.32,734210,758203,903620,-0.422
841,IMUX,Healthcare,Biotechnology,NASDAQ,126.82,85,109.16,85,89,43,19,12.0,158418348.93885994,13621526.0,0.0713,-20.53,325890,305348,312253,
842,NYAX,Technology,Software - Infrastructure,NASDAQ,126.82,85,105.21,81,78,85,63,69.1,2691226008.0,37378139.0,0.0013,-7.66,19140,23876,21388,0.343
843,IMPP,Energy,Oil & Gas Midstream,NASDAQ,126.67,85,107.87,84,80,43,96,5.08,226520436.92858505,45213658.0,0.0922,-22.68,711110,593220,763478,0.951
844,PBYI,Healthcare,Biotechnology,NASDAQ,126.62,85,94.18,52,93,93,85,7.14,381236913.79003906,50899456.0,0.0959,-9.62,352570,303313,324866,-0.026
845,IONQ,Technology,Computer Hardware,NYSE,126.62,85,153.98,98,17,20,88,56.89,18379812866.041214,373269948.0,0.2318,-32.79,33828640,33493253,28167164,7.547
846,CGTL,Consumer Cyclical,Specialty Retail,NASDAQ,126.59,85,114.15,89,35,99,12,1.65,28297500.613331795,25725000.0,0.5451,-74.22,363000,145953,334386,-0.41
847,CCJ,Energy,Uranium,NYSE,126.34,85,97.86,67,90,93,89,120.14,50848475181.5,435532978.0,1.84,-11.17,3160310,3037316,3357080,0.071
848,ATNI,Communication Services,Telecom Services,NASDAQ,126.3,85,90.56,31,88,93,81,26.79,408361635.4153404,15380853.0,0.0175,-12.02,68790,71400,86518,0.016
849,GCT,Technology,Software - Infrastructure,NASDAQ,126.22,85,87.28,21,94,83,83,39.4,1463029912.0320282,36411894.0,0.1216,-24.03,925530,783656,728484,0.322
850,CMP,Basic Materials,Other Industrial Metals & Mining,NYSE,126.22,85,111.43,87,85,86,74,29.26,1171896672.4446716,41958348.0,0.0627,-2.6,730050,594623,612116,-0.084
851,CTW,Communication Services,Electronic Gaming & Multimedia,NASDAQ,126.11,85,122.5,93,36,14,17,2.91,165770922.77693796,59203902.0,0.0161,-40.37,39410,44106,42450,0.405
852,NXPI,Technology,Semiconductors,NASDAQ,126.1,85,130.83,95,41,67,31,305.99,74415850535.25,252471079.0,0.0377,0.68,5168880,3778040,3323356,0.122
853,AVGO,Technology,Semiconductors,NASDAQ,126.05,85,111.05,87,84,68,89,428.43,2035907319120.0,4734668184.0,0.0117999995,-2.11,19429580,21539906,24767424,0.295
854,TPC,Industrials,Engineering & Construction,NYSE,126.05,85,92.55,40,94,95,93,82.79,4373771717.646637,52791452.0,0.0521,-17.21,648550,520423,573996,0.115
855,SLI,Basic Materials,Other Industrial Metals & Mining,NYSE ARCA,126.01,85,104.62,80,77,94,92,4.12,955069979.9333584,243020347.0,2.08,-35.63,1578300,1764123,1845738,
856,SM,Energy,Oil & Gas E&P,NYSE,125.95,85,103.34,78,85,32,12,30.67,7058201885.47962,239748701.0,0.0639,-7.76,4453590,4884783,5731866,0.831
857,CMDB,Industrials,Marine Shipping,NYSE,125.94,85,100.53,73,82,92,83,18.65,467650332.1696472,24180472.0,0.0175,-6.4,42350,45593,47498,
858,PGC,Financial Services,Banks - Regional,NASDAQ,125.87,85,101.61,75,84,73,28,42.03,761103886.3537712,17708327.0,0.0326,-4.11,126860,125440,127734,0.255
859,CLFD,Technology,Communication Equipment,NASDAQ,125.86,85,153.47,98,28,35,36,46.73,544121990.8415222,13589460.0,0.1451,-0.06,357810,237053,182680,-0.271
860,SYPR,Consumer Cyclical,Auto Parts,NASDAQ,125.8,85,92.77,42,90,94,77,3.28,75706616.82219505,23011130.0,0.0101,-30.8,76510,93693,90806,-0.095
861,MUR,Energy,Oil & Gas E&P,NYSE,125.75,85,91.12,33,88,80,81,37.62,5301067254.859772,143349576.0,0.0967,-13.2,1916950,2004703,2553380,0.089
862,WYFI,Technology,Information Technology Services,NASDAQ,125.74,85,167.73,99,23,38,67,26.98,815263942.5,38365362.0,0.2343,-33.79,1472960,1012663,951156,0.571
863,AMBQ,Technology,Semiconductors,NYSE,125.7,85,141.82,97,26,29,12,45.67,943901907.0400543,21364914.0,0.0587,-11.77,500520,375903,412130,0.02
864,NNBR,Industrials,Conglomerates,NASDAQ,125.66,85,129.53,95,33,29,7,2.58,147765831.08356285,52773512.0,0.0581,-13.71,1227680,1362900,1053774,0.121
865,OIS,Energy,Oil & Gas Equipment & Services,NYSE,125.56,85,76.02,6,96,92,81,8.93,521274964.7152138,60193415.0,0.036,-38.41,934660,810546,953830,-0.091
866,SAIA,Industrials,Trucking,NASDAQ,125.54,85,104.41,80,72,73,17,446.18,11965544190.869507,26601922.0,0.0442,-3.01,466850,478113,528658,0.024
867,TGTX,Healthcare,Biotechnology,NASDAQ,125.54,85,122.7,93,52,33,46,43.14,6561162332.234802,153083580.0,0.2348,-3.38,2878300,2166943,2173706,0.696
868,CARE,Financial Services,Banks - Regional,NASDAQ,125.48,85,104.07,79,83,76,43,26.57,584883296.4183807,22222010.0,0.0414,-0.04,343070,339450,291960,2.6
869,CF,Basic Materials,Agricultural Inputs,NYSE,125.46,85,97.52,66,87,64,52,124.48,17670438579.75673,153629274.0,0.0616,-12.31,3262620,3898420,5252978,0.194
870,AURA,Healthcare,Biotechnology,NASDAQ,125.32,85,117.01,91,77,33,20,8.19,926515153.1241074,110299428.0,0.0428,-14.11,1131420,590870,470274,
871,OUST,Technology,Electronic Components,NASDAQ,125.25,85,115.33,90,78,61,92,26.8,1604558363.378605,63672949.0,0.0857,-35.65,3933600,2601946,2508682,0.489
872,PKOH,Industrials,Specialty Industrial Machinery,NASDAQ,125.21,85,105.71,82,81,84,36,30.77,443751564.1860275,14398169.0,0.0097,-3.6,97230,56990,48912,0.038
873,PHIN,Consumer Cyclical,Auto Parts,NYSE,124.97,85,103.93,79,84,88,63,80.26,2956832069.1399994,37020558.0,0.111499995,-1.05,400560,346466,377082,0.103
874,EMF,Financial Services,Asset Management,NYSE,124.95,85,108.89,85,80,87,83,22.48,337374030.72826385,14947897.0,0.39,-0.4,39040,37326,53324,-0.133
875,TNYA,Healthcare,Biotechnology,NASDAQ,124.95,85,132.64,95,39,25,86,1.0,216998877.0,216998877.0,0.15630001,-57.45,5583320,3891236,4699218,
876,VBNK,Financial Services,Banks - Regional,NASDAQ,124.95,85,100.89,74,84,84,40,18.15,606032822.3883476,32167347.0,3.89,-4.55,60010,87636,70898,0.336
877,ATLC,Financial Services,Credit Services,NASDAQ,124.91,85,115.8,90,72,38,39,80.86,1282157288.6608276,15117997.0,0.3093,-6.05,78140,69766,71084,0.608
878,UROY,Energy,Uranium,NASDAQ,124.88,85,109.41,86,81,88,91,4.36,586370028.0,146592507.0,3.24,-21.01,2253590,2192366,2365614,4164.0
879,GOLD,Financial Services,Capital Markets,NYSE,124.88,85,87.5,22,88,97,57,43.38,1316508427.3771362,29004372.0,0.1225,-34.96,688110,607126,622144,2.44
880,CNL,Basic Materials,Gold,NYSE ARCA,124.86,85,89.63,28,88,94,92,17.46,1691354390.8377,92575498.0,15.0,-20.53,50540,59883,73252,
881,NGS,Energy,Oil & Gas Equipment & Services,NYSE,124.8,85,96.51,63,88,83,76,40.14,487870753.75,12590213.0,0.0228,-3.3,79140,80093,102128,0.135
882,PR,Energy,Oil & Gas E&P,NYSE,124.77,84,93.59,49,91,78,51,20.15,16511321230.35987,837288124.0,0.023699999,-11.14,15945910,13548573,14306602,0.009
883,WSR,Real Estate,REIT - Retail,NYSE,124.77,84,101.29,75,87,71,60,18.98,975457659.9337044,51393977.0,0.0123000005,-0.16,393670,620700,492024,0.089
884,MRX,Financial Services,Capital Markets,NASDAQ,124.77,84,107.5,83,86,60,42,55.76,4064813342.966423,71930870.0,0.0432,-1.76,1091230,1332476,1210046,0.551
885,AGPU,Technology,Software - Infrastructure,NASDAQ,124.71,84,208.98,99,4,2,4,6.66,31407644.312612534,5539267.0,0.053400002,-79.25,368740,6940446,4180534,-0.013
886,NVGS,Energy,Oil & Gas Midstream,NYSE,124.64,84,107.6,84,83,70,74,23.38,1419716346.8320026,61699971.0,0.0301,0.69,440460,388150,485350,-0.071
887,BETR,Financial Services,Mortgage Finance,NASDAQ,124.61,84,81.05,10,91,88,99,31.05,567384870.3816986,18868802.0,0.2989,-66.99,716020,675526,574000,0.459
888,MLI,Industrials,Metal Fabrication,NYSE,124.6,84,105.7,82,79,80,80,140.71,15571659631.25084,110570613.0,0.0179,-0.57,531290,725903,735394,0.193
889,TCMD,Healthcare,Medical Devices,NASDAQ,124.53,84,88.97,26,88,93,94,23.9,578568060.3954697,22556260.0,0.074,-36.72,530230,329883,307286,0.228
890,IMO,Energy,Oil & Gas Integrated,NYSE ARCA,124.52,84,96.19,62,90,87,84,130.23,63139278972.81484,497237969.0,0.1696,-3.04,602800,593536,747170,-0.004
891,GGB,Basic Materials,Steel,NYSE,124.48,84,107.6,84,82,83,78,4.81,9541899425.073925,1967401982.0,0.0069,-3.41,19406860,19732353,19136416,-0.038
892,RELL,Technology,Electronic Components,NASDAQ,124.45,84,108.96,85,84,78,42,15.41,223885462.02590752,14556922.0,0.0339,-1.28,82790,127290,112164,0.031
893,SFL,Industrials,Marine Shipping,NYSE,124.43,84,105.33,81,84,71,43,12.0,1593813420.0,132817785.0,0.0428,-0.74,1121940,1154113,1371186,-0.243
894,FROG,Technology,Software - Application,NASDAQ,124.41,84,138.43,96,49,65,89,69.01,8547647955.29274,121157301.0,0.0561,-4.23,3424310,2798576,2941716,0.252
895,HLX,Energy,Oil & Gas Equipment & Services,NYSE,124.37,84,96.32,62,87,78,42,9.97,1422880226.2444,147296092.0,0.044899996,-7.26,1955780,1971690,2027140,0.036
896,GSL,Industrials,Marine Shipping,NYSE,124.3,84,101.58,75,86,84,86,41.78,1523938536.8514252,36035434.0,0.0247,-2.06,311960,274013,358576,0.033
897,MBAI,Healthcare,Diagnostics & Research,NASDAQ,124.2,84,92.57,40,89,93,98,1.59,10179728.234763622,7020502.0,0.028499998,-59.44,88810,125096,96554,
898,SNDX,Healthcare,Biotechnology,NASDAQ,124.12,84,90.08,30,92,90,79,21.38,1904229459.9487743,88610027.0,0.2666,-16.45,2122780,1722590,1624066,2.236
899,JFU,Technology,Information Technology Services,NASDAQ,124.03,84,106.93,83,77,97,98,3.8,42384001.277207375,11773334.0,0.0001,-59.92,10930,8603,5990,-0.176
900,MPC,Energy,Oil & Gas Refining & Marketing,NYSE,124.01,84,103.12,78,84,69,81,252.48,71486522386.97815,291936635.0,0.0249,-3.49,2358260,2252690,2630966,0.088
901,NAMS,Healthcare,Biotechnology,NASDAQ,123.98,84,117.37,91,86,84,93,39.59,4527691053.155605,116903979.0,0.0794,-5.74,1788410,1201306,1093466,-0.998
902,CLDT,Real Estate,REIT - Hotel & Motel,NYSE,123.96,84,111.03,87,80,54,30,9.88,463077705.96149445,46681220.0,0.0177,-2.66,476820,323816,320212,-0.016
903,PPIH,Industrials,Building Products & Equipment,NASDAQ,123.95,84,97.78,67,91,91,86,33.76,274404152.02389526,8123273.0,0.018,-8.06,65030,85950,83676,0.225
904,TFII,Industrials,Trucking,NYSE,123.91,84,100.66,74,81,74,23,137.43,11434542894.32898,82186031.0,3.52,-7.82,370210,373546,383960,-0.008
905,MRCY,Industrials,Aerospace & Defense,NASDAQ,123.9,84,109.77,86,76,85,87,91.95,5424309966.33493,60043283.0,0.090299994,-11.45,668920,554240,601860,0.115
906,HBIO,Healthcare,Medical Instruments & Supplies,NASDAQ,123.68,84,114.83,90,38,40,68,6.84,31120497.73012781,4510217.0,0.054899998,-28.0,32070,60330,58712,-0.033
907,IVVD,Healthcare,Biotechnology,NASDAQ,123.59,84,97.5,66,90,80,99,1.51,424205794.5,282803863.0,0.1148,-50.81,1849230,3070183,2882714,0.245
908,SEDG,Technology,Solar,NASDAQ,123.54,84,90.29,30,93,89,94,41.79,2511791696.199394,60818202.0,0.1682,-22.25,3851830,3693246,3688174,0.415
909,PNRG,Energy,Oil & Gas E&P,NASDAQ,123.53,84,105.0,81,77,58,24,240.19,386782904.93774414,1618000.0,0.0872,-3.73,53080,81953,68040,-0.146
910,RDZN,Technology,Software - Application,NASDAQ,123.49,84,123.92,93,26,75,84,1.75,151922771.57542086,84401542.0,0.0028,-31.64,1407250,578693,385008,0.188
911,AUR,Consumer Cyclical,Auto Parts,NASDAQ,123.47,84,150.27,98,25,22,12,7.26,13885317720.492079,1961203089.0,0.18190001,-9.93,34170560,23576580,21826064,
912,RMT,Financial Services,Asset Management,NYSE,123.44,84,104.59,80,82,78,65,13.85,732655727.4997816,53478521.0,0.0015,0.51,105400,124020,136204,-0.194
913,BLZE,Technology,Software - Infrastructure,NASDAQ,123.43,84,172.19,99,14,15,15,7.15,448910189.02469015,60014731.0,0.0241,-34.15,5626960,2200633,1630408,0.117
914,CPIX,Healthcare,Drug Manufacturers - Specialty & Generic,NASDAQ,123.43,84,115.8,90,22,77,21,4.57,70120938.18797922,14983107.0,0.0128999995,-27.11,234580,1927183,1198200,-0.22
915,GLNG,Energy,Oil & Gas Midstream,NASDAQ,123.41,84,103.31,78,85,64,45,56.82,5669132988.151798,101779765.0,0.08270001,-0.82,1553270,1424846,2239786,1.015
916,VIVO,Technology,Software - Infrastructure,NASDAQ,123.37,84,132.46,95,20,13,95,3.22,50706539.57975149,16790245.0,0.15,-63.74,809580,929446,822476,0.476
917,SLB,Energy,Oil & Gas Equipment & Services,NYSE,123.31,84,96.29,62,85,86,50,54.93,79641722285.85309,1495057661.0,0.0496,-3.97,11751150,14503563,17493784,0.027
918,NUVB,Healthcare,Biotechnology,NYSE,123.11,84,94.68,55,88,95,95,4.76,1667887427.807149,348201971.0,0.23979999,-51.18,5050250,3828126,4405002,25.987
919,NPO,Industrials,Specialty Industrial Machinery,NYSE,123.1,84,106.86,83,85,82,65,315.08,6532787067.869385,21126664.0,0.0229,1.25,257680,270276,252172,0.109
920,CPAC,Basic Materials,Building Materials,NYSE,123.08,84,94.65,55,86,92,81,10.75,911867547.1880398,85621369.0,0.0005,-6.52,15850,52010,37828,0.113
921,SBLK,Industrials,Marine Shipping,NASDAQ,123.08,84,104.32,80,87,82,66,26.74,3054527047.984129,113847449.0,0.0161,-1.69,1206340,1030320,1405548,-0.027
922,DAC,Industrials,Marine Shipping,NYSE,123.07,84,108.28,84,82,70,67,133.34,2450733928.1341553,18203475.0,0.051799998,-1.38,111590,80590,84730,0.031
923,JBHT,Industrials,Integrated Freight & Logistics,NASDAQ,123.03,84,96.55,63,85,85,56,240.75,23141023840.64334,94299203.0,0.0464,-6.02,791000,888126,919204,0.046
924,GKOS,Healthcare,Medical Devices,NYSE,123.0,84,109.02,85,73,57,24,135.37,7842152047.65834,58733911.0,0.067,-7.75,1018190,751426,744024,0.412
925,LUMN,Communication Services,Telecom Services,NYSE,122.94,84,99.34,71,84,88,92,8.34,8737037401.961021,1030311070.0,0.0655,-30.21,14086100,14361306,12820702,-0.089
926,RXO,Industrials,Trucking,NYSE,122.94,84,114.47,89,53,29,9,20.7,3587016786.0,164920312.0,0.2362,-11.42,2661500,2074433,2021190,-0.006
927,FLYW,Technology,Software - Infrastructure,NASDAQ,122.93,84,124.35,93,42,23,41,16.46,2126490015.903778,123417880.0,0.0372,-8.81,3053140,2021010,1949192,0.41
928,BOTJ,Financial Services,Banks - Regional,NASDAQ,122.92,84,99.16,70,84,86,80,23.26,105996098.52337074,4543339.0,0.0015,-21.92,14700,11990,9440,0.182
929,TTE,Energy,Oil & Gas Integrated,NYSE,122.92,84,96.23,62,89,77,70,90.69,196280358413.44183,2218358397.0,0.0019,-3.18,1567760,1954003,2249856,0.034
930,FLXS,Consumer Cyclical,"Furnishings, Fixtures & Appliances",NASDAQ,122.77,84,98.72,69,79,89,25,55.63,227584910.8618965,4075661.0,0.015800001,-7.21,51940,58756,48726,0.01
931,LGND,Healthcare,Biotechnology,NASDAQ,122.77,84,97.37,66,84,78,91,220.48,2685571605.469208,12129405.0,0.0849,-10.87,253190,232723,238628,0.141
932,NTLA,Healthcare,Biotechnology,NASDAQ,122.73,84,104.6,80,78,76,20,14.42,1675715320.507187,118929404.0,0.3677,-48.96,9311690,6191310,5475058,0.788
933,MDAI,Healthcare,Medical Devices,NASDAQ,122.73,84,124.21,93,57,30,31,2.33,73513403.52901697,31823985.0,0.056900002,-27.41,455010,448063,827700,-0.463
934,BSTZ,Financial Services,Asset Management,NYSE,122.7,84,112.48,88,75,67,70,28.45,1922773828.2971382,68744150.0,0.0008,-0.21,237320,209486,223366,
935,EYPT,Healthcare,Biotechnology,NASDAQ,122.67,84,97.05,65,86,90,86,13.98,1145272117.8868332,83841298.0,0.18969999,-26.84,905090,920023,1070872,1.617
936,NXDT,Real Estate,REIT - Diversified,NYSE,122.65,84,98.68,69,79,88,14,5.1,256119904.21068668,50219590.0,0.026300002,-7.1,150310,127546,135354,-0.329
937,HUN,Basic Materials,Chemicals,NYSE,122.64,84,102.09,76,81,80,14,14.84,2623222722.209038,175349112.0,0.1517,-6.67,5988150,5286963,6405800,0.007
938,SRTA,Healthcare,Medical Care Facilities,NASDAQ,122.51,84,115.7,90,38,52,82,5.66,481953009.75327015,86526570.0,0.0872,-5.98,984900,805283,819254,0.241
939,INVX,Energy,Oil & Gas Equipment & Services,NYSE,122.43,84,95.24,58,86,86,87,27.06,1829007407.8297348,68759676.0,0.0804,-8.21,362740,382026,507140,-0.006
940,HBNB,Real Estate,Real Estate Services,NASDAQ,122.42,84,81.72,11,69,86,86,6.1,1378450722.2933054,234032386.0,1.7,-68.36,9720,6286,5174,25737.35
941,MIAX,Financial Services,Capital Markets,NYSE,122.39,84,113.03,88,67,66,91,52.19,4928655850.4087715,94800071.0,1.67,0.11,1272780,1207426,1260026,0.13
942,PLOW,Consumer Cyclical,Auto Parts,NYSE,122.35,83,97.13,65,90,86,69,45.77,1047339966.8517456,23125192.0,0.0299,-12.54,360230,250026,248394,0.198
943,ALNT,Technology,Electronic Components,NASDAQ,122.33,83,88.59,25,93,93,92,65.48,1133497426.7753906,16996512.0,0.0633,-18.55,236550,190013,201456,0.046
944,AIR,Industrials,Aerospace & Defense,NYSE,122.3,83,98.01,67,90,90,78,117.57,4683435436.499634,39764268.0,0.0296,-7.58,363830,388553,471998,0.246
945,HWM,Industrials,Aerospace & Defense,NYSE,122.29,83,107.33,83,85,87,86,273.58,108253079623.65509,400107483.0,0.023599999,-2.55,2990500,2362356,2372692,0.191
946,FSEA,Financial Services,Banks - Regional,NASDAQ,122.21,83,126.24,94,52,73,71,16.67,78444786.05848312,4691674.0,0.0013,-0.54,124800,47620,28886,0.202
947,PTHS,Healthcare,Biotechnology,NYSE ARCA,122.14,83,107.29,83,62,65,98,26.85,85549571.60108376,3355543.0,0.028800001,-50.54,24020,18006,12416,
948,BLBD,Industrials,Farm & Heavy Construction Machinery,NASDAQ,122.1,83,108.6,85,86,75,74,70.36,2247540644.5445023,31646589.0,0.1159,-13.68,539860,404746,382678,-0.017
949,FDX,Industrials,Integrated Freight & Logistics,NYSE,122.1,83,94.57,55,87,89,68,378.9,90331742482.53186,238606756.0,0.0138,-6.22,1855440,1617806,1836318,0.083
950,NN,Technology,Software - Infrastructure,NASDAQ,122.01,83,115.5,90,62,76,37,20.22,2691998064.00753,136028193.0,0.1882,-16.4,1936600,2804753,2296394,-0.506
951,LZM,Basic Materials,Other Industrial Metals & Mining,NYSE,121.93,83,132.13,95,24,54,24,5.87,543607443.3993587,91209302.0,0.0004,-8.28,650940,854550,625978,7.051
952,RBKB,Financial Services,Banks - Regional,NASDAQ,121.9,83,99.55,71,83,88,31,16.06,179005208.14095688,11152973.0,0.0172,-10.73,9270,8210,10224,0.012
953,ALOY,Basic Materials,Other Industrial Metals & Mining,NASDAQ,121.89,83,84.22,15,95,96,95,9.36,591725683.1012421,59830704.0,1.04,-65.2,1789380,1749890,1807424,
954,STRS,Real Estate,Real Estate - Diversified,NASDAQ,121.86,83,90.1,30,87,91,37,29.58,238124626.48096657,7982723.0,0.0197,-10.17,29000,27973,23602,-0.194
955,TRGP,Energy,Oil & Gas Midstream,NYSE,121.84,83,98.3,68,86,78,46,253.18,53257444164.29407,214643903.0,0.0254,-3.35,1244270,1296076,1424516,-0.102
956,NRT,Energy,Oil & Gas E&P,NYSE,121.83,83,88.59,25,93,94,89,8.37,75914275.50355911,9190590.0,0.0038,-20.21,55840,76123,97826,3.295
957,HTLD,Industrials,Trucking,NASDAQ,121.77,83,98.96,70,72,80,19,12.67,1024244903.0885696,77476920.0,0.0396,-8.98,487070,408726,418390,-0.197
958,IONS,Healthcare,Biotechnology,NASDAQ,121.71,83,93.39,47,87,94,95,75.38,12512027963.457611,165262556.0,0.1099,-13.1,1973840,1742840,2051406,0.87
959,NSA,Real Estate,REIT - Industrial,NYSE,121.68,83,104.89,81,82,57,27,43.65,6418821929.222961,146984708.0,0.00059999997,-0.83,1164330,995356,1830374,0.18
960,TKR,Industrials,Tools & Accessories,NYSE,121.66,83,103.68,79,85,85,47,117.39,8198267429.532166,69494510.0,0.029000001,-5.08,1138540,808220,801876,0.08
961,CX,Basic Materials,Building Materials,NYSE,121.58,83,103.39,78,86,89,89,13.29,18917106163.43159,1442952453.0,1.85,-2.78,5471720,5767900,6757846,0.112
962,SGMT,Healthcare,Biotechnology,NASDAQ,121.56,83,115.45,90,59,32,91,7.69,476106434.3256445,61751807.0,0.12100001,-32.6,1608050,2415840,1590610,
963,OPLN,Consumer Cyclical,Auto & Truck Dealerships,NYSE,121.52,83,113.86,89,72,68,70,37.05,4014297891.6756287,105946106.0,0.0182,-3.74,1258030,817463,896108,0.147
964,CDLR,Industrials,Engineering & Construction,NYSE,121.51,83,108.77,85,78,82,28,29.43,2853234020.6433334,96490837.0,0.0105,-1.14,67670,80596,87334,0.95
965,HNGE,Healthcare,Health Information Services,NYSE,121.48,83,130.44,95,25,34,38,54.74,4334834862.001812,77380129.0,0.0735,-11.97,2285670,1217680,1159252,0.472
966,AHG,Healthcare,Medical Distribution,NASDAQ,121.46,83,93.22,46,93,36,66,2.11,1696274286.8003354,856704177.0,0.16,-15.6,175480,174620,154962,0.009
967,TPH,Consumer Cyclical,Residential Construction,NYSE,121.43,83,98.13,68,85,61,35,46.96,3998444371.8248863,85163883.0,0.102299996,-0.06,1824820,2156776,2568432,-0.296
968,MLYS,Healthcare,Biotechnology,NASDAQ,121.42,83,104.01,79,77,89,99,29.73,2436993979.0692673,82498101.0,0.1293,-37.61,1139110,1180810,1268432,
969,SEZL,Financial Services,Credit Services,NASDAQ,121.32,83,134.85,96,31,36,14,101.1,3239626887.3141785,33627019.0,0.2675,-45.86,894750,815400,734424,0.292
970,IPI,Basic Materials,Agricultural Inputs,NYSE,121.3,83,106.73,83,77,66,34,43.75,507902882.7474594,13433030.0,0.023599999,-13.09,245640,292530,397628,0.017
971,SGHC,Consumer Cyclical,Gambling,NYSE,121.25,83,113.39,89,60,26,90,13.18,6645644348.276817,508076788.0,0.0854,-8.34,3688410,3482350,2935164,-0.03
972,RES,Energy,Oil & Gas Equipment & Services,NYSE,121.23,83,94.28,53,83,60,68,7.02,1507147078.2743359,221639270.0,0.376,-13.97,2063120,2339846,2400884,0.366
973,WLFC,Industrials,Rental & Leasing Services,NASDAQ,121.2,83,105.77,82,85,84,22,216.31,1774324725.244873,7966616.0,0.0915,-9.66,103900,94253,79940,0.246
974,RMCF,Consumer Defensive,Confectioners,NASDAQ,121.13,83,97.6,66,80,95,54,2.5,23705367.523981094,9332822.0,0.0019,-16.39,64830,35420,31778,-0.044
975,CMTL,Technology,Communication Equipment,NASDAQ,121.11,83,93.21,46,83,98,90,3.76,116855089.6549666,29734119.0,0.0207,-39.45,192430,207233,255096,-0.157
976,CTRI,Utilities,Utilities - Regulated Gas,NYSE,121.11,83,95.28,58,89,88,60,33.2,3485273755.6487427,100934662.0,0.0339,-22.76,2258030,1425420,1435786,0.315
977,ASMB,Healthcare,Biotechnology,NASDAQ,121.1,83,102.68,77,90,83,96,30.41,472646158.2824707,15892608.0,0.14140001,-23.42,167450,124946,104972,-0.128
978,KGC,Basic Materials,Gold,NYSE,121.04,83,94.0,52,90,94,95,31.81,37626389452.439964,1194109463.0,1.66,-18.67,8555690,8315106,9661362,0.608
979,RBC,Industrials,Tools & Accessories,NYSE,121.04,83,99.8,72,87,84,76,613.59,19160773867.611084,31618961.0,0.009,-2.91,188400,182400,185844,0.17
980,XPO,Industrials,Trucking,NYSE,121.03,83,89.98,29,91,85,44,201.6,24010341114.5,117409981.0,0.0538,-12.9,1469570,1271580,1398818,0.073
981,HXL,Industrials,Aerospace & Defense,NYSE,121.01,83,101.14,75,80,86,74,94.15,7189719155.86145,75427184.0,0.062800005,-4.18,958300,1179030,1230790,0.099
982,MPTI,Technology,Electronic Components,NYSE ARCA,120.97,83,109.78,86,81,77,70,76.58,350865430.41334534,4321003.0,0.0845,-12.21,79910,84176,89724,0.112
983,ATAI,Healthcare,Biotechnology,NASDAQ,120.95,83,95.8,60,86,80,94,4.04,1478675167.8622284,366916896.0,0.084300004,-40.15,4045450,6240583,5991806,
984,DRD,Basic Materials,Gold,NYSE,120.93,83,95.84,60,87,96,97,30.5,2622143207.3936844,86739770.0,0.0119,-22.53,391840,287976,322126,0.329
985,AENT,Communication Services,Entertainment,NASDAQ,120.91,83,89.68,28,78,86,89,6.85,361287761.0754776,50957370.0,0.1148,-22.16,25880,18856,28092,-0.063
986,FCX,Basic Materials,Copper,NYSE,120.9,83,99.33,71,88,90,45,64.37,88623769601.89777,1437530696.0,0.0197,-9.3,14893440,16162503,17507402,0.088
987,ILMN,Healthcare,Diagnostics & Research,NASDAQ,120.78,83,106.41,83,74,63,76,142.51,21466444738.76953,151300000.0,0.077,-8.37,1756590,1477933,1507258,0.048
988,SMSI,Technology,Software - Application,NASDAQ,120.75,83,117.07,91,36,13,15,0.87,21898566.76423824,25763019.0,0.0117999995,-33.08,172010,110960,383464,-0.087
989,DD,Basic Materials,Specialty Chemicals,NYSE,120.73,83,101.47,75,86,88,81,50.58,20397683498.5207,409921306.0,0.028399998,-3.95,4249590,3438106,3813116,0.043
990,CPRX,Healthcare,Biotechnology,NASDAQ,120.72,83,110.05,86,67,54,61,31.15,3811998865.367426,122375567.0,0.0889,-4.33,3462850,2346363,1895742,0.076
991,KMT,Industrials,Tools & Accessories,NYSE,120.7,83,88.84,26,91,92,78,37.07,2751184602.0126114,76210103.0,0.0553,-15.38,1711600,1244446,1431378,0.218
992,LYEL,Healthcare,Biotechnology,NASDAQ,120.58,83,80.91,10,94,97,89,19.2,451047899.92975044,23334087.0,0.0623,-57.33,57510,80220,88634,-0.714
993,INVE,Industrials,Building Products & Equipment,NASDAQ,120.56,83,112.92,88,55,31,62,4.82,123374758.87527084,24002872.0,0.0083,-9.06,233040,272356,218448,-0.079
994,NG,Basic Materials,Gold,NYSE ARCA,120.5,83,96.89,64,93,96,96,9.22,3839330372.5,438780614.0,0.0548,-35.97,3449730,3227196,3713308,
995,SVRA,Healthcare,Biotechnology,NASDAQ,120.49,83,90.62,31,91,93,88,5.12,1071742796.1085796,204922140.0,0.1579,-26.91,1095500,1228600,1505742,
996,GH,Healthcare,Diagnostics & Research,NASDAQ,120.47,83,102.79,77,79,93,96,96.71,12689812800.63713,132599929.0,0.0929,-19.9,2116960,2151793,1995242,0.394
997,CVLG,Industrials,Trucking,NYSE,120.44,83,98.73,69,78,78,18,32.6,836935384.25,25170989.0,0.0359,-9.22,177060,170506,157874,0.14
998,UVE,Financial Services,Insurance - Property & Casualty,NYSE,120.38,83,100.87,74,80,74,90,39.18,1100814455.5899124,27911118.0,0.0188,-6.63,242850,217630,219406,-0.003
999,CM,Financial Services,Banks - Diversified,NYSE,120.38,83,100.68,74,84,81,84,110.93,101247709536.4498,920350037.0,5.71,-2.07,1174320,1444233,1508550,0.167
1000,AROC,Energy,Oil & Gas Equipment & Services,NYSE,120.37,83,95.54,59,88,80,44,36.71,6477158971.075836,175247812.0,0.0557,-8.5,1861300,1568266,1648596,0.077
1001,TJGC,Communication Services,Advertising Agencies,NASDAQ,120.21,82,175.39,99,8,10,3,1.9,50903998.41070175,30300000.0,0.0069999998,-96.54,360420,164803,186492,0.084
1002,HOUR,Consumer Cyclical,Internet Retail,NASDAQ,120.18,82,117.18,91,62,40,80,2.38,84441339.35539722,35183890.0,0.0007,-65.2,339770,125320,78832,0.03
1003,CW,Industrials,Aerospace & Defense,NYSE,120.15,82,98.92,70,88,88,86,728.58,26937497239.741943,36941164.0,0.016900001,-2.86,238950,253500,277554,0.134
1004,CRGY,Energy,Oil & Gas E&P,NYSE,120.12,82,93.71,50,90,42,30,12.49,4095120061.219002,330251628.0,0.123,-12.6,7631830,7609510,9089880,0.245
1005,MSGE,Communication Services,Entertainment,NYSE,120.09,82,96.57,63,85,88,80,63.95,3087612464.379471,47305234.0,0.0619,-8.47,483150,364690,352522,0.016
1006,CNTN,Healthcare,Biotechnology,NASDAQ,120.07,82,85.56,18,91,97,95,3.19,171101937.3393674,56656271.0,0.0661,-64.87,516020,590753,565096,
1007,LIND,Consumer Cyclical,Travel Services,NASDAQ,120.07,82,98.67,69,89,92,36,19.48,1384160025.024414,65600000.0,0.087799996,-12.8,870330,713100,751084,0.157
1008,RDW,Industrials,Aerospace & Defense,NYSE,120.05,82,125.66,94,33,31,5,12.16,2202030258.254822,198918728.0,0.1617,-45.35,27245120,25244100,22258258,0.579
1009,ENVA,Financial Services,Credit Services,NYSE,120.0,82,100.73,74,77,80,78,168.9,4352368158.514648,24884896.0,0.0962,-4.4,289520,246260,241440,0.258
1010,ADUR,Industrials,Pollution & Treatment Controls,NASDAQ,119.96,82,116.49,90,70,78,89,13.86,455318590.5,33727303.0,7.63,-21.52,369900,306380,292398,
1011,FVR,Real Estate,REIT - Diversified,NYSE,119.94,82,100.94,74,79,72,54,18.19,411587350.4882126,22652028.0,0.0148,-1.62,122260,114863,112748,0.12
1012,NB,Basic Materials,Other Industrial Metals & Mining,NASDAQ,119.9,82,107.92,84,68,89,97,6.13,869210752.5584946,142727542.0,0.069699995,-51.27,4315950,4607580,4432114,
1013,MGTX,Healthcare,Biotechnology,NASDAQ,119.89,82,106.53,83,83,55,80,9.9,909071967.6088028,92573523.0,0.0876,-16.46,549880,978656,774732,2.523
1014,BKR,Energy,Oil & Gas Equipment & Services,NASDAQ,119.88,82,94.88,56,86,85,75,64.6,63383268445.81932,992068697.0,0.026600001,-8.25,7671590,8395850,9655470,0.025
1015,OCGN,Healthcare,Biotechnology,NASDAQ,119.87,82,83.35,13,86,89,86,1.48,511162964.9916358,338518522.0,0.21,-45.69,10301020,7569406,9727326,
1016,BVS,Healthcare,Medical Devices,NASDAQ,119.85,82,102.44,77,80,53,30,10.19,711354504.0,67748048.0,0.0292,-9.41,510440,477393,480868,0.066
1017,WDS,Energy,Oil & Gas E&P,NYSE,119.71,82,92.73,41,91,65,73,22.27,41006729504.34028,1901100143.0,1.73,-11.59,799030,1067773,1349154,-0.111
1018,EHLD,Industrials,Marine Shipping,NASDAQ,119.68,82,103.83,79,74,27,23,8.49,23969394.294672012,2816615.0,0.0017,-2.8,1810,2366,6388,0.249
1019,ADM,Consumer Defensive,Farm Products,NYSE,119.61,82,104.18,80,78,82,72,79.84,37428745651.797516,481956527.0,0.037,-2.34,4936160,3729730,4081782,0.016
1020,PRLB,Industrials,Metal Fabrication,NYSE,119.57,82,105.78,82,84,87,69,70.95,1648927391.1136627,23794045.0,0.0374,1.36,198690,161970,164494,0.104
1021,FLOC,Energy,Oil & Gas Equipment & Services,NYSE,119.53,82,106.48,83,83,70,25,26.34,1038912190.4618607,41824162.0,0.026500002,2.25,687370,738036,777204,0.089
1022,ICCC,Healthcare,Biotechnology,NASDAQ,119.51,82,107.5,83,64,69,67,8.45,72826733.67553997,9046799.0,0.0036000002,-6.94,24210,26300,21270,-0.016
1023,MGA,Consumer Cyclical,Auto Parts,NYSE,119.5,82,99.79,72,82,83,79,62.54,17180091516.65268,272224550.0,0.028900001,-10.58,2113670,1716690,1792068,0.031
1024,ELWT,Communication Services,Telecom Services,NASDAQ,119.5,82,130.1,95,35,25,41,8.8,53818942.23757553,6619796.0,0.0114,-2.55,30450,41463,49272,0.413
1025,VOD,Communication Services,Telecom Services,NASDAQ,119.47,82,98.78,70,85,90,82,16.32,37339495514.9045,2304907022.0,0.0043,0.55,5291190,4365303,4124226,0.073
1026,SABS,Healthcare,Biotechnology,NASDAQ,119.43,82,91.46,35,92,94,91,3.72,288833198.0328202,70275715.0,0.044499997,-43.64,1551380,799886,852890,
1027,MNPR,Healthcare,Biotechnology,NASDAQ,119.32,82,110.28,86,58,70,98,65.52,425874816.460762,6698778.0,0.3768,-37.6,138320,165543,176318,
1028,AMTX,Basic Materials,Specialty Chemicals,NASDAQ,119.26,82,90.44,31,76,19,24,2.32,182249169.39039683,70366477.0,0.08189999,-38.95,2150730,1888400,1920546,0.142
1029,PACK,Consumer Cyclical,Packaging & Containers,NYSE,119.22,82,142.6,97,23,75,42,6.32,556897155.829668,85544875.0,0.074200004,-5.25,1193180,634973,675304,0.11
1030,ERIC,Technology,Communication Equipment,NASDAQ,119.08,82,102.41,77,87,80,81,12.49,39527589519.61219,3327238143.0,0.013099999,2.46,7063850,10591280,10151088,-0.103
1031,FTNT,Technology,Software - Infrastructure,NASDAQ,119.07,82,129.16,95,31,36,31,115.44,83510880277.87018,732102047.0,0.0319,0.68,6899940,6174570,6152630,0.201
1032,CVI,Energy,Oil & Gas Refining & Marketing,NYSE,119.05,82,105.76,82,81,28,93,34.88,3372801519.75124,100530599.0,0.19690001,-16.29,1045650,1060230,1283026,0.203
1033,CBOE,Financial Services,Financial Data & Stock Exchanges,BATS,119.01,82,111.17,87,75,67,76,350.48,36478122695.5376,104653784.0,0.0298,0.31,1039010,879290,908146,0.065
1034,AIRS,Healthcare,Medical Care Facilities,NASDAQ,118.98,82,161.92,98,30,5,45,4.35,272306321.25946355,70545681.0,0.123900004,-63.75,1743120,1521890,3239664,-0.146
1035,BYFC,Financial Services,Banks - Regional,NASDAQ,118.95,82,119.58,92,47,74,28,10.0,91129701.97363377,9298949.0,0.003,1.42,8520,4193,3302,0.55
1036,KW,Real Estate,Real Estate Services,NYSE,118.92,82,95.82,60,84,74,77,11.03,1535122154.2679787,139303275.0,0.063200004,-0.54,880870,818530,1111538,-0.104
1037,HASI,Financial Services,Asset Management,NYSE,118.86,82,99.06,70,84,77,81,40.98,5246233661.795525,127801066.0,0.1321,-7.14,1151000,937263,923954,-0.283
1038,IX,Financial Services,Financial Conglomerates,NYSE,118.84,82,106.45,83,77,91,76,36.74,37043491513.41757,1098235755.0,0.00090000004,-0.81,297620,346686,422412,0.125
1039,FLNG,Energy,Oil & Gas Midstream,NYSE,118.76,82,102.62,77,81,61,75,32.71,1769902608.7507324,54092376.0,0.1328,-2.07,417010,436843,627832,-0.037
1040,NGVT,Basic Materials,Specialty Chemicals,NYSE,118.74,82,93.63,49,89,91,53,74.44,2629782819.196701,34771690.0,0.045700002,-6.12,285140,247706,310152,-0.092
1041,MYE,Consumer Cyclical,Packaging & Containers,NYSE,118.73,82,98.36,68,88,89,84,22.85,862316078.7352448,37557322.0,0.023699999,-5.77,242160,197616,238172,-0.204
1042,CRBP,Healthcare,Biotechnology,NASDAQ,118.69,82,111.38,87,75,26,75,11.04,194391646.1165924,17736464.0,0.0879,-46.3,336770,285886,261442,
1043,SPRU,Technology,Solar,NYSE,118.61,82,78.07,7,85,93,98,3.24,59957247.0336411,18168863.0,0.0506,-52.0,34230,47913,48176,0.188
1044,FSM,Basic Materials,Gold,NYSE,118.6,82,101.04,74,79,90,90,10.88,3277037553.827654,304557387.0,2.14,-21.44,5819350,6080776,6710274,0.756
1045,DBRG,Financial Services,Asset Management,NYSE,118.6,82,93.58,49,84,89,26,15.65,2850480351.530863,182372382.0,0.0799,0.0,3337750,3274893,3135552,0.589
1046,BOF,Consumer Defensive,Packaged Foods,NASDAQ,118.58,82,92.03,37,89,64,89,3.48,49580215.79068756,14582416.0,0.0067000003,-29.7,79010,62303,62712,1.819
1047,CSCO,Technology,Communication Equipment,NASDAQ,118.56,82,109.53,86,75,63,80,98.72,381441169860.5283,3949893042.0,0.0147,1.75,19681190,18630433,20917942,0.097
1048,AIFF,Technology,Software - Application,NASDAQ,118.56,82,108.79,85,31,3,4,1.8,27958911.538383365,14793075.0,0.1042,-52.25,387550,1083963,13027366,6.774
1049,NPKI,Energy,Oil & Gas Equipment & Services,NYSE,118.54,82,94.64,55,91,88,89,15.29,1262261508.4458342,84432209.0,0.0201,-7.33,983650,795623,788000,0.159
1050,SRRK,Healthcare,Biotechnology,NASDAQ,118.53,82,96.05,61,82,87,80,48.35,5798493202.682587,119828338.0,0.1558,-6.34,1211380,1508573,1596630,
1051,PCVX,Healthcare,Biotechnology,NASDAQ,118.52,82,86.67,20,90,82,73,53.99,7653966554.900837,144387225.0,0.1,-16.94,1844250,1399613,1366604,
1052,CNQ,Energy,Oil & Gas E&P,NYSE,118.51,82,92.58,40,89,80,71,45.19,92876663753.96729,2085710000.0,1.78,-11.98,9419840,11792860,12419274,-0.012
1053,OKLO,Utilities,Utilities - Independent Power Producers,NYSE,118.5,82,121.36,92,34,39,97,78.13,12610927824.912857,173919838.0,0.1884,-59.69,13826460,13917190,11697794,
1054,EC,Energy,Oil & Gas Integrated,NYSE,118.31,82,90.49,31,88,79,80,12.79,25985751756.214844,2055834735.0,0.0355,-18.12,2744090,3024653,3363618,-0.172
1055,LIQT,Industrials,Pollution & Treatment Controls,NASDAQ,118.15,82,112.38,88,35,32,73,2.28,22581598.88025999,9947841.0,0.0125,-31.94,11780,21130,50696,-0.082
1056,IRM,Real Estate,REIT - Specialty,NYSE,118.07,82,113.42,89,76,62,39,129.96,38333078810.47208,297524681.0,0.0366,-3.08,2126750,1632883,1558162,0.216
1057,APT,Industrials,Building Products & Equipment,NYSE ARCA,118.05,82,131.52,95,39,57,36,6.64,65797042.66461754,10216932.0,0.0113,-3.63,251950,104490,79090,0.003
1058,CLSK,Financial Services,Capital Markets,NASDAQ,117.83,82,128.4,94,35,26,62,14.3,3631691315.819003,255752913.0,0.4625,-39.43,20322450,20349730,19736258,0.116
1059,ODC,Basic Materials,Specialty Chemicals,NYSE,117.81,82,101.57,75,83,77,80,76.47,1119014923.2842102,14480007.0,0.0373,-1.81,46030,52683,60514,0.007
1060,REPX,Energy,Oil & Gas E&P,NYSE ARCA,117.79,81,94.01,52,90,39,35,34.76,721173314.6959267,21695947.0,0.0369,-15.75,425030,451233,475612,0.112
1061,NOV,Energy,Oil & Gas Equipment & Services,NYSE,117.77,81,94.34,53,85,83,76,19.77,6908603240.0,358888480.0,0.1379,-5.54,5376240,5012183,5036408,-0.024
1062,PHVS,Healthcare,Biotechnology,NASDAQ,117.73,81,99.78,72,84,79,78,29.95,1968121373.9604416,65407822.0,0.021300001,-4.83,572250,338043,264858,
1063,IPWR,Technology,Semiconductors,NASDAQ,117.72,81,160.53,98,15,12,16,5.75,53364403.76701212,12155901.0,0.0043,-16.67,361230,301720,199292,-1.0
1064,SOC,Energy,Oil & Gas Drilling,NYSE,117.68,81,100.18,73,30,18,0,13.25,1983563452.384777,154362910.0,0.25190002,-62.14,2787720,3637450,5593062,
1065,CTS,Technology,Electronic Components,NYSE,117.68,81,106.84,83,82,82,38,61.49,1765612192.5,28592910.0,0.0269,-0.85,344500,237756,234100,0.107
1066,SHLS,Technology,Solar,NASDAQ,117.67,81,115.51,90,54,92,93,9.32,1483102887.8799477,167771817.0,0.13,-17.96,5862040,5673786,5197848,0.749
1067,ZGN,Consumer Cyclical,Apparel Manufacturing,NYSE,117.66,81,104.64,80,80,72,78,12.51,3530044017.8697586,268240430.0,0.0454,-6.5,884300,743550,746838,0.003
1068,KURA,Healthcare,Biotechnology,NASDAQ,117.57,81,105.4,81,65,45,87,9.51,836144678.4520569,88762704.0,0.1736,-23.86,1061670,1293420,1398538,-0.678
1069,MAMA,Consumer Defensive,Packaged Foods,NASDAQ,117.53,81,84.63,16,90,94,85,13.43,536672392.24529266,40657000.0,0.085200004,-24.76,382620,394300,370408,0.607
1070,ESE,Technology,Scientific & Technical Instruments,NYSE,117.49,81,92.6,40,91,86,83,297.85,7852722525.42041,25907172.0,0.0227,-13.97,307040,368673,323526,
1071,VIST,Energy,Oil & Gas E&P,NYSE,117.45,81,90.72,32,90,63,65,66.83,6861342892.30896,105219184.0,0.0287,-15.62,1432150,1510896,1862836,0.973
1072,RPRX,Healthcare,Biotechnology,NASDAQ,117.42,81,100.81,74,82,78,80,51.65,22513892147.989563,443274104.0,0.0274,-0.0,3930310,3185463,3325424,0.11
1073,NRXP,Healthcare,Biotechnology,NASDAQ,117.41,81,111.15,87,35,16,77,2.82,101848297.87714005,33067630.0,0.1038,-26.56,935120,1020653,958420,
1074,INDI,Technology,Semiconductors,NASDAQ,117.39,81,127.22,94,32,38,48,4.74,905957648.9855118,210687816.0,0.3056,-21.65,5663990,4723143,5676150,0.026
1075,USGO,Basic Materials,Other Industrial Metals & Mining,NASDAQ,117.34,81,102.67,77,79,65,54,13.5,180120111.4585533,13322493.0,0.074200004,-24.92,66710,60036,89528,
1076,BG,Consumer Defensive,Farm Products,NYSE,117.29,81,94.3,53,87,88,80,126.14,24240623761.77704,194018115.0,0.041199997,-5.82,1731520,1553283,1775774,0.878
1077,VIK,Consumer Cyclical,Travel Services,NYSE,117.25,81,98.08,68,83,83,73,80.91,36876699004.29938,446071124.0,0.0369,-7.0,2627380,2861380,2943078,0.278
1078,VYNE,Healthcare,Biotechnology,NASDAQ,117.24,81,101.31,75,36,58,8,0.67,22046239.583308697,33352858.0,0.0031,-65.82,292440,171390,187498,0.548
1079,NPK,Industrials,Aerospace & Defense,NYSE,117.22,81,94.25,53,83,79,53,140.79,1020776842.3505859,7164352.0,0.08270001,-6.05,95710,86763,94372,0.217
1080,HCSG,Healthcare,Medical Care Facilities,NASDAQ,117.07,81,103.66,79,81,88,83,22.35,1582958552.0595016,68645212.0,0.045900002,-8.36,625330,742686,714918,0.034
1081,TD,Financial Services,Banks - Diversified,NYSE,117.04,81,99.25,71,82,83,82,107.09,180179338776.26544,1676710779.0,6.01,-1.95,1632810,2534756,2408022,0.211
1082,TRN,Industrials,Railroads,NYSE,116.91,81,106.45,83,81,79,27,36.49,2912286659.811039,79505503.0,0.0644,-2.09,669650,635736,637400,-0.16
1083,STAA,Healthcare,Medical Instruments & Supplies,NASDAQ,116.88,81,115.78,90,82,21,74,27.83,1328849620.1398182,49788295.0,0.2635,-9.67,778600,1071276,1177112,0.181
1084,QBTS,Technology,Computer Hardware,NYSE,116.84,81,135.67,96,30,88,99,24.03,8360524186.354828,370426420.0,0.16,-48.6,25066990,30004136,26711634,0.192
1085,BFH,Financial Services,Credit Services,NYSE,116.8,81,98.11,68,83,72,65,84.93,3529152909.1249084,40407065.0,0.0002,-14.32,508130,661193,652078,0.061
1086,PTCT,Healthcare,Biotechnology,NASDAQ,116.8,81,102.2,77,72,77,91,76.85,6112536919.733032,82949338.0,0.1401,-12.17,2154000,1288653,1269486,-0.768
1087,SHEN,Communication Services,Telecom Services,NASDAQ,116.79,81,98.61,69,72,63,28,16.0,894003527.7185326,55322001.0,0.0634,-7.78,467380,341513,316414,0.048
1088,LOCO,Consumer Cyclical,Restaurants,NASDAQ,116.74,81,97.52,66,82,37,41,13.67,426372660.0,30455190.0,0.0656,-14.03,328990,284156,358988,0.081
1089,CDNA,Healthcare,Diagnostics & Research,NASDAQ,116.72,81,103.9,79,32,72,47,21.55,1127209859.6547775,51659481.0,0.12640001,-7.27,803960,763470,699736,0.39
1090,UNF,Industrials,Specialty Business Services,NYSE,116.67,81,93.41,48,86,83,27,252.35,4564319495.00177,18082958.0,0.0403,-11.07,186370,214190,343422,0.034
1091,NRIX,Healthcare,Biotechnology,NASDAQ,116.61,81,93.19,46,78,82,58,16.28,1708264078.0954247,103405813.0,0.1878,-27.64,896350,1048260,1123466,-0.661
1092,WST,Healthcare,Medical Instruments & Supplies,NYSE,116.61,81,112.84,88,56,35,64,322.3,23025465111.03714,70647595.0,0.0438,-1.87,942640,941396,928452,0.21
1093,ULS,Industrials,Specialty Business Services,NYSE,116.58,81,109.25,85,71,38,88,97.73,20244999762.69745,201563115.0,0.0429,-9.12,783390,732566,768398,0.075
1094,PSX,Energy,Oil & Gas Refining & Marketing,NYSE,116.57,81,98.03,67,81,75,75,175.36,68784411052.35474,400935020.0,0.0185,-8.0,2631580,2865413,3283518,0.069
1095,FANG,Energy,Oil & Gas E&P,NASDAQ,116.57,81,96.03,61,83,68,51,196.15,53083818285.39995,281313297.0,0.0428,-8.56,2901570,3120576,3547878,0.042
1096,LNZA,Industrials,Waste Management,NASDAQ,116.48,81,103.11,78,93,5,6,21.0,247800128.53158188,10089582.0,0.0073,-70.51,18270,40743,51998,1.327
1097,KEX,Industrials,Marine Shipping,NYSE,116.47,81,97.64,66,82,66,48,146.09,7627051334.54895,53621000.0,0.032899998,-7.36,754120,700886,749010,0.074
1098,XPRO,Energy,Oil & Gas Equipment & Services,NYSE,116.4,81,84.95,16,89,86,78,15.86,1742885486.7329397,113395283.0,0.066300005,-15.32,935020,1093323,1154966,-0.06
1099,PANL,Industrials,Marine Shipping,NASDAQ,116.37,81,92.95,44,86,91,83,7.69,512098202.44683456,65318647.0,0.024,-18.1,412020,454213,577616,0.249
1100,AMX,Communication Services,Telecom Services,NYSE,116.36,81,101.18,75,86,78,87,27.42,81844956246.1853,3007900000.0,0.0029,-1.01,1517220,1590393,1772664,0.021
1101,FGI,Consumer Cyclical,"Furnishings, Fixtures & Appliances",NASDAQ,116.34,81,113.8,89,34,85,87,6.15,12334886.58380413,1927326.0,0.0422,-51.27,94380,384516,239916,-0.144
1102,ADCT,Healthcare,Biotechnology,NYSE,116.3,81,85.39,17,87,92,92,3.48,445169053.0,127191158.0,0.0477,-30.12,1422120,1098370,1033226,-0.095
1103,CMT,Basic Materials,Specialty Chemicals,NYSE ARCA,116.27,81,92.03,37,86,73,73,24.17,239279170.0,9203045.0,0.0185,-15.75,33650,37293,35762,-0.047
1104,NGEN,Healthcare,Biotechnology,NASDAQ,116.25,81,90.28,30,73,92,63,3.83,303490766.25,80930871.0,5.82,-39.21,164490,217580,178630,
1105,BFRI,Healthcare,Drug Manufacturers - Specialty & Generic,NASDAQ,116.24,81,109.1,85,76,28,37,1.11,13808691.413717508,12007558.0,0.0064,-6.72,156900,141043,135538,0.362
1106,VAC,Consumer Cyclical,Resorts & Casinos,NYSE,116.23,81,106.27,82,60,30,9,75.19,2648537190.0060425,34343064.0,0.103,-12.9,516690,492963,560210,0.0
1107,HLIO,Industrials,Specialty Industrial Machinery,NYSE,116.19,81,92.12,37,92,92,79,68.02,2254422583.0997925,33046358.0,0.0353,-11.05,231330,344973,371186,0.174
1108,VERA,Healthcare,Biotechnology,NASDAQ,116.16,81,85.29,17,85,91,68,36.61,2597823197.181183,71782904.0,0.1568,-34.68,1085540,1170496,1230210,
1109,TECX,Healthcare,Biotechnology,NASDAQ,116.15,81,96.41,62,90,50,13,27.52,547206394.0,18869186.0,0.2705,-23.62,239530,218563,264380,
1110,HZO,Consumer Cyclical,Specialty Retail,NYSE,116.12,81,108.61,85,64,65,28,33.29,756006238.5575409,22028154.0,0.19459999,-3.31,425160,338573,377350,-0.165
1111,WWD,Industrials,Aerospace & Defense,NASDAQ,116.07,81,92.52,40,90,92,81,370.25,22041487333.332092,59582861.0,0.013200001,-9.03,992540,798093,734950,0.234
1112,AGI,Basic Materials,Gold,NYSE,116.05,81,93.4,48,86,90,89,43.9,18218099977.751453,419965411.0,2.17,-20.77,4163880,3271753,3689738,0.792
1113,DLTH,Consumer Cyclical,Apparel Retail,NASDAQ,115.98,81,93.37,47,83,33,78,3.06,124299555.1163764,38128698.0,0.0241,-34.33,54970,80953,371480,-0.105
1114,AZZ,Industrials,Specialty Business Services,NYSE,115.97,81,101.87,76,82,85,46,148.65,4410333790.774933,29880309.0,0.0387,-0.71,192120,199056,203500,0.094
1115,ACRV,Healthcare,Biotechnology,NASDAQ,115.94,81,109.37,86,47,27,79,1.91,84746679.75637102,42801353.0,0.1248,-46.35,568460,769963,768134,
1116,PKBK,Financial Services,Banks - Regional,NASDAQ,115.9,81,96.61,63,85,85,63,30.6,363094022.2129631,11842597.0,0.0095999995,-2.7,89500,103420,93106,0.353
1117,UI,Technology,Communication Equipment,NYSE,115.84,81,80.43,9,96,91,90,738.61,50964559149.84155,60520794.0,0.0907,-32.85,127900,111966,102136,0.187
1118,P,Technology,Computer Hardware,NYSE,115.84,81,121.61,92,48,47,89,87.34,25961048745.019165,332152604.0,0.0252,-13.17,3130070,2782643,2794548,
1119,IVZ,Financial Services,Asset Management,NYSE,115.8,80,102.89,77,76,82,84,27.99,12230554061.751698,443296629.0,0.066199996,-5.47,5568130,6039580,5737050,0.141
1120,NRC,Healthcare,Health Information Services,NASDAQ,115.73,80,106.06,82,68,28,36,18.71,422563050.0,22536696.0,0.0556,-17.9,133260,88663,101498,0.037
1121,LRMR,Healthcare,Biotechnology,NASDAQ,115.69,80,90.39,31,91,59,49,4.09,412415262.86211467,103882937.0,0.109,-36.29,1803860,1482340,1848148,
1122,SJ,Communication Services,Internet Content & Information,NASDAQ,115.61,80,84.15,15,94,91,23,1.11,46709045.81239128,42462768.0,0.0004,-31.9,10420,37826,38472,-0.195
1123,HQL,Financial Services,Asset Management,NYSE,115.58,80,99.06,70,81,77,84,18.11,553122391.1696491,30408047.0,0.22,-0.93,104940,106960,107686,-0.699
1124,HLIT,Technology,Communication Equipment,NASDAQ,115.56,80,120.33,92,51,52,41,12.83,1389595577.9489298,108477403.0,0.0366,-0.39,1772870,1242450,1205896,-0.558
1125,OLN,Basic Materials,Chemicals,NYSE,115.41,80,95.92,61,83,72,23,28.42,3055922890.453205,113857037.0,0.1126,-6.7,2146320,2405023,2738286,-0.037
1126,UNH,Healthcare,Healthcare Plans,NYSE,115.39,80,115.1,90,29,27,29,384.44,345076720609.0924,908144404.0,0.0186,-0.72,6821200,8345150,8502146,0.02
1127,CPSH,Technology,Electronic Components,NASDAQ,115.37,80,88.74,25,92,94,92,4.32,71487643.62518334,18006963.0,0.0099,-36.93,488330,344160,273574,-0.064
1128,HLF,Consumer Defensive,Packaged Foods,NYSE,115.36,80,78.62,8,88,96,78,13.51,1483509386.4614182,103669416.0,0.094399996,-33.77,1595220,1280276,1359648,0.078
1129,BEN,Financial Services,Asset Management,NYSE,115.29,80,109.43,86,67,76,49,31.55,16134733483.648308,519637162.0,0.0619,0.35,6549370,5366150,5413914,0.087
1130,INGM,Technology,Information Technology Services,NYSE,115.23,80,96.95,64,86,43,39,27.0,6300785901.53228,231646534.0,0.1362,-13.96,2466140,1671480,1716230,0.137
1131,AREC,Basic Materials,Coking Coal,NASDAQ,115.2,80,98.55,69,90,96,99,2.45,239513835.57972407,106925819.0,0.0921,-65.54,2533540,2679800,2610510,-0.999
1132,GPRK,Energy,Oil & Gas E&P,NYSE,115.16,80,98.92,70,87,59,73,9.9,603452937.8254013,64678772.0,0.0309,-4.26,550560,897716,1128358,-0.065
1133,KFFB,Financial Services,Banks - Regional,NASDAQ,115.12,80,97.63,66,76,88,89,4.67,35177213.828790665,8086716.0,0.0036000002,-6.22,4690,2830,3666,0.278
1134,STFS,Communication Services,Advertising Agencies,NASDAQ,115.1,80,229.59,99,9,4,0,10.0,11949447.78322792,1193751.0,0.0134000005,-90.38,927610,313173,198333,-0.027
1135,MB,Consumer Cyclical,Restaurants,NASDAQ,115.09,80,113.89,89,25,30,89,6.95,129777575.98161697,17155000.0,0.0007,-57.62,33090,17290,19886,-0.056
1136,STT,Financial Services,Asset Management,NYSE,115.06,80,100.03,72,81,70,75,150.17,41373905283.49672,276767033.0,0.0001,-3.85,1965340,2110390,2169822,-0.028
1137,ATLO,Financial Services,Banks - Regional,NASDAQ,115.06,80,91.96,37,87,87,77,28.03,253405069.60601807,8857220.0,0.0216,-5.65,74070,66656,58146,0.28
1138,CVEO,Consumer Cyclical,Lodging,NYSE,114.99,80,101.55,75,80,79,38,31.9,340993101.69018555,10943296.0,0.0327,-8.33,68230,70706,71532,0.071
1139,GVA,Industrials,Engineering & Construction,NYSE,114.99,80,104.71,80,77,83,63,141.21,6206781867.726929,43746699.0,0.144,-2.61,722050,571556,610332,0.304
1140,NTWK,Technology,Software - Application,NASDAQ,114.99,80,118.49,91,58,51,37,4.31,51118478.48134041,11860436.0,0.0023999999,-25.04,56980,29996,30966,0.211
1141,FLY,Industrials,Aerospace & Defense,NASDAQ,114.98,80,120.5,92,51,14,4,38.24,6358133459.459908,160235217.0,0.097600006,-48.18,5951160,6954423,6273600,0.448
1142,WPM,Basic Materials,Gold,NYSE,114.92,80,99.61,71,85,91,87,143.8,63051417875.190186,454097336.0,1.32,-13.25,2552660,2290040,2491264,0.916
1143,RSVR,Communication Services,Entertainment,NASDAQ,114.91,80,98.36,68,81,44,35,9.95,668466204.0830526,65600219.0,0.1578,-3.59,57570,75923,99470,0.077
1144,SY,Healthcare,Health Information Services,NASDAQ,114.8,80,97.27,65,83,96,98,3.04,297885535.09955335,100298159.0,0.0421,-51.59,387390,433370,464666,0.248
1145,GLRE,Financial Services,Insurance - Reinsurance,NASDAQ,114.75,80,96.24,62,82,55,43,17.7,592352781.5231934,33166448.0,0.0138,-8.72,194080,217696,221348,-0.069
1146,SUNC,Energy,Oil & Gas Midstream,NYSE,114.73,80,101.62,76,74,65,44,66.09,3402711085.1180115,51517198.0,0.0337,-3.08,748130,537726,557758,
1147,BP,Energy,Oil & Gas Integrated,NYSE,114.73,80,92.76,42,88,62,77,44.22,111600383071.5334,2574997293.0,0.0047999998,-8.39,10198020,12982863,15445548,0.116
1148,ELPC,Utilities,Utilities - Regulated Electric,NYSE,114.72,80,94.38,54,91,80,89,12.26,9355775265.649597,742521824.0,0.0058,-10.49,243550,436536,414948,0.2
1149,RRX,Industrials,Specialty Industrial Machinery,NYSE,114.72,80,95.66,60,90,89,36,211.33,14269853708.910843,66569573.0,0.040799998,-10.59,1476740,1186486,1209710,0.043
1150,IE,Basic Materials,Copper,NYSE ARCA,114.71,80,103.34,78,79,94,92,14.88,2200253082.3165493,158291593.0,0.0694,-30.95,2020370,1988340,2182348,-0.327
1151,AERT,Industrials,Consulting Services,NASDAQ,114.67,80,138.18,96,37,18,19,0.71,32385265.86232567,50209716.0,0.0075,-53.23,196240,395756,745554,-0.008
1152,EQIX,Real Estate,REIT - Specialty,NASDAQ,114.66,80,100.95,74,83,69,37,1086.22,105733079461.7666,98624248.0,0.021,-3.76,608440,534690,577706,0.121
1153,SOBO,Energy,Oil & Gas Midstream,NYSE,114.66,80,102.22,77,80,65,67,35.39,7260422232.945671,209173795.0,8.98,-0.48,1035630,1130473,1054968,-0.014
1154,BIIB,Healthcare,Drug Manufacturers - General,NASDAQ,114.64,80,99.77,72,71,85,78,197.95,28560399833.097275,147637117.0,0.038599998,-2.2,1132960,1271510,1130666,0.019
1155,ARKO,Consumer Cyclical,Specialty Retail,NASDAQ,114.61,80,103.55,79,78,75,20,6.79,770715890.4313631,112185721.0,0.045100003,-4.03,941270,1001276,986452,-0.031
1156,KNOP,Energy,Oil & Gas Midstream,NYSE,114.59,80,98.98,70,76,85,91,11.06,382847514.3638134,34553025.0,0.0114,-4.24,73660,92340,118740,0.13
1157,AMRC,Industrials,Engineering & Construction,NYSE,114.57,80,103.87,79,72,90,91,30.58,1586424404.8415298,52951417.0,0.1417,-31.94,503150,537606,549074,0.138
1158,ELE,Basic Materials,Other Precious Metals & Mining,NASDAQ,114.56,80,102.74,77,79,93,90,20.13,1211856279.6983643,64255368.0,1.1,-25.33,387380,271596,338364,1.908
1159,NVDA,Technology,Semiconductors,NASDAQ,114.5,80,105.82,82,71,68,81,219.44,5230435925827.026,24305000000.0,0.012200001,0.75,154981930,152064996,163545848,0.732
1160,PRAA,Financial Services,Credit Services,NASDAQ,114.48,80,91.25,34,75,14,31,17.14,731542243.4796753,38140888.0,0.0341,-23.99,539310,367670,448870,0.167
1161,R,Industrials,Rental & Leasing Services,NYSE,114.44,80,96.59,63,79,76,48,232.47,9252570020.904877,38691018.0,0.035099998,-10.24,451520,424850,392578,-0.002
1162,BKD,Healthcare,Medical Care Facilities,NYSE,114.44,80,83.32,13,90,97,93,12.81,3099866941.1774635,238818725.0,0.1634,-25.04,3882960,3456036,3529944,-0.067
1163,AUPH,Healthcare,Biotechnology,NASDAQ,114.4,80,95.31,58,87,82,92,15.72,1958603390.4608269,128601671.0,0.0776,-6.87,1363380,1186926,1187278,0.244
1164,DAVE,Technology,Software - Application,NASDAQ,114.39,80,109.06,85,73,36,89,249.42,3259042762.7864685,12714247.0,0.13270001,-13.3,533680,570243,614814,0.467
1165,ROST,Consumer Cyclical,Apparel Retail,NASDAQ,114.33,80,93.01,44,85,80,70,214.55,73037098402.01953,323444928.0,0.0238,-7.19,2471560,2242953,2578422,0.122
1166,VIRT,Financial Services,Capital Markets,NYSE,114.28,80,104.51,80,85,40,33,51.54,4465223674.119869,87024431.0,0.043,-1.28,1512490,1389316,1278786,0.303
1167,CRWV,Technology,Software - Infrastructure,NASDAQ,114.27,80,112.64,88,82,86,83,114.7,60294041764.369385,528200096.0,0.2187,-38.66,31052010,32570616,28338068,1.117
1168,CHCI,Real Estate,Real Estate Services,NASDAQ,114.27,80,97.8,67,91,35,89,16.66,174919829.5728302,10259228.0,0.0070999996,-15.52,10130,18746,23436,0.415
1169,TRS,Consumer Cyclical,Packaging & Containers,NASDAQ,114.13,80,104.81,81,79,76,66,41.59,1530558746.934967,35827685.0,0.19139999,-4.87,652810,515963,525594,0.104
1170,ECOR,Healthcare,Medical Devices,NASDAQ,114.05,80,103.9,79,52,30,22,6.61,53175480.60417557,8295707.0,0.0446,-23.5,61840,62776,64122,0.426
1171,GPRO,Technology,Consumer Electronics,NASDAQ,114.04,80,118.32,91,37,26,92,1.32,224902506.59278738,164162413.0,0.168,-56.72,8897180,9720720,7927748,0.004
1172,QMCO,Technology,Computer Hardware,NASDAQ,114.01,80,153.64,98,19,13,51,9.78,140817837.30481052,14638029.0,0.1362,-36.2,681520,548383,482814,0.086
1173,NXTC,Healthcare,Biotechnology,NASDAQ,114.01,80,87.0,21,95,95,90,9.78,35254057.786743164,3612096.0,0.020499999,-37.87,36630,62746,52634,
1174,GFI,Basic Materials,Gold,NYSE,113.96,80,92.89,43,88,95,95,46.14,40123616250.30975,894418540.0,0.0067000003,-25.15,2996550,2999990,3399522,0.714
1175,HG,Financial Services,Insurance - Reinsurance,NYSE,113.95,80,93.91,51,86,84,82,30.9,3063040189.721054,99255999.0,0.0148,-8.35,516360,444963,473032,-0.022
1176,FF,Basic Materials,Specialty Chemicals,NYSE,113.94,80,110.98,87,69,41,24,4.84,214931188.48315,43863507.0,0.037100002,-5.47,381050,470126,527168,-0.677
1177,REZI,Industrials,Industrial Distribution,NYSE,113.89,79,92.84,42,84,82,83,37.47,6018993614.25,151421223.0,0.0401,-17.27,1047320,1124630,1158054,0.02
1178,MD,Healthcare,Medical Care Facilities,NYSE,113.87,79,98.94,70,80,76,90,23.37,1930686146.4062138,82121911.0,0.0588,-6.48,1090700,782063,842344,0.039
1179,BTG,Basic Materials,Gold,NYSE ARCA,113.87,79,107.57,84,73,89,85,5.39,7061813698.438495,1332417631.0,1.7,-14.31,34668050,32439970,32670988,1.177
1180,VMI,Industrials,Conglomerates,NYSE,113.82,79,105.69,82,71,80,71,516.0,9911639281.066956,19413651.0,0.023699999,-2.36,197720,232630,211298,0.062
1181,IVA,Healthcare,Biotechnology,NASDAQ,113.79,79,101.06,74,72,94,79,5.8,1115069328.116581,207647924.0,0.0023,-27.35,307570,428480,359338,-0.899
1182,WETH,Technology,Electronic Components,NASDAQ,113.79,79,102.2,77,37,74,97,1.72,21238130.178636074,11931534.0,0.0070999996,-53.26,59890,68540,55916,0.446
1183,DPRO,Technology,Computer Hardware,NASDAQ,113.71,79,95.39,59,59,94,97,5.54,199997746.4161048,36495939.0,0.1125,-61.53,1354520,1569750,1913486,0.185
1184,KRO,Basic Materials,Specialty Chemicals,NYSE,113.71,79,100.86,74,70,59,11,7.36,838737211.2510719,115053116.0,0.08,-6.84,346780,314170,365730,0.041
1185,BGSF,Industrials,Staffing & Employment Services,NYSE,113.71,79,81.45,11,89,91,55,5.12,56376550.953149796,10717975.0,0.0069,-37.71,21060,17936,22274,-0.0
1186,IBKR,Financial Services,Capital Markets,NASDAQ,113.7,79,106.83,83,76,70,78,84.91,37607822961.173035,445484764.0,0.0271,-2.82,4266260,4474556,4700940,0.168
1187,DXPE,Industrials,Industrial Distribution,NASDAQ,113.69,79,89.05,26,88,86,39,149.15,2421619514.595703,15505312.0,0.0325,-18.9,241820,214586,185022,0.095
1188,CODA,Industrials,Aerospace & Defense,NASDAQ,113.67,79,95.06,57,89,92,63,12.1,136554196.84864044,11276152.0,0.025999999,-29.98,109670,147893,265130,0.288
1189,GRDN,Healthcare,Medical Care Facilities,NYSE,113.63,79,89.16,27,89,81,82,35.65,2285241690.721962,63320634.0,0.1025,-13.81,421970,464740,503762,0.022
1190,SENEA,Consumer Defensive,Packaged Foods,NASDAQ,113.62,79,91.9,36,89,79,87,138.92,952337139.6014099,6881049.0,0.028900001,-17.07,110080,124103,112426,0.011
1191,LITB,Consumer Cyclical,Internet Retail,NYSE,113.62,79,105.34,81,62,94,92,2.46,46791215.59413481,18277819.0,0.0034999999,-41.01,7010,9590,10366,0.09
1192,CVS,Healthcare,Healthcare Plans,NYSE,113.61,79,111.64,87,58,67,81,92.22,115535221542.67113,1275927307.0,0.014400001,1.46,8963120,7961810,7892560,0.061
1193,PEB,Real Estate,REIT - Hotel & Motel,NYSE,113.61,79,99.19,70,79,67,50,14.37,1668795169.4728518,113369235.0,0.2193,-3.23,3182940,2710350,2570180,0.079
1194,TRST,Financial Services,Banks - Regional,NASDAQ,113.54,79,97.81,67,82,80,77,48.51,868877693.9816856,17710511.0,0.048600003,-1.42,79850,89380,115382,0.079
1195,EGG,Industrials,Consulting Services,NYSE ARCA,113.54,79,97.71,67,75,38,10,6.8,208560541.6267395,27845200.0,0.0007,-51.01,79580,75043,51056,-0.403
1196,CCLDO,Healthcare,Health Information Services,NASDAQ,113.53,79,96.34,62,79,77,85,27.48,,,0.001,-0.04,26730,22693,15348,0.132
1197,HSBC,Financial Services,Banks - Diversified,NYSE,113.48,79,96.17,62,86,84,84,90.55,309216466667.9613,3429641239.0,2.78,-4.48,1785050,1879513,2070642,0.033
1198,ADAM,Real Estate,REIT - Mortgage,NASDAQ,113.45,79,103.69,79,73,79,77,8.66,793473576.7841415,89861108.0,0.0279,-7.08,1099810,779266,770866,0.107
1199,OMCL,Healthcare,Health Information Services,NASDAQ,113.4,79,103.56,79,40,53,51,43.3,1992885778.5009384,45478909.0,0.0673,-21.27,849280,565923,584166,0.149
1200,C,Financial Services,Banks - Diversified,NYSE,113.39,79,96.04,61,85,77,81,125.85,214135191905.2578,1705576955.0,0.0002,-6.98,13476280,12483016,13884964,0.159
1201,MTDR,Energy,Oil & Gas E&P,NYSE,113.37,79,90.59,31,85,51,26,56.33,6863340420.332947,124200880.0,0.0701,-15.72,1831790,1760710,1909040,0.008
1202,CBLL,Healthcare,Medical Devices,NASDAQ,113.35,79,93.98,51,74,85,21,20.06,765024347.0944176,37872491.0,0.0624,-17.55,269980,254373,271424,0.337
1203,JAKK,Consumer Cyclical,Leisure,NASDAQ,113.32,79,101.34,75,72,32,19,22.52,265739215.5617466,11444411.0,0.0423,-7.89,68090,59843,72114,-0.058
1204,MBBC,Financial Services,Banks - Regional,NASDAQ,113.31,79,95.73,60,76,81,76,14.77,45137081.36269379,2950136.0,0.0032,-4.65,12020,11723,7546,0.403
1205,ACDC,Energy,Oil & Gas Equipment & Services,NASDAQ,113.31,79,98.68,69,81,69,15,6.78,1204932187.373684,180920753.0,0.049099997,-36.64,1452100,1305616,1520134,-0.251
1206,ZUMZ,Consumer Cyclical,Apparel Retail,NASDAQ,113.31,79,89.87,29,84,85,87,23.17,432773506.4434929,17255722.0,0.1005,-26.91,97790,108206,149738,0.044
1207,UTI,Consumer Defensive,Education & Training Services,NYSE,113.25,79,101.16,75,74,39,71,36.75,1967893849.3586998,55061381.0,0.0588,-9.06,684180,571720,621702,0.067
1208,QXL,Technology,Information Technology Services,NASDAQ,113.24,79,131.99,95,17,10,6,3.15,43743365.378442764,13336392.0,0.0036000002,-67.86,34030,41806,64816,
1209,AMPY,Energy,Oil & Gas E&P,NYSE,113.24,79,84.92,16,89,72,88,5.48,218410540.15500927,41287437.0,0.070300005,-19.29,685860,820326,1062472,-0.181
1210,HST,Real Estate,REIT - Hotel & Motel,NASDAQ,113.2,79,100.44,73,79,74,68,21.78,15252723313.522339,684900000.0,0.056799997,-2.59,8208020,8258786,8686392,0.028
1211,BIDU,Communication Services,Internet Content & Information,NASDAQ,113.18,79,110.72,87,48,82,84,145.78,47992638590.31871,340252659.0,0.023699999,-11.81,2514750,2131836,2168702,-0.041
1212,DARE,Healthcare,Biotechnology,NASDAQ,113.16,79,122.03,93,22,20,15,2.52,40038630.5,14559502.0,0.0117999995,-72.58,1092570,976593,620338,
1213,EBAY,Consumer Cyclical,Internet Retail,NASDAQ,113.14,79,106.1,82,73,40,67,108.13,47814361083.984375,444000000.0,0.0296,-2.92,8768620,6058753,5656306,0.195
1214,TOI,Healthcare,Medical Care Facilities,NASDAQ,113.11,79,119.71,92,62,62,99,4.01,399931732.0,99982933.0,0.098500006,-17.83,1624920,1443110,1878460,0.416
1215,BOLD,Healthcare,Biotechnology,NASDAQ,113.1,79,115.95,90,40,25,20,1.55,32283002.722811222,22418751.0,0.0113,-10.14,140060,361640,240298,
1216,CGNT,Technology,Software - Infrastructure,NASDAQ,113.05,79,116.84,91,36,20,39,10.86,807429835.098691,72675955.0,0.007900001,-6.82,588790,574893,531162,0.124
1217,GLXY,Financial Services,Capital Markets,NASDAQ,113.01,79,132.57,95,29,20,71,31.68,5799649354.337677,191850792.0,0.1537,-31.01,5872030,5773453,5574056,-0.206
1218,LIVN,Healthcare,Medical Devices,NASDAQ,113.0,79,103.16,78,82,76,70,70.09,3947524074.2087708,54933538.0,0.0668,-3.34,1152720,855910,869476,0.143
1219,KFRC,Industrials,Staffing & Employment Services,NYSE,112.99,79,110.12,86,27,26,17,42.11,774978703.6743164,17832000.0,0.076799996,-11.35,429760,300373,313408,0.001
1220,MAZE,Healthcare,Biotechnology,NASDAQ,112.99,79,79.77,9,88,98,98,25.52,1438122605.6762428,55248658.0,0.0872,-52.43,564490,854500,967838,
1221,SHOO,Consumer Cyclical,Footwear & Accessories,NASDAQ,112.96,79,99.39,71,75,75,80,38.89,2966168251.9802856,73040340.0,0.0946,-17.04,1228700,1070890,1177508,0.18
1222,NHPBP,Real Estate,REIT - Healthcare Facilities,NASDAQ,112.9,79,99.35,71,81,80,80,20.75,,,0.55,-4.62,5090,13676,10346,-0.037
1223,DVN,Energy,Oil & Gas E&P,NYSE,112.83,79,90.15,30,86,80,61,46.73,52587871502.24921,1152989932.0,0.055999998,-11.35,17539960,14390370,16383268,-0.008
1224,GAU,Basic Materials,Gold,NYSE ARCA,112.78,79,100.35,73,84,90,88,2.66,673442165.8254414,261024103.0,0.0098,-26.52,2252420,2534036,3312082,-0.026
1225,TEX,Industrials,Farm & Heavy Construction Machinery,NYSE,112.77,79,98.94,70,79,86,36,64.13,7264174059.319336,114216576.0,0.052399997,-10.31,1526260,1233696,1356340,0.411
1226,BTX,Financial Services,Asset Management,NYSE,112.68,79,110.25,86,70,36,40,8.38,951188892.3285542,116710299.0,0.29,1.95,590960,722936,700562,
1227,MTX,Basic Materials,Specialty Chemicals,NYSE,112.66,79,102.95,78,72,74,29,80.32,2465504506.5818024,31008734.0,0.025999999,-0.83,266640,195360,214288,0.112
1228,SBS,Utilities,Utilities - Regulated Water,NYSE,112.57,79,91.53,35,90,84,88,6.26,22267755866.571854,3506733260.0,0.0055,-12.55,5445510,6435820,7311942,0.183
1229,MEI,Technology,Electronic Components,NYSE,112.56,79,122.18,93,60,72,32,9.56,341194958.2846899,35430421.0,0.0495,-11.32,477790,449953,524332,-0.026
1230,VUZI,Technology,Consumer Electronics,NASDAQ,112.55,79,118.33,91,33,31,76,3.05,258622176.76635146,83158259.0,0.19450001,-28.9,1337870,951676,971860,0.763
1231,OPY,Financial Services,Capital Markets,NYSE,112.55,79,87.21,21,91,81,56,94.87,1023685261.660881,10708005.0,0.0049,-20.12,82230,81000,67030,0.278
1232,ABX,Financial Services,Insurance - Life,NYSE,112.54,79,98.71,69,81,72,29,9.23,876602760.0344181,96542155.0,0.5172,-12.39,601170,610790,668886,0.346
1233,CHGG,Consumer Defensive,Education & Training Services,NYSE,112.51,79,109.88,86,59,9,33,1.0,129872102.18297482,111958712.0,0.0665,-47.37,2577000,1914690,1503312,-0.479
1234,TUSK,Industrials,Conglomerates,NASDAQ,112.5,79,103.63,79,67,38,17,2.91,115576377.92298913,48358315.0,0.0387,-6.58,286030,280370,313454,
1235,FGNXP,Financial Services,Asset Management,NASDAQ,112.46,79,93.34,47,84,86,79,24.97,,,0.86,-3.96,690,1986,2922,8.281
1236,SIRI,Communication Services,Entertainment,NASDAQ,112.36,78,105.01,81,66,38,34,26.79,9122400394.010315,336619936.0,0.15560001,-6.88,5097760,5601443,4871686,0.011
1237,TLPH,Healthcare,Drug Manufacturers - Specialty & Generic,NASDAQ,112.31,78,103.79,79,58,74,97,0.87,46709681.96261597,51899648.0,0.0247,-44.59,156040,136093,167940,
1238,TBRG,Healthcare,Health Information Services,NASDAQ,112.26,78,119.44,92,37,28,44,25.89,387427681.73565674,14999136.0,0.0773,-2.96,410500,427220,308628,-0.011
1239,PAA,Energy,Oil & Gas Midstream,NASDAQ,112.24,78,96.17,62,79,72,46,21.99,15324147692.029839,705531684.0,0.025899999,-4.56,4235600,3291500,3652294,-0.122
1240,FFIV,Technology,Software - Infrastructure,NASDAQ,112.19,78,113.24,88,54,36,22,358.3,19974105946.53885,56419247.0,0.0405,1.07,908490,740026,744230,0.11
1241,SHG,Financial Services,Banks - Regional,NYSE,112.14,78,94.33,53,87,91,86,66.65,34156061684.981728,498337631.0,0.0005,-9.2,194020,235006,313940,0.066
1242,CTRN,Consumer Cyclical,Apparel Retail,NASDAQ,112.11,78,89.29,27,83,86,90,44.28,386364297.68522644,8361054.0,0.12189999,-22.01,86410,86840,91838,0.091
1243,LFST,Healthcare,Medical Care Facilities,NASDAQ,112.1,78,102.29,77,57,60,57,7.67,2986325052.4264526,387834432.0,0.0345,-13.72,11641710,5008733,4003038,0.212
1244,LCTX,Healthcare,Biotechnology,NYSE ARCA,112.08,78,76.91,6,88,95,97,1.31,341538665.3387469,249298295.0,0.1701,-37.32,1585770,1185233,1223286,1.304
1245,EPRX,Healthcare,Biotechnology,NASDAQ,112.06,78,94.69,55,81,93,93,7.42,458198679.2691994,61503180.0,12.47,-20.39,179470,163253,195404,
1246,ATRA,Healthcare,Biotechnology,NASDAQ,112.0,78,173.42,99,17,8,88,8.78,70992349.77886963,8512272.0,0.0546,-54.14,8147400,2760063,1855486,-0.951
1247,PAGP,Energy,Oil & Gas Midstream,NASDAQ,111.99,78,95.51,59,81,72,44,23.51,4589396741.252205,197904124.0,0.077199996,-5.05,2153680,1899673,1961086,-0.122
1248,DTM,Energy,Oil & Gas Midstream,NYSE,111.85,78,99.78,72,77,77,75,145.3,14567616361.722382,102014118.0,0.042600002,-3.42,965310,824866,845730,0.109
1249,OPRA,Communication Services,Internet Content & Information,NASDAQ,111.84,78,110.8,87,48,23,18,18.25,1678222581.0829525,89552967.0,0.066,-13.34,725920,597350,565186,0.232
1250,ROK,Industrials,Specialty Industrial Machinery,NYSE,111.79,78,107.79,84,75,63,79,456.66,50506136157.159546,111273953.0,0.033299997,-1.47,930260,775876,868140,0.119
1251,CLOV,Healthcare,Healthcare Plans,NASDAQ,111.77,78,136.59,96,18,17,21,3.2,1640290366.1545057,525734111.0,0.0979,-18.37,6455690,5947046,5822546,0.62
1252,KNX,Industrials,Trucking,NYSE,111.75,78,93.44,48,80,81,33,61.92,10407741195.892334,162494000.0,0.0494,-8.61,4342230,3388236,3311488,0.014
1253,TDC,Technology,Software - Infrastructure,NYSE,111.71,78,114.14,89,57,84,75,32.31,2972619014.3585205,94100000.0,0.1943,-22.67,3094600,2100366,2061480,0.062
1254,RRBI,Financial Services,Banks - Regional,NASDAQ,111.7,78,89.05,26,88,87,74,89.08,599839343.1280212,6577186.0,0.0212,-9.88,88570,69723,69322,0.094
1255,DYN,Healthcare,Biotechnology,NASDAQ,111.69,78,95.65,60,91,61,84,18.46,2909515513.4519806,165219501.0,0.1743,-26.16,1478430,1690700,2111944,
1256,ZM,Technology,Software - Application,NASDAQ,111.68,78,113.66,89,52,65,63,107.12,32188723750.396057,294741544.0,0.0274,-2.17,5220080,4477866,4262708,0.053
1257,HFBL,Financial Services,Banks - Regional,NASDAQ,111.67,78,99.31,71,76,84,78,19.75,61320178.36141205,3059889.0,0.0015,-1.45,2510,1966,2044,0.106
1258,SENEB,Consumer Defensive,Packaged Foods,NASDAQ,111.66,78,91.99,37,89,73,88,137.98,938187198.0524597,6773426.0,0.00059999997,-16.37,420,203,220,0.011
1259,NDRA,Healthcare,Diagnostics & Research,NASDAQ,111.64,78,103.94,79,44,21,90,5.05,6141717.213345528,1240751.0,0.041300002,-57.78,9000,17310,39286,
1260,CZWI,Financial Services,Banks - Regional,NASDAQ,111.63,78,97.08,65,80,70,68,21.08,206383993.12106323,9644112.0,0.0111,-6.81,16550,27476,41104,0.251
1261,NHPAP,Real Estate,REIT - Healthcare Facilities,NASDAQ,111.59,78,98.59,69,78,79,80,21.07,,,0.41,-4.96,7590,9113,7922,-0.037
1262,LSTR,Industrials,Integrated Freight & Logistics,NASDAQ,111.59,78,97.65,66,72,45,26,178.92,6222094411.191864,33928210.0,0.0572,-8.64,501820,434026,445306,0.016
1263,WKEY,Technology,Semiconductors,NASDAQ,111.58,78,119.42,92,59,36,97,8.39,92960989.64809799,11378334.0,0.1069,-57.63,109850,111926,107652,
1264,TX,Basic Materials,Steel,NYSE,111.56,78,100.56,73,80,85,77,46.02,9210755892.309906,196307678.0,0.0116,-7.39,370720,257290,221690,0.0
1265,CAF,Financial Services,Asset Management,NYSE,111.54,78,103.45,78,66,79,80,19.98,324415917.5171814,16817828.0,0.19,2.72,60070,75396,70440,
1266,RAAQU,Financial Services,Shell Companies,NASDAQ,111.51,78,108.12,84,55,47,59,13.4,,,0.11,0.75,460,5693,3696,
1267,FRAF,Financial Services,Banks - Regional,NASDAQ,111.51,78,94.94,56,83,71,83,55.96,262840500.0,4493000.0,0.0162,-6.73,32390,40543,32400,0.22
1268,MBIN,Financial Services,Banks - Regional,NASDAQ,111.51,78,90.29,30,85,85,32,45.79,2128187536.7502441,45935408.0,0.0656,-8.88,170460,174613,200748,0.158
1269,RMCO,Financial Services,Asset Management,NASDAQ,111.5,78,90.31,30,84,97,97,2.8,42419173.27760577,15149705.0,0.0013,-44.0,9840,18740,20774,4.698
1270,EGBN,Financial Services,Banks - Regional,NASDAQ,111.49,78,90.93,33,78,86,21,25.64,804474324.4870605,30495616.0,0.1024,-12.37,204980,282160,296198,0.353
1271,COKE,Consumer Defensive,Beverages - Non-Alcoholic,NASDAQ,111.48,78,84.62,16,87,75,84,170.48,11602821924.629517,66564294.0,0.038399998,-22.39,698800,511133,530204,0.083
1272,IZEA,Communication Services,Internet Content & Information,NASDAQ,111.47,78,104.39,80,82,36,92,4.42,75412124.69669867,17336121.0,0.0062,-24.56,52270,53866,62146,-0.449
1273,JVA,Consumer Defensive,Packaged Foods,NASDAQ,111.45,78,94.99,57,73,22,44,4.31,25346184.326648712,5708600.0,0.0047999998,-23.45,54760,57050,138626,0.2
1274,MCY,Financial Services,Insurance - Property & Casualty,NYSE,111.44,78,97.67,66,79,83,86,99.05,5520584351.670395,55388627.0,0.0689,-1.63,249520,215326,236978,0.105
1275,RCKY,Consumer Cyclical,Footwear & Accessories,NASDAQ,111.41,78,81.03,10,94,81,84,34.6,281896156.9950447,7541363.0,0.0208,-28.95,100480,66650,61952,0.091
1276,VCTR,Financial Services,Asset Management,NASDAQ,111.4,78,110.05,86,60,69,39,85.83,5335779389.477875,62531106.0,0.066700004,-2.93,475360,504656,659812,0.767
1277,ZD,Communication Services,Advertising Agencies,NASDAQ,111.39,78,92.51,40,78,26,16,41.9,1552076218.5204315,37837060.0,0.1619,-17.11,625120,617226,1056052,-0.186
1278,SAH,Consumer Cyclical,Auto & Truck Dealerships,NYSE,111.35,78,110.94,87,44,30,30,80.82,2566253067.151932,31604103.0,0.22569999,-9.82,314090,242266,312112,0.01
1279,BDTX,Healthcare,Biotechnology,NASDAQ,111.35,78,111.12,87,62,21,92,2.94,171332304.8064723,57301774.0,0.1368,-40.49,1009610,897890,793030,
1280,SKLZ,Communication Services,Electronic Gaming & Multimedia,NYSE,111.34,78,167.79,99,8,9,25,6.38,105823039.62044334,15865523.0,0.15529999,-68.1,1792000,2252623,1372392,0.689
1281,SHMD,Industrials,Specialty Industrial Machinery,NASDAQ,111.32,78,87.89,23,88,98,96,5.99,346805184.0,57800864.0,0.1195,-43.76,970570,934276,975208,-0.375
1282,HCHL,Consumer Cyclical,Restaurants,NASDAQ,111.32,78,149.79,98,5,3,27,2.5,61479464.35228968,29844401.0,0.010299999,-65.52,99690,51746,85746,-0.457
1283,SKK,Industrials,Engineering & Construction,NASDAQ,111.25,78,218.21,99,8,14,6,4.98,13113750.278949738,2437500.0,0.0104,-72.26,3668290,1325320,804741,-0.046
1284,HCC,Basic Materials,Coking Coal,NYSE,111.18,78,89.62,28,83,85,88,87.18,4534104793.704926,52801964.0,0.0999,-17.24,1015650,866120,879586,0.54
1285,XPER,Technology,Software - Application,NYSE,111.12,78,123.09,93,33,20,26,8.03,387619778.7901306,48271456.0,0.0638,-5.53,618220,403236,402286,0.002
1286,SRV,Financial Services,Asset Management,NYSE,111.11,78,100.72,74,75,62,65,48.48,222038158.70555878,4667609.0,0.46,-5.74,68950,62563,63540,
1287,DAO,Consumer Defensive,Education & Training Services,NYSE,111.11,78,109.47,86,40,34,75,12.16,1498282126.223692,120634631.0,0.033299997,-6.14,63610,64756,65746,0.168
1288,NXG,Financial Services,Asset Management,NYSE,111.09,78,102.21,77,70,71,70,59.26,331141595.0114174,5682883.0,8.42,-0.2,132050,97310,79676,
1289,RMR,Real Estate,Real Estate Services,NASDAQ,111.09,78,107.87,84,60,65,39,19.53,345799089.80527115,17093381.0,0.0865,-3.56,248430,185053,159876,-0.009
1290,RUSHA,Consumer Cyclical,Auto & Truck Dealerships,NASDAQ,111.05,78,94.12,52,80,84,24,72.49,5609123967.198853,77570518.0,0.0871,-5.84,486700,422643,442212,-0.09
1291,SPB,Consumer Defensive,Household & Personal Products,NYSE,111.01,78,93.63,49,83,79,28,79.08,1889639486.373352,23194298.0,0.154,-9.06,407110,320273,344430,0.049
1292,FUND,Financial Services,Asset Management,NASDAQ,110.95,78,97.27,65,78,79,71,10.31,304039617.0608635,29895734.0,0.00059999997,0.19,24000,33230,32588,0.038
1293,NTRS,Financial Services,Asset Management,NASDAQ,110.94,78,97.17,65,78,74,71,161.0,29683431333.4433,185047258.0,0.0161,-7.04,1106870,1103273,1109390,0.139
1294,MCFT,Consumer Cyclical,Recreational Vehicles,NASDAQ,110.94,78,107.64,84,64,77,38,26.27,445743374.5373726,16279890.0,0.0858,-7.63,207960,141616,152574,0.03
1295,ALEC,Healthcare,Biotechnology,NASDAQ,110.92,77,86.38,19,86,81,10,2.05,233152882.11181307,111025187.0,0.049200002,-39.71,446500,587063,676310,-0.885
1296,BDMD,Healthcare,Medical Devices,NASDAQ,110.8,77,105.92,82,34,5,4,1.68,53816647.5,30752370.0,0.044499997,-76.87,241440,259253,810292,-0.39
1297,AMAL,Financial Services,Banks - Regional,NASDAQ,110.75,77,94.32,53,84,83,32,41.18,1256519279.175209,29867347.0,0.0633,-6.43,132330,144813,144358,0.047
1298,ATLX,Basic Materials,Other Industrial Metals & Mining,NASDAQ,110.75,77,122.62,93,33,32,20,5.96,179380725.49926186,27767914.0,0.062800005,-27.76,1173550,725670,574326,1.955
1299,CHEF,Consumer Defensive,Food Distribution,NASDAQ,110.71,77,117.96,91,59,61,54,80.69,3331940028.2569656,40777629.0,0.15689999,-2.56,609680,494743,505290,0.114
1300,NUTX,Healthcare,Medical Care Facilities,NASDAQ,110.71,77,117.34,91,25,48,91,132.88,940403812.9402161,6881339.0,0.2163,-31.18,221320,193910,208760,0.022
1301,OXY,Energy,Oil & Gas E&P,NYSE,110.67,77,90.08,30,84,51,38,55.14,52745476979.87631,994634701.0,0.0002,-18.25,13873590,15440563,18115894,-0.083
1302,CRT,Energy,Oil & Gas E&P,NYSE,110.64,77,95.96,61,77,37,40,10.59,63179998.39782715,6000000.0,0.0046,-4.59,23140,31106,43968,0.112
1303,AYTU,Healthcare,Drug Manufacturers - Specialty & Generic,NASDAQ,110.57,77,89.36,27,83,77,72,2.44,26833020.0,10733208.0,0.0545,-20.52,40200,37736,41164,-0.065
1304,BWXT,Industrials,Aerospace & Defense,NYSE,110.52,77,92.88,43,87,84,86,210.8,18811236046.921432,91614649.0,0.044,-12.83,1092960,1010400,1041694,0.261
1305,ALSN,Consumer Cyclical,Auto Parts,NYSE,110.5,77,93.25,46,84,79,24,123.72,10298990145.890053,82935981.0,0.0421,-10.1,971210,799366,847560,0.836
1306,KB,Financial Services,Banks - Regional,NYSE,110.5,77,95.88,60,87,89,84,108.98,39419994540.27579,354687734.0,0.0013,-8.96,150710,198366,249534,6.874
1307,HYPD,Healthcare,Biotechnology,NASDAQ,110.48,77,89.73,28,79,88,94,3.63,41009920.913608074,11391645.0,0.103,-78.87,575500,432013,413018,16.664
1308,XNCR,Healthcare,Biotechnology,NASDAQ,110.48,77,98.69,69,61,53,89,12.79,953460899.1055031,74141596.0,0.2006,-31.57,879650,805196,877716,-0.862
1309,TWO,Real Estate,REIT - Mortgage,NYSE,110.47,77,106.28,82,61,59,35,12.62,1318331499.185998,105046333.0,0.060900003,-10.94,3428600,2875930,3680924,15.691
1310,PSMT,Consumer Defensive,Discount Stores,NASDAQ,110.46,77,94.37,54,84,87,76,156.98,4889581640.823868,30895879.0,0.087799996,-5.13,239800,253233,245368,0.097
1311,CHMG,Financial Services,Banks - Regional,NASDAQ,110.41,77,100.24,73,71,73,57,67.08,327747760.0,4819820.0,0.0057,-5.29,29160,15866,12066,0.191
1312,PROF,Healthcare,Medical Devices,NASDAQ,110.4,77,105.24,81,42,63,81,7.25,248611430.53876877,36293640.0,0.0653,-18.99,88980,98446,216318,0.431
1313,LQDT,Consumer Cyclical,Internet Retail,NASDAQ,110.35,77,95.9,60,70,67,28,34.33,1128448707.0690956,31181231.0,0.0359,-11.59,185060,164880,172450,0.037
1314,CCSI,Technology,Software - Infrastructure,NASDAQ,110.34,77,112.21,88,61,58,28,30.51,625530300.0,18397950.0,0.076799996,-18.2,170040,126330,138826,0.015
1315,LEDS,Technology,Semiconductors,NASDAQ,110.3,77,160.53,98,11,21,89,2.39,17175917.609991074,8257653.0,0.0023999999,-29.08,70870,39186,28592,-0.902
1316,VTVT,Healthcare,Biotechnology,NASDAQ,110.25,77,81.97,12,90,92,94,30.46,120837905.92198181,3938654.0,0.0463,-30.77,36690,53170,60220,
1317,DLX,Industrials,Conglomerates,NYSE,110.25,77,83.37,14,90,87,69,25.8,1216940337.8869534,45784061.0,0.10609999,-19.55,592160,429266,411538,0.003
1318,AVAL,Financial Services,Banks - Regional,NYSE,110.24,77,94.97,57,85,81,91,4.55,5366025499.116457,1187173788.0,0.0023999999,-13.83,197570,190320,203532,0.188
1319,CSX,Industrials,Railroads,NASDAQ,110.2,77,97.42,66,78,73,50,44.74,83300368316.83386,1858138856.0,0.0227,-3.89,10426200,12429746,12590162,0.017
1320,XBIO,Healthcare,Biotechnology,NASDAQ,110.11,77,105.0,81,56,23,23,3.14,7033541.7670555115,2291056.0,0.0068,-77.46,14000,16023,20612,0.181
1321,SOPH,Healthcare,Health Information Services,NASDAQ,110.07,77,91.3,34,75,80,80,4.79,369093822.13486004,71668702.0,0.0026,-15.96,112200,100243,106552,0.224
1322,RDCM,Communication Services,Telecom Services,NASDAQ,110.05,77,110.52,86,36,28,52,16.14,270157394.56370544,16738377.0,0.010299999,-3.58,242940,175883,124962,0.159
1323,DBD,Technology,Software - Application,NYSE,110.04,77,91.14,33,88,83,84,77.48,2701360933.894226,34628392.0,0.1164,-12.99,379010,605843,470762,0.06
1324,WAVE,Utilities,Utilities - Renewable,NASDAQ,110.03,77,117.42,91,42,15,67,8.02,45198302.25,5832039.0,0.23,-18.74,29470,16720,15202,-0.774
1325,PEBK,Financial Services,Banks - Regional,NASDAQ,110.02,77,93.14,45,84,81,62,39.92,225614159.40021515,5461490.0,0.011,-6.36,28470,35526,31626,0.04
1326,SILA,Real Estate,REIT - Healthcare Facilities,NYSE,110.0,77,106.76,83,56,60,42,30.55,1689272772.6254387,55241098.0,0.0334,-0.26,890080,1060193,774056,0.091
1327,ABEV,Consumer Defensive,Beverages - Brewers,NYSE,110.0,77,102.82,77,82,86,78,3.28,51313122796.63334,15596694040.0,6.03,-4.93,32225750,28441433,26604358,-0.001
1328,RMAX,Real Estate,Real Estate Services,NYSE,109.99,77,118.51,91,19,27,22,9.8,220396622.12990284,21232815.0,0.044699997,-15.66,1383690,1118823,774604,-0.057
1329,IHD,Financial Services,Asset Management,NYSE,109.98,77,100.17,73,77,81,78,7.44,131777444.18543768,17735861.0,0.0117999995,-1.98,112990,100083,111884,
1330,MSM,Industrials,Industrial Distribution,NYSE,109.93,77,103.1,78,69,62,56,107.32,5822401882.922882,55834311.0,0.060700003,0.73,639800,634953,660668,0.029
1331,MCRI,Consumer Cyclical,Resorts & Casinos,NASDAQ,109.9,77,103.58,79,63,44,62,117.04,2105270103.5934448,17749516.0,0.023,-3.2,121640,148993,142478,0.089
1332,KC,Technology,Software - Application,NASDAQ,109.9,77,103.8,79,75,63,70,16.35,4753990314.460139,299369665.0,0.0418,-11.04,961570,1137793,1400988,0.237
1333,DDI,Communication Services,Electronic Gaming & Multimedia,NASDAQ,109.86,77,114.0,89,35,31,27,11.64,574819922.9031372,49553440.0,0.0008,-0.57,376130,168373,120006,0.169
1334,HIVE,Financial Services,Capital Markets,NASDAQ,109.84,77,130.33,95,25,22,81,3.01,714184074.4932866,253256770.0,2.72,-61.61,14918680,16744706,14003172,2.186
1335,CRC,Energy,Oil & Gas E&P,NYSE,109.84,77,86.5,19,88,74,55,59.68,5231795404.33168,88794901.0,0.055999998,-17.09,1065450,916356,1085954,0.067
1336,MAC,Real Estate,REIT - Retail,NYSE,109.82,77,98.2,68,81,49,43,21.64,5716406779.049822,261381187.0,0.0669,-4.08,3035740,2560693,2269652,-0.067
1337,QUAD,Industrials,Specialty Business Services,NYSE,109.76,77,95.68,60,81,50,29,7.39,384634043.5468397,51559523.0,0.0376,-14.47,321600,233626,239374,-0.077
1338,MS,Financial Services,Capital Markets,NYSE,109.76,77,99.56,71,75,66,79,191.1,304557919538.34045,1577284817.0,0.0,-1.91,5148990,5765193,6441786,0.163
1339,AMZN,Consumer Cyclical,Internet Retail,NASDAQ,109.76,77,108.06,84,59,28,64,268.99,2933248522221.0576,10757109436.0,0.0095,-3.44,51065530,47615500,46658902,0.166
1340,BEP,Utilities,Utilities - Renewable,NYSE,109.76,77,97.97,67,83,76,78,34.43,10320480718.740082,303275965.0,0.0034999999,-4.28,1379710,926526,915786,-0.042
1341,CHRW,Industrials,Integrated Freight & Logistics,NASDAQ,109.74,77,88.15,24,83,86,87,169.98,20202260596.436005,117873042.0,0.0752,-16.41,2230670,1913096,1796930,-0.008
1342,FRST,Financial Services,Banks - Regional,NASDAQ,109.68,77,93.5,48,80,82,55,14.13,358204162.06497955,24772072.0,0.0099,-5.61,231330,266150,200978,-0.227
1343,GDS,Technology,Information Technology Services,NASDAQ,109.67,77,99.06,70,78,89,47,44.95,8866709375.25,200377613.0,0.0994,-7.53,1596260,1443513,1705216,0.086
1344,BMO,Financial Services,Banks - Diversified,NYSE,109.65,77,98.7,69,77,77,79,153.08,107782250395.2103,704919913.0,6.78,-1.87,1047140,760803,798518,0.1
1345,AXIA,Utilities,Utilities - Renewable,NYSE,109.57,77,90.35,31,91,86,94,11.68,26965834678.018543,2249027122.0,0.005,-13.74,2047080,2675363,2685080,0.221
1346,SUN,Energy,Oil & Gas Refining & Marketing,NYSE,109.54,77,96.45,63,77,66,50,66.5,12616064133.423706,188411952.0,0.045700002,-5.0,760490,471123,528538,1.064
1347,HUM,Healthcare,Healthcare Plans,NYSE,109.53,77,128.68,95,20,19,29,274.26,33012109014.083862,120061500.0,0.0513,-13.03,2123330,1882623,1773366,0.235
1348,CEE,Financial Services,Asset Management,NYSE,109.52,77,101.14,75,81,78,45,21.23,134398572.20086098,6458365.0,0.0015,-2.88,23800,24020,25254,0.631
1349,SNDA,Healthcare,Medical Care Facilities,NYSE,109.5,77,98.7,69,76,75,83,36.96,1811827041.11203,47343272.0,0.026500002,-5.21,698680,603540,649412,0.12
1350,RGS,Consumer Cyclical,Personal Services,NASDAQ,109.41,77,99.98,72,56,36,84,27.0,69915807.29615021,2498778.0,0.0251,-14.29,9780,9326,9660,0.223
1351,LEA,Consumer Cyclical,Auto Parts,NYSE,109.38,77,102.02,76,74,84,67,137.38,6997784501.612488,50095099.0,0.055,-3.82,670660,556426,598516,0.047
1352,LBTYB,Communication Services,Telecom Services,NASDAQ,109.37,77,91.05,33,82,86,35,14.77,5426463605.902126,338097437.0,0.0011999999,-49.09,10840,15210,12902,0.088
1353,LAMR,Real Estate,REIT - Specialty,NASDAQ,109.33,77,106.95,83,63,60,65,152.26,16025961957.704163,101475101.0,0.103999995,-4.05,830790,611953,606428,0.044
1354,WAB,Industrials,Railroads,NYSE,109.3,76,97.35,66,81,78,60,268.13,45084966155.780334,169677346.0,0.0189,-2.8,829320,1043773,968740,0.13
1355,MDV,Real Estate,REIT - Industrial,NYSE,109.28,76,108.08,84,61,56,52,17.77,185516342.81129837,10323670.0,0.0239,-1.55,171240,91763,81226,-0.014
1356,EGHT,Technology,Software - Application,NASDAQ,109.24,76,127.77,94,38,74,32,2.63,381732280.3286433,139318350.0,0.026700001,-8.68,1931200,1413036,1256034,0.034
1357,GROY,Basic Materials,Gold,NYSE ARCA,109.19,76,94.79,56,81,95,96,3.72,833159817.7889347,230792200.0,0.0396,-31.81,1959940,2035173,2490278,0.342
1358,NYT,Communication Services,Publishing,NYSE,109.15,76,92.16,38,83,77,75,77.33,12853517520.348907,161862699.0,0.0517,-11.22,2483220,2160593,2257220,0.132
1359,LYTS,Technology,Electronic Components,NASDAQ,109.14,76,106.55,83,52,71,42,24.33,900117742.186924,36649746.0,0.0209,-1.7,520860,422793,348250,0.136
1360,RJET,Industrials,Airlines,NASDAQ,109.08,76,113.16,88,60,39,90,22.46,1075673031.5647507,46829476.0,0.0286,-12.95,132400,123843,146802,0.336
1361,PI,Technology,Semiconductors,NASDAQ,108.97,76,130.64,95,25,25,46,153.74,4657494823.2344055,30459059.0,0.14840001,-37.77,746740,504630,570808,-0.0
1362,VMD,Healthcare,Medical Devices,NASDAQ,108.97,76,88.65,25,84,71,27,9.03,342730993.7932377,38336802.0,0.0106,-11.3,304510,274080,326130,0.275
1363,FCAP,Financial Services,Banks - Regional,NASDAQ,108.95,76,97.2,65,74,81,80,56.59,191899660.20195007,3345531.0,0.023699999,-20.3,3660,3940,4828,0.183
1364,GCO,Consumer Cyclical,Apparel Retail,NYSE,108.91,76,95.4,59,78,34,72,32.81,378843428.732666,10858224.0,0.1121,-15.76,159050,248940,252776,0.072
1365,MASI,Healthcare,Medical Devices,NASDAQ,108.91,76,98.92,70,75,28,40,178.5,9337931596.805786,52369086.0,0.0801,-0.28,943680,800910,1275406,0.085
1366,CSIQ,Technology,Solar,NASDAQ,108.86,76,123.65,93,39,86,98,19.85,1360403447.221962,67816724.0,0.2716,-42.61,3300770,2674026,2679274,-0.2
1367,KNTK,Energy,Oil & Gas Midstream,NYSE,108.86,76,95.93,61,78,46,18,48.04,3270855842.81028,68802183.0,0.1267,-6.01,1370170,1162823,1155608,-0.075
1368,MRTN,Industrials,Trucking,NASDAQ,108.76,76,99.59,71,65,65,15,15.04,1271158717.075243,81589135.0,0.0423,-5.05,951570,881470,824644,-0.088
1369,BWMX,Consumer Cyclical,Specialty Retail,NYSE,108.74,76,89.16,27,89,90,80,16.74,624580555.4489136,37243920.0,0.0044,-15.41,101890,98180,100068,0.003
1370,GS,Financial Services,Capital Markets,NYSE,108.74,76,97.68,67,75,78,79,944.86,276268543856.2163,295007421.0,0.023,-4.05,1774390,1935743,2134634,0.145
1371,IKT,Healthcare,Biotechnology,NASDAQ,108.74,76,109.34,86,38,31,19,2.03,271987222.60503197,132032636.0,0.2166,-10.57,630160,911996,1283456,
1372,CTGO,Basic Materials,Gold,NYSE ARCA,108.72,76,111.71,87,74,91,85,26.87,836083543.7220955,30749670.0,0.069299996,-21.84,396230,532106,509494,
1373,CII,Financial Services,Asset Management,NYSE,108.7,76,102.4,77,69,70,77,25.09,1013933067.0996094,40983552.0,0.0126,-4.13,77340,78380,78590,-0.045
1374,DRH,Real Estate,REIT - Hotel & Motel,NASDAQ,108.69,76,98.46,69,79,72,69,10.6,2206453469.089303,204490591.0,0.0999,-2.75,2155160,1844640,1911752,0.013
1375,RGTI,Technology,Computer Hardware,NASDAQ,108.67,76,123.36,93,28,30,99,20.51,6294624856.611671,332345548.0,0.1458,-64.73,25685830,29522653,28063784,-0.179
1376,TOVX,Healthcare,Biotechnology,NYSE ARCA,108.63,76,126.53,94,18,6,4,0.34,16062433.526458383,45892668.0,0.0555,-60.47,3379770,32023886,26083250,
1377,AEM,Basic Materials,Gold,NYSE,108.63,76,91.59,35,87,91,92,196.84,96612004707.94688,500036237.0,0.0115,-22.88,2538380,2256063,2630484,0.661
1378,BMNR,Financial Services,Capital Markets,NYSE,108.59,76,104.25,80,46,79,98,23.02,12627518120.685263,569576819.0,0.0511,-85.7,33645720,40211580,43414756,6.278
1379,PII,Consumer Cyclical,Recreational Vehicles,NYSE,108.58,76,100.54,73,61,81,83,66.28,3881911914.558037,56886167.0,0.19870001,-11.92,1306210,1689223,1429428,0.075
1380,MFG,Financial Services,Banks - Regional,NYSE,108.57,76,95.34,58,84,92,82,8.81,105951810279.67215,12192383820.0,0.0004,-14.3,2853350,4121963,4618598,0.055
1381,HQH,Financial Services,Asset Management,NYSE,108.56,76,98.39,68,73,74,76,20.06,1146132461.801056,57192236.0,0.32,-1.96,124220,139313,147912,-0.487
1382,NP,Financial Services,Insurance Brokers,NYSE,108.54,76,113.5,89,41,17,46,30.68,4138860927.513811,138330913.0,0.2011,-7.69,438270,389643,380134,0.288
1383,CRDL,Healthcare,Drug Manufacturers - Specialty & Generic,NASDAQ,108.52,76,97.49,66,82,30,23,1.34,147417720.69785368,111680087.0,0.0182,-21.64,434210,755916,760022,
1384,AMG,Financial Services,Asset Management,NYSE,108.48,76,96.43,63,79,90,85,301.28,7997579015.586853,26412085.0,0.049099997,-10.01,350970,345916,360462,0.097
1385,EXEL,Healthcare,Biotechnology,NASDAQ,108.46,76,104.89,81,61,55,70,49.71,12105260758.926258,251355083.0,0.15100001,0.18,3252800,2634866,2827934,0.1
1386,GNT,Financial Services,Asset Management,NYSE,108.45,76,93.57,49,82,84,79,8.55,136933213.75744534,16185959.0,0.0001,-8.06,46680,60410,79616,
1387,CVU,Industrials,Aerospace & Defense,NYSE ARCA,108.4,76,98.21,68,48,82,19,3.85,52442386.30793166,13209669.0,0.0061000003,-28.7,34230,73436,111580,-0.108
1388,RBB,Financial Services,Banks - Regional,NASDAQ,108.37,76,96.04,61,76,74,50,23.53,410633510.92345047,17074159.0,0.0128999995,-4.85,111220,83413,78874,0.61
1389,ASRV,Financial Services,Banks - Regional,NASDAQ,108.36,76,93.24,46,83,79,72,3.69,61919579.81783867,16964268.0,0.0061000003,-8.66,11200,12623,12000,0.03
1390,LGCY,Consumer Defensive,Education & Training Services,NYSE ARCA,108.34,76,91.62,35,86,62,69,11.56,147573103.79424477,12613086.0,0.0057,-21.36,73230,54016,55832,0.407
1391,CZR,Consumer Cyclical,Resorts & Casinos,NASDAQ,108.31,76,101.91,76,55,21,12,27.77,5711101303.671799,203676930.0,0.1122,-12.06,3228130,3468863,4386962,0.027
1392,VLY,Financial Services,Banks - Regional,NASDAQ,108.31,76,93.76,50,81,82,73,13.27,7430903035.426247,554131478.0,0.072399996,-6.02,4742890,6302870,7163336,0.238
1393,NPCE,Healthcare,Medical Devices,NASDAQ,108.28,76,95.52,59,74,70,81,15.67,622990752.1010685,33950449.0,0.0311,-20.05,253490,192303,219270,0.239
1394,DCOM,Financial Services,Banks - Regional,NYSE,108.28,76,96.31,62,80,78,36,36.67,1641904188.8694763,44113491.0,0.0916,-3.25,310440,307583,295476,0.181
1395,YPF,Energy,Oil & Gas Integrated,NYSE,108.23,76,96.86,64,85,49,74,44.93,17877438419.453465,421936249.0,1.89,-8.23,1876550,2300303,2584532,0.366
1396,CRWD,Technology,Software - Infrastructure,NASDAQ,108.22,76,119.9,92,30,29,83,542.26,134336744659.58643,254536521.0,0.026199998,-4.35,2630290,3222710,3629120,0.233
1397,NVAX,Healthcare,Biotechnology,NASDAQ,108.21,76,108.04,84,65,67,24,9.5,1662469326.6346521,164438119.0,0.2854,-20.63,6856740,4423300,4345950,-0.791
1398,MYFW,Financial Services,Banks - Regional,NASDAQ,108.2,76,100.26,73,68,68,70,28.97,285058754.9773865,9728968.0,0.0178,-3.43,37880,29126,28652,0.144
1399,RY,Financial Services,Banks - Diversified,NYSE,108.19,76,97.74,67,75,78,75,180.85,252629027717.23297,1390516501.0,4.95,-1.03,1091990,1646753,1543940,0.075
1400,CFFN,Financial Services,Banks - Regional,NASDAQ,108.18,76,96.15,61,79,79,61,7.77,976411373.737854,124383616.0,0.056700002,-2.51,1001820,899873,954766,0.134
1401,ABAT,Industrials,Waste Management,NASDAQ,108.14,76,97.62,66,78,93,97,3.32,417518316.69861794,131709245.0,0.1752,-71.11,5196270,4098183,3840636,13.318
1402,FMX,Consumer Defensive,Beverages - Brewers,NYSE,108.12,76,101.81,76,72,75,61,123.12,41290592881.92267,340681468.0,1.58,-0.9,524780,453813,420082,0.063
1403,TXMD,Healthcare,Drug Manufacturers - Specialty & Generic,NASDAQ,108.11,76,85.82,18,90,94,91,1.96,22917236.980763435,11574362.0,0.0062,-33.56,24500,24236,23446,0.339
1404,NATL,Technology,Software - Application,NYSE,108.1,76,93.55,49,82,76,67,43.81,3266232532.36372,73779817.0,0.0385,-9.67,650410,931446,1138966,0.065
1405,VRE,Real Estate,REIT - Residential,NYSE,108.1,76,95.51,59,79,58,43,18.96,1780107118.0565472,93838017.0,0.0172,-0.37,697990,1051446,1237256,-0.016
1406,XPL,Basic Materials,Other Industrial Metals & Mining,NYSE ARCA,108.09,76,97.51,66,82,63,30,0.85,78176902.51920128,93067744.0,0.0025,-13.27,158300,179516,305500,
1407,ZEPP,Technology,Consumer Electronics,NYSE,108.06,76,68.46,3,90,99,99,11.29,181405813.2917261,14664981.0,0.0585,-81.75,88050,78336,93544,0.43
1408,NBN,Financial Services,Banks - Regional,NASDAQ,108.05,76,93.58,49,78,81,28,123.34,1066425637.0544434,8555360.0,0.0614,-9.05,119150,109660,115016,0.346
1409,HBB,Consumer Cyclical,"Furnishings, Fixtures & Appliances",NYSE,108.02,76,89.18,27,73,79,32,19.12,283376672.6334572,13545730.0,0.020299999,-12.45,21740,22466,24308,-0.086
1410,CCNE,Financial Services,Banks - Regional,NASDAQ,107.97,76,94.71,55,80,74,48,30.73,923832634.3820572,29629013.0,0.0153,-3.36,96900,140453,152780,0.486
1411,WSBF,Financial Services,Banks - Regional,NASDAQ,107.95,76,93.6,49,80,79,71,18.34,337953682.64393234,18053082.0,0.011,-2.86,69820,73456,71260,0.172
1412,ACTG,Industrials,Business Equipment & Supplies,NASDAQ,107.9,75,90.62,31,85,56,44,4.64,450105340.3816681,96589132.0,0.0356,-11.95,273240,253080,355984,-0.564
1413,MDGL,Healthcare,Biotechnology,NASDAQ,107.88,75,90.64,31,81,75,91,497.03,11759308513.368805,23055659.0,0.2048,-19.18,295160,301440,324912,1.268
1414,VLGEA,Consumer Defensive,Grocery Stores,NASDAQ,107.88,75,97.26,65,77,65,45,43.65,659118068.7819443,14751971.0,0.027,-3.26,42340,49316,51428,0.069
1415,XHR,Real Estate,REIT - Hotel & Motel,NYSE,107.86,75,97.89,67,79,70,61,16.6,1570946633.3901882,92245835.0,0.0865,-3.66,776820,740050,680300,0.022
1416,VNDA,Healthcare,Biotechnology,NASDAQ,107.84,75,83.33,13,79,86,37,6.27,377651341.976943,60135562.0,0.0983,-36.92,1313180,1167430,1566992,0.034
1417,BC,Consumer Cyclical,Recreational Vehicles,NYSE,107.81,75,94.1,52,76,86,50,79.53,5309061269.494125,64974438.0,0.0001,-11.88,660780,771700,899276,0.128
1418,PPSI,Industrials,Electrical Equipment & Parts,NASDAQ,107.77,75,118.61,91,17,64,47,4.32,46493355.17493343,11096266.0,0.0097,-24.21,424680,237073,172964,-0.423
1419,HERZ,Financial Services,Asset Management,NASDAQ,107.76,75,99.92,72,59,84,63,18.14,34583532.0,1948368.0,0.00059999997,-41.48,4140,5583,6482,1.712
1420,BK,Financial Services,Banks - Diversified,NYSE,107.75,75,96.75,64,80,70,80,132.49,89572459500.0,686379000.0,0.0,-4.79,3656120,3923986,3675024,0.134
1421,UVSP,Financial Services,Banks - Regional,NASDAQ,107.73,75,98.17,68,76,66,53,38.27,1082923222.7842712,27845802.0,0.0152,-2.02,185950,214303,201994,0.121
1422,TARA,Healthcare,Biotechnology,NASDAQ,107.72,75,93.16,45,68,92,94,5.27,290168833.9498043,55060500.0,0.1062,-32.61,657250,595140,764438,
1423,CRSR,Technology,Computer Hardware,NASDAQ,107.71,75,123.97,93,30,12,14,7.91,842231834.9116983,106882211.0,0.1289,-23.13,1486480,1081746,1275760,-0.041
1424,NCZ,Financial Services,Asset Management,NYSE,107.7,75,103.29,78,71,72,73,15.82,300657239.8294821,19028939.0,0.0001,-0.06,89170,80463,75452,-0.104
1425,BCV,Financial Services,Asset Management,NYSE ARCA,107.66,75,101.33,75,70,73,77,25.28,145269657.89216232,5822431.0,0.0001,0.16,15680,18483,15870,-0.067
1426,SXI,Industrials,Specialty Industrial Machinery,NYSE,107.65,75,91.39,34,85,79,80,260.0,3167083071.9159546,12114922.0,0.0715,-8.68,231020,220440,205226,0.081
1427,ACA,Industrials,Engineering & Construction,NYSE,107.58,75,104.01,79,74,81,58,129.6,6379581658.02417,49096364.0,0.0324,-4.41,363050,297640,337270,0.044
1428,GRO,Basic Materials,Other Industrial Metals & Mining,NYSE ARCA,107.56,75,81.1,11,89,79,42,2.69,161686582.02484727,61244915.0,0.0068,-32.58,1146080,815090,964260,
1429,HR,Real Estate,REIT - Healthcare Facilities,NYSE,107.56,75,106.18,82,58,57,74,20.03,6982409664.512508,346521578.0,0.089099996,-2.1,6375650,4104200,3811608,-0.065
1430,COP,Energy,Oil & Gas E&P,NYSE,107.54,75,88.61,25,84,74,39,115.55,138727141923.23444,1218294007.0,0.0163,-14.96,8927680,9032270,10303812,-0.053
1431,WSBK,Financial Services,Banks - Regional,NASDAQ,107.51,75,93.01,44,80,82,56,12.8,114339082.73095131,8960743.0,0.0068,-4.37,11120,6563,8028,0.351
1432,NEXT,Energy,Oil & Gas Equipment & Services,NASDAQ,107.47,75,106.78,83,73,18,16,8.08,2003346966.5569797,264992987.0,0.1627,-33.33,3507310,4261433,5191344,
1433,XOM,Energy,Oil & Gas Integrated,NYSE,107.46,75,89.61,28,83,84,69,149.68,599235041568.8397,4144947162.0,0.0116,-15.15,17234750,20084140,21814222,0.026
1434,CHW,Financial Services,Asset Management,NASDAQ,107.45,75,104.33,80,66,71,68,8.83,561367959.293767,63864387.0,0.0002,0.34,194250,221156,205662,-0.274
1435,WHD,Energy,Oil & Gas Equipment & Services,NYSE,107.43,75,98.07,68,78,79,30,56.53,3758156860.1121216,69415532.0,0.0621,-4.59,655490,825583,983374,0.385
1436,GAIN,Financial Services,Asset Management,NASDAQ,107.41,75,102.16,76,67,52,56,16.49,663433964.14365,39821967.0,0.0319,-3.79,318570,334713,379278,0.173
1437,BLMN,Consumer Cyclical,Restaurants,NASDAQ,107.37,75,129.38,95,22,28,18,8.37,695188000.6422224,85614287.0,0.097600006,-21.78,3607560,2614080,3057994,0.01
1438,MRK,Healthcare,Drug Manufacturers - General,NYSE,107.32,75,89.84,29,82,87,70,111.28,275089036559.12463,2469824415.0,0.0111,-11.08,8963910,9112753,9567476,0.049
1439,MNST,Consumer Defensive,Beverages - Non-Alcoholic,NASDAQ,107.32,75,105.22,81,62,81,79,86.41,84384372535.30884,977916000.0,0.0309,-2.66,5920030,5092800,5387086,0.269
1440,ZIP,Communication Services,Internet Content & Information,NYSE,107.27,75,139.58,97,11,4,16,3.45,295111621.67048454,81522550.0,0.0775,-47.33,913040,870286,1209602,0.006
1441,ORA,Utilities,Utilities - Renewable,NYSE,107.26,75,100.36,73,70,86,86,123.63,7477053924.32518,61453555.0,0.0771,-6.75,909610,829066,922080,0.758
1442,ASIX,Basic Materials,Chemicals,NYSE,107.25,75,92.22,38,74,35,12,22.53,547807603.2927551,26959036.0,0.0219,-15.71,459020,386526,498626,0.07
1443,BCBP,Financial Services,Banks - Regional,NASDAQ,107.22,75,97.22,65,70,43,25,9.81,175541511.30883312,17363157.0,0.0291,-6.57,82550,100736,94268,6.506
1444,BGR,Financial Services,Asset Management,NYSE,107.22,75,92.96,44,79,69,66,16.17,402971184.9878483,25456171.0,0.00059999997,-8.64,98430,132143,155598,-0.015
1445,EGO,Basic Materials,Gold,NYSE,107.22,75,93.17,46,84,97,91,34.4,8897302407.04628,260535930.0,3.94,-32.76,5111250,3772286,3275388,0.499
1446,TRP,Energy,Oil & Gas Midstream,NYSE,107.2,75,97.97,67,76,74,73,65.51,67454406516.0,1041766896.0,7.52,-2.67,2572640,2725696,2671210,0.066
1447,PRME,Healthcare,Biotechnology,NASDAQ,107.18,75,85.56,18,76,84,84,3.24,579782024.600009,180617451.0,0.2143,-53.31,2255680,2022710,2287100,-0.411
1448,CCRN,Healthcare,Medical Care Facilities,NASDAQ,107.11,75,127.28,94,33,12,24,13.12,408687742.7829437,31008174.0,0.0377,-12.47,1099390,587980,604340,-0.178
1449,CHI,Financial Services,Asset Management,NASDAQ,107.1,75,102.63,77,69,63,60,12.61,992957303.0928869,79627689.0,0.0067000003,0.64,166870,200616,196744,-0.302
1450,WERN,Industrials,Trucking,NASDAQ,107.1,75,100.67,74,58,71,20,35.41,2183383078.528061,59950115.0,0.049099997,-7.93,1362740,1052456,1065448,0.136
1451,HWKN,Basic Materials,Specialty Chemicals,NASDAQ,107.09,75,102.68,77,47,62,36,171.68,3493993942.4257507,20902093.0,0.0715,-7.77,130290,168256,175400,-0.016
1452,NCV,Financial Services,Asset Management,NYSE,107.06,75,102.54,77,72,73,73,17.47,394254725.0873909,22593393.0,0.0043,0.11,88650,93020,96848,-0.105
1453,CBNA,Financial Services,Banks - Regional,NYSE,107.01,75,95.53,59,78,79,76,36.81,244099597.40626907,6561817.0,0.0069,-4.2,3640,3263,3838,0.215
1454,USAU,Basic Materials,Gold,NASDAQ,106.99,75,104.69,80,51,80,93,17.78,280354755.5931835,16501163.0,0.1027,-25.14,192670,246100,270700,
1455,MLAB,Technology,Scientific & Technical Instruments,NASDAQ,106.97,75,101.03,74,69,39,20,102.89,578171688.8801956,5524813.0,0.0523,-21.58,143180,116386,127178,0.036
1456,ITRG,Basic Materials,Other Precious Metals & Mining,NYSE ARCA,106.93,75,93.53,48,82,94,96,2.93,584238982.1073031,202158810.0,0.008,-39.84,1870790,2578766,2840854,0.817
1457,ETR,Utilities,Utilities - Regulated Electric,NYSE,106.92,75,95.52,59,81,69,74,112.97,51095591579.898285,457886847.0,0.0342,-4.63,4763270,3485770,3244542,0.12
1458,TFPM,Basic Materials,Other Precious Metals & Mining,NYSE,106.85,75,97.44,66,78,88,90,35.52,6896438803.236786,206603912.0,2.21,-14.82,614860,534940,631548,0.787
1459,FSBC,Financial Services,Banks - Regional,NASDAQ,106.85,75,96.19,62,80,79,72,41.04,892240662.099163,21376153.0,0.0227,-2.89,89340,91790,89384,0.269
1460,LXEO,Healthcare,Biotechnology,NASDAQ,106.81,75,94.45,54,82,85,95,6.12,457775016.2193546,78520587.0,0.1887,-44.31,551870,903540,918570,
1461,IPGP,Technology,Semiconductor Equipment & Materials,NASDAQ,106.79,75,84.33,15,93,96,71,103.48,4434933345.170654,42443616.0,0.13159999,-33.59,840870,542990,522784,0.166
1462,BSRR,Financial Services,Banks - Regional,NASDAQ,106.74,75,97.29,65,74,79,47,37.54,496747402.3328247,13079184.0,0.024300002,-2.75,44730,43380,47348,0.112
1463,CLH,Industrials,Waste Management,NYSE,106.72,75,93.16,45,80,72,27,293.45,15386121894.253418,52846032.0,0.0152,-7.42,721400,556300,541852,0.019
1464,MDU,Utilities,Utilities - Regulated Gas,NYSE,106.71,75,99.33,71,72,68,80,22.8,4700545431.9223175,209006024.0,0.0719,-0.13,1815050,1555840,1731876,-0.102
1465,ALRS,Financial Services,Banks - Regional,NASDAQ,106.69,75,99.54,71,74,71,50,27.06,674955446.8973083,25128646.0,0.0305,-1.96,205670,164740,150558,0.187
1466,ASND,Healthcare,Biotechnology,NASDAQ,106.68,75,97.61,66,82,79,82,238.67,14744355361.244202,61779750.0,,-4.81,937770,759310,690264,1.443
1467,ECF,Financial Services,Asset Management,NYSE ARCA,106.65,75,102.61,77,66,71,77,13.05,176346903.48519325,13670303.0,0.0001,-0.15,33670,30806,31970,-0.037
1468,ZBIO,Healthcare,Biotechnology,NASDAQ,106.63,75,98.29,68,88,95,98,20.4,1224967266.0917358,62371044.0,0.2458,-54.26,531060,691023,694238,-1.0
1469,AEVA,Technology,Software - Infrastructure,NASDAQ,106.61,75,105.04,81,33,88,88,15.53,855269029.3958511,63026459.0,0.2034,-59.97,2125690,1504296,1574876,0.859
1470,MSW,Industrials,Engineering & Construction,NASDAQ,106.6,75,136.3,96,13,7,11,1.62,22835999.876260757,12975000.0,0.00059999997,-80.02,74230,78473,74210,-0.516
1471,XYZ,Technology,Software - Infrastructure,NYSE,106.59,74,107.55,84,37,18,23,73.17,44549296941.82587,595181000.0,0.0469,-11.31,6054650,5481540,6604370,0.049
1472,BCX,Financial Services,Asset Management,NYSE,106.59,74,94.74,56,80,86,72,12.51,933916602.5,76238090.0,0.0002,-9.74,170140,188270,219544,
1473,IIPR,Real Estate,REIT - Industrial,NYSE,106.59,74,102.12,76,55,30,23,56.49,1648489412.643814,28774470.0,0.1716,-7.99,408670,366876,338460,-0.038
1474,CDRO,Consumer Cyclical,Gambling,NASDAQ,106.58,74,99.66,71,69,68,14,9.12,409996557.0,45555173.0,0.024,-6.17,21750,26903,22140,0.066
1475,AD,Communication Services,Telecom Services,NYSE,106.56,74,101.6,75,70,80,41,52.52,4820923584.150444,86442954.0,0.1325,-33.66,215320,255980,230590,1.313
1476,IBO,Healthcare,Biotechnology,NYSE ARCA,106.54,74,96.78,64,80,19,9,0.62,67819555.17302388,107821231.0,0.103199996,-68.21,60830,106546,5412000,
1477,BRCC,Consumer Defensive,Packaged Foods,NYSE,106.53,74,136.57,96,14,7,13,1.29,152105206.12081409,117004009.0,0.0963,-38.57,1789490,925340,961138,0.214
1478,BPOP,Financial Services,Banks - Regional,NASDAQ,106.49,74,94.24,53,82,80,65,146.95,9634209604.720642,64654788.0,0.0228,-3.92,465140,503726,525038,0.096
1479,OBK,Financial Services,Banks - Regional,NYSE,106.48,74,95.33,58,79,74,41,46.2,1448783912.8491325,30904093.0,0.0165,-3.99,172240,202606,185810,0.093
1480,EIX,Utilities,Utilities - Regulated Electric,NYSE,106.4,74,95.22,58,82,78,53,70.58,26531541057.652084,384793941.0,0.0372,-7.4,2837080,2819313,3141862,0.077
1481,BATRK,Communication Services,Entertainment,NASDAQ,106.4,74,103.21,78,59,47,35,50.22,3250042492.413666,64141358.0,0.0301,-3.52,385180,392983,361722,0.176
1482,CHY,Financial Services,Asset Management,NASDAQ,106.38,74,103.91,79,66,65,65,13.04,1027521256.1708488,80025019.0,0.0023,1.01,229580,227920,217852,-0.285
1483,PUBM,Technology,Software - Application,NASDAQ,106.37,74,108.52,85,36,13,28,9.88,498801299.8699665,46443325.0,0.0504,-28.82,830160,689386,750718,-0.064
1484,SMFG,Financial Services,Banks - Diversified,NYSE,106.36,74,95.85,60,81,89,74,21.78,136366355147.54694,6363338927.0,0.0011999999,-10.52,1970140,2072220,2211426,0.218
1485,MIST,Healthcare,Biotechnology,NASDAQ,106.36,74,109.67,86,85,42,77,1.9,229703785.58572018,119637391.0,0.087799996,-37.91,886140,2175270,2071476,
1486,TBPH,Healthcare,Biotechnology,NASDAQ,106.33,74,90.93,33,76,91,92,16.52,876916626.8495464,51553005.0,0.162,-21.45,300730,392776,627978,0.15
1487,NAVN,Technology,Software - Application,NASDAQ,106.33,74,125.27,94,18,10,25,18.26,4684215818.046188,250761014.0,0.1575,-19.74,3374370,3063023,3091190,0.348
1488,JCI,Industrials,Building Products & Equipment,NYSE,106.32,74,95.26,58,85,81,81,141.78,85123331537.25508,610115603.0,0.0152,-3.76,3567220,3219330,3582312,0.082
1489,PRSU,Consumer Cyclical,Travel Services,NYSE,106.32,74,98.14,68,75,54,38,41.59,1156118488.4630585,27318490.0,0.081499994,-8.53,209970,214930,226662,0.374
1490,NFBK,Financial Services,Banks - Regional,NASDAQ,106.27,74,94.07,52,79,77,34,13.92,586366516.28683,41763997.0,0.0217,-2.04,170830,213413,269088,0.245
1491,BST,Financial Services,Asset Management,NYSE,106.24,74,105.31,81,60,61,69,45.0,1559623189.9057465,34720019.0,0.0002,0.0,136500,112496,100486,
1492,NEOG,Healthcare,Medical Devices,NASDAQ,106.22,74,84.79,16,83,91,28,8.65,1969941062.5678377,217673041.0,0.0616,-24.32,1944320,2509796,2581384,-0.044
1493,RTO,Industrials,Specialty Business Services,NYSE,106.19,74,94.48,54,79,73,65,33.08,16808483199.695473,503247977.0,0.0068,-4.59,847050,981056,1323502,0.058
1494,CATX,Healthcare,Medical Devices,NYSE ARCA,106.17,74,86.88,20,89,96,9,3.88,428706757.71264195,114017755.0,0.1432,-37.01,1776490,1346813,1484042,
1495,CCD,Financial Services,Asset Management,NASDAQ,106.16,74,102.94,78,68,60,45,25.19,699231569.7619572,28002867.0,0.0076,-0.32,93010,108420,99464,
1496,AROW,Financial Services,Banks - Regional,NASDAQ,106.15,74,94.44,54,81,76,69,36.39,614053081.0712814,16529019.0,0.0108,-4.46,66020,90530,95404,0.294
1497,AIO,Financial Services,Asset Management,NYSE,106.14,74,104.88,81,62,48,49,25.97,889215976.4700394,34439039.0,0.38,-0.4,113970,91936,87154,
1498,HYFT,Healthcare,Biotechnology,NASDAQ,106.14,74,101.66,76,34,91,97,1.32,59324068.92904186,46711866.0,0.0168,-59.33,169120,189166,308982,0.524
1499,NMRA,Healthcare,Biotechnology,NASDAQ,106.13,74,77.17,6,87,97,94,1.87,339070174.4715371,185284244.0,0.0427,-48.77,1795100,1576860,1295002,
1500,REBN,Consumer Cyclical,Restaurants,NASDAQ,106.09,74,99.64,71,73,19,10,2.35,20040830.669977665,8213455.0,0.0201,-31.88,74000,80710,79260,0.805
1501,FISI,Financial Services,Banks - Regional,NASDAQ,106.09,74,95.86,60,78,76,70,34.9,697094358.6960983,19686370.0,0.028800001,-2.24,78340,101973,116298,0.113
1502,NIO,Consumer Cyclical,Auto Manufacturers,NYSE,106.08,74,95.85,60,85,42,85,6.07,14658151839.74097,2505667022.0,0.0723,-24.31,31194120,35435203,41134096,0.759
1503,RCAT,Industrials,Aerospace & Defense,NASDAQ,106.01,74,87.44,22,81,83,63,11.25,1272838269.5232515,122742361.0,0.3087,-40.1,8088420,10709656,16047100,
1504,ZJK,Industrials,Specialty Industrial Machinery,NASDAQ,106.0,74,122.68,93,17,14,4,2.92,190393859.49369907,64322249.0,0.0069,-49.83,59810,54660,41426,0.455
1505,RVT,Financial Services,Asset Management,NYSE,105.99,74,98.61,69,73,74,55,18.76,2285755989.462471,122363809.0,0.061100002,-0.27,164920,177663,202404,0.119
1506,SAN,Financial Services,Banks - Diversified,NYSE,105.99,74,95.32,58,82,86,91,12.13,176836158030.89465,14400338915.0,0.0066000004,-8.38,7228980,8632800,12061452,0.046
1507,BWFG,Financial Services,Banks - Regional,NASDAQ,105.98,74,93.14,45,83,78,83,51.35,417475709.6664429,7973180.0,0.0336,-4.66,42810,47660,42418,0.353
1508,WBS,Financial Services,Banks - Regional,NYSE,105.98,74,94.21,53,81,78,47,72.15,11813352562.538757,162026498.0,0.0001,-2.5,2546810,2778530,3713336,0.087
1509,CGO,Financial Services,Asset Management,NASDAQ,105.92,74,104.98,81,65,64,59,13.67,132865019.37857819,9827294.0,0.0019,0.81,33310,31183,31244,-0.325
1510,VNOM,Energy,Oil & Gas Midstream,NASDAQ,105.92,74,95.56,59,78,61,34,47.51,9087320729.659157,194215015.0,0.0405,-7.08,1621700,1807636,3001788,1.091
1511,CAR,Industrials,Rental & Leasing Services,NASDAQ,105.87,74,83.01,13,98,38,74,151.19,5148616709.5,35324986.0,0.8056,-82.16,2397490,4760056,3203830,0.041
1512,WSFS,Financial Services,Banks - Regional,NASDAQ,105.87,74,95.23,58,80,73,43,70.96,3731557939.374176,52044046.0,0.042600002,-3.09,387160,385840,415784,0.161
1513,SABR,Technology,Software - Infrastructure,NASDAQ,105.86,74,116.25,90,31,8,13,1.91,814345319.7599931,395313273.0,0.1867,-45.74,5857790,4713183,7841812,0.083
1514,EOG,Energy,Oil & Gas E&P,NYSE,105.86,74,93.26,47,78,49,35,133.31,69257687105.71869,532628530.0,0.0332,-12.22,3898490,4184696,4921888,0.156
1515,KGEI,Energy,Oil & Gas E&P,NASDAQ,105.83,74,98.86,70,66,17,16,5.37,181840810.01554108,35515784.0,3.96,-35.07,197340,228053,238072,-0.155
1516,SFST,Financial Services,Banks - Regional,NASDAQ,105.79,74,90.99,33,84,86,81,56.22,532325782.2862816,9455165.0,0.015,-9.32,104270,154423,130516,0.262
1517,EBMT,Financial Services,Banks - Regional,NASDAQ,105.78,74,95.2,58,76,85,44,22.44,182249054.59514427,7965431.0,0.0186,-6.3,52710,59223,60950,0.116
1518,HOFT,Consumer Cyclical,"Furnishings, Fixtures & Appliances",NASDAQ,105.78,74,89.7,28,87,88,37,12.8,143478197.5133543,10779729.0,0.0211,-19.95,62170,47380,43796,-0.205
1519,YJ,Consumer Cyclical,Internet Retail,NASDAQ,105.77,74,104.4,80,41,26,56,1.87,9260015.176513195,4925540.0,0.0084,-29.96,2070,4180,4708,-0.183
1520,BATRA,Communication Services,Entertainment,NASDAQ,105.76,74,101.76,76,62,51,39,54.34,3519436244.9496384,64141358.0,0.0558,-3.07,54480,72713,65596,0.176
1521,CAEP,Financial Services,Shell Companies,NASDAQ,105.74,74,112.56,88,40,39,42,12.56,384827609.3673706,35080000.0,0.0001,13.26,140180,247736,179350,
1522,OVBC,Financial Services,Banks - Regional,NASDAQ,105.73,74,96.45,63,80,81,76,46.11,212984396.10694885,4711002.0,0.0076,-2.14,13340,13676,12734,0.011
1523,PEO,Financial Services,Asset Management,NYSE,105.72,74,91.33,34,79,77,61,25.85,696185469.2490463,27495477.0,0.0137,-10.49,91410,102240,101166,0.038
1524,DNLI,Healthcare,Biotechnology,NASDAQ,105.71,74,93.66,49,77,69,47,19.67,3113885173.134512,158709737.0,0.1017,-17.25,2066340,1607146,1750786,
1525,SEB,Industrials,Conglomerates,NYSE ARCA,105.71,74,74.86,5,92,93,87,4592.13,4348523522.248535,957795.0,0.083000004,-23.33,7990,10143,14792,0.036
1526,NEWT,Financial Services,Banks - Regional,NASDAQ,105.71,74,102.48,77,58,73,25,13.66,411425389.7680092,28831491.0,0.100200005,-8.38,225340,214556,221202,0.107
1527,WMB,Energy,Oil & Gas Midstream,NYSE,105.64,74,95.94,61,74,76,67,74.18,88006954029.71164,1222998265.0,0.0159,-4.17,6794360,6185000,6265012,0.09
1528,CFG,Financial Services,Banks - Regional,NYSE,105.58,74,90.99,33,83,84,74,62.16,26950265970.08001,422881942.0,0.0001,-9.64,4048180,4600786,4817606,0.138
1529,OPHC,Financial Services,Banks - Regional,NYSE ARCA,105.53,73,95.96,61,77,72,35,5.51,68012738.0765152,12166858.0,0.0007,-2.3,27040,38616,34028,0.312
1530,BNS,Financial Services,Banks - Diversified,NYSE,105.53,73,96.13,61,75,82,82,77.04,95473050156.58508,1231433660.0,2.85,-2.48,1705170,2713846,2488292,0.235
1531,BBIO,Healthcare,Biotechnology,NASDAQ,105.52,73,83.6,14,87,92,95,64.68,13199088978.835785,195861242.0,0.19450001,-23.85,3875130,2551486,2370100,25.212
1532,MASS,Healthcare,Medical Devices,NASDAQ,105.45,73,111.28,87,80,86,89,7.93,308937286.45495033,37813621.0,0.2009,-15.1,351660,278066,289104,0.136
1533,AOD,Financial Services,Asset Management,NYSE,105.43,73,101.1,74,68,75,74,10.57,1109297186.1895752,105446496.0,0.29,-1.86,381870,457960,573404,0.177
1534,LAWR,Industrials,Consulting Services,NASDAQ,105.43,73,92.66,41,56,77,89,3.75,172350000.0,45960000.0,0.018099999,-22.52,0,0,0,-0.282
1535,NUVL,Healthcare,Biotechnology,NASDAQ,105.43,73,95.71,60,74,74,81,104.55,8316900394.766998,78997915.0,0.097799994,-7.49,479430,604963,577242,
1536,XIFR,Utilities,Utilities - Renewable,NYSE,105.42,73,107.69,84,53,67,32,12.08,1106076435.9353256,94294670.0,0.038,-2.54,1676460,1072096,939262,-0.153
1537,PFG,Financial Services,Asset Management,NASDAQ,105.38,73,98.01,67,68,63,60,100.19,21709244592.0,216012384.0,0.047199998,-2.73,1130700,1307600,1488584,-0.045
1538,CIG,Utilities,Utilities - Regulated Electric,NYSE,105.38,73,91.69,36,87,65,75,2.4,6894243583.564296,2860681883.0,0.0,-13.04,4831980,5904313,6854104,0.029
1539,FONR,Healthcare,Diagnostics & Research,NASDAQ,105.35,73,93.09,45,69,79,45,18.84,118767405.70351028,6300658.0,0.0069,-0.58,54830,45773,51356,0.024
1540,WSC,Industrials,Rental & Leasing Services,NASDAQ,105.34,73,121.67,93,24,31,9,26.71,5085950548.943991,180994679.0,0.2297,-16.22,3995040,2904640,2577644,-0.061
1541,RLJ,Real Estate,REIT - Hotel & Motel,NYSE,105.27,73,102.72,77,66,60,37,8.8,1359771018.7217045,151929726.0,0.116000004,-2.0,4125740,2900093,2528822,0.036
1542,BGS,Consumer Defensive,Packaged Foods,NYSE,105.25,73,90.46,31,82,74,46,5.09,430199264.9814019,80411079.0,0.1439,-20.22,1528080,1707383,2005430,-0.022
1543,WLK,Basic Materials,Specialty Chemicals,NYSE,105.23,73,81.73,11,86,80,13,97.56,12024338098.899902,128122944.0,0.105,-21.47,1321890,1176926,1235504,-0.068
1544,ATHE,Healthcare,Biotechnology,NASDAQ,105.22,73,113.62,89,41,27,85,4.8,88116118.85470963,18909039.0,0.0011,-31.43,24960,25236,18690,0.746
1545,TMP,Financial Services,Banks - Regional,NYSE ARCA,105.21,73,93.75,50,81,77,48,83.76,1233624801.2874222,14382941.0,0.0159,-3.67,54120,62493,63004,0.076
1546,CLBK,Financial Services,Banks - Regional,NASDAQ,105.21,73,98.26,68,75,72,40,19.44,2031828997.8464298,104142951.0,0.0834,-1.52,363910,262520,273854,0.185
1547,IAE,Financial Services,Asset Management,NYSE,105.21,73,100.76,74,70,75,76,8.4,90302809.89907265,10750335.0,0.14,-0.24,58070,42053,49214,
1548,ZTO,Industrials,Integrated Freight & Logistics,NYSE,105.19,73,93.3,47,80,78,41,25.01,19213010663.685757,766986477.0,0.030199999,-4.54,1807230,1501106,1659322,0.123
1549,PLD,Real Estate,REIT - Industrial,NYSE,105.19,73,97.08,65,75,72,69,144.07,134340579005.67627,932338000.0,0.014199999,-0.94,3186220,3535213,3528494,0.083
1550,OR,Basic Materials,Gold,NYSE,105.18,73,96.1,61,76,89,87,39.8,7203590751.564819,187495864.0,1.27,-17.19,931130,983450,1183490,0.873
1551,BAP,Financial Services,Banks - Regional,NYSE,105.16,73,89.64,28,88,90,81,322.42,26230657334.0,79366588.0,0.0231,-15.2,272050,381300,376602,0.05
1552,MARA,Financial Services,Capital Markets,NASDAQ,105.16,73,133.19,96,22,8,16,13.39,4932692436.203262,381197264.0,0.3532,-42.9,47220830,45177086,47220496,-0.056
1553,ARDX,Healthcare,Biotechnology,NASDAQ,105.14,73,99.24,71,69,85,72,6.61,1674859295.688828,247029387.0,0.0994,-21.31,5786280,3979643,3677170,0.275
1554,WELL,Real Estate,REIT - Healthcare Facilities,NYSE,105.12,73,96.68,63,76,78,83,214.84,151510421850.3479,705914450.0,0.0276,-2.16,3020700,2723243,2936254,0.383
1555,SOTK,Technology,Scientific & Technical Instruments,NASDAQ,105.1,73,103.69,79,43,52,75,4.8,75724077.67686701,15710389.0,0.0004,-15.79,41470,31140,30074,-0.036
1556,PNTG,Healthcare,Medical Care Facilities,NASDAQ,105.08,73,102.68,77,70,72,33,34.13,1248155349.3510818,34767557.0,0.0195,-9.08,288320,242406,254308,0.36
1557,ASPN,Industrials,Building Products & Equipment,NYSE,105.08,73,136.64,96,21,15,3,5.12,417441035.960454,82825603.0,0.100200005,-47.65,2121250,1704356,1553210,-0.519
1558,BGC,Financial Services,Capital Markets,NASDAQ,105.04,73,99.79,72,79,43,34,11.24,5466214018.565197,479913420.0,0.026500002,-5.63,3244480,2851836,2767972,0.443
1559,GLE,Technology,Information Technology Services,NASDAQ,105.0,73,162.01,98,17,11,4,0.6,8399699.84292984,18300000.0,0.0115,-84.58,23602280,7966306,4814970,-0.853
1560,HURA,Healthcare,Biotechnology,NASDAQ,104.96,73,117.18,91,97,9,9,2.4,151564423.92788696,63682528.0,0.15619999,-42.86,674870,1166373,1024298,
1561,IBTA,Technology,Software - Application,NYSE,104.96,73,102.8,77,66,11,11,33.13,826261399.5,23274969.0,0.2831,-47.19,139490,181676,250372,-0.025
1562,ZVRA,Healthcare,Biotechnology,NASDAQ,104.91,73,107.06,83,59,38,53,10.8,657950891.6851845,59115084.0,0.0817,-17.93,1529950,1006590,1224532,0.775
1563,RS,Basic Materials,Steel,NYSE,104.86,73,100.86,74,60,77,34,368.47,18851709125.585632,51048522.0,0.0235,-3.29,294020,304230,330020,0.155
1564,AMRX,Healthcare,Drug Manufacturers - Specialty & Generic,NASDAQ,104.84,73,91.52,35,81,91,86,12.78,4211100793.5512314,319022792.0,0.041300002,-17.12,1561340,1561336,1880336,0.039
1565,MRKR,Healthcare,Biotechnology,NASDAQ,104.83,73,92.29,38,78,79,12,1.45,24342766.05602932,16673127.0,0.014099999,-64.37,70280,120466,121880,-0.51
1566,STGW,Communication Services,Advertising Agencies,NASDAQ,104.81,73,92.39,39,75,32,21,6.25,1603615327.9981613,247854000.0,0.12020001,-16.89,1543530,1373620,1713918,0.08
1567,SRBK,Financial Services,Banks - Regional,NASDAQ,104.81,73,93.28,47,72,78,76,18.23,137673990.32069397,7486351.0,0.0674,-7.04,49880,44050,40066,0.076
1568,PBA,Energy,Oil & Gas Midstream,NYSE,104.78,73,97.35,66,72,70,58,46.3,26579087846.00949,581344863.0,3.17,-0.92,935070,1077223,1309370,-0.077
1569,ODFL,Industrials,Trucking,NASDAQ,104.76,73,87.7,22,80,71,17,195.12,41246349948.1913,207968283.0,0.0684,-16.54,2433040,2062530,2162448,-0.029
1570,WBTN,Communication Services,Internet Content & Information,NASDAQ,104.76,73,110.97,87,48,30,72,13.31,1788227673.3230486,134655701.0,0.25100002,-40.77,262120,290780,353756,-0.063
1571,TPR,Consumer Cyclical,Luxury Goods,NYSE,104.75,73,85.05,17,87,92,83,133.34,26968927561.49185,202044714.0,0.0721,-17.68,2706100,1988316,2009352,0.212
1572,FGBIP,Financial Services,Banks - Regional,NASDAQ,104.71,73,106.6,83,40,49,24,20.5,,,0.46,-4.47,4350,3630,2718,0.945
1573,MATW,Industrials,Conglomerates,NASDAQ,104.7,73,96.27,62,64,65,67,27.77,875887900.3421478,31126081.0,0.106300004,-10.22,224140,180846,194442,-0.395
1574,EOD,Financial Services,Asset Management,NYSE,104.67,73,99.83,72,73,69,72,6.53,281651075.91716576,43065914.0,1.28,-0.15,118020,128686,116800,
1575,ING,Financial Services,Banks - Diversified,NYSE,104.63,73,101.23,75,76,80,85,30.1,86489707498.22218,2871504153.0,0.0007,-3.46,2389610,2717160,3058032,0.029
1576,AMBA,Technology,Semiconductor Equipment & Materials,NASDAQ,104.63,73,126.22,94,29,28,84,79.72,3341091601.3330536,43788879.0,0.069,-17.55,895470,791523,822662,0.201
1577,QQQX,Financial Services,Asset Management,NASDAQ,104.62,73,101.18,75,65,56,68,30.74,1501911856.2555637,48826783.0,0.0032,-0.19,86840,117856,139988,
1578,UBCP,Financial Services,Banks - Regional,NASDAQ,104.62,73,92.02,37,73,64,49,15.64,95616016.0,5976001.0,0.0019,-9.8,3090,17870,13778,0.064
1579,FA,Industrials,Specialty Business Services,NASDAQ,104.61,73,123.74,93,21,16,17,16.04,2737731276.663619,171537047.0,0.1732,-15.62,1404780,1152903,1235000,0.086
1580,EPD,Energy,Oil & Gas Midstream,NYSE,104.6,73,94.55,55,76,67,61,37.9,80461241527.3498,2163518271.0,0.0226,-4.63,4386710,4926053,4532026,-0.067
1581,KRNY,Financial Services,Banks - Regional,NASDAQ,104.59,73,92.98,44,75,78,48,7.91,513532201.43720627,62932869.0,0.0179,-6.94,302750,291596,321106,0.175
1582,JHG,Financial Services,Asset Management,NYSE,104.59,73,94.18,52,78,67,60,51.67,7964168017.61935,154075609.0,0.0355,-3.89,1629220,1873660,2891086,0.11
1583,PINE,Real Estate,REIT - Retail,NYSE,104.58,73,93.01,44,80,82,66,19.15,319918376.32588196,16524709.0,0.0145000005,-7.93,208590,153413,172006,0.296
1584,LXFR,Industrials,Specialty Industrial Machinery,NYSE,104.56,73,107.93,84,59,77,37,15.51,420489779.88829803,27006409.0,0.0166,-3.24,155500,130063,223582,-0.135
1585,M,Consumer Cyclical,Department Stores,NYSE,104.54,73,90.05,30,77,88,90,18.69,5138073879.779568,263761499.0,0.1205,-23.43,4593310,4950730,6894556,-0.011
1586,AAPL,Technology,Consumer Electronics,NASDAQ,104.52,73,102.9,77,64,57,78,292.68,4308095369493.408,14687356000.0,0.0092,-0.71,53523690,45663490,43617922,0.166
1587,DGICB,Financial Services,Insurance - Property & Casualty,NASDAQ,104.51,73,98.93,70,58,58,66,19.16,730618145.7200565,37049603.0,0.0104,-6.35,570,1083,1396,-0.037
1588,SMBC,Financial Services,Banks - Regional,NASDAQ,104.47,72,94.56,55,75,70,39,68.02,762439001.0657043,11014721.0,0.019299999,-2.97,81110,103523,84764,0.065
1589,AIT,Industrials,Industrial Distribution,NYSE,104.47,72,100.46,73,68,61,41,310.55,11415693248.203491,36959541.0,0.0195,-2.07,310500,275166,305608,0.073
1590,REAL,Consumer Cyclical,Luxury Goods,NASDAQ,104.46,72,86.81,20,77,74,97,9.97,1236204116.8574524,120487728.0,0.1725,-42.67,5028080,3682643,3554378,0.185
1591,SD,Energy,Oil & Gas E&P,NYSE,104.46,72,87.6,22,83,86,86,15.14,532361297.59663963,36918259.0,0.0382,-17.94,360380,375826,431630,0.168
1592,PMVP,Healthcare,Biotechnology,NASDAQ,104.46,72,98.49,69,68,28,57,1.39,75194442.34993947,53329393.0,0.044899996,-26.06,239360,373393,616274,
1593,MKTW,Financial Services,Financial Data & Stock Exchanges,NASDAQ,104.44,72,101.32,75,75,46,78,18.64,54533925.96475983,2637037.0,0.0092,-14.26,28470,30000,29636,-0.078
1594,OBT,Financial Services,Banks - Regional,NASDAQ,104.42,72,89.58,28,83,84,48,33.75,465380907.6248932,13407690.0,0.0057,-11.16,51680,72323,61344,0.17
1595,PANW,Technology,Software - Infrastructure,NASDAQ,104.41,72,117.69,91,28,26,63,213.66,168590683959.96094,811000000.0,0.0321,-4.45,6858020,7581696,7725858,0.149
1596,CTO,Real Estate,REIT - Diversified,NYSE,104.4,72,98.31,68,70,59,48,20.26,685469112.6098022,33783592.0,0.0239,-1.98,399610,260706,267224,0.15
1597,APLE,Real Estate,REIT - Hotel & Motel,NYSE,104.38,72,102.33,77,60,45,34,13.79,3335634565.0357876,236067554.0,0.1523,-2.82,3698550,4196126,3569290,0.031
1598,WF,Financial Services,Banks - Regional,NYSE,104.35,72,88.87,26,86,93,87,66.01,17038078304.529297,243679616.0,0.0005,-22.08,103850,125843,123226,-0.027
1599,CATY,Financial Services,Banks - Regional,NASDAQ,104.35,72,98.93,70,70,68,51,57.04,3852384888.309902,67056307.0,0.0336,-1.66,469500,389076,504878,0.141
1600,ATER,Consumer Cyclical,"Furnishings, Fixtures & Appliances",NASDAQ,104.3,72,134.24,96,14,11,8,1.12,11906182.45805955,10823802.0,0.0164,-48.86,27500510,9194833,5535730,-0.385
1601,MFC,Financial Services,Insurance - Life,NYSE,104.29,72,99.82,72,68,64,71,39.97,66788999134.23745,1668890514.0,2.26,-0.3,1876310,1829313,2059434,-0.349
1602,CVSA,Consumer Defensive,Education & Training Services,NYSE,104.29,72,109.08,85,36,27,25,130.23,4550950373.114365,34030887.0,0.0684,-16.66,352650,305073,344278,0.124
1603,NTB,Financial Services,Banks - Diversified,NYSE,104.28,72,94.77,56,80,73,69,55.68,2231660139.584095,39610581.0,0.0121,-3.73,162700,147446,163190,0.043
1604,RERE,Consumer Cyclical,Internet Retail,NYSE,104.25,72,91.12,33,76,91,82,4.7,1056511436.135397,221490868.0,0.026700001,-27.36,625840,742040,1145260,0.29
1605,INBK,Financial Services,Banks - Regional,NASDAQ,104.24,72,104.7,80,53,35,12,25.0,220182884.1150856,8716662.0,0.0189,-12.31,74140,63373,60256,0.137
1606,LGVN,Healthcare,Biotechnology,NASDAQ,104.17,72,93.68,49,84,13,9,0.84,24742562.447740078,29281138.0,0.1083,-53.33,284140,667850,6811440,-0.395
1607,ATS,Industrials,Specialty Industrial Machinery,NYSE,104.12,72,103.72,79,66,61,34,34.25,3430114029.794464,96950648.0,14.78,-4.06,175130,142490,163734,0.167
1608,WS,Basic Materials,Steel,NYSE,104.1,72,103.74,79,63,90,46,40.54,2054100260.844864,50806338.0,0.0626,-17.55,252120,261200,313112,0.12
1609,DEC,Energy,Oil & Gas Integrated,NYSE,104.1,72,92.88,43,81,33,69,15.71,1099521694.5490894,70256979.0,0.044899996,-16.88,680290,818263,1183206,0.66
1610,GFR,Energy,Oil & Gas E&P,NYSE,104.09,72,87.57,22,79,68,46,5.82,724971866.4357691,125427654.0,0.0007,-17.09,344810,279366,249248,-0.726
1611,FORTY,Technology,Information Technology Services,NASDAQ,104.07,72,108.85,85,31,41,90,147.4,2260035022.2168274,15332667.0,0.25,-22.65,230,393,350,0.024
1612,HAFC,Financial Services,Banks - Regional,NASDAQ,104.06,72,96.98,64,66,59,73,29.64,903597814.9796886,29752973.0,0.037100002,-5.39,284160,264043,291458,0.146
1613,CNOB,Financial Services,Banks - Regional,NASDAQ,104.04,72,97.31,65,69,64,42,29.73,1511169206.332924,50288494.0,0.0356,-3.0,358480,364970,364316,0.655
1614,BLX,Financial Services,Banks - Regional,NYSE,104.04,72,95.34,58,83,70,70,52.95,2002612922.4052734,37230208.0,0.0070999996,-8.38,163500,135130,146884,0.077
1615,CTRE,Real Estate,REIT - Healthcare Facilities,NYSE,104.03,72,97.52,66,72,81,79,40.55,9827593415.526009,236240235.0,0.0864,-2.8,2031390,2086713,2946360,0.032
1616,GEO,Industrials,Security & Protection Services,NYSE,104.03,72,113.5,89,29,17,10,21.41,2907533890.422798,133618284.0,0.1038,-23.26,2232570,1809610,2263454,0.166
1617,DKL,Energy,Oil & Gas Refining & Marketing,NYSE,104.03,72,95.43,59,72,80,75,51.45,2714236773.6358795,53168204.0,0.0297,-7.94,73430,60590,63738,0.219
1618,FC,Consumer Defensive,Education & Training Services,NYSE,103.99,72,101.78,76,71,33,9,21.99,249684630.29990387,11272444.0,0.117,-10.97,76480,187290,191986,0.001
1619,FRT,Real Estate,REIT - Retail,NYSE,103.95,72,98.46,69,67,59,43,115.42,9993502335.32389,86389197.0,0.0002,-1.54,1036390,940683,847852,0.103
1620,XNET,Technology,Software - Infrastructure,NASDAQ,103.94,72,100.41,73,58,65,94,6.49,406747671.26130295,63653784.0,0.033800002,-41.16,147370,158546,222840,0.697
1621,NEE,Utilities,Utilities - Regulated Electric,NYSE,103.93,72,94.04,52,73,75,75,94.84,194145286371.62146,2085341456.0,0.0001,-3.96,8637420,8658663,9017700,0.073
1622,VG,Energy,Oil & Gas Midstream,NYSE,103.93,72,86.32,19,86,31,9,11.62,28425409778.937622,2482568581.0,0.9396,-40.41,19157850,23859516,29876814,1.917
1623,ONL,Real Estate,REIT - Office,NYSE,103.93,72,109.86,86,70,43,30,2.87,163670602.34368515,56830068.0,0.010299999,-5.9,442250,353956,345596,-0.039
1624,DOC,Real Estate,REIT - Healthcare Facilities,NYSE,103.91,72,112.15,88,38,36,41,19.76,13540202526.491608,689419702.0,0.059699997,-0.55,11311580,9151176,8460702,0.071
1625,PED,Energy,Oil & Gas E&P,NYSE ARCA,103.9,72,84.44,15,85,33,27,14.03,185945373.63137054,13300814.0,0.018099999,-25.73,24160,30320,47623,1.182
1626,NATR,Consumer Defensive,Packaged Foods,NASDAQ,103.88,72,78.83,8,91,90,85,22.18,426081416.2802849,17584871.0,0.0176,-21.18,86340,82503,107288,0.085
1627,SATA,Financial Services,Asset Management,NASDAQ,103.88,72,96.9,64,62,44,66,99.4,,,0.88,-1.92,233800,188536,169178,0.214
1628,MGY,Energy,Oil & Gas E&P,NYSE,103.87,72,89.15,27,83,66,43,28.21,5141551729.095943,184947909.0,0.1417,-13.89,2659910,2357743,2718294,0.023
1629,HAS,Consumer Cyclical,Leisure,NASDAQ,103.82,72,92.81,42,81,87,74,95.19,13837976399.564209,141521544.0,0.044699997,-11.02,1387690,1785883,1680324,0.313
1630,NDSN,Industrials,Specialty Industrial Machinery,NASDAQ,103.81,72,93.95,51,75,83,60,281.85,15816323472.844788,55783598.0,0.0218,-7.67,341210,338600,331224,0.088
1631,ORLA,Basic Materials,Gold,NYSE ARCA,103.77,72,90.06,30,87,92,93,14.81,5196319986.820221,345500000.0,2.02,-32.62,3079120,2766593,2622840,3.08
1632,SBUX,Consumer Cyclical,Restaurants,NASDAQ,103.76,72,103.2,78,64,54,33,105.74,119588721347.80884,1139700000.0,0.0442,-1.68,9250850,7308716,7836786,0.088
1633,LSBK,Financial Services,Banks - Regional,NASDAQ,103.75,72,94.63,55,76,76,81,15.85,125027866.20035553,7863388.0,0.0028,-2.64,6490,6063,9752,0.217
1634,IMKTA,Consumer Defensive,Grocery Stores,NASDAQ,103.73,72,88.31,24,83,82,73,85.41,1644912932.6168823,18994376.0,0.0987,-10.68,138750,133680,134646,0.034
1635,JOUT,Consumer Cyclical,Leisure,NASDAQ,103.69,72,82.31,12,88,88,76,44.82,537391504.5449905,10453054.0,0.1185,-16.29,92340,92106,82316,0.155
1636,AVBC,Financial Services,Banks - Regional,NYSE,103.68,72,89.35,27,81,79,57,19.41,374904678.5665512,18550455.0,0.0034999999,-9.43,42080,62203,64734,4.107
1637,DAL,Industrials,Airlines,NYSE,103.68,72,97.58,66,71,71,44,71.2,48177396155.192566,656994340.0,0.039300002,-6.79,7693140,10103796,12473782,0.129
1638,CURB,Real Estate,REIT - Retail,NYSE,103.66,72,95.42,59,73,61,49,27.98,2942436822.1478577,105539344.0,0.1158,-3.32,819780,780833,772650,0.499
1639,KRG,Real Estate,REIT - Retail,NYSE,103.63,72,97.7,67,70,64,45,26.67,5407662082.709768,203066551.0,0.112399995,-0.56,2455740,1959453,1848768,-0.092
1640,EVLV,Industrials,Security & Protection Services,NASDAQ,103.62,72,103.6,79,64,56,83,6.92,1266306243.359396,179617902.0,0.0484,-22.33,2571980,2404850,3065890,0.323
1641,PYPD,Healthcare,Biotechnology,NASDAQ,103.59,72,90.88,32,78,85,72,4.34,83584575.86390305,19083236.0,0.0084,-15.23,28980,49466,50316,
1642,GM,Consumer Cyclical,Auto Manufacturers,NYSE,103.58,72,90.1,30,79,85,84,75.29,71051220117.6638,901665195.0,0.0215,-14.07,7683850,6433113,7159360,-0.009
1643,TRIN,Financial Services,Asset Management,NASDAQ,103.56,72,100.96,74,61,63,58,16.79,1527191169.9163494,89887651.0,0.0696,-3.39,1245250,1237576,1295148,0.17
1644,MAR,Consumer Cyclical,Lodging,NASDAQ,103.52,72,93.51,48,80,78,59,353.32,93129545939.82684,263688623.0,0.023599999,-7.02,1432340,1438860,1496330,0.126
1645,MOH,Healthcare,Healthcare Plans,NYSE,103.5,72,113.35,89,18,18,9,185.19,9687474127.197266,52100000.0,0.0689,-44.39,1228010,1294383,1581730,-0.043
1646,POWW,Industrials,Aerospace & Defense,NASDAQ,103.49,72,90.81,32,84,60,77,1.97,236923216.20289516,117288722.0,0.0297,-11.66,406460,496620,616342,0.532
1647,UTG,Financial Services,Asset Management,NYSE ARCA,103.48,72,98.24,68,71,65,65,43.13,3883867770.1475143,91428150.0,0.0007,-1.75,197970,201843,215204,-0.056
1648,BUD,Consumer Defensive,Beverages - Brewers,NYSE,103.46,71,102.06,76,70,81,65,79.86,154736747076.99683,1936872553.0,0.0062,-3.68,2427840,1924976,2058366,0.12
1649,CBT,Basic Materials,Specialty Chemicals,NYSE,103.45,71,103.35,78,47,59,16,84.55,4422923024.313606,51621417.0,0.0759,-1.73,442470,374773,405056,-0.034
1650,PVL,Energy,Oil & Gas E&P,NYSE,103.43,71,96.9,64,68,62,75,1.94,62369999.52793121,33000000.0,0.0050999997,-4.9,76390,101386,116648,0.718
1651,ROAD,Industrials,Engineering & Construction,NASDAQ,103.43,71,107.91,84,60,82,69,135.45,7939279779.020264,56515376.0,0.061100002,-10.3,650930,535410,547766,0.346
1652,VFS,Consumer Cyclical,Auto Manufacturers,NASDAQ,103.43,71,99.82,72,77,31,37,4.11,10083400069.230675,2339536010.0,0.0464,-22.23,509870,1136263,845360,1.389
1653,GCTS,Technology,Semiconductors,NYSE,103.42,71,120.15,92,49,21,33,1.6,123240000.65678883,72494116.0,0.051,-35.22,4934110,2397193,1969538,-0.575
1654,BNED,Consumer Cyclical,Specialty Retail,NYSE,103.4,71,102.28,77,59,24,19,10.41,360795187.57951736,34296119.0,0.128,-14.74,226090,211920,230806,0.113
1655,VACHU,Financial Services,Shell Companies,NASDAQ,103.4,71,104.78,80,35,42,45,12.8,,,0.16,-14.55,0,80,130,
1656,UBS,Financial Services,Banks - Diversified,NYSE,103.39,71,102.14,76,64,69,70,44.84,148255126067.2599,3277805164.0,0.0016,-9.16,2575770,2603926,2772360,0.138
1657,VVX,Industrials,Aerospace & Defense,NYSE,103.38,71,95.94,61,76,71,49,69.18,2194238776.0512085,31310484.0,0.0405,-11.72,777980,541460,567186,0.234
1658,NML,Financial Services,Asset Management,NYSE ARCA,103.37,71,93.78,50,75,69,54,10.11,559790215.1240997,56658928.0,0.0014,-5.6,129780,166090,174790,
1659,MCRP,Technology,Computer Hardware,NYSE ARCA,103.37,71,98.08,68,67,90,11,2.61,92803272.01449943,34888447.0,0.0055,-43.45,155560,94236,120802,0.8
1660,VTR,Real Estate,REIT - Healthcare Facilities,NYSE,103.36,71,95.89,60,74,78,78,87.69,42423171067.550575,486169723.0,0.045300003,-0.92,5962750,4349203,3830124,0.219
1661,IART,Healthcare,Medical Devices,NASDAQ,103.36,71,125.45,94,20,22,14,13.97,1082932895.6954327,77796903.0,0.1619,-15.28,1508700,999820,961482,0.024
1662,ASGI,Financial Services,Asset Management,NYSE,103.3,71,96.02,61,79,82,71,24.01,763045469.2115307,31622275.0,0.84,-7.48,124200,126343,155696,
1663,BIRD,Consumer Cyclical,Apparel Retail,NASDAQ,103.3,71,130.38,95,7,8,15,5.34,49062590.36446905,8761177.0,0.082600005,-78.03,691000,12422496,7475968,-0.146
1664,STHO,Real Estate,Real Estate Services,NASDAQ,103.29,71,100.31,73,54,47,30,8.75,105534965.2961998,12088771.0,0.010299999,-5.41,15920,23143,25622,0.018
1665,AGD,Financial Services,Asset Management,NYSE,103.29,71,101.7,76,63,74,73,12.71,327006736.916214,26118748.0,0.06,-9.08,107290,106203,109908,-0.042
1666,SHEL,Energy,Oil & Gas Integrated,NYSE,103.25,71,90.75,32,83,63,73,85.36,234117573065.1142,2788109678.0,0.007900001,-10.05,10205970,8588900,8429366,0.013
1667,TSLA,Consumer Cyclical,Auto Manufacturers,NASDAQ,103.23,71,109.87,86,39,64,78,445.0,1608764343065.9692,3755723871.0,0.021300001,-10.79,57016690,66086043,64035278,0.158
1668,DMRC,Technology,Software - Application,NASDAQ,103.23,71,140.74,97,19,7,8,8.95,206793168.09487152,22093288.0,0.3066,-38.87,161930,188540,228540,0.029
1669,AMR,Basic Materials,Coking Coal,NYSE,103.2,71,87.93,23,75,72,59,187.39,2347922434.423706,12752824.0,0.19129999,-26.17,230240,244770,275216,-0.157
1670,HTHT,Consumer Cyclical,Lodging,NASDAQ,103.2,71,88.34,24,83,86,83,47.43,14478221961.61293,307523819.0,0.0624,-16.26,1641010,1898680,1824862,0.083
1671,MARPS,Energy,Oil & Gas Midstream,NASDAQ,103.17,71,91.66,35,73,53,73,5.0,9819999.694824219,2000000.0,0.0101,-36.71,8350,22226,72084,0.617
1672,DIT,Consumer Defensive,Food Distribution,NYSE ARCA,103.14,71,96.32,62,65,37,47,89.36,87220990.27574158,976063.0,0.0031,-6.52,600,773,845,0.171
1673,OBIO,Healthcare,Biotechnology,NASDAQ,103.14,71,89.19,27,76,51,74,3.91,241918086.315732,59880715.0,0.0228,-27.91,221730,169656,204854,121.202
1674,TSBK,Financial Services,Banks - Regional,NASDAQ,103.13,71,91.5,35,79,75,65,39.71,321024339.3910408,7827953.0,0.006,-8.82,26670,43073,36502,0.044
1675,SNDR,Industrials,Trucking,NYSE,103.12,71,95.73,60,63,72,23,29.84,5385072471.0,175124308.0,0.099700004,-10.5,1006950,1086346,1064942,-0.002
1676,KELYB,Industrials,Staffing & Employment Services,NASDAQ,103.12,71,94.43,54,85,85,12,15.8,551240107.7747536,34669190.0,0.0104,-87.36,2880,21086,15066,-0.107
1677,APG,Industrials,Engineering & Construction,NYSE,103.1,71,90.78,32,82,83,82,44.12,19079361032.19207,433227989.0,0.0185,-11.74,3539480,3150606,3170986,0.153
1678,NFJ,Financial Services,Asset Management,NYSE,103.1,71,99.98,72,65,65,64,14.47,1364475578.0,94101764.0,0.0029,-0.96,156230,199393,199218,
1679,NC,Energy,Thermal Coal,NYSE,103.09,71,90.62,31,74,86,91,50.01,379820517.6457596,7540610.0,0.0064,-15.84,10470,9653,12800,-0.043
1680,WFCF,Industrials,Specialty Business Services,NASDAQ,103.07,71,100.99,74,64,44,67,13.58,84700344.75,5056737.0,0.003,-38.69,54220,21716,13866,-0.093
1681,AIXI,Technology,Software - Application,NASDAQ,103.06,71,194.01,99,95,1,2,11.99,8143161.030965328,13349444.0,0.0272,208.23,1142064,5701429,3453254,-0.651
1682,PRMB,Consumer Defensive,Beverages - Non-Alcoholic,NYSE,103.06,71,114.07,89,28,28,9,23.62,8429436529.151955,362868562.0,0.4043,-29.05,5603290,4372290,4650024,0.008
1683,GCV,Financial Services,Asset Management,NYSE,103.04,71,96.16,61,69,72,73,4.58,91830477.81028175,20050323.0,0.0021,0.0,73600,49783,49668,
1684,AMTB,Financial Services,Banks - Regional,NYSE,103.04,71,93.74,50,77,69,26,23.09,922083889.7801437,39354839.0,0.0368,-5.29,230220,264000,272690,0.033
1685,BRKRP,Healthcare,Medical Devices,NASDAQ,103.02,71,106.36,82,41,55,84,337.59,,,0.15,-19.59,7970,6093,11316,0.027
1686,RGLD,Basic Materials,Gold,NASDAQ,103.0,71,90.65,32,82,91,77,245.13,20275480194.61078,84866602.0,0.0276,-19.96,862980,850356,1057190,1.43
1687,INCY,Healthcare,Biotechnology,NASDAQ,102.99,71,96.66,63,72,75,86,100.32,19690528709.0506,199782155.0,0.0838,-10.66,1518350,1390966,1504920,0.209
1688,CTVA,Basic Materials,Agricultural Inputs,NYSE,102.99,71,96.5,63,78,63,46,82.83,54261364763.031006,668820000.0,0.0274,-3.27,4141770,3759623,3976474,0.11
1689,ACV,Financial Services,Asset Management,NYSE,102.98,71,99.96,72,63,74,79,27.46,285267013.87207794,10396028.0,0.5,-5.45,21500,33516,28740,
1690,ATMU,Consumer Cyclical,Auto Parts,NYSE,102.97,71,86.77,20,87,86,74,56.6,4540170284.9822235,81672428.0,0.0598,-14.89,1592830,1706256,1340120,0.146
1691,VRSN,Technology,Software - Infrastructure,NASDAQ,102.95,71,104.3,80,56,29,61,286.47,26227109222.41211,91000000.0,0.019,-7.77,760960,895460,838160,0.066
1692,JOF,Financial Services,Asset Management,NYSE,102.91,71,99.9,72,69,81,80,11.88,332073233.5259657,28333893.0,0.11,-6.9,87220,120953,115682,0.423
1693,WLY,Communication Services,Publishing,NYSE,102.9,71,101.4,75,58,20,26,40.41,2124258773.1149292,51322996.0,0.1154,-11.46,348608,408189,507942,0.013
1694,PERI,Communication Services,Internet Content & Information,NASDAQ,102.87,71,101.62,76,53,26,62,10.75,456809969.67138195,41302889.0,0.016,-8.82,270940,249246,359266,0.058
1695,ATKR,Industrials,Electrical Equipment & Parts,NYSE,102.87,71,100.17,73,56,43,42,74.63,2508570222.0548553,33767266.0,0.048600003,-6.78,514650,502786,434320,0.042
1696,TBBB,Consumer Defensive,Discount Stores,NYSE,102.86,71,93.69,50,78,81,43,36.5,4489178404.403572,117857138.0,0.0842,-8.95,345540,386643,511242,0.334
1697,ENIC,Utilities,Utilities - Regulated Electric,NYSE,102.85,71,98.11,68,73,71,77,4.56,6390989726.970314,1383331144.0,0.63,-3.8,659700,812903,700156,-0.017
1698,CE,Basic Materials,Chemicals,NYSE,102.84,71,86.45,19,88,79,15,59.55,6269407153.831894,109662539.0,0.092700005,-15.77,2434200,2390830,2557578,-0.022
1699,SPNT,Financial Services,Insurance - Reinsurance,NYSE,102.82,71,96.14,61,73,65,80,23.01,2756363038.1775284,117542130.0,0.0274,-4.01,608110,696633,685782,0.065
1700,CWAN,Technology,Software - Application,NYSE,102.81,71,94.37,54,60,58,23,24.38,7241085137.689619,297375155.0,0.0797,-2.75,3598540,3971630,4211626,0.744
1701,PRTS,Consumer Cyclical,Auto Parts,NASDAQ,102.8,71,93.57,49,73,41,12,0.79,65188569.02849007,76692432.0,0.020599999,-41.91,519450,503440,672894,-0.105
1702,NBXG,Financial Services,Asset Management,NYSE,102.79,71,105.67,82,52,37,67,15.42,1203475637.8484116,78761496.0,0.0005,-1.5,163150,169856,181210,
1703,GRMN,Technology,Scientific & Technical Instruments,NYSE,102.78,71,94.93,56,75,40,31,242.38,46302845792.27948,192856206.0,0.0189,-11.32,893430,786233,799868,0.142
1704,BCAT,Financial Services,Asset Management,NYSE,102.77,71,99.83,72,66,65,63,15.59,1626112253.8823128,104775271.0,0.58,-0.26,719830,611813,702736,
1705,CROX,Consumer Cyclical,Footwear & Accessories,NASDAQ,102.75,71,100.42,73,63,67,18,100.42,5149338085.763306,49689648.0,0.1274,-18.25,1180970,1267173,1259288,-0.017
1706,TGT,Consumer Defensive,Discount Stores,NYSE,102.71,70,91.2,34,74,67,21,118.44,56885574936.75,454176247.0,0.0359,-11.01,4720740,4693160,5595066,-0.015
1707,ETN,Industrials,Specialty Industrial Machinery,NYSE,102.68,70,100.36,73,75,65,59,419.0,155906336791.9922,388300000.0,0.020499999,-3.77,3331100,2587473,2660786,0.168
1708,WBI,Energy,Oil & Gas Equipment & Services,NYSE,102.67,70,97.13,65,69,46,67,28.01,1285889231.5852032,47016059.0,0.066199996,-9.09,756730,757413,957662,0.128
1709,FVCB,Financial Services,Banks - Regional,NASDAQ,102.67,70,93.1,45,76,78,48,15.59,283629446.0391388,17996792.0,0.0057,-15.32,216470,161356,120970,0.167
1710,EE,Energy,Oil & Gas Midstream,NYSE,102.66,70,95.91,61,73,88,62,35.7,1086983773.6236572,32073880.0,0.1011,-17.31,496680,420483,488352,0.376
1711,CVX,Energy,Oil & Gas Integrated,NYSE,102.66,70,89.41,27,80,75,63,184.74,361713970361.2417,1991597732.0,0.0101,-13.96,10358330,11256606,12875976,0.023
1712,MXF,Financial Services,Asset Management,NYSE,102.62,70,96.37,62,79,83,80,22.0,316232029.8506546,14420065.0,0.0002,-4.35,64010,58463,57810,0.172
1713,THW,Financial Services,Asset Management,NYSE,102.62,70,98.06,68,65,68,76,12.8,517221772.34770966,40344913.0,0.0031,-2.96,86280,92210,101908,
1714,EPM,Energy,Oil & Gas E&P,NYSE ARCA,102.6,70,98.93,70,69,34,32,4.78,162767877.9382267,35003844.0,0.0461,-16.14,265440,357386,403234,0.02
1715,ADX,Financial Services,Asset Management,NYSE,102.6,70,99.8,72,66,62,73,24.6,3007011932.444252,122535119.0,0.0072000003,-0.57,275870,310866,305296,-0.153
1716,TSSI,Technology,Information Technology Services,NASDAQ,102.6,70,90.5,31,83,12,11,12.2,337448963.9712372,28073956.0,0.1611,-61.8,1967700,1773706,1935354,0.218
1717,JOB,Industrials,Staffing & Employment Services,NYSE ARCA,102.58,70,95.88,60,66,54,30,0.24,28566377.312191486,109870686.0,0.0062,-14.29,506360,338800,1882672,-0.146
1718,VTMX,Real Estate,Real Estate - Development,NYSE,102.56,70,96.23,62,81,68,71,35.66,3024617386.935974,85008916.0,4.1,-4.68,72500,63273,68068,0.143
1719,TRAW,Healthcare,Biotechnology,NASDAQ,102.55,70,125.91,94,43,37,73,2.02,33028459.431416273,15150669.0,0.0612,-38.23,11690660,4055150,2464280,-1.0
1720,IHS,Real Estate,Real Estate Services,NYSE,102.52,70,92.41,39,81,86,86,8.24,2764694792.4852867,335521222.0,0.0023,-7.93,942060,895073,1518992,-0.091
1721,SPCB,Industrials,Security & Protection Services,NASDAQ,102.51,70,118.72,91,50,31,80,10.54,63136817.98180008,5528618.0,0.0239,-22.33,145300,74306,63630,0.183
1722,VFC,Consumer Cyclical,Apparel Manufacturing,NYSE,102.5,70,90.13,30,79,80,37,17.94,7426178071.033855,391263343.0,0.0864,-19.44,5606610,6277310,6256338,0.015
1723,TTC,Industrials,Tools & Accessories,NYSE,102.49,70,92.24,38,78,81,31,94.96,9309401406.5,97480643.0,0.047399998,-9.73,579840,635916,820992,0.042
1724,HELE,Consumer Defensive,Household & Personal Products,NASDAQ,102.49,70,121.8,93,22,16,8,24.32,574697869.2569351,23257705.0,0.21450001,-27.96,719190,750316,661758,-0.033
1725,ALCO,Consumer Defensive,Farm Products,NASDAQ,102.48,70,90.08,30,80,79,69,40.65,311472361.6166229,7656646.0,0.0257,-9.69,18240,26066,30154,-0.888
1726,SANA,Healthcare,Biotechnology,NASDAQ,102.47,70,101.64,76,42,79,90,3.56,947671050.455158,269991753.0,0.2762,-45.65,2394780,3227236,3181098,
1727,CWEN,Utilities,Utilities - Renewable,NYSE,102.46,70,90.1,30,80,83,83,38.51,5944636440.709572,155781878.0,0.09819999,-7.43,1232610,934213,909082,0.188
1728,JWEL,Consumer Cyclical,Internet Retail,NASDAQ,102.45,70,89.06,26,70,61,43,2.35,6056757.977917433,2376131.0,0.003,-21.14,900,2690,4808,-0.111
1729,GLQ,Financial Services,Asset Management,NYSE ARCA,102.45,70,98.42,68,69,71,76,8.35,155713793.37282848,18738121.0,0.0019,-0.83,113150,78763,65554,-0.297
1730,STEL,Financial Services,Banks - Regional,NYSE,102.45,70,91.45,35,79,83,60,37.13,1907489300.4607086,50920698.0,0.0215,-7.66,249700,286953,321330,0.073
1731,ACH,Healthcare,Medical Distribution,NYSE,102.42,70,124.79,94,21,10,4,3.89,273647737.02824974,76437917.0,0.1109,-59.27,902610,796583,815552,-0.737
1732,RUSHB,Consumer Cyclical,Auto & Truck Dealerships,NASDAQ,102.42,70,88.03,23,80,73,30,66.84,5319786266.475861,77570518.0,0.015700001,-15.53,94830,81123,80460,-0.09
1733,FXNC,Financial Services,Banks - Regional,NASDAQ,102.41,70,89.57,28,81,73,64,27.19,252785429.0427475,9040967.0,0.012200001,-8.91,91780,92826,82586,0.109
1734,ITT,Industrials,Specialty Industrial Machinery,NYSE,102.36,70,93.62,49,84,73,76,206.83,18520479169.26123,89839824.0,0.0648,-8.18,741250,903516,944576,0.327
1735,IPX,Basic Materials,Other Industrial Metals & Mining,NASDAQ,102.35,70,121.97,93,60,82,75,41.29,1398601721.3984604,33938407.0,0.0273,-32.81,356830,262176,308176,
1736,TMC,Basic Materials,Other Industrial Metals & Mining,NASDAQ,102.35,70,110.82,87,38,94,97,5.91,3179970795.9909973,557889632.0,0.112799995,-47.93,6072230,5489553,5671778,
1737,WES,Energy,Oil & Gas Midstream,NYSE,102.33,70,100.43,73,61,65,61,43.95,17125551094.058903,393781339.0,0.032,-1.77,1644000,1495973,1519846,0.225
1738,CTBI,Financial Services,Banks - Regional,NASDAQ,102.3,70,94.0,52,74,72,45,65.11,1204105914.4592285,18156000.0,0.0138,-5.25,80230,96996,96130,0.148
1739,EGP,Real Estate,REIT - Industrial,NYSE,102.28,70,97.59,66,67,62,60,203.98,11037024011.995056,53755229.0,0.046,-1.35,399840,387853,368048,0.091
1740,BBCP,Industrials,Engineering & Construction,NASDAQ,102.27,70,98.67,69,65,36,40,7.78,401558513.06588554,50510506.0,0.033800002,-4.31,103860,114943,128006,0.048
1741,IAC,Communication Services,Internet Content & Information,NASDAQ,102.24,70,94.66,55,61,39,32,41.59,3277185281.38546,74380054.0,0.17959999,-9.23,1794870,1244213,1182446,-0.122
1742,EWBC,Financial Services,Banks - Regional,NASDAQ,102.24,70,96.53,63,73,70,59,121.91,16847013956.06186,136978732.0,0.028800001,-4.4,867990,945400,1105144,0.141
1743,FCBC,Financial Services,Banks - Regional,NASDAQ,102.23,70,92.38,39,78,66,27,42.35,820843567.0340157,18861295.0,0.023699999,-6.1,67410,75456,81842,0.104
1744,LMAT,Healthcare,Medical Instruments & Supplies,NASDAQ,102.2,70,88.95,26,84,36,36,101.64,2466508823.447937,22850739.0,0.075500004,-13.87,257240,202013,230592,0.112
1745,THFF,Financial Services,Banks - Regional,NASDAQ,102.2,70,93.75,50,77,75,68,66.66,806865125.4544067,11891896.0,0.020299999,-3.68,72960,81520,82590,0.084
1746,ET,Energy,Oil & Gas Midstream,NYSE,102.2,70,96.98,64,68,58,45,19.61,66552020942.25923,3441159277.0,0.0093,-5.13,20775110,17988063,16782206,0.321
1747,RNGR,Energy,Oil & Gas Equipment & Services,NYSE,102.19,70,87.41,22,81,71,52,15.99,375908868.60852814,23761623.0,0.019199999,-15.01,372990,273436,246214,0.177
1748,TLN,Utilities,Utilities - Independent Power Producers,NASDAQ,102.19,70,103.69,79,57,73,85,383.44,17655180017.839844,45695008.0,0.0616,-15.03,667910,652683,722730,0.967
1749,ABCB,Financial Services,Banks - Regional,NYSE,102.18,70,94.99,57,74,73,66,85.05,5824551956.97023,67320298.0,0.049099997,-3.34,368950,518223,560164,0.128
1750,ELV,Healthcare,Healthcare Plans,NYSE,102.17,70,108.09,84,28,41,34,381.75,82102582597.14478,217162380.0,0.0228,-10.02,1507360,1682956,1947172,0.026
1751,NREF,Real Estate,REIT - Mortgage,NYSE,102.17,70,102.12,76,61,60,43,15.56,365740735.8447647,22873092.0,0.0551,-3.11,46790,46960,55462,-0.048
1752,ODV,Basic Materials,Gold,NYSE,102.17,70,96.28,62,75,92,94,3.38,999077347.6854169,304596755.0,3.56,-29.51,1336240,1608503,2277764,
1753,FSLR,Technology,Solar,NASDAQ,102.17,70,108.23,84,59,58,87,233.27,23634366863.92836,107453363.0,0.0796,-18.43,2929760,2296530,2086034,0.236
1754,GAM,Financial Services,Asset Management,NYSE,102.16,70,96.7,64,67,70,76,64.65,1546656564.3614502,23986608.0,0.0002,-2.31,25430,24923,28918,-0.221
1755,SSBI,Financial Services,Banks - Regional,NASDAQ,102.16,70,93.32,47,73,86,80,13.7,92702188.09855461,6771526.0,0.0019,-2.14,4230,3736,3818,-0.036
1756,XTIA,Industrials,Aerospace & Defense,NASDAQ,102.15,70,89.79,29,85,34,9,1.85,67326357.0,38472204.0,0.1523,-75.1,1247960,1411946,2161378,
1757,COHN,Financial Services,Capital Markets,NYSE ARCA,102.15,70,59.74,1,95,93,88,12.25,36941835.67193985,2477655.0,0.0032,-62.42,45830,35680,30744,4.934
1758,FNV,Basic Materials,Gold,NYSE,102.12,70,90.96,33,83,85,85,237.6,44750504517.79498,192798692.0,3.36,-16.83,740840,695673,845322,0.858
1759,STRW,Real Estate,REIT - Healthcare Facilities,NYSE ARCA,102.11,70,94.88,56,66,68,69,12.9,714847887.9232864,55760367.0,0.0069,-7.86,20220,20300,23720,0.315
1760,RGNX,Healthcare,Biotechnology,NASDAQ,102.1,70,108.8,85,35,31,85,10.08,544561817.9952059,51617233.0,0.1447,-37.74,928710,682713,817412,0.43
1761,GSBC,Financial Services,Banks - Regional,NASDAQ,102.09,70,96.61,63,68,60,44,68.99,759691953.9496078,10893203.0,0.039300002,-2.71,124560,96230,85970,0.0
1762,GWW,Industrials,Industrial Distribution,NYSE,102.09,70,99.54,71,67,65,30,1226.09,58247295197.22754,47213119.0,0.0297,-4.7,312780,259983,251118,0.101
1763,NCSM,Energy,Oil & Gas Equipment & Services,NASDAQ,102.09,70,63.35,2,96,69,81,42.05,105925749.88188171,2624523.0,0.0047,-51.86,57340,41490,40030,0.125
1764,BHM,Real Estate,REIT - Residential,NYSE ARCA,102.08,70,100.5,73,54,28,17,11.49,44976834.4959259,4109350.0,0.0033000002,-22.43,14610,7383,9918,0.009
1765,FR,Real Estate,REIT - Industrial,NYSE,102.07,69,95.89,60,70,62,67,62.38,8318794106.0,132570424.0,0.0349,-3.53,963030,886516,957436,0.1
1766,TKNO,Healthcare,Drug Manufacturers - Specialty & Generic,NASDAQ,102.06,69,126.69,94,15,6,21,3.81,205341723.14957428,53614028.0,0.12189999,-48.2,102100,111016,123890,0.131
1767,QSR,Consumer Cyclical,Restaurants,NYSE,102.04,69,96.25,62,70,42,59,78.23,27658092170.156685,346983973.0,0.0509,-4.55,4402380,3395996,3834792,0.073
1768,GTY,Real Estate,REIT - Retail,NYSE,102.01,69,94.24,53,76,74,43,33.0,1996605541.6993904,60466551.0,0.1822,-5.04,411810,419706,461706,0.054
1769,DLR,Real Estate,REIT - Specialty,NYSE,102.01,69,98.31,68,74,62,39,196.24,68633118673.775024,351406070.0,0.01,-5.72,1973270,2106800,2011222,0.167
1770,SMHI,Industrials,Marine Shipping,NYSE,101.99,69,91.48,35,85,60,81,7.44,201343342.4285159,27062277.0,0.0363,-8.94,71230,75360,107886,-0.202
1771,MXE,Financial Services,Asset Management,NYSE,101.96,69,95.55,59,77,83,79,13.77,59446824.597127914,4400209.0,1.09,-3.71,2820,2980,2678,0.285
1772,FFBC,Financial Services,Banks - Regional,NASDAQ,101.95,69,93.83,50,74,75,36,30.11,3210944607.4286976,104932829.0,0.0458,-4.05,734960,885066,885022,0.326
1773,AEON,Healthcare,Biotechnology,NYSE ARCA,101.94,69,84.32,15,59,54,29,0.88,23676489.272787213,26307211.0,0.0041,-39.31,69810,117643,100150,
1774,NTR,Basic Materials,Agricultural Inputs,NYSE,101.94,69,90.09,30,80,77,71,71.29,32800009913.789368,480023548.0,0.0077,-16.48,3481060,3253880,3987096,0.19
1775,HWBK,Financial Services,Banks - Regional,NASDAQ,101.91,69,97.3,65,69,66,60,36.33,253695063.15729523,6890143.0,0.0095,-2.6,12050,9266,8536,0.119
1776,SXT,Basic Materials,Specialty Chemicals,NYSE,101.91,69,105.02,81,48,55,59,117.33,5031650942.089844,42568960.0,0.044299997,-9.29,499960,462610,392450,0.111
1777,HBCP,Financial Services,Banks - Regional,NASDAQ,101.9,69,95.27,58,74,70,65,64.09,505300717.72338104,7842631.0,0.0164,-2.82,81660,123623,123398,0.055
1778,RLGT,Industrials,Integrated Freight & Logistics,NYSE ARCA,101.89,69,91.67,35,78,72,33,7.89,387255540.3154907,46826544.0,0.0104,-9.0,172710,146416,135350,-0.123
1779,NNVC,Healthcare,Biotechnology,NYSE ARCA,101.89,69,131.27,95,27,15,49,1.49,33472248.970270157,21595000.0,0.0349,-33.18,386150,286050,274498,
1780,WAFD,Financial Services,Banks - Regional,NASDAQ,101.89,69,98.25,68,64,61,45,35.47,2626735407.6275635,73888480.0,0.0519,-1.77,514670,676066,709102,0.092
1781,DDD,Technology,Computer Hardware,NYSE,101.89,69,111.14,87,30,29,34,2.51,360761325.22873044,146057215.0,0.27809998,-33.95,3085980,2592153,2943256,-0.043
1782,FTDR,Consumer Cyclical,Personal Services,NASDAQ,101.87,69,102.1,76,54,52,29,63.78,4538580852.545975,70234922.0,0.0454,-9.88,792540,661850,725130,0.059
1783,ILAG,Industrials,Building Products & Equipment,NASDAQ,101.87,69,129.25,95,24,10,21,4.24,8120866.858265877,2076948.0,0.0216,-55.65,1510,5886,11810,-0.279
1784,CMC,Industrials,Metal Fabrication,NYSE,101.85,69,96.1,61,69,88,66,71.16,7868568667.119568,110887384.0,0.0764,-16.15,899110,1003860,1176914,0.215
1785,VCYT,Healthcare,Diagnostics & Research,NASDAQ,101.79,69,110.73,87,35,40,78,39.7,3225218645.6352997,79792647.0,0.095699996,-21.71,1190370,887653,956852,0.215
1786,AEI,Real Estate,Real Estate - Development,NASDAQ,101.78,69,100.77,74,65,93,96,1.88,71179370.56922793,38895830.0,0.0403,-58.68,15160,11920,15808,-0.854
1787,MNR,Energy,Oil & Gas E&P,NYSE,101.77,69,98.63,69,63,39,30,14.04,2313008087.5,168218770.0,0.085,-10.0,569220,1079106,794294,0.123
1788,TG,Industrials,Metal Fabrication,NYSE,101.77,69,97.38,66,65,63,70,9.36,358507846.5135155,34638438.0,0.012200001,-11.11,169170,172110,161884,0.132
1789,KTCC,Technology,Computer Hardware,NASDAQ,101.76,69,107.94,84,41,63,31,3.28,36812926.43918276,10859270.0,0.0022,-11.35,17250,14110,11694,-0.2
1790,CNSP,Healthcare,Biotechnology,NASDAQ,101.74,69,246.34,99,3,6,11,6.76,5915463.179045677,811449.0,0.0719,-80.57,8635390,2895746,1757684,
1791,TSN,Consumer Defensive,Farm Products,NYSE,101.73,69,96.85,64,66,69,39,67.08,24078607541.60771,352129402.0,0.0319,-3.45,3338950,2672080,2919598,0.044
1792,ARR,Real Estate,REIT - Mortgage,NYSE,101.72,69,96.29,62,68,71,67,17.72,2186932920.9763565,124046116.0,0.0001,-8.23,3039400,2945333,3160468,
1793,VC,Consumer Cyclical,Auto Parts,NASDAQ,101.72,69,108.68,85,40,42,62,116.01,3052461260.6181564,26694021.0,0.1163,-10.14,600740,669513,621842,0.021
1794,IDE,Financial Services,Asset Management,NYSE,101.71,69,96.84,64,73,79,68,13.68,207338462.2253418,15156320.0,0.0008,-4.34,36530,48906,52960,
1795,RUM,Communication Services,Internet Content & Information,NASDAQ,101.7,69,128.6,95,18,22,14,8.16,1795031697.3586273,215749010.0,0.26,-25.75,3336880,3035686,2669040,-0.105
1796,NWE,Utilities,Utilities - Regulated Electric,NASDAQ,101.68,69,94.56,55,71,72,78,70.77,4452565240.698486,61508016.0,0.0463,-5.87,423320,475630,489640,0.066
1797,CPF,Financial Services,Banks - Regional,NYSE,101.68,69,94.47,54,72,73,58,34.36,908061780.8063889,26101229.0,0.0227,-2.97,130830,133160,159716,0.092
1798,NKSH,Financial Services,Banks - Regional,NASDAQ,101.68,69,90.26,30,80,84,63,35.97,238560632.7695465,6368410.0,0.0091,-10.08,62150,70723,52676,0.227
1799,JNJ,Healthcare,Drug Manufacturers - General,NYSE,101.65,69,87.5,22,82,88,80,221.43,532765277652.7037,2407216971.0,0.0091,-12.03,7002860,7422066,7565226,0.099
1800,BOKF,Financial Services,Banks - Regional,NASDAQ,101.65,69,90.8,32,77,78,53,129.89,8048876214.409912,60759992.0,0.1028,-7.04,267260,327686,348042,0.103
1801,KMDA,Healthcare,Drug Manufacturers - Specialty & Generic,NASDAQ,101.63,69,95.68,60,72,69,51,8.45,494326922.17752934,57816013.0,0.0034999999,-9.63,39760,40873,58696,0.145
1802,TRC,Industrials,Conglomerates,NYSE,101.63,69,94.66,55,71,45,45,19.49,544171719.0812492,26992645.0,0.0596,-8.54,103540,91396,102870,0.158
1803,EXPD,Industrials,Integrated Freight & Logistics,NYSE,101.62,69,97.34,66,64,66,75,155.54,20493662949.08429,130791133.0,0.0375,-6.97,1289310,1077666,1185522,0.044
1804,WMT,Consumer Defensive,Discount Stores,NASDAQ,101.62,69,94.07,52,72,82,62,127.59,1039656234490.1719,7970990515.0,0.0156,-5.27,14906120,16261323,18117918,0.056
1805,NTIP,Industrials,Specialty Business Services,NYSE ARCA,101.58,69,99.54,71,66,49,71,1.47,33544902.32287574,22819661.0,0.0005,-22.63,220840,1031366,631204,
1806,VYGR,Healthcare,Biotechnology,NASDAQ,101.57,69,100.75,74,48,29,42,4.12,244706223.87444592,60421287.0,0.0694,-25.77,444490,525296,697274,-0.599
1807,PFIS,Financial Services,Banks - Regional,NASDAQ,101.55,69,93.91,51,77,71,39,57.36,594122447.5252075,10010488.0,0.0147,-4.18,68220,61573,55374,0.061
1808,NMT,Financial Services,Asset Management,NYSE,101.54,69,99.42,71,65,53,56,13.15,128503508.44880676,9839472.0,0.0039,-4.01,32410,22826,21528,0.015
1809,NJR,Utilities,Utilities - Regulated Gas,NYSE,101.53,69,93.83,50,74,72,51,55.82,5606193303.15295,100921573.0,0.028399998,-3.51,634540,522176,547712,0.029
1810,FUSB,Financial Services,Banks - Regional,NASDAQ,101.5,69,93.84,50,72,76,73,15.88,88797907.58812809,5567267.0,0.0016,-3.76,3530,5883,5998,0.06
1811,WLKP,Basic Materials,Chemicals,NYSE,101.48,69,98.9,70,64,52,28,23.72,820524110.6014252,35245880.0,0.0056,0.51,38690,29033,31154,0.114
1812,NLOP,Real Estate,REIT - Office,NYSE,101.46,69,93.24,46,70,38,50,11.91,177028193.42443943,14814075.0,0.0401,-65.51,188340,189226,203438,-0.709
1813,OHI,Real Estate,REIT - Healthcare Facilities,NYSE,101.42,69,96.22,62,67,75,76,47.01,14053275971.031189,297802000.0,0.0377,-4.33,2329170,2165446,2033636,0.167
1814,GPCR,Healthcare,Biotechnology,NASDAQ,101.42,69,70.89,4,95,98,92,38.32,2779013467.1488953,71074516.0,0.115600005,-59.62,995390,970290,976800,
1815,LXP,Real Estate,REIT - Industrial,NYSE,101.41,69,97.11,65,66,69,67,51.81,3089111718.7543945,58952512.0,0.0001,-1.86,385600,521626,568328,-0.033
1816,NOVTU,Technology,Scientific & Technical Instruments,NASDAQ,101.41,69,99.6,71,63,76,55,60.85,,,1.89,-5.67,148760,81133,65026,0.085
1817,TFX,Healthcare,Medical Instruments & Supplies,NYSE,101.4,69,98.68,69,56,27,18,129.72,5890594167.57843,44270211.0,0.083900005,-7.12,884860,921550,878258,0.323
1818,TITN,Industrials,Industrial Distribution,NASDAQ,101.39,69,102.55,77,71,50,28,21.35,502312531.0665169,23309167.0,0.0369,-8.8,97290,120396,152110,-0.155
1819,IEX,Industrials,Specialty Industrial Machinery,NYSE,101.38,69,98.05,67,69,69,31,214.01,16055344944.314392,74015052.0,0.032,-4.4,823460,722753,794126,0.089
1820,AM,Energy,Oil & Gas Midstream,NYSE,101.36,69,92.26,38,78,74,69,21.31,9936581636.238098,474980000.0,0.033,-10.59,2772650,2653620,2669594,0.086
1821,SHBI,Financial Services,Banks - Regional,NASDAQ,101.36,69,92.87,42,77,76,55,19.41,659750936.3476353,33455931.0,0.019199999,-6.14,175800,235236,242250,0.148
1822,SEM,Healthcare,Medical Care Facilities,NYSE,101.33,69,93.57,49,61,67,26,16.44,2035115669.076538,124016800.0,0.0517,-3.24,1681270,1490110,2517536,0.05
1823,WEYS,Consumer Cyclical,Footwear & Accessories,NASDAQ,101.3,69,96.55,63,72,48,66,34.7,323904219.5965042,9532202.0,0.0106,-1.36,12080,14523,18220,-0.0
1824,NTST,Real Estate,REIT - Retail,NYSE,101.29,68,96.51,63,73,75,74,20.7,2018895749.9518394,97672750.0,0.343,-2.82,1338250,1347880,1272978,0.243
1825,PRDO,Consumer Defensive,Education & Training Services,NASDAQ,101.28,68,97.01,65,67,42,56,35.63,2259820970.726433,62703133.0,0.0659,-7.45,554870,560910,658882,0.041
1826,CBK,Financial Services,Banks - Regional,NASDAQ,101.27,68,97.07,65,67,57,48,28.97,398748409.93058777,13697987.0,0.0199,-3.08,34310,51810,47976,0.053
1827,MCW,Consumer Cyclical,Auto & Truck Dealerships,NASDAQ,101.27,68,95.18,58,67,36,17,7.02,2315417549.053669,328894540.0,0.1026,-12.03,1971430,2304456,2337672,0.062
1828,ABLV,Consumer Cyclical,Specialty Retail,NASDAQ,101.26,68,137.26,96,20,30,18,1.05,39956447.6516304,49389922.0,0.0037,-40.68,88860,782616,471502,-0.106
1829,AME,Industrials,Specialty Industrial Machinery,NYSE,101.25,68,95.06,57,78,74,59,232.16,53266776265.855896,229203002.0,0.016,-4.53,1664800,1203310,1346618,0.113
1830,PLUS,Technology,Software - Application,NASDAQ,101.25,68,100.56,73,67,57,82,89.0,2387694917.3219604,26438877.0,0.0548,-5.3,195410,176103,184152,0.246
1831,VIV,Communication Services,Telecom Services,NYSE,101.25,68,86.85,20,88,87,84,14.74,24925730155.11354,1597803176.0,0.0186,-14.6,1238280,1051800,1055962,0.071
1832,OKE,Energy,Oil & Gas Midstream,NYSE,101.22,68,93.4,48,68,63,26,87.79,53653599983.569214,630032852.0,0.0463,-7.88,4793940,4586960,4889724,0.196
1833,TZOO,Communication Services,Internet Content & Information,NASDAQ,101.21,68,114.02,89,19,10,7,8.73,97625781.67628479,10932338.0,0.101,-43.6,170780,321736,258828,0.049
1834,LSAK,Technology,Software - Infrastructure,NASDAQ,101.12,68,98.28,68,57,53,22,4.99,408659910.3667455,84086399.0,0.0054,-9.93,68810,94206,93102,0.014
1835,AXG,Financial Services,Capital Markets,NASDAQ,101.11,68,88.83,26,73,91,92,3.64,695350095.9740288,188953827.0,0.0054,-28.49,89980,326343,335872,2.958
1836,MDIA,Communication Services,Broadcasting,NASDAQ,101.1,68,113.92,89,35,14,20,0.95,78133245.66776168,81729339.0,0.0013,-40.63,38020,38666,32482,0.179
1837,AHCO,Healthcare,Medical Devices,NASDAQ,101.1,68,86.07,19,79,60,43,11.24,1537411943.55027,136054152.0,0.076799996,-16.31,1810770,1469813,1540944,0.054
1838,ISTR,Financial Services,Banks - Regional,NASDAQ,101.08,68,91.27,34,81,85,74,27.77,391212666.3146496,13741225.0,0.0186,-12.59,148100,162476,164260,0.576
1839,HQI,Industrials,Staffing & Employment Services,NASDAQ,101.06,68,101.54,75,49,56,25,11.66,166446997.05042362,13940285.0,0.032899998,-6.57,22350,20890,19150,-0.13
1840,CCBG,Financial Services,Banks - Regional,NASDAQ,101.05,68,94.36,54,70,60,63,46.15,800687964.1610641,17101409.0,0.026300002,-5.39,65090,89483,106248,0.022
1841,RYM,Consumer Defensive,Tobacco,NASDAQ,101.05,68,106.8,83,49,14,44,27.17,56285689.65775871,2149129.0,0.0353,-49.36,15530,24216,17134,23.695
1842,AGNC,Real Estate,REIT - Mortgage,NASDAQ,101.04,68,95.03,57,67,77,73,10.8,12466511499.809761,1147929272.0,0.0794,-11.4,14527760,15104060,18093302,
1843,MCB,Financial Services,Banks - Regional,NYSE,101.03,68,91.17,33,80,84,58,87.81,1125243706.1872559,12429512.0,0.0469,-10.25,106980,164496,159088,0.374
1844,FER,Industrials,Engineering & Construction,NASDAQ,101.01,68,95.05,57,77,83,85,70.05,50500630387.42699,717134787.0,0.0067000003,-6.34,1506070,1344566,1354510,0.057
1845,EPSN,Energy,Oil & Gas E&P,NASDAQ,101.0,68,94.81,56,72,29,23,5.98,176046956.13251925,30248617.0,0.08270001,-29.65,166860,206433,251072,0.657
1846,SLF,Financial Services,Insurance - Diversified,NYSE,100.99,68,97.71,67,61,69,51,70.53,38819122986.65588,554083990.0,4.81,-4.89,712240,676433,654084,0.002
1847,DMAC,Healthcare,Biotechnology,NASDAQ,100.96,68,89.7,28,68,90,75,6.45,340542749.6496892,53883345.0,0.132,-38.1,182930,189950,201604,
1848,KMI,Energy,Oil & Gas Midstream,NYSE,100.95,68,94.13,52,73,73,60,32.25,69881776687.88853,2224825757.0,0.025,-7.14,11243390,12193420,13162256,0.138
1849,PVH,Consumer Cyclical,Apparel Manufacturing,NYSE,100.93,68,96.36,62,79,28,37,83.3,4099215679.2262573,45811528.0,0.104899995,-16.82,954110,1315376,1180260,0.056
1850,AER,Industrials,Rental & Leasing Services,NYSE,100.92,68,97.02,65,76,77,82,146.22,23652765150.0,157685101.0,0.0125,-5.63,1609430,1303883,1432992,0.079
1851,WLYB,Communication Services,Publishing,NYSE,100.87,68,101.6,75,55,22,27,41.45,2127338223.3563385,51322996.0,0.0042,-8.72,72,383,804,0.013
1852,GGT,Financial Services,Asset Management,NYSE,100.84,68,98.69,69,60,61,60,4.3,179363323.97508907,41809633.0,0.0023,-2.49,307150,255956,280120,0.802
1853,LLY,Healthcare,Drug Manufacturers - General,NYSE,100.83,68,98.01,67,55,76,86,966.99,845772147406.2152,891741406.0,0.0091,-14.72,4019740,3306193,3095350,0.555
1854,CQP,Energy,Oil & Gas Midstream,NYSE,100.83,68,92.42,39,70,54,47,61.84,30190455134.484417,484054123.0,0.013300001,-12.46,87380,103613,127898,0.183
1855,FOXA,Communication Services,Entertainment,NASDAQ,100.81,68,100.96,74,50,35,78,67.72,26774428565.127388,425396078.0,0.18370001,-11.35,3005130,3280193,3540422,0.02
1856,PDLB,Financial Services,Banks - Regional,NASDAQ,100.8,68,94.36,54,76,65,73,17.66,431512157.5307808,24187901.0,0.016,-2.16,37240,44506,56162,0.151
1857,BTI,Consumer Defensive,Tobacco,NYSE,100.8,68,95.5,59,72,78,82,60.44,126091415694.55353,2163545270.0,0.0046,-4.4,3396960,3959863,4458354,0.001
1858,FATN,Technology,Software - Infrastructure,NASDAQ,100.79,68,154.06,98,15,6,1,3.46,43862075.52794075,13924468.0,0.012200001,-72.06,5582570,1924620,1298748,0.298
1859,SRCE,Financial Services,Banks - Regional,NASDAQ,100.79,68,93.99,51,75,64,43,72.67,1776284229.2524261,24068891.0,0.033,-4.93,108620,139496,150014,0.051
1860,ELAN,Healthcare,Drug Manufacturers - Specialty & Generic,NYSE,100.78,68,86.1,19,88,90,89,21.72,11811982447.425104,499449583.0,0.078200005,-21.65,6812130,5230716,5409430,0.149
1861,VLRS,Industrials,Airlines,NYSE,100.77,68,90.73,32,69,92,62,7.55,882088607.4837828,114855290.0,0.0277,-30.09,402710,541470,721482,0.136
1862,SPAI,Industrials,Aerospace & Defense,NASDAQ,100.76,68,106.24,82,47,67,88,4.72,86617433.24660015,20922086.0,0.038,-48.47,177350,187000,216502,-0.744
1863,CDNS,Technology,Software - Application,NASDAQ,100.75,68,112.4,88,34,32,42,364.2,100038466566.89453,275816000.0,0.0215,-3.25,2610740,2427173,2407602,0.187
1864,ONCY,Healthcare,Biotechnology,NASDAQ,100.74,68,93.39,47,71,41,86,0.9,103354062.51877332,116128162.0,0.0563,-40.4,1201330,1213460,1075296,
1865,CRNT,Technology,Communication Equipment,NASDAQ,100.72,68,102.74,77,55,36,30,2.59,229918693.54998946,90876955.0,0.0021,-8.8,553710,490073,449784,-0.23
1866,CAVA,Consumer Cyclical,Restaurants,NYSE,100.72,68,90.94,33,63,34,6,79.99,9243143387.8312,116412383.0,0.1378,-21.19,2801970,2602576,2857338,0.209
1867,MUFG,Financial Services,Banks - Diversified,NYSE,100.72,68,94.96,57,77,85,76,18.19,202612381277.60336,11287597363.0,0.00090000004,-9.73,2514060,2956406,3551562,0.117
1868,BKV,Energy,Oil & Gas E&P,NYSE,100.7,68,89.02,26,78,77,82,28.34,3040947702.344639,109386611.0,0.08930001,-13.62,1009630,918366,1107136,0.654
1869,BNL,Real Estate,REIT - Diversified,NYSE,100.68,68,95.21,58,73,73,74,20.0,3808483899.3450165,191766555.0,0.083900005,-2.32,2152730,3452156,2809666,0.117
1870,SHO,Real Estate,REIT - Hotel & Motel,NYSE,100.66,68,100.84,74,60,39,47,10.27,1954195379.661312,186291270.0,0.0,-2.93,1377720,1595453,1655192,0.11
1871,KEY,Financial Services,Banks - Regional,NYSE,100.64,68,91.89,36,76,78,49,21.31,23419275274.399277,1084225688.0,0.0,-8.74,9612190,12576473,14125084,0.118
1872,ULCC,Industrials,Airlines,NASDAQ,100.62,68,117.09,91,28,62,17,5.03,1215585573.3842325,229789335.0,0.4202,-24.47,8058440,6524950,5991908,0.088
1873,NFGC,Basic Materials,Gold,NYSE ARCA,100.61,68,99.47,71,54,91,84,2.22,837299982.4602764,384082549.0,2.71,-38.16,1839070,1749300,1984816,
1874,AHR,Real Estate,REIT - Healthcare Facilities,NYSE,100.6,68,95.1,57,76,85,89,50.38,9921606728.717606,191870178.0,0.0758,-7.85,2198220,2225353,2476754,0.209
1875,NXDR,Communication Services,Internet Content & Information,NYSE,100.59,68,117.47,91,21,31,23,1.93,770403197.2256064,381387725.0,0.026300002,-48.12,3350530,2724360,3782062,0.138
1876,CDZIP,Utilities,Utilities - Regulated Water,NASDAQ,100.59,68,98.27,68,63,58,78,20.26,,,0.03,-4.21,5680,6236,6640,0.07
1877,MGLD,Financial Services,Asset Management,NYSE ARCA,100.57,68,92.29,38,76,65,69,1.11,48677294.554591656,43077252.0,0.0034999999,-19.57,14670,12053,18048,-0.045
1878,BKU,Financial Services,Banks - Regional,NYSE,100.57,68,91.61,35,77,78,62,46.37,3452381415.0,72681714.0,0.067600004,-11.02,613070,866483,886556,0.037
1879,BBVA,Financial Services,Banks - Diversified,NYSE,100.57,68,91.94,37,84,85,91,21.94,124349240315.10901,5581204510.0,0.0002,-16.26,1371560,1724533,1962634,0.119
1880,FEBO,Technology,Consumer Electronics,NASDAQ,100.53,68,87.25,21,59,78,16,1.08,12168750.263750553,11062500.0,0.020499999,-27.52,2860,7530,8696,-0.362
1881,UGRO,Industrials,Farm & Heavy Construction Machinery,NASDAQ,100.49,68,83.21,13,93,5,6,6.69,6951101.224393845,1160451.0,0.1103,-81.92,150780,898583,6227670,
1882,SUPN,Healthcare,Drug Manufacturers - Specialty & Generic,NASDAQ,100.49,68,92.31,39,72,77,76,49.37,2990786752.280731,58039721.0,0.1158,-17.28,988610,669253,659688,0.386
1883,USAC,Energy,Oil & Gas Equipment & Services,NYSE,100.47,67,94.71,55,72,66,50,27.43,4079522093.775894,144972359.0,0.036199998,-5.09,202560,173866,212742,0.027
1884,INN,Real Estate,REIT - Hotel & Motel,NYSE,100.46,67,104.61,80,48,29,50,5.4,599258904.0758982,108365078.0,0.0,-10.0,882820,839616,1427324,0.003
1885,SAFX,Utilities,Utilities - Renewable,NASDAQ,100.43,67,113.23,88,99,1,1,0.42,126495049.26028132,299751308.0,0.0557,-99.08,22099620,20063723,24258210,
1886,ICU,Healthcare,Biotechnology,NASDAQ,100.43,67,122.87,93,60,4,2,4.58,17946538.065158844,3997002.0,0.0402,-65.82,73230,188876,155042,5.269
1887,CSQ,Financial Services,Asset Management,NASDAQ,100.41,67,102.12,76,57,55,64,20.34,3255503468.1476784,160369635.0,0.00029999999,-0.2,201790,258450,287104,-0.022
1888,HTB,Financial Services,Banks - Regional,NYSE,100.37,67,94.35,53,70,66,65,45.74,774390558.7715149,16805350.0,0.0189,-3.99,52180,61446,73430,0.093
1889,AVBH,Financial Services,Banks - Regional,NASDAQ,100.37,67,91.72,36,74,79,70,29.45,329640976.7016258,10955167.0,0.010299999,-6.83,91760,74633,87626,0.292
1890,DPG,Financial Services,Asset Management,NYSE,100.36,67,94.31,53,74,72,71,14.68,533832099.1258192,36488865.0,0.0001,-3.1,85370,82323,84422,
1891,NSSC,Industrials,Security & Protection Services,NASDAQ,100.36,67,86.78,20,82,83,86,40.21,1458389885.436882,35727337.0,0.0959,-16.44,448160,357450,616860,0.076
1892,CAC,Financial Services,Banks - Regional,NASDAQ,100.33,67,89.8,29,79,76,40,48.03,833893711.0951233,16914680.0,0.0379,-10.58,102230,99843,97424,0.26
1893,CSR,Real Estate,REIT - Residential,NYSE,100.33,67,98.37,68,55,52,70,67.92,1136732987.839569,16803148.0,0.051999997,-2.43,105200,126816,126042,-0.03
1894,TDOC,Healthcare,Health Information Services,NYSE,100.32,67,118.7,91,17,11,23,6.92,1308719880.75,180513087.0,0.16549999,-29.17,6652830,5176850,5158896,-0.025
1895,SGHT,Healthcare,Medical Devices,NASDAQ,100.31,67,115.6,90,36,79,96,5.31,292725494.1867237,54409942.0,0.0272,-42.51,225350,323716,367326,0.125
1896,KYIV,Communication Services,Telecom Services,NASDAQ,100.3,67,115.29,90,39,49,33,13.92,3068177554.1532516,230863624.0,0.038399998,-15.53,676100,657420,777554,0.284
1897,MCBS,Financial Services,Banks - Regional,NASDAQ,100.25,67,96.13,61,69,51,29,31.76,937756609.2254028,28660042.0,0.017,-5.67,61930,86696,107142,0.44
1898,IDA,Utilities,Utilities - Regulated Electric,NYSE,100.25,67,94.79,56,70,71,67,145.41,7978785840.0,55408235.0,0.1003,-2.89,493390,499143,468360,-0.067
1899,NIE,Financial Services,Asset Management,NYSE,100.24,67,99.59,71,60,59,68,26.64,735118860.4762363,27708965.0,0.0002,-0.34,49590,66360,64056,
1900,AFBI,Financial Services,Banks - Regional,NASDAQ,100.24,67,97.19,65,67,63,57,22.48,136891111.51996613,6094885.0,0.0011999999,-0.09,7750,32690,20572,0.042
1901,ACIU,Healthcare,Biotechnology,NASDAQ,100.19,67,88.13,23,81,77,90,2.83,291072408.1035273,101773573.0,0.060100004,-29.25,286160,270646,270336,-0.703
1902,CON,Healthcare,Medical Care Facilities,NYSE,100.16,67,103.23,78,61,64,28,25.0,3091556585.274582,127961780.0,0.0337,0.0,1050630,732180,756962,0.159
1903,ABUS,Healthcare,Biotechnology,NASDAQ,100.13,67,96.3,62,66,55,84,4.39,854718236.9106102,196939679.0,0.1347,-13.92,909310,1740913,2342752,-0.332
1904,JOE,Real Estate,Real Estate - Diversified,NYSE,100.13,67,88.26,24,79,82,77,65.1,3776987241.9001923,57409746.0,0.0275,-11.48,341910,253790,268180,0.051
1905,AEP,Utilities,Utilities - Regulated Electric,NASDAQ,100.13,67,92.86,42,74,69,77,130.7,70820702935.37186,544104955.0,0.0334,-6.27,3192110,2665573,3226512,0.102
1906,CLST,Financial Services,Banks - Regional,NASDAQ,100.13,67,92.54,40,71,76,79,16.06,65095087.59548187,4058297.0,0.0025,-11.56,5080,8363,7076,-0.09
1907,DLO,Technology,Software - Infrastructure,NASDAQ,100.13,67,92.71,41,67,33,73,13.26,4040567740.9461937,294931956.0,0.1168,-20.98,1659040,1725836,1679832,0.652
1908,HTO,Utilities,Utilities - Regulated Water,NASDAQ,100.12,67,93.27,47,67,62,35,57.39,2425479169.6645203,41840247.0,0.1516,-7.24,499760,617770,686378,0.094
1909,WNEB,Financial Services,Banks - Regional,NASDAQ,100.11,67,90.48,31,81,81,77,13.48,282764987.24489594,20240872.0,0.0106,-7.16,43780,52240,62826,0.222
1910,RHP,Real Estate,REIT - Hotel & Motel,NYSE,100.11,67,101.02,74,64,55,40,108.7,6976730212.194214,63109272.0,0.040900003,-3.38,731390,580913,536468,0.132
1911,CIM,Real Estate,REIT - Mortgage,NYSE,100.05,67,96.26,62,64,58,34,13.44,1140931714.2375813,83646018.0,0.0226,-9.68,636540,710060,761196,-0.766
1912,URI,Industrials,Rental & Leasing Services,NYSE,100.02,67,102.65,77,36,57,54,938.15,58699823909.0,62646557.0,0.032899998,-8.16,535270,564640,593300,0.072
1913,KE,Industrials,Electrical Equipment & Parts,NASDAQ,100.01,67,93.63,49,73,55,86,25.81,628638884.821701,24048925.0,0.052199997,-22.24,160470,138260,143008,-0.058
1914,LSTA,Healthcare,Biotechnology,NASDAQ,100.0,67,75.23,5,97,95,24,3.26,28685132.51845312,9106391.0,0.0069,-35.7,36610,79893,80428,-0.9
1915,BANL,Energy,Oil & Gas Midstream,NASDAQ,99.99,67,100.04,72,20,9,7,0.48,13861316.629117012,27448152.0,0.0348,-54.29,320050,1346990,1918008,-0.133
1916,SMC,Energy,Oil & Gas Midstream,NYSE,99.99,67,92.07,37,67,62,31,29.82,411540907.6490097,13819372.0,0.0196,-10.99,48860,44303,70158,0.405
1917,CDZI,Utilities,Utilities - Regulated Water,NASDAQ,99.98,67,92.17,38,74,71,90,4.67,397581108.5,83701286.0,0.120699994,-32.9,824680,766386,671466,0.07
1918,SPG,Real Estate,REIT - Retail,NYSE,99.97,67,94.92,56,73,62,64,201.0,76935558875.95166,380642988.0,0.0,-3.5,1220310,1329613,1538718,0.132
1919,BAK,Basic Materials,Chemicals,NYSE,99.97,67,95.75,60,83,66,26,3.8,1470406742.9414492,398484206.0,0.0437,-28.23,1785350,2212796,2987622,-0.159
1920,RGT,Financial Services,Asset Management,NYSE,99.97,67,96.16,61,70,74,64,14.56,95489497.85176468,6562852.0,0.0016,-2.87,11700,16283,15706,
1921,IHG,Consumer Cyclical,Lodging,NYSE,99.96,67,97.44,66,68,66,62,148.23,22281382292.392456,148919817.0,0.004,-1.95,195980,229713,234212,0.027
1922,NMAI,Financial Services,Asset Management,NYSE,99.94,67,99.25,71,65,67,71,14.17,473307142.2596512,33425646.0,0.002,0.07,92960,94643,102970,
1923,DTI,Energy,Oil & Gas Equipment & Services,NASDAQ,99.93,67,78.12,7,86,87,57,2.89,105377220.0,35125740.0,0.0047999998,-38.38,420590,633336,477290,-0.115
1924,EVRG,Utilities,Utilities - Regulated Electric,NASDAQ,99.92,67,95.24,58,69,68,74,83.43,18851354903.11203,230513025.0,0.0664,-2.16,2207350,1750996,1906080,0.05
1925,FOX,Communication Services,Entertainment,NASDAQ,99.91,67,101.14,75,48,34,76,61.18,24077417365.697098,425396078.0,0.0802,-10.26,962770,1325143,1572468,0.02
1926,KYN,Financial Services,Asset Management,NYSE,99.9,67,93.2,46,72,68,51,13.83,2301805319.115183,169126038.0,0.0011999999,-5.85,429590,487660,438018,0.085
1927,BRKR,Healthcare,Medical Devices,NASDAQ,99.89,67,107.45,83,31,33,50,43.27,6722283532.612213,152225624.0,0.1612,-23.03,2319970,2008070,2068078,0.027
1928,BVFL,Financial Services,Banks - Regional,NASDAQ,99.87,67,92.95,44,76,75,68,19.84,175014740.0,8750737.0,0.0196,-3.41,11900,15270,17900,0.087
1929,PFS,Financial Services,Banks - Regional,NYSE,99.85,67,91.31,34,77,78,50,22.09,2918984180.689995,130311796.0,0.0531,-7.88,1121450,977133,1011462,0.092
1930,PRG,Industrials,Rental & Leasing Services,NYSE,99.84,67,109.16,85,48,56,18,35.31,1455982601.87352,40065564.0,0.11399999,-14.17,648760,467596,535654,0.111
1931,VOC,Energy,Oil & Gas E&P,NYSE,99.82,67,87.86,23,75,64,44,3.11,53039998.054504395,17000000.0,0.0014,-19.01,152120,119796,158110,-0.359
1932,PUK,Financial Services,Insurance - Life,NYSE,99.82,67,96.39,62,71,75,86,31.32,39053790339.78956,1251323021.0,0.0011,-7.96,745900,849953,897584,0.188
1933,BCRX,Healthcare,Drug Manufacturers - Specialty & Generic,NASDAQ,99.81,67,93.89,51,79,26,23,8.58,2190882100.113392,254162660.0,0.1528,-24.14,4313030,4282983,5399984,0.075
1934,CSWC,Financial Services,Asset Management,NASDAQ,99.81,67,95.66,60,67,65,45,23.54,1436668987.1100235,60162020.0,0.082200006,-3.64,705890,695136,672830,-0.04
1935,NWBI,Financial Services,Banks - Regional,NASDAQ,99.77,67,95.54,59,66,59,39,13.7,2032310552.623149,146314651.0,0.0512,-3.93,1193920,1111896,1389652,0.151
1936,GGN,Financial Services,Asset Management,NYSE ARCA,99.77,67,94.58,55,71,78,78,5.43,837364739.8182559,156224761.0,0.0007,-7.65,443080,410323,524368,0.12
1937,EDF,Financial Services,Asset Management,NYSE,99.77,67,99.81,72,65,62,63,5.31,171492438.8203125,32114688.0,0.00090000004,-0.56,158360,180080,205836,
1938,MNY,Communication Services,Internet Content & Information,NASDAQ,99.73,67,92.82,42,79,56,76,1.32,60834174.08979714,44082735.0,0.0139999995,-45.0,25590,24043,27972,0.27
1939,RANI,Healthcare,Biotechnology,NASDAQ,99.73,67,111.96,88,32,79,97,1.07,120659883.45508689,124906709.0,0.0979,-72.35,714380,1020070,1099200,0.421
1940,GGZ,Financial Services,Asset Management,NYSE,99.72,66,93.52,48,73,75,68,15.95,123399013.97413445,7707621.0,0.0025,-5.06,9710,8470,9014,
1941,TLX,Healthcare,Biotechnology,NASDAQ,99.72,66,106.42,83,62,10,13,10.83,3618138986.7065506,338777049.0,0.0011999999,-41.43,130610,192730,232360,0.493
1942,LTH,Consumer Cyclical,Leisure,NYSE,99.72,66,110.2,86,40,52,32,32.34,7107705492.2729645,222602738.0,0.0675,-4.74,4509870,2773223,3278130,0.117
1943,CUBI,Financial Services,Banks - Regional,NYSE,99.71,66,93.16,45,71,69,72,74.12,2602189805.390259,33680944.0,0.096,-10.22,342410,350573,388872,0.764
1944,ACR,Real Estate,REIT - Mortgage,NYSE,99.71,66,104.39,80,45,33,72,21.95,164656393.37926674,7285681.0,0.0551,-10.81,26190,18903,20652,0.004
1945,ABEO,Healthcare,Biotechnology,NASDAQ,99.68,66,108.86,85,41,30,14,5.86,335606891.1247401,56882523.0,0.3109,-22.28,1105120,1047873,1247040,
1946,ENB,Energy,Oil & Gas Midstream,NYSE,99.67,66,95.52,59,72,63,68,54.46,116951431267.05817,2182336834.0,0.009,-1.86,3925440,4358753,4446810,0.059
1947,QCRH,Financial Services,Banks - Regional,NASDAQ,99.66,66,91.87,36,74,73,50,89.66,1502300004.1057892,16496102.0,0.0214,-6.6,98990,105090,117258,0.211
1948,AMCX,Communication Services,Entertainment,NASDAQ,99.64,66,98.07,68,53,36,58,8.19,386563873.97854614,43927712.0,0.1691,-20.33,676820,442450,443086,-0.008
1949,GL,Financial Services,Insurance - Life,NYSE,99.64,66,97.75,67,64,63,62,153.86,11730570634.051804,77644761.0,0.0002,-1.81,545400,525036,506974,0.054
1950,SNCY,Industrials,Airlines,NASDAQ,99.63,66,88.5,25,80,91,33,16.42,922423739.9691696,54196458.0,0.081999995,-26.33,635360,641900,772358,0.036
1951,GATX,Industrials,Rental & Leasing Services,NYSE,99.63,66,91.9,36,71,74,48,186.8,6618778913.910034,35502758.0,0.0454,-9.13,220630,212530,203912,0.384
1952,CNO,Financial Services,Insurance - Life,NYSE,99.63,66,98.64,69,59,59,64,45.68,4295898150.7915535,93348503.0,0.0001,-1.4,867300,681130,676700,0.025
1953,NWN,Utilities,Utilities - Regulated Gas,NYSE,99.62,66,89.8,29,78,71,78,50.46,2122532897.0914307,42080352.0,0.0366,-9.88,255750,223753,284040,-0.008
1954,MO,Consumer Defensive,Tobacco,NYSE,99.61,66,95.58,59,68,73,51,68.61,113752995514.69327,1669891235.0,0.0278,-7.98,11873020,9438596,9803040,0.053
1955,EVTV,Consumer Cyclical,Auto Manufacturers,NASDAQ,99.61,66,108.38,84,32,78,4,2.1,26507973.33341527,12930719.0,0.0678,-58.58,526650,381680,666834,9.085
1956,CVNA,Consumer Cyclical,Auto & Truck Dealerships,NYSE,99.61,66,96.74,64,59,61,64,76.23,55827518475.65094,716288385.0,0.135,-21.72,13498370,13670390,13825464,0.52
1957,ARI,Real Estate,REIT - Mortgage,NYSE,99.58,66,94.22,53,74,64,62,10.96,1461346722.0,132849702.0,0.0572,-2.49,1420760,1446293,1474100,0.002
1958,MANU,Communication Services,Entertainment,NYSE,99.54,66,100.74,74,63,59,40,18.9,3395232581.419882,172434357.0,0.0942,-5.12,314050,298986,325872,-0.042
1959,NVS,Healthcare,Drug Manufacturers - General,NYSE,99.43,66,89.84,29,77,84,76,145.23,278638667319.7362,1908091965.0,0.003,-14.8,1509030,1498536,1873916,-0.007
1960,FBNC,Financial Services,Banks - Regional,NASDAQ,99.43,66,92.09,37,77,78,69,58.47,2435356834.433548,41375413.0,0.0542,-6.66,191420,206976,218050,0.139
1961,OVLY,Financial Services,Banks - Regional,NASDAQ,99.42,66,91.54,35,78,74,60,33.06,280672964.01516724,8413458.0,0.0054,-6.79,30980,31596,28180,0.046
1962,IFF,Basic Materials,Specialty Chemicals,NYSE,99.38,66,101.28,75,55,70,30,78.75,20692347265.77437,255303473.0,0.0497,-6.75,2179550,1669190,1774414,-0.036
1963,AAT,Real Estate,REIT - Diversified,NYSE,99.38,66,97.79,67,55,36,36,20.98,1291665349.6450806,61390936.0,0.0631,-2.92,326390,331660,359874,0.018
1964,BY,Financial Services,Banks - Regional,NYSE,99.38,66,92.56,40,75,71,41,32.6,1505771021.511097,45409259.0,0.028399998,-5.04,394330,249896,219034,0.138
1965,OSBC,Financial Services,Banks - Regional,NASDAQ,99.36,66,93.54,49,74,66,58,20.88,1094480911.4758072,51432372.0,0.028499998,-6.91,393150,426223,423012,0.192
1966,SMBK,Financial Services,Banks - Regional,NYSE,99.35,66,91.64,35,76,72,57,41.22,722923417.5678406,17098473.0,0.0117,-6.13,56430,64963,70584,0.083
1967,MCS,Communication Services,Entertainment,NYSE,99.31,66,91.42,34,76,35,30,17.69,552188122.9105282,30728333.0,0.028199999,-11.64,152610,146266,144444,0.037
1968,HOPE,Financial Services,Banks - Regional,NASDAQ,99.3,66,93.07,45,69,69,39,12.14,1586480518.5233345,127838883.0,0.051599998,-6.76,1066560,1030820,953624,0.184
1969,BOH,Financial Services,Banks - Regional,NYSE,99.28,66,94.3,53,74,67,40,78.46,3187906991.5458755,39621017.0,0.0026,-5.17,457990,414200,427410,0.144
1970,BPYPM,Financial Services,Asset Management,NASDAQ,99.26,66,96.23,62,67,56,50,16.98,,,15.81,-5.14,8160,31386,26462,
1971,NTAP,Technology,Software - Infrastructure,NASDAQ,99.25,66,104.9,81,38,31,45,117.73,23371121064.0,198060348.0,0.1145,-7.05,1901690,2036966,2150974,0.044
1972,IMDX,Healthcare,Diagnostics & Research,NASDAQ,99.24,66,121.62,92,20,91,98,4.91,161763082.78014565,32288039.0,0.026700001,-42.3,519240,466043,337360,-0.234
1973,AEG,Financial Services,Insurance - Diversified,NYSE,99.23,66,100.57,73,64,52,74,8.42,12569087149.110939,1512525453.0,0.002,0.12,4600980,5562560,5963012,-0.137
1974,SON,Consumer Cyclical,Packaging & Containers,NYSE,99.23,66,92.52,40,77,72,30,51.07,5097669740.615482,98868689.0,0.0721,-12.61,1313450,1396416,1183832,-0.019
1975,ARCO,Consumer Cyclical,Restaurants,NYSE,99.16,66,92.77,42,71,53,39,8.64,1900180870.5738945,210663057.0,0.032,-11.38,1127060,1081356,1176010,0.107
1976,JBSS,Consumer Defensive,Packaged Foods,NASDAQ,99.16,66,90.16,30,73,75,52,75.46,911202335.5762482,11689575.0,0.028499998,-11.38,130090,105153,86872,0.08
1977,LYG,Financial Services,Banks - Regional,NYSE,99.14,66,93.88,51,78,85,85,5.36,79135442649.40056,14573746805.0,0.0002,-15.46,15684610,19575670,21144166,0.115
1978,SBRA,Real Estate,REIT - Healthcare Facilities,NASDAQ,99.14,66,96.34,62,64,70,61,20.68,5232944471.25,252190095.0,0.1517,-1.85,2722390,2124480,2268786,0.217
1979,TRMK,Financial Services,Banks - Regional,NASDAQ,99.11,66,92.3,38,74,70,55,44.1,2621426090.4825096,58605547.0,0.0642,-4.11,381820,372100,412048,0.057
1980,RYZ,Industrials,Metal Fabrication,NYSE,99.1,66,95.15,58,50,82,33,26.24,1412411031.6508408,51888724.0,0.0334,-15.08,422530,339170,460966,0.379
1981,MLR,Consumer Cyclical,Auto Parts,NYSE,99.09,66,96.03,61,72,42,17,48.02,547792064.6423035,11395716.0,0.0347,-3.75,99110,95080,95428,-0.198
1982,UNP,Industrials,Railroads,NYSE,99.06,66,95.04,57,63,68,41,263.35,157126198196.71213,593713213.0,0.0497,-4.16,2432990,2921453,2902088,0.032
1983,OSUR,Healthcare,Medical Instruments & Supplies,NASDAQ,99.05,66,94.44,54,57,48,16,3.02,220214768.60209465,71965612.0,0.0479,-20.94,600820,426520,492572,-0.067
1984,NLY,Real Estate,REIT - Mortgage,NYSE,99.03,66,94.37,54,68,71,74,22.44,16568070984.941116,732776229.0,0.0001,-8.48,4933800,5705636,7106650,0.488
1985,NBIX,Healthcare,Drug Manufacturers - Specialty & Generic,NASDAQ,99.03,66,107.61,84,49,35,75,150.59,15308734911.75,100549983.0,0.0731,-5.99,1368280,1232930,1135640,0.422
1986,SKYQ,Energy,Oil & Gas Integrated,NASDAQ,99.01,66,83.3,13,98,14,6,3.54,117154703.0617311,29962839.0,0.67480004,-81.8,3351270,15004693,9175677,-0.933
1987,ARMK,Industrials,Specialty Business Services,NYSE,99.0,66,96.12,61,64,45,43,44.56,11848647316.187088,262835999.0,0.040799998,-4.95,2825390,2606693,2531912,0.061
1988,RRC,Energy,Oil & Gas E&P,NYSE,98.98,66,91.16,33,72,38,67,40.97,9547413677.859306,235622250.0,0.086,-15.19,2573120,3474540,3626284,0.261
1989,KRP,Energy,Oil & Gas E&P,NYSE,98.98,66,93.66,49,74,53,48,14.75,1376626122.9460888,94613478.0,0.0139,-5.75,892340,812776,842440,0.088
1990,ETO,Financial Services,Asset Management,NYSE,98.95,66,99.82,72,60,66,72,30.56,499510438.7381058,16388138.0,0.25,-1.77,35250,37393,38104,0.234
1991,GLO,Financial Services,Asset Management,NYSE ARCA,98.94,66,97.63,66,64,67,73,6.01,256169659.9915886,42766222.0,0.0025,-1.31,209390,138866,139616,-0.186
1992,FTK,Energy,Oil & Gas Equipment & Services,NYSE,98.93,66,93.54,49,78,80,89,16.95,577754413.1704302,36177483.0,0.16770001,-16.95,275050,240503,276766,0.265
1993,IVR,Real Estate,REIT - Mortgage,NYSE,98.93,66,92.71,41,73,79,62,8.19,763935461.3788795,92823269.0,0.08,-13.79,2555240,2176380,2212424,
1994,BANC,Financial Services,Banks - Regional,NYSE,98.92,66,93.42,48,68,78,71,18.85,2946237670.3081207,154739366.0,0.0616,-12.77,2570440,3024606,3071898,0.08
1995,ITUB,Financial Services,Banks - Regional,NYSE,98.91,66,86.54,19,88,90,83,8.18,92248772966.06557,11021358928.0,0.0036000002,-14.79,27504340,22121813,26115460,-0.021
1996,MTCH,Communication Services,Internet Content & Information,NASDAQ,98.89,66,98.43,68,58,32,41,35.77,8621530587.398117,233266526.0,0.0437,-8.75,4645140,3705930,5383272,0.039
1997,BKH,Utilities,Utilities - Regulated Gas,NYSE,98.89,66,93.7,50,69,70,76,73.44,5727154231.718628,76128592.0,0.16459998,-6.67,878880,969876,968330,-0.03
1998,LCFY,Communication Services,Internet Content & Information,NASDAQ,98.87,66,96.6,63,76,16,15,4.3,7690960.296571255,1799055.0,0.0175,-69.24,8600,9083,11586,-0.312
1999,CRSP,Healthcare,Biotechnology,NASDAQ,98.87,66,99.77,72,55,50,65,54.01,5288287441.963013,96448792.0,0.27040002,-31.18,1735890,1767790,1979566,0.686
2000,SACH,Real Estate,REIT - Mortgage,NYSE ARCA,98.86,65,98.13,68,53,52,46,1.07,52763890.3436265,47967172.0,0.0056,-20.74,148090,130283,173422,
2001,LECO,Industrials,Tools & Accessories,NASDAQ,98.85,65,95.77,60,69,84,56,271.23,14853332589.554443,54787110.0,0.0154,-12.51,449490,404976,365016,0.117
2002,OSW,Consumer Cyclical,Leisure,NASDAQ,98.83,65,95.12,57,76,56,47,23.99,2519598446.7401276,101514846.0,0.0647,-6.83,1003970,820210,872148,0.127
2003,EAF,Industrials,Electrical Equipment & Parts,NYSE,98.82,65,120.82,92,16,13,77,10.03,241984386.15635395,26047835.0,0.0397,-50.64,323990,261670,286374,-0.132
2004,HOG,Consumer Cyclical,Recreational Vehicles,NYSE,98.8,65,108.26,84,49,22,33,25.53,2675920244.871334,105268302.0,0.1902,-18.3,3729830,3419443,3705854,-0.118
2005,FFIC,Financial Services,Banks - Regional,NASDAQ,98.79,65,90.95,33,76,73,73,15.56,541799171.9846535,33883626.0,0.026600001,-12.54,197070,213933,220366,0.023
2006,FGBI,Financial Services,Banks - Regional,NASDAQ,98.78,65,95.09,57,70,66,11,9.14,149862217.51421356,16028044.0,0.038599998,-9.28,72150,36016,24938,0.945
2007,FBLA,Financial Services,Banks - Regional,NASDAQ,98.78,65,92.77,42,69,66,62,13.97,198433297.9004383,14023555.0,0.0346,-1.96,100320,132363,146578,-0.259
2008,ZWS,Industrials,Pollution & Treatment Controls,NYSE,98.76,65,95.28,58,77,75,74,51.02,8576490311.675659,167542304.0,0.043,-5.1,922900,1211650,1114884,0.114
2009,PLBC,Financial Services,Banks - Regional,NASDAQ,98.75,65,93.44,48,71,75,43,51.25,362552107.5739746,6968136.0,0.0088,-6.1,27670,51920,48718,0.324
2010,CCM,Healthcare,Medical Care Facilities,NYSE,98.74,65,128.56,95,23,18,23,5.33,24921489.02625847,4341723.0,0.002,-50.51,72910,25353,15696,0.574
2011,DOV,Industrials,Specialty Industrial Machinery,NYSE,98.73,65,92.87,42,73,76,41,219.97,29602618886.192413,134661414.0,0.025999999,-7.4,903800,1001523,1082082,0.101
2012,HNST,Consumer Defensive,Household & Personal Products,NASDAQ,98.72,65,103.27,78,31,11,7,3.29,400686170.1477063,110078615.0,0.1015,-40.67,2220990,1789993,1818324,-0.197
2013,FLG,Financial Services,Banks - Regional,NYSE,98.71,65,94.37,54,73,71,35,14.05,5952119830.858355,416815122.0,0.0005,-5.83,4235810,4768986,4965884,0.212
2014,CHCT,Real Estate,REIT - Healthcare Facilities,NYSE,98.7,65,93.94,51,68,69,38,16.86,502292118.7601452,28571793.0,0.0307,-7.46,213850,202503,238096,0.048
2015,COSO,Financial Services,Banks - Regional,NYSE,98.7,65,92.68,41,68,74,56,25.29,309703099.58882904,11985414.0,0.019,-4.06,161510,107916,105942,0.184
2016,RQI,Financial Services,Asset Management,NYSE,98.7,65,98.21,68,65,63,43,13.42,1805414293.65522,134431441.0,0.0031,-1.11,299370,312736,330132,-0.052
2017,FBP,Financial Services,Banks - Regional,NYSE,98.7,65,96.17,62,64,60,43,23.73,3720388802.2779007,154693926.0,0.08,-3.42,1039990,1379756,1526852,0.081
2018,CLF,Basic Materials,Steel,NYSE,98.67,65,105.72,82,30,58,63,11.24,6285969781.255108,570414657.0,0.1487,-32.69,16249740,16982053,17917976,0.063
2019,MNSB,Financial Services,Banks - Regional,NASDAQ,98.66,65,90.77,32,76,73,44,22.85,173102175.0,7366050.0,0.0292,-9.22,44290,54103,54446,0.033
2020,LOGI,Technology,Computer Hardware,NASDAQ,98.66,65,105.41,81,52,27,83,106.89,15697683692.41333,143502000.0,0.0939,-13.1,1520710,1068136,1057092,0.074
2021,BRX,Real Estate,REIT - Retail,NYSE,98.62,65,93.9,51,70,63,45,29.84,9156004698.099552,306836617.0,0.0646,-5.24,2976600,2555720,2583212,0.051
2022,EVR,Financial Services,Capital Markets,NYSE,98.53,65,93.23,46,77,62,69,335.38,13198076810.399658,38682484.0,0.0238,-13.72,737040,618686,661028,1.003
2023,ZBAI,Financial Services,Capital Markets,NASDAQ,98.52,65,107.36,83,31,13,30,8.82,86116668.48423958,10313373.0,0.0001,-55.45,3090,5423,5658,1.778
2024,BFC,Financial Services,Banks - Regional,NASDAQ,98.52,65,92.92,43,73,77,72,144.51,1645434244.6229248,11222441.0,0.0349,-5.55,84720,86956,95984,0.491
2025,CBAN,Financial Services,Banks - Regional,NYSE,98.51,65,89.92,29,78,76,48,19.54,420067772.472702,21162104.0,0.012,-9.58,222320,303086,271764,0.339
2026,RDN,Financial Services,Insurance - Specialty,NYSE,98.49,65,101.25,75,52,45,60,37.56,5132200885.181427,134845000.0,0.041100003,-3.3,1522010,1116603,1381784,0.466
2027,DIN,Consumer Cyclical,Restaurants,NYSE,98.49,65,96.27,62,37,85,68,29.07,360005255.8541775,12685175.0,0.2019,-26.74,487280,386010,382548,0.048
2028,ASTE,Industrials,Farm & Heavy Construction Machinery,NASDAQ,98.49,65,84.7,16,87,85,69,52.81,1226426887.708397,22992630.0,0.0255,-19.61,308590,214476,235192,0.203
2029,PTRN,Technology,Software - Application,NASDAQ,98.47,65,116.47,90,32,16,71,16.04,2815708086.6938114,176866085.0,0.057800002,-20.2,1402280,880756,991796,0.432
2030,CPSS,Financial Services,Credit Services,NASDAQ,98.47,65,107.16,83,37,36,33,9.9,221301998.41017723,21760275.0,0.0235,-5.62,38650,25350,23954,0.057
2031,KIM,Real Estate,REIT - Retail,NYSE,98.46,65,94.6,55,66,58,38,23.47,15834672007.448853,674389792.0,0.0452,-3.46,4829340,4633646,5069706,0.04
2032,WLDN,Industrials,Engineering & Construction,NASDAQ,98.45,65,107.4,83,50,94,94,92.91,1322887158.0651855,14966480.0,0.0686,-32.18,596360,404073,380842,0.018
2033,AXR,Real Estate,Real Estate - Development,NYSE,98.44,65,87.05,21,77,48,22,24.85,137616864.89328194,5305199.0,0.0106,-14.31,9050,12116,11800,0.938
2034,UMBF,Financial Services,Banks - Regional,NASDAQ,98.42,65,98.78,70,62,69,39,130.32,9980565625.093735,75978727.0,0.0465,-4.25,976600,706563,656686,0.49
2035,ARGX,Healthcare,Biotechnology,NASDAQ,98.41,65,97.0,65,71,73,89,813.28,48881689616.87073,62494970.0,0.0367,-12.98,370840,323726,336826,0.626
2036,CWBC,Financial Services,Banks - Regional,NASDAQ,98.4,65,91.99,37,74,75,71,23.65,650772885.391159,27126840.0,0.020599999,-8.05,225620,238363,194824,0.111
2037,FIBK,Financial Services,Banks - Regional,NASDAQ,98.39,65,93.42,48,65,76,62,35.1,3537943475.306076,97142879.0,0.1438,-10.6,1545900,1327660,1303798,0.041
2038,LILAK,Communication Services,Telecom Services,NASDAQ,98.37,65,86.57,20,76,66,80,7.88,1574948034.5726013,201400000.0,0.035099998,-13.69,764320,699903,842190,-0.001
2039,QRVO,Technology,Semiconductors,NASDAQ,98.36,65,105.79,82,54,39,65,93.41,7943192622.894287,87741000.0,0.102,-12.13,1337970,1109196,1203544,-0.07
2040,SWX,Utilities,Utilities - Regulated Gas,NYSE,98.34,65,92.93,43,71,67,67,89.13,6510119605.479416,72374873.0,0.0247,-5.61,545740,475236,503954,-0.216
2041,EMO,Financial Services,Asset Management,NYSE,98.31,65,92.72,41,71,68,41,49.99,988722604.3398972,20014627.0,0.00029999999,-8.94,65170,57290,56476,
2042,LLYVK,Communication Services,Entertainment,NASDAQ,98.29,65,95.5,59,76,60,56,95.58,8809424076.75,92004429.0,0.030299999,-6.86,331930,300353,338080,0.29
2043,PECO,Real Estate,REIT - Retail,NASDAQ,98.28,65,95.06,57,64,61,44,39.71,5003386515.047607,125966424.0,0.043899998,-2.46,939970,896790,875310,0.07
2044,ABNB,Consumer Cyclical,Travel Services,NASDAQ,98.28,65,97.76,67,45,31,33,137.05,84119381171.30475,594525252.0,0.0349,-6.93,4397950,3598070,3698880,0.12
2045,AFRI,Consumer Defensive,Farm Products,NASDAQ,98.27,65,93.97,51,61,66,69,10.0,273320180.77514267,26901593.0,0.0484,-12.43,20100,12443,10954,-0.453
2046,BBDO,Financial Services,Banks - Regional,NYSE,98.27,65,88.38,24,86,87,88,3.28,35623298324.638016,10570712028.0,0.0001,-13.68,71850,61143,75780,0.105
2047,PEBO,Financial Services,Banks - Regional,NASDAQ,98.27,65,92.98,44,70,64,39,33.7,1232893513.7570267,35923471.0,0.044299997,-4.96,225550,274510,279330,0.067
2048,FHI,Financial Services,Asset Management,NYSE,98.26,65,92.69,41,73,72,70,55.72,4247312993.266758,75912653.0,0.0434,-5.64,880360,857706,857444,0.131
2049,ZION,Financial Services,Banks - Regional,NASDAQ,98.25,65,91.95,37,69,70,40,60.8,9193238562.5,147091817.0,0.0361,-8.13,1524260,1554850,1627462,0.102
2050,AQST,Healthcare,Drug Manufacturers - Specialty & Generic,NASDAQ,98.24,65,99.27,71,67,43,91,4.34,536909242.7748556,124284542.0,0.1308,-42.52,1274740,1218160,1566462,0.097
2051,ACNB,Financial Services,Banks - Regional,NASDAQ,98.24,65,95.12,57,70,71,67,52.28,546752845.1094055,10212044.0,0.0138,-3.02,57560,69396,64792,0.427
2052,REGN,Healthcare,Biotechnology,NASDAQ,98.22,65,88.94,26,71,77,68,712.77,74948377122.20801,104839032.0,0.0286,-13.19,867000,733303,680118,0.19
2053,LPL,Technology,Consumer Electronics,NYSE,98.21,65,98.52,69,70,52,81,4.37,4389999866.485596,1000000000.0,0.0019,-22.93,1551300,2260480,1997296,-0.088
2054,FRD,Basic Materials,Steel,NASDAQ,98.2,65,101.19,75,55,60,87,21.43,153978759.2369175,7112183.0,0.0275,-12.06,20660,25133,27422,0.786
2055,STBA,Financial Services,Banks - Regional,NASDAQ,98.19,65,93.75,50,71,67,48,44.03,1614279590.07835,36259649.0,0.0438,-2.52,285990,231316,260980,0.041
2056,WPC,Real Estate,REIT - Diversified,NYSE,98.16,65,96.69,63,66,72,73,74.05,16504967340.627098,222739105.0,0.052699998,-2.17,1359800,1349860,1256454,0.089
2057,DE,Industrials,Farm & Heavy Construction Machinery,NYSE,98.13,65,94.93,56,78,76,50,588.74,155268477238.73767,270107282.0,0.017,-12.67,945360,1084116,1192436,-0.111
2058,ADAMN,Real Estate,REIT - Mortgage,NASDAQ,98.11,65,96.99,65,61,55,63,23.6,,,3.96,-1.54,15060,15003,11806,0.107
2059,AIZ,Financial Services,Insurance - Property & Casualty,NYSE,98.09,64,98.93,70,53,44,69,244.14,11875082069.065567,49547637.0,0.0226,-0.88,550550,398350,383062,0.113
2060,LAUR,Consumer Defensive,Education & Training Services,NASDAQ,98.08,64,91.86,36,75,83,85,32.7,4592687854.320927,139978289.0,0.0541,-13.74,1561940,1396856,1987458,0.154
2061,LLYVA,Communication Services,Entertainment,NASDAQ,98.08,64,95.41,59,75,60,52,93.19,8610694173.179718,92004429.0,0.047399998,-6.64,142400,122640,133778,0.29
2062,PRTA,Healthcare,Biotechnology,NASDAQ,98.06,64,87.89,23,72,34,45,9.67,561750209.04459,52353237.0,0.1568,-18.05,508110,460180,518908,17.064
2063,TSQ,Communication Services,Advertising Agencies,NYSE,98.06,64,111.64,87,52,55,15,7.21,112038499.96254158,17105114.0,0.042600002,-22.56,71620,117713,153262,-0.096
2064,PCB,Financial Services,Banks - Regional,NASDAQ,98.05,64,93.73,50,73,60,62,23.96,351170617.4960232,14234723.0,0.0121,-4.73,24110,25200,24856,0.176
2065,NSC,Industrials,Railroads,NYSE,98.05,64,94.89,56,64,71,65,311.11,70075576445.31079,224594001.0,0.0385,-3.79,1161340,1293893,1303980,0.002
2066,UE,Real Estate,REIT - Retail,NYSE,98.05,64,95.24,58,66,59,39,21.77,2723292147.2565002,126019994.0,0.059,-2.2,971510,880856,944728,0.054
2067,TR,Consumer Defensive,Confectioners,NYSE,98.05,64,89.54,28,77,70,75,40.78,3194989732.5,75176229.0,0.085,-9.5,118490,112600,132779,0.021
2068,JXN,Financial Services,Insurance - Life,NYSE,98.04,64,91.66,35,64,75,47,109.64,7865627183.984375,69743104.0,0.052199997,-11.3,696140,589673,619556,-0.226
2069,ALKS,Healthcare,Drug Manufacturers - Specialty & Generic,NASDAQ,98.04,64,98.71,69,66,57,39,35.47,5831986766.689808,166675807.0,0.16459998,-3.09,2276810,2434780,2401488,0.282
2070,NOVT,Technology,Scientific & Technical Instruments,NASDAQ,98.02,64,101.21,75,59,66,19,139.98,4925306563.289978,35610633.0,0.1314,-6.65,464530,371243,399854,0.085
2071,ELLO,Utilities,Utilities - Renewable,NYSE ARCA,98.01,64,84.69,16,77,92,84,23.35,337689135.0,13783230.0,0.0001,-23.04,15220,8213,5568,0.148
2072,TLS,Technology,Software - Infrastructure,NASDAQ,97.99,64,89.67,28,52,41,90,4.25,346106926.27354145,77256010.0,0.0225,-49.16,611870,531836,751624,0.774
2073,JOYY,Communication Services,Internet Content & Information,NASDAQ,97.98,64,93.64,49,65,78,86,59.03,2966479201.3335457,50381779.0,0.0401,-16.81,263300,269096,334030,0.059
2074,WTFC,Financial Services,Banks - Regional,NASDAQ,97.98,64,94.73,56,69,71,49,150.48,10227777678.673157,67447756.0,0.0305,-7.66,424990,441196,464762,0.103
2075,NGG,Utilities,Utilities - Regulated Electric,NYSE,97.93,64,92.59,40,74,82,77,87.16,86465055158.63342,995109400.0,0.001,-7.9,974530,889750,1078648,-0.113
2076,HFWA,Financial Services,Banks - Regional,NASDAQ,97.93,64,92.88,43,70,74,37,26.94,1135196523.8426933,41249873.0,0.066599995,-7.04,245990,259430,303442,0.372
2077,CIB,Financial Services,Banks - Regional,NYSE,97.91,64,82.75,13,88,91,93,64.31,17528917478.161545,268560110.0,0.0084,-25.49,332140,297156,399966,0.043
2078,DIBS,Communication Services,Internet Content & Information,NASDAQ,97.91,64,71.79,4,91,90,93,4.11,155715096.03325367,36382030.0,0.0228,-37.96,187880,156323,179572,0.009
2079,CIVB,Financial Services,Banks - Regional,NASDAQ,97.9,64,95.01,57,68,63,59,24.72,519375861.76306915,20783348.0,0.0134000005,-12.68,58900,86250,88976,0.226
2080,TCBK,Financial Services,Banks - Regional,NASDAQ,97.9,64,92.99,44,71,68,63,50.16,1638074724.9289856,32150632.0,0.0336,-5.68,96450,115750,143738,0.107
2081,DNP,Financial Services,Asset Management,NYSE,97.87,64,95.99,61,62,60,68,10.75,4031986960.7270565,376821218.0,0.0015,-0.83,653390,659956,707660,0.089
2082,HUBG,Industrials,Integrated Freight & Logistics,NASDAQ,97.87,64,94.98,57,49,59,33,41.86,2622262574.1189957,61153510.0,0.0661,-21.4,583670,630516,728380,-0.053
2083,VSEC,Industrials,Aerospace & Defense,NASDAQ,97.85,64,94.97,57,84,87,84,191.21,5416132121.218872,28055592.0,0.111999996,-17.8,569800,559490,699046,0.268
2084,EPR,Real Estate,REIT - Specialty,NYSE,97.85,64,100.33,73,57,70,61,58.76,4458866681.086853,76507666.0,0.104399994,-5.35,782780,765066,862874,0.036
2085,RDWR,Technology,Software - Infrastructure,NASDAQ,97.85,64,99.1,70,43,63,41,27.34,1156426805.9361649,42082490.0,0.026199998,-13.4,235660,211696,268650,0.107
2086,EVT,Financial Services,Asset Management,NYSE,97.83,64,97.01,65,61,65,58,26.47,1962711444.372837,74542782.0,0.57,-1.23,103230,99620,101510,-0.085
2087,GEVO,Basic Materials,Specialty Chemicals,NASDAQ,97.8,64,80.98,10,73,47,85,1.76,445442742.516081,243411329.0,0.123900004,-40.74,3608630,4735993,4712710,6.956
2088,TDY,Technology,Scientific & Technical Instruments,NYSE,97.79,64,92.23,38,75,77,43,632.58,28787999996.656494,46329138.0,0.0309,-8.77,279220,336680,322462,0.076
2089,GDV,Financial Services,Asset Management,NYSE,97.79,64,95.72,60,64,68,69,29.2,2543812793.073246,87446297.0,0.00059999997,-1.28,111270,101746,106356,0.142
2090,GRWG,Consumer Cyclical,Specialty Retail,NASDAQ,97.79,64,109.89,86,26,21,73,1.4,85329082.52117813,60090905.0,0.0223,-41.67,356800,557740,499182,0.01
2091,BRSP,Real Estate,REIT - Mortgage,NYSE,97.76,64,92.45,39,73,61,48,5.82,777760020.7165742,130278065.0,0.0402,-5.6,828750,766573,929408,0.098
2092,LIN,Basic Materials,Specialty Chemicals,NASDAQ,97.75,64,94.09,52,65,55,34,504.4,228011201092.76642,462347310.0,0.0145000005,-3.24,2179000,2020406,2359448,0.082
2093,HLT,Consumer Cyclical,Lodging,NYSE,97.74,64,91.87,36,75,72,53,315.53,72114451004.26892,227648372.0,0.0291,-8.48,1949710,1637553,1770952,0.11
2094,MIDD,Industrials,Specialty Industrial Machinery,NASDAQ,97.73,64,101.76,76,41,72,24,156.25,7677218472.1028595,46621841.0,0.0499,-7.78,767090,627476,588094,-0.074
2095,AIRTP,Industrials,Conglomerates,NASDAQ,97.73,64,98.49,69,57,71,75,20.4,,,0.95,-2.86,1450,1976,1444,-0.087
2096,CSGS,Technology,Software - Application,NASDAQ,97.72,64,93.03,44,72,70,83,80.35,2291626005.21521,28509904.0,0.1775,-0.4,337330,340216,373102,0.048
2097,LBTYA,Communication Services,Telecom Services,NASDAQ,97.72,64,94.65,55,69,51,41,12.06,4107883730.576063,338097437.0,0.071100004,-10.8,2344550,2336813,2238818,0.088
2098,EBC,Financial Services,Banks - Regional,NASDAQ,97.71,64,89.71,28,74,79,63,19.65,4335374266.059277,216120358.0,0.0364,-12.96,1768950,2173310,2129078,
2099,TBLD,Financial Services,Asset Management,NASDAQ,97.7,64,94.75,56,69,72,73,21.9,685355496.4364052,31081883.0,0.39,-4.87,75530,71073,65858,
2100,VTOL,Energy,Oil & Gas Equipment & Services,NYSE,97.69,64,82.79,13,85,76,69,42.43,1254102299.1099548,29605814.0,0.028199999,-15.78,281830,241580,223252,0.109
2101,CAPL,Energy,Oil & Gas Refining & Marketing,NYSE,97.69,64,101.37,75,56,61,60,22.67,826768502.6779022,38135078.0,0.002,-4.02,59400,42043,40010,0.067
2102,LILA,Communication Services,Telecom Services,NASDAQ,97.66,64,86.26,19,75,67,80,7.71,1536682023.0484009,201400000.0,0.0183,-14.71,337220,269683,281942,-0.001
2103,PROK,Healthcare,Biotechnology,NASDAQ,97.66,64,89.23,27,72,75,91,1.77,561647711.6995887,301961133.0,0.199,-75.18,654000,946963,867534,1.961
2104,SCSC,Technology,Electronics & Computer Distribution,NASDAQ,97.59,64,105.2,81,45,27,40,43.73,932895912.1127701,20324529.0,0.060500003,-5.45,283260,225650,222668,0.088
2105,HBNC,Financial Services,Banks - Regional,NASDAQ,97.58,64,94.69,55,68,62,45,18.13,944041847.4340057,51056888.0,0.0252,-4.93,256140,304980,337838,0.085
2106,TV,Communication Services,Telecom Services,NYSE,97.52,64,90.01,30,78,85,86,2.85,1502120949.7356415,527060000.0,0.78,-18.34,1807100,1352966,1386166,-0.031
2107,USB,Financial Services,Banks - Regional,NYSE,97.52,64,90.7,32,75,78,53,54.49,86199202944.95285,1552299745.0,0.0,-10.95,8714260,9034970,9820174,0.046
2108,CRNC,Technology,Software - Application,NASDAQ,97.51,64,119.14,91,21,20,74,9.88,445827894.83070374,45170000.0,0.1333,-28.08,1069880,784110,738140,-0.177
2109,YETI,Consumer Cyclical,Leisure,NYSE,97.5,64,96.5,63,44,82,60,40.92,3143556859.8605347,75693642.0,0.1616,-20.22,1383650,1405016,1397110,0.068
2110,BUSE,Financial Services,Banks - Regional,NASDAQ,97.5,64,93.24,46,72,68,45,26.26,2250598279.2218018,84577160.0,0.0345,-5.03,578440,545880,600548,1.434
2111,MTUS,Basic Materials,Steel,NYSE,97.48,64,91.42,34,62,84,59,18.31,768033052.4594955,41627806.0,0.073,-15.74,325750,281633,400116,0.099
2112,ADAML,Real Estate,REIT - Mortgage,NASDAQ,97.46,64,95.4,59,62,62,62,24.24,,,0.7,-0.82,11070,12233,14412,0.107
2113,SBR,Energy,Oil & Gas Midstream,NYSE,97.42,64,94.4,54,70,42,80,75.81,1107884395.405159,14579345.0,0.0021,-10.17,42550,39586,42374,-0.302
2114,TCBI,Financial Services,Banks - Regional,NASDAQ,97.4,64,90.95,33,76,74,58,98.1,4365347022.458061,43670939.0,0.0943,-9.93,397830,415780,449318,0.169
2115,RAMP,Technology,Software - Infrastructure,NYSE,97.39,64,100.27,73,36,22,55,29.35,1933651827.3037643,63648844.0,0.0736,-16.62,503820,541106,652384,0.086
2116,BLNK,Industrials,Engineering & Construction,NASDAQ,97.39,64,136.95,96,14,13,88,0.96,121388316.86999702,143654808.0,0.121800005,-63.77,2654410,2432273,2376484,-0.034
2117,AZN,Healthcare,Drug Manufacturers - General,NYSE,97.36,63,87.76,22,78,81,80,181.86,283469352374.12976,1550283527.0,0.0011,-14.5,2419960,2071770,1997436,0.125
2118,PDX,Financial Services,Asset Management,NYSE,97.36,63,94.59,55,63,52,37,21.08,944657794.8504353,44706949.0,0.63,-16.65,100530,122486,140144,
2119,ANVS,Healthcare,Biotechnology,NYSE,97.36,63,115.05,90,21,53,24,2.39,78994858.04874516,34646868.0,0.1499,-56.55,1078890,1247926,915422,
2120,VOYA,Financial Services,Financial Conglomerates,NYSE,97.36,63,98.54,69,50,50,40,80.13,7397464308.820038,90666315.0,0.0001,-4.61,1505630,1360030,1253896,0.031
2121,HUBB,Industrials,Electrical Equipment & Parts,NYSE,97.35,63,87.52,22,80,75,58,490.16,26028801805.114655,52841777.0,0.055,-13.32,755824,559506,578738,0.111
2122,GNL,Real Estate,REIT - Diversified,NYSE,97.35,63,89.12,26,78,83,70,9.12,1956127195.7154808,211931451.0,0.0001,-9.12,2193780,1730360,1944510,-0.175
2123,CRON,Healthcare,Drug Manufacturers - Specialty & Generic,NASDAQ,97.34,63,98.33,68,65,63,70,2.75,955729171.4663877,376271333.0,0.0239,-19.83,1372800,1755493,1471664,0.47
2124,TPL,Energy,Oil & Gas E&P,NYSE,97.34,63,87.1,21,78,64,31,402.63,27189720753.77301,68974429.0,0.08930001,-26.42,397130,468306,481342,0.208
2125,SKT,Real Estate,REIT - Retail,NYSE,97.33,63,94.39,54,65,50,57,36.01,4178034578.1693535,114875851.0,0.042,-5.11,1033530,809186,786034,0.117
2126,CNI,Industrials,Railroads,NYSE,97.33,63,93.82,50,65,59,40,110.6,67720823629.76074,606600000.0,1.38,-4.49,1576310,1387123,1589004,-0.005
2127,MEGI,Financial Services,Asset Management,NYSE,97.3,63,94.35,53,69,69,68,15.16,794765868.0054703,52047534.0,0.08,-4.59,167270,161486,172902,
2128,STRRP,Industrials,Conglomerates,NASDAQ,97.29,63,94.44,54,68,57,71,10.18,,,1.54,-6.78,1680,2986,3290,0.69
2129,LYV,Communication Services,Entertainment,NYSE,97.29,63,97.81,67,65,53,33,163.0,37997345536.64676,232712799.0,0.1365,-6.99,3092150,3047653,3058912,0.122
2130,BBD,Financial Services,Banks - Regional,NYSE,97.28,63,88.35,24,86,87,89,3.65,39640170105.0,10570712028.0,0.0016,-15.12,27400880,33827770,38621590,0.105
2131,GLV,Financial Services,Asset Management,NYSE ARCA,97.26,63,96.54,63,63,67,75,6.26,77188231.87634468,12409684.0,0.0017,-2.49,49870,37096,35376,-0.063
2132,MRBK,Financial Services,Banks - Regional,NASDAQ,97.26,63,83.76,14,83,83,50,17.53,216082254.1641655,11879178.0,0.0082,-19.1,116750,136820,116088,0.199
2133,IMXI,Technology,Software - Infrastructure,NASDAQ,97.24,63,92.63,40,72,56,44,15.81,477595299.6959896,30094222.0,0.052199997,-0.88,353430,350066,383318,-0.105
2134,RL,Consumer Cyclical,Apparel Manufacturing,NYSE,97.23,63,88.89,26,81,74,82,343.1,21736644958.79242,60640659.0,0.0904,-12.79,499670,550880,583760,0.122
2135,SGC,Consumer Cyclical,Apparel Manufacturing,NASDAQ,97.21,63,97.31,65,59,40,16,11.36,180873585.3991928,15632981.0,0.0429,-17.56,35080,30863,38794,0.028
2136,ARRY,Technology,Solar,NASDAQ,97.19,63,101.36,75,37,87,65,8.73,1318292012.515915,153826378.0,0.20899999,-28.62,5471370,5289456,5374074,-0.261
2137,LNT,Utilities,Utilities - Regulated Electric,NASDAQ,97.18,63,94.82,56,66,61,66,72.47,18533960726.859276,258277037.0,0.0923,-4.34,2873490,2164940,2181534,0.05
2138,TFSL,Financial Services,Banks - Regional,NASDAQ,97.18,63,93.85,50,70,67,62,14.87,4234525436.076372,280432141.0,0.1543,-4.56,772230,713393,755046,0.098
2139,TRNO,Real Estate,REIT - Industrial,NYSE,97.17,63,94.29,53,68,61,58,65.71,6999548030.272842,105717386.0,0.097600006,-2.72,521900,564273,576632,0.127
2140,JMIA,Consumer Cyclical,Internet Retail,NYSE,97.17,63,95.39,59,84,92,97,7.51,962334816.1876988,123852615.0,0.0461,-48.98,3203720,2595443,2129638,0.344
2141,LEU,Energy,Uranium,NYSE,97.17,63,97.38,66,68,68,96,213.22,4078760416.0419617,19672794.0,0.2289,-54.07,927900,916030,847086,0.049
2142,NX,Industrials,Building Products & Equipment,NYSE,97.16,63,93.17,46,69,81,9,19.95,930252600.0,45938400.0,0.076,-13.19,268600,342180,478842,0.023
2143,ALGT,Industrials,Airlines,NASDAQ,97.16,63,87.15,21,82,92,56,79.38,1530848166.1935425,18437290.0,0.1521,-32.73,596720,510456,511856,0.048
2144,SCOR,Technology,Software - Application,NASDAQ,97.16,63,92.28,38,49,64,45,7.19,110813876.89022398,15056233.0,0.0011999999,-29.37,8290,15060,17846,-0.016
2145,CAKE,Consumer Cyclical,Restaurants,NASDAQ,97.16,63,95.07,57,57,67,23,61.17,3063102704.7638474,49685363.0,0.3386,-12.24,1525300,1193046,1244558,0.056
2146,NRK,Financial Services,Asset Management,NYSE,97.15,63,96.53,63,60,53,64,10.72,936907144.9934235,87235304.0,0.0041,-0.46,310520,269723,310154,
2147,TNC,Industrials,Specialty Industrial Machinery,NYSE,97.14,63,103.44,78,50,52,29,85.98,1484429276.1587448,17038903.0,0.0774,-3.24,353620,296440,322426,0.027
2148,UBSI,Financial Services,Banks - Regional,NASDAQ,97.14,63,90.97,33,74,74,42,42.58,5981811549.663692,137798009.0,0.0368,-7.29,757590,857043,965102,0.185
2149,FULT,Financial Services,Banks - Regional,NASDAQ,97.13,63,91.63,35,74,74,37,21.1,4137592461.5,192446161.0,0.053400002,-8.22,1752120,2070593,2113182,0.042
2150,PROV,Financial Services,Banks - Regional,NASDAQ,97.12,63,94.36,54,64,56,53,16.95,107125721.58169365,6253691.0,0.0068,-2.7,7320,9866,9378,-0.112
2151,COLD,Real Estate,REIT - Industrial,NYSE,97.11,63,110.67,87,28,31,11,14.56,4233941855.2142487,285306052.0,0.1043,-21.55,5661280,4491736,4342002,0.003
2152,BMY,Healthcare,Drug Manufacturers - General,NYSE,97.1,63,87.76,22,70,77,37,55.67,114682720919.92465,2042071247.0,0.0159,-11.48,11902690,10405243,11790828,0.026
2153,FCCO,Financial Services,Banks - Regional,NASDAQ,97.07,63,92.36,39,72,66,69,29.8,285697980.41496277,9397960.0,0.0104,-5.43,61670,73806,74256,0.281
2154,ALLY,Financial Services,Credit Services,NYSE,97.06,63,94.77,56,60,58,63,42.74,13560580777.368782,306523062.0,0.033,-9.58,2993380,3467640,3659960,0.197
2155,SNPS,Technology,Software - Infrastructure,NASDAQ,97.05,63,109.27,85,28,30,14,516.19,98937951963.51416,191562027.0,0.0235,-20.8,1492820,1639676,1847548,0.655
2156,ACT,Financial Services,Insurance - Specialty,NASDAQ,97.05,63,93.17,46,67,74,63,42.86,6148016937.608299,139600745.0,0.1385,-4.33,350090,291460,316252,0.017
2157,RAAQ,Financial Services,Shell Companies,NASDAQ,97.02,63,100.08,72,47,43,54,11.4,259669999.12261963,23000000.0,0.0011,0.44,203070,229046,176362,
2158,ARTW,Industrials,Farm & Heavy Construction Machinery,NASDAQ,97.01,63,99.65,71,53,35,67,2.6,13160720.24234581,5181386.0,0.0026,-44.8,17200,34503,44858,0.292
2159,FIGR,Financial Services,Capital Markets,NASDAQ,97.01,63,104.21,80,32,46,83,38.97,8300718133.603161,220587773.0,0.0681,-50.04,3362630,3772550,5017368,0.991
2160,CAAS,Consumer Cyclical,Auto Parts,NASDAQ,97.0,63,101.1,74,37,54,54,4.75,135768159.0,30170702.0,0.0037,-7.77,43900,33260,31878,0.214
2161,AVK,Financial Services,Asset Management,NYSE,97.0,63,100.44,73,57,58,69,12.94,570843299.253128,44148746.0,0.0015,-1.22,128570,152763,157948,0.081
2162,INFU,Healthcare,Medical Devices,NYSE ARCA,97.0,63,83.38,14,84,30,73,8.37,169704461.82094574,20178890.0,0.011,-24.18,218630,135570,129984,0.07
2163,UNM,Financial Services,Insurance - Life,NYSE,96.99,63,100.5,73,42,35,65,81.51,12922701447.961464,159776235.0,0.0274,-1.95,1474790,1337926,1633268,0.085
2164,DDS,Consumer Cyclical,Department Stores,NYSE,96.98,63,87.65,22,75,83,88,556.79,8796315240.75,15617071.0,0.2883,-24.96,96100,89836,104782,-0.03
2165,JYD,Industrials,Integrated Freight & Logistics,NASDAQ,96.97,63,124.17,93,8,7,1,4.75,39170806.25882149,8298900.0,0.0023999999,-81.55,24360,21746,20484,0.086
2166,EDUC,Communication Services,Publishing,NASDAQ,96.96,63,98.91,70,41,53,57,1.47,12426591.76468277,8511364.0,0.0013,-20.11,45110,38663,32386,-0.366
2167,LB,Energy,Oil & Gas Equipment & Services,NYSE,96.95,63,94.9,56,75,26,74,67.24,1808993193.874443,27839229.0,0.113199994,-23.24,365260,329660,374094,0.161
2168,HEQ,Financial Services,Asset Management,NYSE,96.94,63,95.17,58,63,63,66,11.46,138473458.09329987,12093752.0,0.58,-2.22,46770,47046,50192,
2169,VPV,Financial Services,Asset Management,NYSE,96.93,63,97.62,66,60,64,68,11.16,199274554.88231277,17872158.0,0.0016,-1.33,43950,32043,30482,-0.204
2170,ALX,Real Estate,REIT - Retail,NYSE,96.9,63,92.54,40,64,59,59,236.7,1256393340.0,5107290.0,0.1974,-9.25,48670,44116,52324,-0.027
2171,EMA,Utilities,Utilities - Regulated Electric,NYSE,96.9,63,94.44,54,66,65,75,52.23,16084191172.012001,305783111.0,10.48,-3.39,312360,371320,379180,0.138
2172,NI,Utilities,Utilities - Regulated Gas,NYSE,96.87,63,93.21,46,68,62,67,47.03,22399402111.652985,479439245.0,0.0294,-3.98,6726040,4958156,4371866,0.082
2173,PSO,Communication Services,Publishing,NYSE,96.86,63,101.27,75,37,27,27,14.7,8969002188.161789,603566783.0,0.0068,-11.82,1116430,1121276,1160010,0.032
2174,IGD,Financial Services,Asset Management,NYSE,96.86,63,96.8,64,61,58,64,6.06,476365821.55140495,78868514.0,0.0047,-1.46,295560,278613,271798,0.046
2175,GRAL,Healthcare,Diagnostics & Research,NASDAQ,96.86,63,102.28,77,40,96,98,61.26,2645378766.3257904,42916593.0,0.1927,-48.45,640370,733736,834342,0.281
2176,LANDO,Real Estate,REIT - Specialty,NASDAQ,96.85,63,96.1,61,63,51,52,21.35,,,3.03,-0.7,9150,13710,12674,0.965
2177,GSK,Healthcare,Drug Manufacturers - General,NYSE,96.83,62,82.39,12,85,88,83,49.81,101198689040.34795,2007512187.0,0.0077,-19.27,4708620,4126643,4386782,0.015
2178,FABC,Consumer Cyclical,Auto Manufacturers,NASDAQ,96.82,62,153.76,98,9,9,5,4.09,6653805.999934673,1455975.0,0.0403,-61.27,10782740,3664203,2239772,
2179,FTV,Technology,Scientific & Technical Instruments,NYSE,96.82,62,93.78,50,67,53,41,60.31,18422751592.0662,304861021.0,0.0589,-3.97,3648640,3026530,3150412,0.077
2180,GFF,Industrials,Building Products & Equipment,NYSE,96.81,62,94.19,53,54,77,36,86.19,4037180706.6487656,45866631.0,0.0458,-11.67,386610,392310,371644,-0.31
2181,NEUP,Healthcare,Biotechnology,NASDAQ,96.8,62,106.36,82,23,22,32,5.17,28625652.141530514,5390895.0,0.0043,-75.84,24970,39933,51918,
2182,IONR,Basic Materials,Other Industrial Metals & Mining,NASDAQ,96.77,62,101.0,74,29,50,71,4.45,331217030.5579128,80197826.0,0.0037,-45.73,72370,218123,175864,
2183,PRCH,Financial Services,Insurance - Property & Casualty,NASDAQ,96.74,62,128.77,95,20,37,90,10.53,1200153901.1138248,109403270.0,0.2475,-45.82,3165960,2059026,1666532,0.156
2184,THG,Financial Services,Insurance - Property & Casualty,NYSE,96.74,62,99.24,71,57,43,68,189.89,6617400871.82576,34986787.0,0.0287,-0.92,313120,295946,298570,0.061
2185,HESM,Energy,Oil & Gas Midstream,NYSE,96.71,62,97.68,67,67,45,32,39.19,4899152892.752518,128350881.0,0.0767,-11.21,3485950,2418383,2001098,0.021
2186,TYG,Financial Services,Asset Management,NYSE,96.7,62,87.99,23,75,67,67,45.38,979339853.1734772,21124673.0,0.0031,-11.33,200670,139073,119904,0.931
2187,COCP,Healthcare,Biotechnology,NASDAQ,96.69,62,100.69,74,67,16,11,1.3,19851493.748827457,13785759.0,0.1168,-51.31,147210,4982933,3006828,
2188,IGIC,Financial Services,Insurance - Diversified,NASDAQ,96.66,62,91.87,36,69,54,43,25.13,1084336464.0797882,42842216.0,0.012999999,-8.38,61930,48250,56450,-0.026
2189,FOF,Financial Services,Asset Management,NYSE,96.65,62,96.76,64,62,71,63,14.17,391609885.5948448,27773750.0,0.0017,-5.78,55850,61136,66748,
2190,GUT,Financial Services,Asset Management,NYSE,96.64,62,94.95,57,61,62,75,6.2,559997537.5,89599606.0,0.0081,-1.59,167820,181756,199848,0.219
2191,MFA,Real Estate,REIT - Mortgage,NYSE,96.64,62,90.9,32,71,61,45,9.63,1010729194.8542824,102093862.0,0.026500002,-8.89,1716310,1430126,1463296,-0.465
2192,FCF,Financial Services,Banks - Regional,NYSE,96.63,62,92.8,42,69,67,40,18.33,1887173711.457224,101679621.0,0.03,-4.23,713780,729356,925280,0.091
2193,WABC,Financial Services,Banks - Regional,NASDAQ,96.63,62,94.81,56,66,58,41,54.19,1296160313.9419556,23631000.0,0.0305,-3.61,142320,179036,202514,-0.067
2194,ALCYU,Financial Services,Shell Companies,NASDAQ,96.62,62,92.66,41,56,71,45,13.5,,,,-10.0,0,0,0,
2195,ETG,Financial Services,Asset Management,NYSE,96.6,62,99.52,71,55,68,74,22.96,1756930357.0973969,76321908.0,0.03,-3.0,224530,163533,154478,0.442
2196,WMG,Communication Services,Entertainment,NASDAQ,96.6,62,109.32,85,35,34,40,32.94,17401094332.448853,521615528.0,0.0797,-4.88,3250810,2361756,2295172,0.167
2197,BHB,Financial Services,Banks - Regional,NYSE ARCA,96.59,62,93.04,45,70,67,37,34.5,585638825.2360725,16742105.0,0.0119,-4.3,98640,101013,144054,0.257
2198,H,Consumer Cyclical,Lodging,NYSE,96.59,62,96.91,64,62,64,64,165.15,15781485740.316833,94161606.0,0.39139998,-8.52,942830,806163,817562,-0.035
2199,IVT,Real Estate,REIT - Retail,NYSE,96.56,62,91.91,36,69,58,44,31.31,2442509770.272068,77935857.0,0.0373,-5.66,431880,418060,452548,0.119
2200,CP,Industrials,Railroads,NYSE,96.54,62,94.72,56,61,62,35,84.77,76380841012.90695,887736404.0,0.012,-5.2,3426580,2984893,2774194,-0.025
2201,TUYA,Technology,Software - Infrastructure,NYSE,96.52,62,99.89,72,55,30,38,2.46,1520381726.333137,613057143.0,0.0201,-16.47,909340,824036,1473904,0.03
2202,WTBA,Financial Services,Banks - Regional,NASDAQ,96.51,62,88.65,25,77,78,67,23.44,410206955.688282,17028101.0,0.0146,-11.88,39160,44153,42214,0.166
2203,GLDG,Basic Materials,Gold,NYSE ARCA,96.51,62,90.98,33,68,89,92,1.22,256799909.40431118,213999916.0,0.020299999,-46.26,1832530,1901103,2120116,
2204,DX,Real Estate,REIT - Mortgage,NYSE,96.49,62,93.99,51,62,70,76,13.37,2885173630.040577,215150907.0,0.053000003,-10.45,4059150,5211096,6000230,
2205,VZ,Communication Services,Telecom Services,NYSE,96.49,62,92.73,41,66,76,44,47.23,197169896827.3178,4175558910.0,0.0215,-8.61,21770240,24758163,25705476,0.029
2206,CVGW,Consumer Defensive,Food Distribution,NASDAQ,96.49,62,94.22,53,69,56,21,27.16,491000937.85684395,17874079.0,0.0675,-6.28,328760,323213,299962,-0.208
2207,OXLCO,Financial Services,Asset Management,NASDAQ,96.49,62,98.59,69,53,54,62,24.98,,,0.91,4.04,2290,1846,2322,0.295
2208,HTH,Financial Services,Financial Conglomerates,NYSE,96.49,62,92.16,38,71,73,64,37.28,2210100140.4790077,58530197.0,0.0581,-7.75,328320,320806,352988,-0.034
2209,OSTX,Healthcare,Biotechnology,NYSE ARCA,96.46,62,111.86,88,31,13,30,1.71,69783576.59682035,42038300.0,0.0345,-33.46,621040,735083,660748,
2210,GDOT,Financial Services,Credit Services,NYSE,96.46,62,97.42,66,62,56,41,12.42,715065107.3356333,56661261.0,0.037100002,-19.4,384850,433940,528214,0.148
2211,FNLC,Financial Services,Banks - Regional,NASDAQ,96.45,62,91.23,34,73,70,48,28.48,327310256.8789215,11271014.0,0.0069999998,-6.1,15210,18270,19310,0.145
2212,EOLS,Healthcare,Drug Manufacturers - Specialty & Generic,NASDAQ,96.45,62,127.54,94,13,10,18,6.32,418836225.15255785,65854751.0,0.1026,-40.49,1226810,911820,1238818,0.067
2213,APD,Basic Materials,Specialty Chemicals,NYSE,96.44,62,95.1,57,64,55,30,304.5,65782102266.74103,222680686.0,0.0167,-0.91,1052720,1076343,1233886,0.088
2214,FFA,Financial Services,Asset Management,NYSE,96.44,62,97.78,67,57,58,67,22.44,449332164.13018036,19988086.0,0.0016,-0.44,20540,29446,28506,-0.051
2215,NPB,Financial Services,Banks - Regional,NYSE,96.44,62,91.09,33,71,63,70,17.35,613305406.1652298,34494116.0,0.0104,-10.92,120210,153443,183422,0.279
2216,NBHC,Financial Services,Banks - Regional,NYSE,96.4,62,93.46,48,63,57,34,41.95,1919286654.3546295,44790822.0,0.0551,-4.35,283030,361503,528330,0.337
2217,FLS,Industrials,Specialty Industrial Machinery,NYSE,96.39,62,80.51,10,88,87,79,70.77,9074622789.596558,127578000.0,0.0378,-23.42,3610610,2652506,2277638,-0.067
2218,WRLD,Financial Services,Credit Services,NASDAQ,96.38,62,98.25,68,38,29,38,148.23,673649986.2670898,4500000.0,9.2890005,-20.08,186530,158030,165686,0.075
2219,TEI,Financial Services,Asset Management,NYSE,96.37,62,92.97,44,68,81,78,6.4,304151014.62243176,47228418.0,0.0027,-8.57,135740,163460,202888,0.06
2220,COLB,Financial Services,Banks - Regional,NASDAQ,96.34,62,93.09,45,71,74,56,29.42,8696290859.676346,289490366.0,0.0323,-10.03,2496870,2666546,2812346,0.399
2221,GLU,Financial Services,Asset Management,NYSE ARCA,96.29,62,93.78,50,65,80,72,19.91,118549150.72433472,5990356.0,0.0002,-8.21,10850,10600,10206,0.219
2222,DMLP,Energy,Oil & Gas E&P,NASDAQ,96.28,62,90.85,32,72,45,32,26.5,1255606831.089592,48255450.0,0.0121,-8.46,186630,177516,181000,0.364
2223,AKR,Real Estate,REIT - Retail,NYSE,96.26,62,98.2,68,59,42,42,21.79,2906668220.6892967,133517141.0,0.2924,-2.55,1110880,1131246,1157046,-0.012
2224,EBF,Industrials,Business Equipment & Supplies,NYSE,96.26,62,89.59,28,75,67,31,20.32,522803542.14969254,25292866.0,0.0495,-9.12,188700,172086,172492,0.04
2225,HWC,Financial Services,Banks - Regional,NASDAQ,96.25,62,93.53,48,67,74,47,67.75,5580422053.052124,81157968.0,0.114300005,-10.18,775610,812053,879344,-0.209
2226,PEN,Healthcare,Medical Devices,NYSE,96.24,62,90.31,30,71,76,67,321.71,12673765509.85794,39331425.0,0.0587,-11.23,453950,557983,575732,0.156
2227,SFD,Consumer Defensive,Packaged Foods,NASDAQ,96.24,62,88.67,25,82,62,42,25.44,10210735275.049328,393477263.0,0.0798,-14.65,1544700,1833046,1759598,0.008
2228,NXPL,Technology,Software - Application,NASDAQ,96.23,62,112.53,88,22,21,28,6.91,18336592.33833933,2708507.0,0.021,-37.75,7930,19780,118707,-0.211
2229,SRE,Utilities,Utilities - Diversified,NYSE,96.2,62,92.03,37,73,63,71,92.83,59832249112.41852,653690046.0,0.0172,-8.13,3391730,3301440,3397786,-0.039
2230,RAL,Technology,Electronic Components,NYSE,96.18,62,106.23,82,38,32,59,49.56,5286435192.912693,111929605.0,0.0677,-13.08,1489060,1188240,1291706,0.012
2231,THQ,Financial Services,Asset Management,NYSE,96.18,62,95.64,60,48,63,59,18.3,763278292.6614285,41437475.0,0.0021,-10.25,103690,129426,133574,
2232,SEIC,Financial Services,Asset Management,NASDAQ,96.17,62,101.24,75,36,33,41,91.59,10966489988.3844,120272976.0,0.0189,-2.52,822660,1032643,977738,0.128
2233,LANDP,Real Estate,REIT - Specialty,NASDAQ,96.14,62,96.51,63,59,51,51,20.86,,,0.15,-1.51,22090,27590,24122,0.965
2234,RMI,Financial Services,Asset Management,NYSE,96.14,62,95.41,59,64,57,55,15.57,99761532.91830635,6374539.0,8.05,-4.83,21700,18980,20496,
2235,OLP,Real Estate,REIT - Diversified,NYSE,96.12,62,96.8,64,58,52,28,23.59,511666072.2469177,21819448.0,0.0152,-8.92,50630,60850,70728,0.114
2236,JCE,Financial Services,Asset Management,NYSE,96.11,61,98.09,68,56,50,62,16.33,278333853.12921524,17002678.0,0.00090000004,-0.85,30400,41950,39898,
2237,ARQT,Healthcare,Biotechnology,NASDAQ,96.1,61,83.21,13,77,91,95,21.24,2648015037.123104,125083374.0,0.14140001,-33.14,2087550,1423346,1405786,0.601
2238,DSWL,Technology,Electronic Components,NASDAQ,96.1,61,92.94,43,67,77,83,3.37,54179814.119702816,15935239.0,0.0001,-24.78,8690,11126,9786,-0.055
2239,CASS,Industrials,Specialty Business Services,NASDAQ,96.09,61,93.8,50,67,57,41,46.71,613438959.3760185,12871149.0,0.0225,-10.94,67210,81476,76230,0.032
2240,WTM,Financial Services,Insurance - Property & Casualty,NYSE,96.08,61,88.87,26,72,70,59,2133.58,5271344186.137695,2476670.0,0.0298,-8.55,20800,17966,18528,-0.108
2241,EFC,Real Estate,REIT - Mortgage,NYSE,96.08,61,99.39,71,50,49,71,13.46,1697719678.9950514,124649023.0,0.0001,-4.67,1614710,1406256,1691736,0.812
2242,FNB,Financial Services,Banks - Regional,NYSE,96.08,61,92.57,40,71,69,57,17.55,6371754551.31053,355963949.0,0.0791,-8.31,4301610,6720696,7297370,0.096
2243,RCI,Communication Services,Telecom Services,NYSE,96.07,61,94.19,53,49,75,81,36.53,19934313582.518356,540225278.0,4.45,-11.21,863200,1486876,1347362,0.102
2244,RNR,Financial Services,Insurance - Reinsurance,NYSE,96.05,61,90.27,30,72,77,66,295.95,12796733742.68686,42633041.0,0.0336,-6.99,376920,301966,323228,-0.366
2245,JLL,Real Estate,Real Estate Services,NYSE,96.03,61,90.9,32,67,41,70,322.89,15303848358.718872,46393575.0,0.016,-11.06,439920,409516,433306,0.111
2246,AII,Financial Services,Insurance - Property & Casualty,NYSE,96.02,61,97.11,65,45,32,89,19.79,386339888.4263725,19581343.0,0.0207,-24.92,68450,81403,118680,0.014
2247,CDP,Real Estate,REIT - Office,NYSE,96.01,61,92.27,38,69,68,59,31.64,3594047277.599697,113376883.0,0.074,-4.96,1093940,926440,984056,0.073
2248,FMBH,Financial Services,Banks - Regional,NASDAQ,96.01,61,92.19,38,72,68,42,42.82,1169212913.0376778,26609307.0,0.0094,-4.53,100250,104306,117122,0.145
2249,HIT,Technology,Software - Application,NASDAQ,95.98,61,102.42,77,61,15,23,1.48,102226112.97036839,65529562.0,0.040599998,-63.18,77650,116913,367538,0.531
2250,GIII,Consumer Cyclical,Apparel Manufacturing,NASDAQ,95.97,61,94.2,53,62,57,46,30.26,1340353667.302723,42189287.0,0.2057,-13.12,387950,415656,553294,-0.081
2251,FITB,Financial Services,Banks - Regional,NASDAQ,95.96,61,90.98,33,71,79,48,48.65,44708350322.34601,906311548.0,0.0544,-12.25,4703980,6541543,8219432,0.33
2252,RBCAA,Financial Services,Banks - Regional,NASDAQ,95.94,61,95.88,60,60,54,37,76.17,1518216112.7262878,19617730.0,0.0225,-2.66,76500,84800,79696,-0.113
2253,PSA,Real Estate,REIT - Industrial,NYSE,95.94,61,100.08,72,56,52,36,311.55,54601750957.9447,175545748.0,0.052199997,-0.63,933610,1013506,1148858,0.032
2254,LC,Financial Services,Banks - Regional,NYSE,95.93,61,96.12,61,61,48,81,16.57,1919439321.5953827,115350925.0,0.0543,-23.53,3255960,2452100,2191688,0.125
2255,AAP,Consumer Cyclical,Auto Parts,NYSE,95.92,61,86.88,20,80,79,72,51.83,3387485121.255066,60329208.0,0.30969998,-25.96,1374620,1319816,1418174,-0.012
2256,FTS,Utilities,Utilities - Regulated Electric,NYSE,95.92,61,93.04,45,69,68,72,56.23,28557269767.23753,509132995.0,10.09,-4.34,657090,756420,777590,0.019
2257,POWWP,Industrials,Aerospace & Defense,NASDAQ,95.88,61,93.75,50,64,61,70,24.91,,,0.29,-2.29,3840,6486,5124,0.532
2258,BIP,Utilities,Utilities - Diversified,NYSE,95.87,61,95.85,60,67,72,73,37.44,16986807172.7252,461974625.0,0.88,-7.14,1273010,963773,1058396,0.169
2259,ETW,Financial Services,Asset Management,NYSE,95.87,61,96.15,61,62,63,68,9.47,1026249056.9866161,108597786.0,0.23,-1.35,254800,303883,329748,0.046
2260,PNW,Utilities,Utilities - Regulated Electric,NYSE,95.85,61,92.44,39,67,62,44,99.71,12027826225.5,121187166.0,0.074,-4.97,1355870,1093180,1204396,0.114
2261,ICL,Basic Materials,Agricultural Inputs,NYSE,95.83,61,111.04,87,32,37,40,6.5,8221585136.024228,1290672729.0,0.0043,-11.56,1428260,1426496,1728110,0.062
2262,SBSI,Financial Services,Banks - Regional,NYSE,95.83,61,92.88,43,66,65,38,32.69,992814564.2917442,29751711.0,0.0324,-5.33,91920,89700,105148,0.088
2263,VABK,Financial Services,Banks - Regional,NASDAQ,95.8,61,94.11,52,61,55,64,42.36,234820681.3362465,5391979.0,0.0054,-12.8,7340,6023,9410,0.036
2264,ASB,Financial Services,Banks - Regional,NYSE,95.8,61,94.08,52,70,63,51,27.91,5393580519.917759,188917011.0,0.0,-5.45,1849130,2143843,2344200,0.122
2265,GILD,Healthcare,Drug Manufacturers - General,NASDAQ,95.78,61,91.13,33,74,84,77,133.52,163055373825.80234,1241569874.0,0.0183,-15.11,6608530,5800930,6011064,0.044
2266,LEVI,Consumer Cyclical,Apparel Manufacturing,NYSE,95.78,61,95.59,60,67,64,75,21.85,8718797039.512365,384596251.0,0.0952,-11.97,2930350,3289980,2925256,0.141
2267,FDSB,Financial Services,Banks - Regional,NASDAQ,95.78,61,93.36,47,61,70,55,15.1,80160067.5275917,5289348.0,0.0017,-3.43,5740,6463,6402,0.119
2268,BJRI,Consumer Cyclical,Restaurants,NASDAQ,95.78,61,103.68,79,40,58,44,42.11,897422670.8346405,21016924.0,0.0884,-10.44,412550,346870,386972,0.029
2269,KRNT,Industrials,Specialty Industrial Machinery,NASDAQ,95.76,61,99.69,72,44,37,10,16.25,751179089.7440262,46340477.0,0.020399999,-30.79,139620,252623,308592,-0.03
2270,NCA,Financial Services,Asset Management,NYSE,95.74,61,96.32,62,57,61,67,9.72,318500841.73106766,33108196.0,0.0017,-0.82,60190,61586,64060,
2271,LPRO,Financial Services,Credit Services,NASDAQ,95.71,61,109.73,86,34,15,7,1.85,224612452.98148513,118217082.0,0.0277,-31.48,833550,683603,646338,-0.16
2272,INVA,Healthcare,Biotechnology,NASDAQ,95.71,61,89.97,29,79,63,73,22.52,1689482219.5607147,73808749.0,0.1223,-10.46,627180,648513,684398,0.106
2273,NWFL,Financial Services,Banks - Regional,NASDAQ,95.7,61,91.06,33,77,76,63,29.42,332041158.8474388,10890166.0,0.0119,-8.72,22320,20273,22080,0.334
2274,UTF,Financial Services,Asset Management,NYSE,95.67,61,96.56,63,64,62,43,27.3,3017754546.4186993,111810099.0,0.00029999999,-0.18,292700,324486,331098,
2275,BLCO,Healthcare,Medical Instruments & Supplies,NYSE,95.66,61,92.45,39,66,65,59,16.03,5768758381.246262,356536358.0,0.08270001,-15.25,596510,462083,448118,0.098
2276,SBET,Financial Services,Capital Markets,NASDAQ,95.64,61,106.36,82,24,29,92,7.76,1466882486.4016786,197161623.0,0.1308,-93.75,6809370,7681620,7154680,18.162
2277,BCAL,Financial Services,Banks - Regional,NASDAQ,95.62,61,93.26,47,67,64,76,18.6,618931736.5,32152298.0,0.0252,-9.14,164050,183936,196918,-0.082
2278,NECB,Financial Services,Banks - Regional,NASDAQ,95.61,61,90.52,31,67,67,30,23.98,338380189.91457367,13834023.0,0.0066000004,-6.51,27520,34923,35672,-0.013
2279,FURY,Basic Materials,Other Industrial Metals & Mining,NYSE ARCA,95.6,61,90.28,30,71,88,83,0.6,111982951.5905726,190123861.0,0.0007,-41.18,363440,367370,477702,
2280,UTMD,Healthcare,Medical Instruments & Supplies,NASDAQ,95.59,61,90.05,30,68,65,37,64.0,208076028.89156342,3184025.0,0.052600004,-10.88,9940,11940,13328,-0.102
2281,MDB,Technology,Software - Infrastructure,NASDAQ,95.59,61,103.1,78,31,83,90,294.65,24068262348.797333,80369527.0,0.0414,-33.74,1501290,1573013,1957290,0.267
2282,PBFS,Financial Services,Banks - Regional,NASDAQ,95.58,61,94.53,55,64,70,70,14.52,356213234.2354164,24414889.0,0.0088,-4.35,10910,9553,13296,0.083
2283,GRNQ,Industrials,Consulting Services,NASDAQ,95.5,61,62.12,2,95,76,88,1.57,36426908.116045475,18033123.0,0.0011,-50.63,12560,25553,26376,-0.535
2284,BPYPO,Real Estate,Real Estate Services,NASDAQ,95.49,61,94.76,56,60,57,60,15.42,,,0.33,-5.15,7030,15946,29576,-0.307
2285,DLPN,Communication Services,Advertising Agencies,NASDAQ,95.49,61,90.77,32,64,70,91,1.45,17893738.063661575,12513104.0,0.001,-22.87,33510,29943,23512,0.27
2286,VZLA,Basic Materials,Other Industrial Metals & Mining,NYSE ARCA,95.49,61,100.25,73,31,70,95,3.73,1244215832.6015162,349498835.0,0.1114,-48.12,5964840,7045000,7392938,
2287,SYM,Industrials,Specialty Industrial Machinery,NASDAQ,95.48,61,86.61,20,75,82,93,51.71,6652093957.659187,127215411.0,0.2753,-41.16,1878500,1515373,1430384,0.231
2288,FAF,Financial Services,Insurance - Specialty,NYSE,95.47,61,96.65,63,57,56,52,68.45,7238976093.292236,101900000.0,0.0452,-4.23,832130,918150,991670,0.162
2289,QETAU,Financial Services,Shell Companies,NASDAQ,95.44,61,96.58,63,50,46,56,12.0,,,0.0,0.0,0,16,10,
2290,CET,Financial Services,Asset Management,NYSE ARCA,95.44,61,94.96,57,60,60,64,52.72,1570838922.89114,29549265.0,0.00029999999,-2.87,39040,37383,40822,0.484
2291,NMS,Financial Services,Asset Management,NYSE,95.42,61,96.01,61,59,54,61,12.47,77081031.84688568,6231288.0,0.0015,-0.16,17240,13540,14294,
2292,EEX,Communication Services,Advertising Agencies,NYSE,95.42,61,96.01,61,48,59,28,4.99,904445228.7833714,197909233.0,0.0211,-8.44,541050,193193,128920,0.243
2293,SONO,Technology,Consumer Electronics,NASDAQ,95.42,61,98.02,67,52,70,83,15.22,1794077835.2483797,119128671.0,0.1457,-23.21,2139910,1436603,1424848,0.084
2294,IRMD,Healthcare,Medical Devices,NASDAQ,95.41,60,85.04,17,82,88,88,84.32,1102984221.7878723,12783035.0,0.066700004,-21.85,137740,111253,97428,0.126
2295,BEKE,Real Estate,Real Estate Services,NYSE,95.4,60,111.27,87,30,38,32,19.19,21016998550.179996,1113778358.0,0.053400002,-8.53,5122670,4100773,4252676,-0.287
2296,RGCO,Utilities,Utilities - Regulated Gas,NASDAQ,95.39,60,96.42,63,62,49,53,23.05,241446027.1400299,10407156.0,0.0089,-5.92,12720,11360,11688,0.247
2297,ANET,Technology,Computer Hardware,NYSE,95.39,60,86.62,20,84,63,76,136.43,178512456605.01224,1259169438.0,0.0166,-24.12,14303450,9495430,8291658,0.351
2298,PNC,Financial Services,Banks - Regional,NYSE,95.36,60,90.52,31,71,76,42,214.59,87079292900.156,401564632.0,0.0174,-12.03,1608410,2048750,2360226,0.138
2299,JRS,Financial Services,Asset Management,NYSE,95.35,60,97.81,67,59,52,47,8.26,238940748.3959236,28892471.0,0.001,-1.43,54690,63513,64612,0.281
2300,LOOP,Basic Materials,Specialty Chemicals,NASDAQ,95.34,60,97.35,66,62,60,33,1.41,70089457.05491424,48337555.0,0.019199999,-38.43,70330,44133,75914,0.654
2301,EXG,Financial Services,Asset Management,NYSE,95.33,60,97.16,65,59,65,70,9.5,2912511107.5663986,305936026.0,0.6,-2.86,465900,513453,530364,
2302,TXT,Industrials,Aerospace & Defense,NYSE,95.33,60,94.27,53,64,77,54,91.66,15825636532.27694,173888981.0,0.0309,-9.76,1715560,1297933,1447222,0.118
2303,CENTA,Consumer Defensive,Packaged Foods,NASDAQ,95.32,60,94.35,53,62,59,30,34.22,2142423577.982975,62570779.0,0.026099999,-9.25,362610,299216,308864,0.087
2304,MTW,Industrials,Farm & Heavy Construction Machinery,NYSE,95.31,60,91.66,35,71,80,64,13.02,471851946.0885773,35909584.0,0.0374,-16.32,256440,210336,233190,0.05
2305,CACC,Financial Services,Credit Services,NASDAQ,95.29,60,99.74,72,39,48,34,521.74,5576787109.022827,10460071.0,0.2894,-7.68,160310,149270,183482,0.127
2306,KO,Consumer Defensive,Beverages - Non-Alcoholic,NYSE,95.28,60,94.51,54,62,67,61,78.66,337400663341.4794,4302482418.0,0.0095999995,-4.07,15500420,13999773,15096244,0.121
2307,DKS,Consumer Cyclical,Specialty Retail,NYSE,95.27,60,97.42,66,48,31,57,220.25,20198456116.428894,89448901.0,0.127,-7.19,891850,1072470,1170138,0.599
2308,BCML,Financial Services,Banks - Regional,NASDAQ,95.24,60,95.48,59,56,63,55,30.47,337534273.80620384,10909317.0,0.011,-8.08,50040,45410,38186,0.158
2309,IFS,Financial Services,Banks - Regional,NYSE,95.23,60,87.82,23,82,81,77,44.44,4960504040.79166,111072639.0,0.0088,-16.15,209080,302380,281294,0.011
2310,TT,Industrials,Building Products & Equipment,NYSE,95.23,60,96.45,63,73,64,53,476.5,103049434681.36423,221055477.0,0.0166,-5.36,1521830,1326213,1326008,0.06
2311,AFRM,Financial Services,Credit Services,NASDAQ,95.22,60,111.95,88,26,17,67,66.45,21436857861.07052,334898565.0,0.0639,-33.55,5671430,5218550,5432446,0.326
2312,KOF,Consumer Defensive,Beverages - Non-Alcoholic,NYSE,95.22,60,95.49,59,65,81,62,105.23,22220502108.78456,210083226.0,1.04,-9.57,191790,155370,174208,0.016
2313,TROW,Financial Services,Asset Management,NASDAQ,95.22,60,101.28,75,38,33,43,104.75,22568702002.313873,214266606.0,0.13069999,-11.39,2234210,2157146,2393148,0.053
2314,ETSY,Consumer Cyclical,Internet Retail,NYSE,95.18,60,99.01,70,38,23,51,59.86,6109419091.139717,94896231.0,0.1817,-21.77,4065640,3079923,3007472,0.031
2315,BCS,Financial Services,Banks - Diversified,NYSE,95.17,60,93.21,46,75,83,83,23.17,80817631731.78397,3408588564.0,0.27,-16.35,6474750,7167816,8287434,0.039
2316,MUJ,Financial Services,Asset Management,NYSE,95.17,60,96.41,62,57,62,67,12.4,658963382.4796543,53185098.0,0.0011,-2.21,114280,111193,107672,0.02
2317,IMAX,Communication Services,Entertainment,NYSE,95.16,60,84.78,16,77,73,86,33.84,1942060910.3262062,55015891.0,0.1534,-21.59,1438530,1183303,1105800,-0.061
2318,HTD,Financial Services,Asset Management,NYSE,95.16,60,94.97,57,65,59,67,25.46,908117645.0144291,35431825.0,0.00059999997,-2.86,57630,57346,55514,0.111
2319,BHV,Financial Services,Asset Management,NYSE,95.15,60,97.93,67,52,50,71,11.3,18027852.55591011,1588357.0,0.0017,-3.09,4600,4126,4254,-0.02
2320,IDYA,Healthcare,Biotechnology,NASDAQ,95.14,60,84.04,15,80,81,88,28.13,2488221227.586975,87860920.0,0.1419,-28.39,873290,1455536,1263476,
2321,LNG,Energy,Oil & Gas Midstream,NYSE,95.11,60,86.53,19,75,40,41,240.7,50455973108.13739,210136908.0,0.0216,-20.0,2639770,2754466,3380396,0.083
2322,GDEV,Communication Services,Electronic Gaming & Multimedia,NASDAQ,95.11,60,105.0,81,43,36,85,17.42,326345783.9113655,18150489.0,0.0007,-58.72,3120,3680,2626,-0.079
2323,GTES,Industrials,Specialty Industrial Machinery,NYSE,95.1,60,97.96,67,69,73,41,25.98,6623616529.9383545,253875680.0,0.031600002,-8.75,2369940,2190313,2298792,0.004
2324,BUI,Financial Services,Asset Management,NYSE,95.09,60,93.38,47,64,75,69,27.35,672407472.8509197,24522519.0,0.0039,-11.2,85760,107190,135828,
2325,AUB,Financial Services,Banks - Regional,NYSE,95.09,60,90.41,31,74,75,38,36.99,5432670778.093689,143115672.0,0.0836,-12.3,945970,1015960,1061752,0.862
2326,SGU,Energy,Oil & Gas Refining & Marketing,NYSE,95.08,60,95.54,59,55,59,54,12.92,425454957.90339947,32879055.0,0.0018000001,-4.51,33390,22496,24938,0.032
2327,BA,Industrials,Aerospace & Defense,NYSE,95.07,60,99.66,71,54,71,54,238.21,187111441767.30157,788302331.0,0.002,-6.35,5666440,6310903,6814136,0.14
2328,OFG,Financial Services,Banks - Regional,NYSE,95.03,60,96.31,62,57,42,39,44.71,1943822000.0,42257000.0,0.0367,-4.57,262940,267623,336612,0.069
2329,WTGUU,Financial Services,Shell Companies,NASDAQ,95.03,60,94.13,52,60,46,50,11.12,,,225.47,0.0,0,0,20,
2330,CGCTU,Financial Services,Shell Companies,NASDAQ,95.01,60,96.55,63,48,52,52,11.3,,,0.0,-9.6,180,620,740,
2331,BMEA,Healthcare,Biotechnology,NASDAQ,95.01,60,97.1,65,66,21,8,1.57,111341134.84199524,72299440.0,0.2378,-49.03,1628820,1885423,1623112,
2332,MCHB,Financial Services,Banks - Regional,NASDAQ,95.01,60,88.66,25,69,77,70,14.5,3283370732.8084755,221400590.0,0.112399995,-9.49,504720,469440,450000,0.307
2333,ISBA,Financial Services,Banks - Regional,NASDAQ,94.99,60,82.49,12,86,92,91,40.77,308069875.40724564,7202943.0,0.0235,-30.7,29040,40766,32840,0.137
2334,SWAG,Communication Services,Advertising Agencies,NASDAQ,94.98,60,96.58,63,56,54,96,1.69,29530450.442094564,18690158.0,0.0050999997,-51.71,39610,39576,42334,0.072
2335,TFIN,Financial Services,Banks - Regional,NYSE,94.98,60,93.49,48,56,57,22,64.85,1583591869.6439896,23806253.0,0.15689999,-16.69,257890,285910,263756,0.062
2336,HBT,Financial Services,Banks - Regional,NASDAQ,94.97,60,90.68,32,70,73,42,27.65,1033222601.3217201,36381078.0,0.0086,-7.46,82000,72903,80952,0.175
2337,NTRA,Healthcare,Diagnostics & Research,NASDAQ,94.96,60,92.34,39,62,70,82,199.14,27733295264.625687,142778493.0,0.0272,-22.32,1857420,1471956,1385104,0.388
2338,CXH,Financial Services,Asset Management,NYSE,94.95,60,94.65,55,59,55,63,8.37,68709464.53832626,8199220.0,0.93,-0.59,131610,90093,63344,0.012
2339,ETV,Financial Services,Asset Management,NYSE,94.93,60,96.72,64,58,58,65,14.71,1712789536.1376667,116754569.0,0.26,-0.81,176280,180606,174534,-0.081
2340,BPYPN,Real Estate,Real Estate Services,NASDAQ,94.93,60,94.82,56,59,56,63,13.98,,,0.24,-6.05,16680,21393,19606,-0.307
2341,EMD,Financial Services,Asset Management,NYSE,94.9,60,94.69,55,62,68,72,10.69,622577046.7475004,58130443.0,0.0027,-5.4,223790,226013,237034,-0.03
2342,FHN,Financial Services,Banks - Regional,NYSE,94.89,60,92.18,38,65,67,55,24.04,11680344667.613724,474617813.0,0.0005,-9.49,3322280,4680700,5156546,0.096
2343,PGP,Financial Services,Asset Management,NYSE,94.85,60,94.67,55,62,71,72,8.94,104513216.90940857,11574000.0,1.05,-4.99,27960,26790,36326,0.001
2344,SNA,Industrials,Tools & Accessories,NYSE,94.84,60,91.91,36,66,68,45,370.46,19373916584.0,51801916.0,0.0685,-7.59,362420,392400,410280,0.052
2345,CLM,Financial Services,Asset Management,NYSE ARCA,94.81,60,97.31,65,51,57,69,7.72,2291020066.3172326,297921983.0,18.49,-9.5,1475640,1676476,1779276,1.473
2346,NAZ,Financial Services,Asset Management,NYSE,94.79,60,95.22,58,60,50,52,12.61,156156612.6381693,12276463.0,0.0032,-2.1,21180,21753,26046,
2347,HE,Utilities,Utilities - Regulated Electric,NYSE,94.77,60,83.75,14,81,88,67,13.93,2560186290.748947,172635624.0,0.1399,-19.85,2415530,1754513,2155610,0.003
2348,MBWM,Financial Services,Banks - Regional,NASDAQ,94.75,60,90.98,33,71,70,42,51.2,900167691.7934418,17274375.0,0.0173,-8.19,96950,112610,118474,0.258
2349,OXM,Consumer Cyclical,Apparel Manufacturing,NYSE,94.73,60,99.42,71,56,28,11,43.69,677081401.1050644,14887454.0,0.3668,-27.56,257690,301126,328306,-0.041
2350,MAYS,Real Estate,Real Estate Services,NASDAQ,94.73,60,97.68,67,53,43,44,42.54,85751283.04550171,2015780.0,0.0047999998,-31.38,520,1080,1300,-0.077
2351,CMCL,Basic Materials,Gold,NYSE ARCA,94.73,60,92.94,43,63,91,95,24.28,461967631.2334671,19313028.0,0.1019,-37.34,173420,152040,197898,0.574
2352,NOEMU,Financial Services,Shell Companies,NASDAQ,94.73,60,96.04,61,50,51,66,11.84,99100801.27716064,8370000.0,,-0.0,221,77,46,
2353,SBFG,Financial Services,Banks - Regional,NASDAQ,94.72,59,94.47,54,68,41,48,22.34,139809611.0687809,6275117.0,0.0255,-6.64,9600,8833,10740,0.118
2354,ETB,Financial Services,Asset Management,NYSE,94.72,59,95.57,59,60,58,66,15.4,454426848.89389515,29374715.0,0.81,-1.28,51050,62820,59762,-0.102
2355,TKC,Communication Services,Telecom Services,NYSE,94.71,59,98.88,70,61,67,31,6.74,5780631309.8454275,870577022.0,0.005,-6.13,856040,1009646,1240366,0.074
2356,RNST,Financial Services,Banks - Regional,NYSE,94.7,59,94.31,53,70,64,38,39.77,3708416376.0835266,92272120.0,0.053000003,-5.56,614610,630943,680200,0.602
2357,GNW,Financial Services,Insurance - Life,NYSE,94.7,59,96.4,62,59,67,70,9.06,3496874551.111931,383009256.0,0.028199999,-4.13,2615600,2793470,3145552,-0.005
2358,INDB,Financial Services,Banks - Regional,NASDAQ,94.67,59,90.05,30,75,76,57,76.71,3773134447.3532867,48249803.0,0.0512,-11.83,323770,351326,347236,0.516
2359,MBINL,Financial Services,Banks - Regional,NASDAQ,94.67,59,95.2,58,57,60,58,24.76,,,0.55,-2.29,31630,32573,37768,0.158
2360,MBINN,Financial Services,Banks - Regional,NASDAQ,94.67,59,96.23,62,58,48,43,20.95,,,2.09,-3.01,11010,8713,7906,0.158
2361,KRT,Consumer Cyclical,Packaging & Containers,NASDAQ,94.66,59,89.69,28,74,53,20,27.01,560381923.0775528,19963731.0,0.0239,-17.35,78320,85196,87064,0.129
2362,FHB,Financial Services,Banks - Regional,NASDAQ,94.63,59,94.25,53,62,54,40,26.76,3325882940.38216,121648973.0,0.1192,-5.61,1989900,1853753,1738030,0.074
2363,ELMD,Healthcare,Medical Devices,NYSE ARCA,94.63,59,93.46,48,50,40,70,25.93,222854181.6154251,8275313.0,0.021,-15.62,34040,38873,42640,0.163
2364,OCCIM,Financial Services,Asset Management,NASDAQ,94.62,59,96.92,64,50,55,60,26.06,,,1.46,0.0,1050,1196,1864,0.092
2365,EFSCP,Financial Services,Banks - Regional,NASDAQ,94.62,59,97.95,67,47,55,57,20.87,,,0.0115,-13.04,3010,2666,2246,0.126
2366,GOOD,Real Estate,REIT - Diversified,NASDAQ,94.61,59,96.73,64,55,35,22,12.53,621545797.506321,48406993.0,0.0535,-16.63,501840,387483,411906,0.118
2367,SWK,Industrials,Tools & Accessories,NYSE,94.6,59,95.54,59,53,77,27,79.07,12602782526.038727,155455564.0,0.048299998,-15.32,2220300,2296330,2085526,0.027
2368,EQBK,Financial Services,Banks - Regional,NYSE,94.56,59,91.62,35,62,64,48,45.24,949052966.9439812,20767023.0,0.026300002,-9.65,89520,109520,117090,0.33
2369,PCYO,Utilities,Utilities - Regulated Water,NASDAQ,94.56,59,97.32,65,51,41,50,11.56,280087408.20152664,24103908.0,0.0189,-4.9,46700,56010,56916,0.294
2370,LUV,Industrials,Airlines,NYSE,94.52,59,91.96,37,65,91,61,39.99,20191242755.25855,488773713.0,0.051999997,-27.44,6598190,7523696,8522360,0.128
2371,NNN,Real Estate,REIT - Retail,NYSE,94.51,59,95.91,61,59,62,53,44.3,8439409247.838272,190248177.0,0.0423,-3.76,2118400,1719543,1583006,0.041
2372,RTX,Industrials,Aerospace & Defense,NYSE,94.5,59,88.81,25,77,83,83,178.61,237137479904.818,1346683428.0,0.0099,-16.73,5616940,5158480,5522160,0.087
2373,UNTY,Financial Services,Banks - Regional,NASDAQ,94.5,59,90.82,32,69,65,57,53.01,538593977.1515198,10040902.0,0.0097,-7.49,36770,51420,49670,0.161
2374,ATAT,Consumer Cyclical,Lodging,NASDAQ,94.48,59,95.99,61,63,71,82,38.61,5263502932.765503,138185952.0,0.018099999,-10.57,898140,1133973,1213918,0.338
2375,ATO,Utilities,Utilities - Regulated Gas,NYSE,94.48,59,91.78,36,68,61,72,182.13,30190787390.101807,166919822.0,0.026400002,-5.39,932040,829760,975674,0.006
2376,EA,Communication Services,Electronic Gaming & Multimedia,NASDAQ,94.48,59,91.61,35,68,73,84,200.22,50160854844.69098,250253713.0,0.0481,-2.28,1908470,1722486,2038858,0.119
2377,PM,Consumer Defensive,Tobacco,NYSE,94.47,59,100.53,73,44,74,54,182.11,266497985638.95944,1558558846.0,0.0107,-4.8,4613390,4823916,4970618,0.091
2378,AEE,Utilities,Utilities - Regulated Electric,NYSE,94.46,59,92.55,40,65,61,67,109.99,30174566511.902138,276653219.0,0.0368,-4.84,1748200,1630486,1663548,0.079
2379,KSS,Consumer Cyclical,Department Stores,NYSE,94.45,59,84.82,16,67,89,87,13.09,1627670689.5,112253151.0,0.31190002,-48.1,4095490,4156080,5225146,-0.042
2380,NIC,Financial Services,Banks - Regional,NYSE,94.43,59,88.99,26,80,75,54,144.21,3125305097.4154663,21251905.0,0.0269,-11.59,125140,159036,178298,0.465
2381,DEA,Real Estate,REIT - Office,NYSE,94.43,59,93.04,45,61,60,35,22.85,1084592900.61903,46449374.0,0.0574,-8.38,405100,368226,409092,0.158
2382,ANGH,Communication Services,Entertainment,NASDAQ,94.41,59,87.97,23,44,14,10,3.25,31908123.98710251,9064808.0,0.0064,-53.9,5560,3416,3694,0.053
2383,TDS,Communication Services,Telecom Services,NYSE,94.41,59,90.6,31,66,76,62,43.31,5290327473.129639,113843928.0,0.0005,-11.83,961470,809146,825968,-0.732
2384,LOB,Financial Services,Banks - Regional,NYSE,94.41,59,91.42,34,65,77,31,36.68,1744092175.9954033,46262391.0,0.0708,-14.48,205150,233210,261962,0.335
2385,MSCI,Financial Services,Financial Data & Stock Exchanges,NYSE,94.4,59,97.49,66,40,33,44,584.63,42576185665.73682,72727592.0,0.0191,-6.65,607350,577890,572862,0.141
2386,LTC,Real Estate,REIT - Healthcare Facilities,NYSE,94.4,59,93.54,49,68,68,56,38.46,2002218504.0523071,51181456.0,0.0544,-5.74,350060,340733,369664,-0.19
2387,CNP,Utilities,Utilities - Regulated Electric,NYSE,94.39,59,92.1,37,66,65,73,42.27,27291951504.14673,654169480.0,0.081099994,-4.95,5259650,4689183,4697694,0.019
2388,MPB,Financial Services,Banks - Regional,NASDAQ,94.38,59,89.59,28,72,69,51,32.2,828216063.0797768,25296763.0,0.0241,-8.57,119880,178013,166828,0.333
2389,ADAMM,Real Estate,REIT - Mortgage,NASDAQ,94.38,59,95.34,58,58,58,65,25.58,,,0.88,-0.16,10650,14950,17432,0.107
2390,NVST,Healthcare,Medical Instruments & Supplies,NYSE,94.37,59,83.87,14,83,87,40,24.2,3944524816.274534,162727923.0,0.0758,-20.45,4268690,2866556,2673020,0.144
2391,ONB,Financial Services,Banks - Regional,NASDAQ,94.37,59,94.79,56,63,64,38,24.16,9388863605.220795,386373000.0,0.0794,-7.68,2890160,3107396,3250682,0.462
2392,IRON,Healthcare,Biotechnology,NASDAQ,94.37,59,95.16,58,68,67,92,69.23,2607469896.742058,38199089.0,0.1516,-30.42,447500,411600,483986,
2393,PMTS,Financial Services,Credit Services,NASDAQ,94.32,59,89.72,28,57,15,12,15.29,179019489.17759705,11475608.0,0.0465,-40.04,44020,44893,65634,0.198
2394,TDF,Financial Services,Asset Management,NYSE,94.31,59,96.82,64,56,65,79,11.56,289086604.7527046,25181761.0,0.0004,-5.25,62470,48316,52868,-0.201
2395,BFS,Real Estate,REIT - Retail,NYSE,94.28,59,94.62,55,59,62,31,34.44,863412797.6652832,24535744.0,0.0039,-3.66,55780,57273,57626,0.106
2396,XEL,Utilities,Utilities - Regulated Electric,NASDAQ,94.27,59,94.43,54,63,59,75,80.6,49560759987.3761,624269560.0,0.0508,-4.31,5590970,4764386,4621028,0.029
2397,NTGR,Technology,Communication Equipment,NASDAQ,94.27,59,106.62,83,32,19,63,26.42,737292116.9805012,26839903.0,0.1065,-28.32,540880,489753,544332,-0.02
2398,SNTG,Financial Services,Credit Services,NASDAQ,94.27,59,98.43,68,51,58,72,2.09,6062307.36245513,2805325.0,0.01,-83.54,10950,10216,9318,-0.359
2399,AXIL,Technology,Consumer Electronics,NYSE ARCA,94.26,59,95.49,59,74,47,18,7.04,48746677.20018816,6817717.0,0.0116,-31.32,727770,248856,155236,0.054
2400,MPLX,Energy,Oil & Gas Midstream,NYSE,94.25,59,91.4,34,67,63,70,54.03,54795620826.0,1014733719.0,0.0222,-9.92,2893580,2379820,2024536,0.071
2401,GUTS,Healthcare,Biotechnology,NASDAQ,94.24,59,137.93,96,4,4,32,0.77,119779966.3085028,158648963.0,0.0279,-74.59,1922030,1717543,2062754,
2402,LGL,Technology,Scientific & Technical Instruments,NYSE ARCA,94.23,59,92.94,43,59,66,40,7.16,45783045.0,6540435.0,0.0025,-26.49,4410,4730,4868,0.054
2403,GLPI,Real Estate,REIT - Specialty,NASDAQ,94.22,59,95.82,60,54,51,41,48.03,13656957518.749786,283221841.0,0.0591,-3.84,1634370,1995060,2105368,0.063
2404,EML,Industrials,Tools & Accessories,NASDAQ,94.21,59,96.88,64,60,27,22,21.97,133887132.04216003,6036390.0,0.0495,-17.93,13450,13013,16470,-0.137
2405,LTM,Industrials,Airlines,NYSE,94.21,59,90.62,31,77,90,82,49.68,14979706822.599838,292743939.0,0.0178,-29.45,972000,1049250,1172156,0.219
2406,PCAR,Industrials,Farm & Heavy Construction Machinery,NASDAQ,94.21,59,86.56,19,78,79,37,112.96,60159777552.11151,526286229.0,0.026800001,-14.35,2993910,2766556,2794856,-0.089
2407,KSPI,Technology,Software - Infrastructure,NASDAQ,94.21,59,101.26,75,41,28,18,85.84,16310270091.226387,189875085.0,0.0195,-13.47,507190,525740,590166,0.52
2408,ECAT,Financial Services,Asset Management,NYSE,94.2,59,98.62,69,56,51,66,15.28,1502966084.620267,99468307.0,0.0028,-10.85,561480,523170,566408,
2409,BCARU,Financial Services,Shell Companies,NASDAQ,94.2,59,98.17,68,48,61,58,11.35,,,2749.72,-4.11,200,183,124,
2410,SOHU,Communication Services,Electronic Gaming & Multimedia,NASDAQ,94.19,59,92.25,38,58,64,69,15.47,471726113.3840561,30065400.0,3.9845002,-10.58,30710,60103,48584,0.056
2411,LUD,Basic Materials,Steel,NYSE ARCA,94.18,59,105.26,81,54,82,92,6.04,139997301.73110962,22690000.0,0.0109,-75.04,38390,120250,129224,-0.313
2412,FLL,Consumer Cyclical,Resorts & Casinos,NASDAQ,94.17,58,115.29,90,27,16,9,2.93,107707594.54755521,36265183.0,0.0194,-40.81,182060,148386,142380,-0.008
2413,OGS,Utilities,Utilities - Regulated Gas,NYSE,94.16,58,90.93,33,69,65,70,84.96,5329166906.8732605,62762533.0,0.0627,-6.41,545940,466686,488218,-0.111
2414,REG,Real Estate,REIT - Retail,NASDAQ,94.16,58,92.35,39,65,58,43,77.72,14206479265.579529,183096790.0,0.0327,-4.82,1849700,1509500,1442008,0.1
2415,NWG,Financial Services,Banks - Regional,NYSE,94.14,58,93.33,47,74,69,83,15.76,62993321780.178665,3979363366.0,0.00029999999,-18.6,3827370,3617400,4097920,0.075
2416,DDL,Consumer Defensive,Grocery Stores,NYSE,94.14,58,87.5,22,64,82,11,2.49,557575643.0236161,218657119.0,0.0194,-26.98,312980,322753,543766,0.057
2417,BIAF,Healthcare,Diagnostics & Research,NASDAQ,94.14,58,85.39,17,82,3,0,1.97,9132310.121291876,4498675.0,0.1169,-86.87,525780,902880,10794074,-0.278
2418,DJCO,Technology,Software - Application,NASDAQ,94.13,58,87.58,22,58,78,27,491.9,690197392.0217896,1377722.0,0.17909999,-27.1,26290,56223,75590,0.104
2419,SFNC,Financial Services,Banks - Regional,NASDAQ,94.13,58,93.26,47,63,62,28,20.95,3085515791.835125,145064209.0,0.0428,-5.55,1007340,1222396,1270386,0.241
2420,CEPT,Financial Services,Shell Companies,NASDAQ,94.13,58,101.42,75,37,41,49,12.1,366042608.16574097,30580000.0,0.033099998,-11.94,802490,584370,541748,
2421,ACCO,Industrials,Business Equipment & Supplies,NYSE,94.12,58,110.35,86,25,60,21,3.92,372721484.24064445,92257794.0,0.0853,-8.84,1221640,1106043,1244090,0.083
2422,SWKS,Technology,Semiconductors,NASDAQ,94.12,58,111.49,87,34,30,34,70.13,10044110025.53897,150405963.0,0.2346,-22.85,5648040,3836283,3603506,-0.01
2423,LGI,Financial Services,Asset Management,NYSE,94.12,58,96.75,64,58,71,64,17.74,233582318.82808685,13012942.0,0.0064999997,-10.76,48610,52720,55578,0.112
2424,CENT,Consumer Defensive,Packaged Foods,NASDAQ,94.11,58,92.89,43,64,58,28,37.76,2386449472.8698273,62570779.0,0.0553,-9.08,54540,57300,77690,0.087
2425,OTTR,Industrials,Conglomerates,NASDAQ,94.1,58,92.44,39,68,56,54,88.29,3695864673.249817,41984150.0,0.184,-4.28,257980,282613,288226,0.029
2426,FUNC,Financial Services,Banks - Regional,NASDAQ,94.1,58,90.91,32,65,54,63,37.27,246909256.18154526,6446717.0,0.0094,-11.16,10790,9223,11616,0.111
2427,MVBF,Financial Services,Banks - Regional,NASDAQ,94.09,58,90.06,30,68,78,82,25.82,334868413.1974125,12849901.0,0.024600001,-12.74,45240,34696,35180,0.039
2428,EFSI,Financial Services,Banks - Regional,NASDAQ,94.07,58,92.44,39,62,67,68,37.36,205183173.33413696,5412376.0,0.0162,-9.14,12810,13670,13776,4.317
2429,MSBIP,Financial Services,Banks - Regional,NASDAQ,94.06,58,93.87,51,59,61,56,25.45,,,1.84,-1.89,1200,3016,3436,0.143
2430,NET,Technology,Software - Infrastructure,NYSE,94.05,58,92.24,38,62,38,87,193.52,69307261997.15942,353374090.0,0.030299999,-25.57,6077010,4976473,4422642,0.335
2431,PC,Industrials,Specialty Business Services,NASDAQ,94.02,58,92.66,41,64,73,85,9.4,30497781.762342453,3244445.0,0.0986,-32.86,0,0,0,-0.118
2432,AMRN,Healthcare,Drug Manufacturers - General,NASDAQ,94.02,58,97.54,66,50,63,82,15.02,315585094.44954014,20969109.0,0.0207,-28.13,106640,70740,70346,0.074
2433,BOE,Financial Services,Asset Management,NYSE,94.01,58,96.6,63,56,61,61,11.92,661641466.2902355,55600125.0,0.0008,-2.13,111280,131913,153734,-0.018
2434,RLTY,Financial Services,Asset Management,NYSE,94.01,58,97.47,66,58,56,52,15.85,265551809.1937275,16722406.0,0.26,-0.75,44550,46946,51536,
2435,EMN,Basic Materials,Specialty Chemicals,NYSE,94.0,58,93.74,50,60,67,18,74.64,8421874728.484192,114349960.0,0.059899997,-11.33,1349660,1359970,1540398,-0.049
2436,JF,Financial Services,Credit Services,NASDAQ,94.0,58,93.27,47,40,39,43,1.0,18706956.730189323,18340154.0,0.0018000001,-27.54,4770,12370,16802,
2437,HROW,Healthcare,Drug Manufacturers - Specialty & Generic,NASDAQ,93.98,58,89.77,29,49,86,73,38.04,1424962829.5375824,37273420.0,0.2167,-30.65,598500,528133,766868,0.333
2438,OGE,Utilities,Utilities - Regulated Electric,NYSE,93.96,58,93.16,45,64,53,56,47.4,9771823784.447777,206374321.0,0.0548,-5.45,1753250,1617973,1694164,0.007
2439,CPBI,Financial Services,Banks - Regional,NASDAQ,93.95,58,93.33,47,62,65,62,17.51,73486832.72917747,4205255.0,0.0017,-2.12,2870,2350,3454,0.175
2440,ECBK,Financial Services,Banks - Regional,NASDAQ,93.94,58,94.56,55,66,63,71,18.3,163792377.4193287,8773025.0,0.0234,-8.71,11420,11980,12438,0.444
2441,CARG,Consumer Cyclical,Auto & Truck Dealerships,NASDAQ,93.94,58,87.98,23,49,21,56,32.39,3133550623.6797867,90187098.0,0.14930001,-17.83,1428910,1062913,1186554,0.082
2442,ERH,Financial Services,Asset Management,NYSE ARCA,93.92,58,93.79,50,63,58,75,12.24,109518793.03079796,8832161.0,0.41,-6.35,22980,22093,21832,-0.06
2443,COFS,Financial Services,Banks - Regional,NASDAQ,93.91,58,96.4,62,63,38,40,30.94,470947089.1517639,14960200.0,0.014099999,-12.6,64310,71036,77624,1.35
2444,FERG,Industrials,Industrial Distribution,NYSE,93.89,58,89.93,29,73,77,78,243.98,46804954216.61847,193937826.0,1.37,-10.18,1368440,1414243,1371940,0.036
2445,O,Real Estate,REIT - Retail,NYSE,93.88,58,92.23,38,64,72,54,62.36,57739935750.15518,932492530.0,0.0376,-8.21,6208810,5536973,5857216,0.12
2446,GABC,Financial Services,Banks - Regional,NASDAQ,93.85,58,93.26,47,68,61,42,42.95,1637428540.1718597,37564316.0,0.0325,-4.56,103820,118833,160268,0.423
2447,GTLS,Industrials,Specialty Industrial Machinery,NYSE,93.84,58,92.78,42,72,55,68,207.79,9928759605.411926,47865593.0,0.1241,-0.35,942550,1325163,1692548,-0.025
2448,SELF,Real Estate,REIT - Specialty,NASDAQ,93.84,58,94.53,55,60,46,47,5.33,60420961.8442955,11421732.0,0.0017,-9.51,22060,30630,29264,-0.009
2449,CHNR,Basic Materials,Other Industrial Metals & Mining,NASDAQ,93.83,58,96.58,63,37,29,32,4.18,5402468.639636993,1256388.0,0.0644,-49.02,29200,15053,900084,
2450,BPYPP,Real Estate,Real Estate Services,NASDAQ,93.83,58,91.17,33,68,65,62,15.65,,,1.86,-6.46,54670,28973,27144,-0.307
2451,ORRF,Financial Services,Banks - Regional,NASDAQ,93.82,58,90.57,31,73,66,56,36.17,726717372.9224625,19619799.0,0.0402,-11.17,105950,130983,169034,0.054
2452,HFRO,Financial Services,Asset Management,NYSE,93.81,58,96.22,62,56,65,78,6.17,343961165.02289486,55388271.0,0.0001,-9.66,111850,120263,108674,
2453,BGDE,Financial Services,Capital Markets,NASDAQ,93.8,58,171.85,99,20,2,35,6.06,34072593.50930214,5486730.0,0.1102,-84.85,261360,1094566,678856,-0.785
2454,LBTYK,Communication Services,Telecom Services,NASDAQ,93.79,58,94.08,52,63,45,41,11.72,3996311602.1608505,338097437.0,0.0538,-10.67,1102780,1493903,1387826,0.088
2455,GE,Industrials,Aerospace & Defense,NYSE,93.76,58,94.46,54,70,74,85,300.77,310471110154.31616,1044829603.0,0.0121,-13.69,6531580,6638116,6152170,0.247
2456,HTZ,Industrials,Rental & Leasing Services,NASDAQ,93.75,58,104.92,81,72,34,74,6.19,1906070879.4915962,315053028.0,0.4488,-26.66,12669370,14729970,11336194,0.105
2457,TIMB,Communication Services,Telecom Services,NYSE,93.74,58,84.01,15,87,87,88,23.32,11365284303.938232,477733664.0,0.0225,-17.36,496420,455033,433724,0.065
2458,IBOC,Financial Services,Banks - Regional,NASDAQ,93.74,58,94.96,57,62,61,44,72.96,4556019539.141693,62181244.0,0.029000001,-3.29,259030,332226,415018,0.026
2459,NMRK,Real Estate,Real Estate Services,NASDAQ,93.73,58,95.78,60,59,36,69,16.53,2971639300.310463,177623394.0,0.1409,-16.66,1729430,1508803,1695816,0.272
2460,NAC,Financial Services,Asset Management,NYSE,93.71,58,95.04,57,57,57,71,12.0,1859707981.0393333,155234395.0,0.0023999999,-2.04,613310,629586,628708,
2461,FMAO,Financial Services,Banks - Regional,NASDAQ,93.71,58,93.53,48,64,61,38,27.2,383444041.0521469,13768188.0,0.0089,-8.82,112680,71630,60798,0.165
2462,LARK,Financial Services,Banks - Regional,NASDAQ,93.71,58,95.89,60,56,63,68,27.86,170975363.6624756,6097552.0,0.0194,-5.43,6700,5786,7082,0.106
2463,STRC,Technology,Software - Application,NASDAQ,93.69,58,93.83,50,58,56,65,100.0,,,0.55,-0.42,2515230,3474703,3071268,0.119
2464,DLHC,Industrials,Specialty Business Services,NASDAQ,93.68,58,90.16,30,77,44,51,5.66,84204532.52070189,14493035.0,0.0085,-30.12,5920,8373,7780,-0.336
2465,WTS,Industrials,Specialty Industrial Machinery,NYSE,93.67,58,91.95,37,75,82,71,298.16,9913755037.198181,33390890.0,0.0349,-13.62,283900,271550,237340,0.214
2466,ASTL,Basic Materials,Steel,NASDAQ,93.67,58,102.92,78,62,29,10,5.14,542671080.6638117,105578034.0,0.0257,-29.05,968570,997716,1350858,-0.229
2467,CZFS,Financial Services,Banks - Regional,NASDAQ,93.66,58,89.44,27,71,61,37,63.17,306554913.13412476,4804936.0,0.0084,-9.21,4830,6473,8724,0.136
2468,LFMDP,Healthcare,Health Information Services,NASDAQ,93.66,58,94.92,56,61,41,65,23.73,,,0.71,-4.12,1740,2406,2100,-0.014
2469,CB,Financial Services,Insurance - Property & Casualty,NYSE,93.65,58,90.4,31,64,71,64,320.26,123975609963.38452,387860106.0,0.0098,-7.35,1543490,1526356,1664514,0.102
2470,FBIZ,Financial Services,Banks - Regional,NASDAQ,93.65,58,90.0,29,67,67,58,55.51,473214975.2159653,8362166.0,0.0076,-8.31,31780,46616,41686,0.083
2471,CUBE,Real Estate,REIT - Industrial,NYSE,93.64,57,98.91,70,50,43,30,40.82,9160695262.51213,226413630.0,0.0368,-7.5,2587850,2289853,2368908,0.033
2472,IMPPP,Energy,Oil & Gas Midstream,NASDAQ,93.63,57,92.95,44,60,56,66,26.05,,,0.54,-6.23,680,733,900,0.951
2473,FOR,Real Estate,Real Estate - Development,NYSE,93.6,57,92.85,42,59,77,42,27.07,1402230058.4950275,51008733.0,0.026099999,-11.94,134750,144740,139096,-0.03
2474,VGM,Financial Services,Asset Management,NYSE,93.58,57,95.88,60,58,62,65,10.42,566181723.1633606,54231968.0,0.0022,-2.25,170430,173226,173960,0.008
2475,LODE,Basic Materials,Other Precious Metals & Mining,NYSE ARCA,93.57,57,90.32,31,44,36,69,2.97,223184471.3037815,75913084.0,0.038599998,-38.13,1137710,1059540,1136812,-0.601
2476,KTTA,Healthcare,Biotechnology,NASDAQ,93.56,57,103.01,78,27,27,14,0.79,19827259.076230288,24939948.0,0.0093,-61.65,399610,704170,465686,
2477,INTJ,Industrials,Consulting Services,NASDAQ,93.55,57,105.58,81,20,10,24,10.2,15067500.293254852,1537500.0,0.0018000001,-69.98,2280,6820,6490,0.035
2478,PH,Industrials,Specialty Industrial Machinery,NYSE,93.54,57,85.39,17,82,81,76,874.36,110808503399.66669,126086389.0,0.0107,-15.52,987800,706233,780058,0.106
2479,BAOS,Communication Services,Advertising Agencies,NASDAQ,93.54,57,95.85,60,30,37,55,2.71,4311908.38219595,1534487.0,0.0626,-67.35,6170,66410,42720,-0.505
2480,EFSC,Financial Services,Banks - Regional,NASDAQ,93.51,57,94.67,55,60,60,37,59.09,2188928780.1406097,36585805.0,0.019,-5.15,284560,273840,284806,0.126
2481,DCH,Consumer Cyclical,Auto Parts,NYSE,93.49,57,101.0,74,70,89,71,6.69,1571999258.2308812,236746881.0,0.1148,-27.68,4772040,4209430,4694730,0.686
2482,CNOBP,Financial Services,Banks - Regional,NASDAQ,93.47,57,93.78,50,60,59,66,24.95,,,0.04,-0.66,4460,5716,6660,0.655
2483,MMI,Real Estate,Real Estate Services,NYSE,93.45,57,102.13,76,37,24,29,30.23,1150539402.245575,37821808.0,0.0496,-10.08,230670,199163,243744,0.182
2484,FGMCU,Financial Services,Shell Companies,NASDAQ,93.43,57,95.92,61,51,51,59,11.1,110679850.0,10295800.0,0.0,-1.25,146,69,145,
2485,AFB,Financial Services,Asset Management,NYSE,93.41,57,95.26,58,56,54,62,11.17,322230733.6565323,28744936.0,0.44,-0.71,129900,121073,121814,0.071
2486,JRI,Financial Services,Asset Management,NYSE,93.41,57,97.28,65,52,55,71,13.13,360944832.0793133,27448277.0,0.0023999999,-7.99,134640,132386,200764,
2487,PAG,Consumer Cyclical,Auto & Truck Dealerships,NYSE,93.41,57,101.62,76,37,58,38,173.26,11429760560.922913,65760087.0,0.1514,-8.57,365400,279963,304798,-0.011
2488,MGM,Consumer Cyclical,Resorts & Casinos,NYSE,93.4,57,91.5,35,61,40,31,37.3,9924469639.888802,255851235.0,0.16780001,-8.89,5191250,4296686,4609728,0.042
2489,AWP,Financial Services,Asset Management,NYSE,93.39,57,94.79,56,65,62,53,11.88,366023104.70787716,30629549.0,0.67,-6.53,108550,130770,139900,0.461
2490,HGV,Consumer Cyclical,Resorts & Casinos,NYSE,93.38,57,96.79,64,58,57,33,46.04,3882107358.177994,79763869.0,0.1073,-11.6,985450,859366,805876,0.119
2491,SNFCA,Financial Services,Insurance - Life,NASDAQ,93.37,57,92.42,39,62,41,27,9.55,244510888.96493912,24773140.0,0.0126,-8.84,29040,31146,36376,0.047
2492,TY,Financial Services,Asset Management,NYSE,93.36,57,96.79,64,54,46,62,34.42,1826969756.9544601,53233385.0,0.01,-1.8,29020,33086,41216,-0.031
2493,MXC,Energy,Oil & Gas E&P,NYSE ARCA,93.36,57,90.74,32,45,72,50,9.56,18921408.296585083,2046000.0,0.0038,-41.99,11450,16510,43288,-0.268
2494,CBFV,Financial Services,Banks - Regional,NASDAQ,93.35,57,89.43,27,70,71,71,35.08,180011783.18349075,5072183.0,0.0215,-7.07,3360,3690,4558,0.202
2495,TURB,Technology,Solar,NASDAQ,93.34,57,80.36,9,72,4,13,1.28,15982796.7157197,12017140.0,0.24360001,-93.74,749010,2480940,7602068,0.115
2496,UIS,Technology,Information Technology Services,NYSE,93.34,57,125.64,94,11,12,6,3.15,231838445.46694517,72905170.0,0.081599995,-48.02,839830,722056,696448,0.013
2497,DAKT,Technology,Electronic Components,NASDAQ,93.31,57,93.92,51,67,89,77,20.68,1000792737.0124702,48747818.0,0.041500002,-26.85,255070,305023,464960,0.216
2498,SBAC,Real Estate,REIT - Specialty,NASDAQ,93.31,57,100.43,73,63,37,34,217.26,23139768224.682816,106063017.0,0.045100003,-10.65,816890,1404430,1230232,0.059
2499,TBI,Industrials,Staffing & Employment Services,NYSE,93.29,57,114.96,90,18,25,18,5.38,170566954.5693841,30404091.0,0.0642,-30.85,485340,445013,392640,0.076
2500,OPBK,Financial Services,Banks - Regional,NASDAQ,93.28,57,91.78,36,62,54,38,14.03,215221750.70914936,14894239.0,0.0104,-8.12,38440,38186,38956,0.123
2501,ORC,Real Estate,REIT - Mortgage,NYSE,93.28,57,93.05,45,64,64,65,7.02,1414936631.5805302,200700226.0,0.068,-16.43,4818320,6171500,6464662,
2502,PENN,Consumer Cyclical,Resorts & Casinos,NASDAQ,93.27,57,94.53,55,41,19,19,15.94,2240537999.9056835,133843371.0,0.1908,-22.66,3531780,4121486,4082496,0.064
2503,GXAI,Communication Services,Electronic Gaming & Multimedia,NASDAQ,93.26,57,94.32,53,40,21,21,1.24,12877116.742535114,10219934.0,0.019299999,-58.11,307000,932910,6166036,949.963
2504,FLNT,Communication Services,Advertising Agencies,NASDAQ,93.26,57,78.37,7,75,85,19,2.7,82887678.50696564,29815712.0,0.0047999998,-34.94,14680,20356,34494,-0.055
2505,MITT,Real Estate,REIT - Mortgage,NYSE,93.26,57,90.77,32,64,73,74,7.74,254109757.97076225,31803475.0,0.0002,-16.5,229130,214740,284416,-0.781
2506,PLBY,Consumer Cyclical,Leisure,NASDAQ,93.25,57,91.71,36,57,90,76,1.73,207828221.29443216,115460126.0,0.0182,-37.09,757000,793446,844958,0.042
2507,JFB,Real Estate,Real Estate - Development,NASDAQ,93.25,57,79.43,8,80,99,99,5.79,79848396.37403488,14207900.0,0.096099995,-67.01,292950,221090,240782,1.242
2508,JBS,Consumer Defensive,Packaged Foods,NYSE,93.24,57,86.6,20,80,69,35,15.59,17251826916.541367,1070876863.0,0.0889,-16.41,4943850,4604893,4877244,0.155
2509,LOKVU,Financial Services,Shell Companies,NASDAQ,93.24,57,93.52,48,57,52,63,11.5,,,4.2,-2.13,0,0,22,
2510,PKG,Consumer Cyclical,Packaging & Containers,NYSE,93.23,57,93.1,45,51,76,41,221.52,20036435831.750793,89213394.0,0.044499997,-11.22,840450,850046,977352,0.106
2511,NMI,Financial Services,Asset Management,NYSE,93.22,57,96.27,62,57,53,62,10.48,122349052.80160904,11276410.0,0.0046,-6.26,36000,37960,34650,0.046
2512,THC,Healthcare,Medical Care Facilities,NYSE,93.21,57,95.72,60,62,85,77,191.68,16398762480.59082,86137000.0,0.0317,-22.46,1895920,1475700,1295066,0.028
2513,MBNKO,Financial Services,Banks - Regional,NASDAQ,93.17,57,94.13,52,55,57,59,25.77,,,1.54,-7.96,2370,2556,3262,0.267
2514,BTU,Energy,Thermal Coal,NYSE,93.17,57,75.6,6,85,93,93,24.67,2874064762.7003975,121834029.0,0.1522,-40.03,3675750,3470573,3622550,0.039
2515,PFBC,Financial Services,Banks - Regional,NASDAQ,93.16,57,93.39,47,58,42,55,93.53,1125450955.4815521,11841866.0,0.1047,-9.24,108930,97976,109164,0.033
2516,SPH,Utilities,Utilities - Regulated Gas,NYSE,93.16,57,93.12,45,60,57,60,19.61,1304304490.4968529,66343057.0,0.0083,-5.72,175790,123783,118062,-0.008
2517,CRF,Financial Services,Asset Management,NYSE ARCA,93.14,57,96.12,61,51,52,65,7.3,1188924265.07514,162199765.0,0.1109,-11.52,1045960,1110603,1201224,12.282
2518,IEP,Energy,Oil & Gas Refining & Marketing,NASDAQ,93.13,57,95.91,61,55,38,47,8.1,5389845742.700329,672050553.0,0.1542,-18.92,1119740,865250,985920,0.059
2519,JMSB,Financial Services,Banks - Regional,NASDAQ,93.12,57,91.55,35,68,56,52,20.8,299179901.56679916,14112259.0,0.0099,-5.88,27570,42573,39326,0.162
2520,ADNT,Consumer Cyclical,Auto Parts,NYSE,93.12,57,95.69,60,66,84,52,22.12,1786257009.7022,78413387.0,0.0683,-19.03,1104720,913843,928848,0.07
2521,WASH,Financial Services,Banks - Regional,NASDAQ,93.09,57,87.58,22,81,78,36,31.61,616390656.6001434,19065593.0,0.0543,-14.75,200050,220783,209482,-0.07
2522,RNAC,Healthcare,Biotechnology,NASDAQ,93.09,57,124.46,93,15,15,9,8.53,254150084.8918419,29381514.0,0.1713,-45.22,203160,181590,228022,-0.929
2523,GRNT,Energy,Oil & Gas E&P,NYSE,93.08,57,86.64,20,73,35,38,5.25,659479950.0,131895990.0,0.0766,-21.87,888100,953360,1003552,0.103
2524,LEO,Financial Services,Asset Management,NYSE,93.07,57,95.25,58,58,60,64,6.48,404890551.0,62290854.0,0.0018000001,-1.07,257670,231620,196886,0.035
2525,GBX,Industrials,Railroads,NYSE,93.04,57,91.46,35,66,73,25,50.18,1563945903.095726,30938594.0,0.116000004,-15.22,324450,532523,437404,-0.229
2526,AES,Utilities,Utilities - Diversified,NYSE,93.04,57,91.64,35,67,82,75,14.35,10219549972.880384,713157713.0,0.0336,-18.7,14742210,10658240,14597942,0.087
2527,BKE,Consumer Cyclical,Apparel Retail,NYSE,93.04,57,87.01,21,73,68,78,50.18,2700062879.398964,51518086.0,0.1193,-18.66,356980,387790,435312,0.053
2528,SRI,Consumer Cyclical,Auto Parts,NYSE,93.03,56,110.1,86,44,90,34,7.29,215723036.23008728,28236000.0,0.019,-24.92,228890,230116,253280,-0.06
2529,OXLCN,Financial Services,Asset Management,NASDAQ,93.03,56,95.27,58,54,54,61,25.04,,,0.0,0.36,2730,2326,2580,0.295
2530,FORA,Healthcare,Health Information Services,NASDAQ,93.01,56,94.86,56,49,41,44,2.17,67167899.27936268,31240882.0,0.003,-19.93,42670,41566,31936,0.37
2531,FMNB,Financial Services,Banks - Regional,NASDAQ,93.01,56,93.95,51,57,43,39,13.98,839076852.0877476,59215021.0,0.0165,-9.81,309920,327373,403514,0.277
2532,EGHAU,Financial Services,Shell Companies,NASDAQ,93.0,56,95.7,60,48,42,60,11.0,,,0.0,0.0,0,16,72,
2533,DMB,Financial Services,Asset Management,NYSE,92.99,56,96.1,61,54,59,64,11.14,204490353.71081066,18405973.0,0.51,-1.24,55340,51670,54644,0.047
2534,AACG,Consumer Defensive,Education & Training Services,NASDAQ,92.97,56,104.12,79,53,21,65,1.14,50345094.643352866,43029997.0,0.0001,-55.81,13150,14850,13824,-0.117
2535,RIV,Financial Services,Asset Management,NYSE,92.96,56,94.97,57,56,60,55,11.74,320243783.5793457,27371264.0,0.0013,-5.02,76360,73850,76878,
2536,KAI,Industrials,Specialty Industrial Machinery,NYSE,92.95,56,98.87,70,57,60,15,333.81,4000712783.7227783,11807782.0,0.1967,-9.77,233870,181333,172096,0.177
2537,DLNG,Energy,Oil & Gas Midstream,NYSE,92.94,56,91.37,34,61,48,39,3.87,139706919.11730695,36382011.0,0.0043,-13.03,43680,71346,101660,-0.04
2538,VIASP,Utilities,Utilities - Regulated Electric,NASDAQ,92.94,56,93.4,48,60,59,72,25.49,,,0.15,-4.46,3070,3980,3774,0.225
2539,BPRN,Financial Services,Banks - Regional,NASDAQ,92.93,56,92.48,39,64,62,52,35.15,241122076.8890381,6796000.0,0.0064999997,-7.48,8320,9383,10550,0.038
2540,ANGO,Healthcare,Medical Instruments & Supplies,NASDAQ,92.93,56,92.91,43,47,52,87,10.84,462771840.1190424,41318915.0,0.0556,-22.52,277680,450150,415434,0.089
2541,LHX,Industrials,Aerospace & Defense,NYSE,92.91,56,82.92,13,79,84,79,302.35,55821421846.56995,186294951.0,0.0156,-20.27,1719320,1448656,1473018,1.9
2542,AIN,Consumer Cyclical,Textile Manufacturing,NYSE,92.91,56,102.82,77,39,41,11,61.42,1773602914.01688,28354963.0,0.024500001,-15.86,278670,229663,266102,0.078
2543,IGR,Financial Services,Asset Management,NYSE,92.88,56,97.89,67,56,56,46,4.82,731261138.3691101,151399824.0,1.55,-10.24,712700,624796,664308,-0.153
2544,NMCO,Financial Services,Asset Management,NYSE,92.88,56,94.51,54,57,52,64,10.84,599312522.8765182,55389329.0,0.0061000003,-1.36,137420,135313,137142,
2545,TAC,Utilities,Utilities - Independent Power Producers,NYSE,92.87,56,91.29,34,71,63,87,12.8,3799928068.1610107,297800000.0,0.0175,-28.41,1533450,1236880,1446134,-0.255
2546,WHF,Financial Services,Asset Management,NASDAQ,92.86,56,93.33,47,62,29,24,7.33,165975486.8501587,21611392.0,0.0201,-24.12,64850,84916,108192,-0.175
2547,API,Technology,Software - Application,NASDAQ,92.84,56,103.76,79,37,65,26,4.11,361873101.81925106,84549786.0,0.0128,-20.18,311170,285333,357838,0.107
2548,BTO,Financial Services,Asset Management,NYSE,92.84,56,91.95,37,65,66,40,36.67,738571250.5914001,19816776.0,0.38,-7.98,40070,48543,50570,-0.016
2549,SUNE,Technology,Solar,NASDAQ,92.84,56,103.54,78,61,36,6,1.61,5620916.318779945,3406616.0,0.053000003,-53.47,496550,338450,1681754,0.77
2550,SAFE,Real Estate,REIT - Diversified,NYSE,92.84,56,93.4,48,49,48,23,15.21,1083459338.4551144,71610002.0,0.0717,-11.36,450340,404430,368154,0.119
2551,PFE,Healthcare,Drug Manufacturers - General,NYSE,92.83,56,89.62,28,68,68,58,25.81,146361727999.25232,5699444169.0,0.0235,-10.23,41977640,36779573,38662866,0.054
2552,TWAV,Financial Services,Asset Management,NASDAQ,92.81,56,116.75,91,14,3,8,1.86,6221882.715865374,3327210.0,0.0352,-66.18,59730,63653,395572,0.105
2553,BGIN,Technology,Computer Hardware,NASDAQ,92.8,56,117.76,91,22,17,11,3.94,462726015.9531746,113135941.0,0.008,-39.38,30070,27173,19210,-0.875
2554,GLP,Energy,Oil & Gas Midstream,NYSE,92.8,56,98.03,67,52,55,30,47.81,1649009651.25,33825839.0,0.011,-15.4,52680,44380,46472,0.11
2555,VKI,Financial Services,Asset Management,NYSE ARCA,92.79,56,95.98,61,57,62,67,9.03,401430419.10604477,44406020.0,0.00090000004,-5.94,131990,129633,138914,-0.019
2556,BMRC,Financial Services,Banks - Regional,NASDAQ,92.77,56,91.49,35,65,68,72,25.7,422875160.4269428,16189707.0,0.0428,-9.76,119650,113430,106458,0.23
2557,TCBIO,Financial Services,Banks - Regional,NASDAQ,92.77,56,92.27,38,63,59,63,21.51,,,2.11,-6.25,13890,25053,29294,0.169
2558,DSM,Financial Services,Asset Management,NYSE,92.76,56,95.45,59,56,61,63,6.19,304975027.24110985,49428691.0,0.0011999999,-1.75,98920,109003,101934,0.015
2559,CABR,Healthcare,Drug Manufacturers - Specialty & Generic,NASDAQ,92.75,56,80.8,10,76,49,47,0.91,12614808.74735248,14736926.0,0.0046,-44.85,69110,58243,85818,-0.097
2560,BSAC,Financial Services,Banks - Regional,NYSE,92.75,56,85.47,18,81,85,84,29.79,14237104556.250784,471115317.0,0.0039,-21.02,530260,475766,465786,-0.026
2561,AKA,Consumer Cyclical,Apparel Retail,NYSE,92.74,56,98.67,69,37,25,36,11.06,123116977.93810368,10818715.0,0.014199999,-32.48,2820,3340,3642,0.031
2562,ALL,Financial Services,Insurance - Property & Casualty,NYSE,92.73,56,93.95,51,57,48,64,213.8,54869269658.32733,257420930.0,0.0001,-3.79,1693820,1394366,1403204,0.03
2563,MFM,Financial Services,Asset Management,NYSE,92.73,56,95.55,59,55,57,62,5.53,228591359.90591717,41187631.0,0.24,-2.47,167550,123256,110878,0.014
2564,RMBI,Financial Services,Banks - Regional,NASDAQ,92.72,56,93.03,44,56,54,41,14.61,148057576.46977615,9766331.0,0.0295,-8.89,48970,38690,31804,0.127
2565,NMR,Financial Services,Capital Markets,NYSE,92.71,56,89.37,27,72,84,74,7.9,22951869060.14318,2887027624.0,0.00090000004,-17.54,1293340,1752353,2108738,0.275
2566,VMO,Financial Services,Asset Management,NYSE,92.71,56,94.9,56,57,59,64,9.82,662267506.1187363,67440685.0,0.0017,-2.77,309320,274113,243622,-0.004
2567,SPXX,Financial Services,Asset Management,NYSE,92.71,56,97.29,65,50,50,52,17.94,319982487.2849846,17976545.0,0.003,-2.55,230990,296606,201822,-0.082
2568,RFMZ,Financial Services,Asset Management,NYSE,92.67,56,96.19,62,54,51,53,13.32,321443187.75527096,24351757.0,0.74,0.38,81760,67906,69094,
2569,QSEAU,Financial Services,Shell Companies,NASDAQ,92.67,56,94.58,55,56,44,51,11.0,,,21.44,-4.68,0,13,24,
2570,TILE,Consumer Cyclical,"Furnishings, Fixtures & Appliances",NASDAQ,92.67,56,94.72,56,63,83,64,28.7,1733004991.2244377,58429029.0,0.074499995,-18.26,592550,604630,633020,0.113
2571,AR,Energy,Oil & Gas E&P,NYSE,92.67,56,88.79,25,64,35,55,36.59,11135505414.505005,309836000.0,0.0274,-20.02,4526600,5276303,5830062,0.343
2572,NEA,Financial Services,Asset Management,NYSE,92.66,56,94.88,56,57,58,67,11.64,3480848191.1478996,299041932.0,0.0036000002,-2.18,901260,871490,919926,-0.014
2573,TFC,Financial Services,Banks - Regional,NYSE,92.66,56,89.68,28,68,72,56,47.97,61185131955.67436,1245879275.0,0.0225,-14.64,6053040,8128856,8981820,0.052
2574,GD,Industrials,Aerospace & Defense,NYSE,92.65,56,96.0,61,56,66,78,344.03,93712172370.99503,270430187.0,0.0111,-6.94,1790420,1500413,1445492,0.103
2575,BFST,Financial Services,Banks - Regional,NASDAQ,92.65,56,90.31,30,70,68,46,27.22,904526164.2125244,32677968.0,0.0153,-10.22,167110,180520,189004,0.148
2576,PK,Real Estate,REIT - Hotel & Motel,NYSE,92.65,56,92.07,37,60,56,34,11.03,2279415910.7492447,201361835.0,0.2464,-10.98,5262020,4473023,4074190,-0.011
2577,SR,Utilities,Utilities - Regulated Gas,NYSE,92.63,56,88.06,23,71,69,79,85.76,5066308893.989868,59116792.0,0.0378,-10.02,453840,386870,376272,0.045
2578,AMGN,Healthcare,Drug Manufacturers - General,NASDAQ,92.63,56,87.8,22,69,76,76,329.59,179118006591.79688,540000000.0,0.023599999,-15.77,2964230,2638066,2646946,0.058
2579,ORCL,Technology,Software - Infrastructure,NYSE,92.62,56,114.89,90,22,22,74,193.84,563561204923.0042,2876046000.0,0.0171,-43.93,25590630,29223906,29063968,0.217
2580,TRV,Financial Services,Insurance - Property & Casualty,NYSE,92.62,56,91.17,33,65,63,70,297.13,63376626118.75229,212644693.0,0.0215,-5.11,1208980,1347536,1410338,0.01
2581,WAT,Healthcare,Diagnostics & Research,NYSE,92.61,56,104.47,80,35,31,71,348.07,34861511298.15369,98165491.0,0.038,-15.96,1422260,1050796,1081418,0.915
2582,ALTG,Industrials,Rental & Leasing Services,NYSE,92.58,56,88.38,24,56,61,12,6.43,235557302.15320587,32535540.0,0.0423,-28.48,439460,269016,255992,-0.03
2583,RGR,Industrials,Aerospace & Defense,NYSE,92.57,56,84.83,16,60,61,29,37.58,622463651.7173996,15944253.0,0.0398,-22.05,133450,138580,170600,0.041
2584,MPX,Consumer Cyclical,Recreational Vehicles,NYSE,92.57,56,103.48,78,30,35,41,8.49,308653334.5445137,35234398.0,0.026500002,-15.77,35390,33876,35862,0.128
2585,CPAY,Technology,Software - Infrastructure,NYSE,92.56,56,100.28,73,44,42,22,341.58,22748742594.279785,66131990.0,0.0422,-5.64,556880,535233,599410,0.254
2586,AQB,Consumer Defensive,Farm Products,NASDAQ,92.56,56,89.88,29,48,46,85,0.88,4838371.747728109,5147204.0,0.0172,-70.17,40510,36310,35862,
2587,SPKL,Financial Services,Shell Companies,NASDAQ,92.53,56,97.02,65,44,48,57,11.91,102087145.55969334,8658791.0,0.0223,-0.83,39930,14426,9414,
2588,POR,Utilities,Utilities - Regulated Electric,NYSE,92.52,55,86.38,19,73,73,76,48.36,5614062639.361019,115730011.0,0.0525,-11.46,1360400,1233636,1292522,-0.053
2589,LTBR,Industrials,Electrical Equipment & Parts,NASDAQ,92.5,55,110.4,86,27,24,92,14.21,441101470.433342,32844487.0,0.1303,-54.66,849160,846646,875934,
2590,CD,Financial Services,Capital Markets,NASDAQ,92.5,55,115.36,90,26,21,94,6.02,499487638.97075653,79409800.0,0.0359,-83.63,73370,87036,123240,
2591,CEV,Financial Services,Asset Management,NYSE ARCA,92.49,55,94.54,55,57,57,69,10.4,73149177.31690407,7033575.0,0.27,-3.53,17170,25253,20174,0.058
2592,BBT,Financial Services,Banks - Regional,NYSE,92.49,55,85.15,17,78,69,38,28.56,2430919390.473198,84027631.0,0.044099998,-13.01,979420,782180,814868,1.418
2593,SLDP,Consumer Cyclical,Auto Parts,NASDAQ,92.48,55,88.82,26,63,86,99,3.15,691824863.6280584,224983692.0,0.111099996,-64.45,7565980,7377730,5951694,-0.589
2594,DNUT,Consumer Defensive,Grocery Stores,NASDAQ,92.48,55,91.06,33,28,19,30,3.38,620582869.5601678,172384135.0,0.1849,-41.01,2661820,2176406,2183980,-0.022
2595,FTW,Energy,Oil & Gas E&P,NYSE,92.47,55,97.02,65,40,47,54,10.99,490297500.0,44572500.0,1.62,-36.1,49740,80170,102470,
2596,GOLF,Consumer Cyclical,Leisure,NYSE,92.46,55,83.91,14,77,82,70,87.69,5360623730.842789,58554053.0,0.1362,-16.33,413290,319060,351260,0.071
2597,GUG,Financial Services,Asset Management,NYSE,92.41,55,94.79,56,59,60,55,15.88,522734328.13090324,32980083.0,0.95,-3.76,63620,67530,66096,
2598,LOVE,Consumer Cyclical,"Furnishings, Fixtures & Appliances",NASDAQ,92.4,55,98.74,69,37,21,8,16.06,235887204.56380844,14779900.0,0.26049998,-26.67,138890,261353,304718,0.027
2599,WTFCN,Financial Services,Banks - Regional,NASDAQ,92.39,55,94.73,56,50,54,60,26.56,,,0.42,-2.75,15790,21250,22182,0.103
2600,BDJ,Financial Services,Asset Management,NYSE,92.39,55,94.15,52,57,64,64,9.15,1627891105.050479,176944689.0,0.00059999997,-6.25,497720,505850,485748,-0.04
2601,UMBFO,Financial Services,Banks - Regional,NASDAQ,92.39,55,95.3,58,46,56,65,26.93,,,0.42,-3.99,10000,22433,19094,0.49
2602,YIBO,Technology,Computer Hardware,NASDAQ,92.38,55,106.72,83,36,13,14,1.14,62788270.87059069,59234221.0,0.0069,-57.62,16180,13623,12544,0.113
2603,VKQ,Financial Services,Asset Management,NYSE,92.36,55,94.48,54,57,58,63,9.79,541734689.7391176,55335515.0,0.0017,-2.0,353530,291826,241230,0.03
2604,BWBBP,Financial Services,Banks - Regional,NASDAQ,92.35,55,93.48,48,58,51,66,20.0,,,2.74,-11.03,3590,1850,1868,0.462
2605,BLLN,Healthcare,Diagnostics & Research,NASDAQ,92.35,55,124.49,94,21,27,24,105.94,4275740150.5298767,45995484.0,0.077800006,-23.62,805390,540143,457284,0.838
2606,EVCM,Technology,Software - Application,NASDAQ,92.35,55,88.18,24,53,49,19,11.0,2118932631.2895107,177020266.0,0.1182,-23.66,112680,111540,134742,0.036
2607,RSF,Financial Services,Asset Management,NYSE,92.34,55,94.15,52,55,50,58,14.63,62080106.82203293,4252062.0,1.14,-3.3,12610,11186,14464,
2608,RMM,Financial Services,Asset Management,NYSE,92.33,55,95.2,58,58,58,59,14.45,284645437.2660141,19739628.0,0.29,-2.89,52690,51873,50452,
2609,GMED,Healthcare,Medical Devices,NYSE,92.32,55,79.63,8,81,74,80,76.68,10581293182.440277,135744626.0,0.0295,-24.38,1877500,1321310,1180436,0.257
2610,EG,Financial Services,Insurance - Reinsurance,NYSE,92.32,55,96.85,64,41,45,39,350.78,13910209100.293396,39571602.0,0.0271,-4.75,343100,330000,338514,-0.047
2611,MSN,Technology,Consumer Electronics,NYSE ARCA,92.31,55,99.0,70,38,24,46,0.43,8627487.244745612,21042652.0,0.0226,-49.41,29600,45163,49444,-0.528
2612,EXR,Real Estate,REIT - Industrial,NYSE,92.31,55,97.22,65,46,53,33,144.58,30273692773.517212,211260936.0,0.0347,-6.84,1330170,1197770,1210194,0.038
2613,BKHA,Financial Services,Shell Companies,NASDAQ,92.3,55,94.39,54,51,55,61,11.86,49261433.65398216,4153578.0,0.06,-1.0,670,683,724,
2614,AOUT,Consumer Cyclical,Leisure,NASDAQ,92.26,55,92.57,40,42,33,9,9.28,118022269.75852966,12595760.0,0.0721,-31.04,28210,33366,40002,-0.033
2615,RF,Financial Services,Banks - Regional,NYSE,92.26,55,88.95,26,68,76,54,26.83,23578875918.75539,853379538.0,0.0788,-14.91,9088600,10132240,12515380,0.073
2616,MDBH,Financial Services,Capital Markets,NASDAQ,92.24,55,101.84,76,33,23,21,3.69,39933612.72665119,10300132.0,0.00029999999,-32.91,2820,5933,5832,3.418
2617,PMM,Financial Services,Asset Management,NYSE,92.24,55,95.06,57,53,58,58,6.3,269850409.2698221,42833397.0,0.0008,-3.37,125860,119536,109764,-0.002
2618,NVG,Financial Services,Asset Management,NYSE,92.23,55,93.77,50,59,65,66,12.74,2723114769.75,213577629.0,0.0022,-6.25,625670,600670,625906,-0.02
2619,SMP,Consumer Cyclical,Auto Parts,NYSE,92.22,55,94.62,55,69,81,72,39.0,899436505.5710678,22263279.0,0.0421,-15.22,111750,114633,126994,0.091
2620,RFM,Financial Services,Asset Management,NYSE,92.22,55,95.82,60,55,53,58,14.67,89519195.4593153,6114699.0,0.59,-1.54,14810,12336,14916,
2621,EDD,Financial Services,Asset Management,NYSE,92.21,55,93.02,44,63,78,73,5.51,358375617.6317954,64456047.0,0.49,-10.84,283490,405520,464040,
2622,ASO,Consumer Cyclical,Specialty Retail,NASDAQ,92.2,55,86.11,19,69,73,31,51.54,3490535170.1126404,64508134.0,0.1554,-17.46,1163600,1262876,1471560,0.025
2623,CTKB,Healthcare,Medical Devices,NASDAQ,92.19,55,85.52,18,59,45,84,4.12,595347343.3123956,129142587.0,0.0795,-33.33,807060,617640,702812,0.065
2624,JKS,Technology,Solar,NYSE,92.18,55,98.98,70,61,75,83,25.81,1286211789.3113022,52370188.0,0.040700004,-19.04,675780,713996,643554,-0.115
2625,FSS,Industrials,Pollution & Treatment Controls,NYSE,92.16,55,96.53,63,65,63,59,117.38,7218397064.178467,61002256.0,0.0743,-11.67,555490,483976,510976,0.349
2626,ETOR,Financial Services,Capital Markets,NASDAQ,92.16,55,111.04,87,26,11,21,38.75,3052249799.1440964,79527090.0,0.060599998,-51.54,1112360,1180103,1134030,-0.339
2627,STAG,Real Estate,REIT - Industrial,NYSE,92.14,55,93.23,46,60,50,68,38.56,7447437038.12788,191205055.0,0.045900002,-3.58,1393150,1201336,1266320,0.091
2628,BZH,Consumer Cyclical,Residential Construction,NYSE,92.13,55,105.64,81,39,68,26,25.16,513055907.7624321,27333825.0,0.0767,-11.19,1031030,611610,517976,-0.275
2629,OIA,Financial Services,Asset Management,NYSE,92.13,55,93.38,47,57,62,61,6.18,296549835.27700424,47676824.0,0.0022,-3.44,96050,102570,96376,0.008
2630,YHNAU,Financial Services,Shell Companies,NASDAQ,92.13,55,97.49,66,43,45,50,11.1,,,,-0.0,30,10,6,
2631,NZF,Financial Services,Asset Management,NYSE,92.13,55,94.09,52,58,60,66,12.64,2454547078.2803535,193729050.0,0.0017,-2.92,558440,547490,558412,-0.012
2632,AGNCO,Real Estate,REIT - Mortgage,NASDAQ,92.12,55,94.71,55,53,53,59,25.56,,,0.07,-1.2,14330,45673,37138,
2633,TJX,Consumer Cyclical,Apparel Retail,NYSE,92.12,55,88.19,24,66,66,73,148.91,169587676048.61548,1105814263.0,0.0104,-10.2,4821770,4311440,4426292,0.085
2634,AGNCN,Real Estate,REIT - Mortgage,NASDAQ,92.1,55,94.45,54,54,53,58,25.77,,,0.48,-1.3,23350,34383,29390,
2635,CNR,Energy,Thermal Coal,NYSE,92.09,55,85.49,18,54,63,58,86.07,4280110349.698181,50407610.0,0.0554,-25.03,778240,886743,1037746,0.066
2636,FSI,Basic Materials,Specialty Chemicals,NYSE ARCA,92.09,55,95.97,61,32,31,88,6.05,78845113.34884548,12737498.0,0.0057,-47.3,25460,23086,19898,-0.005
2637,UCB,Financial Services,Banks - Regional,NYSE,92.08,55,90.77,32,68,65,42,32.73,3992746483.5309296,119686643.0,0.0353,-10.99,634380,847860,872610,0.144
2638,NEWTP,Financial Services,Banks - Regional,NASDAQ,92.08,55,94.45,54,53,47,45,24.45,,,0.41,-1.61,5600,3963,4896,0.107
2639,DRS,Industrials,Aerospace & Defense,NASDAQ,92.07,55,91.77,36,67,47,37,41.49,11033280081.138657,266762087.0,0.0113,-15.86,971930,1037546,1099012,0.059
2640,INR,Energy,Oil & Gas E&P,NYSE,92.05,55,87.75,22,70,44,22,16.0,289705681.0734968,18751177.0,0.0619,-19.59,362540,317893,326810,0.694
2641,CZNC,Financial Services,Banks - Regional,NASDAQ,92.05,55,84.88,16,75,75,50,21.05,387392376.5093651,17909958.0,0.0164,-12.73,36470,35716,39134,-0.138
2642,KBDC,Financial Services,Asset Management,NYSE,92.04,55,95.91,61,50,37,42,14.6,987863118.7873125,66433297.0,0.0098,-10.98,309640,303190,338860,
2643,DOLE,Consumer Defensive,Farm Products,NYSE,92.03,55,93.54,49,63,66,43,15.21,1416049928.4907293,95164645.0,0.024,-8.21,1017800,780666,780284,0.092
2644,FCT,Financial Services,Asset Management,NYSE,92.01,55,94.25,53,50,56,48,9.76,254117527.70168686,25983388.0,0.0126,-5.15,69890,70420,82248,-0.026
2645,HPS,Financial Services,Asset Management,NYSE,91.95,55,96.37,62,51,48,61,14.79,479959408.5742893,32168861.0,1.81,-5.68,53300,59960,58590,0.011
2646,NAD,Financial Services,Asset Management,NYSE,91.94,54,94.94,56,55,58,67,11.95,2789897922.2202253,233464265.0,0.0013,-2.92,755270,706866,794156,-0.016
2647,CBU,Financial Services,Banks - Regional,NYSE,91.94,54,92.66,41,63,66,38,62.46,3360266471.90094,52537000.0,0.052399997,-7.47,188950,201523,231186,0.095
2648,VLYPN,Financial Services,Banks - Regional,NASDAQ,91.94,54,93.52,48,53,56,58,26.0,,,1.28,-2.31,8520,34050,25664,0.238
2649,SOR,Financial Services,Asset Management,NYSE,91.91,54,93.71,50,55,66,68,46.38,382740151.5,8230971.0,0.0008,-7.99,17360,15926,14078,0.138
2650,FDBC,Financial Services,Banks - Regional,NASDAQ,91.91,54,92.21,38,60,57,49,45.01,266457770.8580017,5805180.0,0.0062,-9.98,5910,6133,6804,0.108
2651,CNS,Financial Services,Asset Management,NYSE,91.89,54,102.86,77,34,31,21,72.15,3740272075.134224,51405607.0,0.0311,-14.1,313590,339223,368614,0.083
2652,NBTB,Financial Services,Banks - Regional,NASDAQ,91.89,54,93.71,50,62,55,35,44.82,2379999105.455761,52204411.0,0.026600001,-4.48,316730,259650,257124,0.216
2653,MBINM,Financial Services,Banks - Regional,NASDAQ,91.88,54,93.93,51,53,53,47,25.52,,,0.24,-1.69,3560,13730,13308,0.158
2654,NPV,Financial Services,Asset Management,NYSE,91.88,54,93.57,49,57,50,48,11.52,220134239.934906,19158768.0,0.0017,-2.46,43200,37860,38432,0.067
2655,UA,Consumer Cyclical,Apparel Manufacturing,NYSE,91.87,54,89.03,26,63,81,15,5.88,2661812506.25,425890001.0,9.34,-25.63,2124100,2446994,2528278,-0.052
2656,OXLCP,Financial Services,Asset Management,NASDAQ,91.87,54,93.89,51,53,51,60,25.05,,,1.68,-0.16,4660,7863,10696,0.295
2657,RCG,Financial Services,Asset Management,NYSE ARCA,91.87,54,89.41,27,70,53,58,2.8,19153095.9138155,7015786.0,0.0076,-15.41,8940,8686,9596,-0.462
2658,NUV,Financial Services,Asset Management,NYSE,91.86,54,94.34,53,55,55,64,9.23,1915608836.074997,207541596.0,0.0018000001,-0.32,486690,495440,491566,0.062
2659,TXNM,Utilities,Utilities - Regulated Electric,NYSE,91.86,54,93.51,48,56,60,71,59.25,6530621276.248455,110707257.0,0.0735,-0.45,1702610,1368696,1408426,0.046
2660,EXPE,Consumer Cyclical,Travel Services,NASDAQ,91.86,54,86.12,19,65,52,87,221.46,27602676755.670364,120022077.0,0.0684,-27.1,1990160,1728383,1997234,0.147
2661,ALV,Consumer Cyclical,Auto Parts,NYSE,91.85,54,99.13,70,45,66,73,120.53,9104879373.178299,74863338.0,0.0478,-7.38,686470,815983,846888,0.068
2662,APP,Communication Services,Advertising Agencies,NASDAQ,91.84,54,103.3,78,35,24,89,478.42,157404458463.72577,335939521.0,0.042600002,-35.84,4978760,4501856,4708654,0.59
2663,EIIA,Financial Services,Asset Management,NYSE,91.84,54,93.93,51,53,54,61,25.22,,,0.06,-4.22,3160,5626,5972,
2664,FOXX,Technology,Consumer Electronics,NASDAQ,91.84,54,95.84,60,76,69,4,5.05,35376215.88613415,7005191.0,0.0034999999,-43.13,4420,10243,11004,-0.044
2665,TAK,Healthcare,Drug Manufacturers - Specialty & Generic,NYSE,91.83,54,87.31,21,71,82,47,16.36,52000310957.79259,3159192822.0,0.0015,-13.44,3050500,3064090,2911688,0.042
2666,AFCG,Financial Services,Asset Management,NASDAQ,91.82,54,114.04,89,20,10,11,3.23,75762878.35316563,23528844.0,0.0872,-44.97,306100,217996,254174,1.201
2667,BN,Financial Services,Asset Management,NYSE,91.8,54,98.69,69,54,62,66,46.34,105324030778.02528,2237128859.0,3.05,-6.52,6102660,5871293,6072504,0.035
2668,RMMZ,Financial Services,Asset Management,NYSE,91.79,54,94.25,53,56,54,62,14.96,126571352.25772858,8455000.0,0.0028,-2.16,17880,17613,17354,
2669,XRPNU,Financial Services,Shell Companies,NASDAQ,91.79,54,97.39,66,47,41,66,11.19,,,0.64,-19.15,80,196,1072,
2670,IQI,Financial Services,Asset Management,NYSE,91.77,54,94.82,56,56,62,67,9.96,525664919.98907566,52883797.0,0.0008,-4.41,132210,160766,150966,0.009
2671,RMNI,Technology,Software - Application,NASDAQ,91.77,54,102.72,77,26,26,79,3.7,372091198.2345581,92560000.0,0.044499997,-31.23,581130,405736,360898,0.012
2672,WAFDP,Financial Services,Banks - Regional,NASDAQ,91.77,54,94.71,55,53,53,54,16.77,,,0.7,-4.12,9920,13873,14374,0.092
2673,SBH,Consumer Cyclical,Specialty Retail,NYSE,91.76,54,83.59,14,70,81,82,12.98,1378678856.5200157,98266492.0,0.261,-27.57,1815890,1422856,1464354,0.006
2674,GHC,Consumer Defensive,Education & Training Services,NYSE,91.75,54,91.02,33,60,53,65,1104.03,4894354798.246582,4307084.0,0.044099998,-9.86,16830,18420,20086,0.06
2675,ARVN,Healthcare,Biotechnology,NASDAQ,91.74,54,82.85,13,67,81,70,9.66,652271619.7696838,64517472.0,0.0795,-33.43,988120,866136,867856,-0.84
2676,ASG,Financial Services,Asset Management,NYSE,91.73,54,98.02,67,47,41,46,5.26,330658247.70814896,62862782.0,0.0007,-7.56,335830,297880,298902,-0.245
2677,NBBK,Financial Services,Banks - Regional,NASDAQ,91.73,54,89.3,27,75,71,58,20.11,900675418.9284325,44765178.0,0.0403,-12.03,352180,351966,329986,0.364
2678,NPCT,Financial Services,Asset Management,NYSE,91.73,54,94.9,56,56,53,61,10.48,301927500.0,28755000.0,0.006,-7.34,109130,104490,122530,
2679,RMSG,Technology,Software - Application,NASDAQ,91.73,54,116.65,91,92,4,10,1.38,13208367.734360576,9571281.0,0.3102,-74.73,3683850,21010236,17809536,
2680,VFL,Financial Services,Asset Management,NYSE ARCA,91.73,54,94.74,56,55,56,61,10.28,125849530.75,12278003.0,0.0043,-2.1,41450,37890,37454,
2681,MYN,Financial Services,Asset Management,NYSE,91.73,54,94.97,57,52,53,63,10.07,385047747.7076645,38313208.0,0.0008,-1.85,139810,158256,165858,0.065
2682,ARLP,Energy,Thermal Coal,NASDAQ,91.72,54,88.62,25,60,51,59,24.62,3197171253.9294376,128658801.0,0.0149,-16.4,446450,426150,401934,-0.045
2683,MPA,Financial Services,Asset Management,NYSE,91.72,54,95.11,57,55,54,61,11.47,148014274.85191345,12949630.0,0.0004,-1.55,29010,29843,30780,0.036
2684,CNX,Energy,Oil & Gas E&P,NYSE,91.68,54,84.93,16,69,73,77,36.11,5053579830.382141,141477594.0,0.19219999,-17.22,1938660,1989753,2119874,0.282
2685,MNSBP,Financial Services,Banks - Regional,NASDAQ,91.67,54,92.35,39,53,54,62,24.91,,,1.73,-11.82,1170,983,1056,0.033
2686,ESQ,Financial Services,Banks - Regional,NASDAQ,91.66,54,89.55,28,70,66,71,105.35,922950429.5492706,8639431.0,0.0971,-21.86,83120,114446,106918,0.17
2687,FTAIM,Industrials,Aerospace & Defense,NASDAQ,91.65,54,93.53,48,54,56,61,26.97,,,2.34,-1.89,4350,3846,4548,0.655
2688,DCTH,Healthcare,Medical Devices,NASDAQ,91.64,54,101.81,76,39,26,16,11.06,396308491.7572441,34521647.0,0.1221,-39.33,449080,340110,362244,0.263
2689,AGNCM,Real Estate,REIT - Mortgage,NASDAQ,91.63,54,94.41,54,51,53,55,24.97,,,0.41,-1.54,13050,27633,23154,
2690,DTE,Utilities,Utilities - Regulated Electric,NYSE,91.63,54,90.79,32,64,55,61,142.43,29248782077.50406,208028313.0,0.028800001,-7.89,2038940,1362933,1350442,0.158
2691,WKC,Energy,Oil & Gas Refining & Marketing,NYSE,91.63,54,99.93,72,31,49,38,27.18,1390192042.8975601,51355451.0,0.1824,-8.94,880280,841166,830712,0.025
2692,ATIIU,Financial Services,Shell Companies,NASDAQ,91.62,54,93.65,49,44,52,62,11.2,288567995.08571625,25765000.0,0.0,-10.9,20,156,818,
2693,DTSQ,Financial Services,Shell Companies,NASDAQ,91.62,54,93.4,48,55,50,56,11.24,40954715.02936649,3653409.0,0.0011999999,-12.87,3100,3170,2212,
2694,AFL,Financial Services,Insurance - Life,NYSE,91.62,54,94.24,53,54,58,66,115.48,57566191865.75067,508984904.0,0.020499999,-3.22,2341530,2141300,2329240,0.279
2695,EQR,Real Estate,REIT - Residential,NYSE,91.59,54,97.69,67,40,42,30,66.18,24555985854.92222,374671735.0,0.0309,-7.83,3055090,2619326,2532420,0.025
2696,NPFD,Financial Services,Asset Management,NYSE,91.58,54,95.76,60,55,57,66,19.41,468784326.18211174,24164141.0,0.00059999997,-3.53,54980,50786,55852,0.068
2697,CNXN,Technology,Electronics & Computer Distribution,NASDAQ,91.57,54,98.38,68,56,48,31,66.51,1681316071.041893,25226047.0,0.0332,-6.55,85920,68773,73024,0.03
2698,BMHL,Financial Services,Capital Markets,NASDAQ,91.56,54,102.64,77,41,43,28,3.95,94424545.11689544,25520147.0,0.0021,-12.03,2320,2096,1458,1.657
2699,TNL,Consumer Cyclical,Travel Services,NYSE,91.55,54,85.36,17,82,77,74,63.61,4106285441.4181824,62424529.0,0.0552,-21.47,1022930,943720,824898,0.029
2700,HPF,Financial Services,Asset Management,NYSE,91.54,54,96.33,62,52,47,58,16.16,352042484.4954815,21650829.0,1.11,-5.66,39310,36136,39226,0.013
2701,D,Utilities,Utilities - Regulated Electric,NYSE,91.52,54,92.39,39,63,66,65,62.56,54429494354.89302,879455403.0,0.028800001,-7.41,5312160,4439773,4430954,0.231
2702,CHMI,Real Estate,REIT - Mortgage,NYSE,91.52,54,92.98,44,67,41,27,2.59,95155400.26662016,36739538.0,0.0001,-21.75,170080,161050,199548,
2703,MCN,Financial Services,Asset Management,NYSE,91.52,54,93.96,51,53,55,45,5.94,125855663.92553902,21116722.0,0.71,-7.04,57260,57773,55872,-0.185
2704,ADPT,Healthcare,Diagnostics & Research,NASDAQ,91.52,54,89.07,26,61,86,91,13.54,2210213120.6772995,160044392.0,0.067600004,-34.78,1995680,1786746,2016634,0.351
2705,BURL,Consumer Cyclical,Apparel Retail,NYSE,91.52,54,85.1,17,74,56,60,292.21,19132446435.786865,62830271.0,0.0793,-16.95,563160,607336,755916,0.113
2706,OCFC,Financial Services,Banks - Regional,NASDAQ,91.51,53,90.72,32,61,60,52,18.31,1082881253.2546349,57600069.0,0.0854,-11.16,716350,673696,687260,0.085
2707,TPVG,Financial Services,Asset Management,NYSE,91.51,53,100.91,74,32,37,36,5.62,234256119.5956359,40598981.0,0.0643,-25.37,313240,400930,492248,-0.127
2708,BCH,Financial Services,Banks - Regional,NYSE,91.5,53,85.71,18,79,86,86,35.47,18228532379.609917,505085406.0,0.0022,-24.16,254660,444793,429168,-0.079
2709,MTB,Financial Services,Banks - Regional,NYSE,91.49,53,88.45,24,70,76,42,207.98,31066854939.01703,146445060.0,0.0471,-12.98,950060,1011320,1105772,0.057
2710,FMN,Financial Services,Asset Management,NYSE,91.47,53,95.1,57,54,53,61,11.31,88507692.93392181,7818701.0,0.0019,-0.79,24310,25893,25130,-0.223
2711,ATCH,Financial Services,Capital Markets,NYSE ARCA,91.45,53,95.38,59,25,20,35,0.26,38636807.810470045,150337774.0,0.0624,-86.46,2308640,4208760,3283446,0.841
2712,CWCO,Utilities,Utilities - Regulated Water,NASDAQ,91.45,53,89.44,27,59,73,82,32.86,526726225.5027771,16000190.0,0.0251,-16.0,88150,137826,165982,0.044
2713,KTF,Financial Services,Asset Management,NYSE,91.45,53,93.55,49,55,53,63,9.11,356472840.7432518,39172838.0,0.4,-2.77,141330,157000,151264,-0.015
2714,CINF,Financial Services,Insurance - Property & Casualty,NASDAQ,91.45,53,93.21,46,59,60,71,163.33,24981908833.0,154686742.0,0.0176,-6.28,675210,704406,778596,0.116
2715,NBH,Financial Services,Asset Management,NYSE ARCA,91.44,53,95.36,59,51,57,60,10.42,308916364.4087143,29618059.0,0.0013,-2.07,113490,122120,108828,0.005
2716,MRDN,Communication Services,Electronic Gaming & Multimedia,NASDAQ,91.41,53,142.66,97,11,9,7,11.37,170048479.17083454,12652417.0,0.050300002,-52.15,117250,53160,44853,0.173
2717,BCAR,Financial Services,Shell Companies,NASDAQ,91.41,53,96.14,61,46,45,51,10.55,439604003.14331055,41200000.0,0.0016,-2.13,1019130,541743,427512,
2718,AFG,Financial Services,Insurance - Property & Casualty,NYSE,91.4,53,94.47,54,52,42,70,131.97,10910865028.100647,83086083.0,0.0194,-12.03,529050,484033,520000,0.004
2719,BNT,Financial Services,Insurance - Diversified,NYSE,91.37,53,97.4,66,54,62,66,46.18,12881860307.480762,274374017.0,10.23,-7.38,18560,27330,35422,-0.469
2720,PNI,Financial Services,Asset Management,NYSE,91.36,53,94.31,53,51,54,56,7.03,79808078.71723175,11209000.0,0.51,-2.36,33340,38296,42890,0.87
2721,NWS,Communication Services,Entertainment,NASDAQ,91.36,53,100.07,72,34,23,30,31.17,17134387595.567133,547249693.0,0.16950001,-12.39,1497660,1498846,1517992,0.088
2722,NSTS,Financial Services,Banks - Regional,NASDAQ,91.36,53,94.99,57,42,53,36,12.5,66558390.442884445,5261533.0,0.0011,-4.29,2240,4730,4846,0.066
2723,INGN,Healthcare,Medical Devices,NASDAQ,91.35,53,93.81,50,35,23,27,6.62,191818803.7988243,27324616.0,0.0372,-27.49,415750,329256,303674,0.034
2724,XOMAO,Healthcare,Biotechnology,NASDAQ,91.34,53,93.26,47,53,51,61,25.31,,,0.89,-4.13,10800,7050,4914,0.579
2725,SABA,Financial Services,Asset Management,NYSE,91.34,53,95.97,61,50,36,50,8.48,236263974.934021,27730512.0,0.0007,-10.36,53630,64240,77504,-0.167
2726,MUC,Financial Services,Asset Management,NYSE,91.33,53,94.35,53,54,54,61,10.85,1022837371.4445162,94183923.0,0.00059999997,-1.72,240550,254890,266642,0.073
2727,CHSCM,Consumer Defensive,Farm Products,NASDAQ,91.33,53,93.73,50,53,52,57,25.09,,,0.42,-1.22,22170,28063,23814,0.072
2728,FRME,Financial Services,Banks - Regional,NASDAQ,91.33,53,91.77,36,63,60,32,39.91,2546748954.193493,63022741.0,0.0227,-7.66,308390,351193,399192,-0.025
2729,BME,Financial Services,Asset Management,NYSE,91.32,53,91.85,36,57,67,69,38.76,503652309.6864929,12924103.0,0.0064,-9.31,61500,50723,49318,0.076
2730,PDM,Real Estate,REIT - Office,NYSE,91.32,53,98.51,69,35,43,64,8.29,1060161088.2108421,125019003.0,0.0392,-9.79,1219630,1228460,1142994,0.004
2731,PRK,Financial Services,Banks - Regional,NYSE ARCA,91.3,53,92.15,38,63,58,34,170.23,3134966557.764786,18096089.0,0.0299,-5.15,87680,83613,96254,0.212
2732,SPMA,Financial Services,Asset Management,NYSE,91.29,53,93.7,50,54,52,60,25.2,,,1.38,-3.0,4620,4213,4826,
2733,FT,Financial Services,Asset Management,NYSE,91.28,53,92.39,39,61,59,68,8.05,201055152.0,25131894.0,0.91,-3.59,52060,39243,38736,
2734,MHD,Financial Services,Asset Management,NYSE,91.27,53,94.21,53,55,51,61,11.8,616835313.3019104,52141616.0,0.0037,-2.07,391840,444113,419128,0.112
2735,NRIM,Financial Services,Banks - Regional,NASDAQ,91.26,53,89.34,27,61,65,69,23.82,548111020.6628723,22244766.0,0.024300002,-22.71,100320,121990,137046,0.062
2736,SLDE,Financial Services,Insurance - Property & Casualty,NASDAQ,91.26,53,94.5,54,42,36,41,18.56,2114763576.2778778,114559246.0,0.09689999,-28.34,1949550,1682913,2085986,0.382
2737,CING,Healthcare,Biotechnology,NASDAQ,91.26,53,85.21,17,76,89,29,4.96,64560472.046339035,12250564.0,0.1415,-58.28,459500,436566,550528,
2738,NAN,Financial Services,Asset Management,NYSE,91.24,53,93.77,50,53,55,65,11.45,357931592.8304901,31043504.0,0.0031,-1.89,80590,67150,71494,
2739,NWSA,Communication Services,Entertainment,NASDAQ,91.24,53,99.85,72,34,24,31,27.01,14786686955.371029,547249693.0,0.0438,-14.55,5415040,4986866,4523430,0.088
2740,CFFI,Financial Services,Banks - Regional,NASDAQ,91.21,53,88.63,25,70,62,47,73.35,241889659.99502563,3248149.0,0.0125,-9.43,3810,4416,4630,0.104
2741,VTN,Financial Services,Asset Management,NYSE,91.21,53,92.38,39,57,71,70,11.15,164272248.21489906,14614969.0,0.0037,-7.85,19790,19970,29258,-0.234
2742,WSBC,Financial Services,Banks - Regional,NASDAQ,91.2,53,88.12,23,68,68,41,33.48,3293222535.8358765,96180560.0,0.0256,-12.13,686510,679086,628670,1.077
2743,ZDGE,Communication Services,Internet Content & Information,NYSE ARCA,91.19,53,91.6,35,39,67,43,3.06,41473230.15064049,13041896.0,0.0128999995,-37.42,55370,66696,72396,0.183
2744,AGNCP,Real Estate,REIT - Mortgage,NASDAQ,91.18,53,94.76,56,50,52,58,24.98,,,0.13,-2.31,80610,130053,106494,
2745,SPKLU,Financial Services,Shell Companies,NASDAQ,91.18,53,93.6,49,54,60,46,11.78,,,,-1.53,20,16,10,
2746,CAPN,Financial Services,Shell Companies,NASDAQ,91.17,53,93.68,49,52,50,56,11.02,58169012.0,5288092.0,0.00059999997,-3.67,30,520,4876,
2747,VLYPO,Financial Services,Banks - Regional,NASDAQ,91.17,53,93.82,50,50,50,60,25.08,,,0.17,-2.56,5300,6786,7304,0.238
2748,TCBS,Financial Services,Banks - Regional,NASDAQ,91.17,53,90.86,32,54,54,54,16.83,48561147.13986206,2885392.0,0.0011999999,-15.85,1590,1026,1360,0.121
2749,GF,Financial Services,Asset Management,NYSE,91.16,53,99.39,71,44,69,60,11.98,195775344.17209625,16179780.0,0.0016,-6.55,36630,46656,36240,1.191
2750,UYSC,Financial Services,Shell Companies,NASDAQ,91.16,53,94.27,53,49,46,51,10.66,81676281.12785721,7658348.0,0.009,-0.05,820,5383,9864,
2751,JLS,Financial Services,Asset Management,NYSE,91.14,53,94.95,57,56,54,65,18.54,101920031.81266785,5476627.0,0.0057,-2.88,23460,18153,17018,
2752,PRI,Financial Services,Insurance - Life,NYSE,91.14,53,94.19,53,49,35,35,271.74,8561569015.73584,31184008.0,0.0513,-5.66,208930,199703,199902,0.081
2753,CCNEP,Financial Services,Banks - Regional,NASDAQ,91.14,53,93.29,47,51,53,60,25.05,,,1.09,-1.53,2370,1683,1306,0.486
2754,CAAP,Industrials,Airports & Air Services,NYSE,91.13,53,89.95,29,79,80,73,25.1,4118108822.8925743,163222707.0,0.0477,-17.7,226480,264570,264938,0.188
2755,INKT,Healthcare,Biotechnology,NASDAQ,91.13,53,92.28,38,32,41,82,10.95,55000164.769955635,4981899.0,0.0479,-85.59,22730,48296,376048,
2756,ECCC,Financial Services,Asset Management,NYSE,91.12,53,90.06,30,57,58,62,23.65,,,0.22,-5.4,13250,7390,6962,0.033
2757,BWMN,Industrials,Engineering & Construction,NASDAQ,91.12,53,101.11,75,39,61,77,34.07,608743919.1944046,17507734.0,0.0358,-25.66,139430,109890,163022,0.12
2758,TONX,Technology,Software - Application,NASDAQ,91.11,53,139.4,97,12,5,3,3.33,205771451.81029773,56530617.0,0.0769,-88.81,643870,419380,443198,6.942
2759,TRNS,Industrials,Specialty Business Services,NASDAQ,91.11,53,92.39,39,67,62,11,76.51,711579335.0,9332188.0,0.08180001,-21.19,149070,128383,132726,0.256
2760,JGH,Financial Services,Asset Management,NYSE,91.1,53,95.02,57,54,51,51,12.79,359448176.5695915,28125836.0,0.0025,-6.64,71730,71453,78546,
2761,GEF,Consumer Cyclical,Packaging & Containers,NYSE,91.09,53,90.15,30,64,79,42,66.61,3867475040.8810883,56816146.0,0.76,-13.65,229440,203046,228910,-0.005
2762,EIM,Financial Services,Asset Management,NYSE ARCA,91.09,53,94.62,55,53,50,58,9.99,513212252.2517452,51372599.0,0.3,-5.22,124410,131406,127900,0.651
2763,BHR,Real Estate,REIT - Hotel & Motel,NYSE,91.08,53,93.96,51,48,79,75,2.56,192302087.12511492,68679318.0,0.018,-19.75,398460,349336,393184,-0.032
2764,EURK,Financial Services,Shell Companies,NASDAQ,91.08,53,93.19,46,54,54,59,11.32,54868583.657738686,4825733.0,0.0002,-0.44,1080,1260,3892,
2765,HIMS,Healthcare,Drug Manufacturers - Specialty & Generic,NYSE,91.07,52,124.3,93,11,5,28,29.14,6532378152.145924,231071031.0,0.3725,-58.63,22244580,30654266,36917548,0.284
2766,UHT,Real Estate,REIT - Healthcare Facilities,NYSE,91.07,52,90.67,32,66,67,57,40.35,563488043.2489929,13875598.0,0.0305,-9.73,57860,58576,63108,0.003
2767,BWB,Financial Services,Banks - Regional,NASDAQ,91.06,52,89.29,27,69,72,67,18.0,516399969.60399246,27883367.0,0.0145000005,-11.33,67050,67950,69338,0.462
2768,HII,Industrials,Aerospace & Defense,NYSE,91.06,52,78.26,7,84,93,89,317.75,12462706244.019379,39404029.0,0.030299999,-30.92,720440,519400,518256,0.134
2769,AUTL,Healthcare,Biotechnology,NASDAQ,91.06,52,103.01,78,34,33,15,1.58,417844974.54977095,266143287.0,0.08229999,-41.48,1425810,1446386,1559142,
2770,GNSS,Technology,Scientific & Technical Instruments,NASDAQ,91.06,52,102.76,77,29,33,47,2.1,93137358.07293081,45212311.0,0.0247,-22.22,71610,89340,97740,1.459
2771,BHF,Financial Services,Insurance - Life,NASDAQ,91.05,52,91.81,36,66,60,81,61.11,3526022344.658718,57445785.0,0.1313,-7.87,512860,526273,615270,-0.357
2772,TXRH,Consumer Cyclical,Restaurants,NASDAQ,91.05,52,103.56,79,33,54,34,183.54,11693802542.000122,65925145.0,0.0479,-8.23,1503050,1192760,1092536,0.128
2773,EICA,Financial Services,Asset Management,NYSE,91.05,52,93.74,50,52,50,59,25.02,,,0.34,-3.47,2460,2206,3552,0.06
2774,NNY,Financial Services,Asset Management,NYSE,91.04,52,93.93,51,54,51,63,8.56,160909171.6853485,18886052.0,0.00059999997,-4.25,32600,33933,35824,
2775,FRMEP,Financial Services,Banks - Regional,NASDAQ,91.04,52,93.72,50,54,50,63,25.59,,,1.14,-5.54,1070,706,804,-0.025
2776,APH,Technology,Electronic Components,NYSE,91.04,52,82.03,12,84,86,91,122.47,157506914491.59897,1230234445.0,0.0127,-26.68,12055300,8718546,9361240,0.584
2777,CVBF,Financial Services,Banks - Regional,NASDAQ,91.03,52,92.13,37,64,57,40,20.1,3590078345.9272385,176590180.0,0.112799995,-6.42,1727180,2061860,1827166,0.003
2778,VLYPP,Financial Services,Banks - Regional,NASDAQ,91.01,52,93.63,49,55,52,59,25.31,,,4.74,-3.06,1560,2790,3834,0.238
2779,UAA,Consumer Cyclical,Apparel Manufacturing,NYSE,91.01,52,89.06,26,62,80,15,6.06,2738472633.321136,425890001.0,0.28219998,-25.64,7208680,7071370,8537810,-0.052
2780,ATNM,Healthcare,Biotechnology,NYSE ARCA,91.01,52,110.97,87,25,26,21,1.34,41101240.34470844,31374994.0,0.035099998,-31.11,132650,240783,191838,
2781,AWR,Utilities,Utilities - Regulated Water,NYSE,91.0,52,93.63,49,46,39,42,77.15,3025672691.993515,39192653.0,0.0286,-5.03,287000,349823,323384,0.143
2782,EOS,Financial Services,Asset Management,NYSE,90.99,52,98.25,68,40,37,52,22.67,1214538858.3092022,53316015.0,0.21,-7.43,123190,142556,136632,-0.003
2783,IBCP,Financial Services,Banks - Regional,NASDAQ,90.99,52,91.6,35,62,65,38,33.68,711530576.0559998,20606157.0,0.0255,-9.92,188900,174703,194570,0.097
2784,KWR,Basic Materials,Specialty Chemicals,NYSE,90.98,52,95.63,60,40,84,44,143.33,2562245031.1640015,17366444.0,0.1619,-21.68,177820,179200,180506,0.085
2785,S,Technology,Software - Infrastructure,NYSE,90.98,52,111.01,87,22,18,24,16.33,5645187120.562073,340276496.0,0.0753,-23.69,7395210,7307806,8148712,0.202
2786,PLSE,Healthcare,Medical Instruments & Supplies,NASDAQ,90.98,52,83.87,14,73,86,24,19.08,1301734273.1548405,68225067.0,0.1616,-27.45,324290,278640,272056,
2787,KNF,Basic Materials,Building Materials,NYSE,90.96,52,94.41,54,61,38,16,85.68,5132251124.969902,56753855.0,0.0813,-16.96,500310,487330,616720,0.16
2788,HMY,Basic Materials,Gold,NYSE,90.96,52,103.82,79,32,80,87,18.13,11232342218.65036,631385140.0,0.0115,-30.43,4948010,5259563,5486118,0.195
2789,ACEL,Consumer Cyclical,Gambling,NYSE,90.95,52,92.24,38,51,39,30,11.55,946599436.3146782,81392900.0,0.0221,-13.22,406690,338060,397732,0.085
2790,SCYX,Healthcare,Drug Manufacturers - Specialty & Generic,NASDAQ,90.95,52,84.25,15,82,45,11,0.82,72769452.50986159,79442633.0,0.0154,-37.4,295110,795013,592578,18.085
2791,CHSCL,Consumer Defensive,Farm Products,NASDAQ,90.93,52,93.78,50,51,50,53,25.82,,,0.41,-1.07,18640,25466,23462,0.072
2792,RGA,Financial Services,Insurance - Reinsurance,NYSE,90.93,52,93.09,45,58,69,37,209.47,13796195799.835205,65509000.0,0.0173,-8.61,430700,344750,339588,0.235
2793,RVTY,Healthcare,Diagnostics & Research,NYSE,90.91,52,102.03,76,36,41,35,98.95,11292136027.0,111803327.0,0.1122,-16.36,1740850,1254936,1198148,0.07
2794,AGNCL,Real Estate,REIT - Mortgage,NASDAQ,90.91,52,93.85,50,50,51,50,24.94,,,0.41,-2.16,11640,17476,17108,
2795,BCG,Financial Services,Asset Management,NASDAQ,90.91,52,95.55,59,46,63,17,2.14,35529266.141667366,16602460.0,0.0161,-37.79,148920,1249990,751964,0.158
2796,CMU,Financial Services,Asset Management,NYSE,90.91,52,90.59,31,61,56,61,3.51,89989519.73064566,25492782.0,1.94,-5.39,344470,236283,184370,0.005
2797,HBANL,Financial Services,Banks - Regional,NASDAQ,90.9,52,94.14,52,52,49,52,25.59,,,0.87,-3.16,12990,23480,22288,0.336
2798,ATII,Financial Services,Shell Companies,NASDAQ,90.9,52,95.26,58,46,50,55,10.85,319572005.6438446,29590000.0,0.0001,-0.37,224550,251846,174446,
2799,MBI,Financial Services,Insurance - Specialty,NYSE,90.9,52,94.41,54,53,37,85,6.1,290833364.6329794,50934039.0,0.0424,-26.15,441410,288483,331066,0.154
2800,HEPS,Consumer Cyclical,Internet Retail,NASDAQ,90.89,52,92.87,42,53,36,20,2.75,1007375040.1526451,357225200.0,0.0047,-17.42,347320,279530,262328,0.608
2801,AUDC,Technology,Communication Equipment,NASDAQ,90.89,52,95.13,58,49,20,47,8.63,217969417.6550293,25887104.0,0.0038,-24.96,185110,110906,112406,0.017
2802,CXE,Financial Services,Asset Management,NYSE,90.89,52,93.82,50,56,57,62,3.75,119167421.0380404,31525773.0,0.06,-3.35,104330,81143,70924,0.014
2803,CCID,Financial Services,Asset Management,NYSE,90.88,52,93.93,51,48,46,52,25.42,,,1.18,-0.12,3240,1670,2778,
2804,MGYR,Financial Services,Banks - Regional,NASDAQ,90.88,52,91.88,36,58,71,69,17.4,114466101.46423149,6477991.0,0.0011999999,-13.0,2260,2716,5792,0.072
2805,NDAQ,Financial Services,Financial Data & Stock Exchanges,NASDAQ,90.87,52,94.51,54,39,33,53,88.48,50282234421.25226,565540798.0,0.0195,-13.08,3298250,3241616,3293476,0.137
2806,PDPA,Financial Services,Asset Management,NYSE,90.86,52,93.07,45,53,52,61,25.15,,,0.89,-3.82,1020,2100,2282,
2807,ADC,Real Estate,REIT - Retail,NYSE,90.86,52,93.0,44,61,58,52,76.39,9154240059.589935,120102859.0,0.0001,-6.93,948500,1050560,1174610,0.187
2808,LWAY,Consumer Defensive,Packaged Foods,NASDAQ,90.85,52,98.75,69,47,34,29,24.95,391216338.62957764,15281888.0,0.048299998,-27.05,41660,70243,64172,0.18
2809,ATLCP,Financial Services,Credit Services,NASDAQ,90.84,52,96.74,64,41,59,64,23.9,,,0.45,-4.4,4260,5206,5890,0.608
2810,SIMA,Financial Services,Shell Companies,NASDAQ,90.83,52,95.08,57,48,48,56,10.99,334266658.6015949,30666667.0,0.0,-14.81,20990,138246,85912,
2811,CFR,Financial Services,Banks - Regional,NYSE,90.83,52,88.5,25,66,65,37,135.65,8719370498.082764,62797048.0,0.0002,-8.94,605370,527720,550770,0.078
2812,AAME,Financial Services,Insurance - Life,NASDAQ,90.8,52,89.37,27,65,70,87,2.45,51808958.3419075,20397228.0,0.002,-33.96,6220,11666,10372,0.208
2813,GMAB,Healthcare,Biotechnology,NASDAQ,90.79,52,88.06,23,59,77,86,26.18,16225656816.75064,613910580.0,0.013099999,-26.11,2118630,1740343,1723470,0.253
2814,COLA,Financial Services,Shell Companies,NASDAQ,90.79,52,94.54,55,49,47,54,10.74,47596109.69579697,4494439.0,0.0001,-1.24,34660,13460,11816,
2815,MYI,Financial Services,Asset Management,NYSE,90.77,52,94.5,54,55,56,62,11.03,733133760.7813292,66467251.0,0.0031,-3.75,354770,352020,301952,0.063
2816,NRO,Financial Services,Asset Management,NYSE ARCA,90.77,52,96.83,64,50,47,42,3.07,195154440.80587578,63361833.0,0.33,-8.9,300630,276876,277040,0.285
2817,GBCI,Financial Services,Banks - Regional,NYSE,90.77,52,90.54,31,61,68,32,47.23,6349660207.809158,130142654.0,0.053200003,-12.52,869100,879393,956432,0.397
2818,ZTG,Industrials,Consulting Services,NASDAQ,90.76,52,124.64,94,10,16,14,2.76,31883865.863089323,11808839.0,0.0419,-38.8,19150,134953,85102,-0.27
2819,USFD,Consumer Defensive,Food Distribution,NYSE,90.75,52,85.36,17,74,85,43,83.61,18586708102.43158,220221656.0,0.0461,-18.13,2639220,2205473,2395852,0.028
2820,WSBCO,Financial Services,Banks - Regional,NASDAQ,90.73,51,93.74,50,49,48,49,25.82,,,0.0018000001,-0.81,4000,10040,16222,1.077
2821,AZ,Technology,Software - Application,NASDAQ,90.73,51,98.18,68,42,29,13,7.39,318051358.31259966,44545009.0,0.0954,-40.21,437920,403556,394910,1.57
2822,GERN,Healthcare,Biotechnology,NASDAQ,90.73,51,83.17,13,78,66,10,1.39,891714144.6829689,641520974.0,0.1283,-30.85,15110190,17846530,18221262,0.309
2823,ZSQR,Technology,Software - Infrastructure,NASDAQ,90.73,51,87.34,21,43,38,93,12.05,641093568.092823,51431493.0,,-43.72,166130,99750,79736,
2824,IPM,Technology,Software - Application,NASDAQ,90.7,51,103.72,79,31,28,37,1.88,24077741.796783328,13085729.0,0.0069,-34.72,39490,40800,82402,20.916
2825,FACTU,Financial Services,Shell Companies,NASDAQ,90.7,51,94.39,54,47,49,55,10.99,,,0.32,-8.49,260,186,182,
2826,PGACU,Financial Services,Shell Companies,NASDAQ,90.67,51,93.31,47,46,48,48,10.53,,,0.0,-1.13,70,1784,1454,
2827,BANR,Financial Services,Banks - Regional,NASDAQ,90.67,51,93.57,49,50,43,36,64.79,2230674754.6128387,33967943.0,0.0416,-7.22,302040,251910,309926,0.083
2828,ESS,Real Estate,REIT - Residential,NYSE,90.66,51,97.12,65,38,37,35,268.77,16936180529.004944,64261739.0,0.0433,-8.61,500130,444676,468896,0.064
2829,URBN,Consumer Cyclical,Apparel Retail,NASDAQ,90.66,51,93.92,51,51,57,61,68.4,6412044138.5,89678939.0,0.1251,-18.91,979940,1165316,1510108,0.101
2830,NCI,Consumer Cyclical,Apparel Manufacturing,NASDAQ,90.65,51,116.42,90,3,89,5,1.12,21183700.250189066,18914018.0,0.006,-91.89,1516350,4903670,3442126,-0.508
2831,TARS,Healthcare,Biotechnology,NASDAQ,90.6,51,84.11,15,78,62,89,59.65,2633496491.000389,43023959.0,0.1095,-30.03,803420,601600,561690,1.069
2832,NBB,Financial Services,Asset Management,NYSE,90.6,51,94.8,56,51,53,66,15.93,468258408.3305664,29394752.0,0.0025,-4.15,50100,47310,52820,
2833,WSO,Industrials,Industrial Distribution,NYSE,90.59,51,96.35,62,48,50,16,424.75,17099537411.139069,40655105.0,0.0,-14.41,460540,495876,484906,0.001
2834,CRL,Healthcare,Diagnostics & Research,NYSE,90.58,51,91.71,36,63,43,59,168.46,8555551967.406006,48167730.0,0.1087,-26.4,863160,850573,864590,0.012
2835,MPT,Real Estate,REIT - Healthcare Facilities,NYSE,90.58,51,92.45,39,49,75,72,5.04,3090186595.6020355,597715000.0,0.3071,-22.1,6523570,5364170,5989404,0.126
2836,FITBI,Financial Services,Banks - Regional,NASDAQ,90.58,51,93.27,47,51,52,58,25.44,,,1.74,-2.12,26910,41490,36308,-0.01
2837,TLSI,Healthcare,Medical Devices,NASDAQ,90.57,51,97.98,67,25,50,36,4.54,272065582.10752726,61414355.0,0.028499998,-42.89,95360,129310,167976,0.598
2838,CLWT,Industrials,Pollution & Treatment Controls,NASDAQ,90.56,51,91.13,33,52,44,31,1.21,8671412.561934471,7411464.0,0.0101,-25.77,8610,3956,5494,-0.092
2839,MED,Consumer Cyclical,Personal Services,NYSE,90.55,51,107.76,84,26,27,17,12.4,139989659.5466423,11119115.0,0.2033,-19.79,227600,215300,244714,-0.343
2840,KVAC,Financial Services,Shell Companies,NASDAQ,90.55,51,93.37,47,50,49,57,12.08,111600124.97516441,9238421.0,0.0001,-0.98,10,36,172,
2841,UTSI,Technology,Communication Equipment,NASDAQ,90.55,51,97.27,65,39,38,42,2.61,24779626.104028225,9494110.0,0.0032,-11.22,4810,5606,4346,-0.158
2842,PGNY,Healthcare,Healthcare Plans,NASDAQ,90.55,51,114.12,89,18,33,80,22.55,1841962456.998951,77654406.0,0.099,-21.57,1914280,1483380,1556192,0.014
2843,IGA,Financial Services,Asset Management,NYSE,90.53,51,93.65,49,53,58,59,9.61,147584189.28431702,15341392.0,0.0008,-5.04,58890,61913,60212,0.028
2844,COLM,Consumer Cyclical,Apparel Manufacturing,NASDAQ,90.51,51,93.56,49,49,53,23,59.24,3223915574.5007935,51140792.0,0.1417,-17.35,742370,618613,616068,0.001
2845,AVB,Real Estate,REIT - Residential,NYSE,90.49,51,99.79,72,33,34,29,187.27,25607749916.241806,139112069.0,0.0454,-10.76,1217100,1016766,1010456,0.034
2846,GEG,Financial Services,Asset Management,NASDAQ,90.48,51,101.02,74,31,35,77,2.2,67104000.40948105,31357008.0,0.031400003,-37.32,8070,8733,32296,0.065
2847,JPC,Financial Services,Asset Management,NYSE,90.48,51,95.03,57,54,58,64,7.99,2977997494.309969,370858978.0,0.0072000003,-3.73,868150,989833,1144414,
2848,ACRE,Real Estate,REIT - Mortgage,NYSE,90.48,51,86.86,20,73,68,60,4.86,285172913.41247225,55481113.0,0.0339,-17.49,387120,386170,410554,-0.886
2849,AVA,Utilities,Utilities - Diversified,NYSE,90.48,51,91.85,36,60,63,71,40.68,3373300687.3807526,82638430.0,0.047199998,-6.48,526020,511426,574866,-0.076
2850,OCCIN,Financial Services,Asset Management,NASDAQ,90.48,51,93.19,46,51,52,58,24.69,,,0.73,-0.82,1810,1996,2180,0.092
2851,LRE,Real Estate,Real Estate - Development,NASDAQ,90.48,51,99.92,72,24,30,31,1.34,17734470.64950347,13641901.0,0.0311,-54.88,6820,7453,15096,0.122
2852,TBH,Communication Services,Electronic Gaming & Multimedia,NASDAQ,90.48,51,123.52,93,21,3,26,0.6,14755566.99296832,23496125.0,0.0171,-75.38,598010,1186703,877886,
2853,KARO,Technology,Software - Application,NASDAQ,90.48,51,90.41,31,61,56,40,48.64,1550843683.5697174,30893300.0,0.016900001,-23.23,122450,83620,66286,0.216
2854,RDVT,Technology,Software - Application,NASDAQ,90.47,51,115.24,90,22,26,88,46.9,701213384.4642525,14108921.0,0.056500003,-26.87,139260,120956,126756,0.174
2855,PCQ,Financial Services,Asset Management,NYSE,90.47,51,94.43,54,51,56,59,8.88,169310521.44813538,18981000.0,0.69,-3.37,119250,162066,155954,1.649
2856,SCD,Financial Services,Asset Management,NYSE,90.46,51,93.59,49,55,57,39,15.18,348634455.2566519,22906337.0,1.29,-10.12,66920,84860,66244,0.334
2857,TRTX,Real Estate,REIT - Mortgage,NYSE,90.45,51,94.36,54,54,58,68,8.41,662531327.5374069,77308209.0,0.0427,-14.62,569800,606490,673390,0.119
2858,OMC,Communication Services,Advertising Agencies,NYSE,90.44,51,92.29,38,47,31,31,75.15,21962576767.94409,285006196.0,0.1058,-13.79,5480030,4750893,4780832,0.692
2859,GDL,Financial Services,Asset Management,NYSE,90.42,51,93.68,49,51,51,62,8.5,92886359.5,10927807.0,0.0013,-1.96,8310,6820,8864,
2860,CHSCN,Consumer Defensive,Farm Products,NASDAQ,90.41,51,93.35,47,51,51,53,25.32,,,0.46,-1.78,13310,21490,19804,0.072
2861,BRID,Consumer Defensive,Packaged Foods,NASDAQ,90.4,51,99.45,71,35,35,36,8.05,70890057.4006195,9076832.0,0.0044,-7.89,1690,2056,2784,0.114
2862,DUOT,Technology,Software - Application,NASDAQ,90.4,51,101.63,76,39,69,89,8.66,244325383.53015518,29295609.0,0.0844,-28.84,456150,494283,594928,5.475
2863,CASH,Financial Services,Banks - Regional,NASDAQ,90.4,51,85.66,18,79,71,29,83.79,1822218128.437729,21110034.0,0.11399999,-17.25,195300,205173,227558,-0.037
2864,BSBK,Financial Services,Banks - Regional,NASDAQ,90.4,51,93.08,45,52,54,55,8.47,106830770.62248516,12560937.0,0.0017,-10.84,15850,10583,9218,0.03
2865,PMO,Financial Services,Asset Management,NYSE,90.39,51,93.48,48,53,55,61,10.42,293770021.10236454,28058263.0,0.0011,-4.14,73850,69040,65796,0.006
2866,STRF,Technology,Software - Application,NASDAQ,90.39,51,96.3,62,38,40,67,101.1,,,2.84,-20.89,75470,101420,112322,0.119
2867,MSLE,Healthcare,Biotechnology,NASDAQ,90.38,51,89.27,27,72,95,57,7.3,160191852.29197025,20831190.0,0.72,-45.5,43990,58533,86162,
2868,HPI,Financial Services,Asset Management,NYSE,90.38,51,94.95,57,50,44,65,16.04,439659177.41184235,26792150.0,0.67,-8.92,64160,66610,60992,0.012
2869,SPE,Financial Services,Asset Management,NYSE,90.37,51,95.27,58,46,55,59,14.41,154035733.0,10623154.0,1.01,-9.88,37610,47370,50620,-0.461
2870,CXW,Industrials,Security & Protection Services,NYSE,90.35,51,93.33,47,40,35,23,19.88,2010402384.2554092,98888460.0,0.033099998,-14.31,1220460,962700,1161760,0.258
2871,HMN,Financial Services,Insurance - Property & Casualty,NYSE,90.35,51,92.24,38,56,41,68,44.29,1797365897.9415436,40381172.0,0.0311,-8.36,211310,201043,236280,0.063
2872,TTAM,Basic Materials,Building Materials,NYSE,90.35,51,94.93,56,63,71,46,16.67,3045668006.194439,184362465.0,0.1436,-14.16,245750,223403,304518,0.015
2873,EOT,Financial Services,Asset Management,NYSE,90.34,51,93.65,49,54,57,62,17.11,266404891.12913132,15624921.0,0.23,-4.94,28860,30653,29216,
2874,FTAIN,Industrials,Aerospace & Defense,NASDAQ,90.33,51,93.21,46,52,50,58,25.41,,,0.52,-1.85,5600,9256,7526,0.655
2875,FPF,Financial Services,Asset Management,NYSE,90.3,51,95.17,58,52,54,63,18.42,1118991501.3914337,60847827.0,0.00059999997,-6.73,90150,97693,111310,
2876,VACH,Financial Services,Shell Companies,NASDAQ,90.28,51,83.41,14,68,48,54,10.91,398791239.1424179,31625000.0,0.0001,-30.42,9200,14796,21082,
2877,SBI,Financial Services,Asset Management,NYSE,90.26,51,93.98,51,52,56,60,7.8,109560421.43458748,14082316.0,0.56,-2.62,54430,50153,43136,-0.017
2878,PGZ,Financial Services,Asset Management,NYSE,90.25,51,94.11,52,57,58,63,10.09,67610513.55360031,6694110.0,0.0045,-5.17,18370,25023,27464,
2879,FIVN,Technology,Software - Infrastructure,NASDAQ,90.23,51,124.01,93,16,15,12,21.41,1692064164.0068436,76563988.0,0.081499994,-29.53,5317000,3142803,2836404,0.092
2880,L,Financial Services,Insurance - Property & Casualty,NYSE,90.21,51,87.3,21,65,70,76,103.72,21502847228.5,205768873.0,0.023599999,-9.73,927830,697820,689848,0.014
2881,MNRO,Consumer Cyclical,Auto Parts,NASDAQ,90.2,50,90.0,29,41,88,52,16.78,531948354.5871353,30019660.0,0.2633,-29.82,787110,779750,808616,-0.041
2882,MQY,Financial Services,Asset Management,NYSE,90.2,50,94.32,53,53,54,57,11.51,828959937.439765,71833617.0,0.0017,-3.6,393090,426420,406386,0.071
2883,SYF,Financial Services,Credit Services,NYSE,90.19,50,89.52,28,63,49,70,70.28,24602119294.575897,336370242.0,0.0573,-20.83,3652790,3694926,3827634,0.061
2884,JRSH,Consumer Cyclical,Apparel Manufacturing,NASDAQ,90.19,50,94.94,56,48,37,42,3.35,42671797.067723274,12699940.0,0.0047,-6.94,132220,106860,77560,0.18
2885,LDP,Financial Services,Asset Management,NYSE,90.18,50,95.67,60,50,53,62,21.14,612699198.6657257,29079222.0,0.0014,-4.13,50390,64733,70750,
2886,EBS,Healthcare,Drug Manufacturers - Specialty & Generic,NYSE,90.17,50,96.06,61,55,78,77,8.95,490164812.0,51596296.0,0.1891,-36.34,852060,702633,835618,-0.297
2887,SPFI,Financial Services,Banks - Regional,NASDAQ,90.16,50,84.96,16,73,66,50,39.58,777892005.4698715,19145754.0,0.0165,-12.22,127670,109716,109838,0.106
2888,EDTK,Consumer Defensive,Education & Training Services,NASDAQ,90.15,50,94.52,55,44,28,44,1.01,15929451.0,15929451.0,0.08,-14.41,970,1496,2770,
2889,CHSCO,Consumer Defensive,Farm Products,NASDAQ,90.12,50,93.45,48,50,49,55,26.3,,,0.93,-3.84,21870,23980,20722,0.072
2890,AMTD,Financial Services,Asset Management,NYSE,90.11,50,94.74,56,36,48,40,1.02,85042256.28928566,80228548.0,0.0007,-38.18,26540,14023,17006,-0.826
2891,IIM,Financial Services,Asset Management,NYSE,90.11,50,92.68,41,58,60,67,12.16,576117682.5868893,47068439.0,0.0028,-7.67,146670,136593,156800,0.007
2892,UYSCU,Financial Services,Shell Companies,NASDAQ,90.09,50,93.02,44,56,39,51,10.51,70180526.52835846,6677500.0,3.24,-7.73,60,60,270,
2893,WAFU,Consumer Defensive,Education & Training Services,NASDAQ,90.09,50,94.33,53,39,47,76,1.64,7145105.601031184,4410559.0,0.001,-51.62,8660,8890,9750,0.093
2894,SLMBP,Financial Services,Credit Services,NASDAQ,90.09,50,93.15,45,54,48,62,74.71,,,2.79,-10.15,2920,3113,2988,0.025
2895,AGNCZ,Real Estate,REIT - Mortgage,NASDAQ,90.08,50,93.49,48,49,54,52,25.42,,,0.12,-3.6,56720,73613,68254,
2896,UVV,Consumer Defensive,Tobacco,NYSE,90.08,50,94.28,53,45,45,47,53.6,1338391754.2151184,24923496.0,0.08979999,-20.39,171840,187140,197272,-0.081
2897,BLK,Financial Services,Asset Management,NYSE,90.07,50,97.73,67,40,44,53,1081.32,168402481465.06384,155233989.0,0.0126,-11.36,505070,666936,812630,0.27
2898,ORIC,Healthcare,Biotechnology,NASDAQ,90.07,50,79.99,9,78,70,91,8.99,916130463.1888161,103517562.0,0.2025,-39.79,1339350,2161403,1944390,
2899,IBEX,Technology,Information Technology Services,NASDAQ,90.06,50,106.0,82,30,37,86,32.57,435393792.4091339,13467175.0,0.0146,-24.24,129600,116430,124294,0.168
2900,ADAMZ,Real Estate,REIT - Mortgage,NASDAQ,90.05,50,92.92,43,47,61,64,18.5,,,0.11,-14.83,4000,6363,5542,0.107
2901,ETX,Financial Services,Asset Management,NYSE,90.05,50,93.63,49,50,49,64,18.78,205281828.58260727,10896063.0,0.0017,-6.1,14680,16726,14930,
2902,MMD,Financial Services,Asset Management,NYSE,90.05,50,94.69,55,52,57,53,15.3,287137835.6536207,18779453.0,0.2,-3.29,70110,69493,63830,-0.15
2903,AGCO,Industrials,Farm & Heavy Construction Machinery,NYSE,90.04,50,92.16,38,71,82,49,118.83,8496416293.012054,72408527.0,0.0309,-17.35,862760,738370,729274,0.143
2904,AVNT,Basic Materials,Specialty Chemicals,NYSE,90.04,50,89.37,27,70,76,17,35.99,3383188004.6545563,91710167.0,0.0419,-19.75,631660,584163,685202,0.025
2905,SO,Utilities,Utilities - Regulated Electric,NYSE,90.04,50,91.5,35,58,52,52,93.1,103486244236.64993,1127301098.0,0.0223,-7.68,5977270,4855210,5082116,0.08
2906,PCT,Industrials,Pollution & Treatment Controls,NASDAQ,90.03,50,137.0,96,13,31,25,9.89,1723629583.2042217,180863550.0,0.4051,-43.06,4285210,3919123,4451558,1.612
2907,DMO,Financial Services,Asset Management,NYSE,90.02,50,95.44,59,49,45,67,11.14,126155492.68408966,11427128.0,1.27,-8.01,42600,42146,44366,-0.015
2908,MIY,Financial Services,Asset Management,NYSE,90.02,50,92.18,38,58,62,60,11.9,345839102.8459072,28964750.0,0.0013,-7.75,70930,73660,64860,0.039
2909,JD,Consumer Cyclical,Internet Retail,NASDAQ,90.0,50,98.52,69,34,25,29,30.53,41152177539.04762,1365820733.0,0.025,-19.83,7485740,8792323,10499040,0.015
2910,CNVS,Communication Services,Entertainment,NASDAQ,89.99,50,103.97,79,29,13,11,2.56,54727804.198414326,21294866.0,0.028499998,-65.36,167010,149813,145584,-0.6
2911,KT,Communication Services,Telecom Services,NYSE,89.99,50,89.89,29,71,79,46,21.08,10200815359.540253,481624892.0,0.0091,-14.24,714750,1083210,1347350,0.041
2912,BYD,Consumer Cyclical,Resorts & Casinos,NYSE,89.99,50,90.44,31,59,49,52,82.75,6365634514.472473,74330156.0,0.056399997,-8.01,964740,935070,973312,0.006
2913,SIM,Basic Materials,Steel,NYSE ARCA,89.98,50,91.57,35,47,67,70,30.02,4606050864.995934,153432738.0,5.18,-13.21,320,193,116,-0.097
2914,CRI,Consumer Cyclical,Apparel Retail,NYSE,89.98,50,83.35,13,55,64,39,32.73,1301914701.0845795,36850117.0,0.087,-26.35,1450120,1199513,1229744,0.081
2915,LEGN,Healthcare,Biotechnology,NASDAQ,89.97,50,120.89,92,13,11,27,25.58,5200952976.980957,184955648.0,0.2643,-43.53,2723880,2439760,2018980,0.642
2916,BACC,Financial Services,Shell Companies,NASDAQ,89.97,50,94.5,54,45,45,51,10.44,292484226.04667187,27962163.0,0.0001,-0.57,79140,31656,45430,
2917,BAYA,Financial Services,Shell Companies,NASDAQ,89.97,50,91.54,35,53,56,58,11.79,32558292.82011795,2738292.0,0.0001,-3.68,1650,1023,1174,
2918,PDT,Financial Services,Asset Management,NYSE,89.96,50,92.62,40,60,55,59,12.97,641867195.6313372,49185225.0,0.64,-4.98,124050,119123,110198,0.067
2919,FINS,Financial Services,Asset Management,NYSE,89.96,50,94.04,52,50,55,61,12.9,433249478.3140068,33416851.0,0.34,-4.8,32680,35516,49142,
2920,EEA,Financial Services,Asset Management,NYSE,89.95,50,95.64,60,54,61,70,10.72,72705079.2622261,6725724.0,0.00059999997,-6.21,45610,53086,49948,0.491
2921,LND,Consumer Defensive,Farm Products,NYSE,89.94,50,90.37,31,62,47,40,3.85,379534885.4699578,99615457.0,0.0011999999,-13.48,83270,102290,106738,0.248
2922,SPME,Financial Services,Asset Management,NYSE,89.94,50,93.11,45,50,50,53,24.99,,,1.7,-3.88,4970,4136,4956,
2923,RFI,Financial Services,Asset Management,NYSE,89.93,50,95.19,58,53,53,43,11.67,312424964.3230591,26748712.0,0.0002,-4.66,77360,76113,81966,0.97
2924,WH,Consumer Cyclical,Lodging,NYSE,89.9,50,91.31,34,57,34,19,82.06,6188715909.866364,74860482.0,0.0919,-11.46,1313350,1206226,1237706,0.035
2925,RIBB,Financial Services,Shell Companies,NASDAQ,89.9,50,93.45,48,46,48,53,10.63,50954331.52856636,4793446.0,0.00059999997,-1.77,1170,2276,1936,
2926,WEC,Utilities,Utilities - Regulated Electric,NYSE,89.89,50,90.85,32,61,57,66,112.77,36370530398.32306,325725678.0,0.0517,-5.73,1906290,1810116,1902936,0.09
2927,VOYG,Industrials,Aerospace & Defense,NYSE,89.88,50,108.88,85,25,23,5,30.82,1762456238.215971,59262147.0,0.16379999,-58.32,1838360,1599836,1620730,0.021
2928,IBAC,Financial Services,Shell Companies,NASDAQ,89.88,50,93.54,49,48,46,49,10.83,62163874.66207504,5739970.0,0.0025,-5.41,4190,2886,12998,
2929,BTT,Financial Services,Asset Management,NYSE,89.86,50,92.8,42,54,52,61,22.79,1453840665.6211681,63625411.0,0.0011,-1.94,69100,95740,103110,0.006
2930,MLSS,Healthcare,Medical Instruments & Supplies,NYSE ARCA,89.85,50,123.7,93,15,9,5,0.4,40671397.07780126,88416079.0,0.0087,-61.9,674310,4146570,2559054,0.022
2931,NKX,Financial Services,Asset Management,NYSE,89.85,50,94.47,54,48,59,68,12.49,654248361.2430172,52507894.0,0.0007,-5.38,147620,182330,176494,
2932,STRD,Technology,Software - Application,NASDAQ,89.85,50,94.81,56,39,39,31,76.51,897881900.4096985,11764700.0,11.13,-20.97,67680,79386,93714,0.119
2933,RA,Financial Services,Asset Management,NYSE,89.84,50,92.8,42,55,58,60,12.76,707260119.3389969,55254696.0,0.37,-6.11,210060,167476,177638,
2934,BHRB,Financial Services,Banks - Regional,NASDAQ,89.83,50,89.68,28,64,67,49,63.06,1285908663.2910156,20148992.0,0.051599998,-11.06,151560,136520,121660,0.032
2935,PGAC,Financial Services,Shell Companies,NASDAQ,89.82,50,93.06,45,49,49,55,10.53,115988265.04707336,11025500.0,0.0002,0.1,6970,12820,19058,
2936,CSV,Consumer Cyclical,Personal Services,NYSE,89.82,50,87.75,22,63,48,42,44.75,721556016.3484497,15872328.0,0.028399998,-14.11,116820,101486,101726,-0.009
2937,NDMO,Financial Services,Asset Management,NYSE,89.82,50,94.09,52,49,48,66,10.39,618967534.3642015,59630783.0,0.002,-3.97,127160,112216,116116,
2938,CUZ,Real Estate,REIT - Office,NYSE,89.82,50,101.47,75,30,24,34,26.29,4403099348.7402935,164540333.0,0.1191,-14.67,2673060,2282313,2125036,0.048
2939,HPP,Real Estate,REIT - Office,NYSE,89.8,49,140.84,97,7,5,17,11.33,593950152.454155,54242024.0,0.011,-47.79,1406360,1263766,1245770,-0.08
2940,SBCF,Financial Services,Banks - Regional,NASDAQ,89.8,49,88.53,25,65,69,66,30.38,3023402156.31868,97246772.0,0.060500003,-14.54,934300,764353,799860,0.241
2941,PAHC,Healthcare,Drug Manufacturers - Specialty & Generic,NASDAQ,89.8,49,61.74,2,95,92,93,36.32,1622588640.0,40564716.0,0.0722,-39.55,576020,354810,338458,0.103
2942,ONBPO,Financial Services,Banks - Regional,NASDAQ,89.8,49,93.94,51,52,49,58,24.87,,,0.51,-2.43,6810,8130,8344,0.462
2943,BGY,Financial Services,Asset Management,NYSE,89.79,49,94.84,56,55,64,64,5.78,526469978.3649993,90614455.0,0.0014,-7.22,316670,334420,368710,0.115
2944,DUK,Utilities,Utilities - Regulated Electric,NYSE,89.78,49,90.42,31,62,56,65,124.9,96802460837.4067,779596217.0,0.0225,-7.13,3231290,3205983,3881828,0.113
2945,FVN,Financial Services,Shell Companies,NASDAQ,89.77,49,93.38,47,49,48,55,10.84,81550643.16558838,7544000.0,0.0001,-0.09,15820,16286,10238,
2946,RNP,Financial Services,Asset Management,NYSE,89.77,49,95.92,61,51,49,43,21.18,1023361669.6315384,48000079.0,0.0002,-7.87,82680,94936,97936,-0.002
2947,UFI,Consumer Cyclical,Textile Manufacturing,NYSE,89.76,49,107.95,84,28,38,14,4.3,79925195.74523735,18587254.0,0.0082,-20.66,46870,29873,29618,-0.113
2948,COST,Consumer Defensive,Discount Stores,NASDAQ,89.76,49,93.94,51,49,49,36,999.47,447552236078.37524,443652540.0,0.0148,-6.34,1827780,1829176,1788930,0.215
2949,APACU,Financial Services,Shell Companies,NASDAQ,89.75,49,94.52,55,46,53,49,10.4,,,0.39,-1.56,200,466,666,
2950,ACU,Consumer Defensive,Household & Personal Products,NYSE ARCA,89.74,49,88.83,26,63,68,37,41.6,158549040.31565857,3810359.0,0.0309,-12.07,15490,18766,19716,0.138
2951,AEXA,Financial Services,Shell Companies,NYSE,89.74,49,94.88,56,42,49,61,11.37,560389885.846447,49460714.0,0.0076,-4.53,106850,85806,94140,
2952,CEPU,Utilities,Utilities - Regulated Electric,NYSE,89.74,49,87.76,22,84,64,80,14.54,2116305766.6863117,149986238.0,0.0027,-21.42,436710,391280,395096,0.113
2953,BMN,Financial Services,Asset Management,NYSE,89.74,49,91.72,36,56,59,52,25.6,158025419.8959713,6147653.0,3.07,-8.44,16020,10860,9410,
2954,GANX,Healthcare,Biotechnology,NASDAQ,89.74,49,92.18,38,38,23,89,1.82,77630351.39729333,42654038.0,0.0802,-58.06,496040,526556,657722,
2955,GIWWU,Financial Services,Shell Companies,NASDAQ,89.73,49,94.84,56,43,45,56,10.5,,,39.94,1.06,310,146,106,
2956,MAS,Industrials,Building Products & Equipment,NYSE,89.73,49,94.74,56,39,67,24,70.59,14606771842.948341,203607085.0,0.0529,-10.86,2718930,3142383,2922402,0.065
2957,CHAR,Financial Services,Shell Companies,NASDAQ,89.73,49,93.55,49,47,47,54,10.71,117650758.27272606,10954447.0,15.48,-5.22,8580,8270,5236,
2958,HON,Industrials,Conglomerates,NASDAQ,89.72,49,90.45,31,69,73,43,219.11,135044149627.27063,633653119.0,0.0175,-11.71,3681550,3708430,3901124,0.024
2959,FSHPU,Financial Services,Shell Companies,NASDAQ,89.72,49,92.95,44,40,45,49,10.97,,,0.0,-8.58,0,0,58,
2960,PFD,Financial Services,Asset Management,NYSE,89.71,49,93.58,49,51,59,65,11.55,148575564.31314754,12852557.0,0.98,-5.02,16130,16556,18212,-0.009
2961,TGS,Energy,Oil & Gas Integrated,NYSE,89.7,49,88.15,24,79,40,68,30.28,4418707479.631111,150552212.0,0.0191,-16.7,412460,361500,355004,0.413
2962,PML,Financial Services,Asset Management,NYSE,89.69,49,94.33,53,51,52,61,7.61,508014151.1220932,66494000.0,0.27,-4.99,536590,463506,437740,0.729
2963,EQT,Energy,Oil & Gas E&P,NYSE,89.68,49,88.76,25,61,46,78,56.45,35001748307.35779,625478000.0,0.0343,-17.28,7400260,8021090,8405848,0.499
2964,EVMN,Healthcare,Biotechnology,NYSE,89.67,49,83.92,14,80,85,33,23.21,825541111.9079838,36018373.0,0.1427,-30.09,426540,324540,322806,
2965,PLMK,Financial Services,Shell Companies,NASDAQ,89.67,49,93.15,45,49,48,57,10.62,257095678.27749252,24242875.0,0.0001,-0.47,46630,35843,75742,
2966,FGMC,Financial Services,Shell Companies,NASDAQ,89.67,49,94.07,52,46,46,53,10.28,105531950.0,10295800.0,0.0034,0.1,43320,40676,38300,
2967,CVRX,Healthcare,Medical Devices,NASDAQ,89.66,49,84.35,15,54,17,57,6.92,179708273.8025837,26311607.0,0.0857,-38.76,231500,262170,247878,0.044
2968,OABI,Healthcare,Biotechnology,NASDAQ,89.64,49,103.13,78,23,33,13,1.67,240654476.30101812,144972579.0,0.044899996,-27.23,1004220,706936,560326,2.473
2969,DFP,Financial Services,Asset Management,NYSE,89.63,49,94.02,52,52,58,66,20.95,431917035.2124195,20538137.0,0.63,-5.25,37870,50483,52938,
2970,PTA,Financial Services,Asset Management,NYSE,89.62,49,96.96,64,42,43,51,19.85,1096625415.1540604,55273458.0,0.0004,-5.11,131570,130763,134872,
2971,NXP,Financial Services,Asset Management,NYSE,89.62,49,93.94,51,51,48,59,14.35,744214267.482832,52006586.0,0.0005,-2.05,217380,156146,146176,0.091
2972,PSIX,Industrials,Specialty Industrial Machinery,NASDAQ,89.62,49,82.77,13,89,94,85,62.45,1749759743.913269,23050450.0,0.1487,-48.72,827480,644743,712194,0.325
2973,PRA,Financial Services,Insurance - Property & Casualty,NYSE,89.61,49,92.7,41,49,69,79,24.64,1274710871.5735703,51607726.0,0.2009,-0.85,846180,910243,836526,-0.049
2974,RM,Financial Services,Credit Services,NYSE,89.61,49,87.81,23,61,38,73,34.37,325415845.7050514,9208145.0,0.0456,-25.28,57630,62270,59062,0.096
2975,FSHP,Financial Services,Shell Companies,NASDAQ,89.61,49,93.0,44,50,48,55,10.97,55129922.83195782,5025517.0,0.0001,-0.09,60,606,2142,
2976,OPP,Financial Services,Asset Management,NYSE,89.59,49,94.66,55,49,47,52,7.85,195922630.85319138,24990131.0,0.51,-11.0,73760,85446,91186,
2977,VGI,Financial Services,Asset Management,NYSE,89.57,49,93.52,48,53,58,64,7.5,85866385.18624115,11313094.0,0.0021,-7.29,42170,43493,44110,
2978,CHSCP,Consumer Defensive,Farm Products,NASDAQ,89.57,49,92.86,42,49,52,49,27.82,,,0.67,-9.0,10700,14786,14620,0.072
2979,USCB,Financial Services,Banks - Regional,NASDAQ,89.55,49,88.38,24,65,62,43,18.25,343604262.4282837,18257400.0,0.0114,-12.2,106250,62966,54200,0.147
2980,MHF,Financial Services,Asset Management,NYSE,89.55,49,95.26,58,47,45,55,7.01,155003806.44356203,22206849.0,0.59,-8.25,52010,56990,52912,-0.017
2981,BAC,Financial Services,Banks - Diversified,NYSE,89.53,49,89.98,29,65,58,74,50.55,364126076048.4942,7096590651.0,0.0,-12.16,29593400,33424160,37674124,0.081
2982,DEI,Real Estate,REIT - Office,NYSE,89.52,49,109.84,86,22,20,18,12.13,2071792733.6228323,167485267.0,0.2442,-28.61,2785660,2357833,2465032,-0.002
2983,EMR,Industrials,Specialty Industrial Machinery,NYSE,89.52,49,92.21,38,64,65,50,139.43,79147729632.56836,560100000.0,0.0223,-15.57,3240140,2973036,2974298,0.029
2984,ORI,Financial Services,Insurance - Property & Casualty,NYSE,89.52,49,89.2,27,59,69,78,39.22,9561931358.642624,243554044.0,0.0414,-16.12,1427330,1424743,1678700,0.135
2985,EVG,Financial Services,Asset Management,NYSE,89.51,49,94.65,55,49,50,58,10.89,146814842.4066391,13456906.0,4.44,-4.89,57830,38716,40246,-0.11
2986,NMPAU,Financial Services,Shell Companies,NASDAQ,89.5,49,93.68,49,46,45,53,10.43,,,0.15,-1.14,0,300,904,
2987,GENC,Industrials,Farm & Heavy Construction Machinery,NYSE ARCA,89.5,49,91.96,37,67,59,32,14.9,226021765.9582939,14657702.0,0.006,-14.37,19450,21143,26444,-0.25
2988,OESX,Industrials,Electrical Equipment & Parts,NASDAQ,89.49,49,91.08,33,57,89,95,9.61,40042286.90381336,4052863.0,0.0111,-48.44,39880,41490,39212,0.077
2989,DTF,Financial Services,Asset Management,NYSE,89.49,49,93.27,47,50,51,55,11.49,80769723.2210598,7029567.0,0.0025,-0.95,10960,12960,11850,-0.052
2990,BSM,Energy,Oil & Gas E&P,NYSE,89.48,49,87.9,23,58,66,66,13.38,2826241142.831031,212499331.0,0.0214,-13.62,470350,430670,454860,-0.116
2991,BCE,Communication Services,Telecom Services,NYSE,89.46,49,92.91,43,51,69,41,24.28,22511172653.21141,932525817.0,4.74,-8.45,3037990,3236766,3387982,0.04
2992,ONC,Healthcare,Biotechnology,NASDAQ,89.45,49,94.03,52,60,74,89,310.75,32382829343.44226,103751217.0,0.0148,-19.33,228460,216730,231026,0.355
2993,QS,Consumer Cyclical,Auto Parts,NASDAQ,89.45,49,107.42,83,23,55,97,8.03,4638193849.574078,615145076.0,0.1863,-57.89,19745960,20598666,16363804,
2994,NODK,Financial Services,Insurance - Property & Casualty,NASDAQ,89.45,49,94.68,55,38,42,51,13.37,262868548.7407751,20520573.0,0.0066000004,-9.05,16090,13953,18942,-0.166
2995,BMEZ,Financial Services,Asset Management,NYSE,89.45,49,92.47,39,52,54,63,14.12,886269927.7939148,62501404.0,0.0011,-10.63,183360,189233,212732,
2996,DTSQU,Financial Services,Shell Companies,NASDAQ,89.44,49,92.66,41,48,52,55,10.95,,,,0.02,0,0,0,
2997,LCII,Consumer Cyclical,Recreational Vehicles,NYSE,89.44,49,83.65,14,77,90,60,113.14,2885567694.2287445,24285202.0,0.1348,-29.14,429090,426423,371308,0.043
2998,BAYAU,Financial Services,Shell Companies,NASDAQ,89.43,48,92.42,39,48,56,54,11.85,,,0.0,-1.25,0,0,0,
2999,OSK,Industrials,Farm & Heavy Construction Machinery,NYSE,89.43,48,81.89,11,77,87,63,134.03,8643707579.046051,62649181.0,0.051,-25.74,780760,648246,649932,0.002
3000,HNVR,Financial Services,Banks - Regional,NASDAQ,89.43,48,94.15,52,49,41,48,22.91,166535504.74605942,7156661.0,0.0121,-6.45,16000,11793,10478,0.046
3001,INDO,Energy,Oil & Gas E&P,NYSE ARCA,89.43,48,82.3,12,64,83,54,3.1,47545334.27933693,15386840.0,0.0746,-63.53,691270,945510,2930754,-0.23
3002,RDDT,Communication Services,Internet Content & Information,NYSE,89.42,48,103.28,78,30,18,78,159.51,29992909019.490967,192509040.0,0.120699994,-43.63,6881370,4832890,4911510,0.691
3003,DMAA,Financial Services,Shell Companies,NASDAQ,89.42,48,93.46,48,48,47,53,10.6,357401728.6620693,33717143.0,0.0502,-0.01,9830,191803,161804,
3004,LPAA,Financial Services,Shell Companies,NASDAQ,89.4,48,93.33,47,47,47,54,10.79,310212498.90327454,28750000.0,0.0001,0.0,14080,12233,7730,
3005,CART,Consumer Cyclical,Internet Retail,NASDAQ,89.38,48,95.96,61,37,21,30,40.41,9483452636.272964,235029814.0,0.1028,-24.47,5127690,4011660,4019870,0.136
3006,ANSC,Financial Services,Shell Companies,NASDAQ,89.38,48,93.15,45,49,49,57,11.34,471145673.91960526,41547237.0,0.0001,-0.09,95760,35586,22234,
3007,YHNA,Financial Services,Shell Companies,NASDAQ,89.37,48,93.19,46,46,47,55,10.8,83700001.47819519,7750000.0,0.41,-5.26,2000,820,496,
3008,QSEA,Financial Services,Shell Companies,NASDAQ,89.37,48,93.47,48,47,46,51,10.45,118891158.87050629,11409900.0,0.0001,0.19,13020,6493,5664,
3009,AVO,Consumer Defensive,Food Distribution,NASDAQ,89.37,48,84.75,16,77,70,52,12.72,926670435.7148514,70846364.0,0.1236,-18.09,1087680,1024453,973516,-0.166
3010,ETY,Financial Services,Asset Management,NYSE,89.36,48,96.61,63,41,41,61,14.85,2388667155.0,159244477.0,0.13,-7.36,378120,342370,300718,-0.005
3011,OZKAP,Financial Services,Banks - Regional,NASDAQ,89.36,48,94.18,52,48,44,45,16.55,,,0.28,-7.28,21690,29550,26050,0.014
3012,GGR,Consumer Cyclical,Auto Manufacturers,NASDAQ,89.35,48,100.61,73,47,11,6,4.0,80695787.19712687,20073579.0,0.0036000002,-51.81,9950,8806,12506,0.017
3013,NTWO,Financial Services,Shell Companies,NASDAQ,89.35,48,93.46,48,47,47,55,10.64,255633584.19966698,24116375.0,0.15,-0.0,1630,4096,3658,
3014,WOK,Healthcare,Medical Devices,NASDAQ,89.35,48,294.9,99,2,0,0,3.92,1658803.1629228592,1295940.0,0.0602,-99.96,15064680,5039236,3035838,-0.144
3015,CHARU,Financial Services,Shell Companies,NASDAQ,89.34,48,92.99,44,47,44,48,10.69,,,0.0,-14.14,0,0,90,
3016,VNET,Technology,Information Technology Services,NASDAQ,89.33,48,95.29,58,43,92,87,9.14,2533755514.098757,284691643.0,0.214,-36.88,5267510,5102043,5902060,0.196
3017,ED,Utilities,Utilities - Regulated Electric,NYSE,89.33,48,89.15,27,62,66,56,106.21,39178392038.819275,368529705.0,0.0294,-8.62,2304090,1943603,2001158,0.062
3018,FVNNU,Financial Services,Shell Companies,NASDAQ,89.3,48,92.97,44,42,49,53,10.79,,,0.46,-27.83,0,0,6,
3019,XRPN,Financial Services,Shell Companies,NASDAQ,89.29,48,93.57,49,45,42,49,10.43,411277403.011322,39470000.0,0.0029,-4.36,52000,83770,100178,
3020,WIW,Financial Services,Asset Management,NYSE,89.29,48,93.51,48,50,51,64,8.55,523124365.9199476,61184135.0,0.54,-5.32,189520,228353,229790,0.243
3021,ACGLN,Financial Services,Insurance - Diversified,NASDAQ,89.29,48,93.23,46,50,48,45,17.2,,,1.47,-6.22,20300,33943,35016,-0.033
3022,MBAV,Financial Services,Shell Companies,NASDAQ,89.27,48,93.33,47,47,46,53,10.84,388125006.85453415,35937500.0,0.019299999,-21.05,67570,47133,71092,
3023,COIN,Financial Services,Financial Data & Stock Exchanges,NASDAQ,89.26,48,114.02,89,16,9,48,216.6,52996238831.55429,263453161.0,0.1282,-51.29,9825030,10011820,11147708,-0.222
3024,ERC,Financial Services,Asset Management,NYSE ARCA,89.25,48,93.56,49,54,53,65,9.11,256972812.87932968,28053801.0,1.53,-6.85,84890,66760,68254,-0.066
3025,SVACU,Financial Services,Shell Companies,NASDAQ,89.23,48,92.48,39,50,64,62,10.77,287200371.2070465,26666700.0,5.15,-20.22,130,246,1088,
3026,TOWN,Financial Services,Banks - Regional,NASDAQ,89.23,48,92.36,39,59,51,38,34.57,3194519097.690754,91298055.0,3.14,-8.69,444230,441040,521656,0.298
3027,LCNB,Financial Services,Banks - Regional,NASDAQ,89.23,48,88.01,23,68,69,60,15.76,232922219.8844204,14246007.0,0.0056,-11.91,22640,23896,27378,-0.006
3028,WHLRD,Real Estate,REIT - Retail,NASDAQ,89.22,48,93.24,46,49,64,69,36.93,,,23.14,-12.07,720,560,1586,-0.014
3029,EPRT,Real Estate,REIT - Retail,NYSE,89.22,48,92.6,40,60,53,45,31.35,6790122904.508715,216245955.0,0.1087,-9.73,1789350,2263410,2230618,0.228
3030,BSVN,Financial Services,Banks - Regional,NASDAQ,89.21,48,91.44,35,51,55,40,42.77,416566127.3821106,9519336.0,0.0094,-14.63,10560,11620,11920,0.158
3031,NATH,Consumer Cyclical,Restaurants,NASDAQ,89.21,48,93.38,47,53,55,44,101.4,415172673.2475662,4094405.0,0.060100004,-14.43,29930,22783,24760,0.089
3032,VRTX,Healthcare,Biotechnology,NASDAQ,89.19,48,91.42,34,37,59,50,435.17,109090646193.8664,253805417.0,0.019199999,-14.32,1164380,1154270,1277554,0.078
3033,CARR,Industrials,Building Products & Equipment,NYSE,89.19,48,99.72,72,59,52,19,65.88,55507691189.92818,830580423.0,0.0275,-18.76,7609320,6809250,6887298,0.024
3034,GRND,Technology,Software - Application,NYSE,89.19,48,108.16,84,28,12,23,14.53,2674230210.0414276,177218700.0,0.1221,-42.18,1767120,1323700,1357460,0.383
3035,MMU,Financial Services,Asset Management,NYSE,89.18,48,92.24,38,56,58,64,10.2,559296991.0187378,54618848.0,0.00090000004,-4.85,155650,127243,119748,-0.021
3036,EOI,Financial Services,Asset Management,NYSE,89.17,48,95.33,58,47,48,49,19.91,820444986.8645554,41001748.0,0.35,-7.74,108810,110980,94378,
3037,HVIIU,Financial Services,Shell Companies,NASDAQ,89.17,48,94.46,54,44,43,63,10.8,259289644.57921982,24008300.0,0.0,-22.86,249,184,299,
3038,ALISU,Financial Services,Shell Companies,NASDAQ,89.17,48,92.04,37,48,55,47,10.5,,,10.67,-5.49,170,620,424,
3039,MUA,Financial Services,Asset Management,NYSE,89.17,48,94.01,52,52,58,56,10.74,412102369.55782986,38478279.0,0.00059999997,-8.91,128500,119403,109804,-0.021
3040,QUMSU,Financial Services,Shell Companies,NASDAQ,89.16,48,93.17,46,47,41,52,10.35,,,211.22,-0.0,130,53,36,
3041,SBXD,Financial Services,Shell Companies,NYSE,89.16,48,93.33,47,46,46,53,10.79,274659449.0289688,25455000.0,0.01,-7.3,46140,40323,26072,
3042,RFAI,Financial Services,Shell Companies,NASDAQ,89.15,48,92.93,43,49,47,56,10.93,91197353.996315,8343765.0,0.0001,-4.42,860,3066,23650,
3043,MACI,Financial Services,Shell Companies,NASDAQ,89.15,48,92.91,43,47,48,54,10.81,233643242.0532837,21621622.0,0.0001,-1.46,11790,5190,17686,
3044,GREE,Financial Services,Capital Markets,NASDAQ,89.14,48,102.94,78,37,29,38,1.28,20336614.63114071,16807119.0,0.0583,-47.11,144920,132126,150908,-0.226
3045,DSU,Financial Services,Asset Management,NYSE,89.14,48,94.5,54,45,47,55,9.91,623646517.5174866,62931032.0,0.0202,-7.12,338680,299580,291770,-0.039
3046,XOMAP,Healthcare,Biotechnology,NASDAQ,89.14,48,91.86,36,55,53,66,25.27,,,1.73,-15.77,4730,3340,2148,0.579
3047,BDL,Consumer Cyclical,Restaurants,NYSE ARCA,89.14,48,90.67,32,40,73,76,30.45,56744494.18623161,1858647.0,0.0031,-15.37,840,1083,992,0.051
3048,FCNCP,Financial Services,Banks - Regional,NASDAQ,89.13,48,92.43,39,53,41,53,21.24,,,0.56,-7.37,8510,18516,17390,0.049
3049,PIPR,Financial Services,Capital Markets,NYSE,89.13,48,87.83,23,65,49,65,79.98,5756690776.626434,71043945.0,0.0424,-15.87,754310,641606,716170,0.328
3050,PEP,Consumer Defensive,Beverages - Non-Alcoholic,NASDAQ,89.12,48,87.58,22,62,73,48,149.41,211356405488.40356,1366940966.0,0.016900001,-12.87,5533170,5994620,6114650,0.085
3051,PFGC,Consumer Defensive,Food Distribution,NYSE,89.12,48,99.47,71,38,53,59,94.07,14628207356.580162,157089851.0,0.058000002,-13.74,2213980,1900226,1775572,0.064
3052,ASUR,Technology,Software - Application,NASDAQ,89.12,48,93.04,45,36,25,29,8.88,263871018.12941265,28681633.0,0.0425,-22.65,71510,75266,99470,0.227
3053,OZK,Financial Services,Banks - Regional,NASDAQ,89.11,48,92.34,39,56,51,35,47.56,5294544937.5,109165875.0,0.14649999,-11.37,1133270,1161813,1289924,0.014
3054,NRP,Energy,Thermal Coal,NYSE,89.11,48,85.4,17,68,75,60,110.12,1477288405.5740662,13250412.0,0.0423,-14.37,38860,26926,30712,-0.253
3055,TVAIU,Financial Services,Shell Companies,NASDAQ,89.11,48,93.38,47,45,45,55,10.49,,,,0.0,20,10,6,
3056,CGCT,Financial Services,Shell Companies,NASDAQ,89.11,48,93.68,49,44,46,50,10.4,358110003.94821167,34500000.0,0.0004,-0.38,310460,220760,151426,
3057,ONBPP,Financial Services,Banks - Regional,NASDAQ,89.1,47,93.37,47,50,49,59,24.73,,,0.37,-3.4,70340,27843,20306,0.462
3058,CKX,Energy,Oil & Gas E&P,NYSE ARCA,89.1,47,93.95,51,51,38,31,11.2,22296980.235114098,2053129.0,0.0007,-15.47,17420,9050,5964,-0.326
3059,ALF,Financial Services,Shell Companies,NASDAQ,89.1,47,93.28,47,47,47,55,10.85,389203122.25818634,35937500.0,0.04,0.09,47930,35210,34708,
3060,WDI,Financial Services,Asset Management,NYSE,89.09,47,93.96,51,52,49,54,13.7,719501909.9373894,51912116.0,0.45,-10.34,167160,186876,196580,
3061,SIMAU,Financial Services,Shell Companies,NASDAQ,89.08,47,93.51,48,47,47,59,10.89,,,,-7.71,30,10,6,
3062,MSD,Financial Services,Asset Management,NYSE,89.07,47,93.41,48,51,61,49,7.39,150116121.4035244,20231283.0,0.2,-6.93,80720,90996,95928,-0.516
3063,RWT,Real Estate,REIT - Mortgage,NYSE,89.05,47,87.43,22,66,76,30,5.33,697451676.5847058,125215737.0,0.0001,-23.53,1256460,1276150,1499162,-0.134
3064,GCBC,Financial Services,Banks - Regional,NASDAQ,89.05,47,91.41,34,55,42,28,23.56,406260126.4723511,17026828.0,0.0073,-9.52,10390,10870,12118,0.234
3065,JPM,Financial Services,Banks - Diversified,NYSE,89.04,47,90.67,32,61,51,72,300.0,809480415732.2397,2679511418.0,0.0101,-11.05,8004960,8445953,9456746,0.127
3066,NOEM,Financial Services,Shell Companies,NASDAQ,89.03,47,93.17,46,47,47,54,10.45,100171085.67166328,9585750.0,0.0011999999,-0.48,8580,4516,3826,
3067,MMT,Financial Services,Asset Management,NYSE,89.03,47,92.94,43,52,54,60,4.58,249355302.94481277,54924076.0,1.95,-5.95,122010,111436,115872,-0.014
3068,BRW,Financial Services,Asset Management,NYSE,89.03,47,96.03,61,40,32,41,6.78,295061766.8280144,42886884.0,0.0021,-20.14,225550,223846,228104,-0.331
3069,MDLZ,Consumer Defensive,Confectioners,NASDAQ,89.0,47,97.24,65,37,53,33,61.41,79008642117.95294,1283649766.0,0.0325,-13.69,8246660,7951323,9154600,0.082
3070,VCV,Financial Services,Asset Management,NYSE,89.0,47,92.85,42,52,57,72,10.71,513802824.9615946,48063877.0,0.0019,-5.89,103120,99886,98870,-0.007
3071,BEPC,Utilities,Utilities - Renewable,NYSE,88.99,47,84.9,16,76,81,88,37.33,6689756740.178444,182381589.0,5.81,-17.37,2431020,1590610,1563648,-0.026
3072,UPS,Industrials,Integrated Freight & Logistics,NYSE,88.99,47,89.17,27,57,76,40,100.0,85663631760.01468,850006279.0,0.022,-18.31,7801560,5808196,6543826,-0.016
3073,REGCP,Real Estate,REIT - Retail,NASDAQ,88.99,47,93.74,50,49,47,58,23.19,,,0.75,-6.3,1630,3856,3936,0.1
3074,HNRG,Energy,Thermal Coal,NASDAQ,88.98,47,108.72,85,30,63,88,19.32,886522648.3496552,47130392.0,0.066,-21.78,1429810,1065420,1045950,-0.135
3075,CPS,Consumer Cyclical,Auto Parts,NYSE,88.98,47,93.32,47,80,86,90,30.16,546862733.6537933,17755284.0,0.0385,-37.14,258200,217823,208026,0.029
3076,SDHIU,Financial Services,Shell Companies,NASDAQ,88.97,47,93.84,50,45,46,57,10.64,,,3.28,-6.26,90,83,58,
3077,ALH,Consumer Cyclical,"Furnishings, Fixtures & Appliances",NYSE,88.97,47,99.83,72,54,33,60,25.4,5037208263.561398,198237241.0,0.0935,-7.57,773200,1043806,1031728,0.101
3078,KFII,Financial Services,Shell Companies,NASDAQ,88.97,47,93.08,45,47,47,54,10.5,412188630.0,39256060.0,0.06,0.0,37640,17120,52488,
3079,ENGS,Industrials,Waste Management,NASDAQ,88.97,47,122.21,93,16,7,5,1.49,39066770.0,31253416.0,0.0008,-88.06,290430,280746,296028,-0.432
3080,GOODN,Real Estate,REIT - Diversified,NASDAQ,88.97,47,91.96,37,51,56,47,22.12,,,0.48,-9.16,3150,3160,2890,0.118
3081,FLC,Financial Services,Asset Management,NYSE,88.97,47,93.26,47,50,59,64,17.06,178811643.08896065,10456821.0,3.8573,-5.69,32160,26190,24752,-0.014
3082,SSD,Basic Materials,Lumber & Wood Production,NYSE,88.95,47,92.49,40,58,75,34,185.62,7759099503.358841,41138325.0,0.0286,-12.44,365650,316043,291970,0.091
3083,QETA,Financial Services,Shell Companies,NASDAQ,88.95,47,92.67,41,50,51,62,11.5,43099102.0,3747748.0,0.0001,-12.01,0,740,1326,
3084,GTERA,Financial Services,Shell Companies,NASDAQ,88.93,47,93.18,46,46,45,49,10.27,243676300.86135864,23727000.0,0.0013,-0.19,8240,6290,5824,
3085,TLF,Consumer Cyclical,Specialty Retail,NASDAQ,88.93,47,95.35,59,53,39,28,2.39,19788873.213641882,8143569.0,0.029000001,-36.77,9950,18293,28694,0.087
3086,HBANM,Financial Services,Banks - Regional,NASDAQ,88.93,47,95.12,57,41,49,54,22.63,,,0.15,-5.87,8340,10506,8754,0.336
3087,TCRX,Healthcare,Biotechnology,NASDAQ,88.93,47,101.34,75,19,15,9,1.18,82342028.79676604,65350817.0,0.0239,-54.09,775030,1162216,949786,2.86
3088,BANX,Financial Services,Asset Management,NASDAQ,88.92,47,93.5,48,40,51,63,19.51,154957583.27176666,7810362.0,0.0017,-17.57,46390,42196,43978,-0.101
3089,LPBB,Financial Services,Shell Companies,NASDAQ,88.92,47,93.35,47,47,47,54,10.7,305324996.7098236,28750000.0,0.0001,0.47,71200,38396,38128,
3090,COPL,Financial Services,Shell Companies,NYSE,88.9,47,93.03,44,47,46,52,10.37,246063432.69450092,23728393.0,0.02,-2.99,3030,13423,11126,
3091,TAVI,Financial Services,Shell Companies,NASDAQ,88.9,47,92.92,43,48,47,54,10.6,121900004.38690186,11500000.0,0.0025,-1.12,37530,15780,11090,
3092,TDAC,Financial Services,Shell Companies,NASDAQ,88.9,47,92.89,43,48,46,54,10.63,232876727.5071144,21907500.0,0.07,-0.56,23650,8750,8848,
3093,KFIIU,Financial Services,Shell Companies,NASDAQ,88.89,47,92.92,43,50,52,53,10.7,276370295.0735092,25829000.0,4.5,-12.87,0,16,34,
3094,WIA,Financial Services,Asset Management,NYSE,88.89,47,93.72,50,47,53,61,8.19,190309613.561306,23322257.0,0.4,-4.1,64570,50280,51430,0.25
3095,LOKV,Financial Services,Shell Companies,NASDAQ,88.89,47,93.06,45,47,44,54,10.46,300868754.38690186,28750000.0,0.04,-10.37,151510,141410,95162,
3096,TEAD,Communication Services,Internet Content & Information,NASDAQ,88.88,47,123.4,93,12,9,2,1.01,102810910.25010586,96991430.0,0.1517,-72.25,488430,297373,388952,-0.071
3097,BACCU,Financial Services,Shell Companies,NASDAQ,88.88,47,92.57,40,46,48,58,10.48,,,1.08,-10.81,20,9260,5622,
3098,XRN,Real Estate,REIT - Healthcare Facilities,NYSE,88.87,47,88.7,25,56,62,34,33.54,449851893.9142227,13234830.0,0.044,-16.0,220850,130926,143096,0.101
3099,BSAAU,Financial Services,Shell Companies,NASDAQ,88.87,47,93.06,45,48,47,51,10.43,,,5.06,-4.49,1820,906,584,
3100,CUB,Financial Services,Shell Companies,NASDAQ,88.86,47,93.02,44,47,47,55,10.79,331506683.1382456,30666667.0,0.07,-0.46,15640,11556,11708,
3101,MET,Financial Services,Insurance - Life,NYSE,88.85,47,95.81,60,40,39,45,77.98,50239544882.48793,643436779.0,0.0194,-7.0,3189900,3318453,3615666,0.027
3102,OEC,Basic Materials,Specialty Chemicals,NYSE,88.84,47,97.2,65,33,35,3,7.44,429117626.4186969,56388649.0,0.0294,-38.51,519560,504603,643634,-0.038
3103,FFC,Financial Services,Asset Management,NYSE,88.84,47,94.01,52,49,57,66,16.07,777591212.0345459,48177896.0,0.19,-5.47,98970,104420,120418,-0.012
3104,BALL,Consumer Cyclical,Packaging & Containers,NYSE,88.84,47,85.91,18,74,84,30,57.72,15580745945.59798,266246511.0,0.0274,-15.48,3483400,2719156,2452964,0.163
3105,FELE,Industrials,Specialty Industrial Machinery,NASDAQ,88.83,47,90.82,32,61,69,38,99.01,4389062765.079834,44182232.0,0.0150999995,-11.23,308590,316563,302630,0.099
3106,PPL,Utilities,Utilities - Regulated Electric,NYSE,88.83,47,87.87,23,65,51,63,36.24,27010248518.498714,752165097.0,0.0583,-9.65,10346390,7823260,7836088,0.108
3107,LCCC,Financial Services,Shell Companies,NASDAQ,88.83,47,93.05,45,47,45,51,10.35,92166753.39698792,8905000.0,0.00090000004,-0.0,5350,2860,1852,
3108,TACOU,Financial Services,Shell Companies,NASDAQ,88.83,47,94.18,52,40,41,47,10.6,,,0.13,-5.86,900,1433,1420,
3109,LMT,Industrials,Aerospace & Defense,NYSE,88.82,47,83.39,14,75,87,52,512.25,116782775339.67773,230563608.0,0.0128999995,-25.98,1510670,1483150,1612902,0.003
3110,IPEX,Financial Services,Shell Companies,NASDAQ,88.82,47,92.98,44,47,46,54,10.44,124333870.00262737,11909375.0,0.00059999997,-0.19,9510,12880,13844,
3111,FNWB,Financial Services,Banks - Regional,NASDAQ,88.81,47,91.24,34,56,60,45,9.55,87378420.45939445,9036031.0,0.0046,-13.02,26640,54413,46998,0.664
3112,JACS,Financial Services,Shell Companies,NYSE,88.8,47,93.2,46,46,46,53,10.61,313654011.2876892,29590000.0,0.0002,-0.38,71460,40393,30956,
3113,TOL,Consumer Cyclical,Residential Construction,NYSE,88.79,47,87.36,21,66,81,56,135.15,13059148172.195435,94707000.0,0.0465,-19.73,930880,1011500,1156168,0.154
3114,RANG,Financial Services,Shell Companies,NASDAQ,88.79,47,93.04,45,47,45,58,10.58,169676748.77643585,16037500.0,0.02,-9.03,60740,30223,20618,
3115,EMPD,Consumer Cyclical,Auto Manufacturers,NASDAQ,88.78,46,110.93,87,25,9,14,5.32,152448250.606143,30247669.0,0.0738,-87.93,261890,555106,737222,
3116,AS,Consumer Cyclical,Leisure,NYSE,88.78,46,91.39,34,60,72,57,34.5,20963046814.488037,581822024.0,0.0849,-19.32,3556640,3671466,4500454,0.285
3117,TVAI,Financial Services,Shell Companies,NASDAQ,88.78,46,93.18,46,45,45,50,10.27,279301217.3592644,27195833.0,0.00029999999,-2.19,290,650,5744,
3118,BOOM,Industrials,Conglomerates,NASDAQ,88.77,46,109.27,85,18,76,23,7.19,152287925.25123453,20468807.0,0.0481,-21.85,470870,352773,355330,-0.149
3119,PRTH,Technology,Software - Infrastructure,NASDAQ,88.77,46,107.12,83,20,20,10,5.94,462848702.214941,82357422.0,0.0589,-33.18,215420,233930,272520,0.088
3120,HUYA,Communication Services,Entertainment,NYSE,88.75,46,91.82,36,66,91,72,3.28,712352673.2854042,229791192.0,0.0647,-33.47,460300,669256,1035624,0.162
3121,TLNC,Financial Services,Shell Companies,NASDAQ,88.75,46,92.69,41,48,45,53,10.22,347265389.0733719,33979000.0,0.00059999997,-9.56,3980,1950,25994,
3122,KCHV,Financial Services,Shell Companies,NASDAQ,88.75,46,93.04,45,46,43,51,10.32,352508480.0531845,34257384.0,0.08,-0.1,12670,17096,13754,
3123,NMP,Financial Services,Shell Companies,NASDAQ,88.75,46,93.22,46,46,43,50,10.2,162902503.75380516,15970834.0,0.0028,0.0,9510,3773,7274,
3124,PSF,Financial Services,Asset Management,NYSE,88.75,46,94.25,53,48,52,63,20.0,240684024.62303352,12028187.0,0.0007,-5.66,38500,42916,42748,
3125,LINE,Real Estate,REIT - Industrial,NASDAQ,88.74,46,102.05,76,31,37,15,39.32,9097867416.957893,227674365.0,0.10569999,-19.29,1080260,1000630,1030742,0.004
3126,CMS,Utilities,Utilities - Regulated Electric,NYSE,88.73,46,89.8,29,63,52,63,73.19,22430652489.76956,308919602.0,0.0001,-8.92,3154650,2940636,2819508,0.116
3127,AN,Consumer Cyclical,Auto & Truck Dealerships,NYSE,88.73,46,92.6,40,42,54,52,200.48,6892064165.9965515,33461495.0,0.098000005,-12.42,502320,393400,424234,-0.021
3128,POLE,Financial Services,Shell Companies,NASDAQ,88.72,46,93.06,45,47,46,55,10.7,315609440.9942627,29510000.0,0.08,-1.83,15390,15596,13834,
3129,PIM,Financial Services,Asset Management,NYSE,88.72,46,93.18,46,49,48,65,3.24,158526480.05191326,48184341.0,0.0092,-7.43,73600,99076,99496,-0.118
3130,AB,Financial Services,Asset Management,NYSE,88.72,46,95.25,58,54,56,66,38.42,3649113747.7781525,93303853.0,0.0032,-12.9,377950,276440,324116,
3131,GPATU,Financial Services,Shell Companies,NASDAQ,88.71,46,92.91,43,47,42,53,10.87,,,0.0,0.0,0,0,0,
3132,PNFP,Financial Services,Banks - Regional,NYSE,88.7,46,95.27,58,38,38,25,96.53,14710328914.249985,150274073.0,0.028099999,-19.87,1166960,1416813,1480970,1.559
3133,GRAF,Financial Services,Shell Companies,NYSE ARCA,88.69,46,93.18,46,46,47,58,10.77,309781239.03274536,28750000.0,0.0001,-9.11,24070,14160,10504,
3134,DYNC,Financial Services,Shell Companies,NASDAQ,88.69,46,93.73,50,52,43,49,10.74,237711991.3540821,22133333.0,0.0063,-29.53,106970,340116,250160,
3135,BSAA,Financial Services,Shell Companies,NASDAQ,88.69,46,93.17,46,45,45,49,10.3,76288848.10495377,7399500.0,0.0008,-0.39,8330,4653,2902,
3136,ZTEK,Healthcare,Medical Instruments & Supplies,NASDAQ,88.68,46,149.02,97,11,18,29,0.82,80657666.25,107543555.0,0.00090000004,-52.33,163250,124663,108166,0.731
3137,SOUL,Financial Services,Shell Companies,NYSE,88.67,46,93.0,44,47,45,54,10.32,350398386.1982651,33953333.0,0.0002,-6.18,17460,22363,46732,
3138,NXST,Communication Services,Broadcasting,NASDAQ,88.66,46,92.91,43,42,82,59,202.79,6192996507.315445,30538965.0,0.0653,-20.26,328470,418716,417394,0.131
3139,SSEA,Financial Services,Shell Companies,NASDAQ,88.66,46,92.91,43,46,45,49,10.2,77885892.943573,7635872.0,0.24,-0.87,9570,5310,4110,
3140,SSEAU,Financial Services,Shell Companies,NASDAQ,88.66,46,93.23,46,45,43,49,10.35,,,0.0,-6.84,1210,433,470,
3141,SVCC,Financial Services,Shell Companies,NASDAQ,88.66,46,93.08,45,46,46,54,10.5,226956712.5,21614925.0,0.0008,-0.19,2760,1380,2050,
3142,RR,Industrials,Specialty Industrial Machinery,NASDAQ,88.66,46,109.29,85,20,50,97,2.75,590293392.176151,223595973.0,0.288,-62.99,10092610,9206226,8695416,-0.088
3143,GDO,Financial Services,Asset Management,NYSE,88.65,46,92.91,43,52,55,62,10.97,83089382.48421192,7519401.0,1.46,-9.71,21000,24803,28288,
3144,MGRC,Industrials,Rental & Leasing Services,NASDAQ,88.64,46,91.33,34,51,51,27,113.9,2815761297.8086853,24561770.0,0.0159,-11.3,255460,273493,226214,0.016
3145,OBA,Financial Services,Shell Companies,NASDAQ,88.64,46,93.33,47,45,43,49,10.22,321309995.17440796,31625000.0,0.04,-0.0,32930,13556,14512,
3146,LMND,Financial Services,Insurance - Property & Casualty,NYSE,88.63,46,80.01,9,76,81,94,55.05,4225911473.9488564,76820789.0,0.15529999,-44.89,2251420,1766720,1899426,0.706
3147,SMG,Basic Materials,Agricultural Inputs,NYSE,88.63,46,87.26,21,57,64,32,60.03,3553752818.4943085,58181937.0,0.1078,-17.03,1260540,1039336,996110,0.05
3148,MKLY,Financial Services,Shell Companies,NASDAQ,88.62,46,93.21,46,46,45,50,10.13,246486574.125,24344353.0,0.0007,-0.3,9730,8516,7432,
3149,DGX,Healthcare,Diagnostics & Research,NYSE,88.62,46,89.42,27,63,70,67,189.81,20743403762.74626,110696429.0,0.0322,-11.1,831400,971950,914250,0.092
3150,IPODU,Financial Services,Shell Companies,NASDAQ,88.61,46,92.67,41,47,48,51,10.45,,,98.67,0.0,0,0,4,
3151,BXMT,Real Estate,REIT - Mortgage,NYSE,88.6,46,86.99,21,63,61,52,18.34,3226915596.0351562,168683520.0,0.068,-11.27,1698310,1502710,1496644,0.349
3152,INAC,Financial Services,Shell Companies,NASDAQ,88.59,46,93.17,46,45,43,50,10.2,149910797.74856567,14755000.0,0.0002,0.1,11440,4823,8278,
3153,RCKT,Healthcare,Biotechnology,NASDAQ,88.58,46,96.91,64,42,22,10,3.59,396372595.36621,109193549.0,0.2146,-51.42,2273970,2614020,3530598,
3154,OACC,Financial Services,Shell Companies,NASDAQ,88.58,46,93.39,47,45,45,57,10.73,260823160.0401764,24582768.0,0.0014,-0.06,700,11583,23752,
3155,SDHI,Financial Services,Shell Companies,NASDAQ,88.58,46,93.0,44,46,44,52,10.38,361270056.0131073,34838000.0,0.0002,-0.67,15540,19880,17906,
3156,SUI,Real Estate,REIT - Residential,NYSE,88.58,46,91.31,34,58,54,58,125.79,15519681837.43634,123230757.0,0.0274,-8.75,878940,753553,789070,0.086
3157,SOCA,Financial Services,Shell Companies,NASDAQ,88.57,46,93.44,48,44,43,52,10.24,240622269.30048466,23590419.0,0.0001,0.39,1870,6010,4270,
3158,SZZLU,Financial Services,Shell Companies,NASDAQ,88.57,46,91.35,34,46,46,53,10.46,,,0.03,-15.51,70,3466,2082,
3159,WTG,Financial Services,Shell Companies,NASDAQ,88.57,46,92.94,43,46,45,49,10.3,75256036.07561588,7303575.0,0.00029999999,-0.19,1070,4680,3614,
3160,IPOD,Financial Services,Shell Companies,NASDAQ,88.56,46,92.89,43,46,46,52,10.37,210016601.2554617,20232813.0,0.0001,-0.19,12530,9823,9598,
3161,HVII,Financial Services,Shell Companies,NASDAQ,88.56,46,93.34,47,45,44,57,10.44,271293251.48855686,26023333.0,0.00029999999,-5.0,18020,24110,34012,
3162,FCPT,Real Estate,REIT - Retail,NYSE,88.55,46,93.61,49,48,40,36,25.14,2762387296.863199,109749197.0,0.042,-10.57,632180,706866,704894,0.069
3163,KTB,Consumer Cyclical,Apparel Manufacturing,NYSE,88.55,46,90.86,32,70,33,36,68.53,4094469682.2791214,55593613.0,0.0988,-21.23,937730,702833,850402,-0.015
3164,HNNA,Financial Services,Asset Management,NASDAQ,88.55,46,95.74,60,42,39,38,10.16,81078564.24871445,7902394.0,0.0008,-22.97,7660,10393,9376,-0.123
3165,LEGT,Financial Services,Shell Companies,NYSE ARCA,88.53,46,92.61,40,47,45,56,11.03,286115072.6866722,25799375.0,0.0053,-4.09,10220,36580,72468,
3166,SPEG,Financial Services,Shell Companies,NASDAQ,88.53,46,93.02,44,45,44,49,10.22,156553330.51492023,15333333.0,0.0004,-7.34,52020,30360,18882,
3167,LKFN,Financial Services,Banks - Regional,NASDAQ,88.52,46,92.59,40,55,43,33,60.06,1533431199.2924423,24913586.0,0.1001,-13.46,167960,132740,170372,0.188
3168,CHPG,Financial Services,Shell Companies,NASDAQ,88.51,46,92.89,43,46,47,51,10.33,103168663.61803055,9987286.0,0.00090000004,0.0,10460,3530,2234,
3169,PRVA,Healthcare,Health Information Services,NASDAQ,88.51,46,92.69,41,41,33,56,22.76,2905845277.142132,126012374.0,0.0322,-14.15,1392400,972413,935692,0.258
3170,AACB,Financial Services,Shell Companies,NASDAQ,88.5,46,92.82,42,47,47,55,10.38,287266503.1671524,27675000.0,0.0001,-0.29,51760,26416,22006,
3171,FUL,Basic Materials,Specialty Chemicals,NYSE,88.5,46,89.49,28,58,68,37,60.35,3337346757.5,54487294.0,0.057600003,-12.06,430330,553946,617442,-0.023
3172,BBDC,Financial Services,Asset Management,NYSE,88.47,46,92.03,37,48,52,44,8.61,928750049.0972481,104706884.0,0.0216,-13.21,783130,679810,735318,-0.06
3173,TEL,Technology,Electronic Components,NYSE,88.47,46,89.89,29,76,71,87,206.12,60188912863.004715,291895799.0,0.0301,-18.39,2721630,2599196,2484678,0.145
3174,SVAC,Financial Services,Shell Companies,NASDAQ,88.47,46,94.09,52,43,51,52,10.52,320466664.30079746,30666667.0,0.0013,-12.33,164830,180056,148904,
3175,TDWDU,Financial Services,Shell Companies,NASDAQ,88.46,46,92.93,43,46,44,47,10.21,,,323.85,-2.99,0,6,268,
3176,IAF,Financial Services,Asset Management,NYSE ARCA,88.45,45,94.81,56,58,64,57,13.05,124379197.15353775,9582373.0,0.13,-10.25,16970,28560,38272,-0.071
3177,QUMS,Financial Services,Shell Companies,NASDAQ,88.44,45,93.13,45,45,43,47,10.17,116005641.54025841,11406651.0,0.0011,-0.59,5330,6400,9626,
3178,UG,Consumer Defensive,Household & Personal Products,NASDAQ,88.44,45,95.46,59,37,33,15,7.0,31562971.004221916,4594319.0,0.0039,-29.15,6700,4753,4558,0.196
3179,SZZL,Financial Services,Shell Companies,NASDAQ,88.42,45,92.94,43,46,46,52,10.31,322203012.9768295,31266667.0,0.0013,-1.81,103090,166256,107892,
3180,PDO,Financial Services,Asset Management,NYSE,88.42,45,92.97,44,51,59,66,13.12,1893633140.124607,142485564.0,0.42,-7.93,649760,633523,776142,
3181,JHI,Financial Services,Asset Management,NYSE,88.41,45,93.4,48,50,55,56,13.34,117002039.86073399,8744547.0,0.0008,-8.06,21830,20176,22526,0.055
3182,TLNCU,Financial Services,Shell Companies,NASDAQ,88.4,45,92.84,42,46,45,57,10.35,,,0.13,-6.25,10,696,520,
3183,BBN,Financial Services,Asset Management,NYSE,88.39,45,93.22,46,50,50,69,16.1,996713198.9616585,61792514.0,0.0021,-7.74,218890,178683,195604,
3184,BGB,Financial Services,Asset Management,NYSE,88.39,45,95.67,60,39,42,48,11.51,512465159.7305107,44678740.0,0.0016,-9.01,146780,140796,168626,
3185,PFO,Financial Services,Asset Management,NYSE,88.38,45,92.66,41,51,57,66,9.2,120834489.24683762,13077326.0,0.23,-7.07,38950,32050,32896,-0.011
3186,SIGI,Financial Services,Insurance - Property & Casualty,NASDAQ,88.36,45,94.5,54,39,60,37,84.81,5075737832.51709,59869520.0,0.026099999,-7.44,494370,578443,569202,0.057
3187,RANGU,Financial Services,Shell Companies,NASDAQ,88.35,45,92.66,41,45,47,65,10.82,,,,-1.64,0,0,0,
3188,PFL,Financial Services,Asset Management,NYSE,88.35,45,92.93,43,50,54,62,7.95,396236955.2287388,49160910.0,2.58,-8.62,171790,169806,219978,-0.097
3189,PLG,Basic Materials,Other Precious Metals & Mining,NYSE ARCA,88.34,45,92.3,38,39,86,90,1.84,225750060.9914825,126825879.0,0.054899998,-54.46,1303370,1407976,1740078,
3190,CIA,Financial Services,Insurance - Life,NYSE,88.33,45,87.34,21,77,68,79,5.21,264900663.78920746,50553564.0,0.0764,-18.59,81080,93533,123008,0.073
3191,KLRS,Healthcare,Biotechnology,NASDAQ,88.33,45,70.29,3,74,97,87,4.73,116800836.52582741,22992291.0,0.111999996,-60.19,111840,89010,77988,
3192,GSHR,Financial Services,Shell Companies,NASDAQ,88.33,45,92.83,42,46,46,52,10.37,212109107.989213,20454109.0,0.06,-7.41,5190,6926,9586,
3193,TACH,Financial Services,Shell Companies,NASDAQ,88.33,45,93.03,44,45,44,53,10.36,356379638.03507614,34432814.0,0.13,-0.19,5310,6556,6020,
3194,PACHU,Financial Services,Shell Companies,NASDAQ,88.33,45,92.82,42,47,42,61,10.3,,,0.02,-2.37,70,50,60,
3195,ORIQ,Financial Services,Shell Companies,NASDAQ,88.32,45,93.04,45,45,44,51,10.25,88406250.0,8625000.0,0.0015,0.0,3340,3376,5520,
3196,NMZ,Financial Services,Asset Management,NYSE,88.32,45,92.37,39,53,50,61,10.22,1204376096.75,117500107.0,0.0182,-5.11,851410,559543,516026,
3197,USLM,Basic Materials,Building Materials,NASDAQ,88.32,45,81.22,11,75,33,57,109.77,3155599704.8362427,28682056.0,0.0436,-22.39,171190,146493,148336,-0.037
3198,GBLI,Financial Services,Insurance - Property & Casualty,NASDAQ,88.32,45,93.97,51,37,35,33,28.0,404526734.43211555,14609127.0,0.0029,-17.65,3960,2240,3400,0.079
3199,ES,Utilities,Utilities - Regulated Electric,NYSE,88.32,45,90.86,32,57,59,77,67.24,25013083266.14361,376080025.0,0.028900001,-12.0,2578860,2141476,2379592,0.094
3200,GPAT,Financial Services,Shell Companies,NASDAQ,88.32,45,92.52,40,48,46,54,10.79,388484390.0799751,35937500.0,0.0001,-1.91,62840,211320,157922,
3201,SN,Consumer Cyclical,"Furnishings, Fixtures & Appliances",NYSE,88.31,45,89.23,27,67,77,21,107.49,15803580463.798447,141520379.0,0.090100005,-19.78,1862950,1606240,1853858,0.156
3202,NUW,Financial Services,Asset Management,NYSE,88.3,45,91.61,35,54,55,64,14.04,251857239.28647614,17951336.0,0.0011,-4.49,65320,48710,41912,
3203,DRDB,Financial Services,Shell Companies,NASDAQ,88.3,45,92.92,43,46,46,56,10.52,322766658.4765949,30666667.0,0.01,-0.28,440020,164846,202080,
3204,VLT,Financial Services,Asset Management,NYSE,88.3,45,94.48,54,44,53,66,10.49,68554291.5894022,6498037.0,0.0015,-8.22,11730,16480,16440,-0.046
3205,LKSP,Financial Services,Shell Companies,NASDAQ,88.29,45,93.09,45,44,42,47,10.1,158659591.2421217,15693333.0,0.21,-0.1,8920,8050,27160,
3206,LWACU,Financial Services,Shell Companies,NASDAQ,88.29,45,93.49,48,44,43,52,10.3,,,0.0,-1.9,270,90,3166,
3207,ALDF,Financial Services,Shell Companies,NASDAQ,88.29,45,93.16,45,46,45,56,10.64,317499118.2381458,29868214.0,0.0001,-0.09,44280,19466,14006,
3208,ELS,Real Estate,REIT - Residential,NYSE,88.29,45,92.48,39,53,60,43,63.39,12264611177.237743,193937553.0,0.041100003,-8.13,1361730,1331850,1430674,0.012
3209,ODYS,Technology,Scientific & Technical Instruments,NASDAQ,88.28,45,81.4,11,84,82,14,4.75,74780405.85960674,16766907.0,0.0007,-37.5,3923260,1323520,802358,-0.663
3210,HVMCU,Financial Services,Shell Companies,NASDAQ,88.28,45,92.52,40,44,43,57,10.26,,,0.41,-6.73,800,7186,4364,
3211,LWAC,Financial Services,Shell Companies,NASDAQ,88.26,45,92.93,43,46,42,51,10.2,306464237.3800278,30075000.0,0.86,0.0,11490,7500,7168,
3212,JENA,Financial Services,Shell Companies,NYSE,88.25,45,93.58,49,43,45,49,10.35,297862992.2628403,28975000.0,0.0036000002,-1.43,1060,5096,9102,
3213,EVN,Financial Services,Asset Management,NYSE,88.23,45,94.38,54,49,56,68,10.66,424209788.1769762,39906847.0,0.58,-5.08,107900,105880,91006,0.077
3214,VNMEU,Financial Services,Shell Companies,NASDAQ,88.22,45,92.9,43,42,46,52,10.26,,,0.0,-9.36,1320,2740,2618,
3215,XP,Financial Services,Capital Markets,NASDAQ,88.22,45,89.75,29,78,65,74,18.67,9904706372.51936,516677430.0,0.0436,-19.28,4199510,4619953,5272464,0.133
3216,TAVIU,Financial Services,Shell Companies,NASDAQ,88.21,45,92.55,40,46,44,50,10.6,147162985.29605865,13883300.0,1.84,-0.47,29,9,25,
3217,CI,Healthcare,Healthcare Plans,NYSE,88.21,45,96.54,63,35,46,30,289.07,76201203650.40894,264532404.0,0.0271,-14.7,1842630,1545490,1679720,0.046
3218,BUSEP,Financial Services,Banks - Regional,NASDAQ,88.2,45,93.17,46,43,49,51,25.97,,,0.42,-2.55,13940,15973,17760,1.434
3219,SEG,Real Estate,Real Estate Services,NYSE,88.19,45,92.58,40,56,29,30,21.96,284458431.409626,12801910.0,0.1079,-22.51,43310,44736,57290,-0.275
3220,UTL,Utilities,Utilities - Diversified,NYSE,88.19,45,89.33,27,57,49,36,50.75,913033658.25,17990811.0,0.0363,-11.25,120460,107640,138478,0.27
3221,CEG,Utilities,Utilities - Independent Power Producers,NASDAQ,88.19,45,94.48,54,38,27,76,299.69,110003533028.37695,362294672.0,0.0318,-27.38,2998310,2951420,2957990,0.129
3222,BWG,Financial Services,Asset Management,NYSE,88.17,45,93.71,50,50,59,60,8.04,135342205.2061348,16791836.0,0.0042,-10.07,80950,76580,91326,
3223,FIGX,Financial Services,Shell Companies,NASDAQ,88.17,45,92.89,43,46,43,51,10.19,197539143.77548313,19385589.0,0.08,-0.1,9500,6400,4318,
3224,EGHA,Financial Services,Shell Companies,NASDAQ,88.16,45,92.86,42,46,45,50,10.27,210432507.03811646,20500000.0,0.0001,-1.15,27030,16386,16914,
3225,PACH,Financial Services,Shell Companies,NASDAQ,88.15,45,93.05,45,45,42,52,10.2,321942509.6511841,31625000.0,0.0001,0.0,5860,12003,10590,
3226,AXIN,Financial Services,Shell Companies,NASDAQ,88.15,45,93.0,44,45,43,50,10.2,278119998.199296,27266667.0,0.05,-0.1,2590,7820,9786,
3227,AX,Financial Services,Banks - Regional,NYSE,88.14,45,84.33,15,71,73,47,85.49,4947825743.257942,56884635.0,0.0727,-16.12,565770,433876,423912,0.193
3228,DOO,Consumer Cyclical,Recreational Vehicles,NASDAQ,88.14,45,82.15,12,84,89,86,56.95,4207470296.1432495,73737648.0,1.24,-30.46,490650,685680,528444,0.16
3229,CRAQ,Financial Services,Shell Companies,NASDAQ,88.13,45,92.95,44,45,44,49,10.22,398496206.4119339,38991800.0,0.23,-2.11,2120,2063,3566,
3230,FERA,Financial Services,Shell Companies,NASDAQ,88.13,45,92.98,44,45,43,59,10.36,324235333.2118139,31266667.0,0.01,-1.33,38900,133170,89804,
3231,BLUW,Financial Services,Shell Companies,NASDAQ,88.12,45,92.5,40,45,48,49,10.26,331803174.7894287,32308000.0,0.02,-1.44,24490,34590,25566,
3232,BLUWU,Financial Services,Shell Companies,NASDAQ,88.11,45,92.4,39,44,55,50,10.5,,,2.68,-4.55,0,63,266,
3233,LCCCU,Financial Services,Shell Companies,NASDAQ,88.11,45,92.38,39,46,46,53,10.43,,,0.22,-2.98,80,100,1168,
3234,KOYN,Financial Services,Shell Companies,NASDAQ,88.1,45,93.19,46,43,42,47,10.12,319366116.428483,31557917.0,0.07,0.0,4520,8406,14286,
3235,OTGAU,Financial Services,Shell Companies,NASDAQ,88.09,44,93.02,44,43,44,54,10.26,,,0.0,-0.39,700,613,900,
3236,CFBK,Financial Services,Banks - Regional,NASDAQ,88.09,44,83.55,14,74,83,34,26.76,178284496.2935257,6499617.0,0.0101,-22.07,23680,29300,38082,0.05
3237,EHI,Financial Services,Asset Management,NYSE,88.09,44,93.22,46,51,57,56,6.09,185434417.5724697,30299742.0,0.0014,-9.1,96910,84636,87148,0.104
3238,ACGLO,Financial Services,Insurance - Diversified,NASDAQ,88.08,44,92.93,43,47,47,49,20.37,,,0.49,-8.24,13620,25373,23398,-0.033
3239,INVH,Real Estate,REIT - Residential,NYSE,88.07,44,100.18,73,33,31,33,28.92,17066825123.949173,594041956.0,0.044299997,-17.91,6082640,5428320,6250056,0.092
3240,CHT,Communication Services,Telecom Services,NYSE,88.07,44,93.56,49,45,48,55,43.1,33985374400.873165,775744655.0,0.0067000003,-8.36,131170,143946,188308,0.075
3241,VNME,Financial Services,Shell Companies,NASDAQ,88.07,44,92.97,44,44,43,49,10.15,253749990.46325684,25000000.0,0.002,0.0,25760,11066,7168,
3242,FWONA,Communication Services,Entertainment,NASDAQ,88.06,44,99.29,71,40,28,55,85.07,21539559837.812073,250605708.0,0.052699998,-14.52,144470,140630,161288,0.183
3243,AGM,Financial Services,Credit Services,NYSE,88.05,44,98.74,69,36,41,26,176.95,1963560207.615326,10848998.0,0.00090000004,-15.99,113370,97020,110864,0.142
3244,NTWOU,Financial Services,Shell Companies,NASDAQ,88.05,44,92.66,41,42,42,65,10.61,,,,-3.46,10,3,2,
3245,EAD,Financial Services,Asset Management,NYSE ARCA,88.02,44,93.77,50,49,51,57,6.57,391191257.5574188,59092336.0,0.41,-8.5,157340,184293,186292,-0.094
3246,NIM,Financial Services,Asset Management,NYSE,88.02,44,91.95,37,52,57,64,9.31,115877823.29279995,12446597.0,0.0011999999,-6.34,25740,19513,18452,0.035
3247,GTERU,Financial Services,Shell Companies,NASDAQ,88.02,44,92.59,40,44,46,51,10.37,,,0.0,-6.07,630,10603,6362,
3248,INACU,Financial Services,Shell Companies,NASDAQ,88.01,44,92.87,42,44,45,53,10.28,,,0.01,-1.15,80,93,118,
3249,SUIG,Financial Services,Credit Services,NASDAQ,88.01,44,129.17,95,17,10,23,1.88,123652626.62867391,76802873.0,0.0117999995,-78.29,428090,357376,359542,0.334
3250,OYSE,Financial Services,Shell Companies,NASDAQ,88.01,44,92.64,41,45,43,51,10.2,345925353.73137,33914251.0,0.0002,-0.49,8520,4523,5698,
3251,BKHAU,Financial Services,Shell Companies,NASDAQ,88.01,44,91.25,34,53,61,72,11.6,,,0.0,-13.43,10,3,175,
3252,RVSB,Financial Services,Banks - Regional,NASDAQ,88.0,44,92.7,41,53,40,56,5.44,113311606.39689064,20564719.0,0.0322,-13.79,47060,37436,45064,-0.922
3253,PHK,Financial Services,Asset Management,NYSE,87.99,44,92.6,40,51,59,59,4.6,841102055.7975769,181272000.0,0.41,-8.73,726110,693616,774764,-0.015
3254,CCEP,Consumer Defensive,Beverages - Non-Alcoholic,NASDAQ,87.99,44,90.44,31,61,66,64,93.45,41873425388.80517,442777049.0,0.0442,-15.73,1615160,1747480,1830134,0.002
3255,TEO,Communication Services,Telecom Services,NYSE,87.99,44,93.07,45,73,42,81,11.56,5091318324.189316,430737602.0,0.0058999998,-16.29,305910,294633,271132,0.606
3256,AXINU,Financial Services,Shell Companies,NASDAQ,87.98,44,92.93,43,44,42,51,10.32,,,0.0,-9.47,0,63,1356,
3257,BRT,Real Estate,REIT - Residential,NYSE,87.97,44,94.27,53,38,39,35,14.48,275935208.3279419,18822320.0,0.0175,-13.24,28850,51836,55738,-0.047
3258,EVAC,Financial Services,Shell Companies,NYSE,87.97,44,93.0,44,44,44,49,10.15,592661300.1864796,58447858.0,0.06,-0.29,172050,123000,84354,
3259,CHEC,Financial Services,Shell Companies,NASDAQ,87.97,44,93.01,44,44,42,47,10.11,174646877.43921375,17274667.0,0.0002,-4.26,2290,3013,7508,
3260,RFAIU,Financial Services,Shell Companies,NASDAQ,87.96,44,92.66,41,45,46,57,10.84,,,,-0.28,0,0,0,
3261,SYBT,Financial Services,Banks - Regional,NASDAQ,87.96,44,93.22,46,56,37,31,70.72,2124798321.068756,29515188.0,0.057600003,-15.64,135750,164490,183154,0.094
3262,MKLYU,Financial Services,Shell Companies,NASDAQ,87.96,44,92.82,42,43,44,52,10.21,,,2.13,-1.07,220,230,724,
3263,PAII,Financial Services,Shell Companies,NYSE,87.95,44,92.69,41,45,44,50,10.15,350099805.79212,34492593.0,1.51,-0.68,6500,9653,6570,
3264,TACO,Financial Services,Shell Companies,NASDAQ,87.94,44,93.42,48,41,40,44,10.35,389069433.2063198,37518750.0,0.0001,-8.57,41390,89140,87762,
3265,GSHRU,Financial Services,Shell Companies,NASDAQ,87.94,44,92.64,41,44,44,51,10.4,,,2.0,-1.89,10,3,4,
3266,PAGS,Technology,Software - Infrastructure,NYSE,87.94,44,88.2,24,71,72,72,9.74,2820350173.1612663,279519339.0,0.1542,-20.94,3004900,3440886,3803050,0.045
3267,RAC,Financial Services,Shell Companies,NYSE,87.92,44,92.48,39,46,47,56,10.41,305264445.82186127,29267923.0,0.02,-0.57,5130,78733,52164,
3268,SAR,Financial Services,Asset Management,NYSE,87.92,44,91.36,34,54,51,40,21.83,360330611.9943466,16267748.0,0.038900003,-14.86,123500,112463,125046,-0.006
3269,WU,Financial Services,Credit Services,NYSE,87.92,44,91.37,34,58,65,43,8.97,2833786297.932373,312435104.0,0.1697,-13.33,7375090,8703480,8512122,-0.001
3270,REGCO,Real Estate,REIT - Retail,NASDAQ,87.92,44,93.75,50,45,45,58,22.17,,,1.23,-8.54,2670,3553,5116,0.1
3271,HVMC,Financial Services,Shell Companies,NASDAQ,87.91,44,93.01,44,44,43,48,10.13,297335089.9028778,29410000.0,0.0004,-0.1,11670,21206,21424,
3272,EMIS,Financial Services,Shell Companies,NASDAQ,87.91,44,92.87,42,44,43,47,10.1,159335919.3180027,15775833.0,0.00090000004,-0.2,4880,4996,4240,
3273,SOBR,Technology,Scientific & Technical Instruments,NASDAQ,87.91,44,247.81,99,1,2,6,1.54,4546657.993382812,2806579.0,0.0150999995,-70.89,39902200,13713716,8287602,-0.088
3274,PRTC,Healthcare,Biotechnology,NASDAQ,87.91,44,94.64,55,55,44,27,17.45,417218762.80293274,24341819.0,0.0008,-12.4,27600,12600,9226,-0.382
3275,SPXC,Industrials,Building Products & Equipment,NYSE,87.9,44,87.87,23,76,79,81,203.24,10155151759.417084,50064839.0,0.0323,-17.61,640470,534240,495520,0.174
3276,PAC,Industrials,Airports & Air Services,NYSE,87.9,44,89.78,29,52,81,60,246.41,14626142228.931885,59501820.0,0.0124,-17.98,107120,154466,135102,-0.206
3277,PDI,Financial Services,Asset Management,NYSE,87.9,44,94.37,54,44,57,50,17.44,7743077249.717712,437215000.0,0.14,-13.53,2339530,2293573,2642316,
3278,HY,Industrials,Farm & Heavy Construction Machinery,NYSE,87.89,44,92.11,37,53,58,12,36.41,667367349.5,17915902.0,0.0321,-18.27,84330,71916,88564,-0.127
3279,POLA,Industrials,Electrical Equipment & Parts,NASDAQ,87.89,44,96.51,63,24,12,86,1.88,6879900.457927108,3640159.0,0.044899996,-67.3,561370,1509780,1768260,-0.771
3280,HAVAU,Financial Services,Shell Companies,NASDAQ,87.88,44,92.83,42,44,43,48,10.14,185985571.14608383,18339964.0,43.22,-8.05,10,10,456,
3281,MCR,Financial Services,Asset Management,NYSE,87.88,44,93.8,50,47,49,61,6.08,252631913.71456861,41688435.0,0.05,-7.6,73140,90506,89846,-0.001
3282,RZLV,Technology,Software - Infrastructure,NASDAQ,87.88,44,99.31,71,43,21,49,2.72,957186246.8351626,398827587.0,0.16540001,-67.81,15048930,19920210,16932014,48.884
3283,STEW,Financial Services,Asset Management,NYSE,87.88,44,93.17,46,49,51,61,17.61,1699299310.9369278,96441500.0,0.0001,-5.68,83090,77020,77980,-0.116
3284,VKTX,Healthcare,Biotechnology,NASDAQ,87.88,44,93.18,46,71,30,85,31.72,3637589786.3318424,116105643.0,0.21079999,-26.49,2673120,2354626,2380536,
3285,CUBWU,Financial Services,Shell Companies,NASDAQ,87.87,44,92.57,40,45,47,55,10.75,,,0.5,-16.67,20,10,21,
3286,SDHY,Financial Services,Asset Management,NYSE,87.86,44,92.66,41,48,54,54,16.03,396742738.5975952,24673056.0,0.46,-6.69,92100,77106,72680,
3287,KRC,Real Estate,REIT - Office,NYSE,87.86,44,101.7,76,25,26,73,34.26,4058130541.727379,116278807.0,0.1514,-23.92,1830060,2213383,2192012,-0.003
3288,TAL,Consumer Defensive,Education & Training Services,NYSE,87.86,44,94.03,52,49,39,48,11.36,6748506189.453049,608521740.0,0.0723,-15.03,3183830,3631013,3459018,0.315
3289,TACHU,Financial Services,Shell Companies,NASDAQ,87.85,44,93.03,44,44,48,63,10.45,,,0.04,-5.0,20,13,106,
3290,BSL,Financial Services,Asset Management,NYSE,87.85,44,95.24,58,37,39,54,13.26,172123583.83669853,13019938.0,0.0016,-7.6,35270,37120,50316,-0.142
3291,ASPC,Financial Services,Shell Companies,NASDAQ,87.84,43,93.27,47,32,72,67,11.36,27209443.642544746,2337581.0,0.0759,-82.24,15860,18256,13412,
3292,ACP,Financial Services,Asset Management,NYSE,87.84,43,92.39,39,50,56,44,5.25,672522850.8321428,125470678.0,0.0,-12.35,470960,591536,567390,0.281
3293,GIGGU,Financial Services,Shell Companies,NASDAQ,87.84,43,92.16,38,43,54,71,11.0,,,0.09,-20.86,0,0,80,
3294,SIG,Consumer Cyclical,Luxury Goods,NYSE,87.84,43,87.99,23,70,68,87,83.13,3551751998.059067,40684443.0,0.2224,-24.56,751560,768133,970418,-0.003
3295,SPEGU,Financial Services,Shell Companies,NASDAQ,87.83,43,92.6,40,44,42,56,10.35,,,0.03,-3.72,0,170,162,
3296,AUBN,Financial Services,Banks - Regional,NASDAQ,87.83,43,93.37,47,46,61,75,24.01,83026817.5,3495866.0,0.0023,-17.21,4840,2866,4288,0.115
3297,SOCAU,Financial Services,Shell Companies,NASDAQ,87.81,43,92.57,40,47,41,56,10.26,,,0.02,-5.18,10,260,202,
3298,GXO,Industrials,Integrated Freight & Logistics,NYSE,87.8,43,85.31,17,68,83,50,50.82,5937657748.510086,115048589.0,0.0497,-23.98,2035850,1381410,1341066,0.108
3299,AIV,Real Estate,REIT - Residential,NYSE,87.79,43,95.26,58,35,41,42,4.32,609950182.9939327,143856183.0,0.026400002,-51.3,1424090,1470123,1907746,-0.039
3300,CCIXU,Financial Services,Shell Companies,NASDAQ,87.78,43,93.86,51,40,37,48,10.84,,,4.62,-13.28,0,10,10,
3301,YCY,Financial Services,Shell Companies,NYSE,87.77,43,92.84,42,44,44,49,10.1,148973372.4410534,14735250.0,0.07,-0.1,71280,25136,15364,
3302,EURKU,Financial Services,Shell Companies,NASDAQ,87.76,43,92.66,41,44,46,57,10.89,,,,-6.12,0,0,0,
3303,IPCX,Financial Services,Shell Companies,NASDAQ,87.76,43,93.16,45,43,40,46,10.3,355075336.47526646,34473333.0,0.03,-0.48,58200,56490,58562,
3304,CHPGU,Financial Services,Shell Companies,NASDAQ,87.75,43,92.66,41,44,44,53,10.29,,,,-14.96,0,0,0,
3305,CCIX,Financial Services,Shell Companies,NASDAQ,87.74,43,93.25,46,45,40,49,10.8,395221740.2100563,36662500.0,0.0002,-7.38,414810,267520,166338,
3306,SIGIP,Financial Services,Insurance - Property & Casualty,NASDAQ,87.73,43,94.46,54,39,48,46,16.84,,,0.64,-9.97,3830,5173,5172,0.057
3307,BEEM,Technology,Solar,NASDAQ,87.72,43,103.66,79,21,17,17,1.8,39314788.68236697,21136983.0,0.0934,-55.45,544310,666466,500848,0.067
3308,MHH,Industrials,Staffing & Employment Services,NYSE ARCA,87.71,43,106.35,82,27,26,20,7.25,84317511.46744442,11875706.0,0.002,-23.52,17430,15346,13686,-0.104
3309,PCM,Financial Services,Asset Management,NYSE,87.71,43,94.99,57,39,46,46,5.83,73351617.28660154,12348757.0,0.71,-13.76,44040,42276,46042,-0.207
3310,PRIM,Industrials,Engineering & Construction,NYSE,87.71,43,66.95,3,92,92,86,114.39,5685917353.572922,54254935.0,0.0765,-44.34,3203910,1564960,1266714,-0.054
3311,FDUS,Financial Services,Asset Management,NASDAQ,87.71,43,95.3,58,39,38,44,18.71,751116898.308258,37954364.0,0.019,-15.3,318350,263776,301624,0.302
3312,TTGT,Technology,Information Technology Services,NASDAQ,87.7,43,111.93,88,15,21,8,5.8,441026595.4049878,72299443.0,0.1312,-38.75,646130,539433,506762,0.021
3313,HIX,Financial Services,Asset Management,NYSE,87.69,43,92.2,38,52,56,62,3.93,353973962.3828018,90069709.0,0.45,-10.68,473740,379193,371198,-0.081
3314,ETJ,Financial Services,Asset Management,NYSE,87.68,43,94.31,53,43,44,53,8.45,571392156.2258434,67301787.0,0.35,-7.35,137770,160833,172802,
3315,CRACU,Financial Services,Shell Companies,NASDAQ,87.68,43,92.89,43,42,44,47,10.2,,,5.35,-5.2,20,436,286,
3316,DMAAU,Financial Services,Shell Companies,NASDAQ,87.67,43,92.85,42,45,45,52,10.58,308639251.97753906,29171400.0,15.75,-0.23,0,70,42,
3317,HIO,Financial Services,Asset Management,NYSE,87.67,43,92.59,40,51,49,52,3.63,350916108.79162073,95099215.0,0.63,-10.37,249150,316020,360030,-0.074
3318,BLD,Industrials,Engineering & Construction,NYSE,87.67,43,94.05,52,44,87,75,424.63,12045689138.476776,28142161.0,0.081499994,-24.1,873750,843196,662802,0.172
3319,FLR,Industrials,Engineering & Construction,NYSE,87.65,43,83.7,14,66,52,51,43.69,6197932143.886536,143106256.0,0.0638,-24.02,3637720,2549380,2595708,-0.02
3320,YUM,Consumer Cyclical,Restaurants,NYSE,87.65,43,88.48,25,60,63,54,150.29,41880640802.77084,275621202.0,0.0278,-11.28,1972350,1595956,1684010,0.152
3321,F,Consumer Cyclical,Auto Manufacturers,NYSE,87.65,43,90.93,33,55,77,82,12.05,49091411985.56831,3984692630.0,0.0,-18.58,49791550,40579423,48958064,0.064
3322,OYSEU,Financial Services,Shell Companies,NASDAQ,87.65,43,92.53,40,41,47,51,10.31,,,8.59,-12.55,0,0,36,
3323,SVCCU,Financial Services,Shell Companies,NASDAQ,87.63,43,92.71,41,42,44,72,10.55,228037199.122715,21614900.0,0.02,-9.64,0,3390,2046,
3324,KCHVU,Financial Services,Shell Companies,NASDAQ,87.62,43,92.02,37,45,42,55,10.42,,,1412.0,-5.27,0,10,62,
3325,DCI,Industrials,Specialty Industrial Machinery,NYSE,87.62,43,87.65,22,65,87,76,85.59,9960024898.0,115814243.0,0.025799999,-24.15,489910,556553,632440,0.03
3326,BLZRU,Financial Services,Shell Companies,NASDAQ,87.62,43,92.93,43,42,44,57,10.24,,,0.0,-6.91,1200,1350,4590,
3327,KVACU,Financial Services,Shell Companies,NASDAQ,87.62,43,92.66,41,43,43,54,11.5,,,,0.0,0,0,0,
3328,LKSPU,Financial Services,Shell Companies,NASDAQ,87.61,43,92.77,42,43,47,49,10.19,,,3.46,-1.66,140,273,186,
3329,SOMN,Utilities,Utilities - Regulated Electric,NYSE,87.61,43,91.68,35,49,51,46,50.75,,,5.33,-6.0,96760,148023,152408,0.08
3330,RUN,Technology,Solar,NASDAQ,87.6,43,97.43,66,57,88,92,14.47,3485205001.170602,238549287.0,0.273,-35.52,9249050,8803240,9497504,0.432
3331,NPAC,Financial Services,Shell Companies,NASDAQ,87.59,43,93.18,46,41,42,46,10.36,396385260.80253124,38390825.0,0.0001,-1.8,152140,78043,129400,
3332,FCRS,Financial Services,Shell Companies,NYSE,87.59,43,93.82,50,39,39,47,10.26,369437490.4036522,35937500.0,0.00029999999,-6.04,51140,84936,95890,
3333,OTGA,Financial Services,Shell Companies,NASDAQ,87.59,43,93.03,44,42,41,47,10.12,356982995.9630966,35275000.0,0.07,-0.01,112810,51533,40228,
3334,GIL,Consumer Cyclical,Apparel Manufacturing,NYSE,87.59,43,89.85,29,62,82,72,57.68,10973822963.959919,185180953.0,0.0346,-21.74,1231000,1131330,1357130,0.638
3335,KOYNU,Financial Services,Shell Companies,NASDAQ,87.58,43,92.71,41,43,42,53,10.19,,,0.93,-3.87,120,290,758,
3336,AACBU,Financial Services,Shell Companies,NASDAQ,87.58,43,92.12,37,45,50,66,10.53,265092743.27754974,25175000.0,0.25,-13.33,0,3,104,
3337,FE,Utilities,Utilities - Regulated Electric,NYSE,87.58,43,84.12,15,72,68,70,44.6,25641855046.889114,578431175.0,0.0557,-14.79,8187010,5420690,5051570,0.116
3338,JOBY,Industrials,Airports & Air Services,NYSE,87.57,43,112.46,88,20,31,93,10.74,10692197688.67101,983642852.0,0.1254,-48.74,38369270,28242936,26176376,
3339,FTHY,Financial Services,Asset Management,NYSE,87.57,43,93.0,44,45,49,51,13.48,496067613.19333076,36772989.0,0.003,-10.01,84300,97390,113558,
3340,GIW,Financial Services,Shell Companies,NASDAQ,87.56,43,92.9,43,43,42,46,10.02,365450027.83558273,36472057.0,0.0001,-0.3,18510,16876,13566,
3341,IGI,Financial Services,Asset Management,NYSE,87.55,43,93.24,46,47,49,53,16.15,96737523.48176575,5993651.0,0.00059999997,-5.5,34270,21290,22918,
3342,HSY,Consumer Defensive,Confectioners,NYSE,87.55,43,86.9,20,62,83,61,189.23,37716697084.903076,202843372.0,0.074499995,-20.98,2081430,1973123,1868514,0.106
3343,ALFUU,Financial Services,Shell Companies,NASDAQ,87.54,43,92.71,41,43,42,61,10.8,,,0.0,-2.61,0,12,55,
3344,SLNO,Healthcare,Biotechnology,NASDAQ,87.52,43,112.28,88,37,17,22,52.94,2759761823.4145164,52120147.0,0.1286,-41.39,1608040,5330946,3839472,
3345,MACIU,Financial Services,Shell Companies,NASDAQ,87.52,43,92.52,40,45,45,58,10.8,,,0.0,-16.02,0,10,18,
3346,FIGXU,Financial Services,Shell Companies,NASDAQ,87.51,43,92.53,40,41,43,53,10.19,,,0.03,-9.86,120,603,474,
3347,NTIC,Basic Materials,Specialty Chemicals,NASDAQ,87.5,43,89.92,29,36,58,34,7.97,75556328.3220911,9492001.0,0.0038,-20.54,25770,17100,12338,0.153
3348,TTWO,Communication Services,Electronic Gaming & Multimedia,NASDAQ,87.49,43,99.65,71,27,26,67,221.47,40821928710.089355,185175456.0,0.0368,-16.36,1535320,1554346,1722002,0.249
3349,FBK,Financial Services,Banks - Regional,NYSE,87.48,43,88.33,24,60,68,65,52.76,2788449708.4070053,51523462.0,0.0452,-15.4,200640,290970,313058,0.319
3350,APXT,Financial Services,Shell Companies,NASDAQ,87.48,43,92.82,42,43,42,47,10.0,459600000.0,45960000.0,0.00059999997,-0.05,197510,93960,70028,
3351,ORIQU,Financial Services,Shell Companies,NASDAQ,87.47,43,92.69,41,42,43,59,10.2,144635997.29537964,14180000.0,0.0,-4.58,20,13,18,
3352,MLTX,Healthcare,Biotechnology,NASDAQ,87.46,43,103.83,79,35,18,2,18.84,1242857981.2927437,72852170.0,0.1345,-69.98,970000,1199706,1037512,
3353,ASIC,Financial Services,Insurance - Property & Casualty,NYSE,87.45,42,90.86,32,52,25,24,19.35,944802268.5046005,48032652.0,0.066599995,-23.52,99940,73593,91610,0.552
3354,WEA,Financial Services,Asset Management,NYSE,87.45,42,92.12,37,51,54,65,10.59,126249988.07373047,11865600.0,0.57,-7.43,33780,33340,35482,0.02
3355,NPACU,Financial Services,Shell Companies,NASDAQ,87.45,42,92.55,40,42,45,56,10.38,,,0.0,-4.53,170,293,6150,
3356,MMTXU,Financial Services,Shell Companies,NASDAQ,87.44,42,92.25,38,45,44,47,10.1,77710412.93506622,7694100.0,0.11,-9.58,90,50,670,
3357,NTRSO,Financial Services,Asset Management,NASDAQ,87.43,42,93.26,47,43,46,44,19.24,,,0.77,-9.03,21080,29820,30240,0.139
3358,KFY,Industrials,Staffing & Employment Services,NYSE,87.43,42,94.13,52,34,31,34,66.57,3516906693.5212708,51887087.0,0.0414,-15.2,355530,446056,555746,0.073
3359,TDACU,Financial Services,Shell Companies,NASDAQ,87.43,42,92.66,41,43,44,53,10.44,,,,-4.22,0,0,0,
3360,CRAQU,Financial Services,Shell Companies,NASDAQ,87.43,42,92.62,40,43,46,56,10.3,,,62.82,-10.43,0,0,32,
3361,ALDFU,Financial Services,Shell Companies,NASDAQ,87.42,42,92.19,38,44,46,50,10.66,,,0.03,-9.5,200,90,112,
3362,LADR,Real Estate,REIT - Mortgage,NYSE,87.41,42,91.97,37,42,40,45,10.1,1309874571.0609055,127668084.0,0.0182,-15.27,492790,927470,893318,0.017
3363,ALGN,Healthcare,Medical Instruments & Supplies,NASDAQ,87.41,42,85.19,17,62,67,21,164.61,12087707387.635529,71618127.0,0.0608,-20.98,1079890,1002876,1173454,0.062
3364,OBAWU,Financial Services,Shell Companies,NASDAQ,87.41,42,92.42,39,44,46,51,10.2,,,0.04,-9.29,0,383,3258,
3365,SHC,Healthcare,Diagnostics & Research,NASDAQ,87.41,42,92.97,44,61,67,64,15.43,4499935089.172197,285166994.0,0.051799998,-22.27,3753740,3068013,3300258,0.1
3366,XPEL,Consumer Cyclical,Auto Parts,NASDAQ,87.41,42,84.19,15,74,84,48,41.73,1200283053.222599,27561035.0,0.1246,-25.36,290730,264183,267410,0.131
3367,KRMD,Healthcare,Medical Instruments & Supplies,NASDAQ,87.4,42,87.16,21,65,68,78,4.02,192918591.23897552,45933000.0,0.019299999,-39.16,129040,135823,146046,0.221
3368,ALHC,Healthcare,Healthcare Plans,NASDAQ,87.4,42,78.48,7,67,80,74,17.16,3706737509.480156,206733823.0,0.084300004,-28.11,5779050,4246186,3867372,0.333
3369,GRF,Financial Services,Asset Management,NYSE ARCA,87.4,42,87.6,22,54,69,69,9.9,40273533.886390686,3967836.0,0.0001,-16.46,2210,1816,1588,-0.02
3370,CHCO,Financial Services,Banks - Regional,NASDAQ,87.4,42,90.19,30,57,54,44,121.17,1735814559.8047028,14111166.0,0.0951,-9.3,92330,107216,126148,0.055
3371,ASH,Basic Materials,Specialty Chemicals,NYSE,87.4,42,88.21,24,54,68,29,54.08,2518785535.9167366,45787777.0,0.1346,-17.62,1190630,776906,738144,0.006
3372,RFL,Real Estate,Real Estate Services,NYSE,87.39,42,100.07,72,26,25,18,1.34,66575537.71192074,52012140.0,0.0015,-57.99,92060,68440,86054,1.74
3373,PFN,Financial Services,Asset Management,NYSE,87.37,42,92.92,43,45,53,64,6.95,692232164.8979187,97635000.0,0.24,-9.39,471120,444260,538224,-0.034
3374,PPT,Financial Services,Asset Management,NYSE,87.37,42,92.56,40,48,51,59,3.5,337353402.87579083,95567537.0,0.0027,-7.16,148140,141936,149496,-0.191
3375,AMBP,Consumer Cyclical,Packaging & Containers,NYSE,87.36,42,89.51,28,67,87,68,3.97,2390825256.0,597706314.0,0.0398,-21.07,971230,1136693,1441464,0.186
3376,LPAAU,Financial Services,Shell Companies,NASDAQ,87.36,42,91.96,37,46,49,59,10.74,,,0.5,-1.83,0,6,4,
3377,OACCU,Financial Services,Shell Companies,NASDAQ,87.35,42,92.64,41,41,44,54,10.68,,,,-3.44,0,0,0,
3378,LSE,Energy,Oil & Gas Equipment & Services,NASDAQ,87.35,42,92.44,39,51,26,52,4.9,84018374.02582169,17025000.0,0.0135,-49.9,7940,9923,19978,-0.31
3379,FWONK,Communication Services,Entertainment,NASDAQ,87.35,42,99.73,72,39,27,55,92.76,23669708355.812073,250605708.0,0.038,-15.18,2173180,1985743,2111406,0.183
3380,RIBBU,Financial Services,Shell Companies,NASDAQ,87.34,42,84.76,16,64,43,54,10.48,67805597.03826904,6470000.0,0.67,-11.04,50,23,54,
3381,CCIIU,Financial Services,Shell Companies,NASDAQ,87.34,42,92.6,40,43,45,53,10.4,,,0.04,-2.85,370,7823,6788,
3382,PAM,Industrials,Conglomerates,NYSE,87.34,42,89.57,28,72,40,77,81.9,4230728060.4854736,53744004.0,0.0164,-13.33,311920,269226,268068,0.384
3383,CIF,Financial Services,Asset Management,NYSE,87.33,42,93.17,46,48,51,58,1.63,29359256.783910036,17901986.0,0.08,-10.44,66220,66110,64822,0.007
3384,BGH,Financial Services,Asset Management,NYSE,87.33,42,94.67,55,43,47,54,14.26,287178481.1304159,20082411.0,0.0014,-15.62,76630,93520,89368,
3385,RYTM,Healthcare,Biotechnology,NASDAQ,87.33,42,93.84,50,41,77,88,87.39,6453715475.703049,68532607.0,0.146,-28.49,940900,784570,893896,0.838
3386,GTEN,Financial Services,Shell Companies,NASDAQ,87.32,42,93.05,45,42,42,50,10.36,466976984.52472687,45075000.0,0.0001,-1.61,70050,50733,68270,
3387,BLSH,Technology,Software - Infrastructure,NYSE,87.32,42,111.91,88,20,11,9,44.03,6620966763.220299,151648346.0,0.18059999,-62.69,1357990,1163800,1261904,0.979
3388,BCSF,Financial Services,Asset Management,NYSE,87.32,42,94.87,56,37,36,33,13.3,886103782.0618515,64868506.0,0.015700001,-16.87,372690,410910,471692,-0.07
3389,CCI,Real Estate,REIT - Specialty,NYSE,87.31,42,99.5,71,37,36,38,90.67,39529455967.115425,436451983.0,0.028800001,-21.67,3134340,3116970,3060134,-0.048
3390,GSRF,Financial Services,Shell Companies,NASDAQ,87.31,42,93.04,45,41,40,46,10.1,296701499.4869232,29405500.0,0.02,-0.98,30220,18846,29270,
3391,FTF,Financial Services,Asset Management,NYSE ARCA,87.29,42,93.08,45,47,50,47,5.9,237987647.46530056,40405374.0,0.43,-9.92,144620,151826,168500,-0.089
3392,APXTU,Financial Services,Shell Companies,NASDAQ,87.28,42,92.86,42,43,41,48,10.14,,,0.98,-2.59,680,623,6900,
3393,HTFL,Healthcare,Health Information Services,NASDAQ,87.26,42,98.28,68,29,17,35,29.39,2544929464.848669,86239561.0,0.0654,-28.7,1020990,1138643,1319538,0.405
3394,JFR,Financial Services,Asset Management,NYSE,87.26,42,93.93,51,44,45,47,7.53,1212084744.0223098,160967425.0,0.0022,-12.34,612090,698240,897142,0.043
3395,BEAG,Financial Services,Shell Companies,NASDAQ,87.25,42,92.66,41,43,42,57,10.54,330091718.8053131,31318000.0,0.0004,-3.74,46610,92446,93492,
3396,FERAU,Financial Services,Shell Companies,NASDAQ,87.25,42,92.4,39,43,47,54,10.54,,,0.0,-3.3,0,0,6,
3397,COCH,Healthcare,Medical Devices,NASDAQ,87.25,42,105.57,81,16,9,5,0.64,49665199.83226669,76881111.0,0.028199999,-66.49,134940,146916,264740,0.786
3398,DNMXU,Financial Services,Shell Companies,NASDAQ,87.24,42,93.19,46,41,41,47,10.15,,,0.08,-7.73,3570,1603,5004,
3399,ACAD,Healthcare,Biotechnology,NASDAQ,87.24,42,91.43,35,50,44,71,21.8,3835683422.6786995,171235870.0,0.1017,-23.1,2000760,1851400,1905836,0.097
3400,FSBW,Financial Services,Banks - Regional,NASDAQ,87.23,42,90.8,32,51,55,45,39.96,306888082.0753555,7501542.0,0.0136,-9.63,10210,14673,14218,0.026
3401,JQC,Financial Services,Asset Management,NYSE,87.21,42,94.18,52,42,46,43,4.87,718389079.6756558,147816679.0,0.0016,-12.72,618520,714966,843318,-0.009
3402,BHFAO,Financial Services,Insurance - Life,NASDAQ,87.21,42,93.4,48,53,37,24,16.59,,,0.96,-24.38,22070,42933,36690,-0.357
3403,MBVI,Financial Services,Shell Companies,NASDAQ,87.21,42,93.01,44,41,41,47,10.12,436424995.0647354,43125000.0,0.1,-3.62,28960,22880,26982,
3404,DMIIU,Financial Services,Shell Companies,NASDAQ,87.2,42,92.67,41,43,41,48,10.06,,,0.0,-6.85,40,1283,2998,
3405,LPBBU,Financial Services,Shell Companies,NASDAQ,87.19,42,92.66,41,44,44,55,10.64,,,10.69,-8.83,0,0,30,
3406,ANSCU,Financial Services,Shell Companies,NASDAQ,87.19,42,90.8,32,55,44,44,11.11,,,0.06,-6.64,50,43,26,
3407,FLWS,Consumer Cyclical,Specialty Retail,NASDAQ,87.18,42,114.16,89,16,26,6,4.37,308954699.06323385,64098483.0,0.43490002,-48.22,1121180,1155793,847210,-0.116
3408,CL,Consumer Defensive,Household & Personal Products,NYSE,87.17,42,92.87,42,44,70,32,86.74,70056576532.48398,800189310.0,0.027,-12.67,5560670,5520713,6022920,0.084
3409,ESNT,Financial Services,Insurance - Specialty,NYSE,87.17,42,91.5,35,52,60,59,61.47,5934827347.883106,94009619.0,0.0286,-8.38,830880,647050,695122,-0.008
3410,FAX,Financial Services,Asset Management,NYSE ARCA,87.14,41,91.62,35,53,59,56,14.69,615523977.1807709,41282628.0,0.61,-13.08,186990,182220,188910,-0.276
3411,MTLS,Technology,Software - Application,NASDAQ,87.14,41,97.04,65,37,32,46,5.47,316150144.5430527,58438106.0,0.0166,-19.56,112860,82323,87890,-0.002
3412,WENN,Financial Services,Shell Companies,NASDAQ,87.14,41,92.95,44,42,40,46,10.24,384191991.4126396,37518750.0,0.04,-1.54,138040,75340,58308,
3413,EAT,Consumer Cyclical,Restaurants,NYSE,87.13,41,91.63,35,45,72,19,139.61,5947678403.080444,42887790.0,0.1658,-25.39,1547020,1228836,1212328,0.032
3414,GOOS,Consumer Cyclical,Apparel Manufacturing,NYSE,87.12,41,91.38,34,38,57,83,11.11,1157771119.4903126,97128449.0,0.106000006,-27.97,370520,399850,398598,0.142
3415,PRU,Financial Services,Insurance - Life,NYSE,87.12,41,95.91,61,35,40,44,101.12,35013843188.70831,347325107.0,0.038599998,-15.56,2440400,2321283,2365662,0.153
3416,GBDC,Financial Services,Asset Management,NASDAQ,87.11,41,92.81,42,38,33,41,12.96,3428116542.21159,260495181.0,0.06,-17.08,1679350,2079250,2326998,-0.062
3417,DYORU,Financial Services,Shell Companies,NASDAQ,87.11,41,92.34,39,41,41,47,10.16,203199996.9482422,20000000.0,0.0,-8.96,890,2236,4028,
3418,MHO,Consumer Cyclical,Residential Construction,NYSE,87.09,41,92.07,37,40,71,43,130.24,3397987791.8811035,25767710.0,0.0581,-18.05,218720,240990,247510,-0.057
3419,EVOXU,Financial Services,Shell Companies,NASDAQ,87.08,41,92.67,41,42,43,47,10.19,,,1.78,-1.07,1827,812,689,
3420,DRI,Consumer Cyclical,Restaurants,NYSE,87.07,41,91.97,37,38,65,32,195.8,22475203149.343674,114535003.0,0.060300004,-14.22,907710,1146820,1383802,0.059
3421,RNGTU,Financial Services,Shell Companies,NASDAQ,87.07,41,92.26,38,43,44,52,10.13,,,59.84,-4.43,80,206,128,
3422,PMTR,Financial Services,Shell Companies,NASDAQ,87.07,41,92.72,41,42,42,48,10.31,317718433.4387779,30825500.0,0.08,-6.27,32660,16133,16678,
3423,STC,Financial Services,Insurance - Property & Casualty,NYSE,87.07,41,93.21,46,41,45,63,68.1,2121535352.1347046,30425000.0,0.0286,-13.37,171210,193123,220800,0.277
3424,MBVIU,Financial Services,Shell Companies,NASDAQ,87.03,41,92.58,40,42,43,56,10.16,0.0,0.0,0.39,-3.24,310,220,846,
3425,SSB,Financial Services,Banks - Regional,NYSE,87.03,41,89.5,28,55,62,34,93.89,9403479060.816315,97668043.0,0.0298,-13.43,803740,882640,887918,0.228
3426,DAAQ,Financial Services,Shell Companies,NASDAQ,87.02,41,92.93,43,40,40,47,10.29,235750896.32602692,22910680.0,0.00029999999,-8.45,57820,45926,51294,
3427,ACGL,Financial Services,Insurance - Diversified,NASDAQ,87.02,41,89.69,28,54,61,46,93.83,32772744420.652405,349389588.0,0.0214,-9.25,2563490,2157696,2010532,-0.033
3428,FULTP,Financial Services,Banks - Regional,NASDAQ,87.01,41,91.65,35,50,39,60,18.29,,,0.26,-12.19,10330,10720,10074,0.042
3429,CBNK,Financial Services,Banks - Regional,NASDAQ,87.0,41,93.15,45,58,50,31,30.81,513838431.57440186,16286480.0,0.0561,-15.36,64810,72736,69320,0.057
3430,CEPV,Financial Services,Shell Companies,NASDAQ,86.99,41,93.44,48,40,40,46,10.25,325847500.0,31790000.0,0.02,-1.06,5940,32243,42828,
3431,BTZ,Financial Services,Asset Management,NYSE,86.99,41,93.01,44,49,49,61,10.28,964974899.620182,93324457.0,0.0011,-8.05,218730,268880,324348,-0.037
3432,SBGI,Communication Services,Broadcasting,NASDAQ,86.99,41,89.6,28,53,38,74,14.27,1030524477.4097109,72165581.0,0.24270001,-20.19,446060,464726,489526,0.04
3433,CRH,Basic Materials,Building Materials,NYSE,86.98,41,90.92,33,60,67,57,112.57,76014457999.58966,668200216.0,0.022,-14.43,4930310,4586633,5222466,0.091
3434,EARN,Financial Services,Asset Management,NYSE,86.98,41,96.5,63,38,47,42,4.8,185214177.55088806,37568800.0,0.025,-21.05,465240,415983,465970,-0.61
3435,DSL,Financial Services,Asset Management,NYSE,86.97,41,93.96,51,46,43,43,11.07,1275213341.1020021,114574423.0,0.0026,-12.63,448730,520156,556032,
3436,HIG,Financial Services,Insurance - Diversified,NYSE,86.97,41,88.45,24,61,65,67,132.11,36190752027.61322,274130820.0,0.0001,-8.57,1575090,1421960,1482970,0.061
3437,FRHC,Financial Services,Financial Conglomerates,NASDAQ,86.94,41,92.26,38,58,21,34,141.76,8555048548.959045,61190535.0,0.0529,-26.93,61210,94770,96988,-0.141
3438,GROW,Financial Services,Asset Management,NASDAQ,86.94,41,89.02,26,58,84,49,2.52,32888229.763450623,12552760.0,0.0002,-30.96,13900,29106,24562,0.125
3439,IDT,Communication Services,Telecom Services,NYSE,86.93,41,95.97,61,38,30,34,52.16,1342330561.2893677,25076230.0,0.024400001,-26.66,124160,122196,143716,0.057
3440,ARLO,Industrials,Building Products & Equipment,NYSE,86.93,41,93.13,45,52,23,57,13.59,1656299709.25,108609817.0,0.1176,-31.85,1707210,1250613,1383602,0.162
3441,JHS,Financial Services,Asset Management,NYSE,86.92,41,92.89,43,42,53,60,11.19,130208823.85425568,11646585.0,0.56,-7.44,33270,21920,22740,0.026
3442,RDAGU,Financial Services,Shell Companies,NASDAQ,86.9,41,92.8,42,41,41,51,10.46,41500798.18725586,3960000.0,0.01,-10.83,120,3620,6294,
3443,HCMA,Financial Services,Shell Companies,NASDAQ,86.89,41,92.78,42,41,42,51,10.15,342393317.0817547,33733333.0,0.0004,-3.24,4700,5816,6570,
3444,KIO,Financial Services,Asset Management,NYSE,86.89,41,94.6,55,42,45,46,11.16,460263384.1884804,40985165.0,0.59,-13.02,221650,206670,270530,
3445,RDAG,Financial Services,Shell Companies,NASDAQ,86.89,41,92.95,44,41,40,46,10.27,384562504.2915344,37500000.0,0.0001,-18.75,59710,57073,41536,
3446,NOG,Energy,Oil & Gas E&P,NYSE,86.88,41,79.8,9,74,42,22,23.63,2475512237.843889,105791123.0,0.1982,-27.56,2415050,2354666,2816488,-0.071
3447,CEPF,Financial Services,Shell Companies,NASDAQ,86.86,41,92.94,43,40,44,55,10.3,589787982.5592041,57150000.0,0.0002,-3.47,69720,74200,69604,
3448,DAIO,Technology,Electronic Components,NASDAQ,86.86,41,104.24,80,25,55,38,2.91,26304381.15203905,9394422.0,0.0004,-18.49,30970,45233,34452,-0.232
3449,HITI,Healthcare,Pharmaceutical Retailers,NASDAQ,86.86,41,96.35,62,32,29,45,2.48,220623622.7417407,87897858.0,1.21,-38.84,363660,413476,456370,0.252
3450,CHECU,Financial Services,Shell Companies,NASDAQ,86.85,41,92.23,38,43,48,48,10.11,0.0,0.0,15.05,-2.84,0,103,114,
3451,GAB,Financial Services,Asset Management,NYSE,86.85,41,91.15,33,50,65,70,5.59,1764485324.0824242,311196702.0,0.036199998,-11.37,1451310,1266020,1234580,0.194
3452,HGLB,Financial Services,Asset Management,NYSE,86.85,41,93.65,49,47,49,83,8.16,192651878.56872368,23380083.0,0.00090000004,-23.31,71650,65480,66906,
3453,FITBP,Financial Services,Banks - Regional,NASDAQ,86.85,41,91.91,36,45,49,60,23.7,,,1.32,-7.06,12350,13446,13076,0.33
3454,CME,Financial Services,Financial Data & Stock Exchanges,NASDAQ,86.84,41,89.3,27,67,65,72,282.58,101913566343.75,362359347.0,0.0148,-14.15,2137350,2291066,2287292,0.144
3455,CCII,Financial Services,Shell Companies,NASDAQ,86.84,41,92.21,38,43,43,48,10.21,354912780.7086525,34693333.0,0.04,-2.44,72300,67896,58148,
3456,NMTC,Healthcare,Medical Devices,NASDAQ,86.83,41,86.27,19,53,36,24,4.33,40216461.293785095,8448836.0,0.0028,-37.79,26580,43917,39573,-0.117
3457,BLZR,Financial Services,Shell Companies,NASDAQ,86.78,41,92.93,43,41,40,46,10.1,347187513.11302185,34375000.0,0.0,-0.69,9380,27906,69880,
3458,HCMAU,Financial Services,Shell Companies,NASDAQ,86.78,41,92.39,39,42,44,56,10.27,,,0.29,-6.55,7810,3143,3634,
3459,LATA,Financial Services,Shell Companies,NASDAQ,86.78,41,92.96,44,41,41,44,10.05,231150004.38690186,23000000.0,0.0,-1.47,31450,36346,46266,
3460,AOMR,Real Estate,REIT - Mortgage,NYSE,86.78,41,89.64,28,59,42,40,8.5,219747178.93665314,24914647.0,0.0226,-17.79,90740,73386,86452,
3461,LATAU,Financial Services,Shell Companies,NASDAQ,86.77,41,92.0,37,43,44,49,10.05,,,,-5.35,20,16,10,
3462,EXC,Utilities,Utilities - Regulated Electric,NASDAQ,86.77,41,87.0,21,62,59,68,44.19,44929069359.09083,1023208142.0,0.0477,-12.75,9065910,8028736,8550992,0.079
3463,JCAP,Financial Services,Credit Services,NASDAQ,86.77,41,87.35,21,54,66,79,19.33,1231763239.9813538,61711588.0,0.0346,-18.78,195170,264126,330290,0.277
3464,HSTM,Healthcare,Health Information Services,NASDAQ,86.75,41,102.41,77,24,20,25,23.12,699995877.7326965,29215188.0,0.0468,-21.97,301260,226830,278064,0.105
3465,PCAP,Financial Services,Shell Companies,NASDAQ,86.74,41,92.96,44,40,39,44,10.24,324086385.4980469,31680000.0,0.0007,-10.33,23520,56036,40322,
3466,IOR,Financial Services,Mortgage Finance,NYSE ARCA,86.74,41,92.6,40,43,41,59,18.0,73191204.0,4066178.0,0.00029999999,-8.58,1080,613,510,
3467,VINP,Financial Services,Asset Management,NASDAQ,86.73,41,90.45,31,45,67,80,10.68,713100843.2434502,65422098.0,0.0054,-21.53,72310,105830,98480,0.059
3468,UAL,Industrials,Airlines,NASDAQ,86.71,41,94.82,56,52,67,49,96.62,32320654108.54492,324569728.0,0.044299997,-18.95,5893110,7747343,8362332,0.106
3469,LAFAU,Financial Services,Shell Companies,NASDAQ,86.71,41,92.38,39,42,44,47,10.06,137654335.72175503,13683333.0,0.32,-9.37,10,3606,6946,
3470,AEC,Energy,Uranium,NASDAQ,86.7,40,87.95,23,44,72,83,5.24,88924530.21204376,18184976.0,0.0047999998,-58.05,66600,49073,53832,
3471,ONCH,Financial Services,Shell Companies,NASDAQ,86.69,40,92.96,44,40,40,50,10.2,219832710.09150124,21541667.0,0.02,-4.04,13580,9706,36308,
3472,SF,Financial Services,Capital Markets,NYSE,86.69,40,88.58,25,62,53,70,74.6,11765271141.0,153794394.0,0.0001,-16.95,1313280,1393050,1425790,0.143
3473,OMAB,Industrials,Airports & Air Services,NASDAQ,86.67,40,88.96,26,65,82,79,108.02,5201219429.5,48271178.0,0.0093,-19.98,67210,92750,92434,0.069
3474,FAST,Industrials,Industrial Distribution,NASDAQ,86.67,40,88.7,25,60,63,37,43.3,50708706542.25502,1148035061.0,0.0241,-14.48,7126440,7416893,7739442,0.124
3475,PAI,Financial Services,Asset Management,NYSE,86.66,40,92.8,42,43,52,51,12.18,116319073.13622665,9510963.0,0.15,-10.83,30310,21436,18702,0.031
3476,TVA,Financial Services,Shell Companies,NASDAQ,86.66,40,92.42,39,39,45,69,10.51,314699993.1335449,30000000.0,0.001,-14.34,70330,47693,75942,
3477,PCRX,Healthcare,Drug Manufacturers - Specialty & Generic,NASDAQ,86.65,40,88.63,25,52,28,55,22.74,910904425.5899582,39347924.0,0.2718,-17.73,774100,590946,695016,0.05
3478,WENNU,Financial Services,Shell Companies,NASDAQ,86.65,40,93.21,46,40,38,61,10.4,,,0.01,-12.68,10440,11766,14472,
3479,PCN,Financial Services,Asset Management,NYSE,86.64,40,93.01,44,42,51,50,11.91,890708139.8145332,73734118.0,0.35,-11.71,302030,342070,390598,0.038
3480,VBF,Financial Services,Asset Management,NYSE,86.64,40,92.34,39,44,47,55,14.96,171833338.12416744,11425089.0,0.0011,-6.38,80050,58896,65562,-0.019
3481,BGT,Financial Services,Asset Management,NYSE,86.63,40,93.96,51,41,41,42,10.95,326878932.3377228,29824720.0,0.0078,-14.18,90350,126333,128018,-0.044
3482,BDCIU,Financial Services,Shell Companies,NASDAQ,86.62,40,92.69,41,41,40,53,10.15,,,0.06,-3.79,90,223,856,
3483,DHF,Financial Services,Asset Management,NYSE,86.6,40,92.77,42,47,52,58,2.41,175511256.70072675,72826245.0,0.35,-8.37,388900,263530,277310,-0.056
3484,HPK,Energy,Oil & Gas E&P,NASDAQ,86.59,40,88.77,25,55,13,11,5.97,735404186.9708061,126358104.0,0.5711,-50.25,788530,911140,1088516,-0.207
3485,FMY,Financial Services,Asset Management,NYSE,86.58,40,91.32,34,46,49,56,11.66,49588365.47861099,4213115.0,2.39,-5.89,3670,4206,7650,-0.116
3486,LVS,Consumer Cyclical,Resorts & Casinos,NYSE,86.57,40,89.29,27,68,61,87,52.07,35192668735.19173,662637325.0,0.088599995,-26.09,5536000,4438170,4219770,0.253
3487,IGC,Healthcare,Biotechnology,NYSE ARCA,86.56,40,97.16,65,34,22,60,0.3,30626787.82554823,98796089.0,0.0156,-40.0,546470,1881153,1257212,-0.536
3488,CRNX,Healthcare,Biotechnology,NASDAQ,86.56,40,87.02,21,38,76,81,36.55,3951898947.573303,105440208.0,0.1371,-36.97,1828300,1276973,1263906,
3489,RIVN,Consumer Cyclical,Auto Manufacturers,NASDAQ,86.54,40,84.19,15,61,37,73,14.08,19095560666.124016,1342866407.0,0.1306,-37.95,30281940,26025286,27644642,0.114
3490,GRX,Financial Services,Asset Management,NYSE,86.54,40,90.56,31,45,55,48,8.98,136058173.745862,15050683.0,0.0002,-10.65,19990,20433,25268,
3491,CAH,Healthcare,Medical Distribution,NYSE,86.53,40,80.51,10,80,83,90,182.5,43011903841.270905,234205855.0,0.028900001,-21.88,2625520,1874323,1919684,0.11
3492,HBANP,Financial Services,Banks - Regional,NASDAQ,86.52,40,92.77,42,45,47,44,17.07,,,0.49,-9.68,28160,39560,38292,0.336
3493,KEP,Utilities,Utilities - Regulated Electric,NYSE,86.48,40,88.47,25,66,95,93,14.76,19849529309.81797,1283928154.0,0.0011,-36.95,474570,653133,721446,0.007
3494,RPT,Real Estate,REIT - Mortgage,NYSE,86.48,40,95.48,59,36,39,38,14.7,116277557.73649979,7772564.0,0.112799995,-18.06,22460,20510,24198,
3495,FTEK,Industrials,Pollution & Treatment Controls,NASDAQ,86.47,40,100.85,74,22,29,80,1.49,47371177.88557005,31165249.0,0.0038,-59.18,419350,223656,217830,-0.047
3496,MTRX,Industrials,Engineering & Construction,NASDAQ,86.47,40,94.53,55,41,27,26,12.31,342670301.58576965,28133850.0,0.0159,-23.59,342920,218913,296418,0.033
3497,RGP,Industrials,Consulting Services,NASDAQ,86.47,40,101.89,76,22,22,26,4.36,152765574.25219727,34329344.0,0.0749,-30.79,289380,330200,329116,-0.166
3498,GSRFU,Financial Services,Shell Companies,NASDAQ,86.46,40,92.08,37,43,50,58,10.27,270722347.0668793,26360500.0,7.77,-6.64,0,0,38,
3499,UMH,Real Estate,REIT - Residential,NYSE,86.45,40,94.01,52,41,45,32,15.57,1347329178.90934,85166195.0,0.0001,-10.88,889400,718333,663362,0.076
3500,OCSL,Financial Services,Asset Management,NASDAQ,86.45,40,93.01,44,39,33,44,12.1,1070239070.8480396,88085523.0,0.0387,-18.08,992800,1121473,1015748,-0.133
3501,WMS,Industrials,Building Products & Equipment,NYSE,86.44,40,88.71,25,69,75,67,143.81,11154647534.28154,77895585.0,0.0388,-19.8,670710,891006,920050,0.004
3502,FPI,Real Estate,REIT - Specialty,NYSE,86.44,40,83.94,14,67,70,31,10.42,461469983.25227165,43617201.0,0.061,-21.21,392810,339360,396470,-0.017
3503,HURC,Industrials,Specialty Industrial Machinery,NASDAQ,86.44,40,94.98,57,37,40,29,16.8,106495423.03095245,6446454.0,0.022,-21.71,11130,18093,20922,-0.076
3504,PIII,Healthcare,Medical Care Facilities,NASDAQ,86.44,40,134.02,96,8,2,20,3.78,11773293.24278593,3318290.0,0.19440001,-66.55,18470,20780,64112,0.038
3505,AIG,Financial Services,Insurance - Diversified,NYSE,86.42,40,94.06,52,43,43,45,76.06,40486547359.172195,530206221.0,0.016,-13.03,5905440,4273086,4346408,0.014
3506,DAAQU,Financial Services,Shell Companies,NASDAQ,86.41,40,92.25,38,42,39,59,10.43,,,0.96,-10.85,70,300,984,
3507,SOLV,Healthcare,Medical Instruments & Supplies,NYSE,86.39,40,99.79,72,31,50,58,74.12,12707559890.921448,173174712.0,0.0433,-15.96,1690980,1354286,1384816,-0.03
3508,PCG,Utilities,Utilities - Regulated Electric,NYSE,86.38,40,89.1,26,67,57,43,16.21,35389750706.89435,2202224728.0,0.0,-15.4,19064670,21425810,22576560,0.15
3509,FCNCO,Financial Services,Banks - Regional,NASDAQ,86.38,40,92.4,39,46,44,46,21.58,,,0.5,-9.74,15510,12920,13354,0.049
3510,AWX,Industrials,Waste Management,NYSE ARCA,86.38,40,91.17,33,42,36,68,2.52,9943551.414060593,3899432.0,0.0013,-53.59,6930,5846,5176,0.217
3511,MBUU,Consumer Cyclical,Recreational Vehicles,NASDAQ,86.37,40,103.11,78,26,39,14,29.66,590878566.6863747,19637041.0,0.0758,-25.2,380110,404336,380494,0.031
3512,OCUL,Healthcare,Biotechnology,NASDAQ,86.36,40,98.6,69,32,37,78,9.28,2112967371.173252,218960358.0,0.113000005,-43.55,2804120,3231210,3969034,0.008
3513,GAME,Communication Services,Electronic Gaming & Multimedia,NASDAQ,86.36,40,111.62,87,11,7,7,0.45,44304882.55626604,93470215.0,0.0917,-84.32,2470460,15396710,9596352,1.424
3514,EW,Healthcare,Medical Devices,NYSE,86.35,40,89.61,28,45,36,74,77.17,46040967472.839355,575800000.0,0.0184,-12.2,4837640,5248000,5029708,0.167
3515,CTEV,Healthcare,Health Information Services,NYSE,86.35,40,138.05,96,9,9,95,29.65,460290303.0,17047789.0,0.12060001,-59.97,96480,90456,134126,0.058
3516,GTENU,Financial Services,Shell Companies,NASDAQ,86.34,40,92.42,39,41,44,57,10.47,,,0.04,-7.51,250,643,1598,
3517,CNK,Communication Services,Entertainment,NYSE,86.33,40,87.39,22,70,27,51,26.76,3160276696.1686077,116787759.0,0.15619999,-21.32,2222420,2133476,2070880,0.189
3518,UDR,Real Estate,REIT - Residential,NYSE,86.33,40,96.49,63,34,48,27,37.15,11992636702.651806,324915653.0,0.0727,-13.56,4068150,3538033,3482012,0.042
3519,LAND,Real Estate,REIT - Specialty,NASDAQ,86.32,40,85.17,17,63,65,43,9.44,416799835.68097305,42836573.0,0.0396,-27.38,612260,524826,540472,0.965
3520,TCRT,Healthcare,Biotechnology,NASDAQ,86.31,40,89.3,27,34,54,86,2.63,6198119.576713562,2402372.0,0.0054,-57.58,11370,15576,15606,-0.25
3521,ONCHU,Financial Services,Shell Companies,NASDAQ,86.31,40,92.69,41,40,40,53,10.3,,,0.06,-9.28,8240,6120,6552,
3522,ABBV,Healthcare,Drug Manufacturers - General,NYSE,86.26,40,91.18,34,48,64,80,202.78,356494062482.1844,1768762377.0,0.0137,-17.17,6597530,6614146,6979836,0.124
3523,TKO,Communication Services,Entertainment,NYSE,86.24,40,88.07,23,61,64,75,184.5,14003211136.347,74967673.0,0.1286,-18.7,1482320,1568950,1453098,0.259
3524,ULBI,Industrials,Electrical Equipment & Parts,NASDAQ,86.24,40,84.97,16,64,46,24,6.13,99439319.4153266,16656503.0,0.007900001,-35.61,48890,35220,51650,-0.065
3525,DBL,Financial Services,Asset Management,NYSE,86.22,40,93.46,48,40,45,58,14.47,287855503.49594593,19770295.0,0.26,-9.62,64880,91143,93390,
3526,ANIP,Healthcare,Drug Manufacturers - Specialty & Generic,NASDAQ,86.2,40,93.83,50,48,49,79,78.71,1862331222.165619,22750198.0,0.1873,-20.89,451460,380560,381304,0.296
3527,ANIX,Healthcare,Biotechnology,NASDAQ,86.2,40,98.38,68,30,27,87,3.03,100583574.0,33527858.0,0.032899998,-44.51,121750,117740,111378,
3528,EFT,Financial Services,Asset Management,NYSE,86.19,40,95.02,57,36,39,39,11.01,292358638.0,26578058.0,0.22,-13.1,159850,120163,139560,-0.181
3529,IPCXU,Financial Services,Shell Companies,NASDAQ,86.18,39,92.05,37,40,49,52,10.42,,,68.32,-8.92,0,26,166,
3530,BBUC,Industrials,Conglomerates,NYSE,86.16,39,86.87,20,61,71,73,31.81,6386180374.217081,207007465.0,0.0175,-16.84,270320,269110,246422,-0.045
3531,HIPO,Financial Services,Insurance - Property & Casualty,NYSE,86.16,39,90.55,31,34,35,72,27.0,711040879.3653202,26035917.0,0.0242,-30.73,134600,104110,111048,0.089
3532,VEON,Communication Services,Telecom Services,NASDAQ,86.16,39,92.12,37,57,60,42,50.03,3403989715.5,68767469.0,0.0052,-21.83,90850,90793,116244,0.173
3533,BDCI,Financial Services,Shell Companies,NASDAQ,86.16,39,92.77,42,40,40,46,10.03,348161619.2457619,34746667.0,0.0001,-2.24,50410,30530,29000,
3534,MC,Financial Services,Capital Markets,NYSE,86.16,39,91.14,33,44,37,34,63.85,4840410911.627106,74376318.0,0.0958,-18.37,1164230,1160750,1337876,0.043
3535,RSKD,Technology,Software - Application,NYSE,86.15,39,101.4,75,30,26,37,4.68,709902499.9864235,148205116.0,0.0184,-17.61,679310,691886,770860,0.062
3536,TISI,Industrials,Specialty Business Services,NYSE,86.15,39,92.47,39,43,24,32,15.99,76570648.5,4571382.0,0.0063,-34.06,5810,6380,6784,0.054
3537,CCEC,Industrials,Marine Shipping,NASDAQ,86.14,39,93.58,49,30,59,57,20.36,1225713106.859665,60113445.0,0.00059999997,-18.0,8560,9150,7862,0.009
3538,JBLU,Industrials,Airlines,NASDAQ,86.13,39,93.56,49,59,64,15,4.96,1901016598.009881,372018894.0,0.21190001,-23.69,27020230,27801596,29025778,0.047
3539,TCBX,Financial Services,Banks - Regional,NYSE,86.13,39,87.12,21,70,65,58,37.13,638462884.4847527,16592071.0,0.0216,-15.31,80320,87633,81962,0.256
3540,MFIC,Financial Services,Asset Management,NASDAQ,86.13,39,90.04,30,58,35,39,11.1,962112320.1781311,82372628.0,0.0383,-17.84,711120,921780,1136606,-0.046
3541,QXO,Industrials,Industrial Distribution,NYSE,86.08,39,83.73,14,65,89,57,18.44,13599648207.762836,724927934.0,0.1238,-33.21,15202810,15009230,11755116,147.25
3542,DLY,Financial Services,Asset Management,NYSE,86.08,39,93.47,48,43,47,42,14.19,691200788.5702171,48539382.0,0.51,-10.19,159900,212596,211654,
3543,DHI,Consumer Cyclical,Residential Construction,NYSE,86.08,39,90.05,30,45,72,42,144.96,41864859651.85608,283579613.0,0.0708,-21.45,1946610,2526426,2618148,-0.023
3544,PMTRU,Financial Services,Shell Companies,NASDAQ,85.99,39,91.17,33,44,44,57,10.5,,,0.0,-15.32,30,240,242,
3545,BENF,Financial Services,Asset Management,NASDAQ,85.98,39,84.02,15,57,78,82,3.28,49410901.78189373,14363634.0,0.28350002,-73.72,20260,472796,295038,0.734
3546,CPT,Real Estate,REIT - Residential,NYSE,85.93,39,93.89,51,36,43,33,104.92,10282630814.27945,99090596.0,0.0657,-12.49,1349740,1224686,1163242,-0.005
3547,ARDC,Financial Services,Asset Management,NYSE,85.92,39,96.4,62,36,38,45,12.88,308682082.74269104,23966000.0,0.08,-14.3,144340,138186,136908,
3548,AEO,Consumer Cyclical,Apparel Retail,NYSE,85.89,39,79.27,8,76,93,84,15.52,2780133446.385071,166674664.0,0.16690001,-45.47,3913710,4608723,5557612,0.129
3549,ESLA,Healthcare,Biotechnology,NASDAQ,85.87,39,83.45,14,92,39,97,1.26,53758186.87311268,42665228.0,0.016,-60.0,37210,126493,98774,
3550,SEED,Basic Materials,Agricultural Inputs,NASDAQ,85.87,39,86.84,20,54,20,60,1.13,13706447.94216156,12129600.0,0.0124,-54.62,22660,30276,117714,-0.112
3551,MWA,Industrials,Specialty Industrial Machinery,NYSE,85.87,39,84.17,15,74,73,31,25.85,4126142484.5457554,156471079.0,0.031400003,-16.61,1068250,1226703,1154982,0.055
3552,AHRT,Real Estate,REIT - Diversified,NYSE,85.86,39,99.84,72,29,41,21,6.48,483835863.82759476,75955396.0,0.0509,-15.95,774440,787713,1421602,-0.534
3553,TOMZ,Industrials,Pollution & Treatment Controls,NASDAQ,85.83,39,116.82,91,16,23,37,0.8,16843241.833082616,20540539.0,0.0044,-33.33,1300070,1022420,638572,-0.049
3554,DRDBU,Financial Services,Shell Companies,NASDAQ,85.82,39,92.02,37,39,48,61,10.51,280800343.87922287,26666700.0,0.0,-7.44,30,10,224,
3555,CWK,Real Estate,Real Estate Services,NYSE,85.82,39,90.98,33,58,32,75,13.76,3324724067.6335955,234300505.0,0.0335,-20.92,1520150,1466526,1561594,0.11
3556,PCAPU,Financial Services,Shell Companies,NASDAQ,85.8,39,92.88,43,38,38,44,10.31,,,0.03,-16.01,1540,5266,4800,
3557,LEGH,Consumer Cyclical,Residential Construction,NASDAQ,85.8,39,97.89,67,37,33,18,22.54,553635687.6095295,23781601.0,0.0825,-23.46,91790,79753,107590,-0.037
3558,CPHC,Consumer Cyclical,Resorts & Casinos,NASDAQ,85.79,39,94.5,54,36,33,27,15.79,81478282.3082428,5150334.0,0.0044,-26.93,690,1200,1288,0.039
3559,HCA,Healthcare,Medical Care Facilities,NYSE,85.78,39,85.12,17,73,84,83,426.37,96542463103.60107,221839800.0,0.027,-23.39,1258460,1101170,1096162,0.043
3560,HYI,Financial Services,Asset Management,NYSE,85.78,39,92.54,40,42,43,44,10.69,137878675.21289253,12814003.0,0.26,-11.87,67440,78773,71606,
3561,MGF,Financial Services,Asset Management,NYSE,85.77,39,91.88,36,44,48,60,2.9,94511562.808043,32590193.0,1.42,-7.64,79930,78043,84542,-0.054
3562,BRBS,Financial Services,Banks - Regional,NYSE ARCA,85.77,39,85.81,18,60,66,82,3.31,309296290.9847894,89911711.0,0.0319,-30.83,213420,479953,386858,-0.1
3563,GRRR,Technology,Software - Infrastructure,NASDAQ,85.77,39,110.94,87,21,20,71,14.19,417573281.44911003,27653859.0,0.1261,-49.14,1034690,744680,687682,0.048
3564,GEL,Energy,Oil & Gas Midstream,NYSE,85.76,39,85.08,17,69,75,75,15.79,2004740988.4361458,122464318.0,0.0557,-15.29,323710,304870,293870,0.105
3565,AEBI,Industrials,Farm & Heavy Construction Machinery,NASDAQ,85.75,39,97.49,66,46,82,40,12.26,891277178.4934711,77435027.0,0.1709,-62.85,260530,325486,353700,0.772
3566,FCNCA,Financial Services,Banks - Regional,NASDAQ,85.75,39,89.44,27,50,50,35,1919.94,22678358790.07666,11618428.0,0.0617,-13.99,53550,69256,88190,0.049
3567,NEO,Healthcare,Diagnostics & Research,NASDAQ,85.75,39,91.89,36,26,76,79,8.66,1166697553.7671852,130211780.0,0.0716,-36.97,2918200,2362443,2093982,0.111
3568,PCF,Financial Services,Asset Management,NYSE,85.75,39,94.67,55,36,42,51,5.69,106683761.43012047,18716450.0,0.0004,-12.6,57360,72286,85260,-0.096
3569,EVV,Financial Services,Asset Management,NYSE ARCA,85.74,39,92.52,40,42,49,58,9.4,1102770808.8031387,116203460.0,0.17,-9.7,342030,327233,350140,-0.029
3570,HSPTU,Financial Services,Shell Companies,NASDAQ,85.7,39,102.93,78,24,35,57,10.0,,,12.52,-25.93,2445,835,541,
3571,CRESY,Industrials,Conglomerates,NASDAQ,85.68,39,86.79,20,68,64,66,11.16,788935918.0585041,70756587.0,0.0173,-21.46,260710,258746,274054,0.203
3572,YUMC,Consumer Cyclical,Restaurants,NYSE,85.68,39,88.58,25,57,68,49,47.44,16463531248.63655,351034770.0,0.013300001,-18.75,1392650,1315626,1566990,0.097
3573,MFIN,Financial Services,Credit Services,NASDAQ,85.67,39,95.15,58,40,61,64,9.38,230390677.58078384,23849967.0,0.0417,-14.73,67880,60073,64326,-0.064
3574,SCL,Basic Materials,Specialty Chemicals,NYSE,85.67,39,91.69,36,51,83,20,51.92,1202216193.321556,22713323.0,0.024,-23.65,186340,151696,157170,0.019
3575,SFBS,Financial Services,Banks - Regional,NYSE,85.66,39,90.35,31,54,63,26,76.87,4344601355.539467,54662823.0,0.066599995,-15.19,233830,263810,329590,0.185
3576,WDH,Financial Services,Insurance - Diversified,NYSE,85.65,39,87.34,21,55,69,68,1.59,560511026.1205773,359301953.0,0.0007,-27.06,165880,186206,207320,1.055
3577,PB,Financial Services,Banks - Regional,NYSE,85.65,39,91.11,33,48,57,36,68.45,7029129949.783943,101489023.0,0.056399997,-11.33,938120,927876,1069236,0.199
3578,HSAI,Consumer Cyclical,Auto Parts,NASDAQ,85.65,39,91.44,35,57,76,92,21.8,3379104902.077139,156440039.0,0.0424,-29.34,1209630,1665790,1860110,0.39
3579,RDAC,Financial Services,Shell Companies,NASDAQ,85.65,39,143.08,97,12,11,55,8.26,47489219.51350689,5951030.0,0.0013,-65.57,1881080,628470,378760,
3580,ZETA,Technology,Software - Infrastructure,NYSE,85.63,39,92.49,40,32,24,50,16.51,4272275471.8052216,249257621.0,0.13,-33.69,10475490,7962636,7567138,0.499
3581,CRWS,Consumer Cyclical,"Furnishings, Fixtures & Appliances",NASDAQ,85.63,39,93.44,48,37,48,26,2.76,30488691.92977953,10697787.0,0.0021,-18.34,22290,32880,28474,-0.113
3582,BIT,Financial Services,Asset Management,NYSE,85.61,39,93.48,48,41,41,42,12.77,731543911.9658432,57062709.0,0.0019,-15.54,247550,288436,276490,
3583,WHG,Financial Services,Asset Management,NYSE,85.61,39,89.34,27,43,62,49,16.37,155792599.48387527,9487978.0,0.0184,-13.8,15400,11236,12418,0.074
3584,SXC,Basic Materials,Coking Coal,NYSE,85.61,39,101.06,74,23,55,19,7.47,621125423.9260168,84853198.0,0.0332,-17.64,1540950,1272276,1902656,0.044
3585,AMRZ,Basic Materials,Building Materials,NYSE,85.6,39,84.18,15,63,66,38,52.04,29276550912.158066,553536609.0,0.0123000005,-21.08,3144830,2656733,2905974,0.047
3586,USA,Financial Services,Asset Management,NYSE,85.6,39,93.93,51,37,38,38,5.75,1755030451.0647655,301551615.0,0.0004,-17.39,1036080,1162886,1192986,-0.098
3587,MIN,Financial Services,Asset Management,NYSE,85.59,38,92.57,40,39,45,54,2.47,281081651.1157937,113798238.0,0.34,-9.52,315240,284393,361050,-0.023
3588,SW,Consumer Cyclical,Packaging & Containers,NYSE,85.59,38,91.9,36,43,77,16,40.9,21791482040.765663,524464078.0,0.066700004,-22.32,6359140,5218443,5684142,0.007
3589,ADSE,Industrials,Electrical Equipment & Parts,NASDAQ,85.58,38,87.46,22,43,32,22,10.87,672169970.8279419,60122536.0,0.0033000002,-21.8,5240,9573,7688,-0.449
3590,PFLT,Financial Services,Asset Management,NYSE,85.57,38,95.75,60,36,36,35,8.74,885023639.8897247,99217896.0,0.0403,-19.67,1128070,1060760,1044178,0.065
3591,BEAGU,Financial Services,Shell Companies,NASDAQ,85.56,38,92.52,40,41,40,64,10.76,,,0.06,-8.19,720,1183,714,
3592,STRT,Consumer Cyclical,Auto Parts,NASDAQ,85.55,38,75.72,6,82,87,80,64.15,255150844.017128,4085682.0,0.055999998,-30.65,107410,117123,94450,-0.045
3593,CPK,Utilities,Utilities - Regulated Gas,NYSE,85.54,38,90.96,33,48,57,67,125.56,3034681841.66597,24004761.0,0.031400003,-10.69,131050,132853,151234,0.182
3594,MEDP,Healthcare,Diagnostics & Research,NASDAQ,85.54,38,87.32,21,72,40,91,417.29,12109308136.0,28559689.0,0.0585,-33.65,408690,441510,390626,0.265
3595,AXS,Financial Services,Insurance - Specialty,NYSE,85.53,38,90.54,31,49,50,68,98.51,7327352381.042908,73723236.0,0.0135,-10.72,612870,560350,548616,0.08
3596,STRA,Consumer Defensive,Education & Training Services,NASDAQ,85.53,38,90.57,31,40,30,34,77.61,1822522837.4967651,22730392.0,0.0773,-16.95,295480,301086,323984,0.008
3597,MDRR,Real Estate,Real Estate Services,NASDAQ,85.53,38,91.71,36,34,42,74,11.15,18157774.37877655,1628500.0,0.0112,-23.21,950,1210,1204,0.118
3598,MCGAU,Financial Services,Shell Companies,NASDAQ,85.52,38,92.45,39,38,39,48,10.27,,,0.43,-17.84,1300,1170,3930,
3599,MESO,Healthcare,Biotechnology,NASDAQ,85.52,38,87.28,21,47,63,63,14.51,1905624816.3695717,129282554.0,0.0325,-32.51,142340,208133,262056,15.268
3600,WMK,Consumer Defensive,Grocery Stores,NYSE,85.52,38,92.12,37,44,51,36,69.27,1753402158.5229034,24744597.0,0.1591,-15.35,152710,136623,150824,0.046
3601,EDU,Consumer Defensive,Education & Training Services,NYSE,85.5,38,86.79,20,59,69,63,52.13,8937437551.88301,166712133.0,0.0216,-19.76,720770,834223,783768,0.198
3602,BSBR,Financial Services,Banks - Regional,NYSE,85.5,38,86.99,21,74,78,85,5.7,43664988900.75073,7489706599.0,3.71,-22.13,917060,851046,1000568,0.247
3603,GBAB,Financial Services,Asset Management,NYSE,85.49,38,91.4,34,48,55,64,14.26,395585681.91398907,27682693.0,0.33,-10.54,139920,94510,98002,
3604,BHK,Financial Services,Asset Management,NYSE,85.48,38,92.85,42,41,46,45,9.19,663740588.2535095,72224224.0,0.0015,-12.97,237230,239640,274228,0.173
3605,COLAU,Financial Services,Shell Companies,NASDAQ,85.47,38,92.86,42,45,65,52,10.99,85401117.5,7944290.0,0.97,-19.78,60,20,44,
3606,SMMT,Healthcare,Biotechnology,NASDAQ,85.47,38,92.83,42,45,18,20,18.66,14033020562.38349,776162645.0,0.256,-39.77,5514860,4416250,3654306,
3607,FDP,Consumer Defensive,Farm Products,NYSE,85.47,38,79.98,9,76,71,64,35.52,1751295042.6265297,47576609.0,0.0579,-18.49,360090,290896,297726,-0.049
3608,RBBN,Technology,Software - Application,NASDAQ,85.46,38,105.41,81,19,10,19,2.63,489666601.2206209,176139067.0,0.0346,-38.69,902170,963060,842050,-0.103
3609,BKT,Financial Services,Asset Management,NYSE,85.45,38,92.52,40,41,46,45,10.62,347209574.08878326,32388952.0,0.0058,-10.46,119530,110960,115172,-0.336
3610,CATO,Consumer Cyclical,Apparel Retail,NYSE,85.43,38,93.63,49,32,35,68,2.91,56858107.71389365,19674085.0,0.0239,-40.85,51590,55556,59820,-0.04
3611,BNTC,Healthcare,Biotechnology,NASDAQ,85.43,38,96.83,64,34,32,68,12.08,420650248.812953,34254907.0,0.1168,-29.56,102280,108380,153316,
3612,MCO,Financial Services,Financial Data & Stock Exchanges,NYSE,85.41,38,94.29,53,31,26,40,448.39,78834971277.52844,174676438.0,0.0238,-18.01,1008060,1014376,1194438,0.081
3613,UONEK,Communication Services,Broadcasting,NASDAQ,85.39,38,101.18,75,17,80,13,5.9,26446921.815026283,4639811.0,5.67,-57.86,33050,11896,8756,-0.165
3614,CAPNU,Financial Services,Shell Companies,NASDAQ,85.39,38,91.34,34,52,62,45,10.91,,,2.86,-7.21,0,16,12,
3615,BTBT,Financial Services,Capital Markets,NASDAQ,85.36,38,134.49,96,12,14,23,2.15,587838978.6275847,326577219.0,0.1989,-52.75,25575820,20829320,19822826,0.249
3616,EMBJ,Industrials,Aerospace & Defense,NYSE,85.35,38,87.08,21,75,82,84,60.36,10697069614.467087,177958235.0,0.011,-25.25,1886110,1632960,1733796,0.043
3617,HIFS,Financial Services,Banks - Regional,NASDAQ,85.34,38,85.81,18,67,63,57,271.2,623118119.4534302,2197250.0,0.1625,-19.76,28310,47016,49554,-0.305
3618,TSI,Financial Services,Asset Management,NYSE,85.34,38,92.63,40,38,43,57,4.55,221511197.09005165,48364891.0,0.089700006,-10.08,157290,104480,175218,0.067
3619,EL,Consumer Defensive,Household & Personal Products,NYSE,85.33,38,98.09,68,30,83,78,82.75,31186720568.88954,361794915.0,0.0375,-31.97,4031450,4180626,4705042,0.046
3620,PAXS,Financial Services,Asset Management,NYSE,85.32,38,91.96,37,40,56,65,14.33,685596036.2524261,47023048.0,0.43,-13.47,191080,167460,204560,
3621,AIRT,Industrials,Conglomerates,NASDAQ,85.32,38,89.6,28,68,67,59,21.26,57241894.84477997,2702639.0,0.0201,-20.37,1970,1790,1942,-0.087
3622,WTRG,Utilities,Utilities - Regulated Water,NYSE,85.31,38,88.17,24,50,50,62,37.57,10627728219.241669,283632983.0,0.0172,-11.33,2100820,2270283,2174356,0.1
3623,SPCE,Industrials,Aerospace & Defense,NYSE,85.29,38,108.47,85,34,19,36,2.92,277583639.2825384,94416202.0,0.20809999,-56.02,7447290,10138316,6818384,-0.273
3624,REXR,Real Estate,REIT - Industrial,NYSE,85.29,38,94.6,55,35,37,64,35.89,8186796279.455555,225718119.0,0.053000003,-19.13,1688120,2324606,2502972,-0.029
3625,CEPO,Financial Services,Shell Companies,NASDAQ,85.29,38,92.94,43,40,38,43,10.58,269560502.5291443,25500000.0,0.0046,-35.88,16720,44400,38640,
3626,CIX,Industrials,Security & Protection Services,NYSE ARCA,85.28,38,92.92,43,56,50,29,23.55,292672603.75,12323057.0,0.0195,-27.09,2760,2416,2988,0.007
3627,KPRX,Healthcare,Biotechnology,NASDAQ,85.28,38,100.12,73,38,22,14,2.41,10859478.21135521,4432440.0,0.0067000003,-42.34,74870,989150,605112,
3628,HYT,Financial Services,Asset Management,NYSE,85.28,38,93.9,51,41,38,55,8.65,1411995481.9208527,163047980.0,0.0011999999,-12.45,728060,819996,879554,0.041
3629,LFMD,Healthcare,Health Information Services,NASDAQ,85.27,38,105.84,82,19,7,11,4.39,231172807.9468584,48362510.0,0.1511,-72.29,1098690,1196290,1337980,-0.014
3630,SMA,Real Estate,REIT - Industrial,NYSE,85.26,38,95.44,59,37,38,41,32.33,1869616117.255249,57420640.0,0.086899996,-18.71,698350,667813,896920,0.131
3631,APO,Financial Services,Asset Management,NYSE,85.25,38,101.43,75,25,30,31,130.46,76792130972.20818,576517513.0,0.0584,-17.05,3829180,4233390,5114878,-0.092
3632,HRI,Industrials,Rental & Leasing Services,NYSE,85.25,38,101.94,76,21,74,33,136.12,4461311817.415009,33393051.0,0.0744,-27.73,691650,651446,632070,0.323
3633,MTG,Financial Services,Insurance - Specialty,NYSE,85.24,38,88.14,23,55,47,68,26.1,5657364669.0,211490268.0,0.056399997,-12.91,2976060,2084453,2022346,-0.03
3634,OMF,Financial Services,Credit Services,NYSE,85.23,38,87.71,22,55,47,69,53.17,6480131115.308624,115530952.0,0.028399998,-26.08,1304380,1214113,1459024,0.091
3635,EQS,Financial Services,Asset Management,NYSE,85.23,38,92.44,39,53,37,88,1.34,18017037.30721283,13966696.0,0.00090000004,-46.18,12810,9753,9034,-0.012
3636,GHY,Financial Services,Asset Management,NYSE,85.22,38,93.3,47,43,53,50,11.95,490304593.39779854,40961118.0,0.34,-13.03,164590,160136,155940,
3637,KRMN,Industrials,Aerospace & Defense,NYSE,85.19,38,69.94,3,87,92,91,58.82,8062900051.381908,132526299.0,0.0721,-50.31,1710210,1748650,1927986,0.474
3638,ARTNA,Utilities,Utilities - Regulated Water,NASDAQ,85.16,38,92.6,40,42,52,45,32.16,329672769.90023804,10289412.0,0.0113,-7.9,41590,42646,77074,0.073
3639,MSIF,Financial Services,Asset Management,NYSE,85.15,38,92.59,40,34,39,31,12.37,602802821.295021,46910724.0,0.0050999997,-31.64,280790,268633,341918,0.026
3640,ENSG,Healthcare,Medical Care Facilities,NASDAQ,85.14,38,80.09,9,78,84,77,169.41,10020463651.638794,58445400.0,0.026500002,-22.29,597570,441570,397910,0.184
3641,POLEU,Financial Services,Shell Companies,NASDAQ,85.14,38,85.03,17,56,63,57,10.71,,,,-8.23,10,3,2,
3642,DSP,Technology,Software - Application,NASDAQ,85.13,38,93.64,49,31,20,21,10.59,219978721.6230297,18270658.0,0.053000003,-34.83,207070,200880,222224,0.223
3643,CHD,Consumer Defensive,Household & Personal Products,NYSE,85.13,38,87.26,21,51,60,27,90.72,22140010749.35559,236943602.0,0.037,-14.45,2237570,1972713,2053732,0.002
3644,MCGA,Financial Services,Shell Companies,NASDAQ,85.11,38,92.93,43,37,36,39,10.18,239821324.46910667,23581251.0,0.0018000001,-14.31,39820,35323,37758,
3645,EIG,Financial Services,Insurance - Specialty,NYSE,85.09,38,90.06,30,35,43,26,41.41,766385080.5898628,18242921.0,0.1232,-17.79,225990,231730,248596,0.025
3646,FSUN,Financial Services,Banks - Regional,NASDAQ,85.08,37,88.03,23,47,56,28,35.73,1636039576.5895844,44121885.0,0.0325,-15.61,268180,294333,238576,0.101
3647,MSA,Industrials,Security & Protection Services,NYSE,85.08,37,90.99,33,52,77,37,168.57,6560378978.908264,38604089.0,0.0235,-19.31,305420,261016,232406,0.1
3648,LPA,Real Estate,Real Estate - Development,NYSE ARCA,85.07,37,96.86,64,26,10,6,3.41,107500577.4153099,31617816.0,0.0231,-63.76,19470,19630,21640,0.233
3649,AMH,Real Estate,REIT - Residential,NYSE,85.07,37,97.87,67,33,34,32,32.05,11549876371.579834,360595592.0,0.028299998,-17.84,3486510,2991336,3168650,0.028
3650,OPRT,Financial Services,Credit Services,NASDAQ,85.06,37,94.73,56,39,29,33,5.47,262767924.30063915,45738543.0,0.040900003,-31.32,440320,403036,502488,0.013
3651,ISD,Financial Services,Asset Management,NYSE,85.06,37,93.34,47,41,57,65,13.44,449477603.4963112,33344037.0,0.64,-9.13,74890,87070,96508,
3652,PPG,Basic Materials,Specialty Chemicals,NYSE,85.05,37,90.74,32,55,77,26,107.95,24432069136.047363,222900000.0,0.0347,-19.1,1949940,2018406,2200222,0.067
3653,BOW,Financial Services,Insurance - Property & Casualty,NYSE,85.03,37,107.32,83,27,24,25,27.87,888597209.5625973,32838035.0,0.041199997,-31.28,271720,198856,199850,0.269
3654,AAL,Industrials,Airlines,NASDAQ,85.02,37,100.81,74,30,51,38,12.79,8829491831.248407,661385137.0,0.0908,-22.48,51097590,55387020,67682466,0.108
3655,GRVY,Communication Services,Electronic Gaming & Multimedia,NASDAQ,85.02,37,94.21,53,42,55,32,63.96,454874987.63809204,6948900.0,0.0111,-14.43,25270,31883,29600,-0.125
3656,HBAN,Financial Services,Banks - Regional,NASDAQ,85.02,37,89.32,27,55,59,40,15.96,32677346763.67569,2027130587.0,0.0345,-17.99,19843330,21697510,24681814,0.336
3657,MCHX,Communication Services,Advertising Agencies,NASDAQ,84.98,37,90.98,33,28,35,26,1.6,69989536.82102847,44297174.0,0.00090000004,-30.74,12200,13683,13744,-0.09
3658,BHFAP,Financial Services,Insurance - Life,NASDAQ,84.98,37,92.78,42,51,36,24,15.91,,,0.49,-25.65,23650,32906,28268,-0.357
3659,KMTS,Healthcare,Medical Instruments & Supplies,NASDAQ,84.98,37,95.8,60,30,77,84,21.83,1228759036.114666,58373353.0,0.1175,-27.23,258460,288056,383844,0.627
3660,CCK,Consumer Cyclical,Packaging & Containers,NYSE,84.96,37,90.06,30,62,66,52,100.38,11307640447.04889,111746617.0,0.0535,-13.93,1373520,1180533,1130738,0.129
3661,ALCY,Financial Services,Shell Companies,NASDAQ,84.95,37,90.86,32,43,43,60,11.68,50244031.654234886,4208043.0,0.0069,-26.54,4110,3420,2770,
3662,AWF,Financial Services,Asset Management,NYSE,84.93,37,91.14,33,48,45,51,10.09,878680382.6365871,86229678.0,0.37,-11.72,798670,467140,445474,-0.011
3663,NNI,Financial Services,Credit Services,NYSE,84.92,37,83.3,13,58,55,68,122.52,4397605636.044258,35934023.0,0.0229,-15.14,126200,142113,149874,-0.048
3664,LUXE,Consumer Cyclical,Luxury Goods,NYSE,84.91,37,87.96,23,64,50,70,8.36,1162605856.4128036,137261608.0,0.22670001,-26.54,160010,187196,198756,1.901
3665,NNDM,Technology,Computer Hardware,NASDAQ,84.91,37,85.77,18,56,70,34,1.65,330549582.7582587,209208591.0,0.057800002,-28.88,2700350,2158850,2097828,1.064
3666,VICI,Real Estate,REIT - Diversified,NYSE,84.9,37,94.72,56,38,38,44,28.92,31054340757.383617,1076780187.0,0.0286,-14.97,9048280,7622656,8468744,0.035
3667,RCEL,Healthcare,Medical Devices,NASDAQ,84.89,37,96.45,63,52,19,7,4.37,126492195.8991313,30776689.0,0.1169,-41.18,198050,218416,211036,-0.043
3668,AMPG,Technology,Communication Equipment,NASDAQ,84.89,37,120.95,92,24,55,94,2.68,55728859.00789046,25331299.0,0.0729,-45.19,666230,542146,560790,1.416
3669,NEXN,Communication Services,Advertising Agencies,NASDAQ,84.88,37,101.06,74,36,15,14,7.47,428492793.69836855,55720779.0,0.061300002,-40.71,218820,265766,329342,-0.103
3670,KDP,Consumer Defensive,Beverages - Non-Alcoholic,NASDAQ,84.87,37,96.2,62,31,42,23,28.71,39224929445.12755,1360559471.0,0.0514,-20.12,10305700,11602103,10973690,0.094
3671,WTF,Financial Services,Capital Markets,NASDAQ,84.86,37,110.36,86,30,12,21,4.2,188126145.4002838,48237472.0,0.019,-48.24,59930,24056,22222,1.001
3672,MOGU,Consumer Cyclical,Internet Retail,NYSE,84.85,37,93.84,50,43,57,79,2.38,18717637.57820034,8173641.0,0.0082,-70.62,4390,4713,5108,0.11
3673,GNTX,Consumer Cyclical,Auto Parts,NASDAQ,84.85,37,94.2,53,35,46,29,23.2,4980943594.744507,212951848.0,0.0465,-21.03,2209260,2182686,2129858,0.171
3674,STWD,Real Estate,REIT - Mortgage,NYSE,84.83,37,89.62,28,46,42,38,17.23,6749964373.25,380279683.0,0.036199998,-18.15,2915070,2739743,3051098,0.218
3675,OPAL,Utilities,Utilities - Regulated Gas,NASDAQ,84.82,37,88.96,26,64,34,31,2.19,68911624.3009758,30357544.0,0.0556,-46.32,168380,170923,208446,0.247
3676,GCMG,Financial Services,Asset Management,NASDAQ,84.82,37,100.17,73,29,34,35,11.36,685952733.6690855,60383165.0,0.0349,-14.07,392250,414153,590190,0.068
3677,CLVT,Technology,Information Technology Services,NYSE,84.81,37,110.44,86,14,8,18,2.79,1777021879.511869,639216510.0,0.1597,-41.51,5868450,5434596,5552596,-0.014
3678,HKD,Technology,Software - Application,NYSE,84.8,37,93.58,49,52,23,16,1.65,518560920.0069964,314279350.0,0.0077,-69.84,211990,242910,458510,3.409
3679,BRN,Energy,Oil & Gas E&P,NYSE ARCA,84.79,37,92.26,38,28,22,31,1.1,15656585.239347339,14233259.0,0.0241,-51.75,174140,1223450,949208,-0.302
3680,PDYN,Technology,Software - Infrastructure,NASDAQ,84.76,37,99.47,71,34,28,78,6.59,288662221.05778456,47244225.0,0.1656,-49.31,1411170,1257316,2663390,1.069
3681,AQN,Utilities,Utilities - Diversified,NYSE,84.74,37,87.97,23,60,72,75,5.97,4665959491.494697,768691822.0,1.65,-16.03,3493960,3984283,4487496,
3682,IMMR,Technology,Software - Application,NASDAQ,84.74,37,103.76,79,25,28,27,6.53,221111013.67793083,33100452.0,0.1312,-19.88,645340,658126,553296,0.1
3683,NWL,Consumer Defensive,Household & Personal Products,NASDAQ,84.71,37,97.08,65,28,44,7,4.08,1929172068.670292,424927772.0,0.1347,-38.55,8068170,6054553,6157772,-0.011
3684,QUBT,Technology,Computer Hardware,NASDAQ,84.68,37,120.93,92,12,22,91,10.18,2165012601.229868,225522137.0,0.2735,-60.6,13914820,14517616,12947512,2.194
3685,PCSC,Financial Services,Shell Companies,NASDAQ,84.67,37,90.99,33,36,82,58,11.28,124841397.04465866,11067500.0,0.0867,-22.05,14570,43416,64618,
3686,EVER,Communication Services,Internet Content & Information,NASDAQ,84.66,37,114.47,89,15,13,74,19.75,725152199.0,35373278.0,0.2077,-31.26,1929460,1075730,974436,0.145
3687,LUCK,Consumer Cyclical,Leisure,NYSE,84.64,37,96.17,62,30,24,20,7.92,1123788687.0246086,136382126.0,0.2744,-31.78,74950,61603,79592,0.023
3688,DBX,Technology,Software - Infrastructure,NASDAQ,84.62,37,103.95,79,25,24,59,26.49,6896653917.266619,238638547.0,0.2522,-18.24,4699370,3727843,3677858,0.008
3689,EFR,Financial Services,Asset Management,NYSE,84.55,37,93.07,45,36,39,40,10.53,311178932.59376335,29523618.0,0.02,-13.76,153740,134666,171002,-0.165
3690,IRT,Real Estate,REIT - Residential,NYSE,84.54,37,95.66,60,33,33,30,16.45,3872792297.194412,235714682.0,0.0659,-16.11,2530120,2296386,2370324,0.023
3691,BGX,Financial Services,Asset Management,NYSE,84.53,37,93.33,47,37,37,44,10.92,139155608.8260889,12708275.0,0.0015,-13.68,68660,68403,86628,
3692,NCDL,Financial Services,Asset Management,NYSE,84.52,37,89.86,29,48,38,36,13.27,674627300.3641319,49387065.0,0.0155,-23.16,174340,206710,220522,
3693,BHFAN,Financial Services,Insurance - Life,NASDAQ,84.52,37,92.93,43,51,37,25,12.99,,,0.35,-25.34,36350,46530,45664,-0.357
3694,TAYD,Industrials,Specialty Industrial Machinery,NASDAQ,84.5,37,76.12,6,60,95,63,51.13,167265056.57281494,3219112.0,0.0128,-43.42,32420,55870,48036,0.058
3695,COMP,Real Estate,Real Estate Services,NYSE,84.5,37,100.37,73,26,78,82,8.76,6506387991.322314,746145389.0,0.050100002,-37.23,15843670,14646633,14616926,0.994
3696,CARS,Communication Services,Internet Content & Information,NYSE,84.47,37,100.29,73,27,29,25,10.93,652947372.4202499,55903027.0,0.1498,-21.76,840900,980883,1511196,0.007
3697,IQV,Healthcare,Diagnostics & Research,NYSE,84.47,37,96.14,61,32,30,79,173.55,29826700120.544434,166900000.0,0.033099998,-29.75,2070170,1599816,1618090,0.084
3698,NOAH,Financial Services,Asset Management,NYSE,84.45,37,92.21,38,39,64,55,10.62,710815915.3257103,65573423.0,0.0070999996,-17.29,40020,85586,123582,0.125
3699,FRA,Financial Services,Asset Management,NYSE,84.43,37,94.28,53,35,39,43,11.15,394743216.2855587,35434758.0,0.0042,-16.85,130020,134036,157374,
3700,FITBO,Financial Services,Banks - Regional,NASDAQ,84.41,37,91.7,36,41,38,39,19.14,,,0.57,-13.28,17100,16173,17144,0.33
3701,SKYH,Real Estate,Real Estate - Development,NYSE,84.41,37,89.39,27,58,23,29,9.74,342023806.63131714,34443484.0,0.1279,-23.13,102730,105390,134434,0.736
3702,MOMO,Communication Services,Internet Content & Information,NASDAQ,84.4,37,96.65,63,32,33,41,6.23,920466311.048058,147747401.0,0.0175,-32.43,458680,652680,726710,-0.023
3703,IPEXU,Financial Services,Shell Companies,NASDAQ,84.39,37,91.68,35,39,52,62,10.61,,,5.06,-27.33,0,0,107,
3704,DTST,Technology,Information Technology Services,NASDAQ,84.38,36,93.45,48,51,50,35,4.15,9232008.376018524,2167138.0,0.0137,-23.71,29390,41363,30848,0.016
3705,NNE,Industrials,Specialty Industrial Machinery,NASDAQ,84.38,36,115.83,90,16,20,77,28.35,1429683742.4863243,52083195.0,0.2143,-53.43,2787680,2316876,2146174,
3706,VVV,Consumer Cyclical,Auto & Truck Dealerships,NYSE,84.36,36,94.8,56,41,55,23,34.5,4542834997.756771,127536079.0,0.1301,-16.53,3058170,2294646,2073090,0.25
3707,MPAA,Consumer Cyclical,Auto Parts,NASDAQ,84.35,36,97.47,66,35,26,81,11.6,223999720.70864105,19210954.0,0.0863,-35.98,48120,63983,87952,-0.099
3708,LEG,Consumer Cyclical,"Furnishings, Fixtures & Appliances",NYSE,84.34,36,80.91,10,71,76,34,9.65,1372510564.6093369,136432456.0,0.118,-25.77,3342590,3628790,2662118,-0.102
3709,LZB,Consumer Cyclical,"Furnishings, Fixtures & Appliances",NYSE,84.33,36,93.63,49,33,48,16,35.44,1473825714.9477196,41248971.0,0.0545,-20.34,446430,380196,407654,0.038
3710,BCPC,Basic Materials,Specialty Chemicals,NASDAQ,84.32,36,84.06,15,65,63,37,158.93,5171939740.140991,32129836.0,0.0149,-13.58,210120,214986,207498,0.081
3711,MSEX,Utilities,Utilities - Regulated Water,NASDAQ,84.29,36,91.07,33,35,48,38,51.83,960270428.8166237,18624329.0,0.0514,-16.65,121060,167630,165692,0.1
3712,SCI,Consumer Cyclical,Personal Services,NYSE,84.29,36,85.49,18,51,44,46,77.38,10723106132.981628,137970998.0,0.0525,-12.73,1532440,1260156,1254774,0.021
3713,BLW,Financial Services,Asset Management,NYSE,84.27,36,92.98,44,39,48,58,12.76,500671180.4004669,39084400.0,0.0032,-10.77,109970,144883,144480,-0.069
3714,GIC,Industrials,Industrial Distribution,NYSE,84.27,36,80.74,10,72,71,36,28.71,1118754526.0027294,38261099.0,0.018,-25.99,96960,80643,95212,0.092
3715,CCAP,Financial Services,Asset Management,NASDAQ,84.27,36,93.37,47,35,36,29,13.12,500933818.8013315,36969285.0,0.0177,-22.91,144270,192833,199882,-0.121
3716,FUTU,Financial Services,Capital Markets,NASDAQ,84.22,36,86.93,20,68,42,85,139.86,20270720506.51245,140194488.0,0.0546,-30.94,1537630,1324043,1483022,0.531
3717,REFI,Real Estate,REIT - Mortgage,NASDAQ,84.2,36,91.62,35,39,32,34,11.58,253638447.68899155,21207228.0,0.0545,-23.82,169240,161566,173604,-0.342
3718,RLX,Consumer Defensive,Tobacco,NYSE,84.2,36,89.87,29,42,54,82,2.15,2566734467.8367214,1222254564.0,0.0095999995,-24.3,1309710,1674973,2093516,0.468
3719,STRR,Industrials,Conglomerates,NASDAQ,84.18,36,88.14,23,36,39,45,9.46,35071190.581422806,3707314.0,0.0017,-21.1,1880,5270,7652,0.69
3720,JMM,Financial Services,Asset Management,NYSE,84.17,36,91.83,36,41,49,55,5.8,55354746.59759998,9462350.0,0.0004,-11.04,9840,5766,10370,0.02
3721,V,Financial Services,Credit Services,NYSE,84.14,36,96.53,63,32,35,41,323.86,606256922252.2522,1901743800.0,0.014099999,-13.75,8660150,7105313,7128598,0.171
3722,SRPT,Healthcare,Biotechnology,NASDAQ,84.09,36,87.79,22,33,17,7,19.4,2107301294.462082,105576222.0,0.2877,-56.05,2973990,2700336,3032722,-0.019
3723,ZKH,Consumer Cyclical,Internet Retail,NYSE,84.07,36,89.81,29,39,65,35,3.02,477829377.0,159276459.0,0.0002,-22.56,393760,245753,167338,0.079
3724,CR,Industrials,Specialty Industrial Machinery,NYSE,84.07,36,93.58,49,59,60,50,182.57,10470448208.462036,57745686.0,0.0164,-14.81,712670,589103,524064,0.249
3725,IOSP,Basic Materials,Specialty Chemicals,NASDAQ,84.07,36,96.18,62,35,51,19,80.82,2004927192.8096771,24890467.0,0.0256,-15.42,246820,211606,251162,-0.024
3726,GRPN,Communication Services,Internet Content & Information,NASDAQ,84.06,36,123.09,93,13,14,72,16.87,675355190.4815292,37983980.0,0.5944,-60.84,2320260,2210103,2039138,0.0
3727,NMIH,Financial Services,Insurance - Specialty,NASDAQ,84.06,36,87.02,21,55,60,45,37.48,2953027322.023266,75971891.0,0.0308,-13.24,723910,485970,480612,0.059
3728,MBOT,Healthcare,Medical Instruments & Supplies,NASDAQ,84.06,36,93.36,47,53,30,60,2.19,143046641.4056282,67158044.0,0.1278,-53.1,1132970,1444106,1578886,
3729,QNST,Communication Services,Advertising Agencies,NASDAQ,84.03,36,94.78,56,23,16,22,12.74,752889936.3641462,56993939.0,0.0992,-25.63,862560,716346,751054,0.283
3730,ITW,Industrials,Specialty Industrial Machinery,NYSE,84.03,36,86.14,19,63,73,38,252.09,73294450419.6167,287700000.0,0.0312,-16.85,1533660,1284393,1288240,0.046
3731,TIC,Industrials,Specialty Business Services,NYSE,84.01,36,110.73,87,15,31,32,9.72,2190532171.9115753,221042604.0,0.0947,-34.96,3180630,2863256,3288654,1.084
3732,TXO,Energy,Oil & Gas E&P,NYSE,84.01,36,93.87,51,44,30,35,12.5,680035284.3506784,55242507.0,0.0212,-30.16,274890,199023,229622,0.41
3733,ULTA,Consumer Cyclical,Specialty Retail,NASDAQ,84.0,36,85.84,18,48,87,80,511.98,22812152744.43219,43736631.0,0.047,-28.39,619140,640593,762058,0.118
3734,HTGC,Financial Services,Asset Management,NYSE,84.0,36,96.6,63,32,33,41,16.05,3021965157.1199226,187118590.0,0.0673,-18.4,1948580,1944490,2286840,0.184
3735,AGEN,Healthcare,Biotechnology,NASDAQ,83.97,36,83.94,14,74,18,74,3.26,158677273.50700235,41538554.0,0.1141,-55.59,919400,1093276,872844,0.275
3736,XBIT,Healthcare,Biotechnology,NASDAQ,83.96,36,94.11,52,31,24,17,2.47,74999819.42301464,30487731.0,0.0057,-31.58,25730,25580,35188,
3737,ASST,Financial Services,Asset Management,NASDAQ,83.95,36,144.0,97,10,3,22,17.95,1162533027.0912457,73023431.0,0.24340001,-93.31,3194610,3547936,3684000,0.214
3738,NEU,Basic Materials,Specialty Chemicals,NYSE,83.95,36,94.58,55,37,29,80,686.25,6299814946.272888,9198019.0,0.0704,-21.66,82600,111753,130702,-0.045
3739,PLTK,Communication Services,Electronic Gaming & Multimedia,NASDAQ,83.94,36,106.45,83,26,21,27,3.75,1380777791.8809843,380379545.0,0.10609999,-29.78,1454860,1305543,1697660,0.055
3740,GDRX,Healthcare,Health Information Services,NASDAQ,83.93,36,119.99,92,12,13,12,2.84,988932114.9988804,338675373.0,0.0855,-51.12,2127890,1573430,2130910,-0.044
3741,RJF,Financial Services,Asset Management,NYSE,83.92,36,92.24,38,36,39,46,151.04,30076298994.061493,194883034.0,0.0506,-14.98,1195810,1369200,1368378,0.131
3742,GSBD,Financial Services,Asset Management,NYSE,83.91,36,89.39,27,42,35,32,8.95,1044640911.7008162,112569067.0,0.051799998,-25.59,1667700,1463246,1483764,-0.187
3743,HVT,Consumer Cyclical,Home Improvement Retail,NYSE,83.9,36,86.5,19,52,74,60,21.26,357316848.8797798,16095353.0,0.0001,-23.17,96430,100840,124644,0.041
3744,UAVS,Technology,Computer Hardware,NYSE ARCA,83.89,36,106.57,83,15,19,26,1.13,68090630.24245048,58197122.0,0.0648,-68.7,1997000,2299980,2931322,0.061
3745,LH,Healthcare,Diagnostics & Research,NYSE,83.89,36,88.9,26,56,59,59,255.08,20837839599.609375,82000000.0,0.0395,-13.16,908670,697140,629940,0.058
3746,TRVG,Communication Services,Internet Content & Information,NASDAQ,83.88,36,107.55,84,27,23,53,3.26,245050270.80044508,70619674.0,0.002,-38.49,128050,58180,46382,0.151
3747,BRC,Industrials,Security & Protection Services,NYSE,83.86,36,84.06,15,66,81,54,76.42,3699372381.347122,47228039.0,0.0116,-23.03,232480,247096,235746,0.077
3748,GME,Consumer Cyclical,Specialty Retail,NYSE,83.85,36,89.15,27,49,40,23,23.17,10886549119.834787,448375157.0,0.1512,-35.3,13732760,9322636,7796832,-0.139
3749,ARCT,Healthcare,Biotechnology,NASDAQ,83.84,36,99.38,71,27,15,5,8.64,262060703.76977825,28423069.0,0.33200002,-64.25,429210,430596,480098,-0.93
3750,MGIH,Consumer Cyclical,Packaging & Containers,NASDAQ,83.84,36,92.84,42,34,41,37,1.48,16875000.0,11250000.0,0.008,-69.42,7660,8830,9116,-0.24
3751,XHG,Financial Services,Insurance Brokers,NASDAQ,83.82,36,99.65,71,17,14,4,1.01,53352101.68940234,51547926.0,0.0008,-68.73,5710,44306,31492,
3752,PTY,Financial Services,Asset Management,NYSE,83.81,36,93.39,47,37,40,46,12.15,2607377619.532342,211981917.0,0.13,-17.29,977680,1090663,1275282,0.072
3753,MRP,Real Estate,REIT - Residential,NYSE,83.81,36,84.93,16,64,69,79,27.29,4471670724.783806,166047927.0,0.0397,-24.19,1811750,1395453,1415164,1.357
3754,NTES,Communication Services,Electronic Gaming & Multimedia,NASDAQ,83.8,36,94.71,55,31,37,85,116.21,73965430987.44492,638128105.0,0.0064,-27.16,777340,661190,774944,0.03
3755,CNA,Financial Services,Insurance - Property & Casualty,NYSE,83.79,36,84.36,15,60,55,44,43.13,11778938492.178917,270531425.0,0.10479999,-14.96,661510,460873,475608,0.1
3756,ALGS,Healthcare,Biotechnology,NASDAQ,83.76,36,83.48,14,73,34,12,6.21,39852156.47409296,6188223.0,0.0525,-54.64,132960,333000,217130,8.1
3757,GRBK,Consumer Cyclical,Residential Construction,NYSE,83.76,36,87.12,21,50,74,41,65.26,2851537685.4635925,43146283.0,0.0001,-19.4,191760,206966,211788,-0.084
3758,HPQ,Technology,Computer Hardware,NYSE,83.75,36,103.27,78,28,18,24,21.67,20819889284.466644,917984524.0,0.1515,-26.67,16812900,17201116,17866562,0.069
3759,CLB,Energy,Oil & Gas Equipment & Services,NYSE,83.74,36,71.82,4,76,82,77,13.3,605249439.9353466,46096682.0,0.2207,-34.68,657710,440736,428634,-0.014
3760,TRSG,Industrials,Metal Fabrication,NASDAQ,83.72,36,100.42,73,31,18,14,1.33,20654453.005150795,16353486.0,0.0038,-33.5,8290,4413,4356,0.109
3761,OXSQ,Financial Services,Asset Management,NASDAQ,83.7,36,92.33,39,52,34,25,1.78,170219303.24569094,93527087.0,0.0473,-28.8,2561580,1583383,1561758,-0.12
3762,MOLN,Healthcare,Biotechnology,NASDAQ,83.7,36,89.56,28,58,66,54,4.13,153387835.2321453,37411668.0,0.00059999997,-22.95,4400,3460,3584,
3763,PERF,Technology,Software - Application,NYSE,83.68,35,95.71,60,31,21,39,1.7,172124259.8178277,101848671.0,0.0038,-36.33,91860,94280,223752,0.12
3764,EVF,Financial Services,Asset Management,NYSE,83.68,35,92.85,42,37,38,42,4.98,90851445.0,18170289.0,0.46,-13.39,126270,87510,87970,-0.075
3765,AGAE,Communication Services,Entertainment,NASDAQ,83.66,35,125.2,94,8,4,3,0.46,16968118.050498366,37706930.0,0.3085,-87.86,2278590,25600423,15480234,-0.146
3766,NFG,Energy,Oil & Gas Integrated,NYSE,83.65,35,82.16,12,67,60,66,79.44,7557211667.212601,95035362.0,0.0533,-18.15,1004920,785456,814418,0.176
3767,MLP,Real Estate,Real Estate Services,NYSE,83.62,35,89.49,28,36,49,23,15.35,311144966.488266,19868772.0,0.0293,-24.53,13090,15986,16860,0.326
3768,MSDL,Financial Services,Asset Management,NYSE,83.61,35,95.01,57,31,34,35,15.17,1312157702.9577942,84764712.0,0.0352,-24.15,659830,725533,766418,-0.062
3769,SG,Consumer Cyclical,Restaurants,NYSE,83.57,35,107.93,84,11,13,4,6.74,831752201.0,118821743.0,0.2555,-59.64,4629820,4287246,4195640,-0.029
3770,BHFAM,Financial Services,Insurance - Life,NASDAQ,83.56,35,91.51,35,53,39,23,11.53,,,0.17,-26.37,17730,34656,30330,-0.357
3771,CGBD,Financial Services,Asset Management,NASDAQ,83.55,35,92.86,42,32,35,25,11.38,807850895.4611092,70125943.0,0.0417,-21.46,651920,815743,807606,0.187
3772,THRM,Consumer Cyclical,Auto Parts,NASDAQ,83.55,35,95.22,58,33,34,54,30.49,968156643.9511795,30666983.0,0.0247,-22.77,244600,253126,242626,0.113
3773,LIEN,Financial Services,Asset Management,NASDAQ,83.54,35,88.69,25,35,52,41,9.05,205613521.12321854,22820590.0,0.0011999999,-20.89,47670,63236,64770,0.125
3774,VANI,Healthcare,Biotechnology,NASDAQ,83.51,35,95.0,57,26,34,77,1.2,102619778.69441223,86235104.0,0.0086,-37.5,152720,277480,255100,
3775,CPA,Industrials,Airlines,NYSE,83.5,35,90.57,31,58,86,80,117.04,5051814433.9449005,41138553.0,0.056500003,-25.17,351560,448416,486584,0.096
3776,CMCM,Communication Services,Internet Content & Information,NYSE,83.49,35,83.23,13,47,44,86,5.09,165125500.96813345,31038627.0,0.0072000003,-46.08,12700,15466,27098,0.303
3777,FNWD,Financial Services,Banks - Regional,NASDAQ,83.44,35,83.81,14,65,74,80,31.74,137492930.5,4330486.0,0.0416,-20.63,9070,6660,6954,0.155
3778,GNLX,Healthcare,Biotechnology,NASDAQ,83.43,35,109.3,85,27,13,92,2.9,139453689.05605316,44840416.0,0.0695,-66.02,172670,202360,194098,
3779,ONIT,Financial Services,Mortgage Finance,NYSE,83.39,35,80.89,10,62,56,78,37.99,328094449.383358,8432137.0,0.019,-29.78,108540,73196,70372,0.178
3780,LII,Industrials,Building Products & Equipment,NYSE,83.39,35,97.16,65,35,49,19,521.48,18139483320.0,34799968.0,0.056599997,-24.36,545390,489766,468894,0.058
3781,DIS,Communication Services,Entertainment,NYSE,83.38,35,95.65,60,36,31,39,104.72,187577958191.12646,1736511424.0,0.0121,-16.02,10627740,8835246,10012336,0.065
3782,LOMA,Basic Materials,Building Materials,NYSE,83.37,35,90.69,32,66,40,66,10.95,1285996916.0194778,116696630.0,0.036199998,-22.72,355010,348283,396360,0.265
3783,BDX,Healthcare,Medical Instruments & Supplies,NYSE,83.35,35,85.25,17,50,71,40,143.15,41174003988.49164,275540427.0,0.0287,-23.59,3589920,2954150,2780668,-0.106
3784,BWEN,Industrials,Specialty Industrial Machinery,NASDAQ,83.32,35,83.24,13,31,73,86,2.03,50084810.695189476,23404116.0,0.004,-51.08,314110,191826,175864,0.124
3785,CAL,Consumer Cyclical,Apparel Retail,NYSE,83.31,35,90.68,32,35,27,9,12.06,455501056.5,33740819.0,0.1532,-33.99,610690,590770,670918,0.087
3786,MEGL,Financial Services,Capital Markets,NASDAQ,83.3,35,97.05,65,24,31,80,1.13,5621095.572441816,5064050.0,0.074499995,-56.87,22670,16923,18420,0.267
3787,BOSC,Technology,Communication Equipment,NASDAQ,83.29,35,86.89,20,44,48,79,4.48,32076636.844644547,7049810.0,0.0014,-33.33,69010,59076,57496,0.215
3788,INMD,Healthcare,Medical Devices,NASDAQ,83.29,35,90.64,31,36,35,31,13.77,848890152.3196697,60808750.0,0.0574,-17.74,857690,767150,882020,0.053
3789,VVR,Financial Services,Asset Management,NYSE,83.29,35,89.96,29,41,38,39,3.04,467932082.2882261,153925029.0,0.0017,-20.63,864870,789650,839616,-0.175
3790,TVACU,Financial Services,Shell Companies,NASDAQ,83.28,35,90.64,31,40,59,76,10.6,,,1.46,-16.67,570,390,374,
3791,ENVX,Industrials,Electrical Equipment & Parts,NASDAQ,83.28,35,112.48,88,17,14,26,7.18,1440009687.6965404,217853201.0,0.28079998,-56.46,5518300,5785626,5749580,0.159
3792,APRE,Healthcare,Biotechnology,NASDAQ,83.27,35,111.78,87,17,5,9,0.93,12135120.716182709,12382776.0,0.0097,-58.11,228280,648373,423348,-0.984
3793,ORLY,Consumer Cyclical,Auto Parts,NASDAQ,83.26,35,91.47,35,39,42,63,91.35,77369930117.37326,832292716.0,0.020299999,-15.98,6037610,5128733,5443796,0.102
3794,RDY,Healthcare,Drug Manufacturers - Specialty & Generic,NYSE,83.25,35,88.49,25,38,48,44,13.14,11045674518.074913,834896062.0,0.0309,-18.74,2798800,2625260,2487498,0.044
3795,ACET,Healthcare,Biotechnology,NASDAQ,83.22,35,109.33,85,17,13,25,8.17,79927120.33302784,9348201.0,0.074200004,-53.15,97090,131113,123668,
3796,CSW,Industrials,Specialty Industrial Machinery,NYSE,83.22,35,87.62,22,51,65,23,274.09,4530774772.834351,16686708.0,0.0999,-19.12,116640,129956,135860,0.203
3797,GTN,Communication Services,Broadcasting,NYSE,83.21,35,78.95,8,76,48,61,4.38,444857502.31167793,102738455.0,0.0001,-31.99,1343430,1251826,1340214,-0.018
3798,CURV,Consumer Cyclical,Apparel Retail,NYSE,83.18,35,82.71,13,75,11,3,1.44,155217615.3066516,99498475.0,0.1733,-76.32,316880,404456,971168,-0.143
3799,CBRE,Real Estate,Real Estate Services,NYSE,83.14,35,91.64,35,42,33,63,146.11,42847850541.23317,292816579.0,0.0123000005,-16.16,1725750,1868080,2023696,0.186
3800,NXRT,Real Estate,REIT - Residential,NYSE,83.13,35,99.04,70,27,32,31,29.58,1543785577.97604,51545427.0,0.0504,-22.77,192870,197823,217500,0.005
3801,GBR,Real Estate,Real Estate Services,NYSE ARCA,83.12,35,87.91,23,27,22,21,0.76,4054227.970119357,5131934.0,0.19440001,-57.3,182560,1016846,1441184,0.026
3802,FEDU,Consumer Defensive,Education & Training Services,NYSE,83.07,35,91.88,36,49,28,79,10.3,23730609.0,2260058.0,0.0062,-40.46,430,513,818,0.079
3803,KFS,Consumer Cyclical,Auto & Truck Dealerships,NYSE,83.05,35,91.85,36,38,71,79,11.48,341570640.721138,28946664.0,0.0766,-31.67,63850,79583,85574,0.287
3804,OSPN,Technology,Software - Infrastructure,NASDAQ,83.05,35,98.95,70,23,20,22,11.84,453400938.52939606,37072850.0,0.0675,-34.69,603660,508926,636936,0.041
3805,FFIN,Financial Services,Banks - Regional,NASDAQ,83.04,35,91.73,36,38,40,26,31.48,4622274821.306038,143281930.0,0.0753,-18.74,723510,679506,781802,0.131
3806,RTAC,Financial Services,Shell Companies,NASDAQ,83.03,35,93.09,45,32,35,47,10.44,324077383.312912,31161288.0,0.0055,-21.96,111830,99580,145202,
3807,RDACU,Financial Services,Shell Companies,NASDAQ,83.02,35,165.04,98,8,24,53,9.15,,,10.73,-53.86,2940,1000,616,
3808,WM,Industrials,Waste Management,NYSE,83.01,35,86.52,19,52,57,35,214.11,86487367747.4209,401575752.0,0.0154,-13.71,2066480,1927263,2059314,0.035
3809,CLNE,Energy,Oil & Gas Refining & Marketing,NASDAQ,82.97,35,81.42,11,61,61,32,2.07,486696449.5409031,220224634.0,0.0352,-33.44,1361770,1364956,1412248,0.133
3810,GROV,Consumer Defensive,Household & Personal Products,NYSE,82.95,35,98.53,69,52,52,64,1.3,54216215.14675617,42028075.0,0.081,-29.35,72170,68306,82548,-0.168
3811,COE,Consumer Defensive,Education & Training Services,NYSE ARCA,82.95,35,102.71,77,28,36,95,27.0,148560897.20006943,6007315.0,0.003,-51.9,7680,10973,9116,0.886
3812,GNE,Utilities,Utilities - Regulated Electric,NYSE,82.93,35,94.66,55,30,34,35,14.33,381223468.8419018,26400518.0,0.0202,-49.67,50500,50010,55580,0.182
3813,PSKY,Communication Services,Entertainment,NASDAQ,82.93,35,98.6,69,27,22,83,10.9,12411629383.992256,1119173058.0,0.1673,-47.75,11251440,11714356,12705282,0.022
3814,FENC,Healthcare,Biotechnology,NASDAQ,82.92,35,101.15,75,25,64,77,7.1,240559393.1211605,34712756.0,0.0311,-28.43,149880,152650,185130,0.738
3815,JYNT,Healthcare,Medical Care Facilities,NASDAQ,82.91,35,90.84,32,32,30,19,8.72,123985811.68305874,14267643.0,0.20879999,-35.26,50840,41853,63374,0.031
3816,SEER,Healthcare,Biotechnology,NASDAQ,82.91,35,92.15,38,34,32,36,1.83,102973390.34257507,55065984.0,0.007900001,-24.07,423380,452663,381128,0.05
3817,UHAL,Industrials,Rental & Leasing Services,NYSE,82.9,35,94.84,56,32,25,20,51.94,10034631563.623352,189977880.0,0.1873,-23.21,196640,222223,234158,0.019
3818,METC,Basic Materials,Coking Coal,NASDAQ,82.9,35,95.08,57,25,56,93,15.17,972678530.1992264,65677144.0,0.2906,-73.75,1078640,1474710,1634830,-0.251
3819,PEG,Utilities,Utilities - Regulated Electric,NYSE,82.89,35,88.53,25,48,50,47,77.68,38435528367.57939,498321402.0,0.024,-14.88,3039590,2543683,2744558,0.194
3820,CSL,Industrials,Building Products & Equipment,NYSE,82.88,35,91.98,37,44,71,20,357.6,14583209332.390137,40465076.0,0.0775,-17.97,410380,405093,419936,-0.04
3821,PJT,Financial Services,Capital Markets,NYSE,82.88,35,93.51,48,35,33,47,153.34,3993515818.9579163,25824598.0,0.1018,-21.61,413380,375123,388324,0.289
3822,CSBR,Healthcare,Biotechnology,NASDAQ,82.88,35,94.36,54,24,25,49,6.01,83598692.25512981,13886826.0,0.0121,-37.59,9640,8043,8808,-0.028
3823,ARCC,Financial Services,Asset Management,NASDAQ,82.87,34,92.95,44,34,36,39,18.68,13649614447.792387,718022845.0,0.0598,-20.24,5962190,6496776,7314196,0.042
3824,GLAD,Financial Services,Asset Management,NASDAQ,82.86,34,98.94,70,27,26,17,19.36,451183572.41657066,22593069.0,0.028299998,-34.37,176110,208080,224212,0.116
3825,HIW,Real Estate,REIT - Office,NYSE,82.81,34,99.76,72,25,23,46,25.41,2803131966.153139,110272697.0,0.0919,-22.44,1522710,1277046,1345902,0.076
3826,ZONE,Industrials,Pollution & Treatment Controls,NYSE ARCA,82.8,34,146.3,97,8,3,1,0.48,3357406.6079199314,7955940.0,2.94,-93.86,2069670,1646100,2130774,3.155
3827,WRD,Technology,Software - Application,NASDAQ,82.8,34,93.88,51,23,22,8,7.76,2514113494.2624893,334768764.0,0.048299998,-38.17,2186060,2754483,4359826,1.23
3828,STVN,Healthcare,Medical Instruments & Supplies,NYSE,82.8,34,113.72,89,13,17,49,18.28,4976857216.648827,273003694.0,0.0216,-34.71,673610,616810,603860,0.066
3829,CNDT,Technology,Information Technology Services,NASDAQ,82.77,34,104.4,80,14,12,14,1.7,272970391.1608815,155096814.0,0.0375,-42.95,982790,1074926,1284148,-0.038
3830,TPCS,Industrials,Metal Fabrication,NASDAQ,82.76,34,101.52,75,32,64,75,4.21,41046460.24524498,10011332.0,0.0018000001,-32.64,33030,51280,55542,-0.069
3831,NMG,Basic Materials,Other Industrial Metals & Mining,NYSE,82.75,34,90.92,33,22,35,93,2.04,671393220.6452847,329114330.0,4.34,-66.34,888890,1294036,1088342,
3832,ASR,Industrials,Airports & Air Services,NYSE,82.72,34,88.69,25,65,75,56,313.89,9279608707.028076,30032069.0,0.0087,-17.73,66910,70943,70536,0.008
3833,PHM,Consumer Cyclical,Residential Construction,NYSE,82.72,34,86.25,19,52,74,48,115.45,22391671376.468216,190486353.0,0.0466,-20.1,1656510,1917413,1866892,-0.124
3834,VMC,Basic Materials,Building Materials,NYSE,82.71,34,89.09,26,54,67,45,282.7,36814056130.59219,129754885.0,0.045300003,-14.62,1165720,1086873,1242672,0.074
3835,SAFT,Financial Services,Insurance - Property & Casualty,NASDAQ,82.7,34,86.01,18,51,56,49,70.85,1048837695.1010284,14683434.0,0.0183,-15.86,93720,91233,91382,0.044
3836,AWK,Utilities,Utilities - Regulated Water,NYSE,82.69,34,88.07,23,40,40,41,126.01,24419829746.998856,195280521.0,0.066,-14.78,1781930,1830396,1863924,0.057
3837,PRQR,Healthcare,Biotechnology,NASDAQ,82.68,34,96.81,64,51,18,40,1.61,166470485.64160633,105361064.0,0.0177,-48.06,714200,793856,601690,0.061
3838,RTACU,Financial Services,Shell Companies,NASDAQ,82.67,34,93.5,48,31,35,53,10.77,,,0.0,-24.42,3160,11283,10980,
3839,MAA,Real Estate,REIT - Residential,NYSE,82.66,34,94.03,52,32,36,29,129.72,15049718462.477417,116384802.0,0.0293,-21.29,1105390,968376,951656,0.008
3840,AXP,Financial Services,Credit Services,NYSE,82.62,34,90.02,30,50,52,78,312.32,215635624948.37198,682326443.0,0.0209,-19.4,3772850,3218110,3553718,0.116
3841,AMT,Real Estate,REIT - Specialty,NYSE,82.6,34,93.33,47,37,41,35,177.47,82244102901.85287,465893069.0,0.016900001,-24.26,2675100,2955556,3080340,0.068
3842,CELZ,Healthcare,Biotechnology,NASDAQ,82.57,34,96.6,63,36,14,64,2.18,8539302.86847496,3696668.0,0.0428,-65.12,67670,77536,55726,0.0
3843,BABA,Consumer Cyclical,Internet Retail,NYSE,82.56,34,94.9,56,36,70,86,137.3,336011006472.6431,2399050495.0,0.0184,-28.74,8885070,9577413,10909756,0.017
3844,PMT,Real Estate,REIT - Mortgage,NYSE,82.5,34,84.61,16,48,53,59,10.78,959225982.0,87202362.0,0.058000002,-21.94,1228310,1178383,1150100,-0.241
3845,HQY,Healthcare,Health Information Services,NASDAQ,82.49,34,94.09,52,32,20,62,81.65,7167147655.670837,84478406.0,0.056599997,-30.0,755410,920860,938644,0.073
3846,RARE,Healthcare,Biotechnology,NASDAQ,82.49,34,105.75,82,27,17,35,26.3,2572538613.535446,98489224.0,0.1272,-37.93,1916490,1853373,1980508,-0.022
3847,ICE,Financial Services,Financial Data & Stock Exchanges,NYSE,82.44,34,91.66,35,42,32,32,157.82,88118161112.83722,565512495.0,0.0135,-16.65,3576810,3135770,3277736,0.204
3848,VWAV,Industrials,Aerospace & Defense,NASDAQ,82.44,34,86.7,20,74,89,98,6.13,143559764.28515196,23847137.0,0.043,-61.2,574150,654156,558646,
3849,DT,Technology,Software - Application,NYSE,82.44,34,103.85,79,20,19,30,40.23,12270572859.717297,301488271.0,0.042600002,-30.1,5261230,5884186,6716720,0.182
3850,FRBA,Financial Services,Banks - Regional,NASDAQ,82.43,34,86.15,19,63,63,55,14.95,380436613.6482239,25061700.0,0.0076,-17.45,100310,64236,69894,-0.052
3851,STEP,Financial Services,Asset Management,NASDAQ,82.42,34,99.76,72,25,34,62,55.74,6967314539.862759,124996669.0,0.061100002,-28.35,743630,918963,1061938,0.73
3852,DV,Communication Services,Advertising Agencies,NYSE,82.39,34,94.82,56,27,17,10,10.43,1697313994.7361364,153464189.0,0.08229999,-37.99,2482100,2390276,2745882,0.096
3853,VHC,Technology,Software - Infrastructure,NASDAQ,82.39,34,88.85,26,36,88,98,14.0,55085811.68128967,4185852.0,0.0456,-51.72,13600,26470,21650,
3854,FUN,Consumer Cyclical,Leisure,NYSE,82.39,34,102.4,77,35,18,4,20.15,2249508786.812626,102203942.0,0.236,-47.62,2345800,1944676,1852414,0.117
3855,DSGR,Industrials,Industrial Distribution,NASDAQ,82.38,34,91.55,35,37,56,24,27.28,1265747503.377943,46195165.0,0.0591,-19.29,61630,101430,161356,0.038
3856,AMP,Financial Services,Asset Management,NYSE,82.38,34,91.96,37,33,35,29,463.7,41852486207.5647,89897084.0,0.0392,-15.72,545460,649330,674248,0.09
3857,MNOV,Healthcare,Biotechnology,NASDAQ,82.37,34,91.81,36,58,49,51,1.41,68909743.22647405,49221246.0,0.004,-28.06,19620,25350,46024,
3858,ITGR,Healthcare,Medical Devices,NYSE,82.36,34,91.79,36,30,33,8,84.85,2992100505.9397507,33954839.0,0.1348,-31.45,785580,538180,659204,0.005
3859,REYN,Consumer Cyclical,Packaging & Containers,NASDAQ,82.36,34,93.15,45,37,40,56,21.6,4611590031.876978,210767377.0,0.121400006,-17.71,1537300,1210280,1118230,0.072
3860,CWT,Utilities,Utilities - Regulated Water,NYSE,82.35,34,87.56,22,40,45,43,42.88,2601821372.203064,59853262.0,0.0335,-14.99,521130,552273,528848,0.052
3861,RRR,Consumer Cyclical,Resorts & Casinos,NASDAQ,82.33,34,85.84,18,58,68,67,52.56,3185207713.5565567,58465634.0,0.113800004,-23.82,1199850,985390,985578,0.019
3862,ITIC,Financial Services,Insurance - Specialty,NASDAQ,82.31,34,90.11,30,43,60,73,235.27,449909452.56170654,1887996.0,0.031400003,-18.59,20460,21566,18636,0.132
3863,PSHG,Industrials,Marine Shipping,NASDAQ,82.3,34,86.67,20,52,65,83,1.77,21507633.577124596,12432158.0,0.0399,-31.4,69230,69626,142378,0.207
3864,PSBD,Financial Services,Asset Management,NYSE,82.28,34,94.31,53,30,33,29,10.76,342017738.73701096,31120814.0,0.0095,-28.15,129390,103490,95814,
3865,KR,Consumer Defensive,Grocery Stores,NYSE,82.26,34,87.56,22,52,56,50,64.8,41540218541.779526,632849161.0,0.048600003,-15.38,4489970,4673310,5931320,0.012
3866,UEIC,Technology,Consumer Electronics,NASDAQ,82.24,34,92.22,38,40,33,5,4.23,54242808.20604515,12614606.0,0.0135,-43.6,48560,42123,57724,-0.206
3867,ACIW,Technology,Software - Infrastructure,NASDAQ,82.23,34,92.74,42,28,24,37,42.36,4626617880.06443,101661570.0,0.061100002,-21.96,749210,751986,766446,0.063
3868,NVO,Healthcare,Drug Manufacturers - General,NYSE,82.23,34,106.92,83,15,28,15,46.4,204221445230.7412,4432851022.0,0.0053,-43.03,20178210,17667410,18346262,0.24
3869,ACNT,Basic Materials,Chemicals,NASDAQ,82.22,34,86.06,19,40,87,79,13.53,125088896.97912216,9038215.0,0.0437,-24.5,89810,94093,137164,0.089
3870,OMDA,Healthcare,Health Information Services,NASDAQ,82.22,34,106.4,82,15,10,35,14.69,880534001.6879044,59415251.0,0.0687,-48.27,1291560,934506,1311696,0.42
3871,POCI,Healthcare,Medical Instruments & Supplies,NASDAQ,82.19,34,94.53,55,51,51,35,4.49,50160903.2575264,10928301.0,0.0023,-25.66,21110,31366,27000,0.628
3872,BANF,Financial Services,Banks - Regional,NASDAQ,82.19,34,90.41,31,46,39,32,110.98,3792406386.734253,33575976.0,0.0435,-20.03,128530,123260,146400,0.083
3873,FCN,Industrials,Consulting Services,NYSE,82.17,34,82.64,12,55,36,36,159.09,4940608463.715363,30144043.0,0.0785,-15.96,561000,389383,411236,0.095
3874,TMHC,Consumer Cyclical,Residential Construction,NYSE,82.14,34,88.94,26,38,52,33,59.3,5605659240.0,93427654.0,0.0779,-18.21,1021440,1360266,1262290,-0.268
3875,NOA,Energy,Oil & Gas Equipment & Services,NYSE,82.14,34,93.15,45,45,51,33,14.58,417130212.1915283,28414864.0,1.46,-20.07,103810,111913,142664,-0.0
3876,BTDR,Technology,Software - Application,NASDAQ,82.12,34,115.88,90,36,19,21,13.17,3277434970.881755,243313653.0,0.36119998,-52.63,6752690,6663316,7242652,2.258
3877,HUDI,Basic Materials,Steel,NASDAQ,82.06,34,87.26,21,33,28,29,1.12,17159019.08183813,14299182.0,0.0015,-79.49,7530,7556,14098,-0.099
3878,MSTR,Technology,Software - Application,NASDAQ,82.06,34,128.46,94,11,7,8,195.94,65740515025.10156,350447872.0,0.113900006,-57.15,15905520,18233136,19401330,0.119
3879,JEF,Financial Services,Capital Markets,NYSE,82.05,34,102.19,76,29,32,32,52.43,10830823531.278316,204432307.0,0.026199998,-26.2,2346480,2177203,2936690,0.266
3880,MSI,Technology,Communication Equipment,NYSE,82.05,34,84.34,15,58,57,26,392.17,63740641911.129395,165995582.0,0.0172,-20.33,1284960,970293,1030430,0.123
3881,DXR,Healthcare,Medical Instruments & Supplies,NASDAQ,82.04,34,86.24,19,28,81,90,10.05,57980887.63854504,5827225.0,0.0011,-31.91,16440,12663,13066,-0.826
3882,HEI,Industrials,Aerospace & Defense,NYSE,82.03,33,95.84,60,34,67,74,289.77,40811920542.68509,139518399.0,0.0099,-19.88,858640,684433,663004,0.144
3883,KIDS,Healthcare,Medical Devices,NASDAQ,82.02,33,100.42,73,28,27,18,17.18,457449729.4227333,25684994.0,0.0545,-27.51,236260,181110,179876,0.133
3884,NHI,Real Estate,REIT - Healthcare Facilities,NYSE,82.02,33,84.12,15,69,78,63,73.43,3647933509.085396,48471079.0,0.0352,-19.64,506200,377900,366276,-0.026
3885,UNB,Financial Services,Banks - Regional,NASDAQ,81.99,33,89.81,29,38,33,17,23.85,111567730.40809631,4614050.0,0.0222,-33.75,5450,5336,6226,0.099
3886,AIRJ,Industrials,Building Products & Equipment,NASDAQ,81.98,33,114.42,89,15,13,22,3.82,243078223.73496532,68472740.0,0.069299996,-43.41,501580,409033,390706,
3887,WOR,Industrials,Metal Fabrication,NYSE,81.97,33,91.63,35,49,58,59,54.4,2697315856.038124,49546582.0,0.028800001,-23.28,160900,184343,217132,0.244
3888,HSIC,Healthcare,Medical Distribution,NASDAQ,81.96,33,83.78,14,60,59,50,68.99,8067584695.975365,113916757.0,0.0682,-22.73,1942850,1306263,1294170,0.063
3889,WRB,Financial Services,Insurance - Property & Casualty,NYSE,81.95,33,91.25,34,37,49,75,66.41,24451135871.369843,372276732.0,0.0,-15.89,1832380,2041353,2110616,0.04
3890,ENOV,Healthcare,Medical Devices,NYSE,81.94,33,99.24,71,27,15,24,24.78,1526560257.9100685,57562603.0,0.17790002,-34.53,1122140,912483,930466,0.054
3891,PHG,Healthcare,Medical Devices,NYSE,81.91,33,87.6,22,60,68,68,26.73,25904408908.40149,952018000.0,2.05,-20.07,1578610,1160406,1097554,-0.047
3892,GOF,Financial Services,Asset Management,NYSE,81.88,33,95.16,58,31,35,36,11.56,2442736839.465637,212043120.0,0.17,-23.95,1196350,1175700,1425460,
3893,MSB,Basic Materials,Steel,NYSE,81.88,33,88.16,24,56,70,84,29.15,381923499.1078186,13120010.0,0.0123000005,-31.22,48850,50256,54430,-0.476
3894,T,Communication Services,Telecom Services,NYSE,81.82,33,86.54,19,50,63,44,24.87,174820204028.36765,6948338835.0,0.017,-16.52,32799930,36877913,39919858,0.029
3895,CHH,Consumer Cyclical,Lodging,NYSE,81.8,33,85.7,18,49,35,15,104.23,4848909727.244736,45495493.0,0.3252,-23.61,826190,646470,628222,0.035
3896,EYE,Consumer Cyclical,Specialty Retail,NASDAQ,81.79,33,80.73,10,71,88,89,21.8,1839454492.971962,80115617.0,0.20899999,-27.38,1694240,1485000,1476232,0.151
3897,CIK,Financial Services,Asset Management,NYSE ARCA,81.78,33,91.97,37,36,43,49,2.55,142086253.10136628,54859559.0,0.0019,-16.12,680110,540710,473684,0.009
3898,DGICA,Financial Services,Insurance - Property & Casualty,NASDAQ,81.72,33,90.16,30,33,52,78,17.14,637623633.7100754,37049603.0,0.026800001,-18.84,134910,108296,118082,-0.037
3899,CG,Financial Services,Asset Management,NASDAQ,81.71,33,92.78,42,33,47,45,49.46,18218659789.169746,359839214.0,0.0543,-29.19,3782810,3398856,3407980,-0.941
3900,STRK,Technology,Software - Application,NASDAQ,81.71,33,97.67,66,28,29,32,78.12,,,0.04,-39.67,142480,149423,156202,0.119
3901,HOOD,Financial Services,Capital Markets,NASDAQ,81.7,33,97.83,67,27,26,96,80.78,69365903441.46066,900505057.0,0.040599998,-47.5,31265310,32260320,30215670,0.151
3902,TGEN,Industrials,Electrical Equipment & Parts,NYSE ARCA,81.68,33,115.16,90,30,24,98,4.37,138461213.69238186,29905229.0,0.0466,-63.79,467250,507576,499002,-0.125
3903,LVO,Communication Services,Internet Content & Information,NASDAQ,81.68,33,96.0,61,34,20,10,5.04,70993450.35305643,13471243.0,0.0217,-48.57,52930,77170,76538,-0.312
3904,YCBD,Healthcare,Drug Manufacturers - Specialty & Generic,NYSE ARCA,81.67,33,94.22,53,12,17,10,0.81,8816270.964742959,10495561.0,0.0328,-68.36,714120,2640970,1781324,-0.019
3905,DNA,Healthcare,Biotechnology,NYSE,81.66,33,111.71,87,17,33,19,8.67,583347724.5654526,65324491.0,0.118599996,-50.68,1684620,1298780,1275134,-0.491
3906,HALO,Healthcare,Biotechnology,NASDAQ,81.65,33,92.06,37,51,77,74,66.41,7596572441.399384,118474300.0,0.1557,-19.23,1424840,1425306,1486838,0.516
3907,ACIC,Financial Services,Insurance - Property & Casualty,NASDAQ,81.63,33,80.77,10,56,45,50,10.17,509049786.9210768,48342811.0,0.03,-22.13,251770,188106,192412,-0.014
3908,LNC,Financial Services,Insurance - Life,NYSE,81.62,33,88.68,25,39,54,71,34.77,6845432306.715908,191213197.0,0.0001,-25.74,2013030,1794783,2139318,0.124
3909,MBAVU,Financial Services,Shell Companies,NASDAQ,81.6,33,90.63,31,36,44,57,10.35,,,2.58,-38.32,0,10,10,
3910,BZAI,Technology,Software - Application,NASDAQ,81.58,33,100.16,73,19,6,14,1.8,265962506.60818613,142225939.0,0.09819999,-73.37,13863960,11930373,10208750,23775.0
3911,NTZ,Consumer Cyclical,"Furnishings, Fixtures & Appliances",NYSE,81.55,33,87.1,21,44,41,20,2.89,31281488.614608526,11014609.0,0.1,-35.2,2500,2960,5864,-0.008
3912,MLM,Basic Materials,Building Materials,NYSE,81.54,33,86.75,20,58,67,54,585.98,35449898735.19287,60045900.0,0.0318,-17.58,541970,443380,515078,0.172
3913,PG,Consumer Defensive,Household & Personal Products,NYSE,81.53,33,89.58,28,37,53,35,143.36,340953458094.9679,2328598978.0,0.0117999995,-16.16,8275280,8675976,9816934,0.074
3914,NOC,Industrials,Aerospace & Defense,NYSE,81.53,33,80.08,9,70,83,68,548.21,78050238505.61133,142033476.0,0.012,-29.17,722190,798070,823418,0.044
3915,VHI,Basic Materials,Chemicals,NYSE,81.52,33,90.86,32,39,50,15,14.53,410100219.0921192,28302293.0,0.0218,-27.35,14600,12466,15102,0.048
3916,SLG,Real Estate,REIT - Office,NYSE,81.5,33,101.2,75,21,19,22,44.22,3253945097.25,71124483.0,0.2212,-33.91,1105870,1288376,1332900,-0.04
3917,EGAN,Technology,Software - Application,NASDAQ,81.49,33,83.45,14,35,79,97,7.24,204300381.6446972,27386110.0,0.0557,-54.61,207980,185193,177970,0.026
3918,SKWD,Financial Services,Insurance - Property & Casualty,NASDAQ,81.48,33,93.81,50,34,31,39,45.84,2079715643.679409,44543065.0,0.0335,-29.53,432840,398296,445830,0.448
3919,TOUR,Consumer Cyclical,Travel Services,NASDAQ,81.43,33,90.88,32,33,19,25,5.71,65725731.922097206,10863757.0,1.27,-43.47,38610,37149,27377,0.203
3920,EIC,Financial Services,Asset Management,NYSE,81.43,33,99.53,71,25,25,29,10.49,249098713.59175777,23433557.0,0.0034999999,-29.12,189590,150063,166552,0.06
3921,NBP,Healthcare,Biotechnology,NASDAQ,81.41,33,77.53,7,79,94,98,2.1,254426716.51455045,115648505.0,0.0834,-69.07,1638760,1140280,1033166,
3922,PHAR,Healthcare,Biotechnology,NASDAQ,81.41,33,71.35,4,82,81,93,12.62,916715453.0703354,70625230.0,0.0001,-40.86,17110,14306,18376,-0.084
3923,FULC,Healthcare,Biotechnology,NASDAQ,81.4,33,83.91,14,78,94,93,7.0,467099595.46115685,66633321.0,0.1148,-55.53,685740,904056,1047364,
3924,OC,Industrials,Building Products & Equipment,NYSE,81.38,33,92.1,37,33,54,11,119.85,9797880425.278244,80528319.0,0.0641,-24.82,1302820,1156450,1388704,-0.105
3925,ARKR,Consumer Cyclical,Restaurants,NASDAQ,81.37,33,95.5,59,33,25,20,7.01,26685562.14390993,3606157.0,0.0043,-44.37,21010,8663,5662,-0.094
3926,GPOR,Energy,Oil & Gas E&P,NYSE,81.36,33,83.62,14,63,50,79,180.22,3203627575.544403,17969641.0,0.0469,-20.18,347070,326050,354052,0.341
3927,OBDC,Financial Services,Asset Management,NYSE,81.35,33,92.6,40,31,34,28,11.12,5633066751.725494,496305424.0,0.0427,-26.77,3895860,4739160,5464662,0.135
3928,JBTM,Industrials,Specialty Industrial Machinery,NYSE,81.34,33,91.2,34,43,76,61,131.89,7260856224.501648,52067812.0,0.0505,-22.5,755930,512843,603546,0.096
3929,LAD,Consumer Cyclical,Auto & Truck Dealerships,NYSE,81.33,33,95.45,59,29,36,30,286.67,6704682799.086914,22805820.0,0.1705,-20.49,312430,308836,327772,0.01
3930,ALLT,Technology,Software - Infrastructure,NASDAQ,81.33,33,99.04,70,23,74,88,7.86,382089400.3905978,48923099.0,0.047199998,-34.06,289340,328053,380670,0.14
3931,SCHW,Financial Services,Capital Markets,NYSE,81.33,33,86.91,20,56,50,67,87.83,155263366917.32437,1752210426.0,0.0,-18.3,9264030,11104486,10106174,0.158
3932,BCO,Industrials,Security & Protection Services,NYSE,81.32,33,88.34,24,49,78,73,105.2,4415384411.149292,41180604.0,0.0752,-22.86,404580,444200,518026,0.103
3933,BV,Industrials,Specialty Business Services,NYSE,81.32,33,97.78,67,29,35,20,13.04,1208804024.887085,93200000.0,0.2357,-23.76,875170,587773,601804,0.061
3934,ACFN,Technology,Scientific & Technical Instruments,NASDAQ,81.3,33,91.04,33,51,49,14,17.61,42815963.294540405,2508258.0,0.0166,-46.64,12510,15783,21390,-0.326
3935,CPZ,Financial Services,Asset Management,NASDAQ,81.29,33,91.31,34,37,46,52,13.61,267783132.9001789,19632194.0,0.0029,-19.08,79650,93960,93354,
3936,TBBK,Financial Services,Banks - Regional,NASDAQ,81.28,33,87.64,22,37,31,53,55.11,2373163023.0,41634439.0,0.1248,-32.5,489040,418066,480760,0.041
3937,RBA,Industrials,Specialty Business Services,NYSE,81.27,33,92.26,38,38,38,43,104.43,19241063772.583008,186300000.0,0.0731,-12.67,1210590,1112273,1158426,0.114
3938,EXE,Energy,Oil & Gas E&P,NASDAQ,81.27,33,89.0,26,36,36,78,96.7,22951616357.114807,239228849.0,0.026800001,-23.63,2964460,3219686,3683082,0.41
3939,TOON,Communication Services,Entertainment,NYSE ARCA,81.23,33,90.36,31,31,38,34,0.63,37512346.66610563,58889082.0,0.0172,-32.19,135660,230690,216738,0.029
3940,YORW,Utilities,Utilities - Regulated Water,NASDAQ,81.21,32,88.99,26,39,53,45,29.56,480120634.78341866,16209339.0,0.026400002,-13.82,152540,168380,181914,0.088
3941,PXED,Consumer Defensive,Education & Training Services,NYSE,81.2,32,97.92,67,24,24,17,30.24,1092951034.4329643,35810977.0,0.0403,-35.77,81090,121443,103896,-0.004
3942,FG,Financial Services,Insurance - Life,NYSE,81.17,32,95.12,57,28,25,29,27.74,3749325115.921974,132484990.0,0.1171,-24.41,593090,584016,624540,0.307
3943,RAVE,Consumer Cyclical,Restaurants,NASDAQ,81.17,32,93.94,51,30,73,68,2.8,39792386.92233968,14211567.0,0.0026,-25.33,35540,69316,57074,0.087
3944,W,Consumer Cyclical,Internet Retail,NYSE,81.16,32,75.52,5,77,80,96,61.38,8746088305.714943,131996499.0,0.21090001,-48.84,5348560,3928023,3700098,0.074
3945,WY,Real Estate,REIT - Specialty,NYSE,81.12,32,86.58,20,41,60,22,23.42,16966133084.870668,721042609.0,0.0324,-15.94,5632860,4738610,5284840,-0.02
3946,WAL,Financial Services,Banks - Regional,NYSE,81.1,32,90.0,29,40,68,36,76.95,8900092985.61763,108670242.0,0.00029999999,-20.86,1031020,1017873,1389536,0.079
3947,CNH,Industrials,Farm & Heavy Construction Machinery,NYSE,81.09,32,94.0,52,55,61,25,10.97,13589857932.820358,1239950537.0,0.067,-23.13,17937630,16423790,16451912,-0.001
3948,BLFS,Healthcare,Medical Instruments & Supplies,NASDAQ,81.09,32,97.78,67,28,28,42,21.73,1076817471.3302994,48857415.0,0.097200006,-26.64,363140,370283,432560,0.639
3949,AFYA,Consumer Defensive,Education & Training Services,NASDAQ,81.08,32,87.89,23,54,32,32,14.01,1251856823.7554398,89867681.0,0.071,-29.42,76000,91910,99364,0.082
3950,UBER,Technology,Software - Application,NYSE,81.07,32,96.97,64,27,23,64,76.15,153585939318.69482,2035599013.0,0.028499998,-25.34,19198160,15647096,16701052,0.145
3951,YALA,Technology,Software - Application,NYSE,81.06,32,96.79,64,39,61,75,6.94,1065839485.8440919,151828987.0,0.0278,-25.3,268290,281620,305060,-0.077
3952,EPC,Consumer Defensive,Household & Personal Products,NYSE,81.06,32,83.32,13,52,36,13,19.67,979228177.5,46081326.0,0.1216,-31.98,864460,650140,732988,0.006
3953,KHC,Consumer Defensive,Packaged Foods,NASDAQ,81.06,32,94.49,54,32,36,31,23.26,28411231120.86815,1185777638.0,0.0866,-20.32,15421570,14179400,15559058,0.008
3954,PETZ,Consumer Cyclical,Restaurants,NASDAQ,81.01,32,83.49,14,61,59,42,0.98,10013570.255351067,10323268.0,0.001,-41.67,2520,2656,4216,0.446
3955,STI,Industrials,Electrical Equipment & Parts,NASDAQ,81.0,32,88.45,24,73,32,96,5.18,40355013.935474396,7745684.0,0.0462,-84.76,76620,86393,73378,
3956,PLX,Healthcare,Biotechnology,NYSE ARCA,81.0,32,80.13,9,66,88,75,1.94,156308990.09034634,80571642.0,0.0612,-39.18,829680,730056,880868,-0.499
3957,SARO,Industrials,Aerospace & Defense,NYSE,80.99,32,94.05,52,37,59,35,26.8,8357088173.18573,332421972.0,0.1122,-22.27,5295770,4151063,4274478,0.133
3958,WDFC,Basic Materials,Specialty Chemicals,NASDAQ,80.99,32,88.38,24,48,63,25,206.32,2799396427.162628,13455402.0,0.066599995,-18.53,145120,196616,180836,0.107
3959,INSE,Consumer Cyclical,Gambling,NASDAQ,80.97,32,99.19,70,21,36,26,7.72,215394202.1122408,27059573.0,0.0513,-22.41,100500,110320,133524,-0.101
3960,VRTS,Financial Services,Asset Management,NYSE,80.96,32,96.02,61,25,24,26,142.7,963685424.9105835,6695515.0,0.059899997,-33.65,108020,110913,108450,-0.084
3961,VIPS,Consumer Cyclical,Internet Retail,NYSE,80.96,32,90.47,31,35,47,82,14.64,6944712026.720867,480270540.0,0.0159,-30.55,1852890,2079890,2122390,-0.023
3962,ASPCU,Financial Services,Shell Companies,NASDAQ,80.96,32,85.95,18,53,64,69,11.11,,,6.08,-77.33,943,466,323,
3963,ASLE,Industrials,Airports & Air Services,NASDAQ,80.96,32,89.58,28,35,56,26,6.51,309506038.9627619,47252829.0,0.032899998,-28.62,330340,265620,307726,0.074
3964,GIGM,Communication Services,Electronic Gaming & Multimedia,NASDAQ,80.95,32,89.09,26,38,51,61,1.43,15915219.03241396,11052235.0,0.0002,-24.34,10270,5903,5598,0.101
3965,NHS,Financial Services,Asset Management,NYSE ARCA,80.94,32,91.24,34,38,59,60,6.47,203941354.94429493,31569869.0,0.041100003,-17.05,187040,245376,328716,0.067
3966,ACOG,Healthcare,Biotechnology,NASDAQ,80.94,32,95.29,58,36,25,22,5.95,132822032.32345963,21774104.0,0.0099,-48.44,27360,59593,53750,
3967,LOAN,Real Estate,REIT - Mortgage,NASDAQ,80.92,32,91.21,34,35,31,32,4.33,48803328.55200243,11429351.0,0.0025,-25.98,33740,34826,29504,-0.065
3968,OGI,Healthcare,Drug Manufacturers - Specialty & Generic,NASDAQ,80.9,32,88.66,25,37,30,59,1.31,191265418.97181892,140636336.0,8.68,-41.52,693170,733206,653030,0.487
3969,PLTR,Technology,Software - Infrastructure,NASDAQ,80.86,32,91.72,36,33,26,91,136.89,330349597746.61554,2397311977.0,0.0248,-34.04,47271300,48793413,48635030,0.847
3970,CCL,Consumer Cyclical,Travel Services,NYSE,80.86,32,86.72,20,55,75,45,25.44,36539980878.8046,1385139577.0,0.0375,-25.24,34729930,28736923,29999176,0.061
3971,AIRI,Industrials,Aerospace & Defense,NYSE ARCA,80.86,32,89.63,28,36,37,22,3.06,14534403.977617264,4781054.0,0.0042,-26.62,21690,29400,51118,-0.141
3972,TBCH,Technology,Consumer Electronics,NASDAQ,80.83,32,100.17,73,23,21,36,11.82,243924803.33288097,19847421.0,0.1396,-32.02,245990,226800,281510,-0.34
3973,PLAG,Industrials,Conglomerates,NYSE ARCA,80.83,32,100.31,73,30,95,38,1.85,25903542.04653561,14232715.0,0.0063,-58.8,190680,84870,104816,-0.444
3974,GSM,Basic Materials,Other Industrial Metals & Mining,NASDAQ,80.81,32,80.63,10,41,84,42,4.0,762390895.1036739,186860517.0,0.024500001,-30.31,1291700,1075040,1222288,0.132
3975,SMCI,Technology,Computer Hardware,NASDAQ,80.79,32,117.64,91,18,20,45,33.52,21239046000.85608,600481952.0,0.1933,-46.25,45909520,36287673,40175984,1.227
3976,EHC,Healthcare,Medical Care Facilities,NYSE,80.78,32,94.07,52,40,41,48,104.82,10525022236.634216,99199080.0,0.0346,-18.1,1237390,1042386,986764,0.09
3977,NL,Industrials,Security & Protection Services,NYSE,80.75,32,89.9,29,36,45,23,5.81,291710517.6981902,48862735.0,0.0184,-31.24,30350,27483,38666,0.007
3978,ENPH,Technology,Solar,NASDAQ,80.75,32,96.38,62,23,70,10,37.65,4804045219.554062,131798220.0,0.24180001,-30.83,7661170,6734376,6010982,-0.206
3979,TLSA,Healthcare,Biotechnology,NASDAQ,80.74,32,112.99,88,31,38,87,1.53,201069432.4413694,127259131.0,0.0150999995,-41.15,148770,164513,153922,
3980,PTON,Consumer Cyclical,Leisure,NASDAQ,80.73,32,105.44,81,20,11,40,5.31,2463724078.0259967,432991925.0,0.1348,-42.28,15100260,14547430,13543118,0.011
3981,BAER,Industrials,Security & Protection Services,NASDAQ,80.68,32,77.48,7,71,87,37,1.8,97407616.58805227,57637641.0,0.0383,-47.67,718220,565656,596202,-0.456
3982,NMFC,Financial Services,Asset Management,NASDAQ,80.68,32,91.93,36,34,29,35,8.07,782065763.9784908,94452390.0,0.0358,-26.9,630360,779956,1081934,-0.151
3983,RYAAY,Industrials,Airlines,NASDAQ,80.68,32,89.83,29,59,68,77,56.6,30240318124.00779,520756299.0,0.0056,-23.76,1792690,1644253,1601134,0.086
3984,U,Technology,Software - Application,NYSE,80.67,32,100.74,74,18,17,89,26.87,12292825448.910046,436534997.0,0.08,-48.48,13175420,13474283,14349038,0.168
3985,HOMB,Financial Services,Banks - Regional,NYSE,80.66,32,87.83,23,51,51,37,26.25,5389823245.579874,201413423.0,0.0635,-14.86,1333070,1546096,1551770,0.024
3986,NRG,Utilities,Utilities - Independent Power Producers,NYSE,80.66,32,82.35,12,78,64,84,137.3,29139341500.47592,210986470.0,0.031400003,-27.72,2636630,2650293,2949542,0.195
3987,GAP,Consumer Cyclical,Apparel Retail,NYSE,80.64,32,80.59,10,65,69,66,21.74,8538000570.27569,365340191.0,0.1557,-25.95,6564280,6815500,8095404,0.021
3988,AMTM,Industrials,Specialty Business Services,NYSE,80.63,32,81.81,11,61,83,34,23.94,5983730034.776993,243935176.0,0.0766,-37.18,2036140,1848586,1849372,-0.052
3989,UGI,Utilities,Utilities - Regulated Gas,NYSE,80.63,32,80.36,9,62,66,73,32.45,6929204706.412231,214393712.0,0.0726,-21.5,2451270,1743680,1708190,0.007
3990,CORT,Healthcare,Biotechnology,NASDAQ,80.62,32,110.66,87,25,10,70,51.2,5612341203.275574,107351594.0,0.1364,-43.74,1388210,1213400,1504778,0.049
3991,ZIONP,Financial Services,Banks - Regional,NASDAQ,80.6,32,92.32,39,31,33,34,19.12,,,0.24,-21.64,4363,5858,5354,0.102
3992,SYY,Consumer Defensive,Food Distribution,NYSE,80.59,32,90.01,30,41,75,48,72.57,34639549290.95801,478182608.0,0.024400001,-20.99,4443830,6326016,5045798,0.047
3993,BBAI,Technology,Information Technology Services,NYSE,80.58,32,106.65,83,14,16,92,4.32,2002008618.782878,478949450.0,0.2516,-53.99,48295730,35033100,35812130,-0.009
3994,MAX,Communication Services,Internet Content & Information,NYSE,80.56,32,87.84,23,32,14,72,8.91,492506213.48923206,54062155.0,0.0995,-35.99,848240,591400,650516,0.173
3995,DB,Financial Services,Banks - Regional,NYSE,80.55,32,91.22,34,53,75,90,31.77,61355157383.01879,1913163641.0,0.0025,-21.42,3105730,3096660,3531644,0.012
3996,KBSX,Basic Materials,Steel,NASDAQ,80.54,32,97.42,66,25,14,8,1.34,54614524.94076562,44766003.0,0.0070999996,-46.83,12720,370933,227064,0.32
3997,PHI,Communication Services,Telecom Services,NYSE,80.53,32,89.12,26,41,62,36,20.17,4491945139.457401,218799074.0,0.00090000004,-17.71,97080,97290,141102,-0.014
3998,CBSH,Financial Services,Banks - Regional,NASDAQ,80.51,32,91.8,36,34,36,25,50.98,7564376639.644684,145777158.0,0.0364,-19.32,1198430,1186306,1270526,0.173
3999,MDWD,Healthcare,Biotechnology,NASDAQ,80.5,31,91.19,34,44,34,52,16.46,212961861.42780304,12852255.0,0.1456,-26.86,68010,89020,85166,-0.68
4000,XRX,Industrials,Business Equipment & Supplies,NASDAQ,80.48,31,163.92,98,6,9,6,2.66,363567314.8383653,130779611.0,0.28059998,-60.88,16155580,7491663,5885428,0.267
4001,RVP,Healthcare,Medical Instruments & Supplies,NYSE ARCA,80.48,31,96.01,61,32,26,54,0.68,20956011.643121243,29937160.0,0.0023999999,-40.35,57850,65616,59874,0.04
4002,BOOT,Consumer Cyclical,Apparel Retail,NYSE,80.48,31,86.61,20,42,73,74,153.1,4967656475.135788,30420431.0,0.1232,-27.18,524940,672796,656652,0.16
4003,MPV,Financial Services,Asset Management,NYSE,80.46,31,87.83,23,39,60,78,16.68,186053773.3815956,10773235.0,1.9,-20.57,14710,15103,13698,-0.332
4004,SJM,Consumer Defensive,Packaged Foods,NYSE,80.46,31,94.34,53,29,50,53,99.22,10584845660.75,106648319.0,0.0555,-16.89,1872960,1828723,1924346,0.07
4005,POST,Consumer Defensive,Packaged Foods,NYSE,80.46,31,90.95,33,35,46,41,100.53,4625170039.613556,45322586.0,0.1346,-14.28,875040,744310,763732,0.047
4006,CLPT,Healthcare,Medical Devices,NASDAQ,80.44,31,107.09,83,16,30,82,12.31,384420715.96899414,29986016.0,0.1607,-59.1,461600,495666,754802,0.34
4007,RENT,Consumer Cyclical,Apparel Retail,NASDAQ,80.41,31,81.99,12,38,61,17,4.54,159010895.2817917,33546604.0,0.0326,-55.18,49020,93910,81166,0.2
4008,VEL,Financial Services,Mortgage Finance,NYSE,80.41,31,81.86,11,56,59,44,17.16,716016316.4551792,39255281.0,0.2,-19.79,77150,84233,102200,1.197
4009,AGO,Financial Services,Insurance - Specialty,NYSE,80.37,31,87.9,23,39,41,53,78.91,3366867119.506897,44861652.0,0.0484,-14.6,488760,392533,365036,-0.062
4010,UFPT,Healthcare,Medical Devices,NASDAQ,80.36,31,99.76,72,30,50,38,221.97,1783751310.061264,7736939.0,0.1815,-19.26,277960,228403,214352,0.041
4011,PBHC,Financial Services,Banks - Regional,NASDAQ,80.36,31,90.53,31,31,32,40,13.01,87528377.60800171,6256496.0,0.0022,-21.15,5740,3066,3250,-0.042
4012,NKLR,Utilities,Utilities - Regulated Electric,NASDAQ,80.36,31,108.8,85,10,10,3,6.06,406339494.1897259,70300948.0,4.08,-72.34,502300,592490,605632,
4013,SFBC,Financial Services,Banks - Regional,NASDAQ,80.34,31,89.93,29,43,33,33,42.02,100377731.79670715,2380876.0,0.0494,-18.72,6200,6256,8284,0.049
4014,SUZ,Basic Materials,Paper & Paper Products,NYSE,80.33,31,86.04,19,50,71,34,8.74,10964178918.039942,1236096850.0,0.0119,-24.23,2990240,3177250,3660632,-0.051
4015,TULP,Communication Services,Advertising Agencies,NASDAQ,80.33,31,95.48,59,32,49,25,4.11,7696426.176080704,1886379.0,0.0208,-33.6,3170,2613,3506,0.088
4016,CCLD,Healthcare,Health Information Services,NASDAQ,80.31,31,70.63,3,76,25,75,2.25,100283355.18231225,42492949.0,0.0149,-43.89,945950,674380,681850,0.132
4017,GSIW,Financial Services,Capital Markets,NASDAQ,80.3,31,120.81,92,7,17,13,29.99,42401089.20655823,1412428.0,0.0182,-91.62,4020,7270,61918,4.146
4018,DECK,Consumer Cyclical,Footwear & Accessories,NYSE,80.3,31,84.66,16,56,62,11,96.65,14254615827.90184,141949971.0,0.0364,-27.57,1868700,1711206,1928754,0.071
4019,CULP,Consumer Cyclical,Textile Manufacturing,NASDAQ,80.29,31,104.37,80,19,26,32,3.52,45712648.911621094,12662784.0,0.003,-26.67,38380,47416,43698,-0.082
4020,AVAH,Healthcare,Medical Care Facilities,NASDAQ,80.29,31,90.12,30,48,70,87,6.59,1466017666.995901,217510047.0,0.0418,-36.14,1154800,1162700,1203924,0.274
4021,OPFI,Financial Services,Credit Services,NYSE,80.26,31,100.27,73,27,24,56,9.29,796718997.3250122,85393248.0,0.1122,-38.19,912930,533903,524218,-0.023
4022,VALU,Financial Services,Financial Data & Stock Exchanges,NASDAQ,80.25,31,89.63,28,34,47,36,34.4,326112663.8761673,9387238.0,0.0127,-16.1,1220,1843,1702,-0.077
4023,RBRK,Technology,Software - Infrastructure,NYSE,80.24,31,111.83,88,16,17,49,62.17,12830185207.644089,205809836.0,0.0829,-39.64,3037970,3351646,3867398,0.463
4024,AYI,Industrials,Electrical Equipment & Parts,NYSE,80.22,31,92.59,40,36,37,72,289.62,8892347822.375977,30315168.0,0.0309,-23.82,286220,420840,454180,0.049
4025,GPI,Consumer Cyclical,Auto & Truck Dealerships,NYSE,80.21,31,95.58,59,24,23,29,348.6,4257530241.424225,11898193.0,0.1183,-28.62,191860,139453,165996,-0.018
4026,MGNI,Communication Services,Advertising Agencies,NASDAQ,80.2,31,100.81,74,23,15,18,13.37,2039868508.1011906,144364366.0,0.08939999,-49.83,3019810,2351120,2189522,0.055
4027,COLL,Healthcare,Drug Manufacturers - Specialty & Generic,NASDAQ,80.18,31,94.02,52,47,75,88,35.81,1225996821.4549904,32433779.0,0.2226,-29.49,544290,526716,577254,0.089
4028,AON,Financial Services,Insurance Brokers,NYSE,80.15,31,90.0,29,32,29,36,312.07,66804735702.70834,213576949.0,0.0115,-18.09,1514650,1332233,1364220,0.065
4029,SVRE,Technology,Scientific & Technical Instruments,NASDAQ,80.14,31,150.97,98,4,1,1,5.75,170466124.68742418,31626369.0,0.0087,-91.93,38510,40900,53706,-0.783
4030,PSNL,Healthcare,Diagnostics & Research,NASDAQ,80.14,31,85.51,18,55,89,90,5.78,626232168.0373964,104721098.0,0.187,-49.74,2483650,1894140,1810224,0.032
4031,BLRX,Healthcare,Biotechnology,NASDAQ,80.14,31,108.55,85,19,27,16,2.98,13813191.46963191,4499411.0,0.0356,-61.65,42320,23043,19714,-0.983
4032,SAMG,Financial Services,Asset Management,NASDAQ,80.14,31,89.14,27,31,40,26,13.26,102199029.93506622,7666844.0,0.0194,-21.95,22050,33260,32076,-0.0
4033,XERS,Healthcare,Drug Manufacturers - Specialty & Generic,NASDAQ,80.12,31,92.5,40,38,76,90,6.14,1127352655.3717446,172642055.0,0.0943,-39.09,2064030,1683063,1849114,0.383
4034,WEX,Technology,Software - Infrastructure,NYSE,80.11,31,82.5,12,63,46,26,140.5,4910395753.360245,34668143.0,0.065799996,-24.81,582340,594096,548070,0.058
4035,BMRN,Healthcare,Biotechnology,NASDAQ,80.09,31,88.43,24,38,47,32,52.58,10448956983.715782,193284438.0,0.052699998,-20.67,2135180,1762920,1874240,0.028
4036,TELA,Healthcare,Medical Devices,NASDAQ,80.08,31,131.82,95,7,13,7,0.97,45661245.706157684,44765928.0,0.0208,-55.91,332690,234823,198026,0.182
4037,LAZ,Financial Services,Capital Markets,NYSE,80.07,31,89.81,29,53,48,41,45.98,4732884075.044785,98437685.0,0.0515,-21.74,1659710,1442153,1557622,0.154
4038,TDG,Industrials,Aerospace & Defense,NYSE,80.06,31,93.05,45,32,41,58,1198.67,67963775573.621216,55933583.0,0.024400001,-26.18,389530,401256,395416,0.183
4039,EOSE,Industrials,Electrical Equipment & Parts,NASDAQ,80.05,31,121.55,92,23,82,99,8.57,2719417681.926029,339502822.0,0.3055,-56.85,23030420,25720520,23511512,6.996
4040,AUNA,Healthcare,Medical Care Facilities,NYSE,79.99,31,89.07,26,43,23,17,5.05,375465575.39261055,74056324.0,0.0299,-29.86,199150,217140,368040,0.065
4041,SNY,Healthcare,Drug Manufacturers - General,NASDAQ,79.98,31,88.77,25,39,33,58,42.5,103764277877.55963,2395850256.0,0.0036000002,-20.35,2656600,2715073,3212850,0.06
4042,ECL,Basic Materials,Specialty Chemicals,NYSE,79.95,31,85.07,17,54,68,41,251.1,71547042101.99164,281437502.0,0.0134000005,-18.81,1604030,1401903,1536916,0.1
4043,VST,Utilities,Utilities - Independent Power Producers,NYSE,79.94,31,89.56,28,39,34,58,152.05,49781640411.37695,337000000.0,0.038399998,-30.83,5512830,4235443,4415010,0.434
4044,EXP,Basic Materials,Building Materials,NYSE,79.93,31,92.87,42,30,49,22,204.93,6614893346.176727,31432138.0,0.0738,-15.89,327180,370176,409372,-0.004
4045,BXSL,Financial Services,Asset Management,NYSE,79.91,31,91.7,36,34,31,32,23.62,5625525503.539757,232652003.0,0.049000002,-28.01,2851590,2748173,2806342,0.015
4046,DG,Consumer Defensive,Discount Stores,NYSE,79.91,31,79.59,8,54,91,74,104.63,24949439994.423218,220226320.0,0.0424,-33.87,3310410,3034066,3322124,0.059
4047,BDN,Real Estate,REIT - Office,NYSE,79.9,31,98.04,67,26,25,24,3.04,540243819.7269022,173711845.0,0.074,-34.34,1932130,2289590,2653068,0.063
4048,BSET,Consumer Cyclical,"Furnishings, Fixtures & Appliances",NASDAQ,79.88,31,90.0,29,29,58,40,14.29,122098943.0904026,8647234.0,0.0378,-27.65,16690,30953,32376,-0.022
4049,ASPS,Real Estate,Real Estate Services,NASDAQ,79.86,31,95.44,59,28,16,79,6.63,76245697.82154655,11278949.0,0.0543,-58.46,16800,20990,28864,0.095
4050,RCL,Consumer Cyclical,Travel Services,NYSE,79.85,31,88.26,24,49,77,35,263.46,73817983125.62842,268194978.0,0.0683,-28.11,3129170,2661526,2717114,0.113
4051,RITM,Real Estate,REIT - Mortgage,NYSE,79.84,31,91.69,36,39,36,45,9.7,5493736999.670826,558306597.0,0.054,-23.86,5567830,6072356,10548548,0.646
4052,WYHG,Consumer Defensive,Packaged Foods,NASDAQ,79.83,31,131.37,95,6,4,2,0.79,39056801.27998352,50330928.0,0.0121,-93.42,388370,1331110,810244,-0.117
4053,VREX,Healthcare,Medical Devices,NASDAQ,79.79,31,75.65,6,64,76,64,9.7,414299944.3344784,42146485.0,0.037100002,-33.4,554980,344503,327122,0.015
4054,PSNY,Consumer Cyclical,Auto Manufacturers,NASDAQ,79.79,31,108.14,84,26,17,5,21.46,1965585783.71109,91507720.0,20.41,-49.62,78360,92236,136836,0.454
4055,RRGB,Consumer Cyclical,Restaurants,NASDAQ,79.78,31,98.37,68,21,21,27,3.59,67644781.24590397,18135330.0,0.1521,-54.5,207530,262340,301444,-0.057
4056,BXP,Real Estate,REIT - Office,NYSE,79.77,31,95.43,59,25,29,56,58.94,9430112529.514061,158675963.0,0.094,-25.7,1881840,1958906,2164044,0.056
4057,LBRDP,Communication Services,Telecom Services,NASDAQ,79.76,31,86.86,20,41,44,56,21.5,,,0.8,-15.84,26670,21840,15966,
4058,DHY,Financial Services,Asset Management,NYSE ARCA,79.75,30,89.99,29,38,42,49,1.76,184425129.53570485,103609625.0,0.0147,-18.14,770970,953846,787340,-0.032
4059,SILO,Healthcare,Biotechnology,NASDAQ,79.75,30,94.89,56,24,8,7,0.39,6587970.589391291,16266594.0,0.0334,-65.49,374730,8349596,5101464,0.0
4060,AQMS,Industrials,Waste Management,NASDAQ,79.75,30,107.08,83,13,12,34,4.91,16217497.543830872,3357660.0,0.0872,-87.54,69150,51153,44986,
4061,RKT,Financial Services,Mortgage Finance,NYSE,79.75,30,87.78,22,33,70,75,14.83,44387881506.37102,2829055621.0,0.0681,-39.12,22411870,24977926,25979504,1.67
4062,MKL,Financial Services,Insurance - Property & Casualty,NYSE,79.74,30,87.44,22,40,53,70,1838.77,22707878897.7063,12513710.0,0.0149,-16.71,103890,70516,63266,-0.169
4063,PSFE,Technology,Software - Infrastructure,NYSE,79.74,30,102.93,78,20,9,5,8.72,479556551.32092476,51676354.0,0.1154,-47.1,243310,330176,363376,0.044
4064,SERV,Industrials,Specialty Industrial Machinery,NASDAQ,79.71,30,91.21,34,26,26,39,8.85,663802886.9382133,75690177.0,0.2917,-52.52,3721870,3502536,3858998,5.782
4065,MSFT,Technology,Software - Infrastructure,NASDAQ,79.66,30,95.37,59,26,27,71,412.66,3083691778052.826,7428434704.0,0.0112,-25.71,35900340,34197603,33623502,0.183
4066,TMO,Healthcare,Diagnostics & Research,NYSE,79.66,30,85.01,17,45,41,77,452.6,172803981225.0,371621465.0,0.012200001,-29.72,2333200,2117866,2136772,0.062
4067,OSIS,Technology,Electronic Components,NASDAQ,79.65,30,76.28,6,79,59,85,231.92,3804745528.881073,16482890.0,0.15439999,-25.6,421310,304533,307240,0.02
4068,APOG,Industrials,Building Products & Equipment,NASDAQ,79.64,30,91.4,34,34,53,14,36.22,777740043.430275,21220737.0,0.031600002,-27.55,186220,215493,269654,0.016
4069,AZO,Consumer Cyclical,Auto Parts,NYSE,79.63,30,90.07,30,35,45,60,3427.8,57753561642.08984,16519000.0,0.0234,-21.88,260780,206400,185042,0.082
4070,SFM,Consumer Defensive,Grocery Stores,NASDAQ,79.62,30,105.25,81,19,12,7,81.58,7789689624.030258,94044301.0,0.1451,-55.18,2497600,1984510,2265976,0.041
4071,CGC,Healthcare,Drug Manufacturers - Specialty & Generic,NASDAQ,79.61,30,98.57,69,35,20,12,1.12,469329123.79847467,422819025.0,0.0636,-52.94,7222160,12553320,10555636,-0.003
4072,WB,Communication Services,Internet Content & Information,NASDAQ,79.6,30,92.29,38,31,40,66,8.39,2085760080.0500107,245672572.0,0.16950001,-35.26,784220,1059780,1115972,0.036
4073,BZUN,Consumer Cyclical,Internet Retail,NASDAQ,79.59,30,94.45,54,32,25,46,2.7,159853069.75,58128389.0,0.0125,-44.67,220090,402946,375664,0.059
4074,CTRM,Industrials,Marine Shipping,NASDAQ,79.58,30,93.99,51,23,38,19,1.97,19421331.44785261,9662354.0,0.0013,-25.77,33640,43453,54100,0.396
4075,AGIO,Healthcare,Biotechnology,NASDAQ,79.57,30,94.11,52,55,22,77,27.99,1652716068.5578842,59471609.0,0.12060001,-39.15,1180420,1338333,1119668,1.377
4076,IDCC,Technology,Software - Application,NASDAQ,79.56,30,73.74,5,81,83,91,269.58,7226528180.100708,25845029.0,0.1263,-34.66,466260,344780,439126,-0.024
4077,NU,Financial Services,Banks - Regional,NYSE,79.54,30,84.0,15,56,73,75,13.5,67076270452.885735,4860599241.0,0.035,-28.87,37708540,39569713,47553422,0.439
4078,ICUI,Healthcare,Medical Instruments & Supplies,NASDAQ,79.54,30,89.56,28,36,52,41,124.68,3159938959.177437,24993585.0,0.0623,-22.22,292190,270590,283774,-0.123
4079,DOMH,Financial Services,Capital Markets,NASDAQ,79.52,30,117.02,91,18,14,86,3.77,82314165.21228004,22613781.0,0.0505,-55.12,218120,151930,138486,2.204
4080,SEVN,Real Estate,REIT - Mortgage,NASDAQ,79.5,30,93.44,48,31,30,21,8.23,189807038.1802807,22596077.0,0.020599999,-36.0,89950,114716,105660,-0.001
4081,OSRH,Healthcare,Biotechnology,NASDAQ,79.5,30,88.16,24,15,12,6,0.57,18914234.44160521,33124755.0,0.019299999,-68.16,34450560,12098143,7672546,-0.583
4082,PACB,Healthcare,Medical Devices,NASDAQ,79.49,30,83.21,13,31,82,74,1.36,437786799.226375,310487099.0,0.1717,-50.18,5762530,6372666,6034378,0.001
4083,TLK,Communication Services,Telecom Services,NYSE,79.49,30,87.64,22,55,72,81,17.08,16999076217.403053,990622166.0,0.005,-27.38,893340,838613,857430,-0.009
4084,AVY,Consumer Cyclical,Packaging & Containers,NYSE,79.46,30,87.18,21,40,62,39,162.02,12506942431.175766,76490385.0,0.0294,-18.8,761760,640646,658780,0.07
4085,LOW,Consumer Cyclical,Home Improvement Retail,NYSE,79.46,30,84.78,16,50,73,33,226.06,128366413366.42369,560062893.0,0.024,-22.86,2503270,2484246,2574594,0.109
4086,EVH,Healthcare,Health Information Services,NYSE,79.44,30,130.25,95,6,6,4,3.96,470170840.75134516,112481067.0,0.1437,-67.18,3084910,2896640,2999068,0.026
4087,RSSS,Technology,Software - Application,NASDAQ,79.42,30,97.3,65,25,24,67,2.52,85554234.46188927,32905476.0,0.0007,-38.83,57330,49686,48566,-0.01
4088,RYN,Real Estate,REIT - Specialty,NYSE,79.42,30,87.87,23,36,41,32,20.31,6160210118.676001,301675323.0,0.032,-25.71,2445600,2176200,2655038,2.338
4089,VGAS,Utilities,Utilities - Renewable,NASDAQ,79.42,30,100.28,73,13,4,40,1.69,79298325.88542509,44549622.0,0.035099998,-56.89,17260,22180,36942,
4090,UPBD,Technology,Software - Application,NASDAQ,79.4,30,88.47,25,33,36,12,17.99,1094756214.307125,58293726.0,0.1004,-35.82,958160,853516,878284,0.037
4091,DORM,Consumer Cyclical,Auto Parts,NASDAQ,79.36,30,99.83,72,29,37,38,121.01,3709350516.4944687,29882789.0,0.0615,-27.49,300530,245720,275186,0.042
4092,TPB,Consumer Defensive,Tobacco,NYSE,79.34,30,98.44,69,44,89,86,92.71,1809314990.816986,19367534.0,0.0732,-36.89,546940,566343,556788,0.168
4093,PSEC,Financial Services,Asset Management,NASDAQ,79.34,30,84.24,15,39,41,27,2.41,1237488917.243944,501007653.0,0.09689999,-36.07,6555490,5301413,4852478,-0.121
4094,ASPI,Basic Materials,Chemicals,NASDAQ,79.34,30,115.16,90,16,16,69,6.22,677360559.268506,125903447.0,0.23030001,-57.07,3563670,4018273,4661274,12.957
4095,CHE,Healthcare,Medical Care Facilities,NYSE,79.33,30,95.41,59,25,37,26,421.43,5631671492.669922,13274104.0,0.0381,-27.83,247540,252823,272216,0.016
4096,HAYW,Industrials,Electrical Equipment & Parts,NYSE,79.29,30,87.95,23,41,57,50,14.38,3163320406.8070374,216962992.0,0.0368,-18.89,3299790,2481243,2314454,0.115
4097,KDK,Technology,Software - Infrastructure,NASDAQ,79.29,30,89.08,26,26,51,26,7.49,1331663356.8702478,183804469.0,0.045700002,-34.01,1399090,912916,723328,0.244
4098,WYNN,Consumer Cyclical,Resorts & Casinos,NASDAQ,79.27,30,87.37,22,42,50,80,99.37,10629836594.140823,103786729.0,0.0916,-26.24,1706440,1490796,1718830,0.092
4099,OFLX,Industrials,Specialty Industrial Machinery,NASDAQ,79.24,30,79.27,8,59,68,17,28.83,303839096.05067825,10094322.0,0.0179,-23.97,50170,43763,45778,-0.01
4100,LUCD,Healthcare,Medical Devices,NASDAQ,79.24,30,83.17,13,57,55,37,1.02,201111020.10375476,195253423.0,0.0466,-40.0,678850,799996,728330,0.256
4101,SITE,Industrials,Industrial Distribution,NYSE,79.23,30,80.33,9,58,74,36,121.55,5361295709.0,44308229.0,0.0545,-27.89,1258710,811570,720586,0.001
4102,ACCS,Communication Services,Advertising Agencies,NYSE ARCA,79.22,30,91.17,33,23,20,38,7.87,31794749.54098797,3882143.0,0.0073,-41.05,9430,8713,12342,-0.005
4103,SPGI,Financial Services,Financial Data & Stock Exchanges,NYSE,79.22,30,92.31,39,27,21,35,421.0,124355518554.6875,296000000.0,0.010199999,-27.29,1873540,1768286,1963072,0.104
4104,BLIN,Technology,Software - Infrastructure,NASDAQ,79.17,30,104.07,79,20,9,18,0.96,12851876.33967638,12599879.0,0.0008,-52.94,22800,26533,25648,0.032
4105,META,Communication Services,Internet Content & Information,NASDAQ,79.15,30,87.8,22,39,38,32,598.86,1547499011212.165,2538423304.0,0.0121,-24.79,19871110,17044666,16163610,0.331
4106,SCVL,Consumer Cyclical,Apparel Retail,NASDAQ,79.09,30,88.55,25,33,51,17,17.03,493066221.8181362,27484181.0,0.1508,-35.91,266470,437263,407660,-0.034
4107,FIZZ,Consumer Defensive,Beverages - Non-Alcoholic,NASDAQ,79.08,30,92.64,41,33,35,17,34.55,3290232042.2714996,93632103.0,0.1252,-27.86,241400,218153,240108,-0.009
4108,FBIO,Healthcare,Biotechnology,NASDAQ,79.07,30,80.66,10,41,93,88,2.24,79393585.56481934,33219072.0,0.1751,-50.55,260380,406836,411518,0.063
4109,MAGN,Consumer Defensive,Household & Personal Products,NYSE,79.03,30,99.26,71,22,59,9,11.41,430047997.28393555,35600000.0,0.1025,-27.05,458450,404220,469904,-0.034
4110,AXTA,Basic Materials,Specialty Chemicals,NYSE,79.03,30,90.22,30,34,56,26,28.39,6234366532.228302,214018768.0,0.048499998,-20.52,2332110,2226176,2662386,-0.006
4111,SNDL,Consumer Defensive,Beverages - Wineries & Distilleries,NASDAQ,79.03,30,93.72,50,24,29,37,1.43,373530485.1055145,260300000.0,0.0083,-50.52,2848850,2495750,2037744,-0.044
4112,MAIN,Financial Services,Asset Management,NYSE,79.0,30,88.54,25,37,55,52,52.3,4866561771.072033,90104831.0,0.1013,-22.83,665340,700686,827746,0.036
4113,IMCR,Healthcare,Biotechnology,NASDAQ,78.98,30,88.67,25,42,41,73,28.85,1504603675.0392647,50865574.0,0.2141,-29.14,359020,422576,396282,0.243
4114,BILL,Technology,Software - Application,NYSE,78.97,30,97.53,66,21,34,44,41.5,4139515386.4019775,98960440.0,0.1784,-27.46,2656630,2030010,2036914,0.135
4115,SMID,Basic Materials,Building Materials,NASDAQ,78.95,30,89.1,26,31,30,46,31.6,184668075.1514206,5306554.0,0.0523,-27.62,8330,9610,9000,0.247
4116,LOPE,Consumer Defensive,Education & Training Services,NASDAQ,78.94,30,89.43,27,32,29,30,161.96,4403759325.541748,26514296.0,0.0471,-27.39,296990,252286,255158,0.067
4117,WSM,Consumer Cyclical,Specialty Retail,NYSE,78.92,29,85.4,17,59,58,55,176.1,21440940925.644226,117742670.0,0.0793,-20.68,1044530,1061570,1250508,-0.043
4118,TRDA,Healthcare,Biotechnology,NASDAQ,78.92,29,52.47,0,93,85,63,7.0,265533019.3635559,38820616.0,0.0341,-57.45,869620,396800,328744,-0.957
4119,MCK,Healthcare,Medical Distribution,NYSE,78.91,29,77.73,7,65,79,83,725.17,88330803222.65625,120000000.0,0.0211,-27.41,1409750,966540,893454,0.06
4120,BIPC,Utilities,Utilities - Regulated Gas,NYSE,78.9,29,87.88,23,52,75,74,39.52,4772636151.785526,122406667.0,5.1,-23.59,1900470,1190086,1225264,-0.048
4121,CMCO,Industrials,Farm & Heavy Construction Machinery,NASDAQ,78.9,29,89.68,28,44,79,22,15.72,457818109.1505585,28739366.0,0.048899997,-35.57,241410,336020,403168,0.105
4122,HCI,Financial Services,Insurance - Property & Casualty,NYSE,78.87,29,87.77,22,34,46,83,148.98,1943314440.0391846,12764808.0,0.025899999,-29.23,183870,208893,179324,0.122
4123,FHTX,Healthcare,Biotechnology,NASDAQ,78.85,29,81.03,10,38,62,29,4.33,260689817.03963757,58713922.0,0.0347,-37.7,126460,128120,155016,-0.451
4124,ARL,Real Estate,Real Estate Services,NYSE,78.78,29,85.81,18,38,74,74,13.94,223059720.60766697,16152043.0,0.0171,-30.3,2750,2490,2882,0.089
4125,A,Healthcare,Diagnostics & Research,NYSE,78.78,29,88.07,23,33,36,78,111.46,32674480667.730446,282602317.0,0.018,-30.45,2254020,1937346,2125414,0.07
4126,BHC,Healthcare,Drug Manufacturers - Specialty & Generic,NYSE,78.76,29,88.44,24,34,34,36,5.37,2147484953.0,373475644.0,0.021,-38.2,2414940,1640500,1903914,0.117
4127,BIRK,Consumer Cyclical,Footwear & Accessories,NYSE,78.74,29,95.12,57,29,26,20,39.15,7234864271.101837,183906056.0,0.1608,-34.2,1801590,1945053,2072076,0.111
4128,BAM,Financial Services,Asset Management,NYSE,78.74,29,96.91,64,30,34,30,48.93,81516271639.7945,1638188794.0,0.0434,-23.67,3578800,3659643,3880398,0.238
4129,TELO,Healthcare,Biotechnology,NASDAQ,78.71,29,92.76,42,28,12,10,1.29,89401882.02075839,68770681.0,0.05,-58.39,366650,187906,143878,
4130,THCH,Consumer Cyclical,Restaurants,NASDAQ,78.7,29,97.12,65,28,17,37,2.03,61189769.32066548,32036529.0,0.0047999998,-37.54,10590,5160,4860,-0.073
4131,TNDM,Healthcare,Medical Devices,NASDAQ,78.69,29,70.98,4,66,50,67,14.77,1060830266.3498726,68529089.0,0.1895,-50.19,2811420,1962326,1964304,0.055
4132,SLRC,Financial Services,Asset Management,NASDAQ,78.64,29,81.62,11,59,39,42,13.27,735942000.1734352,54554634.0,0.0117999995,-22.85,846990,490133,429596,-0.073
4133,WWW,Consumer Cyclical,Footwear & Accessories,NYSE,78.61,29,88.27,24,40,39,15,16.2,1369082745.8465385,81980999.0,0.1204,-50.61,909980,880643,1011262,0.046
4134,KTOS,Industrials,Aerospace & Defense,NASDAQ,78.6,29,76.09,6,66,94,95,56.99,10855531759.306885,187519984.0,0.0579,-57.47,4015980,4021860,4282752,0.226
4135,GPN,Industrials,Specialty Business Services,NYSE,78.58,29,92.91,43,27,24,21,68.77,18916327404.362732,273396831.0,0.0544,-24.13,4152570,3154236,3354942,0.642
4136,CVCO,Consumer Cyclical,Residential Construction,NASDAQ,78.55,29,85.1,17,38,59,71,480.96,3760593986.3385315,7761163.0,0.0669,-32.55,135500,139670,148100,0.113
4137,GYRE,Healthcare,Biotechnology,NASDAQ,78.45,29,87.04,21,43,27,22,7.09,724545167.1198487,96994001.0,0.0765,-39.81,77050,65863,102654,0.021
4138,SLP,Healthcare,Health Information Services,NASDAQ,78.44,29,101.08,74,17,13,22,14.69,337027445.92622375,20205482.0,0.086,-56.81,477610,436083,339218,0.083
4139,MATV,Basic Materials,Specialty Chemicals,NYSE,78.42,29,80.89,10,65,90,86,8.75,508182700.87794113,55117428.0,0.020299999,-43.48,439650,425400,451316,-0.011
4140,KVUE,Consumer Defensive,Household & Personal Products,NYSE,78.41,29,90.74,32,35,39,18,17.17,33772952763.090073,1920008668.0,0.0364,-30.23,19199060,18517526,20793834,0.045
4141,ANNA,Energy,Oil & Gas E&P,NASDAQ,78.4,29,72.29,4,86,10,6,3.24,131826801.1713028,40940000.0,0.109,-72.19,735010,2103540,5571518,10.839
4142,MA,Financial Services,Credit Services,NYSE,78.34,29,90.29,30,34,34,41,497.81,437798138182.7422,883583855.0,0.0074,-17.28,4634290,3648613,3530392,0.158
4143,BJ,Consumer Defensive,Discount Stores,NYSE,78.34,29,89.08,26,35,41,34,91.11,11871565187.034546,127692428.0,0.071100004,-24.13,1709990,1836693,1965964,0.056
4144,PGR,Financial Services,Insurance - Property & Casualty,NYSE,78.32,29,90.38,31,29,31,28,196.91,113361274016.0,584336464.0,0.0137,-32.09,2504530,2637200,2857780,0.087
4145,VNO,Real Estate,REIT - Office,NYSE,78.31,29,99.76,72,22,23,29,31.04,6049223804.25856,188097756.0,0.0005,-28.43,2057650,1907086,2149092,-0.022
4146,SAIC,Technology,Information Technology Services,NASDAQ,78.3,29,90.05,30,29,25,17,92.65,4048607224.0638046,43102387.0,0.076,-25.35,467720,496486,588730,-0.048
4147,SGA,Communication Services,Broadcasting,NASDAQ,78.29,29,83.97,15,43,36,45,10.26,69204337.83220768,6372407.0,0.0041,-28.1,19000,8873,9028,-0.093
4148,CPRI,Consumer Cyclical,Luxury Goods,NYSE,78.28,29,84.91,16,43,35,68,17.64,2208069440.2719593,119161865.0,0.1144,-37.6,2794360,2582940,2733984,-0.04
4149,MMM,Industrials,Conglomerates,NYSE,78.23,29,87.79,22,42,62,74,143.34,74735369326.95668,521567261.0,0.0153,-19.2,3614750,3511176,3869114,0.013
4150,WVVIP,Consumer Defensive,Beverages - Wineries & Distilleries,NASDAQ,78.21,29,89.12,26,34,40,39,2.76,,,0.03,-22.91,2200,2010,10466,-0.015
4151,PRKS,Consumer Cyclical,Leisure,NYSE,78.18,29,98.12,68,28,23,10,36.53,1874948593.736847,47805929.0,0.3891,-35.86,1126530,1030680,985178,-0.028
4152,STZ,Consumer Defensive,Beverages - Brewers,NYSE,78.16,29,83.97,15,54,57,15,142.41,25521535950.187637,172198467.0,0.0343,-27.68,1731900,2082416,1947584,-0.113
4153,BALY,Consumer Cyclical,Resorts & Casinos,NYSE,78.14,29,91.54,35,23,47,89,11.91,625861873.6776123,48743136.0,0.0867,-42.57,36150,52166,72214,0.286
4154,TIPT,Financial Services,Insurance - Specialty,NASDAQ,78.13,29,92.43,39,31,29,31,17.12,649962268.8363075,37570075.0,0.0172,-37.54,380040,264663,275998,
4155,MGEE,Utilities,Utilities - Regulated Electric,NASDAQ,78.08,29,85.67,18,38,36,35,73.83,2780031329.24662,37746521.0,0.0163,-21.46,424090,261480,262998,0.108
4156,SMRT,Technology,Software - Application,NYSE,78.06,29,75.86,6,69,80,69,1.18,215978638.19952357,192838069.0,0.0156,-46.36,1377880,892200,953852,0.031
4157,BLNE,Financial Services,Mortgage Finance,NASDAQ,78.03,29,82.41,12,74,88,27,1.9,58842947.16475761,30647369.0,0.06,-59.14,715640,690793,664620,1.038
4158,GGG,Industrials,Specialty Industrial Machinery,NYSE,78.02,29,84.57,16,56,64,36,77.39,12877470245.636383,165968177.0,0.0275,-19.12,1430020,1272906,1170906,0.022
4159,IIF,Financial Services,Asset Management,NYSE,78.01,29,92.23,38,33,42,57,21.96,214246926.9829731,9534799.0,0.0004,-22.59,39610,37360,45898,0.026
4160,MMLP,Energy,Oil & Gas Midstream,NASDAQ,78.0,29,89.62,28,33,31,19,2.54,101724179.86877918,39124686.0,0.0052,-28.25,29660,21923,20052,-0.025
4161,EVI,Industrials,Industrial Distribution,NYSE ARCA,77.99,29,88.22,24,36,51,69,19.26,288980538.7537575,14412995.0,0.027999999,-44.69,37390,29663,32754,0.244
4162,RAIL,Industrials,Railroads,NASDAQ,77.98,29,84.31,15,54,87,39,8.37,152523543.74485397,19137208.0,0.0148,-43.83,179350,163646,203620,-0.088
4163,RCS,Financial Services,Asset Management,NYSE,77.97,29,95.07,57,27,30,61,5.48,264978473.72722626,46982000.0,1.74,-31.5,183400,162780,162754,-0.047
4164,GRFS,Healthcare,Drug Manufacturers - General,NASDAQ,77.96,29,87.91,23,39,63,46,7.8,5512660286.818878,680575312.0,7.4,-29.98,608340,701286,763604,-0.048
4165,GTIM,Consumer Cyclical,Restaurants,NASDAQ,77.96,29,93.8,50,27,21,13,1.26,13302948.859312057,10557896.0,0.0058,-39.71,20200,31096,27710,-0.031
4166,IRS,Real Estate,Real Estate Services,NYSE,77.94,29,84.85,16,65,39,68,13.98,1143947284.485323,82062218.0,0.0001,-26.96,239100,183186,197612,0.628
4167,RNW,Utilities,Utilities - Renewable,NASDAQ,77.93,29,106.38,82,22,20,70,5.66,2046790571.4808903,364197618.0,0.038,-31.31,936060,802833,790670,0.361
4168,CYH,Healthcare,Medical Care Facilities,NYSE,77.93,29,87.85,23,39,50,46,2.81,393157621.10445404,140916712.0,0.0857,-37.14,1759050,1868546,1723134,-0.061
4169,BNTX,Healthcare,Biotechnology,NASDAQ,77.92,29,87.95,23,35,39,36,93.34,23802731066.625,252884261.0,0.047,-24.73,927240,896903,1280170,-0.354
4170,SFWL,Industrials,Integrated Freight & Logistics,NASDAQ,77.91,29,86.41,19,45,28,35,0.84,72597811.9266212,82497514.0,0.0011,-34.88,6860,12723,10258,0.116
4171,APAM,Financial Services,Asset Management,NYSE,77.9,29,91.23,34,34,45,43,37.61,2699163663.638134,70993257.0,0.084300004,-22.45,777900,771320,816142,0.093
4172,XFLT,Financial Services,Asset Management,NYSE,77.89,29,99.87,72,21,25,27,19.36,292585920.8356781,15230918.0,0.0014,-33.92,116150,101283,135483,
4173,WFC,Financial Services,Banks - Diversified,NYSE,77.87,29,82.25,12,58,56,71,73.58,231472731458.36856,3060189494.0,0.0,-24.73,17704950,16776280,17802208,0.057
4174,CAE,Industrials,Aerospace & Defense,NYSE,77.87,29,89.19,27,37,73,58,26.09,8669433957.082552,321805263.0,3.77,-23.8,774360,910863,842536,0.023
4175,BRZE,Technology,Software - Application,NASDAQ,77.82,29,90.2,30,19,11,33,20.73,2464105729.5409584,113448702.0,0.1225,-44.97,2874990,2955403,3089958,0.279
4176,BDC,Technology,Communication Equipment,NYSE,77.8,28,80.98,10,69,80,37,110.91,4373415810.847778,38944040.0,0.053600002,-30.68,697930,443490,415348,0.114
4177,MTH,Consumer Cyclical,Residential Construction,NYSE,77.76,28,86.73,20,36,61,30,63.79,4352731576.031342,66800665.0,0.0712,-24.72,923690,934163,998566,-0.177
4178,FBRT,Real Estate,REIT - Mortgage,NYSE,77.75,28,89.79,29,31,28,32,8.79,699593763.5536232,76963009.0,0.0854,-25.76,811960,717656,969872,0.061
4179,JBGS,Real Estate,REIT - Diversified,NYSE,77.74,28,91.79,36,29,34,62,15.28,906461750.6451464,58255895.0,0.22600001,-37.12,765690,606000,654994,0.059
4180,WINA,Consumer Cyclical,Specialty Retail,NASDAQ,77.72,28,83.08,13,62,59,62,361.31,1335902329.5636292,3577671.0,0.1397,-31.49,45980,68063,73244,-0.049
4181,ELUT,Healthcare,Medical Devices,NASDAQ,77.65,28,96.53,63,59,22,2,1.06,47025076.37597418,46559482.0,0.0039,-59.85,191960,111010,132676,0.162
4182,INSM,Healthcare,Biotechnology,NASDAQ,77.64,28,66.79,3,80,83,96,103.89,21967860578.112007,216752451.0,0.072399996,-51.17,4137120,2789893,2608358,2.296
4183,TW,Financial Services,Capital Markets,NASDAQ,77.63,28,87.59,22,59,36,25,109.94,23723410812.71991,218026021.0,0.0182,-26.34,1483880,1397056,1387356,0.212
4184,NCTY,Financial Services,Capital Markets,NASDAQ,77.63,28,110.8,87,13,13,13,6.51,88584371.51312542,15273167.0,0.0147,-47.96,42050,38236,33448,1.335
4185,BYSI,Healthcare,Biotechnology,NASDAQ,77.63,28,89.69,28,60,19,78,1.52,61268532.19214916,41119820.0,0.0643,-55.81,11890,10953,17052,
4186,RELX,Industrials,Specialty Business Services,NYSE,77.56,28,93.92,51,20,14,26,33.27,59562956527.176605,1773762754.0,0.0019,-40.94,2293910,2620203,3136650,0.012
4187,CBAT,Industrials,Electrical Equipment & Parts,NASDAQ,77.54,28,89.97,29,35,32,39,0.79,70030212.34213328,88645836.0,0.0021,-36.8,68840,75480,103734,1.318
4188,OFAL,Industrials,Engineering & Construction,NASDAQ,77.52,28,118.97,91,13,5,1,0.73,10263975.182214975,14497140.0,0.0334,-92.54,257540,359983,244000,4.05
4189,VLTO,Industrials,Pollution & Treatment Controls,NYSE,77.52,28,91.13,33,32,33,39,86.57,21327839360.028625,245599266.0,0.0179,-21.38,2241570,1933613,1933566,0.068
4190,FRPH,Real Estate,Real Estate Services,NASDAQ,77.51,28,91.76,36,31,32,30,22.17,405250300.19966125,19169835.0,0.0166,-21.8,68580,56403,66128,0.089
4191,CLPS,Technology,Information Technology Services,NASDAQ,77.48,28,87.96,23,53,75,20,0.91,26857644.488515377,29841828.0,0.0013,-51.6,4700,13736,15134,0.028
4192,FIP,Industrials,Conglomerates,NASDAQ,77.47,28,78.5,7,74,70,24,4.67,574274893.0765367,118163555.0,0.2343,-41.15,1752590,1023760,1037830,0.959
4193,INGR,Consumer Defensive,Packaged Foods,NYSE,77.46,28,86.48,19,35,40,24,106.2,6765569961.547852,63000000.0,0.0456,-25.1,906980,634533,667212,-0.012
4194,GENK,Consumer Cyclical,Restaurants,NASDAQ,77.44,28,126.75,94,9,10,10,2.28,12553650.259534836,5364808.0,0.1421,-56.65,56250,43326,47866,-0.09
4195,LINK,Technology,Electronic Components,NASDAQ,77.43,28,103.22,78,17,18,55,3.34,56070024.01877737,15750007.0,0.0043,-66.94,499200,178710,114290,-0.045
4196,YHC,Consumer Defensive,Beverages - Wineries & Distilleries,NASDAQ,77.43,28,96.32,62,15,19,6,0.92,18588602.80188203,21366210.0,0.0123000005,-91.74,56950,47513,122136,-0.642
4197,IPAR,Consumer Defensive,Household & Personal Products,NASDAQ,77.41,28,89.07,26,38,36,16,90.25,3025795896.38842,32025781.0,0.0771,-36.72,268740,266123,275844,0.018
4198,SSTK,Communication Services,Internet Content & Information,NYSE,77.41,28,88.64,25,40,25,40,16.57,626750499.2197838,36738014.0,0.087,-43.83,280290,237303,262794,-0.179
4199,SRL,Financial Services,Capital Markets,NYSE,77.41,28,80.33,9,45,89,33,6.21,96535067.66335678,15226351.0,0.0021,-40.23,18820,16246,19346,0.026
4200,METCB,Basic Materials,Coking Coal,NASDAQ,77.38,28,94.24,53,34,60,89,10.69,691580308.7823105,65677144.0,1.61,-51.07,26980,23726,29771,-0.251
4201,FPH,Real Estate,Real Estate - Development,NYSE,77.35,28,89.81,29,30,32,79,4.88,358526080.48516655,72429514.0,0.0070999996,-26.51,176690,184556,186304,0.032
4202,PZZA,Consumer Cyclical,Restaurants,NASDAQ,77.34,28,88.37,24,33,23,31,33.38,1024568695.8782043,32902014.0,0.16290002,-40.11,1213370,924426,1231964,-0.077
4203,HCAI,Industrials,Farm & Heavy Construction Machinery,NASDAQ,77.32,28,182.14,99,7,3,3,11.34,13950000.0,1162500.0,0.04,-96.44,5039650,2515861,1520475,-0.728
4204,LKFT,Healthcare,Biotechnology,NASDAQ,77.32,28,86.24,19,34,67,66,27.45,1883997269.945095,65897071.0,0.0339,-27.34,170810,161730,166986,-0.914
4205,CHDN,Consumer Cyclical,Gambling,NASDAQ,77.31,28,85.06,17,29,29,31,86.17,6142388310.611725,69696908.0,0.0418,-27.26,1002250,1034090,1053094,0.031
4206,HRTG,Financial Services,Insurance - Property & Casualty,NYSE,77.3,28,74.64,5,70,73,95,22.18,678429690.6306267,30273525.0,0.043,-30.64,478900,352593,338516,0.005
4207,LMNR,Consumer Defensive,Farm Products,NASDAQ,77.29,28,90.92,33,29,32,16,13.02,233216577.83216763,18106877.0,0.0304,-24.26,67810,78066,80908,-0.469
4208,BRSL,Consumer Cyclical,Gambling,NYSE,77.26,28,91.72,36,28,32,69,12.77,2408098382.646039,184528609.0,0.0252,-31.23,1016850,1151760,1190088,0.026
4209,DQ,Technology,Semiconductor Equipment & Materials,NYSE,77.24,28,80.47,10,48,64,93,19.21,1261296752.3798676,67666137.0,0.0635,-47.5,1093780,780876,751954,-0.784
4210,LSPD,Technology,Software - Application,NYSE,77.22,28,96.48,63,24,18,36,9.31,1353787211.4014635,137300939.0,0.039,-35.08,1075580,890640,915312,0.115
4211,KEQU,Consumer Cyclical,"Furnishings, Fixtures & Appliances",NASDAQ,77.21,28,93.22,46,28,29,27,36.67,106084867.02886963,2866384.0,0.0189,-39.78,1950,3143,5014,0.033
4212,SNN,Healthcare,Medical Devices,NYSE,77.21,28,83.1,13,62,69,71,29.1,12783396286.991306,426824573.0,0.0072000003,-24.98,1580910,1186790,1068124,0.074
4213,RIGL,Healthcare,Biotechnology,NASDAQ,77.19,28,80.87,10,71,75,91,26.2,481794180.13916016,18502080.0,0.2291,-49.85,388320,352296,378446,0.103
4214,OPXS,Industrials,Aerospace & Defense,NASDAQ,77.18,28,80.89,10,60,87,93,10.42,70761050.27680397,6937358.0,0.0117,-41.33,25780,33266,33764,0.116
4215,OPK,Healthcare,Diagnostics & Research,NASDAQ,77.18,28,87.92,23,27,30,29,1.12,860805161.0383186,755092256.0,0.077199996,-30.0,2771020,2232270,2435252,-0.172
4216,LFS,Communication Services,Entertainment,NASDAQ,77.17,28,92.45,39,19,12,93,2.13,56506939.28538394,26160619.0,0.0101,-82.95,66320,45343,80908,0.09
4217,WRAP,Technology,Scientific & Technical Instruments,NASDAQ,77.16,28,86.52,19,22,36,92,1.47,82695080.98928976,55500054.0,0.1916,-54.49,145650,389406,320302,0.623
4218,HGTY,Financial Services,Insurance - Property & Casualty,NYSE,77.15,28,85.32,17,40,54,84,10.05,1024130637.4779224,101802246.0,0.018099999,-28.21,152300,156710,177110,0.165
4219,LI,Consumer Cyclical,Auto Manufacturers,NASDAQ,77.15,28,96.39,62,31,24,22,18.87,18379065708.0,1021059206.0,0.040900003,-41.08,2667940,2748653,3138028,-0.35
4220,MCD,Consumer Cyclical,Restaurants,NYSE,77.15,28,83.71,14,45,60,48,274.6,195921990619.25,710505859.0,0.012999999,-19.65,4654660,3575886,3432696,0.094
4221,BILI,Communication Services,Internet Content & Information,NASDAQ,77.14,28,86.93,20,46,83,79,22.08,9190717430.318968,416623647.0,0.046,-39.34,1873720,2021680,2421776,0.076
4222,CCS,Real Estate,Real Estate - Development,NYSE,77.12,28,84.2,15,38,70,28,55.24,1582599474.771675,28769306.0,0.089499995,-27.32,341310,272316,278148,-0.126
4223,SITC,Real Estate,REIT - Retail,NYSE,77.12,28,92.34,39,27,41,28,5.61,291235560.7087879,52474874.0,0.0758,-57.16,495889,599900,797585,-0.695
4224,SST,Industrials,Specialty Business Services,NYSE,77.1,28,107.12,83,9,17,8,3.83,31687308.856721878,8083497.0,0.15100001,-74.47,1634050,3869906,4128068,-0.313
4225,CRCT,Technology,Computer Hardware,NASDAQ,77.07,28,94.42,54,30,34,27,4.36,902564166.2349873,209898634.0,0.1095,-40.52,575330,495733,565912,-0.019
4226,YELP,Communication Services,Internet Content & Information,NYSE,77.06,28,90.08,30,24,17,23,25.28,1511962780.9402657,55833190.0,0.2518,-38.67,1175190,1031220,1183898,0.008
4227,HLN,Healthcare,Drug Manufacturers - Specialty & Generic,NYSE,77.06,28,84.21,15,51,64,43,8.98,40434389054.40494,4438462193.0,0.0028,-21.37,11669700,8477453,8572052,0.006
4228,ADUS,Healthcare,Medical Care Facilities,NASDAQ,77.04,28,91.68,35,28,41,38,97.79,1858451740.6239624,18664776.0,0.059299998,-21.42,341060,268530,252378,0.077
4229,TMUS,Communication Services,Telecom Services,NASDAQ,77.02,28,90.61,31,30,34,28,190.85,209547304636.91272,1082204717.0,0.0377,-27.03,5585320,6100476,5836810,0.106
4230,SHW,Basic Materials,Specialty Chemicals,NYSE,77.01,28,87.34,21,38,55,33,312.7,78139099251.63324,246635621.0,0.0218,-17.63,1892810,1695020,1725374,0.068
4231,VTEX,Technology,Software - Application,NYSE,77.01,28,84.01,15,35,16,19,3.47,637618086.6858823,170486119.0,0.0425,-49.12,1489900,1207526,1359262,0.121
4232,KELYA,Industrials,Staffing & Employment Services,NASDAQ,77.01,28,93.84,50,26,32,10,9.75,342184901.3324261,34669190.0,0.0342,-34.74,451770,364853,374720,-0.107
4233,FOA,Financial Services,Credit Services,NYSE,76.97,28,94.29,53,31,31,41,19.94,183780995.23261833,8551931.0,0.1601,-32.59,60420,69493,91128,-0.275
4234,OZ,Real Estate,Real Estate - Development,NYSE ARCA,76.96,27,89.98,29,34,23,38,50.35,196562485.7725525,3896184.0,0.0344,-27.03,4330,14843,16664,1.801
4235,LANV,Consumer Cyclical,Luxury Goods,NYSE,76.94,27,98.58,69,19,18,43,1.58,229232318.20049107,139775805.0,0.0034999999,-41.26,9400,19986,90148,
4236,PAX,Financial Services,Asset Management,NASDAQ,76.93,27,85.5,18,34,50,77,11.75,1973363234.3534517,159528153.0,0.1007,-33.99,1110650,987176,937218,0.22
4237,ATR,Healthcare,Medical Instruments & Supplies,NYSE,76.89,27,86.4,19,40,56,21,119.96,7721619896.505096,63820316.0,0.026700001,-26.98,709280,517763,518552,0.108
4238,ARDT,Healthcare,Medical Care Facilities,NYSE,76.87,27,100.72,74,26,17,11,9.95,1449268764.1946726,143350031.0,0.0888,-35.72,484960,384633,393534,0.07
4239,JHX,Basic Materials,Building Materials,NYSE,76.85,27,89.67,28,32,66,8,20.42,12171985006.618843,580170890.0,2.9,-31.55,5937400,6921256,6708342,0.301
4240,PAL,Industrials,Integrated Freight & Logistics,NASDAQ,76.83,27,80.05,9,30,25,23,6.17,165231935.00327873,27770074.0,0.0622,-43.76,351390,378440,334970,-0.016
4241,MTN,Consumer Cyclical,Resorts & Casinos,NYSE,76.83,27,88.59,25,33,33,38,123.7,4469097191.173935,35633051.0,0.3454,-29.52,760440,788506,893848,-0.047
4242,WOOF,Consumer Cyclical,Specialty Retail,NASDAQ,76.82,27,84.87,16,29,21,25,2.54,799039346.1790395,284355645.0,0.18030001,-43.62,1500260,1537153,2744314,-0.024
4243,COF,Financial Services,Credit Services,NYSE,76.81,27,87.43,22,37,40,60,183.93,117912033864.1184,622292783.0,0.013200001,-29.16,4321470,4287996,4789332,0.463
4244,VCEL,Healthcare,Biotechnology,NASDAQ,76.78,27,89.05,26,33,24,34,32.92,1708742862.1256409,51068228.0,0.1286,-28.39,807400,664413,684000,0.301
4245,NEN,Real Estate,Real Estate Services,NYSE ARCA,76.77,27,92.15,38,27,30,38,60.0,209214540.0,3486909.0,0.01,-24.86,610,996,978,0.159
4246,IR,Industrials,Specialty Industrial Machinery,NYSE,76.77,27,82.03,12,59,68,29,74.7,29643765175.5,391336834.0,0.0596,-26.01,4005990,3668930,3453114,0.076
4247,OKTA,Technology,Software - Infrastructure,NASDAQ,76.77,27,100.03,72,17,31,31,81.69,14711566667.457436,175346441.0,0.0533,-35.96,2667670,3704576,3776420,0.116
4248,ROL,Consumer Cyclical,Personal Services,NYSE,76.72,27,86.99,21,36,54,65,52.88,25917100341.583252,481462000.0,0.031,-20.05,2417280,2744903,2833974,0.102
4249,FMS,Healthcare,Medical Care Facilities,NYSE,76.71,27,87.77,22,36,40,42,21.76,11832957966.617393,537129260.0,3.37,-28.56,944100,653660,619090,-0.055
4250,RGEN,Healthcare,Medical Instruments & Supplies,NASDAQ,76.7,27,88.38,24,29,34,74,115.91,6964099528.757172,56407740.0,0.097600006,-34.06,1239950,1040086,991104,0.148
4251,DMA,Financial Services,Asset Management,NYSE,76.67,27,86.61,20,37,46,59,7.26,66596864.23135805,8963239.0,0.0025,-20.66,32200,26113,28124,
4252,SLVM,Basic Materials,Paper & Paper Products,NYSE,76.65,27,86.35,19,29,58,23,41.17,1633123934.0686264,39735377.0,0.0575,-28.59,390070,337646,357096,-0.082
4253,MTR,Energy,Oil & Gas E&P,NYSE,76.64,27,82.72,13,46,36,24,4.28,7957529.264454842,1863590.0,0.0033000002,-58.93,9600,8330,18610,0.588
4254,TM,Consumer Cyclical,Auto Manufacturers,NYSE,76.63,27,82.52,12,61,76,69,183.8,222055275027.5889,1184105351.0,0.00059999997,-26.16,426650,404520,371262,0.019
4255,HOV,Consumer Cyclical,Residential Construction,NYSE,76.6,27,86.56,19,36,39,27,108.15,639721659.5541229,5938194.0,0.0732,-33.27,103410,115300,111694,-0.062
4256,AMCR,Consumer Cyclical,Packaging & Containers,NYSE,76.59,27,91.94,37,36,64,35,40.2,18461463542.796707,462345690.0,0.0844,-21.08,5120420,4538770,5684828,0.774
4257,PWP,Financial Services,Capital Markets,NASDAQ,76.58,27,79.57,8,65,56,27,18.08,1305566096.9676647,71031891.0,0.1441,-30.26,1558500,1076150,963484,-0.297
4258,CCU,Consumer Defensive,Beverages - Brewers,NYSE,76.56,27,92.15,38,34,61,62,11.81,2210563498.6324463,185139328.0,0.0356,-23.11,137690,156896,209078,-0.118
4259,IOT,Technology,Software - Infrastructure,NYSE,76.52,27,93.88,51,20,15,30,29.07,17270502539.864586,580716297.0,0.1029,-39.94,4606450,5588890,7025798,0.283
4260,VTS,Energy,Oil & Gas E&P,NYSE,76.52,27,89.5,28,35,39,31,18.42,742898249.1631622,41712424.0,0.1424,-32.15,550890,583433,582102,0.022
4261,TRU,Financial Services,Financial Data & Stock Exchanges,NYSE,76.51,27,92.08,37,29,24,28,69.99,13881600000.0,192800000.0,0.0523,-29.58,2326500,2210100,2386850,0.137
4262,SNAP,Communication Services,Internet Content & Information,NYSE,76.48,27,103.39,78,13,11,44,5.75,10075538352.288654,1657160934.0,0.105,-44.76,47091230,59725793,52247950,0.121
4263,WWR,Basic Materials,Other Industrial Metals & Mining,NYSE ARCA,76.43,27,96.51,63,19,58,90,0.69,82303951.59046507,124702952.0,0.024600001,-81.6,870310,924350,970256,
4264,DFIN,Technology,Software - Application,NYSE,76.42,27,80.49,10,36,19,24,41.89,1070244948.8120079,24982375.0,0.0509,-36.77,356870,258366,264536,0.022
4265,NYC,Real Estate,Real Estate Services,NYSE,76.42,27,93.37,47,21,31,17,8.4,21435810.462727547,2692941.0,0.0013,-48.47,2220,2113,1740,-0.565
4266,PFSI,Financial Services,Mortgage Finance,NYSE,76.41,27,90.19,30,24,25,80,88.35,4701278230.038643,51924875.0,0.0838,-44.91,648980,558016,614462,-0.166
4267,OFIX,Healthcare,Medical Devices,NASDAQ,76.4,27,88.69,25,33,32,43,11.67,470912230.38036346,40421652.0,0.0374,-31.31,385630,282236,290316,0.016
4268,RSG,Industrials,Waste Management,NYSE,76.39,27,85.42,17,35,43,33,197.73,61482874785.86455,307383629.0,0.0150999995,-23.58,1892070,1729556,1524682,0.026
4269,FNF,Financial Services,Insurance - Specialty,NYSE,76.38,27,88.45,24,30,49,47,48.29,13613988866.042175,269157540.0,0.0279,-18.44,1756130,1775950,2032432,0.173
4270,TWI,Industrials,Farm & Heavy Construction Machinery,NYSE,76.35,27,85.87,18,53,84,36,7.67,508538490.1389885,64371960.0,0.0715,-34.44,762390,1299756,1179668,0.029
4271,YI,Healthcare,Medical Distribution,NASDAQ,76.34,27,78.41,7,86,87,92,5.77,53221633.877887726,8796964.0,2.28,-48.34,11930,10890,12772,-0.267
4272,QTI,Healthcare,Medical Devices,NASDAQ,76.33,27,104.53,80,20,18,9,7.15,84538349.77030754,12042500.0,0.0222,-84.47,38860,24673,40760,8.772
4273,ARX,Financial Services,Insurance Brokers,NYSE,76.31,27,96.53,63,18,12,6,13.36,2932512010.426342,222160004.0,0.056500003,-57.15,1024310,1202936,1199864,0.492
4274,NPWR,Industrials,Specialty Industrial Machinery,NYSE,76.31,27,110.02,86,9,18,32,2.04,176767602.0,88383801.0,0.039,-60.77,808640,650516,724088,
4275,BMA,Financial Services,Banks - Regional,NYSE,76.3,27,88.43,24,66,48,64,74.73,4698240139.039078,63939030.0,0.021300001,-29.6,372450,315146,354860,-0.033
4276,LAES,Technology,Semiconductors,NASDAQ,76.3,27,105.96,82,11,56,99,3.06,650500094.0763073,222773999.0,0.0955,-64.87,9658720,13671660,11121198,1.182
4277,MVO,Energy,Oil & Gas E&P,NYSE,76.29,27,87.07,21,69,4,14,2.01,23689999.34196472,11500000.0,0.1305,-67.89,254070,318886,460448,-0.364
4278,PHUN,Technology,Software - Application,NASDAQ,76.28,27,92.86,42,23,15,13,1.99,40386932.0,20193466.0,0.04,-48.71,120030,149306,145370,-0.212
4279,COOK,Consumer Cyclical,"Furnishings, Fixtures & Appliances",NYSE,76.27,27,106.23,82,10,17,7,41.34,121357429.49986267,2768821.0,0.08270001,-62.59,8930,12323,16246,-0.138
4280,RHI,Industrials,Staffing & Employment Services,NYSE,76.27,27,91.05,33,22,19,8,26.54,2764995780.9094334,102293589.0,0.3809,-45.32,1926550,2739176,3001798,-0.038
4281,ADSK,Technology,Software - Application,NASDAQ,76.26,27,93.04,45,24,21,49,236.07,51625013869.5,211145251.0,0.024500001,-28.27,1865740,1895296,1974032,0.194
4282,NCMI,Communication Services,Advertising Agencies,NASDAQ,76.25,27,94.63,55,23,17,19,3.48,342339144.8467312,93280419.0,0.124,-37.41,243610,411456,432712,0.08
4283,RNTX,Healthcare,Biotechnology,NASDAQ,76.22,27,78.62,8,70,19,17,1.15,95207621.27271461,78039032.0,0.01,-52.08,2531560,936540,600094,
4284,BBAR,Financial Services,Banks - Regional,NYSE,76.2,27,92.55,40,64,35,33,15.56,3028830141.607977,204236693.0,0.0471,-32.64,637360,566353,689624,-0.08
4285,CACI,Technology,Information Technology Services,NYSE,76.19,27,82.02,12,54,69,83,482.57,10625696576.2146,22091305.0,0.0585,-29.4,339770,310356,287068,0.085
4286,USIO,Technology,Software - Infrastructure,NASDAQ,76.19,27,96.84,64,24,27,34,1.25,35355601.129740715,27621564.0,0.00029999999,-38.12,35550,25316,40470,0.082
4287,RPM,Basic Materials,Specialty Chemicals,NYSE,76.19,27,86.98,20,43,55,27,99.54,12911309391.355225,128075684.0,0.024600001,-22.91,701490,988850,994150,0.089
4288,HLLY,Consumer Cyclical,Auto Parts,NYSE,76.18,27,75.99,6,59,83,84,2.72,339442963.3244457,120369848.0,0.0232,-39.29,984270,716590,884490,-0.037
4289,BROS,Consumer Cyclical,Restaurants,NYSE,76.17,27,89.1,26,32,24,25,51.13,7231422980.016403,137192622.0,0.65709996,-34.35,5432530,4564680,4274120,0.308
4290,PDD,Consumer Cyclical,Internet Retail,NASDAQ,76.15,27,91.77,36,33,24,68,98.8,140603100778.8155,1423396462.0,0.0312,-29.13,5704680,6597566,7004858,0.12
4291,DNOW,Industrials,Industrial Distribution,NYSE,76.15,27,93.07,45,30,67,23,13.13,2385875955.1713867,182545984.0,0.073,-23.93,3997110,3137893,3312348,0.975
4292,PLRX,Healthcare,Biotechnology,NASDAQ,76.13,27,91.96,37,36,15,26,1.2,75535891.85139275,61914664.0,0.060100004,-38.46,345710,490630,499158,
4293,OTEX,Technology,Software - Application,NASDAQ,76.1,26,99.15,70,19,22,75,24.4,6289262126.423653,254419996.0,0.056199998,-38.85,2277880,1829996,1898910,0.022
4294,BOLT,Healthcare,Biotechnology,NASDAQ,76.09,26,92.32,39,22,27,14,4.7,8973718.036603928,1921567.0,0.0117999995,-49.13,17980,25813,22492,
4295,RDI,Communication Services,Entertainment,NASDAQ,76.0,26,88.49,25,30,22,32,1.05,37073259.49872732,34974775.0,0.0026,-36.36,26530,23436,24088,-0.142
4296,NEPH,Healthcare,Medical Instruments & Supplies,NASDAQ,75.98,26,85.09,17,25,84,95,2.95,38215041.71292782,10856546.0,0.004,-54.05,30850,25426,36312,0.069
4297,CNM,Industrials,Industrial Distribution,NYSE,75.98,26,88.19,24,40,57,28,48.91,9235927086.218304,188142739.0,0.0469,-27.2,1789290,2509460,2590726,-0.069
4298,BIO,Healthcare,Medical Devices,NYSE,75.96,26,79.79,9,48,40,66,243.79,6806009799.367798,26761598.0,0.0,-28.95,485360,337183,325684,0.011
4299,GEOS,Energy,Oil & Gas Equipment & Services,NASDAQ,75.93,26,85.18,17,18,21,97,9.21,108621386.26716995,12931118.0,0.071100004,-69.19,299790,232113,222212,-0.313
4300,PESI,Industrials,Waste Management,NASDAQ,75.92,26,81.45,11,61,80,76,11.0,204210391.0,18564581.0,0.0775,-33.33,204300,149930,168158,-0.201
4301,HHS,Industrials,Conglomerates,NASDAQ,75.91,26,96.71,64,26,22,12,2.81,20909721.40500903,7414795.0,0.0082,-47.87,4070,14546,10182,-0.154
4302,BOC,Industrials,Conglomerates,NYSE,75.91,26,87.06,21,33,33,24,11.53,346902683.7558813,30537209.0,0.0685,-26.79,236580,185326,158692,0.064
4303,ABG,Consumer Cyclical,Auto & Truck Dealerships,NYSE,75.9,26,89.21,27,27,37,28,197.49,3731021320.6359863,18618800.0,0.113000005,-28.05,371850,276700,266830,-0.009
4304,CVLT,Technology,Software - Application,NASDAQ,75.88,26,108.49,85,13,11,15,104.0,4621268168.790985,43974387.0,0.072,-48.18,835940,1048080,1073516,0.133
4305,BTCS,Financial Services,Capital Markets,NASDAQ,75.85,26,119.06,91,13,10,25,2.13,105523780.82366085,49775371.0,0.08189999,-74.91,1283150,936670,848892,2.053
4306,KREF,Real Estate,REIT - Mortgage,NYSE,75.82,26,94.13,52,26,25,29,6.47,425025764.9550319,64300417.0,0.0949,-35.19,1437620,1396263,1664792,
4307,SYNX,Technology,Communication Equipment,NYSE ARCA,75.81,26,98.54,69,18,10,13,1.17,7894983.979625702,6634440.0,1.46,-48.68,64180,104480,1707172,-0.577
4308,CRVL,Financial Services,Insurance Brokers,NASDAQ,75.75,26,98.02,67,15,10,15,56.99,2998971537.458992,51246950.0,0.0429,-51.38,170610,198610,220420,0.034
4309,BOX,Technology,Software - Infrastructure,NYSE,75.7,26,95.38,59,19,18,42,24.5,3560923128.254217,138449581.0,0.1429,-36.86,2138110,2213910,2476982,0.136
4310,RPAY,Technology,Software - Infrastructure,NASDAQ,75.69,26,88.91,26,19,17,10,3.35,293115366.92139435,82800952.0,0.073699996,-44.67,918130,2315990,1978512,0.045
4311,RICK,Consumer Cyclical,Restaurants,NASDAQ,75.62,26,91.88,36,25,17,8,24.31,193965527.9188156,7651500.0,0.1247,-48.28,43830,53876,68106,-0.009
4312,ALAR,Technology,Software - Infrastructure,NASDAQ,75.59,26,112.31,88,14,14,72,7.78,60850241.13999367,7340198.0,0.0094,-56.78,36220,35300,38496,0.604
4313,GLBE,Consumer Cyclical,Internet Retail,NASDAQ,75.53,26,89.05,26,26,29,39,29.91,5005428123.651051,167967391.0,0.040799998,-30.78,1806070,1326503,1222636,0.28
4314,PATK,Consumer Cyclical,Recreational Vehicles,NASDAQ,75.52,26,82.1,12,63,87,55,95.0,3130447972.68071,32893223.0,0.096499994,-36.03,710040,624543,494098,-0.006
4315,CCEL,Healthcare,Medical Care Facilities,NYSE ARCA,75.46,26,94.03,52,28,19,18,3.52,27790267.884099483,8055150.0,0.0015,-44.57,10660,9816,12882,-0.036
4316,EXOZ,Healthcare,Biotechnology,NASDAQ,75.45,26,93.36,47,59,18,85,9.8,81471682.83080101,8468990.0,0.0028,-46.74,3210,5706,4886,
4317,OXLC,Financial Services,Asset Management,NASDAQ,75.44,26,97.14,65,17,16,19,10.11,993568029.7851562,97600000.0,0.044699997,-59.4,924040,1011983,1368066,0.295
4318,KULR,Technology,Electronic Components,NYSE ARCA,75.44,26,127.36,94,8,10,5,3.33,133630813.1106677,46239034.0,0.20719999,-76.62,1512740,1472073,1280666,-0.15
4319,FMST,Basic Materials,Other Industrial Metals & Mining,NASDAQ,75.4,26,88.25,24,47,76,73,1.71,27351373.546049595,16280580.0,0.0113,-70.2,141540,138193,142062,
4320,LRN,Consumer Defensive,Education & Training Services,NYSE,75.4,26,90.18,30,34,28,5,87.34,3739209194.1775513,42524840.0,0.22649999,-48.97,1064280,791716,805152,0.027
4321,TREX,Industrials,Building Products & Equipment,NYSE,75.38,26,90.92,33,25,32,6,39.5,4176728985.0684395,103898729.0,0.0947,-42.57,2395350,1906536,1902348,0.01
4322,TATT,Industrials,Aerospace & Defense,NASDAQ,75.36,26,83.12,13,72,87,85,35.84,472845825.76716614,12983137.0,0.0343,-44.43,135600,201846,210438,0.134
4323,PAY,Technology,Software - Infrastructure,NYSE,75.28,26,94.21,53,29,15,61,26.67,3351027860.9042816,125789337.0,0.0468,-34.04,639250,475296,524110,0.281
4324,AWI,Industrials,Building Products & Equipment,NYSE,75.26,26,84.6,16,49,65,66,159.43,6903728115.158157,42678835.0,0.024500001,-22.64,490000,428610,514368,0.071
4325,EQH,Financial Services,Asset Management,NYSE,75.23,26,94.24,53,23,29,28,40.99,11992725584.435501,281519390.0,0.0001,-27.59,4490760,4377386,4133126,-0.076
4326,RAND,Financial Services,Asset Management,NASDAQ,75.21,26,92.85,42,26,19,26,11.0,32519462.733552933,2969814.0,0.0,-45.0,2320,2566,3766,-0.383
4327,ACI,Consumer Defensive,Grocery Stores,NYSE,75.21,26,87.43,22,32,35,35,15.92,7922448395.220085,494534842.0,0.1243,-30.11,4722400,6665826,6496644,0.077
4328,FENG,Communication Services,Internet Content & Information,NYSE,75.21,26,89.83,29,30,23,31,1.7,20418319.77271843,12010776.0,0.0014,-53.42,2670,2880,5456,0.019
4329,BRAG,Consumer Cyclical,Gambling,NASDAQ,75.17,26,108.4,84,13,14,8,2.2,54984713.03895378,25574284.0,8.77,-54.36,20570,15750,26446,0.019
4330,WFG,Basic Materials,Lumber & Wood Production,NYSE,75.16,26,84.5,16,36,54,19,60.58,4842308364.428215,78303822.0,8.4,-22.88,181450,174736,186036,-0.086
4331,MITQ,Technology,Communication Equipment,NYSE ARCA,75.16,26,90.83,32,23,37,55,0.61,6165971.347422004,9945115.0,0.0328,-63.25,198750,446980,281666,0.102
4332,BMR,Technology,Software - Application,NASDAQ,75.14,26,103.93,79,15,15,14,1.88,30283217.990521193,15529855.0,0.0256,-56.48,78570,119486,105398,-0.018
4333,BX,Financial Services,Asset Management,NYSE,75.13,26,93.32,47,25,28,29,121.4,151279362523.01767,1222261991.0,0.025999999,-36.14,5361500,6352350,8399100,0.057
4334,HCM,Healthcare,Drug Manufacturers - Specialty & Generic,NASDAQ,75.13,26,83.33,13,52,46,45,12.87,2257708298.9981575,171950364.0,0.003,-34.0,30380,36070,31640,-0.165
4335,VIRC,Consumer Cyclical,"Furnishings, Fixtures & Appliances",NASDAQ,75.12,26,92.1,37,23,21,15,6.1,95321029.67994833,15729543.0,0.0429,-34.83,25490,38210,38108,-0.08
4336,HRB,Consumer Cyclical,Personal Services,NYSE,75.1,26,105.73,82,14,12,24,36.06,4685057134.667564,126760207.0,0.1902,-38.93,3328550,2470790,2392092,0.053
4337,ALRM,Technology,Software - Application,NASDAQ,75.08,26,90.82,32,26,25,26,43.72,2354323675.3291397,49460583.0,0.07,-28.04,491020,461646,451550,0.11
4338,MH,Consumer Defensive,Education & Training Services,NYSE,75.04,26,82.63,12,29,36,44,11.42,2246177907.1567783,191001519.0,0.15529999,-36.56,360500,364143,390710,0.042
4339,CALM,Consumer Defensive,Farm Products,NASDAQ,75.01,26,89.9,29,32,30,40,75.45,3604884483.5117493,47376589.0,0.1353,-40.31,635030,848103,874970,-0.53
4340,XLO,Healthcare,Biotechnology,NASDAQ,75.0,26,89.38,27,28,18,26,7.73,46307172.490636826,5982839.0,0.032899998,-53.21,32760,32866,39109,6.939
4341,CVR,Industrials,Tools & Accessories,NYSE ARCA,75.0,26,82.14,12,30,74,14,10.0,11013904.43144989,966132.0,0.0002,-33.33,6150,4150,3808,0.459
4342,JKHY,Technology,Information Technology Services,NASDAQ,74.98,26,85.1,17,29,35,43,143.65,10362045495.004272,71050780.0,0.0809,-25.72,1094590,934066,957106,0.087
4343,PLUR,Healthcare,Biotechnology,NASDAQ,74.95,26,95.05,57,30,22,21,3.52,37603584.44275522,10774666.0,0.0064,-40.94,4710,5180,5762,0.07
4344,USEG,Energy,Oil & Gas E&P,NASDAQ,74.9,26,91.48,35,16,22,18,0.93,49704406.92629188,52320429.0,0.0908,-66.18,5036130,10026423,12022720,-0.68
4345,HRMY,Healthcare,Biotechnology,NASDAQ,74.9,26,90.68,32,30,48,37,30.18,1794094015.989418,57892676.0,0.16860001,-26.16,789950,862346,810098,0.166
4346,XRTX,Healthcare,Biotechnology,NASDAQ,74.89,26,99.05,70,13,12,10,2.46,4316093.670987129,1546987.0,0.0293,-65.11,30240,2564696,1542616,
4347,NFLX,Communication Services,Entertainment,NASDAQ,74.87,26,85.97,18,46,16,57,85.45,368402754219.4839,4210798528.0,0.0186,-36.29,35801240,40652723,41630330,0.162
4348,TSLX,Financial Services,Asset Management,NYSE,74.85,26,85.91,18,30,35,43,17.4,1704651674.7459412,95019600.0,0.090500005,-30.87,813680,698746,958250,-0.197
4349,LKQ,Consumer Cyclical,Auto Parts,NASDAQ,74.82,26,83.86,14,31,44,27,28.1,7360907067.638016,254790835.0,0.0715,-34.15,3533350,2653560,2742030,0.043
4350,SLGN,Consumer Cyclical,Packaging & Containers,NYSE,74.78,26,89.86,29,33,59,18,39.6,4254666879.700035,105679758.0,0.08189999,-30.58,881260,762320,825752,0.065
4351,ADXN,Healthcare,Biotechnology,NASDAQ,74.77,26,93.41,48,23,38,51,6.86,8426866.507987976,1231998.0,0.0069,-43.07,4720,5276,4292,-0.15
4352,ZBH,Healthcare,Medical Devices,NYSE,74.75,25,83.95,15,45,42,29,79.58,15927766497.300385,193462482.0,0.0684,-26.51,3443500,2438556,2295982,0.093
4353,SINT,Healthcare,Medical Devices,NASDAQ,74.75,25,94.79,56,33,26,68,2.48,9686058.056921482,4121727.0,0.0538,-63.42,61040,38243,36854,-0.465
4354,RVLV,Consumer Cyclical,Internet Retail,NYSE,74.75,25,68.68,3,55,60,27,18.63,1492648670.6540375,71555543.0,0.15359999,-41.19,1532590,1061953,1001482,0.156
4355,IDXX,Healthcare,Diagnostics & Research,NASDAQ,74.71,25,84.81,16,46,51,85,532.0,44183154294.15735,78882997.0,0.0297,-30.91,659220,576116,549000,0.143
4356,ANF,Consumer Cyclical,Apparel Retail,NYSE,74.7,25,75.75,6,57,61,14,72.33,3503659631.29097,44924474.0,0.1005,-45.66,1091570,1121603,1326304,0.054
4357,RDHL,Healthcare,Drug Manufacturers - Specialty & Generic,NASDAQ,74.7,25,104.93,81,8,15,5,1.03,5243172.550492287,5191260.0,0.0015,-68.88,61870,49330,39752,
4358,XTNT,Healthcare,Medical Devices,NYSE ARCA,74.67,25,88.5,25,24,31,69,0.52,72835492.52840996,140068260.0,0.0002,-45.26,124860,158976,152130,0.027
4359,MYSE,Technology,Software - Application,NASDAQ,74.67,25,88.64,25,12,26,31,1.84,9247918.946523428,5081274.0,0.0199,-68.11,339150,9798893,5904644,
4360,MRSH,Financial Services,Insurance Brokers,NYSE,74.66,25,86.7,20,28,28,25,161.58,78652952288.25,481794501.0,0.0124,-31.47,2719280,2951800,3007332,0.076
4361,TU,Communication Services,Telecom Services,NYSE,74.66,25,91.91,36,27,34,37,12.58,19907198271.0,1561348884.0,12.05,-24.85,5128490,5846263,5984844,-0.006
4362,ALKT,Technology,Software - Application,NASDAQ,74.64,25,97.6,66,16,15,16,17.22,1923134483.295765,107019174.0,0.12020001,-45.61,2108910,1613836,1756478,0.289
4363,MORN,Financial Services,Financial Data & Stock Exchanges,NASDAQ,74.64,25,94.23,53,19,13,15,176.22,6719550664.547699,38028018.0,0.0634,-44.36,679310,544120,529460,0.108
4364,BMRA,Healthcare,Medical Devices,NASDAQ,74.58,25,97.9,67,17,16,14,2.28,6860397.268413305,3090269.0,0.0223,-50.43,13850,20740,22460,-0.118
4365,TCOM,Consumer Cyclical,Travel Services,NASDAQ,74.56,25,92.14,38,21,24,70,52.2,33172871287.130783,629705222.0,0.0195,-33.92,2321210,2562753,2744968,0.208
4366,CNNE,Consumer Cyclical,Restaurants,NYSE,74.52,25,99.43,71,20,23,24,13.84,627488961.5843372,44220506.0,0.1247,-36.98,522450,539806,675200,-0.06
4367,KRUS,Consumer Cyclical,Restaurants,NASDAQ,74.52,25,87.15,21,29,69,8,55.92,696073629.3319016,12147882.0,0.2666,-41.74,203000,359673,321670,0.233
4368,HAE,Healthcare,Medical Devices,NYSE,74.51,25,82.59,12,29,30,74,52.24,2561500762.363243,46471350.0,0.057800002,-40.17,910100,719400,762290,0.048
4369,DXCM,Healthcare,Medical Devices,NASDAQ,74.5,25,88.38,24,30,32,15,59.33,23387761371.488174,385872977.0,0.045300003,-34.06,5955280,4639233,4427800,0.15
4370,COOT,Consumer Defensive,Packaged Foods,NASDAQ,74.5,25,96.03,61,22,16,93,0.63,17715571.36393881,27898538.0,0.019,-86.0,67480,97556,492650,0.491
4371,STLA,Consumer Cyclical,Auto Manufacturers,NYSE,74.46,25,91.46,35,25,19,38,7.46,22426709437.9131,2897507765.0,0.025999999,-38.95,19169940,20879130,21333346,0.065
4372,BWIN,Financial Services,Insurance Brokers,NASDAQ,74.45,25,87.34,21,18,10,16,20.16,1967347301.4715729,97489954.0,0.1524,-55.36,1402050,1386760,1701442,0.287
4373,ECC,Financial Services,Asset Management,NYSE,74.45,25,100.84,74,17,23,26,4.23,563209381.9401855,132208768.0,0.0001,-47.26,1167190,1146566,1544456,0.033
4374,QNRX,Healthcare,Biotechnology,NASDAQ,74.42,25,96.41,62,12,28,92,6.28,10695507.800386906,1803627.0,0.0448,-84.98,20220,33203,112792,
4375,BGI,Consumer Cyclical,Luxury Goods,NYSE ARCA,74.42,25,88.05,23,24,27,74,0.69,13128441.287021637,19594688.0,0.018099999,-56.05,13750,26753,26080,0.162
4376,YMAT,Basic Materials,Specialty Chemicals,NASDAQ,74.4,25,204.75,99,4,2,0,0.68,10165612.195210695,20050516.0,0.0062,-89.46,34110820,11446476,6888588,
4377,SONY,Technology,Consumer Electronics,NYSE,74.39,25,95.34,58,26,28,81,21.29,119039492914.50378,5907667254.0,0.002,-29.83,9144930,6123233,5919592,0.154
4378,ABM,Industrials,Specialty Business Services,NYSE,74.37,25,89.57,28,30,34,24,39.39,2353019408.6569977,58532820.0,0.0397,-25.6,365450,432756,560084,0.061
4379,MQ,Technology,Software - Infrastructure,NASDAQ,74.36,25,89.28,27,28,26,53,4.05,1768206437.5609455,424030313.0,0.0523,-42.47,4192600,3332773,3434796,0.192
4380,BKKT,Technology,Software - Infrastructure,NYSE,74.36,25,107.69,84,9,17,93,9.92,471489534.8597946,47866956.0,0.2171,-80.08,1263450,1138963,1242274,-0.834
4381,APWC,Industrials,Electrical Equipment & Parts,NASDAQ,74.35,25,88.63,25,23,37,60,1.44,60199385.87289333,41232455.0,0.0001,-38.46,9050,7323,5792,-0.017
4382,CRBG,Financial Services,Asset Management,NYSE,74.34,25,92.98,44,26,37,31,26.34,12473381290.588198,456733121.0,0.108,-27.97,11053310,7032520,6149752,0.019
4383,LAW,Technology,Software - Application,NYSE,74.26,25,85.49,18,19,16,88,3.74,264233745.3803997,64134406.0,0.0419,-58.95,560220,333326,358092,0.143
4384,STKS,Consumer Cyclical,Restaurants,NASDAQ,74.26,25,104.86,81,13,27,9,2.04,63128602.0,31564301.0,0.0558,-61.22,40240,38713,45276,0.008
4385,KLTR,Technology,Software - Application,NASDAQ,74.25,25,95.27,58,15,20,33,1.36,207517143.24295735,150374742.0,0.0219,-41.51,434140,419030,788642,-0.001
4386,KMB,Consumer Defensive,Household & Personal Products,NASDAQ,74.21,25,89.8,29,28,33,20,95.75,32631644249.63379,331926000.0,0.132,-33.65,4826450,4814330,4872380,0.027
4387,PATH,Technology,Software - Infrastructure,NYSE,74.21,25,90.36,31,18,27,72,10.66,5653116978.893967,523921872.0,0.2969,-46.27,28398100,24617140,30701224,0.136
4388,PXLW,Technology,Semiconductors,NASDAQ,74.2,25,93.91,51,19,22,19,5.59,36450014.19133139,6361259.0,0.0398,-63.75,45130,41593,45434,
4389,APPS,Technology,Software - Application,NASDAQ,74.18,25,109.57,86,16,24,92,3.99,484395724.74618053,119899933.0,0.113900006,-51.81,1523180,2013666,2066916,0.125
4390,ALTI,Financial Services,Asset Management,NASDAQ,74.17,25,85.23,17,54,61,46,3.57,428579549.8363466,110744073.0,0.0253,-34.44,166170,161363,157326,0.715
4391,PAYC,Technology,Software - Application,NYSE,74.16,25,104.35,80,15,13,16,138.44,6381850675.588623,46627098.0,0.1146,-48.3,1031060,965403,1485582,0.078
4392,WCN,Industrials,Waste Management,NYSE,74.16,25,85.42,17,33,30,32,150.98,38574565920.78418,254080912.0,0.0098,-23.75,1632300,1564776,1460444,0.064
4393,CMCSA,Communication Services,Telecom Services,NASDAQ,74.11,25,80.86,10,36,62,19,25.03,90734603985.10295,3572228557.0,0.024,-27.15,31848130,29933243,32899556,0.053
4394,CNTY,Consumer Cyclical,Resorts & Casinos,NASDAQ,74.09,25,91.26,34,24,19,10,1.41,42306133.5,28204089.0,0.0042,-50.53,54000,53670,60312,0.052
4395,KINS,Financial Services,Insurance - Property & Casualty,NASDAQ,74.09,25,80.73,10,42,46,45,14.08,224625175.84480476,14482603.0,0.028499998,-37.14,154230,136763,125998,0.232
4396,III,Technology,Information Technology Services,NASDAQ,74.04,25,91.15,33,27,45,85,4.14,192604335.82136822,47674341.0,0.020499999,-35.81,192730,198383,234844,0.027
4397,SSNC,Technology,Software - Application,NASDAQ,74.03,25,89.11,26,27,27,48,67.04,16559749036.117012,240834039.0,0.0274,-26.39,2399040,2557156,2664490,0.088
4398,PFX,Financial Services,Asset Management,NASDAQ,73.99,25,90.86,32,27,30,29,40.12,78154341.34597778,1932600.0,0.0001,-25.14,600,780,3504,-0.136
4399,BRLT,Consumer Cyclical,Luxury Goods,NASDAQ,73.91,25,95.08,57,24,29,88,1.38,23250200.4071877,16258882.0,0.0075,-55.48,44580,42220,57788,0.06
4400,IFN,Financial Services,Asset Management,NYSE,73.9,25,90.58,31,28,36,47,11.79,516515099.85661507,42651950.0,0.0077,-30.44,128770,172736,213704,-0.16
4401,TOPP,Industrials,Trucking,NYSE ARCA,73.9,25,113.54,89,22,8,7,0.97,19503000.18787384,19700000.0,0.0017,-74.87,26910,18080,20418,0.104
4402,TACT,Technology,Computer Hardware,NASDAQ,73.88,25,89.69,28,24,29,49,3.28,35658688.4240067,10276279.0,0.0016,-42.46,18520,19140,37832,0.119
4403,SORA,Consumer Cyclical,Luxury Goods,NASDAQ,73.87,25,104.08,79,11,7,21,2.53,63154559.05151367,24864000.0,0.0014,-82.12,10660,14280,11584,-0.319
4404,FBGL,Industrials,Engineering & Construction,NASDAQ,73.84,25,85.36,17,23,92,19,0.58,8626499.980688095,13500000.0,0.2867,-58.57,145360,177340,671972,-0.059
4405,LOBO,Consumer Cyclical,Auto Manufacturers,NASDAQ,73.83,25,90.31,30,36,20,13,0.56,7682275.689005256,13841938.0,0.0248,-76.76,235120,7288726,4400198,0.229
4406,MIR,Industrials,Specialty Industrial Machinery,NYSE,73.82,25,88.72,25,33,48,88,18.47,4646012028.82275,244655718.0,0.1308,-39.0,4369310,3590143,3631910,0.275
4407,MCI,Financial Services,Asset Management,NYSE,73.81,25,85.82,18,32,56,68,16.75,353353387.85795593,20555752.0,0.0002,-27.17,51580,59503,45378,-0.207
4408,NGVC,Consumer Defensive,Grocery Stores,NYSE,73.78,25,94.94,56,24,16,19,26.97,608507154.7442551,23040786.0,0.062,-55.95,137290,121900,129496,0.016
4409,MLKN,Consumer Cyclical,"Furnishings, Fixtures & Appliances",NASDAQ,73.78,25,85.12,17,29,78,15,15.52,1115875605.3736877,68374732.0,0.057800002,-33.05,719800,891740,896430,0.058
4410,RDIB,Communication Services,Entertainment,NASDAQ,73.74,25,88.42,24,41,71,83,9.55,226945422.20043182,22717260.0,0.0168,-45.11,1694,2416,4715,-0.142
4411,CDRE,Industrials,Aerospace & Defense,NYSE,73.71,24,90.62,31,31,65,85,31.36,1277503928.675932,42797451.0,0.069299996,-35.68,412690,406620,444480,-0.05
4412,SID,Basic Materials,Steel,NYSE,73.71,24,93.68,49,25,61,68,1.37,1835067370.8792152,1329758969.0,0.0112,-37.73,2628030,3642486,5319212,-0.052
4413,LGIH,Consumer Cyclical,Residential Construction,NASDAQ,73.7,24,95.43,59,21,47,13,47.28,1084250418.3904266,23232279.0,0.20030001,-31.97,490490,442530,509174,-0.09
4414,MLEC,Healthcare,Biotechnology,NASDAQ,73.69,24,106.24,82,31,3,0,7.95,6462449.923007965,726118.0,0.0232,-94.94,356550,508810,329184,
4415,CRGO,Industrials,Integrated Freight & Logistics,NASDAQ,73.68,24,105.91,82,16,13,84,2.11,105951168.43553877,51683498.0,0.0070999996,-50.24,125430,91813,134852,0.124
4416,PTC,Technology,Software - Application,NASDAQ,73.68,24,95.57,59,22,26,38,145.92,16938923545.1586,115505791.0,0.0572,-33.58,1769120,1301866,1236084,0.217
4417,PGY,Technology,Software - Infrastructure,NASDAQ,73.67,24,105.9,82,15,15,87,14.54,1258808055.2060108,82870842.0,0.2656,-67.68,4630780,3657036,3370170,0.096
4418,ADGM,Healthcare,Medical Devices,NASDAQ,73.67,24,78.43,7,73,39,8,0.94,21655198.054538608,22210459.0,0.0041,-63.59,92130,173843,129580,
4419,WALD,Consumer Defensive,Household & Personal Products,NASDAQ,73.67,24,157.57,98,10,28,25,1.67,230867763.4840927,128259872.0,0.0197,-48.14,5353240,1965380,1221514,-0.017
4420,KKR,Financial Services,Asset Management,NYSE,73.66,24,92.75,42,23,21,28,99.46,91182698252.49698,889413785.0,0.0195,-35.36,4865340,5140546,6312488,-0.054
4421,MRT,Technology,Software - Application,NYSE ARCA,73.65,24,91.61,35,25,22,35,2.05,177834112.40487528,85910202.0,0.0029,-44.59,18250,18576,21028,1.431
4422,HFFG,Consumer Defensive,Food Distribution,NASDAQ,73.64,24,93.61,49,24,11,13,1.9,101068537.36502802,53475417.0,0.028800001,-57.3,123900,151280,189334,0.009
4423,CLPR,Real Estate,REIT - Residential,NYSE,73.64,24,82.72,13,35,33,31,3.01,49603726.5413661,16157566.0,0.0327,-34.71,51050,64793,69440,-0.026
4424,LOAR,Industrials,Aerospace & Defense,NYSE,73.63,24,95.23,58,27,29,31,61.22,5598743294.370197,93624471.0,0.1283,-38.58,1086620,1025233,1096812,0.361
4425,UHS,Healthcare,Medical Care Facilities,NYSE,73.59,24,87.16,21,35,71,78,168.23,10288758622.39302,60536351.0,0.0481,-31.71,1207820,805376,811272,0.096
4426,BBY,Consumer Cyclical,Specialty Retail,NYSE,73.57,24,86.31,19,34,28,43,57.62,12515294429.295341,210695187.0,0.1146,-32.2,3063100,3224533,4329738,-0.01
4427,LNN,Industrials,Farm & Heavy Construction Machinery,NYSE,73.57,24,86.41,19,30,58,22,108.86,1143427286.6146088,10454670.0,0.056999996,-27.89,170530,194456,173354,-0.157
4428,BRBI,Financial Services,Capital Markets,NASDAQ,73.55,24,88.24,24,50,22,12,14.15,379296975.6934147,26248926.0,7.38,-78.88,1040,3100,3430,
4429,LSH,Industrials,Integrated Freight & Logistics,NASDAQ,73.53,24,93.97,51,25,11,28,0.64,21241803.34484446,34427559.0,0.0034999999,-61.9,51520,38526,53326,0.95
4430,ATGL,Technology,Software - Infrastructure,NASDAQ,73.53,24,97.89,67,14,38,6,16.39,296160371.2320328,16462500.0,0.006,-67.22,8770,3360,2988,-0.314
4431,CLAR,Consumer Cyclical,Leisure,NASDAQ,73.51,24,93.89,51,22,32,33,2.87,115708872.49339342,38441486.0,0.072399996,-28.78,305980,208033,233230,0.025
4432,HSPT,Financial Services,Shell Companies,NASDAQ,73.51,24,101.67,76,20,63,54,8.6,45977103.97537851,5860689.0,0.001,-39.9,57590,25716,19068,
4433,SRG,Real Estate,Real Estate Services,NYSE,73.5,24,91.25,34,22,29,78,2.66,152076444.2857666,56324608.0,0.1106,-41.67,178510,239373,225996,2.311
4434,FSCO,Financial Services,Asset Management,NYSE,73.5,24,92.06,37,25,32,38,5.12,1041688691.0399365,202269645.0,0.00090000004,-33.07,1077920,1076680,1870500,
4435,EEFT,Technology,Software - Infrastructure,NASDAQ,73.48,24,89.22,27,26,23,14,69.6,2613207007.8380127,37966104.0,0.1397,-39.08,737060,705726,678934,0.105
4436,LAKE,Consumer Cyclical,Apparel Manufacturing,NASDAQ,73.42,24,106.04,82,20,11,29,10.75,104885963.30437374,9857703.0,0.2015,-47.56,110480,108016,106406,-0.017
4437,IFBD,Technology,Software - Application,NASDAQ,73.4,24,86.96,20,37,24,31,0.97,7779146.152384579,8188575.0,0.0099,-32.17,2040,3843,3440,2.712
4438,HLI,Financial Services,Capital Markets,NYSE,73.4,24,87.86,23,29,32,42,148.85,10622417425.669922,69486608.0,0.0228,-29.71,942500,663236,662316,-0.046
4439,CLBT,Technology,Software - Infrastructure,NASDAQ,73.37,24,93.11,45,16,23,65,13.05,3397370278.9938784,249439817.0,0.0385,-36.19,1825020,1941756,1732278,0.181
4440,GYRO,Real Estate,Real Estate Services,NASDAQ,73.36,24,86.84,20,30,39,41,7.48,16450823.881948471,2199308.0,0.0005,-37.67,210,770,874,-0.018
4441,NHTC,Consumer Cyclical,Internet Retail,NASDAQ,73.35,24,96.93,64,20,38,22,3.17,26591331.081952572,8577849.0,0.0033000002,-47.17,43680,28713,27410,-0.101
4442,ELME,Real Estate,REIT - Residential,NYSE,73.35,24,87.25,21,25,30,55,2.01,186601545.82585192,88857883.0,0.0306,-88.63,1160900,1166190,1266736,0.017
4443,NSIT,Technology,Electronics & Computer Distribution,NASDAQ,73.34,24,109.06,85,17,19,11,88.23,2530786233.082512,30203917.0,0.0718,-40.62,916490,531463,500236,0.012
4444,GGAL,Financial Services,Banks - Regional,NASDAQ,73.33,24,89.77,29,58,26,48,43.54,7110266397.060738,169453445.0,0.2223,-33.51,1182970,1035400,1145490,-0.1
4445,RDNT,Healthcare,Diagnostics & Research,NASDAQ,73.31,24,87.58,22,28,37,71,55.9,4554619350.360432,78271515.0,0.13319999,-34.88,1019450,853673,901658,0.148
4446,CSAN,Energy,Oil & Gas Refining & Marketing,NYSE,73.27,24,86.97,20,49,37,53,4.0,4085508081.0180874,979738131.0,0.0044,-36.0,1658110,1684796,1966454,0.265
4447,JG,Technology,Software - Application,NASDAQ,73.26,24,87.2,21,22,39,17,6.6,41005543.72208023,5960108.0,0.0017,-48.44,2300,2906,2598,0.129
4448,EVO,Healthcare,Drug Manufacturers - Specialty & Generic,NASDAQ,73.21,24,98.23,68,21,35,17,3.06,1090427314.348639,355188058.0,0.0011999999,-36.25,61070,108450,119146,0.145
4449,IRIX,Healthcare,Medical Devices,NASDAQ,73.16,24,89.57,28,31,79,18,1.05,17917210.002315044,17395350.0,0.0095,-36.36,56710,462713,299760,0.16
4450,KMX,Consumer Cyclical,Auto & Truck Dealerships,NYSE,73.12,24,86.15,19,37,26,6,39.08,5721047664.740124,141820715.0,0.1157,-45.71,2414790,3385813,3303964,-0.012
4451,XYL,Industrials,Specialty Industrial Machinery,NYSE,73.1,24,85.33,17,40,32,66,112.0,27032881756.81127,237693493.0,0.028299998,-27.4,2270680,2402316,2226002,0.027
4452,SKY,Consumer Cyclical,Residential Construction,NYSE,73.09,24,80.35,9,46,58,38,69.37,4068717274.840851,55858285.0,0.0749,-30.05,610440,512633,549378,0.018
4453,CBRL,Consumer Cyclical,Restaurants,NASDAQ,73.08,24,97.79,67,19,21,8,31.37,703833709.1542568,22351023.0,0.3625,-56.39,932250,1006273,1108890,-0.079
4454,TECH,Healthcare,Biotechnology,NASDAQ,73.04,24,78.58,7,41,50,50,47.42,7571664893.921982,156568751.0,0.1021,-34.28,3688730,2562170,2471524,-0.015
4455,GALT,Healthcare,Biotechnology,NASDAQ,73.02,24,83.51,14,33,73,98,2.21,138237634.52220535,65827448.0,0.17790002,-69.0,323140,342490,350128,
4456,MAN,Industrials,Staffing & Employment Services,NYSE,73.0,24,86.4,19,23,24,10,28.95,1387251043.733757,46489646.0,0.1664,-38.85,764600,1075916,1133394,0.103
4457,ALNY,Healthcare,Biotechnology,NASDAQ,73.0,24,83.84,14,43,29,87,284.84,39392883033.85785,133512573.0,0.050300002,-42.52,1267590,1124110,1142742,0.964
4458,AUST,Basic Materials,Gold,NYSE ARCA,73.0,24,86.43,19,29,70,64,1.34,18759411.435293317,13693001.0,0.060399998,-65.82,90870,85003,131448,
4459,PAYO,Technology,Software - Infrastructure,NASDAQ,73.0,24,91.88,36,24,23,14,5.11,1727457855.1568298,334778664.0,0.0343,-33.33,4418200,3351533,3808288,0.061
4460,NSP,Industrials,Staffing & Employment Services,NYSE,73.0,24,95.85,60,10,11,6,32.43,1243933647.204155,38169182.0,0.131,-55.1,1000350,914050,1072172,0.017
4461,MHK,Consumer Cyclical,"Furnishings, Fixtures & Appliances",NYSE,72.99,24,86.31,19,33,70,28,100.97,6328765156.958542,60953145.0,0.1112,-29.46,1271270,1038196,1101882,0.08
4462,EPAC,Industrials,Specialty Industrial Machinery,NYSE,72.98,24,87.17,21,35,40,27,34.98,1874614413.2790756,52776306.0,0.026099999,-24.6,368870,409153,412026,0.064
4463,OCCI,Financial Services,Asset Management,NASDAQ,72.98,24,108.1,84,14,27,25,3.61,100062965.90443277,29088071.0,0.0068,-47.07,321070,272170,288590,0.092
4464,GEN,Technology,Software - Infrastructure,NASDAQ,72.98,24,104.32,80,18,27,32,22.4,13736454579.153915,605663774.0,0.0535,-30.48,8545900,7203633,7302494,0.27
4465,RADX,Healthcare,Biotechnology,NASDAQ,72.97,24,82.14,12,31,55,21,4.0,31532660.0,7883165.0,0.0064,-75.38,44770,40586,188246,1.545
4466,YTRA,Consumer Cyclical,Travel Services,NASDAQ,72.95,24,80.71,10,32,79,88,0.96,62075051.0,62075051.0,0.00090000004,-52.0,25470,40543,43994,0.096
4467,STN,Industrials,Engineering & Construction,NYSE,72.8,24,87.91,23,30,31,73,85.92,9970596450.675812,114066995.0,3.57,-24.97,278350,329856,320960,0.109
4468,BCC,Basic Materials,Lumber & Wood Production,NYSE,72.8,24,78.21,7,38,53,13,69.2,2486858578.685669,35189736.0,0.0462,-27.58,519070,382430,424690,-0.025
4469,PYPL,Financial Services,Credit Services,NASDAQ,72.78,24,90.12,30,21,11,25,45.07,40021125275.21968,882105493.0,0.0558,-43.31,16928380,14174490,15830622,0.072
4470,FOXF,Consumer Cyclical,Auto Parts,NASDAQ,72.69,23,91.41,34,23,34,6,17.4,746460768.0053711,41936000.0,0.1266,-44.19,575490,502183,658512,0.038
4471,DLB,Industrials,Specialty Business Services,NYSE,72.68,23,85.2,17,31,33,28,57.59,5500880531.595268,94598115.0,0.0913,-26.43,908370,643840,651046,0.071
4472,PDCC,Financial Services,Asset Management,NYSE,72.68,23,100.01,72,21,28,39,11.55,75181029.0,6834639.0,0.0066000004,-37.23,10390,9973,8102,
4473,VRDN,Healthcare,Biotechnology,NASDAQ,72.68,23,96.18,62,21,89,93,17.2,1712071494.3118286,103074740.0,0.1075,-49.84,5051460,4116250,3004622,0.958
4474,HLMN,Industrials,Tools & Accessories,NASDAQ,72.66,23,82.47,12,43,62,28,7.72,1542207529.3568087,196209606.0,0.028199999,-28.85,1353720,1271150,1520334,0.03
4475,WPRT,Consumer Cyclical,Auto Parts,NASDAQ,72.6,23,91.7,36,26,22,6,1.93,34617510.82589865,17395734.0,0.0494,-53.49,31530,41386,38892,-0.742
4476,BKNG,Consumer Cyclical,Travel Services,NASDAQ,72.59,23,85.1,17,28,24,39,157.8,128575573210.10083,774878436.0,0.0346,-32.44,8745820,7615063,8248988,0.162
4477,LAB,Healthcare,Medical Devices,NASDAQ,72.57,23,95.47,59,16,34,37,0.99,398175473.934319,390368119.0,0.0359,-42.44,2414830,2786663,2713090,0.046
4478,IBM,Technology,Information Technology Services,NYSE,72.56,23,85.25,17,28,37,82,223.55,215948036769.85596,939885280.0,0.026199998,-31.19,5485670,5970813,5870502,0.095
4479,TPG,Financial Services,Asset Management,NASDAQ,72.54,23,95.53,59,19,27,46,43.59,7159725787.150211,160460017.0,0.061300002,-38.06,2912470,2969316,3276348,-0.568
4480,PAPL,Financial Services,Mortgage Finance,NYSE ARCA,72.54,23,120.31,92,3,2,89,1.08,29480176.635599613,26088652.0,0.0056,-88.67,2208560,7375733,4587108,-0.048
4481,NIU,Consumer Cyclical,Auto Manufacturers,NASDAQ,72.53,23,92.44,39,27,37,84,3.0,248642404.9441986,78436088.0,0.037,-47.09,186340,250166,434044,-0.174
4482,DLTR,Consumer Defensive,Discount Stores,NASDAQ,72.53,23,79.76,9,42,84,79,90.02,18350921845.461655,194725406.0,0.0789,-36.78,3757680,3503630,3399366,0.09
4483,ZH,Communication Services,Internet Content & Information,NYSE,72.52,23,93.67,49,24,26,32,3.28,284678265.9168565,86792155.0,0.0214,-40.9,198850,367766,448644,-0.251
4484,XRAY,Healthcare,Medical Instruments & Supplies,NASDAQ,72.5,23,83.71,14,35,38,13,10.91,2203593513.0,200326683.0,0.11310001,-36.5,5869020,4080743,4316322,0.001
4485,ADT,Industrials,Security & Protection Services,NYSE,72.5,23,88.2,24,27,36,53,6.79,5425199839.936658,789694313.0,0.057600003,-24.01,20304800,11887053,11789816,0.009
4486,VEEA,Technology,Information Technology Services,NASDAQ,72.48,23,104.93,81,27,11,8,0.6,27472125.40126705,50407568.0,0.013099999,-76.92,211000,205573,353782,
4487,OMSE,Energy,Oil & Gas Equipment & Services,NASDAQ,72.47,23,91.94,37,31,18,13,4.57,199508900.70355225,42448704.0,0.0004,-53.65,7840,9560,13478,-0.359
4488,IBP,Consumer Cyclical,Residential Construction,NYSE,72.46,23,65.45,2,77,90,80,206.2,5926686940.88974,26940710.0,0.0736,-40.92,583730,403883,392972,-0.035
4489,RNXT,Healthcare,Biotechnology,NASDAQ,72.46,23,83.58,14,38,28,16,0.85,38925538.9936918,45052706.0,0.0108,-41.38,284610,308350,381610,4.535
4490,WVVI,Consumer Defensive,Beverages - Wineries & Distilleries,NASDAQ,72.4,23,96.48,63,16,17,8,2.78,14639818.484930992,4979530.0,0.0004,-61.28,2900,3120,3154,-0.015
4491,CRDF,Healthcare,Biotechnology,NASDAQ,72.37,23,93.93,51,11,13,18,1.63,112126628.46196079,68369896.0,0.275,-64.25,642280,710020,663806,0.609
4492,TTRX,Healthcare,Biotechnology,NASDAQ,72.37,23,103.29,78,12,14,8,3.88,112896670.46367645,29788040.0,2.21,-85.36,17930,25350,23138,
4493,TAP,Consumer Defensive,Beverages - Brewers,NYSE,72.37,23,86.09,19,32,62,25,41.44,7954053148.981934,187551360.0,0.1573,-28.02,3977520,3170513,3098744,0.02
4494,STE,Healthcare,Medical Devices,NYSE,72.36,23,83.06,13,35,42,68,201.85,20360596717.5291,98147009.0,0.0188,-25.09,711790,643113,767190,0.092
4495,HD,Consumer Cyclical,Home Improvement Retail,NYSE,72.34,23,84.73,16,34,48,34,311.4,316188992190.64075,996027658.0,0.0136,-27.03,4859360,3989430,4096774,-0.038
4496,IBN,Financial Services,Banks - Regional,NYSE,72.33,23,87.92,23,30,43,46,26.1,94934234055.4787,3583776326.0,0.0143,-24.5,7040770,6960490,6916132,0.669
4497,INO,Healthcare,Biotechnology,NASDAQ,72.27,23,101.95,76,15,26,31,1.43,119124258.87248611,81591956.0,0.17879999,-52.01,4790590,3690503,2519420,-1.0
4498,ADP,Technology,Software - Application,NASDAQ,72.26,23,96.09,61,18,20,24,211.67,85143402066.0,399734282.0,0.039100002,-35.84,3082590,2972946,3512624,0.07
4499,BTMD,Healthcare,Medical Care Facilities,NASDAQ,72.23,23,109.32,85,13,15,11,2.21,69861049.4993248,32046352.0,0.071100004,-53.47,180570,252630,273728,-0.083
4500,PMN,Healthcare,Biotechnology,NASDAQ,72.22,23,81.01,10,74,66,10,10.68,88152421.50581932,8967693.0,0.0155,-73.13,44400,44136,45496,
4501,SKYW,Industrials,Airlines,NASDAQ,72.19,23,88.42,24,38,39,30,86.06,3499226725.7669296,39660281.0,0.042,-30.56,400330,396116,399596,0.068
4502,MTD,Healthcare,Diagnostics & Research,NYSE,72.12,23,76.8,6,56,48,70,1078.53,22768633141.342773,20248505.0,0.0367,-29.28,187990,154920,167792,0.072
4503,MRLN,Industrials,Aerospace & Defense,NASDAQ,72.07,23,76.84,6,61,46,60,8.66,700420818.4916496,85105815.0,0.7,-49.06,1364720,1477513,1217582,0.916
4504,ONEW,Consumer Cyclical,Specialty Retail,NASDAQ,72.02,23,103.63,79,19,20,16,11.58,200407551.4329977,16617541.0,0.1586,-35.38,184810,139313,152802,-0.085
4505,LYFT,Technology,Software - Application,NASDAQ,72.01,23,90.62,31,27,20,89,13.87,5483477967.268696,382123890.0,0.1887,-45.69,15504320,13910143,16125534,0.138
4506,DSGX,Technology,Software - Application,NASDAQ,71.99,23,91.62,35,17,16,19,68.88,6212524314.328476,85927027.0,3.61,-41.3,434040,550163,600990,0.151
4507,ARES,Financial Services,Asset Management,NYSE,71.97,23,101.05,74,17,24,25,124.61,41737324713.75,330592671.0,0.1321,-36.18,3570960,3432786,3829314,0.283
4508,GEHC,Healthcare,Medical Devices,NASDAQ,71.93,23,79.94,9,39,49,36,61.7,28871982212.707825,454891786.0,0.030199999,-31.27,8935940,5121896,4630250,0.074
4509,ZLAB,Healthcare,Biotechnology,NASDAQ,71.92,23,88.71,25,31,19,12,19.59,2089800401.659977,112354858.0,0.0499,-55.82,740240,798000,788380,0.17
4510,UL,Consumer Defensive,Household & Personal Products,NYSE,71.89,23,87.52,22,30,59,51,57.24,127361288314.10373,2180843921.0,0.49,-23.66,4319140,5124620,4793226,
4511,HHH,Real Estate,Real Estate - Development,NYSE,71.88,23,88.88,26,28,48,72,64.28,3921509018.374214,59624589.0,0.0968,-29.42,560840,452753,522316,0.184
4512,FINV,Financial Services,Credit Services,NYSE,71.79,23,98.05,67,21,21,18,5.15,1220606008.3525429,236094002.0,0.0689,-52.75,855020,1002433,1316282,-0.13
4513,PINS,Communication Services,Internet Content & Information,NYSE,71.78,23,100.34,73,13,12,20,20.76,11914546601.709675,560157327.0,0.18879999,-48.01,24527440,17267670,18882416,0.178
4514,SAM,Consumer Defensive,Beverages - Brewers,NYSE,71.76,23,73.02,4,65,66,23,188.54,2054988606.1448364,10413442.0,0.1567,-28.71,315020,242916,211524,-0.044
4515,PLMR,Financial Services,Insurance - Property & Casualty,NASDAQ,71.74,23,80.18,9,38,40,62,109.22,3005660497.3830414,26514295.0,0.0292,-37.89,353560,257843,248174,0.597
4516,WGO,Consumer Cyclical,Recreational Vehicles,NYSE,71.72,23,82.42,12,34,81,25,30.49,897438737.25,28265787.0,0.135,-39.21,481830,633766,649404,0.06
4517,CRMD,Healthcare,Biotechnology,NASDAQ,71.71,23,96.96,64,30,15,36,7.66,621262942.7846718,78442290.0,0.2031,-56.05,957680,999823,1272576,3.121
4518,OTIS,Industrials,Specialty Industrial Machinery,NYSE,71.69,23,85.48,18,30,42,39,74.0,28709636689.219147,383716076.0,0.0336,-27.04,4297570,3649856,3832726,0.064
4519,BRFH,Consumer Defensive,Beverages - Non-Alcoholic,NASDAQ,71.68,23,81.83,11,37,37,69,2.36,38905838.795607805,16143501.0,0.0026,-61.18,7230,8640,7840,0.945
4520,ISRG,Healthcare,Medical Instruments & Supplies,NASDAQ,71.68,23,83.24,13,31,29,59,420.06,159394527805.86462,354162842.0,0.0189,-30.44,2208510,2196660,1978908,0.23
4521,SOUN,Technology,Software - Application,NASDAQ,71.65,23,106.7,83,12,11,79,8.45,3785347170.303626,426277829.0,0.3759,-61.89,37938110,29804913,28366704,0.517
4522,EXPO,Industrials,Engineering & Construction,NASDAQ,71.63,23,81.83,11,32,31,30,60.16,2985914293.6238403,48614692.0,0.0846,-26.59,447470,453753,482580,0.105
4523,FLX,Industrials,Integrated Freight & Logistics,NASDAQ,71.62,23,83.05,13,27,25,21,2.53,187943863.81805182,73129910.0,1.57,-43.15,193890,167770,185496,-0.027
4524,PCOR,Technology,Software - Application,NYSE,71.61,23,86.21,19,19,15,62,50.1,8039430524.287842,150890216.0,0.0913,-39.14,3538000,2548680,2464360,0.157
4525,CMG,Consumer Cyclical,Restaurants,NYSE,71.56,23,87.46,22,22,30,11,31.92,41676029813.02643,1282734000.0,0.0325,-45.36,20964430,15997293,16260192,0.074
4526,LFWD,Healthcare,Medical Devices,NASDAQ,71.56,23,88.56,25,18,16,10,6.4,17505086.02997303,2778585.0,0.0383,-63.96,6690,7720,10732,-0.327
4527,APM,Healthcare,Biotechnology,NASDAQ,71.56,23,89.02,26,28,15,77,0.83,6840755.666421473,8143757.0,0.002,-81.43,16260,24856,52742,
4528,XPEV,Consumer Cyclical,Auto Manufacturers,NYSE,71.52,22,88.89,26,29,26,87,16.15,14928825668.423014,955750690.0,0.065,-42.8,5791760,5730783,6744260,0.382
4529,PLUT,Financial Services,Capital Markets,NASDAQ,71.51,22,76.93,6,38,34,74,2.51,43747498.536109924,15350000.0,0.0001,-40.1,2320,3726,4170,-0.477
4530,OTLY,Consumer Defensive,Packaged Foods,NASDAQ,71.42,22,83.64,14,58,40,67,10.13,325052245.2354431,31225000.0,0.0368,-46.23,64710,71926,66006,0.156
4531,KOSS,Technology,Consumer Electronics,NASDAQ,71.42,22,88.87,26,26,24,18,3.9,39380380.635536194,9466438.0,0.0399,-54.6,24990,27673,25504,-0.196
4532,DCBO,Technology,Software - Application,NASDAQ,71.41,22,99.84,72,13,16,11,19.13,544840019.607544,25700000.0,5.91,-42.76,261070,170680,184268,0.105
4533,STXS,Healthcare,Medical Instruments & Supplies,NYSE ARCA,71.4,22,91.77,36,25,28,36,1.88,185207319.8759544,97477538.0,0.040599998,-47.63,291470,382516,419604,0.363
4534,SUNS,Real Estate,REIT - Mortgage,NASDAQ,71.38,22,87.23,21,30,36,32,7.41,103154976.82720184,13519656.0,0.0637,-37.1,73530,104943,108754,0.046
4535,EPOW,Industrials,Electrical Equipment & Parts,NASDAQ,71.35,22,84.06,15,21,23,78,0.71,27613955.231532454,38729250.0,0.0014,-61.83,989000,371483,293172,0.255
4536,ZBAO,Financial Services,Insurance Brokers,NASDAQ,71.34,22,92.02,37,33,25,23,0.77,23161950.803628206,34061692.0,0.022,-42.54,442030,305540,298628,0.407
4537,SHOP,Technology,Software - Application,NASDAQ,71.28,22,79.6,8,31,25,76,102.54,143274050242.2531,1297654610.0,0.0178,-43.72,15621390,10287960,9754566,0.343
4538,CRAI,Industrials,Consulting Services,NASDAQ,71.24,22,84.49,16,26,26,39,146.4,902110855.874176,6463038.0,0.0395,-35.59,179270,180580,192542,0.105
4539,VS,Technology,Software - Application,NASDAQ,71.24,22,99.82,72,13,11,16,1.23,5980046.080238104,4901677.0,0.006,-56.54,45880,167323,110940,
4540,MAIA,Healthcare,Biotechnology,NYSE ARCA,71.19,22,88.2,24,28,86,9,1.31,80086372.6223464,60671492.0,0.0505,-58.93,609170,649006,928774,
4541,SPMC,Financial Services,Asset Management,NYSE,71.18,22,104.6,80,17,18,38,11.28,229810576.79227352,20537139.0,4.9,-44.16,31280,39860,39970,
4542,CURI,Communication Services,Broadcasting,NASDAQ,71.15,22,87.12,21,34,27,92,3.01,182605803.4767151,59287600.0,0.052600004,-57.9,391420,311780,371550,0.358
4543,GDYN,Technology,Information Technology Services,NASDAQ,71.13,22,107.7,84,10,14,14,6.77,583709858.5150404,83626054.0,0.0962,-55.81,2984870,1824263,1822298,0.037
4544,J,Industrials,Engineering & Construction,NYSE,71.13,22,83.36,13,34,34,70,117.02,13984318536.005424,118080879.0,0.0427,-30.53,1614830,1034650,1003794,0.27
4545,LPX,Industrials,Building Products & Equipment,NYSE,71.12,22,86.97,20,27,52,17,72.98,5250345838.605347,69864880.0,0.0773,-29.05,1569840,1263563,1088482,-0.207
4546,MYGN,Healthcare,Diagnostics & Research,NASDAQ,71.12,22,82.49,12,17,20,41,4.21,405182817.2970867,94448210.0,0.089499995,-50.99,2088960,1376206,1902506,-0.208
4547,LGO,Basic Materials,Other Industrial Metals & Mining,NASDAQ,71.11,22,84.29,15,33,67,11,1.15,110954438.44770527,97328456.0,3.16,-57.41,998070,1110756,1326026,-0.082
4548,FORR,Industrials,Consulting Services,NASDAQ,71.11,22,100.55,73,14,16,13,6.59,131738382.7154932,19175893.0,0.3229,-43.04,63050,82270,107068,-0.049
4549,VRNS,Technology,Software - Infrastructure,NASDAQ,71.08,22,108.68,85,9,13,12,28.0,3350783731.954954,117447727.0,0.0744,-56.18,3657430,2703913,2512336,0.269
4550,NTRP,Consumer Cyclical,Travel Services,NASDAQ,71.06,22,82.08,12,22,23,87,2.48,34549304.06976557,13570033.0,0.0084,-52.31,31430,77323,85020,15.08
4551,DEO,Consumer Defensive,Beverages - Wineries & Distilleries,NYSE,71.04,22,94.26,53,26,38,27,82.01,46862067289.16115,555896389.0,0.0069999998,-29.55,1752320,1706510,1812688,-0.04
4552,WTW,Financial Services,Insurance Brokers,NASDAQ,71.03,22,79.94,9,30,31,46,249.72,24212681743.844727,94447976.0,0.025,-29.22,1144960,767190,687380,0.085
4553,HRL,Consumer Defensive,Packaged Foods,NYSE,71.0,22,85.36,17,26,34,21,20.16,11247809484.963472,550284207.0,0.0774,-36.72,4719000,4856460,4602802,-0.029
4554,SGI,Consumer Cyclical,"Furnishings, Fixtures & Appliances",NYSE,70.98,22,77.68,7,50,73,82,66.56,14578708135.913086,210340624.0,0.0717,-32.47,3466250,3181206,2960634,0.123
4555,HLP,Basic Materials,Steel,NASDAQ,70.97,22,89.21,27,42,34,93,0.86,61435254.49573994,74738750.0,0.00059999997,-52.75,78670,224843,169718,0.377
4556,LE,Consumer Cyclical,Apparel Retail,NASDAQ,70.97,22,84.38,15,32,85,86,11.16,355064877.46688175,30794873.0,0.1754,-44.31,196570,341480,441414,0.047
4557,RACE,Consumer Cyclical,Auto Manufacturers,NYSE,70.92,22,88.84,26,28,28,30,329.26,59908411267.78131,176362009.0,0.03,-36.57,654060,624653,635672,0.032
4558,USBC,Technology,Scientific & Technical Instruments,NYSE ARCA,70.91,22,128.05,94,6,7,13,0.51,170783548.27459157,388144430.0,0.013300001,-90.49,306670,437733,348822,
4559,AIXC,Technology,Software - Infrastructure,NASDAQ,70.89,22,102.61,77,6,8,47,1.5,30361022.205673456,22161330.0,0.0052,-82.97,38500,50326,54256,
4560,PAYX,Technology,Software - Application,NASDAQ,70.89,22,93.97,51,19,19,20,93.88,33654262561.6717,358290881.0,0.0636,-41.78,3118880,3397406,3821052,0.199
4561,CWST,Industrials,Waste Management,NASDAQ,70.86,22,92.23,38,26,53,24,83.15,5434833514.3377075,63609941.0,0.08930001,-30.54,932950,893900,893962,0.096
4562,AOS,Industrials,Specialty Industrial Machinery,NYSE,70.86,22,81.04,10,41,72,35,58.52,8076757156.09021,137828624.0,0.063200004,-28.52,2179890,1659003,1615194,-0.019
4563,PRHI,Financial Services,Insurance - Property & Casualty,NASDAQ,70.86,22,92.58,40,49,21,82,0.65,17307102.80772245,26222882.0,0.0007,-77.03,11950,29013,96360,-0.528
4564,AMS,Healthcare,Medical Care Facilities,NYSE ARCA,70.85,22,114.27,89,11,32,26,1.89,13453755.790386677,6627466.0,0.0004,-39.23,555360,306136,185554,-0.148
4565,EXLS,Technology,Information Technology Services,NASDAQ,70.85,22,91.29,34,18,17,28,30.19,4748493483.823587,152782931.0,0.0857,-37.8,2765540,2279123,2237136,0.138
4566,GMHS,Communication Services,Electronic Gaming & Multimedia,NASDAQ,70.85,22,92.93,43,26,23,12,0.99,57319213.0,57319213.0,0.004,-62.78,6420,17596,16128,-0.078
4567,BTBD,Consumer Cyclical,Restaurants,NASDAQ,70.84,22,61.5,1,73,23,48,1.1,7016385.271955967,6154724.0,0.2617,-80.36,405480,1655070,1156300,-0.174
4568,FLYX,Industrials,Airlines,NYSE ARCA,70.83,22,94.18,52,14,30,52,2.29,247036125.97480774,105121760.0,0.0002,-74.21,443130,784366,943576,0.141
4569,SOFI,Financial Services,Credit Services,NASDAQ,70.82,22,84.61,16,29,35,92,16.26,20203173900.0,1282741200.0,0.125,-50.32,80353550,62752396,65968144,0.425
4570,DYAI,Healthcare,Biotechnology,NASDAQ,70.82,22,82.81,13,27,25,34,0.72,28057800.614986897,36438703.0,0.003,-46.67,93310,64770,85966,-0.308
4571,SCLX,Healthcare,Drug Manufacturers - General,NASDAQ,70.82,22,93.05,45,11,22,91,6.9,54998100.30729532,7033005.0,0.0287,-79.87,149080,79276,61292,-0.678
4572,UFPI,Basic Materials,Lumber & Wood Production,NASDAQ,70.81,22,78.56,7,37,69,25,83.09,4765801652.272415,56480230.0,0.028900001,-29.58,619570,443600,420052,-0.084
4573,FDS,Financial Services,Financial Data & Stock Exchanges,NYSE,70.81,22,93.12,45,16,12,11,219.19,8146364330.705795,36431127.0,0.1503,-53.83,797350,975823,949956,0.071
4574,HUMA,Healthcare,Biotechnology,NASDAQ,70.81,22,121.24,92,7,12,7,1.0,235340241.77596474,222019108.0,0.2035,-65.87,5124550,5340143,6900010,
4575,SCM,Financial Services,Asset Management,NYSE,70.74,22,90.86,32,22,33,32,9.47,282235736.25,28947255.0,0.029000001,-38.47,127710,144120,210854,-0.016
4576,CTAS,Industrials,Specialty Business Services,NASDAQ,70.7,22,85.84,18,30,39,28,164.67,66802546747.8176,400087119.0,0.0354,-28.17,1996950,2106653,2324734,0.089
4577,NTNX,Technology,Software - Infrastructure,NASDAQ,70.68,22,105.01,81,13,12,34,45.16,12390048756.0,269348886.0,0.0548,-45.83,3251860,3251923,3629264,0.104
4578,CBUS,Healthcare,Biotechnology,NASDAQ,70.67,22,80.49,10,29,73,9,1.38,109847661.16495371,76283095.0,0.0723,-67.07,349010,572310,609282,-0.128
4579,TTEC,Technology,Information Technology Services,NASDAQ,70.63,22,89.64,28,16,14,14,2.6,131864214.36616993,48658381.0,0.3516,-53.57,478970,516976,646688,-0.071
4580,KYNB,Healthcare,Biotechnology,NASDAQ,70.63,22,89.25,27,27,25,29,6.8,28134377.62788391,4048112.0,0.028399998,-46.03,7000,12190,21338,-0.593
4581,NAII,Consumer Defensive,Packaged Foods,NASDAQ,70.61,22,88.76,25,22,51,23,2.67,16491997.731250763,6176778.0,0.0011,-46.17,15060,19693,24378,0.021
4582,DRVN,Consumer Cyclical,Auto & Truck Dealerships,NASDAQ,70.6,22,92.79,42,24,55,24,13.25,2205331038.286278,164454218.0,0.2384,-32.88,2041620,1601230,1980774,0.066
4583,SFIX,Consumer Cyclical,Apparel Retail,NASDAQ,70.6,22,84.79,16,21,22,33,3.28,487385387.28613853,136522520.0,0.16399999,-44.78,1329000,1668330,2061650,0.094
4584,BIVI,Healthcare,Biotechnology,NASDAQ,70.56,22,89.35,27,16,7,5,1.35,11084879.19574213,7540734.0,0.0172,-88.84,117860,88763,80922,
4585,YMM,Technology,Software - Application,NYSE,70.56,22,93.81,50,22,22,73,8.79,9214328288.01467,1045894194.0,0.02,-37.53,5654210,5346906,6434848,0.006
4586,SWIM,Industrials,Building Products & Equipment,NASDAQ,70.56,22,85.06,17,32,38,42,5.37,645763739.5,117411589.0,0.0575,-40.11,813270,614123,837822,0.053
4587,WPP,Communication Services,Advertising Agencies,NYSE,70.54,21,95.53,59,18,17,8,17.9,4091921937.6771946,215704907.0,0.018099999,-56.29,401960,553413,613856,-0.083
4588,TENB,Technology,Software - Infrastructure,NASDAQ,70.51,21,101.71,76,14,19,20,21.31,2407237162.176916,110271973.0,0.1667,-40.29,4032400,3516350,3204504,0.096
4589,ACHR,Industrials,Aerospace & Defense,NYSE,70.49,21,105.18,81,12,18,45,6.54,4922195112.808182,759598009.0,0.1416,-55.27,40988360,30509876,29952886,
4590,AVPT,Technology,Software - Infrastructure,NASDAQ,70.44,21,97.71,67,14,16,20,10.47,2416995953.521858,212017196.0,0.060300004,-48.28,2642920,1865430,1815216,0.286
4591,MDT,Healthcare,Medical Devices,NYSE,70.4,21,79.27,8,38,63,70,74.54,97767841967.65298,1283884964.0,0.0121,-29.9,10739400,8957866,8750598,0.087
4592,CDIO,Healthcare,Biotechnology,NASDAQ,70.37,21,102.83,77,12,3,11,1.85,5415828.397006631,2959469.0,0.0182,-76.61,79870,78106,282034,-0.212
4593,MIND,Technology,Scientific & Technical Instruments,NASDAQ,70.34,21,91.2,34,51,27,93,7.18,62350918.513519764,9089055.0,0.0648,-50.48,151630,195726,189138,-0.349
4594,SQFT,Real Estate,REIT - Diversified,NASDAQ,70.3,21,94.72,56,13,11,21,3.11,5190044.2625107765,1441679.0,0.17889999,-86.48,51630,1697386,1021326,-0.147
4595,DXLG,Consumer Cyclical,Apparel Retail,NASDAQ,70.3,21,109.47,86,8,9,9,0.65,36174938.69746286,54810511.0,0.0315,-61.54,71380,102653,142470,-0.06
4596,KBH,Consumer Cyclical,Residential Construction,NYSE,70.29,21,81.58,11,32,56,40,47.87,3099952028.656006,62600000.0,0.1551,-30.33,1056260,1149160,1220452,-0.226
4597,OTF,Financial Services,Asset Management,NYSE,70.28,21,85.47,18,27,32,29,10.76,5052052902.976799,462642204.0,0.0164,-50.23,2180640,1966930,2258312,0.923
4598,SCKT,Technology,Computer Hardware,NASDAQ,70.27,21,88.65,25,24,35,62,0.88,6989514.496050596,8222958.0,0.0066000004,-35.29,15390,58903,152502,-0.067
4599,STKE,Financial Services,Capital Markets,NASDAQ,70.23,21,160.54,98,2,2,1,2.03,61618822.655023456,33671487.0,0.0038,-91.68,343710,251643,284518,
4600,DHR,Healthcare,Diagnostics & Research,NYSE,70.22,21,81.09,10,34,50,60,166.52,121142023109.25345,707770627.0,0.0128999995,-31.42,5203140,4724203,4479190,0.037
4601,NAAS,Consumer Cyclical,Specialty Retail,NASDAQ,70.22,21,93.52,48,16,12,14,2.37,28751654.270032644,12055201.0,0.0078,-59.42,8210,6960,5972,-0.353
4602,ZBRA,Technology,Communication Equipment,NASDAQ,70.2,21,90.3,30,27,34,16,216.96,11118801021.101532,49191705.0,0.053400002,-38.48,777020,761443,755244,0.106
4603,ACB,Healthcare,Drug Manufacturers - Specialty & Generic,NASDAQ,70.19,21,93.65,49,22,16,28,3.42,201621724.71487713,59126604.0,11.03,-48.69,779850,1295843,1006348,0.068
4604,MANH,Technology,Software - Application,NASDAQ,70.19,21,93.24,46,18,19,24,137.73,8461721630.818451,59164602.0,0.056599997,-44.29,688010,745873,707916,0.074
4605,FAMI,Consumer Defensive,Packaged Foods,NASDAQ,70.17,21,88.68,25,23,19,16,1.18,16301945.89536345,13815209.0,0.0088,-46.85,6040,18140,15954,-0.573
4606,RMTI,Healthcare,Drug Manufacturers - Specialty & Generic,NASDAQ,70.17,21,84.13,15,30,34,14,0.84,32760347.511268318,39470299.0,0.027999999,-60.0,296570,227206,264278,-0.256
4607,FRSH,Technology,Software - Application,NASDAQ,70.17,21,96.84,64,14,10,22,8.61,2440913673.519747,276434167.0,0.0845,-46.65,9721850,9778776,8141628,0.165
4608,SRTS,Healthcare,Medical Devices,NASDAQ,70.16,21,75.95,6,53,49,46,3.41,50703140.46404457,16462059.0,0.028499998,-42.4,124610,66236,68468,-0.622
4609,NRSN,Healthcare,Biotechnology,NASDAQ,70.12,21,96.35,62,13,34,21,0.83,31767835.267862678,36099813.0,0.024,-68.08,198920,140250,160346,
4610,ALLE,Industrials,Security & Protection Services,NYSE,70.05,21,83.16,13,39,69,68,132.35,11547201222.961304,85935861.0,0.0357,-27.72,1383860,1058150,986612,0.097
4611,ICLR,Healthcare,Diagnostics & Research,NASDAQ,70.05,21,99.22,70,16,9,37,118.96,9681852297.560806,77772130.0,0.040799998,-43.62,1447330,1256913,1179248,0.006
4612,BFRG,Healthcare,Health Information Services,NASDAQ,70.01,21,80.84,10,48,4,8,0.66,12230371.385991275,18530865.0,0.09689999,-67.65,353360,23402860,14101390,
4613,EVEX,Industrials,Aerospace & Defense,NYSE,70.0,21,104.23,80,12,17,45,3.12,1125023812.9633827,348304584.0,0.0673,-59.48,1314730,1355613,1344982,
4614,CTSO,Healthcare,Medical Devices,NASDAQ,69.91,21,97.14,65,17,22,12,0.63,38247823.4520033,62804305.0,0.0335,-54.68,56930,72253,83656,0.009
4615,CCG,Communication Services,Internet Content & Information,NASDAQ,69.89,21,82.58,12,29,32,77,0.68,55624447.25557178,83021561.0,0.0017,-55.84,64410,103893,91656,-0.156
4616,ESBA,Real Estate,REIT - Office,NYSE ARCA,69.89,21,93.2,46,20,25,28,5.6,1537579855.4151707,274567836.0,3.44,-36.0,5300,7446,5934,0.008
4617,PMCB,Healthcare,Biotechnology,NASDAQ,69.8,21,88.27,24,17,16,12,0.69,8114003.608392477,10735649.0,0.0084,-54.3,88370,110153,133990,
4618,WD,Financial Services,Mortgage Finance,NYSE,69.77,21,98.36,68,17,26,19,53.81,1874829091.9641266,34331241.0,0.036,-40.21,287250,264656,349740,0.32
4619,SANG,Technology,Software - Infrastructure,NASDAQ,69.77,21,94.14,52,21,23,27,4.18,139511313.86436367,33216981.0,25.27,-35.59,4560,4303,4428,-0.13
4620,GFL,Industrials,Waste Management,NYSE,69.77,21,83.83,14,28,31,35,36.65,13262085763.738323,360971289.0,0.065,-28.85,2772660,2882723,2353034,0.054
4621,EDN,Utilities,Utilities - Regulated Electric,NYSE,69.76,21,83.44,14,70,27,57,24.47,1111808766.7458458,47574186.0,0.0392,-35.77,210860,178066,162950,0.056
4622,UCFI,Financial Services,Shell Companies,NASDAQ,69.73,21,92.66,41,24,21,7,5.51,287814768.2856388,52234983.0,0.0494,-62.54,0,0,0,0.293
4623,GLIBK,Communication Services,Telecom Services,NASDAQ,69.71,21,71.96,4,54,68,50,28.34,1047905151.5735283,39904994.0,0.0539,-31.17,942030,546650,493288,-0.004
4624,HCWC,Consumer Defensive,Packaged Foods,NYSE ARCA,69.64,21,101.65,76,17,10,73,0.29,6597739.060152322,22750825.0,0.0229,-70.41,265650,271300,475130,-0.048
4625,FKWL,Technology,Communication Equipment,NASDAQ,69.64,21,85.09,17,26,27,72,3.44,40537923.87430191,11784280.0,0.0017,-37.23,9120,7510,7536,-0.331
4626,GLIBA,Communication Services,Telecom Services,NASDAQ,69.6,21,72.34,4,54,66,44,28.71,1068256707.6470566,39904994.0,0.043899998,-31.43,65350,46130,43838,-0.004
4627,SBC,Industrials,Consulting Services,NASDAQ,69.59,21,74.96,5,45,75,18,3.16,326194685.5877497,102576943.0,0.0343,-45.04,132750,134890,93950,-0.109
4628,CRM,Technology,Software - Application,NYSE,69.57,21,90.18,30,16,18,27,177.49,148738537725.68457,818053744.0,0.1047,-40.05,11202530,13086116,13182772,0.121
4629,AERO,Industrials,Airlines,NYSE,69.56,21,95.27,58,20,35,25,15.69,2379684522.869173,145903409.0,2.02,-31.93,283950,387803,528068,0.133
4630,TEM,Healthcare,Health Information Services,NASDAQ,69.55,21,91.94,37,20,19,40,48.46,8953099392.217636,179564767.0,0.2805,-53.55,6931160,5931480,5476530,0.361
4631,AEYE,Technology,Software - Application,NASDAQ,69.48,21,105.97,82,11,9,25,7.69,97759121.08059168,12437547.0,0.1166,-53.08,122240,164533,199600,0.079
4632,ADBE,Technology,Software - Application,NASDAQ,69.46,21,92.66,41,18,18,21,246.15,102278765286.25488,404200000.0,0.040700004,-41.8,4281190,4995626,5646062,0.12
4633,PLBL,Consumer Cyclical,Department Stores,NASDAQ,69.43,21,84.75,16,24,30,17,7.2,2711267312.941432,366387470.0,0.0042,-46.59,5610,9163,6866,0.611
4634,CSTE,Industrials,Building Products & Equipment,NASDAQ,69.41,21,85.92,18,23,88,5,1.37,47716363.33512366,34577075.0,0.033099998,-46.9,138650,219310,1330360,-0.035
4635,COR,Healthcare,Medical Distribution,NYSE,69.41,21,74.85,5,47,69,85,259.7,50795998932.28577,194561060.0,0.028299998,-31.21,2557380,1751383,1656726,0.038
4636,SSYS,Technology,Computer Hardware,NASDAQ,69.36,21,90.87,32,26,59,24,8.54,739655319.7402954,86814000.0,0.040900003,-33.33,1075660,732273,886466,-0.069
4637,HGBL,Financial Services,Capital Markets,NASDAQ,69.35,21,81.26,11,29,23,12,1.22,44816603.33471489,34741554.0,0.0034,-47.41,109840,65310,76986,-0.055
4638,ORIO,Technology,Software - Infrastructure,NASDAQ,69.34,21,88.46,24,26,24,27,0.98,23470049.026088715,23707120.0,0.0098,-74.41,90430,48663,50540,-0.003
4639,PAMT,Industrials,Trucking,NASDAQ,69.26,21,90.6,31,24,39,15,10.05,216146284.16827393,20944408.0,0.024600001,-40.78,14220,11510,16336,-0.087
4640,SPPL,Industrials,Specialty Industrial Machinery,NASDAQ,69.25,21,107.48,83,10,23,79,2.76,26814146.993328333,9786185.0,0.00029999999,-60.57,2068630,1135773,685976,0.026
4641,CALX,Technology,Software - Infrastructure,NYSE,69.21,21,84.49,16,46,41,85,42.73,2757946715.816471,63782299.0,0.1314,-40.0,803910,1069026,959246,0.271
4642,ETD,Consumer Cyclical,"Furnishings, Fixtures & Appliances",NYSE,69.21,21,80.18,9,29,35,22,19.63,518850836.67878723,25446339.0,0.0923,-37.5,491650,406130,395922,-0.048
4643,EP,Energy,Oil & Gas E&P,NYSE ARCA,69.19,21,86.88,20,21,20,8,2.75,106218487.7151413,39782204.0,0.0001,-56.42,60400,74750,88270,-0.283
4644,CMTG,Real Estate,REIT - Mortgage,NYSE,69.19,21,81.17,11,33,28,34,2.32,339329419.5778427,140218764.0,0.0315,-41.85,455520,356103,508780,
4645,MGX,Healthcare,Biotechnology,NASDAQ,69.18,21,88.33,24,20,22,32,1.35,53082349.1133939,37647057.0,0.061300002,-65.82,146020,178180,212744,-0.593
4646,TRMB,Technology,Scientific & Technical Instruments,NASDAQ,69.16,20,81.17,11,31,27,52,58.04,14173180177.350025,233111519.0,0.0256,-33.67,2389710,1849093,1872426,0.118
4647,GIFT,Communication Services,Internet Content & Information,NASDAQ,69.15,20,79.49,8,29,23,24,0.88,27427165.57976508,33652964.0,0.0013,-57.69,48250,87506,91720,-0.122
4648,YB,Technology,Software - Application,NASDAQ,69.14,20,84.36,15,28,47,72,15.81,720694359.4603815,46080201.0,0.0021,-49.0,27230,39263,42340,0.322
4649,MFI,Technology,Software - Application,NASDAQ,69.12,20,83.66,14,38,80,98,10.2,533611217.52892494,51656459.0,0.0008,-83.2,4550,15050,11092,0.208
4650,STNE,Technology,Software - Infrastructure,NASDAQ,69.09,20,79.25,8,49,73,86,10.42,2619568105.361046,243228226.0,0.12189999,-47.77,5640170,5431586,5654186,0.112
4651,JILL,Consumer Cyclical,Apparel Retail,NYSE,69.06,20,83.18,13,22,37,17,12.35,196762431.1568594,14906245.0,0.097200006,-34.31,62110,114956,90418,-0.031
4652,ATHM,Communication Services,Internet Content & Information,NYSE,69.05,20,95.8,60,19,23,30,19.17,2188247309.0,115170911.0,0.0145000005,-35.93,434410,492230,634392,-0.18
4653,KRKR,Communication Services,Advertising Agencies,NASDAQ,69.02,20,94.34,53,23,20,82,3.8,7105715.81176281,1973810.0,0.00090000004,-82.21,27140,16106,21488,0.047
4654,TREE,Financial Services,Financial Conglomerates,NASDAQ,69.01,20,74.59,5,29,23,44,37.16,544167702.0,13953018.0,0.087,-51.96,444750,269643,318588,0.365
4655,VRSK,Industrials,Consulting Services,NASDAQ,69.01,20,89.13,27,16,18,18,168.57,22518723001.04492,131021840.0,0.060700003,-47.8,2115170,1964216,1920664,0.039
4656,LPLA,Financial Services,Capital Markets,NASDAQ,69.0,20,81.45,11,35,30,60,289.04,24276397092.002045,79982861.0,0.0394,-28.38,933580,830653,908188,0.35
4657,MNTK,Basic Materials,Specialty Chemicals,NASDAQ,68.99,20,97.57,66,15,20,17,1.45,189313720.97861898,142341139.0,0.026800001,-47.84,297460,276473,319342,0.09
4658,DUO,Real Estate,Real Estate Services,NASDAQ,68.97,20,100.6,73,10,8,12,1.38,56280684.45050526,38548413.0,0.0064,-77.3,98360,60503,52046,-0.24
4659,TCPC,Financial Services,Asset Management,NASDAQ,68.96,20,95.15,58,18,21,21,4.2,351552632.0509553,83902775.0,0.0696,-47.89,610360,885333,1196986,-0.283
4660,SWVL,Industrials,Railroads,NASDAQ,68.96,20,98.92,70,9,6,15,1.76,17437602.0,9964344.0,0.0037,-64.73,22030,23740,21440,
4661,CSPI,Technology,Information Technology Services,NASDAQ,68.95,20,88.85,26,19,17,26,9.06,92358837.75842094,10071847.0,0.0392,-46.64,14010,12756,16560,0.218
4662,TTEK,Industrials,Engineering & Construction,NASDAQ,68.92,20,83.93,14,32,57,47,29.59,7861003370.311958,259524699.0,0.048800003,-31.41,3315070,2783560,2773554,-0.049
4663,DOUG,Real Estate,Real Estate Services,NYSE,68.9,20,87.61,22,20,50,69,1.86,189993703.5774684,90906082.0,0.026600001,-41.88,590800,515480,734558,-0.154
4664,BRNS,Healthcare,Biotechnology,NASDAQ,68.9,20,105.66,81,14,16,16,0.69,27368758.991739452,40848893.0,0.00029999999,-76.37,20340,18696,25832,
4665,CXT,Industrials,Specialty Industrial Machinery,NYSE,68.89,20,91.58,35,27,32,51,44.48,2607244727.7924156,57542367.0,0.1486,-35.54,800730,721940,731942,0.174
4666,OST,Technology,Electronic Components,NASDAQ,68.86,20,92.66,41,19,11,3,1.7,10108844.712820053,5963920.0,0.0296,-99.28,0,0,0,0.077
4667,MAT,Consumer Cyclical,Leisure,NASDAQ,68.86,20,89.49,28,22,24,51,14.99,4471857009.758949,290569000.0,0.0838,-33.32,5287620,4667543,4576044,0.043
4668,AJG,Financial Services,Insurance Brokers,NYSE,68.86,20,85.42,17,21,18,24,198.57,51098054285.40039,256942000.0,0.0253,-43.46,1951460,1857263,2017006,0.346
4669,ELTK,Technology,Electronic Components,NASDAQ,68.85,20,85.38,17,28,23,67,7.96,54296201.64731789,6719827.0,0.0011999999,-34.7,3840,3186,3526,0.231
4670,OTH,Consumer Cyclical,Auto & Truck Dealerships,NYSE ARCA,68.81,20,88.93,26,46,17,42,2.52,59365119.62890625,24320000.0,0.0047,-35.38,48500,100056,77896,0.252
4671,MBLY,Consumer Cyclical,Auto Parts,NASDAQ,68.72,20,105.08,81,11,16,20,9.24,7739690282.394631,842186141.0,0.1427,-54.21,4886560,6500096,6385322,0.274
4672,YQ,Consumer Defensive,Education & Training Services,NASDAQ,68.7,20,93.77,50,18,85,98,2.22,24215692.5,9686277.0,0.0002,-65.58,12880,9356,7672,0.064
4673,CION,Financial Services,Asset Management,NYSE,68.68,20,84.85,16,25,32,48,6.83,362963339.00069237,49789210.0,0.0177,-37.51,711630,624643,713038,-0.071
4674,ANTA,Financial Services,Credit Services,NASDAQ,68.66,20,92.21,38,20,18,26,8.49,190260647.76141167,23992516.0,0.0043,-69.37,1760,7603,5816,1.096
4675,GECC,Financial Services,Asset Management,NASDAQ,68.64,20,98.93,70,17,22,19,5.81,84324715.53472757,13892045.0,0.0353,-49.28,77960,68496,103178,0.376
4676,TNON,Healthcare,Medical Devices,NASDAQ,68.63,20,96.39,62,23,11,19,0.79,8257653.119024932,11296379.0,0.0227,-68.15,62370,81476,130070,0.923
4677,HURN,Industrials,Consulting Services,NASDAQ,68.61,20,81.86,11,25,28,79,115.94,1944933144.9198303,16211829.0,0.0437,-37.93,262780,248410,256878,0.121
4678,ALG,Industrials,Farm & Heavy Construction Machinery,NYSE,68.61,20,81.63,11,34,64,21,154.8,1992687782.8372955,12168343.0,0.0622,-33.64,255690,185006,182836,0.067
4679,BON,Basic Materials,Specialty Chemicals,NASDAQ,68.56,20,82.64,12,21,25,29,1.21,9754572.387611866,8128810.0,0.0050999997,-64.41,11040,17210,18554,
4680,BBW,Consumer Cyclical,Specialty Retail,NYSE,68.51,20,86.6,20,17,57,70,37.08,482712965.7925987,12580479.0,0.2244,-51.11,361790,351043,437826,0.027
4681,DASH,Consumer Cyclical,Internet Retail,NASDAQ,68.49,20,87.58,22,19,22,41,157.33,71427366906.16077,435718722.0,0.0297,-44.89,5520600,4561053,4299008,0.331
4682,MKTX,Financial Services,Capital Markets,NASDAQ,68.49,20,80.95,10,35,37,27,145.21,5243135457.706879,35539453.0,0.077199996,-37.01,611310,470696,484632,0.119
4683,FSV,Real Estate,Real Estate Services,NASDAQ,68.46,20,83.39,14,30,30,25,131.34,6187733145.012085,45984938.0,2.8,-37.36,260380,203420,195008,0.053
4684,OPTT,Industrials,Specialty Industrial Machinery,NYSE ARCA,68.44,20,90.72,32,23,24,79,0.36,79808202.29087439,228023439.0,0.0753,-60.0,2395570,3001740,5225782,-0.378
4685,VRME,Industrials,Security & Protection Services,NASDAQ,68.44,20,75.39,5,48,68,34,0.69,10135790.327792287,13119066.0,0.0146,-54.3,64070,69733,108320,-0.688
4686,ESAB,Industrials,Metal Fabrication,NYSE,68.4,20,86.37,19,28,66,34,96.57,6145400157.916992,60881712.0,0.0448,-29.73,593030,689190,661304,0.099
4687,LIVE,Consumer Cyclical,Home Improvement Retail,NASDAQ,68.39,20,88.05,23,35,86,22,13.35,40699442.0,3071656.0,0.0105,-47.48,3450,4746,4948,-0.027
4688,SFHG,Industrials,Specialty Business Services,NASDAQ,68.37,20,89.11,26,13,55,6,2.46,10352999.806404114,4060000.0,0.0034999999,-53.14,8290,12886,13434,0.225
4689,NRDY,Technology,Software - Application,NYSE,68.26,20,89.42,27,20,26,12,0.87,108938018.15971613,126378213.0,0.1252,-54.21,411690,437010,574508,0.023
4690,IMSR,Utilities,Utilities - Regulated Electric,NASDAQ,68.26,20,105.39,81,10,12,71,7.66,784539539.3857756,106306169.0,1.92,-75.68,3259510,2666566,2191066,
4691,LMB,Industrials,Building Products & Equipment,NASDAQ,68.23,20,79.79,9,34,38,13,75.94,855217321.1138535,11921067.0,0.092,-50.7,452470,274556,256320,0.043
4692,BBSI,Industrials,Staffing & Employment Services,NASDAQ,68.23,20,87.0,21,19,24,23,29.42,733596736.2412777,24559649.0,0.021,-40.75,222660,196413,257096,0.049
4693,ITP,Basic Materials,Paper & Paper Products,NYSE ARCA,68.23,20,90.16,30,32,27,57,0.19,3223429.7595512867,16965420.0,0.0091,-68.85,233530,2581930,1611166,0.021
4694,KROS,Healthcare,Biotechnology,NASDAQ,68.22,20,92.92,43,18,71,69,12.01,238839186.55123138,19787837.0,0.08140001,-46.74,283670,332040,434216,-0.873
4695,GBFH,Financial Services,Banks - Regional,NASDAQ,68.22,20,89.49,28,28,29,41,28.06,421955462.1119995,14470352.0,0.065799996,-36.23,66420,53850,65986,0.043
4696,XXI,Financial Services,Shell Companies,NYSE,68.21,20,115.3,90,9,4,33,8.73,2987245039.2007113,346548153.0,0.2245,-83.53,1323520,1226386,1674196,
4697,TCI,Real Estate,Real Estate Services,NYSE,68.2,20,81.2,11,36,88,83,35.13,308250833.1965103,8639317.0,0.007900001,-41.11,3340,6330,7172,0.028
4698,DOX,Technology,Software - Infrastructure,NASDAQ,68.2,20,88.0,23,23,26,31,62.57,6857651250.0,107571000.0,0.0583,-34.42,908860,918903,1043110,0.041
4699,AAPG,Healthcare,Biotechnology,NASDAQ,68.19,20,84.74,16,34,27,85,21.66,2006606782.0,93330548.0,0.19,-55.29,2560,2900,3194,1.17
4700,OKYO,Healthcare,Biotechnology,NASDAQ,68.18,20,93.57,49,22,74,90,1.65,85541188.6597594,52479257.0,0.0064,-50.73,52310,79073,91166,
4701,DFDV,Financial Services,Asset Management,NASDAQ,68.16,20,114.91,90,6,76,99,4.92,131558378.36523628,29497394.0,0.2496,-90.87,769190,919653,1058954,6.135
4702,BBWI,Consumer Cyclical,Specialty Retail,NYSE,68.14,20,91.16,33,19,27,14,19.16,3973276987.954399,201382518.0,0.0744,-44.72,5484580,6122356,6042210,-0.023
4703,LSF,Consumer Defensive,Packaged Foods,NYSE ARCA,68.08,20,106.75,83,12,14,4,3.0,33321914.37904501,10925218.0,0.0106,-62.0,31340,45320,49556,0.15
4704,ICG,Technology,Semiconductors,NASDAQ,68.08,20,88.31,24,16,30,4,1.23,77104146.13201189,60711927.0,0.0069,-63.18,60360,713433,437952,-0.513
4705,IIIN,Industrials,Metal Fabrication,NYSE,68.07,19,81.77,11,65,64,38,27.0,524114658.24624825,19433247.0,0.028199999,-35.16,237210,259773,226738,0.075
4706,NCLH,Consumer Cyclical,Travel Services,NYSE,68.06,19,80.15,9,33,60,18,16.58,7841601156.172676,459110140.0,0.1384,-39.0,28699850,23196130,23427886,0.096
4707,KPLT,Technology,Software - Infrastructure,NASDAQ,68.02,19,85.48,18,25,24,8,6.49,29629114.473971844,4402543.0,0.1873,-73.34,16500,16173,19784,0.173
4708,MVIS,Technology,Scientific & Technical Instruments,NASDAQ,68.01,19,105.05,81,10,15,25,0.73,219078432.547113,326982727.0,0.2133,-57.8,4909220,3907326,5655770,-0.865
4709,ONON,Consumer Cyclical,Footwear & Accessories,NYSE,68.0,19,87.77,22,19,35,25,34.04,11664353195.608349,330997521.0,0.0452,-44.46,5822470,6109843,7035904,0.226
4710,IH,Consumer Defensive,Education & Training Services,NYSE,68.0,19,93.41,48,23,25,84,1.71,85614041.41274881,51112862.0,0.00059999997,-52.5,8610,10620,9618,-0.181
4711,PCTY,Technology,Software - Application,NASDAQ,67.99,19,96.92,64,13,13,18,109.88,5941536439.720154,53537000.0,0.0552,-45.6,952080,849453,789528,0.105
4712,BSY,Technology,Software - Application,NASDAQ,67.95,19,90.77,32,20,19,28,32.64,9952378530.32737,303796674.0,0.0846,-44.91,2275560,2152700,2472144,0.145
4713,NRDS,Communication Services,Internet Content & Information,NASDAQ,67.94,19,73.46,5,40,19,78,8.42,601071897.7651463,65798783.0,0.1668,-48.15,1151140,720246,861100,0.062
4714,GWRE,Technology,Software - Application,NYSE,67.92,19,91.8,36,13,12,62,134.32,11770904657.742065,85019176.0,0.059899997,-50.73,1005840,1307196,1455620,0.24
4715,OSG,Financial Services,Insurance - Specialty,NYSE,67.91,19,109.17,85,13,15,50,5.57,241722983.8886032,45013592.0,0.032,-46.34,1343850,826803,738360,-0.046
4716,BAX,Healthcare,Medical Instruments & Supplies,NYSE,67.88,19,90.01,30,21,24,12,17.53,9291277335.709625,516469008.0,0.1148,-46.36,9967890,7696526,8585738,0.029
4717,SPWH,Consumer Cyclical,Specialty Retail,NASDAQ,67.83,19,94.0,52,23,13,31,1.39,57650958.74297619,38953350.0,0.0226,-67.91,432400,1129076,848290,-0.016
4718,CCIF,Financial Services,Asset Management,NYSE,67.82,19,94.2,53,17,21,28,3.36,69107507.51783419,21198622.0,0.0364,-50.41,156290,122223,130818,
4719,ESRT,Real Estate,REIT - Diversified,NYSE,67.78,19,89.46,27,21,26,29,5.47,984576488.5476904,172430207.0,0.0879,-37.56,1704430,1585600,1586982,0.049
4720,REKR,Technology,Software - Infrastructure,NASDAQ,67.78,19,97.42,66,14,10,94,0.87,119232752.03777969,136578177.0,0.1173,-74.56,6721300,3944606,3196968,-0.044
4721,BMBL,Communication Services,Internet Content & Information,NASDAQ,67.77,19,83.23,13,26,11,7,3.29,472160813.2333374,130431168.0,0.148,-61.92,3849150,3191183,4529276,-0.141
4722,SNOW,Technology,Software - Application,NYSE,67.77,19,93.95,51,15,24,89,151.5,52701963945.007324,345700000.0,0.0535,-46.02,7078700,7848563,6592618,0.301
4723,VTSI,Technology,Software - Application,NASDAQ,67.76,19,84.92,16,28,27,21,3.97,47488914.843382835,11306885.0,0.0117,-46.85,57200,71796,63908,-0.465
4724,JANX,Healthcare,Biotechnology,NASDAQ,67.66,19,94.39,54,21,9,44,14.23,864453229.5818424,60984354.0,0.1568,-59.73,896900,964376,1049348,
4725,JJSF,Consumer Defensive,Packaged Foods,NASDAQ,67.6,19,77.97,7,23,28,13,70.37,1428447662.3814697,18753416.0,0.10560001,-45.55,288660,275190,269290,-0.032
4726,CINT,Technology,Software - Infrastructure,NYSE,67.59,19,81.29,11,41,31,16,3.99,502185242.9427576,129096460.0,0.0114,-43.69,120740,97733,98818,0.193
4727,WVE,Healthcare,Biotechnology,NASDAQ,67.58,19,82.32,12,27,92,16,7.07,1381447777.331973,192402202.0,0.0885,-67.46,4306810,4196890,4745452,3.169
4728,CMMB,Healthcare,Biotechnology,NASDAQ,67.57,19,110.58,87,14,6,7,1.83,12744684.852663517,7200387.0,0.0072000003,-68.88,45800,38833,44776,
4729,INEO,Consumer Cyclical,Auto Parts,NASDAQ,67.57,19,85.23,17,15,10,13,0.55,9480642.780797482,16545624.0,0.0043,-73.81,57460,118543,396932,0.103
4730,LW,Consumer Defensive,Packaged Foods,NYSE,67.56,19,86.18,19,29,32,43,40.34,5800438222.279385,138072803.0,0.0577,-39.85,1313330,2123343,3060242,0.029
4731,MMS,Industrials,Specialty Business Services,NYSE,67.54,19,83.8,14,26,37,50,61.52,3376768953.6354904,52540363.0,0.0809,-38.48,895080,758553,735994,-0.041
4732,GPC,Consumer Cyclical,Auto Parts,NYSE,67.52,19,83.72,14,31,70,46,101.42,14568867319.586792,139122108.0,0.056599997,-33.09,1350500,1769596,1942042,0.068
4733,FISK,Real Estate,REIT - Office,NYSE ARCA,67.51,19,91.35,34,18,25,30,5.4,1482666340.5848293,274567836.0,0.81,-40.2,730,990,1150,0.008
4734,CSTL,Healthcare,Diagnostics & Research,NASDAQ,67.51,19,69.46,3,33,81,91,19.04,601442945.8460083,30329952.0,0.0495,-57.0,566550,383313,374222,-0.049
4735,QNTM,Healthcare,Biotechnology,NASDAQ,67.5,19,108.52,85,5,5,16,5.06,28869514.597019196,5915884.0,0.0346,-86.77,350690,466243,511324,
4736,XZO,Financial Services,Insurance - Diversified,NYSE,67.48,19,84.45,15,18,20,27,14.37,1226423633.791542,90913540.0,0.039300002,-41.59,279940,208313,215994,0.099
4737,ABR,Real Estate,REIT - Mortgage,NYSE,67.45,19,79.76,9,29,20,19,6.66,1386924280.9679976,192361203.0,0.0001,-47.06,5108900,3150693,3537140,-0.045
4738,KMPR,Financial Services,Insurance - Property & Casualty,NYSE,67.43,19,88.44,24,16,17,11,30.81,1783300541.1809692,58874232.0,0.0635,-53.41,1004470,786656,988148,-0.071
4739,SYK,Healthcare,Medical Devices,NYSE,67.36,19,78.31,7,36,38,36,282.58,109330515171.42007,382984253.0,0.0128999995,-30.2,2916880,2189050,2224798,0.026
4740,SKYX,Industrials,Electrical Equipment & Parts,NASDAQ,67.34,19,92.86,42,29,85,86,1.21,181580548.78994894,133515108.0,0.0466,-63.22,2593160,1609176,1393170,0.053
4741,ICFI,Industrials,Consulting Services,NASDAQ,67.34,19,88.01,23,23,28,17,67.27,1260231980.8499146,18104180.0,0.026300002,-33.86,596740,443553,394014,-0.103
4742,HELP,Healthcare,Biotechnology,NASDAQ,67.33,19,90.66,32,24,27,18,5.1,264937832.75503492,49894131.0,4.99,-48.12,975000,1344286,1319958,
4743,UPXI,Communication Services,Internet Content & Information,NASDAQ,67.33,19,122.13,93,5,1,7,1.47,92275485.40115666,66866294.0,0.2663,-90.52,3510430,3274453,5229698,1.01
4744,SPRY,Healthcare,Biotechnology,NASDAQ,67.33,19,96.52,63,14,25,10,8.6,867887728.1918831,99300658.0,0.38889998,-54.5,1601810,1574510,1597034,-0.676
4745,BAH,Industrials,Consulting Services,NYSE,67.3,19,86.56,19,25,22,13,74.95,9290591838.96746,120594389.0,0.0731,-42.75,1222740,1375923,1688840,-0.102
4746,EVTC,Technology,Software - Infrastructure,NYSE,67.25,19,74.5,5,32,24,21,23.02,1479504473.5437775,61620344.0,0.044499997,-40.3,702990,436396,472090,0.084
4747,ENR,Industrials,Electrical Equipment & Parts,NYSE,67.24,19,84.37,15,28,31,27,17.58,1291409968.8928986,68473485.0,0.108,-41.96,1301210,1134220,1218544,-0.03
4748,DKNG,Consumer Cyclical,Gambling,NASDAQ,67.22,19,97.45,66,14,17,13,24.51,12651356585.013046,495742804.0,0.085,-49.75,13130730,12247780,13414584,0.168
4749,HMC,Consumer Cyclical,Auto Manufacturers,NYSE,67.18,19,88.12,23,24,53,52,23.98,31802146452.308113,1297517183.0,0.0023999999,-31.27,1488670,1808110,1843934,-0.034
4750,NVR,Consumer Cyclical,Residential Construction,NYSE,67.16,19,80.54,10,32,59,34,5910.67,16125758883.955078,2699292.0,0.0507,-31.42,19380,22076,23730,-0.214
4751,SBFM,Healthcare,Drug Manufacturers - Specialty & Generic,NASDAQ,67.15,19,93.04,45,18,17,37,1.03,5151243.066066265,4905946.0,0.0274,-57.61,56130,42340,39884,-0.106
4752,LITS,Healthcare,Biotechnology,NASDAQ,67.15,19,104.87,81,12,7,12,1.24,44361639.820325136,36361999.0,0.0021,-86.22,380640,283590,282204,
4753,IIIV,Technology,Software - Infrastructure,NASDAQ,67.12,19,83.87,14,21,19,53,20.17,434245014.3425293,20541392.0,0.29770002,-40.62,320290,332640,318382,
4754,LOT,Consumer Cyclical,Auto Manufacturers,NASDAQ,67.03,19,85.33,17,33,14,6,1.16,776762650.4657733,647302183.0,0.0061000003,-57.82,199050,133946,104174,-0.398
4755,GRAB,Technology,Software - Application,NASDAQ,67.02,19,88.03,23,21,23,64,3.65,15214800117.015839,4090000000.0,0.066199996,-44.86,60375470,56643633,51177592,0.235
4756,OGCP,Real Estate,REIT - Office,NYSE ARCA,67.02,19,92.93,43,21,24,24,5.46,1499140395.0339317,274567836.0,5.28,-37.6,1160,3066,2028,0.008
4757,FINW,Financial Services,Banks - Regional,NASDAQ,66.98,19,75.44,5,40,37,56,13.37,185442704.01009274,13706039.0,0.0098,-40.55,27800,16370,15130,0.714
4758,PETS,Healthcare,Pharmaceutical Retailers,NASDAQ,66.96,19,89.24,27,21,30,7,2.26,48793127.98772693,21400495.0,0.0514,-47.69,60010,74446,82688,-0.217
4759,SGRY,Healthcare,Medical Care Facilities,NASDAQ,66.93,19,95.44,59,17,23,11,13.78,1888581004.3991032,130788162.0,0.2402,-43.01,1879980,1335826,1583164,0.045
4760,MTNB,Healthcare,Biotechnology,NYSE ARCA,66.91,19,103.18,78,15,15,86,0.64,4087149.931313038,6406191.0,0.0005,-79.29,27140,31270,26754,
4761,ORKT,Technology,Software - Application,NASDAQ,66.91,19,93.38,47,22,14,2,1.04,6073360.5772304535,5839770.0,0.0618,-70.72,112250,108906,115950,0.609
4762,JCTC,Basic Materials,Lumber & Wood Production,NASDAQ,66.88,19,100.92,74,10,12,11,1.99,7005024.903570414,3520113.0,0.0050999997,-50.5,41590,23650,17286,0.164
4763,WIX,Technology,Software - Infrastructure,NASDAQ,66.77,18,96.79,64,10,8,20,79.31,4672130018.404602,58314152.0,0.17559999,-58.53,1231470,2434693,2672410,0.139
4764,BTQ,Technology,Software - Infrastructure,NASDAQ,66.75,18,111.26,87,6,8,58,3.21,439476977.4758935,141310930.0,4.04,-79.94,2227450,2546456,2217202,-1.0
4765,RPC,Financial Services,Asset Management,NYSE,66.75,18,97.21,65,18,20,22,8.42,957920145.0,109476588.0,0.0521,-35.63,389000,611123,788444,0.109
4766,CCB,Financial Services,Banks - Regional,NASDAQ,66.75,18,78.73,8,25,26,75,70.73,1110495043.5626678,15241491.0,0.09770001,-41.08,222750,161880,158768,0.17
4767,ROP,Technology,Software - Application,NASDAQ,66.75,18,86.38,19,19,14,22,328.8,34646948431.02081,100917359.0,0.0428,-43.7,1154150,1178346,1271122,0.113
4768,WEAV,Healthcare,Health Information Services,NYSE,66.75,18,100.75,74,15,16,9,5.49,472619876.45278215,79565635.0,0.0684,-51.5,2157520,1525550,1573970,0.174
4769,COO,Healthcare,Medical Instruments & Supplies,NASDAQ,66.74,18,79.06,8,34,53,29,58.98,11706863880.0,195114398.0,0.0323,-34.34,2389950,2109720,2173082,0.062
4770,SLM,Financial Services,Credit Services,NASDAQ,66.71,18,87.41,22,24,25,37,21.76,4237684468.153467,188592995.0,0.1491,-37.78,2274080,3372826,3861982,0.025
4771,VERU,Healthcare,Biotechnology,NASDAQ,66.7,18,89.93,29,18,14,9,2.21,35952716.95306778,16050320.0,0.045300003,-70.14,55170,52760,54550,
4772,WNC,Industrials,Farm & Heavy Construction Machinery,NYSE,66.69,18,74.23,5,33,78,12,7.21,303834524.9562621,40673967.0,0.0752,-44.28,1137660,718620,650122,-0.204
4773,CTOR,Healthcare,Drug Manufacturers - Specialty & Generic,NASDAQ,66.67,18,112.09,88,13,35,44,0.9,80065610.49102187,88275204.0,0.0421,-85.46,100220,142783,267596,
4774,CLRB,Healthcare,Biotechnology,NASDAQ,66.67,18,103.7,79,12,16,4,3.06,13144399.495629787,4240129.0,0.0064,-85.22,5833240,1964650,1199436,
4775,BETA,Industrials,Aerospace & Defense,NYSE,66.64,18,110.61,87,9,9,29,18.59,4292946493.0540085,229815119.0,0.0467,-52.94,1816260,1521186,1702722,1.509
4776,WEN,Consumer Cyclical,Restaurants,NASDAQ,66.62,18,90.28,30,19,18,14,6.76,1390403632.1285534,190466246.0,0.32569999,-46.01,10512260,8457130,8406796,0.033
4777,BLIV,Technology,Software - Application,NASDAQ,66.61,18,93.2,46,14,35,63,2.58,27053357.083614826,10864802.0,0.00029999999,-50.38,560,1146,3314,-0.542
4778,ARE,Real Estate,REIT - Office,NYSE,66.61,18,95.61,60,17,22,11,46.0,8061705852.294464,174269480.0,0.0588,-47.87,3072030,2644333,2411376,-0.115
4779,RMD,Healthcare,Medical Instruments & Supplies,NYSE,66.57,18,80.67,10,34,38,40,198.76,29991857159.021484,145056384.0,0.090900004,-32.35,1781360,1242943,1171316,0.108
4780,SLQT,Financial Services,Insurance Brokers,NYSE,66.55,18,119.82,92,4,6,10,1.04,197509507.7208917,176347774.0,0.0378,-62.45,4263280,2018473,1819918,0.056
4781,MYO,Healthcare,Medical Devices,NYSE ARCA,66.54,18,103.84,79,9,14,4,0.85,31992805.034062564,38638653.0,0.105299994,-76.93,317860,309326,346338,-0.059
4782,MIRA,Healthcare,Drug Manufacturers - General,NASDAQ,66.51,18,88.35,24,25,29,51,0.99,41475799.38809538,42022087.0,0.0098,-59.59,119700,146783,163486,
4783,SNTI,Healthcare,Biotechnology,NASDAQ,66.41,18,106.45,83,11,5,15,1.02,30708727.488552928,31144754.0,0.0376,-73.74,190220,192120,161748,
4784,PNR,Industrials,Specialty Industrial Machinery,NYSE,66.37,18,80.45,9,33,37,51,75.83,12414537610.301903,161605541.0,0.0365,-33.45,2609130,1843203,1740666,0.026
4785,SLNG,Energy,Oil & Gas Integrated,NASDAQ,66.36,18,86.41,19,22,52,38,3.93,74571171.26635551,18596301.0,0.002,-38.21,25390,30883,52700,-0.233
4786,TCX,Technology,Software - Infrastructure,NASDAQ,66.33,18,80.02,9,24,37,73,14.66,170247876.81368637,11149173.0,0.081999995,-41.76,21970,26550,32724,0.022
4787,XGN,Healthcare,Diagnostics & Research,NASDAQ,66.32,18,127.77,94,8,8,94,3.98,71219261.05118608,24142122.0,0.0334,-67.46,852230,406626,375108,0.218
4788,INAB,Healthcare,Biotechnology,NASDAQ,66.3,18,99.42,71,10,18,5,1.62,15558402.622591257,9847090.0,0.0398,-71.12,58070,59366,66420,
4789,BH,Consumer Cyclical,Restaurants,NYSE,66.29,18,69.87,3,52,87,81,247.83,962862964.1455078,3139020.0,0.96,-48.75,57140,74763,100966,0.026
4790,STSS,Healthcare,Medical Instruments & Supplies,NASDAQ,66.27,18,113.27,89,9,4,3,2.09,77329142.0,38664571.0,0.0224,-88.54,308410,369790,343850,
4791,MLCO,Consumer Cyclical,Resorts & Casinos,NASDAQ,66.26,18,86.14,19,27,19,82,5.31,2085125584.4335585,388291551.0,0.0353,-47.68,2254270,1593883,1696374,0.109
4792,SEAT,Communication Services,Internet Content & Information,NASDAQ,66.25,18,120.22,92,10,6,2,8.51,98996575.6248188,10987411.0,0.1336,-81.13,134550,113103,120952,-0.233
4793,REED,Consumer Defensive,Beverages - Non-Alcoholic,NYSE ARCA,66.22,18,80.97,10,68,3,62,2.81,35343082.822728395,11820429.0,0.005,-76.58,29150,17030,33920,-0.231
4794,VNT,Technology,Scientific & Technical Instruments,NYSE,66.21,18,75.5,5,49,61,31,29.97,4236672021.484375,140800000.0,0.0544,-37.82,2139240,1315206,1188756,0.013
4795,EFX,Industrials,Consulting Services,NYSE,66.2,18,85.81,18,24,24,22,167.82,21211181411.398544,120634597.0,0.053200003,-40.28,1662740,1792743,1696876,0.143
4796,HOWL,Healthcare,Biotechnology,NASDAQ,66.15,18,78.88,8,69,11,13,0.66,33045835.90759152,48596817.0,0.0196,-72.27,657740,418763,402586,
4797,RLI,Financial Services,Insurance - Property & Casualty,NYSE,66.14,18,79.7,9,33,36,27,48.34,4509575065.40662,91938331.0,0.0579,-37.42,913500,774723,740212,0.04
4798,PEPG,Healthcare,Biotechnology,NASDAQ,66.13,18,71.68,4,20,99,98,1.7,121737817.74035096,69169215.0,0.0729,-78.21,893930,2147726,1616878,
4799,ATRC,Healthcare,Medical Instruments & Supplies,NASDAQ,66.1,18,81.35,11,25,32,35,26.3,1330844726.3723946,50640970.0,0.0743,-39.09,1025260,808093,724446,0.143
4800,BZ,Communication Services,Internet Content & Information,NASDAQ,66.07,18,92.88,43,19,32,77,14.31,6380847591.039524,455124635.0,0.033299997,-43.35,3112350,3590420,4297378,0.14
4801,SDGR,Healthcare,Health Information Services,NASDAQ,66.05,18,97.69,67,12,11,22,12.72,981083114.6711082,74720724.0,0.2616,-53.96,1575970,1475196,1337784,-0.016
4802,TWFG,Financial Services,Insurance Brokers,NASDAQ,65.99,18,90.48,31,14,18,29,19.25,271065475.5778656,14177064.0,0.0651,-47.76,338590,285770,292182,0.353
4803,NAVI,Financial Services,Credit Services,NASDAQ,65.98,18,87.43,22,16,20,33,8.32,802669617.5945883,93989417.0,0.21450001,-48.23,1191290,985016,992216,-0.008
4804,SSTI,Technology,Software - Application,NASDAQ,65.95,18,94.02,52,11,16,7,6.86,90677559.0,12953937.0,0.0955,-60.64,103320,86200,116868,0.059
4805,G,Technology,Information Technology Services,NYSE,65.95,18,80.87,10,23,23,42,31.3,5519056528.938576,169504186.0,0.0731,-35.65,3566160,2802706,2506824,0.067
4806,SPOK,Healthcare,Health Information Services,NASDAQ,65.93,18,85.04,17,23,31,24,10.66,227459546.0709858,20887010.0,0.0235,-44.8,198770,167056,170492,-0.085
4807,THO,Consumer Cyclical,Recreational Vehicles,NYSE,65.9,18,82.34,12,28,70,45,74.66,4060405867.0899506,52595933.0,0.1047,-39.22,567250,680420,776226,0.053
4808,CHPT,Consumer Cyclical,Specialty Retail,NYSE,65.89,18,102.53,77,11,9,9,6.41,152357307.05156708,24416236.0,0.161,-63.95,430820,492623,490624,0.073
4809,DOCU,Technology,Software - Application,NASDAQ,65.88,18,90.93,33,14,12,27,45.49,9306557685.865128,194291386.0,0.1022,-51.95,2956080,3389780,4148314,0.078
4810,FSK,Financial Services,Asset Management,NYSE,65.87,18,91.58,35,18,24,26,10.76,3035920176.4547462,280066433.0,0.0495,-52.56,4154630,3589213,4169188,-0.145
4811,OXBR,Financial Services,Insurance - Reinsurance,NASDAQ,65.85,18,106.55,83,7,17,8,1.02,7858333.011782169,8101374.0,0.0195,-64.34,226880,1312590,791696,0.365
4812,COYA,Healthcare,Biotechnology,NASDAQ,65.79,18,89.88,29,27,23,36,4.18,96409025.26187181,23457183.0,0.0346,-46.06,114410,143586,142496,2027.688
4813,MNDO,Technology,Software - Application,NASDAQ,65.78,18,75.48,5,25,30,22,0.9,19983314.532500744,20185166.0,0.0002,-40.79,47850,39920,39264,-0.06
4814,IRTC,Healthcare,Medical Devices,NASDAQ,65.77,18,85.68,18,26,40,86,116.84,3965178269.6257324,32862408.0,0.0928,-44.89,685710,491550,554876,0.257
4815,ALC,Healthcare,Medical Instruments & Supplies,NYSE,65.77,18,75.14,5,39,34,28,62.02,30510512669.75403,487700000.0,3.55,-34.95,3009280,1888223,1730550,0.094
4816,ATYR,Healthcare,Biotechnology,NASDAQ,65.77,18,110.17,86,18,14,1,0.95,92756444.58831263,98051212.0,0.2336,-86.97,1282000,1041936,1053400,
4817,CLX,Consumer Defensive,Household & Personal Products,NYSE,65.77,18,80.27,9,30,54,19,88.9,11144112150.987213,120921351.0,0.078099996,-35.69,5010720,3198046,2796238,0.001
4818,BRIA,Consumer Cyclical,Apparel Retail,NYSE ARCA,65.76,18,83.94,14,34,44,14,1.65,42500001.192092896,25000000.0,0.0007,-66.67,7770,4553,4284,-0.103
4819,SIGA,Healthcare,Drug Manufacturers - Specialty & Generic,NASDAQ,65.68,18,88.01,23,21,53,31,4.55,344275679.28028584,71724097.0,0.0696,-52.7,475660,629173,702984,-0.113
4820,AMSF,Financial Services,Insurance - Specialty,NASDAQ,65.68,18,83.37,14,26,31,28,30.26,567846498.9758759,18703771.0,0.015800001,-37.66,240430,213110,225204,0.103
4821,PRCT,Healthcare,Medical Devices,NASDAQ,65.67,17,99.01,70,13,18,8,26.45,1445738615.8871841,56918844.0,0.105500005,-60.43,1693770,1363753,1572892,0.202
4822,NCNO,Technology,Software - Application,NASDAQ,65.67,17,91.93,36,16,12,26,16.74,2035658182.0,114684968.0,0.1359,-50.65,2400680,3457120,2910634,0.059
4823,IMRN,Healthcare,Biotechnology,NASDAQ,65.65,17,100.66,74,11,6,29,0.86,6573903.758410215,8166340.0,0.0022,-64.02,18090,29836,27158,0.048
4824,DPZ,Consumer Cyclical,Restaurants,NASDAQ,65.61,17,81.25,11,28,29,32,313.22,10759550073.025818,33261870.0,0.1086,-37.24,1100110,1023876,1027378,0.035
4825,CXM,Technology,Software - Application,NYSE,65.6,17,88.31,24,17,16,27,5.2,1326446939.8631573,248864345.0,0.2714,-44.68,3941420,4484693,4097496,0.089
4826,BULL,Technology,Software - Application,NASDAQ,65.57,17,109.75,86,9,9,13,7.07,3738685326.5299964,531818665.0,0.0452,-61.41,10245720,13527040,13193194,
4827,RXRX,Healthcare,Biotechnology,NASDAQ,65.56,17,90.06,30,17,17,14,3.26,1762130461.9278007,530762198.0,0.34939998,-54.6,12782740,11857186,12704402,-0.561
4828,QSI,Healthcare,Medical Devices,NASDAQ,65.44,17,97.81,67,11,16,79,0.92,197508468.9831975,217760163.0,0.1305,-70.32,6176560,5543983,4769756,-0.694
4829,SKYE,Healthcare,Biotechnology,NASDAQ,65.35,17,107.77,84,9,5,4,0.88,30314500.03776002,35126884.0,0.0583,-84.7,171830,207440,589544,
4830,SJT,Energy,Oil & Gas E&P,NYSE,65.34,17,87.57,22,24,41,81,4.43,192960413.35705423,46608797.0,0.0212,-38.64,142820,164616,162900,-0.978
4831,CAG,Consumer Defensive,Packaged Foods,NYSE,65.31,17,85.85,18,23,51,23,13.93,6760317069.032787,478437156.0,0.1103,-40.65,13286190,14806376,15110326,-0.019
4832,AURE,Financial Services,Capital Markets,NASDAQ,65.29,17,96.96,64,16,8,18,2.35,86479996.49047852,36800000.0,0.0015,-83.9,39620,92670,102354,
4833,PBH,Healthcare,Drug Manufacturers - Specialty & Generic,NYSE,65.24,17,78.7,8,25,37,20,50.65,2486126117.521591,47318730.0,0.0687,-43.33,623660,570456,526610,-0.024
4834,RZLT,Healthcare,Biotechnology,NASDAQ,65.24,17,94.29,53,59,14,95,3.17,307189572.500577,95697685.0,0.2031,-72.33,1240410,1448940,2259860,
4835,GMM,Technology,Information Technology Services,NASDAQ,65.21,17,84.81,16,19,9,90,1.23,60334620.96693921,51568054.0,0.0015,-62.61,563520,214573,154556,0.362
4836,ALK,Industrials,Airlines,NYSE,65.16,17,87.9,23,25,55,15,39.06,4550759478.522713,111428978.0,0.1354,-40.71,3530290,4640723,4862168,0.052
4837,ARBB,Technology,Information Technology Services,NASDAQ,65.13,17,92.47,39,12,30,39,4.44,7978957.086330414,1765256.0,0.0217,-68.03,213670,73820,46442,3.317
4838,CNMD,Healthcare,Medical Devices,NYSE,65.12,17,87.21,21,26,25,14,35.23,1106813920.9027176,30109194.0,0.091000006,-42.32,542540,441740,433332,-0.013
4839,FRPT,Consumer Defensive,Packaged Foods,NASDAQ,65.1,17,71.01,4,56,39,10,49.64,2608499436.263138,49142791.0,0.14819999,-44.72,1825930,1443340,1650756,0.131
4840,PHIO,Healthcare,Biotechnology,NASDAQ,65.09,17,84.04,15,22,17,12,1.08,12430459.179349065,11617251.0,0.045,-74.22,157660,169400,262872,
4841,SVC,Real Estate,REIT - Hotel & Motel,NASDAQ,65.07,17,90.6,31,13,57,12,1.6,1061419406.7816302,647206961.0,0.025999999,-48.05,8335070,16498816,10498026,-0.163
4842,LEN,Consumer Cyclical,Residential Construction,NYSE,65.05,17,85.73,18,22,42,37,87.09,21767842724.001526,246298296.0,0.0023999999,-39.62,2360960,2927006,3075738,-0.133
4843,NWGL,Basic Materials,Lumber & Wood Production,NASDAQ,65.04,17,85.94,18,22,34,23,0.91,15063380.584124029,16553165.0,0.0093,-86.23,220680,107326,107882,-0.119
4844,ITRI,Technology,Scientific & Technical Instruments,NASDAQ,64.99,17,83.23,13,29,30,27,81.71,3630062460.6716537,44339347.0,0.1616,-42.46,1068920,893543,944524,-0.033
4845,CMRC,Technology,Software - Application,NASDAQ,64.99,17,95.07,57,10,8,34,2.85,255787948.5310192,82512244.0,0.0854,-49.02,1145350,783333,753052,0.054
4846,USPH,Healthcare,Medical Care Facilities,NYSE,64.94,17,72.1,4,42,65,26,59.42,903008769.823822,15230372.0,0.078,-36.45,232070,176176,174974,0.079
4847,TLRY,Healthcare,Drug Manufacturers - Specialty & Generic,NASDAQ,64.93,17,76.41,6,26,29,82,5.51,664999473.0361915,119604223.0,0.1244,-76.25,4950890,6427116,4858038,-0.078
4848,CRK,Energy,Oil & Gas E&P,NYSE,64.93,17,74.86,5,26,33,90,15.07,4141111343.2360687,293695832.0,0.2529,-51.65,2978400,2376890,2298414,0.142
4849,BAFN,Financial Services,Banks - Regional,NASDAQ,64.92,17,85.14,17,21,18,16,6.6,28441227.99356842,4110004.0,0.0174,-59.63,158350,63053,46110,-0.527
4850,INFY,Technology,Information Technology Services,NYSE,64.92,17,84.45,15,24,24,33,12.3,51923110432.397804,4047007852.0,0.0397,-59.0,12979680,15671106,17409634,0.066
4851,RPID,Healthcare,Medical Devices,NASDAQ,64.82,17,94.57,55,20,64,95,2.58,120367320.43762207,45767040.0,0.020399999,-47.77,97810,168233,206736,0.373
4852,KRRO,Healthcare,Biotechnology,NASDAQ,64.8,17,86.85,20,60,10,1,11.46,173791983.3008871,14422571.0,0.0845,-79.5,100530,144383,187074,
4853,SMTI,Healthcare,Medical Instruments & Supplies,NASDAQ,64.79,17,91.11,33,15,19,12,18.02,168673532.50305176,9167040.0,0.049099997,-49.87,33340,39620,57092,0.047
4854,CPRT,Industrials,Specialty Business Services,NASDAQ,64.78,17,89.71,28,20,21,17,33.27,32694685365.817245,963308388.0,0.038900003,-47.89,6396560,7400330,8135122,-0.036
4855,USNA,Consumer Defensive,Packaged Foods,NYSE,64.77,17,84.21,15,23,27,9,17.43,349943489.6621704,18456936.0,0.0438,-54.51,101110,107006,126532,0.003
4856,LFT,Real Estate,REIT - Mortgage,NYSE,64.77,17,86.18,19,22,18,13,1.16,61878563.5894407,52439463.0,0.056700002,-56.23,165130,121636,143106,
4857,PNNT,Financial Services,Asset Management,NYSE,64.76,17,83.22,13,22,25,43,4.14,298403160.7888174,65296094.0,0.040900003,-45.02,650070,645036,731720,-0.187
4858,UWMC,Financial Services,Mortgage Finance,NYSE,64.75,17,81.24,11,24,34,42,3.33,1094727115.4455538,323883751.0,0.115100004,-53.36,19418540,14679600,16497478,0.244
4859,COUR,Consumer Defensive,Education & Training Services,NYSE,64.75,17,86.64,20,20,15,35,5.66,978632637.7434068,169313599.0,0.15890001,-58.26,5312390,5393386,4935188,0.091
4860,YDDL,Industrials,Waste Management,NASDAQ,64.74,17,62.89,2,27,89,16,4.2,254391329.68249798,56033333.0,0.0023999999,-74.12,155450,315346,298074,0.083
4861,HWH,Consumer Cyclical,Leisure,NASDAQ,64.7,17,90.89,32,16,28,46,1.07,7999748.392152786,7476400.0,0.0117,-86.23,12430,44050,67406,-0.81
4862,VALN,Healthcare,Biotechnology,NASDAQ,64.7,17,92.0,37,21,71,79,6.3,530063144.68891144,94823458.0,0.0017,-48.57,36900,102943,104152,-0.099
4863,CARL,Healthcare,Health Information Services,NASDAQ,64.68,17,92.19,38,16,24,40,9.66,266412348.58511448,27184933.0,0.0563,-43.8,128170,123060,125762,0.582
4864,FUFU,Financial Services,Capital Markets,NASDAQ,64.68,17,104.35,80,13,17,20,2.34,384969801.84400463,166653598.0,0.0058,-56.51,235080,260643,220836,0.043
4865,RWAY,Financial Services,Asset Management,NASDAQ,64.67,17,86.56,19,20,31,43,6.49,277718129.2201061,42464546.0,0.099700004,-43.1,637470,722296,655182,-0.168
4866,BNGO,Healthcare,Medical Instruments & Supplies,NASDAQ,64.62,17,100.44,73,10,7,2,1.27,14308679.57687378,11092000.0,0.1033,-76.91,140620,128136,335488,-0.026
4867,IP,Consumer Cyclical,Packaging & Containers,NYSE,64.6,17,81.64,11,25,63,17,32.47,17489945004.836975,529516974.0,0.1515,-42.15,8863650,7560023,7104270,0.134
4868,BHVN,Healthcare,Biotechnology,NYSE,64.6,17,86.24,19,19,32,4,9.08,1484531309.7089863,150560990.0,0.2025,-58.82,1905350,2012296,2191236,
4869,FCO,Financial Services,Asset Management,NYSE ARCA,64.58,17,82.48,12,35,23,7,2.53,34904242.62329912,13476542.0,2.95,-62.63,175920,190473,174974,-0.171
4870,VSTD,Consumer Cyclical,Restaurants,NASDAQ,64.57,17,107.89,84,8,2,2,0.39,5664741.992218494,14524980.0,0.009,-90.18,32570,54343,73658,0.109
4871,AIMD,Technology,Scientific & Technical Instruments,NASDAQ,64.56,17,96.8,64,16,10,17,1.74,12352219.046470404,7266011.0,0.0088,-61.33,12660,23016,24974,
4872,NUS,Consumer Defensive,Household & Personal Products,NYSE,64.52,17,79.28,8,28,75,71,6.63,352105407.9362259,49176734.0,0.0517,-54.65,587010,458526,512620,-0.12
4873,MNSO,Consumer Cyclical,Specialty Retail,NYSE,64.5,17,85.12,17,26,32,65,14.31,4557767838.7024355,311535735.0,0.0254,-46.48,285330,418870,442496,0.327
4874,SKIL,Consumer Defensive,Education & Training Services,NYSE,64.46,17,120.35,92,6,6,9,7.73,75521519.7206955,8812313.0,0.2007,-67.81,144040,236890,184956,-0.023
4875,MOS,Basic Materials,Agricultural Inputs,NYSE,64.38,17,80.95,10,31,57,29,21.79,7053017200.108421,317846644.0,0.0766,-43.0,8397230,8630306,10403616,0.056
4876,VERI,Technology,Software - Infrastructure,NASDAQ,64.37,17,95.16,58,18,45,94,2.23,197991319.21770287,92953666.0,0.0979,-76.33,2309260,2726820,2682138,-0.26
4877,SPOT,Communication Services,Internet Content & Information,NYSE,64.34,17,83.92,14,27,17,52,419.5,85914227326.61844,205620061.0,0.0401,-46.56,3160320,2081450,2057222,0.082
4878,SQFTP,Real Estate,REIT - Diversified,NASDAQ,64.32,17,89.92,29,13,6,75,6.41,,,1.01,-59.91,3690,5580,4440,-0.147
4879,LUNG,Healthcare,Medical Devices,NASDAQ,64.27,17,92.93,43,14,13,8,1.3,53218875.37719464,42237203.0,0.0791,-66.49,727790,449516,599496,-0.087
4880,GIB,Technology,Information Technology Services,NYSE,64.22,17,81.25,11,22,21,24,65.46,14284541009.510223,209420044.0,7.95,-40.53,649130,517820,483878,0.033
4881,SCWO,Industrials,Pollution & Treatment Controls,NASDAQ,64.21,16,71.36,4,68,25,25,2.22,42133220.435500145,17777731.0,0.021300001,-79.63,80410,55256,58484,
4882,GRCE,Healthcare,Biotechnology,NASDAQ,64.17,16,74.73,5,80,68,40,2.35,36209221.85185361,15474027.0,0.14819999,-54.63,569750,1171676,902668,
4883,AMC,Communication Services,Entertainment,NYSE,64.15,16,96.19,62,13,7,14,1.41,918104137.5,612069425.0,0.1542,-65.44,29741190,33920060,30780278,0.212
4884,APTV,Consumer Cyclical,Auto Parts,NYSE,64.15,16,79.5,8,25,63,76,55.41,12261293043.763432,211620527.0,0.048600003,-37.69,4120580,3203700,2936758,0.054
4885,OWLT,Healthcare,Medical Devices,NYSE,64.13,16,100.66,74,19,89,94,6.12,164724182.991642,28697594.0,0.0298,-63.87,214540,232803,356472,0.296
4886,BCDA,Healthcare,Biotechnology,NASDAQ,64.02,16,87.56,22,20,16,8,1.11,12143813.076503277,10940372.0,0.0195,-61.99,578970,234670,168742,
4887,INLX,Technology,Software - Application,NYSE ARCA,64.02,16,90.88,32,15,23,24,7.1,31657926.874769688,4458863.0,0.0002,-51.27,1030,783,1020,0.01
4888,BGLC,Basic Materials,Specialty Chemicals,NASDAQ,64.0,16,89.91,29,15,9,79,2.06,4979666.701680183,2417314.0,0.0049,-86.79,4210,3533,4744,-0.808
4889,PMEC,Industrials,Specialty Business Services,NASDAQ,63.94,16,101.82,76,13,16,43,0.72,27660951.739147425,38417987.0,0.0075,-70.49,122950,1053413,691882,0.03
4890,GTM,Technology,Software - Application,NASDAQ,63.89,16,92.13,37,11,13,45,6.04,1947779870.0381994,305294645.0,0.1684,-51.72,9605530,10097716,9793784,0.032
4891,DVLT,Technology,Software - Infrastructure,NASDAQ,63.8,16,69.4,3,24,22,98,0.51,462003495.65836877,855561995.0,0.2151,-87.56,68626250,45014206,46013946,36.496
4892,IDAI,Technology,Software - Application,NASDAQ,63.8,16,83.74,14,26,32,99,2.28,12631169.674419403,5285008.0,0.039,-56.82,45990,40000,43588,-0.393
4893,TNXP,Healthcare,Biotechnology,NASDAQ,63.79,16,99.46,71,15,23,22,14.11,200154102.25757217,14205401.0,0.17459999,-79.83,395520,418676,424100,1.088
4894,SAGT,Technology,Software - Application,NASDAQ,63.76,16,72.44,4,39,9,15,1.37,27667499.148845673,17850000.0,0.0075,-71.81,11195320,3853553,2413758,-0.3
4895,GWRS,Utilities,Utilities - Regulated Water,NASDAQ,63.75,16,83.18,13,24,32,26,6.96,203358897.31760502,28763634.0,0.0248,-37.69,74750,64420,87492,0.022
4896,CRTO,Communication Services,Advertising Agencies,NASDAQ,63.74,16,79.56,8,24,17,15,16.11,828532238.7299404,50244527.0,0.031600002,-47.42,412810,288913,400810,-0.059
4897,FTCI,Technology,Solar,NASDAQ,63.73,16,87.05,21,14,94,97,4.41,70263238.5230627,16005294.0,0.10479999,-65.41,307630,202083,197298,1.489
4898,TLIH,Industrials,Industrial Distribution,NASDAQ,63.66,16,130.76,95,4,8,2,3.72,11467696.780421734,2940435.0,0.0056,-94.69,2522430,846211,514054,0.399
4899,QCLS,Technology,Computer Hardware,NASDAQ,63.66,16,94.66,55,13,12,0,3.77,29607427.18020773,7853429.0,0.1735,-88.78,298280,348913,652018,
4900,ATOS,Healthcare,Biotechnology,NASDAQ,63.65,16,99.11,70,8,4,32,5.5,48224001.57875013,8611429.0,0.040900003,-71.58,59350,59006,71374,
4901,ROOT,Financial Services,Insurance - Property & Casualty,NASDAQ,63.61,16,103.54,78,8,12,25,56.63,892761354.9450989,15826296.0,0.154,-65.26,338330,312320,332772,0.126
4902,WIT,Technology,Information Technology Services,NYSE,63.59,16,81.5,11,23,23,29,1.9,20440756122.791634,10482438781.0,0.0293,-39.3,9065110,10781180,13435922,0.077
4903,MXCT,Healthcare,Medical Devices,NASDAQ,63.59,16,95.05,57,8,6,18,0.82,90303568.93412447,107121672.0,0.051,-66.79,433430,686123,827826,-0.16
4904,AMBO,Consumer Defensive,Education & Training Services,NYSE ARCA,63.58,16,82.07,12,21,20,93,2.11,6378518.114556313,2860322.0,0.0015,-68.74,595920,205293,128542,-0.05
4905,VYX,Technology,Information Technology Services,NYSE,63.57,16,99.87,72,14,24,29,7.78,1150689963.8192654,137807175.0,0.3087,-46.97,2709980,2310796,2439700,-0.018
4906,MLCI,Financial Services,Asset Management,NASDAQ,63.56,16,82.46,12,19,67,95,3.91,44419409.28011322,11188768.0,1.61,-55.26,24710,33713,58124,0.139
4907,LEXX,Healthcare,Biotechnology,NASDAQ,63.53,16,67.67,3,62,12,38,0.61,15120342.41458726,24787446.0,0.016,-60.65,226610,213880,192044,-0.885
4908,SVV,Consumer Cyclical,Specialty Retail,NYSE,63.48,16,82.04,12,24,67,17,7.54,1241128498.0951633,153986158.0,0.2002,-45.72,1133610,1099863,1130820,0.089
4909,INUV,Technology,Software - Application,NYSE ARCA,63.48,16,90.4,31,9,10,17,1.84,27270452.814700842,14820898.0,0.0256,-70.65,141010,215776,303600,-0.456
4910,INTU,Technology,Software - Application,NASDAQ,63.47,16,90.52,31,11,14,46,393.29,110282798776.48993,278274077.0,0.039,-51.67,2153900,2994933,3293288,0.174
4911,HDL,Consumer Cyclical,Restaurants,NASDAQ,63.47,16,84.4,15,26,27,30,13.41,788998797.0222473,58836600.0,0.0001,-43.23,2250,1666,1404,0.1
4912,ASTC,Technology,Scientific & Technical Instruments,NASDAQ,63.44,16,72.27,4,25,15,8,2.77,4872302.546450615,1758954.0,0.0231,-65.42,42020,4210713,2532614,-0.433
4913,APPF,Technology,Software - Application,NASDAQ,63.34,16,89.62,28,15,20,59,159.56,5890377882.983185,35358533.0,0.0971,-51.06,326220,339140,355486,0.204
4914,CETY,Industrials,Specialty Industrial Machinery,NASDAQ,63.33,16,97.07,65,12,3,1,0.82,10341190.39006257,12166106.0,0.0011,-89.47,133120,102293,124266,2.289
4915,IPHA,Healthcare,Biotechnology,NASDAQ,63.32,16,91.57,35,22,26,28,1.42,132299151.94811296,93829188.0,0.0007,-46.01,25330,26183,24578,-0.467
4916,TRI,Industrials,Specialty Business Services,NASDAQ,63.3,16,92.18,38,11,11,22,89.22,40571920576.548645,436538837.0,7.27,-59.15,2056890,1954596,2208938,0.098
4917,LVWR,Consumer Cyclical,Auto Manufacturers,NYSE,63.27,16,74.4,5,12,37,94,1.52,337857014.61809754,204761830.0,0.0775,-83.18,115490,140300,248062,0.865
4918,GOTU,Consumer Defensive,Education & Training Services,NYSE,63.27,16,91.82,36,15,18,18,1.95,469753921.9022169,238453764.0,0.018,-57.24,349990,343366,404054,0.214
4919,CTM,Technology,Information Technology Services,NYSE ARCA,63.27,16,100.64,73,15,20,97,0.73,71243402.7350545,94612750.0,0.0512,-53.21,2934780,1641093,1406624,0.219
4920,AGYS,Technology,Software - Application,NASDAQ,63.22,16,90.57,31,14,23,84,69.09,2012269299.7945251,28108247.0,0.042,-52.43,258620,269676,285816,0.156
4921,QLYS,Technology,Software - Infrastructure,NASDAQ,63.21,16,94.67,55,13,20,54,91.53,3320259376.9704895,35217007.0,0.1874,-41.13,984040,946883,823614,0.098
4922,MWYN,Consumer Cyclical,"Furnishings, Fixtures & Appliances",NASDAQ,63.18,16,114.8,90,8,10,8,0.8,15953895.593333483,20194804.0,0.0050999997,-92.86,245250,2307816,1393502,1.219
4923,GDDY,Technology,Software - Infrastructure,NYSE,63.18,16,95.14,58,13,12,19,88.08,12078070755.405342,132696893.0,0.056700002,-53.76,2574300,2094096,2189020,0.061
4924,BR,Technology,Information Technology Services,NYSE,63.18,16,85.38,17,17,19,35,149.13,17290915401.5,115658297.0,0.0326,-45.15,1447550,1399730,1542824,0.078
4925,BCIC,Financial Services,Asset Management,NASDAQ,63.17,16,91.02,33,19,37,41,8.1,103351971.0716343,12377481.0,0.0052,-40.0,92060,100700,129240,0.452
4926,BBOT,Healthcare,Biotechnology,NASDAQ,63.14,16,79.9,9,21,44,81,7.89,613663537.8757668,80112735.0,11.78,-46.94,332350,428733,320628,
4927,PRT,Energy,Oil & Gas E&P,NYSE,63.12,16,80.57,10,34,32,55,2.68,32239190.960214615,12165732.0,0.0182,-37.38,82810,70743,64118,-0.273
4928,IT,Technology,Information Technology Services,NYSE,63.1,16,92.19,38,10,10,12,153.8,10621916781.2081,66951889.0,0.1714,-65.95,1838140,1464180,1510882,-0.015
4929,SIBN,Healthcare,Medical Devices,NASDAQ,63.08,16,81.67,11,29,29,67,11.61,542870403.3031654,44243715.0,0.1223,-46.96,778780,700906,653654,0.15
4930,DOYU,Communication Services,Internet Content & Information,NASDAQ,63.03,16,87.37,22,18,27,66,4.7,142142427.0412321,30178859.0,0.0139999995,-49.68,13130,15633,21772,-0.191
4931,LFVN,Consumer Defensive,Packaged Foods,NASDAQ,63.0,16,100.7,74,7,9,5,5.14,67368491.40502167,12615822.0,0.3685,-65.73,284610,216170,174492,-0.252
4932,AIOT,Technology,Software - Infrastructure,NASDAQ,62.99,16,95.23,58,13,15,31,3.29,457442226.08395314,134147277.0,0.10560001,-45.8,1300830,1448633,1579504,0.066
4933,ACVA,Consumer Cyclical,Auto & Truck Dealerships,NYSE,62.98,16,112.09,88,6,19,4,6.09,1119089143.9004593,174584894.0,0.060700003,-65.28,5118030,3289413,3095882,0.118
4934,MVST,Consumer Cyclical,Auto Parts,NASDAQ,62.93,16,103.2,78,11,22,96,2.02,707230212.9781551,332032946.0,0.1029,-71.63,3795800,3459100,4319472,-0.15
4935,GFAI,Industrials,Security & Protection Services,NASDAQ,62.92,16,93.2,46,10,5,15,0.48,15906462.866309524,31250418.0,0.031400003,-68.0,403530,333930,319062,
4936,OFS,Financial Services,Asset Management,NASDAQ,62.89,16,89.62,28,15,16,12,3.65,52118528.71551442,13398079.0,0.0318,-60.79,47690,67540,100764,-0.135
4937,MRM,Consumer Cyclical,Personal Services,NASDAQ,62.85,16,81.97,12,16,38,91,1.04,8850185.157679439,7901951.0,0.0139999995,-76.63,30690,26606,39088,-0.067
4938,RVYL,Technology,Software - Infrastructure,NASDAQ,62.85,16,114.91,90,15,6,8,6.73,8459246.820867062,1279765.0,0.067600004,-91.75,33400,62253,51358,0.042
4939,PSNYW,Consumer Cyclical,Auto Manufacturers,NASDAQ,62.84,16,86.77,20,19,7,47,3.21,28022959813.773365,9309953456.0,1.13,-77.71,9010,6153,8012,0.454
4940,FRMM,Technology,Software - Application,NASDAQ,62.83,15,135.09,96,2,2,13,4.49,67534574.97593021,14649582.0,0.1681,-97.43,474720,2210256,1463750,
4941,LDI,Financial Services,Mortgage Finance,NYSE,62.8,15,75.08,5,21,56,89,1.3,472953450.5456506,337823899.0,0.1505,-74.26,1973240,1829460,2324950,0.017
4942,KNSL,Financial Services,Insurance - Property & Casualty,NYSE,62.78,15,79.75,9,24,34,26,299.72,7031161515.918579,23062819.0,0.102299996,-41.55,383290,303146,274680,0.102
4943,GPGI,Industrials,Metal Fabrication,NYSE,62.76,15,73.03,4,49,89,88,13.32,4023276889.77201,289861445.0,0.1983,-50.26,5186010,3925753,4886124,
4944,TDUP,Consumer Cyclical,Internet Retail,NASDAQ,62.74,15,105.79,82,17,22,98,4.55,621976899.8713293,129040846.0,0.2184,-62.95,3578470,2820830,2871140,0.146
4945,INVZ,Consumer Cyclical,Auto Parts,NASDAQ,62.67,15,103.69,79,15,23,88,0.8,157031245.21990073,214523561.0,0.0962,-68.5,2273570,2311966,2483702,1.103
4946,TNET,Industrials,Staffing & Employment Services,NYSE,62.67,15,93.85,50,11,13,17,41.89,1966430685.3470192,45944643.0,0.0586,-51.73,447970,424476,451540,-0.049
4947,TTAN,Technology,Software - Application,NASDAQ,62.66,15,92.0,37,10,13,25,60.29,6013255824.930267,95387940.0,0.1243,-54.09,934970,1001990,1133546,0.214
4948,PEGA,Technology,Software - Application,NASDAQ,62.66,15,80.66,10,27,20,77,34.26,6012835438.480343,167116051.0,0.0941,-49.69,1923930,2334206,2228074,-0.096
4949,INTA,Technology,Software - Application,NASDAQ,62.64,15,94.47,54,8,9,24,23.82,1914210031.5586662,77061595.0,0.092,-59.52,790290,795960,945252,0.131
4950,SUGP,Industrials,Security & Protection Services,NASDAQ,62.57,15,84.31,15,14,25,15,4.39,6329279.957279205,1464772.0,0.0366,-76.14,4640,4690,4464,-0.065
4951,PEW,Industrials,Aerospace & Defense,NYSE,62.56,15,99.38,71,9,7,5,3.14,86142221.71266675,29400075.0,6.04,-85.33,323270,260260,348256,0.141
4952,CHYM,Technology,Software - Application,NASDAQ,62.55,15,81.4,11,22,19,8,18.23,7077038890.455093,384099820.0,0.0466,-59.43,6726110,4545603,4961140,0.248
4953,PCSA,Healthcare,Biotechnology,NASDAQ,62.51,15,92.13,37,13,4,44,2.69,7477464.592242241,2738998.0,0.0394,-86.29,33480,65550,55000,
4954,BCYC,Healthcare,Biotechnology,NASDAQ,62.51,15,90.17,30,17,18,13,4.7,335791988.25536966,69811225.0,0.0678,-49.79,427640,401136,470496,11.933
4955,ADVB,Healthcare,Diagnostics & Research,NASDAQ,62.49,15,88.79,25,13,5,8,5.01,10117777.9335289,1634536.0,0.0661,-80.58,608190,866133,691040,
4956,KAPA,Healthcare,Biotechnology,NYSE ARCA,62.48,15,83.26,13,15,15,20,0.53,11990271.491048276,21411199.0,0.0101,-74.88,126720,101850,130388,
4957,MELI,Consumer Cyclical,Internet Retail,NASDAQ,62.48,15,80.03,9,28,32,34,1557.3,82764164548.81934,50697182.0,0.0202,-41.13,760690,513540,526310,0.49
4958,HRTX,Healthcare,Biotechnology,NASDAQ,62.45,15,86.68,20,11,28,18,0.96,228253035.05600166,188638866.0,0.2684,-58.26,2724320,2224120,2184868,-0.005
4959,ACM,Industrials,Engineering & Construction,NYSE,62.44,15,85.63,18,24,21,78,79.5,10419369734.690918,129288624.0,0.0542,-41.34,1229540,1175606,1148034,-0.046
4960,INTR,Financial Services,Banks - Regional,NASDAQ,62.42,15,68.48,3,69,72,87,6.0,2860844665.4607224,441488373.0,0.16950001,-42.08,5842600,4260566,3743526,0.253
4961,HXHX,Industrials,Integrated Freight & Logistics,NASDAQ,62.38,15,82.33,12,16,13,3,0.44,6325000.114738941,13750000.0,0.031600002,-79.15,59240,1065703,660570,-0.065
4962,IHT,Real Estate,REIT - Hotel & Motel,NYSE ARCA,62.3,15,91.16,33,17,15,12,1.11,10493510.628323793,9204834.0,0.0047,-73.82,7120,10940,9260,-0.011
4963,ERIE,Financial Services,Insurance Brokers,NASDAQ,62.2,15,81.22,11,24,29,18,217.09,11289382182.047974,52289868.0,0.0951,-42.97,245200,226956,242802,0.023
4964,ELF,Consumer Defensive,Household & Personal Products,NYSE,62.19,15,79.25,8,22,31,18,55.19,3593919301.5826263,59052239.0,0.14930001,-63.45,2998020,2622110,2462988,0.378
4965,ETS,Industrials,Trucking,NASDAQ,62.17,15,85.51,18,19,7,0,0.56,9210886.25605774,16716672.0,0.0134000005,-86.76,65840,44566,119572,0.163
4966,VIVS,Healthcare,Biotechnology,NASDAQ,62.14,15,83.93,14,15,26,32,1.38,4023381.3685935736,2894519.0,0.0098,-73.96,63340,60636,77826,0.083
4967,BMGL,Healthcare,Medical Care Facilities,NASDAQ,62.13,15,120.01,92,7,4,5,0.76,14258384.312704206,18785750.0,0.012999999,-91.91,32080,21483,26436,0.273
4968,HNI,Consumer Cyclical,"Furnishings, Fixtures & Appliances",NYSE,62.1,15,78.8,8,23,69,25,32.44,2419681681.820984,71992908.0,0.028199999,-39.13,828430,683160,811294,1.247
4969,CHA,Consumer Cyclical,Restaurants,NASDAQ,62.09,15,92.87,42,12,10,7,10.44,1999199569.1554794,190763326.0,0.0298,-70.53,483970,538456,500082,-0.108
4970,NWTG,Consumer Cyclical,Leisure,NASDAQ,62.08,15,76.19,6,21,18,2,1.13,5845530.810646057,4752464.0,0.0099,-56.03,76090,52326,38274,1.124
4971,AISP,Technology,Software - Infrastructure,NASDAQ,62.07,15,99.89,72,11,11,15,2.44,87649011.4610076,34372162.0,0.183,-66.11,534740,503020,465476,0.155
4972,NMAX,Communication Services,Broadcasting,NYSE,62.04,15,100.01,72,12,6,3,6.38,818737824.4049644,129138455.0,0.94089997,-76.79,1303400,2335973,1729480,0.096
4973,FICO,Technology,Software - Application,NYSE,62.02,15,94.24,53,12,22,48,1092.0,26112960156.0,23190906.0,0.0757,-50.76,358890,386770,388016,0.387
4974,BXC,Industrials,Industrial Distribution,NYSE,62.0,15,79.22,8,21,58,11,50.49,407719669.30000305,7782395.0,0.0533,-42.82,150170,109213,115524,0.031
4975,ACON,Healthcare,Health Information Services,NASDAQ,61.96,15,91.68,35,9,3,7,3.1,7842266.109108925,2462250.0,0.080299996,-74.23,48810,122976,103000,0.806
4976,LIF,Technology,Software - Application,NASDAQ,61.95,15,92.83,42,16,22,76,43.28,3554311756.5898476,80688123.0,0.1314,-61.54,723710,901250,1419952,0.264
4977,FTHM,Real Estate,Real Estate Services,NASDAQ,61.94,15,82.83,13,20,24,18,0.77,27176579.630945206,32782364.0,0.015,-77.15,132900,177120,143902,-0.012
4978,NEXM,Basic Materials,Other Industrial Metals & Mining,NASDAQ,61.94,15,109.6,86,7,18,12,3.02,116925976.90009785,35648164.0,2.13,-70.82,39140,43536,56422,
4979,IMTE,Technology,Electronic Components,NASDAQ,61.89,15,82.76,13,26,13,20,0.54,1843842.2803863287,3446434.0,0.0248,-64.94,17640,35286,51968,
4980,EVGN,Healthcare,Biotechnology,NASDAQ,61.89,15,88.33,24,19,19,27,0.78,9077823.0,12103764.0,0.014099999,-67.77,63150,56843,110800,-0.805
4981,TIL,Healthcare,Biotechnology,NASDAQ,61.84,15,93.82,50,20,8,10,8.13,55340931.285152435,6781977.0,0.081599995,-81.0,27740,27053,26840,
4982,ARQQ,Technology,Software - Infrastructure,NASDAQ,61.84,15,99.64,71,9,19,91,15.0,234151811.23707104,15651859.0,0.094399996,-75.81,374850,375903,298164,
4983,TRAK,Technology,Software - Application,NYSE,61.81,15,107.27,83,9,12,20,9.81,186220886.19713974,18203411.0,0.13149999,-58.64,201760,169440,160836,0.067
4984,XOS,Industrials,Farm & Heavy Construction Machinery,NASDAQ,61.74,15,99.15,70,14,22,14,1.89,22183428.642419457,12056211.0,0.0383,-66.25,456930,168596,113864,-0.545
4985,ALT,Healthcare,Biotechnology,NASDAQ,61.72,15,91.72,36,23,40,24,3.09,600557480.2483613,194355177.0,0.22129999,-60.03,4264810,4501553,4268712,4.2
4986,STEM,Utilities,Utilities - Renewable,NYSE,61.66,15,84.19,15,25,26,90,9.13,82045688.11327744,8956953.0,0.1283,-71.67,197270,140630,167968,-0.108
4987,CAN,Technology,Computer Hardware,NASDAQ,61.65,15,97.68,67,11,9,42,0.5,380207226.6903162,745504380.0,0.0832,-77.48,11022560,9856856,9969216,1.211
4988,FLGT,Healthcare,Diagnostics & Research,NASDAQ,61.63,15,88.95,26,17,51,89,15.82,453273944.1633978,28400623.0,0.1439,-49.03,741990,533006,684512,-0.032
4989,AMPL,Technology,Software - Application,NASDAQ,61.6,15,86.65,20,11,10,39,6.36,847436964.2334204,132619246.0,0.0801,-56.11,2672750,2007933,1908250,0.169
4990,BKYI,Industrials,Security & Protection Services,NASDAQ,61.58,15,87.09,21,27,16,64,5.31,5664806.412313461,1085212.0,0.0138,-73.05,34394,25181,30991,-0.151
4991,TRIB,Healthcare,Medical Devices,NASDAQ,61.48,15,84.97,16,37,26,23,0.6,12353030.379691005,20250869.0,0.0382,-82.56,58720,105670,161346,
4992,NICE,Technology,Software - Application,NASDAQ,61.48,15,80.14,9,22,21,24,91.39,5419418380.699226,58442987.0,0.0519,-49.4,977520,689516,645704,0.098
4993,NEOV,Industrials,Electrical Equipment & Parts,NASDAQ,61.45,15,87.32,21,26,39,83,2.94,112757839.12059379,42711301.0,0.099,-58.77,455440,435930,513010,3.335
4994,CPNG,Consumer Cyclical,Internet Retail,NYSE,61.4,15,76.97,6,24,14,58,16.13,30480189311.26482,1795064201.0,0.028800001,-52.66,27592060,21343383,21931862,0.075
4995,FIS,Technology,Information Technology Services,NYSE,61.36,15,83.02,13,16,16,28,42.36,22478641462.257755,516869179.0,0.032,-48.8,6897430,6320670,6245580,0.301
4996,GIS,Consumer Defensive,Packaged Foods,NYSE,61.35,15,84.42,15,20,40,30,33.8,18508064803.106583,533681218.0,0.097200006,-38.93,9745730,8651063,9439740,0.022
4997,SES,Consumer Cyclical,Auto Parts,NYSE,61.32,15,84.66,16,25,81,98,1.01,343064252.55169725,369283364.0,0.048699997,-72.92,12831080,9323140,9590468,0.158
4998,TC,Communication Services,Advertising Agencies,NASDAQ,61.3,15,89.17,27,36,21,82,10.0,227095441.42274857,21984070.0,1.11,-55.48,6120,2386,2210,
4999,KBR,Industrials,Engineering & Construction,NYSE,61.24,14,80.34,9,25,26,19,32.47,4125745316.8596725,126789957.0,0.0467,-42.81,2183330,1638293,1607982,-0.047
5000,SDM,Communication Services,Advertising Agencies,NASDAQ,61.23,14,92.66,41,16,12,2,1.85,58691250.75638294,31725000.0,0.143,-93.71,0,0,0,0.708
5001,LDOS,Technology,Information Technology Services,NYSE,61.23,14,74.92,5,32,48,75,127.68,16365947058.033356,125785466.0,0.0317,-37.95,1504470,1049916,1131444,0.037
5002,OMEX,Basic Materials,Other Industrial Metals & Mining,NASDAQ,61.23,14,109.6,86,48,91,98,1.14,71392765.65423226,58518659.0,0.0975,-74.27,1564230,11015913,7015372,-0.833
5003,NCEL,Healthcare,Biotechnology,NASDAQ,61.22,14,116.3,90,8,6,0,3.35,17959817.679267883,5345184.0,2.66,-89.12,50720,63123,45718,
5004,CHWY,Consumer Cyclical,Internet Retail,NYSE,61.2,14,80.43,9,19,16,28,22.49,9571069576.970634,416676964.0,0.077800006,-53.74,8224530,7636446,8311594,0.005
5005,SAP,Technology,Software - Application,NYSE,61.14,14,90.05,30,15,20,33,170.1,204780535869.98416,1178932294.0,0.0064999997,-45.7,3532010,3714156,3469078,0.06
5006,DRIO,Healthcare,Health Information Services,NASDAQ,61.14,14,92.54,40,12,40,49,7.98,57016170.44226742,7300406.0,0.0098,-55.03,5110,13876,13506,-0.312
5007,CLIR,Industrials,Pollution & Treatment Controls,NASDAQ,61.12,14,79.54,8,24,25,82,4.36,24557463.61365795,5409133.0,0.0058,-61.07,13780,48436,37873,5.222
5008,SERA,Healthcare,Medical Devices,NASDAQ,61.08,14,76.23,6,16,33,52,1.73,73618402.81327665,39158725.0,0.0112,-57.7,42540,32256,61102,-0.632
5009,LUCY,Healthcare,Medical Instruments & Supplies,NASDAQ,61.06,14,88.76,25,9,7,9,1.02,6489680.649736643,6300661.0,0.0064999997,-79.48,72990,83100,82248,0.39
5010,XCH,Industrials,Specialty Industrial Machinery,NASDAQ,61.01,14,74.71,5,51,16,38,0.83,73375813.6562047,81528684.0,0.0005,-66.79,12250,16800,38220,-0.426
5011,MMSI,Healthcare,Medical Instruments & Supplies,NASDAQ,60.94,14,79.2,8,25,28,30,60.31,3655052993.1578255,59654855.0,0.0668,-39.8,1154170,764433,823946,0.075
5012,UXIN,Consumer Cyclical,Auto & Truck Dealerships,NASDAQ,60.94,14,76.79,6,25,33,13,2.58,602745917.2378953,219980261.0,0.0087,-51.87,119380,176530,157912,1.007
5013,RYET,Consumer Defensive,Education & Training Services,NASDAQ,60.93,14,82.49,12,15,14,2,0.96,38605606.17247152,36080004.0,0.0022,-95.43,8830,40100,29732,-0.911
5014,VERX,Technology,Software - Application,NASDAQ,60.93,14,102.53,77,7,8,9,13.91,2415926829.2126083,161816931.0,0.1145,-67.22,1750710,1414190,1480332,0.111
5015,MYPS,Communication Services,Electronic Gaming & Multimedia,NASDAQ,60.92,14,104.06,79,9,7,7,0.51,59538003.31081438,128314666.0,0.034,-69.82,639120,449630,403450,-0.183
5016,AMPH,Healthcare,Drug Manufacturers - Specialty & Generic,NASDAQ,60.87,14,77.1,6,27,40,25,18.45,837765461.0,44092919.0,0.1814,-40.98,627400,512613,565500,0.004
5017,TYL,Technology,Software - Application,NYSE,60.86,14,85.04,17,14,11,20,312.27,13686711977.686615,42167455.0,0.045,-49.74,559600,482110,499218,0.086
5018,AMCI,Technology,Computer Hardware,NASDAQ,60.83,14,80.12,9,17,16,9,5.5,135120271.17097235,22595363.0,0.0789,-86.9,40450,45700,72794,-0.41
5019,HTCO,Industrials,Marine Shipping,NASDAQ,60.77,14,75.32,5,47,23,48,7.05,43130293.28691101,7385324.0,0.1807,-87.54,1285270,1146226,769192,0.568
5020,VEEV,Healthcare,Health Information Services,NYSE,60.75,14,88.46,24,14,15,75,159.33,27146470827.668518,163198698.0,0.039,-48.69,6641930,3641723,3069440,0.16
5021,CDTG,Industrials,Waste Management,NASDAQ,60.72,14,89.78,29,15,7,6,0.32,3827574.896812439,13525000.0,0.0055,-84.98,114540,91463,1002696,-0.423
5022,QGEN,Healthcare,Diagnostics & Research,NYSE,60.71,14,77.19,6,32,69,47,32.63,6808710027.787071,206074753.0,0.0319,-43.57,2936090,1906010,2018086,0.018
5023,HRZN,Financial Services,Asset Management,NASDAQ,60.68,14,91.2,34,19,39,33,4.33,309905441.33604527,68261111.0,0.0787,-48.82,978950,993176,1181276,-0.018
5024,KG,Financial Services,Insurance - Reinsurance,NASDAQ,60.62,14,98.67,69,29,12,11,11.66,100653717.53957844,8479673.0,0.0375,-68.32,13380,14210,18872,11.12
5025,JRVR,Financial Services,Insurance - Specialty,NASDAQ,60.58,14,57.55,1,68,80,66,3.97,191882956.8094902,46236856.0,0.0543,-44.86,667900,371920,343940,-0.121
5026,SPWR,Technology,Solar,NASDAQ,60.56,14,95.14,58,21,31,35,1.14,158549310.9651872,145458079.0,0.198,-49.78,2225580,1951600,1705604,-0.101
5027,DFH,Consumer Cyclical,Residential Construction,NYSE,60.56,14,91.05,33,14,34,17,15.03,1310787358.305603,91535432.0,0.3208,-52.28,797930,651540,736196,-0.103
5028,SGLY,Industrials,Integrated Freight & Logistics,NASDAQ,60.55,14,89.28,27,10,10,15,0.43,3355006.38086164,7293492.0,0.0067000003,-70.75,79070,709583,437672,-0.689
5029,QTWO,Technology,Software - Application,NYSE,60.53,14,87.32,21,16,15,25,47.3,3138159271.8544655,62600423.0,0.052399997,-51.08,1301840,891136,920262,0.141
5030,CCC,Technology,Software - Application,NASDAQ,60.52,14,87.31,21,12,12,16,4.88,3011005016.8500137,586940536.0,0.0637,-53.52,15708610,11693790,11923168,0.118
5031,AXON,Industrials,Aerospace & Defense,NASDAQ,60.49,14,90.25,30,10,16,20,394.36,32526162841.31845,80602077.0,0.0452,-55.49,1379160,1229210,1064814,0.337
5032,VSTM,Healthcare,Biotechnology,NASDAQ,60.42,14,82.15,12,33,22,79,4.88,429702082.97760344,87873639.0,0.19950001,-56.62,2670640,2270956,2239074,
5033,FND,Consumer Cyclical,Home Improvement Retail,NYSE,60.41,14,85.67,18,16,33,13,48.76,5591710330.018425,108094150.0,0.1095,-47.23,3810850,3229283,2940986,-0.007
5034,RC,Real Estate,REIT - Mortgage,NYSE,60.4,14,93.4,48,10,9,9,1.77,312264041.82652223,165219071.0,0.1705,-62.74,1583960,1507900,1987936,
5035,ENVB,Healthcare,Biotechnology,NASDAQ,60.39,14,99.32,71,4,2,2,2.81,5658774.560644627,1985535.0,0.0334,-84.25,860230,7864773,4735144,
5036,CLMB,Technology,Electronics & Computer Distribution,NASDAQ,60.37,14,81.96,12,23,44,36,19.76,374175679.60739136,18597200.0,0.0701,-45.5,276990,182793,242852,0.321
5037,MNKD,Healthcare,Biotechnology,NASDAQ,60.34,14,105.17,81,9,71,65,3.36,1087504578.4272432,308950166.0,0.0971,-48.39,9169110,5505256,6189398,0.151
5038,MSC,Consumer Cyclical,Resorts & Casinos,NYSE,60.31,14,83.24,13,16,31,34,2.5,481470437.5,192588175.0,0.0004,-62.29,7010,6493,8458,0.049
5039,SNES,Basic Materials,Specialty Chemicals,NASDAQ,60.31,14,102.44,77,14,11,27,1.73,9109737.220436096,5265744.0,0.006,-72.28,212380,86920,74858,-0.16
5040,KNRX,Technology,Software - Application,NYSE ARCA,60.3,14,72.98,4,22,5,6,0.99,30301420.301383197,30423113.0,0.0007,-75.25,1762820,619250,442332,-0.486
5041,LU,Financial Services,Credit Services,NYSE,60.29,14,90.61,31,16,40,40,1.97,1690043380.7269468,866688892.0,5.09,-56.89,1090320,1287170,1603948,
5042,AMBR,Technology,Software - Infrastructure,NASDAQ,60.27,14,82.65,12,11,19,2,1.98,199544643.10116005,93682926.0,0.0117,-84.58,42570,51526,60504,2.406
5043,AWRE,Technology,Software - Application,NASDAQ,60.26,14,94.82,56,13,28,84,1.34,28120691.568539143,21631302.0,0.0043,-54.58,99890,45893,52540,-0.062
5044,ILLR,Technology,Software - Application,NASDAQ,60.23,14,164.26,98,29,9,10,0.26,45100550.02848083,175488522.0,0.0,-84.97,1566650,1408903,859484,0.282
5045,OLED,Technology,Electronic Components,NASDAQ,60.23,14,85.6,18,23,35,21,90.84,4289394249.25,46750891.0,0.0621,-44.34,1678400,982996,867638,-0.145
5046,CELH,Consumer Defensive,Beverages - Non-Alcoholic,NASDAQ,60.21,14,80.72,10,17,72,79,30.64,8254627458.44574,255640360.0,0.08189999,-54.09,10879930,8150856,7677356,1.377
5047,BFAM,Consumer Cyclical,Personal Services,NYSE,60.2,14,77.28,6,22,20,23,68.68,3713504995.5986023,52606675.0,0.027999999,-48.36,1265350,846106,864418,0.07
5048,GITS,Communication Services,Internet Content & Information,NASDAQ,60.19,14,69.04,3,95,66,95,1.39,5584796.089920044,3674208.0,0.0084,-80.39,20120,34433,39584,
5049,SLSN,Consumer Defensive,Household & Personal Products,NASDAQ,60.19,14,114.13,89,12,9,10,1.5,95353802.43400872,70632445.0,0.0414,-73.36,36300,46130,40876,-0.007
5050,TOP,Financial Services,Capital Markets,NASDAQ,60.19,14,83.49,14,18,28,20,0.77,28245973.111450374,37068205.0,0.0152,-76.88,27990,50630,834726,0.557
5051,APPN,Technology,Software - Infrastructure,NASDAQ,60.16,14,83.31,13,18,14,85,20.53,1609193676.0009003,73412120.0,0.14,-55.43,1216830,939740,836492,0.215
5052,SSII,Healthcare,Medical Devices,NASDAQ,60.15,14,82.93,13,24,9,59,4.08,774509021.4167633,200131536.0,0.0014,-65.63,41950,45376,53296,0.791
5053,AVAV,Industrials,Aerospace & Defense,NASDAQ,60.13,14,77.09,6,20,51,90,166.45,8516327058.834274,50605071.0,0.114300005,-60.17,1175970,1130990,1754000,1.434
5054,VBIO,Healthcare,Biotechnology,NASDAQ,60.11,14,109.42,86,6,2,5,1.11,3013531.1326423287,3139095.0,0.0225,-80.18,365030,250706,367176,
5055,NTRB,Healthcare,Biotechnology,NASDAQ,60.03,14,88.03,23,21,16,37,3.65,45584936.25,12155983.0,0.043,-68.74,12570,8660,11282,-0.464
5056,CTXR,Healthcare,Biotechnology,NASDAQ,59.99,13,82.96,13,21,14,13,0.64,17569644.407287836,27452570.0,0.183,-74.19,867740,794146,795160,
5057,GP,Industrials,Farm & Heavy Construction Machinery,NASDAQ,59.99,13,103.05,78,7,5,2,1.1,5532253.219908357,5029321.0,0.0098,-82.87,208930,859433,521800,0.177
5058,HDB,Financial Services,Banks - Regional,NYSE,59.99,13,83.92,14,22,35,65,24.2,128397874713.09593,5131809447.0,0.0026,-39.2,6368290,8197283,9923522,-0.018
5059,MZTI,Consumer Defensive,Packaged Foods,NASDAQ,59.98,13,75.7,6,27,31,40,112.29,3117650562.8391724,27422381.0,0.1398,-41.2,450620,362426,338478,-0.01
5060,TKLF,Consumer Cyclical,Specialty Retail,NASDAQ,59.98,13,91.77,36,15,25,21,2.3,8643339.036128283,4232781.0,0.087299995,-46.77,11000,44956,33390,0.943
5061,TOST,Technology,Software - Infrastructure,NYSE,59.97,13,79.85,9,20,15,27,24.19,14521458881.474781,579698975.0,0.0556,-51.29,12756700,10249310,10627036,0.219
5062,COTY,Consumer Defensive,Household & Personal Products,NYSE,59.96,13,92.73,41,11,11,11,2.33,2174752127.050347,880466438.0,0.0946,-56.37,9471570,8646050,8275960,-0.013
5063,ACN,Technology,Information Technology Services,NYSE,59.95,13,82.25,12,18,23,21,172.35,111036810259.88457,615435159.0,0.0327,-47.08,5402340,5261796,6410756,0.083
5064,MGPI,Consumer Defensive,Beverages - Wineries & Distilleries,NASDAQ,59.94,13,84.02,15,20,32,18,18.63,421013385.20495987,21371237.0,0.0643,-46.76,244750,214453,267792,-0.125
5065,STIM,Healthcare,Medical Devices,NASDAQ,59.94,13,95.14,58,9,10,63,1.5,115167873.20907593,69587840.0,0.31780002,-69.07,2615300,2303253,2113928,0.078
5066,TIGR,Financial Services,Capital Markets,NASDAQ,59.93,13,85.99,18,21,25,75,6.38,1153246765.0100422,178521170.0,0.0425,-52.92,2149780,2294563,2462158,0.458
5067,FWRG,Consumer Cyclical,Restaurants,NASDAQ,59.92,13,87.26,21,16,30,35,11.68,745903132.0156574,61644885.0,0.105500005,-40.19,1410200,1436253,1606638,0.173
5068,BGSI,Consumer Cyclical,Auto & Truck Dealerships,NYSE,59.91,13,79.74,9,21,49,42,113.64,3212424296.0130615,27830064.0,1.93,-37.94,31520,54956,54140,0.055
5069,PBM,Healthcare,Biotechnology,NASDAQ,59.91,13,134.56,96,0,0,6,5.27,12819586.479930878,2293307.0,0.0188,-98.87,323170,5319340,3198858,
5070,BRO,Financial Services,Insurance Brokers,NYSE,59.9,13,78.81,8,19,20,19,55.35,19133605883.04668,338947841.0,0.0729,-51.38,4169280,3110826,3220860,0.357
5071,SDHC,Real Estate,Real Estate - Development,NYSE,59.89,13,81.84,11,21,33,21,12.6,108514341.0,8347257.0,0.27809998,-46.38,108670,117116,166584,-0.094
5072,NOMD,Consumer Defensive,Packaged Foods,NYSE,59.87,13,86.03,19,18,31,18,9.48,1319628576.701291,139791169.0,0.0148,-49.74,1910610,1345713,1521008,-0.026
5073,EU,Energy,Uranium,NASDAQ,59.87,13,78.59,8,24,57,71,1.67,324030532.68452644,195199120.0,0.1238,-60.05,3005470,2478066,3008936,-0.074
5074,RNAZ,Healthcare,Biotechnology,NASDAQ,59.86,13,72.89,4,32,26,12,7.0,6712205.9174079895,916968.0,0.0448,-66.65,8880,6573,8176,
5075,EBON,Technology,Computer Hardware,NASDAQ,59.86,13,97.45,66,8,13,22,2.35,14696640.900930405,6280616.0,0.0033000002,-60.17,3530,4830,4744,-0.213
5076,AVTR,Healthcare,Medical Instruments & Supplies,NYSE,59.85,13,88.33,24,13,18,18,7.97,5673697677.115568,682755402.0,0.0752,-49.97,10366310,9054156,9484568,0.0
5077,MKC,Consumer Defensive,Packaged Foods,NYSE,59.85,13,79.52,8,23,49,34,47.07,12990503100.355568,268843195.0,0.0,-39.78,3712130,4795156,4348328,0.167
5078,BBLG,Healthcare,Biotechnology,NASDAQ,59.85,13,94.63,55,10,8,5,1.28,2360767.002725601,1795260.0,0.004,-81.04,8050,10943,14680,
5079,FWDI,Consumer Cyclical,Footwear & Accessories,NASDAQ,59.83,13,101.79,76,12,11,86,4.94,357715755.36119556,74679699.0,0.0229,-89.26,909750,766243,887056,3.635
5080,MWG,Industrials,Rental & Leasing Services,NYSE ARCA,59.76,13,81.95,12,21,25,60,1.76,9403656.088113785,5133000.0,0.019,-70.91,476310,176183,109460,0.08
5081,SENS,Healthcare,Medical Devices,NASDAQ,59.75,13,75.91,6,23,25,12,5.77,262580924.90261793,52202965.0,0.118599996,-56.94,2160970,915490,772920,0.872
5082,ESTC,Technology,Software - Application,NYSE,59.72,13,93.45,48,11,15,54,50.38,5407927668.0,103501008.0,0.051,-47.56,1510630,1668456,1951060,0.177
5083,EH,Industrials,Aerospace & Defense,NASDAQ,59.7,13,92.19,38,16,14,22,10.21,741444051.130022,71984858.0,12.34,-51.03,494940,527930,596434,0.484
5084,ONT,Industrials,Waste Management,NYSE,59.66,13,67.9,3,44,38,68,15.92,584732703.8888168,36139227.0,0.0677,-50.25,591690,392750,381958,-0.052
5085,TASK,Technology,Information Technology Services,NASDAQ,59.63,13,82.66,13,24,17,16,5.85,590221546.9454408,91578205.0,0.12979999,-68.19,808920,659376,707182,0.103
5086,DTCX,Financial Services,Financial Data & Stock Exchanges,NASDAQ,59.6,13,100.71,74,16,7,20,2.39,85089743.5968976,36208403.0,0.0538,-85.51,317010,416983,494020,
5087,CPB,Consumer Defensive,Packaged Foods,NASDAQ,59.57,13,87.07,21,17,31,30,20.63,6213372855.413544,298146488.0,0.24129999,-42.95,6469510,7742453,9279876,-0.045
5088,AIHS,Industrials,Rental & Leasing Services,NASDAQ,59.56,13,85.0,17,16,10,2,1.14,5377836.780950189,4557489.0,0.0372,-93.29,6750,47166,58946,-0.205
5089,PNBK,Financial Services,Banks - Regional,NASDAQ,59.54,13,76.88,6,32,32,10,1.1,136787503.26478922,124352273.0,0.0352,-85.27,325490,253803,388116,
5090,SQNS,Technology,Semiconductors,NYSE,59.54,13,119.92,92,3,3,4,3.93,55345804.230195045,15995897.0,0.1145,-93.26,220060,236796,173148,-0.37
5091,ROCK,Industrials,Building Products & Equipment,NASDAQ,59.49,13,85.43,18,18,29,37,39.24,1210502955.1244469,29661919.0,0.056500003,-47.74,394640,345880,365720,0.446
5092,SAIL,Technology,Software - Infrastructure,NASDAQ,59.43,13,89.1,26,11,21,40,11.77,6937131979.356106,567222587.0,0.2644,-52.83,2713570,3009613,3142666,0.227
5093,LZ,Industrials,Specialty Business Services,NASDAQ,59.43,13,88.21,24,15,16,60,6.1,1052200812.9635277,171647764.0,0.1083,-50.81,2772080,2691776,2613868,0.129
5094,AHT,Real Estate,REIT - Hotel & Motel,NYSE,59.41,13,92.98,44,10,14,9,3.04,19947591.78588295,6476491.0,0.00090000004,-59.74,19190,23410,30670,-0.055
5095,AVNW,Technology,Communication Equipment,NASDAQ,59.37,13,64.99,2,56,64,72,15.86,204572915.45961475,12939463.0,0.054899998,-41.3,327440,263276,199234,-0.112
5096,ABT,Healthcare,Medical Devices,NYSE,59.35,13,76.71,6,23,29,55,82.56,146869684613.72083,1741813154.0,0.0139,-40.63,13788680,12738123,12613040,0.078
5097,HTOO,Utilities,Utilities - Renewable,NASDAQ,59.3,13,86.6,20,12,12,7,2.91,8238708.717560768,3017842.0,0.0196,-78.63,58800,38010,233590,3.663
5098,SGRP,Industrials,Specialty Business Services,NASDAQ,59.29,13,92.91,43,10,15,14,0.64,16837094.389401972,25129991.0,0.0058999998,-54.61,84820,62100,56516,-0.334
5099,ANY,Financial Services,Capital Markets,NASDAQ,59.29,13,124.93,94,4,2,11,1.98,6969235.200852156,3829250.0,0.03,-84.29,217120,142110,690834,0.031
5100,SNT,Industrials,Security & Protection Services,NASDAQ,59.27,13,80.68,10,18,38,85,2.63,61595566.367587805,23331653.0,0.00090000004,-50.75,15330,31253,25478,-0.143
5101,OLB,Technology,Software - Infrastructure,NASDAQ,59.27,13,88.29,24,8,3,15,0.47,6052782.483202368,12505749.0,0.0521,-81.2,481460,793500,662148,-0.352
5102,ARBE,Technology,Scientific & Technical Instruments,NASDAQ,59.27,13,112.23,88,7,15,39,0.9,98242444.02603209,122649743.0,0.0763,-68.75,1027040,1005653,1316884,3.626
5103,TEAM,Technology,Software - Application,NASDAQ,59.17,13,114.42,89,5,8,16,87.31,23245135771.980972,253767862.0,0.0792,-62.42,11189240,8925453,7840174,0.317
5104,CDW,Technology,Information Technology Services,NASDAQ,59.17,13,72.4,4,32,22,23,102.54,13387284247.251778,127753451.0,0.0533,-46.68,2599190,1834743,1759028,0.092
5105,ZEO,Technology,Solar,NASDAQ,59.15,13,111.82,88,7,12,27,0.93,106638206.41402978,119683737.0,0.0187,-74.73,109300,224756,186224,-0.004
5106,TVRD,Healthcare,Biotechnology,NASDAQ,59.13,13,112.35,88,4,8,1,3.96,39214020.4895854,9381345.0,0.0594,-90.93,49740,52630,49922,
5107,NTHI,Healthcare,Biotechnology,NASDAQ,59.07,13,90.59,31,17,74,81,5.5,137806133.6771679,25285530.0,0.024300002,-57.66,160760,91306,69602,-1.0
5108,BYND,Consumer Defensive,Packaged Foods,NASDAQ,59.04,13,102.14,76,6,6,3,0.81,429280214.7476096,515342392.0,0.3109,-89.47,79198500,84508950,61012838,-0.153
5109,FBIN,Industrials,Building Products & Equipment,NYSE,59.02,13,80.87,10,21,65,19,37.78,4551692384.019562,119844456.0,0.095699996,-41.73,3093580,2677126,2886822,-0.021
5110,UPC,Healthcare,Drug Manufacturers - Specialty & Generic,NASDAQ,59.01,13,79.24,8,20,17,13,2.65,1577346.373137951,563338.0,0.0082,-75.91,23380,11520,8930,-0.141
5111,INCR,Healthcare,Drug Manufacturers - Specialty & Generic,NASDAQ,58.99,13,91.88,36,13,13,30,0.82,45877639.33492541,54681335.0,0.0002,-53.67,31440,35863,31710,0.239
5112,RAY,Consumer Defensive,Household & Personal Products,NASDAQ,58.96,13,112.39,88,13,20,0,3.63,9968990.01620388,2975818.0,0.021,-93.83,13220,10486,12958,-0.131
5113,JACK,Consumer Cyclical,Restaurants,NASDAQ,58.9,13,98.61,69,9,42,9,13.4,263432520.51127243,19103156.0,0.3434,-54.42,660850,799693,856550,-0.058
5114,NKE,Consumer Cyclical,Footwear & Accessories,NYSE,58.89,13,81.07,10,16,33,30,42.39,65366352732.758286,1480887033.0,0.059299998,-47.12,18960140,26693276,22298412,0.001
5115,GHG,Consumer Cyclical,Lodging,NYSE,58.78,13,85.44,18,16,15,23,1.2,123094739.38669562,100897325.0,0.9,-56.77,31530,26413,24252,-0.15
5116,ATXG,Industrials,Integrated Freight & Logistics,NASDAQ,58.71,12,82.43,12,24,17,20,4.83,3951976.3353095055,781023.0,0.0145000005,-82.69,151940,128143,157725,0.128
5117,OWL,Financial Services,Asset Management,NYSE,58.68,12,99.55,71,9,18,16,10.08,7136473764.857978,675802413.0,0.2049,-52.18,39170570,32239363,32702914,0.103
5118,GTLB,Technology,Software - Infrastructure,NASDAQ,58.63,12,103.97,79,8,13,26,25.64,4386770803.84576,168851843.0,0.1137,-52.59,5935520,6023563,6544866,0.232
5119,SUPV,Financial Services,Banks - Regional,NYSE,58.6,12,80.39,9,49,29,54,8.18,749062000.3711209,93985197.0,0.0494,-51.59,887700,736803,831562,-0.298
5120,POOL,Industrials,Industrial Distribution,NASDAQ,58.57,12,77.38,7,22,34,16,184.77,6842902829.011307,36443003.0,0.11310001,-46.44,1014760,818546,786612,0.062
5121,ACXP,Healthcare,Biotechnology,NASDAQ,58.57,12,84.16,15,15,4,8,2.18,5967002.004951239,2855025.0,0.0348,-89.62,110900,165173,3872588,
5122,ZVIA,Consumer Defensive,Beverages - Non-Alcoholic,NYSE,58.51,12,104.57,80,10,11,36,1.45,104074102.8725102,71775241.0,0.040900003,-60.38,735070,479223,515520,0.212
5123,CTSH,Technology,Information Technology Services,NASDAQ,58.49,12,75.44,5,24,29,36,49.25,24444640144.348145,473000000.0,0.075500004,-43.41,7509770,6293980,6136734,0.058
5124,ZS,Technology,Software - Infrastructure,NASDAQ,58.47,12,98.97,70,9,15,80,148.87,24461090432.500854,160790703.0,0.1008,-55.82,2467090,2774786,2754204,0.259
5125,GT,Consumer Cyclical,Auto Parts,NASDAQ,58.4,12,76.34,6,23,60,22,5.95,1871225553.5994816,287438631.0,0.1275,-50.54,10118680,8303216,8524878,-0.087
5126,OMH,Real Estate,Real Estate Services,NASDAQ,58.38,12,79.08,8,20,92,93,0.94,20328995.169845223,23101131.0,0.0058999998,-71.08,13530,19886,22478,-0.129
5127,XPOF,Consumer Cyclical,Leisure,NYSE,58.32,12,70.07,3,31,37,7,5.18,234145045.61253357,41811616.0,0.2617,-53.5,558690,435953,554134,-0.21
5128,PRPL,Consumer Cyclical,"Furnishings, Fixtures & Appliances",NASDAQ,58.31,12,78.75,8,26,26,18,0.51,54521642.23491311,108825636.0,0.0293,-59.52,619240,404370,337216,-0.081
5129,FMC,Basic Materials,Agricultural Inputs,NYSE,58.24,12,75.05,5,23,16,3,13.11,1675606985.6990032,125045301.0,0.1348,-70.72,3295830,2910490,3395308,-0.041
5130,PPC,Consumer Defensive,Packaged Foods,NASDAQ,58.19,12,73.83,5,27,42,24,28.66,6923528573.860018,237921941.0,0.022,-44.3,1810860,1311140,1172278,0.016
5131,EEIQ,Consumer Defensive,Education & Training Services,NASDAQ,58.16,12,79.43,8,16,4,6,3.46,5252150.379452944,1479479.0,0.0119,-87.57,195130,1018730,2940394,-0.105
5132,CIGI,Real Estate,Real Estate Services,NASDAQ,58.16,12,77.21,6,26,25,50,95.99,5040369724.8691635,51103821.0,2.62,-44.03,316180,239956,298352,0.151
5133,NTSK,Technology,Software - Infrastructure,NASDAQ,58.15,12,107.74,84,7,10,30,11.24,4651652213.147663,400314308.0,3.15,-59.84,3801740,4241670,4743872,0.322
5134,HDSN,Basic Materials,Specialty Chemicals,NASDAQ,58.06,12,74.57,5,27,43,33,5.11,220861137.0,42068788.0,0.0324,-51.43,426150,330950,373664,0.087
5135,PSN,Technology,Information Technology Services,NYSE,58.06,12,81.1,11,22,24,57,48.74,5261203695.427254,106978521.0,0.1417,-45.54,1589440,1220903,1295896,-0.041
5136,HUIZ,Financial Services,Insurance Brokers,NASDAQ,57.99,12,85.43,18,16,18,75,1.51,17079269.018274307,10106076.0,0.0378,-66.67,9080,486856,294798,0.577
5137,HTT,Financial Services,Credit Services,NYSE,57.98,12,85.69,18,24,20,89,2.23,344729383.3226967,155283504.0,0.0033000002,-56.1,61070,112900,114488,-0.939
5138,GOGO,Communication Services,Telecom Services,NASDAQ,57.87,12,93.93,51,14,8,14,4.21,595049514.0973506,135238523.0,0.2082,-74.97,1555230,1495306,1877536,-0.017
5139,BEAT,Healthcare,Health Information Services,NASDAQ,57.83,12,78.57,7,16,22,58,0.89,47732332.38279045,53631835.0,0.0857,-77.75,677540,1223280,1725926,
5140,TRIP,Consumer Cyclical,Travel Services,NASDAQ,57.73,12,80.23,9,21,14,36,9.66,1215974193.8558683,116361169.0,0.36990002,-52.08,2999160,3417320,3670326,-0.04
5141,WAY,Healthcare,Health Information Services,NASDAQ,57.71,12,77.28,6,14,12,40,19.9,4100959448.6042156,191812891.0,0.0612,-53.23,3250300,2658426,2487002,0.224
5142,CLW,Basic Materials,Paper & Paper Products,NYSE,57.7,12,81.37,11,16,21,16,13.42,220432209.74025917,16125253.0,0.0484,-56.65,283220,189446,199646,-0.047
5143,TAOP,Technology,Software - Infrastructure,NASDAQ,57.7,12,97.5,66,9,5,4,1.34,12388128.923666954,9603201.0,0.0050999997,-93.33,6800,9493,22512,-0.026
5144,YXT,Technology,Software - Application,NASDAQ,57.66,12,93.4,48,7,16,15,0.52,31887424.663141966,59602660.0,0.0014,-55.17,62710,6274370,3801610,0.047
5145,MNDR,Healthcare,Health Information Services,NASDAQ,57.61,12,121.77,93,6,2,1,1.11,4417252.961549759,4167220.0,0.0052,-86.04,12527630,4244056,3136836,-0.077
5146,MCRB,Healthcare,Biotechnology,NASDAQ,57.51,12,84.58,16,11,15,84,7.84,74566289.95293617,9683934.0,0.0796,-73.85,59560,52430,50754,
5147,PRGO,Healthcare,Drug Manufacturers - Specialty & Generic,NYSE,57.51,12,89.46,27,12,21,8,11.07,1620286591.9783115,138367770.0,0.1558,-61.08,2400310,2778023,3344914,-0.072
5148,MDXH,Healthcare,Diagnostics & Research,NASDAQ,57.37,12,79.68,9,26,82,93,1.99,102729040.0,51364520.0,0.0005,-62.66,163810,192293,178392,0.194
5149,KD,Technology,Information Technology Services,NYSE,57.28,12,86.31,19,6,5,19,11.8,2763982625.520767,225447192.0,0.148,-73.3,5444400,4204606,3906392,-0.008
5150,MNTN,Technology,Software - Application,NYSE,57.28,12,84.98,16,10,12,8,8.28,667835490.8977232,78018161.0,0.0358,-74.52,1037600,632326,666640,0.142
5151,ULH,Industrials,Trucking,NASDAQ,57.28,12,53.59,1,59,23,6,12.56,343604755.31482506,26350058.0,0.0932,-59.17,149530,85546,75578,-0.039
5152,MMA,Consumer Cyclical,Leisure,NYSE ARCA,57.27,12,90.54,31,6,14,90,0.55,14433530.286991775,26483541.0,0.020299999,-82.08,390870,420843,451878,
5153,XTLB,Healthcare,Biotechnology,NASDAQ,57.26,12,102.36,77,13,19,13,2.85,6008644.229759216,2365608.0,0.0256,-72.28,11832110,3948606,2372967,
5154,RH,Consumer Cyclical,Specialty Retail,NYSE,57.25,12,84.5,16,15,34,8,129.2,2530623949.873886,18900769.0,0.38099998,-49.73,788480,1440790,1335790,0.037
5155,RXST,Healthcare,Medical Devices,NASDAQ,57.24,12,74.66,5,20,16,13,5.7,242170158.70211172,41396609.0,0.1417,-65.95,813510,784800,738766,-0.185
5156,ZKIN,Basic Materials,Steel,NASDAQ,57.24,12,89.88,29,31,16,94,1.4,80237229.8335681,57312308.0,0.0011999999,-64.01,8760,10046,12264,-0.435
5157,GAMB,Consumer Cyclical,Gambling,NASDAQ,57.23,12,102.54,77,9,7,6,4.36,158288334.93310928,35097190.0,0.0691,-70.84,1239000,761480,739902,0.31
5158,LULU,Consumer Cyclical,Apparel Retail,NASDAQ,57.21,12,76.3,6,22,21,11,126.34,15388871600.02771,117311118.0,0.0543,-62.87,3279920,2875026,3025446,0.008
5159,MTEK,Technology,Electronic Components,NASDAQ,57.2,12,79.46,8,29,25,6,1.16,11347392.003780127,9698626.0,0.0544,-72.83,129560,129170,1022256,-0.793
5160,BMI,Technology,Scientific & Technical Instruments,NYSE,57.14,12,78.7,8,29,23,25,116.67,3459073658.4259796,29185570.0,0.1586,-54.44,577120,742103,591958,-0.09
5161,KSCP,Industrials,Security & Protection Services,NASDAQ,57.12,12,80.82,10,20,12,20,2.9,48685910.02528596,16282913.0,0.1447,-71.4,429070,553813,575162,-0.098
5162,WXM,Industrials,Industrial Distribution,NASDAQ,57.11,12,107.6,84,7,8,0,0.52,5739068.744433939,10248337.0,0.0017,-87.68,69440,36140,33684,-0.517
5163,DOCS,Healthcare,Health Information Services,NYSE,57.06,12,99.46,71,6,7,23,26.26,4891287508.416252,188271270.0,0.115200005,-65.68,2618370,3097843,2859276,0.098
5164,SHAK,Consumer Cyclical,Restaurants,NYSE,57.03,12,62.54,2,50,29,21,64.5,2830200317.8518677,40350732.0,0.2025,-55.41,3529790,1878613,1670088,0.143
5165,UPST,Financial Services,Credit Services,NASDAQ,57.0,12,86.9,20,12,12,10,28.69,2771806950.6134415,95711569.0,0.33400002,-67.14,5369380,4677126,4869240,0.446
5166,HTLM,Consumer Cyclical,Specialty Retail,NASDAQ,56.96,12,89.69,28,12,20,22,1.79,157849999.14467335,89687500.0,0.0086,-57.28,2780,6923,12116,0.07
5167,JBI,Industrials,Building Products & Equipment,NYSE,56.93,12,83.54,14,19,34,13,5.08,710604716.5929594,136392459.0,0.0344,-52.96,1778980,1485870,1799090,-0.02
5168,INMB,Healthcare,Biotechnology,NASDAQ,56.92,12,93.49,48,13,12,3,1.35,38016917.545547724,26585258.0,0.1659,-88.4,238600,278166,384518,
5169,HMR,Industrials,Marine Shipping,NASDAQ,56.9,12,89.57,28,20,10,5,0.81,48963356.52546483,58991997.0,0.0027,-71.68,46890,48070,97132,3.719
5170,ENLV,Healthcare,Biotechnology,NASDAQ,56.87,12,77.04,6,24,38,37,0.74,185607512.88236046,241048724.0,0.0023,-64.76,279390,470930,616960,
5171,BEEP,Industrials,Infrastructure Operations,NASDAQ,56.82,12,88.67,25,15,30,34,2.22,74558357.4829483,41192464.0,0.0242,-52.46,44670,33236,32772,-0.043
5172,TDIC,Communication Services,Advertising Agencies,NASDAQ,56.8,12,127.73,94,2,1,0,1.04,34474110.74513769,27801702.0,0.014199999,-97.37,547100,3032452,1866321,0.289
5173,PMNT,Consumer Cyclical,Apparel Manufacturing,NYSE ARCA,56.77,12,80.99,10,9,14,23,0.24,11811492.189973593,46871000.0,0.3089,-73.57,304750,21680343,13867338,-0.0
5174,CBZ,Industrials,Specialty Business Services,NYSE,56.72,12,91.31,34,7,8,15,30.28,1658818797.5330734,53648732.0,0.099,-61.13,1278290,1026763,1166134,0.013
5175,SE,Consumer Cyclical,Internet Retail,NYSE,56.61,11,88.8,25,13,19,40,84.87,53120784649.12987,612484522.0,0.0575,-57.42,4090890,3797820,4999788,0.384
5176,LGPS,Industrials,Conglomerates,NYSE ARCA,56.59,11,81.97,12,12,9,16,0.7,16728944.117402315,23628452.0,0.02,-90.28,58480,43673,30574,-0.018
5177,NOW,Technology,Software - Application,NYSE,56.54,11,88.58,25,10,11,30,91.49,94034663754.73022,1031308000.0,0.0378,-56.74,22621090,26367486,22476898,0.221
5178,OPCH,Healthcare,Medical Care Facilities,NASDAQ,56.51,11,63.86,2,34,67,47,19.83,3220634142.9807434,157027504.0,0.101,-46.11,6348640,3192556,2618790,0.013
5179,ARQ,Industrials,Pollution & Treatment Controls,NASDAQ,56.45,11,101.89,76,7,23,9,2.73,113325325.62314367,42926258.0,0.043899998,-65.4,386800,410043,978624,0.066
5180,AI,Technology,Software - Infrastructure,NYSE,56.43,11,97.76,67,8,11,11,9.48,1434024344.5127392,145291222.0,0.3312,-68.65,4014370,4503480,4956954,-0.461
5181,IOTR,Communication Services,Telecom Services,NASDAQ,56.42,11,76.51,6,19,14,5,2.18,5912327.47623229,2565001.0,0.052800003,-70.82,17230,310826,197392,0.398
5182,CVKD,Healthcare,Biotechnology,NASDAQ,56.42,11,100.61,73,7,6,17,5.52,18746524.699703217,3078247.0,0.0166,-66.03,80890,58493,54304,
5183,IVDA,Industrials,Security & Protection Services,NASDAQ,56.41,11,109.78,86,2,2,5,0.32,3676114.346075654,11139740.0,0.0076,-88.15,333630,429240,593472,-0.641
5184,FMFC,Consumer Cyclical,Footwear & Accessories,NASDAQ,56.38,11,102.41,77,11,2,0,0.42,7502999.9345541,18300000.0,0.024300002,-97.33,118100,225366,646922,-0.17
5185,ARHS,Consumer Cyclical,Specialty Retail,NASDAQ,56.34,11,75.21,5,21,31,24,6.12,920718132.5179749,141540064.0,0.0616,-52.85,1571380,1343866,1362254,0.009
5186,VRRM,Technology,Information Technology Services,NASDAQ,56.26,11,82.38,12,14,22,39,13.79,2172265166.8738947,151906653.0,0.0247,-46.61,1872520,1597566,1638306,0.001
5187,BTCT,Technology,Computer Hardware,NASDAQ,56.21,11,92.07,37,8,7,5,1.19,11610709.772282839,9516975.0,0.026300002,-75.16,56970,115383,99258,0.23
5188,UTZ,Consumer Defensive,Packaged Foods,NYSE,56.21,11,80.41,9,15,21,20,7.21,663246787.5,88432905.0,0.0862,-50.85,1981240,1870690,1879108,0.026
5189,OLLI,Consumer Defensive,Discount Stores,NASDAQ,56.15,11,74.9,5,21,37,65,75.73,4986964924.202927,60661294.0,0.0731,-46.57,1301330,1354330,1468368,0.168
5190,AZTR,Healthcare,Biotechnology,NYSE ARCA,56.07,11,93.47,48,5,3,1,0.23,3789030.4495336413,16192438.0,0.0344,-90.42,529550,755890,14575950,
5191,FLO,Consumer Defensive,Packaged Foods,NYSE,56.03,11,84.1,15,15,25,13,8.22,1788068492.5814886,211856467.0,0.13939999,-53.43,5219100,4699683,5117702,0.068
5192,GURE,Basic Materials,Chemicals,NASDAQ,55.94,11,75.56,5,53,51,7,3.57,5219010.251503229,1539531.0,0.004,-69.82,112860,74863,62338,3.034
5193,ZENA,Technology,Software - Infrastructure,NASDAQ,55.91,11,83.78,14,11,20,74,1.99,158660691.35949683,77395461.0,0.0579,-72.01,2321880,2038046,1977348,6.708
5194,TGLS,Basic Materials,Building Materials,NYSE,55.89,11,78.83,8,20,27,9,38.69,1852998338.765602,46569447.0,0.106400006,-57.17,369660,352100,491690,0.12
5195,ZG,Communication Services,Internet Content & Information,NASDAQ,55.86,11,84.47,16,12,13,32,40.65,9595947597.18853,228801810.0,0.13229999,-54.94,1261500,971900,1051148,0.184
5196,ELBM,Basic Materials,Other Industrial Metals & Mining,NASDAQ,55.83,11,96.77,64,10,20,18,0.64,66807483.876938224,103738330.0,0.0128,-92.64,1908690,1074693,995802,
5197,ISPR,Consumer Defensive,Tobacco,NASDAQ,55.83,11,84.1,15,18,87,9,1.65,99684363.90635872,57289864.0,0.0468,-57.36,77780,70876,117694,-0.287
5198,NTCL,Technology,Software - Application,NASDAQ,55.8,11,101.58,75,17,1,3,0.45,22178874.76583004,59942904.0,0.002,-98.52,1596740,704206,632780,-0.029
5199,XPON,Industrials,Electrical Equipment & Parts,NASDAQ,55.8,11,86.5,19,21,11,22,0.63,7343387.539622426,11438298.0,0.028399998,-88.55,127570,179203,202144,0.118
5200,GO,Consumer Defensive,Grocery Stores,NASDAQ,55.7,11,93.63,49,12,19,12,7.85,810176642.1703949,98922672.0,0.4028,-59.56,2529900,2865983,4149502,0.107
5201,MNDY,Technology,Software - Application,NASDAQ,55.66,11,105.04,81,4,5,14,76.91,3715313922.677742,51551463.0,0.1466,-75.74,2217820,1760273,1676754,0.246
5202,PLCE,Consumer Cyclical,Apparel Manufacturing,NASDAQ,55.56,11,90.28,30,9,11,87,3.17,72188610.0,22211880.0,0.3975,-66.84,218950,423663,372196,-0.194
5203,EHTH,Financial Services,Insurance Brokers,NASDAQ,55.46,11,101.82,76,4,5,24,1.83,59990523.565941095,31741018.0,0.0639,-68.93,457040,499606,693078,-0.222
5204,HOTH,Healthcare,Biotechnology,NASDAQ,55.45,11,85.97,18,7,28,73,0.66,12815521.129226983,19127643.0,0.3081,-68.79,293220,4868303,3089638,
5205,NVX,Industrials,Electrical Equipment & Parts,NASDAQ,55.33,11,88.58,25,10,17,21,0.71,151829314.58077997,215360735.0,0.0194,-81.61,267690,287940,350768,-0.101
5206,WK,Technology,Software - Application,NYSE,55.33,11,74.03,5,18,20,72,46.42,2878360794.8187866,56119336.0,0.082600005,-52.19,1469030,1113003,974278,0.199
5207,OI,Consumer Cyclical,Packaging & Containers,NYSE,55.31,11,74.77,5,25,69,57,9.05,1424152934.4220858,153299563.0,0.1189,-46.48,4137550,2429010,2564128,-0.017
5208,PW,Real Estate,REIT - Specialty,NYSE ARCA,55.26,11,69.47,3,33,37,9,0.62,2313533.2324892282,3672275.0,0.0179,-68.37,69400,50803,36988,-0.112
5209,SSM,Consumer Cyclical,Auto Manufacturers,NASDAQ,55.24,11,62.65,2,36,43,71,4.36,6474566.391757965,1464834.0,0.0018000001,-84.28,242190,82396,50696,
5210,FLUX,Industrials,Electrical Equipment & Parts,NASDAQ,55.21,11,80.69,10,12,15,56,1.01,22002223.87884593,21361383.0,0.0347,-86.62,178000,131500,135048,-0.607
5211,IXHL,Healthcare,Drug Manufacturers - Specialty & Generic,NASDAQ,55.1,11,102.33,77,4,10,20,4.53,63999375.47389412,13973663.0,0.0657,-90.9,339820,459580,583702,
5212,XCUR,Healthcare,Biotechnology,NASDAQ,55.03,11,80.91,10,12,21,12,3.38,21480092.820563316,6373915.0,0.0191,-71.5,13290,15470,18912,
5213,HLNE,Financial Services,Asset Management,NASDAQ,55.02,11,81.9,12,18,26,22,88.56,3910541096.0,43938664.0,0.099700004,-50.58,1064670,899840,871244,0.18
5214,WDAY,Technology,Software - Application,NASDAQ,54.99,11,88.06,23,10,13,34,121.42,31917304441.5179,249685551.0,0.0923,-56.01,4457340,4840160,4950330,0.145
5215,CAI,Healthcare,Biotechnology,NASDAQ,54.93,11,78.33,7,17,20,19,15.94,4564999993.922796,282662545.0,0.102299996,-62.49,2868300,2158530,2388488,0.788
5216,LOCL,Consumer Defensive,Farm Products,NYSE,54.9,11,77.45,7,9,18,53,1.41,34876652.287824154,22795198.0,0.075100005,-64.71,71830,2926080,1765322,0.237
5217,ENTX,Healthcare,Biotechnology,NASDAQ,54.85,11,94.37,54,14,15,87,1.17,70785033.80362034,54450028.0,0.004,-63.66,139590,206430,192010,-1.0
5218,ACCL,Industrials,Consulting Services,NASDAQ,54.8,11,93.17,46,6,4,49,1.45,20087856.79821968,13949900.0,0.020299999,-71.0,16870,54073,59292,0.007
5219,GHI,Financial Services,Mortgage Finance,NYSE,54.74,11,86.0,18,13,30,11,5.09,127473175.5046463,23562510.0,0.0116,-59.18,67550,110820,139704,-0.156
5220,DERM,Healthcare,Drug Manufacturers - Specialty & Generic,NASDAQ,54.72,11,85.59,18,19,61,83,5.0,138646485.91432858,27346446.0,0.2486,-47.67,178160,205373,240636,0.181
5221,LFCR,Healthcare,Drug Manufacturers - Specialty & Generic,NASDAQ,54.72,11,82.76,13,18,39,76,4.5,179670058.09912968,37509407.0,0.0871,-49.89,196020,307960,375770,
5222,BLKB,Technology,Software - Application,NASDAQ,54.67,11,81.72,11,11,20,30,34.36,1722453975.0,45932106.0,0.083500005,-54.11,685490,600676,582500,0.042
5223,HAIN,Consumer Defensive,Packaged Foods,NASDAQ,54.63,11,87.61,22,12,9,7,0.73,60055210.786379576,90992740.0,0.139,-67.12,1437800,1151026,1291982,-0.067
5224,UCL,Communication Services,Telecom Services,NASDAQ,54.59,11,77.71,7,26,31,85,1.12,43806086.59180999,38092250.0,0.0002,-73.27,7360,7063,7266,-0.146
5225,Z,Communication Services,Internet Content & Information,NASDAQ,54.57,11,84.06,15,12,12,31,40.44,9479259058.124771,228801810.0,0.0801,-56.92,3256860,3198190,3663534,0.184
5226,SMR,Industrials,Specialty Industrial Machinery,NYSE,54.54,11,106.12,82,6,10,25,13.29,4343627667.76444,346105785.0,0.2352,-76.85,31129700,35325500,29076214,-0.958
5227,BZFD,Communication Services,Internet Content & Information,NASDAQ,54.45,11,97.65,66,8,11,5,0.73,30976672.841478765,37638727.0,0.048,-72.76,1009560,466153,390824,0.006
5228,ERII,Industrials,Pollution & Treatment Controls,NASDAQ,54.45,11,69.98,3,23,60,41,8.7,470608220.56888676,51545259.0,0.0442,-52.51,1208380,976956,978454,0.203
5229,DXC,Technology,Information Technology Services,NYSE,54.44,11,66.99,3,28,28,19,8.88,1600836502.8966293,169759963.0,0.1933,-48.55,6143400,4018530,3398004,-0.012
5230,LESL,Consumer Cyclical,Specialty Retail,NASDAQ,54.4,11,97.37,66,7,2,1,1.48,14999685.883274674,9316575.0,0.1627,-92.03,87270,144706,133012,-0.16
5231,NAMM,Basic Materials,Gold,NASDAQ,54.35,11,70.88,4,58,25,1,1.65,86627426.44855487,54482657.0,1.12,-97.0,551180,519390,650628,0.051
5232,GPK,Consumer Cyclical,Packaging & Containers,NYSE,54.28,11,92.74,42,10,14,12,10.22,3145282957.671624,295887387.0,0.1571,-56.99,8788600,6961236,7737256,0.017
5233,AZTA,Healthcare,Medical Instruments & Supplies,NASDAQ,54.28,11,69.22,3,19,30,30,17.95,885877137.6315308,46091424.0,0.18879999,-56.99,1662400,1140723,1103230,0.01
5234,RYOJ,Industrials,Consulting Services,NASDAQ,54.24,10,82.06,12,20,22,92,1.92,23330999.779701233,11550000.0,0.0005,-83.2,36780,15036,22104,-0.343
5235,TGHL,Technology,Software - Infrastructure,NASDAQ,54.23,10,95.8,60,7,3,0,0.37,8854933.699201375,25299811.0,0.0172,-91.29,27120,82870,59960,-0.649
5236,NYXH,Healthcare,Medical Instruments & Supplies,NASDAQ,54.2,10,97.27,65,8,15,13,3.33,142339433.36360288,43662403.0,0.010199999,-61.46,23890,34753,44490,3.469
5237,XYF,Financial Services,Credit Services,NYSE,54.2,10,103.02,78,8,7,76,4.9,192580865.0,38516173.0,0.0155,-75.93,124400,144570,161704,-0.141
5238,GPMT,Real Estate,REIT - Mortgage,NYSE,54.14,10,85.02,17,15,21,53,1.42,70441850.12099147,47919625.0,0.0057,-54.41,106690,151076,155784,0.928
5239,DJT,Communication Services,Internet Content & Information,NASDAQ,54.12,10,86.08,19,12,14,6,8.83,2473197768.559601,276953828.0,0.08979999,-68.21,4078490,3595523,3647306,
5240,HIHO,Industrials,Metal Fabrication,NASDAQ,54.08,10,87.7,22,11,12,20,0.78,3640007.1464853287,4666676.0,0.0154,-64.71,9940,38106,61324,-0.405
5241,PTLO,Consumer Cyclical,Restaurants,NASDAQ,54.07,10,66.66,3,22,21,5,4.12,311238133.2055721,72380958.0,0.1442,-69.59,2724570,1786593,1588044,0.035
5242,BLDR,Industrials,Building Products & Equipment,NYSE,54.07,10,75.75,6,18,40,16,74.88,8325134566.523346,107559876.0,0.080299996,-50.42,3461520,2462046,2516928,-0.101
5243,HKPD,Healthcare,Medical Distribution,NASDAQ,54.06,10,83.43,14,14,14,25,0.59,14616990.798950672,23499986.0,0.0001,-78.62,16780,26610,23596,-0.357
5244,PSQH,Technology,Software - Application,NYSE,54.05,10,110.65,87,4,5,13,0.74,34498292.82511103,48726402.0,0.0001,-73.94,325220,336580,791712,1.09
5245,SPHL,Consumer Cyclical,Residential Construction,NASDAQ,54.04,10,92.9,43,23,32,11,2.67,6446645.634280682,2261981.0,0.0162,-89.37,9110,10620,14012,0.058
5246,BBNX,Healthcare,Medical Devices,NASDAQ,53.97,10,84.25,15,18,17,90,9.85,430020339.7510624,44561695.0,0.1609,-69.89,698890,1072876,1074914,0.566
5247,SMXT,Technology,Solar,NASDAQ,53.92,10,81.14,11,14,15,26,0.56,33745596.89751315,56906572.0,0.0179,-77.6,79960,190913,183130,6.235
5248,OWLS,Technology,Software - Infrastructure,NASDAQ,53.91,10,96.44,63,6,4,0,5.98,527793777.32133245,88407671.0,4.4392,-93.36,30710,35523,28838,0.017
5249,LASE,Industrials,Specialty Industrial Machinery,NASDAQ,53.89,10,97.98,67,5,3,23,0.85,33453175.910704136,38319788.0,0.1415,-87.44,1761230,2188783,1945190,0.902
5250,QFIN,Financial Services,Credit Services,NASDAQ,53.88,10,93.19,46,10,10,13,13.18,1601037228.155342,121751884.0,0.0162,-71.96,815440,1063666,1262318,-0.087
5251,VTGN,Healthcare,Biotechnology,NASDAQ,53.86,10,107.54,83,7,1,84,0.67,24168393.93677318,39620317.0,0.0616,-86.96,543650,809446,678928,0.295
5252,YHGJ,Consumer Cyclical,Packaging & Containers,NASDAQ,53.8,10,95.54,59,7,10,29,2.95,9090770.5,2597363.0,0.0047999998,-71.9,4920,3810,5416,0.053
5253,PD,Technology,Software - Application,NYSE,53.74,10,96.3,62,6,6,31,6.9,558774152.2360573,76649404.0,0.16239999,-61.67,1801530,2365660,2778314,0.027
5254,AORT,Healthcare,Medical Devices,NYSE,53.74,10,59.13,1,63,58,87,23.81,1232283352.6000977,48496000.0,0.0482,-50.65,1010780,632410,527416,0.175
5255,CYN,Technology,Software - Application,NASDAQ,53.57,10,95.05,57,6,3,6,1.65,22181497.96511066,13608281.0,0.1361,-96.03,230430,303810,1747224,-0.778
5256,TRUP,Financial Services,Insurance - Property & Casualty,NASDAQ,53.57,10,83.33,13,14,20,19,23.84,1073499842.5438232,43620472.0,0.0996,-58.81,491570,378976,391388,0.123
5257,PRGS,Technology,Software - Infrastructure,NASDAQ,53.56,10,87.33,21,12,19,19,28.37,1256888116.0137749,42078610.0,0.13520001,-56.69,636440,1091213,1017146,0.041
5258,GLMD,Healthcare,Biotechnology,NASDAQ,53.54,10,89.28,27,15,7,10,0.58,4032388.603440881,6599654.0,0.0785,-75.21,104690,6238093,3751610,
5259,SEGG,Consumer Cyclical,Gambling,NASDAQ,53.49,10,147.96,97,7,2,2,1.43,21605716.197507024,15108893.0,0.086,-94.59,8932150,4515626,2887708,-0.314
5260,BTAI,Healthcare,Drug Manufacturers - Specialty & Generic,NASDAQ,53.47,10,95.53,59,9,21,7,1.2,33030995.69461012,27074586.0,0.1489,-85.15,794570,990890,1878332,-0.301
5261,MAMO,Consumer Cyclical,Recreational Vehicles,NASDAQ,53.45,10,93.86,51,4,4,61,1.0,41224540.897119045,41640950.0,0.0056,-82.11,100230,2269213,1421174,0.157
5262,SPT,Technology,Software - Application,NASDAQ,53.4,10,100.21,73,6,7,6,6.56,444612274.3299365,60082739.0,0.1283,-74.25,1608100,1507303,1659614,0.112
5263,FTLF,Consumer Defensive,Packaged Foods,NASDAQ,53.39,10,82.87,13,12,27,74,9.55,89684739.39120483,9391072.0,0.0425,-54.48,29220,36923,29000,0.726
5264,BCTX,Healthcare,Biotechnology,NASDAQ,53.35,10,92.42,39,5,4,33,4.16,30379540.944876194,7250487.0,0.0313,-88.82,97840,141703,184186,
5265,MBC,Consumer Cyclical,"Furnishings, Fixtures & Appliances",NYSE,53.31,10,69.9,3,19,38,17,7.26,973962746.9877863,127984590.0,0.1991,-48.95,3719260,2493120,2566456,-0.064
5266,HSDT,Financial Services,Asset Management,NASDAQ,53.29,10,103.29,78,4,2,2,2.23,122175588.13453674,55034048.0,0.0274,-99.14,150570,392470,349918,33.395
5267,NIXX,Industrials,Staffing & Employment Services,NASDAQ,53.25,10,79.14,8,18,4,10,0.59,16926093.32448721,26892426.0,0.075500004,-76.11,356740,804830,943180,
5268,NSPR,Healthcare,Medical Devices,NASDAQ,53.24,10,85.38,17,15,22,27,1.25,53926924.73198426,46892979.0,0.0007,-57.34,1297190,465893,300556,0.616
5269,WFF,Industrials,Specialty Industrial Machinery,NASDAQ,53.24,10,119.95,92,4,6,2,1.92,8715771.236092567,5038018.0,0.015800001,-98.69,14680,35533,141787,0.552
5270,PASG,Healthcare,Biotechnology,NASDAQ,53.21,10,57.7,1,62,60,71,4.4,13504884.432368279,3207811.0,0.026500002,-78.0,87440,116600,87314,
5271,HSCS,Healthcare,Medical Devices,NASDAQ,53.18,10,81.3,11,11,35,32,1.94,6146470.832955837,3184700.0,0.0093,-70.02,28080,26603,19642,
5272,EXFY,Technology,Software - Application,NASDAQ,53.16,10,91.08,33,8,15,12,0.97,98849069.67573607,96438119.0,0.0557,-63.26,569960,599453,821092,-0.049
5273,LTRN,Healthcare,Biotechnology,NASDAQ,53.15,10,96.7,64,13,16,24,2.09,23739862.62190008,11304697.0,0.15529999,-63.61,177050,929790,720032,
5274,WBUY,Consumer Cyclical,Internet Retail,NASDAQ,53.12,10,94.97,57,11,7,3,1.21,6796569.012271881,5481104.0,0.0247,-90.69,46020,2639173,1590990,
5275,STKH,Consumer Defensive,Packaged Foods,NASDAQ,53.07,10,94.83,56,7,3,1,1.81,11120196.305415392,6177887.0,0.0187,-93.7,7770,10066,10470,
5276,MMYT,Consumer Cyclical,Travel Services,NASDAQ,52.9,10,93.89,51,8,15,17,46.29,4538446479.755585,94867192.0,0.1145,-58.14,931190,1437146,1533846,0.106
5277,SRAD,Technology,Software - Application,NASDAQ,52.87,10,80.89,10,18,17,37,12.8,3859209661.19034,295951662.0,0.1022,-60.27,4676270,4547550,3793864,0.113
5278,GSHD,Financial Services,Insurance Brokers,NASDAQ,52.81,10,80.65,10,9,14,13,40.16,967183386.3474274,23670665.0,0.11310001,-65.01,348270,409520,429032,0.233
5279,FLD,Financial Services,Capital Markets,NASDAQ,52.81,10,98.72,69,5,5,8,1.47,69442524.6216991,50687974.0,0.0176,-73.44,117740,105396,140390,
5280,MYSZ,Technology,Software - Application,NASDAQ,52.74,10,80.31,9,12,8,22,0.55,2794535.039588213,4818164.0,0.0165,-66.67,32730,47160,47276,1.271
5281,COSM,Healthcare,Medical Distribution,NASDAQ,52.7,10,79.17,8,14,12,72,0.31,17373968.0307329,52331231.0,0.0123000005,-76.52,715780,1257620,914428,0.385
5282,NABL,Technology,Information Technology Services,NYSE,52.69,10,74.58,5,14,15,27,4.09,883494190.8790922,188378290.0,0.044699997,-54.76,1072240,1091443,1278366,0.131
5283,MBIO,Healthcare,Biotechnology,NASDAQ,52.68,10,80.76,10,9,14,10,0.66,5273923.840244651,7577477.0,0.015,-90.57,37310,38170,38068,
5284,MTEX,Consumer Defensive,Food Distribution,NASDAQ,52.57,10,86.55,19,13,18,66,5.09,10999118.631944656,1929670.0,0.0248,-59.12,90040,43156,27178,-0.082
5285,CHKP,Technology,Software - Infrastructure,NASDAQ,52.57,10,72.75,4,18,24,47,115.42,11979475620.879326,104232799.0,0.0631,-50.63,2874170,1699830,1395866,0.048
5286,INDP,Healthcare,Biotechnology,NASDAQ,52.54,10,72.18,4,6,4,1,1.76,4215569.109307766,2242324.0,0.0833,-91.16,67790,73436,62678,
5287,AVD,Basic Materials,Agricultural Inputs,NYSE,52.5,10,91.4,34,14,51,42,2.92,86675861.03157878,28605895.0,0.0395,-50.68,224490,319396,384300,0.067
5288,PSTV,Healthcare,Biotechnology,NASDAQ,52.49,10,96.85,64,6,7,27,6.04,41995604.45470333,6862027.0,0.1973,-74.3,120660,485002,350052,-0.032
5289,GAIA,Communication Services,Entertainment,NASDAQ,52.47,10,72.47,4,19,16,19,2.33,64804289.11151123,25314176.0,0.0301,-63.54,96790,74150,78020,0.02
5290,IMA,Healthcare,Biotechnology,NASDAQ,52.37,10,88.4,24,16,13,6,5.61,59666597.26973534,11279130.0,0.64,-68.83,55140,695536,431046,
5291,BSX,Healthcare,Medical Devices,NYSE,52.35,10,78.53,7,15,18,51,53.37,80159135257.06961,1486355179.0,0.0173,-51.26,19077580,19305800,16653512,0.116
5292,BHST,Consumer Defensive,Packaged Foods,NASDAQ,52.34,10,77.69,7,17,15,51,3.69,89991333.38853216,22667842.0,0.0034,-71.17,58590,37343,29882,0.246
5293,MNTS,Industrials,Aerospace & Defense,NASDAQ,52.3,9,109.82,86,3,2,3,5.62,33742832.99574852,6180006.0,0.2515,-87.1,2387390,3275240,2156726,0.274
5294,PONY,Technology,Information Technology Services,NASDAQ,52.3,9,81.08,10,26,35,26,9.11,4027601010.831702,433541553.0,0.0728,-63.44,4065670,3928926,4719302,-0.18
5295,ECX,Consumer Cyclical,Auto Parts,NASDAQ,52.29,9,85.99,18,18,34,82,1.08,434408376.3088932,381059984.0,0.028399998,-60.0,1127970,1073280,3393778,0.129
5296,IQ,Communication Services,Entertainment,NASDAQ,52.25,9,84.21,15,15,28,40,1.17,1158029728.0159652,965024735.0,0.15640001,-58.8,8266520,10200666,10448918,0.027
5297,KNDI,Consumer Cyclical,Recreational Vehicles,NASDAQ,52.25,9,76.87,6,23,25,17,0.66,70290754.30295557,100415365.0,0.0150999995,-62.71,148030,125213,320680,-0.323
5298,FOUR,Technology,Software - Infrastructure,NYSE,52.16,9,80.61,10,12,14,15,41.47,3377825729.175598,79328924.0,0.1926,-61.78,2050120,1752593,2172516,0.321
5299,NAGE,Healthcare,Biotechnology,NASDAQ,51.96,9,78.11,7,15,17,25,3.98,332116849.6663799,79644327.0,0.1028,-72.91,1140970,820083,1267204,0.033
5300,SDEV,Financial Services,Asset Management,NYSE ARCA,51.8,9,98.56,69,6,56,98,1.65,43398797.14304197,26625029.0,0.1161,-98.35,101270,174236,380360,
5301,NCNA,Healthcare,Biotechnology,NASDAQ,51.8,9,95.29,58,5,6,5,1.97,8781758.373391867,4161971.0,0.040599998,-95.08,35050,37276,43638,
5302,CPOP,Communication Services,Entertainment,NASDAQ,51.76,9,88.06,23,8,9,16,0.3,24745589.248924196,81939041.0,0.0008,-88.51,27850,190420,132632,1.816
5303,CERT,Healthcare,Health Information Services,NASDAQ,51.76,9,77.7,7,10,15,15,5.13,967481233.4066687,153325078.0,0.2292,-63.04,3143510,3757556,3836288,0.033
5304,TWG,Consumer Defensive,Food Distribution,NASDAQ,51.75,9,85.75,18,13,9,6,3.34,85772750.09723377,25913218.0,0.0019,-87.33,199330,112276,77302,-0.056
5305,DFLI,Industrials,Electrical Equipment & Parts,NASDAQ,51.73,9,92.44,39,11,6,91,2.0,25147979.998981237,12148783.0,0.103999995,-92.34,421160,445243,481284,0.069
5306,AIRO,Industrials,Aerospace & Defense,NASDAQ,51.7,9,88.19,24,7,9,4,7.93,230757728.6771164,31438382.0,0.0923,-79.7,428110,523256,576140,0.215
5307,ATLN,Industrials,Staffing & Employment Services,NASDAQ,51.69,9,57.01,1,77,44,21,1.56,119037406.5,79358271.0,0.0128999995,-70.29,1773630,636620,439306,-0.073
5308,KVYO,Technology,Software - Application,NYSE,51.48,9,73.97,5,14,11,22,15.52,4552045967.146619,299279813.0,0.0884,-58.93,10111480,6069736,5115744,0.279
5309,SOS,Financial Services,Capital Markets,NYSE,51.46,9,91.31,34,7,10,4,1.1,10160831.27249837,8913010.0,0.073699996,-88.57,24450,51156,127822,0.481
5310,TPET,Energy,Oil & Gas E&P,NYSE ARCA,51.45,9,72.38,4,9,5,16,0.43,15458709.158562124,33826498.0,0.1858,-82.8,3945150,8688600,46149028,10.294
5311,EVGO,Consumer Cyclical,Specialty Retail,NASDAQ,51.45,9,87.44,22,12,30,18,1.98,617752605.0315957,313579998.0,0.3491,-61.78,4374810,4005286,4684262,0.455
5312,OPAD,Real Estate,Real Estate Services,NYSE,51.38,9,79.59,8,6,8,72,0.66,31702962.29970187,47317853.0,0.1291,-89.61,749820,715063,740468,-0.502
5313,AMWD,Consumer Cyclical,"Furnishings, Fixtures & Appliances",NASDAQ,51.36,9,72.42,4,18,35,16,36.49,562095001.7777252,14569595.0,0.1159,-49.43,314410,204810,245536,-0.184
5314,MOBX,Technology,Semiconductors,NASDAQ,51.34,9,78.99,8,13,2,12,2.24,21289692.0,10644846.0,0.1515,-84.44,538670,971813,6965936,-0.408
5315,VRM,Financial Services,Credit Services,NASDAQ,51.26,9,77.12,6,16,18,15,12.45,64196082.952775955,5206495.0,0.047399998,-64.42,7050,9643,15226,-0.093
5316,FNGR,Communication Services,Telecom Services,NASDAQ,51.25,9,79.86,9,11,20,18,0.84,50250672.12168193,61281308.0,0.0216,-83.85,259940,232316,212488,-0.321
5317,HERE,Consumer Cyclical,Leisure,NASDAQ,51.23,9,84.48,16,11,26,80,3.24,179469226.90673947,54384615.0,0.0542,-79.28,69780,90240,131016,-0.756
5318,CFND,Financial Services,Asset Management,NYSE,51.14,9,85.57,18,10,9,17,3.5,23548011.729063988,6766670.0,0.07,-64.21,35980,24870,23762,
5319,LPCN,Healthcare,Biotechnology,NASDAQ,51.06,9,65.84,2,10,98,23,2.32,19538878.66652012,8244253.0,0.0196,-81.24,130020,722700,474798,-0.672
5320,VIOT,Consumer Cyclical,"Furnishings, Fixtures & Appliances",NASDAQ,50.94,9,86.53,19,12,17,88,0.98,66648513.34203005,67321730.0,0.0062,-77.37,178550,194880,268038,-0.259
5321,REFR,Technology,Electronic Components,NASDAQ,50.92,9,74.13,5,17,14,76,0.76,26061165.75,34748221.0,0.0105,-71.85,55130,32530,34114,-0.756
5322,DEFT,Financial Services,Capital Markets,NASDAQ,50.92,9,99.18,70,7,4,6,0.74,282301824.2598955,387777239.0,0.0493,-85.05,3371900,9366100,6867896,
5323,RYAN,Financial Services,Insurance - Specialty,NYSE,50.92,9,80.1,9,13,19,28,31.29,4053647269.016556,129468136.0,0.0854,-56.84,3760730,2550930,2227422,0.158
5324,SPSC,Technology,Software - Application,NASDAQ,50.89,9,84.65,16,8,13,9,52.78,2073166326.75531,36712702.0,0.0828,-65.54,621080,609256,647854,0.058
5325,SCNX,Healthcare,Pharmaceutical Retailers,NASDAQ,50.81,9,108.12,84,8,7,4,0.4,16252326.642178535,40630816.0,0.051,-84.62,448160,709376,3647528,
5326,JFIN,Financial Services,Credit Services,NASDAQ,50.75,9,94.43,54,7,13,29,4.97,259031242.7189312,52329546.0,0.0089,-74.15,42750,68506,64052,-0.224
5327,MGRX,Healthcare,Health Information Services,NASDAQ,50.6,9,102.01,76,4,2,19,0.42,6973609.846539497,16967420.0,0.0608,-84.73,1073200,891436,8109500,-0.103
5328,IMNN,Healthcare,Biotechnology,NASDAQ,50.58,9,86.07,19,12,12,8,2.73,10834690.353964329,3983342.0,0.0365,-93.38,40550,36530,103738,
5329,FNUC,Basic Materials,Other Industrial Metals & Mining,NASDAQ,50.56,9,80.01,9,11,17,17,2.05,54478949.62306166,26318334.0,0.0482,-72.41,279170,287136,345880,
5330,SDST,Industrials,Electrical Equipment & Parts,NASDAQ,50.55,9,81.4,11,14,15,10,2.38,23976312.95273304,9990130.0,0.069699995,-71.77,123200,223836,166688,
5331,HUBS,Technology,Software - Application,NYSE,50.49,9,78.85,8,7,8,14,191.34,10107308624.035034,51217740.0,0.0904,-71.97,2049100,1710346,1560198,0.234
5332,DCGO,Healthcare,Medical Care Facilities,NASDAQ,50.47,9,82.15,12,8,9,6,0.59,56303694.703481734,98778413.0,0.0665,-66.85,535950,1045630,1111760,-0.38
5333,FLNA,Healthcare,Biotechnology,NASDAQ,50.43,9,70.57,3,24,25,49,1.28,62800262.496500015,48307896.0,0.1464,-74.3,477780,399303,486300,
5334,NEON,Technology,Electronic Components,NASDAQ,50.42,9,105.55,81,6,6,1,1.75,28195309.759700656,16782923.0,0.0591,-94.15,93910,95350,105578,-0.206
5335,ORGO,Healthcare,Drug Manufacturers - Specialty & Generic,NASDAQ,50.34,9,84.22,15,11,27,91,2.33,304958664.0343666,128674548.0,0.2885,-67.08,1620190,2065163,1529838,-0.571
5336,DSS,Consumer Cyclical,Packaging & Containers,NYSE ARCA,50.33,9,71.7,4,26,31,75,0.55,5553512.185835838,10042518.0,0.0113,-70.98,79240,94486,68464,-0.238
5337,BLND,Technology,Software - Application,NYSE,50.28,9,84.93,16,7,10,26,1.44,334120984.1254978,242116656.0,0.0598,-67.93,2944670,3328043,3904888,0.077
5338,CURX,Healthcare,Biotechnology,NASDAQ,50.26,9,74.22,5,18,2,0,0.33,9154082.667904615,28340812.0,0.0067000003,-96.41,150220,133006,265258,
5339,CRVO,Healthcare,Biotechnology,NASDAQ,50.22,9,88.78,25,9,28,85,3.8,36571940.491490126,9258719.0,0.0428,-71.06,47470,40750,59558,-0.996
5340,ICMB,Financial Services,Asset Management,NASDAQ,50.19,9,72.03,4,17,75,60,1.54,24390878.505832672,14432472.0,0.0187,-50.64,35300,62180,62462,-0.136
5341,INTZ,Technology,Software - Infrastructure,NASDAQ,50.18,9,83.65,14,11,11,70,0.75,15684180.431490898,20369066.0,0.0161,-71.59,106910,111340,132222,-0.116
5342,ABTC,Financial Services,Capital Markets,NASDAQ,50.14,9,106.26,82,10,4,84,1.19,1264985774.7761035,1063013205.0,1.29,-91.88,13863330,15641316,15595414,4.035
5343,AKBA,Healthcare,Drug Manufacturers - Specialty & Generic,NASDAQ,50.12,9,74.77,5,23,14,13,1.15,311179552.9259151,268258243.0,0.1035,-71.81,3891840,2858543,2867114,-0.066
5344,HCKT,Technology,Information Technology Services,NASDAQ,50.11,9,71.75,4,12,14,17,10.37,270528640.6147213,25188887.0,0.0544,-60.56,471910,319783,332154,-0.11
5345,ASAN,Technology,Software - Application,NYSE,50.1,9,90.59,31,6,9,20,6.34,1578523918.087017,238088068.0,0.3216,-66.63,7272690,7198580,6691602,0.092
5346,TMCI,Healthcare,Medical Devices,NASDAQ,50.08,9,102.69,77,8,5,3,1.94,130216715.74216747,64784436.0,0.0935,-75.06,351770,797316,840122,-0.09
5347,DTSS,Technology,Software - Infrastructure,NASDAQ,50.05,9,81.38,11,17,9,13,0.85,9820323.795092046,10447153.0,0.0417,-69.64,57710,136473,94418,-0.365
5348,EVTL,Industrials,Aerospace & Defense,NYSE,50.02,9,96.84,64,8,30,20,2.65,357791683.95423317,127328004.0,0.09810001,-65.13,3315620,4562943,3223626,
5349,AREN,Communication Services,Internet Content & Information,NYSE ARCA,49.97,9,103.19,78,9,29,97,2.63,126623425.48578024,47602790.0,0.0509,-73.83,68970,88143,80126,-0.22
5350,FEMY,Healthcare,Medical Instruments & Supplies,NASDAQ,49.96,9,93.37,47,11,9,46,0.4,25967995.411947846,60390686.0,0.0334,-64.6,521450,527310,529524,0.399
5351,MDXG,Healthcare,Biotechnology,NASDAQ,49.86,8,85.49,18,13,17,45,3.56,536204617.3954282,148945731.0,0.0629,-55.44,2254470,1786143,1482386,-0.331
5352,LBRDA,Communication Services,Telecom Services,NASDAQ,49.86,8,67.34,3,29,32,11,34.41,5184759833.9889145,143861257.0,0.019199999,-64.14,234420,196406,193076,
5353,JBDI,Consumer Cyclical,Specialty Retail,NASDAQ,49.8,8,84.6,16,17,28,81,0.58,11683845.722466946,19029064.0,0.0027,-80.67,9060,8950,24206,-0.081
5354,AIFU,Financial Services,Insurance Brokers,NASDAQ,49.74,8,98.69,69,5,6,15,1.53,185316798.83350253,117289110.0,0.0004,-83.72,9330,10626,9926,-0.398
5355,LBRDK,Communication Services,Telecom Services,NASDAQ,49.71,8,67.37,3,29,32,11,34.47,5180267834.039841,143497730.0,0.0299,-64.6,2484920,1905156,1556246,
5356,CNXC,Technology,Information Technology Services,NASDAQ,49.7,8,77.52,7,14,18,17,23.24,1480587154.9457932,61004826.0,0.207,-62.6,2107640,1636303,1699738,0.054
5357,MENS,Healthcare,Biotechnology,NASDAQ,49.67,8,92.97,44,6,0,98,2.07,155856715.77471828,76027668.0,0.0032,-96.91,61130,105223,146724,
5358,FTRK,Communication Services,Entertainment,NASDAQ,49.67,8,81.44,11,7,20,5,0.36,8703187.260776758,21812500.0,0.0306,-96.28,15790,17626,56828,37.448
5359,ZTS,Healthcare,Drug Manufacturers - Specialty & Generic,NYSE,49.66,8,59.64,1,29,30,18,76.67,34724665781.56961,419228118.0,0.0363,-55.48,8844960,5090880,4771660,0.029
5360,YEXT,Technology,Software - Infrastructure,NYSE,49.61,8,87.26,21,7,17,68,3.78,402451194.8505106,100112238.0,0.0953,-58.91,1447070,2033236,3423750,-0.01
5361,ORBS,Consumer Cyclical,Packaging & Containers,NASDAQ,49.54,8,89.44,27,11,12,93,0.9,327300269.3178785,375775284.0,0.033,-98.92,13362530,19360296,28804914,-0.499
5362,SIEB,Financial Services,Capital Markets,NASDAQ,49.48,8,82.51,12,9,26,33,1.76,72465455.93911362,40940936.0,0.0312,-69.5,24860,24030,31490,0.174
5363,WETO,Technology,Software - Infrastructure,NASDAQ,49.48,8,95.95,61,5,3,3,0.5,38949999.51124191,82000000.0,0.00029999999,-88.24,106240,75213,2285794,-0.45
5364,BL,Technology,Software - Application,NASDAQ,49.46,8,73.88,5,12,18,49,27.5,1796783838.4797993,58660917.0,0.1542,-53.84,1017790,1044493,1093906,0.097
5365,UPWK,Communication Services,Internet Content & Information,NASDAQ,49.44,8,72.46,4,17,25,66,8.81,1089429930.645256,123518137.0,0.2987,-61.43,7660290,4536073,3981474,0.014
5366,WIMI,Communication Services,Advertising Agencies,NASDAQ,49.38,8,79.78,9,10,8,9,1.58,29416086.838333845,18385054.0,0.020499999,-72.04,476140,928103,574822,-0.068
5367,YSG,Consumer Defensive,Household & Personal Products,NYSE,49.21,8,85.2,17,13,19,81,2.89,275025634.1261916,93865402.0,0.0028,-75.02,87930,107366,142256,0.201
5368,PLAY,Communication Services,Entertainment,NASDAQ,49.11,8,77.71,7,15,24,7,10.25,358163280.12723446,34739405.0,0.6067,-71.15,1597160,1915486,1821434,-0.009
5369,FVRR,Communication Services,Internet Content & Information,NYSE,49.07,8,93.09,45,8,11,21,11.05,411635828.7429428,35950728.0,0.1342,-67.62,1202790,877523,900514,-0.016
5370,CCOI,Communication Services,Telecom Services,NASDAQ,49.06,8,68.26,3,15,32,3,16.4,833793069.8468876,50077663.0,0.16049999,-69.84,2142150,1301546,1263782,-0.032
5371,KLC,Consumer Defensive,Education & Training Services,NYSE,48.88,8,104.08,79,8,13,3,3.69,464238941.11536217,118428299.0,0.12189999,-73.41,883300,1013913,1402654,0.064
5372,ATHR,Technology,Software - Application,NASDAQ,48.84,8,108.85,85,4,16,22,3.75,48578920.0,12144730.0,0.1607,-80.95,9140,14136,14296,-0.045
5373,CNET,Communication Services,Advertising Agencies,NASDAQ,48.81,8,89.57,28,7,8,82,0.73,2451351.75,3268469.0,0.0275,-73.74,8840,9576,9678,-0.69
5374,STG,Consumer Defensive,Education & Training Services,NYSE,48.76,8,79.79,9,11,22,18,3.22,43257268.74995518,13425596.0,0.0005,-78.53,1970,1956,3082,-0.027
5375,CHTR,Communication Services,Telecom Services,NASDAQ,48.75,8,67.17,3,28,29,10,147.79,21862882464.36844,141178370.0,0.3698,-66.19,3819700,3146796,2471204,-0.01
5376,ALVO,Healthcare,Drug Manufacturers - Specialty & Generic,NASDAQ,48.74,8,88.75,25,11,13,7,3.59,1017277428.9440756,312048292.0,0.0233,-69.7,397740,409736,521638,-0.202
5377,TSCO,Consumer Cyclical,Specialty Retail,NASDAQ,48.73,8,66.6,3,28,39,41,30.25,16074380530.338348,524449616.0,0.0598,-52.73,14662620,10772090,8815082,0.036
5378,THRY,Technology,Software - Application,NASDAQ,48.62,8,96.77,64,5,5,4,3.5,168972682.1222849,44349786.0,0.10569999,-77.4,1370940,850213,1022418,-0.075
5379,NA,Technology,Semiconductors,NASDAQ,48.52,8,79.64,8,18,14,43,2.04,38303247.946532965,23214090.0,0.0378,-93.52,342920,167200,130622,0.181
5380,CDLX,Communication Services,Advertising Agencies,NASDAQ,48.51,8,65.35,2,15,13,21,0.65,36867632.45594418,57605677.0,0.1729,-80.18,1013290,1376476,1402622,-0.446
5381,SNAL,Communication Services,Electronic Gaming & Multimedia,NASDAQ,48.42,8,78.99,8,6,9,20,0.46,20458560.502715528,42622002.0,0.4614,-78.7,498260,32635663,19592298,-0.042
5382,DUOL,Technology,Software - Application,NASDAQ,48.34,8,94.36,54,5,6,6,105.15,5031590605.296364,46593117.0,0.2228,-80.7,2588220,2014873,2137612,0.265
5383,TGE,Financial Services,Asset Management,NYSE,48.29,8,81.76,11,8,10,1,1.01,47007239.286482334,48461070.0,0.0061000003,-97.27,45660,39063,43656,-0.745
5384,QRHC,Industrials,Waste Management,NASDAQ,48.24,8,79.26,8,13,54,12,1.07,24166099.498987198,21014000.0,0.0063,-59.47,41770,40430,65994,-0.098
5385,VNTG,Industrials,Marine Shipping,NYSE ARCA,48.23,8,86.81,20,10,8,1,0.76,24913938.332349062,31737500.0,0.00059999997,-90.07,13760,21586,52512,
5386,GETY,Communication Services,Internet Content & Information,NYSE,48.2,8,84.75,16,11,11,14,0.81,350249938.5720928,418959244.0,0.1697,-74.77,1059540,944256,1657566,0.141
5387,RECT,Consumer Cyclical,Specialty Retail,NASDAQ,48.13,8,80.15,9,26,8,6,1.27,19865000.069141388,14500000.0,0.087799996,-74.6,32160,4474500,2686220,0.108
5388,IINN,Healthcare,Medical Devices,NASDAQ,48.11,8,77.11,6,10,17,55,0.41,18913398.20620358,43579260.0,0.0211,-75.15,298570,404713,311218,
5389,AEMD,Healthcare,Medical Devices,NASDAQ,48.09,8,93.88,51,8,2,1,2.19,3530497.5,1569110.0,0.0225,-93.78,59110,27720,50792,
5390,EPAM,Technology,Information Technology Services,NYSE,48.06,8,68.7,3,19,29,33,97.35,5184217048.111153,52244451.0,0.1835,-56.25,1814200,1495200,1407226,0.076
5391,AVXL,Healthcare,Biotechnology,NASDAQ,48.0,8,91.39,34,8,9,4,3.24,298403063.41136026,92671758.0,0.21290001,-76.84,780370,991683,1403602,
5392,SLAI,Technology,Information Technology Services,NYSE,47.97,8,84.21,15,9,6,9,0.75,15233192.21266222,19783367.0,0.0433,-90.71,111810,184210,662044,-0.138
5393,PAVM,Healthcare,Medical Devices,NASDAQ,47.95,8,65.64,2,22,18,7,6.75,52072810.1302681,7272739.0,0.0021,-76.27,19320,14700,15914,4.2
5394,GDTC,Healthcare,Biotechnology,NASDAQ,47.95,8,77.42,7,11,8,39,0.81,9229610.961459875,11832835.0,0.020599999,-77.99,22850,11876,11282,0.469
5395,ARBK,Financial Services,Capital Markets,NASDAQ,47.94,8,123.13,93,2,0,11,4.17,53124677.78483105,14634897.0,0.125,-97.97,54770,38356,28916,
5396,JXG,Consumer Cyclical,Apparel Manufacturing,NASDAQ,47.89,8,91.79,36,7,3,3,3.9,36179641.784707546,9276831.0,0.0007,-90.65,880,1976,2340,-0.107
5397,OPTU,Communication Services,Telecom Services,NYSE,47.76,8,65.78,2,14,19,15,1.06,538409572.2280204,476468650.0,0.3824,-64.43,4240030,2844423,2830508,-0.04
5398,REE,Consumer Cyclical,Auto Parts,NASDAQ,47.72,8,68.62,3,15,8,14,0.43,13411029.377693057,28656046.0,0.0150999995,-88.07,65610,40120,42392,
5399,ABVC,Healthcare,Biotechnology,NASDAQ,47.65,8,80.94,10,17,84,98,1.02,27175457.03302622,25637225.0,0.014199999,-81.39,67560,123466,96890,
5400,NIPG,Communication Services,Entertainment,NASDAQ,47.64,8,86.29,19,9,9,16,0.66,136858235.58946347,224357758.0,0.0002,-76.0,32750,22170,23852,0.423
5401,TTD,Communication Services,Advertising Agencies,NASDAQ,47.63,8,85.42,17,7,8,10,21.52,10850100936.013578,470108361.0,0.1984,-76.47,21640510,19181033,20788698,0.118
5402,UFG,Industrials,Marine Shipping,NASDAQ,47.48,8,78.2,7,11,13,1,0.78,25485025.85142851,32465000.0,0.0313,-92.91,119330,97130,210368,0.843
5403,MLGO,Technology,Software - Infrastructure,NASDAQ,47.44,8,100.94,74,5,4,4,4.12,45407304.893464565,10941519.0,0.1513,-96.05,83970,167776,141832,-0.068
5404,MATH,Financial Services,Capital Markets,NASDAQ,47.41,8,80.68,10,8,9,90,1.0,41280123.44469857,43407071.0,0.00090000004,-76.02,129020,82583,62240,-0.39
5405,ZYBT,Healthcare,Drug Manufacturers - Specialty & Generic,NASDAQ,47.37,8,95.28,58,12,3,3,1.0,45021807.58505076,47391377.0,0.0011,-92.75,122360,57143,280904,-0.409
5406,CLRO,Technology,Communication Equipment,NASDAQ,47.29,8,80.59,10,7,58,39,3.22,8481056.244117737,2675412.0,0.0015,-79.12,4980,5720,6298,
5407,MYND,Consumer Defensive,Education & Training Services,NYSE ARCA,47.17,8,79.23,8,11,13,14,0.31,14697588.750526965,45644686.0,0.0033000002,-73.02,6350,7906,10102,-0.392
5408,PODD,Healthcare,Medical Devices,NASDAQ,47.07,8,70.74,3,18,21,68,154.17,10677842397.494812,69264674.0,0.044,-56.56,2234690,1292460,1174846,0.339
5409,PHR,Healthcare,Health Information Services,NYSE,47.03,8,88.2,24,6,8,23,9.57,617960375.685854,60763065.0,0.062,-70.79,1146050,2281790,2012856,0.159
5410,LX,Financial Services,Credit Services,NASDAQ,47.0,7,89.48,28,9,9,16,2.08,344407478.516109,164788274.0,0.0446,-77.75,1066450,1440663,1578138,-0.168
5411,PCTTU,Industrials,Pollution & Treatment Controls,NASDAQ,46.98,7,85.93,18,10,18,82,6.2,,,0.6,-74.0,0,0,56,1.612
5412,HOLO,Technology,Electronic Components,NASDAQ,46.87,7,88.14,23,7,6,3,1.77,40096630.0,22912360.0,0.0377,-85.03,584730,995670,800996,0.51
5413,YOUL,Consumer Defensive,Education & Training Services,NASDAQ,46.86,7,86.06,19,8,8,14,0.94,74147289.31313753,76048500.0,2.14,-82.91,26790,42586,40266,0.177
5414,GIBO,Communication Services,Internet Content & Information,NASDAQ,46.79,7,89.01,26,5,6,0,1.3,42220804.28580618,32229623.0,0.0037,-99.89,8760,51680,45936,
5415,NVNO,Healthcare,Medical Devices,NASDAQ,46.77,7,84.67,16,8,2,0,9.88,6515878.464932442,655521.0,0.117,-94.98,17070,10520,13180,
5416,BRCB,Consumer Cyclical,Restaurants,NASDAQ,46.71,7,78.43,7,11,11,24,10.99,206840558.83225632,18017471.0,0.1109,-63.85,306870,340986,467358,0.253
5417,HCAT,Healthcare,Health Information Services,NASDAQ,46.49,7,96.38,62,5,12,8,1.38,112314459.95063925,73891093.0,0.1163,-70.89,549030,584723,735802,-0.062
5418,CSAI,Technology,Software - Infrastructure,NASDAQ,46.42,7,89.85,29,7,3,5,0.58,13777866.663188338,24515778.0,0.0232,-85.82,199690,194146,210320,3.064
5419,SMPL,Consumer Defensive,Packaged Foods,NASDAQ,46.37,7,76.8,6,6,13,9,11.37,1134972659.7487946,92575256.0,0.0728,-69.2,2361140,3578790,2933508,-0.094
5420,GTEC,Consumer Cyclical,Auto Parts,NASDAQ,46.33,7,75.35,5,9,11,11,0.57,11990883.779242873,19033149.0,0.0112,-76.92,125030,102563,107038,0.234
5421,SNWV,Healthcare,Medical Devices,NASDAQ,46.29,7,77.96,7,10,21,70,16.0,133874111.50603485,8598209.0,0.124,-65.65,118850,90870,86354,0.268
5422,UPLD,Technology,Software - Application,NASDAQ,46.14,7,115.44,90,3,8,11,0.82,29128294.91595018,29363201.0,0.0227,-79.03,592100,330063,419492,-0.275
5423,REAX,Real Estate,Real Estate Services,NASDAQ,46.12,7,71.29,4,13,13,20,1.9,437805868.7732506,214610724.0,7.13,-64.85,5608370,3135056,2542354,0.315
5424,TME,Communication Services,Internet Content & Information,NYSE,46.05,7,84.26,15,10,28,76,9.19,14559935312.699306,1575750614.0,0.0322,-65.58,8269830,8694363,10665448,0.159
5425,JZ,Technology,Information Technology Services,NASDAQ,46.04,7,73.12,4,13,7,5,0.74,36854515.048184395,47249380.0,0.00090000004,-89.43,20610,43110,178910,0.581
5426,OGEN,Healthcare,Biotechnology,NYSE ARCA,46.0,7,84.45,15,10,5,6,0.56,2601617.5033789873,4336029.0,0.16239999,-94.17,48760,59323,151506,
5427,REPL,Healthcare,Biotechnology,NASDAQ,45.99,7,113.22,88,2,40,77,3.74,336070573.5045295,82572619.0,0.39990002,-71.75,6193590,9264016,6204506,
5428,VIA,Technology,Software - Application,NYSE,45.94,7,98.44,69,6,5,30,16.93,1406208220.2848911,81236757.0,0.1089,-69.93,663800,541010,766286,0.297
5429,NOMA,Consumer Cyclical,Leisure,NASDAQ,45.92,7,80.47,10,10,10,12,3.5,60561000.85013795,16775901.0,0.0058,-75.85,7790,10846,16008,4.517
5430,GIG,Financial Services,Shell Companies,NASDAQ,45.87,7,48.0,0,46,47,56,5.52,193333337.7578287,33333333.0,0.0019,-55.84,225230,121973,155054,
5431,GLOB,Technology,Information Technology Services,NYSE,45.86,7,74.95,5,14,11,9,37.21,1693933962.113968,43179556.0,0.1407,-73.84,1391160,1338413,1305026,-0.047
5432,OPRX,Healthcare,Health Information Services,NASDAQ,45.85,7,84.61,16,7,21,91,6.21,120847084.0737462,18765075.0,0.122,-72.09,345250,416160,496980,-0.002
5433,UPB,Healthcare,Biotechnology,NASDAQ,45.82,7,77.3,7,19,43,95,9.11,494677690.133831,54419987.0,0.0856,-72.95,409510,561156,756732,0.09
5434,INSP,Healthcare,Medical Devices,NYSE,45.81,7,71.5,4,9,11,14,43.35,1275270103.4180794,28813153.0,0.13149999,-73.22,1550550,1161246,1077662,0.016
5435,YSXT,Industrials,Specialty Business Services,NASDAQ,45.74,7,79.84,9,11,7,30,1.01,28161324.73409176,27882500.0,0.0001,-89.86,78370,129223,199258,0.202
5436,GWAV,Industrials,Waste Management,NASDAQ,45.74,7,92.76,42,7,4,1,3.76,3194079.2708802223,829631.0,0.0889,-89.08,7160,7970,8272,0.49
5437,SMWB,Technology,Software - Application,NYSE,45.7,7,105.02,81,4,8,22,3.19,300469861.477967,87600541.0,0.0109,-70.33,638710,542890,516142,0.109
5438,LGCL,Technology,Software - Application,NASDAQ,45.69,7,86.49,19,8,5,0,1.67,76808773.34363508,42790404.0,0.00059999997,-96.71,5800,5493,6030,0.431
5439,FUSE,Technology,Software - Application,NASDAQ,45.66,7,81.97,12,7,10,0,1.41,43698252.1240139,28939240.0,0.1857,-94.36,141400,4976146,3014806,-0.108
5440,QTRX,Healthcare,Medical Devices,NASDAQ,45.64,7,69.98,3,10,65,36,2.8,133074398.57118821,47105981.0,0.103,-68.07,1681840,1211186,1039746,0.201
5441,SONM,Technology,Software - Infrastructure,NASDAQ,45.63,7,114.24,89,7,7,9,5.16,7576287.077121735,1488465.0,0.025799999,-86.6,14650,31236,46448,
5442,GENI,Communication Services,Internet Content & Information,NYSE,45.54,7,89.9,29,6,12,31,4.41,1176291436.2954297,267338957.0,0.0727,-67.88,6349690,5155070,5933562,0.305
5443,INTS,Healthcare,Biotechnology,NASDAQ,45.54,7,79.01,8,9,19,31,5.0,13486398.234294891,2649587.0,0.0269,-88.51,31440,29633,29168,
5444,RCON,Energy,Oil & Gas Equipment & Services,NASDAQ,45.52,7,75.79,6,8,18,8,0.79,75220762.89749163,90627427.0,0.0032,-88.97,11780,80566,92982,1.022
5445,WHR,Consumer Cyclical,"Furnishings, Fixtures & Appliances",NYSE,45.19,7,64.59,2,17,71,18,41.08,2914447460.81266,64823121.0,0.0011999999,-63.31,4108590,2920640,3014116,-0.096
5446,MPU,Communication Services,Entertainment,NYSE ARCA,45.14,7,72.56,4,17,20,11,0.55,38759539.52363187,67999193.0,0.0099,-87.61,52400,59940,57226,-0.492
5447,ANGX,Communication Services,Entertainment,NYSE,45.11,7,105.31,81,4,6,5,3.04,624481401.6223316,186412364.0,0.0446,-85.09,1723080,1867866,1451530,1.426
5448,CPHI,Healthcare,Drug Manufacturers - Specialty & Generic,NYSE ARCA,45.07,7,81.17,11,6,5,26,0.53,21476659.900656223,40522002.0,0.00029999999,-79.62,13880,24443,25218,0.081
5449,ANPA,Industrials,Specialty Business Services,NASDAQ,44.91,7,68.4,3,66,99,99,6.87,108430598.30761194,15101755.0,0.0092,-96.2,66990,33363,36250,
5450,SRFM,Industrials,Airlines,NYSE,44.9,7,104.45,80,4,12,26,1.35,134319028.62215936,99495575.0,0.155,-86.38,4737840,4743393,3841562,-0.057
5451,CSGP,Real Estate,Real Estate Services,NASDAQ,44.88,7,77.31,7,9,13,26,32.92,13381816967.480412,408355715.0,0.048800003,-66.21,7781460,6434820,6298336,0.225
5452,CWD,Financial Services,Asset Management,NASDAQ,44.86,7,85.2,17,7,5,16,1.01,7046009.028805375,7053062.0,0.0286,-97.9,441820,222826,160822,-0.525
5453,POAS,Healthcare,Medical Devices,NYSE ARCA,44.85,7,98.11,68,8,92,59,2.34,32760328.93794775,13707250.0,0.0078,-68.36,1109170,536166,395758,-0.931
5454,NNOX,Healthcare,Medical Devices,NASDAQ,44.56,7,72.67,4,14,10,9,1.63,120391095.76732826,69590228.0,0.14649999,-72.18,1341960,1867910,1414368,0.24
5455,CNF,Financial Services,Mortgage Finance,NYSE,44.56,7,82.92,13,10,29,18,3.0,20917558.472974777,6858216.0,0.37,-65.91,6280,4053,4670,
5456,LHSW,Technology,Software - Infrastructure,NASDAQ,44.44,7,105.94,82,1,0,20,0.21,11387999.832630157,52000000.0,0.0081,-93.54,684870,2492183,2199128,0.569
5457,PRZO,Industrials,Aerospace & Defense,NASDAQ,44.44,7,70.16,3,16,27,83,0.56,16490571.21090579,25928572.0,0.0631,-73.89,615720,670136,1081320,0.06
5458,WKHS,Consumer Cyclical,Auto Manufacturers,NASDAQ,44.33,7,119.12,91,3,3,3,3.6,38235212.62611413,10893223.0,0.040799998,-94.65,428990,237873,175870,0.637
5459,TMDX,Healthcare,Medical Devices,NASDAQ,44.27,7,55.23,1,51,74,71,64.3,2344612075.674164,34560911.0,0.3435,-58.78,2445240,1370420,1236548,0.212
5460,CMPX,Healthcare,Biotechnology,NASDAQ,44.2,7,55.17,1,90,95,96,1.83,329560892.17853487,180087915.0,0.173,-73.4,14036270,11909010,7964526,
5461,ACTU,Healthcare,Biotechnology,NASDAQ,44.13,7,105.3,81,3,11,15,2.97,78248532.96933913,23711677.0,0.0892,-75.23,151780,198783,157672,
5462,LENZ,Healthcare,Biotechnology,NASDAQ,44.09,7,94.96,57,7,8,21,9.99,315425216.7968273,31354394.0,0.4979,-80.18,808950,813160,935882,
5463,JSPR,Healthcare,Biotechnology,NASDAQ,44.08,7,89.26,27,6,7,3,0.94,25925054.367300153,27996819.0,0.09819999,-86.93,182650,508220,444964,
5464,STUB,Communication Services,Internet Content & Information,NYSE,44.08,7,95.6,60,5,7,13,7.58,2882361664.1211376,373847166.0,0.1113,-72.82,3025500,3483623,4393178,-0.158
5465,FIG,Technology,Software - Application,NYSE,44.08,7,96.47,63,4,4,4,20.05,10887259310.490322,526972865.0,0.2647,-85.97,14892110,15511946,14541186,0.4
5466,AARD,Healthcare,Biotechnology,NASDAQ,44.07,7,101.88,76,4,64,28,5.72,118681135.64834356,21816385.0,0.08,-68.12,110830,165356,320276,
5467,SER,Healthcare,Biotechnology,NYSE ARCA,44.03,7,77.77,7,10,5,22,1.6,26072579.75,14898617.0,0.0328,-79.8,51990,172330,4050654,
5468,UONE,Communication Services,Broadcasting,NASDAQ,43.96,7,102.54,77,6,28,17,6.7,33229296.60279751,4514850.0,0.24520001,-64.74,546690,204710,146432,-0.165
5469,AMIX,Healthcare,Medical Devices,NASDAQ,43.92,6,80.45,9,7,4,4,0.34,3993270.3319950104,11409344.0,0.0154,-87.12,179960,133426,135258,
5470,CWH,Consumer Cyclical,Auto & Truck Dealerships,NYSE,43.8,6,83.25,13,9,23,8,6.76,475763167.6214752,63519784.0,0.23959999,-65.58,3484220,3414740,3533144,-0.042
5471,SRXH,Consumer Defensive,Packaged Foods,NYSE ARCA,43.79,6,88.57,25,6,7,5,0.12,55984463.58906627,482624700.0,0.0238,-85.52,19504450,28120416,25728366,
5472,SPRC,Healthcare,Biotechnology,NASDAQ,43.52,6,113.66,89,1,1,5,6.06,3582768.75,573243.0,0.0545,-92.43,34880,680706,508126,
5473,BARK,Consumer Cyclical,Specialty Retail,NYSE,43.49,6,76.86,6,9,21,11,8.47,78207124.19826794,8641671.0,0.1513,-70.18,37320,72018,66555,-0.221
5474,BTM,Financial Services,Capital Markets,NASDAQ,43.11,6,113.3,89,4,6,21,4.9,57764167.04165268,11348559.0,0.1126,-89.83,294890,591513,426692,-0.152
5475,PLNT,Consumer Cyclical,Leisure,NYSE,43.05,6,62.4,2,18,29,55,48.4,3644834693.6140404,79442777.0,0.09770001,-57.72,4728820,2391793,2107866,0.197
5476,GGRP,Technology,Software - Infrastructure,NASDAQ,43.02,6,85.08,17,6,10,54,0.51,10664711.664147735,21076506.0,0.0225,-72.43,50850,55110,47338,-0.59
5477,BGMS,Healthcare,Biotechnology,NASDAQ,42.99,6,84.66,16,6,4,0,0.9,4857121.253681183,5519456.0,0.0126,-98.7,53740,131153,100108,
5478,ELOG,Industrials,Integrated Freight & Logistics,NASDAQ,42.99,6,81.26,11,7,6,18,0.85,9865956.75933361,12017000.0,0.011,-76.39,8640,11253,26398,0.278
5479,CISO,Technology,Software - Infrastructure,NASDAQ,42.95,6,83.89,14,14,4,16,0.29,13503374.782516867,45313337.0,0.0046,-82.94,314380,334920,258412,-0.154
5480,KLAR,Technology,Software - Infrastructure,NYSE,42.77,6,91.92,36,5,7,21,14.39,5473864695.0,377507910.0,0.106300004,-69.69,3836240,4649873,5558316,0.384
5481,BIOX,Basic Materials,Agricultural Inputs,NASDAQ,42.68,6,99.94,72,4,2,4,0.54,29993468.69392553,63815891.0,0.0235,-89.57,259350,359013,819930,-0.164
5482,BNC,Industrials,Farm & Heavy Construction Machinery,NASDAQ,42.67,6,93.99,51,5,11,5,3.19,138124609.24725986,42895841.0,0.0354,-96.15,215990,240456,249710,0.062
5483,RCT,Technology,Software - Application,NASDAQ,42.65,6,81.99,12,14,7,14,0.68,36842022.906801224,55318352.0,0.1838,-87.31,256130,6113470,3690612,0.118
5484,FSP,Real Estate,REIT - Office,NYSE ARCA,42.49,6,70.7,3,10,10,9,0.53,55992785.82495332,103690340.0,0.0429,-74.15,356160,346026,460780,-0.033
5485,JELD,Industrials,Building Products & Equipment,NYSE,42.43,6,102.99,78,4,17,3,1.61,146457249.8080151,86151321.0,0.1396,-76.92,2147440,2321880,2078398,-0.069
5486,ITOC,Healthcare,Medical Devices,NASDAQ,42.24,6,76.76,6,5,8,6,0.31,5387800.247967243,17050000.0,0.0171,-99.03,128170,1751170,3996144,0.916
5487,RBLX,Communication Services,Electronic Gaming & Multimedia,NYSE,42.2,6,65.95,2,17,18,83,41.31,30006669093.700314,715978745.0,0.0305,-72.57,18358210,11983590,10537776,0.393
5488,ZJYL,Healthcare,Medical Instruments & Supplies,NASDAQ,42.05,6,95.12,57,4,5,2,2.33,16593991.704230309,7827355.0,0.0097,-87.06,9340,19000,21794,-0.165
5489,FEAM,Basic Materials,Specialty Chemicals,NASDAQ,41.89,6,92.26,38,5,8,16,1.63,66419013.789720416,41511883.0,0.0095999995,-78.27,187050,216100,239804,
5490,FLUT,Consumer Cyclical,Gambling,NYSE,41.6,6,77.43,7,7,11,15,93.96,17565841790.400208,173592661.0,0.052199997,-70.05,3619890,3127303,3264938,0.174
5491,OM,Healthcare,Medical Devices,NASDAQ,41.54,6,80.13,9,9,7,2,3.65,68495104.25750566,18537241.0,0.1532,-83.39,183990,141830,167720,-0.063
5492,ATEC,Healthcare,Medical Devices,NASDAQ,41.53,6,60.31,1,28,29,92,6.99,1156495570.6667018,153789305.0,0.10560001,-69.99,6947650,3909786,3281588,0.136
5493,ADMA,Healthcare,Biotechnology,NASDAQ,41.51,6,65.79,2,12,33,26,7.88,1893583099.2328548,231772715.0,0.1016,-64.77,9531950,7261846,7964614,0.159
5494,WING,Consumer Cyclical,Restaurants,NASDAQ,41.5,6,64.3,2,17,24,15,127.33,3531245097.645706,27232553.0,0.1361,-67.19,1858360,1455366,1319718,0.074
5495,MKZR,Real Estate,REIT - Diversified,NASDAQ,41.5,6,65.59,2,10,13,7,2.4,4916000.0,1966400.0,0.0073,-85.8,34660,23183,21852,-0.44
5496,CNEY,Basic Materials,Specialty Chemicals,NASDAQ,41.34,6,115.62,90,6,6,5,0.73,6070447.258232832,8203307.0,0.013200001,-90.07,45080,523633,705464,-0.024
5497,SDA,Consumer Cyclical,Auto & Truck Dealerships,NASDAQ,41.28,6,57.87,1,19,24,7,1.02,108129914.70297766,102009359.0,0.0069,-72.08,164630,226613,295138,0.17
5498,CNCK,Financial Services,Capital Markets,NASDAQ,41.05,6,84.98,16,9,10,7,1.75,247387369.16966128,135927122.0,0.014199999,-81.56,45170,257236,173704,0.165
5499,DAVA,Technology,Software - Infrastructure,NYSE,41.0,6,80.99,10,8,7,3,3.94,218240427.25736904,52842717.0,0.0476,-81.93,377290,276530,290496,-0.059
5500,CANF,Healthcare,Biotechnology,NYSE ARCA,40.87,6,99.15,70,5,5,3,3.36,7520339.94956708,2142547.0,0.0087,-85.64,2918490,991276,1415532,-0.433
5501,DOMO,Technology,Software - Application,NASDAQ,40.86,6,96.83,64,3,7,78,3.67,173362164.44505358,45146398.0,0.1084,-80.15,621530,1162053,1896532,0.011
5502,TPST,Healthcare,Biotechnology,NASDAQ,40.85,6,97.85,67,7,3,40,1.94,28544627.79679537,14344034.0,0.111,-84.14,154210,245630,222302,
5503,CELU,Healthcare,Biotechnology,NASDAQ,40.79,6,61.15,1,23,14,8,0.77,25472445.541974902,28945961.0,0.0345,-82.3,262730,109366,229548,-0.774
5504,TGL,Technology,Software - Application,NASDAQ,40.78,6,98.04,67,3,1,3,4.32,7758606.941771507,1675725.0,0.038900003,-92.55,25120,43776,44854,2.581
5505,BRLS,Consumer Defensive,Packaged Foods,NASDAQ,40.66,6,94.59,55,8,5,16,1.31,31336429.038760185,21463307.0,0.025,-81.42,1259510,545480,334386,-0.076
5506,WAI,Financial Services,Capital Markets,NASDAQ,40.63,6,75.87,6,10,5,1,1.91,4620163.049921036,2357226.0,0.00090000004,-97.97,243020,85163,53766,
5507,YDES,Healthcare,Biotechnology,NASDAQ,40.6,6,75.92,6,6,30,34,5.31,376114443.2069979,70831346.0,0.0017,-78.76,5020,18860,19876,0.956
5508,LNSR,Healthcare,Medical Devices,NASDAQ,40.6,6,85.0,17,8,56,37,5.78,68268408.30389786,12104328.0,0.1031,-59.61,68810,90203,136232,-0.042
5509,SLND,Industrials,Engineering & Construction,NYSE ARCA,40.55,6,94.9,56,4,6,43,1.26,55845446.90878534,54218882.0,0.053600002,-76.4,90580,193290,507992,-0.611
5510,SCNI,Healthcare,Biotechnology,NASDAQ,40.54,6,77.49,7,8,8,5,0.51,2008157.8177482486,3535489.0,0.0208,-91.75,274640,6910850,4165442,0.306
5511,AUID,Technology,Software - Infrastructure,NASDAQ,40.42,6,90.08,30,12,7,4,1.2,20810907.61459446,16132487.0,0.056799997,-80.46,195090,202370,232034,1.032
5512,CANG,Financial Services,Capital Markets,NYSE,40.39,6,129.32,95,2,6,15,0.65,283051572.0119601,410219671.0,0.0475,-77.39,1201980,1582786,1445900,0.879
5513,NOTV,Healthcare,Diagnostics & Research,NASDAQ,40.2,6,96.34,62,2,1,5,0.29,10318986.710039675,34396621.0,0.086,-91.27,439660,844160,712368,0.008
5514,CALC,Healthcare,Biotechnology,NASDAQ,40.15,6,91.38,34,2,3,77,0.59,9904495.791644096,15746416.0,0.0334,-91.81,121180,171713,298334,
5515,GNS,Consumer Defensive,Education & Training Services,NYSE ARCA,40.11,6,65.98,2,20,14,86,0.24,49058905.92905328,194678195.0,0.0168,-87.5,2508090,2451483,1843512,
5516,HYFM,Industrials,Farm & Heavy Construction Machinery,NASDAQ,40.05,6,89.45,27,5,10,3,1.01,4907550.223683357,4764612.0,0.0094,-78.87,23010,31146,44896,-0.327
5517,GDHG,Consumer Cyclical,Leisure,NASDAQ,40.04,6,81.93,12,6,2,2,1.66,35857449.28583622,20032095.0,0.0002,-98.16,17540,9380,6640,-0.162
5518,BTOC,Industrials,Integrated Freight & Logistics,NASDAQ,40.02,6,90.64,31,5,6,1,0.29,12860391.010296822,45443079.0,0.0239,-84.81,158520,258733,433714,0.008
5519,ERNA,Healthcare,Biotechnology,NASDAQ,40.0,6,128.35,94,1,1,8,7.21,8781313.054673672,1166177.0,0.011,-92.88,7660788,2571326,1565443,
5520,PAR,Technology,Software - Application,NYSE,39.82,6,96.57,63,4,6,11,15.39,593945249.8658237,41246199.0,0.3455,-78.67,1502210,1641420,1989464,0.144
5521,LPSN,Technology,Software - Application,NASDAQ,39.82,6,79.93,9,8,3,3,2.34,30495615.245143652,12053603.0,0.105900005,-89.17,128760,138963,154940,-0.19
5522,ENSC,Healthcare,Biotechnology,NASDAQ,39.62,6,79.64,8,6,1,13,0.38,3247236.5946998894,9277819.0,0.0069,-86.18,9095350,3224540,2607278,0.444
5523,SLE,Communication Services,Internet Content & Information,NASDAQ,39.6,6,98.25,68,2,1,1,4.13,6208997.067996979,1467848.0,0.0295,-97.03,10860,14263,17976,-0.066
5524,WKSP,Consumer Cyclical,Auto Parts,NASDAQ,39.54,6,86.74,20,4,9,7,1.0,12692156.294857502,11973733.0,0.0508,-79.59,404980,330613,357166,0.62
5525,YOOV,Industrials,Security & Protection Services,NASDAQ,39.45,6,58.99,1,20,15,18,1.11,276922277.45410633,226985468.0,0.0001,-96.43,28450,81496,96100,0.108
5526,RPD,Technology,Software - Infrastructure,NASDAQ,39.45,6,96.11,61,3,5,7,6.37,461131270.5734644,66830618.0,0.109799996,-76.49,2258270,2160550,2276260,-0.003
5527,BUR,Financial Services,Asset Management,NYSE,39.35,6,87.83,23,6,24,10,4.76,1125132812.3740387,218897440.0,0.053000003,-68.48,3975870,4692703,4430166,
5528,NSRX,Healthcare,Drug Manufacturers - General,NYSE ARCA,39.31,5,101.28,75,3,18,30,3.04,36889049.46682978,11710809.0,0.0099,-69.57,99870,107150,256614,
5529,RAIN,Industrials,Pollution & Treatment Controls,NASDAQ,39.18,5,58.43,1,14,10,91,1.46,10399819.023810387,8188834.0,0.0029,-84.76,31490,20906,20896,
5530,NAMI,Communication Services,Internet Content & Information,NASDAQ,39.01,5,66.34,3,9,7,4,0.37,29098279.30455628,79071411.0,0.0019,-90.7,12290,17836,68110,-0.019
5531,PPBT,Healthcare,Biotechnology,NASDAQ,38.99,5,84.29,15,7,7,2,4.06,6306543.375,1528859.0,0.0086,-86.0,5430,11520,13586,
5532,CRMT,Consumer Cyclical,Auto & Truck Dealerships,NASDAQ,38.89,5,85.79,18,4,18,3,12.5,107516725.91643333,8302450.0,0.234,-80.07,98420,116153,154382,-0.12
5533,SMTK,Technology,Semiconductor Equipment & Materials,NASDAQ,38.89,5,100.53,73,2,2,91,0.29,6827337.276282817,21202911.0,0.0062,-92.37,2128750,1003253,725480,12.357
5534,GTBP,Healthcare,Biotechnology,NASDAQ,38.85,5,88.95,26,5,6,6,0.34,13358390.625,35622375.0,0.0188,-91.17,864320,666666,687524,
5535,CABO,Communication Services,Telecom Services,NYSE,38.84,5,52.09,0,20,21,7,56.04,353929295.2075653,5672853.0,0.14729999,-68.99,239370,157750,155992,-0.073
5536,FRSX,Consumer Cyclical,Auto Parts,NASDAQ,38.76,5,83.4,14,5,3,12,2.03,4769584.262857437,2396776.0,0.023,-86.94,34140,64886,125124,-0.218
5537,SKIN,Consumer Defensive,Household & Personal Products,NASDAQ,38.74,5,66.7,3,16,17,14,0.65,75168021.03706598,129600040.0,0.2688,-75.84,1714080,974776,921090,-0.067
5538,HIND,Healthcare,Biotechnology,NASDAQ,38.73,5,82.6,12,6,2,1,1.97,14458167.278396606,7018528.0,0.032,-94.06,25390,21953,30280,-0.405
5539,YDKG,Communication Services,Advertising Agencies,NASDAQ,38.67,5,92.85,42,5,1,0,0.94,5639772.674539089,5529189.0,0.0376,-99.86,85990,92203,86220,
5540,SUPX,Technology,Software - Infrastructure,NASDAQ,38.65,5,84.73,16,9,84,99,8.13,317848548.22586393,43244701.0,0.0117,-89.37,258740,382100,361616,1.304
5541,UK,Real Estate,Real Estate Services,NASDAQ,38.52,5,75.5,5,10,9,40,3.06,2101648.0353455544,677951.0,0.0172,-80.26,176232,94252,58143,
5542,VENU,Consumer Cyclical,Restaurants,NYSE ARCA,38.52,5,83.99,15,5,9,36,3.57,229319809.3224156,60347319.0,0.033299997,-80.35,242740,309596,359010,0.061
5543,AGMH,Technology,Computer Hardware,NASDAQ,38.41,5,97.75,67,5,5,23,0.96,2071336.8836183548,2298931.0,0.0575,-94.7,82610,121290,88510,4.307
5544,CODX,Healthcare,Medical Devices,NASDAQ,38.38,5,103.15,78,1,2,25,1.9,9114236.34693265,3602465.0,0.013099999,-95.91,1271910,522736,1718726,0.767
5545,FWRD,Industrials,Integrated Freight & Logistics,NASDAQ,38.33,5,46.1,0,29,64,19,10.46,320268783.7265396,32448712.0,0.19129999,-67.79,2329800,1147536,1039822,-0.051
5546,DRMA,Healthcare,Biotechnology,NASDAQ,38.16,5,86.48,19,6,3,3,1.22,5067900.141641855,4022143.0,0.0636,-85.65,53600,77673,1006124,
5547,EXOD,Technology,Software - Infrastructure,NYSE ARCA,38.03,5,95.82,60,3,5,8,7.71,243875437.0583954,29813622.0,0.0433,-86.23,72820,65170,80944,-0.344
5548,BRR,Financial Services,Capital Markets,NASDAQ,37.99,5,89.84,29,3,2,48,1.93,173003584.92275476,89177103.0,0.0269,-88.12,727710,895030,924818,
5549,NCPL,Financial Services,Capital Markets,NASDAQ,37.95,5,101.85,76,3,3,33,0.44,3115616.0190072656,7847899.0,0.0184,-94.97,379480,301653,286086,-0.382
5550,JUNS,Healthcare,Biotechnology,NASDAQ,37.91,5,78.73,8,5,12,82,0.34,12081657.071702242,36281252.0,0.0036000002,-89.79,81580,90773,137250,
5551,ICON,Industrials,Marine Shipping,NASDAQ,37.82,5,121.18,92,2,1,3,1.39,4146148.8873929977,3214069.0,0.033,-91.7,154410,151260,293314,1.046
5552,CHOW,Technology,Software - Infrastructure,NYSE ARCA,37.81,5,93.21,46,3,0,19,0.42,14987699.514627457,35100000.0,0.0106,-98.08,118860,1458450,972718,0.813
5553,GELS,Healthcare,Drug Manufacturers - Specialty & Generic,NASDAQ,37.79,5,58.51,1,17,12,11,0.45,5034197.717231423,10711059.0,0.008,-87.18,43900,31086,23840,0.594
5554,CLIK,Consumer Cyclical,Personal Services,NASDAQ,37.77,5,79.04,8,5,6,3,2.26,7276563.652237415,3263033.0,0.0191,-93.39,4623350,4279160,2698444,
5555,INM,Healthcare,Drug Manufacturers - Specialty & Generic,NASDAQ,37.77,5,79.19,8,6,6,10,0.62,2154140.870986581,3314063.0,0.029000001,-92.23,19510,32796,114648,-0.262
5556,NXL,Healthcare,Medical Devices,NASDAQ,37.72,5,78.19,7,6,5,28,0.34,7244739.352743626,20581646.0,0.0309,-83.0,138410,733850,489906,5.325
5557,RVSN,Industrials,Railroads,NASDAQ,37.72,5,83.75,14,0,0,18,6.95,15674416.109066963,2192226.0,0.052199997,-99.22,10590,13966,18484,1.319
5558,DWTX,Healthcare,Biotechnology,NASDAQ,37.67,5,91.02,33,9,11,80,1.69,49050978.19123244,29727866.0,0.004,-82.21,99270,123340,105132,
5559,NCL,Consumer Cyclical,"Furnishings, Fixtures & Appliances",NYSE ARCA,37.64,5,91.43,35,4,1,0,0.15,7898763.194594517,53733083.0,0.0054,-99.85,195640,355703,292844,0.14
5560,ALDX,Healthcare,Biotechnology,NASDAQ,37.58,5,85.03,17,8,77,75,1.76,104355448.79053307,60321068.0,0.0949,-71.5,853490,1491470,3626080,
5561,BCHT,Industrials,Pollution & Treatment Controls,NYSE ARCA,37.53,5,68.64,3,9,48,86,1.34,36828351.7728169,26305966.0,0.0011,-72.08,292310,197333,156040,-0.319
5562,DKI,Communication Services,Electronic Gaming & Multimedia,NASDAQ,37.51,5,71.54,4,21,7,0,5.75,2139248.803158641,6366812.0,0.0466,-51.27,81589,658110,396490,-0.025
5563,ALZN,Healthcare,Biotechnology,NASDAQ,37.4,5,85.51,18,4,10,9,1.05,4071073.0695666075,3804741.0,0.0657,-87.23,46780,75450,147234,
5564,CRIS,Healthcare,Biotechnology,NASDAQ,37.37,5,81.76,11,9,15,10,0.55,22388068.17531663,39978693.0,0.0067000003,-82.43,245020,621460,469552,-0.66
5565,WGS,Healthcare,Diagnostics & Research,NASDAQ,37.36,5,54.31,1,12,38,85,39.61,1210380874.3801003,29688027.0,0.26610002,-76.82,2893640,1390463,1150184,0.174
5566,SUUN,Utilities,Utilities - Renewable,NASDAQ,37.11,5,88.82,26,5,13,12,0.65,31573373.27848959,46568399.0,0.0155,-74.51,470630,533546,570648,-0.242
5567,ZCMD,Healthcare,Health Information Services,NASDAQ,37.11,5,70.61,3,4,2,9,1.52,6090486.205427408,3854738.0,0.0087,-87.52,11800,8516,15214,-0.232
5568,RIME,Technology,Consumer Electronics,NASDAQ,37.02,5,56.83,1,20,7,10,0.61,8937515.859593749,14651665.0,0.070199996,-86.68,768080,764693,986276,7.076
5569,PROP,Energy,Oil & Gas E&P,NASDAQ,36.86,5,63.37,2,12,16,6,0.98,90530244.33626103,97344348.0,0.1342,-79.58,3502990,5972383,5427698,9.456
5570,CHAI,Communication Services,Internet Content & Information,NASDAQ,36.77,5,101.39,75,3,2,0,1.19,23707684.50997019,19922423.0,0.99,-96.65,148160,176800,121408,-0.371
5571,ZOOZ,Consumer Cyclical,Specialty Retail,NASDAQ,36.37,5,80.25,9,4,6,2,0.28,50422472.53493911,172679703.0,0.0002,-94.47,281570,392746,345568,-1.0
5572,DOGZ,Consumer Cyclical,Leisure,NASDAQ,36.21,5,82.47,12,1,0,7,1.12,16397043.47080779,14510658.0,0.0068,-96.44,22120,32836,56472,-0.362
5573,GEMI,Financial Services,Capital Markets,NASDAQ,36.2,5,100.65,74,3,4,3,5.22,595633145.0,119126629.0,0.174,-88.62,1498960,1706996,1907540,0.394
5574,GWH,Industrials,Electrical Equipment & Parts,NYSE,36.06,5,61.83,2,12,8,72,0.81,22923551.7591691,29389170.0,0.0733,-94.16,1466250,738713,713890,-0.786
5575,EDHL,Communication Services,Advertising Agencies,NASDAQ,36.06,5,82.52,12,5,1,50,2.49,4482279.84534502,1666275.0,0.020399999,-97.74,27410,23910,162278,-0.134
5576,YRD,Financial Services,Credit Services,NYSE,35.92,5,86.99,21,5,14,25,1.96,173869088.0,86934544.0,0.56,-74.48,61570,84853,106366,-0.341
5577,GRI,Healthcare,Biotechnology,NASDAQ,35.9,5,89.0,26,1,0,19,2.26,3244089.9396295547,1445029.0,0.093,-97.19,35800,125286,91550,
5578,PRFX,Healthcare,Drug Manufacturers - Specialty & Generic,NASDAQ,35.79,5,74.65,5,8,7,10,1.82,1638428.9883255959,844551.0,0.100200005,-89.86,139820,1021783,624812,
5579,MIMI,Industrials,Engineering & Construction,NASDAQ,35.74,5,86.43,19,5,2,0,2.78,7369625.242352486,2541250.0,0.2149,-97.97,66607,1391964,902752,-0.262
5580,FGNX,Financial Services,Asset Management,NASDAQ,35.58,5,95.22,58,2,3,0,6.64,42199691.24695206,6261082.0,0.056399997,-96.78,129880,96176,85718,8.281
5581,AGRZ,Consumer Defensive,Farm Products,NASDAQ,35.5,5,77.71,7,5,1,10,0.34,7672413.7365062535,21673485.0,0.0123000005,-95.28,76810,542860,7306972,3.202
5582,AIOS,Technology,Information Technology Services,NASDAQ,35.35,5,148.57,97,3,2,18,17.93,61592400.74157715,3240000.0,0.0014,-84.93,1084840,366607,222165,
5583,INBS,Healthcare,Medical Devices,NASDAQ,35.25,5,102.66,77,1,7,5,3.14,5137363.411639452,2176849.0,0.0136,-87.39,114710,126560,95414,0.476
5584,NFE,Energy,Oil & Gas Midstream,NASDAQ,35.2,5,92.7,41,4,12,2,0.7,199944251.59496963,285634650.0,0.2284,-90.5,6705890,7650590,13707434,-0.401
5585,CAPS,Basic Materials,Building Materials,NASDAQ,35.13,5,65.52,2,8,5,10,0.35,4237871.644615531,11453707.0,0.0233,-89.36,235150,3871010,2451428,0.21
5586,CRE,Industrials,Specialty Business Services,NASDAQ,35.1,5,96.57,63,4,2,1,2.62,5659297.734758854,2013985.0,0.0074,-97.44,1640070,557076,851364,0.574
5587,FTFT,Technology,Software - Application,NASDAQ,34.87,4,72.75,4,4,2,11,1.22,6812706.950111389,5240544.0,0.0153,-92.43,216650,176386,110604,8.682
5588,ARAY,Healthcare,Medical Devices,NASDAQ,34.83,4,74.29,5,5,5,10,0.34,45206203.91273689,118963696.0,0.0763,-83.81,1780920,1475870,1491554,-0.074
5589,RKDA,Consumer Defensive,Packaged Foods,NASDAQ,34.81,4,77.75,7,6,7,29,1.06,2200865.9878878593,2056884.0,0.0008,-84.2,25380,26473,38040,-0.259
5590,DLXY,Energy,Oil & Gas Refining & Marketing,NASDAQ,34.55,4,74.63,5,10,7,1,0.54,8992500.194907188,16350000.0,0.2165,-92.46,184920,3346576,3993178,-0.29
5591,HTCR,Technology,Software - Application,NASDAQ,34.53,4,78.35,7,5,6,66,3.07,4044279.564900875,1271786.0,0.0588,-90.81,91050,69951,46028,0.354
5592,NVNI,Technology,Software - Application,NASDAQ,34.42,4,76.84,6,8,4,5,1.11,13562873.889732957,11692133.0,0.048899997,-93.23,83070,658440,417216,0.065
5593,LCID,Consumer Cyclical,Auto Manufacturers,NASDAQ,34.25,4,72.61,4,11,8,9,6.03,2474228222.268463,390256808.0,0.2937,-82.11,18572460,18937200,13697316,0.202
5594,GNTA,Healthcare,Biotechnology,NASDAQ,34.25,4,81.85,11,3,4,7,0.63,14767978.216274977,23591020.0,0.0029,-93.7,54040,48983,74712,
5595,EZRA,Financial Services,Insurance Brokers,NASDAQ,34.25,4,77.5,7,3,2,10,0.16,3613012.2480033487,21253013.0,0.0275,-95.49,1937780,1707560,2114882,-0.097
5596,CJMB,Industrials,Integrated Freight & Logistics,NASDAQ,34.16,4,87.41,22,7,5,20,1.07,6415199.439499855,5627368.0,0.0555,-81.8,146400,98093,167672,-0.141
5597,AVX,Financial Services,Asset Management,NASDAQ,34.13,4,87.48,22,2,1,2,0.52,46952964.800234556,89776223.0,0.0061000003,-96.93,835050,581820,478754,40.009
5598,FFAI,Consumer Cyclical,Auto Manufacturers,NASDAQ,34.0,4,98.41,68,3,8,10,0.4,122942440.2618736,303561580.0,0.19139999,-88.92,15109340,48572710,40995748,-0.451
5599,PTLE,Consumer Cyclical,Specialty Retail,NASDAQ,33.9,4,74.35,5,13,5,8,5.45,34546171.0,6281122.0,0.0025,-96.24,12630,26560,243010,-0.413
5600,MERC,Basic Materials,Paper & Paper Products,NASDAQ,33.75,4,63.33,2,5,15,4,0.84,65642857.15758991,66982506.0,0.093100004,-81.21,445530,516473,468352,-0.035
5601,CCTG,Industrials,Electrical Equipment & Parts,NASDAQ,33.63,4,96.7,64,1,0,1,0.57,2203298.3394389153,3913496.0,0.027999999,-97.82,739100,291400,197594,-0.082
5602,VRAX,Healthcare,Biotechnology,NASDAQ,33.61,4,86.68,20,4,3,5,0.15,1269406.9003181458,7423432.0,0.7168,-87.5,6167770,28345793,17076442,-0.675
5603,DH,Healthcare,Health Information Services,NASDAQ,33.59,4,80.18,9,5,8,13,0.99,100564599.77003968,105524238.0,0.0627,-78.94,315980,283816,337120,-0.012
5604,INLF,Industrials,Specialty Industrial Machinery,NASDAQ,33.58,4,98.21,68,4,6,4,4.36,59228811.97333336,13806250.0,0.0018000001,-84.43,36060,22032,88367,-0.102
5605,HPAI,Technology,Software - Infrastructure,NASDAQ,33.49,4,67.98,3,5,27,7,1.27,37119853.31385434,37646910.0,0.0036000002,-76.91,4021530,1463713,879224,0.224
5606,BQ,Consumer Cyclical,Specialty Retail,NYSE ARCA,33.48,4,78.36,7,3,10,16,0.71,3591284.2686745524,4379615.0,0.014099999,-98.73,126740,137350,117688,-0.167
5607,EFOR,Technology,Information Technology Services,NYSE,33.47,4,57.19,1,20,23,13,18.9,833119987.487793,41000000.0,0.0885,-68.89,1775600,1428530,1306002,0.0
5608,ANGI,Communication Services,Internet Content & Information,NASDAQ,33.25,4,60.58,1,10,13,10,5.12,235811930.19406128,40448016.0,0.1513,-73.64,2058920,1166920,1305014,-0.032
5609,DDC,Consumer Defensive,Packaged Foods,NYSE ARCA,33.18,4,68.04,3,7,9,22,1.4,65970458.17224383,44275475.0,0.0548,-93.28,121390,95343,85084,0.078
5610,SNOA,Healthcare,Drug Manufacturers - Specialty & Generic,NASDAQ,33.02,4,68.52,3,20,24,51,1.16,4701597.786824703,3917998.0,0.012,-83.24,155930,306036,195820,0.22
5611,ZSTK,Financial Services,Asset Management,NASDAQ,32.82,4,64.87,2,8,13,2,4.65,13367590.5,2430471.0,0.0195,-90.11,14170,14803,17082,-0.383
5612,ABVE,Consumer Defensive,Packaged Foods,NASDAQ,32.64,4,80.1,9,14,80,98,0.59,32250863.995898247,51191848.0,0.0462,-91.01,7027580,3888316,3313872,-0.45
5613,EUDA,Real Estate,Real Estate Services,NASDAQ,32.55,4,119.17,91,1,2,39,14.4,34321912.570905685,2494325.0,0.003,-83.26,149330,232200,145305,0.789
5614,DCX,Consumer Cyclical,Auto Manufacturers,NASDAQ,32.51,4,103.5,78,1,0,0,2.3,48369646.13431692,19823625.0,0.0053,-99.93,26900,569683,353304,
5615,QDEL,Healthcare,Medical Devices,NASDAQ,32.47,4,60.6,1,10,28,12,9.96,736462694.206399,68190989.0,0.2339,-74.45,2571080,2749943,2327074,-0.105
5616,LMFA,Financial Services,Capital Markets,NASDAQ,32.42,4,82.23,12,5,2,7,0.23,3810942.820334047,16216778.0,0.063200004,-95.53,318940,364286,385694,0.086
5617,GAUZ,Technology,Electronic Components,NASDAQ,32.26,4,78.15,7,4,1,3,0.62,9184137.308748484,18743137.0,0.0148,-93.83,968560,355580,342794,-0.178
5618,AIFC,Technology,Software - Infrastructure,NASDAQ,32.23,4,84.58,16,5,6,4,0.93,137039783.44716978,139836511.0,0.118999995,-91.51,3458360,3339506,2783052,0.125
5619,BJDX,Healthcare,Medical Devices,NASDAQ,32.16,4,80.79,10,5,6,17,1.76,1779709.8296034336,1034715.0,0.0167,-89.45,24700,19096,70556,
5620,FUBO,Communication Services,Broadcasting,NYSE,32.08,4,79.2,8,4,5,82,9.95,302597929.2998476,29435597.0,0.24620001,-82.43,1846630,2237116,1945437,0.398
5621,IQST,Communication Services,Telecom Services,NASDAQ,32.04,4,76.28,6,5,3,7,1.34,6744088.407612681,5070743.0,0.0743,-92.83,264510,608303,392622,
5622,GCL,Communication Services,Electronic Gaming & Multimedia,NASDAQ,32.0,4,74.07,5,4,3,4,0.45,56456192.94414604,122730852.0,0.0015,-89.98,29310,29566,76538,0.939
5623,YAAS,Technology,Software - Application,NASDAQ,32.0,4,63.52,2,4,4,0,0.84,12396657.32291311,12913185.0,0.61,-99.85,764260,6282140,3805428,-0.18
5624,ALIT,Technology,Software - Application,NYSE,31.85,4,104.44,80,2,6,5,0.83,492601973.3711012,526847029.0,0.1008,-86.42,24611590,23187026,34487242,-0.026
5625,BNKK,Financial Services,Asset Management,NASDAQ,31.82,4,78.21,7,7,5,2,2.34,18884299.95039463,7868458.0,0.014099999,-95.01,108790,88540,77112,8.983
5626,GLXG,Industrials,Staffing & Employment Services,NASDAQ,31.77,4,65.65,2,16,8,8,1.05,6319205.558879375,5961515.0,0.0014,-86.56,13820,15363,18254,-0.093
5627,ATPC,Consumer Defensive,Packaged Foods,NASDAQ,31.64,4,81.43,11,4,0,50,2.27,2371483.505487442,1000626.0,0.0069,-98.09,77260,132243,2423838,0.109
5628,WW,Healthcare,Medical Care Facilities,NASDAQ,31.58,4,76.44,6,5,25,35,9.99,101987350.09288788,9998760.0,4.23,-78.72,394500,417263,375524,-0.117
5629,IPDN,Industrials,Staffing & Employment Services,NASDAQ,31.56,4,63.32,2,12,22,19,0.63,7261582.054908752,10524032.0,0.0186,-94.92,89630,84033,83484,0.031
5630,EPSM,Consumer Defensive,Beverages - Wineries & Distilleries,NASDAQ,31.49,4,82.43,12,3,5,1,1.27,16778792.5,13423034.0,0.0058,-99.18,13540,13850,130124,-0.616
5631,YYAI,Technology,Software - Infrastructure,NASDAQ,31.36,4,75.99,6,4,4,0,0.69,31480395.81981659,42142432.0,0.0625,-99.74,538300,459046,496692,1.131
5632,TOPS,Energy,Oil & Gas Midstream,NYSE ARCA,31.35,4,65.55,2,9,27,49,1.97,11991787.967219353,5500820.0,0.0287,-82.82,87860,65990,220908,-0.169
5633,MSGY,Industrials,Engineering & Construction,NASDAQ,31.03,4,77.35,7,1,3,2,0.43,6443925.128877163,14225000.0,0.0056,-98.06,943000,465226,393710,-0.191
5634,LGCB,Consumer Cyclical,Internet Retail,NASDAQ,30.96,4,64.68,2,18,20,27,0.59,32482396.769117117,48481188.0,0.00029999999,-80.97,108340,131643,88218,-0.709
5635,FLYE,Consumer Cyclical,Auto Manufacturers,NASDAQ,30.55,4,79.58,8,1,2,1,1.82,3101533.361080885,1632386.0,0.0156,-98.88,8430,13926,13424,-0.533
5636,BRBR,Consumer Defensive,Packaged Foods,NYSE,30.5,4,52.49,1,6,8,6,9.4,1198824682.2921276,116277850.0,0.08979999,-85.97,7599870,4595266,4268216,0.018
5637,SURG,Communication Services,Telecom Services,NASDAQ,30.47,4,73.09,4,3,7,47,0.56,13942651.904685795,25121895.0,0.0719,-83.77,486180,571433,385876,0.687
5638,APVO,Healthcare,Biotechnology,NASDAQ,30.2,4,91.09,33,3,1,2,4.84,5873173.002064228,1181725.0,0.0883,-98.12,65240,45740,60710,
5639,RENX,Real Estate,Real Estate - Development,NASDAQ,30.2,4,78.27,7,5,1,20,2.0,5090300.038258791,2507537.0,0.083100006,-95.76,784220,3890120,2635911,
5640,CXAI,Technology,Software - Application,NASDAQ,30.16,4,72.57,4,3,2,6,0.14,10162944.872564748,70089277.0,0.0381,-90.34,3721320,6643590,11605756,-0.385
5641,FRGT,Technology,Software - Application,NASDAQ,30.15,4,95.18,58,3,1,2,0.9,2334271.588350296,2860627.0,0.0269,-97.91,61600,163396,178224,0.302
5642,ODD,Consumer Defensive,Household & Personal Products,NASDAQ,30.12,4,81.12,11,4,13,15,14.1,849520929.4788809,57438873.0,0.1633,-82.19,1347240,1311286,1759004,0.235
5643,PULM,Healthcare,Biotechnology,NASDAQ,30.09,4,83.62,14,4,8,34,1.25,4737013.829603791,3652285.0,0.0054,-86.66,16930,30763,58840,
5644,XBP,Technology,Software - Infrastructure,NASDAQ,29.96,4,65.53,2,4,42,21,2.44,31303014.010059834,11768050.0,0.0023,-90.47,11110,16066,13540,-0.008
5645,GPUS,Industrials,Aerospace & Defense,NYSE ARCA,29.82,3,76.04,6,3,4,1,0.12,52727344.70145198,439394549.0,0.6911,-98.8,27220500,45511883,32172384,0.384
5646,ARTL,Healthcare,Biotechnology,NASDAQ,29.62,3,48.55,0,19,6,1,2.42,5543651.516742706,2182540.0,0.2678,-97.18,171290,1684866,4246504,
5647,AMST,Technology,Software - Application,NASDAQ,29.61,3,55.64,1,19,16,39,0.82,5618415.409556031,6384563.0,0.0304,-82.85,356740,558556,348120,7.468
5648,GNLN,Consumer Defensive,Tobacco,NASDAQ,29.59,3,122.89,93,1,2,6,4.88,3142861.5358428955,629832.0,0.0574,-95.22,66760,302817,197370,-0.18
5649,XHLD,Communication Services,Broadcasting,NASDAQ,29.53,3,81.66,11,10,4,4,1.28,5488871.321034074,3977443.0,0.027999999,-94.03,29030,30713,31434,-0.137
5650,FRMI,Real Estate,REIT - Specialty,NASDAQ,29.45,3,86.21,19,3,4,8,5.37,3334513282.1307635,637574239.0,0.069,-85.48,12523020,18650970,14288256,
5651,NCRA,Consumer Defensive,Packaged Foods,NASDAQ,29.45,3,101.42,75,2,6,43,0.25,4166414.9708177596,17075471.0,0.0378,-89.58,182040,1923606,1414924,-0.12
5652,SVRN,Industrials,Marine Shipping,NASDAQ,29.36,3,78.87,8,3,2,2,7.9,15513396.138702393,1875864.0,0.011,-99.5,7630,33746,308185,-0.374
5653,RETO,Basic Materials,Building Materials,NASDAQ,29.32,3,82.61,12,1,2,7,0.63,8729104.687134862,14079201.0,0.0341,-96.78,114820,1441076,923660,1.189
5654,ICCM,Healthcare,Medical Devices,NASDAQ,29.25,3,68.87,3,6,16,24,0.24,19497071.324206486,81237799.0,0.0275,-82.86,587480,647980,641210,0.462
5655,OTLK,Healthcare,Biotechnology,NASDAQ,29.14,3,86.96,20,3,3,12,0.25,26684258.79275602,120743252.0,0.0448,-92.63,4875360,4995760,4208790,
5656,TVGN,Healthcare,Biotechnology,NASDAQ,29.08,3,103.84,79,2,5,3,7.0,31322537.47987032,4187505.0,0.0688,-90.73,8650,19846,33404,
5657,CLGN,Healthcare,Biotechnology,NASDAQ,28.93,3,82.67,13,1,4,17,0.39,5794881.600347042,14415128.0,0.0062,-92.17,79220,129483,90358,-0.634
5658,NXTS,Basic Materials,Agricultural Inputs,NASDAQ,28.89,3,89.15,27,2,1,2,4.68,3732645.5875267982,730459.0,0.0401,-95.71,39550,28469,19966,
5659,EHGO,Industrials,Business Equipment & Supplies,NASDAQ,28.86,3,63.74,2,7,5,2,1.8,3579971.871422291,2022583.0,0.0039,-91.6,20610,28366,19835,0.161
5660,CENN,Consumer Cyclical,Auto Manufacturers,NASDAQ,28.7,3,77.4,7,3,6,1,4.04,5934116.979467392,1465214.0,0.0629,-93.88,20170,42279,31611,-0.083
5661,CUPR,Healthcare,Medical Instruments & Supplies,NASDAQ,28.67,3,78.07,7,5,3,4,0.27,6006000.025570393,21450000.0,0.018099999,-97.16,273950,3465843,2341024,2.674
5662,REVB,Healthcare,Biotechnology,NASDAQ,28.66,3,73.47,5,2,1,1,0.98,3571603.1201684475,3720420.0,0.0064,-97.55,77560,89323,81012,
5663,GRAN,Financial Services,Capital Markets,NASDAQ,28.47,3,82.76,13,3,21,6,1.05,22415624.406188726,24906250.0,0.0016,-84.33,11400,10683,19350,-0.832
5664,PN,Technology,Solar,NASDAQ,28.38,3,132.19,95,1,5,4,4.96,14745925.104773045,2538025.0,0.0123000005,-94.32,8710990,2974132,1788554,0.429
5665,MBRX,Healthcare,Biotechnology,NASDAQ,28.32,3,83.06,13,5,4,5,2.44,13180787.122674227,5336351.0,0.026199998,-91.47,139120,120323,124216,
5666,NXGL,Healthcare,Medical Instruments & Supplies,NASDAQ,28.22,3,82.94,13,3,11,14,0.61,5247851.29858166,8849665.0,0.016900001,-79.45,117300,287463,459294,-0.081
5667,PASW,Consumer Cyclical,Textile Manufacturing,NASDAQ,28.21,3,88.9,26,3,1,2,0.16,18931599.391251802,124550000.0,0.0004,-97.04,121010,324733,306358,-0.62
5668,GIPR,Real Estate,REIT - Diversified,NASDAQ,28.14,3,81.51,11,3,8,22,0.26,1487352.6043915749,5448178.0,0.1282,-86.93,150240,2145686,1351274,-0.08
5669,BESS,Utilities,Utilities - Renewable,NYSE ARCA,27.99,3,76.49,6,5,82,83,2.48,16620545.875506878,7072573.0,0.0034999999,-85.51,45770,39023,53070,
5670,MTVA,Healthcare,Biotechnology,NASDAQ,27.93,3,64.45,2,1,2,19,1.04,5629163.472379446,5164370.0,0.019,-94.53,143260,142900,153242,
5671,ALBT,Real Estate,Real Estate Services,NASDAQ,27.87,3,75.97,6,2,4,12,0.4,3329443.649612576,8323609.0,0.1166,-91.56,209990,1895306,1495082,
5672,VSEE,Healthcare,Health Information Services,NASDAQ,27.5,3,71.64,4,5,4,15,0.18,8513896.118311822,47299421.0,0.0199,-92.86,653530,703503,660958,0.051
5673,MREO,Healthcare,Biotechnology,NASDAQ,27.5,3,71.7,4,4,1,21,0.24,39903941.5,159615766.0,0.0637,-92.13,1767910,1703233,1599410,
5674,VTAK,Healthcare,Medical Devices,NYSE ARCA,27.47,3,66.57,3,6,6,4,0.81,2234752.545064509,2692473.0,0.031400003,-94.86,49340,170096,1374888,0.597
5675,SNBR,Consumer Cyclical,"Furnishings, Fixtures & Appliances",NASDAQ,27.44,3,81.59,11,2,90,2,2.45,65666882.00263786,23041012.0,0.2959,-82.42,6698170,3815200,2892402,-0.078
5676,NAKA,Financial Services,Capital Markets,NASDAQ,27.37,3,78.47,7,3,1,1,0.18,122133231.69830927,690018254.0,0.0577,-99.48,6352070,5470000,5065972,-0.263
5677,BTOG,Financial Services,Financial Data & Stock Exchanges,NASDAQ,27.26,3,71.29,4,2,1,17,1.82,3091854.6508916616,1610341.0,0.028399998,-97.0,71840,1118223,699732,
5678,STEX,Financial Services,Capital Markets,NASDAQ,27.19,3,77.86,7,12,59,95,0.95,191489163.08078802,206791753.0,0.066700004,-93.27,1642530,1525606,1713788,
5679,XAIR,Healthcare,Medical Devices,NASDAQ,27.06,3,76.42,6,6,8,3,0.52,5401553.592498779,10529344.0,0.0066000004,-91.1,250960,391540,315922,1.047
5680,SBEV,Consumer Defensive,Beverages - Wineries & Distilleries,NYSE ARCA,27.01,3,67.88,3,5,1,3,0.25,2714627.0,10858508.0,0.066199996,-95.64,736020,2374770,2012582,
5681,SCAG,Industrials,Farm & Heavy Construction Machinery,NASDAQ,26.9,3,62.61,2,4,11,1,0.81,58813828.82311493,72609665.0,0.00059999997,-96.69,29360,13630,9804,0.388
5682,SELX,Technology,Electronic Components,NASDAQ,26.88,3,54.0,1,5,12,23,0.24,10405123.687427357,43354683.0,0.0163,-87.03,140180,3868166,2328098,-0.246
5683,CYCU,Technology,Information Technology Services,NASDAQ,26.81,3,78.6,8,2,4,4,0.95,4738589.758821011,5509988.0,0.1295,-94.02,1126850,2837690,2079138,-0.131
5684,LHAI,Real Estate,Real Estate Services,NASDAQ,26.59,3,71.32,4,1,1,95,0.91,21423600.85129738,16230000.0,0.0021,-95.92,526140,211613,156800,1.315
5685,SHPH,Healthcare,Drug Manufacturers - Specialty & Generic,NASDAQ,26.15,3,73.06,4,3,3,4,0.68,3852398.8686549664,5591290.0,0.012999999,-89.93,4471040,1622786,1061800,
5686,ARAI,Technology,Scientific & Technical Instruments,NASDAQ,26.1,3,81.84,11,2,1,5,0.74,32266420.2704798,47731391.0,0.060900003,-98.15,2487230,19252080,11650618,
5687,DCOY,Healthcare,Biotechnology,NASDAQ,25.92,3,79.58,8,3,4,0,5.44,3042856.848388672,531968.0,0.0437,-98.69,8260,24370,25841,
5688,BCAB,Healthcare,Biotechnology,NASDAQ,25.92,3,77.6,7,2,4,93,4.52,8032522.333236694,1659612.0,0.0684,-93.68,33510,48308,40525,
5689,AKTX,Healthcare,Biotechnology,NASDAQ,25.92,3,85.41,17,2,3,5,5.15,7153675.0,1144588.0,0.0466,-90.93,22950,53090,36316,
5690,RITR,Industrials,Engineering & Construction,NASDAQ,25.87,3,84.47,16,2,5,4,0.5,29723225.684836507,62443750.0,0.0215,-94.03,31340,50800,530962,-0.714
5691,EMBC,Healthcare,Medical Instruments & Supplies,NASDAQ,25.79,3,33.69,0,22,19,66,3.36,215952750.503721,59327677.0,0.1168,-78.39,4702340,2045556,1596178,-0.144
5692,BURU,Industrials,Specialty Industrial Machinery,NYSE ARCA,25.67,3,88.01,23,1,11,82,0.24,38645448.032205686,169497579.0,0.122200005,-94.35,16687560,43295290,44052712,
5693,ENGN,Healthcare,Biotechnology,NASDAQ,25.5,3,19.01,0,82,95,94,1.49,100484199.0,66989466.0,0.0255,-87.84,5085140,1893536,1378670,
5694,MSAI,Technology,Electronic Components,NASDAQ,25.48,3,81.7,11,4,3,34,6.0,11963082.230432987,2012293.0,1.1143,-93.75,49750,52969,45339,-0.009
5695,VVOS,Healthcare,Medical Devices,NASDAQ,25.44,3,60.07,1,7,9,14,0.69,9053529.077131808,13614329.0,0.0517,-91.32,163070,325963,244020,0.034
5696,BYRN,Industrials,Aerospace & Defense,NASDAQ,25.4,3,63.16,2,4,13,19,5.14,120914539.41922188,22685655.0,0.17870001,-85.01,466190,684826,574184,0.109
5697,SOPA,Communication Services,Advertising Agencies,NASDAQ,25.34,3,72.9,4,2,5,72,0.36,4812386.821661949,12867344.0,0.014400001,-94.27,252730,2394606,1563468,-0.176
5698,BDRX,Healthcare,Biotechnology,NASDAQ,25.3,3,96.35,62,1,1,5,3.68,2755334.5,648314.0,0.0631,-96.19,1940160,1530193,924265,
5699,ZDAI,Industrials,Engineering & Construction,NASDAQ,25.28,3,58.42,1,12,14,7,1.98,17535375.536978245,8043750.0,0.0011,-88.75,19880,115106,71064,-0.432
5700,VNRX,Healthcare,Medical Devices,NYSE ARCA,25.28,3,56.79,1,5,10,8,2.05,18197898.75,8087955.0,0.047399998,-89.1,358510,246619,717533,1.332
5701,SXTP,Healthcare,Biotechnology,NASDAQ,25.13,3,72.86,4,8,14,5,1.47,4060653.4194145203,2636788.0,0.0698,-89.99,52610,190420,1448478,0.162
5702,GOCO,Financial Services,Insurance Brokers,NASDAQ,25.03,3,63.81,2,3,4,2,0.9,15184641.727618754,16686419.0,0.0495,-89.71,67140,61500,82344,-0.968
5703,FOFO,Industrials,Consulting Services,NASDAQ,24.99,3,60.92,1,11,5,38,2.43,19079116.415593147,7571078.0,0.00059999997,-96.43,55960,55223,43630,-0.441
5704,MEHA,Consumer Defensive,Packaged Foods,NASDAQ,24.91,2,81.59,11,5,1,0,0.12,2081722.4338778257,21912868.0,0.0121,-98.5,97818060,37939743,26946006,-0.11
5705,MSS,Consumer Defensive,Grocery Stores,NASDAQ,24.64,2,75.4,5,3,7,6,1.22,3980126.25,3184101.0,0.0324,-96.92,433670,207883,262401,-0.086
5706,NUWE,Healthcare,Medical Devices,NASDAQ,24.46,2,76.64,6,4,6,1,1.04,2872932.7079765797,2635718.0,0.0191,-97.6,44070,46863,61128,0.044
5707,QUCY,Healthcare,Diagnostics & Research,NASDAQ,24.2,2,60.06,1,4,6,92,0.34,4543066.673629433,12515335.0,0.060700003,-86.77,1507530,1005800,868504,-0.329
5708,POM,Healthcare,Pharmaceutical Retailers,NASDAQ,24.15,2,44.36,0,7,0,38,0.15,8939592.430227473,119194561.0,0.26,-97.67,37445590,13437496,8548306,0.162
5709,TANH,Consumer Defensive,Household & Personal Products,NASDAQ,24.06,2,71.13,4,2,11,5,0.36,4857307.588202089,13682557.0,0.0273,-91.11,185620,346726,260214,-0.045
5710,WLDS,Technology,Consumer Electronics,NASDAQ,23.98,2,69.87,3,3,8,77,1.02,6697305.98396945,6502239.0,0.0661,-97.02,197040,5132343,3125279,1.758
5711,ADIL,Healthcare,Biotechnology,NASDAQ,23.95,2,75.62,6,1,2,10,1.44,2041997.0250999928,1427970.0,0.0346,-92.42,104440,102846,127106,
5712,VITL,Consumer Defensive,Farm Products,NASDAQ,23.8,2,56.16,1,5,22,27,8.74,383065160.78007317,42848454.0,0.4461,-83.55,5784590,3604853,3237456,0.154
5713,AMOD,Technology,Software - Application,NASDAQ,23.65,2,66.69,3,6,9,10,0.23,11807710.88423717,50895307.0,0.0274,-91.15,5003380,2028863,1384686,
5714,GOVX,Healthcare,Biotechnology,NASDAQ,23.63,2,101.58,75,1,1,4,1.48,4830591.775864363,2892570.0,0.096099995,-95.74,879540,357846,243584,-1.0
5715,GSUN,Consumer Defensive,Education & Training Services,NASDAQ,23.59,2,68.37,3,2,8,7,0.48,5335358.892603517,10028870.0,0.0301,-87.3,1081110,1094743,2579074,3.046
5716,CIIT,Industrials,Integrated Freight & Logistics,NASDAQ,23.58,2,78.37,7,4,14,2,1.43,5138847.78469336,3618907.0,0.2508,-92.06,25170,944520,941706,0.868
5717,BNBX,Financial Services,Asset Management,NASDAQ,23.27,2,70.79,4,2,1,3,0.47,2777059.8640491962,5667469.0,0.119799994,-96.31,77700,1677593,1025592,-0.35
5718,AGIG,Utilities,Utilities - Renewable,NYSE ARCA,23.13,2,78.67,8,3,6,8,1.18,49404728.66152203,43720999.0,0.0596,-95.38,185030,267370,720894,
5719,SXTC,Healthcare,Drug Manufacturers - Specialty & Generic,NASDAQ,22.87,2,72.96,4,0,0,94,1.65,7712478.485031128,4458080.0,0.0095999995,-99.84,22970,76030,55668,-0.245
5720,SLMT,Communication Services,Entertainment,NASDAQ,22.77,2,73.72,5,2,1,56,0.65,53244229.20049906,82549195.0,0.033800002,-98.77,439640,576610,711346,-0.444
5721,UP,Industrials,Airports & Air Services,NYSE,22.71,2,58.04,1,8,8,10,5.16,217862508.29696655,36250000.0,0.1336,-92.63,263070,168039,138991,-0.102
5722,FEED,Healthcare,Medical Devices,NASDAQ,22.67,2,66.89,3,5,5,4,1.22,4404080.731767654,3700908.0,0.0045,-97.26,493040,360550,3470948,-0.297
5723,NPT,Consumer Cyclical,Specialty Retail,NASDAQ,22.65,2,39.37,0,87,82,16,1.38,30615299.894213676,22185000.0,0.0374,-93.83,99810,1168236,1086828,-0.173
5724,SHFS,Financial Services,Banks - Regional,NASDAQ,22.51,2,45.02,0,6,6,4,0.41,2068018.0353291035,4505486.0,0.0209,-95.54,370960,392173,292018,-0.541
5725,NXXT,Utilities,Utilities - Renewable,NASDAQ,22.39,2,70.14,3,2,5,46,0.33,53606197.4838562,156743264.0,0.192,-90.41,2116370,3157463,2629706,2.388
5726,CETX,Technology,Software - Infrastructure,NASDAQ,22.28,2,77.72,7,2,1,0,0.8,8969499.06583178,10078089.0,0.1531,-98.12,335730,6730936,4290974,0.174
5727,DSY,Consumer Defensive,Household & Personal Products,NASDAQ,22.23,2,74.58,5,2,2,3,2.13,9978932.846826077,4751873.0,0.026099999,-98.55,7060,10910,21706,-0.173
5728,IZM,Technology,Electronics & Computer Distribution,NASDAQ,22.05,2,68.83,3,2,19,7,0.37,4542845.851982385,12018111.0,0.014400001,-86.5,79860,294043,2240508,0.072
5729,KUST,Communication Services,Entertainment,NASDAQ,21.91,2,88.35,24,1,1,3,3.55,1974798.75,526613.0,0.0382,-95.51,57980,53648,39542,
5730,VSME,Communication Services,Advertising Agencies,NASDAQ,21.61,2,77.63,7,2,2,0,0.9,2557007.5663855076,2779356.0,0.036199998,-98.6,1642250,1349503,852122,0.009
5731,DAIC,Technology,Information Technology Services,NASDAQ,21.38,2,80.25,9,2,0,1,0.18,5682904.635617733,29293322.0,0.0093,-99.76,1829060,926263,1077248,
5732,JZXN,Consumer Cyclical,Auto & Truck Dealerships,NASDAQ,21.32,2,111.98,88,2,0,0,1.34,1202601.066981554,1328841.0,0.048299998,-99.34,9180730,3104236,3160540,
5733,LGHL,Financial Services,Capital Markets,NASDAQ,21.24,2,70.8,4,2,0,1,0.7,378274.961889565,507071.0,0.0055,-98.89,104880,169920,144858,
5734,GCTK,Healthcare,Medical Instruments & Supplies,NASDAQ,21.16,2,77.47,7,1,2,7,0.77,2927423.243622005,3659279.0,0.3469,-95.16,21282790,8364303,5721530,
5735,SLGB,Industrials,Integrated Freight & Logistics,NASDAQ,21.03,2,60.97,1,6,6,3,0.57,23650000.512599945,43000000.0,0.0743,-90.62,121990,658496,419852,-0.221
5736,ISPC,Healthcare,Diagnostics & Research,NASDAQ,20.95,2,84.73,16,2,4,4,5.05,6737889.129396439,1315994.0,0.1864,-96.03,1428790,1572658,1147233,-0.965
5737,AIRE,Real Estate,Real Estate Services,NASDAQ,20.92,2,39.74,0,15,10,27,2.42,11909747.373486757,5364751.0,0.0458,-94.62,297920,131020,103523,-0.091
5738,LNAI,Healthcare,Biotechnology,NASDAQ,20.82,2,71.53,4,3,9,2,0.32,11969469.745623976,36271119.0,0.024600001,-94.18,12986260,12107040,26653962,
5739,AEHL,Industrials,Building Products & Equipment,NASDAQ,20.78,2,165.03,98,0,3,2,1.43,6193746.246117353,5161455.0,0.0149,-97.17,37353880,12756700,7800563,-0.057
5740,DBGI,Consumer Cyclical,Apparel Retail,NASDAQ,20.67,2,73.39,5,2,20,42,1.46,36382131.120491266,21401253.0,0.041300002,-91.89,439120,422683,495980,-0.251
5741,BOXL,Technology,Consumer Electronics,NASDAQ,20.65,2,60.46,1,5,1,8,0.8,3773609.775418341,4001707.0,0.023699999,-98.69,97300,270006,455112,0.11
5742,OLOX,Industrials,Metal Fabrication,NASDAQ,20.25,2,61.66,2,1,1,0,4.74,5435977.6017689705,1199995.0,0.1301,-99.51,47933,50143,155669,-0.4
5743,NCT,Industrials,Marine Shipping,NASDAQ,20.22,2,92.97,44,1,0,2,2.46,2582573.6517071724,1012774.0,1.0871,-98.16,34180,368612,257081,-0.06
5744,AHMA,Consumer Cyclical,Travel Services,NASDAQ,20.09,2,99.48,71,1,89,47,1.25,41912249.00782108,29725000.0,0.4013,-96.84,9179000,5984000,4437018,0.046
5745,CVM,Healthcare,Biotechnology,NYSE ARCA,20.03,2,37.41,0,20,12,14,1.41,14378544.303307295,8457967.0,0.056199998,-89.54,620600,251436,166098,
5746,DRCT,Communication Services,Advertising Agencies,NASDAQ,20.02,2,105.12,81,1,0,2,3.71,2999464.6761569977,744284.0,0.010299999,-97.85,1163210,410461,256827,-0.074
5747,LXEH,Consumer Defensive,Education & Training Services,NASDAQ,19.9,2,62.24,2,7,3,1,1.08,2223333.656024337,1916667.0,0.0025,-96.73,114000,168170,128469,0.003
5748,MODD,Healthcare,Medical Devices,NASDAQ,19.86,2,69.64,3,2,16,8,3.82,20454248.905184984,5411177.0,0.027,-87.64,19530,63775,65470,
5749,KWM,Communication Services,Entertainment,NASDAQ,19.63,2,62.45,2,6,5,6,0.29,21227664.943260312,68476338.0,0.24,-96.58,1489260,1056736,716406,0.612
5750,RBNE,Energy,Oil & Gas Midstream,NASDAQ,19.57,2,58.19,1,3,7,2,1.32,9919518.686717987,7572152.0,0.051,-98.72,318400,1010990,6733284,2.322
5751,GNPX,Healthcare,Biotechnology,NASDAQ,19.51,2,62.89,2,2,3,2,0.85,9063138.049674034,10417400.0,0.055,-98.45,571650,999850,742670,
5752,PPCB,Healthcare,Biotechnology,NASDAQ,19.47,2,76.32,6,1,1,99,0.09,1936732.2567290068,21859280.0,0.0127,-99.17,545850,4858733,3880372,
5753,NXTT,Technology,Software - Application,NASDAQ,19.11,2,77.55,7,1,0,0,1.52,112871274.9746275,76264374.0,0.0017,-99.84,87230,272126,1723138,
5754,WSHP,Communication Services,Internet Content & Information,NASDAQ,19.09,2,81.13,11,1,74,47,7.31,84311491.8973527,10963783.0,0.35,-97.08,141800,1775576,1110430,-0.733
5755,ONEG,Industrials,Engineering & Construction,NASDAQ,19.08,2,24.9,0,76,18,84,1.11,22399999.618530273,16000000.0,0.0150999995,-92.58,3719730,1891900,1306474,-0.034
5756,WCT,Technology,Software - Application,NASDAQ,19.07,2,72.14,4,2,9,13,2.01,6205720.561718941,2905300.0,0.0021,-91.96,3450,6586,9051,0.129
5757,MTEN,Industrials,Metal Fabrication,NASDAQ,19.03,2,75.65,6,0,0,1,1.02,5330111.1322722435,5028407.0,0.0403,-99.98,29050,34353,148752,0.17
5758,JEM,Consumer Cyclical,Apparel Retail,NASDAQ,18.94,2,64.99,2,3,2,0,1.16,2359660.9769306183,1801268.0,0.0689,-99.27,228130,878283,815184,0.235
5759,OIO,Financial Services,Asset Management,NASDAQ,18.85,2,52.79,1,35,90,96,1.91,657761779.1415038,348022108.0,0.0004,-85.26,241230,115981,82060,
5760,BGL,Basic Materials,Gold,NASDAQ,18.83,2,78.87,8,2,3,3,1.03,42198897.18383789,38017024.0,0.57,-99.38,464770,473400,448036,
5761,AMZE,Technology,Software - Application,NYSE ARCA,18.78,2,70.75,3,2,7,0,0.14,5850962.045387983,45007402.0,0.0402,-98.81,16352870,7478800,4943734,
5762,IMMP,Healthcare,Biotechnology,NASDAQ,18.67,2,85.81,18,1,89,43,0.44,66317457.1931873,147372131.0,0.0087,-87.54,1121680,27202186,17685596,0.915
5763,ABTS,Financial Services,Capital Markets,NASDAQ,18.38,1,57.74,1,3,95,99,0.93,3227977.328848958,2961447.0,0.0257,-91.43,2886770,1005900,612152,0.981
5764,PCLA,Communication Services,Telecom Services,NASDAQ,18.35,1,65.76,2,2,5,5,1.72,16824158.75,9613805.0,0.0015,-98.47,3920,4753,8582,-0.423
5765,DXST,Industrials,Waste Management,NASDAQ,18.27,1,65.89,2,0,1,78,1.88,3484999.602104187,1815104.0,0.028399998,-96.97,59470,52373,2055002,-0.2
5766,MASK,Technology,Software - Application,NASDAQ,18.14,1,110.65,87,1,3,3,2.18,3592143.9754092693,1129605.0,0.0557,-97.72,9609520,8141853,4981735,
5767,ORIS,Consumer Defensive,Packaged Foods,NASDAQ,18.09,1,59.84,1,2,4,5,0.41,2214884.9374477565,5056815.0,0.0573,-98.46,96240,459803,939270,-0.013
5768,BRTX,Healthcare,Biotechnology,NASDAQ,17.94,1,67.89,3,1,1,24,0.2,5243407.511617005,25478171.0,0.025799999,-90.22,1124390,1661176,5464460,-0.547
5769,SOAR,Industrials,Airports & Air Services,NYSE ARCA,17.89,1,56.73,1,2,2,11,0.16,7312384.393616885,38895663.0,0.15359999,-95.87,6671230,8911486,7517262,74.447
5770,MDCX,Healthcare,Drug Manufacturers - General,NASDAQ,17.87,1,77.64,7,1,5,20,0.33,18480096.235328168,55164465.0,0.0327,-96.31,2692370,5859456,7876904,
5771,THH,Industrials,Specialty Business Services,NASDAQ,17.56,1,73.97,5,0,0,3,0.32,16164939.442053437,50046250.0,0.0054,-99.42,108570,641906,480804,0.219
5772,DXF,Financial Services,Credit Services,NYSE ARCA,17.51,1,55.41,1,3,2,3,0.41,1359101.4775668383,3235956.0,0.0176,-95.43,184670,582716,373438,-0.532
5773,AIIO,Consumer Cyclical,Auto Manufacturers,NASDAQ,17.46,1,114.63,89,0,1,6,1.13,17013835.223005652,19783529.0,0.0226,-98.38,30235070,10481287,6348664,-0.879
5774,TNMG,Communication Services,Publishing,NASDAQ,17.44,1,56.98,1,3,4,4,0.83,2564850.75,2931258.0,0.0633,-96.86,45050,55556,38750,0.057
5775,OCG,Consumer Cyclical,Internet Retail,NASDAQ,17.38,1,78.68,8,0,0,69,1.69,3871902.0,1935951.0,0.0442,-99.99,1255870,641963,639892,-0.684
5776,ALP,Financial Services,Asset Management,NASDAQ,17.36,1,72.57,4,1,0,7,0.24,5624300.994287074,23434588.0,0.030199999,-98.26,8204030,12465190,7724646,
5777,CHR,Communication Services,Advertising Agencies,NASDAQ,17.15,1,75.01,5,1,2,0,1.65,2733645.25,1562083.0,0.033299997,-99.47,34340,51136,39881,0.022
5778,AIM,Healthcare,Biotechnology,NYSE ARCA,17.01,1,49.24,0,3,3,2,0.31,2770245.909138739,8147782.0,0.0311,-98.43,1426960,695896,4372824,-0.533
5779,SNGX,Healthcare,Biotechnology,NASDAQ,16.71,1,38.52,0,21,12,5,0.28,2988762.823999375,10306079.0,0.078600004,-95.51,2706290,1050013,763266,
5780,VIVK,Energy,Oil & Gas Integrated,NASDAQ,16.52,1,59.73,1,24,0,0,1.71,3784515.1187506914,2068041.0,0.05,-99.32,299370,433383,271861,-0.496
5781,CCHH,Consumer Cyclical,Restaurants,NASDAQ,16.43,1,61.93,2,10,2,84,0.4,9438500.156998634,21950000.0,0.0084,-97.4,60740,95380,1190508,0.05
5782,KITT,Industrials,Aerospace & Defense,NASDAQ,16.37,1,61.52,2,3,3,0,2.41,77427262.89784312,34877145.0,0.26770002,-97.23,364150,406454,558064,1.244
5783,GOSS,Healthcare,Biotechnology,NASDAQ,16.27,1,74.41,5,2,86,96,0.34,76745682.04045352,234696281.0,0.18200001,-91.21,4195890,6081583,9383832,0.471
5784,CMND,Healthcare,Biotechnology,NASDAQ,15.99,1,50.64,0,3,0,1,0.52,5614875.677281737,10190337.0,0.19409999,-99.01,622780,9732613,5912196,
5785,WGRX,Healthcare,Pharmaceutical Retailers,NASDAQ,15.86,1,66.55,3,1,4,4,0.09,10638883.104566544,126653372.0,0.2155,-97.0,2185960,21246973,15206400,-0.865
5786,SLXN,Healthcare,Biotechnology,NASDAQ,15.61,1,52.78,1,3,3,3,0.51,2139222.652851343,4074710.0,0.0136,-97.72,147150,102063,77068,
5787,SOWG,Consumer Defensive,Confectioners,NASDAQ,15.16,1,52.88,1,10,12,6,1.71,29077465.75622177,20053424.0,0.0011999999,-94.62,1274600,577398,389648,
5788,RAYA,Industrials,Electrical Equipment & Parts,NASDAQ,15.14,1,69.6,3,1,0,0,3.49,3890973.277482033,982569.0,0.0801,-99.95,98790,1562434,992916,-0.268
5789,TDTH,Technology,Information Technology Services,NASDAQ,15.14,1,49.14,0,2,7,49,1.74,8918639.66249621,4718857.0,0.0072000003,-97.84,46970,134841,84658,0.436
5790,IMCC,Healthcare,Drug Manufacturers - Specialty & Generic,NASDAQ,15.05,1,64.01,2,2,15,8,0.25,1518490.829063192,6223323.0,0.010299999,-96.49,368820,864560,630602,0.176
5791,BNZI,Technology,Software - Application,NASDAQ,14.49,1,50.32,0,3,8,1,6.52,6266439.637008667,1028972.0,0.1184,-97.09,256345,118870,84167,1.163
5792,HCWB,Healthcare,Biotechnology,NASDAQ,14.4,1,66.21,2,1,1,6,0.31,2215520.190311432,6734104.0,0.0208,-98.26,604390,1599033,10966364,-0.932
5793,BIYA,Technology,Software - Application,NASDAQ,14.34,1,53.63,1,1,1,2,0.9,4284791.522834778,4119992.0,0.0029,-99.41,28031020,10833233,6742170,0.532
5794,SNYR,Healthcare,Medical Distribution,NASDAQ,13.74,1,51.38,0,3,16,11,0.33,5825854.292076498,14899883.0,0.3545,-91.75,1142540,3082406,1857416,-0.41
5795,MRNO,Real Estate,Real Estate - Development,NASDAQ,13.66,1,61.65,2,2,1,2,0.3,18718496.345461965,79315662.0,0.108,-97.51,778950,547280,2170436,0.239
5796,BYAH,Consumer Defensive,Household & Personal Products,NASDAQ,13.64,1,96.95,64,0,1,1,1.3,4508733.523216724,3220524.0,0.0358,-99.94,27720,43090,111084,-0.159
5797,WTO,Technology,Consumer Electronics,NASDAQ,13.14,1,41.77,0,3,0,0,1.07,1946243.7108236551,1973878.0,0.0139999995,-99.93,3133480,1051000,672398,-0.281
5798,QNCX,Healthcare,Biotechnology,NASDAQ,13.01,1,80.76,10,0,1,80,1.24,20864946.733632088,16300740.0,0.12020001,-97.27,953060,8605571,6423564,
5799,KXIN,Consumer Cyclical,Auto & Truck Dealerships,NASDAQ,12.81,1,71.89,4,0,0,2,4.89,7491542.206973076,1653762.0,0.0179,-99.41,342300,124236,87368,
5800,ORGN,Basic Materials,Chemicals,NASDAQ,12.77,1,44.78,0,2,2,17,1.3,7534050.616222739,5499307.0,0.1271,-95.44,378520,209130,171269,-0.672
5801,GV,Consumer Defensive,Education & Training Services,NASDAQ,12.47,1,75.26,5,1,19,16,0.21,1020537.3152781129,5607348.0,0.0197,-94.98,4036070,31926880,20366580,-0.617
5802,VMAR,Consumer Cyclical,Recreational Vehicles,NASDAQ,12.36,1,53.89,1,1,0,3,0.93,1420222.4809305668,1560684.0,0.0467,-99.74,559790,275226,200474,192.73
5803,CLDI,Healthcare,Biotechnology,NYSE ARCA,12.08,1,65.88,2,1,3,2,0.2,3213239.8060150445,15228625.0,0.025999999,-98.96,17214490,7257383,4556712,
5804,IVF,Healthcare,Medical Devices,NASDAQ,11.9,1,63.41,2,2,0,1,1.61,2778520.7262175083,1615419.0,0.0592,-99.42,48650,48366,53533,0.226
5805,IPST,Financial Services,Capital Markets,NASDAQ,11.85,1,74.49,5,1,0,45,5.16,2864317.344636917,544547.0,0.049099997,-99.03,84030,351609,224594,0.533
5806,NIVF,Healthcare,Medical Care Facilities,NASDAQ,11.65,1,49.69,0,1,0,0,1.15,687935.8416881561,568542.0,0.0394,-99.94,2982500,1009223,675919,0.119
5807,FBLG,Healthcare,Biotechnology,NASDAQ,11.48,1,51.85,0,1,8,4,0.99,6042341.226133704,5208915.0,0.023699999,-95.62,589070,821786,519887,
5808,UBXG,Technology,Software - Infrastructure,NASDAQ,10.95,1,23.05,0,8,16,96,0.3,17771266.829199493,45450810.0,0.0025,-93.33,8185770,2788876,1675664,-0.326
5809,NVVE,Consumer Cyclical,Specialty Retail,NASDAQ,10.91,1,65.61,2,0,0,2,0.35,1853854.5327272415,5311904.0,0.0499,-99.65,502890,912440,894528,0.092
5810,IBG,Consumer Defensive,Beverages - Wineries & Distilleries,NASDAQ,10.91,1,63.98,2,0,3,7,0.87,1543499.7432940006,1815882.0,0.0215,-97.62,138980,284850,824070,
5811,AUUD,Technology,Software - Application,NASDAQ,10.9,1,40.22,0,4,4,2,1.23,3098769.7809648514,2122445.0,0.1247,-97.82,1027470,3371721,2032079,
5812,CREG,Utilities,Utilities - Renewable,NASDAQ,10.62,1,28.8,0,5,12,6,0.18,6658146.928414106,22959128.0,0.15439999,-98.78,6639020,19857063,14265378,
5813,DFNS,Industrials,Aerospace & Defense,NASDAQ,10.43,1,62.4,2,0,3,56,0.44,20075013.265188515,41997937.0,0.094399996,-98.32,1702410,2902773,2737710,
5814,TRUG,Consumer Cyclical,Leisure,NASDAQ,10.36,1,49.04,0,1,3,1,1.84,1877874.651090145,934266.0,0.0381,-99.12,84580,220983,145238,-0.177
5815,VEEE,Consumer Cyclical,Recreational Vehicles,NASDAQ,10.36,1,74.92,5,1,6,11,7.64,3149507.4490385056,529329.0,0.0405,-94.03,710533,305789,345181,0.098
5816,CISS,Industrials,Marine Shipping,NASDAQ,10.21,1,61.25,1,0,0,3,3.32,1785999.5092916489,542857.0,0.0029,-99.6,57800,44130,108110,0.121
5817,NEXR,Consumer Cyclical,Internet Retail,NASDAQ,10.02,1,57.61,1,0,0,1,1.66,1399862.3854336739,809169.0,0.0622,-99.18,4641650,1701280,1032898,0.315
5818,LIMN,Healthcare,Biotechnology,NASDAQ,9.99,1,82.83,13,1,2,1,0.2,9110159.236858293,44877633.0,0.0612,-99.41,674770,5848616,4132328,
5819,DGNX,Industrials,Consulting Services,NASDAQ,9.71,1,34.01,0,1,0,99,1.23,39868289.3087641,29100941.0,0.0198,-99.61,801420,724665,522498,2.927
5820,VSA,Consumer Defensive,Education & Training Services,NASDAQ,9.53,1,54.37,1,1,0,1,0.47,3262270.6638975143,6155228.0,0.2057,-99.78,855760,13053880,13205714,-0.845
5821,HCTI,Healthcare,Health Information Services,NASDAQ,9.34,1,70.77,4,0,0,5,2.12,4446748.861235619,1967588.0,0.091000006,-99.97,75610,269543,416162,0.433
5822,RVPH,Healthcare,Biotechnology,NASDAQ,9.14,0,76.04,6,0,6,11,0.8,11016924.403253913,12810377.0,0.1145,-96.55,335570,512196,685376,
5823,BNRG,Utilities,Utilities - Renewable,NASDAQ,8.91,0,65.5,2,0,0,4,2.5,1175260.185252428,515465.0,0.0738,-98.68,442680,200997,228649,
5824,IPW,Consumer Cyclical,Internet Retail,NASDAQ,8.91,0,57.26,1,1,3,6,0.75,1077818.7518469691,1322477.0,0.4431,-97.84,552460,1882143,1204832,-0.626
5825,KALA,Healthcare,Biotechnology,NASDAQ,8.87,0,43.79,0,1,2,0,3.92,73429833.33643222,18589831.0,0.0011,-99.62,90285,75877,194981,
5826,TRNR,Consumer Cyclical,Personal Services,NASDAQ,8.83,0,60.85,1,0,0,2,0.87,1738180.268851757,2057018.0,0.025799999,-99.31,111080,131136,191074,0.737
5827,DEVS,Industrials,Pollution & Treatment Controls,NASDAQ,8.82,0,29.45,0,9,4,4,0.15,2106247.48578012,13246840.0,0.0471,-98.89,17864550,6536656,4758718,
5828,PMAX,Industrials,Specialty Business Services,NASDAQ,8.75,0,73.5,5,1,35,7,2.54,6827025.3727173805,1715333.0,0.028199999,-97.17,6507340,2693435,1748426,0.727
5829,JTAI,Technology,Software - Application,NASDAQ,8.49,0,70.36,3,0,0,5,6.68,8745370.189119816,1238721.0,0.1047,-99.29,187600,629295,447646,-0.443
5830,BGM,Healthcare,Drug Manufacturers - Specialty & Generic,NASDAQ,8.36,0,59.19,1,0,1,67,0.26,58782646.429113805,200623358.0,0.0004,-98.49,88590,207106,294596,0.139
5831,YMT,Technology,Software - Application,NASDAQ,7.57,0,57.26,1,0,8,5,0.14,16470297.514989913,114377071.0,0.04,-97.69,711060,8284543,6981086,-0.228
5832,UCAR,Consumer Cyclical,Auto & Truck Dealerships,NASDAQ,7.46,0,96.15,61,0,9,18,1.45,3221053.4596567154,2133148.0,0.22709998,-97.09,1087840,25056237,16445519,0.344
5833,PHGE,Healthcare,Biotechnology,NYSE ARCA,7.45,0,38.6,0,14,17,9,0.68,6339920.271636486,10111516.0,0.0089,-95.38,606850,371016,254896,
5834,APUS,Healthcare,Drug Manufacturers - Specialty & Generic,NYSE ARCA,7.27,0,60.4,1,0,10,92,1.46,19040038.99359691,12575983.0,0.0168,-96.38,696520,235560,151189,
5835,ELAB,Healthcare,Biotechnology,NASDAQ,6.99,0,47.47,0,0,0,5,1.88,8812083.144887447,4450547.0,0.099,-99.39,414480,13964646,9154526,
5836,JAGX,Healthcare,Biotechnology,NASDAQ,6.98,0,26.94,0,3,2,5,3.3,1115937.0,371979.0,0.0461,-98.94,167180,67090,46081,-0.078
5837,FGL,Industrials,Engineering & Construction,NASDAQ,6.94,0,99.23,71,0,1,1,2.37,1895116.0,947558.0,0.23,-98.34,91380,153846,159548,0.089
5838,PMI,Healthcare,Medical Devices,NYSE ARCA,6.9,0,26.43,0,4,7,9,0.2,19144766.139002025,92042143.0,0.0215,-98.54,7220140,2514986,1587362,0.207
5839,AZI,Consumer Cyclical,Auto & Truck Dealerships,NASDAQ,6.69,0,67.57,3,0,0,1,1.29,5779048.553207397,4550432.0,0.0085,-99.79,23140,83353,1205430,-0.44
5840,PFSA,Healthcare,Medical Devices,NASDAQ,6.44,0,64.26,2,0,0,1,0.48,2275698.1681301594,4410268.0,0.0086,-99.88,2793380,9913390,6003194,
5841,FCUV,Technology,Scientific & Technical Instruments,NASDAQ,6.1,0,33.9,0,2,1,72,0.84,1618112.0,1618112.0,0.0184,-98.41,157890,1913160,1162970,-0.994
5842,EJH,Consumer Cyclical,Personal Services,NASDAQ,5.59,0,57.83,1,0,4,3,1.35,4416212.504740477,3200154.0,0.0044,-99.57,19770,21053,87375,-0.003
5843,WHLR,Real Estate,REIT - Retail,NASDAQ,5.55,0,38.12,0,0,0,0,1.07,688987.4913543463,604375.0,0.0436,-99.88,394850,264525,173839,-0.014
5844,MGN,Industrials,Engineering & Construction,NASDAQ,5.49,0,62.35,2,0,21,2,0.15,6178999.841213226,37000000.0,0.0792,-98.26,767030,21190350,14952154,-0.525
5845,SDOT,Consumer Defensive,Farm Products,NASDAQ,5.45,0,16.35,0,3,4,3,0.28,613113.0962443352,1835668.0,0.024500001,-98.78,59478160,19834960,11914738,-0.999
5846,YYGH,Consumer Cyclical,Personal Services,NASDAQ,5.3,0,62.24,2,0,5,0,1.06,4895959.060844421,4371392.0,0.038599998,-99.39,461800,584316,950901,0.442
5847,ASBP,Healthcare,Biotechnology,NASDAQ,5.27,0,41.37,0,1,1,1,5.48,30981.950399279594,167470.0,0.0789,-84.34,909396,901874,549061,
5848,GMEX,Technology,Consumer Electronics,NASDAQ,4.9,0,48.02,0,0,1,0,1.8,1733477.1236319542,858157.0,0.032,-99.83,812112,848178,691378,0.032
5849,MI,Consumer Cyclical,Internet Retail,NYSE ARCA,4.87,0,53.03,1,0,93,56,0.2,3899042.5412915647,18478875.0,0.0007,-97.01,175920,219813,1852102,0.182
5850,XXII,Consumer Defensive,Tobacco,NASDAQ,4.62,0,25.1,0,0,1,1,0.59,2820425.8892370462,4455649.0,0.16450001,-99.86,7274360,2497913,1513152,0.804
5851,JDZG,Consumer Defensive,Education & Training Services,NASDAQ,4.41,0,101.62,76,0,16,7,2.01,6731083.073105335,4314797.0,0.1221,-98.43,153290,1053393,835591,0.662
5852,EDBL,Consumer Defensive,Farm Products,NASDAQ,4.07,0,40.36,0,0,1,6,0.34,2064621.6248126328,5213691.0,0.0135,-99.46,512250,2716656,1903466,0.066
5853,GDC,Communication Services,Electronic Gaming & Multimedia,NASDAQ,4.05,0,4.08,0,21,88,97,0.15,9721553.54270634,60759711.0,0.0021,-98.49,80980350,27007583,16223066,
5854,LZMH,Technology,Information Technology Services,NASDAQ,3.89,0,39.99,0,9,3,14,0.1,17238720.149844885,179570000.0,0.0052,-99.69,5678870,13035246,7852714,0.912
5855,LRHC,Real Estate,Real Estate Services,NASDAQ,3.36,0,37.24,0,0,0,1,1.36,1690500.0150203705,1050000.0,0.0881,-99.93,1144640,946409,711100,0.032
5856,HAO,Communication Services,Advertising Agencies,NASDAQ,3.26,0,3.81,0,22,47,88,0.05,43393995.57380104,59443828.0,0.0008,-97.84,25113210,8378503,5031602,0.412
5857,ELPW,Industrials,Electrical Equipment & Parts,NASDAQ,3.18,0,162.92,98,0,0,0,5.68,9092161.217267036,1414022.0,0.0744,-99.95,4956770,8245560,5786116,
5858,ONCO,Healthcare,Biotechnology,NASDAQ,3.08,0,34.44,0,0,2,4,0.4,4356537.305332661,11464572.0,0.3312,-99.46,1812860,13336033,9442209,-0.574
5859,CDT,Healthcare,Biotechnology,NASDAQ,2.93,0,39.64,0,0,1,0,1.85,9740992.305994034,4858350.0,0.0081,-99.86,32620,141800,88832,
5860,KIDZ,Consumer Defensive,Education & Training Services,NASDAQ,2.88,0,28.86,0,1,1,1,0.54,4448037.642862201,6780545.0,0.056900002,-99.83,8808370,8037723,5273101,-0.383
5861,PAVS,Consumer Defensive,Packaged Foods,NASDAQ,2.64,0,66.66,3,0,0,13,1.2,1300301.210000515,1048630.0,0.0219,-99.92,72370,397069,1293426,180.334
5862,ZNB,Communication Services,Entertainment,NASDAQ,2.55,0,76.54,6,0,0,0,1.74,3108408.143156767,1766141.0,0.080699995,-99.93,15870,160350,124838,3.93
5863,INHD,Basic Materials,Steel,NASDAQ,2.34,0,44.0,0,0,0,4,1.48,4133885.643941641,2520662.0,0.1205,-99.98,4786537,2228132,1339091,0.949
5864,RPGL,Technology,Software - Application,NASDAQ,2.0,0,52.66,1,0,0,0,0.46,36564107.145382464,43789351.0,0.008,-99.56,8405140,9627273,6673618,48.927
5865,RUBI,Industrials,Marine Shipping,NASDAQ,1.85,0,44.32,0,0,0,0,2.29,2172834.321422577,767786.0,0.62,-99.99,36460,88358,250778,-0.051
5866,WNW,Consumer Cyclical,Internet Retail,NASDAQ,1.73,0,63.6,2,0,22,12,3.2,4949352.158065081,1330471.0,0.078,-99.76,1010980,1088005,901208,62.646
5867,VCIG,Industrials,Consulting Services,NASDAQ,1.55,0,54.92,1,0,0,0,0.82,3180974.760362506,3685950.0,0.0458,-99.99,135250,230300,918596,0.219
5868,CMCT,Real Estate,REIT - Office,NASDAQ,1.25,0,70.91,4,0,3,76,6.18,15834948.0,2639158.0,0.0479,-99.57,49930,661619,454779,-0.004
5869,EZGO,Consumer Cyclical,Recreational Vehicles,NASDAQ,1.16,0,2.7,0,6,3,2,0.04,835389.7813275829,20884745.0,0.0019,-99.77,253995590,84673863,50807746,0.219
5870,CTNT,Industrials,Integrated Freight & Logistics,NASDAQ,0.88,0,21.39,0,70,28,18,2.7,5721284.629486084,1959344.0,0.0156,-99.42,1471016,1493252,896082,-0.587
5871,LBGJ,Industrials,Specialty Industrial Machinery,NASDAQ,0.83,0,65.1,2,0,24,4,0.89,3066220.9843633175,3358402.0,0.0375,-99.56,710370,352210,831658,-0.096
5872,ADTX,Healthcare,Biotechnology,NASDAQ,0.73,0,25.67,0,0,0,0,0.11,107631.81347988546,904469.0,0.16350001,-99.99,1858940,3305100,2044468,-0.866
5873,LNKS,Industrials,Electrical Equipment & Parts,NASDAQ,0.73,0,49.57,0,0,97,6,1.41,2281390.39105165,1606613.0,0.1374,-99.66,146280,1462562,993296,-0.029
5874,FCHL,Consumer Defensive,Education & Training Services,NASDAQ,0.69,0,15.15,0,2,3,0,1.59,2164311.333861828,1251047.0,1.1506,-99.95,386238,1038068,670978,-0.029
5875,HKIT,Technology,Information Technology Services,NASDAQ,0.66,0,46.03,0,0,76,88,0.66,6762994.584826887,9661421.0,0.2564,-99.68,235980,1121057,1074958,4.409
5876,RDGT,Healthcare,Pharmaceutical Retailers,NASDAQ,0.61,0,53.44,1,0,42,98,1.55,1402294.8685641289,898907.0,0.1392,-99.8,154470,852823,566658,-0.117
5877,SMX,Industrials,Specialty Business Services,NASDAQ,0.52,0,20.61,0,0,7,0,14.69,8100136.478374481,364871.0,0.0777,-100.0,443065,250848,158922,
5878,CHSN,Consumer Cyclical,Restaurants,NASDAQ,0.39,0,14.29,0,15,8,2,1.43,873624.771258831,590287.0,0.0027,-99.98,2694489,1056769,634134,-0.103
5879,HUBC,Technology,Software - Infrastructure,NASDAQ,0.06,0,7.03,0,0,0,3,0.19,316666.8362055421,1282052.0,0.1517,-99.99,7044920,3672468,2296501,-0.038
5880,AREB,Consumer Cyclical,Footwear & Accessories,NASDAQ,0.05,0,101.28,75,0,0,0,0.16,972732.2730347514,5655420.0,0.0119,-100.0,15766180,5903783,3551868,0.285
