Rank,Ticker,Sector,Industry,Exchange,Relative Strength,Percentile,Relative Strength Short Term,Short Term Percentile,10D_RS,10D_RS_Percentile,1M_RS,1M_RS_Percentile,3M_RS,3M_RS_Percentile,6M_RS,6M_RS_Percentile,Price,5D_ReturnPct,10D_ReturnPct,20D_ReturnPct,50D_ReturnPct,200D_ReturnPct,200D_ReturnPct_Percentile,MarketCap,Float,ShortFloatPct,PctFrom52WkHigh,Volume,VolumeVsAvgVol30,MA5,PriceVsMA5Pct,MA10,PriceVsMA10Pct,MA21,PriceVsMA21Pct,MA50,PriceVsMA50Pct,ATR14Pct,LoDDistATR,AvgVol10,AvgVol30,AvgVol50,RevenueGrowth
1,MPU,Communication Services,Entertainment,NYSE ARCA,570.18,99.0,772.31,98.97,477.41,98.95,24.23,2.96,23.54,2.79,58.3,11.88,2.75,1.85,-1.08,1347.37,1045.83,147.75,96.97,9179889.462122679,3399959.0,0.0149,-29.12,1500,0.01,2.78,-1.08,2.77,-0.72,2.47,11.34,1.16,137.07,7.48,82.64,2780,103523,138534,-0.492
2,MTNB,Healthcare,Biotechnology,NYSE ARCA,560.06,98.98,1521.49,99.0,28.74,3.75,21.67,2.53,40.86,6.73,55.52,10.73,2.87,8.71,1512.36,1766.67,1184.12,427.82,98.9,2585930.2627556324,979519.0,0.03,-5.9,35300,0.05,2.86,0.35,2.49,15.26,1.27,125.98,0.63,355.56,14.46,40.95,295360,710825,1584535,
3,WFF,Industrials,Specialty Industrial Machinery,NASDAQ,511.11,98.97,558.41,98.95,76.34,27.39,70.59,19.69,90.4,44.57,33.94,4.58,12.29,411.02,412.08,505.42,508.42,440.22,98.93,21814013.520497322,9070276.0,0.0614,14.75,144142400,27.18,4.15,196.14,3.26,276.99,2.65,363.77,2.31,432.03,12.14,706.37,14556180,5303500,6281004,-0.131
4,MRNA,Healthcare,Biotechnology,NASDAQ,468.21,98.95,173.3,98.57,424.75,98.9,346.57,98.87,147.23,93.47,151.86,91.52,225.0,18.41,13.13,56.28,288.47,544.7,98.97,75858809075.82176,399235889.0,0.100600004,7.71,28867100,1.7,201.83,11.48,198.14,13.56,181.18,24.19,138.26,62.74,7.15,173.03,19202890,17008626,21984324,0.021
5,IOVA,Healthcare,Biotechnology,NASDAQ,440.38,98.93,192.9,98.67,313.81,98.75,248.93,98.52,155.39,94.55,133.81,86.99,14.62,2.81,32.91,70.0,211.73,425.9,98.88,6441253883.996422,452971432.0,0.2057,-4.44,16970400,1.02,13.59,7.58,13.67,6.95,11.75,24.43,9.15,59.78,7.49,121.46,22464740,16643546,18073244,0.657
6,ANL,Healthcare,Biotechnology,NASDAQ,428.3,98.92,114.21,93.81,427.02,98.92,470.58,98.97,410.54,98.95,859.01,98.95,15.62,3.51,0.58,2.7,20.15,920.92,99.0,971764879.1563454,64397937.0,0.0759,-9.45,300400,1.56,14.94,4.55,15.26,2.36,15.45,1.1,14.53,7.5,7.61,63.1,236340,191993,178744,
7,RFAIU,Financial Services,Shell Companies,NASDAQ,362.48,98.9,150.8,98.19,379.3,98.85,391.82,98.93,91.65,49.66,89.39,42.84,43.75,-4.27,-5.91,-6.93,295.21,303.23,98.64,,,6.66,-18.53,800,0.22,43.41,0.78,44.1,-0.79,45.26,-3.34,35.8,22.21,13.63,0.84,10090,3576,2240,
8,SNDK,Technology,Computer Hardware,NASDAQ,359.6,98.88,92.58,38.32,544.15,98.97,552.47,98.98,927.37,99.0,1087.78,98.97,1581.82,-8.03,-11.02,-3.15,23.58,556.22,98.98,251839216100.11694,146419001.0,0.060300004,-32.81,5577200,0.58,1649.66,-4.11,1693.85,-6.61,1694.41,-6.64,1582.5,-0.04,5.45,7.11,7322050,9545436,11495896,3.716
9,AXTI,Technology,Semiconductor Equipment & Materials,NASDAQ,352.83,98.87,101.36,81.5,451.72,98.93,469.76,98.95,575.51,98.98,2204.2,99.0,68.46,-20.27,-13.28,5.7,45.85,349.8,98.76,5630771894.542206,65573212.0,0.14029999,-52.18,8738500,1.04,78.13,-12.38,78.76,-13.08,74.03,-7.52,71.61,-4.4,9.72,3.91,7615170,8375450,10222486,1.648
10,BUUU,Industrials,Specialty Business Services,NASDAQ,337.06,98.85,134.94,97.54,316.25,98.78,339.68,98.85,238.5,98.19,217.49,96.81,43.27,10.38,-2.1,9.54,99.86,483.15,98.95,738822014.3795013,18847500.0,0.0014,-18.22,47600,0.54,39.71,8.96,40.02,8.12,42.48,1.86,34.97,23.73,13.06,100.7,122200,88480,89964,0.123
11,CYPH,Financial Services,Asset Management,NASDAQ,326.28,98.83,167.07,98.39,616.95,98.98,369.32,98.92,96.44,58.7,148.47,90.92,2.94,-2.97,-28.64,29.8,369.65,167.27,97.35,322587377.41402674,106464482.0,0.113800004,-29.83,10243200,0.61,3.05,-3.61,3.1,-5.16,3.15,-6.67,2.09,40.67,16.11,13.73,14817160,16768610,12692908,
12,KOD,Healthcare,Biotechnology,NASDAQ,325.57,98.82,278.19,98.88,101.28,73.53,144.95,93.97,276.69,98.55,569.31,98.82,99.87,5.74,208.72,203.65,134.99,249.07,98.33,5936131021.848679,62849457.0,0.2687,-3.97,1732500,0.63,94.27,5.94,94.01,6.23,61.94,61.24,48.96,103.98,10.53,58.65,6526540,2747293,1874218,
13,SVRN,Financial Services,Asset Management,NASDAQ,324.43,98.8,325.25,98.92,398.68,98.88,91.13,46.04,37.97,5.96,21.21,2.09,44.0,21.68,-6.9,268.2,621.31,105.61,95.44,67829506.2737732,1875816.0,0.0082,-41.13,86500,0.39,43.93,0.16,46.4,-5.17,34.8,26.44,19.25,128.57,27.69,24.62,237060,220516,137774,-0.374
14,TXG,Healthcare,Medical Devices,NASDAQ,321.96,98.78,122.9,96.34,379.35,98.87,318.2,98.8,234.04,98.12,171.35,94.17,80.65,-13.74,-5.9,17.58,63.16,376.09,98.86,12182224208.0,130291168.0,0.1879,-15.25,3685000,1.06,82.49,-2.23,86.36,-6.61,81.34,-0.85,68.35,18.0,9.78,27.01,4787710,3472223,3407712,-0.127
15,MXL,Technology,Semiconductors,NASDAQ,320.21,98.77,118.15,95.23,328.79,98.8,264.98,98.62,357.26,98.82,180.7,94.93,96.16,-9.22,2.47,28.95,43.69,432.74,98.91,9607129750.307365,90693191.0,0.0746,-25.05,3030200,1.04,102.4,-6.09,98.31,-2.19,88.19,9.04,76.5,25.7,8.28,56.62,3043070,2909546,2665592,0.552
16,DLXY,Energy,Oil & Gas Refining & Marketing,NASDAQ,317.54,98.75,469.62,98.93,65.18,16.83,49.62,8.82,45.58,8.32,50.51,9.02,2.17,7.96,334.0,426.7,417.9,152.33,97.13,6572699.96881485,3270000.0,0.0095999995,-51.24,69100,0.01,2.21,-1.81,2.21,-1.81,1.5,44.67,0.95,128.42,23.51,9.8,1538060,10533364,6333703,0.202
17,RFAI,Financial Services,Shell Companies,NASDAQ,315.2,98.73,150.79,98.17,267.82,98.62,251.33,98.53,91.89,50.23,90.53,46.24,38.1,-0.6,16.34,26.58,244.48,254.75,98.4,319816527.72789,8343765.0,0.0047,-47.81,5200,0.33,37.83,0.71,37.94,0.42,36.5,4.38,31.23,22.0,13.51,0.0,7830,15896,105632,
18,EDRY,Industrials,Marine Shipping,NASDAQ,313.05,98.72,140.17,97.87,256.26,98.52,363.72,98.9,141.42,92.24,154.44,91.92,58.72,5.08,21.93,-12.51,130.18,351.69,98.78,177677671.91621017,3179629.0,0.12810001,-19.64,63400,0.36,57.86,1.49,55.71,5.4,58.99,-0.46,50.27,16.81,10.75,43.1,142710,176890,160420,0.57
19,QMCO,Technology,Computer Hardware,NASDAQ,312.54,98.7,150.52,98.14,350.63,98.82,247.69,98.48,102.7,67.89,73.24,21.53,30.43,-11.8,-3.95,29.05,170.73,309.56,98.67,1359645034.5,39410001.0,0.39009997,-13.48,1201600,0.74,31.63,-3.79,32.05,-5.05,28.71,5.99,23.86,27.54,10.91,64.18,1807820,1631656,1955390,0.257
20,BURU,Industrials,Specialty Industrial Machinery,NYSE ARCA,307.4,98.68,1092.68,98.98,258.74,98.55,7.94,0.8,30.69,4.2,15.28,1.4,0.93,-10.58,-6.06,2483.33,1643.75,-35.12,21.5,9632838.446669579,9262345.0,0.0253,-78.12,2239000,0.7,1.05,-11.43,1.02,-8.82,1.0,-7.0,0.45,106.67,12.53,51.5,4110870,3207223,3855788,
21,CDNA,Healthcare,Diagnostics & Research,NASDAQ,293.92,98.67,131.35,97.22,278.52,98.68,246.58,98.47,187.51,97.01,114.01,77.82,63.67,-5.18,-0.02,26.68,67.11,218.03,98.05,3473953153.3901596,51734223.0,0.124,-8.78,895600,0.66,64.51,-1.3,64.96,-1.99,59.84,6.4,53.05,20.02,6.43,35.66,1550930,1364320,1324240,0.522
22,TWST,Healthcare,Biotechnology,NASDAQ,292.74,98.65,114.04,93.63,357.66,98.83,273.96,98.67,196.45,97.31,152.23,91.56,159.78,-15.31,-12.61,25.59,74.95,355.73,98.79,12509042377.178925,66301174.0,0.2379,-20.23,3540000,1.34,167.89,-4.83,177.51,-9.99,166.51,-4.04,143.66,11.22,10.45,45.76,3989640,2640196,2305910,0.232
23,RCEL,Healthcare,Medical Devices,NASDAQ,281.46,98.63,160.61,98.3,253.64,98.48,224.14,98.17,94.5,55.59,95.4,55.49,13.21,3.85,11.57,33.7,194.21,285.13,98.59,393389502.0983591,30926847.0,0.0942,3.53,280500,0.91,13.17,0.3,12.59,4.92,11.69,13.0,9.99,32.23,5.79,27.45,331640,307300,495994,0.178
24,XHLD,Communication Services,Broadcasting,NASDAQ,279.27,98.62,98.94,74.09,680.6,99.0,624.15,99.0,92.75,52.22,60.94,13.26,0.49,-0.61,-55.06,-53.55,433.94,230.68,98.24,5846212.249693543,11979943.0,0.081999995,-96.82,777900,0.02,0.52,-5.77,0.6,-18.33,0.76,-35.53,0.63,-22.22,205.9,1.98,19832780,36303846,66996700,-0.345
25,IGR,Financial Services,Asset Management,NYSE,275.55,98.6,156.17,98.27,297.19,98.72,322.37,98.82,110.5,77.08,114.63,78.16,11.3,-2.92,-4.96,-9.21,-16.35,265.33,98.43,588827156.7275047,50586524.0,1.18,-15.1,350045,0.75,11.29,0.09,11.5,-1.74,11.85,-4.64,8.43,34.05,1.79,113.78,481154,464731,457386,-0.231
26,REPL,Healthcare,Biotechnology,NASDAQ,275.06,98.58,105.75,88.29,145.81,94.58,148.22,94.48,229.94,98.0,26.06,2.97,13.42,2.68,8.58,3.87,148.06,35.15,83.84,1231450587.6264496,94219634.0,0.3369,-17.82,2022800,0.97,13.21,1.59,13.14,2.13,13.03,2.99,13.78,-2.61,5.72,82.08,2354390,2094280,3736788,
27,VNCE,Consumer Cyclical,Apparel Manufacturing,NASDAQ,269.63,98.57,142.58,97.99,261.61,98.57,135.54,91.91,231.27,98.04,186.33,95.46,11.09,5.62,-3.57,111.64,76.59,151.47,97.09,135919864.5,12944749.0,0.0494,-14.63,414700,0.82,11.93,-7.04,11.13,-0.36,10.23,8.41,8.0,38.62,13.35,24.32,389240,508646,341058,0.117
28,FVNNU,Financial Services,Shell Companies,NASDAQ,269.35,98.55,257.15,98.85,88.77,47.78,115.06,83.5,91.79,49.95,86.68,34.6,32.47,225.03,200.65,127.86,200.37,200.65,97.95,,,0.25,1.82,9890,2.77,20.18,60.9,15.82,105.25,14.38,125.8,13.02,149.39,24.83,195.57,7627,3574,2371,
29,ABLV,Consumer Cyclical,Specialty Retail,NASDAQ,261.85,98.53,211.44,98.78,135.76,92.72,100.67,68.33,126.17,87.59,80.26,27.69,2.39,-0.42,83.85,141.9,176.94,198.75,97.93,132529987.66626835,55220826.0,2.49,-3.24,134600,0.8,2.49,-4.02,2.25,6.22,1.59,50.31,1.18,102.54,15.05,72.29,202810,167770,113002,0.28
30,DELL,Technology,Computer Hardware,NYSE,260.47,98.52,114.73,94.03,263.12,98.58,276.8,98.68,236.95,98.14,160.7,92.84,586.06,4.18,4.12,3.31,44.77,367.12,98.85,357657400548.2178,635812750.0,0.0468,-1.59,5500400,0.59,573.17,2.25,559.11,4.82,558.52,4.93,505.65,15.9,4.31,78.59,5395580,9323773,7718146,0.577
31,LITE,Technology,Communication Equipment,NASDAQ,254.0,98.5,119.79,95.74,210.8,98.1,211.08,97.99,273.46,98.53,640.04,98.87,1103.35,1.65,17.17,19.02,59.16,183.0,97.76,97362177941.89453,89700000.0,0.0792,1.08,5239900,1.16,1097.62,0.52,1048.54,5.23,978.01,12.82,920.34,19.89,5.91,39.83,4753400,4508663,4727350,1.093
32,SLS,Healthcare,Biotechnology,NASDAQ,247.94,98.48,89.35,28.13,275.04,98.63,309.75,98.77,347.95,98.8,196.65,95.9,11.65,-0.77,0.34,0.87,13.22,341.29,98.74,2308466373.7543755,196632574.0,0.2937,-26.64,4152500,0.69,11.44,1.84,11.57,0.69,11.59,0.52,12.4,-6.05,5.94,56.4,4568490,6047630,6347316,
33,PLSE,Healthcare,Medical Instruments & Supplies,NASDAQ,246.02,98.47,122.67,96.26,223.05,98.29,254.94,98.58,141.35,92.22,135.93,87.64,53.81,12.34,4.22,1.32,53.57,254.01,98.36,3416352984.1296616,71322607.0,0.1472,-8.64,365800,0.59,50.63,6.28,50.4,6.77,51.53,4.42,48.6,10.72,5.33,133.57,441100,621956,535852,
34,ROMA,Industrials,Consulting Services,NASDAQ,243.1,98.45,95.31,51.98,211.74,98.14,197.68,97.74,253.83,98.39,314.62,98.15,8.74,1.63,-2.52,-7.42,-11.98,306.51,98.66,512255333.3220806,59564571.0,0.0145000005,-25.74,0,0.0,8.75,-0.11,8.72,0.23,8.97,-2.56,8.99,-2.78,4.99,0.0,2570,2593,3884,-0.362
35,IBRX,Healthcare,Biotechnology,NASDAQ,234.16,98.44,126.44,96.87,185.8,97.45,175.0,96.94,182.2,96.72,217.45,96.79,10.51,2.19,24.53,32.87,41.07,363.0,98.83,10900415906.086819,1059836273.0,0.31280002,-15.45,18607600,1.52,10.05,4.58,9.66,8.8,9.01,16.65,8.3,26.63,6.91,88.07,16426590,12263923,10820330,0.939
36,OABI,Healthcare,Biotechnology,NASDAQ,233.65,98.42,129.34,97.14,212.57,98.17,189.03,97.39,106.84,72.99,74.33,22.36,4.79,-1.64,3.9,17.69,140.7,133.66,96.63,708051221.6213894,145390398.0,0.0538,-11.79,1038100,0.7,4.66,2.79,4.76,0.63,4.64,3.23,4.13,15.98,7.45,56.06,1488380,1480233,1781940,2.442
37,MU,Technology,Semiconductors,NASDAQ,232.7,98.4,100.97,80.54,277.77,98.65,261.97,98.6,325.12,98.72,267.68,97.62,1029.0,-4.27,-4.92,5.51,17.65,272.39,98.48,1213973420622.2349,1129393151.0,0.024500001,-18.01,19852800,0.78,1052.47,-2.23,1061.88,-3.1,1035.26,-0.6,976.19,5.41,4.27,27.29,26679230,25563566,28133236,3.793
38,AIFA,Technology,Software - Infrastructure,NASDAQ,229.6,98.39,186.97,98.62,140.81,93.72,115.53,83.87,52.21,11.06,106.37,70.61,5.68,27.07,43.43,83.23,271.24,146.53,96.89,28698811.172964096,6420316.0,0.0387,-4.38,349400,1.26,6.59,-13.81,5.42,4.8,4.31,31.79,3.37,68.55,14.09,2.5,722320,278156,384350,-0.35
39,UCAR,Consumer Cyclical,Auto & Truck Dealerships,NASDAQ,229.49,98.37,276.39,98.87,278.22,98.67,214.65,98.09,31.61,4.37,4.99,0.45,4.26,2.65,-4.05,-14.29,432.5,-67.43,8.73,7365988.719271183,1774937.0,0.0053,-80.55,14400,0.24,3.96,7.58,4.03,5.71,4.19,1.67,2.57,65.76,8.61,109.03,8570,59183,262747,-0.248
40,OESX,Industrials,Electrical Equipment & Parts,NASDAQ,228.32,98.35,119.17,95.59,247.05,98.47,239.03,98.37,107.32,73.53,88.5,39.56,25.83,-15.14,-15.56,-5.21,160.12,64.0,91.35,124477868.02391434,4089286.0,0.0497,-18.39,38700,0.5,27.68,-6.68,29.09,-11.21,28.47,-9.27,24.04,7.45,6.97,13.88,47680,76986,94880,0.315
41,PENG,Technology,Information Technology Services,NASDAQ,227.33,98.34,131.79,97.26,176.55,97.11,157.19,95.64,248.54,98.32,124.43,83.72,76.28,24.32,35.68,49.1,48.32,281.59,98.55,3144252041.9160614,51242699.0,0.19680001,-15.11,5799900,1.96,69.08,10.42,62.72,21.62,57.2,33.36,55.19,38.21,6.15,117.82,5971200,2958856,2430128,0.476
42,BDSX,Healthcare,Diagnostics & Research,NASDAQ,226.43,98.32,96.34,57.18,220.51,98.27,211.26,98.0,198.94,97.42,142.62,89.58,26.02,-6.13,-10.58,-3.5,21.96,282.09,98.57,292476983.7151222,10551118.0,0.035099998,-18.61,46700,0.49,27.02,-3.7,27.95,-6.91,28.22,-7.8,26.4,-1.44,8.51,17.62,129550,95316,111334,0.342
43,SILC,Technology,Communication Equipment,NASDAQ,224.44,98.3,123.58,96.47,210.74,98.09,166.17,96.39,193.51,97.21,169.58,93.97,58.92,-1.85,11.63,39.46,53.12,336.12,98.71,345029081.3138733,5747611.0,0.020499999,-2.98,167200,1.06,59.71,-1.32,56.69,3.93,51.34,14.76,46.71,26.14,6.05,80.18,145350,158216,176640,0.585
44,ECO,Industrials,Marine Shipping,NYSE,222.37,98.29,136.11,97.67,196.84,97.74,193.59,97.54,154.7,94.41,167.76,93.75,93.11,6.68,19.53,22.27,69.72,222.78,98.11,3407817440.7380676,39044655.0,0.057600003,6.16,715800,0.96,90.21,3.21,86.44,7.72,83.49,11.52,71.71,29.84,4.28,19.08,685580,742743,692856,2.394
45,XHG,Financial Services,Insurance Brokers,NASDAQ,222.05,98.27,115.37,94.34,203.24,97.85,280.18,98.73,70.28,21.43,77.56,24.8,2.28,22.58,-2.98,-24.5,132.65,148.64,96.99,95879143.097399,51547926.0,0.00029999999,-68.46,118900,0.06,2.21,3.17,2.09,9.09,2.32,-1.72,2.65,-13.96,23.7,51.64,5863190,1962836,2968850,0.126
46,HLP,Basic Materials,Steel,NASDAQ,221.46,98.25,168.02,98.44,254.9,98.5,146.96,94.28,107.94,74.3,116.03,79.16,2.54,-0.39,14.93,109.92,108.2,115.25,95.84,190583808.93617868,74738750.0,0.0055,-3.05,105200,0.95,2.51,1.2,2.5,1.6,2.2,15.45,1.67,52.1,6.7,135.12,70250,111280,84664,0.402
47,HPE,Technology,Communication Equipment,NYSE,220.13,98.24,128.96,97.12,191.04,97.62,190.78,97.45,172.49,96.24,127.45,84.85,73.46,5.96,16.71,18.61,56.23,200.96,97.97,92033135558.7306,1327464779.0,0.048,4.51,13483800,0.53,71.08,3.35,67.73,8.46,63.82,15.1,58.08,26.48,4.67,87.39,19352350,25231170,21333232,0.337
48,ABCL,Healthcare,Biotechnology,NASDAQ,219.99,98.22,119.75,95.72,234.08,98.37,226.86,98.24,129.8,89.08,87.39,35.84,12.55,-8.7,-1.22,15.2,120.47,237.23,98.28,4452410693.451445,324047363.0,0.13340001,-16.42,4687100,0.93,12.86,-2.41,13.53,-7.24,12.8,-1.95,11.28,11.26,7.06,69.93,6538050,5028826,7181106,-0.763
49,PAYS,Technology,Software - Infrastructure,NASDAQ,219.65,98.2,126.04,96.84,176.75,97.12,223.73,98.15,133.42,90.18,136.85,87.89,15.37,8.01,21.31,18.14,67.79,186.75,97.8,803456454.0336761,56462156.0,0.0461,2.95,786800,0.95,14.89,3.22,14.21,8.16,13.36,15.04,12.9,19.15,4.34,69.02,933920,831480,823598,0.481
50,FIRY,Communication Services,Electronic Gaming & Multimedia,NYSE,219.34,98.19,114.04,93.63,212.46,98.15,153.07,95.03,149.24,93.72,64.64,15.38,12.07,-3.21,-2.82,21.31,23.54,151.46,97.07,207279549.22862148,16622257.0,0.2163,-39.65,70000,0.49,12.2,-1.07,12.31,-1.95,11.72,2.99,10.63,13.55,7.01,20.1,121210,144320,167344,0.229
51,TOP,Financial Services,Capital Markets,NASDAQ,216.65,98.17,108.11,90.37,234.92,98.39,225.83,98.2,228.03,97.97,69.88,19.22,14.92,-2.93,-3.56,1.98,43.12,178.88,97.62,1901353720.6530275,123705513.0,0.0016,-14.35,108500,1.05,15.36,-2.86,15.22,-1.97,15.16,-1.58,14.08,5.97,5.31,2.52,93360,103796,106042,-0.193
52,SAIH,Technology,Information Technology Services,NASDAQ,212.92,98.15,115.37,94.34,283.33,98.7,228.32,98.25,115.74,81.75,131.66,86.29,25.61,3.64,-16.16,8.52,39.64,147.68,96.94,45399483.637908936,1837292.0,0.0031,-22.39,20900,1.06,25.41,0.79,27.13,-5.6,26.88,-4.72,24.27,5.52,8.87,7.92,18250,19693,17924,-0.705
53,NWGL,Basic Materials,Lumber & Wood Production,NASDAQ,212.35,98.14,169.31,98.48,265.61,98.6,147.43,94.36,21.63,2.64,69.18,18.72,1.17,-18.75,-17.61,-6.4,404.31,-11.36,38.01,23836558.5471797,16553165.0,0.038900003,-40.91,33000,0.03,1.22,-4.1,1.32,-11.36,1.37,-14.6,0.95,23.16,12.94,19.82,105980,981043,2048982,-0.119
54,AGL,Healthcare,Medical Care Facilities,NYSE,212.07,98.12,88.51,26.03,304.7,98.73,293.85,98.75,364.25,98.83,76.0,23.7,82.39,-2.08,2.06,-8.22,-14.84,359.0,98.81,1412812399.1514587,16791210.0,0.0998,-38.07,171900,0.77,84.1,-2.03,82.42,-0.04,84.88,-2.93,89.42,-7.86,6.25,0.58,229420,224696,278800,0.072
55,BAND,Technology,Software - Infrastructure,NASDAQ,211.4,98.1,88.28,25.53,237.49,98.42,229.34,98.29,370.11,98.85,155.87,92.19,53.27,-16.43,-13.82,-6.33,37.19,254.19,98.38,2051203481.1343842,32180788.0,0.15689999,-32.64,621300,0.67,57.06,-6.64,59.55,-10.55,56.98,-6.51,52.12,2.21,8.42,28.09,758660,921303,874352,0.222
56,MTC,Financial Services,Capital Markets,NASDAQ,209.39,98.09,117.7,95.11,224.77,98.32,194.15,97.57,120.36,84.79,425.42,98.63,4.76,-4.99,-10.36,0.42,21.12,38.37,84.99,498934955.903841,99587811.0,0.0063,-47.66,4400,0.18,4.92,-3.25,5.01,-4.99,5.41,-12.01,4.35,9.43,12.63,3.33,8800,24746,24060,
57,OKTA,Technology,Software - Infrastructure,NASDAQ,209.14,98.07,132.11,97.33,177.69,97.17,156.29,95.54,160.19,95.13,73.34,21.63,232.13,9.76,18.93,39.42,65.31,155.26,97.18,36972879023.04004,174820928.0,0.054899998,7.17,2488700,0.67,221.46,4.82,214.76,8.09,202.22,14.79,173.11,34.09,4.1,135.07,2861020,3732826,3631888,0.106
58,ERAS,Healthcare,Biotechnology,NASDAQ,209.08,98.05,97.35,62.16,258.65,98.53,328.87,98.83,455.12,98.97,821.78,98.93,16.03,8.75,12.49,0.94,-14.19,339.18,98.72,5155492315.845823,349762035.0,0.104499996,-33.98,7772000,1.54,14.93,7.37,14.7,9.05,14.95,7.22,16.55,-3.14,6.19,82.13,5438190,5044016,4289744,
59,RNG,Technology,Software - Application,NYSE,208.83,98.04,122.98,96.36,199.56,97.8,178.8,97.07,118.97,83.89,139.41,88.67,79.27,1.26,4.08,15.02,48.53,168.7,97.38,6536862259.423767,83506162.0,0.1537,-3.21,917300,0.6,78.1,1.5,77.23,2.64,76.12,4.14,70.33,12.71,3.78,22.67,1340750,1520823,1568520,0.059
60,ATEX,Communication Services,Telecom Services,NASDAQ,208.43,98.02,94.22,45.94,197.67,97.79,214.07,98.07,304.33,98.68,153.0,91.65,84.53,0.24,3.82,2.86,-9.67,275.19,98.52,1644306263.7927704,19498473.0,0.136,-25.19,497800,1.69,82.23,2.8,81.73,3.43,80.92,4.46,87.14,-3.0,5.11,155.45,269150,295350,314960,0.381
61,RXT,Technology,Software - Infrastructure,NASDAQ,208.31,98.0,102.44,83.82,209.84,98.06,139.61,92.89,289.57,98.65,111.68,76.01,3.9,-5.34,-1.76,21.12,-7.36,271.43,98.47,1050076112.8321171,254872850.0,0.2245,-54.65,4663100,0.72,3.86,1.04,3.87,0.78,3.83,1.83,3.8,2.63,7.2,71.19,4568400,6451826,6895024,0.006
62,OMER,Healthcare,Biotechnology,NASDAQ,207.54,97.99,118.62,95.41,213.08,98.2,213.6,98.04,125.96,87.44,168.38,93.8,19.83,6.56,-1.25,8.48,66.22,108.52,95.63,1347146604.9423218,72388316.0,0.17889999,-6.64,793900,0.58,19.02,4.26,18.99,4.42,18.9,4.92,17.72,11.91,4.25,76.0,984650,1364386,1790586,
63,ETON,Healthcare,Drug Manufacturers - Specialty & Generic,NASDAQ,205.74,97.97,102.45,83.84,211.39,98.12,241.86,98.4,180.02,96.61,144.66,90.01,55.21,-0.27,-4.28,-3.28,12.6,233.19,98.26,1582362371.045761,28583135.0,0.0746,-16.81,371100,0.64,55.05,0.29,55.24,-0.05,56.01,-1.43,55.54,-0.59,6.46,28.31,757460,580010,610984,0.986
64,MANE,Healthcare,Biotechnology,NYSE,201.92,97.95,118.63,95.43,175.09,96.99,166.2,96.41,201.26,97.47,172.82,94.36,130.9,12.11,12.29,32.26,25.11,,,4878079583.368904,41778687.0,0.1509,-0.26,1113900,1.36,119.26,9.76,118.43,10.53,113.61,15.22,108.43,20.72,6.39,94.17,959430,818360,817752,
65,RLYB,Healthcare,Biotechnology,NASDAQ,199.65,97.94,100.94,80.48,188.71,97.5,184.69,97.26,269.6,98.5,206.29,96.42,17.02,-0.35,2.41,0.86,5.91,171.36,97.42,90738934.314682,5312584.0,0.0126,-3.15,6900,0.72,16.98,0.24,17.02,0.0,16.96,0.35,16.78,1.43,2.2,18.68,8260,9606,13452,
66,SIF,Industrials,Aerospace & Defense,NYSE ARCA,199.6,97.92,106.14,88.72,187.85,97.49,176.42,97.01,251.41,98.34,278.23,97.77,23.75,0.55,7.66,10.21,-7.37,265.38,98.45,147722508.6086731,6254128.0,0.0588,-18.1,55200,0.98,23.03,3.13,22.9,3.71,22.07,7.61,22.31,6.45,4.23,127.45,35530,56490,104608,0.183
67,SWVL,Industrials,Railroads,NASDAQ,199.13,97.9,134.98,97.55,214.29,98.22,363.04,98.88,58.5,14.04,48.96,8.49,3.92,1.29,-4.16,-44.91,182.01,91.22,94.36,73354535.9008112,18954661.0,0.0197,-53.75,70500,0.14,3.79,3.43,3.94,-0.51,4.3,-8.84,3.36,16.67,9.49,85.99,88610,504370,1869892,
68,ALISU,Financial Services,Shell Companies,NASDAQ,198.31,97.89,209.74,98.77,91.72,58.42,93.41,55.29,93.63,53.99,90.85,46.82,23.1,97.44,114.09,114.09,114.09,124.93,96.25,,,0.0,49.13,6900,3.14,20.21,14.3,15.68,47.32,13.12,76.07,11.77,96.26,25.0,-0.0,6600,2200,1320,
69,CLYM,Healthcare,Biotechnology,NASDAQ,198.25,97.87,82.02,14.67,202.16,97.82,313.4,98.78,387.78,98.88,393.04,98.53,11.0,0.55,-5.66,-22.81,-8.94,124.49,96.23,628352605.5987883,57436255.0,0.20889999,-39.99,638000,0.4,10.86,1.29,11.1,-0.9,12.38,-11.15,13.91,-20.92,6.73,33.78,1059310,1597423,1445536,
70,MRVL,Technology,Semiconductors,NASDAQ,197.95,97.85,112.12,92.85,192.41,97.65,189.92,97.42,178.56,96.52,181.42,95.0,275.28,1.12,5.12,16.62,50.21,225.17,98.12,244708286753.1307,898704613.0,0.0418,-16.55,15047300,0.73,278.53,-1.17,271.21,1.5,257.35,6.97,236.44,16.43,4.97,55.44,21318050,20501090,21788282,0.365
71,ABSI,Healthcare,Biotechnology,NASDAQ,197.42,97.84,105.68,88.21,206.94,97.95,197.64,97.7,226.28,97.94,105.83,70.09,10.16,-8.22,4.31,23.75,32.98,176.84,97.56,1899767038.3275604,171614010.0,0.2641,-15.72,4241800,1.04,10.02,1.4,10.23,-0.68,9.71,4.63,9.26,9.72,9.69,124.94,4503400,4067713,3477572,-0.464
72,TEAM,Technology,Software - Application,NASDAQ,196.16,97.82,129.71,97.17,176.87,97.14,155.32,95.35,79.73,29.51,42.36,6.3,206.79,10.06,10.15,15.08,110.75,25.75,79.77,47562251795.84633,253138815.0,0.060900003,3.39,2098700,0.66,199.36,3.73,190.84,8.36,190.73,8.42,173.85,18.95,4.32,53.52,2690190,3159136,4068118,0.276
73,NVCT,Healthcare,Biotechnology,NASDAQ,195.95,97.8,98.22,69.01,180.43,97.21,254.75,98.57,214.87,97.72,95.04,54.71,21.12,-3.65,4.45,-11.96,-7.21,155.69,97.19,715557929.2105446,32644066.0,0.1088,-27.86,153000,0.78,20.59,2.57,20.81,1.49,21.45,-1.54,21.77,-2.99,6.88,85.69,174990,195493,207126,
74,ASX,Technology,Semiconductors,NYSE,194.39,97.79,109.72,91.6,195.53,97.69,180.38,97.14,220.82,97.84,210.76,96.61,46.43,-2.15,4.78,17.63,33.53,205.52,98.0,123543924694.48904,2603665389.0,0.0067000003,-3.13,5371100,0.82,46.35,0.17,45.75,1.49,43.4,6.98,40.15,15.64,3.57,44.69,6200920,6533136,6721398,0.267
75,PXS,Energy,Oil & Gas Midstream,NASDAQ,194.29,97.77,132.98,97.45,161.37,96.19,171.73,96.76,111.39,77.92,135.43,87.35,7.79,0.78,19.3,13.23,64.35,167.7,97.37,79148969.81529713,10239194.0,0.0092,-6.14,104200,0.53,7.83,-0.51,7.46,4.42,7.17,8.65,6.16,26.46,5.95,47.46,138040,198213,132132,0.326
76,PURR,Financial Services,Capital Markets,NASDAQ,194.03,97.75,101.04,80.79,230.01,98.35,197.67,97.72,132.05,89.74,146.27,90.59,11.11,-6.56,-13.54,-4.31,76.35,229.67,98.23,2352289096.2521486,197837597.0,0.87,-24.73,8831000,0.39,11.91,-6.72,11.97,-7.18,12.44,-10.69,10.64,4.42,7.81,5.19,13645610,22651413,20648270,
77,LIFE,Financial Services,Insurance Brokers,NASDAQ,193.56,97.74,116.75,94.8,197.25,97.77,239.94,98.39,101.98,66.84,83.75,30.98,36.96,8.32,7.76,-8.17,82.34,,,2175472502.377556,63759454.0,0.0771,-13.14,1025800,0.65,35.87,3.04,34.77,6.3,35.94,2.84,35.03,5.51,7.08,38.6,1502340,1581246,1676690,1.134
78,FSLY,Technology,Software - Application,NASDAQ,191.67,97.72,123.26,96.42,160.91,96.13,155.23,95.31,166.82,95.83,304.98,98.07,29.3,13.52,17.39,26.51,35.96,173.58,97.45,4111532914.9246216,159300000.0,0.1574,-15.85,15155400,2.11,26.28,11.49,25.97,12.82,25.65,14.23,24.85,17.91,8.56,110.06,5154860,7171883,6964856,0.233
79,CLMT,Basic Materials,Specialty Chemicals,NASDAQ,190.39,97.7,112.9,93.31,182.2,97.31,205.68,97.85,166.3,95.74,178.24,94.8,56.42,2.06,5.16,-0.67,28.96,182.81,97.73,4859014268.222351,87898234.0,0.0645,-5.76,1109700,0.76,56.54,-0.21,54.99,2.6,55.87,0.98,51.33,9.92,4.19,33.0,1412520,1466850,1371620,0.408
80,PBF,Energy,Oil & Gas Refining & Marketing,NYSE,189.06,97.69,119.18,95.61,172.98,96.92,197.15,97.65,168.46,95.94,140.32,88.88,84.27,4.32,14.36,7.62,15.71,228.59,98.19,9575405628.941711,118536838.0,0.12560001,1.09,3496400,0.95,84.87,-0.71,81.4,3.53,77.51,8.72,73.68,14.37,5.68,15.46,3039180,3684380,3370566,0.562
81,ETS,Industrials,Trucking,NASDAQ,188.88,97.67,128.59,97.06,189.9,97.59,222.04,98.14,101.86,66.7,58.64,12.18,1.49,-7.45,-6.29,-0.67,37.96,192.16,97.88,78433842.61689758,48716672.0,0.0034,-45.82,37900,0.09,1.55,-3.87,1.62,-8.02,1.75,-14.86,1.33,12.03,15.03,8.93,56990,438186,295852,0.153
82,P,Technology,Computer Hardware,NYSE,188.59,97.65,150.91,98.2,160.32,96.08,123.78,88.32,88.81,39.71,97.07,57.97,154.49,10.24,22.61,57.35,105.82,129.49,96.47,46698466751.75423,333227251.0,0.028800001,9.7,4031300,0.63,149.76,3.16,141.33,9.31,123.34,25.26,109.7,40.83,4.57,79.23,4528100,6406940,5265546,0.377
83,VICR,Technology,Electronic Components,NASDAQ,187.8,97.64,112.55,93.04,202.6,97.84,150.23,94.81,232.57,98.07,287.21,97.84,266.07,-13.87,-5.64,34.44,28.74,139.66,96.76,14242369233.38684,46106732.0,0.097600006,-30.47,600200,0.68,283.21,-6.05,289.83,-8.2,258.16,3.06,227.95,16.72,7.88,33.24,836590,879170,841774,0.493
84,FRO,Energy,Oil & Gas Midstream,NYSE,186.58,97.62,128.92,97.11,167.04,96.67,160.21,95.93,138.38,91.61,161.93,93.02,56.1,6.37,17.54,21.68,53.14,195.19,97.9,11741131592.26513,222622890.0,0.0761,2.17,2907300,0.76,54.39,3.14,52.25,7.37,50.36,11.4,44.29,26.67,3.42,17.21,3773020,3828826,3148186,0.965
85,AMD,Technology,Semiconductors,NASDAQ,186.35,97.6,108.76,91.06,218.89,98.24,187.12,97.34,201.28,97.49,148.95,90.99,608.1,-4.07,-3.57,17.82,25.28,182.9,97.74,1034842210033.3375,1632475042.0,0.024600001,-5.79,13694400,0.66,631.16,-3.65,623.26,-2.43,594.17,2.34,528.92,14.97,3.65,9.47,18609400,20621333,21572558,0.501
86,CJMB,Industrials,Integrated Freight & Logistics,NASDAQ,186.33,97.59,139.38,97.79,166.33,96.61,155.88,95.48,46.72,8.64,26.4,3.0,2.28,-6.56,3.17,-0.87,54.05,62.86,91.08,16246418.300994873,6658368.0,0.0345,-59.36,35700,0.37,2.31,-1.3,2.34,-2.56,2.28,0.0,2.17,5.07,8.75,15.03,61500,95340,276142,-0.174
87,INSW,Energy,Oil & Gas Midstream,NYSE,186.2,97.57,120.93,96.0,171.24,96.84,171.03,96.71,161.31,95.28,163.44,93.22,119.82,3.46,13.42,15.6,32.23,181.72,97.68,5736221005.983948,49531311.0,0.078600004,3.18,560200,0.72,118.33,1.26,115.07,4.13,110.69,8.25,100.41,19.33,3.92,13.36,756790,782210,672072,1.401
88,IMOS,Technology,Semiconductors,NASDAQ,185.82,97.55,118.17,95.25,191.26,97.64,151.74,94.91,224.29,97.89,165.12,93.51,77.73,-6.69,8.29,40.48,65.21,177.28,97.57,2896416575.912384,34770906.0,0.0034,-7.29,54100,0.6,77.53,0.26,75.47,2.99,68.07,14.19,60.48,28.52,5.26,17.6,114730,90183,90796,0.287
89,ANTX,Healthcare,Biotechnology,NASDAQ,185.57,97.54,84.46,18.22,204.42,97.89,221.33,98.1,261.35,98.45,269.08,97.64,4.4,-22.94,-9.84,-18.67,-17.45,296.4,98.6,215473914.7095232,37736237.0,0.0754,-38.8,442100,1.62,4.92,-10.57,5.14,-14.4,5.11,-13.89,5.51,-20.15,9.33,34.12,351020,272390,254330,
90,GRAL,Healthcare,Diagnostics & Research,NASDAQ,183.92,97.52,150.71,98.15,183.93,97.37,128.44,90.13,117.91,83.1,89.15,42.01,140.58,-1.87,10.79,84.42,97.61,49.0,88.06,6398884437.481049,44666234.0,0.19479999,-7.18,773700,0.61,139.49,0.78,138.26,1.68,115.39,21.83,92.11,52.62,8.55,60.5,1250520,1275133,1075826,0.257
91,MPC,Energy,Oil & Gas Refining & Marketing,NYSE,183.34,97.5,122.69,96.29,161.11,96.14,164.36,96.18,141.5,92.25,116.23,79.3,455.03,7.74,15.63,14.93,45.27,179.37,97.64,123293595139.50241,291936635.0,0.0319,5.56,1967200,0.71,445.29,2.19,424.58,7.17,413.08,10.16,378.74,20.14,3.68,27.75,2083460,2771130,2664376,0.537
92,UMC,Technology,Semiconductors,NYSE,183.27,97.49,100.13,77.9,196.51,97.72,197.35,97.69,231.63,98.05,135.75,87.49,22.96,-12.6,-5.55,1.41,21.22,187.38,97.81,65882759544.62944,2507908580.0,0.0164,-20.72,5232900,0.44,23.24,-1.2,24.07,-4.61,23.94,-4.09,21.41,7.24,4.18,12.51,11508090,11811276,11656582,0.17
93,AEHR,Technology,Semiconductor Equipment & Materials,NASDAQ,183.21,97.47,92.18,36.66,240.6,98.44,210.58,97.95,252.02,98.35,466.91,98.72,84.64,-21.05,-18.92,-10.61,10.11,274.35,98.5,3501429896.7592926,32659546.0,0.16520001,-42.58,2071800,0.76,91.55,-7.55,96.55,-12.34,94.77,-10.69,98.02,-13.65,9.98,21.07,2466650,2725680,2591110,0.337
94,CORT,Healthcare,Biotechnology,NASDAQ,182.63,97.45,109.54,91.44,151.62,95.2,164.22,96.16,160.42,95.16,81.5,28.64,121.19,4.27,4.38,7.45,2.43,42.39,86.36,12564277046.18914,108098397.0,0.1114,-4.11,624200,0.43,120.19,0.83,117.68,2.98,115.62,4.82,115.18,5.22,4.47,69.72,841340,1435526,1231818,0.317
95,COHU,Technology,Semiconductor Equipment & Materials,NASDAQ,182.26,97.44,115.46,94.36,184.47,97.39,161.06,95.96,168.63,95.96,185.13,95.36,68.19,-7.2,1.78,19.46,46.8,189.55,97.85,3478428215.751976,47338433.0,0.22,-8.7,667200,0.65,70.83,-3.73,69.82,-2.33,63.78,6.91,57.14,19.34,5.11,13.21,1048080,1021770,1020286,0.384
96,TKNO,Healthcare,Drug Manufacturers - Specialty & Generic,NASDAQ,182.16,97.42,117.93,95.18,188.86,97.53,153.86,95.11,135.99,91.01,61.87,13.76,8.84,-1.67,-5.25,31.74,75.05,98.21,94.93,482657319.2517357,53688246.0,0.1437,-6.75,195300,0.76,8.75,1.03,8.88,-0.45,8.39,5.36,7.5,17.87,5.97,72.01,302640,255910,268608,0.185
97,VAI,Industrials,Rental & Leasing Services,NASDAQ,182.02,97.41,141.14,97.95,137.05,92.89,122.07,87.62,72.69,23.51,57.57,11.52,2.74,22.32,23.42,37.0,91.61,154.65,97.16,32608775.498831034,14557489.0,0.0175,14.17,141700,2.43,2.48,10.48,2.3,19.13,2.2,24.55,1.89,44.97,6.06,54.17,77480,58223,806278,-0.156
98,DRTS,Healthcare,Biotechnology,NASDAQ,181.6,97.39,100.65,79.6,197.23,97.75,209.37,97.94,204.14,97.52,186.11,95.44,14.41,-2.44,-0.89,-0.14,21.19,182.55,97.71,1365902376.9131393,92478154.0,0.0542,-8.74,368000,0.64,14.41,0.0,14.64,-1.57,14.78,-2.5,14.37,0.28,3.9,76.43,416650,572320,537744,
99,TTRX,Healthcare,Biotechnology,NASDAQ,181.36,97.37,103.32,85.09,235.11,98.4,247.86,98.5,178.44,96.49,54.62,10.33,12.0,-9.98,-3.92,-5.44,45.45,297.35,98.62,404801492.00312805,30367704.0,1.76,-54.72,109800,0.72,11.9,0.84,12.7,-5.51,13.28,-9.64,11.43,4.99,10.66,54.73,108490,152313,111578,
100,FET,Energy,Oil & Gas Equipment & Services,NYSE,180.93,97.36,114.08,93.7,176.15,97.06,182.08,97.22,136.86,91.24,196.57,95.88,84.61,1.77,2.15,1.92,64.51,132.57,96.61,935016959.4358063,11246295.0,0.061300002,-3.21,142600,0.76,84.62,-0.01,83.29,1.58,82.64,2.38,80.49,5.12,4.05,2.92,176560,188260,204482,0.132
101,ILMN,Healthcare,Diagnostics & Research,NASDAQ,180.37,97.34,120.09,95.84,181.48,97.26,143.24,93.62,147.22,93.45,114.03,77.83,278.17,1.88,3.03,34.74,35.63,102.16,95.25,41229041290.2832,151000000.0,0.114700004,-0.71,1895400,0.52,275.55,0.95,273.41,1.74,255.73,8.77,226.92,22.59,5.61,82.76,2955100,3627040,3003218,0.094
102,SYRE,Healthcare,Biotechnology,NASDAQ,179.95,97.32,93.98,44.62,209.84,98.06,230.35,98.32,282.81,98.6,315.73,98.19,85.69,-8.05,0.0,-5.42,-15.58,150.56,97.04,8216913096.047974,88173762.0,0.1471,-22.22,1116400,0.76,83.85,2.19,86.19,-0.58,88.25,-2.9,94.33,-9.16,6.71,121.0,1814970,1463830,1252010,
103,LIND,Consumer Cyclical,Travel Services,NASDAQ,179.45,97.31,126.95,96.96,139.76,93.47,138.75,92.77,159.15,95.01,149.38,91.19,35.82,2.99,25.91,39.54,20.24,143.18,96.87,2282252703.3178406,65619689.0,0.105900005,0.93,702800,0.71,35.61,0.59,33.88,5.73,30.39,17.87,30.51,17.4,4.11,35.29,1101040,994806,902790,0.186
104,DINO,Energy,Oil & Gas Refining & Marketing,NYSE,179.29,97.29,120.36,95.89,162.52,96.38,169.41,96.66,151.01,93.9,123.34,83.3,121.3,7.0,13.56,12.48,32.03,166.34,97.33,20153577231.15065,177783849.0,0.062,2.46,3079300,1.14,117.49,3.24,113.26,7.1,111.47,8.82,102.03,18.89,3.71,31.1,2289060,2704956,2654332,0.532
105,CPIX,Healthcare,Drug Manufacturers - Specialty & Generic,NASDAQ,179.07,97.27,100.56,79.33,207.12,97.97,205.57,97.84,192.37,97.16,67.24,17.37,7.03,-4.87,-7.62,10.02,34.71,108.41,95.6,110725158.7295394,14983107.0,0.028800001,-24.25,30400,0.67,7.03,0.0,7.32,-3.96,7.32,-3.96,7.39,-4.87,7.47,62.86,33000,45240,69464,-0.563
106,CRWD,Technology,Software - Infrastructure,NASDAQ,178.33,97.26,120.89,95.96,172.39,96.87,141.14,93.17,161.97,95.36,86.49,34.32,275.04,1.85,9.09,33.04,48.49,127.71,96.39,276503373483.1232,1023934842.0,0.0277,0.55,7055200,0.66,271.0,1.49,267.79,2.71,255.28,7.74,228.7,20.26,3.73,123.28,7565680,10683586,9899872,0.258
107,VLO,Energy,Oil & Gas Refining & Marketing,NYSE,177.65,97.24,119.33,95.64,162.08,96.29,172.38,96.84,145.72,93.24,134.28,87.12,433.75,6.76,12.03,11.1,39.69,169.14,97.4,116984923889.56049,287927461.0,0.039100002,3.51,3348500,0.95,428.04,1.33,411.99,5.28,401.7,7.98,367.5,18.03,4.01,38.84,2621640,3507143,3097252,0.517
108,SGHT,Healthcare,Medical Devices,NASDAQ,177.51,97.22,114.12,93.76,159.23,95.94,155.77,95.46,116.35,82.2,92.38,49.8,8.89,4.22,-0.45,9.21,69.01,5.33,61.1,469900539.98991966,55087990.0,0.0312,-8.47,289500,1.06,8.66,2.66,8.89,0.0,8.6,3.37,8.14,9.21,4.98,102.71,411570,273350,292744,0.195
109,KRT,Consumer Cyclical,Packaging & Containers,NASDAQ,177.44,97.21,115.75,94.51,177.97,97.19,165.33,96.29,130.59,89.33,109.38,73.9,54.58,0.02,2.81,16.28,37.02,150.04,97.02,1087674008.8873215,19931721.0,0.0521,-0.6,184000,1.07,54.03,1.02,53.65,1.73,52.15,4.66,49.0,11.39,3.13,62.61,177970,171570,168014,0.099
110,SMTC,Technology,Semiconductors,NASDAQ,177.02,97.19,116.88,94.88,182.05,97.29,159.87,95.84,155.84,94.64,182.5,95.08,187.3,-3.89,2.74,11.99,63.42,148.74,97.01,18187298450.571533,93325626.0,0.0853,-7.27,2509200,0.8,191.72,-2.31,187.33,-0.02,178.43,4.97,153.59,21.95,5.78,84.94,2854010,3125703,3134330,0.327
111,DOCN,Technology,Software - Infrastructure,NYSE,176.93,97.17,101.11,81.06,185.06,97.41,163.44,96.14,212.07,97.64,213.24,96.67,134.82,-3.75,-3.53,9.65,12.14,173.97,97.47,16375317862.980469,116908096.0,0.0921,-28.1,1829800,0.73,130.85,3.03,133.88,0.7,133.4,1.06,126.16,6.86,5.9,130.31,1768650,2490273,2618034,0.286
112,NNBR,Industrials,Conglomerates,NASDAQ,176.83,97.16,108.24,90.53,164.14,96.52,179.36,97.11,144.26,92.9,117.28,80.07,3.95,-12.42,7.63,10.34,18.26,226.45,98.16,372437830.3611641,82580446.0,0.0511,-17.54,1704000,0.71,4.05,-2.47,3.97,-0.5,3.7,6.76,3.68,7.34,8.59,17.68,3626240,2411946,2667556,0.193
113,NCPL,Financial Services,Capital Markets,NASDAQ,176.58,97.14,170.5,98.5,194.06,97.67,49.16,8.69,52.25,11.08,32.17,4.12,1.14,-18.57,-16.18,153.33,206.45,28.52,81.36,10987058.412891507,7847899.0,0.0315,-58.55,8516100,0.38,1.29,-11.63,1.29,-11.63,1.03,10.68,0.7,62.86,33.7,54.66,7811790,22333746,26233596,-0.382
114,TWLO,Technology,Software - Infrastructure,NYSE,176.28,97.12,115.18,94.25,173.66,96.96,144.06,93.88,148.32,93.57,116.82,79.71,289.47,-1.73,4.96,27.32,51.6,103.92,95.34,45240186245.43274,153575220.0,0.045500003,-5.39,2618200,0.72,283.91,1.96,288.56,0.32,272.99,6.04,246.39,17.48,5.78,75.42,6246890,3630860,3247990,0.22
115,QTEX,Technology,Computer Hardware,NASDAQ,176.25,97.11,207.43,98.73,78.47,29.62,81.85,30.02,161.29,95.26,60.3,13.03,1.87,70.0,140.98,110.11,125.3,85.15,93.86,73782551.09919369,67075045.0,0.0583,-51.43,19809800,1.35,1.67,11.98,1.23,52.03,1.02,83.33,0.96,94.79,12.33,160.42,40993590,14623183,10019786,4.377
116,FOSL,Consumer Cyclical,Footwear & Accessories,NASDAQ,176.02,97.09,136.46,97.7,147.33,94.75,106.8,75.79,123.31,86.31,263.43,97.54,7.15,5.15,15.32,51.16,46.82,95.89,94.75,402138764.87968826,59138052.0,0.1295,1.27,630100,0.78,7.1,0.7,6.79,5.3,6.17,15.88,5.71,25.22,5.91,61.49,901400,803636,888730,-0.049
117,WHLRP,Real Estate,REIT - Retail,NASDAQ,175.79,97.07,134.72,97.52,133.06,92.25,146.57,94.23,160.95,95.2,132.67,86.67,12.45,13.18,43.27,38.33,38.0,190.68,97.87,,,0.9,3.06,5800,0.39,12.63,-1.43,10.98,13.39,9.94,25.25,9.54,30.5,8.92,101.74,26030,14763,9002,-0.139
118,FEAM,Basic Materials,Specialty Chemicals,NASDAQ,175.01,97.06,195.77,98.68,136.15,92.77,57.85,11.83,40.4,6.65,32.96,4.22,3.64,-6.19,30.0,152.78,227.93,6.43,62.91,161591804.24616337,41647371.0,0.0143,-51.47,2078800,2.21,3.55,2.54,3.41,6.74,2.76,31.88,2.08,75.0,13.23,78.93,1256370,939526,1050474,
119,NAT,Energy,Oil & Gas Midstream,NYSE,174.92,97.04,119.83,95.76,168.71,96.77,169.14,96.62,150.53,93.83,172.16,94.22,8.47,0.59,9.72,13.54,32.08,176.66,97.54,1782940598.6152935,211750663.0,0.0813,0.47,4336900,0.85,8.37,1.19,8.21,3.17,8.0,5.88,7.14,18.63,4.21,11.22,5133010,5113936,4240262,0.975
120,DHX,Technology,Software - Application,NYSE,174.03,97.02,114.62,93.97,158.34,95.84,159.19,95.81,151.41,93.93,144.79,90.05,5.1,6.03,7.82,12.58,25.0,240.0,98.3,208870351.41524792,43424190.0,0.0093,-1.73,276400,1.05,4.9,4.08,4.83,5.59,4.8,6.25,4.46,14.35,3.73,78.95,196750,262633,266688,-0.021
121,FTNT,Technology,Software - Infrastructure,NASDAQ,172.57,97.01,113.88,93.57,154.28,95.48,142.08,93.42,169.65,96.04,84.86,32.34,194.75,7.63,12.27,24.78,26.26,138.26,96.75,132765483271.23363,733713653.0,0.0226,6.37,2069600,0.51,189.71,2.66,183.93,5.88,177.73,9.58,167.37,16.36,2.79,88.76,3249180,4089750,4281610,0.256
122,JTAI,Technology,Software - Application,NASDAQ,172.25,96.99,140.36,97.9,102.36,74.67,84.14,32.88,141.13,92.21,3.52,0.33,1.57,1.29,0.64,25.6,-18.65,-93.1,2.47,2203667.48220706,1421721.0,0.1707,-97.46,41400,0.11,1.5,4.67,1.53,2.61,1.48,6.08,1.57,0.0,11.46,88.92,50360,372860,287404,1.39
123,CVI,Energy,Oil & Gas Refining & Marketing,NYSE,172.07,96.97,130.22,97.19,152.55,95.31,147.49,94.38,99.21,62.95,109.81,74.36,58.02,5.82,12.62,16.83,52.85,119.39,96.01,5512092927.247025,100530599.0,0.19790001,3.17,688400,0.62,57.86,0.28,55.08,5.34,53.43,8.59,44.6,30.09,4.91,8.42,885020,1118826,1039974,0.555
124,CD,Financial Services,Capital Markets,NASDAQ,171.93,96.96,226.47,98.82,84.62,39.52,48.46,8.46,49.41,9.77,107.79,72.28,8.66,28.49,62.48,194.56,206.01,39.45,85.28,741425586.8221283,110003800.0,0.055999998,-76.45,662800,2.57,9.11,-4.94,7.75,11.74,5.67,52.73,4.3,101.4,18.18,215.94,316820,258103,259514,0.984
125,MGLD,Financial Services,Asset Management,NYSE ARCA,171.24,96.94,154.45,98.25,158.32,95.83,84.25,33.05,97.31,60.14,107.0,71.3,2.02,-0.49,4.66,106.12,83.64,118.61,95.96,87785988.6627698,43244330.0,0.0058999998,-4.72,63700,0.09,2.01,0.5,2.0,1.0,1.51,33.77,1.24,62.9,5.68,26.17,460640,681153,412824,0.257
126,STX,Technology,Computer Hardware,NASDAQ,171.17,96.92,87.25,23.4,208.93,98.04,199.15,97.77,247.39,98.29,292.31,97.87,783.0,-7.77,-14.6,-5.61,-7.99,178.46,97.61,193054392735.2251,227393014.0,0.045900002,-31.62,3922000,0.93,811.62,-3.53,861.0,-9.06,857.16,-8.65,854.72,-8.39,6.74,32.04,5140540,4216113,4286666,0.485
127,GIBO,Communication Services,Internet Content & Information,NASDAQ,170.75,96.91,192.02,98.65,92.42,60.14,89.61,42.2,60.08,15.05,39.17,5.67,62.27,91.91,88.7,85.66,130.89,16.61,73.06,84514827.03149414,2604704.0,0.0008,-19.65,85200,2.11,50.86,22.43,41.04,51.73,36.76,69.4,33.37,86.6,7.02,142.36,72090,40450,26212,
128,NTAP,Technology,Software - Infrastructure,NASDAQ,170.68,96.89,124.53,96.71,144.64,94.41,141.65,93.3,133.75,90.34,97.24,58.19,237.15,5.04,18.16,19.27,36.62,117.13,95.89,44443729100.54253,196419005.0,0.051799998,2.26,1608300,0.6,230.82,2.74,221.67,6.98,207.68,14.19,197.83,19.88,3.56,90.49,2935680,2679250,2560900,0.299
129,VIAV,Technology,Communication Equipment,NASDAQ,170.58,96.87,112.56,93.05,149.95,95.1,143.45,93.72,186.0,96.87,301.2,97.99,45.46,-3.48,11.75,17.32,29.7,146.93,96.92,11621916522.289642,246749828.0,0.0633,-24.77,2779600,0.53,46.17,-1.54,44.74,1.61,40.25,12.94,39.32,15.62,5.67,43.87,5555990,5284786,5080754,0.525
130,MAGH,Industrials,Engineering & Construction,NASDAQ,170.43,96.86,97.98,66.51,160.25,96.05,173.35,96.89,177.68,96.46,164.58,93.43,6.76,0.0,0.0,0.0,0.0,0.0,51.33,236600008.01086426,35000000.0,0.043,-2.59,0,,6.76,0.0,6.76,0.0,6.76,0.0,6.76,0.0,,,0,0,0,0.498
131,IZM,Technology,Electronics & Computer Distribution,NASDAQ,170.21,96.84,234.59,98.83,196.0,97.7,30.04,4.07,33.88,4.92,18.98,1.84,0.89,-25.83,-31.01,313.95,243.63,-44.38,16.81,2884346.5146136284,2403622.0,0.0378,-67.4,12300,0.11,0.96,-7.29,1.09,-18.35,1.12,-20.54,0.68,30.88,17.74,12.67,54870,114894,675647,0.072
132,ORKA,Healthcare,Biotechnology,NASDAQ,169.86,96.82,91.36,33.78,212.9,98.19,246.55,98.45,244.81,98.25,337.31,98.32,82.11,-2.85,-2.78,-11.12,-16.09,156.83,97.21,5596043537.218437,66209699.0,0.1676,-28.92,1206700,1.26,80.69,1.76,82.1,0.01,87.41,-6.06,94.66,-13.26,5.62,110.67,1031790,961236,892714,
133,CHRN,Technology,Information Technology Services,NASDAQ,169.78,96.81,93.02,40.15,205.56,97.9,226.1,98.22,373.79,98.87,175.56,94.66,18.59,-3.23,-6.35,-2.16,-11.73,252.75,98.35,2789576655.301857,145214825.0,4.4,-38.03,108200,0.84,19.05,-2.41,19.31,-3.73,19.67,-5.49,20.47,-9.18,8.24,24.8,107850,128536,143794,
134,APPS,Technology,Software - Application,NASDAQ,169.76,96.79,92.52,37.94,172.86,96.91,193.66,97.55,162.25,95.41,68.51,18.37,10.43,-6.62,-6.12,-11.69,27.35,101.35,95.2,1351751521.7328072,121016250.0,0.087,-32.01,1940100,0.66,10.71,-2.61,11.02,-5.35,11.21,-6.96,11.34,-8.02,7.82,22.07,3160450,2939953,3470702,0.268
135,XP,Financial Services,Capital Markets,NASDAQ,169.53,96.77,167.48,98.42,107.92,80.18,104.77,73.6,81.67,31.51,110.95,75.46,32.22,49.86,57.09,62.24,87.33,101.34,95.18,10910024048.5,507442979.0,0.044,39.3,11232000,1.09,29.97,7.51,25.4,26.85,22.71,41.88,19.63,64.14,4.78,92.29,15674850,10325570,8036678,0.106
136,ANDG,Consumer Cyclical,Personal Services,NYSE,169.42,96.76,109.2,91.33,163.87,96.47,176.65,97.02,143.51,92.72,129.58,85.58,56.82,-0.56,7.29,5.91,23.31,115.15,95.82,1059399016.0838318,18540410.0,0.1943,-2.34,176700,0.39,56.3,0.92,55.87,1.7,55.04,3.23,52.87,7.47,4.09,54.26,527130,452900,504974,0.237
137,PUBM,Technology,Software - Application,NASDAQ,169.25,96.74,111.04,92.29,167.54,96.71,157.4,95.68,129.95,89.11,101.0,63.6,18.64,1.19,0.22,13.04,46.31,108.04,95.58,839032127.0951939,45550061.0,0.066300005,-4.31,461300,0.64,18.57,0.38,18.64,0.0,18.01,3.5,16.97,9.84,3.53,16.71,738950,718026,766122,0.105
138,MAAS,Technology,Information Technology Services,NASDAQ,169.1,96.72,74.74,7.87,224.51,98.3,237.48,98.34,400.57,98.9,204.1,96.38,11.56,-15.62,-24.79,-26.79,-36.34,124.47,96.21,6057805334.261702,442175578.0,0.0018000001,-53.57,88600,0.23,12.24,-5.56,14.11,-18.07,15.02,-23.04,16.11,-28.24,17.87,6.78,198790,377916,301130,
139,BFLY,Healthcare,Medical Devices,NYSE,168.64,96.71,95.64,53.74,207.65,97.99,212.01,98.02,197.29,97.34,185.47,95.38,8.25,-7.82,-12.14,12.55,0.98,117.11,95.87,2383252337.060132,266285183.0,0.16700001,-17.91,3956900,0.71,8.53,-3.28,8.73,-5.5,8.53,-3.28,8.5,-2.94,9.4,21.93,5809820,5582436,5786140,0.395
140,NCEW,Industrials,Integrated Freight & Logistics,NASDAQ,168.57,96.69,92.97,39.9,183.31,97.36,221.68,98.12,187.82,97.02,163.83,93.32,16.8,-0.71,-4.71,-11.25,7.69,219.39,98.07,54144000.244140625,3200000.0,0.0116,-19.36,500,1.46,16.88,-0.47,17.11,-1.81,17.33,-3.06,17.23,-2.5,1.12,0.0,230,343,2448,0.335
141,AGPU,Technology,Software - Infrastructure,NASDAQ,168.25,96.67,114.29,93.83,246.48,98.45,208.99,97.92,103.68,69.21,48.48,8.36,11.68,-3.31,-3.39,4.57,37.41,81.93,93.46,140020777.03566742,11591124.0,0.0514,-22.8,142400,0.47,12.08,-3.31,12.0,-2.67,11.86,-1.52,10.57,10.5,8.84,35.85,283310,306173,348288,1197.729
142,GTE,Energy,Oil & Gas E&P,NYSE ARCA,167.96,96.66,113.48,93.45,153.0,95.35,163.02,96.11,101.54,66.2,155.27,92.09,10.58,1.34,9.98,-1.95,58.15,163.84,97.26,369371663.91378117,35380429.0,0.031600002,-8.16,412500,0.78,10.48,0.95,10.21,3.62,10.24,3.32,9.83,7.63,4.05,35.0,458200,531770,1080094,0.253
143,HBB,Consumer Cyclical,"Furnishings, Fixtures & Appliances",NYSE,167.79,96.64,111.82,92.7,189.21,97.57,160.11,95.91,117.92,83.12,103.48,67.04,34.76,-8.5,-6.71,15.87,50.69,124.22,96.2,510674215.24250793,13442332.0,0.0477,-13.08,45300,0.52,35.32,-1.59,36.64,-5.13,34.63,0.38,32.43,7.18,5.85,37.4,98090,86713,87746,0.116
144,PKOH,Industrials,Specialty Industrial Machinery,NASDAQ,167.4,96.62,107.61,90.06,164.22,96.54,158.95,95.79,159.0,95.0,119.92,81.48,49.03,3.5,2.06,5.55,24.68,129.74,96.49,686391758.2229996,14490010.0,0.0341,-8.01,60300,0.82,48.44,1.22,47.69,2.81,46.95,4.43,46.38,5.71,3.54,62.15,86750,73143,88654,0.1
145,NDLS,Consumer Cyclical,Restaurants,NASDAQ,167.32,96.61,105.12,87.57,143.71,94.27,161.37,95.98,148.08,93.55,133.37,86.81,14.22,6.12,12.77,3.49,-19.11,182.14,97.69,79953241.72389984,5966660.0,0.0221,-25.16,135000,4.42,13.73,3.57,13.63,4.33,13.47,5.57,14.86,-4.31,5.19,89.36,39540,30576,39626,0.005
146,BE,Industrials,Electrical Equipment & Parts,NYSE,167.06,96.59,108.12,90.4,206.58,97.92,194.2,97.59,244.79,98.24,463.59,98.7,280.5,-2.99,-2.84,1.72,35.43,204.03,97.99,85162580298.24774,294527346.0,0.0734,-20.15,8455000,0.54,285.41,-1.72,282.49,-0.7,276.83,1.33,246.48,13.8,7.13,47.51,13397390,15596800,14674204,1.655
147,HNGE,Healthcare,Health Information Services,NYSE,166.94,96.57,109.17,91.29,157.09,95.73,143.78,93.85,170.19,96.08,89.99,44.75,102.9,5.35,7.67,16.15,37.0,111.55,95.7,7881423560.6341095,80694417.0,0.0783,3.18,1702100,0.88,99.09,3.84,97.6,5.43,95.41,7.85,90.95,13.14,3.67,123.52,1837550,1929006,1893848,0.53
148,CRSR,Technology,Computer Hardware,NASDAQ,166.08,96.56,110.86,92.16,166.52,96.62,167.21,96.47,120.04,84.53,88.42,39.14,13.63,-1.16,-0.22,0.66,28.22,120.91,96.04,1491760260.4833765,108176959.0,0.1815,-9.0,881000,0.83,13.5,0.96,13.56,0.52,13.49,1.04,12.65,7.75,3.97,105.43,1000720,1065613,1551096,-0.018
149,FORM,Technology,Semiconductor Equipment & Materials,NASDAQ,166.06,96.54,116.27,94.57,160.05,96.03,156.29,95.54,158.61,94.92,296.6,97.95,139.67,-6.36,7.7,21.51,32.54,141.1,96.85,11626953768.001831,77954772.0,0.0584,-12.85,813100,0.48,141.18,-1.07,142.0,-1.64,129.03,8.25,119.8,16.59,5.26,27.09,2772640,1685146,1478888,0.319
150,HELP,Healthcare,Biotechnology,NASDAQ,165.85,96.52,106.66,89.13,180.63,97.22,238.28,98.35,98.39,61.67,67.97,17.88,11.8,0.85,-6.42,-9.02,44.96,64.57,91.42,854915101.6630669,73069668.0,2.16,-22.11,1659300,1.03,11.04,6.88,11.64,1.37,12.45,-5.22,11.99,-1.58,6.27,182.52,1191250,1611966,1743220,
151,AP,Industrials,Metal Fabrication,NYSE,165.46,96.51,107.28,89.78,153.73,95.43,140.39,93.04,158.35,94.9,284.97,97.82,9.25,-4.64,7.06,14.06,11.18,130.67,96.54,200388619.75968075,20658621.0,0.070700005,-27.79,34900,0.44,9.3,-0.54,9.19,0.65,8.74,5.84,8.82,4.88,4.5,64.84,87470,79686,87056,-0.09
152,AMWL,Healthcare,Health Information Services,NYSE,165.36,96.49,100.31,78.47,187.74,97.47,185.86,97.29,161.2,95.23,103.33,66.83,12.7,2.5,-5.44,-2.31,17.16,185.39,97.78,210738517.45949364,17008758.0,0.0109,-10.5,77200,0.77,12.57,1.03,12.82,-0.94,13.15,-3.42,12.67,0.24,5.69,43.49,93470,100776,107430,-0.266
153,ASST,Financial Services,Asset Management,NASDAQ,165.18,96.47,126.88,96.94,183.2,97.34,146.32,94.2,52.06,11.0,75.99,23.67,27.8,-7.43,-5.57,0.65,132.83,60.51,90.64,2932481248.6821156,97651721.0,0.2832,-49.27,8376900,0.9,28.84,-3.61,29.21,-4.83,29.05,-4.3,22.7,22.47,5.9,15.54,7354630,9352740,7991002,0.946
154,PANW,Technology,Software - Infrastructure,NASDAQ,165.08,96.46,114.33,93.85,154.09,95.46,139.9,92.94,172.17,96.21,79.68,27.01,418.78,3.85,11.75,26.65,28.59,121.0,96.06,329850312011.71875,818000000.0,0.0269,2.27,3834200,0.6,409.9,2.17,402.68,4.0,386.91,8.24,370.85,12.92,3.88,103.89,4946050,6382060,6033498,0.345
155,KRSA,Healthcare,Biotechnology,NASDAQ,164.96,96.44,118.61,95.39,185.28,97.43,188.07,97.37,135.92,90.93,136.97,87.91,33.92,11.25,9.42,6.32,38.45,229.64,98.21,1388558037.826395,45541425.0,0.06,-42.86,45900,0.71,32.31,4.98,32.01,5.97,32.59,4.08,29.39,15.41,10.27,16.94,75930,64390,41130,
156,LPG,Energy,Oil & Gas Midstream,NYSE,164.94,96.42,114.74,94.06,160.4,96.09,159.95,95.86,128.83,88.75,131.0,85.97,57.64,0.75,7.88,4.46,24.65,154.03,97.14,2447597140.8412857,42782681.0,0.0672,-3.89,448500,0.74,57.23,0.72,56.36,2.27,56.01,2.91,51.83,11.21,3.99,17.41,594550,609476,593328,1.24
157,PGEN,Healthcare,Biotechnology,NASDAQ,164.37,96.41,113.3,93.4,156.57,95.66,156.39,95.58,140.52,92.12,142.93,89.65,7.81,-8.55,0.77,14.01,31.48,78.31,93.14,3057620995.722039,358035247.0,0.2166,-13.03,3383300,0.71,7.65,2.09,7.94,-1.64,7.7,1.43,7.24,7.87,6.66,63.46,5702070,4751706,5474752,63.227
158,AAOI,Technology,Communication Equipment,NASDAQ,164.34,96.39,101.35,81.47,154.9,95.54,167.88,96.56,199.37,97.44,609.89,98.85,109.64,-5.15,8.13,4.06,21.67,180.45,97.66,9814317634.573883,84906289.0,0.15020001,-53.08,14472200,1.79,117.96,-7.05,110.95,-1.18,105.95,3.48,113.89,-3.73,8.36,11.12,11022130,8077343,9990562,0.864
159,GLBS,Industrials,Marine Shipping,NASDAQ,164.05,96.38,98.81,73.66,159.67,95.98,199.44,97.79,159.45,95.05,138.95,88.52,3.35,-4.29,-2.62,-9.95,13.18,97.06,94.87,75538053.5,21582301.0,0.0591,-17.49,87400,0.55,3.37,-0.59,3.41,-1.76,3.56,-5.9,3.55,-5.63,7.36,4.06,166320,159736,174130,0.532
160,AMLX,Healthcare,Drug Manufacturers - Specialty & Generic,NASDAQ,163.95,96.36,101.09,81.01,174.81,96.97,211.06,97.97,113.4,79.65,173.81,94.56,28.14,1.26,-4.58,-11.01,35.61,125.12,96.28,3546741885.7655945,127626548.0,0.1348,-31.6,1471500,0.96,27.72,1.52,28.27,-0.46,30.27,-7.04,30.14,-6.64,4.8,88.89,1414210,1535546,2488048,
161,XGN,Healthcare,Diagnostics & Research,NASDAQ,163.77,96.34,123.32,96.44,162.95,96.41,126.55,89.45,82.13,31.95,46.13,7.64,8.42,3.06,-3.44,19.77,80.3,27.0,80.51,197921021.4782467,24225339.0,0.0365,-31.15,251200,0.89,8.31,1.32,8.25,2.06,8.18,2.93,7.47,12.72,5.11,102.33,309400,281593,360886,0.159
162,RVMD,Healthcare,Biotechnology,NASDAQ,163.56,96.33,91.6,34.63,207.98,98.0,214.04,98.05,220.04,97.82,229.38,97.12,189.76,-8.17,-7.42,-6.88,-1.25,135.49,96.7,44290477284.69943,214336418.0,0.0476,-15.4,2210300,1.08,197.26,-3.8,201.03,-5.61,199.48,-4.87,203.43,-6.72,4.65,61.06,2036320,2047380,1947900,
163,SIMO,Technology,Semiconductors,NASDAQ,163.23,96.31,94.52,47.48,185.28,97.43,191.64,97.5,239.98,98.2,167.0,93.68,263.9,-5.92,-4.46,-7.23,3.66,197.03,97.92,9511259917.5,33908235.0,0.0668,-25.66,447600,0.62,275.8,-4.31,276.9,-4.69,270.29,-2.36,259.79,1.58,5.15,53.46,621970,721523,923760,1.27
164,HAE,Healthcare,Medical Devices,NYSE,163.16,96.29,119.6,95.66,147.26,94.73,134.7,91.76,112.2,78.67,85.75,33.53,118.69,13.38,12.72,15.58,39.93,47.73,87.7,4762631312.564598,45497051.0,0.0881,7.46,1250700,1.87,109.61,8.28,107.4,10.51,106.99,10.94,101.61,16.81,3.18,57.57,806120,668853,756968,0.056
165,XNCR,Healthcare,Biotechnology,NASDAQ,162.95,96.28,109.43,91.41,159.76,96.01,186.3,97.31,113.12,79.38,99.1,60.7,24.63,-0.85,3.49,0.9,14.61,54.23,89.41,1846938392.825428,74353397.0,0.3005,-19.54,1145200,0.79,24.68,-0.2,24.85,-0.89,24.59,0.16,24.64,-0.04,5.44,20.66,1444040,1458286,1377260,0.175
166,DK,Energy,Oil & Gas Refining & Marketing,NYSE,162.59,96.26,108.59,90.98,150.67,95.13,181.57,97.19,166.08,95.72,152.58,91.61,74.51,0.43,9.83,-2.09,10.46,151.78,97.11,4546922890.607788,61287542.0,0.103599995,-9.43,1150400,0.46,75.53,-1.35,73.37,1.55,74.1,0.55,70.68,5.42,5.01,38.56,1691950,2479996,2085660,0.478
167,BLZE,Technology,Software - Infrastructure,NASDAQ,162.27,96.24,89.59,28.81,173.23,96.94,186.77,97.32,246.5,98.27,67.95,17.83,12.69,-11.63,-3.79,2.34,0.48,161.65,97.25,888883978.7483215,61900000.0,0.0925,-47.1,971700,0.61,13.42,-5.44,13.65,-7.03,13.5,-6.0,15.1,-15.96,5.85,7.41,1248720,1586653,2499642,0.177
168,DDOG,Technology,Software - Application,NASDAQ,162.22,96.23,114.53,93.93,149.53,95.05,122.3,87.72,176.95,96.42,94.94,54.53,293.26,5.79,9.37,32.57,9.2,106.75,95.51,99542778591.604,359075024.0,0.0353,0.18,3704400,1.11,278.61,5.26,275.78,6.34,257.39,13.94,246.88,18.79,3.87,162.24,2660080,3339266,4085748,0.356
169,NTRA,Healthcare,Diagnostics & Research,NASDAQ,162.13,96.21,114.11,93.73,170.11,96.81,147.7,94.41,129.69,89.04,102.18,65.27,400.71,-2.35,-2.87,21.82,48.6,70.1,92.29,59149561039.286194,144144170.0,0.0343,-6.26,1011300,0.61,402.67,-0.49,407.18,-1.59,388.0,3.28,345.42,16.01,4.44,51.71,2035840,1645620,1585890,0.377
170,HOWL,Healthcare,Biotechnology,NASDAQ,161.92,96.19,135.36,97.59,167.11,96.69,145.2,94.03,34.48,5.13,102.21,65.34,0.98,5.6,2.08,-0.2,96.0,46.49,87.43,45102178.63820028,48601487.0,0.0424,-54.42,704600,0.9,0.93,5.38,0.92,6.52,0.95,3.16,0.78,25.64,3.97,154.13,550130,784266,8500342,
171,RSKD,Technology,Software - Application,NYSE,161.75,96.18,130.31,97.21,148.74,94.93,116.7,84.78,98.03,61.07,86.67,34.56,8.53,8.52,9.64,40.07,62.79,69.92,92.26,1037816606.8689394,132037734.0,0.0149,4.41,2500400,1.04,8.04,6.09,7.93,7.57,7.28,17.17,6.51,31.03,4.99,103.46,2429330,2398553,2148366,0.218
172,HZO,Consumer Cyclical,Specialty Retail,NYSE,161.67,96.16,108.44,90.78,160.57,96.11,164.54,96.21,114.74,80.87,112.4,76.47,52.37,0.04,-0.13,0.31,49.5,112.2,95.73,1156240543.548317,22086735.0,0.1488,-0.36,1398600,1.74,52.4,-0.06,52.36,0.02,52.37,0.0,50.24,4.24,0.2,18.92,759860,803660,859208,-0.07
173,ENGS,Industrials,Waste Management,NASDAQ,161.33,96.14,113.64,93.51,154.55,95.49,196.07,97.64,149.4,93.75,59.76,12.71,3.3,8.2,12.24,13.01,25.95,214.29,98.02,135805938.77680922,44526538.0,0.0095999995,-73.56,489700,0.23,3.19,3.45,3.1,6.45,2.97,11.11,2.86,15.38,3.38,17.95,1845170,2100200,1721420,-0.278
174,DHT,Energy,Oil & Gas Midstream,NYSE,161.2,96.13,121.58,96.16,143.7,94.25,147.23,94.35,123.1,86.19,142.55,89.55,24.64,4.05,13.13,12.0,41.69,128.86,96.46,3818058417.845192,161235573.0,0.1037,3.88,3047900,0.75,24.12,2.16,23.47,4.99,22.8,8.07,20.56,19.84,3.82,5.31,4294300,4073493,3824846,0.955
175,DFTX,Healthcare,Biotechnology,NASDAQ,160.9,96.11,92.22,36.82,177.42,97.16,225.77,98.19,276.85,98.57,190.65,95.71,36.9,-1.34,2.02,-5.12,-17.06,177.44,97.59,5025324135.027695,134366950.0,0.0883,-25.75,2770300,1.2,35.6,3.65,36.77,0.35,37.58,-1.81,40.4,-8.66,5.48,115.13,2298510,2313020,2275192,
176,MRVI,Healthcare,Biotechnology,NASDAQ,160.59,96.09,100.38,78.75,180.84,97.24,159.97,95.88,195.91,97.24,115.99,79.11,7.44,-5.82,-2.11,13.94,10.22,112.57,95.75,1177017419.7087502,148989545.0,0.098400004,-21.02,2304500,0.8,7.69,-3.25,7.68,-3.12,7.39,0.68,7.17,3.77,6.19,58.6,2997080,2882383,3421350,0.085
177,FIVN,Technology,Software - Infrastructure,NASDAQ,160.35,96.08,111.74,92.62,161.58,96.23,134.51,91.71,119.36,84.1,70.02,19.3,36.4,5.94,1.76,18.72,31.6,78.26,93.12,2567500570.767624,74723531.0,0.118,-9.0,1300400,0.59,34.6,5.2,34.58,5.26,34.67,4.99,33.21,9.61,5.25,79.29,2113180,2199833,2581350,0.103
178,NEWP,Basic Materials,Silver,NYSE ARCA,160.33,96.06,111.05,92.3,163.58,96.43,157.05,95.63,110.36,76.94,227.99,97.04,6.58,4.78,-0.6,11.9,38.24,77.84,92.98,1165517133.258729,185591894.0,0.030199999,-12.85,851800,1.01,6.32,4.11,6.32,4.11,6.25,5.28,6.33,3.95,5.38,62.1,751260,839356,758442,
179,JRSH,Consumer Cyclical,Apparel Manufacturing,NASDAQ,160.09,96.04,112.7,93.19,144.24,94.38,150.21,94.8,136.82,91.18,97.31,58.27,6.15,0.0,8.27,16.04,34.97,121.59,96.08,78104632.21116066,12699940.0,0.005,-0.49,47300,0.56,6.05,1.65,5.95,3.36,5.74,7.14,5.48,12.23,3.83,110.4,91890,84490,93982,0.267
180,GTLB,Technology,Software - Infrastructure,NASDAQ,159.84,96.03,125.26,96.74,136.87,92.85,136.86,92.32,93.66,54.13,48.97,8.51,55.09,10.67,17.6,17.24,63.37,43.54,86.66,8294094496.612549,166615000.0,0.0866,-0.83,2370800,0.46,52.75,4.44,50.37,9.37,49.54,11.2,45.43,21.26,3.54,62.08,3751160,5208756,4798438,0.213
181,AMPL,Technology,Software - Application,NASDAQ,159.75,96.0,125.14,96.72,139.75,93.45,137.18,92.39,98.4,61.73,63.46,14.73,15.67,7.92,17.82,24.46,82.0,32.12,82.68,1925631512.628273,132619246.0,0.0757,6.17,2182500,1.22,15.08,3.91,14.5,8.07,13.92,12.57,13.07,19.89,4.32,42.81,2077430,1781766,1959044,0.212
182,HMR,Industrials,Marine Shipping,NASDAQ,159.75,96.0,128.57,97.04,149.17,95.0,114.62,83.19,93.35,53.5,57.69,11.61,1.84,9.88,3.67,28.32,65.32,95.21,94.65,98516632.45833814,58991997.0,0.0011,-8.68,55000,0.35,1.78,3.37,1.74,5.75,1.74,5.75,1.49,23.49,7.0,31.06,104240,155790,113610,2.113
183,SMWB,Technology,Software - Application,NYSE,159.6,95.98,112.86,93.28,130.54,91.66,154.58,95.2,146.15,93.33,33.65,4.48,9.05,13.69,19.39,12.14,25.35,27.11,80.55,702459687.2064209,88248704.0,0.014099999,-4.94,983500,1.77,8.34,8.51,8.09,11.87,8.17,10.77,8.27,9.43,4.82,120.41,460720,555536,761262,0.088
184,XMTR,Industrials,Industrial Distribution,NASDAQ,159.51,95.96,114.07,93.68,146.24,94.63,134.34,91.67,185.8,96.86,112.7,76.73,111.07,8.33,10.44,28.99,30.81,71.8,92.52,5877385869.714935,57323573.0,0.0848,2.91,484500,0.63,108.74,2.14,106.07,4.71,100.6,10.41,94.35,17.72,5.25,71.88,727150,772790,707928,0.411
185,FRD,Basic Materials,Steel,NASDAQ,159.32,95.94,102.52,84.01,148.62,94.89,170.29,96.67,168.89,95.99,96.02,56.54,41.98,2.19,6.71,-3.0,25.01,105.63,95.46,296301467.4870148,7212791.0,0.0219,-13.92,26200,0.49,42.26,-0.66,40.84,2.79,40.75,3.02,41.91,0.17,3.79,16.36,39300,53356,68848,0.781
186,HAFN,Industrials,Marine Shipping,NYSE,158.59,95.93,126.69,96.91,136.82,92.84,143.52,93.75,113.22,79.48,149.77,91.22,10.72,4.59,20.18,14.29,47.4,132.18,96.59,5487144328.5,535331154.0,0.0255,4.28,4242600,1.39,10.46,2.49,10.14,5.72,9.76,9.84,8.57,25.09,3.91,47.7,3417260,3047006,2267850,0.472
187,XRPNU,Financial Services,Shell Companies,NASDAQ,158.32,95.91,165.34,98.34,94.83,64.32,92.33,51.77,91.12,47.74,90.01,44.86,18.77,-50.49,65.23,71.73,73.8,78.25,93.1,,,1.25,-60.05,1600,0.69,25.1,-25.22,22.64,-17.09,16.59,13.14,13.34,40.7,28.84,-0.0,6560,2333,1908,
188,SSL,Basic Materials,Specialty Chemicals,NYSE,158.16,95.89,115.12,94.23,149.86,95.08,143.12,93.58,128.12,88.43,214.66,96.74,15.11,8.39,7.7,3.56,29.04,147.7,96.95,8936065018.089884,641037682.0,0.0083,-0.46,1803500,0.93,14.56,3.78,14.23,6.18,14.22,6.26,12.93,16.86,3.01,123.27,1807600,1942330,1602012,0.179
189,HTFL,Healthcare,Health Information Services,NASDAQ,158.14,95.88,118.6,95.38,140.16,93.53,157.84,95.76,73.27,23.87,85.68,33.4,49.74,0.85,1.16,-0.28,92.57,59.17,90.39,4288552857.103859,86953627.0,0.0936,-4.75,812800,0.42,49.93,-0.38,49.74,0.0,49.5,0.48,44.54,11.67,5.32,93.69,1698660,1929556,1988440,0.476
190,PSX,Energy,Oil & Gas Refining & Marketing,NYSE,157.88,95.86,114.09,93.72,146.89,94.7,150.05,94.76,128.42,88.58,112.74,76.77,278.18,5.14,8.77,7.21,32.79,120.17,96.03,105572948597.33313,399020916.0,0.0196,0.38,2835300,0.93,274.18,1.46,266.08,4.55,263.85,5.43,247.03,12.61,3.2,16.53,2356490,3058103,2957384,0.531
191,MTW,Industrials,Farm & Heavy Construction Machinery,NYSE,157.67,95.84,114.74,94.06,161.15,96.16,157.72,95.73,97.1,59.75,104.04,67.9,21.67,-6.68,-2.12,4.28,56.69,67.47,91.85,837358895.418211,36061969.0,0.0363,-8.02,398600,0.87,22.47,-3.56,22.37,-3.13,21.99,-1.46,20.19,7.33,4.84,55.28,543470,457410,448052,0.103
192,EVC,Communication Services,Advertising Agencies,NYSE,157.47,95.83,79.22,11.43,166.55,96.64,205.44,97.82,340.52,98.78,136.59,87.8,6.73,-8.81,-9.18,-21.35,-41.72,128.49,96.42,681087701.4615583,92288305.0,0.16690001,-51.02,688800,0.55,6.82,-1.32,7.08,-4.94,7.54,-10.74,8.45,-20.36,4.61,-0.0,1531630,1263396,1467112,1.262
193,OPHC,Financial Services,Banks - Regional,NYSE ARCA,157.0,95.81,105.25,87.79,159.29,95.96,167.66,96.54,114.46,80.61,110.42,74.94,8.7,-3.76,-1.69,-4.08,23.4,104.71,95.41,114178435.83819008,12630358.0,0.010299999,-18.54,38200,0.45,8.84,-1.58,8.84,-1.58,8.99,-3.23,9.07,-4.08,4.63,0.0,58570,84466,131184,0.56
194,LCUT,Consumer Cyclical,"Furnishings, Fixtures & Appliances",NASDAQ,156.99,95.79,103.71,85.57,161.83,96.24,150.79,94.85,166.96,95.84,163.98,93.35,9.52,4.39,1.71,10.96,13.92,160.79,97.23,209658181.6891365,22988836.0,0.11270001,-6.39,150600,0.89,9.25,2.92,9.05,5.19,8.8,8.18,9.0,5.78,4.55,53.14,160570,168880,184686,0.074
195,ARCT,Healthcare,Biotechnology,NASDAQ,156.93,95.78,114.92,94.18,158.75,95.88,166.03,96.38,53.04,11.63,78.11,25.4,13.74,5.45,-0.79,-6.72,132.09,108.5,95.61,370352581.48022175,28423069.0,0.2393,-43.15,675600,0.75,13.41,2.46,13.51,1.7,14.28,-3.78,12.55,9.48,8.74,72.41,716630,901356,1072188,-0.895
196,RBRK,Technology,Software - Infrastructure,NYSE,156.59,95.76,124.52,96.69,142.07,93.9,112.98,82.05,110.37,76.96,67.66,17.63,125.14,5.53,14.23,44.42,74.83,56.99,89.97,24582160044.725754,207304433.0,0.0832,5.32,2518600,0.75,123.65,1.21,119.46,4.75,112.77,10.97,101.29,23.55,3.71,124.48,2642230,3358966,3391734,0.379
197,AGEN,Healthcare,Biotechnology,NASDAQ,156.42,95.74,100.82,80.2,225.6,98.34,173.95,96.92,94.13,54.85,116.65,79.58,7.67,-8.25,-10.19,10.52,-3.03,118.52,95.94,377553602.2548866,45161916.0,0.1524,-25.61,710200,0.66,7.8,-1.67,8.49,-9.66,8.14,-5.77,7.83,-2.04,8.88,42.56,1422410,1078813,1194746,0.344
198,CMBT,Energy,Oil & Gas Midstream,NYSE,156.4,95.73,111.53,92.54,150.81,95.15,153.93,95.13,133.12,90.08,119.34,81.17,20.6,3.78,8.36,5.75,28.67,123.8,96.15,5759870025.340982,290169769.0,0.0106,-1.06,1537100,1.35,20.21,1.93,19.74,4.36,19.64,4.89,18.46,11.59,2.52,19.23,1169310,1139253,1085990,0.815
199,INTC,Technology,Semiconductors,NASDAQ,156.12,95.71,95.99,55.47,208.87,98.02,192.11,97.52,211.12,97.62,190.09,95.66,104.7,-12.26,-14.88,1.71,14.89,187.87,97.83,630790950593.6078,5286105262.0,0.0301,-26.45,74726800,0.73,110.72,-5.44,114.51,-8.57,113.31,-7.6,103.08,1.57,5.28,12.66,95611590,102346096,102675670,0.254
200,TRMD,Energy,Oil & Gas Midstream,NASDAQ,156.11,95.69,123.78,96.54,142.51,94.05,141.49,93.27,121.82,85.63,149.17,91.11,39.94,-0.15,16.38,13.85,41.82,131.22,96.56,4106031080.0,102650777.0,0.0242,-0.15,1663600,0.78,39.8,0.35,38.74,3.1,37.1,7.65,32.63,22.4,4.03,9.95,2483600,2127923,1509218,1.103
201,OCC,Technology,Communication Equipment,NASDAQ,156.03,95.68,107.5,89.95,143.39,94.18,116.78,84.85,185.19,96.84,209.72,96.54,15.8,-13.38,8.74,8.07,11.42,240.52,98.31,161278515.7362213,8842024.0,0.098000005,-43.53,114000,0.5,16.28,-2.95,16.45,-3.95,15.24,3.67,14.93,5.83,6.46,27.41,138880,226860,229966,0.22
202,SNOW,Technology,Software - Application,NYSE,155.38,95.66,113.84,93.55,140.52,93.63,138.58,92.74,133.39,90.16,67.57,17.58,368.89,8.17,9.81,12.13,23.75,62.62,91.01,120318915014.64844,352800000.0,0.0545,-4.07,8025600,1.56,344.02,7.23,340.11,8.46,336.57,9.6,330.25,11.7,3.64,175.78,4415460,5157023,4872408,0.351
203,SDGR,Healthcare,Health Information Services,NASDAQ,155.24,95.64,124.27,96.64,160.25,96.05,112.74,81.77,88.88,39.76,58.02,11.77,27.28,-10.0,-5.44,43.43,77.72,40.69,85.62,2267358544.7294846,74805628.0,0.26610002,-15.93,2078000,0.79,28.49,-4.25,29.41,-7.24,28.04,-2.71,22.64,20.49,8.49,39.31,3566760,2640080,2062634,0.075
204,USIO,Technology,Software - Infrastructure,NASDAQ,155.18,95.63,112.72,93.22,133.92,92.41,143.42,93.68,144.35,92.92,72.76,21.22,2.78,-5.12,19.31,13.47,29.91,104.41,95.35,80856264.26223135,27595994.0,0.0023,-9.15,67100,0.28,2.82,-1.42,2.75,1.09,2.52,10.32,2.55,9.02,5.94,24.24,161710,242526,388564,0.186
205,MBX,Healthcare,Biotechnology,NASDAQ,154.76,95.61,89.12,27.58,153.69,95.39,243.08,98.44,247.84,98.3,199.78,96.13,53.24,-9.01,-0.73,-9.79,-19.89,52.99,89.11,2817847136.124878,48160096.0,0.119799994,-26.71,538800,1.07,55.3,-3.73,56.55,-5.85,58.25,-8.6,62.44,-14.73,6.89,36.93,465120,502836,478210,
206,TEN,Energy,Oil & Gas Midstream,NYSE,154.68,95.59,116.65,94.74,144.09,94.35,150.37,94.83,133.48,90.21,169.13,93.87,51.4,2.7,11.18,7.31,29.5,134.91,96.64,1507886507.164463,30127603.0,0.0108,-4.53,299000,0.62,50.96,0.86,49.45,3.94,49.5,3.84,44.84,14.63,3.94,7.4,408640,482203,375824,0.544
207,AYA,Basic Materials,Silver,NASDAQ,154.67,95.58,103.1,84.83,182.25,97.32,166.01,96.36,120.35,84.76,133.43,86.86,27.42,1.11,-3.69,-1.97,33.82,89.63,94.22,3906260997.039963,144036168.0,7.14,-10.6,988100,0.8,26.88,2.01,26.9,1.93,27.54,-0.44,27.12,1.11,4.93,57.01,1007270,1238316,1144068,1.507
208,PBR,Energy,Oil & Gas Integrated,NYSE,154.65,95.56,127.58,97.01,124.84,89.78,128.96,90.24,107.36,73.64,153.16,91.71,25.3,16.86,24.2,19.34,36.2,125.23,96.32,139520529690.3193,6444366381.0,1.35,13.76,26202300,1.06,24.38,3.77,22.67,11.6,21.77,16.21,19.97,26.69,3.22,84.66,29857870,24814676,22028300,0.423
209,FCEL,Industrials,Electrical Equipment & Parts,NASDAQ,154.57,95.54,102.32,83.52,135.3,92.7,155.93,95.49,213.84,97.67,121.0,82.07,18.03,-2.38,9.34,13.47,-23.67,105.82,95.49,1476753945.2198105,79954196.0,0.31190002,-52.4,6140500,0.87,18.47,-2.38,17.69,1.92,17.17,5.01,18.32,-1.58,8.39,76.68,7372150,7051206,7348550,-0.294
210,AMN,Healthcare,Medical Care Facilities,NYSE,154.5,95.53,104.53,86.71,143.23,94.13,140.79,93.09,151.65,93.95,95.86,56.26,36.52,-0.3,5.67,9.54,5.21,129.83,96.51,1418679611.6980934,38729991.0,0.106800005,-1.88,428600,0.67,36.41,0.3,35.96,1.56,35.09,4.08,34.46,5.98,3.32,67.69,740050,638783,686576,0.023
211,CAKE,Consumer Cyclical,Restaurants,NASDAQ,154.4,95.51,107.0,89.45,152.92,95.33,153.13,95.05,126.71,87.7,99.48,61.38,108.45,-1.09,3.79,5.6,7.34,110.23,95.66,5456253594.028702,49760634.0,0.3796,-8.45,1137600,0.85,107.92,0.49,107.5,0.88,104.07,4.21,106.84,1.51,3.07,86.88,1206460,1335900,1540942,0.077
212,VSTS,Industrials,Rental & Leasing Services,NYSE,154.39,95.49,102.31,83.48,158.1,95.81,153.18,95.06,216.14,97.77,145.81,90.46,14.13,0.71,3.52,8.94,-3.15,97.9,94.91,1854206237.8594446,132160105.0,0.1175,-16.39,850000,0.53,14.0,0.93,13.81,2.32,13.75,2.76,13.47,4.9,3.88,56.6,1471630,1590076,1502154,-0.018
213,EXFY,Technology,Software - Application,NASDAQ,154.11,95.48,108.4,90.73,139.13,93.35,155.52,95.39,128.02,88.34,45.55,7.3,2.4,6.67,8.6,11.11,29.73,58.94,90.35,205169994.0,91186664.0,0.018,-14.59,444000,0.84,2.31,3.9,2.28,5.26,2.28,5.26,2.32,3.45,4.96,84.03,516260,531420,824588,-0.053
214,PSNL,Healthcare,Diagnostics & Research,NASDAQ,153.95,95.46,96.81,59.48,172.58,96.89,184.69,97.26,190.79,97.11,89.16,42.07,16.0,-1.72,-2.79,-1.3,30.29,83.49,93.6,1737904415.980013,106750881.0,0.120900005,-15.3,1835900,0.8,16.1,-0.62,16.19,-1.17,16.25,-1.54,15.81,1.2,2.46,6.34,2097120,2297210,2863728,0.3
215,NTRB,Healthcare,Biotechnology,NASDAQ,153.92,95.44,126.55,96.89,175.43,97.02,152.11,94.96,54.71,12.44,65.8,16.39,6.65,-8.65,-16.87,-4.45,128.52,51.83,88.79,88493374.79036379,12155683.0,0.0339,-27.6,45100,0.4,6.72,-1.04,7.22,-7.89,7.36,-9.65,5.46,21.79,14.17,100.83,85450,111470,77688,-0.297
216,JILL,Consumer Cyclical,Apparel Retail,NYSE,153.82,95.43,114.69,94.0,141.49,93.8,143.73,93.8,108.56,75.04,72.48,20.87,24.51,-1.33,-0.49,2.16,38.91,76.01,92.86,369196350.9479103,14862977.0,0.113400005,-2.49,123700,0.53,24.57,-0.24,24.52,-0.04,24.25,1.07,21.5,14.0,3.27,72.9,256250,231633,163446,0.005
217,BWLP,Energy,Oil & Gas Midstream,NYSE,153.56,95.41,110.46,91.97,148.76,94.95,153.63,95.08,131.04,89.48,138.08,88.27,26.0,1.4,7.3,3.46,20.85,131.69,96.58,3892526353.899719,151814604.0,0.0154,-1.78,561000,1.22,25.87,0.5,25.51,1.92,25.29,2.81,23.66,9.89,3.02,31.88,410010,458500,408698,-0.031
218,CIX,Industrials,Security & Protection Services,NYSE ARCA,153.41,95.39,116.54,94.68,141.22,93.75,139.67,92.9,97.89,60.88,89.09,41.8,39.26,4.97,3.86,10.13,39.52,75.04,92.76,460882350.60349274,12323057.0,0.0324,-2.56,9300,0.3,39.05,0.54,38.31,2.48,37.78,3.92,34.24,14.66,4.09,3.11,16720,30543,21552,0.08
219,AUGO,Basic Materials,Gold,NASDAQ,153.06,95.38,117.39,95.0,144.77,94.44,162.45,96.06,94.42,55.39,263.3,97.52,91.26,11.36,9.2,4.8,61.73,81.94,93.48,6870429028.000259,83836843.0,0.16690001,-17.28,1259700,1.19,85.52,6.71,82.42,10.73,84.77,7.66,81.18,12.42,5.28,131.78,893580,1059723,1018790,0.764
220,ZYBT,Healthcare,Drug Manufacturers - Specialty & Generic,NASDAQ,153.05,95.36,140.63,97.94,116.2,86.2,120.38,86.79,45.39,8.27,41.38,6.1,1.73,39.52,32.57,11.61,27.21,-3.89,46.3,58765307.93195939,47391377.0,0.003,-78.4,29722200,29.23,1.27,36.22,1.26,37.3,1.32,31.06,1.54,12.34,11.91,295.15,2989720,1016890,2459216,-0.409
221,MEI,Technology,Electronic Components,NYSE,153.01,95.35,100.89,80.35,146.64,94.65,167.51,96.52,198.2,97.41,96.31,56.97,15.55,-1.21,7.17,6.14,13.42,127.94,96.4,561053126.0614948,35645053.0,0.09020001,-23.7,642600,0.86,15.28,1.77,14.86,4.64,14.33,8.51,15.32,1.5,6.81,72.74,620970,750116,683884,0.104
222,HSHP,Industrials,Marine Shipping,NYSE,152.84,95.32,106.08,88.67,154.74,95.51,154.96,95.26,153.27,94.27,181.84,95.03,17.92,-1.38,2.17,0.43,18.53,123.36,96.13,857078903.5987854,47170000.0,0.0387,-8.34,584400,1.15,18.01,-0.5,17.82,0.56,18.07,-0.83,16.93,5.85,3.63,26.9,509260,506663,430728,0.796
223,UTZ,Consumer Defensive,Packaged Foods,NYSE,152.84,95.32,115.71,94.47,146.7,94.66,155.41,95.36,68.42,20.19,56.87,11.3,14.3,0.21,0.42,0.59,1.8,41.21,85.83,2054340845.4106712,143962213.0,0.1182,-0.21,5544400,3.12,14.29,0.07,14.27,0.21,14.24,0.42,14.16,0.99,0.18,-0.0,2345640,1778930,2032106,0.014
224,YDES,Healthcare,Biotechnology,NASDAQ,152.65,95.3,175.27,98.58,112.63,83.77,63.49,14.87,25.97,3.17,34.36,4.67,6.73,-17.02,17.45,68.25,205.91,-44.52,16.75,574442191.7419872,70831346.0,0.0026,-69.41,207700,0.37,6.33,6.32,6.97,-3.44,5.28,27.46,4.24,58.73,19.17,86.82,306500,566466,356706,3.149
225,RRGB,Consumer Cyclical,Restaurants,NASDAQ,152.46,95.28,111.19,92.37,131.29,91.79,155.31,95.33,134.81,90.68,85.38,32.85,8.61,8.3,18.76,9.4,10.24,99.31,95.05,150284824.79439545,18903752.0,0.1103,-21.37,162400,0.65,8.34,3.24,7.98,7.89,7.68,12.11,8.39,2.62,4.86,88.4,172620,251543,332322,-0.021
226,TNK,Energy,Oil & Gas Midstream,NYSE,151.89,95.26,118.48,95.36,138.8,93.28,148.84,94.58,113.26,79.54,136.08,87.72,106.14,2.95,12.83,5.27,37.65,99.71,95.06,3575519494.2823486,34680112.0,0.0484,2.08,418700,0.84,103.9,2.16,101.32,4.76,99.65,6.51,91.88,15.52,3.83,19.68,435250,495716,479642,0.63
227,ENTX,Healthcare,Biotechnology,NASDAQ,151.83,95.25,105.37,87.85,157.77,95.78,176.18,96.97,113.05,79.36,65.26,16.11,2.66,-6.99,-3.1,-6.34,-9.83,41.49,85.94,495185618.4966991,173141831.0,0.0077,-36.67,1584100,3.27,2.56,3.91,2.69,-1.12,2.79,-4.66,2.91,-8.59,6.94,83.95,632350,484960,485358,
228,OPTX,Technology,Electronic Components,NASDAQ,151.54,95.23,101.9,82.7,181.68,97.27,194.87,97.62,219.95,97.8,404.33,98.6,8.09,-11.49,9.32,13.94,26.6,310.66,98.69,368158098.74899864,40279878.0,0.1866,-45.78,249400,0.65,8.97,-9.81,8.49,-4.71,7.73,4.66,7.91,2.28,8.95,38.66,538210,381973,347044,0.261
229,FROG,Technology,Software - Application,NASDAQ,151.52,95.2,108.56,90.95,127.6,90.84,133.67,91.42,169.54,96.02,90.74,46.62,102.23,7.05,14.63,17.26,30.36,50.1,88.33,11775275200.5,123301311.0,0.065799996,-3.34,1125500,0.67,98.8,3.47,96.33,6.12,94.06,8.69,91.83,11.33,4.46,77.28,1324260,1690790,1881244,0.287
230,NSIT,Technology,Electronics & Computer Distribution,NASDAQ,151.52,95.2,107.83,90.24,150.22,95.11,148.96,94.6,113.56,79.81,66.13,16.61,163.61,1.84,2.88,-1.06,28.05,105.1,95.42,4715186348.478699,29348850.0,0.0587,-2.9,238800,0.7,160.8,1.75,159.39,2.65,159.36,2.67,154.12,6.16,2.91,54.91,279940,338730,369800,0.147
231,IMMX,Healthcare,Biotechnology,NASDAQ,151.39,95.18,78.97,11.17,190.83,97.6,205.71,97.87,205.71,97.54,307.46,98.12,9.46,-2.27,-13.76,-22.08,10.64,62.82,91.06,802500590.9799728,82902951.0,0.16239999,-37.35,1109000,0.68,9.6,-1.46,10.03,-5.68,11.14,-15.08,11.71,-19.21,8.75,33.82,1995220,1620103,1618924,
232,TISI,Industrials,Specialty Business Services,NYSE,150.63,95.16,107.27,89.76,161.19,96.18,142.2,93.45,91.79,49.95,97.52,58.59,26.16,-9.48,-9.98,1.16,49.91,93.21,94.48,132454738.35164452,4583209.0,0.015700001,-11.53,147700,3.64,27.25,-4.0,27.92,-6.3,27.85,-6.07,24.71,5.87,4.21,149.71,38260,40560,36630,-0.078
233,EHLD,Industrials,Marine Shipping,NASDAQ,150.06,95.15,110.09,91.77,148.41,94.86,189.59,97.41,100.72,65.1,121.65,82.39,12.22,3.19,2.24,-19.62,52.29,87.54,94.07,33348722.02978134,2816615.0,0.0049,-22.66,10000,0.89,13.09,-6.65,12.31,-0.73,12.7,-3.78,11.06,10.49,9.07,14.44,6810,11193,8982,1.95
234,FLXS,Consumer Cyclical,"Furnishings, Fixtures & Appliances",NASDAQ,149.81,95.13,101.48,81.71,152.17,95.28,145.6,94.1,156.31,94.7,110.04,74.58,85.17,-4.11,-4.42,4.94,15.48,113.52,95.78,363428434.37129974,4091741.0,0.0744,-6.05,50200,0.59,86.81,-1.89,86.74,-1.81,84.72,0.53,81.05,5.08,3.75,20.05,60110,84466,83050,0.007
235,RCMT,Industrials,Conglomerates,NASDAQ,149.71,95.11,110.07,91.76,152.06,95.23,156.69,95.61,97.45,60.31,136.45,87.75,41.38,-1.5,2.25,3.17,45.29,101.56,95.22,298722973.6548271,7110759.0,0.040799998,-3.97,31800,0.39,41.51,-0.31,41.41,-0.07,40.71,1.65,38.28,8.1,3.0,22.53,74700,81036,84036,0.2
236,TBBB,Consumer Defensive,Discount Stores,NYSE,149.7,95.1,110.38,91.94,137.14,92.92,131.96,91.04,115.56,81.59,120.51,81.82,55.59,5.58,3.79,10.17,38.28,58.38,90.23,6347630287.714195,120562775.0,0.0414,2.94,1110200,1.75,53.96,3.02,53.32,4.26,52.42,6.05,49.37,12.6,3.26,161.25,712410,633433,726674,0.387
237,TLYS,Consumer Cyclical,Apparel Retail,NYSE,149.69,95.08,105.29,87.83,136.65,92.79,147.88,94.43,165.36,95.64,304.89,98.05,4.46,-2.62,4.45,-3.04,20.22,141.08,96.83,140089671.36637688,30587265.0,0.060900003,-28.64,133200,0.13,4.47,-0.22,4.53,-1.55,4.45,0.22,4.19,6.44,5.22,25.77,194020,1060710,678958,0.081
238,VRA,Consumer Cyclical,Footwear & Accessories,NASDAQ,149.5,95.06,139.68,97.85,124.42,89.7,99.87,66.88,126.06,87.54,165.74,93.6,5.14,0.59,27.54,63.69,47.28,115.97,95.85,146599076.87034988,28688664.0,0.0296,0.0,406100,0.52,5.06,1.58,4.84,6.2,4.37,17.62,3.74,37.43,5.64,44.83,483460,780673,511088,0.011
239,IRDM,Communication Services,Telecom Services,NASDAQ,149.41,95.05,96.81,59.48,164.36,96.56,165.09,96.28,153.07,94.22,173.07,94.41,47.47,-3.04,-2.63,0.69,-0.03,165.71,97.32,5188856688.890991,105981552.0,0.0373,-16.98,885000,0.84,48.17,-1.45,48.19,-1.49,47.93,-0.96,48.0,-1.1,1.93,42.59,1005150,1051996,1022034,0.038
240,XRPN,Financial Services,Shell Companies,NASDAQ,149.23,95.03,158.85,98.29,91.05,56.54,92.66,53.06,90.41,44.64,89.47,43.07,17.09,-56.65,61.53,61.99,63.54,67.22,91.76,1245277742.1569824,31590000.0,0.0029,-67.75,3157000,2.55,24.83,-31.17,22.69,-24.68,16.33,4.65,12.95,31.97,47.44,13.44,3271630,1236633,757414,
241,ANRO,Healthcare,Biotechnology,NYSE,149.21,95.01,81.32,13.91,204.3,97.87,268.04,98.65,337.04,98.75,524.55,98.75,24.37,-1.73,-8.0,-23.84,-14.88,21.61,76.98,973204149.2606506,39242104.0,0.1246,-34.98,649400,1.13,23.92,1.88,24.85,-1.93,27.44,-11.19,30.54,-20.2,7.1,32.36,601220,575856,531626,
242,ECOR,Healthcare,Medical Devices,NASDAQ,149.11,95.0,103.18,84.94,164.08,96.51,133.51,91.39,80.8,30.51,89.19,42.17,9.66,-4.73,-13.13,0.42,53.58,95.15,94.63,91421076.99535847,9015885.0,0.0373,-23.94,44600,0.56,9.79,-1.33,10.21,-5.39,10.64,-9.21,9.7,-0.41,6.85,43.81,66400,79736,89170,0.28
243,MASS,Healthcare,Medical Devices,NASDAQ,149.05,94.98,117.52,95.03,143.52,94.22,126.43,89.41,96.02,58.11,100.12,62.42,12.05,-5.04,5.33,26.58,57.72,103.2,95.29,524524699.10568714,41333705.0,0.1294,-6.81,323100,0.84,12.1,-0.41,12.16,-0.9,11.34,6.26,10.48,14.98,5.14,74.21,424610,386343,446898,0.233
244,KNSA,Healthcare,Drug Manufacturers - Specialty & Generic,NASDAQ,148.99,94.96,107.34,89.84,141.06,93.73,154.78,95.25,143.0,92.62,119.3,81.12,79.78,5.26,6.26,4.6,2.02,83.32,93.58,5913440016.703117,78024013.0,0.096999995,-3.81,430300,0.8,77.98,2.31,76.73,3.97,76.77,3.92,77.5,2.94,3.3,66.49,525270,536763,513800,0.554
245,LFST,Healthcare,Medical Care Facilities,NASDAQ,148.92,94.95,101.99,82.85,143.83,94.3,171.15,96.72,173.76,96.33,105.71,69.96,12.42,4.99,4.9,-4.24,15.64,76.17,92.88,4497223530.00654,380154147.0,0.088999994,-8.41,1799500,0.36,12.19,1.89,12.04,3.16,12.32,0.81,12.16,2.14,3.27,95.96,3080500,4991796,4767728,0.261
246,GH,Healthcare,Diagnostics & Research,NASDAQ,148.83,94.93,97.86,65.61,161.5,96.21,154.59,95.21,192.3,97.14,123.43,83.32,167.47,-5.81,-5.52,6.41,9.92,65.26,91.54,23860079435.53421,134196170.0,0.0856,-8.74,1519900,0.81,171.85,-2.55,174.52,-4.04,174.5,-4.03,167.86,-0.23,4.67,18.4,1860950,1873823,2007120,0.443
247,ALNT,Technology,Electronic Components,NASDAQ,148.69,94.91,107.2,89.68,158.51,95.86,137.82,92.54,139.32,91.81,164.15,93.37,109.91,-7.09,-5.26,11.4,27.54,98.58,94.98,2010687421.4692383,16996512.0,0.0479,-9.48,184900,0.84,113.55,-3.21,114.01,-3.6,108.31,1.48,103.04,6.67,4.84,25.56,209910,221416,235476,0.102
248,IRD,Healthcare,Biotechnology,NASDAQ,148.43,94.89,100.89,80.35,151.93,95.21,197.21,97.67,129.0,88.81,349.45,98.4,4.65,1.53,-2.31,-23.01,21.09,125.73,96.35,381036862.99266243,83195823.0,0.159,-34.23,1255400,0.31,4.46,4.26,4.62,0.65,4.99,-6.81,4.44,4.73,7.45,57.73,1831760,4108736,2801356,-0.738
249,MCTA,Healthcare,Medical Care Facilities,NASDAQ,148.43,94.89,97.98,66.51,145.77,94.56,148.37,94.5,203.43,97.5,257.2,97.45,29.35,0.0,0.0,0.0,0.0,0.0,51.33,504260182.13653564,17178000.0,0.1191,-7.41,0,,29.35,0.0,29.35,0.0,29.35,0.0,29.35,0.0,,,0,0,0,-0.189
250,PBT,Energy,Oil & Gas Midstream,NYSE,148.24,94.85,104.72,87.04,142.53,94.07,149.28,94.7,140.16,92.02,135.91,87.61,34.86,10.42,4.03,-1.6,17.41,103.57,95.3,1471439675.4961243,46608796.0,0.0125,-5.78,412000,2.42,33.84,3.01,32.85,6.12,33.67,3.53,33.53,3.97,3.57,42.6,312270,170293,163888,0.344
251,OPRT,Financial Services,Credit Services,NASDAQ,148.24,94.85,117.69,95.1,138.82,93.3,135.34,91.89,105.55,71.6,100.9,63.36,8.92,6.83,4.33,13.34,58.44,63.37,91.16,383993580.0927448,45987253.0,0.0308,3.0,968900,1.52,8.52,4.69,8.38,6.44,8.27,7.86,7.73,15.39,3.87,57.86,764020,637810,585650,0.094
252,MTRN,Basic Materials,Other Industrial Metals & Mining,NYSE,148.12,94.83,107.94,90.28,142.97,94.08,149.77,94.73,166.61,95.79,143.09,89.71,280.45,-10.16,5.85,8.91,34.84,118.77,95.97,6493391633.777313,20801485.0,0.0392,-10.75,217700,0.8,295.92,-5.23,287.7,-2.52,268.97,4.27,259.4,8.11,5.14,30.81,322290,271360,312582,0.422
253,UGP,Energy,Oil & Gas Refining & Marketing,NYSE,148.0,94.81,114.77,94.1,143.26,94.15,157.47,95.69,130.74,89.43,149.31,91.15,7.9,6.04,11.27,6.04,25.92,124.09,96.18,7938868990.44911,1065620026.0,0.0058,1.54,7460000,1.78,7.79,1.41,7.55,4.64,7.53,4.91,6.92,14.16,3.83,19.81,5506140,4202080,3795106,0.219
254,NET,Technology,Software - Infrastructure,NYSE,147.31,94.8,112.45,92.99,140.63,93.68,125.43,89.0,123.17,86.24,109.68,74.25,360.93,3.4,3.41,17.75,27.36,78.63,93.16,124296748723.05573,356079715.0,0.0271,-1.77,2622700,0.87,352.06,2.52,351.39,2.71,344.05,4.91,316.02,14.21,4.07,119.76,2632580,3014383,3458712,0.359
255,DHY,Financial Services,Asset Management,NYSE ARCA,147.15,94.78,104.07,86.01,145.28,94.53,151.82,94.93,143.5,92.7,150.74,91.37,16.24,1.06,-0.37,5.86,14.62,87.26,94.01,222000890.97411346,13814617.0,0.0029,0.56,32702,0.32,16.08,1.0,16.1,0.87,15.96,1.75,15.37,5.66,1.52,28.32,130587,100767,87758,-0.04
256,VREX,Healthcare,Medical Devices,NASDAQ,147.08,94.76,111.86,92.73,150.86,95.16,149.12,94.65,88.58,39.34,106.84,71.03,18.46,0.0,0.05,0.0,66.76,49.72,88.24,783875174.2835541,42463446.0,0.0377,-0.91,237400,0.38,18.46,0.0,18.46,0.0,18.47,-0.05,17.71,4.23,0.24,45.31,434130,619430,967104,0.037
257,BB,Technology,Software - Infrastructure,NYSE,146.34,94.75,102.18,83.29,137.65,93.04,139.41,92.85,189.18,97.07,127.88,84.99,8.91,-4.19,8.53,16.17,5.57,125.57,96.34,5459400306.667521,587032279.0,0.0642,-34.44,8444100,0.52,8.99,-0.89,9.0,-1.0,8.54,4.33,8.4,6.07,6.75,53.21,19604580,16358020,13774102,0.26
258,ATRC,Healthcare,Medical Instruments & Supplies,NASDAQ,146.3,94.73,111.75,92.64,163.61,96.46,151.97,94.95,100.02,63.98,73.33,21.61,55.81,1.22,-4.4,2.33,39.0,34.0,83.42,2804767420.113678,50866294.0,0.0876,-9.55,712500,0.52,54.4,2.59,55.34,0.85,56.69,-1.55,50.69,10.1,4.83,125.08,1075650,1372250,1121210,0.128
259,BOLD,Healthcare,Biotechnology,NASDAQ,146.25,94.71,92.39,37.51,162.26,96.34,207.22,97.9,162.6,95.47,110.91,75.43,2.53,-3.44,-4.89,-10.6,1.2,105.69,95.48,59599718.096699715,22747985.0,0.0591,-20.04,166800,1.25,2.58,-1.94,2.58,-1.94,2.69,-5.95,2.77,-8.66,5.55,42.75,146080,133313,178782,
260,PRCH,Financial Services,Insurance - Property & Casualty,NASDAQ,145.94,94.7,108.15,90.44,133.27,92.29,143.25,93.63,126.56,87.69,82.12,29.27,17.56,1.44,6.23,6.75,22.45,93.82,94.51,1965028300.533867,113519836.0,0.2297,-4.41,827300,0.56,17.38,1.04,17.1,2.69,16.72,5.02,16.71,5.09,5.03,33.98,1365340,1480846,1488958,0.117
261,PRAX,Healthcare,Biotechnology,NASDAQ,145.87,94.68,81.35,13.94,165.33,96.59,242.93,98.42,260.31,98.44,357.49,98.45,259.86,-12.06,-7.45,-22.33,-15.56,-7.33,41.99,8250635926.536133,27919988.0,0.1363,-33.83,517200,1.17,273.03,-4.82,280.54,-7.37,292.67,-11.21,329.65,-21.17,5.68,5.83,491790,440243,437702,
262,HQI,Industrials,Staffing & Employment Services,NASDAQ,145.75,94.66,102.15,83.23,162.17,96.31,136.37,92.16,113.31,79.56,93.82,52.49,17.2,-8.56,-14.17,7.17,28.27,87.06,93.98,261278755.16171646,13890418.0,0.0388,-17.47,30400,1.15,18.35,-6.27,18.85,-8.75,18.08,-4.87,16.75,2.69,6.59,5.29,25230,26430,28222,0.06
263,TH,Industrials,Specialty Business Services,NASDAQ,145.71,94.65,94.51,47.37,158.83,95.89,154.66,95.23,157.87,94.86,190.53,95.69,18.41,-2.28,-10.54,-4.36,26.97,123.97,96.16,1844997899.1029053,97929824.0,0.1278,-15.4,1042300,0.43,18.49,-0.43,19.01,-3.16,19.67,-6.41,18.4,0.05,4.93,41.91,2575380,2419083,1967154,0.387
264,LVLU,Consumer Cyclical,Apparel Retail,NASDAQ,145.66,94.63,108.89,91.16,146.77,94.68,138.07,92.6,124.99,86.94,143.8,89.83,12.05,-11.66,4.42,13.2,-27.97,119.09,95.99,39168297.62587738,2871576.0,0.010199999,-62.72,12300,0.31,12.37,-2.59,12.5,-3.6,11.48,4.97,13.44,-10.34,8.88,7.94,10260,40073,40292,-0.168
265,HHS,Industrials,Conglomerates,NASDAQ,145.64,94.61,114.47,93.9,155.35,95.56,132.7,91.21,70.24,21.36,70.95,19.77,4.45,-2.41,-3.26,5.95,96.04,33.23,83.18,33991333.973464966,7454240.0,0.0047999998,-4.71,5800,0.07,4.46,-0.22,4.52,-1.55,4.53,-1.77,3.94,12.94,1.54,72.92,38070,82246,204424,-0.017
266,ZETA,Technology,Software - Infrastructure,NYSE,145.56,94.6,116.37,94.63,142.34,94.0,139.05,92.79,106.48,72.53,98.38,59.6,33.09,1.41,12.36,9.64,54.84,80.62,93.34,8190574199.261456,251013605.0,0.08,0.85,5351500,0.81,33.14,-0.15,32.02,3.34,31.14,6.26,29.65,11.6,4.51,7.03,6818980,6641773,7701792,0.435
267,QLYS,Technology,Software - Infrastructure,NASDAQ,145.53,94.58,117.77,95.16,128.29,91.18,114.21,82.85,130.32,89.26,55.69,10.8,202.42,4.88,17.39,34.7,42.84,43.6,86.72,6796882351.0,35217007.0,0.1381,0.44,658700,0.91,197.93,2.27,190.94,6.01,183.74,10.17,180.44,12.18,4.37,76.7,668800,727200,726398,0.11
268,AOUT,Consumer Cyclical,Leisure,NASDAQ,145.35,94.56,112.33,92.94,155.7,95.61,157.67,95.71,139.33,91.82,96.09,56.68,16.5,0.92,-5.98,5.23,30.43,98.56,94.96,206357033.56461525,12621225.0,0.0322,-6.72,84800,0.3,16.31,1.16,16.41,0.55,16.32,1.1,13.86,19.05,4.31,59.05,109380,282946,187608,0.254
269,ACHV,Healthcare,Biotechnology,NASDAQ,145.11,94.55,100.02,77.52,168.93,96.79,145.17,94.02,136.42,91.11,111.01,75.53,7.41,2.35,-1.72,4.96,17.62,66.14,91.66,746462004.0017128,103102490.0,0.15630001,-14.24,987300,0.64,7.18,3.2,7.42,-0.13,7.55,-1.85,7.54,-1.72,6.02,60.48,1363690,1554416,1477272,
270,MNTK,Basic Materials,Specialty Chemicals,NASDAQ,145.0,94.52,110.88,92.2,163.58,96.43,141.9,93.35,96.72,59.15,71.99,20.57,2.53,-11.85,-13.65,-4.17,38.25,36.02,84.2,408519052.6403494,142341139.0,0.0345,-17.05,684600,0.91,2.7,-6.3,2.76,-8.33,2.59,-2.32,2.2,15.0,11.33,1.74,889170,752826,502568,0.197
271,TER,Technology,Semiconductor Equipment & Materials,NASDAQ,145.0,94.52,105.29,87.83,143.8,94.28,151.51,94.9,161.37,95.3,270.28,97.65,402.68,-10.32,1.08,6.05,10.22,104.42,95.37,70203251715.9195,156340750.0,0.059899997,-17.47,1813700,0.75,417.61,-3.58,415.81,-3.16,391.48,2.86,382.81,5.19,4.86,17.23,2251820,2420090,2534228,1.039
272,CHEF,Consumer Defensive,Food Distribution,NASDAQ,144.82,94.5,104.17,86.17,137.94,93.12,137.85,92.55,148.34,93.58,95.46,55.64,114.32,-1.8,3.67,3.5,1.87,76.28,92.9,4749479908.160141,40796083.0,0.15020001,-3.54,352800,0.53,111.8,2.25,112.34,1.76,111.07,2.93,111.09,2.91,3.37,88.26,620650,666453,653618,0.129
273,TNGX,Healthcare,Biotechnology,NASDAQ,144.74,94.48,92.32,37.26,156.84,95.71,162.64,96.09,213.81,97.65,555.6,98.8,23.81,2.45,-4.45,0.13,-13.64,176.22,97.52,3918504890.4881496,168610367.0,0.2511,-30.76,3098800,1.0,22.64,5.17,23.45,1.54,23.68,0.55,24.52,-2.9,7.04,81.76,3509090,3087873,2718102,
274,CLOV,Healthcare,Healthcare Plans,NASDAQ,144.63,94.46,104.47,86.57,132.59,92.14,141.6,93.28,154.95,94.46,68.46,18.31,4.79,9.36,6.68,-0.62,10.37,84.23,93.69,2326464492.7260103,531156263.0,0.0558,-14.31,10518200,2.37,4.64,3.23,4.48,6.92,4.56,5.04,4.42,8.37,4.76,68.05,4844560,4435983,4399834,0.556
275,FGI,Consumer Cyclical,"Furnishings, Fixtures & Appliances",NASDAQ,144.5,94.45,110.13,91.81,138.57,93.24,143.59,93.78,82.22,32.07,203.65,96.34,7.75,-0.13,1.17,-6.74,84.52,7.94,64.72,14986663.402032852,1931271.0,0.097600006,-61.11,3400,0.09,7.7,0.65,7.77,-0.26,8.29,-6.51,7.54,2.79,5.5,0.0,11090,37933,2186256,0.029
276,ANIK,Healthcare,Drug Manufacturers - Specialty & Generic,NASDAQ,144.45,94.43,98.7,73.04,152.16,95.26,160.88,95.94,122.49,85.92,135.44,87.37,19.58,2.51,-3.88,-6.14,8.36,107.86,95.56,255614655.70519638,13382966.0,0.0374,-14.42,88600,1.0,19.44,0.72,19.59,-0.05,20.2,-3.07,20.66,-5.23,3.87,44.91,115510,88966,110384,0.156
277,LBRX,Healthcare,Biotechnology,NASDAQ,144.27,94.41,92.7,38.88,143.17,94.12,172.91,96.87,133.45,90.19,152.22,91.54,37.22,0.62,-0.29,-16.6,-9.0,65.13,91.5,1193266937.3959541,32259175.0,0.2049,-25.8,642600,1.76,34.97,6.43,36.27,2.62,39.16,-4.95,43.67,-14.77,5.99,99.06,474860,364643,357358,
278,FIGS,Consumer Cyclical,Apparel Manufacturing,NYSE,143.99,94.4,121.37,96.09,115.79,85.94,110.36,79.57,94.94,56.27,202.31,96.29,15.78,16.72,17.59,18.2,50.43,29.34,81.71,2246216147.892967,166140242.0,0.18129998,-9.73,3757600,1.27,14.51,8.75,14.17,11.36,13.58,16.2,13.79,14.43,4.74,115.03,3606850,2949506,3095908,0.288
279,FNKO,Consumer Cyclical,Leisure,NASDAQ,143.9,94.38,110.12,91.79,122.04,88.88,120.22,86.76,136.14,91.03,107.23,71.52,6.44,9.9,17.09,17.73,6.45,113.25,95.77,328135196.23624134,55995766.0,0.15689999,-12.38,694100,0.62,6.29,2.38,5.91,8.97,5.65,13.98,5.89,9.34,4.67,13.3,1012440,1127996,1208580,0.074
280,PARR,Energy,Oil & Gas Refining & Marketing,NYSE,143.81,94.36,104.09,86.07,144.85,94.46,164.55,96.23,152.87,94.2,197.59,95.96,81.89,-2.51,5.72,-3.26,-4.68,125.9,96.37,4208368668.0,50099627.0,0.1276,-6.65,1057500,1.13,86.02,-4.8,83.82,-2.3,82.68,-0.96,80.08,2.26,5.42,5.18,829120,937706,974868,0.568
281,GCT,Technology,Software - Infrastructure,NASDAQ,143.73,94.35,116.69,94.78,139.33,93.37,134.83,91.81,102.89,68.1,187.06,95.53,57.26,6.53,6.08,10.39,35.66,41.49,85.94,1919425238.75,35710237.0,0.1512,1.76,754800,1.12,55.81,2.6,54.07,5.9,53.44,7.15,51.69,10.78,4.68,73.15,660190,674356,667344,0.276
282,AMC,Communication Services,Entertainment,NYSE,143.66,94.33,117.33,94.96,156.21,95.63,115.01,83.48,94.49,55.56,73.9,22.12,2.98,7.58,1.36,21.14,7.58,75.29,92.78,2472514830.2349176,892604638.0,0.048800003,-12.35,14195400,0.51,2.9,2.76,2.94,1.36,2.84,4.93,2.68,11.19,7.17,56.19,28854220,27661073,25579596,0.142
283,OBIO,Healthcare,Biotechnology,NASDAQ,143.5,94.31,112.6,93.12,137.43,92.99,146.48,94.22,84.4,34.44,112.3,76.39,5.95,0.0,0.0,-2.78,49.12,34.92,83.77,357625030.0858717,60105049.0,0.0641,-8.46,229300,0.68,5.84,1.88,5.97,-0.34,6.0,-0.83,5.35,11.21,5.46,119.97,270660,338930,328354,-0.895
284,RLAY,Healthcare,Biotechnology,NASDAQ,143.49,94.3,95.41,52.56,170.76,96.82,207.09,97.89,238.29,98.17,309.9,98.14,17.88,-5.7,2.35,-5.25,-8.07,107.67,95.54,4154925123.1298447,219141631.0,0.2364,-15.94,1764500,0.52,18.27,-2.13,18.29,-2.24,18.45,-3.09,19.06,-6.19,6.02,80.89,3015560,3396470,2916196,-0.483
285,PD,Technology,Software - Application,NYSE,143.21,94.28,121.37,96.09,132.53,92.11,127.86,89.93,100.18,64.39,44.04,6.86,16.16,5.35,12.38,14.69,55.83,23.93,78.52,1206489063.8210182,78649873.0,0.13149999,-3.64,1550300,0.86,15.67,3.13,15.38,5.07,14.92,8.31,13.46,20.06,3.55,61.08,1825310,1801666,1559878,0.008
286,RDI,Communication Services,Entertainment,NASDAQ,142.98,94.27,102.28,83.45,141.67,93.82,158.93,95.78,94.72,55.93,87.54,36.02,1.89,-4.06,-5.03,-12.9,30.34,81.73,93.43,45093550.84489179,22890127.0,0.0022,-21.58,4500,0.07,1.86,1.61,1.9,-0.53,1.97,-4.06,1.88,0.53,6.31,41.92,32170,62953,77108,0.108
287,S,Technology,Software - Infrastructure,NYSE,142.9,94.25,122.41,96.23,128.01,91.03,115.64,83.96,115.39,81.42,80.16,27.6,26.27,4.83,17.38,33.01,42.77,75.95,92.84,8722110686.141718,348049117.0,0.0598,2.02,7389200,0.81,25.64,2.46,24.77,6.06,23.84,10.19,22.24,18.12,3.57,83.18,8319930,9120916,8333894,0.206
288,CLDT,Real Estate,REIT - Hotel & Motel,NYSE,142.81,94.23,102.01,82.89,138.86,93.32,137.77,92.5,163.27,95.55,118.13,80.54,13.61,-0.51,2.71,6.29,2.86,104.59,95.39,637017613.7306976,46565614.0,0.032899998,-2.02,183800,0.68,13.63,-0.15,13.54,0.52,13.24,2.79,13.12,3.73,2.58,31.33,268610,270973,284898,0.094
289,DAC,Industrials,Marine Shipping,NYSE,142.75,94.22,111.82,92.7,129.89,91.52,133.73,91.46,118.02,83.21,117.28,80.07,169.09,2.39,9.7,6.13,19.02,83.0,93.55,3006318978.9442444,18203567.0,0.1312,2.32,216500,1.45,167.11,1.18,162.45,4.09,160.16,5.58,152.48,10.89,2.53,30.15,192390,148980,138670,0.047
290,TK,Energy,Oil & Gas Midstream,NYSE,142.72,94.2,115.97,94.55,128.71,91.24,131.56,90.92,109.65,76.19,145.33,90.31,15.27,2.9,11.46,6.19,35.13,77.69,92.97,1301339944.1806412,87691370.0,0.059299998,2.28,411300,0.73,15.01,1.73,14.68,4.02,14.39,6.12,13.35,14.38,3.54,7.41,546860,565203,560102,0.435
291,TSEM,Technology,Semiconductors,NASDAQ,142.59,94.18,100.33,78.57,149.41,95.03,148.14,94.46,225.12,97.92,306.08,98.09,228.71,-5.04,-0.76,8.13,8.31,93.25,94.5,27224704535.388794,113031240.0,0.024300002,-28.51,1200000,0.65,242.74,-5.78,238.38,-4.06,227.39,0.58,227.44,0.56,6.36,26.89,1705440,1858833,1894200,0.237
292,WEYS,Consumer Cyclical,Footwear & Accessories,NASDAQ,142.48,94.17,114.03,93.6,129.19,91.34,122.26,87.69,117.95,83.14,108.24,72.97,51.46,1.12,8.47,15.41,30.88,62.31,90.95,486049519.0405426,9550983.0,0.0239,-0.08,21400,0.69,51.23,0.45,50.13,2.65,47.61,8.09,45.84,12.26,3.16,14.16,35260,31230,29276,0.069
293,WDC,Technology,Computer Hardware,NASDAQ,142.3,94.15,81.85,14.43,175.74,97.04,187.47,97.36,284.46,98.62,389.35,98.52,397.28,-4.34,-13.03,-11.16,-25.45,125.0,96.27,149729051714.5542,360540944.0,0.0538,-50.33,7034600,0.92,409.74,-3.04,428.77,-7.34,435.69,-8.82,457.53,-13.17,6.66,42.61,10046010,7641730,7819084,0.438
294,TBI,Industrials,Staffing & Employment Services,NYSE,142.11,94.13,92.53,38.0,162.23,96.33,146.85,94.27,151.35,93.92,75.0,22.67,8.87,-3.38,-6.04,1.37,21.51,88.72,94.19,279479087.21087646,30444344.0,0.0328,-19.58,185900,0.68,8.98,-1.22,9.17,-3.27,9.24,-4.0,9.63,-7.89,4.6,14.71,179740,273690,297510,0.118
295,NVAX,Healthcare,Biotechnology,NASDAQ,142.0,94.12,129.53,97.16,112.72,83.83,100.99,68.82,89.75,41.64,103.0,66.42,12.75,21.89,19.94,35.35,71.37,85.05,93.84,1725332300.25218,164945726.0,0.3043,6.52,18999800,2.61,11.77,8.33,11.24,13.43,10.62,20.06,9.53,33.79,7.94,169.82,10196390,7281136,6150004,-0.763
296,PAYC,Technology,Software - Application,NYSE,141.9,94.1,112.66,93.15,138.49,93.2,132.76,91.26,86.1,36.32,64.9,15.72,232.22,5.08,5.33,6.08,44.01,41.38,85.92,9960377330.395798,45071619.0,0.0685,-5.21,406900,0.58,226.79,2.39,223.92,3.71,223.88,3.73,220.03,5.54,2.96,58.41,552030,698620,792602,0.098
297,HALO,Healthcare,Biotechnology,NASDAQ,141.5,94.08,106.89,89.31,142.41,94.03,142.38,93.48,105.22,71.18,95.97,56.47,110.42,0.51,-3.06,3.0,32.56,62.0,90.87,12468890349.273682,113498000.0,0.175,-5.5,1845300,0.81,109.82,0.55,110.07,0.32,110.52,-0.09,105.65,4.51,3.05,21.37,2370460,2288236,2321334,0.477
298,OSCR,Healthcare,Healthcare Plans,NYSE,141.49,94.07,106.71,89.18,147.42,94.78,155.46,95.38,155.37,94.53,96.78,57.6,33.37,7.85,12.74,1.83,6.85,122.02,96.11,9549476464.834213,308645000.0,0.070300005,-3.22,5322500,1.02,32.83,1.64,31.52,5.87,31.51,5.9,31.05,7.47,4.29,47.46,4554440,5241303,5480680,0.704
299,MTSI,Technology,Semiconductors,NASDAQ,141.47,94.05,114.36,93.88,119.72,88.04,113.77,82.62,133.68,90.29,167.2,93.7,330.06,2.63,15.58,20.07,32.71,88.4,94.15,24560891875.73117,76370931.0,0.0435,-21.21,1219500,0.94,333.43,-1.01,313.8,5.18,289.93,13.84,283.68,16.35,4.75,72.05,1252540,1298413,1344590,0.358
300,CBAT,Industrials,Electrical Equipment & Parts,NASDAQ,141.25,94.03,118.38,95.3,153.23,95.36,109.97,79.28,51.53,10.74,83.71,30.92,1.05,-24.46,-16.0,5.0,110.0,15.38,71.97,123217710.77191114,88645836.0,0.0113,-32.26,387600,0.59,1.13,-7.08,1.21,-13.22,1.18,-11.02,0.96,9.38,14.15,20.19,402180,661823,596404,0.993
301,MRX,Financial Services,Capital Markets,NASDAQ,141.15,94.02,100.07,77.75,143.14,94.1,154.48,95.18,139.43,91.85,122.24,82.77,71.92,-1.14,0.86,-1.48,9.34,84.2,93.67,5232970792.5,71930870.0,0.0381,-9.09,604600,0.76,72.88,-1.32,72.13,-0.29,72.26,-0.47,70.83,1.54,4.41,44.49,737060,796306,732718,0.321
302,ICHR,Technology,Semiconductor Equipment & Materials,NASDAQ,140.98,94.0,94.43,46.86,157.79,95.79,165.57,96.33,240.02,98.22,242.04,97.22,59.91,-4.78,3.4,4.46,-20.09,226.13,98.14,2356620020.0992584,37454229.0,0.0879,-47.25,343700,0.5,61.08,-1.92,61.18,-2.08,57.96,3.36,60.61,-1.15,5.11,52.05,680770,686470,754518,0.227
303,ESTC,Technology,Software - Application,NYSE,140.6,93.97,120.57,95.91,126.2,90.38,115.47,83.82,88.48,39.17,56.5,11.16,98.23,4.57,11.47,17.8,52.89,25.25,79.5,9875027823.662048,105120583.0,0.045900002,-9.05,1171300,0.49,95.22,3.16,93.08,5.53,90.24,8.85,85.96,14.27,3.28,89.67,1635360,2392613,2428358,0.151
304,CON,Healthcare,Medical Care Facilities,NYSE,140.6,93.97,107.18,89.64,133.71,92.37,134.82,91.79,135.76,90.86,97.75,58.85,37.19,4.32,6.23,6.41,17.83,90.31,94.27,4546007482.976624,127517736.0,0.044899996,1.31,1064000,1.1,36.56,1.72,35.86,3.71,35.54,4.64,34.59,7.52,2.46,103.68,1000790,969986,960272,0.1
305,AAMI,Financial Services,Asset Management,NYSE,140.38,93.95,101.31,81.42,148.62,94.89,143.49,93.73,142.17,92.42,143.42,89.78,93.71,-0.49,-0.18,2.96,11.75,95.51,94.7,3342105288.775635,35490128.0,0.046,-4.88,295400,0.62,93.84,-0.14,93.54,0.18,92.29,1.54,92.12,1.73,3.55,23.43,447820,477523,427300,0.453
306,SHIP,Industrials,Marine Shipping,NASDAQ,140.37,93.93,101.68,82.31,139.45,93.4,143.75,93.83,141.56,92.27,176.92,94.75,17.11,-3.98,3.07,-5.14,-2.0,94.83,94.62,386127281.74739075,21668198.0,0.0163,-10.98,343100,0.76,17.43,-1.84,17.16,-0.29,17.45,-1.95,17.23,-0.7,3.82,13.78,479630,449033,394102,0.486
307,SION,Healthcare,Biotechnology,NASDAQ,140.24,93.92,91.38,33.89,148.81,94.96,253.77,98.55,126.2,87.62,172.23,94.23,4.9,-0.2,-6.31,-37.58,25.69,38.61,85.02,221688113.41060638,45150330.0,0.1423,-91.09,633600,0.47,4.84,1.24,4.98,-1.61,5.76,-14.93,5.79,-15.37,6.79,21.05,973280,1349913,3541956,
308,VSXY,Consumer Cyclical,Apparel Retail,NYSE,140.23,93.9,99.97,77.42,153.68,95.38,142.31,93.47,214.14,97.7,173.65,94.53,82.87,-9.66,-0.05,9.54,-6.09,49.91,88.29,7316755565.232582,79764039.0,0.16370001,-19.12,1424800,0.7,85.95,-3.58,87.6,-5.4,83.03,-0.19,85.25,-2.79,4.83,33.95,1678200,2038173,1776270,0.104
309,SKK,Industrials,Engineering & Construction,NASDAQ,140.01,93.88,118.39,95.33,111.46,82.98,108.35,77.45,137.38,91.39,42.52,6.38,5.45,23.86,22.75,25.29,17.2,96.04,94.77,17426622.77771187,3960596.0,0.010299999,-69.64,31000,0.95,4.93,10.55,4.71,15.71,4.44,22.75,4.57,19.26,9.53,47.92,52400,32490,184406,-0.046
310,HBIO,Healthcare,Medical Instruments & Supplies,NASDAQ,140.0,93.87,107.21,89.72,126.87,90.64,130.95,90.78,105.85,71.87,133.98,87.05,8.24,-1.2,3.52,2.62,35.3,9.87,66.97,37966224.39462662,4552305.0,0.0108,-12.34,12400,0.66,8.39,-1.79,8.23,0.12,8.11,1.6,7.57,8.85,3.28,51.85,20720,18770,20032,0.111
311,WEST,Consumer Defensive,Packaged Foods,NASDAQ,139.95,93.85,101.88,82.67,137.11,92.9,120.89,87.06,136.2,91.04,103.14,66.6,8.18,0.49,1.11,6.23,0.12,99.03,95.03,794686963.6977034,97627387.0,0.1337,-19.73,151600,0.5,8.2,-0.24,8.16,0.25,8.02,2.0,8.06,1.49,3.06,81.77,299110,305413,349086,0.088
312,APA,Energy,Oil & Gas E&P,NASDAQ,139.93,93.83,109.59,91.5,128.11,91.1,135.86,92.0,118.48,83.5,156.01,92.22,45.88,5.04,7.35,2.57,26.29,92.36,94.41,15303354063.718796,350351510.0,0.0921,-3.29,4563600,0.82,44.62,2.82,43.62,5.18,44.03,4.2,42.46,8.05,3.4,32.69,5344470,5574253,5715726,0.092
313,ADPT,Healthcare,Diagnostics & Research,NASDAQ,139.86,93.82,101.03,80.73,162.39,96.36,143.4,93.67,139.76,91.87,104.59,68.56,26.49,-6.56,-9.99,9.46,9.55,52.15,88.82,4524542181.580982,159595842.0,0.106800005,-11.58,1525300,0.67,27.12,-2.32,27.75,-4.54,27.66,-4.23,26.02,1.81,5.58,35.24,2449920,2293580,2241846,0.215
314,ESYN,Consumer Cyclical,Restaurants,NASDAQ,139.59,93.8,111.67,92.6,143.58,94.23,99.77,66.69,73.77,24.31,65.13,15.9,2.16,-0.92,-15.62,0.47,50.0,40.26,85.47,16843552.515792847,7726400.0,0.0342,-26.63,20800,0.28,2.11,2.37,2.2,-1.82,2.25,-4.0,1.98,9.09,11.42,44.6,21760,73800,201884,-0.793
315,SOTK,Technology,Scientific & Technical Instruments,NASDAQ,139.53,93.78,139.62,97.84,98.35,69.89,93.69,55.96,124.4,86.76,92.28,49.57,7.08,14.19,41.32,54.25,38.01,75.68,92.83,97443679.60227299,15716723.0,0.0068,10.97,165600,1.58,6.84,3.51,6.22,13.83,5.4,31.11,5.25,34.86,7.86,73.68,190690,105063,77898,0.103
316,MCS,Communication Services,Entertainment,NYSE,139.46,93.77,99.71,76.75,138.5,93.22,137.8,92.52,122.74,86.02,110.76,75.19,27.07,0.04,-3.63,-0.26,-8.56,80.41,93.29,834318206.0738506,30832159.0,0.037100002,-16.5,125700,0.59,26.8,1.01,27.35,-1.02,27.55,-1.74,28.54,-5.15,2.84,15.63,211160,212000,268902,0.128
317,NTWK,Technology,Software - Application,NASDAQ,139.44,93.75,132.11,97.33,111.96,83.32,92.58,52.74,107.35,73.6,95.07,54.77,5.93,-0.34,21.02,48.25,38.55,93.16,94.46,71117777.32022858,11952568.0,0.0017,-2.63,93000,0.98,6.11,-2.95,5.87,1.02,5.11,16.05,4.54,30.62,6.38,18.49,224100,94703,64212,0.125
318,AVT,Technology,Electronics & Computer Distribution,NASDAQ,139.35,93.73,103.04,84.72,147.03,94.71,140.95,93.14,130.66,89.39,131.93,86.39,99.36,-7.09,-3.61,-0.27,14.93,103.82,95.32,8776884574.633484,82072979.0,0.119799994,-8.53,1110900,0.84,102.8,-3.35,102.71,-3.26,99.64,-0.28,95.1,4.48,3.79,40.88,1329680,1325710,1316916,0.477
319,RELL,Technology,Electronic Components,NASDAQ,139.17,93.72,117.07,94.91,124.61,89.76,125.74,89.11,131.18,89.51,127.51,84.86,20.79,9.48,18.66,19.0,15.0,95.64,94.74,282271496.4178505,14864218.0,0.0805,-10.19,491700,2.34,19.72,5.43,18.83,10.41,17.77,16.99,18.25,13.92,4.3,117.51,416540,210170,229824,0.276
320,MAN,Industrials,Staffing & Employment Services,NYSE,139.12,93.7,96.26,56.95,157.63,95.76,164.6,96.24,139.81,91.91,83.83,31.1,52.78,-2.55,-8.06,-6.52,1.73,82.4,93.5,2518741664.103813,46505570.0,0.1336,-17.38,534700,0.64,53.22,-0.83,54.57,-3.28,56.09,-5.9,57.57,-8.32,4.5,1.69,936790,830310,862494,0.075
321,SN,Consumer Cyclical,"Furnishings, Fixtures & Appliances",NYSE,139.1,93.68,106.08,88.67,132.0,91.94,123.54,88.17,125.27,87.2,105.42,69.44,184.98,1.32,4.07,15.04,13.26,58.06,90.15,25837376630.556213,141520379.0,0.1117,-4.91,895200,0.48,184.49,0.27,182.94,1.12,175.67,5.3,178.14,3.84,2.88,30.52,1080840,1851486,1814560,0.222
322,URGN,Healthcare,Biotechnology,NASDAQ,138.98,93.67,86.13,21.1,157.22,95.74,167.44,96.51,197.69,97.37,145.31,90.28,36.83,-11.04,-10.93,-12.95,-10.37,56.19,89.87,2023655424.1858215,48880564.0,0.1304,-27.51,3895600,4.39,39.74,-7.32,40.27,-8.54,41.44,-11.12,43.7,-15.72,5.5,7.15,1211100,888336,945902,1.992
323,FTRE,Healthcare,Biotechnology,NASDAQ,138.96,93.65,109.58,91.47,139.07,93.33,123.7,88.25,181.4,96.67,117.1,80.0,20.84,4.2,4.78,21.16,9.22,17.81,74.02,1902000000.0,95100000.0,0.155,-2.57,931300,0.6,20.73,0.53,20.28,2.76,19.87,4.88,18.91,10.21,5.36,60.83,1745530,1541740,1481366,-0.045
324,VIR,Healthcare,Biotechnology,NASDAQ,138.76,93.63,108.55,90.93,126.77,90.58,131.57,90.94,117.53,82.86,170.06,94.03,11.7,4.74,9.76,10.17,31.46,94.68,94.58,1890142263.770153,169215958.0,0.1176,-2.01,1965100,0.86,11.54,1.39,11.25,4.0,11.01,6.27,10.41,12.39,5.91,105.6,2376950,2296160,2022956,195.825
325,MWYN,Consumer Cyclical,"Furnishings, Fixtures & Appliances",NASDAQ,138.69,93.62,132.23,97.44,88.8,47.84,84.65,33.71,91.42,48.99,46.08,7.59,1.37,24.55,41.97,47.15,88.45,54.98,89.58,22214284.881481647,20194804.0,0.0029,-4.86,235700,1.8,1.37,0.0,1.21,13.22,1.1,24.55,1.06,29.25,15.55,126.72,188360,131180,192198,25.435
326,CIEN,Technology,Communication Equipment,NYSE,138.58,93.6,117.57,95.06,115.05,85.51,123.45,88.13,181.91,96.69,377.02,98.48,449.77,14.93,26.02,28.67,20.88,89.98,94.24,55495347654.18167,141808525.0,0.0399,-29.45,3773200,1.29,431.1,4.33,397.69,13.1,372.37,20.79,380.65,18.16,4.94,115.85,3150660,2932730,2532154,0.37
327,CURV,Consumer Cyclical,Apparel Retail,NYSE,138.43,93.58,111.3,92.41,134.3,92.5,130.92,90.76,108.53,74.99,113.14,77.16,2.54,1.6,8.09,12.89,-2.68,146.6,96.9,249298587.5,99719435.0,0.1706,-11.03,273800,0.71,2.48,2.42,2.43,4.53,2.36,7.63,2.34,8.55,5.39,197.39,190370,386630,316106,-0.118
328,CBRL,Consumer Cyclical,Restaurants,NASDAQ,138.4,93.57,108.31,90.61,126.5,90.46,121.37,87.35,126.82,87.77,69.86,19.21,57.46,3.05,10.91,16.13,0.67,125.16,96.3,1246371459.2821884,22352430.0,0.42119998,-4.65,1107100,1.05,56.37,1.93,54.81,4.83,50.8,13.11,53.96,6.49,4.84,92.02,882120,1056790,925126,-0.022
329,NBIS,Communication Services,Internet Content & Information,NASDAQ,138.27,93.55,95.91,55.12,159.67,95.98,160.04,95.89,148.71,93.65,265.31,97.55,221.07,-8.95,-6.85,-1.55,17.32,137.12,96.71,66009164818.87097,271855218.0,0.1981,-26.28,9535900,0.63,232.07,-4.74,234.06,-5.55,229.14,-3.52,224.42,-1.49,6.87,16.93,15122440,15140510,19229624,4.54
330,NMM,Industrials,Marine Shipping,NYSE,138.24,93.53,104.61,86.87,137.9,93.09,139.56,92.87,125.78,87.39,140.16,88.85,93.06,0.57,1.69,0.77,17.49,82.75,93.53,2676504608.8101807,28925804.0,0.0253,-2.04,180600,1.05,91.97,1.19,91.52,1.68,91.46,1.75,87.73,6.08,2.66,70.24,147050,171666,160798,0.252
331,PDSB,Healthcare,Biotechnology,NASDAQ,138.14,93.52,314.08,98.9,87.4,45.0,28.4,3.69,56.94,13.51,113.54,77.42,1.38,84.25,73.15,367.8,97.42,53.5,89.25,54283182.725076675,72474208.0,0.0908,-10.97,15785000,0.33,1.14,21.05,0.94,46.81,0.83,66.27,0.55,150.91,11.54,238.57,14057630,48032336,30001552,
332,FATN,Technology,Software - Infrastructure,NASDAQ,138.06,93.5,93.89,44.17,123.63,89.48,142.54,93.5,140.0,91.99,55.18,10.52,5.19,-6.99,-2.26,-7.49,1.37,101.16,95.17,78836850.36208344,14128468.0,0.0116,-39.7,14500,0.22,5.19,0.0,5.31,-2.26,5.44,-4.6,5.88,-11.73,6.43,44.95,42700,66866,85100,0.278
333,RVTY,Healthcare,Diagnostics & Research,NYSE,137.81,93.48,115.48,94.38,140.77,93.7,119.68,86.47,105.56,71.62,82.99,30.25,154.18,1.75,2.03,24.03,35.79,58.01,90.11,16908687207.316132,111586401.0,0.083500005,-2.59,1224300,0.57,154.12,0.04,152.79,0.91,147.03,4.86,132.09,16.72,4.01,28.8,2041960,2145953,1893492,0.013
334,APPN,Technology,Software - Infrastructure,NASDAQ,137.8,93.47,115.86,94.53,122.54,89.1,112.38,81.45,92.57,51.73,68.38,18.23,40.1,9.32,11.36,15.36,51.44,7.22,63.89,2627300279.819008,71627597.0,0.0998,-12.94,783700,0.87,38.4,4.43,37.2,7.8,37.3,7.51,36.61,9.53,4.92,78.45,872080,895893,876474,0.191
335,QSI,Healthcare,Medical Devices,NASDAQ,137.79,93.45,184.32,98.6,73.95,24.5,62.88,14.42,54.59,12.37,63.6,14.75,1.53,-1.29,83.45,106.76,112.5,20.47,76.06,339270053.16280174,218883912.0,0.0732,-50.65,40741300,6.0,1.31,16.79,1.23,24.39,0.98,56.12,0.86,77.91,12.65,140.52,17276370,6792973,5330560,-0.418
336,NVEC,Technology,Semiconductors,NASDAQ,137.77,93.43,110.04,91.71,133.29,92.3,113.18,82.12,106.97,73.14,108.21,72.93,113.82,2.15,4.3,13.24,-0.01,80.5,93.31,538957138.2828827,4837167.0,0.13239999,-15.69,113200,1.09,113.57,0.22,112.1,1.53,107.21,6.17,109.69,3.77,3.48,60.3,92950,104000,122804,0.807
337,ECPG,Financial Services,Credit Services,NASDAQ,137.68,93.42,100.38,78.75,135.2,92.69,143.18,93.6,151.69,93.98,172.77,94.35,99.77,4.01,1.38,1.23,6.04,80.61,93.33,2034402347.884491,21209366.0,0.0749,-4.96,161900,0.49,99.24,0.53,97.26,2.58,97.97,1.84,98.26,1.54,3.01,15.31,200750,330993,338230,0.113
338,HYLN,Consumer Cyclical,Auto Parts,NYSE ARCA,137.67,93.4,96.98,60.37,145.42,94.55,133.95,91.51,173.21,96.29,97.04,57.91,3.84,-15.23,-9.0,-1.54,6.08,98.96,95.01,809045435.0111876,178597218.0,0.113900006,-54.77,895600,0.48,3.93,-2.29,4.05,-5.19,4.09,-6.11,3.87,-0.78,7.51,54.07,1791750,1853093,2405148,2.263
339,PTGX,Healthcare,Biotechnology,NASDAQ,137.65,93.38,99.64,76.46,134.42,92.55,152.26,94.98,145.44,93.14,142.5,89.5,143.73,2.62,1.32,-3.0,3.67,64.43,91.39,9063042239.120789,64708285.0,0.1462,-10.62,762200,1.05,140.78,2.1,140.74,2.12,142.11,1.14,145.46,-1.19,3.57,93.26,846670,727510,634804,37.492
340,TWN,Financial Services,Asset Management,NYSE,137.63,93.37,100.67,79.64,140.58,93.67,144.21,93.9,143.69,92.75,169.32,93.92,103.25,-1.0,0.09,0.1,28.42,96.17,94.8,598837252.5669937,5742039.0,0.0838,-5.13,4286,0.18,104.61,-1.3,103.57,-0.31,101.94,1.29,99.06,4.23,3.59,53.08,19438,23436,25041,0.404
341,MATX,Industrials,Marine Shipping,NYSE,137.62,93.35,100.28,78.37,137.97,93.14,143.74,93.82,155.76,94.61,138.8,88.48,225.67,-2.35,0.45,-1.96,11.02,84.4,93.76,6910988196.631622,29903458.0,0.069299996,-6.31,194800,0.67,226.36,-0.3,225.79,-0.05,228.55,-1.26,221.93,1.69,3.23,11.66,262460,292410,283050,0.167
342,ANF,Consumer Cyclical,Apparel Retail,NYSE,137.58,93.33,110.4,91.96,127.64,90.87,142.67,93.52,98.11,61.16,100.66,62.98,142.58,4.91,5.06,-1.82,42.21,14.32,70.97,5767256333.46933,42434377.0,0.1725,-8.14,1002500,0.72,141.24,0.95,138.09,3.25,137.69,3.55,129.19,10.36,3.42,84.87,1129260,1390660,1658886,0.048
343,PMTS,Financial Services,Credit Services,NASDAQ,137.53,93.32,102.32,83.52,132.29,92.04,119.37,86.32,101.1,65.62,101.35,63.93,25.54,2.74,3.19,13.51,24.1,67.7,91.87,288176679.5951843,11591982.0,0.040999997,-18.27,105300,0.5,25.07,1.87,24.89,2.61,24.53,4.12,26.26,-2.74,2.38,87.98,118510,212036,173904,0.15
344,KEYS,Technology,Scientific & Technical Instruments,NYSE,137.49,93.3,110.86,92.16,129.74,91.49,121.29,87.32,129.31,88.94,172.14,94.2,382.75,-0.49,5.69,13.03,22.41,87.89,94.12,65482941210.61951,170244745.0,0.0159,-1.34,899500,0.81,382.21,0.14,375.4,1.96,355.8,7.57,341.39,12.12,2.71,99.28,1150190,1111153,1225910,0.365
345,IDT,Communication Services,Telecom Services,NYSE,137.41,93.28,119.66,95.68,109.72,81.62,118.09,85.51,110.25,76.83,91.81,48.71,81.49,3.27,20.9,15.67,23.69,57.95,90.09,1961759503.6618195,24838686.0,0.035099998,-0.37,263600,0.81,80.55,1.17,78.64,3.62,73.69,10.58,69.99,16.43,4.01,72.48,457260,326873,262482,0.071
346,HPK,Energy,Oil & Gas E&P,NASDAQ,137.4,93.27,120.18,95.88,107.85,80.11,113.32,82.25,106.39,72.48,86.28,34.05,9.55,21.66,26.32,12.75,44.04,115.09,95.8,992654499.3405209,126452804.0,0.512,4.61,739600,1.39,8.62,10.79,8.24,15.9,8.16,17.03,7.95,20.13,4.82,184.64,558340,530986,511452,0.258
347,KELYB,Industrials,Staffing & Employment Services,NASDAQ,137.13,93.25,94.86,49.6,143.96,94.33,149.95,94.75,161.13,95.21,112.88,76.9,22.19,-0.94,0.0,-1.33,-3.15,151.38,97.06,777995509.9508152,34731943.0,0.0031,-82.25,0,0.0,22.27,-0.36,22.36,-0.76,22.39,-0.89,22.82,-2.76,0.88,-0.0,1500,8376,5292,-0.058
348,ALAB,Technology,Semiconductors,NASDAQ,137.06,93.24,100.93,80.43,156.63,95.68,127.3,89.76,197.55,97.36,131.19,86.04,342.21,-2.32,-6.15,17.51,14.19,98.24,94.94,60777034154.808105,173485104.0,0.0657,-31.49,4064000,0.98,364.73,-6.17,359.55,-4.82,335.81,1.91,317.46,7.8,7.12,65.46,4350900,4140990,4174570,1.045
349,PRLB,Industrials,Metal Fabrication,NYSE,137.0,93.22,108.84,91.13,140.55,93.65,122.75,87.89,131.82,89.66,127.91,85.03,93.84,-4.45,-2.5,14.47,24.89,76.96,92.93,2349369482.468849,23921897.0,0.0433,-5.61,140300,0.62,95.06,-1.28,95.51,-1.75,90.82,3.33,86.45,8.55,3.84,51.0,235250,225733,216552,0.106
350,PACS,Healthcare,Medical Care Facilities,NYSE,136.93,93.2,98.8,73.6,138.41,93.19,178.42,97.06,197.82,97.39,210.61,96.57,43.3,1.05,4.84,-3.26,-7.85,17.41,73.64,6784680732.59903,158335612.0,0.0774,-12.51,763400,0.99,43.15,0.35,42.65,1.52,42.48,1.93,43.65,-0.8,3.24,29.23,847990,770590,787170,0.091
351,MGNI,Communication Services,Advertising Agencies,NASDAQ,136.88,93.19,108.36,90.68,126.1,90.34,134.32,91.66,109.99,76.63,79.48,26.81,25.4,2.71,5.97,6.86,31.0,54.5,89.46,3546879336.9556313,143424157.0,0.09,-5.37,1517200,0.67,25.18,0.87,25.04,1.44,24.69,2.88,23.96,6.01,4.01,7.85,2100680,2254800,2489416,0.112
352,RDVT,Technology,Software - Application,NASDAQ,136.68,93.17,105.76,88.32,136.7,92.82,137.67,92.49,133.49,90.23,80.2,27.64,79.78,0.64,1.57,6.34,16.71,42.34,86.31,1272043654.3813705,16046975.0,0.041100003,-2.46,134700,0.65,79.08,0.89,79.19,0.75,77.75,2.61,73.75,8.18,3.35,46.52,169180,207370,243790,0.227
353,ACVA,Consumer Cyclical,Auto & Truck Dealerships,NYSE,136.55,93.15,125.83,96.81,137.73,93.05,142.75,93.53,95.88,57.89,44.03,6.84,10.44,-0.1,-0.19,0.29,30.01,27.16,80.61,1774493358.6116982,169807980.0,0.0941,-0.57,1331300,0.11,10.45,-0.1,10.45,-0.1,10.45,-0.1,8.68,20.28,0.32,0.0,7619060,11771770,9038820,0.104
354,SMTI,Healthcare,Medical Instruments & Supplies,NASDAQ,136.47,93.14,106.28,88.92,132.94,92.22,137.07,92.37,96.59,58.94,72.48,20.87,35.07,0.63,0.03,0.43,2.97,40.06,85.42,320203005.7301712,9188035.0,0.058000002,-0.76,124000,0.56,35.03,0.11,35.02,0.14,35.05,0.06,34.69,1.1,0.55,77.49,208240,220986,270530,0.09
355,TENB,Technology,Software - Infrastructure,NASDAQ,136.44,93.12,116.58,94.71,116.41,86.31,105.75,74.76,152.05,94.07,64.66,15.41,41.59,12.86,24.19,38.13,27.77,68.52,91.99,4063522036.7883224,110271973.0,0.1936,-4.76,5088500,1.0,39.5,5.29,37.63,10.52,36.44,14.13,35.89,15.88,4.44,139.84,3506690,5085576,4173306,0.086
356,PCRX,Healthcare,Drug Manufacturers - Specialty & Generic,NASDAQ,136.42,93.1,140.34,97.89,89.76,50.35,94.92,58.7,99.25,63.02,102.35,65.54,36.31,44.03,44.55,43.18,34.63,39.55,85.31,1004918109.5653534,39861886.0,0.2727,31.27,4690000,2.86,29.54,22.92,27.4,32.52,26.02,39.55,25.56,42.06,4.19,-0.0,3817760,1638136,1255908,0.062
357,HNST,Consumer Defensive,Household & Personal Products,NASDAQ,136.34,93.07,99.0,74.38,143.31,94.17,148.58,94.51,102.85,68.08,93.94,52.66,5.07,-1.74,-4.16,-6.28,36.29,87.08,94.0,553587379.2697029,107284379.0,0.1086,-15.64,864400,0.48,5.03,0.8,5.1,-0.59,5.23,-3.06,5.18,-2.12,3.67,64.49,1393510,1817906,2457708,-0.109
358,ARM,Technology,Semiconductors,NASDAQ,136.34,93.07,92.06,36.18,159.19,95.93,131.48,90.88,160.5,95.18,126.03,84.29,266.28,-13.4,-14.19,0.56,10.24,135.04,96.66,328398869552.1365,1067998569.0,0.1069,-41.18,4253900,0.83,288.28,-7.63,290.79,-8.43,287.78,-7.47,269.86,-1.33,6.55,3.9,4864750,5154303,4875036,0.224
359,DGII,Technology,Communication Equipment,NASDAQ,136.34,93.07,100.92,80.39,136.66,92.8,122.73,87.87,134.75,90.66,138.37,88.35,75.63,0.03,-3.41,9.56,10.91,69.12,92.07,2869257603.191696,37948123.0,0.0619,-12.91,317500,0.83,74.85,1.04,75.42,0.28,73.87,2.38,75.08,0.73,3.69,65.93,386640,380940,380936,0.29
360,KOS,Energy,Oil & Gas E&P,NYSE,136.24,93.04,95.87,54.8,140.26,93.58,146.29,94.18,103.56,68.99,151.64,91.46,2.64,5.18,-0.38,-12.58,3.13,175.0,97.49,1494673998.3309872,595487651.0,0.048299998,-20.96,8929600,0.7,2.61,1.15,2.58,2.33,2.69,-1.86,2.71,-2.58,5.9,12.84,13734950,12753673,12716410,0.546
361,SM,Energy,Oil & Gas E&P,NYSE,136.12,93.02,105.97,88.53,121.04,88.53,131.94,91.02,114.88,80.97,115.72,78.96,37.0,4.99,9.11,-2.89,17.67,101.15,95.15,8381977755.550156,237854068.0,0.066199996,-10.97,1932800,0.51,35.9,3.06,35.02,5.65,35.84,3.24,35.14,5.29,3.63,26.84,2922650,3818356,3834722,1.761
362,VIA,Technology,Software - Application,NYSE,136.07,93.0,124.3,96.66,122.06,88.9,113.51,82.42,64.83,18.09,43.9,6.8,32.37,10.36,10.06,25.66,61.12,-2.32,48.48,2384407890.2276173,81295871.0,0.1657,-41.36,452100,0.55,31.1,4.08,30.37,6.59,29.02,11.54,27.02,19.8,4.39,78.09,676490,819826,785388,0.267
363,TENX,Healthcare,Biotechnology,NASDAQ,135.98,92.99,98.95,74.15,142.26,93.97,172.17,96.82,136.64,91.13,156.12,92.25,1.87,-5.56,3.31,0.54,23.84,50.08,88.31,74099356.37380457,37423917.0,0.14829999,-90.36,2344800,0.58,1.91,-2.09,1.9,-1.58,1.88,-0.53,1.82,2.75,4.97,75.38,2112160,4032496,8723994,
364,PBYI,Healthcare,Biotechnology,NASDAQ,135.94,92.97,110.05,91.72,137.18,92.95,139.3,92.84,136.71,91.15,146.74,90.61,10.29,8.2,5.32,12.83,30.42,76.5,92.91,490906839.4748955,51620066.0,0.098000005,1.88,303100,0.94,9.85,4.47,9.81,4.89,9.64,6.74,9.23,11.48,4.51,94.77,349380,321373,323288,0.078
365,RXO,Industrials,Trucking,NYSE,135.92,92.95,133.4,97.49,102.68,74.99,97.92,63.58,151.88,94.03,114.58,78.13,29.08,24.38,46.94,49.2,41.37,121.65,96.09,3855972734.228485,164926128.0,0.2566,-2.74,2020300,0.69,28.71,1.29,24.96,16.51,22.23,30.81,21.76,33.64,4.55,14.36,5357790,2941390,2474544,0.25
366,IBTA,Technology,Software - Application,NYSE,135.91,92.94,112.59,93.09,127.29,90.74,139.93,92.97,92.03,50.51,103.29,66.75,43.07,3.51,4.9,4.69,63.21,94.45,94.56,838383341.5177307,20148602.0,0.3,-0.83,264800,1.24,42.04,2.45,41.05,4.92,41.27,4.36,38.54,11.75,4.02,28.85,240040,213690,257486,0.033
367,DT,Technology,Software - Application,NYSE,135.9,92.92,118.35,95.28,120.1,88.15,108.64,77.84,97.03,59.63,71.68,20.24,63.5,7.05,9.58,24.34,43.99,42.38,86.34,17143606144.76355,289002128.0,0.0509,5.41,8383800,1.27,61.14,3.86,59.74,6.29,57.71,10.03,53.26,19.23,2.65,111.58,5989470,6613240,6973858,0.162
368,CGAU,Basic Materials,Gold,NYSE,135.68,92.9,104.82,87.17,141.82,93.88,149.16,94.66,106.66,72.75,167.37,93.72,22.54,5.18,-0.09,-0.4,23.32,51.7,88.75,4191869663.324684,195607541.0,4.02,-8.08,970600,0.79,21.75,3.63,21.73,3.73,22.18,1.62,22.0,2.45,3.57,37.23,1168660,1231856,1414494,0.535
369,ZBRA,Technology,Communication Equipment,NASDAQ,135.46,92.89,112.52,93.02,132.53,92.11,130.31,90.66,89.87,42.19,80.55,27.91,387.18,3.01,4.63,10.51,34.17,55.26,89.66,17903486019.365234,47633392.0,0.045900002,0.25,338400,0.64,383.36,1.0,378.93,2.18,366.11,5.76,361.6,7.07,2.62,51.07,448150,530823,647578,0.204
370,SRZN,Healthcare,Biotechnology,NASDAQ,135.38,92.87,119.05,95.53,126.08,90.33,87.59,38.31,114.29,80.43,228.92,97.11,29.69,1.26,0.51,56.26,42.53,29.09,81.58,344614316.97309875,11753558.0,0.3364,-21.52,781300,1.01,27.66,7.34,29.14,1.89,24.28,22.28,23.52,26.23,14.05,51.78,658940,774363,554438,4.086
371,SB,Industrials,Marine Shipping,NYSE,135.32,92.85,105.13,87.59,134.02,92.44,137.98,92.57,124.82,86.92,140.41,88.9,8.53,-3.18,4.79,0.24,8.39,81.48,93.41,1002872944.8964262,113833473.0,0.0749,-8.38,693700,0.44,8.63,-1.16,8.6,-0.81,8.59,-0.7,8.36,2.03,3.62,25.93,1404050,1576496,1227782,0.33
372,VSH,Technology,Semiconductors,NYSE,134.76,92.84,99.35,75.63,133.36,92.32,133.38,91.37,168.41,95.93,150.39,91.31,34.04,-10.84,4.58,2.5,1.06,130.42,96.52,5856016642.867607,153379167.0,0.1408,-51.0,3347500,0.89,36.08,-5.65,35.01,-2.77,33.52,1.55,32.92,3.4,5.17,1.7,4291460,3769850,3979826,0.166
373,PACB,Healthcare,Medical Devices,NASDAQ,134.74,92.82,152.43,98.22,95.15,64.79,82.25,30.5,78.54,28.18,92.12,49.22,2.33,-8.27,43.83,79.23,57.43,28.02,81.14,789510116.0027475,310830759.0,0.1808,-14.65,12815400,0.9,2.58,-9.69,2.39,-2.51,1.88,23.94,1.54,51.3,13.64,37.75,31164660,14263416,11639064,-0.019
374,SVIA,Financial Services,Capital Markets,NASDAQ,134.66,92.8,138.9,97.75,156.36,95.64,112.4,81.5,54.84,12.53,32.11,4.09,3.75,-12.38,-4.34,20.19,119.3,25.84,79.86,378221799.5406747,88369575.0,0.024,-64.52,1332000,0.55,4.03,-6.95,3.99,-6.02,3.83,-2.09,2.82,32.98,12.68,14.72,1773620,2402250,1708302,
375,MG,Industrials,Security & Protection Services,NYSE,134.57,92.79,105.15,87.61,137.33,92.97,129.64,90.46,118.45,83.45,150.79,91.39,20.77,0.58,-3.49,4.85,36.91,59.4,90.51,657916256.6462402,31860352.0,0.0862,-4.59,387600,0.89,20.8,-0.14,20.93,-0.76,20.66,0.53,19.18,8.29,2.17,31.11,339240,434956,355978,0.042
376,ARW,Technology,Electronics & Computer Distribution,NYSE,134.54,92.77,102.8,84.41,139.86,93.5,133.36,91.36,133.28,90.13,134.99,87.29,227.9,-5.83,-2.1,-0.13,7.07,101.13,95.13,12319621140.59816,50905423.0,0.0373,-7.83,314300,0.58,233.45,-2.38,232.86,-2.13,226.54,0.6,217.72,4.68,3.33,71.45,544190,541616,572378,0.318
377,CRL,Healthcare,Diagnostics & Research,NYSE,134.46,92.75,107.75,90.18,140.36,93.6,143.56,93.77,115.68,81.71,101.04,63.65,301.79,4.0,3.06,8.46,28.63,48.65,87.96,13853343382.22998,47738872.0,0.054,-0.5,679800,0.7,303.16,-0.45,297.84,1.33,288.79,4.5,283.17,6.58,4.37,54.51,994960,974383,973430,-0.027
378,ASC,Industrials,Marine Shipping,NYSE,134.41,92.74,110.18,91.84,127.92,90.96,129.49,90.4,118.02,83.21,131.79,86.34,19.28,-0.1,8.01,3.27,17.14,92.63,94.44,787490419.070076,40802614.0,0.063,-3.74,541200,0.83,19.08,1.05,18.92,1.9,18.67,3.27,17.72,8.8,3.78,9.61,764810,648960,631440,0.613
379,AMRX,Healthcare,Drug Manufacturers - Specialty & Generic,NASDAQ,134.22,92.72,106.97,89.41,134.34,92.52,119.82,86.56,145.73,93.25,120.02,81.54,19.91,-1.92,0.71,17.05,7.62,55.3,89.68,7070409082.37122,348296027.0,0.046,-5.97,2087000,0.73,19.97,-0.3,20.11,-0.99,19.31,3.11,18.47,7.8,3.78,50.89,3418400,2848213,2403774,0.099
380,NEO,Healthcare,Diagnostics & Research,NASDAQ,134.18,92.7,91.24,33.43,167.76,96.73,159.8,95.83,151.66,93.97,75.99,23.67,16.35,-11.48,-15.42,-5.6,2.96,31.64,82.48,2405011487.190666,130211780.0,0.1535,-18.45,1385300,0.63,16.8,-2.68,17.66,-7.42,18.36,-10.95,17.45,-6.3,6.48,33.04,2648260,2209440,2094952,0.112
381,STLN,Healthcare,Medical Care Facilities,NASDAQ,134.1,92.69,101.25,81.37,149.67,95.06,148.59,94.53,133.78,90.38,99.31,61.01,6.63,4.41,-0.45,7.46,30.77,95.58,94.72,647167320.5305219,101916115.0,0.0787,-7.01,1848300,1.47,6.42,3.27,6.42,3.27,6.53,1.53,6.25,6.08,5.43,124.98,1099810,1255586,1396316,0.346
382,DAO,Consumer Defensive,Education & Training Services,NYSE,134.04,92.67,114.9,94.17,126.74,90.56,129.75,90.49,118.15,83.32,96.48,57.17,17.4,14.85,18.37,20.75,6.29,90.37,94.29,1827614613.6315403,120634631.0,0.0343,-8.13,41700,0.71,16.51,5.39,15.72,10.69,15.1,15.23,16.01,8.68,4.12,119.99,26510,58603,62230,0.035
383,CMPS,Healthcare,Medical Care Facilities,NASDAQ,134.01,92.65,86.45,21.66,149.1,94.98,172.12,96.81,184.75,96.82,161.98,93.04,12.0,0.84,-8.12,-16.38,3.72,83.77,93.64,1647874128.9752846,138476822.0,0.1114,-24.39,2284600,0.82,11.66,2.92,12.08,-0.66,13.2,-9.09,13.41,-10.51,5.45,88.68,2714750,2802773,2760470,
384,NTSK,Technology,Software - Infrastructure,NASDAQ,133.97,92.64,131.65,97.24,131.42,91.82,109.89,79.16,88.02,38.62,47.53,8.0,20.75,16.93,17.46,41.19,71.53,5.3,61.05,7252432527.0,408587748.0,0.0671,-16.93,6325500,0.9,19.53,6.25,18.58,11.68,18.04,15.02,16.0,29.69,4.5,134.89,5761890,7055363,5923434,0.292
385,FBIOP,Healthcare,Biotechnology,NASDAQ,133.91,92.62,98.36,70.69,116.32,86.27,137.3,92.4,168.02,95.89,147.83,90.76,17.84,5.81,7.18,-3.31,-5.11,95.4,94.68,,,0.0,-16.75,700,0.06,18.07,-1.27,17.29,3.18,17.47,2.12,18.22,-2.09,3.78,32.64,16350,12320,12372,0.14
386,HUM,Healthcare,Healthcare Plans,NYSE,133.71,92.6,106.06,88.62,134.21,92.47,140.66,93.07,151.91,94.05,72.49,20.9,431.87,11.2,8.53,5.39,17.78,69.43,92.19,46634386655.89111,120080308.0,0.0269,0.7,4989900,3.86,404.77,6.7,394.99,9.34,391.55,10.3,388.02,11.3,4.46,17.76,1935060,1291646,1227892,0.262
387,MLAB,Technology,Scientific & Technical Instruments,NASDAQ,133.57,92.59,103.75,85.6,144.23,94.36,132.39,91.14,104.21,69.83,114.11,77.9,127.51,-3.8,-4.87,5.49,26.35,58.09,90.16,741732453.0272369,5595869.0,0.104399994,-8.04,83600,0.67,132.36,-3.66,131.76,-3.23,130.34,-2.17,122.33,4.23,4.38,30.63,106210,125090,141790,0.01
388,ZIM,Industrials,Marine Shipping,NYSE,133.55,92.57,105.95,88.48,123.52,89.46,130.12,90.59,115.14,81.27,149.06,91.03,29.99,1.21,2.74,1.42,21.27,55.95,89.82,3570997602.435871,120519666.0,0.025899999,-3.13,821900,0.54,29.67,1.08,29.42,1.94,29.64,1.18,28.36,5.75,3.19,8.35,1929320,1533390,1811556,0.089
389,RIBBU,Financial Services,Shell Companies,NASDAQ,133.43,92.55,132.12,97.36,88.61,47.43,115.69,83.99,91.09,47.6,98.65,60.02,16.0,6.31,39.25,7.38,48.56,52.67,89.03,,,0.69,-5.27,400,0.12,15.2,5.26,13.99,14.37,13.02,22.89,12.13,31.9,17.39,0.0,7620,3403,2064,
390,SLN,Healthcare,Biotechnology,NASDAQ,133.43,92.55,84.25,17.8,149.39,95.01,190.63,97.44,148.69,93.63,142.54,89.53,9.86,-7.33,-11.81,-24.27,-15.15,52.87,89.06,661319496.378912,62154086.0,0.043,-43.9,844300,0.92,9.83,0.31,10.35,-4.73,11.33,-12.97,12.51,-21.18,6.15,67.56,1133680,917930,1309962,
391,REPX,Energy,Oil & Gas E&P,NYSE ARCA,133.36,92.52,113.77,93.53,119.86,88.1,128.87,90.21,107.35,73.6,115.43,78.8,45.37,7.54,11.89,4.27,35.35,83.17,93.57,915351974.1351509,21695947.0,0.044899996,0.13,187300,0.56,43.8,3.58,42.22,7.46,42.28,7.31,39.64,14.46,3.0,80.71,186500,337210,272410,0.942
392,NUTX,Healthcare,Medical Care Facilities,NASDAQ,133.19,92.5,100.86,80.28,152.11,95.25,151.02,94.86,133.17,90.1,75.67,23.29,206.29,-4.72,-6.28,3.02,38.72,14.89,71.5,1482586154.5,6847973.0,0.2856,-8.02,171200,1.04,213.54,-3.4,213.1,-3.2,211.47,-2.45,194.39,6.12,4.85,26.71,174390,163866,164770,-0.136
393,CYRX,Industrials,Integrated Freight & Logistics,NASDAQ,133.11,92.49,103.49,85.32,142.18,93.95,132.25,91.13,156.13,94.68,114.71,78.22,17.35,-0.46,-0.34,11.58,13.18,77.95,93.02,882813828.4568787,50649100.0,0.066199996,-3.93,479900,0.7,17.51,-0.91,17.44,-0.52,17.15,1.17,16.27,6.64,3.6,72.0,926710,685210,634870,0.077
394,VEON,Communication Services,Telecom Services,NASDAQ,133.09,92.47,116.55,94.7,127.47,90.79,118.26,85.68,87.45,37.81,91.95,48.94,76.81,1.55,4.47,13.17,45.5,45.75,87.27,5208660747.770462,68861195.0,0.0069,-2.56,140400,0.77,76.89,-0.1,75.13,2.24,72.29,6.25,64.79,18.55,3.98,21.59,182710,181933,144798,0.169
395,AVAH,Healthcare,Medical Care Facilities,NASDAQ,133.06,92.45,98.2,68.76,137.54,93.0,167.11,96.46,134.95,90.73,95.6,55.89,12.25,-2.7,-1.29,-13.0,26.42,37.18,84.54,2748279732.278515,218290683.0,0.0614,-16.72,1680800,0.53,12.28,-0.24,12.43,-1.45,13.01,-5.84,12.45,-1.61,3.66,23.41,3078660,3187503,3371744,0.137
396,MSGM,Communication Services,Electronic Gaming & Multimedia,NASDAQ,133.01,92.44,117.06,94.9,107.95,80.23,128.31,90.05,123.27,86.27,121.99,82.63,5.13,5.56,19.86,3.22,12.75,62.86,91.08,22301578.332671165,4588802.0,0.0499,-7.7,37900,0.35,5.24,-2.1,4.97,3.22,4.66,10.09,4.4,16.59,5.64,27.65,95000,109356,92744,0.366
397,SFL,Industrials,Marine Shipping,NYSE,132.93,92.41,107.02,89.49,129.42,91.37,128.5,90.14,116.39,82.22,124.98,83.9,13.34,-0.82,4.38,1.21,10.38,84.02,93.65,1865115266.4507427,138670282.0,0.0357,-4.58,1174300,0.81,13.4,-0.45,13.3,0.3,13.24,0.76,12.58,6.04,3.12,9.62,1232170,1453626,1365582,0.027
398,COHR,Technology,Scientific & Technical Instruments,NYSE,132.93,92.41,102.98,84.62,125.41,90.05,132.93,91.3,152.86,94.18,288.3,97.85,312.62,-7.25,5.68,2.37,25.52,63.69,91.26,66003301865.21124,195832246.0,0.060900003,-28.95,8101800,1.23,324.31,-3.6,314.02,-0.45,305.02,2.49,304.1,2.8,6.57,50.03,7275720,6588850,7000962,0.337
399,QTTB,Healthcare,Biotechnology,NASDAQ,132.9,92.39,70.28,5.68,175.34,97.01,228.38,98.27,338.44,98.77,205.84,96.41,8.34,1.34,-4.9,-24.86,-46.4,175.25,97.5,245002691.55261993,29769466.0,0.18,-64.62,854600,0.87,8.18,1.96,8.44,-1.18,9.46,-11.84,12.62,-33.91,9.38,51.15,1627010,980820,757904,
400,GEO,Industrials,Security & Protection Services,NYSE,132.84,92.37,97.41,62.51,131.1,91.74,138.25,92.64,140.02,92.01,81.73,28.85,31.13,-0.73,-0.29,-1.14,1.5,85.96,93.91,4127590234.5742188,131619584.0,0.1046,-6.09,1671200,0.63,30.98,0.48,30.87,0.84,31.02,0.35,31.25,-0.38,5.03,40.24,3254750,2654483,2407148,0.151
401,VCTR,Financial Services,Asset Management,NASDAQ,132.77,92.35,102.7,84.26,138.14,93.17,138.56,92.72,131.25,89.53,104.11,68.02,112.44,-0.7,3.39,1.94,14.69,78.14,93.06,6964729044.043549,61509572.0,0.0521,-8.99,699500,0.96,113.03,-0.52,112.07,0.33,109.24,2.93,111.13,1.18,3.23,29.51,629760,727126,695462,0.24
402,INFU,Healthcare,Medical Devices,NYSE ARCA,132.6,92.34,114.35,93.87,116.73,86.51,117.65,85.3,99.27,63.05,139.77,88.72,13.56,3.04,6.69,11.6,47.55,48.03,87.81,262110098.92087936,19917181.0,0.042600002,2.73,63300,0.5,13.41,1.12,13.18,2.88,12.87,5.36,12.34,9.89,3.03,36.46,101740,127426,142894,0.026
403,CADL,Healthcare,Biotechnology,NASDAQ,132.49,92.32,86.92,22.64,148.06,94.85,157.28,95.66,146.96,93.4,114.17,77.95,9.94,-2.36,-9.8,-5.74,0.71,67.34,91.8,745891055.3803024,73270239.0,0.2074,-29.0,718100,0.65,9.9,0.4,10.24,-2.93,10.71,-7.19,11.46,-13.26,5.88,59.93,919130,1111816,1180822,
404,FLEX,Technology,Electronic Components,NASDAQ,132.25,92.3,101.19,81.27,125.28,89.96,126.46,89.43,166.08,95.72,145.12,90.2,119.83,2.76,4.49,3.5,7.08,87.88,94.1,43076081490.045685,369402978.0,0.0273,-28.19,2229400,0.73,118.41,1.2,115.83,3.45,113.39,5.68,114.68,4.49,4.46,106.51,2504900,3055646,3142014,0.206
405,CSTE,Industrials,Building Products & Equipment,NASDAQ,132.18,92.29,94.86,49.6,164.66,96.57,229.4,98.3,128.36,88.57,78.02,25.24,2.85,-0.7,-3.06,-10.66,37.68,69.64,92.24,99236201.2929678,34577075.0,0.0067000003,-25.78,21500,0.45,2.81,1.42,2.84,0.35,2.88,-1.04,2.94,-3.06,5.24,66.99,32770,47743,82300,-0.045
406,SBC,Industrials,Consulting Services,NASDAQ,132.05,92.27,127.6,97.02,117.38,86.86,116.65,84.72,62.77,16.66,75.13,22.74,5.42,6.48,10.61,21.52,78.29,26.34,80.17,523490955.5631981,102846943.0,0.0378,2.36,156900,0.75,5.35,1.31,5.17,4.84,4.95,9.49,4.24,27.83,4.76,81.44,211100,210366,195966,0.134
407,INBX,Healthcare,Biotechnology,NASDAQ,131.95,92.25,89.32,28.09,145.17,94.5,164.67,96.26,172.24,96.23,271.28,97.7,95.01,-2.04,-4.62,-13.05,12.13,8.56,65.7,1427465811.9596863,14717660.0,0.3078,-38.82,86800,0.28,93.82,1.27,97.06,-2.11,101.66,-6.54,103.21,-7.94,5.82,41.81,213140,312153,293246,
408,CELU,Healthcare,Biotechnology,NASDAQ,131.95,92.25,120.66,95.94,131.79,91.91,117.77,85.41,44.9,8.09,65.2,15.97,1.56,-2.5,13.04,10.64,129.41,18.18,74.26,51919627.973662734,32449767.0,0.1232,-38.82,53200,0.06,1.56,0.0,1.49,4.7,1.38,13.04,1.2,30.0,8.32,83.98,133720,844400,4966664,-0.663
409,EQNR,Energy,Oil & Gas Integrated,NYSE,131.93,92.22,102.53,84.04,131.41,91.81,140.39,93.04,114.48,80.63,134.95,87.27,43.01,1.06,1.94,-4.0,6.62,96.8,94.86,100860617179.6072,2369845252.0,0.0239,-6.17,5967000,1.6,42.58,1.01,42.28,1.73,43.01,0.0,42.17,1.99,2.67,9.57,4354990,3722636,3322214,0.374
410,ARX,Financial Services,Insurance Brokers,NYSE,131.78,92.21,107.64,90.1,125.97,90.27,131.22,90.83,79.31,29.12,77.38,24.64,19.8,0.35,0.25,-0.2,76.79,15.45,72.02,4285130031.538971,217188552.0,0.076799996,-0.5,1470900,0.81,19.75,0.25,19.74,0.3,19.76,0.2,18.4,7.61,0.26,118.31,1872730,1808693,3986970,0.572
411,CUE,Healthcare,Biotechnology,NASDAQ,131.73,92.19,90.65,31.91,218.96,98.25,162.53,96.08,142.44,92.54,155.78,92.17,27.66,8.17,-11.94,-3.76,-9.01,262.99,98.42,185751063.76307678,7264414.0,0.048,-39.21,394500,1.12,24.0,15.25,24.97,10.77,28.8,-3.96,28.07,-1.46,12.15,165.49,217480,353680,298688,1.667
412,SND,Energy,Oil & Gas Equipment & Services,NASDAQ,131.65,92.17,102.02,82.93,126.91,90.66,140.38,93.02,137.7,91.47,183.37,95.2,5.28,-1.12,0.96,1.34,26.62,42.95,86.53,226410992.20958328,42399061.0,0.0738,-10.81,91200,0.38,5.29,-0.19,5.24,0.76,5.22,1.15,5.02,5.18,3.68,7.73,214560,238176,258330,0.341
413,U,Technology,Software - Application,NYSE,131.56,92.16,117.13,94.95,124.05,89.58,134.01,91.56,85.06,35.22,73.17,21.45,46.88,7.5,12.83,6.64,40.61,1.38,53.49,19192278636.738968,440088933.0,0.0665,-10.11,6349200,0.63,45.77,2.43,43.66,7.38,43.13,8.69,42.78,9.58,4.75,32.37,10255680,10081363,11387040,0.239
414,BVS,Healthcare,Medical Devices,NASDAQ,131.46,92.14,96.46,57.72,147.37,94.76,146.13,94.17,138.03,91.52,126.24,84.45,13.06,-0.5,-5.39,0.65,-0.87,74.67,92.71,896846535.4069033,68305143.0,0.0625,-17.83,273300,0.59,13.03,0.23,13.34,-2.1,13.29,-1.73,13.69,-4.6,3.37,95.39,404700,465290,605230,0.038
415,STRZ,Communication Services,Entertainment,NASDAQ,131.32,92.12,96.84,59.61,116.6,86.42,141.3,93.19,166.41,95.76,149.9,91.26,23.79,2.32,12.91,-8.04,-12.73,117.26,95.91,398136975.75,17124171.0,0.042600002,-26.98,142200,0.46,23.43,1.54,23.05,3.21,24.15,-1.49,25.49,-6.67,7.64,54.71,324010,306080,270206,-0.037
416,BHE,Technology,Electronic Components,NYSE,131.3,92.11,101.67,82.28,129.18,91.32,122.5,87.8,145.4,93.1,137.1,87.95,81.47,-6.77,-1.07,4.93,2.79,84.67,93.79,3139042922.946213,35919933.0,0.045300003,-18.86,240700,0.61,83.59,-2.54,83.88,-2.87,80.51,1.19,78.14,4.26,3.55,16.24,388300,393013,356258,0.177
417,MYO,Healthcare,Medical Devices,NYSE ARCA,131.14,92.09,98.72,73.14,152.27,95.3,122.9,87.95,93.14,53.02,59.0,12.33,1.43,-12.27,-11.18,10.0,43.0,46.82,87.5,64560801.831135035,39607854.0,0.0343,-24.14,101600,0.29,1.51,-5.3,1.55,-7.74,1.5,-4.67,1.47,-2.72,8.37,16.72,265050,350186,541254,0.213
418,TEVA,Healthcare,Drug Manufacturers - Specialty & Generic,NYSE,131.11,92.07,109.7,91.57,126.07,90.31,118.6,85.89,119.03,83.91,141.28,89.13,41.1,3.97,4.87,10.81,16.07,31.69,82.53,46103546754.092926,1166292643.0,0.0271,0.76,14820800,2.71,39.66,3.63,39.55,3.92,39.3,4.58,37.62,9.25,3.02,79.03,6150690,5466200,5343948,-0.008
419,NHC,Healthcare,Medical Care Facilities,NYSE ARCA,130.72,92.06,100.67,79.64,127.83,90.94,132.93,91.3,154.77,94.45,130.27,85.76,227.11,-0.24,0.19,1.48,-0.51,62.13,90.92,3565473243.0537415,15661395.0,0.0538,-5.09,62800,0.6,226.42,0.3,225.14,0.88,224.53,1.15,223.36,1.68,2.73,53.95,95200,104920,108382,0.088
420,PLPC,Industrials,Electrical Equipment & Parts,NASDAQ,130.62,92.04,97.48,62.89,137.59,93.02,141.68,93.32,128.11,88.41,153.15,91.69,397.25,-5.29,-6.11,-6.16,7.87,81.8,93.45,2050565694.1265259,4888701.0,0.069699995,-21.29,50500,0.7,407.36,-2.48,409.9,-3.09,412.9,-3.79,419.66,-5.34,4.0,36.78,75680,71680,86172,0.254
421,CVE,Energy,Oil & Gas Integrated,NYSE,130.59,92.02,100.19,78.08,130.03,91.59,138.51,92.7,128.26,88.5,144.72,90.03,31.39,-3.12,1.49,-4.74,4.02,90.88,94.31,59753540814.09454,1844245000.0,9.08,-8.11,9561400,1.33,31.24,0.48,31.34,0.16,31.79,-1.26,31.41,-0.06,3.25,16.67,8378160,7166413,7078050,0.415
422,VIOT,Consumer Cyclical,"Furnishings, Fixtures & Appliances",NASDAQ,130.54,92.01,150.51,98.12,105.56,78.11,93.72,56.04,47.63,9.04,58.92,12.29,1.66,6.41,22.96,18.57,118.42,-17.77,32.58,102879746.70639324,65948558.0,0.0235,-54.02,102000,0.04,1.55,7.1,1.6,3.75,1.45,14.48,1.12,48.21,13.17,54.9,872950,2861066,1763054,-0.499
423,SAFT,Financial Services,Insurance - Property & Casualty,NASDAQ,130.41,91.99,105.81,88.34,126.59,90.5,130.17,90.61,92.54,51.65,93.93,52.65,103.82,-0.1,0.3,0.39,1.51,35.91,84.16,1525595662.5592346,14680482.0,0.050300002,-0.18,100500,0.79,103.89,-0.07,103.8,0.02,103.65,0.16,103.12,0.68,0.19,5.02,127060,127243,145798,0.03
424,CMTV,Financial Services,Banks - Regional,NASDAQ,130.25,91.97,104.93,87.39,123.39,89.4,121.24,87.28,139.98,91.96,153.96,91.86,43.2,3.35,5.83,6.69,9.09,78.69,93.19,234117699.3268509,5600902.0,0.0461,-1.28,23600,0.58,42.81,0.91,42.22,2.32,41.43,4.27,40.97,5.44,2.66,81.89,25540,41020,39248,0.112
425,TGTX,Healthcare,Biotechnology,NASDAQ,130.15,91.96,96.58,58.26,131.24,91.77,136.27,92.12,144.44,92.95,95.38,55.44,55.37,1.99,-3.59,2.75,3.44,77.92,93.0,8310119027.5089035,153069053.0,0.2847,-6.63,1620400,0.89,53.55,3.4,54.38,1.82,55.25,0.22,53.59,3.32,3.91,92.86,1754780,1815110,2001540,0.703
426,PTEN,Energy,Oil & Gas Drilling,NASDAQ,130.03,91.94,99.11,74.74,128.98,91.29,144.57,93.93,119.97,84.5,142.01,89.35,11.31,0.89,3.67,-11.98,15.74,97.62,94.89,4255513904.611264,379617653.0,0.1075,-15.53,4434100,0.56,11.4,-0.79,11.18,1.16,11.49,-1.57,11.56,-2.16,3.75,-0.0,6766590,7977453,7872492,0.007
427,CXW,Industrials,Security & Protection Services,NYSE,129.94,91.92,98.55,72.28,123.81,89.51,144.97,93.98,137.35,91.37,90.66,46.47,32.93,-1.5,2.49,-5.73,10.5,70.27,92.33,3306009367.449898,98893489.0,0.18,-9.9,1480600,0.68,32.59,1.04,32.55,1.17,33.26,-0.99,33.08,-0.45,5.85,47.2,2365780,2169173,1957562,0.273
428,NTNX,Technology,Software - Infrastructure,NASDAQ,129.92,91.91,112.78,93.25,118.69,87.42,118.44,85.81,98.11,61.16,64.86,15.66,74.63,3.24,9.7,13.21,25.94,40.97,85.74,19559518487.624397,270570179.0,0.056799997,-4.2,2095900,0.86,73.6,1.4,72.1,3.51,70.32,6.13,67.53,10.51,2.37,92.73,2513460,2442440,2608276,0.159
429,GRDX,Healthcare,Biotechnology,NASDAQ,129.85,91.89,137.8,97.74,92.12,59.54,85.01,34.16,136.29,91.08,116.6,79.56,4.97,30.45,44.9,73.78,62.95,78.14,93.06,27169578.22195387,7131123.0,0.007900001,-28.27,100600,1.02,4.38,13.47,3.96,25.51,3.61,37.67,3.5,42.0,9.74,95.03,110670,98726,116780,
430,SOPH,Healthcare,Health Information Services,NASDAQ,129.76,91.87,95.57,53.3,156.71,95.69,164.51,96.19,114.3,80.45,114.9,78.32,7.41,-8.18,-11.15,-5.84,28.65,55.02,89.6,677034771.0171967,83895266.0,0.013300001,-17.48,328100,0.49,7.49,-1.07,7.87,-5.84,8.0,-7.37,7.87,-5.84,6.6,69.55,615170,665530,621764,0.272
431,VEEV,Healthcare,Health Information Services,NYSE,129.74,91.86,113.64,93.51,125.82,90.21,123.87,88.38,82.9,32.8,62.43,14.19,296.13,8.34,5.5,12.85,46.92,32.58,82.91,44254543796.43097,161908850.0,0.0335,-4.63,1848400,1.17,286.08,3.51,282.97,4.65,274.37,7.93,259.52,14.11,3.08,132.92,1265540,1575960,1731566,0.176
432,SENS,Healthcare,Medical Devices,NASDAQ,129.58,91.84,107.2,89.68,135.77,92.74,111.67,80.86,58.95,14.32,69.57,19.01,8.98,-9.11,-10.2,3.1,77.12,42.99,86.57,522395649.69095516,52874053.0,0.09810001,-22.45,499300,0.72,9.49,-5.37,9.73,-7.71,9.62,-6.65,8.8,2.05,5.47,40.75,658530,689380,745336,1.178
433,XOS,Industrials,Farm & Heavy Construction Machinery,NASDAQ,129.55,91.82,115.27,94.28,99.89,71.82,93.88,56.44,87.46,37.84,55.39,10.59,3.21,-2.73,22.52,18.45,58.91,50.7,88.53,46918910.922039986,14217852.0,0.0766,-61.19,112800,0.49,3.27,-1.83,3.14,2.23,2.84,13.03,2.91,10.31,7.31,34.12,236270,231883,3613448,-0.742
434,TX,Basic Materials,Steel,NYSE,129.48,91.81,106.83,89.29,127.2,90.72,130.08,90.58,106.55,72.63,111.06,75.56,58.18,2.77,5.09,0.48,18.47,55.72,89.75,11112977771.396698,196307678.0,0.0095999995,-0.94,496800,1.1,57.2,1.71,56.01,3.87,56.37,3.21,55.4,5.02,2.67,131.19,410460,452443,548514,0.1
435,QETA,Financial Services,Shell Companies,NASDAQ,129.35,91.79,136.2,97.69,90.78,55.42,92.8,53.68,92.45,51.46,90.32,45.7,16.41,39.19,38.48,38.48,39.78,44.71,87.0,44185948.77703476,3747748.0,0.0001,25.55,136413,24.65,12.92,27.01,12.36,32.77,12.09,35.73,11.89,38.02,7.05,380.48,16171,5533,3324,
436,PDFS,Technology,Software - Application,NASDAQ,129.22,91.77,108.93,91.18,118.3,87.27,124.67,88.73,147.37,93.5,148.2,90.83,54.4,-1.98,9.79,13.88,17.88,87.33,94.03,2343610488.0,42227216.0,0.098500006,-24.12,481100,0.79,54.05,0.65,52.97,2.7,49.18,10.61,47.86,13.66,4.22,54.83,540840,606883,587184,0.189
437,ACU,Consumer Defensive,Household & Personal Products,NYSE ARCA,129.2,91.76,104.02,85.93,126.81,90.59,129.25,90.31,100.7,65.08,98.96,60.46,62.15,-2.13,-0.7,2.62,10.81,51.56,88.72,243447760.5,3833823.0,0.027999999,-4.19,23600,0.53,62.58,-0.69,62.98,-1.32,62.38,-0.37,61.16,1.62,2.39,22.9,36270,44123,40744,0.161
438,BTSG,Healthcare,Health Information Services,NASDAQ,129.16,91.74,104.17,86.17,117.16,86.73,129.61,90.44,186.24,96.91,165.51,93.57,63.74,5.79,12.63,8.53,-12.54,67.74,91.9,11921320520.25,197864241.0,0.0798,-13.57,1614300,0.65,63.39,0.55,60.34,5.63,58.78,8.44,59.65,6.86,2.92,12.88,2423140,2479300,2664746,0.23
439,VSAT,Technology,Communication Equipment,NASDAQ,129.12,91.72,97.37,62.27,143.84,94.31,145.77,94.12,181.96,96.71,295.07,97.9,72.01,0.01,-1.38,-3.1,-7.2,94.73,94.6,9918418320.0,137755810.0,0.0968,-22.59,2935100,1.66,70.89,1.58,70.79,1.72,72.22,-0.29,74.82,-3.76,6.04,35.88,1854490,1767133,1846650,-0.012
440,ARTW,Industrials,Farm & Heavy Construction Machinery,NASDAQ,129.1,91.71,117.56,95.05,119.14,87.75,105.08,73.91,79.59,29.41,112.52,76.6,3.54,13.1,8.26,17.22,63.13,61.64,90.78,16280338.775251389,5201386.0,0.024,-15.11,30500,1.98,3.42,3.51,3.26,8.59,3.18,11.32,2.96,19.59,5.53,0.0,13670,15396,684094,0.239
441,EWTX,Healthcare,Biotechnology,NASDAQ,129.04,91.69,92.63,38.54,129.57,91.42,162.01,96.03,161.85,95.35,170.8,94.05,39.06,-5.65,-0.71,-12.03,-5.01,86.53,93.93,4496211106.31675,108604129.0,0.1238,-19.48,1062700,0.69,39.64,-1.46,39.96,-2.25,41.94,-6.87,42.77,-8.67,5.39,6.17,1645940,1540656,1477458,
442,VAC,Consumer Cyclical,Resorts & Casinos,NYSE,128.92,91.67,100.72,79.89,123.49,89.45,129.34,90.34,133.72,90.31,113.38,77.33,105.34,1.09,2.45,2.5,8.8,85.6,93.88,3583992239.0338135,34395320.0,0.0862,-19.8,231200,0.54,103.83,1.45,103.8,1.48,102.8,2.47,106.42,-1.01,3.35,45.0,289760,428890,475770,0.097
443,MSBI,Financial Services,Banks - Regional,NASDAQ,128.86,91.66,96.7,59.03,130.86,91.69,136.02,92.07,143.48,92.69,117.44,80.19,32.16,-2.96,-3.31,-3.86,-2.41,55.74,89.77,687724979.013916,20752112.0,0.0531,-8.38,135900,0.84,32.55,-1.2,32.63,-1.44,32.99,-2.52,33.08,-2.78,2.39,7.17,161130,162223,163688,0.18
444,AVTR,Healthcare,Medical Instruments & Supplies,NYSE,128.83,91.64,111.01,92.24,137.8,93.07,134.85,91.82,95.05,56.54,57.53,11.48,15.67,2.15,2.75,5.81,13.06,39.41,85.26,10375344708.804169,676358840.0,0.0922,-2.37,4244100,0.49,15.53,0.9,15.36,2.02,15.31,2.35,14.64,7.04,3.11,52.31,8238900,8585576,7950342,0.005
445,WT,Financial Services,Asset Management,NYSE,128.66,91.62,95.77,54.5,147.84,94.81,144.99,94.0,125.57,87.32,132.51,86.57,22.61,-7.26,-7.07,-5.52,20.43,79.17,93.22,3693865139.025976,151512111.0,0.1734,-12.74,2141000,0.76,23.46,-3.62,23.83,-5.12,23.53,-3.91,23.31,-3.0,3.66,12.1,2357350,2829536,2712894,0.573
446,TWIN,Industrials,Specialty Industrial Machinery,NASDAQ,128.64,91.61,105.9,88.42,132.52,92.09,136.67,92.25,141.84,92.37,142.59,89.56,26.26,-7.89,0.5,7.01,15.46,63.86,91.3,414504498.4876938,14538916.0,0.0561,-8.66,47600,0.55,27.35,-3.99,27.12,-3.17,26.08,0.69,24.71,6.27,4.13,23.98,87930,87013,93466,0.183
447,SITM,Technology,Semiconductors,NASDAQ,128.59,91.59,96.09,55.95,140.37,93.62,141.94,93.37,155.72,94.6,201.63,96.28,612.37,-13.68,-7.53,-3.66,16.01,62.65,91.02,21333595853.255615,30071036.0,0.060100004,-32.1,384100,0.9,668.74,-8.43,669.21,-8.49,637.37,-3.92,626.06,-2.19,6.2,30.94,352710,428173,441076,1.265
448,BTSGU,Healthcare,Health Information Services,NASDAQ,128.57,91.57,104.71,87.01,114.78,85.26,129.4,90.36,186.06,96.89,158.89,92.59,210.9,6.87,14.43,8.67,-12.38,68.69,92.02,,,0.2,-17.46,0,0.0,202.77,4.01,196.02,7.59,192.77,9.4,196.74,7.2,1.5,0.0,1990,8506,15588,0.23
449,IMAX,Communication Services,Entertainment,NYSE,128.56,91.55,100.03,77.57,133.78,92.39,123.82,88.35,104.24,69.87,103.66,67.39,50.8,-3.64,-9.37,-2.48,6.72,36.23,84.28,2891276317.02594,54842114.0,0.1823,-12.0,682400,0.66,51.34,-1.05,52.92,-4.01,53.16,-4.44,52.27,-2.81,4.26,6.93,1226980,1026913,1127398,0.122
450,ATI,Industrials,Metal Fabrication,NYSE,128.56,91.55,97.41,62.51,127.8,90.93,143.37,93.65,145.43,93.12,177.75,94.76,191.84,-0.3,3.43,-3.49,5.46,65.72,91.56,26201904847.524582,136170383.0,0.048499998,-21.24,817900,0.46,191.39,0.24,189.95,0.99,189.03,1.49,202.79,-5.4,3.44,53.17,1306350,1793093,1689792,0.106
451,SNX,Technology,Electronics & Computer Distribution,NYSE,128.43,91.52,103.65,85.5,125.04,89.83,130.55,90.71,130.22,89.24,141.83,89.31,273.37,-1.8,3.93,1.55,8.43,79.35,93.26,22207665347.531372,79777511.0,0.0224,-8.5,357500,0.38,273.6,-0.08,268.99,1.63,268.91,1.66,261.34,4.6,4.67,73.2,825700,945886,801912,0.377
452,WTI,Energy,Oil & Gas E&P,NYSE,128.38,91.51,95.48,52.86,132.85,92.19,145.5,94.07,133.35,90.14,162.45,93.1,3.63,1.97,-0.55,-11.68,5.19,117.85,95.92,537356900.482975,150942952.0,0.1461,-28.54,2415200,0.69,3.62,0.28,3.59,1.11,3.74,-2.94,3.73,-2.68,5.06,5.45,3222840,3522600,3671722,0.329
453,DNA,Healthcare,Biotechnology,NYSE,128.3,91.49,148.61,98.09,107.28,79.77,73.16,21.54,78.23,27.8,72.16,20.68,13.0,5.26,21.95,92.59,60.69,47.9,87.72,831652446.638277,67340277.0,0.1336,-26.05,4514300,1.64,12.64,2.85,12.33,5.43,10.17,27.83,8.58,51.52,14.53,80.48,5147170,2747840,2150036,-0.485
454,BNC,Industrials,Farm & Heavy Construction Machinery,NASDAQ,128.06,91.47,125.33,96.76,142.13,93.92,128.65,90.16,59.83,14.91,37.56,5.25,5.26,-10.09,-13.91,9.58,97.0,-19.33,31.58,240867018.57335567,41173850.0,0.068,-56.17,838600,0.21,5.57,-5.57,5.71,-7.88,5.69,-7.56,4.12,27.67,7.27,28.76,983940,3979666,2477886,-0.046
455,DNTH,Healthcare,Biotechnology,NASDAQ,128.06,91.47,82.92,15.86,132.82,92.17,166.49,96.44,207.24,97.57,276.4,97.75,82.37,-6.62,-6.98,-22.44,-26.87,88.19,94.13,4822108362.881569,54666233.0,0.18110001,-30.12,738900,0.89,84.62,-2.66,86.27,-4.52,92.82,-11.26,102.62,-19.73,4.88,5.98,848590,834050,776796,2.943
456,ROIV,Healthcare,Biotechnology,NASDAQ,128.0,91.44,94.37,46.52,131.58,91.89,163.38,96.13,156.47,94.74,169.58,93.97,35.44,-0.78,-1.01,-13.18,2.67,56.26,89.9,25801378977.54196,722323015.0,0.066,-16.61,5533200,0.61,35.14,0.85,35.7,-0.73,37.31,-5.01,36.68,-3.38,3.47,104.82,5609270,9119310,7801430,-0.335
457,WTTR,Energy,Oil & Gas Equipment & Services,NYSE,127.94,91.42,97.75,64.69,125.87,90.23,141.06,93.15,151.76,94.02,131.07,86.01,19.76,-0.95,-0.4,-4.26,9.18,86.8,93.95,2572410793.7756195,128942892.0,0.0514,-12.37,1328600,0.75,19.75,0.05,19.8,-0.2,20.02,-1.3,20.06,-1.5,4.33,17.52,1835090,1780770,1749252,0.087
458,FEIM,Technology,Communication Equipment,NASDAQ,127.85,91.41,107.02,89.49,167.76,96.73,168.29,96.57,128.94,88.78,162.88,93.17,75.09,-12.72,-15.09,-15.04,25.38,41.63,85.98,969840866.8486633,11273287.0,0.1126,-16.34,191700,0.54,80.31,-6.5,82.47,-8.95,84.23,-10.85,74.05,1.4,6.05,41.35,320800,357996,310734,0.698
459,DSX,Industrials,Marine Shipping,NYSE,127.77,91.39,104.99,87.5,128.27,91.16,127.92,89.96,97.08,59.71,134.07,87.07,2.82,-1.4,0.71,-5.05,23.07,65.96,91.62,355823217.5684817,124413717.0,0.061300002,-11.88,1393300,1.09,2.85,-1.05,2.82,0.0,2.89,-2.42,2.76,2.17,3.5,0.0,810500,1273026,1148682,0.047
460,CAI,Healthcare,Biotechnology,NASDAQ,127.69,91.37,116.79,94.83,134.97,92.64,102.49,70.75,59.08,14.42,67.04,17.19,29.7,4.95,-7.13,22.02,84.59,4.36,59.68,7999863452.831745,282680695.0,0.1158,-11.75,5033900,1.02,28.43,4.47,29.27,1.47,29.46,0.81,25.73,15.43,6.47,105.57,4167520,4958190,5303452,0.454
461,JAKK,Consumer Cyclical,Leisure,NASDAQ,127.65,91.36,113.56,93.47,115.33,85.62,114.91,83.42,113.42,79.7,108.79,73.57,28.23,3.98,11.76,16.8,8.03,69.29,92.16,310732071.4340744,11445012.0,0.0424,3.71,127000,1.77,27.83,1.44,26.75,5.53,25.54,10.53,25.29,11.63,3.05,40.6,114480,71913,92682,0.169
462,PR,Energy,Oil & Gas E&P,NYSE,127.64,91.34,104.18,86.21,115.99,86.09,128.74,90.18,116.51,82.32,134.4,87.17,23.03,4.11,7.82,-2.52,10.39,67.44,91.83,18526762184.385834,837557029.0,0.0254,-6.55,7148100,0.74,22.52,2.26,22.03,4.54,22.33,3.13,22.28,3.37,2.77,22.76,8100000,9678453,9715688,0.551
463,SEPN,Healthcare,Biotechnology,NASDAQ,127.54,91.32,100.2,78.12,129.75,91.51,142.09,93.43,137.43,91.42,175.33,94.65,38.37,1.75,1.59,-0.36,9.07,30.2,82.09,1760187628.6359787,46676947.0,0.1185,-24.91,349400,0.9,36.96,3.81,37.86,1.35,38.35,0.05,39.39,-2.59,5.47,124.19,493320,387596,415452,223.756
464,VGZ,Basic Materials,Gold,NYSE ARCA,127.53,91.31,114.86,94.13,126.86,90.62,97.13,62.62,79.24,29.03,141.19,89.08,2.65,-0.75,-3.64,22.12,48.88,18.3,74.45,389743504.9567299,145971346.0,0.053000003,-15.34,2054700,0.98,2.65,0.0,2.67,-0.75,2.55,3.92,2.36,12.29,4.56,-0.0,2327580,2103633,1747640,
465,BSIN,Energy,Oil & Gas E&P,NASDAQ,127.44,91.29,100.08,77.79,120.17,88.18,135.06,91.84,121.39,85.34,60.65,13.16,1.46,2.82,1.39,-7.01,30.36,47.47,87.67,74540665.50722647,52493428.0,0.0172,-12.57,297800,0.47,1.45,0.69,1.43,2.1,1.49,-2.01,1.44,1.39,4.75,14.43,374450,630296,902032,0.047
466,TVTX,Healthcare,Biotechnology,NASDAQ,127.38,91.27,82.77,15.66,144.32,94.4,171.94,96.77,181.14,96.66,169.45,93.95,52.12,-8.44,-12.31,-21.23,-9.0,42.81,86.46,5366283427.026199,94261082.0,0.17899999,-24.17,1169400,0.69,54.25,-3.93,56.55,-7.83,59.71,-12.71,62.02,-15.96,4.67,20.22,2046950,1701443,1708566,0.482
467,CFFI,Financial Services,Banks - Regional,NASDAQ,127.38,91.27,111.48,92.52,111.79,83.19,118.78,85.99,101.38,65.93,103.32,66.78,101.39,3.14,8.32,7.27,21.81,40.78,85.68,319641235.2233734,3251691.0,0.0165,1.29,71500,0.98,101.32,0.07,99.35,2.05,96.5,5.07,91.87,10.36,2.89,50.88,68710,73300,63010,0.116
468,ERO,Basic Materials,Copper,NYSE,127.32,91.24,108.4,90.73,140.1,93.52,131.78,90.99,93.31,53.37,135.45,87.39,37.61,-0.79,-0.69,6.03,39.04,40.18,85.44,3954112801.1146812,104302633.0,3.69,-7.89,1612900,1.19,37.35,0.7,37.16,1.21,36.02,4.41,35.5,5.94,5.04,38.85,1293230,1358683,1475844,0.739
469,FFIV,Technology,Software - Infrastructure,NASDAQ,127.14,91.22,111.3,92.41,120.73,88.42,114.58,83.12,119.32,84.06,100.93,63.41,479.83,5.68,8.3,16.55,23.43,84.27,93.72,25711006199.154846,56627182.0,0.031600002,3.86,501000,0.94,467.29,2.68,455.3,5.39,445.06,7.81,418.55,14.64,2.6,145.19,511470,533530,550100,0.109
470,QXL,Technology,Information Technology Services,NASDAQ,127.12,91.21,78.68,10.88,188.96,97.55,165.94,96.34,163.02,95.51,80.17,27.61,3.93,-8.82,-21.4,-11.49,-12.67,277.88,98.54,57479848.75688553,13336392.0,0.0067000003,-48.96,22800,0.34,4.07,-3.44,4.29,-8.39,4.74,-17.09,4.67,-15.85,12.25,-0.0,39600,67786,57660,-0.208
471,PLTR,Technology,Software - Infrastructure,NASDAQ,127.01,91.19,121.44,96.14,118.14,87.25,101.92,70.03,76.38,26.19,89.38,42.77,209.05,10.75,10.22,25.01,70.99,7.77,64.51,453577288100.0,2403058480.0,0.027999999,0.74,37479600,1.51,196.68,6.29,192.37,8.67,186.06,12.36,176.98,18.12,2.95,174.47,21740890,24821803,33810084,0.928
472,CNXN,Technology,Electronics & Computer Distribution,NASDAQ,127.0,91.18,108.54,90.91,125.21,89.93,118.74,85.94,113.01,79.33,94.76,54.11,92.81,0.47,3.91,8.22,12.78,58.45,90.28,2331495516.301491,25238099.0,0.0499,-1.15,99100,0.71,92.09,0.78,91.48,1.45,89.12,4.14,84.66,9.63,2.26,109.56,139930,139483,147254,0.124
473,KFRC,Industrials,Staffing & Employment Services,NYSE,126.98,91.16,94.21,45.86,133.05,92.24,136.23,92.11,164.53,95.63,79.85,27.23,51.28,-2.99,-0.54,0.08,-9.03,69.96,92.28,946669750.9307861,17909000.0,0.1062,-16.86,169400,0.69,51.57,-0.56,52.04,-1.46,51.9,-1.19,54.52,-5.94,3.35,4.66,175450,245793,242652,0.045
474,ALVO,Healthcare,Drug Manufacturers - Specialty & Generic,NASDAQ,126.87,91.14,117.74,95.14,119.83,88.08,102.77,71.16,59.53,14.63,48.16,8.22,5.78,6.06,0.52,9.26,61.9,17.0,73.36,1944652789.042551,356817038.0,0.0361,-36.1,707100,0.61,5.91,-2.2,5.85,-1.2,5.68,1.76,5.0,15.6,5.8,64.11,1205040,1162560,1118564,-0.389
475,MGNX,Healthcare,Biotechnology,NASDAQ,126.85,91.13,91.9,35.59,131.49,91.84,156.37,95.56,178.65,96.54,197.84,95.99,3.74,4.47,0.0,-6.5,-1.06,135.22,96.68,228046664.60006142,63700187.0,0.1144,-26.38,418400,0.72,3.65,2.47,3.71,0.81,3.87,-3.36,3.99,-6.27,6.67,88.25,773600,578960,548046,3.78
476,OBE,Energy,Oil & Gas E&P,NYSE ARCA,126.71,91.11,100.51,79.12,127.36,90.78,146.99,94.3,110.48,77.0,163.51,93.25,11.12,6.92,4.02,-14.26,9.56,92.39,94.43,693945902.546215,66725570.0,9.8,-23.78,464500,0.58,10.8,2.96,10.6,4.91,11.27,-1.33,11.21,-0.8,4.5,29.96,607990,799043,766694,0.417
477,AMAT,Technology,Semiconductor Equipment & Materials,NASDAQ,126.67,91.09,100.74,79.98,127.2,90.72,132.44,91.16,182.69,96.79,161.06,92.87,507.03,-6.11,4.54,11.07,1.16,96.45,94.84,428574345680.2762,793597443.0,0.0178,-31.45,3339100,0.55,521.96,-2.86,518.93,-2.29,482.8,5.02,489.79,3.52,3.32,13.23,5507600,6083743,6568230,0.248
478,DDI,Communication Services,Electronic Gaming & Multimedia,NASDAQ,126.51,91.08,106.52,89.04,120.25,88.23,113.84,82.67,110.88,77.48,85.53,33.1,13.65,2.55,5.0,7.65,17.67,63.87,91.31,659556307.1934509,49553440.0,0.0013,1.87,52000,0.31,13.47,1.34,13.33,2.4,13.08,4.36,12.75,7.06,1.83,15.99,156990,168193,147164,0.112
479,SBLK,Industrials,Marine Shipping,NASDAQ,126.47,91.06,100.08,77.79,127.49,90.81,132.5,91.19,116.52,82.34,124.47,83.77,29.7,-3.41,0.54,-4.72,5.03,68.55,92.0,3569195119.5,116071386.0,0.0269,-9.67,1237300,0.68,30.11,-1.36,29.96,-0.87,30.5,-2.62,29.89,-0.64,2.98,15.83,1686960,1808060,1703376,0.445
480,DAVE,Technology,Software - Application,NASDAQ,126.39,91.04,102.43,83.8,115.31,85.58,134.74,91.77,188.45,97.04,153.85,91.79,368.42,6.3,13.4,5.05,-2.44,68.99,92.05,4420676154.414124,12755507.0,0.202,-19.6,180700,0.57,355.74,3.56,343.35,7.3,346.27,6.4,353.38,4.26,5.38,77.54,268020,318486,363720,0.296
481,EC,Energy,Oil & Gas Integrated,NYSE,126.3,91.03,99.37,75.69,125.89,90.24,133.98,91.54,135.78,90.88,120.25,81.69,16.94,2.05,2.17,-4.56,-0.59,91.2,94.34,34126857385.238716,2055834735.0,0.0322,-7.83,741400,0.48,16.94,0.0,16.73,1.26,16.99,-0.29,17.09,-0.88,2.98,5.94,1433400,1554966,1669792,0.355
482,CRT,Energy,Oil & Gas E&P,NYSE,126.29,91.01,106.78,89.23,134.19,92.45,118.54,85.86,93.18,53.13,110.3,74.83,11.94,1.44,-3.97,2.51,19.53,59.47,90.52,70620002.74658203,6000000.0,0.002,-9.2,7500,0.26,11.65,2.49,11.75,1.62,12.05,-0.91,11.08,7.76,4.49,39.2,13000,28826,25576,-0.156
483,CRCT,Technology,Computer Hardware,NASDAQ,126.19,90.99,113.47,93.43,121.19,88.62,108.88,78.07,91.4,48.89,91.6,48.26,6.39,-1.99,4.07,13.7,37.42,29.56,81.83,1365577588.3251648,209444416.0,0.0967,-4.05,496000,0.74,6.4,-0.16,6.42,-0.47,6.07,5.27,5.81,9.98,3.22,14.58,620800,668060,796448,-0.092
484,KELYA,Industrials,Staffing & Employment Services,NASDAQ,126.17,90.98,95.59,53.41,137.91,93.1,136.76,92.3,132.54,89.93,77.74,25.01,15.59,-0.83,-5.4,-1.83,4.27,84.38,93.74,545986153.2344294,34731943.0,0.0401,-12.17,207200,0.75,15.8,-1.33,16.03,-2.74,16.18,-3.65,16.18,-3.65,2.89,8.87,241600,276586,302778,-0.058
485,CIB,Financial Services,Banks - Regional,NYSE,126.16,90.96,101.26,81.41,130.9,91.71,144.45,93.92,118.16,83.33,122.08,82.69,94.81,3.16,1.2,-5.63,4.25,60.89,90.7,21705971234.583862,236165492.0,0.0077,-10.22,261100,0.78,95.04,-0.24,93.43,1.48,95.03,-0.23,94.48,0.35,3.16,73.85,289140,333996,318620,0.26
486,PCLA,Communication Services,Telecom Services,NASDAQ,126.05,90.94,92.37,37.43,135.97,92.75,190.89,97.47,98.82,62.44,20.6,2.06,6.61,-1.85,-11.45,-34.57,27.7,79.27,93.24,64797043.49957466,9613805.0,0.0334,-66.3,16600,0.04,6.6,0.15,6.69,-1.2,7.14,-7.42,6.99,-5.44,6.42,20.97,17390,467736,513874,0.455
487,CNET,Communication Services,Advertising Agencies,NASDAQ,126.03,90.93,102.87,84.48,144.77,94.44,101.44,69.34,68.71,20.38,43.78,6.78,1.47,-8.12,-20.54,19.51,-14.53,14.84,71.41,5869486.487462163,3668429.0,0.0137,-48.78,23900,0.03,1.5,-2.0,1.68,-12.5,1.5,-2.0,1.43,2.8,19.83,24.02,115300,928056,600192,0.19
488,MTEX,Consumer Defensive,Food Distribution,NASDAQ,126.01,90.91,114.94,94.21,106.53,79.16,111.22,80.53,63.94,17.42,54.46,10.22,7.86,18.37,2.08,-4.26,61.07,-5.87,43.63,12813008.54236126,1929670.0,0.0121,-36.87,59600,1.3,7.69,2.21,7.47,5.22,7.65,2.75,6.91,13.75,7.77,58.95,26220,45883,31380,0.038
489,RIGL,Healthcare,Biotechnology,NASDAQ,125.94,90.89,104.08,86.04,126.19,90.36,128.42,90.1,131.69,89.61,115.32,78.62,49.08,4.09,1.87,3.9,28.95,11.14,68.29,872373100.2319336,18502080.0,0.1754,-6.05,279400,1.18,47.94,2.38,48.02,2.21,47.34,3.68,45.48,7.92,3.84,25.48,235900,237413,280196,-0.226
490,ALTO,Basic Materials,Specialty Chemicals,NASDAQ,125.9,90.88,87.98,24.85,123.09,89.3,129.07,90.26,232.75,98.09,319.88,98.2,3.73,-1.06,0.0,-4.36,-19.26,23.92,78.51,292433092.72049904,77568460.0,0.087799996,-38.95,828500,0.71,3.73,0.0,3.71,0.54,3.81,-2.1,4.07,-8.35,3.47,54.14,1016950,1168800,1503270,0.125
491,FORR,Industrials,Consulting Services,NASDAQ,125.86,90.86,98.2,68.76,132.01,91.96,147.66,94.4,125.11,87.09,62.25,14.02,11.39,1.52,-0.09,-3.06,16.94,59.3,90.45,213617585.0839615,19039000.0,0.1498,-10.67,71900,0.61,11.32,0.62,11.38,0.09,11.49,-0.87,11.7,-2.65,4.21,8.35,110990,116953,114822,-0.102
492,PCVX,Healthcare,Biotechnology,NASDAQ,125.83,90.84,120.92,95.98,105.56,78.11,122.45,87.79,103.56,68.99,138.17,88.32,71.38,26.38,26.99,20.03,27.56,48.49,87.89,8404522033.32235,148805278.0,0.109,9.82,4381400,1.63,68.77,3.8,62.83,13.61,60.54,17.91,59.94,19.09,7.81,118.41,5328770,2683153,1978550,
493,NGL,Energy,Oil & Gas Midstream,NYSE,125.77,90.83,89.74,29.12,125.48,90.06,154.34,95.16,178.27,96.47,227.07,97.01,14.74,-9.52,-2.38,-16.15,-8.45,48.89,88.05,2016934881.1653671,123814289.0,0.0352,-22.67,385600,1.84,15.33,-3.85,15.3,-3.66,15.85,-7.0,16.73,-11.89,4.12,41.13,228290,209250,236392,0.591
494,ENTG,Technology,Semiconductor Equipment & Materials,NASDAQ,125.75,90.81,112.65,93.14,116.63,86.44,114.75,83.33,112.64,78.96,141.8,89.25,165.79,-0.41,9.15,18.11,41.57,95.23,94.67,25353381185.913086,152300000.0,0.0671,-11.31,1480000,0.71,165.62,0.1,161.25,2.82,150.66,10.04,146.14,13.45,3.95,97.09,1982730,2099020,2141868,0.115
495,AII,Financial Services,Insurance - Property & Casualty,NYSE,125.71,90.79,109.5,91.42,115.9,86.04,130.44,90.69,88.65,39.46,96.06,56.61,26.77,2.72,6.27,3.24,32.13,34.19,83.53,510604697.15598106,19593427.0,0.019199999,-0.85,99900,0.51,26.29,1.83,25.86,3.52,25.9,3.36,24.92,7.42,3.15,7.11,131540,193990,193600,0.546
496,MAKO,Basic Materials,Gold,NASDAQ,125.7,90.78,97.57,63.51,141.79,93.87,145.23,94.05,102.25,67.25,150.41,91.32,9.36,1.08,-6.21,-7.14,25.81,54.71,89.47,811230737.3914013,87605909.0,0.08,-15.68,107300,0.62,9.07,3.2,9.23,1.41,9.73,-3.8,9.74,-3.9,3.69,78.1,135460,174376,190530,0.617
497,STGW,Communication Services,Advertising Agencies,NASDAQ,125.64,90.76,101.16,81.18,124.31,89.65,126.85,89.56,116.53,82.35,112.37,76.45,8.65,3.47,3.97,0.58,1.88,69.61,92.23,2043814686.426015,244475451.0,0.1038,-9.42,968000,0.74,8.62,0.35,8.44,2.49,8.44,2.49,8.67,-0.23,3.13,14.78,1548610,1314393,1414276,0.112
498,ANET,Technology,Computer Hardware,NYSE,125.61,90.74,108.17,90.47,129.0,91.31,122.26,87.69,110.98,77.64,134.43,87.19,216.74,4.53,4.93,8.59,26.73,65.79,91.59,261514938460.70435,1261224648.0,0.0127,0.86,4329200,0.92,213.16,1.68,208.9,3.75,204.38,6.05,197.86,9.54,2.84,50.14,4591320,4710540,5929158,0.377
499,GKOS,Healthcare,Medical Devices,NYSE,125.57,90.73,100.22,78.18,122.55,89.11,141.47,93.24,132.95,90.03,107.85,72.39,165.69,1.18,7.29,-0.93,-1.68,41.51,85.97,9658619683.75,58983937.0,0.0855,-13.53,1196000,1.31,164.95,0.45,163.3,1.46,162.66,1.86,172.75,-4.09,4.91,71.3,1162190,910946,825104,0.495
500,FTK,Energy,Oil & Gas Equipment & Services,NYSE,125.53,90.71,97.25,61.6,142.35,94.02,141.46,93.22,149.36,93.73,116.87,79.81,26.79,-13.41,-9.28,-1.98,14.49,50.59,88.51,1120660092.603796,36220429.0,0.2637,-32.47,440000,0.96,28.34,-5.47,28.87,-7.2,29.05,-7.78,28.55,-6.16,6.92,15.09,557130,456923,604460,0.703
501,ATKR,Industrials,Electrical Equipment & Parts,NYSE,125.48,90.68,104.91,87.36,128.11,91.1,128.3,90.03,97.1,59.75,91.46,47.94,94.84,0.23,0.29,0.73,34.05,50.37,88.43,3195607219.200485,33773062.0,0.0452,-0.04,354500,0.46,94.81,0.03,94.75,0.09,94.58,0.27,93.57,1.36,0.14,0.0,800200,778420,1052386,0.081
502,TGT,Consumer Defensive,Discount Stores,NYSE,125.48,90.68,98.24,69.31,129.2,91.36,129.24,90.29,118.94,83.78,117.42,80.18,153.64,-1.51,-2.42,-1.41,7.13,65.83,91.61,70869467916.0,454291461.0,0.037,-10.02,3600100,1.01,153.33,0.2,155.09,-0.93,156.15,-1.61,156.6,-1.89,2.36,22.02,4172580,3570893,4128732,0.053
503,MSGE,Communication Services,Entertainment,NYSE,125.45,90.66,102.37,83.62,117.26,86.76,124.79,88.78,127.68,88.13,126.87,84.66,80.84,1.21,2.21,2.08,2.51,52.16,88.84,3778269169.5077057,47305234.0,0.0465,-10.59,258800,0.49,80.9,-0.07,80.8,0.05,80.1,0.92,79.64,1.51,3.27,4.92,630960,526640,454680,0.274
504,AMBQ,Technology,Semiconductors,NYSE,125.41,90.64,85.01,19.08,162.58,96.39,142.05,93.4,196.22,97.27,90.08,45.06,58.56,-14.11,-16.09,-7.81,-7.39,89.39,94.2,1648901671.8605347,24184536.0,0.0921,-36.08,267200,0.49,61.72,-5.12,64.72,-9.52,65.18,-10.16,63.08,-7.17,6.66,29.73,485080,547980,496232,0.897
505,FTH,Healthcare,Biotechnology,NASDAQ,125.4,90.63,79.92,12.22,171.5,96.86,276.93,98.7,163.27,95.55,302.57,98.02,26.03,-8.18,-7.04,-30.48,-9.68,173.14,97.44,730827685.7338142,25778754.0,0.051799998,-38.23,197200,0.5,26.11,-0.31,27.28,-4.58,30.66,-15.1,31.57,-17.55,9.21,34.19,282730,395576,360870,
506,NAUT,Healthcare,Biotechnology,NASDAQ,125.38,90.61,209.66,98.75,53.47,10.18,59.63,12.61,104.26,69.92,245.47,97.31,2.25,14.8,133.64,120.59,118.45,13.64,70.42,249074560.6476736,127078855.0,0.0652,-47.8,19468900,3.61,1.93,16.58,1.71,31.58,1.32,70.45,1.09,106.42,13.92,127.68,14115920,5388503,3533998,
507,KOPN,Technology,Electronic Components,NASDAQ,125.37,90.59,97.15,60.91,164.06,96.49,140.87,93.12,117.45,82.84,124.26,83.6,4.46,-9.16,-10.62,-2.19,24.58,72.2,92.57,912634506.3780899,185872614.0,0.14479999,-32.53,5252200,1.51,4.6,-3.04,4.66,-4.29,4.68,-4.7,4.6,-3.04,6.29,49.87,3393480,3470610,3790720,0.506
508,PRLD,Healthcare,Biotechnology,NASDAQ,125.36,90.58,84.86,18.79,138.0,93.15,181.28,97.17,215.26,97.74,346.03,98.37,3.89,5.99,0.39,-15.25,-22.97,72.12,92.55,292298282.7664547,79645307.0,0.1433,-43.05,341600,0.68,3.84,1.3,3.84,1.3,4.18,-6.94,4.92,-20.93,7.16,14.36,482760,504510,500998,
509,PRTS,Consumer Cyclical,Auto Parts,NASDAQ,125.33,90.55,112.57,93.07,121.1,88.58,127.39,89.78,67.04,19.5,133.55,86.89,8.64,0.12,0.93,-7.2,65.2,96.36,94.82,69892222.0568285,8098751.0,0.062800005,-21.31,15400,0.22,8.61,0.35,8.46,2.13,8.58,0.7,7.6,13.68,4.59,32.79,32610,69073,53372,-0.107
510,TLIH,Industrials,Industrial Distribution,NASDAQ,125.33,90.55,100.35,78.63,128.1,91.08,124.42,88.55,123.52,86.41,31.32,4.0,5.75,1.32,-0.52,0.0,-1.37,40.59,85.59,16687059.98584652,2940451.0,0.0,-14.69,0,0.0,5.75,0.0,5.71,0.7,5.75,0.0,5.75,0.0,2.37,0.0,3140,2233,2320,-0.122
511,SU,Energy,Oil & Gas Integrated,NYSE,125.3,90.53,106.75,89.2,121.47,88.7,121.01,87.09,112.37,78.81,133.24,86.76,72.23,3.84,5.92,4.94,8.94,71.69,92.49,82132632464.16132,1180745189.0,4.8,0.24,3525100,0.8,69.65,3.7,69.11,4.51,68.92,4.8,67.08,7.68,2.42,91.01,3420050,4387583,4360252,0.459
512,UFCS,Financial Services,Insurance - Property & Casualty,NASDAQ,125.29,90.51,101.06,80.86,119.72,88.04,129.1,90.28,133.06,90.05,115.16,78.48,55.14,0.95,3.39,-0.43,6.32,49.32,88.12,1401339759.5162582,25656166.0,0.0312,-2.82,73700,0.5,55.22,-0.14,54.41,1.34,54.32,1.51,53.99,2.13,3.16,3.44,124750,148080,145132,0.144
513,BDL,Consumer Cyclical,Restaurants,NYSE ARCA,125.13,90.49,102.4,83.68,116.42,86.34,129.93,90.53,116.73,82.47,89.17,42.1,46.79,0.6,3.7,3.02,16.1,68.38,91.97,86445668.85032272,1858647.0,0.0076,-10.23,95500,3.25,46.41,0.82,46.44,0.75,45.15,3.63,45.76,2.25,4.15,51.01,45730,29363,33694,0.083
514,OOMA,Technology,Software - Application,NYSE,125.12,90.48,89.69,29.03,132.18,92.01,145.57,94.08,144.59,92.99,119.42,81.22,20.04,-3.65,-7.95,-11.99,-6.53,75.33,92.79,574079978.9428711,27600000.0,0.065,-23.48,291500,0.58,20.14,-0.5,20.52,-2.34,21.52,-6.88,21.6,-7.22,4.16,33.62,452400,506646,463942,0.254
515,THC,Healthcare,Medical Care Facilities,NYSE,125.06,90.46,105.27,87.8,120.31,88.27,124.53,88.62,93.95,54.62,98.79,60.25,263.78,2.0,1.57,0.03,4.37,31.98,82.6,20823823386.84082,80519000.0,0.0294,-6.81,525300,0.73,260.42,1.29,258.58,2.01,259.68,1.58,262.79,0.38,2.68,55.91,514130,719350,753254,0.068
516,LILA,Communication Services,Telecom Services,NASDAQ,125.01,90.44,95.93,55.22,122.49,89.06,147.04,94.31,130.16,89.21,112.06,76.26,8.1,-5.04,-4.48,-8.06,0.0,56.06,89.85,1671026947.6890564,195900000.0,0.0291,-9.85,510700,1.46,8.7,-6.9,8.56,-5.37,8.62,-6.03,8.56,-5.37,3.52,14.03,304900,349950,413722,0.015
517,MYE,Consumer Cyclical,Packaging & Containers,NYSE,124.94,90.43,96.16,56.31,127.35,90.76,129.42,90.38,156.53,94.76,129.92,85.64,30.63,-3.16,-2.33,2.51,-6.7,61.56,90.76,1189859522.5296593,37618070.0,0.038,-18.21,145600,0.46,31.16,-1.7,31.22,-1.89,31.04,-1.32,32.11,-4.61,3.09,54.98,236900,317110,337452,0.098
518,EFOR,Technology,Information Technology Services,NYSE,124.93,90.41,131.99,97.29,102.91,75.18,92.85,53.82,37.71,5.87,71.17,19.92,37.5,9.49,13.22,19.16,36.02,-23.56,28.28,1404250000.0,41000000.0,0.1074,-31.74,470200,0.65,36.09,3.91,34.95,7.3,33.85,10.78,32.52,15.31,5.25,37.56,690470,726486,751836,-0.013
519,TGB,Basic Materials,Copper,NYSE ARCA,124.91,90.39,104.53,86.71,138.77,93.27,131.94,91.02,114.97,81.01,179.31,94.83,8.85,-1.12,2.79,8.72,25.0,60.04,90.58,3275908626.2865925,366023318.0,1.45,-9.88,3644500,0.72,8.68,1.96,8.73,1.37,8.61,2.79,8.58,3.15,6.02,58.18,4645670,5082853,5640326,1.848
520,PRHI,Financial Services,Insurance - Property & Casualty,NASDAQ,124.79,90.38,117.1,94.93,124.17,89.61,140.29,93.0,82.37,32.26,70.98,19.8,8.28,20.7,11.14,-5.26,63.96,39.82,85.37,25698191.62015724,3746092.0,0.0056,-58.2,4100,0.14,7.85,5.48,7.26,14.05,7.6,8.95,6.88,20.35,9.65,38.8,29020,28393,22010,-0.265
521,XERS,Healthcare,Drug Manufacturers - Specialty & Generic,NASDAQ,124.78,90.36,120.96,96.03,114.89,85.37,101.45,69.39,119.84,84.41,89.18,42.12,10.48,15.42,15.16,40.67,24.47,45.35,87.14,1655468364.5700645,182320306.0,0.045700002,-7.5,2995200,1.05,10.2,2.75,9.87,6.18,9.03,16.06,8.65,21.16,6.0,65.15,4718320,2846583,2416546,0.287
522,ITGR,Healthcare,Medical Devices,NYSE,124.69,90.34,104.51,86.69,126.27,90.43,131.26,90.84,93.6,53.95,79.63,26.96,126.61,0.13,0.21,0.48,25.53,59.8,90.55,4298929144.849182,33997068.0,0.089899994,-0.15,1439800,1.82,126.55,0.05,126.47,0.11,126.35,0.21,125.68,0.74,0.12,19.35,865600,790856,1175998,-0.026
523,QUAD,Industrials,Specialty Business Services,NYSE,124.46,90.33,97.16,60.99,120.62,88.37,136.38,92.17,127.62,88.1,121.66,82.42,9.34,-0.85,-0.95,-7.52,-4.5,51.22,88.64,484765468.76618576,51461302.0,0.053600002,-16.23,182400,0.54,9.41,-0.74,9.37,-0.32,9.49,-1.58,9.86,-5.27,3.23,13.27,249660,338446,384470,0.01
524,BJRI,Consumer Cyclical,Restaurants,NASDAQ,124.41,90.31,95.77,54.5,128.48,91.22,137.46,92.44,147.77,93.53,92.31,49.62,59.87,-3.33,-0.43,-1.5,-19.38,45.49,87.2,1317484272.9422379,21273765.0,0.1161,-19.75,389300,0.9,60.34,-0.78,59.98,-0.18,60.4,-0.88,63.23,-5.31,3.85,74.21,428950,431396,456168,0.064
525,KF,Financial Services,Asset Management,NYSE,124.3,90.29,95.25,51.64,134.23,92.49,139.1,92.8,142.88,92.6,161.86,92.99,63.75,-7.37,-5.01,-6.22,11.96,84.26,93.7,286177508.0909729,4158348.0,0.1,-22.2,14833,0.63,65.56,-2.76,66.13,-3.6,65.89,-3.25,64.15,-0.62,3.12,48.32,16533,23494,25970,0.158
526,EOLS,Healthcare,Drug Manufacturers - Specialty & Generic,NASDAQ,124.27,90.28,97.46,62.76,119.55,87.95,109.48,78.65,91.16,47.9,67.44,17.49,7.73,8.26,-3.01,-1.4,28.62,7.51,64.23,471600132.78131485,66050440.0,0.0848,-16.97,430100,0.54,7.62,1.44,7.69,0.52,7.83,-1.28,8.01,-3.5,4.73,32.84,806470,793736,946466,0.212
527,OII,Energy,Oil & Gas Equipment & Services,NYSE,124.14,90.25,92.79,39.22,130.66,91.67,146.04,94.15,139.96,91.94,145.35,90.34,44.81,1.11,-3.13,-12.29,-5.94,80.39,93.27,4411153836.025963,99529645.0,0.105399996,-17.4,330800,0.39,44.74,0.16,44.61,0.45,45.8,-2.16,48.72,-8.03,3.3,11.49,762460,855663,860332,0.1
528,ASTC,Technology,Scientific & Technical Instruments,NASDAQ,124.14,90.25,90.12,30.36,133.92,92.41,128.78,90.19,179.3,96.57,66.97,17.1,6.81,-3.54,-4.89,-4.35,8.61,81.12,93.38,14183892.885041237,2009050.0,0.05,-90.11,15900,0.51,6.81,0.0,7.12,-4.35,6.9,-1.3,7.41,-8.1,8.04,5.48,28680,31406,145438,-0.427
529,NUE,Basic Materials,Steel,NYSE,123.98,90.23,99.61,76.36,125.57,90.11,126.24,89.31,130.22,89.24,126.44,84.5,250.33,4.13,1.49,-3.28,-2.38,54.18,89.39,54538643615.16608,226875676.0,0.0251,-10.63,1031000,0.84,249.08,0.5,243.51,2.8,247.9,0.98,254.72,-1.72,2.68,43.52,1237260,1226476,1344064,0.23
530,QUCY,Healthcare,Diagnostics & Research,NASDAQ,123.97,90.21,96.92,60.06,122.42,89.0,97.48,62.97,128.82,88.73,27.16,3.11,1.35,1.5,-1.46,0.75,21.62,20.54,76.11,111810698.9678154,84068192.0,0.0224,-72.62,582300,0.95,1.36,-0.74,1.34,0.75,1.34,0.75,1.38,-2.17,6.32,11.72,467720,612220,697992,
531,LILAK,Communication Services,Telecom Services,NASDAQ,123.92,90.19,96.42,57.49,121.95,88.87,144.01,93.87,127.5,88.04,113.28,77.29,8.12,-4.47,-4.36,-6.99,1.63,54.83,89.49,1665150000.0,195900000.0,0.0464,-8.92,2663000,1.83,8.66,-6.24,8.51,-4.58,8.58,-5.36,8.5,-4.47,3.65,16.87,1607640,1454533,1423278,0.015
532,SG,Consumer Cyclical,Restaurants,NYSE,123.91,90.18,124.34,96.67,104.31,76.59,85.68,35.15,70.99,21.85,67.43,17.48,9.63,5.82,16.87,35.63,47.02,42.88,86.52,1083276011.910658,119041315.0,0.2712,-9.41,2970200,0.57,9.32,3.33,9.02,6.76,8.16,18.01,7.12,35.25,4.74,37.22,5546310,5183953,5690790,0.038
533,RAL,Technology,Electronic Components,NYSE,123.85,90.16,107.23,89.75,119.18,87.77,117.94,85.48,129.09,88.87,86.23,33.96,73.2,0.0,4.53,8.85,9.34,41.92,86.07,8098848247.953491,110640008.0,0.074499995,-2.93,928300,0.64,73.16,0.05,71.89,1.82,69.89,4.74,67.53,8.4,2.71,90.79,1408250,1458506,1413960,0.128
534,SSRM,Basic Materials,Gold,NASDAQ,123.82,90.14,101.04,80.79,123.42,89.42,131.2,90.81,105.98,71.98,166.87,93.67,35.51,6.73,-0.48,-2.01,33.22,52.55,89.01,6903228027.151875,207491071.0,0.0425,-9.96,2097000,0.9,34.01,4.41,33.79,5.09,34.98,1.52,34.55,2.78,4.4,72.3,2109470,2341686,2599614,0.095
535,MTLS,Technology,Software - Application,NASDAQ,123.81,90.13,106.18,88.79,126.61,90.53,118.5,85.84,107.04,73.25,86.41,34.21,8.3,-2.35,-1.54,8.64,29.49,45.87,87.31,490285601.5,57680659.0,0.0177,-5.9,346000,1.65,8.46,-1.89,8.52,-2.58,8.16,1.72,7.43,11.71,3.06,70.79,259530,210166,161578,0.081
536,LB,Energy,Oil & Gas E&P,NYSE,123.67,90.11,101.6,82.09,115.86,86.01,125.02,88.85,115.0,81.07,103.51,67.11,86.25,2.94,5.98,-0.69,12.9,61.92,90.83,2484749241.509491,29654484.0,0.119899996,-5.93,160200,0.73,85.73,0.61,83.56,3.22,84.34,2.26,83.46,3.34,3.25,24.62,223400,219726,281406,0.406
537,CSCO,Technology,Communication Equipment,NASDAQ,123.65,90.1,105.63,88.12,109.59,81.56,116.11,84.33,131.74,89.63,116.12,79.21,118.39,5.52,11.39,5.99,4.66,54.37,89.42,442358235118.7797,3942586873.0,0.0146,-9.19,11418500,0.66,116.29,1.81,112.2,5.52,110.25,7.38,111.94,5.76,2.31,110.82,15958900,17412193,18778944,0.176
538,AGCC,Consumer Defensive,Beverages - Wineries & Distilleries,NASDAQ,123.49,90.08,104.67,86.97,122.48,89.03,115.81,84.15,145.46,93.15,239.96,97.21,15.44,2.93,2.93,12.7,1.85,48.32,87.86,341797500.0,22786500.0,0.0098,-39.98,2400,0.16,15.14,1.98,14.91,3.55,14.32,7.82,14.51,6.41,5.21,68.38,8650,14920,26648,2.741
539,SYNA,Technology,Semiconductors,NASDAQ,123.45,90.06,114.61,93.95,108.82,80.85,99.31,65.85,136.83,91.2,106.86,71.11,119.82,-1.06,16.65,18.6,10.08,60.9,90.71,4807837905.120491,39701387.0,0.1084,-19.64,2009000,2.03,119.5,0.27,112.73,6.29,104.04,15.17,102.12,17.33,3.31,22.2,1680560,990020,878222,0.089
540,KLIC,Technology,Semiconductor Equipment & Materials,NASDAQ,123.43,90.04,99.66,76.59,125.56,90.1,124.31,88.5,171.53,96.18,183.5,95.23,92.01,-8.69,0.91,7.1,4.45,100.39,95.11,5273204742.884636,52329115.0,0.0529,-32.25,262800,0.38,94.91,-3.06,95.1,-3.25,89.68,2.6,88.2,4.32,4.53,45.14,613550,691876,786918,1.226
541,PEB,Real Estate,REIT - Hotel & Motel,NYSE,123.43,90.04,102.41,83.75,117.82,87.07,119.55,86.39,139.14,91.77,118.13,80.54,19.12,0.26,3.86,7.23,2.25,66.86,91.73,2151910559.683136,112842716.0,0.2377,-4.06,1358200,0.59,18.98,0.74,18.89,1.22,18.5,3.35,18.37,4.08,2.58,50.74,2271460,2305473,2143870,-0.001
542,SLDE,Financial Services,Insurance - Property & Casualty,NASDAQ,123.31,90.01,106.92,89.36,113.75,84.6,136.75,92.29,104.28,69.97,98.69,60.12,25.14,6.48,8.83,1.21,24.68,29.61,81.88,2757924756.886215,116811719.0,0.1031,-6.02,973000,0.68,24.62,2.11,23.8,5.63,24.23,3.76,23.22,8.27,3.25,15.93,1196700,1426040,1161692,0.479
543,TGHL,Technology,Software - Infrastructure,NASDAQ,123.26,90.0,100.42,78.85,131.57,91.87,161.5,95.99,238.26,98.15,45.6,7.38,0.77,-1.78,5.46,-18.48,4.89,91.56,94.39,19885651.78378892,25299811.0,0.0081,-68.95,16700,0.17,0.77,0.0,0.77,0.0,0.81,-4.94,0.85,-9.41,7.89,44.42,51290,99303,663762,-0.652
544,ZS,Technology,Software - Infrastructure,NASDAQ,123.18,89.98,132.22,97.42,102.65,74.94,88.03,38.92,68.91,20.52,51.03,9.27,233.73,18.89,21.07,42.05,57.51,0.72,52.53,32056554622.006897,163054698.0,0.061,-30.64,3797500,1.08,215.63,8.39,207.07,12.87,202.22,15.58,185.78,25.81,4.11,145.13,2775770,3523863,3027318,0.249
545,OGN,Healthcare,Drug Manufacturers - General,NYSE,123.17,89.95,99.02,74.46,137.03,92.87,133.77,91.47,130.46,89.31,84.55,31.99,13.81,0.66,0.58,1.25,2.07,98.93,94.99,3603001490.884284,262609433.0,0.0759,0.18,3264900,1.26,13.76,0.36,13.74,0.51,13.71,0.73,13.7,0.8,0.33,131.25,2210400,2597513,2690844,-0.023
546,GPRK,Energy,Oil & Gas E&P,NYSE,123.17,89.95,104.91,87.36,121.68,88.77,122.37,87.75,111.08,77.72,115.68,78.95,11.54,6.36,3.04,0.52,20.63,62.07,90.9,704118944.8057652,64895753.0,0.0311,-12.11,982600,0.87,11.36,1.58,10.97,5.2,11.11,3.87,10.55,9.38,3.92,44.16,759570,1134626,810872,0.196
547,BYFC,Financial Services,Banks - Regional,NASDAQ,122.96,89.93,98.12,67.88,135.1,92.67,132.19,91.09,110.63,77.2,89.34,42.61,11.44,0.18,-3.95,-3.46,13.27,90.98,94.32,105960984.6078968,9278545.0,0.0027,-7.37,6200,2.72,11.6,-1.38,11.66,-1.89,11.8,-3.05,11.66,-1.89,1.6,92.61,2600,2280,2564,0.046
548,FRSH,Technology,Software - Application,NASDAQ,122.85,89.91,111.6,92.57,108.12,80.36,104.77,73.6,95.21,56.84,65.32,16.16,13.92,8.92,11.0,17.07,23.62,10.39,67.49,3334567396.486637,260920772.0,0.096499994,-0.5,4297100,0.68,13.63,2.13,13.2,5.45,12.85,8.33,12.68,9.78,3.76,48.67,10421250,6329320,6523992,0.16
549,SCSC,Technology,Electronics & Computer Distribution,NASDAQ,122.83,89.9,105.18,87.66,118.96,87.57,119.72,86.51,121.67,85.5,91.0,47.14,60.93,-1.3,4.51,4.71,7.88,52.25,88.87,1243415775.5393524,20142812.0,0.078600004,-8.76,196600,0.72,60.34,0.98,60.0,1.55,58.84,3.55,56.89,7.1,2.93,136.69,280230,272143,295156,0.173
550,ZSTK,Financial Services,Asset Management,NASDAQ,122.81,89.87,119.9,95.79,66.41,17.86,61.8,13.75,18.03,1.94,57.71,11.65,4.62,-4.94,13.51,-4.55,200.0,-38.85,19.67,105934511.55024338,21797224.0,0.0057,-77.41,9400,0.1,4.72,-2.12,4.72,-2.12,4.54,1.76,4.01,15.21,7.5,31.74,30730,95003,615714,0.407
551,EFXT,Energy,Oil & Gas Equipment & Services,NYSE,122.81,89.87,103.52,85.34,118.95,87.55,120.45,86.87,153.93,94.35,203.3,96.31,24.04,-2.24,1.99,4.89,9.08,57.54,90.04,3002509911.6014214,122102883.0,2.28,-17.53,418300,0.69,24.23,-0.78,24.03,0.04,23.35,2.96,22.1,8.78,4.84,23.22,787340,607046,682524,-0.054
552,FDMT,Healthcare,Biotechnology,NASDAQ,122.79,89.85,96.11,56.1,129.92,91.54,138.4,92.69,125.48,87.29,164.62,93.45,13.33,-2.49,-7.88,1.21,32.37,53.04,89.15,755188368.5847988,55244211.0,0.2492,-21.26,867900,0.87,12.82,3.98,13.5,-1.26,14.02,-4.92,13.69,-2.63,7.09,82.48,1138640,995860,1005314,251.067
553,CNC,Healthcare,Healthcare Plans,NYSE,122.76,89.83,99.38,75.73,128.01,91.03,138.21,92.62,152.11,94.08,84.46,31.86,65.36,3.76,5.73,-1.6,7.43,63.6,91.21,31116745879.154205,493995000.0,0.0328,-6.13,2853100,0.62,64.76,0.93,63.46,2.99,64.31,1.63,64.9,0.71,3.05,45.71,4217500,4638713,4371038,0.046
554,LRCX,Technology,Semiconductor Equipment & Materials,NASDAQ,122.74,89.81,99.23,75.23,129.59,91.44,134.07,91.59,170.53,96.13,193.88,95.79,318.84,-8.24,1.15,7.03,7.21,82.46,93.52,434857439330.43896,1251424362.0,0.0233,-27.29,4591300,0.53,329.73,-3.3,330.31,-3.47,310.13,2.81,310.45,2.7,3.78,23.47,7475850,8677893,8557198,0.3
555,CBNA,Financial Services,Banks - Regional,NYSE,122.73,89.8,105.48,87.95,116.98,86.67,119.71,86.49,118.89,83.75,110.24,74.75,49.25,4.19,3.12,6.33,7.89,32.11,82.67,310177092.59376144,6561817.0,0.0398,-0.93,11000,0.58,48.95,0.61,47.98,2.65,47.55,3.58,47.09,4.59,4.23,91.22,15370,18950,19806,0.549
556,FRNM,Healthcare,Diagnostics & Research,NASDAQ,122.7,89.78,109.93,91.66,125.61,90.13,114.3,82.92,94.69,55.88,86.44,34.26,15.78,-3.31,-1.31,9.81,57.96,16.8,73.19,1753531971.6898346,107446814.0,1.96,-9.83,558800,0.62,16.16,-2.35,16.06,-1.74,15.88,-0.63,14.43,9.36,5.9,32.25,632220,903196,885618,1.065
557,BTE,Energy,Oil & Gas E&P,NYSE,122.69,89.76,102.46,83.87,117.95,87.14,130.18,90.63,128.05,88.38,159.68,92.68,4.81,3.89,6.18,-4.07,13.27,55.81,89.8,3237296080.01709,699200000.0,1.57,-10.26,18382700,1.03,4.7,2.34,4.62,4.11,4.71,2.12,4.65,3.44,3.37,80.18,19006280,17838413,16521736,0.513
558,EDHL,Communication Services,Advertising Agencies,NASDAQ,122.66,89.74,116.86,94.86,90.22,52.85,48.61,8.49,90.82,46.38,29.42,3.52,5.21,-0.38,4.2,17.87,25.24,-30.72,23.83,8714618.281781673,1666275.0,0.12810001,-75.88,597600,1.41,5.17,0.77,5.15,1.17,5.05,3.17,4.45,17.08,5.68,54.04,324900,424040,266410,-0.134
559,OVV,Energy,Oil & Gas E&P,NYSE,122.66,89.74,102.84,84.46,111.98,83.35,117.43,85.2,115.85,81.87,127.86,84.98,63.88,5.87,6.24,0.76,4.15,71.19,92.43,16690044042.20581,276600000.0,0.045700002,-5.38,3149500,1.0,62.22,2.67,60.76,5.13,61.45,3.95,62.69,1.9,2.74,35.49,2917670,3153940,3230064,0.297
560,CSTL,Healthcare,Diagnostics & Research,NASDAQ,122.64,89.71,107.58,90.01,123.38,89.37,120.6,86.99,88.39,39.08,88.94,41.21,34.42,-3.21,-3.88,6.46,28.48,-16.84,33.62,1086340510.8733635,30549507.0,0.0637,-22.27,249100,0.71,34.23,0.56,34.83,-1.18,34.9,-1.38,33.26,3.49,4.93,60.71,383730,352696,417774,0.201
561,EEIQ,Consumer Defensive,Education & Training Services,NASDAQ,122.63,89.7,143.5,98.0,101.89,74.28,88.83,40.59,42.13,7.13,55.92,10.93,4.91,-3.44,1.87,35.64,140.69,20.34,75.96,8373078.017813683,1646623.0,0.0175,-61.34,4300,0.23,5.02,-2.19,5.01,-2.0,4.41,11.34,3.38,45.27,10.07,0.0,21210,18493,15614,0.168
562,TALO,Energy,Oil & Gas E&P,NYSE,122.62,89.68,101.56,81.93,117.29,86.81,125.58,89.05,113.21,79.45,133.07,86.74,16.8,0.12,2.0,-4.98,15.07,50.4,88.44,2801680667.6860886,166965468.0,0.0874,-10.28,5093000,2.32,16.84,-0.24,16.66,0.84,16.88,-0.47,16.52,1.69,3.41,13.97,2395190,2196793,2077266,0.566
563,AZTA,Healthcare,Medical Instruments & Supplies,NASDAQ,122.57,89.66,118.32,95.26,116.46,86.37,108.74,77.93,82.0,31.86,71.91,20.48,37.72,-2.66,10.88,22.27,30.97,8.73,65.85,1697575228.75,43808393.0,0.19950001,-10.19,1163100,1.06,38.34,-1.62,36.83,2.42,34.98,7.83,33.54,12.46,6.61,73.79,1578730,1098593,964596,0.12
564,NEXA,Basic Materials,Other Industrial Metals & Mining,NYSE,122.49,89.65,98.85,73.81,128.92,91.27,139.14,92.82,134.66,90.64,199.83,96.14,13.2,7.84,6.11,-0.83,0.3,51.55,88.7,1621048568.3272076,132438611.0,0.0049,-21.85,491300,0.7,12.65,4.35,12.41,6.37,12.6,4.76,13.46,-1.93,3.65,103.78,481290,704723,723138,0.282
565,RELY,Technology,Software - Infrastructure,NASDAQ,122.48,89.63,104.01,85.91,108.63,80.68,115.36,83.72,134.53,90.63,116.02,79.13,24.13,10.84,12.97,9.73,2.9,65.05,91.49,4608361952.48127,211684054.0,0.0912,-12.19,2015500,0.51,23.34,3.38,22.46,7.44,22.0,9.68,23.87,1.09,4.05,88.1,3071070,3986353,3758944,0.202
566,CLBK,Financial Services,Banks - Regional,NASDAQ,122.44,89.61,95.7,54.12,124.58,89.75,127.9,89.95,127.22,87.92,111.33,75.83,10.8,-5.35,-4.68,-6.33,-0.92,45.62,87.24,3075509949.2206764,269545135.0,0.1005,-10.0,2766000,0.64,11.01,-1.91,11.05,-2.26,11.25,-4.0,11.35,-4.85,2.69,10.34,3688800,4296183,4514180,0.131
567,EUDA,Real Estate,Real Estate Services,NASDAQ,122.37,89.6,127.2,96.97,86.03,42.21,72.97,21.36,92.0,50.45,10.69,1.01,18.48,7.19,3.43,37.36,-5.52,-32.08,23.09,51610185.882759094,2994325.0,0.0008,-78.51,12800,0.5,18.56,-0.43,17.24,7.19,17.01,8.64,15.68,17.86,8.44,58.34,13430,25506,17508,0.134
568,SEZL,Financial Services,Credit Services,NASDAQ,122.29,89.57,102.33,83.57,105.82,78.42,119.56,86.41,192.87,97.19,111.22,75.73,128.64,19.77,15.5,8.22,-17.07,71.18,92.41,3617033377.0615845,33675014.0,0.2644,-34.27,672300,1.36,116.68,10.25,112.48,14.37,113.61,13.23,122.94,4.64,4.45,164.42,482570,494393,624736,0.517
569,STTK,Healthcare,Biotechnology,NASDAQ,122.29,89.57,91.06,32.93,129.55,91.39,155.66,95.43,291.37,98.67,501.67,98.73,5.97,-11.29,-1.65,-3.71,-16.97,90.13,94.25,675444694.6042771,100363253.0,0.070300005,-28.33,1049400,0.76,5.93,0.67,6.3,-5.24,6.21,-3.86,6.81,-12.33,8.55,84.25,1663620,1375936,1184400,
570,KYMR,Healthcare,Biotechnology,NASDAQ,122.28,89.55,96.45,57.69,122.95,89.26,142.86,93.56,154.05,94.36,163.65,93.28,112.4,4.67,0.4,-2.23,5.04,33.25,83.2,8833642325.113953,82257588.0,0.16290002,-13.57,1305200,1.63,109.18,2.95,109.77,2.4,113.14,-0.65,114.61,-1.93,5.41,81.23,932350,802806,758784,4.664
571,SMCI,Technology,Computer Hardware,NASDAQ,122.27,89.53,110.86,92.16,131.55,91.86,108.62,77.81,63.23,16.95,68.09,17.98,41.86,-4.19,-3.24,4.39,50.96,34.73,83.64,28261881661.285084,646873027.0,0.1882,-28.79,27279400,0.76,43.24,-3.19,42.57,-1.67,41.12,1.8,38.0,10.16,5.28,55.64,31430050,35785176,43606716,0.932
572,FIX,Industrials,Engineering & Construction,NYSE,122.26,89.51,101.91,82.72,120.59,88.35,125.21,88.92,157.13,94.83,228.0,97.06,1715.69,-0.71,3.42,1.47,1.1,80.71,93.36,60816152798.98462,35194329.0,0.028099999,-17.28,204300,0.63,1738.89,-1.33,1708.52,0.42,1663.53,3.14,1664.44,3.08,3.87,37.04,313120,323700,351050,0.503
573,LQDT,Consumer Cyclical,Internet Retail,NASDAQ,122.12,89.5,101.1,81.03,119.49,87.94,120.17,86.72,127.29,87.95,107.97,72.58,43.13,-0.23,-1.1,1.51,12.99,39.85,85.39,1354465831.7975235,31331618.0,0.0498,-4.16,199700,0.79,42.26,2.06,42.76,0.87,42.92,0.49,42.12,2.4,2.66,99.5,298430,253736,242600,0.081
574,CODI,Industrials,Conglomerates,NYSE,122.09,89.48,97.51,63.15,139.53,93.42,135.89,92.04,121.57,85.43,148.8,90.96,10.85,-0.73,-3.56,-1.45,7.96,111.91,95.72,822329131.3401947,75235966.0,0.0646,-18.11,324700,0.56,10.96,-1.0,10.99,-1.27,11.09,-2.16,11.3,-3.98,2.96,6.22,656980,577656,661602,-0.114
575,KGEI,Energy,Oil & Gas E&P,NASDAQ,121.99,89.46,105.51,88.0,113.6,84.54,120.05,86.67,92.62,51.88,95.39,55.46,6.45,4.71,1.57,-1.68,27.22,74.32,92.69,221368803.71652603,35936495.0,4.31,-7.06,116800,0.71,6.41,0.62,6.31,2.22,6.48,-0.46,6.09,5.91,3.99,7.78,170110,163390,156390,1.029
576,BWMN,Industrials,Engineering & Construction,NASDAQ,121.89,89.45,109.59,91.5,117.67,86.96,116.82,84.88,69.21,20.66,86.9,35.08,42.7,0.23,0.31,0.66,65.18,26.03,80.02,738417808.7507935,17333752.0,0.0506,-6.83,790600,2.24,42.76,-0.14,42.68,0.05,42.58,0.28,40.69,4.94,0.21,-0.0,435950,353223,430686,0.197
577,HSTM,Healthcare,Health Information Services,NASDAQ,121.87,89.43,112.25,92.9,102.54,74.85,106.43,75.42,111.43,77.95,75.34,22.94,33.13,7.5,13.85,13.81,17.62,39.05,85.12,942965228.0028763,30595887.0,0.0617,6.49,218000,1.11,32.11,3.18,31.03,6.77,30.07,10.18,29.34,12.92,2.19,110.02,188890,195826,200084,0.125
578,NEOG,Healthcare,Medical Devices,NASDAQ,121.86,89.41,97.33,62.04,161.9,96.26,138.07,92.6,128.33,88.54,139.46,88.68,11.85,-2.47,-13.88,0.59,2.78,66.2,91.68,2649987877.549162,218106005.0,0.0684,-16.9,3641500,0.81,12.04,-1.58,12.39,-4.36,12.7,-6.69,12.13,-2.31,6.73,35.09,7151960,4502943,3511934,-0.001
579,PTC,Technology,Software - Application,NASDAQ,121.75,89.4,139.14,97.77,87.06,44.33,81.78,29.9,69.55,20.88,72.84,21.25,194.45,35.01,40.78,48.68,42.66,8.59,65.71,15628156639.376068,108506261.0,0.0921,-5.98,3660600,1.16,193.41,0.54,167.51,16.08,150.86,28.89,148.81,30.67,3.74,12.36,6062300,3163420,2396696,-0.068
580,ONTO,Technology,Semiconductor Equipment & Materials,NYSE,121.73,89.38,100.29,78.41,125.8,90.19,135.62,91.92,152.41,94.13,184.51,95.3,294.53,-10.14,2.4,4.72,17.57,84.92,93.82,20034427946.197876,61123436.0,0.071,-23.79,567200,0.67,306.14,-3.79,307.46,-4.21,286.51,2.8,288.35,2.14,4.7,32.73,760260,840476,950198,0.353
581,HPQ,Technology,Computer Hardware,NYSE,121.72,89.36,100.19,78.08,125.72,90.16,136.41,92.19,99.81,63.66,78.14,25.44,30.2,-5.98,-3.51,-14.88,13.53,35.37,83.92,28965524961.063328,901790969.0,0.094,-16.64,16693500,1.1,31.62,-4.49,31.57,-4.34,32.4,-6.79,30.87,-2.17,3.84,26.72,12183530,15158630,15096532,0.125
582,VTRS,Healthcare,Drug Manufacturers - Specialty & Generic,NASDAQ,121.69,89.35,101.6,82.09,125.19,89.9,115.83,84.18,135.92,90.93,134.83,87.24,17.64,0.23,-1.07,6.84,0.07,50.34,88.41,20215199644.552643,1148590864.0,0.0356,-4.29,8831100,1.0,17.55,0.51,17.69,-0.28,17.36,1.61,16.9,4.38,2.88,88.48,9812270,8844770,9390816,0.049
583,CHYM,Technology,Software - Application,NASDAQ,121.63,89.33,107.87,90.26,113.41,84.31,148.07,94.45,80.35,30.07,83.16,30.37,30.08,10.39,12.32,-8.85,33.1,12.28,69.4,10316444274.75,378585111.0,0.0733,-15.39,5741600,0.84,28.58,5.25,27.69,8.63,28.98,3.8,30.34,-0.86,3.61,97.59,4335440,6826310,8069884,0.268
584,SLNG,Energy,Oil & Gas Integrated,NASDAQ,121.62,89.31,105.96,88.51,109.07,81.13,108.55,77.75,79.88,29.61,65.15,15.92,5.44,11.7,3.62,4.02,14.05,16.49,72.87,90563983.74182224,18596301.0,0.003,-23.06,36800,1.12,5.31,2.45,5.13,6.04,5.17,5.22,5.39,0.93,4.87,33.96,18070,32776,34538,-0.312
585,TRGP,Energy,Oil & Gas Midstream,NYSE,121.56,89.29,99.34,75.59,113.25,84.19,122.41,87.77,134.34,90.6,121.53,82.32,286.7,1.76,3.19,-1.22,7.34,59.28,90.44,60413793762.48706,214431021.0,0.0309,-6.9,791700,0.69,286.45,0.09,281.45,1.87,283.58,1.1,283.04,1.29,2.61,9.5,1165710,1143106,1208012,0.042
586,MRK,Healthcare,Drug Manufacturers - General,NYSE,121.56,89.29,100.52,79.17,124.07,89.6,125.93,89.2,116.75,82.49,116.94,79.88,145.6,0.9,-2.14,1.76,12.84,41.91,86.05,356012874892.61035,2467171638.0,0.0139999995,-7.21,9287700,0.99,142.45,2.21,144.36,0.86,145.65,-0.03,142.94,1.86,2.53,114.91,8523810,9424280,10136122,0.051
587,CNK,Communication Services,Entertainment,NYSE,121.55,89.26,102.09,83.06,119.11,87.74,110.79,80.1,96.54,58.83,100.96,63.51,36.4,0.97,-3.63,3.76,0.93,63.58,91.19,4178622284.3162727,115911855.0,0.10569999,-6.83,947300,0.45,36.17,0.64,36.7,-0.82,36.05,0.97,36.41,-0.03,3.54,12.4,1805690,2116876,2201690,0.155
588,OSPN,Technology,Software - Infrastructure,NASDAQ,121.5,89.25,107.29,89.8,122.65,89.16,116.85,84.92,109.53,75.99,77.65,24.93,18.22,0.55,2.3,8.13,19.15,47.25,87.62,671760073.1127739,37072850.0,0.1224,-1.41,535500,1.01,18.15,0.39,18.05,0.94,17.84,2.13,16.83,8.26,3.06,62.82,488360,529643,486378,0.01
589,TELA,Healthcare,Medical Devices,NASDAQ,121.49,89.23,118.65,95.44,129.6,91.46,90.44,44.05,65.63,18.6,48.4,8.34,1.11,-2.63,-11.9,14.43,56.34,-2.63,48.14,51463486.75421834,45143410.0,0.0176,-30.63,108700,0.44,1.09,1.83,1.15,-3.48,1.18,-5.93,0.94,18.09,10.91,82.55,171260,248416,262946,-0.045
590,DCTH,Healthcare,Medical Devices,NASDAQ,121.47,89.21,99.39,75.77,126.25,90.41,134.58,91.72,105.1,71.06,87.15,35.46,15.36,1.52,-1.54,-3.46,27.57,52.53,88.99,524992772.32096195,34698795.0,0.0725,-11.83,190100,0.53,15.41,-0.32,15.52,-1.03,15.83,-2.97,15.94,-3.64,3.68,73.4,331560,358126,514620,0.206
591,ELPC,Utilities,Utilities - Regulated Electric,NYSE,121.35,89.2,115.56,94.4,106.32,79.01,110.99,80.31,103.91,69.53,145.79,90.44,14.19,10.34,15.93,13.7,20.15,59.32,90.47,9547297798.396278,742402648.0,0.0013,3.6,670700,1.11,14.0,1.36,13.19,7.58,12.79,10.95,12.0,18.25,2.81,5.01,821600,603780,547040,0.111
592,ELF,Consumer Defensive,Household & Personal Products,NYSE,121.32,89.18,114.04,93.63,115.39,85.73,116.33,84.46,76.16,26.0,69.66,19.09,109.23,4.35,9.77,12.71,32.79,38.02,84.85,6176957039.287811,59007996.0,0.0842,-26.07,920700,0.66,105.35,3.68,104.0,5.03,100.62,8.56,99.29,10.01,3.31,61.63,1175540,1399010,1815436,0.355
593,CVU,Industrials,Aerospace & Defense,NYSE ARCA,121.19,89.16,97.34,62.09,117.67,86.96,124.62,88.7,125.73,87.36,94.16,53.09,5.14,-0.58,1.18,-0.19,5.98,43.58,86.68,68501125.79087448,13249734.0,0.0064,-14.05,10500,0.26,5.12,0.39,5.14,0.0,5.11,0.59,5.22,-1.53,2.97,45.79,35260,41113,48884,0.158
594,USEA,Industrials,Marine Shipping,NASDAQ,121.14,89.15,92.28,37.05,123.91,89.55,140.85,93.1,135.9,90.91,129.74,85.61,2.54,-4.69,-6.62,-12.15,-2.72,57.84,90.06,25419140.071148872,9538139.0,0.18540001,-20.63,182200,1.23,2.63,-3.42,2.63,-3.42,2.79,-8.96,2.73,-6.96,5.26,14.97,134280,148350,110242,-0.199
595,HQ,Technology,Software - Infrastructure,NASDAQ,121.08,89.13,95.99,55.47,108.49,80.52,134.47,91.69,177.52,96.44,116.85,79.77,16.3,3.23,4.55,7.1,29.78,,,852219141.1411285,53972080.0,0.10479999,-63.78,138300,0.36,16.41,-0.67,15.61,4.42,14.9,9.4,15.46,5.43,7.95,26.24,134650,386106,348424,
596,UCTT,Technology,Semiconductor Equipment & Materials,NASDAQ,121.01,89.11,85.16,19.31,148.68,94.91,149.21,94.68,208.07,97.59,243.53,97.26,68.59,-5.64,-11.71,-7.36,-17.59,164.21,97.28,3291187348.5496216,45277029.0,0.1074,-52.44,876000,0.92,70.97,-3.35,74.58,-8.03,73.22,-6.32,75.99,-9.74,6.4,39.63,1234530,956250,1044696,0.243
597,JG,Technology,Software - Application,NASDAQ,120.95,89.1,118.71,95.46,104.53,76.95,90.89,45.25,42.1,7.09,68.13,18.04,7.1,9.57,4.57,9.23,34.47,8.73,65.85,37154836.189363,5733771.0,0.0026,-20.76,2100,0.51,7.01,1.28,6.79,4.57,6.6,7.58,6.15,15.45,5.2,2.71,3470,4083,4648,0.126
598,RLJ,Real Estate,REIT - Hotel & Motel,NYSE,120.91,89.08,99.21,75.16,117.91,87.12,118.69,85.93,143.87,92.83,104.2,68.14,11.21,-0.09,1.47,4.45,-7.68,53.76,89.29,1709657324.5287476,152375872.0,0.1066,-13.03,1222300,0.7,11.18,0.27,11.1,0.99,10.95,2.37,11.08,1.17,2.41,29.58,1888250,1751106,1782948,0.056
599,ROG,Technology,Electronic Components,NYSE,120.89,89.07,107.47,89.91,109.31,81.33,113.4,82.31,129.31,88.94,144.96,90.1,147.41,-7.87,7.0,7.85,20.69,57.04,89.99,2855765600.0,17848535.0,0.0493,-12.78,208100,0.82,153.04,-3.68,150.88,-2.3,141.85,3.92,135.12,9.1,4.71,24.5,323400,255013,233288,0.069
600,VBNK,Financial Services,Banks - Regional,NASDAQ,120.77,89.05,97.28,61.8,132.16,91.99,135.72,91.96,137.46,91.44,121.13,82.11,22.04,-1.53,-5.77,-2.48,13.58,47.04,87.58,726187357.2331028,32419079.0,2.7,-12.02,278200,1.77,22.08,-0.18,22.17,-0.59,22.57,-2.35,21.05,4.7,3.05,78.92,149260,157200,132068,0.284
601,MSGS,Communication Services,Entertainment,NYSE,120.76,89.03,99.69,76.7,118.55,87.35,124.86,88.82,130.94,89.46,127.89,85.01,402.3,-1.14,-0.13,2.61,-0.68,59.36,90.49,9799332283.894592,24079941.0,0.0858,-8.35,309700,1.04,403.37,-0.27,405.84,-0.87,401.15,0.29,398.24,1.02,2.92,29.18,310660,296376,268858,0.367
602,HFBL,Financial Services,Banks - Regional,NASDAQ,120.75,89.02,97.12,60.83,127.74,90.91,133.04,91.32,126.42,87.65,115.9,79.1,24.16,-4.84,-2.58,-3.36,5.09,44.68,86.98,76946779.81027222,3030594.0,0.0016,-13.71,0,0.0,24.16,0.0,24.57,-1.67,24.83,-2.7,24.72,-2.27,1.35,0.0,730,800,1242,0.13
603,WPP,Communication Services,Advertising Agencies,NYSE,120.73,89.0,105.99,88.55,129.99,91.57,116.4,84.5,84.63,34.69,65.64,16.28,25.38,4.96,-0.37,3.7,26.56,20.84,76.3,5321444389.396992,215705082.0,0.0088,-8.64,246600,0.75,24.78,2.42,24.69,2.79,24.88,2.01,24.82,2.26,2.67,16.23,321430,328586,410394,-0.044
604,VPG,Technology,Scientific & Technical Instruments,NYSE,120.69,88.98,97.76,64.79,120.95,88.48,113.91,82.7,233.05,98.1,149.79,91.24,72.63,-8.14,1.4,11.11,-17.39,87.53,94.05,1053246396.0349274,13320430.0,0.1258,-52.15,177300,0.55,75.24,-3.47,74.57,-2.6,69.65,4.28,69.18,4.99,4.91,28.33,297590,322363,472274,0.117
605,INTA,Technology,Software - Application,NASDAQ,120.68,88.97,108.35,90.66,106.93,79.53,113.23,82.17,84.77,34.83,49.64,8.76,39.61,8.55,9.72,6.39,23.51,-16.04,34.28,2791891918.9414215,76511148.0,0.059699997,-17.36,437700,0.78,38.05,4.1,37.12,6.71,36.95,7.2,38.45,3.02,3.57,57.29,474240,564420,636918,0.13
606,NXPL,Technology,Software - Application,NASDAQ,120.58,88.95,103.55,85.38,129.57,91.42,136.57,92.22,82.68,32.5,78.12,25.42,9.0,5.26,-0.11,0.0,45.87,38.46,85.0,23198048.617506027,2713222.0,0.0021,-18.92,6300,0.29,9.14,-1.53,8.99,0.11,9.07,-0.77,8.52,5.63,4.21,66.04,5920,21740,37388,-0.103
607,NVT,Industrials,Electrical Equipment & Parts,NYSE,120.55,88.93,102.94,84.6,119.68,88.0,120.39,86.81,133.61,90.28,148.47,90.92,167.43,-1.26,1.84,3.11,15.63,63.65,91.24,27444631741.679016,161857939.0,0.0327,-9.32,1663300,0.71,168.08,-0.39,165.83,0.96,161.11,3.92,159.81,4.77,3.91,95.67,1861450,2332610,2223326,0.528
608,YQ,Consumer Defensive,Education & Training Services,NASDAQ,120.51,88.92,110.75,92.07,122.79,89.2,125.42,88.97,78.37,27.98,65.92,16.49,3.39,-3.69,-8.13,-9.84,93.71,-16.3,34.11,34095694.85524893,9686277.0,0.0108,-47.44,1200,0.01,3.35,1.19,3.47,-2.31,3.57,-5.04,2.93,15.7,4.47,19.81,5060,144323,89902,2.546
609,CRGY,Energy,Oil & Gas E&P,NYSE,120.39,88.9,98.21,68.86,119.38,87.84,128.35,90.08,98.36,61.58,130.7,85.94,12.66,-5.45,-3.73,-13.64,14.47,58.21,90.2,4424105602.875107,330403696.0,0.1145,-18.16,41806000,5.53,13.26,-4.52,13.17,-3.87,13.56,-6.64,13.2,-4.09,3.79,10.42,9208570,7554206,6775854,0.553
610,UVE,Financial Services,Insurance - Property & Casualty,NYSE,120.35,88.88,104.75,87.06,110.4,82.22,123.58,88.2,113.89,79.94,118.27,80.65,45.85,4.32,8.8,3.43,4.61,34.02,83.45,1223144123.4828758,27830355.0,0.028099999,1.55,196100,1.2,45.05,1.78,43.9,4.44,43.74,4.82,43.59,5.18,2.83,7.7,209910,163650,179422,0.067
611,PDEX,Healthcare,Medical Instruments & Supplies,NASDAQ,120.26,88.87,93.37,41.83,139.35,93.38,119.13,86.13,129.66,89.02,116.52,79.5,62.49,-2.47,-12.93,-0.51,10.31,46.42,87.41,205237608.40242004,3203334.0,0.2881,-18.84,31900,0.46,63.57,-1.7,65.79,-5.02,68.08,-8.21,66.35,-5.82,4.57,24.15,51880,69780,71118,0.166
612,PWR,Industrials,Engineering & Construction,NYSE,120.22,88.85,108.64,90.99,108.86,80.95,110.14,79.4,119.32,84.06,137.42,88.03,705.94,4.34,8.77,8.53,7.31,63.15,91.14,101716325601.0307,150343393.0,0.024,-10.5,685500,0.78,699.06,0.98,677.28,4.23,654.42,7.87,651.78,8.31,3.25,111.32,908080,874150,974880,0.411
613,CHMG,Financial Services,Banks - Regional,NASDAQ,120.21,88.83,97.8,65.2,121.63,88.75,129.27,90.33,127.2,87.89,120.79,81.95,80.54,-1.7,-1.78,-4.95,-0.27,45.42,87.15,395023202.4313965,4821472.0,0.0347,-6.35,65800,0.89,81.15,-0.75,81.22,-0.84,82.14,-1.95,82.22,-2.04,2.08,61.44,81090,73820,67068,2.417
614,NRXS,Healthcare,Biotechnology,NYSE ARCA,120.2,88.82,102.09,83.06,141.29,93.77,126.79,89.55,149.55,93.78,216.26,96.77,6.93,-2.53,-8.33,20.73,10.35,71.96,92.54,89285710.82664251,12557765.0,0.038399998,-25.72,56700,0.44,6.89,0.58,7.13,-2.81,7.03,-1.42,6.58,5.32,7.37,27.41,70330,127980,113384,1.157
615,SPT,Technology,Software - Application,NASDAQ,120.18,88.8,110.22,91.87,102.26,74.56,117.91,85.46,91.87,50.17,41.98,6.21,11.0,9.02,15.3,1.85,29.87,-5.74,43.77,611375428.3256378,60592212.0,0.08930001,-12.77,777400,0.72,10.59,3.87,10.21,7.74,10.36,6.18,10.23,7.53,4.91,16.67,800700,1084973,1221466,0.108
616,WHD,Energy,Oil & Gas Equipment & Services,NYSE,120.14,88.78,98.31,70.03,123.38,89.37,127.49,89.83,104.67,70.46,106.9,71.17,63.43,-0.02,-1.35,-8.79,2.53,38.79,85.06,4423872082.156067,69733168.0,0.0596,-14.36,257500,0.34,63.73,-0.47,63.45,-0.03,65.3,-2.86,67.77,-6.4,2.9,11.8,588850,752303,750586,0.643
617,JOYY,Communication Services,Internet Content & Information,NASDAQ,120.13,88.77,107.1,89.58,117.69,87.01,113.69,82.59,107.72,73.98,103.48,67.04,81.05,2.35,3.6,6.96,13.17,33.88,83.37,3878211822.1342163,48973503.0,0.059699997,-0.26,456500,1.29,80.88,0.21,80.22,1.03,78.76,2.91,75.29,7.65,2.13,38.28,262170,355246,338578,0.163
618,MITK,Technology,Software - Application,NASDAQ,120.1,88.75,95.52,53.03,117.74,87.04,123.99,88.45,156.95,94.81,144.96,90.1,17.7,-0.28,0.23,2.79,3.69,67.77,91.92,800922138.5,45122374.0,0.0926,-15.91,433800,0.71,17.48,1.26,17.4,1.72,17.47,1.32,17.86,-0.9,4.14,54.63,548360,607366,667804,0.182
619,VGNT,Consumer Cyclical,Auto Parts,NYSE,119.96,88.73,94.98,50.28,125.13,89.85,121.04,87.15,115.58,81.61,101.54,64.34,44.19,-4.82,-5.44,-5.76,5.77,,,3288881375.5672073,70835265.0,4.73,-13.17,543800,0.73,45.66,-3.22,45.7,-3.3,46.01,-3.96,46.1,-4.14,3.73,23.07,736310,743003,793680,0.108
620,ORMP,Healthcare,Biotechnology,NASDAQ,119.95,88.72,91.77,35.09,127.96,90.98,136.68,92.27,128.47,88.6,138.77,88.47,4.33,-3.56,-8.46,-7.08,5.1,56.91,89.96,186772109.93912125,41597354.0,0.038,-20.84,193500,1.07,4.37,-0.92,4.49,-3.56,4.6,-5.87,4.65,-6.88,3.79,109.57,150620,181293,200736,
621,VIRT,Financial Services,Capital Markets,NYSE,119.67,88.7,94.88,49.72,111.53,83.03,128.43,90.11,126.8,87.74,120.78,81.94,57.51,-2.18,7.7,-5.5,-2.43,75.55,92.81,5191196940.461685,88300678.0,0.0552,-16.36,750000,0.63,59.73,-3.72,57.39,0.21,56.97,0.95,59.42,-3.21,4.63,30.41,1543980,1199586,1339180,0.291
622,DIOD,Technology,Semiconductors,NASDAQ,119.64,88.68,99.76,76.86,123.94,89.56,122.85,87.94,121.12,85.14,172.42,94.25,94.94,-8.57,-0.94,-0.07,15.78,87.74,94.08,4782008878.553619,46051705.0,0.088,-24.64,365100,0.69,100.62,-5.65,99.48,-4.56,95.99,-1.09,94.6,0.36,5.0,12.63,519720,531340,604402,0.217
623,PLXS,Technology,Electronic Components,NASDAQ,119.63,88.67,100.77,80.11,119.63,87.99,116.65,84.72,129.43,88.97,141.17,89.06,262.54,-3.88,-0.21,2.82,8.49,71.2,92.45,7279487930.007202,26652099.0,0.0475,-14.5,160100,0.76,267.26,-1.77,267.17,-1.73,259.25,1.27,256.03,2.54,2.82,23.21,194130,210370,230972,0.281
624,HP,Energy,Oil & Gas Drilling,NYSE,119.58,88.65,99.62,76.41,117.83,87.1,129.49,90.4,119.77,84.33,133.59,86.92,39.88,3.42,3.4,-9.45,18.76,43.86,86.76,3853645856.4452553,99938945.0,0.103999995,-17.21,968400,0.82,39.89,-0.03,38.74,2.94,39.98,-0.25,41.06,-2.87,3.5,1.43,1055610,1181413,1271188,-0.006
625,EGY,Energy,Oil & Gas E&P,NYSE,119.57,88.63,101.56,81.93,115.37,85.71,127.62,89.85,110.58,77.16,125.13,84.01,6.01,4.89,3.26,-4.91,14.59,78.63,93.16,602748889.9463739,105191778.0,0.0793,-10.57,1240000,0.95,5.87,2.39,5.8,3.62,5.95,1.01,5.83,3.09,2.86,29.06,1140630,1311923,1303956,0.395
626,SANM,Technology,Electronic Components,NASDAQ,119.54,88.62,100.97,80.54,125.13,89.85,118.23,85.63,125.22,87.14,131.03,85.99,217.49,-5.04,-3.24,0.69,18.54,42.25,86.23,12275938058.39447,53597356.0,0.059699997,-24.66,558600,0.94,220.11,-1.19,220.92,-1.55,214.19,1.54,205.25,5.96,4.72,92.88,567650,592560,617304,0.697
627,RUSHB,Consumer Cyclical,Auto & Truck Dealerships,NASDAQ,119.39,88.6,107.76,90.2,113.6,84.54,107.15,76.15,114.99,81.03,115.87,79.05,57.34,1.11,3.9,14.96,10.38,49.82,88.27,6619781727.780113,116730415.0,0.0359,-0.07,142100,0.78,56.32,1.81,55.61,3.11,54.85,4.54,53.04,8.11,2.86,160.44,94630,183348,150188,-0.016
628,STK,Financial Services,Asset Management,NYSE,119.36,88.58,104.59,86.82,117.71,87.02,116.56,84.65,120.96,85.11,126.21,84.43,55.48,0.78,4.34,7.42,16.24,56.21,89.89,974113589.999733,17695070.0,0.11,-5.1,47329,0.93,55.52,-0.07,54.53,1.74,53.59,3.53,52.51,5.66,2.11,14.53,55262,50880,56034,
629,CNQ,Energy,Oil & Gas E&P,NYSE,119.31,88.57,102.9,84.55,113.53,84.41,117.64,85.28,106.49,72.55,122.69,82.98,49.65,2.5,4.72,-0.84,5.96,58.03,90.13,99859057168.96057,2061500000.0,26.75,-5.09,3877500,0.6,48.52,2.33,48.06,3.31,48.66,2.03,48.62,2.12,2.31,68.08,5149800,6496153,6271082,0.695
630,GIC,Industrials,Industrial Distribution,NYSE,119.29,88.55,108.71,91.04,114.36,85.09,111.93,81.11,101.98,66.84,107.28,71.6,42.95,-1.51,3.49,10.16,22.87,47.93,87.75,1668566550.7427216,38261099.0,0.0463,-2.16,93500,0.63,43.12,-0.39,42.89,0.14,41.65,3.12,40.02,7.32,2.57,71.54,151960,147246,143288,0.077
631,ROKU,Communication Services,Entertainment,NASDAQ,119.28,88.53,98.89,73.96,123.22,89.33,125.4,88.95,125.3,87.22,121.66,82.42,152.85,0.3,0.11,-1.34,5.35,39.21,85.16,22631535272.226303,148510633.0,0.057800002,-4.4,628500,0.32,152.97,-0.08,152.56,0.19,153.6,-0.49,154.09,-0.8,1.21,5.4,1409770,1948233,2160598,0.219
632,GCBC,Financial Services,Banks - Regional,NASDAQ,119.18,88.52,96.18,56.48,119.02,87.64,126.08,89.26,128.3,88.52,93.07,51.14,33.65,-1.78,-2.35,-5.77,0.95,45.02,87.03,583293087.5232887,17025485.0,0.0315,-7.38,17400,0.48,34.17,-1.52,34.05,-1.17,34.69,-3.0,34.68,-2.97,2.08,28.51,25490,35930,34092,0.198
633,LNTH,Healthcare,Drug Manufacturers - Specialty & Generic,NASDAQ,119.15,88.5,97.06,60.66,117.3,86.82,120.44,86.86,132.7,89.98,106.92,71.19,100.15,0.19,0.41,-0.1,-0.84,47.26,87.64,6527375445.216179,65299875.0,0.0723,-10.47,973500,1.02,100.12,0.03,99.9,0.25,100.09,0.06,100.47,-0.32,0.37,24.4,906150,952290,1431366,0.027
634,VRNS,Technology,Software - Infrastructure,NASDAQ,119.13,88.48,107.64,90.1,118.37,87.29,121.05,87.18,124.78,86.91,52.48,9.7,50.12,5.36,8.37,11.08,25.52,45.53,87.22,5463913236.397362,114860485.0,0.0685,-21.56,1575300,0.85,49.04,2.2,48.27,3.83,47.77,4.92,45.2,10.88,3.2,75.52,1407020,1860640,1636774,0.183
635,SBFG,Financial Services,Banks - Regional,NASDAQ,119.09,88.47,100.0,77.48,121.07,88.57,121.22,87.25,120.54,84.9,98.23,59.43,29.21,-0.65,-2.18,0.24,10.46,33.35,83.23,183837962.41467285,6252992.0,0.0039,-11.3,6711,0.44,29.23,-0.07,29.32,-0.38,29.49,-0.95,28.32,3.14,4.25,1.61,12291,15143,15466,0.078
636,DCO,Industrials,Aerospace & Defense,NYSE,119.08,88.45,97.44,62.64,123.25,89.35,130.39,90.68,137.29,91.36,143.93,89.85,170.56,-2.75,-0.92,-1.26,-7.02,73.02,92.62,2648350229.5938263,15099779.0,0.0592,-18.93,91800,0.41,170.55,0.01,171.18,-0.36,170.16,0.24,179.21,-4.83,3.32,17.65,161800,226373,222264,0.118
637,CBZ,Industrials,Specialty Business Services,NYSE,119.04,88.43,105.15,87.61,134.94,92.62,129.96,90.54,90.14,43.28,48.25,8.29,54.82,0.24,0.26,0.51,-0.78,5.1,60.81,3004694885.1307297,54940482.0,0.045700002,-3.54,543800,0.53,54.77,0.09,54.73,0.16,54.68,0.26,54.69,0.24,0.15,23.73,868140,1027773,1079638,-0.002
638,KN,Technology,Electronic Components,NYSE,118.98,88.42,101.57,81.99,118.03,87.15,118.75,85.96,133.88,90.48,134.62,87.22,37.56,-6.22,0.08,1.73,4.1,69.57,92.21,3420683491.1370926,85410326.0,0.0784,-12.51,370300,0.56,38.27,-1.86,38.14,-1.52,37.03,1.43,36.59,2.65,3.02,64.28,604170,659630,712188,0.143
639,SUNE,Technology,Solar,NASDAQ,118.97,88.4,83.94,17.45,124.21,89.63,180.24,97.12,163.1,95.53,78.1,25.38,2.28,-2.56,-5.0,-28.75,-0.44,109.17,95.65,15240672.160975456,6513108.0,0.0733,-75.87,39200,0.01,2.3,-0.87,2.32,-1.72,2.53,-9.88,2.5,-8.8,5.76,15.22,78600,5328670,3243906,-0.375
640,RCBC,Financial Services,Banks - Regional,NASDAQ,118.96,88.38,108.78,91.08,109.11,81.18,114.38,83.02,100.81,65.22,96.28,56.9,54.98,1.5,7.64,5.25,14.66,22.73,77.63,758102353.1246185,13994875.0,1.81,0.18,59805,0.64,54.7,0.51,53.34,3.07,52.7,4.33,50.82,8.19,2.45,31.92,87120,93196,76476,0.198
641,NRIX,Healthcare,Biotechnology,NASDAQ,118.95,88.37,90.62,31.82,132.35,92.06,156.44,95.59,149.11,93.68,119.57,81.31,22.35,-2.78,-2.87,-10.96,-5.22,15.56,72.08,2377299617.2022877,103405813.0,0.1752,-20.83,1525100,1.02,22.55,-0.89,23.02,-2.91,23.97,-6.76,25.18,-11.24,4.62,108.53,1610690,1500566,1326508,-0.795
642,BOTJ,Financial Services,Banks - Regional,NASDAQ,118.93,88.35,98.34,70.43,118.92,87.52,126.72,89.52,134.99,90.78,132.39,86.54,26.94,-1.32,0.71,-1.93,-2.07,50.52,88.49,124033151.23370743,4543339.0,0.0045,-9.57,13600,0.36,27.16,-0.81,27.14,-0.74,27.1,-0.59,27.17,-0.85,3.38,5.49,37500,38266,40650,0.041
643,CBLL,Healthcare,Medical Devices,NASDAQ,118.86,88.33,102.4,83.68,122.92,89.25,127.7,89.86,96.96,59.53,113.69,77.58,23.63,-0.25,-0.25,0.0,33.96,12.04,69.11,909177233.1861172,38378101.0,0.0727,-7.79,325300,0.98,23.89,-1.09,24.05,-1.75,24.14,-2.11,23.25,1.63,3.82,81.41,283310,333493,376136,0.325
644,GNK,Industrials,Marine Shipping,NYSE,118.79,88.32,100.47,79.01,114.8,85.28,124.64,88.72,124.19,86.64,137.54,88.1,26.5,-4.23,1.57,-1.23,5.2,52.17,88.86,1206041363.675394,43586605.0,0.035,-6.76,402400,0.68,27.26,-2.79,26.93,-1.6,27.06,-2.07,26.37,0.49,3.2,17.68,430060,591430,589912,0.685
645,RDIB,Communication Services,Entertainment,NASDAQ,118.78,88.3,94.78,49.03,151.39,95.18,154.3,95.15,78.11,27.68,75.72,23.39,12.93,-19.59,-21.01,-24.03,53.02,14.83,71.39,368073240.4136219,22890127.0,0.0592,-46.13,1919,0.03,13.16,-1.75,14.52,-10.95,15.69,-17.59,13.12,-1.45,11.56,-0.0,15920,62925,214798,0.108
646,UFPT,Healthcare,Medical Devices,NASDAQ,118.76,88.28,101.47,81.68,117.68,86.99,116.05,84.28,107.94,74.3,77.63,24.9,288.97,-3.9,-2.26,3.99,13.31,25.82,79.85,2329159147.5531006,7745790.0,0.1891,-14.69,92600,0.81,295.72,-2.28,296.73,-2.62,289.45,-0.17,297.34,-2.81,2.79,71.25,113470,114816,137888,0.151
647,AIRT,Industrials,Conglomerates,NASDAQ,118.75,88.27,101.18,81.23,115.86,86.01,126.72,89.52,111.92,78.43,95.41,55.52,30.55,2.52,5.24,-0.46,9.11,58.7,90.3,80355966.1427269,2696509.0,0.024,-12.71,35000,0.72,30.56,-0.03,29.77,2.62,29.89,2.21,30.38,0.56,6.03,73.23,44440,48823,35714,0.629
648,UMAC,Technology,Computer Hardware,NYSE ARCA,118.73,88.25,90.52,31.67,146.2,94.61,133.14,91.34,99.06,62.77,132.28,86.51,20.83,-6.88,-13.39,-9.24,1.56,74.9,92.74,1117527058.7751675,49956505.0,0.1859,-40.36,2504500,0.93,21.66,-3.83,22.58,-7.75,22.98,-9.36,24.57,-15.22,7.44,28.71,2806120,2684690,3630356,6.873
649,FATE,Healthcare,Biotechnology,NASDAQ,118.7,88.23,85.66,20.15,154.79,95.53,155.75,95.44,192.03,97.12,104.67,68.62,2.18,-6.03,-7.23,-5.63,-13.15,107.62,95.53,277983584.4811177,119820514.0,0.0885,-32.51,770700,0.55,2.24,-2.68,2.29,-4.8,2.36,-7.63,2.46,-11.38,7.18,51.14,1276600,1401640,1692782,0.092
650,RNXT,Healthcare,Biotechnology,NASDAQ,118.7,88.23,88.81,26.81,145.23,94.51,172.02,96.79,72.87,23.62,81.04,28.28,1.28,-18.99,-22.89,-27.27,36.03,42.22,86.21,71304624.57674837,45129508.0,0.0154,-50.58,798200,0.68,1.37,-6.57,1.46,-12.33,1.58,-18.99,1.53,-16.34,9.35,25.07,538280,1180590,939452,1.154
651,PARK,Healthcare,Medical Care Facilities,NASDAQ,118.66,88.2,95.85,54.71,115.35,85.67,126.21,89.3,128.01,88.32,135.49,87.44,20.25,2.07,1.71,-1.65,14.15,49.67,88.21,94344795.60559845,4755282.0,0.0032,-24.41,4600,0.14,20.68,-2.08,20.4,-0.74,20.39,-0.69,20.69,-2.13,4.74,26.07,15610,33576,30322,0.051
652,MSM,Industrials,Industrial Distribution,NYSE,118.63,88.18,104.35,86.46,112.09,83.44,113.15,82.09,128.67,88.68,104.56,68.53,129.51,-0.47,6.84,7.47,6.63,52.7,89.04,7266720023.072998,55846298.0,0.0543,-2.13,534900,0.72,129.86,-0.27,127.83,1.31,124.36,4.14,122.49,5.73,2.46,30.81,826120,745290,684590,0.078
653,KBSX,Consumer Cyclical,Leisure,NASDAQ,118.61,88.17,123.88,96.56,131.14,91.76,64.03,15.13,55.93,13.03,70.62,19.6,1.46,0.69,-13.1,47.47,62.22,5.8,61.76,64910706.484609365,44766003.0,0.0087,-18.44,6900,0.23,1.6,-8.75,1.61,-9.32,1.4,4.29,1.17,24.79,12.5,5.48,50510,30656,22938,0.097
654,TRAX,Healthcare,Biotechnology,NASDAQ,118.6,88.15,84.48,18.25,168.69,96.76,179.01,97.09,153.07,94.22,86.34,34.12,31.85,-4.3,-7.47,-12.6,-33.34,,,1189122411.4232483,35730843.0,7.68,-36.19,855200,1.15,31.77,0.25,33.41,-4.67,35.73,-10.86,40.42,-21.2,8.53,41.98,763830,744146,683090,
655,INTT,Technology,Semiconductor Equipment & Materials,NYSE ARCA,118.5,88.13,119.1,95.56,91.62,57.96,93.93,56.56,124.33,86.71,192.42,95.74,14.55,18.29,25.76,27.41,17.81,100.14,95.08,157757170.24632454,12825786.0,0.0418,-27.25,93800,0.75,14.62,-0.48,13.23,9.98,12.11,20.15,12.29,18.39,5.3,45.41,136040,124403,133250,0.255
656,LGND,Healthcare,Biotechnology,NASDAQ,118.39,88.12,99.59,76.29,120.99,88.5,124.53,88.62,144.52,92.97,132.03,86.46,301.81,-0.38,0.1,6.1,1.86,52.46,88.95,6039691932.291779,19935609.0,0.1583,-7.6,183000,0.74,298.76,1.02,303.63,-0.6,295.68,2.07,292.04,3.35,3.56,69.7,286830,246470,242202,0.337
657,DCBO,Technology,Software - Application,NASDAQ,118.35,88.1,110.84,92.12,104.0,76.26,105.97,74.91,80.71,30.47,64.08,15.04,25.47,9.17,11.51,5.03,22.39,15.14,71.75,582027366.1166496,24947594.0,9.37,-11.32,31800,0.86,24.28,4.9,23.68,7.56,23.62,7.83,23.52,8.29,2.79,178.51,23930,37020,52840,0.13
658,CHRD,Energy,Oil & Gas E&P,NASDAQ,118.27,88.08,100.85,80.25,111.02,82.65,119.15,86.17,105.22,71.18,121.91,82.59,141.54,3.31,3.87,-6.89,3.29,60.28,90.63,7494155142.255615,54697872.0,0.0825,-9.88,532000,0.77,139.31,1.6,137.41,3.01,141.02,0.37,141.62,-0.06,2.79,3.79,654400,689163,715128,0.841
659,GTX,Consumer Cyclical,Auto Parts,NASDAQ,118.25,88.06,94.07,45.11,112.75,83.88,126.67,89.48,182.49,96.76,137.67,88.15,26.24,-3.07,2.02,-5.0,-15.13,49.73,88.25,5048376660.066727,186493414.0,0.0373,-27.61,1249400,0.46,26.13,0.42,26.21,0.11,26.15,0.34,27.31,-3.92,2.85,92.26,2605020,2693633,2599336,0.069
660,SLNHP,Financial Services,Capital Markets,NASDAQ,118.25,88.06,95.28,51.83,127.54,90.83,169.19,96.64,114.18,80.26,96.9,57.76,11.5,-2.29,-10.3,-9.09,9.0,15.69,72.21,,,1.55,-10.92,0,0.0,11.45,0.44,11.98,-4.01,12.1,-4.96,12.1,-4.96,5.76,0.0,4950,3753,5472,1.446
661,BSTZ,Financial Services,Asset Management,NYSE,118.24,88.04,101.56,81.93,118.53,87.32,118.02,85.49,114.72,80.85,116.24,79.32,30.1,-2.53,1.14,2.41,14.36,46.05,87.35,2122819294.3076134,68744150.0,0.0011,-5.61,130129,0.7,30.61,-1.67,30.32,-0.73,29.68,1.42,29.23,2.98,2.57,49.04,233342,185070,174958,
662,BTX,Financial Services,Asset Management,NYSE,118.22,88.02,104.61,86.87,114.61,85.16,112.96,82.01,108.42,74.89,105.91,70.13,9.4,1.95,3.98,6.63,20.42,48.1,87.84,1076068987.945012,116710299.0,0.29,-0.37,1070700,2.4,9.38,0.21,9.21,2.06,9.01,4.33,8.85,6.21,1.74,67.13,564290,446010,452688,
663,SAIL,Technology,Software - Infrastructure,NASDAQ,118.2,88.0,111.47,92.5,118.91,87.5,92.74,53.5,89.64,41.25,57.55,11.5,20.77,1.66,0.63,20.48,28.45,-2.94,47.63,11663724836.418404,570911633.0,0.2541,-13.46,2870700,0.55,20.11,3.28,20.32,2.21,20.31,2.26,19.33,7.45,5.35,66.56,5184700,5209016,4379318,0.168
664,III,Technology,Information Technology Services,NASDAQ,118.15,87.99,116.36,94.61,104.7,77.16,103.69,72.22,77.69,27.32,80.21,27.67,5.79,1.58,10.08,11.56,41.78,1.22,53.22,275956724.16586494,48413462.0,0.019199999,-10.23,165800,0.69,5.77,0.35,5.66,2.3,5.47,5.85,5.15,12.43,2.99,40.5,292010,239123,239364,0.064
665,WCCB,Financial Services,Banks - Regional,NASDAQ,118.14,87.96,105.62,88.1,117.27,86.79,120.46,86.89,111.5,78.03,102.08,65.1,60.95,0.48,0.4,1.75,11.32,42.12,86.19,638390873.1741524,10524083.0,0.0,-1.61,39542,1.72,61.02,-0.11,60.74,0.35,60.28,1.11,57.12,6.71,1.51,5.44,45374,23008,15056,-0.023
666,ITUB,Financial Services,Banks - Regional,NYSE,118.14,87.96,123.11,96.39,96.86,67.53,103.5,72.05,103.06,68.26,131.43,86.15,10.16,18.28,25.32,22.01,20.51,50.41,88.46,94677886817.58429,11021872542.0,0.0043,5.83,45489700,1.5,9.96,2.01,9.14,11.16,8.68,17.05,8.16,24.51,3.86,73.96,48488930,30378156,26888754,0.175
667,IBEX,Technology,Information Technology Services,NASDAQ,118.06,87.94,111.38,92.45,122.14,88.92,115.29,83.64,98.08,61.12,79.83,27.21,44.52,2.16,-0.02,11.86,25.53,14.95,71.55,578682894.033905,13278634.0,0.0337,-1.68,67700,0.47,43.72,1.83,43.74,1.78,42.5,4.75,39.22,13.51,2.95,23.63,79940,144333,128922,0.116
668,HIMX,Technology,Semiconductors,NASDAQ,118.04,87.92,91.8,35.2,130.07,91.61,119.47,86.35,119.84,84.41,119.77,81.41,13.3,-12.73,-7.89,-9.71,6.06,63.65,91.24,2658250889.4370766,174425914.0,0.05,-46.99,1219900,1.19,14.04,-5.27,14.2,-6.34,14.12,-5.81,14.04,-5.27,4.44,35.55,1151600,1023866,1161796,0.059
669,FMAO,Financial Services,Banks - Regional,NASDAQ,118.03,87.9,101.08,80.97,115.75,85.91,121.31,87.34,111.0,77.66,99.23,60.86,34.55,-1.95,-0.38,-1.9,4.37,34.14,83.51,488633015.2294464,13768188.0,0.0212,-4.35,22400,0.48,34.89,-0.97,34.79,-0.69,34.98,-1.23,34.53,0.06,2.53,14.89,44290,46606,59214,0.175
670,BZH,Consumer Cyclical,Residential Construction,NYSE,117.98,87.89,99.43,75.94,125.77,90.18,122.63,87.84,134.81,90.68,90.84,46.79,33.41,0.03,0.12,0.48,2.52,64.02,91.37,891099448.909874,26679623.0,0.077,-3.27,647800,0.88,33.4,0.03,33.39,0.06,33.36,0.15,33.25,0.48,0.16,18.66,866060,738113,829828,-0.053
671,YPF,Energy,Oil & Gas Integrated,NYSE,117.93,87.87,94.37,46.52,121.85,88.82,125.85,89.16,127.71,88.17,115.1,78.45,50.04,0.74,-3.95,-9.92,-4.05,40.92,85.69,19474367313.60913,392075056.0,4.5,-13.53,1197600,0.96,50.36,-0.64,50.26,-0.44,52.49,-4.67,51.72,-3.25,3.41,31.62,1058470,1250146,1189534,0.722
672,FCX,Basic Materials,Copper,NYSE,117.85,87.84,102.77,84.35,126.59,90.5,116.88,84.94,97.41,60.25,137.2,87.97,73.69,2.29,1.91,3.69,16.16,46.56,87.45,103450703671.6333,1436017523.0,0.024,-8.16,6979900,0.6,72.37,1.82,71.59,2.93,71.47,3.11,71.56,2.98,3.43,46.63,11590190,11706723,12631344,-0.073
673,DDD,Technology,Computer Hardware,NYSE,117.85,87.84,98.75,73.33,134.5,92.57,125.48,89.02,114.58,80.72,89.49,43.15,3.38,-10.58,-5.32,1.81,25.19,83.7,93.62,628035757.3064954,166147027.0,0.2741,-17.96,3866200,1.63,3.46,-2.31,3.52,-3.98,3.47,-2.59,3.42,-1.17,5.6,52.83,2537670,2374696,2901818,-0.003
674,HRTG,Financial Services,Insurance - Property & Casualty,NYSE,117.84,87.82,104.83,87.2,112.55,83.73,127.0,89.61,92.0,50.45,106.0,70.23,34.83,2.47,4.69,0.72,16.22,17.63,73.88,1010604869.744873,29732416.0,0.0317,-4.58,147500,0.54,34.55,0.81,34.05,2.29,34.14,2.02,33.66,3.48,2.42,14.22,257420,273560,294506,0.03
675,SEI,Energy,Oil & Gas Equipment & Services,NYSE,117.83,87.8,116.3,94.6,115.35,85.67,119.65,86.46,111.89,78.37,165.67,93.58,76.4,1.96,7.65,13.54,49.28,69.17,92.11,4932757312.290192,65831540.0,0.2493,-11.36,1532600,0.58,76.08,0.42,73.54,3.89,70.1,8.99,62.38,22.48,5.39,73.4,2350990,2631046,2664042,0.469
676,ZD,Communication Services,Advertising Agencies,NASDAQ,117.81,87.79,100.43,78.89,118.77,87.44,124.97,88.83,124.36,86.72,122.01,82.65,56.52,2.39,0.02,0.53,7.43,58.85,90.33,1892653907.7590637,34287208.0,0.2566,-6.55,326700,0.51,55.62,1.62,55.64,1.58,56.66,-0.25,55.68,1.51,2.7,37.98,495270,646773,634266,-0.027
677,PANL,Industrials,Marine Shipping,NASDAQ,117.79,87.77,104.55,86.75,112.73,83.85,112.37,81.41,106.23,72.3,130.52,85.84,8.32,-1.3,3.87,-1.07,11.72,19.41,75.21,551943917.9410095,65473772.0,0.0287,-11.4,331600,0.79,8.44,-1.42,8.31,0.12,8.31,0.12,8.0,4.0,3.28,27.45,368170,419980,416194,0.194
678,SXC,Basic Materials,Coking Coal,NYSE,117.77,87.75,102.32,83.52,115.83,85.97,120.89,87.06,105.58,71.65,70.65,19.62,9.94,0.4,3.87,-0.8,19.16,45.18,87.1,840260982.6228142,84874850.0,0.057600003,-6.93,717700,0.72,9.9,0.4,9.75,1.95,9.71,2.37,9.66,2.9,3.55,53.85,1134230,994886,1228376,0.095
679,E,Energy,Oil & Gas Integrated,NYSE,117.75,87.74,103.12,84.86,115.24,85.54,115.41,83.77,106.05,72.07,138.7,88.43,56.0,2.32,2.36,1.09,1.98,53.43,89.22,78483212086.04361,1434007176.0,0.0008,-3.45,408100,1.21,54.95,1.91,54.85,2.1,54.73,2.32,54.46,2.83,1.81,13.8,344770,337533,343318,0.185
680,UFI,Consumer Cyclical,Textile Manufacturing,NYSE,117.69,87.72,89.56,28.7,141.46,93.78,156.1,95.51,140.5,92.11,75.09,22.73,6.09,-6.88,-7.73,-9.91,-0.81,86.81,93.96,121570993.27089214,18588837.0,0.0137,-28.1,63000,1.0,6.32,-3.64,6.45,-5.58,6.56,-7.16,6.91,-11.87,3.53,4.65,57570,63070,109314,0.041
681,PBI,Industrials,Integrated Freight & Logistics,NYSE,117.58,87.7,96.93,60.12,113.85,84.61,126.32,89.33,146.11,93.32,117.1,80.0,16.8,0.24,2.56,-1.52,-6.85,61.31,90.73,2297631984.4974594,137090212.0,0.0001,-11.9,1236300,0.72,16.73,0.42,16.6,1.2,16.73,0.42,16.91,-0.65,2.5,11.9,1755210,1716826,1693672,-0.023
682,SKE,Basic Materials,Other Industrial Metals & Mining,NYSE,117.55,87.69,103.43,85.23,116.82,86.6,116.04,84.26,95.57,57.44,159.71,92.7,32.59,8.85,2.78,2.74,19.12,32.75,83.04,3756353454.7043133,125462705.0,12.42,-15.94,529200,1.08,31.21,4.42,30.56,6.64,31.02,5.06,31.83,2.39,4.36,34.47,586450,489996,532236,
683,KRO,Basic Materials,Specialty Chemicals,NYSE,117.5,87.67,94.9,49.82,129.66,91.47,126.34,89.35,102.53,67.65,102.39,65.6,7.61,-2.19,-7.76,-6.51,22.85,69.13,92.09,895458698.6284199,115097516.0,0.050100002,-17.01,194100,0.51,7.8,-2.44,7.81,-2.56,8.01,-4.99,8.06,-5.58,3.91,6.71,295360,377686,416746,0.129
684,TRLV,Healthcare,Drug Manufacturers - Specialty & Generic,NYSE,117.34,87.65,94.81,49.21,146.01,94.6,135.86,92.0,118.19,83.37,106.76,70.93,10.67,-0.47,-12.61,-5.66,24.5,41.04,85.78,2064299166.9404602,192565216.0,0.0308,-19.65,1175200,0.49,10.62,0.47,11.04,-3.35,11.44,-6.73,10.82,-1.39,7.04,74.53,2414190,2387273,1836982,-0.103
685,DRH,Real Estate,REIT - Hotel & Motel,NASDAQ,117.28,87.64,101.1,81.03,114.35,85.06,114.37,83.0,125.05,87.04,117.18,80.03,12.62,0.4,1.94,4.36,-1.38,40.94,85.71,2571893347.7293015,204605681.0,0.0987,-8.48,3849800,1.26,12.47,1.2,12.47,1.2,12.33,2.35,12.38,1.94,2.23,46.24,3314940,3051076,2902446,0.041
686,WKC,Energy,Oil & Gas Refining & Marketing,NYSE,117.27,87.62,100.62,79.52,118.08,87.2,121.53,87.45,131.84,89.7,82.62,29.85,36.41,1.56,2.8,4.08,-7.76,59.8,90.55,1833785498.948822,51151620.0,0.2874,-11.63,688000,0.61,36.66,-0.68,36.1,0.86,35.74,1.87,35.99,1.17,2.48,31.04,1085760,1127896,1067308,0.503
687,DOCU,Technology,Software - Application,NASDAQ,117.26,87.6,112.21,92.87,111.61,83.1,110.16,79.43,83.13,33.09,64.31,15.15,71.08,3.0,5.3,8.27,30.93,0.92,52.74,12898138611.786713,186902452.0,0.097600006,-5.23,2249400,0.66,69.93,1.64,68.95,3.09,68.96,3.07,64.72,9.83,3.54,43.3,2512910,3382990,3168406,0.094
688,VSTM,Healthcare,Biotechnology,NASDAQ,117.25,87.59,116.82,94.85,132.91,92.21,115.75,84.06,78.78,28.52,89.65,43.72,8.38,8.83,8.27,14.48,37.38,6.08,62.25,697338478.4263945,90563441.0,0.2002,-22.55,2970000,1.19,8.1,3.46,7.99,4.88,7.83,7.02,7.37,13.7,6.15,77.56,2601870,2492400,2255314,17.754
689,SXT,Basic Materials,Specialty Chemicals,NYSE,117.24,87.57,100.64,79.58,113.93,84.7,110.85,80.21,101.84,66.67,96.19,56.81,130.37,1.38,0.89,1.38,5.52,35.58,84.01,5473151710.620331,42562811.0,0.0634,-6.09,188300,0.57,131.31,-0.72,130.19,0.14,129.4,0.75,131.13,-0.58,2.33,24.74,348620,332493,318966,0.116
690,UEIC,Technology,Consumer Electronics,NASDAQ,117.21,87.55,111.46,92.49,115.1,85.53,114.18,82.84,92.78,52.32,84.65,32.11,5.36,-5.47,4.69,11.9,22.86,81.32,93.39,73058302.52305222,12885062.0,0.0135,-10.52,35400,0.62,5.48,-2.19,5.44,-1.47,5.27,1.71,4.92,8.94,3.93,18.98,37400,57146,78450,-0.25
691,AERT,Industrials,Consulting Services,NASDAQ,117.2,87.54,98.3,69.93,134.72,92.59,132.05,91.07,118.79,83.67,74.04,22.19,6.9,-6.88,-2.82,0.73,7.48,53.47,89.23,39962388.527088165,5393035.0,0.011,-13.32,3600,0.24,6.97,-1.0,7.19,-4.03,7.07,-2.4,6.98,-1.15,6.77,-0.0,11710,14820,14550,0.43
692,RCKY,Consumer Cyclical,Footwear & Accessories,NASDAQ,117.16,87.52,100.88,80.32,114.76,85.21,113.55,82.44,117.95,83.14,172.45,94.28,44.93,-3.87,-0.38,1.67,-7.83,51.77,88.77,350171932.71492386,7491911.0,0.0312,-15.24,22800,0.47,45.85,-2.01,45.72,-1.73,44.83,0.22,45.74,-1.77,2.8,50.85,44190,49003,51890,0.12
693,STNG,Energy,Oil & Gas Midstream,NYSE,117.15,87.5,103.95,85.84,115.48,85.78,117.63,85.26,121.21,85.23,142.22,89.4,85.14,-1.26,4.48,0.73,13.37,69.19,92.12,4318515151.079773,50081352.0,0.0513,-5.46,1059600,0.98,86.09,-1.1,85.29,-0.18,84.83,0.37,81.07,5.02,3.63,13.6,1307190,1082273,956832,0.775
694,GOTU,Consumer Defensive,Education & Training Services,NYSE,117.15,87.5,128.78,97.07,105.84,78.46,94.25,57.37,62.9,16.8,64.0,15.0,2.75,7.84,11.79,30.95,49.46,15.06,71.65,599392324.6916652,235055818.0,0.0172,-16.67,368000,0.67,2.68,2.61,2.58,6.59,2.39,15.06,2.09,31.58,4.45,16.36,582190,553260,430910,0.202
695,TDW,Energy,Oil & Gas Equipment & Services,NYSE,117.14,87.47,98.21,68.86,119.01,87.62,123.46,88.15,109.96,76.6,158.85,92.55,85.42,3.64,0.8,-8.12,16.25,66.67,91.71,4100908467.91362,49756231.0,0.1528,-15.91,470500,0.8,83.9,1.81,82.96,2.97,85.52,-0.12,88.33,-3.29,3.05,35.7,538880,585340,621008,0.003
696,CGEM,Healthcare,Biotechnology,NASDAQ,117.12,87.45,86.09,21.04,118.78,87.45,168.32,96.59,142.84,92.59,146.25,90.56,15.53,0.13,4.86,-24.58,-11.36,50.19,88.37,953214307.5266304,61458046.0,0.2084,-33.03,567500,0.49,15.78,-1.58,15.45,0.52,17.58,-11.66,19.27,-19.41,8.61,22.07,1110680,1163176,977474,
697,KFFB,Financial Services,Banks - Regional,NASDAQ,117.11,87.44,102.21,83.37,114.53,85.11,120.66,87.01,114.96,80.99,108.7,73.44,5.75,1.95,3.05,1.59,5.4,36.4,84.32,45609077.16030693,8086716.0,0.0116,-10.99,15000,1.61,5.76,-0.17,5.75,0.0,5.74,0.17,5.67,1.41,6.34,5.49,9010,9293,8006,0.268
698,TTMI,Technology,Electronic Components,NASDAQ,117.09,87.42,92.51,37.91,122.49,89.06,125.71,89.09,156.68,94.78,249.94,97.39,121.01,-8.24,-6.32,-4.29,4.76,70.68,92.36,13892354181.28125,105348864.0,0.0458,-45.94,2124300,1.16,126.51,-4.35,126.08,-4.02,123.48,-2.0,124.09,-2.48,6.27,36.76,1985030,1835576,2341420,0.374
699,PK,Real Estate,REIT - Hotel & Motel,NYSE,117.05,87.4,99.42,75.9,119.33,87.82,119.36,86.29,123.11,86.21,100.21,62.57,15.17,-2.32,-0.08,0.9,2.37,52.44,88.92,3126784211.1368656,201338330.0,0.23709999,-6.36,3338800,0.94,15.22,-0.33,15.32,-0.98,15.11,0.4,15.06,0.73,2.51,18.35,3871550,3541893,3796774,0.01
700,CCSI,Technology,Software - Infrastructure,NASDAQ,117.05,87.4,97.78,65.03,107.5,79.87,111.99,81.17,140.77,92.19,118.57,80.87,36.71,3.82,4.23,-0.05,2.74,58.23,90.21,647969253.1046448,18324922.0,0.0833,-11.33,94100,0.64,36.39,0.88,35.7,2.83,35.94,2.14,36.76,-0.14,3.24,49.14,115490,146980,156082,0.042
701,FF,Basic Materials,Specialty Chemicals,NYSE,117.03,87.37,100.63,79.56,115.51,85.79,124.51,88.59,108.74,75.24,105.21,69.26,5.22,1.16,1.95,-4.57,5.23,64.59,91.43,226334714.18698883,43863318.0,0.0465,-25.32,233800,0.71,5.16,1.16,5.12,1.95,5.25,-0.57,5.33,-2.06,2.93,65.42,247990,328683,434294,1.207
702,ACB,Healthcare,Drug Manufacturers - Specialty & Generic,NASDAQ,117.01,87.35,121.41,96.13,104.15,76.43,92.99,54.19,55.03,12.63,72.96,21.28,4.49,14.54,9.51,20.05,58.66,-4.26,45.61,248175443.95017433,63310061.0,6.62,-32.63,1348800,1.27,4.49,0.0,4.23,6.15,4.09,9.78,3.83,17.23,4.35,46.07,1437550,1063676,1420496,-0.088
703,VECO,Technology,Semiconductor Equipment & Materials,NASDAQ,116.98,87.34,104.79,87.14,110.66,82.34,104.05,72.75,156.46,94.71,165.4,93.55,52.28,-8.89,5.25,16.62,8.08,78.0,93.03,3507618808.4934998,61129640.0,0.1545,-39.65,296200,0.45,53.85,-2.92,53.21,-1.75,48.26,8.33,48.3,8.24,5.59,37.95,769900,654760,677760,0.165
704,BNR,Healthcare,Diagnostics & Research,NASDAQ,116.86,87.32,117.6,95.08,154.06,95.44,103.96,72.59,78.78,28.52,284.22,97.8,15.49,-4.68,-16.72,26.14,75.03,-33.78,22.33,171378073.75,10546343.0,0.0055,-62.87,7700,0.15,15.56,-0.45,16.42,-5.66,15.38,0.72,12.17,27.28,11.24,40.21,32650,52310,33938,-0.093
705,FLYW,Technology,Software - Infrastructure,NASDAQ,116.85,87.3,103.3,85.04,107.1,79.69,116.53,84.63,128.7,88.7,104.23,68.18,18.76,6.71,7.82,4.98,15.3,26.67,80.28,2138917699.6374931,121667674.0,0.1001,-4.92,855100,0.62,18.35,2.23,17.9,4.8,17.68,6.11,18.01,4.16,2.79,74.5,1468800,1382603,1646170,0.272
706,OUST,Technology,Electronic Components,NASDAQ,116.84,87.29,98.89,73.96,134.73,92.6,107.64,76.72,113.55,79.79,140.08,88.79,39.9,-10.11,-8.74,12.94,12.3,74.08,92.67,3201066417.856125,72112333.0,0.096999995,-37.45,1256900,0.56,42.03,-5.07,41.66,-4.22,39.29,1.55,39.72,0.45,6.97,32.35,2529470,2230260,2502754,0.559
707,ADIL,Healthcare,Biotechnology,NASDAQ,116.83,87.27,89.4,28.23,125.37,90.03,126.41,89.4,80.84,30.59,17.57,1.63,3.9,-5.34,-7.58,-20.41,18.54,-35.0,21.58,12086860.144264221,2933704.0,0.0719,-63.72,3000,0.07,4.04,-3.47,4.06,-3.94,4.39,-11.16,4.88,-20.08,10.6,-0.0,27420,42990,59200,
708,NVGS,Energy,Oil & Gas Midstream,NYSE,116.78,87.25,105.47,87.94,114.08,84.8,109.94,79.23,110.12,76.72,118.04,80.43,23.93,0.38,3.95,3.46,8.54,39.48,85.3,1465996157.0631065,61493127.0,0.0602,-6.08,405300,0.86,23.86,0.29,23.6,1.4,23.77,0.67,22.56,6.07,3.23,27.15,473480,470160,440474,0.295
709,TRX,Basic Materials,Gold,NYSE ARCA,116.56,87.24,104.77,87.11,137.17,92.94,124.8,88.8,82.11,31.91,227.62,97.02,1.17,-2.5,-9.3,3.54,44.44,23.16,77.88,392968826.4151776,327474009.0,0.0064999997,-58.21,1171200,0.36,1.16,0.86,1.18,-0.85,1.23,-4.88,1.15,1.74,6.11,42.0,2021860,3269393,3238550,1.633
710,AMTB,Financial Services,Banks - Regional,NYSE,116.53,87.22,99.03,74.51,119.46,87.89,121.92,87.57,112.95,79.28,110.28,74.81,28.77,-2.67,-2.71,-1.88,-2.54,42.81,86.46,1158452181.5503578,39189858.0,0.059699997,-5.98,316200,0.93,28.96,-0.66,29.08,-1.07,29.27,-1.71,29.12,-1.2,2.61,90.58,317360,341620,341254,-0.079
711,ASML,Technology,Semiconductor Equipment & Materials,NASDAQ,116.5,87.2,101.03,80.73,119.05,87.65,122.08,87.64,145.82,93.28,142.15,89.37,1780.34,-4.66,2.09,4.83,7.81,69.25,92.14,717233793505.8594,384100000.0,0.0038,-10.98,1203700,0.89,1809.81,-1.63,1814.23,-1.87,1742.35,2.18,1738.61,2.4,2.74,4.8,1438660,1348033,1289500,0.213
712,STM,Technology,Semiconductors,NYSE,116.45,87.19,94.26,46.07,121.74,88.8,124.4,88.53,169.82,96.06,148.31,90.89,52.06,-9.08,0.25,1.24,-1.71,101.84,95.23,51079183009.831924,892057012.0,0.0226,-36.06,6655900,0.77,55.47,-6.15,54.75,-4.91,52.47,-0.78,52.16,-0.19,3.83,16.57,9428480,8616990,8349532,0.261
713,SWKS,Technology,Semiconductors,NASDAQ,116.44,87.17,99.2,75.07,122.66,89.18,118.59,85.88,82.27,32.16,85.68,33.4,76.35,-10.21,-14.54,-13.58,22.2,19.47,75.26,12794700469.777405,150472782.0,0.3444,-17.73,9163500,1.06,81.45,-6.26,83.65,-8.73,86.05,-11.27,76.13,0.29,5.84,54.24,9416910,8632133,7052792,-0.031
714,RPD,Technology,Software - Infrastructure,NASDAQ,116.41,87.15,114.52,93.92,116.28,86.22,100.15,67.4,112.83,79.11,31.25,3.99,13.74,12.72,18.24,33.27,44.94,-11.35,38.04,821613773.3175659,67400640.0,0.1296,-31.88,1391400,0.74,12.76,7.68,12.38,10.99,12.34,11.35,12.02,14.31,5.71,95.65,1490860,1880993,1994064,-0.015
715,SGMT,Healthcare,Biotechnology,NASDAQ,116.39,87.14,94.45,46.99,125.97,90.27,157.78,95.74,98.1,61.14,115.88,79.06,8.93,-2.3,-3.35,-17.92,22.16,43.11,86.59,648105204.1645575,70908663.0,0.1681,-22.0,763500,0.59,8.9,0.34,9.22,-3.15,9.89,-9.71,9.91,-9.89,8.32,20.18,1642570,1294616,1349554,
716,COP,Energy,Oil & Gas E&P,NYSE,116.37,87.12,104.2,86.25,110.27,82.1,117.02,85.02,99.99,63.88,114.53,78.08,134.1,5.8,5.34,-2.37,13.41,46.88,87.53,154418765387.25,1218294007.0,0.0134000005,-5.31,3838300,0.59,131.18,2.23,128.63,4.25,130.32,2.9,129.2,3.79,2.29,37.8,5775990,6492403,6673500,0.355
717,DXPE,Industrials,Industrial Distribution,NASDAQ,116.36,87.1,96.79,59.36,125.16,89.88,127.17,89.68,120.19,84.64,131.95,86.41,180.92,-6.73,-5.82,-3.3,16.89,57.31,90.03,3010016302.7435913,15517148.0,0.0399,-13.02,143300,1.1,185.36,-2.4,185.83,-2.64,186.32,-2.9,186.54,-3.01,3.83,43.54,160720,129790,138008,0.156
718,EXPD,Industrials,Integrated Freight & Logistics,NYSE,116.32,87.09,101.84,82.64,114.84,85.32,118.19,85.59,121.66,85.48,103.69,67.45,193.24,0.4,3.08,0.33,15.71,26.93,80.4,25019295175.01996,129990622.0,0.0394,-0.69,1284700,1.24,192.74,0.26,190.53,1.42,190.16,1.62,187.05,3.31,2.2,65.88,1121440,1039566,1031208,0.321
719,SCCO,Basic Materials,Copper,NYSE,116.31,87.07,104.19,86.22,125.24,89.95,119.64,86.43,111.28,77.85,140.66,88.95,209.21,1.79,2.59,8.12,15.08,48.75,88.01,173546395551.62863,844343686.0,0.1039,-5.24,832200,0.8,203.6,2.76,203.06,3.03,199.77,4.73,199.49,4.87,3.41,85.63,932650,1037716,1068598,0.406
720,GSAT,Communication Services,Telecom Services,NASDAQ,116.3,87.05,100.27,78.35,125.2,89.91,132.82,91.27,142.41,92.5,206.91,96.46,83.82,0.72,1.13,1.62,4.66,25.8,79.82,10782265473.958435,129563390.0,0.0849,-1.21,636800,1.1,83.58,0.29,83.18,0.77,82.8,1.23,82.66,1.4,0.72,103.33,584100,580693,700016,-0.035
721,LTH,Consumer Cyclical,Leisure,NYSE,116.27,87.04,96.16,56.31,114.18,84.94,127.22,89.71,138.85,91.76,90.9,46.88,40.62,-0.9,1.63,-2.12,-8.1,50.89,88.55,9159705623.59346,223461948.0,0.0653,-14.0,2913200,0.92,40.37,0.62,40.27,0.87,40.34,0.69,42.42,-4.24,3.52,86.61,2655620,3160476,3090326,0.137
722,GGB,Basic Materials,Steel,NYSE,116.26,87.02,104.98,87.46,120.4,88.28,125.8,89.15,116.04,82.05,115.37,78.72,5.12,2.2,5.57,-0.58,4.31,42.04,86.14,9828629972.020912,1961802300.0,0.053600002,-1.16,15953300,1.26,5.07,0.99,4.93,3.85,4.95,3.43,4.84,5.79,3.46,62.1,15580270,12615356,12295642,0.02
723,KSS,Consumer Cyclical,Department Stores,NYSE,116.23,87.0,114.69,94.0,96.24,66.5,92.49,52.44,115.37,81.41,112.32,76.41,20.35,8.19,13.69,18.11,5.06,-4.52,45.24,2132610869.900446,113376445.0,0.3475,-19.31,3285500,0.8,19.95,2.01,19.24,5.77,18.13,12.24,18.35,10.9,4.57,59.09,4217840,4102470,4171968,-0.009
724,SKM,Communication Services,Telecom Services,NYSE,116.23,87.0,93.37,41.83,123.08,89.28,125.37,88.93,109.73,76.26,149.12,91.08,34.24,-6.93,-5.67,-9.59,7.71,73.9,92.66,14123314923.061829,383890040.0,0.0124,-27.43,766200,0.6,35.33,-3.09,35.54,-3.66,35.8,-4.36,36.57,-6.37,3.0,46.73,1070160,1269336,1512760,0.005
725,NXDR,Communication Services,Internet Content & Information,NYSE,116.18,86.97,105.58,88.06,113.55,84.47,101.63,69.63,126.19,87.6,74.75,22.58,2.57,5.33,2.39,13.22,14.22,17.89,74.07,930586070.8231807,381387725.0,0.0272,-30.91,1161200,0.53,2.49,3.21,2.47,4.05,2.46,4.47,2.41,6.64,4.17,37.33,1566900,2195606,2157718,0.145
726,PVLA,Healthcare,Biotechnology,NASDAQ,116.15,86.96,94.16,45.6,119.46,87.89,146.66,94.25,196.38,97.29,244.98,97.29,138.77,4.76,0.44,-7.57,-7.6,27.23,80.71,1908681692.8783875,14408407.0,0.1826,-14.01,174000,0.79,132.17,4.99,134.28,3.34,142.74,-2.78,147.62,-6.0,5.47,131.44,233650,219143,206314,
727,HURN,Industrials,Consulting Services,NASDAQ,116.14,86.94,113.26,93.38,117.03,86.69,105.7,74.67,74.12,24.59,73.88,22.09,167.05,3.02,5.74,11.42,2.01,-6.68,42.57,2579818077.692627,15910072.0,0.0481,-10.56,153900,0.64,161.27,3.58,160.77,3.91,158.6,5.33,156.28,6.89,3.49,121.09,257520,240933,247032,0.157
728,HCHL,Consumer Cyclical,Restaurants,NASDAQ,116.07,86.92,97.98,66.51,122.59,89.13,138.33,92.65,158.29,94.88,27.41,3.16,3.96,0.0,0.0,0.0,0.0,4.76,60.22,118183829.09847355,29844401.0,0.024400001,-20.8,0,,3.96,0.0,3.96,0.0,3.96,0.0,3.96,0.0,,,0,0,0,-0.442
729,BWFG,Financial Services,Banks - Regional,NASDAQ,115.94,86.91,97.78,65.03,116.3,86.24,125.71,89.09,121.41,85.36,120.39,81.73,64.72,-2.9,-2.65,-5.61,-4.13,35.23,83.87,531331945.9642639,7971972.0,0.0829,-7.0,39800,0.55,65.54,-1.25,65.62,-1.37,66.23,-2.28,66.55,-2.75,1.84,16.82,64680,71723,66714,0.197
730,PRSU,Consumer Cyclical,Travel Services,NYSE,115.92,86.89,104.29,86.34,106.5,79.15,109.06,78.22,132.68,89.96,112.46,76.55,52.94,1.07,7.43,9.04,3.54,53.01,89.13,1437792477.638977,27449264.0,0.0828,-6.33,157200,0.64,52.51,0.82,51.54,2.72,50.08,5.71,49.07,7.89,2.69,90.66,256140,245843,231160,0.143
731,KNTK,Energy,Oil & Gas Midstream,NYSE,115.91,86.87,100.57,79.37,105.36,77.93,117.23,85.13,111.99,78.48,108.5,73.23,53.46,1.77,4.39,-2.36,6.88,63.08,91.13,4225631977.193878,80442263.0,0.0954,-6.08,740100,0.59,53.72,-0.48,52.47,1.89,52.95,0.96,52.94,0.98,2.87,2.61,1290620,1247826,1205166,0.363
732,DAR,Consumer Defensive,Packaged Foods,NYSE,115.84,86.86,94.6,48.0,124.88,89.8,133.55,91.41,129.08,88.85,147.3,90.69,60.26,-4.26,-1.68,-7.45,-1.21,73.56,92.64,9932115316.330673,157802916.0,0.0432,-13.89,2697200,1.15,61.28,-1.66,61.26,-1.63,62.66,-3.83,63.57,-5.21,3.83,16.05,2132590,2348020,2425586,0.164
733,NWL,Consumer Defensive,Household & Personal Products,NASDAQ,115.83,86.84,100.3,78.43,109.11,81.18,118.17,85.58,110.49,77.04,85.32,32.72,5.64,4.44,3.87,-3.59,10.99,58.4,90.25,2299860040.616989,425900000.0,0.1511,-20.9,3002600,0.49,5.62,0.36,5.49,2.73,5.57,1.26,5.82,-3.09,3.52,30.22,4839210,6156136,7583790,0.03
734,TECK,Basic Materials,Copper,NYSE,115.81,86.82,102.41,83.75,119.61,87.97,118.11,85.53,103.8,69.38,125.19,84.04,68.05,-0.74,3.03,2.56,9.05,51.33,88.67,33635534802.246094,490600000.0,4.47,-6.22,2830100,0.99,66.65,2.1,66.28,2.67,66.19,2.81,66.57,2.22,3.2,62.39,2786630,2856220,2898520,0.782
735,BFH,Financial Services,Credit Services,NYSE,115.78,86.81,95.36,52.31,114.15,84.87,121.78,87.5,126.06,87.54,135.81,87.56,100.58,2.58,-2.26,-5.44,-8.88,30.36,82.15,3767009344.6463013,38419268.0,0.0005,-12.18,715000,1.22,99.13,1.46,98.97,1.63,102.47,-1.84,105.8,-4.93,3.53,33.84,536150,586010,510376,0.038
736,EXEL,Healthcare,Biotechnology,NASDAQ,115.75,86.79,102.93,84.58,112.03,83.38,113.65,82.52,114.19,80.28,93.38,51.74,59.86,2.52,2.92,6.66,6.95,29.6,81.86,14467972844.646057,247781692.0,0.1456,-2.09,2665500,1.21,58.9,1.63,58.63,2.1,57.97,3.26,56.14,6.63,2.87,50.06,2226360,2197866,2391886,0.106
737,XOM,Energy,Oil & Gas Integrated,NYSE,115.72,86.77,105.49,87.98,109.08,81.16,113.9,82.69,102.55,67.68,113.68,77.55,168.94,3.01,5.2,1.78,8.32,45.86,87.29,674394657972.193,4111911960.0,0.0108,-4.23,8083600,0.6,165.99,1.78,164.44,2.74,163.61,3.26,161.35,4.7,1.97,33.71,11070880,13369450,13736232,0.441
738,PAGP,Energy,Oil & Gas Midstream,NASDAQ,115.71,86.76,97.57,63.51,113.39,84.28,122.79,87.91,116.82,82.5,109.56,74.07,26.62,2.15,0.15,-4.89,1.71,49.6,88.19,5157381365.747795,197904124.0,0.0945,-7.25,1225600,0.7,26.36,0.99,26.24,1.45,26.83,-0.78,26.76,-0.52,1.94,44.48,1819220,1755756,1719804,0.663
739,SAIC,Technology,Information Technology Services,NASDAQ,115.64,86.74,104.34,86.43,114.15,84.87,113.29,82.2,102.32,67.38,77.76,25.05,134.66,7.81,1.84,3.96,16.7,32.72,83.03,5295594438.253029,42276819.0,0.060900003,-5.61,656200,1.29,127.3,5.78,127.29,5.79,129.76,3.78,127.23,5.84,3.13,115.85,430600,507240,462518,0.063
740,LFUS,Technology,Electronic Components,NASDAQ,115.62,86.72,99.57,76.21,116.45,86.36,115.96,84.23,122.2,85.83,151.13,91.42,426.5,-6.58,-0.63,-1.34,-3.32,67.4,91.81,11595289936.90567,25398747.0,0.0554,-14.8,98700,0.52,438.45,-2.73,436.6,-2.31,423.68,0.67,428.34,-0.43,3.35,25.88,184200,189446,203550,0.204
741,MANH,Technology,Software - Application,NASDAQ,115.61,86.7,101.87,82.65,120.25,88.23,114.67,83.23,90.77,46.16,66.68,16.95,204.89,0.36,-0.55,1.52,7.29,16.36,72.76,11902959677.934692,58304972.0,0.0656,-9.75,449100,0.78,204.41,0.23,203.11,0.88,206.23,-0.65,205.72,-0.4,2.79,22.59,480100,578726,706150,0.093
742,ACCO,Industrials,Business Equipment & Supplies,NYSE,115.61,86.7,105.03,87.52,106.61,79.21,104.94,73.77,109.82,76.36,81.04,28.28,4.49,4.42,4.18,5.9,8.06,30.26,82.12,396922560.00627136,92307568.0,0.0763,-1.54,744000,1.13,4.42,1.58,4.34,3.46,4.3,4.42,4.27,5.15,2.47,54.19,535540,656803,668172,0.051
743,BOX,Technology,Software - Infrastructure,NYSE,115.59,86.67,111.11,92.34,102.27,74.58,111.33,80.63,102.03,66.99,72.67,21.11,36.39,5.51,15.93,7.82,17.05,20.74,76.22,4732054891.056942,137200773.0,0.1531,0.14,1272400,0.48,35.8,1.65,34.57,5.26,34.05,6.87,33.7,7.98,2.95,11.65,2348960,2676310,2838390,0.092
744,WCC,Industrials,Industrial Distribution,NYSE,115.57,86.66,102.03,82.96,120.48,88.32,115.5,83.85,115.43,81.46,134.19,87.1,365.69,-4.2,-0.48,2.63,6.87,44.38,86.91,18602792892.815125,48732854.0,0.0335,-5.11,844000,1.62,369.78,-1.11,369.12,-0.93,359.5,1.72,355.18,2.96,3.61,114.99,602820,521706,521102,0.13
745,WLY,Communication Services,Publishing,NYSE,115.5,86.64,99.78,76.93,108.86,80.95,110.88,80.23,123.82,86.51,105.63,69.83,49.64,5.28,5.17,6.33,-4.73,65.78,91.57,2407486675.0,50683930.0,0.1548,-13.59,256201,0.45,48.89,1.53,48.22,2.94,48.02,3.37,49.92,-0.56,2.74,73.42,448406,567654,489780,-0.026
746,PBAM,Financial Services,Banks - Regional,NASDAQ,115.47,86.62,98.69,73.01,116.93,86.62,126.01,89.23,115.14,81.27,115.0,78.37,85.25,-1.9,-1.16,-6.16,2.1,48.52,87.93,497562991.13671875,5725696.0,0.31,-7.43,74970,0.53,85.84,-0.69,85.78,-0.62,87.42,-2.48,87.51,-2.58,1.9,29.0,88137,141059,93673,0.137
747,TPCS,Industrials,Metal Fabrication,NASDAQ,115.43,86.61,107.03,89.51,105.93,78.57,133.72,91.44,100.28,64.58,88.33,38.61,5.75,8.9,9.32,-0.35,25.55,25.0,79.25,53503620.20604277,10133261.0,0.002,-8.87,19800,0.82,5.61,2.5,5.42,6.09,5.39,6.68,5.4,6.48,3.18,114.84,23500,24230,40546,0.233
748,NKSH,Financial Services,Banks - Regional,NASDAQ,115.41,86.59,102.67,84.22,111.85,83.28,116.14,84.38,105.63,71.67,115.28,78.58,42.56,-0.23,0.45,-0.65,7.15,27.8,80.96,271770648.22792053,6370620.0,0.0188,-1.73,22100,0.65,42.9,-0.79,42.63,-0.16,42.59,-0.07,41.98,1.38,2.74,23.99,33080,33803,38014,0.162
749,NOK,Technology,Communication Equipment,NYSE,115.37,86.56,94.73,48.74,119.08,87.7,127.72,89.88,138.57,91.68,168.06,93.77,10.36,-2.26,-0.29,-6.92,13.97,58.41,90.27,59345634874.51343,5598644598.0,0.0099,-40.63,50633700,0.64,10.46,-0.96,10.39,-0.29,10.43,-0.67,10.22,1.37,4.31,38.08,64567970,79189663,76235874,0.084
750,MATV,Basic Materials,Specialty Chemicals,NYSE,115.37,86.56,104.86,87.26,118.62,87.4,114.33,82.98,77.33,27.02,108.52,73.25,11.6,-2.52,-2.68,-2.85,36.64,-4.58,45.12,656762145.1466484,55190098.0,0.024500001,-25.06,264300,0.56,11.94,-2.85,11.84,-2.03,11.97,-3.09,11.88,-2.36,3.45,37.43,394060,469903,560556,0.012
751,BBDO,Financial Services,Banks - Regional,NYSE,115.35,86.54,123.7,96.52,95.16,64.83,100.41,67.9,93.36,53.54,127.03,84.74,3.92,24.17,26.57,22.69,21.79,45.49,87.2,33461799366.196327,10589176727.0,1.08,3.16,73400,0.9,3.87,1.29,3.48,12.64,3.31,18.43,3.2,22.5,4.61,55.29,100890,81813,80966,0.072
752,XMAX,Consumer Cyclical,"Furnishings, Fixtures & Appliances",NASDAQ,115.3,86.52,98.36,70.69,112.35,83.59,120.41,86.82,144.38,92.94,302.0,98.0,8.74,1.75,0.34,2.22,-0.34,43.99,86.79,554256239.1854935,64523426.0,0.15010001,-7.02,659300,1.19,8.75,-0.11,8.69,0.58,8.72,0.23,8.82,-0.91,2.12,140.54,561760,553186,557650,0.071
753,IQV,Healthcare,Diagnostics & Research,NYSE,115.29,86.5,101.41,81.59,127.64,90.87,127.15,89.65,101.38,65.93,83.21,30.41,259.88,0.65,-3.88,-0.72,9.29,15.83,72.33,42501364593.50586,164600000.0,0.029000001,-6.32,972300,0.63,260.59,-0.27,263.07,-1.21,265.99,-2.3,256.86,1.18,2.97,27.87,1332570,1532093,1409510,0.087
754,A,Healthcare,Diagnostics & Research,NYSE,115.29,86.5,108.32,90.64,122.16,88.93,104.84,73.65,97.26,60.06,86.73,34.76,170.54,1.8,-1.16,16.24,23.13,24.04,78.58,47302022779.96857,281928854.0,0.020499999,-3.68,1537300,0.63,169.63,0.54,170.39,0.09,164.38,3.75,155.37,9.76,3.32,34.83,2236480,2457440,2264992,0.081
755,RBKB,Financial Services,Banks - Regional,NASDAQ,115.28,86.47,99.29,75.48,111.26,82.82,111.14,80.46,117.44,82.81,123.09,83.24,12.86,-2.21,0.23,0.31,3.04,48.47,87.88,205612946.93535233,15635966.0,0.0308,-2.8,68700,0.51,13.05,-1.46,12.95,-0.69,12.92,-0.46,12.74,0.94,1.55,17.59,75380,134573,136588,0.014
756,SUNC,Energy,Oil & Gas Midstream,NYSE,115.26,86.46,96.55,58.16,120.14,88.17,131.71,90.98,122.12,85.77,106.38,70.62,74.85,-1.34,-1.93,-7.77,-0.43,58.1,90.18,3908609953.7562103,51517198.0,0.043,-10.36,256500,0.45,72.35,3.46,73.49,1.85,76.46,-2.11,76.42,-2.05,3.52,111.38,680430,575426,529840,1.645
757,SHEL,Energy,Oil & Gas Integrated,NYSE,115.25,86.44,106.68,89.15,111.81,83.23,111.16,80.48,98.49,61.89,112.19,76.32,100.18,4.1,4.59,3.52,11.65,41.81,86.0,274148920788.96246,2848892354.0,0.0124,1.03,8483599,1.24,98.27,1.94,96.99,3.29,96.29,4.04,93.5,7.14,1.68,8.92,7955065,6836169,6339300,0.447
758,GSL,Industrials,Marine Shipping,NYSE,115.17,86.42,99.74,76.83,114.91,85.39,117.0,84.99,116.43,82.27,125.32,84.06,44.58,-2.64,0.56,-2.71,1.71,35.32,83.9,1650062555.8514252,36035434.0,0.024400001,-4.27,157900,0.54,45.23,-1.44,44.93,-0.78,45.11,-1.17,44.16,0.95,2.43,3.7,304690,290123,329674,0.02
759,SUN,Energy,Oil & Gas Refining & Marketing,NYSE,115.15,86.41,99.88,77.18,114.68,85.19,123.1,88.07,116.57,82.39,104.53,68.51,75.6,1.16,1.12,-2.67,0.89,50.1,88.33,14080167568.26278,188413849.0,0.0354,-5.76,249100,0.41,72.82,3.82,73.35,3.07,75.19,0.55,75.14,0.61,3.42,108.82,530570,603503,552546,1.645
760,MEOH,Basic Materials,Chemicals,NASDAQ,115.14,86.39,105.7,88.23,113.31,84.23,119.12,86.11,108.98,75.43,138.68,88.42,62.1,6.28,5.5,-0.99,12.82,54.16,89.37,4520393910.699699,77364263.0,3.3,-6.97,707700,0.91,61.2,1.47,60.09,3.34,60.39,2.83,58.45,6.24,2.9,22.23,586430,777786,742410,0.752
761,ATLC,Financial Services,Credit Services,NASDAQ,115.12,86.36,98.15,68.32,111.91,83.3,124.77,88.77,152.4,94.12,118.41,80.71,93.73,2.0,1.33,-0.77,-11.62,35.84,84.11,1393974782.5609436,15170038.0,0.3147,-18.03,105900,0.86,93.21,0.56,90.93,3.08,91.95,1.94,95.2,-1.54,3.53,110.27,118350,122656,132728,0.833
762,ASIC,Financial Services,Insurance - Property & Casualty,NYSE,115.12,86.36,95.68,53.97,112.42,83.67,123.13,88.08,104.59,70.37,94.88,54.35,25.93,-0.92,-4.49,-5.61,8.72,20.6,76.18,1254247709.4165344,47926928.0,0.0354,-10.59,47600,0.7,25.91,0.08,26.1,-0.65,26.83,-3.35,26.12,-0.73,3.77,37.88,59910,67643,71368,0.459
763,SENEA,Consumer Defensive,Packaged Foods,NASDAQ,115.12,86.36,95.03,50.55,119.39,87.85,125.65,89.07,127.31,87.97,113.69,77.58,178.34,0.38,-2.37,-6.44,6.6,60.55,90.66,1202839415.414154,6770457.0,0.050300002,-15.08,93100,0.91,175.21,1.79,177.26,0.61,180.68,-1.3,185.31,-3.76,3.16,64.56,111080,102100,96378,0.362
764,BST,Financial Services,Asset Management,NYSE,115.1,86.32,104.64,86.92,113.11,84.11,111.64,80.79,107.0,73.2,101.92,64.83,50.54,-1.54,3.35,5.78,17.16,38.78,85.04,1782178638.8442535,34720019.0,0.0034999999,-3.4,31019,0.28,50.61,-0.14,50.34,0.4,49.37,2.37,47.96,5.38,2.19,37.34,149561,110733,99772,
765,ASRV,Financial Services,Banks - Regional,NASDAQ,115.05,86.31,94.55,47.71,124.34,89.68,131.56,90.92,103.15,68.47,119.33,81.16,4.39,-5.59,-6.2,-10.22,-3.3,49.29,88.08,78953593.16926908,16979267.0,0.0117999995,-18.4,5600,0.41,4.43,-0.9,4.52,-2.88,4.63,-5.18,4.78,-8.16,4.73,0.0,11550,13500,18430,0.426
766,CARL,Healthcare,Health Information Services,NASDAQ,115.0,86.29,96.78,59.3,115.86,86.01,110.53,79.79,85.8,36.01,71.29,19.97,14.42,1.05,-4.5,-2.1,13.9,11.09,68.18,389610155.1082039,27302743.0,0.105500005,-16.31,64500,0.74,14.56,-0.96,14.32,0.7,14.78,-2.44,14.87,-3.03,5.31,54.84,90010,87500,122574,0.567
767,NMAX,Communication Services,Broadcasting,NYSE,114.94,86.27,99.19,75.0,119.71,88.02,117.59,85.24,88.29,38.98,58.39,11.97,10.34,8.61,-4.88,-9.22,34.81,15.02,71.61,1229609399.525051,129160645.0,0.6482,-21.55,482600,0.44,10.14,1.97,10.26,0.78,10.57,-2.18,10.24,0.98,4.65,17.67,790640,1105603,1148668,0.165
768,APLM,Healthcare,Biotechnology,NASDAQ,114.92,86.26,101.03,80.73,104.15,76.43,170.45,96.69,170.96,96.14,104.09,67.99,21.5,-7.59,-3.8,-7.35,23.92,16.28,72.67,67819577.86946297,2914965.0,0.0031,-48.96,8800,0.96,22.03,-2.41,22.96,-6.36,23.09,-6.89,22.8,-5.7,6.91,26.93,5020,9173,17506,
769,BIIB,Healthcare,Drug Manufacturers - General,NASDAQ,114.91,86.24,100.53,79.21,112.22,83.5,109.54,78.68,119.19,83.95,115.35,78.67,225.71,2.65,-0.83,3.94,8.55,29.2,81.63,32488149801.69507,147753998.0,0.043899998,-2.07,815000,0.8,222.55,1.42,223.71,0.89,222.11,1.62,217.05,3.99,2.66,107.96,1199350,1024223,928140,0.034
770,YSXT,Industrials,Specialty Business Services,NASDAQ,114.9,86.22,120.01,95.81,91.66,58.16,80.58,28.55,44.95,8.11,49.88,8.82,1.3,5.52,0.0,1.56,41.3,3.17,57.47,39279239.78716135,31882500.0,0.0042,-58.6,1100,0.07,1.27,2.36,1.27,2.36,1.3,0.0,1.18,10.17,4.41,17.43,3160,16680,27086,0.137
771,VET,Energy,Oil & Gas E&P,NYSE,114.9,86.22,100.05,77.69,111.41,82.91,123.65,88.22,94.76,55.97,135.04,87.3,11.87,1.63,2.33,-9.62,3.98,47.98,87.79,1784704046.6308594,152800000.0,8.99,-19.91,1165900,0.86,11.72,1.28,11.61,2.24,12.02,-1.25,12.05,-1.49,3.23,23.51,1076540,1353526,1339470,0.231
772,TITN,Industrials,Industrial Distribution,NASDAQ,114.85,86.19,104.75,87.06,117.16,86.73,113.8,82.64,94.8,56.05,111.32,75.81,22.63,-10.98,-3.66,-2.54,27.64,43.59,86.71,598206243.5354176,23532897.0,0.0577,-15.87,365100,1.27,24.17,-6.37,23.97,-5.59,23.91,-5.35,21.56,4.96,4.98,15.09,223680,287560,254820,-0.092
773,MSFT,Technology,Software - Infrastructure,NASDAQ,114.84,86.17,109.55,91.46,112.97,84.01,105.74,74.74,78.16,27.72,81.69,28.77,535.07,3.39,3.66,7.96,18.84,11.04,68.09,3842942775502.508,7425545491.0,0.0091,-3.37,18483600,0.86,528.38,1.27,520.33,2.83,509.41,5.04,500.19,6.97,2.38,69.42,20896100,21507960,24938148,0.177
774,ACOG,Healthcare,Biotechnology,NASDAQ,114.83,86.16,101.07,80.92,117.55,86.89,125.18,88.9,105.74,71.76,103.11,66.51,9.04,-0.66,6.73,1.57,3.55,49.67,88.21,198178607.10759735,21777868.0,0.0121,-10.85,20300,0.19,9.05,-0.11,8.94,1.12,8.84,2.26,8.98,0.67,5.3,23.99,85300,106036,126168,2.676
775,TSM,Technology,Semiconductors,NYSE,114.75,86.14,102.21,83.37,116.31,86.26,116.45,84.55,118.96,83.85,132.0,86.42,453.31,-4.12,0.6,4.91,12.7,55.78,89.78,2452061177534.995,5186474013.0,0.0057,-5.36,9225100,0.95,470.32,-3.62,464.96,-2.51,449.49,0.85,431.75,4.99,2.48,31.66,9414130,9671446,9920816,0.36
776,ADI,Technology,Semiconductors,NASDAQ,114.72,86.12,104.48,86.61,112.86,83.96,108.03,77.07,119.26,84.0,140.43,88.92,406.19,-2.63,3.2,7.24,11.12,48.58,87.94,202136480767.1971,484565465.0,0.0199,-8.91,2004500,0.64,412.37,-1.5,407.4,-0.3,390.97,3.89,379.62,7.0,2.66,58.66,2634330,3128626,3342216,0.396
777,TXN,Technology,Semiconductors,NASDAQ,114.71,86.11,101.06,80.86,117.37,86.84,112.56,81.63,129.3,88.92,115.78,79.0,283.74,-3.42,2.04,5.6,2.31,61.34,90.75,268312158998.75696,913247686.0,0.0241,-15.06,4037300,0.73,290.61,-2.36,286.82,-1.07,276.8,2.51,271.88,4.36,2.59,28.28,4428490,5529053,5720562,0.228
778,AFRI,Consumer Defensive,Farm Products,NASDAQ,114.61,86.09,114.05,93.67,100.7,72.86,103.93,72.57,102.74,67.98,95.43,55.56,12.72,13.17,15.95,14.91,21.84,14.8,71.34,303073274.4284725,26963815.0,0.0228,6.77,35300,1.25,12.08,5.3,11.59,9.75,11.33,12.27,11.04,15.22,2.94,46.77,31000,28236,23830,-0.222
779,STLD,Basic Materials,Steel,NASDAQ,114.54,86.07,99.69,76.7,114.83,85.29,114.74,83.31,129.82,89.1,128.5,85.28,238.38,2.75,2.26,-0.35,-5.37,37.08,84.47,33250683922.444702,143328088.0,0.0332,-17.44,599400,0.63,237.17,0.51,231.68,2.89,233.82,1.95,240.87,-1.03,2.81,50.34,901030,949603,1066086,0.334
780,PSNYW,Consumer Cyclical,Auto Manufacturers,NASDAQ,114.47,86.06,103.75,85.6,102.03,74.37,97.88,63.55,45.69,8.37,54.45,10.2,4.11,-1.91,-2.14,1.73,65.73,-22.45,29.26,688333749.9101844,164280129.0,0.05,-71.46,4700,0.03,4.15,-0.96,4.16,-1.2,4.23,-2.84,3.89,5.66,5.72,-0.0,11000,173343,316686,-0.044
781,CRDO,Technology,Semiconductors,NASDAQ,114.45,86.04,102.28,83.45,120.85,88.45,85.8,35.26,135.79,90.89,177.83,94.78,216.55,-0.96,2.64,32.89,7.69,44.42,86.93,41093807236.80325,187951918.0,0.0514,-29.84,6297800,0.69,216.35,0.09,209.03,3.6,192.38,12.56,209.86,3.19,6.75,50.63,8045940,9189316,7269208,1.147
782,PRGO,Healthcare,Drug Manufacturers - Specialty & Generic,NYSE,114.43,86.02,110.57,92.02,121.37,88.67,105.13,74.01,67.37,19.65,55.76,10.86,15.06,5.61,-2.33,10.25,49.08,19.88,75.57,1978849465.4617596,138769245.0,0.2502,-33.01,4357300,1.56,14.51,3.79,14.57,3.36,14.26,5.61,13.68,10.09,4.89,111.24,2589820,2797576,2824514,-0.032
783,BHP,Basic Materials,Other Industrial Metals & Mining,NYSE,114.37,86.01,98.84,73.77,114.18,84.94,116.47,84.58,113.35,79.58,127.93,85.05,86.74,0.78,2.08,-0.47,3.18,48.72,88.0,218744916093.4728,2541476901.0,0.0068,-12.13,2650600,1.02,86.12,0.72,85.56,1.38,85.63,1.3,87.92,-1.34,2.18,79.71,3005630,2600390,2679872,0.183
784,AMAL,Financial Services,Banks - Regional,NASDAQ,114.35,85.99,95.68,53.97,116.41,86.31,119.76,86.54,125.4,87.24,128.73,85.32,46.58,-3.34,-2.1,-2.69,-5.37,43.58,86.68,1440888042.8683968,29900147.0,0.0752,-9.71,171700,0.63,47.15,-1.21,47.35,-1.63,47.33,-1.58,48.44,-3.84,2.26,0.95,313880,272883,223014,0.235
785,HBT,Financial Services,Banks - Regional,NASDAQ,114.28,85.97,97.37,62.27,116.72,86.49,121.47,87.39,114.59,80.76,102.21,65.34,34.95,-3.82,-3.59,-4.27,-1.85,34.37,83.58,1321526345.628952,36365612.0,0.057800002,-6.82,106800,0.8,35.72,-2.16,35.77,-2.29,35.9,-2.65,35.98,-2.86,1.91,5.99,149450,133600,131308,0.377
786,AMG,Financial Services,Asset Management,NYSE,114.23,85.96,103.6,85.44,114.36,85.09,110.33,79.55,127.53,88.05,115.55,78.86,387.26,4.26,3.63,8.9,5.97,34.63,83.61,9605154724.786194,25859933.0,0.0541,-1.44,332200,1.11,382.35,1.28,375.95,3.01,366.63,5.63,366.04,5.8,2.85,23.37,321330,298256,280704,0.299
787,QNME,Industrials,Integrated Freight & Logistics,NASDAQ,114.15,85.94,167.15,98.4,97.63,68.82,39.16,6.03,34.19,5.03,78.79,26.12,0.74,32.5,0.41,143.28,189.84,-21.89,29.76,19279433.122081697,34427559.0,0.0322,-55.95,6842500,0.31,0.65,13.85,0.61,21.31,0.57,29.82,0.47,57.45,22.29,23.04,11228290,22388753,18028782,-0.637
788,VOC,Energy,Oil & Gas E&P,NYSE,114.03,85.93,102.81,84.44,114.06,84.75,116.17,84.4,98.16,61.25,104.01,67.87,3.42,0.0,0.29,1.79,17.53,44.9,87.02,58140001.29699707,17000000.0,0.0147,-10.94,45600,0.9,3.42,0.0,3.42,0.0,3.4,0.59,3.31,3.32,1.29,90.32,52380,50813,72158,-0.316
789,AMGN,Healthcare,Drug Manufacturers - General,NASDAQ,114.0,85.91,101.77,82.44,113.09,84.09,104.56,73.29,104.7,70.48,102.86,66.12,414.87,2.94,0.06,9.94,7.65,27.75,80.93,217896327914.85825,540632005.0,0.025999999,-7.19,2553000,0.86,408.19,1.64,411.46,0.83,401.0,3.46,411.17,0.9,2.64,98.96,2810390,2980693,2823024,0.095
790,ATLO,Financial Services,Banks - Regional,NASDAQ,113.9,85.89,98.87,73.9,112.67,83.82,116.56,84.65,121.39,85.34,128.98,85.46,31.46,-2.78,-1.13,-3.17,4.32,39.6,85.33,286619644.60601807,8857220.0,0.0361,-4.26,12400,0.46,31.92,-1.44,31.85,-1.22,31.97,-1.6,31.65,-0.6,2.24,5.67,17270,26903,30460,0.18
791,SHOP,Technology,Software - Application,NASDAQ,113.88,85.88,122.06,96.19,99.52,71.4,91.99,50.1,82.61,32.46,95.16,55.06,170.85,12.85,20.11,32.66,39.58,0.7,52.47,194785023928.78485,1286643931.0,0.0136,-6.22,6758100,0.72,165.2,3.42,156.7,9.03,145.81,17.17,144.82,17.97,4.15,71.88,7371250,9398866,9842644,0.337
792,ZIP,Communication Services,Internet Content & Information,NYSE,113.83,85.86,108.45,90.79,97.24,68.18,87.25,37.65,111.77,78.27,70.49,19.5,4.17,17.46,18.8,11.5,4.77,-7.95,41.43,291902874.729151,82226163.0,0.045300003,-25.67,499700,0.67,3.85,8.31,3.67,13.62,3.7,12.7,4.15,0.48,4.67,92.48,549050,751406,890560,0.052
793,RPRX,Healthcare,Biotechnology,NASDAQ,113.79,85.84,95.18,51.28,115.96,86.07,119.89,86.61,129.07,88.83,120.59,81.89,56.93,-0.4,-2.2,-2.87,-3.15,48.51,87.91,25452052915.09607,445277344.0,0.026500002,-11.57,2882000,0.9,56.6,0.58,57.27,-0.59,57.89,-1.66,59.12,-3.7,1.99,106.88,2966870,3191670,2999324,0.165
794,EPC,Consumer Defensive,Household & Personal Products,NYSE,113.76,85.83,98.65,72.88,114.84,85.32,119.23,86.26,122.53,85.96,95.19,55.16,27.8,3.08,-0.07,3.23,2.57,65.25,91.52,1243018005.9032536,46088915.0,0.1017,-7.18,301500,0.53,27.33,1.72,27.3,1.83,27.23,2.09,27.76,0.14,3.27,45.16,537030,573040,578042,0.017
795,EZPW,Financial Services,Credit Services,NASDAQ,113.74,85.81,96.86,59.73,112.8,83.91,122.91,87.97,136.84,91.22,153.33,91.76,31.96,5.83,2.57,-1.57,9.6,62.32,90.97,1858386582.5482254,61535978.0,0.2703,-13.92,908800,1.37,30.98,3.16,30.59,4.48,30.79,3.8,30.95,3.26,3.24,104.2,612590,664523,899374,0.347
796,MFIN,Financial Services,Credit Services,NASDAQ,113.73,85.79,101.45,81.62,111.58,83.06,112.39,81.47,97.39,60.21,90.61,46.38,11.88,-0.25,-0.67,-1.41,19.08,17.48,73.71,273456562.08654404,22960249.0,0.0546,-3.1,55400,0.8,11.87,0.08,11.92,-0.34,11.93,-0.42,11.63,2.15,2.51,23.44,70260,68936,76490,0.025
797,ACHC,Healthcare,Medical Care Facilities,NASDAQ,113.7,85.78,98.63,72.7,113.88,84.65,123.96,88.43,146.4,93.35,132.52,86.59,29.25,4.24,4.13,3.14,3.94,102.28,95.27,2612393666.779089,93100275.0,0.3548,-18.36,1383700,0.94,28.97,0.97,28.33,3.25,28.31,3.32,28.97,0.97,3.83,83.82,1421710,1464853,1596966,-0.004
798,CVX,Energy,Oil & Gas Integrated,NYSE,113.68,85.76,103.95,85.84,109.46,81.44,113.59,82.48,100.28,64.58,107.85,72.39,211.98,2.56,3.68,-0.97,11.19,45.46,87.17,405443785492.1305,1961603274.0,0.0106,-2.66,6298800,0.7,208.55,1.64,207.15,2.33,208.09,1.87,203.83,4.0,1.91,31.32,6607370,8941243,8599094,0.535
799,AEF,Financial Services,Asset Management,NYSE ARCA,113.66,85.73,97.91,65.86,121.54,88.72,122.05,87.6,115.0,81.07,133.88,87.01,9.36,-2.5,-3.9,-3.14,11.99,50.3,88.39,389773676.28821373,40601423.0,2.45,-7.69,90858,0.93,9.5,-1.47,9.49,-1.37,9.53,-1.78,9.3,0.65,2.3,41.72,93225,97341,96189,0.248
800,YEXT,Technology,Software - Infrastructure,NYSE,113.66,85.73,109.76,91.62,105.71,78.27,106.42,75.38,90.18,43.4,45.58,7.35,6.93,6.45,7.11,8.28,25.77,-17.11,33.3,644351385.6944275,98978704.0,0.104499996,-23.26,434000,0.39,6.71,3.28,6.61,4.84,6.49,6.78,6.3,10.0,3.48,64.3,776160,1108933,943374,-0.018
801,WDS,Energy,Oil & Gas E&P,NYSE,113.6,85.69,100.18,78.04,111.79,83.19,112.47,81.53,104.49,70.26,137.65,88.13,22.57,3.58,2.4,-4.73,-1.09,56.05,89.84,41424973856.479164,1901100143.0,6.14,-10.4,425000,0.7,22.09,2.17,22.0,2.59,22.51,0.27,22.68,-0.49,2.01,24.29,554130,609100,570244,0.13
802,AMCX,Communication Services,Entertainment,NASDAQ,113.6,85.69,90.79,32.16,125.36,90.01,124.6,88.67,127.78,88.24,110.4,74.93,10.81,-3.14,-11.1,-11.18,11.33,12.25,69.37,460349670.06575394,41249971.0,0.2207,-16.4,362500,0.58,10.92,-1.01,11.22,-3.65,11.64,-7.13,11.92,-9.31,3.49,7.95,648590,624210,693704,-0.088
803,PAA,Energy,Oil & Gas Midstream,NASDAQ,113.6,85.69,96.92,60.06,112.52,83.72,123.72,88.28,116.42,82.25,107.89,72.48,24.34,2.48,-0.33,-6.74,-0.25,45.88,87.33,16757203425.0,705566460.0,0.026199998,-7.77,1854300,0.73,24.16,0.75,24.05,1.21,24.64,-1.22,24.59,-1.02,2.19,13.12,2220290,2537013,2617524,0.663
804,FCBC,Financial Services,Banks - Regional,NASDAQ,113.58,85.65,98.62,72.61,110.52,82.3,111.13,80.44,110.79,77.39,110.74,75.14,47.34,-1.37,-0.59,0.13,0.07,43.77,86.74,907695792.0,18910329.0,0.0397,-5.64,143200,1.47,47.63,-0.61,47.55,-0.44,47.36,-0.04,48.09,-1.56,1.9,26.65,83120,97106,90068,0.374
805,BOW,Financial Services,Insurance - Property & Casualty,NYSE,113.58,85.65,100.32,78.51,110.95,82.59,115.61,83.95,102.52,67.63,74.36,22.4,34.03,0.77,0.8,1.07,11.76,18.74,74.72,1112485293.930111,32943005.0,0.0336,-2.97,139400,0.47,33.95,0.24,33.86,0.5,33.81,0.65,33.62,1.22,0.5,17.8,302020,298593,386188,0.23
806,MD,Healthcare,Medical Care Facilities,NYSE,113.52,85.63,98.67,72.93,110.89,82.51,115.85,84.2,129.69,89.04,126.79,84.59,26.64,2.58,1.25,-0.49,0.6,21.09,76.56,2110147392.0778065,81253271.0,0.083000004,-4.65,518000,0.7,26.16,1.83,26.03,2.34,26.1,2.07,26.34,1.14,2.8,41.49,760690,742880,779246,0.04
807,PNTG,Healthcare,Medical Care Facilities,NASDAQ,113.51,85.61,98.12,67.88,118.59,87.39,116.83,84.9,137.16,91.31,100.31,62.69,39.73,1.25,-2.55,1.35,-3.4,34.91,83.75,1370616922.387291,34929074.0,0.0319,-7.04,321400,0.85,39.99,-0.65,39.84,-0.28,39.92,-0.48,39.23,1.27,3.47,2.9,378870,377893,337948,0.358
808,SLAB,Technology,Semiconductors,NASDAQ,113.48,85.59,98.95,74.15,114.55,85.13,112.8,81.84,120.5,84.86,147.11,90.66,222.04,-0.32,0.36,0.78,2.36,63.46,91.18,7432779497.070908,33366761.0,0.1291,-0.65,151600,0.49,222.23,-0.09,222.02,0.01,221.26,0.35,219.88,0.98,0.44,83.49,330430,311543,284786,0.183
809,PI,Technology,Semiconductors,NASDAQ,113.45,85.58,110.88,92.2,115.33,85.62,121.24,87.28,94.49,55.56,81.75,28.88,189.63,0.01,6.37,7.24,28.57,6.38,62.81,5793422267.578934,30554413.0,0.1456,-23.25,232600,0.59,186.69,1.57,183.96,3.08,180.96,4.79,174.18,8.87,3.68,72.72,356930,392040,408970,0.107
810,GCTS,Technology,Semiconductors,NYSE,113.38,85.56,94.35,46.37,123.85,89.53,105.29,74.23,141.73,92.34,87.97,37.23,2.02,-10.22,-9.42,5.76,6.88,62.9,91.11,206931883.5,91969726.0,0.1232,-48.6,1807600,1.22,2.08,-2.88,2.12,-4.72,2.09,-3.35,2.03,-0.49,6.11,48.58,1421130,1482866,1913722,-0.179
811,ACA,Industrials,Engineering & Construction,NYSE,113.34,85.54,98.93,74.05,113.55,84.47,115.94,84.21,127.37,87.99,106.42,70.66,147.18,0.46,0.38,1.5,1.34,31.31,82.39,7194147518.5,49106809.0,0.038,0.12,423900,0.63,146.67,0.35,146.5,0.46,146.15,0.7,145.62,1.07,0.35,159.47,674340,677010,635376,0.017
812,NUAI,Technology,Software - Infrastructure,NASDAQ,113.27,85.53,81.85,14.43,188.86,97.53,278.84,98.72,213.97,97.69,295.62,97.92,4.7,-25.36,-33.5,-20.96,-2.8,9.7,66.81,759813622.3019571,120797079.0,0.2531,-50.24,10548000,1.28,5.39,-12.8,6.01,-21.8,6.18,-23.95,5.64,-16.67,12.36,12.91,8323630,8256946,7175746,-0.825
813,FENC,Healthcare,Biotechnology,NASDAQ,113.25,85.5,95.51,52.96,112.42,83.67,119.15,86.17,127.26,87.94,84.02,31.27,10.71,5.0,0.99,-2.28,8.07,39.27,85.21,357685015.1114702,35067159.0,0.018,-19.17,93200,0.48,10.53,1.71,10.56,1.42,10.64,0.66,11.19,-4.29,4.68,27.93,127190,193880,205656,0.852
814,UROY,Energy,Uranium,NASDAQ,113.25,85.5,107.6,90.04,111.53,83.03,120.08,86.69,64.95,18.22,103.99,67.84,4.18,5.29,0.97,-4.02,22.22,12.06,69.13,1512837263.3624234,381067318.0,1.92,-24.28,2028300,0.51,4.15,0.72,4.07,2.7,4.22,-0.95,4.18,0.0,4.81,84.49,3043730,3971593,3452092,1.129
815,HRMY,Healthcare,Biotechnology,NASDAQ,113.22,85.48,99.48,76.06,115.42,85.74,112.51,81.56,96.67,59.04,82.2,29.35,40.28,1.61,-2.38,-2.99,12.33,3.65,58.63,2308490582.9753265,58236393.0,0.1062,-7.38,487100,0.49,39.7,1.46,39.63,1.64,40.71,-1.06,39.93,0.88,3.29,58.14,777730,993376,886634,0.303
816,LUXE,Consumer Cyclical,Luxury Goods,NYSE,113.13,85.46,121.37,96.09,105.04,77.55,82.64,31.12,86.7,37.06,101.49,64.21,10.21,4.83,8.85,38.16,26.99,14.85,71.44,1360676321.9652462,139699831.0,0.1985,-10.28,78500,0.26,10.14,0.69,9.94,2.72,9.35,9.2,8.45,20.83,4.53,6.49,205000,307073,231164,0.115
817,DBX,Technology,Software - Infrastructure,NASDAQ,113.1,85.44,102.41,83.75,106.8,79.45,117.05,85.06,104.87,70.75,80.11,27.54,34.36,1.36,6.31,-3.37,7.01,20.6,76.18,7371305115.891106,217442619.0,0.2705,-9.98,2767500,0.62,33.94,1.24,33.61,2.23,34.65,-0.84,34.57,-0.61,3.79,16.11,3891690,4433546,4284130,0.009
818,USBC,Technology,Scientific & Technical Instruments,NYSE ARCA,113.09,85.43,114.87,94.15,101.49,73.85,98.82,65.09,54.7,12.41,45.55,7.3,0.51,-3.77,0.0,4.08,59.38,-27.14,26.2,205716536.79509878,388144430.0,0.0126,-60.47,175700,0.53,0.53,-3.77,0.53,-3.77,0.51,0.0,0.45,13.33,5.6,70.0,307240,333380,351668,
819,GCL,Communication Services,Electronic Gaming & Multimedia,NASDAQ,113.06,85.41,131.87,97.27,101.21,73.47,84.12,32.84,42.93,7.35,32.15,4.1,0.79,4.35,5.05,29.89,62.09,-30.61,23.88,97030598.94933641,128008703.0,0.0062,-71.27,56000,0.16,0.77,2.6,0.75,5.33,0.69,14.49,0.62,27.42,8.07,31.39,119740,341466,592348,0.538
820,WNC,Industrials,Farm & Heavy Construction Machinery,NYSE,113.01,85.39,100.21,78.14,112.19,83.47,119.35,86.27,120.23,84.68,89.61,43.62,13.2,-5.43,1.9,5.8,7.08,51.11,88.57,571949907.3660002,40737173.0,0.10560001,-8.78,428200,0.5,13.59,-2.87,13.17,0.23,12.6,4.76,12.66,4.27,5.7,13.29,1137960,860800,850978,-0.091
821,CHCI,Real Estate,Real Estate Services,NASDAQ,112.97,85.38,97.66,64.14,119.19,87.79,126.37,89.37,98.99,62.62,145.94,90.51,18.71,-0.32,-3.21,-6.78,27.28,68.86,92.04,192992243.7467041,10281952.0,0.0305,-15.22,24500,0.54,18.8,-0.48,18.97,-1.37,19.51,-4.1,18.65,0.32,4.72,33.98,36220,45713,40794,0.741
822,DSGR,Industrials,Industrial Distribution,NASDAQ,112.94,85.36,103.49,85.32,113.09,84.09,119.98,86.66,109.44,75.87,85.96,33.66,35.03,0.14,0.2,0.81,1.36,24.22,78.71,1618014640.3859482,46255422.0,0.0574,-0.09,149500,0.69,35.05,-0.06,35.0,0.09,34.93,0.29,34.84,0.55,0.25,0.0,210240,216910,210508,0.11
823,MFG,Financial Services,Banks - Regional,NYSE,112.92,85.34,96.1,56.02,122.61,89.15,129.69,90.48,127.64,88.12,118.24,80.63,10.61,-2.57,-4.16,-7.34,2.51,44.16,86.81,131802094400.34854,12103038590.0,0.00090000004,-7.66,2529200,0.76,10.85,-2.21,10.9,-2.66,10.96,-3.19,10.78,-1.58,2.71,66.0,3389510,3329226,3141710,0.35
824,AVIR,Healthcare,Biotechnology,NASDAQ,112.89,85.33,98.33,70.27,114.89,85.37,118.16,85.56,104.31,70.0,154.75,91.96,5.15,0.39,-0.39,-3.01,8.65,62.46,90.99,411450115.0486994,80204699.0,0.122600004,-20.16,158000,0.56,5.1,0.98,5.13,0.39,5.22,-1.34,5.25,-1.9,4.29,27.18,279170,284470,273402,
825,GLW,Technology,Electronic Components,NYSE,112.88,85.29,94.93,49.97,109.12,81.21,129.54,90.43,153.27,94.27,223.81,96.96,156.68,-4.57,-0.04,-5.84,16.09,78.18,93.09,141143936585.47516,859637825.0,0.0231,-42.35,6670800,0.81,160.22,-2.21,158.98,-1.45,155.69,0.64,155.34,0.86,4.95,70.68,7302360,8230726,8957844,0.166
826,GRDN,Healthcare,Medical Care Facilities,NYSE,112.88,85.29,99.46,76.01,110.29,82.15,113.42,82.37,127.21,87.9,131.76,86.32,41.28,-2.6,0.17,-5.41,0.19,31.55,82.43,2684446911.17688,63342304.0,0.0654,-14.59,397500,0.62,41.37,-0.22,41.23,0.12,42.96,-3.91,40.9,0.93,3.59,41.17,471480,640413,531116,0.022
827,APLE,Real Estate,REIT - Hotel & Motel,NYSE,112.88,85.29,99.78,76.93,111.44,82.97,109.22,78.38,127.73,88.2,100.72,63.08,16.31,-1.21,1.24,5.41,-0.36,42.08,86.17,3897725398.0150414,236082698.0,0.111,-5.61,1687900,0.66,16.26,0.31,16.28,0.18,15.93,2.39,15.94,2.32,1.86,47.79,2467050,2575706,2643766,0.047
828,OPY,Financial Services,Capital Markets,NYSE,112.86,85.26,93.17,40.81,122.45,89.02,131.49,90.89,122.49,85.92,144.99,90.13,113.94,-5.15,-4.88,-7.58,3.11,52.32,88.89,1286352611.2395859,10708005.0,0.0139999995,-9.49,93100,0.79,118.17,-3.58,118.69,-4.0,117.99,-3.43,117.24,-2.81,3.87,-0.0,111020,118413,122478,0.241
829,LSCC,Technology,Semiconductors,NASDAQ,112.84,85.24,99.62,76.41,117.61,86.91,115.8,84.13,139.98,91.96,171.34,94.15,126.05,-5.93,-1.56,5.25,1.22,64.75,91.47,18994394006.0,141749209.0,0.08140001,-19.72,1042200,0.61,129.87,-2.94,128.73,-2.08,121.79,3.5,121.77,3.51,4.14,81.52,1835920,1704700,1714278,0.622
830,AUDC,Technology,Communication Equipment,NASDAQ,112.82,85.23,110.82,92.09,107.28,79.77,95.14,59.18,98.59,62.02,94.1,52.97,11.39,2.71,6.85,18.52,25.7,34.02,83.45,267854489.1454239,24152794.0,0.0116,0.98,84300,0.76,11.07,2.89,10.92,4.3,10.52,8.27,10.11,12.66,3.25,10.81,138440,110683,118584,0.031
831,PEO,Financial Services,Asset Management,NYSE,112.77,85.21,102.04,82.98,108.64,80.69,115.37,83.74,103.7,69.25,109.46,73.95,28.86,3.74,3.11,-1.6,6.89,42.41,86.38,779746574.1264496,28028274.0,0.015,-2.99,41419,0.75,28.42,1.55,28.02,3.0,28.32,1.91,28.16,2.49,1.77,11.73,45321,55423,59052,0.05
832,NEU,Basic Materials,Specialty Chemicals,NYSE,112.75,85.19,101.16,81.18,108.58,80.61,106.75,75.72,99.23,63.0,86.95,35.21,893.36,-3.32,-0.52,1.05,3.39,26.79,80.35,8498030905.907837,9196406.0,0.0754,-8.99,107500,0.87,910.69,-1.9,911.32,-1.97,899.38,-0.67,903.14,-1.08,2.25,14.7,126850,122993,125198,0.07
833,LVWR,Consumer Cyclical,Recreational Vehicles,NYSE,112.74,85.18,137.44,97.72,73.18,23.66,55.15,10.82,24.74,2.97,60.13,12.89,1.61,2.55,7.33,41.23,-21.84,-65.89,9.2,322497568.26431215,205412457.0,0.1272,-75.0,173400,0.44,1.55,3.87,1.56,3.21,1.45,11.03,1.33,21.05,9.52,84.85,184850,394446,609408,0.552
834,CARE,Financial Services,Banks - Regional,NASDAQ,112.71,85.15,94.9,49.82,111.24,82.8,123.83,88.37,141.75,92.35,118.39,80.68,30.16,-1.92,-0.49,-3.43,-11.36,52.52,88.98,681540878.25,22163931.0,0.0992,-16.36,158400,0.64,30.37,-0.69,30.26,-0.33,30.44,-0.92,31.48,-4.19,2.03,3.26,189650,247373,302330,0.683
835,AXGN,Healthcare,Medical Devices,NASDAQ,112.71,85.15,81.17,13.74,128.48,91.22,130.0,90.56,166.01,95.69,179.54,94.86,36.13,-3.37,-16.73,-14.3,-12.62,10.35,67.42,2193727835.2597504,58671513.0,0.0789,-31.71,929800,0.67,36.38,-0.69,38.69,-6.62,41.58,-13.11,45.31,-20.26,4.81,30.48,1653290,1395086,1199332,0.231
836,SOAR,Industrials,Airports & Air Services,NYSE ARCA,112.68,85.13,171.07,98.52,53.61,10.23,50.37,9.14,27.31,3.41,21.66,2.24,0.31,10.32,72.22,62.3,134.85,-68.27,8.53,15070942.061429024,53633248.0,0.1216,-91.99,13137800,0.2,0.29,6.9,0.31,0.0,0.24,29.17,0.21,47.62,20.3,19.07,145781970,64960086,64817074,-0.961
837,VIST,Energy,Oil & Gas E&P,NYSE,112.67,85.1,93.18,40.86,111.29,82.84,123.55,88.18,112.81,79.1,132.15,86.47,66.26,3.13,-1.74,-13.12,-3.37,42.25,86.23,7107168207.0,110617404.0,0.0325,-18.64,530800,0.48,66.29,-0.05,65.93,0.5,69.33,-4.43,69.84,-5.13,3.48,16.9,865930,1099253,1049094,1.023
838,KRYS,Healthcare,Biotechnology,NASDAQ,112.67,85.1,92.45,37.69,120.28,88.25,134.68,91.74,140.32,92.06,123.0,83.18,331.61,2.89,-4.11,-4.44,-9.61,32.85,83.06,9539112829.948608,29598836.0,0.175,-13.31,196900,0.7,329.03,0.78,329.74,0.57,335.74,-1.23,339.7,-2.38,3.52,66.28,295580,280280,282692,0.241
839,BSET,Consumer Cyclical,"Furnishings, Fixtures & Appliances",NASDAQ,112.66,85.08,108.68,91.01,101.01,73.28,104.57,73.32,126.31,87.64,77.47,24.75,20.95,1.11,14.61,18.43,9.27,24.89,79.2,179256193.97958183,8651361.0,0.0086,-5.88,16100,0.57,21.23,-1.32,19.96,4.96,18.76,11.67,18.91,10.79,3.95,26.55,39780,28333,27272,0.034
840,VAL,Energy,Oil & Gas Drilling,NYSE,112.64,85.06,99.39,75.77,110.28,82.14,104.9,73.72,112.19,78.65,170.99,94.07,83.65,6.71,3.28,-0.1,10.68,67.7,91.87,5443072868.349747,69435807.0,0.111999996,-26.7,307700,0.26,82.99,0.8,80.95,3.34,82.04,1.96,83.64,0.01,3.14,2.28,869090,1165683,1128566,-0.124
841,NRT,Energy,Oil & Gas E&P,NYSE,112.56,85.04,98.08,67.45,120.69,88.4,127.82,89.9,111.57,78.08,126.84,84.64,8.49,0.35,-1.28,-6.7,-1.41,45.17,87.08,77752391.75059319,9190590.0,0.0068,-19.07,8700,0.29,8.36,1.56,8.39,1.19,8.66,-1.96,8.76,-3.08,3.52,16.75,23010,30470,37166,0.006
842,PLBC,Financial Services,Banks - Regional,NASDAQ,112.52,85.03,97.56,63.46,112.95,84.0,115.37,83.74,120.63,84.91,109.88,74.39,60.96,-2.53,-2.14,-2.81,0.18,36.32,84.3,435216867.01116943,6959016.0,0.045900002,-4.75,35931,0.74,61.51,-0.89,61.69,-1.18,61.97,-1.63,61.9,-1.52,2.02,23.96,42473,48374,49420,0.431
843,BRKR,Healthcare,Medical Devices,NASDAQ,112.43,85.01,96.52,58.01,133.26,92.27,115.44,83.8,130.69,89.41,89.3,42.52,58.84,-6.96,-8.32,10.22,-8.47,21.03,76.48,9635203399.570053,152359316.0,0.158,-12.15,1465500,0.65,60.17,-2.21,61.86,-4.88,60.76,-3.16,58.69,0.26,5.52,39.38,2295130,2261373,2338354,0.052
844,TNET,Industrials,Staffing & Employment Services,NYSE,112.38,84.99,99.96,77.39,115.36,85.69,122.79,87.91,107.89,74.23,55.98,11.0,65.45,3.49,0.99,-0.39,-8.25,13.75,70.57,2903015708.1695786,45904738.0,0.0652,-10.44,243200,0.73,64.61,1.3,63.89,2.44,65.38,0.11,66.99,-2.3,3.54,17.72,334410,332400,350360,-0.044
845,KALU,Basic Materials,Aluminum,NASDAQ,112.36,84.98,95.45,52.76,114.13,84.85,119.22,86.23,132.58,89.95,158.67,92.54,151.51,-0.34,-0.68,-3.62,-5.14,32.5,82.84,2485552436.8026123,16349092.0,0.0699,-24.2,91200,0.42,152.6,-0.71,151.1,0.27,151.91,-0.26,160.87,-5.82,3.72,12.23,217260,216473,223276,0.527
846,PRE,Consumer Defensive,Packaged Foods,NASDAQ,112.3,84.96,94.57,47.8,121.29,88.63,137.5,92.45,123.42,86.36,180.78,94.96,21.84,8.28,-4.92,-6.95,13.51,18.82,74.8,338439631.97016335,16779357.0,0.036199998,-19.82,136000,0.68,21.53,1.44,21.85,-0.05,22.64,-3.53,22.06,-1.0,6.55,65.01,201390,201190,221366,2.107
847,ARTV,Healthcare,Biotechnology,NASDAQ,112.21,84.94,78.58,10.7,121.02,88.52,203.15,97.8,184.58,96.81,339.62,98.34,6.94,1.61,-0.72,-32.09,-33.46,55.61,89.73,333919522.6999798,48890121.0,0.0602,-52.24,275900,0.6,7.03,-1.28,7.0,-0.86,7.76,-10.57,9.8,-29.18,6.61,37.04,438080,456046,402416,
848,SENEB,Consumer Defensive,Packaged Foods,NASDAQ,112.15,84.93,92.29,37.11,124.98,89.81,127.18,89.7,125.23,87.16,111.83,76.11,175.58,0.78,-6.32,-6.72,2.73,53.34,89.2,1179549026.804718,6770457.0,0.0013,-15.8,0,0.0,177.44,-1.05,178.27,-1.51,183.37,-4.25,186.1,-5.65,1.0,-0.0,130,136,162,0.362
849,JCI,Industrials,Building Products & Equipment,NYSE,112.12,84.91,106.0,88.57,106.31,79.0,104.64,73.35,106.63,72.7,122.09,82.72,157.44,0.77,4.82,8.13,9.73,32.38,82.79,94641050600.23727,605741470.0,0.0211,0.24,2579900,0.81,156.6,0.54,153.79,2.37,148.36,6.12,147.16,6.99,2.29,71.65,2848060,3173623,3141154,0.093
850,DMLP,Energy,Oil & Gas E&P,NASDAQ,112.11,84.9,102.92,84.56,110.67,82.35,112.7,81.73,97.44,60.29,103.77,67.59,29.75,3.88,2.44,0.68,15.73,46.9,87.55,1405977895.1569824,49091408.0,0.0084,-2.59,64800,0.72,29.26,1.67,28.85,3.12,29.2,1.88,28.51,4.35,2.17,57.36,86850,89600,120078,0.731
851,CLMB,Technology,Electronics & Computer Distribution,NASDAQ,112.09,84.88,113.57,93.48,117.26,86.76,102.09,70.28,85.68,35.94,69.38,18.91,33.26,1.4,5.09,20.95,24.38,24.53,78.95,612068944.9630623,18660639.0,0.086899996,-8.26,92300,0.62,33.03,0.7,32.85,1.25,30.93,7.53,29.14,14.14,4.54,60.9,169080,148423,148908,0.094
852,ANAB,Healthcare,Biotechnology,NASDAQ,112.05,84.85,80.25,12.61,140.19,93.55,153.0,95.0,171.83,96.19,214.39,96.69,45.95,-5.32,-9.9,-14.7,-16.52,36.95,84.44,1450816154.8267822,29895244.0,0.4051,-36.5,495200,0.86,46.98,-2.19,48.35,-4.96,51.1,-10.08,54.34,-15.44,5.13,5.94,651220,573276,492470,0.235
853,CBC,Financial Services,Banks - Regional,NASDAQ,112.05,84.85,99.44,75.97,110.41,82.24,116.51,84.6,118.55,83.55,95.48,55.68,32.42,1.22,1.12,0.03,-0.88,38.08,84.88,7671349117.625336,239505133.0,0.0802,-4.13,589400,0.43,32.14,0.87,31.9,1.63,31.9,1.63,32.27,0.46,2.08,37.1,818700,1383366,1140652,0.137
854,XRX,Industrials,Business Equipment & Supplies,NASDAQ,112.02,84.83,87.75,24.39,122.53,89.08,116.72,84.82,105.15,71.12,52.48,9.7,2.75,-8.94,-16.52,-19.2,-20.58,15.59,72.1,396569820.71537447,131314511.0,0.34919998,-28.01,3268000,1.23,2.93,-6.14,3.04,-9.54,3.23,-14.86,3.14,-12.42,6.19,29.39,2479590,2649173,2633180,0.22
855,WST,Healthcare,Medical Instruments & Supplies,NYSE,112.0,84.81,100.24,78.26,114.16,84.9,112.21,81.36,125.42,87.27,105.11,69.14,366.0,0.28,-1.2,5.71,7.78,33.45,83.3,25685746387.931213,70375762.0,0.0395,-5.18,480200,0.83,369.03,-0.82,369.82,-1.03,367.06,-0.29,355.26,3.02,2.54,41.17,520150,579960,548794,0.138
856,NPK,Industrials,Aerospace & Defense,NYSE,111.95,84.8,104.66,86.96,107.05,79.63,116.41,84.52,89.62,41.18,118.81,80.94,151.59,0.57,4.79,-1.74,24.77,41.32,85.86,1075619348.4214325,7136067.0,0.0933,-4.16,77800,0.73,150.42,0.78,149.42,1.45,149.91,1.12,146.73,3.31,2.73,10.37,96920,107113,103354,0.217
857,ATNI,Communication Services,Telecom Services,NASDAQ,111.92,84.78,90.39,31.24,113.54,84.43,123.74,88.3,107.36,73.64,138.98,88.55,25.49,-8.67,-10.01,-15.05,9.6,18.66,74.65,429907691.51963425,15403357.0,0.035099998,-23.71,132700,1.59,27.8,-8.31,27.81,-8.34,28.53,-10.66,29.22,-12.77,4.41,12.45,82410,83286,88540,0.018
858,BPRN,Financial Services,Banks - Regional,NASDAQ,111.91,84.76,99.78,76.93,112.19,83.47,113.67,82.57,106.07,72.09,98.5,59.76,42.82,-2.06,-1.36,-1.22,4.88,23.24,77.96,297873156.03689575,6813201.0,0.0139,-3.76,26900,0.94,43.22,-0.93,43.29,-1.09,43.31,-1.13,42.89,-0.16,2.31,2.02,30220,28663,28352,0.619
859,NTCT,Technology,Software - Infrastructure,NASDAQ,111.89,84.75,100.42,78.85,107.5,79.87,107.54,76.6,131.47,89.58,119.73,81.39,40.69,-0.66,3.17,6.94,1.62,46.05,87.35,2978091432.954468,72707312.0,0.0629,-10.14,360700,0.55,40.45,0.59,40.21,1.19,39.43,3.2,39.08,4.12,2.57,132.83,613700,650080,627682,0.127
860,BBD,Financial Services,Banks - Regional,NYSE,111.83,84.73,122.61,96.24,91.93,59.0,99.42,66.11,94.37,55.24,126.5,84.51,4.3,17.94,26.24,19.58,20.19,37.51,84.68,38650496063.41259,10589176727.0,0.003,-0.0,50413000,1.31,4.34,-0.92,3.91,9.97,3.69,16.53,3.46,24.28,4.31,43.2,59163040,38338386,34797752,0.072
861,NWPX,Basic Materials,Steel,NASDAQ,111.8,84.71,90.06,30.2,111.97,83.33,122.96,88.0,207.17,97.55,141.53,89.21,101.32,-4.41,-1.47,-3.17,-20.14,57.94,90.08,1021447019.3927155,9637202.0,0.088,-33.36,52500,0.37,103.22,-1.84,103.53,-2.13,102.91,-1.55,109.17,-7.19,2.82,43.73,124570,140710,147916,0.197
862,NDSN,Industrials,Specialty Industrial Machinery,NASDAQ,111.79,84.7,102.4,83.68,111.39,82.88,110.91,80.28,105.36,71.4,110.73,75.12,328.17,-1.61,0.74,4.36,11.49,36.05,84.23,18584164852.025513,55717948.0,0.0306,-3.23,410100,1.13,330.28,-0.64,330.26,-0.63,322.45,1.77,318.2,3.13,1.85,9.56,365680,363010,384106,0.103
863,BWEN,Industrials,Specialty Industrial Machinery,NASDAQ,111.77,84.68,89.07,27.41,131.8,91.92,119.17,86.19,164.29,95.61,88.41,39.08,3.87,-8.94,-8.51,-2.76,-0.77,22.86,77.66,99467493.0,23404116.0,0.034,-32.11,51100,0.27,4.04,-4.21,4.11,-5.84,4.14,-6.52,4.37,-11.44,5.04,25.64,145900,192270,396284,0.674
864,BRKRP,Healthcare,Medical Devices,NASDAQ,111.74,84.65,96.59,58.31,126.64,90.54,112.61,81.66,133.84,90.44,95.16,55.06,432.85,-7.07,-8.01,8.33,-8.03,19.21,75.08,,,0.86,-10.73,333,0.05,441.96,-2.06,453.94,-4.65,447.46,-3.27,433.32,-0.11,3.49,9.4,6613,6694,6430,0.052
865,PSTL,Real Estate,REIT - Office,NYSE,111.74,84.65,95.0,50.4,112.84,83.95,113.96,82.74,132.41,89.88,125.58,84.18,22.76,0.31,-3.76,-1.9,-0.12,47.23,87.6,686346944.524641,30248873.0,0.095699996,-9.75,128900,0.37,22.51,1.11,22.72,0.18,23.22,-1.98,23.17,-1.77,2.19,82.27,236350,348976,338106,0.224
866,ASPN,Basic Materials,Specialty Chemicals,NYSE,111.73,84.63,108.23,90.51,103.99,76.23,94.41,57.66,102.71,67.92,64.14,15.09,5.65,-0.7,8.24,15.07,25.28,94.16,94.53,472206185.7086563,82988784.0,0.1292,-39.56,593800,0.67,5.72,-1.22,5.57,1.44,5.35,5.61,5.34,5.81,5.36,41.27,904830,890466,1193176,-0.361
867,BWIN,Financial Services,Insurance Brokers,NASDAQ,111.7,84.6,104.04,85.95,112.41,83.64,126.08,89.26,88.95,39.88,76.41,24.01,31.87,0.31,0.06,7.49,19.41,33.4,83.27,3076561476.7691803,96838572.0,0.1513,-2.55,3392300,0.82,31.85,0.06,31.82,0.16,31.79,0.25,30.86,3.27,0.35,27.18,2920010,4134906,2906104,0.301
868,HELE,Consumer Defensive,Household & Personal Products,NASDAQ,111.7,84.6,92.59,38.41,118.55,87.35,104.43,73.15,132.05,89.74,81.36,28.55,26.51,-0.86,-7.4,-1.12,-4.91,29.7,81.89,622829705.8088703,23292061.0,0.1277,-13.59,763500,1.55,25.91,2.32,26.79,-1.05,27.4,-3.25,28.18,-5.93,6.54,10.95,654480,493633,425058,0.082
869,MOV,Consumer Cyclical,Luxury Goods,NYSE,111.69,84.58,89.96,29.91,121.91,88.83,118.25,85.66,173.78,96.34,151.71,91.49,31.57,-6.21,-7.47,-3.6,-16.39,57.13,90.01,751030163.2954216,22312245.0,0.0794,-22.05,197900,1.0,32.48,-2.8,33.04,-4.45,33.12,-4.68,34.32,-8.01,2.7,2.35,214060,197480,196612,0.049
870,PM,Consumer Defensive,Tobacco,NYSE,111.61,84.56,105.65,88.18,100.76,72.94,103.07,71.58,105.0,70.96,84.9,32.43,201.19,7.32,6.53,6.21,5.69,30.44,82.18,292177685739.2636,1558613439.0,0.0089,-3.16,3238900,0.75,194.86,3.25,192.19,4.68,190.73,5.48,188.47,6.75,2.23,52.11,4096540,4309440,4424412,0.104
871,PFIS,Financial Services,Banks - Regional,NASDAQ,111.6,84.54,95.21,51.44,113.34,84.26,118.34,85.73,122.77,86.05,109.91,74.43,67.25,-2.94,-3.65,-6.57,-4.57,37.59,84.71,693618338.5947647,10010367.0,0.026800001,-8.34,109200,1.96,68.6,-1.97,68.6,-1.97,69.59,-3.36,69.9,-3.79,2.28,20.23,53110,55626,57444,0.007
872,MRAM,Technology,Semiconductors,NASDAQ,111.6,84.54,92.65,38.64,142.14,93.93,131.69,90.96,128.13,88.45,127.02,84.71,16.45,-12.64,-10.94,1.42,13.76,78.8,93.21,458510667.61224174,24350009.0,0.1593,-68.06,448900,0.55,17.24,-4.58,17.89,-8.05,17.0,-3.24,16.86,-2.43,6.1,22.43,719450,818100,1050292,0.419
873,ACNB,Financial Services,Banks - Regional,NASDAQ,111.57,84.51,96.62,58.53,112.65,83.8,118.32,85.71,120.25,84.7,102.98,66.32,62.29,-2.34,-2.26,-4.45,-1.78,27.2,80.67,651324153.854126,10212044.0,0.044099998,-7.86,33800,0.51,63.22,-1.47,63.11,-1.3,63.7,-2.21,64.05,-2.75,2.07,9.32,50220,66016,67122,0.053
874,GO,Consumer Defensive,Grocery Stores,NASDAQ,111.56,84.5,107.18,89.64,100.36,72.45,104.2,72.89,89.64,41.25,56.92,11.31,11.96,2.93,8.04,6.31,30.57,19.0,74.99,1151361785.7006798,99084492.0,0.32840002,-29.61,1507400,0.64,11.73,1.96,11.54,3.64,11.45,4.45,11.24,6.41,4.22,37.48,2487500,2338696,2561752,0.011
875,CBL,Real Estate,REIT - Retail,NYSE,111.54,84.48,90.34,31.08,118.87,87.49,128.18,90.01,145.54,93.17,137.29,87.99,48.51,-11.32,-6.55,-10.34,-15.8,35.51,83.96,1692568831.50745,30942757.0,0.0517,-19.69,307800,1.01,50.1,-3.17,51.86,-6.46,52.66,-7.88,54.23,-10.55,3.67,1.12,369990,304300,268328,0.04
876,ABBV,Healthcare,Drug Manufacturers - General,NYSE,111.53,84.46,105.23,87.74,103.18,75.48,105.67,74.64,109.8,76.34,91.11,47.39,276.47,5.19,4.59,7.53,7.4,24.17,78.69,464433777786.45355,1767117285.0,0.0123000005,2.63,4297400,0.98,270.54,2.19,266.66,3.68,264.92,4.36,258.89,6.79,2.09,105.49,5047280,4398306,4632190,0.102
877,PRTH,Technology,Software - Infrastructure,NASDAQ,111.48,84.45,115.65,94.45,113.25,84.19,89.31,41.53,102.64,67.82,72.64,21.07,7.81,0.39,0.39,31.48,18.15,37.99,84.83,641633896.6833606,82472221.0,0.056799997,-1.26,758200,0.45,7.79,0.26,7.79,0.26,7.26,7.58,6.31,23.77,0.3,84.59,1106190,1699926,1229664,0.094
878,RRBI,Financial Services,Banks - Regional,NASDAQ,111.47,84.43,97.59,63.65,111.43,82.94,116.71,84.8,117.96,83.17,132.82,86.69,100.27,-3.04,-0.72,-3.1,2.03,37.45,84.66,680862425.5717163,6584106.0,0.0497,-4.39,45000,0.66,101.64,-1.35,101.25,-0.97,101.53,-1.24,101.46,-1.17,1.84,10.04,75120,68093,61864,0.095
879,ACLS,Technology,Semiconductor Equipment & Materials,NASDAQ,111.4,84.41,107.09,89.55,96.37,66.8,94.02,56.76,134.34,90.6,162.93,93.19,134.71,-8.84,9.42,18.76,7.59,62.01,90.88,4563357761.469955,30881489.0,0.067,-30.48,244000,0.71,138.01,-2.39,135.84,-0.83,123.16,9.38,125.39,7.43,4.51,20.73,336680,342330,353784,0.106
880,DC,Basic Materials,Gold,NYSE ARCA,111.39,84.4,102.79,84.37,126.24,90.39,101.97,70.14,70.17,21.29,121.46,82.24,6.08,2.7,-8.02,4.65,30.47,-0.16,51.01,794304116.9565868,134172991.0,0.0626,-16.14,1583200,1.11,5.88,3.4,5.98,1.67,6.11,-0.49,6.0,1.33,5.45,13.57,1207990,1423310,1421268,
881,IFF,Basic Materials,Specialty Chemicals,NYSE,111.35,84.38,99.81,77.04,110.89,82.51,107.82,76.87,100.65,64.99,94.22,53.24,84.55,2.58,-1.33,1.6,6.88,29.04,81.55,21042111777.18538,255303473.0,0.0877,-5.34,1265400,0.73,84.1,0.54,84.05,0.59,84.22,0.39,84.26,0.34,1.95,30.87,1832550,1725380,1664228,0.018
882,LXP,Real Estate,REIT - Industrial,NYSE,111.34,84.36,100.37,78.71,111.16,82.75,114.74,83.31,112.37,78.81,105.96,70.16,61.0,0.08,0.2,0.26,0.44,25.97,79.97,3593445285.7808228,58957264.0,0.0001,-0.99,726900,0.81,60.97,0.05,60.95,0.08,60.9,0.16,60.81,0.31,0.13,39.25,950210,896393,794958,0.004
883,ESCA,Consumer Cyclical,Leisure,NASDAQ,111.29,84.34,94.71,48.56,113.41,84.31,117.27,85.14,121.68,85.53,124.72,83.83,18.64,-2.43,-3.73,-3.68,-10.0,51.61,88.74,265134588.3908043,13766074.0,0.031600002,-19.2,14000,0.48,18.74,-0.53,18.91,-1.43,19.11,-2.46,19.95,-6.57,2.99,16.17,30490,29036,39348,0.062
884,HUT,Financial Services,Capital Markets,NASDAQ,111.29,84.34,87.95,24.8,147.48,94.8,161.64,96.01,181.13,96.64,266.37,97.59,84.27,-5.98,-12.96,-14.53,-22.17,67.24,91.78,11047745778.29776,123259468.0,0.1479,-40.15,6373100,1.29,86.93,-3.06,88.23,-4.49,92.83,-9.22,90.35,-6.73,7.83,99.43,5702720,4941073,4954244,0.814
885,BGR,Financial Services,Asset Management,NYSE,111.27,84.31,103.31,85.06,107.92,80.18,111.06,80.36,102.22,67.18,107.92,72.52,17.71,3.87,3.81,1.01,9.42,39.37,85.23,434027696.1284828,25456171.0,0.00029999999,-1.17,133520,1.27,17.37,1.96,17.19,3.03,17.29,2.43,17.01,4.12,1.67,60.72,129362,105507,99090,-0.058
886,GMAB,Healthcare,Biotechnology,NASDAQ,111.25,84.3,110.2,91.86,113.06,84.05,108.75,77.95,90.71,45.82,93.53,52.05,37.07,6.68,4.95,14.17,29.43,12.13,69.23,21686034612.5,624058550.0,0.0081,3.24,2333400,0.75,37.21,-0.38,36.2,2.4,35.22,5.25,33.51,10.62,3.88,51.5,5347400,3120766,3057350,0.249
887,NSP,Industrials,Staffing & Employment Services,NYSE,111.2,84.27,97.72,64.54,115.56,85.81,139.9,92.94,119.83,84.38,55.16,10.48,48.73,4.84,1.88,-1.93,-8.74,32.62,82.94,1775316132.115593,38195270.0,0.09689999,-12.83,320200,0.75,48.14,1.23,47.58,2.42,48.8,-0.14,50.23,-2.99,4.24,21.78,439990,428836,428064,0.017
888,PGC,Financial Services,Banks - Regional,NASDAQ,111.2,84.27,93.4,42.01,113.46,84.36,117.73,85.34,131.83,89.68,125.98,84.25,43.37,-2.71,-3.69,-5.31,-5.66,50.42,88.48,790312132.6208496,17727952.0,0.056599997,-11.74,109900,0.86,43.79,-0.96,43.9,-1.21,44.58,-2.71,45.24,-4.13,2.14,21.54,128630,128076,139506,0.234
889,ARCB,Industrials,Trucking,NASDAQ,111.18,84.25,94.48,47.17,116.14,86.14,123.81,88.33,155.94,94.66,139.1,88.57,129.36,-2.45,3.36,-4.08,-8.87,67.0,91.74,2964013067.582184,22351354.0,0.0834,-26.79,270000,1.16,129.11,0.19,129.12,0.19,129.96,-0.46,134.97,-4.16,3.17,15.14,207240,233210,264238,0.159
890,HBM,Basic Materials,Copper,NYSE,111.14,84.23,99.05,74.62,122.2,88.95,119.47,86.35,104.6,70.4,174.85,94.63,26.12,-3.97,-1.92,-1.51,14.84,32.56,82.89,12080737810.85556,444144760.0,2.05,-18.76,4919200,1.18,26.32,-0.76,26.55,-1.62,26.47,-1.32,27.1,-3.62,4.46,17.16,4839420,4184140,4353294,0.177
891,ATEN,Technology,Software - Infrastructure,NYSE,111.09,84.21,106.24,88.85,96.86,67.53,99.48,66.28,158.87,94.96,141.17,89.06,29.63,7.24,15.16,19.77,-0.85,64.63,91.45,2006187189.2940845,72609021.0,0.18969999,-23.02,1000300,0.89,28.57,3.71,27.65,7.16,26.92,10.07,26.72,10.89,3.44,142.26,1250870,1126116,1265208,0.155
892,TSAT,Technology,Communication Equipment,NASDAQ,110.98,84.2,100.07,77.75,123.42,89.42,132.48,91.18,90.37,44.38,173.32,94.48,45.96,-4.25,-4.67,-7.62,22.76,53.76,89.29,730529184.0,15219358.0,0.0995,-25.32,94800,0.83,46.24,-0.61,46.5,-1.16,47.87,-3.99,47.79,-3.83,5.6,67.94,93190,113870,185614,-0.251
893,CZFS,Financial Services,Banks - Regional,NASDAQ,110.97,84.18,97.37,62.27,112.48,83.7,117.65,85.3,110.78,77.35,104.36,68.33,78.05,-3.52,-2.25,-5.06,2.82,35.78,84.05,389117276.8392563,4809855.0,0.0167,-7.8,23100,0.66,79.12,-1.35,79.48,-1.8,80.23,-2.72,80.64,-3.21,2.52,9.14,38240,35086,38620,0.1
894,FWDI,Consumer Cyclical,Footwear & Accessories,NASDAQ,110.96,84.16,113.03,93.35,132.03,91.97,99.35,65.96,51.53,10.74,52.1,9.61,7.34,-10.05,-12.83,12.06,78.16,5.61,61.4,622511822.7593422,76288215.0,0.1,-72.46,1125300,0.48,7.63,-3.8,7.8,-5.9,7.58,-3.17,6.23,17.82,7.84,36.48,2164220,2338080,1993502,3.321
895,SMBK,Financial Services,Banks - Regional,NYSE,110.94,84.13,98.36,70.69,110.0,81.82,116.72,84.82,114.58,80.72,108.12,72.81,50.02,-1.9,-0.6,-4.25,-4.83,29.51,81.79,871851166.9692192,17098473.0,0.0313,-7.61,88200,0.72,50.39,-0.73,50.17,-0.3,50.79,-1.52,51.27,-2.44,2.32,43.86,133270,121823,117256,0.164
896,COKE,Consumer Defensive,Beverages - Non-Alcoholic,NASDAQ,110.94,84.13,102.18,83.29,104.87,77.37,103.15,71.67,111.98,78.47,120.04,81.56,196.24,2.19,3.13,1.88,3.38,19.53,75.29,12783006572.85617,66564294.0,0.0686,-10.66,593900,1.13,193.0,1.68,191.79,2.32,192.75,1.81,191.0,2.74,2.88,77.41,439500,527733,504418,0.106
897,ACCL,Industrials,Consulting Services,NASDAQ,110.94,84.13,108.29,90.57,112.99,84.03,115.17,83.6,73.59,24.12,49.68,8.77,2.68,3.08,7.2,0.75,21.05,-15.72,34.53,36269738.669633865,13949900.0,0.0149,-46.4,17200,0.11,2.59,3.47,2.62,2.29,2.7,-0.74,2.77,-3.25,7.98,83.7,18750,155506,111334,0.01
898,MMED,Healthcare,Medical Instruments & Supplies,NASDAQ,110.92,84.1,99.66,76.59,110.79,82.44,123.68,88.23,86.49,36.74,65.87,16.45,19.71,0.05,-1.35,-12.4,8.6,,,5542593855.3529625,281349931.0,0.4764,-19.32,18395900,3.49,19.68,0.15,19.77,-0.3,20.65,-4.55,20.53,-3.99,3.87,31.46,10193220,5271826,3619642,0.166
899,KOP,Basic Materials,Specialty Chemicals,NYSE,110.91,84.07,91.37,33.85,118.08,87.2,119.72,86.51,137.83,91.5,119.32,81.14,43.41,-5.71,-6.18,-6.34,-11.2,60.22,90.61,870688608.0340576,18911568.0,0.0538,-18.09,134100,0.79,44.92,-3.36,45.37,-4.32,45.73,-5.07,46.65,-6.95,3.06,39.96,157550,169396,185446,0.03
900,NAVN,Technology,Software - Application,NASDAQ,110.91,84.07,103.47,85.27,96.5,66.98,127.24,89.75,138.57,91.68,79.02,26.32,23.64,10.31,21.76,12.46,-11.49,48.68,87.98,5580596944.460976,260410493.0,0.2902,-23.45,1960300,0.46,22.44,5.35,21.68,9.04,21.36,10.67,25.28,-6.49,4.4,87.56,2836530,4218963,3361348,0.354
901,OPCH,Healthcare,Medical Care Facilities,NASDAQ,110.88,84.05,132.0,97.31,81.54,33.61,82.8,31.35,66.55,19.21,79.88,27.26,31.07,37.23,34.68,32.33,38.33,-4.55,45.18,3555102594.7180176,157027504.0,0.1126,-15.57,6206200,1.22,29.5,5.32,26.09,19.09,24.88,24.88,24.23,28.23,3.27,3.94,11121710,5098423,3925170,0.019
902,BNED,Consumer Cyclical,Specialty Retail,NYSE,110.87,84.03,105.46,87.92,96.25,66.55,107.11,76.09,112.09,78.61,107.98,72.61,12.51,6.83,10.41,11.4,0.72,47.93,87.75,405926917.12236404,34664980.0,0.0692,-15.19,202000,0.78,11.86,5.48,11.68,7.11,11.29,10.81,11.84,5.66,2.85,145.69,197860,259310,237226,0.008
903,EAT,Consumer Cyclical,Restaurants,NYSE,110.86,84.01,90.73,32.04,123.69,89.5,127.45,89.81,108.91,75.34,92.17,49.36,193.87,-4.02,-6.43,-8.76,-7.62,28.35,81.29,8460014520.0,41881260.0,0.1868,-23.97,1066200,0.78,190.8,1.61,194.54,-0.34,200.68,-3.39,218.45,-11.25,4.62,68.14,1204230,1365873,1249334,0.051
904,TRV,Financial Services,Insurance - Property & Casualty,NYSE,110.81,84.0,100.33,78.57,108.01,80.26,116.79,84.86,109.32,75.76,101.36,63.95,368.75,2.32,1.57,-1.72,-1.59,27.87,81.02,75166267446.79272,208575022.0,0.033299997,-7.51,784800,0.6,364.19,1.25,362.59,1.7,367.1,0.45,368.53,0.06,1.75,21.96,1004150,1313896,1448964,0.003
905,SBS,Utilities,Utilities - Regulated Water,NYSE,110.8,83.98,125.5,96.79,85.3,40.76,92.74,53.5,101.81,66.63,144.81,90.06,6.74,25.28,30.12,27.41,23.22,38.99,85.09,18919271995.98216,3516593233.0,0.0058999998,-5.84,15750100,1.53,6.47,4.17,5.86,15.02,5.55,21.44,5.22,29.12,3.22,50.66,12330770,10261896,9981842,0.139
906,WTBA,Financial Services,Banks - Regional,NASDAQ,110.77,83.96,97.83,65.39,111.3,82.85,116.57,84.68,116.16,82.1,107.61,72.05,28.37,-5.68,-2.81,-3.4,3.1,27.28,80.76,512675788.1396656,17043743.0,0.026099999,-6.98,60300,1.12,29.01,-2.21,29.0,-2.17,29.15,-2.68,28.89,-1.8,2.52,32.17,60690,53866,63466,0.18
907,TMP,Financial Services,Banks - Regional,NYSE ARCA,110.76,83.95,96.68,58.94,112.83,83.93,114.55,83.08,117.67,82.95,115.66,78.91,95.73,-3.2,-3.86,-3.14,-2.98,30.39,82.17,1422325466.6713715,14382905.0,0.0274,-6.69,56500,0.51,96.96,-1.27,97.16,-1.47,97.81,-2.13,98.29,-2.6,2.21,15.15,93770,111823,106400,0.072
908,TS,Energy,Oil & Gas Equipment & Services,NYSE,110.75,83.93,101.07,80.92,107.72,79.99,108.5,77.7,115.16,81.31,141.43,89.18,57.34,2.41,3.37,-0.09,1.08,53.22,89.17,28264865816.543404,504819878.0,0.0242,-11.24,1051300,0.9,56.97,0.65,56.28,1.88,56.17,2.08,55.4,3.5,2.46,24.14,1291240,1162380,1373648,-0.039
909,GEF,Consumer Cyclical,Packaging & Containers,NYSE,110.69,83.91,99.86,77.14,109.98,81.77,114.31,82.94,105.01,70.97,100.12,62.42,81.82,-0.44,-1.02,0.14,-5.58,21.54,76.89,4671781806.148682,56848160.0,1.21,-9.66,309100,0.81,82.09,-0.33,81.59,0.28,82.16,-0.41,84.2,-2.83,2.17,20.3,389100,381410,334224,0.035
910,ABNB,Consumer Cyclical,Travel Services,NASDAQ,110.65,83.9,100.51,79.12,104.37,76.7,120.2,86.74,99.0,62.66,99.68,61.79,165.87,2.12,5.33,-2.54,9.07,21.12,76.64,95766398009.0055,589585682.0,0.035,-14.26,2035700,0.43,162.84,1.86,161.08,2.97,162.22,2.25,171.04,-3.02,3.34,67.14,3677780,4704716,5019698,0.165
911,CMDB,Industrials,Marine Shipping,NYSE,110.64,83.88,95.87,54.8,125.32,89.99,141.31,93.2,128.02,88.34,117.94,80.37,20.8,-7.02,-5.02,-15.14,7.16,35.06,83.82,543624351.694622,24301490.0,0.0334,-15.99,35100,0.57,21.43,-2.94,21.88,-4.94,22.69,-8.33,21.15,-1.65,4.86,16.62,57070,61356,72452,-0.284
912,RS,Basic Materials,Steel,NYSE,110.62,83.87,101.49,81.74,108.54,80.58,108.16,77.18,115.04,81.16,98.16,59.34,402.45,0.53,3.92,2.09,0.65,37.61,84.74,20437648787.40509,51054555.0,0.0311,-7.06,173100,0.61,401.06,0.35,396.21,1.57,392.71,2.48,399.42,0.76,2.23,69.79,240220,284143,306202,0.265
913,RAMP,Technology,Software - Infrastructure,NYSE,110.6,83.85,97.71,64.48,107.96,80.24,108.5,77.7,119.94,84.48,97.43,58.41,37.56,-0.24,0.16,-0.11,-0.61,24.41,78.88,2288931165.0657806,60794982.0,0.16299999,-1.75,1164700,0.91,37.62,-0.16,37.63,-0.19,37.62,-0.16,37.7,-0.37,0.45,53.85,1259190,1280500,1130340,0.098
914,SHG,Financial Services,Banks - Regional,NYSE,110.56,83.82,94.04,44.93,125.55,90.08,130.77,90.74,113.41,79.67,127.42,84.82,75.52,-3.22,-6.71,-10.16,4.38,41.37,85.89,36631201498.08063,469450238.0,0.0014,-11.74,198900,1.12,76.88,-1.77,77.96,-3.13,80.01,-5.61,77.95,-3.12,2.64,23.1,222520,178100,175572,0.057
915,GEV,Industrials,Specialty Industrial Machinery,NYSE,110.56,83.82,101.96,82.79,104.57,77.02,109.85,79.06,128.5,88.62,165.22,93.53,1004.73,1.62,4.92,4.96,2.32,52.1,88.8,263324014785.84235,266333581.0,0.032899998,-15.99,1114100,0.52,1004.08,0.06,985.93,1.91,958.36,4.84,968.71,3.72,3.59,74.03,1967730,2155123,2083594,0.219
916,AMPH,Healthcare,Drug Manufacturers - Specialty & Generic,NASDAQ,110.55,83.8,112.97,93.33,104.32,76.6,98.32,64.17,76.86,26.61,84.55,31.99,26.62,4.68,1.88,11.94,30.62,-2.56,48.2,1081739928.9015503,42537944.0,0.2559,-9.82,437700,0.84,25.85,2.98,25.99,2.42,25.18,5.72,23.08,15.34,3.83,95.23,535560,518236,492042,0.054
917,IOSP,Basic Materials,Specialty Chemicals,NASDAQ,110.51,83.78,100.62,79.52,114.06,84.75,106.32,75.29,99.75,63.63,83.75,30.98,95.65,-1.81,-3.11,2.6,11.13,24.26,78.76,2399310378.471588,24631047.0,0.028800001,-4.81,182400,0.86,97.39,-1.79,96.95,-1.34,95.55,0.1,93.98,1.78,2.44,5.15,233390,213163,201664,0.118
918,BP,Energy,Oil & Gas Integrated,NYSE,110.48,83.76,104.6,86.84,106.97,79.58,109.13,78.29,99.41,63.16,126.03,84.29,46.25,3.26,4.76,0.33,5.88,40.5,85.54,115349583437.31628,2575342288.0,0.0028,-4.18,8422500,0.88,45.35,1.98,44.8,3.24,44.84,3.14,43.93,5.28,2.41,15.25,8545270,9562390,9216582,0.482
919,NESR,Energy,Oil & Gas Equipment & Services,NASDAQ,110.48,83.76,69.56,5.48,159.08,95.91,176.96,97.04,200.83,97.45,221.36,96.87,22.78,-7.66,-29.1,-32.08,-13.84,52.99,89.11,2488012778.874378,100851754.0,0.0477,-38.33,2035200,0.95,23.65,-3.68,24.96,-8.73,28.94,-21.29,31.46,-27.59,6.7,13.1,3219090,2153296,2182760,0.591
920,DGX,Healthcare,Diagnostics & Research,NYSE,110.47,83.73,98.59,72.44,108.68,80.72,111.2,80.51,102.67,67.83,97.85,59.0,230.97,-0.64,-1.9,-1.36,-1.05,33.18,83.15,25753416290.89966,110373360.0,0.0327,-7.18,775400,0.7,229.72,0.54,231.13,-0.07,235.62,-1.97,236.66,-2.4,2.41,55.98,1119680,1107926,981134,0.102
921,BDX,Healthcare,Medical Instruments & Supplies,NYSE,110.39,83.71,102.39,83.65,109.07,81.13,107.86,76.91,95.47,57.27,93.26,51.54,183.75,3.93,-0.04,3.32,11.72,21.11,76.61,48157987071.258545,272386800.0,0.047399998,-4.83,1615700,0.9,181.53,1.22,180.73,1.67,181.31,1.35,181.36,1.32,2.12,57.58,1712490,1800113,1808174,0.054
922,CPAC,Basic Materials,Building Materials,NYSE,110.39,83.71,98.37,70.85,110.27,82.1,134.29,91.64,122.56,85.97,127.03,84.74,12.27,-0.41,0.33,-2.15,3.9,18.21,74.29,1054855239.9504318,85621369.0,0.0005,-3.69,16800,0.37,12.25,0.16,12.21,0.49,12.3,-0.24,12.19,0.66,1.5,32.68,15260,45130,44700,0.154
923,NBR,Energy,Oil & Gas Drilling,NYSE,110.34,83.68,92.47,37.76,114.2,84.96,121.06,87.2,144.85,93.0,171.09,94.1,80.67,1.29,-0.81,-10.96,-1.86,55.49,89.72,1209857660.8477936,15191583.0,0.0706,-28.55,189000,0.88,81.34,-0.82,80.1,0.71,82.88,-2.67,86.87,-7.14,3.63,2.05,186930,215820,223680,-0.022
924,DVN,Energy,Oil & Gas E&P,NYSE,110.31,83.67,101.2,81.29,103.99,76.23,110.81,80.14,103.13,68.43,120.98,82.05,48.26,1.28,2.57,-3.3,9.97,34.98,83.78,52415001678.4668,1100000000.0,0.030199999,-8.44,6362800,0.54,48.21,0.1,47.52,1.56,48.1,0.33,47.17,2.31,3.05,8.83,8589990,11724090,11151174,0.642
925,CBNK,Financial Services,Banks - Regional,NASDAQ,110.29,83.63,104.86,87.26,101.64,74.05,103.84,72.43,104.89,70.77,97.33,58.31,38.54,-4.72,6.91,6.32,4.46,35.0,83.8,659171149.4828224,16295949.0,0.0641,-5.31,122300,1.02,39.23,-1.76,38.75,-0.54,37.36,3.16,37.11,3.85,2.58,-0.0,258200,119670,92470,0.088
926,W,Consumer Cyclical,Internet Retail,NYSE,110.29,83.63,107.21,89.72,98.83,70.67,108.5,77.7,106.68,72.79,123.0,83.18,105.74,4.43,7.73,7.27,17.78,2.03,54.83,13364645523.75,131996499.0,0.1269,-11.87,907400,0.39,105.37,0.35,103.26,2.4,102.64,3.02,101.91,3.76,4.41,35.29,2092670,2303503,2769888,0.075
927,TXO,Energy,Oil & Gas E&P,NYSE,110.29,83.63,98.41,71.16,108.98,81.11,115.78,84.11,99.55,63.4,84.82,32.28,14.28,3.03,-0.35,-7.51,11.41,45.09,87.05,765661128.0539904,55242507.0,0.0197,-8.34,103700,0.63,14.08,1.42,14.01,1.93,14.36,-0.56,14.2,0.56,2.59,21.64,152510,164453,177492,0.679
928,UAN,Basic Materials,Agricultural Inputs,NYSE,110.25,83.6,98.97,74.27,109.95,81.74,127.23,89.73,106.28,72.35,122.88,83.1,124.75,-0.06,1.67,-8.19,2.39,42.28,86.29,1319302211.9344025,10569638.0,0.039300002,-10.57,25900,0.96,125.41,-0.53,124.75,0.0,128.0,-2.54,126.21,-1.16,2.29,61.13,22590,27080,39232,0.2
929,DXCM,Healthcare,Medical Devices,NASDAQ,110.24,83.57,97.61,63.78,114.22,84.98,105.34,74.25,103.09,68.33,79.53,26.86,84.11,-1.46,-2.9,1.3,12.84,24.74,79.09,32211515130.722733,377360765.0,0.052800003,-9.16,3154200,0.85,84.62,-0.6,85.43,-1.55,86.36,-2.61,87.45,-3.82,2.47,56.21,3152400,3723213,4427694,0.131
930,IOT,Technology,Software - Infrastructure,NYSE,110.24,83.57,105.64,88.14,100.79,72.99,96.61,61.58,100.15,64.31,77.58,24.82,41.55,1.05,9.46,8.26,16.06,8.29,65.24,24080085568.586155,585605209.0,0.0913,-12.47,3305600,0.47,41.48,0.17,40.26,3.2,39.92,4.08,39.63,4.84,4.09,19.43,5011190,6988350,6058068,0.299
931,FBIZ,Financial Services,Banks - Regional,NASDAQ,110.23,83.55,97.98,66.51,111.76,83.14,118.64,85.91,109.5,75.94,100.85,63.29,69.36,-2.21,-1.66,-4.67,3.62,25.98,79.99,593564940.1538086,8368320.0,0.038599998,-5.94,106700,1.74,70.28,-1.31,69.9,-0.77,70.6,-1.76,70.73,-1.94,2.05,28.83,63940,61480,61612,0.165
932,JWEL,Consumer Cyclical,Internet Retail,NASDAQ,110.21,83.53,105.19,87.69,104.84,77.35,86.97,37.1,82.42,32.31,113.85,77.67,2.44,-0.2,-6.32,9.15,30.33,3.6,58.53,5821521.063302755,2376131.0,0.023599999,-52.8,6300,0.12,2.46,-0.81,2.48,-1.61,2.39,2.09,2.42,0.83,9.41,13.07,10170,54253,1780940,0.878
933,FFR,Technology,Computer Hardware,NASDAQ,110.18,83.52,168.63,98.45,101.27,73.51,51.78,9.45,38.95,6.21,42.71,6.42,1.8,46.34,4.05,100.67,168.66,-35.02,21.55,25963927.72262001,21108884.0,0.0392,-69.85,1028300,0.5,1.57,14.65,1.43,25.87,1.33,35.34,1.05,71.43,20.26,10.97,5006590,2040710,2731702,
934,BTG,Basic Materials,Gold,NYSE ARCA,110.17,83.5,101.77,82.44,116.0,86.11,109.95,79.26,72.23,22.93,103.39,66.89,5.25,0.96,-4.2,-2.42,36.86,10.75,67.84,6869567710.425749,1321070762.0,2.92,-16.53,16368000,0.69,5.15,1.94,5.19,1.16,5.28,-0.57,5.19,1.16,3.71,41.03,20008420,23883633,25994246,0.14
935,FBLA,Financial Services,Banks - Regional,NASDAQ,110.16,83.48,103.15,84.91,106.73,79.39,108.43,77.61,107.02,73.22,105.2,69.24,16.77,-1.12,1.82,4.94,8.61,28.41,81.33,246257117.58665466,14519878.0,0.0396,-1.47,131700,1.2,17.1,-1.93,16.89,-0.71,16.51,1.57,16.05,4.49,1.76,11.83,95940,109343,97346,0.084
936,FTI,Energy,Oil & Gas Equipment & Services,NYSE,110.13,83.47,92.99,40.02,116.57,86.41,125.42,88.97,135.06,90.79,169.4,93.93,69.57,1.09,-2.0,-8.87,1.01,55.06,89.61,26988753062.480927,392164388.0,0.0326,-13.79,1544500,0.54,69.55,0.03,69.28,0.42,70.94,-1.93,73.71,-5.62,2.7,7.98,2521710,2841863,2910480,0.09
937,EOG,Energy,Oil & Gas E&P,NYSE,110.11,83.44,102.11,83.12,101.75,74.15,107.18,76.2,104.47,70.21,106.5,70.72,148.16,4.8,5.56,0.54,1.82,46.83,87.51,75303024172.12524,532628530.0,0.033,-3.89,2277800,0.71,145.85,1.58,143.0,3.61,143.82,3.02,144.57,2.48,2.22,5.78,2810490,3191116,3075202,0.587
938,PCTY,Technology,Software - Application,NASDAQ,110.11,83.44,106.52,89.04,104.75,77.21,103.17,71.69,88.57,39.3,58.45,12.04,153.96,6.57,7.4,8.68,12.62,0.08,51.53,7998726087.585449,55366000.0,0.065,-4.92,445900,0.69,149.71,2.84,146.71,4.94,145.81,5.59,147.93,4.08,2.7,34.18,613240,645780,697588,0.11
939,CGNX,Technology,Scientific & Technical Instruments,NASDAQ,110.1,83.42,100.93,80.43,104.61,77.06,117.76,85.39,130.01,89.15,142.38,89.43,62.92,-3.16,7.26,-2.02,0.62,72.74,92.59,10929503220.09137,168223842.0,0.0478,-13.67,2011200,1.23,63.15,-0.36,62.2,1.16,61.11,2.96,62.21,1.14,3.81,83.82,1881060,1637453,1932730,0.169
940,KLAC,Technology,Semiconductor Equipment & Materials,NASDAQ,110.08,83.4,100.54,79.25,105.28,77.88,109.63,78.77,153.25,94.25,156.48,92.32,195.57,-5.47,4.07,8.27,8.57,55.09,89.63,269992792333.36725,1305006492.0,0.0202,-36.37,5348800,0.59,198.69,-1.57,198.13,-1.29,187.98,4.04,187.93,4.07,3.73,6.72,7961420,9090816,9369950,0.152
941,GENC,Industrials,Farm & Heavy Construction Machinery,NYSE ARCA,110.06,83.38,101.62,82.16,108.82,80.85,111.23,80.54,100.34,64.66,99.93,62.11,18.05,2.62,3.38,0.67,25.26,44.17,86.83,257828980.41658783,14657702.0,0.0095999995,-10.6,48800,0.76,17.92,0.73,17.61,2.5,17.47,3.32,17.62,2.44,3.24,39.32,53260,64526,65976,0.253
942,BIO,Healthcare,Medical Devices,NYSE,110.03,83.37,99.64,76.46,118.98,87.59,116.85,84.92,93.21,53.2,95.85,56.24,366.16,-0.81,-3.9,-0.86,12.07,20.11,75.71,9870130311.172485,26738175.0,0.062800005,-7.59,139000,0.53,368.63,-0.67,370.28,-1.11,374.33,-2.18,370.19,-1.09,3.59,36.81,239560,259876,263256,-0.001
943,AAPL,Technology,Consumer Electronics,NASDAQ,110.01,83.35,100.66,79.61,113.48,84.38,113.36,82.29,120.73,85.06,105.5,69.6,336.64,0.88,-1.3,1.32,1.05,24.57,79.0,4869931959830.322,14594180000.0,0.0088,-2.52,37855000,0.93,336.05,0.18,334.51,0.64,335.24,0.42,322.36,4.43,1.92,91.97,36305750,40698803,43519406,0.164
944,DV,Communication Services,Advertising Agencies,NYSE,109.99,83.33,101.21,81.31,110.46,82.29,110.53,79.79,91.56,49.46,80.91,28.18,13.49,0.0,0.6,0.6,22.19,19.59,75.33,2106901025.8926773,156182436.0,0.0539,-1.17,815900,0.27,13.48,0.07,13.47,0.15,13.45,0.3,13.21,2.12,0.32,0.0,2202730,3064070,4015292,0.025
945,RGA,Financial Services,Insurance - Reinsurance,NYSE,109.98,83.32,102.17,83.26,109.39,81.38,112.12,81.27,107.63,73.89,99.26,60.91,255.98,2.63,2.95,2.92,7.96,25.21,79.49,16286888506.79184,65301665.0,0.0168,-0.71,530000,1.46,253.12,1.13,251.18,1.91,249.01,2.8,246.39,3.89,2.15,48.39,443000,362526,355180,0.185
946,ALRS,Financial Services,Banks - Regional,NASDAQ,109.92,83.3,94.52,47.48,114.77,85.24,119.83,86.57,125.88,87.4,109.22,73.78,31.07,-4.9,-3.42,-5.97,-6.78,43.46,86.64,814382228.7763367,24927526.0,0.057600003,-9.68,128800,0.72,31.91,-2.63,31.93,-2.69,32.21,-3.54,32.71,-5.01,2.47,20.87,185590,178470,171258,0.072
947,IDAI,Technology,Software - Application,NASDAQ,109.91,83.28,112.59,93.09,118.82,87.47,117.43,85.2,63.25,17.0,82.43,29.59,3.38,4.0,11.18,5.63,30.5,-10.82,38.51,18327695.75,5639291.0,0.0248,-35.98,30700,0.86,3.36,0.6,3.25,4.0,3.11,8.68,3.05,10.82,7.82,22.71,41340,35813,40294,0.107
948,MTA,Basic Materials,Other Precious Metals & Mining,NYSE ARCA,109.91,83.28,91.37,33.85,128.16,91.13,129.92,90.51,103.16,68.52,118.45,80.77,8.77,-4.57,-12.91,-14.02,15.09,4.28,59.52,859227042.82757,93495874.0,4.38,-24.4,376300,1.26,8.89,-1.35,9.16,-4.26,9.62,-8.84,9.74,-9.96,4.05,45.05,323330,297776,417100,0.938
949,CPAY,Technology,Software - Infrastructure,NYSE,109.88,83.24,99.12,74.79,114.07,84.78,112.09,81.26,103.49,68.88,97.1,58.01,397.92,0.84,-0.05,-2.52,2.0,26.74,80.31,25909278166.15439,65659599.0,0.0494,-6.91,480200,1.0,402.19,-1.06,397.28,0.16,399.49,-0.39,403.55,-1.4,2.12,47.81,562530,478620,496104,0.215
950,IRWD,Healthcare,Drug Manufacturers - Specialty & Generic,NASDAQ,109.88,83.24,90.54,31.73,138.58,93.25,142.01,93.38,187.3,96.99,297.97,97.97,3.82,4.95,-7.51,-6.37,2.41,18.27,74.38,601473424.4143603,165239947.0,0.1238,-33.91,1721500,0.85,3.74,2.14,3.84,-0.52,4.05,-5.68,4.16,-8.17,5.05,5.19,2045700,2036396,2123256,0.326
951,KB,Financial Services,Banks - Regional,NYSE,109.85,83.21,96.4,57.35,121.4,88.68,124.68,88.75,117.01,82.59,126.15,84.38,123.07,-0.65,-3.29,-6.77,1.64,44.18,86.84,43495024066.338264,351106111.0,0.0013,-7.67,217200,1.35,123.87,-0.65,124.35,-1.03,126.62,-2.8,123.77,-0.57,2.15,78.24,177820,161153,172476,0.185
952,IESC,Industrials,Engineering & Construction,NASDAQ,109.85,83.21,91.04,32.86,114.98,85.45,121.48,87.4,132.3,89.81,153.0,91.65,297.52,-12.32,-8.21,-13.94,4.11,47.31,87.65,13522261784.149658,39848712.0,0.0885,-27.12,194800,0.74,317.65,-6.34,322.54,-7.76,322.55,-7.76,337.79,-11.92,4.74,8.72,245110,263970,291624,0.396
953,SATL,Industrials,Aerospace & Defense,NASDAQ,109.79,83.18,96.5,57.9,140.23,93.57,120.76,87.02,67.84,19.92,173.23,94.46,5.15,-10.12,-16.53,7.52,47.56,140.65,96.82,880929692.9623561,153739911.0,0.16280001,-57.08,3646600,0.72,5.25,-1.9,5.46,-5.68,5.42,-4.98,5.25,-1.9,9.13,70.17,5233820,5077343,5435638,2.585
954,BBY,Consumer Cyclical,Specialty Retail,NYSE,109.73,83.16,98.96,74.2,114.96,85.43,114.7,83.26,115.89,81.96,90.37,45.86,87.01,-1.09,-3.87,-3.17,0.12,26.86,80.36,18449745849.075256,209727698.0,0.086,-9.86,2350100,0.64,86.45,0.65,87.48,-0.54,90.0,-3.32,86.84,0.2,3.31,1.74,3022720,3678203,3710422,0.036
955,OXY,Energy,Oil & Gas E&P,NYSE,109.73,83.16,102.28,83.45,104.63,77.1,110.65,79.99,101.65,66.4,116.89,79.83,60.11,3.5,5.72,-2.2,7.93,51.36,88.68,58058940338.070694,999637371.0,0.0002,-10.88,6694400,0.76,59.05,1.8,57.75,4.09,58.46,2.82,58.57,2.63,2.56,20.82,9217350,8759096,8476400,0.534
956,DSP,Technology,Software - Application,NASDAQ,109.71,83.13,102.76,84.33,96.57,67.09,100.9,68.71,97.87,60.83,87.9,37.05,13.13,7.27,7.71,4.37,14.97,10.52,67.6,259293391.39134407,21184101.0,0.084,-11.28,504800,0.97,12.63,3.96,12.48,5.21,12.36,6.23,12.61,4.12,4.71,33.99,542190,520176,436634,0.339
957,QNCX,Healthcare,Biotechnology,NASDAQ,109.71,83.13,116.77,94.81,120.56,88.33,110.66,80.01,53.76,11.96,71.45,20.02,31.73,8.66,2.35,7.38,37.78,-47.84,15.49,29698240.37595749,1017063.0,0.0496,-96.51,138700,5.19,28.54,11.18,29.38,8.0,29.42,7.85,30.41,4.34,8.7,68.45,39570,26726,27344,
958,APH,Technology,Electronic Components,NYSE,109.68,83.1,105.17,87.64,106.72,79.35,110.0,79.33,105.31,71.37,124.85,83.85,87.24,0.32,3.75,4.12,9.34,29.76,81.91,214440480583.77985,2465966914.0,0.0145000005,-2.26,8339500,0.71,87.2,0.05,86.19,1.22,83.2,4.86,82.22,6.11,2.99,46.37,11250560,11791733,11832388,0.55
959,RLGT,Industrials,Integrated Freight & Logistics,NYSE ARCA,109.62,83.08,104.1,86.09,103.5,75.72,98.04,63.67,123.41,86.34,121.71,82.49,9.21,-1.6,7.34,13.28,11.1,40.18,85.44,438930351.1001301,46894270.0,0.0224,-9.71,105700,0.32,9.31,-1.07,9.11,1.1,8.91,3.37,8.66,6.35,2.68,-0.0,151530,325546,239096,0.185
960,PLX,Healthcare,Biotechnology,NYSE ARCA,109.6,83.07,103.68,85.53,114.86,85.34,116.67,84.75,102.18,67.12,102.28,65.44,2.78,2.58,2.21,5.3,22.47,55.31,89.7,218349152.89356422,80571642.0,0.0372,-12.85,1198800,1.5,2.73,1.83,2.72,2.21,2.72,2.21,2.58,7.75,3.57,90.65,998800,799723,819074,0.271
961,TMO,Healthcare,Diagnostics & Research,NYSE,109.58,83.05,104.48,86.61,119.91,88.13,112.76,81.81,95.18,56.79,92.01,48.99,658.02,0.49,-2.52,7.99,14.17,14.61,71.21,242110518359.28333,369747286.0,0.0136,-3.75,1580700,0.74,661.08,-0.46,664.6,-0.99,657.33,0.1,626.12,5.09,3.01,70.09,2098600,2145343,1980668,0.105
962,WAT,Healthcare,Diagnostics & Research,NYSE,109.54,83.03,103.33,85.11,115.34,85.64,110.53,79.79,103.15,68.47,88.0,37.3,433.77,2.01,0.05,6.23,14.06,12.92,70.0,41749606565.55954,98185855.0,0.0337,-3.22,1119600,1.54,435.09,-0.3,435.18,-0.32,428.16,1.31,415.9,4.3,3.09,41.56,870780,728086,776120,1.134
963,NXDT,Real Estate,REIT - Diversified,NYSE,109.53,83.02,95.38,52.37,110.82,82.45,124.44,88.57,126.01,87.5,124.26,83.6,5.15,-2.83,-1.15,-2.64,16.14,40.56,85.57,281461953.2291708,53106027.0,0.0295,-13.45,72300,0.48,5.14,0.19,5.19,-0.77,5.22,-1.34,5.17,-0.39,2.91,20.0,144830,151603,174646,-0.13
964,DJCO,Technology,Software - Application,NASDAQ,109.52,83.0,99.34,75.59,110.38,82.19,118.77,85.97,107.97,74.35,103.63,67.32,642.18,-2.17,-2.23,-2.98,8.0,19.89,75.58,904542814.2441406,1377952.0,0.1262,-7.27,41500,0.69,639.86,0.36,647.14,-0.77,656.55,-2.19,626.67,2.47,3.19,40.46,50450,59746,63436,0.153
965,SCZM,Basic Materials,Other Industrial Metals & Mining,NASDAQ,109.51,82.98,102.02,82.93,113.74,84.58,112.95,81.99,74.19,24.62,197.13,95.93,9.11,3.52,-3.9,-5.6,34.37,0.66,52.34,818314516.9364891,92990284.0,5.03,-48.37,251800,0.56,8.79,3.64,8.83,3.17,8.96,1.67,9.02,1.0,6.06,81.46,384510,446280,482256,0.548
966,FTDR,Consumer Cyclical,Personal Services,NASDAQ,109.49,82.97,101.72,82.36,101.63,74.03,114.82,83.38,111.0,77.66,101.62,64.44,79.8,3.31,7.85,-1.49,8.54,37.44,84.63,5321319580.667999,68893316.0,0.0695,-14.59,541400,0.93,78.72,1.37,76.57,4.22,77.24,3.31,80.11,-0.39,3.43,3.29,601240,582486,562212,0.045
967,CRVL,Financial Services,Insurance Brokers,NASDAQ,109.46,82.94,108.7,91.03,103.69,75.88,97.78,63.4,83.0,32.91,59.81,12.76,77.16,2.24,3.81,11.39,29.7,12.68,69.79,3812485675.035736,50516571.0,0.1158,-2.86,157300,0.73,76.37,1.03,75.49,2.21,73.67,4.74,69.48,11.05,2.01,93.33,210040,215100,198478,0.107
968,APT,Industrials,Building Products & Equipment,NYSE ARCA,109.46,82.94,110.13,91.81,93.3,61.73,93.6,55.75,100.79,65.18,85.49,33.01,5.84,14.73,13.62,12.52,17.74,33.03,83.13,51949651.177345276,10206218.0,0.012200001,-22.13,53800,0.99,5.91,-1.18,5.51,5.99,5.33,9.57,5.3,10.19,4.78,39.39,111060,54293,48500,0.12
969,ASH,Basic Materials,Specialty Chemicals,NYSE,109.45,82.92,99.52,76.11,109.36,81.36,111.8,80.96,112.89,79.2,96.16,56.77,70.57,1.51,2.19,-0.48,-2.37,21.01,76.45,3183554928.674698,45793370.0,0.1083,-9.81,408800,0.62,70.34,0.33,69.42,1.66,69.54,1.48,71.61,-1.45,2.26,38.82,625270,658923,645568,0.073
970,OBK,Financial Services,Banks - Regional,NYSE,109.44,82.9,95.2,51.38,113.92,84.68,118.26,85.68,120.31,84.73,114.18,77.97,51.56,-3.84,-3.88,-5.27,-5.29,34.48,83.59,1654159701.408989,30849678.0,0.024600001,-7.22,167400,0.99,52.46,-1.72,52.65,-2.07,53.21,-3.1,53.47,-3.57,1.93,2.01,197120,169070,176236,0.333
971,FDBC,Financial Services,Banks - Regional,NASDAQ,109.4,82.88,99.26,75.41,108.14,80.38,107.47,76.51,109.66,76.21,96.68,57.43,54.73,-1.07,-1.81,-0.04,5.15,23.6,78.3,321326660.78738403,5808508.0,0.0109,-3.81,8400,0.75,55.59,-1.55,55.17,-0.8,55.15,-0.76,54.47,0.48,2.6,0.0,9660,11270,12882,0.111
972,GILD,Healthcare,Drug Manufacturers - General,NASDAQ,109.35,82.87,102.51,83.96,109.54,81.47,104.3,73.0,98.93,62.58,104.68,68.66,151.17,4.44,0.16,5.78,15.8,23.94,78.54,179471115945.9771,1239955155.0,0.0148,-3.89,5802000,1.03,146.8,2.98,147.88,2.22,148.45,1.83,144.22,4.82,2.34,143.63,5048770,5615950,5956730,0.102
973,BEEP,Industrials,Infrastructure Operations,NASDAQ,109.33,82.85,103.77,85.64,125.32,89.99,106.83,75.85,64.59,17.91,55.5,10.72,2.73,6.23,-4.88,-2.5,55.11,5.81,61.78,106140997.24292755,41300000.0,0.0062,-27.78,8500,0.32,2.81,-2.85,2.77,-1.44,2.81,-2.85,2.72,0.37,4.97,55.26,35120,26333,37036,-0.011
974,STT,Financial Services,Asset Management,NYSE,109.3,82.84,93.2,40.98,118.56,87.37,130.66,90.73,133.55,90.24,125.19,84.04,174.96,-0.57,-3.01,-9.06,-3.79,36.86,84.42,48336524413.71117,274701765.0,0.0001,-10.7,1491400,0.77,175.27,-0.18,175.62,-0.38,179.44,-2.5,184.64,-5.24,2.07,46.05,1920800,1944720,1723946,0.184
975,TIGO,Communication Services,Telecom Services,NASDAQ,109.28,82.82,83.44,16.58,128.32,91.19,139.96,92.99,161.38,95.31,173.53,94.5,79.48,-9.26,-13.48,-17.11,-15.79,56.52,89.94,14812147148.81897,167710000.0,0.0324,-25.81,1403000,1.66,87.52,-9.19,87.65,-9.32,90.78,-12.45,92.38,-13.96,4.57,1.1,962870,846190,1033092,0.594
976,AVBC,Financial Services,Banks - Regional,NYSE,109.27,82.8,99.81,77.04,104.97,77.47,108.17,77.22,108.64,75.15,121.94,82.6,21.89,-1.57,0.97,0.55,-2.06,27.17,80.65,410806155.77220917,18471500.0,0.0271,-4.4,102900,0.64,21.99,-0.45,21.87,0.09,21.92,-0.14,21.89,0.0,1.63,16.8,110810,160176,164394,0.169
977,NOW,Technology,Software - Application,NYSE,109.22,82.79,106.5,89.0,101.49,73.85,94.96,58.82,72.14,22.86,58.34,11.92,140.86,4.82,3.86,6.29,27.97,-10.1,39.17,138930380608.1543,1033862000.0,0.0279,-27.0,6276700,0.49,138.51,1.7,136.01,3.57,137.12,2.73,132.22,6.53,3.75,27.11,9358080,12818333,14820734,0.24
978,CVLT,Technology,Software - Application,NASDAQ,109.2,82.77,108.46,90.83,104.24,76.56,98.83,65.11,109.12,75.57,60.09,12.88,157.25,4.64,8.05,20.9,35.07,22.7,77.59,6228289027.328491,41444564.0,0.0955,-13.99,458100,0.8,153.45,2.48,150.96,4.17,147.56,6.57,140.52,11.91,3.63,122.59,619350,573586,561688,0.114
979,KRNT,Industrials,Specialty Industrial Machinery,NASDAQ,109.17,82.75,113.25,93.37,92.1,59.49,97.78,63.4,84.98,35.12,89.16,42.07,18.3,4.63,17.61,14.02,22.0,25.09,79.33,810494932.1235065,46340477.0,0.0165,-7.48,418600,1.25,18.15,0.83,17.43,4.99,16.37,11.79,16.57,10.44,3.79,36.02,385740,333580,315866,0.112
980,IAG,Basic Materials,Gold,NYSE,109.14,82.74,97.7,64.42,113.62,84.56,119.5,86.37,95.22,56.89,144.48,89.98,18.8,1.51,-4.57,-7.21,29.12,7.12,63.79,10574920261.383057,571000000.0,1.73,-24.41,2787000,0.57,18.44,1.95,18.48,1.73,19.26,-2.39,19.15,-1.83,3.82,23.66,3940950,4890640,5429906,0.475
981,LSBK,Financial Services,Banks - Regional,NASDAQ,109.1,82.71,101.04,80.79,105.64,78.2,112.37,81.41,110.88,77.48,110.21,74.67,18.25,-0.71,2.41,-0.92,7.1,25.48,79.66,144352616.8488388,7853788.0,0.0025,-4.4,23500,0.81,18.06,1.05,18.15,0.55,18.1,0.83,17.65,3.4,2.51,58.97,16560,29146,21142,0.087
982,LTRX,Technology,Communication Equipment,NASDAQ,109.1,82.71,112.32,92.92,116.19,86.17,80.33,28.28,95.22,56.89,147.7,90.74,6.85,-4.73,-2.42,30.73,28.04,22.98,77.73,337062888.6824608,46879400.0,0.0616,-21.71,445400,0.38,7.07,-3.11,7.12,-3.79,6.5,5.38,6.06,13.04,5.28,24.9,906650,1178900,1076002,0.08
983,ELVN,Healthcare,Biotechnology,NASDAQ,109.06,82.68,79.23,11.46,142.28,93.98,176.22,96.99,162.5,95.44,185.72,95.41,40.98,-12.75,-8.42,-24.56,-24.04,128.56,96.44,3441527733.611847,73270761.0,0.16950001,-34.24,1002700,0.72,42.17,-2.82,44.24,-7.37,46.97,-12.75,53.99,-24.1,4.76,35.34,1267920,1386166,1255666,
984,BRBI,Financial Services,Capital Markets,NASDAQ,109.06,82.68,135.77,97.62,80.73,32.54,72.04,20.75,68.3,20.14,80.03,27.43,15.34,36.51,36.48,36.96,36.01,18.83,74.83,294959193.67806816,26248926.0,1.45,-7.65,2600,2.7,14.32,7.12,12.78,20.03,11.95,28.37,10.96,39.96,2.14,24.32,2030,963,942,-0.066
985,HG,Financial Services,Insurance - Reinsurance,NYSE,109.01,82.65,98.45,71.45,103.8,76.01,114.07,82.79,121.86,85.68,134.09,87.09,34.52,1.14,3.69,-0.95,-3.22,30.2,82.09,3365709099.511528,98614386.0,0.020599999,-7.48,246500,0.64,34.47,0.15,33.98,1.59,34.19,0.97,34.8,-0.8,2.27,3.82,349730,386936,373126,0.13
986,ICCC,Healthcare,Biotechnology,NASDAQ,109.0,82.63,94.54,47.65,122.41,88.98,124.34,88.52,144.05,92.85,113.2,77.2,9.8,0.51,-1.31,-0.51,-11.39,66.1,91.64,88551420.75,9082197.0,0.0026,-19.01,1900,0.16,9.79,0.1,9.79,0.1,9.84,-0.41,10.1,-2.97,2.37,64.62,7950,12103,20518,0.115
987,SEIC,Financial Services,Asset Management,NASDAQ,109.0,82.63,97.82,65.33,113.07,84.06,113.58,82.45,108.13,74.53,88.36,38.73,104.7,2.22,-0.9,-2.09,1.61,25.62,79.71,12293564848.886948,120019182.0,0.0202,-6.64,961700,1.17,103.23,1.42,103.33,1.33,104.31,0.37,106.21,-1.42,2.36,84.36,664570,823043,733250,0.147
988,IMPP,Energy,Oil & Gas Midstream,NASDAQ,108.98,82.6,103.56,85.39,99.36,71.19,111.74,80.91,105.28,71.32,111.2,75.71,5.42,0.74,6.9,-6.39,15.81,41.15,85.81,243249485.21429253,45213658.0,0.1089,-17.5,392300,0.75,5.33,1.69,5.24,3.44,5.41,0.18,5.17,4.84,3.74,34.56,456430,521966,453650,1.396
989,IAUX,Basic Materials,Gold,NYSE ARCA,108.97,82.59,93.31,41.52,117.4,86.87,119.95,86.64,100.55,64.88,161.23,92.89,1.59,-1.85,-8.62,-9.14,18.66,1.27,53.35,1402760730.588941,865901683.0,0.10569999,-29.02,5861900,0.73,1.57,1.27,1.61,-1.24,1.68,-5.36,1.69,-5.92,5.11,43.1,7158250,7996193,9831482,-0.125
990,GRC,Industrials,Specialty Industrial Machinery,NYSE,108.89,82.57,96.06,55.86,107.1,79.69,114.26,82.89,142.35,92.47,136.74,87.85,73.99,-4.23,-0.3,-0.64,-8.08,49.31,88.1,2040455430.5983658,26410243.0,0.0328,-20.25,137500,0.72,75.2,-1.61,75.4,-1.87,74.34,-0.47,76.92,-3.81,3.0,67.03,173900,191340,179160,0.039
991,SGC,Consumer Cyclical,Apparel Manufacturing,NASDAQ,108.82,82.55,101.22,81.32,104.16,76.46,98.99,65.37,116.68,82.44,105.43,69.47,13.05,0.54,1.32,4.15,7.68,38.06,84.87,206968701.68086624,15945201.0,0.0477,-10.56,15000,0.42,13.07,-0.15,12.93,0.93,12.72,2.59,12.72,2.59,2.78,27.56,28190,35903,46080,0.026
992,ESP,Industrials,Electrical Equipment & Parts,NYSE ARCA,108.79,82.54,94.98,50.28,114.0,84.72,110.39,79.6,100.14,64.27,148.02,90.81,59.95,-5.19,-8.65,-4.4,4.26,35.52,83.99,181358560.96702576,2868236.0,0.0278,-19.82,18600,0.5,60.91,-1.58,62.17,-3.57,62.89,-4.67,62.28,-3.74,4.52,9.59,41600,37236,34576,0.404
993,SJM,Consumer Defensive,Packaged Foods,NYSE,108.77,82.5,97.47,62.83,103.71,75.92,102.41,70.67,103.97,69.59,81.38,28.58,119.83,2.25,-0.97,-1.08,-1.03,24.58,79.02,12518609076.568787,106823183.0,0.0454,-11.82,938400,0.74,117.64,1.86,118.16,1.41,120.1,-0.22,121.84,-1.65,2.2,72.18,1105310,1269856,1267656,0.05
994,CCO,Communication Services,Advertising Agencies,NYSE,108.77,82.5,100.05,77.69,99.7,71.55,107.4,76.46,124.45,86.81,145.33,90.31,2.43,1.67,2.97,2.1,0.83,12.5,69.64,1216734342.9560697,509093845.0,0.1041,-0.41,2875000,0.58,2.41,0.83,2.39,1.67,2.38,2.1,2.38,2.1,1.09,37.84,6238610,4976166,7352044,0.087
995,YJ,Consumer Cyclical,Internet Retail,NASDAQ,108.77,82.5,94.11,45.35,101.79,74.18,102.98,71.46,72.24,22.97,93.95,52.7,1.79,10.49,-1.65,-10.05,51.69,25.17,79.42,7979374.823486805,4925540.0,0.126,-87.19,74000,0.8,1.67,7.19,1.69,5.92,1.81,-1.1,2.11,-15.17,8.03,125.19,47900,92753,4187588,-0.392
996,GPRO,Technology,Consumer Electronics,NASDAQ,108.76,82.46,124.16,96.62,120.91,88.47,126.37,89.37,50.33,10.23,112.42,76.51,1.19,-11.85,-7.75,-13.77,66.43,-25.62,27.15,278581096.3199191,206356364.0,0.1838,-56.41,4485000,0.07,1.25,-4.8,1.29,-7.75,1.3,-8.46,1.04,14.42,5.79,14.51,9066010,65902723,42245804,-0.313
997,OSBC,Financial Services,Banks - Regional,NASDAQ,108.76,82.46,97.68,64.29,109.14,81.22,113.66,82.55,108.14,74.56,107.85,72.39,24.61,-1.36,-1.36,-3.79,-2.61,21.1,76.58,1269349153.015091,50875716.0,0.0504,-5.56,391800,0.75,24.81,-0.81,24.76,-0.61,24.9,-1.16,25.24,-2.5,1.98,14.35,615360,520616,468752,0.227
998,CRON,Healthcare,Drug Manufacturers - Specialty & Generic,NASDAQ,108.75,82.44,99.62,76.41,109.66,81.61,107.6,76.7,99.2,62.91,108.54,73.27,3.23,0.16,-3.29,2.87,11.76,16.19,72.57,1188131451.2654114,368412864.0,0.0178,-10.48,414000,0.47,3.25,-0.62,3.28,-1.52,3.29,-1.82,3.23,0.0,2.81,22.06,1000970,883576,1218978,0.584
999,CERT,Healthcare,Health Information Services,NASDAQ,108.67,82.41,111.02,92.25,111.38,82.87,100.39,67.87,79.6,29.42,50.61,9.1,9.13,-2.46,0.22,20.93,17.35,0.22,51.77,1427762928.429966,152538780.0,0.2959,-33.31,5034900,1.81,9.21,-0.87,9.24,-1.19,8.83,3.4,8.41,8.56,5.22,102.82,3527180,2775800,2999950,0.01
1000,LEE,Communication Services,Publishing,NASDAQ,108.67,82.41,101.0,80.66,94.66,64.02,108.28,77.4,115.86,81.9,131.9,86.37,7.61,13.41,12.08,-1.04,-0.39,111.39,95.68,149579616.090374,22292044.0,0.080699995,-35.94,14100,0.4,7.32,3.96,7.11,7.03,7.17,6.14,7.7,-1.17,4.88,99.62,26290,35323,37054,-0.108
1001,YARW,Healthcare,Biotechnology,NASDAQ,108.66,82.39,74.79,7.92,155.5,95.59,180.47,97.16,114.66,80.82,83.71,30.92,19.71,-11.5,-22.83,-27.03,-40.25,21.24,76.71,187936021.6530571,8438977.0,1.15,-58.02,162200,1.12,19.48,1.18,21.4,-7.9,24.52,-19.62,31.73,-37.88,10.25,15.83,98470,144550,98746,
1002,BSVN,Financial Services,Banks - Regional,NASDAQ,108.62,82.37,100.21,78.14,112.35,83.59,112.54,81.58,103.98,69.62,92.9,50.83,54.79,-1.24,-1.9,0.37,10.19,30.98,82.32,528494486.5194092,9525856.0,0.0348,-5.01,35800,0.71,55.39,-1.08,55.32,-0.96,54.99,-0.36,53.12,3.14,2.01,21.76,43830,50583,46536,-0.063
1003,MTCH,Communication Services,Internet Content & Information,NASDAQ,108.6,82.35,99.89,77.2,104.88,77.39,113.22,82.15,109.84,76.41,103.75,67.52,41.09,2.42,1.84,-2.58,5.05,28.23,81.24,9405306257.132706,233266526.0,0.057800002,-8.56,2184300,0.65,40.88,0.51,40.36,1.81,41.36,-0.65,40.41,1.68,2.67,1.36,2902100,3342260,3389272,-0.012
1004,PKBK,Financial Services,Banks - Regional,NASDAQ,108.59,82.34,94.08,45.16,110.71,82.39,117.22,85.11,126.95,87.84,125.67,84.2,32.19,-2.07,-4.09,-6.72,-4.09,33.43,83.29,386599506.3373947,11761470.0,0.0233,-9.83,28100,0.73,32.54,-1.08,32.72,-1.62,33.35,-3.48,33.75,-4.62,2.52,102.25,36670,38336,44746,0.311
1005,PAGS,Technology,Software - Infrastructure,NYSE,108.57,82.3,120.07,95.83,88.44,47.0,99.34,65.93,84.53,34.58,110.77,75.21,11.16,23.73,23.31,13.58,16.81,21.6,76.95,2521264565.733799,279519339.0,0.1279,-9.42,5272900,1.3,10.8,3.33,9.85,13.3,9.6,16.25,9.19,21.44,4.43,87.01,6098190,4053143,3481750,-0.002
1006,TXMD,Healthcare,Drug Manufacturers - Specialty & Generic,NASDAQ,108.57,82.3,97.28,61.8,105.79,78.4,109.63,78.77,118.8,83.7,133.36,86.79,2.06,0.49,0.49,-4.63,1.48,22.62,77.54,23727441.54809141,11574362.0,0.0032,-30.17,10100,0.51,2.02,1.98,2.03,1.48,2.09,-1.44,2.11,-2.37,3.29,103.16,15180,19820,24346,-0.087
1007,TAL,Consumer Defensive,Education & Training Services,NYSE,108.57,82.3,109.79,91.64,103.33,75.61,104.07,72.78,79.9,29.67,103.11,66.51,12.86,6.63,7.17,8.89,4.21,16.49,72.87,6689697356.001909,554701254.0,0.0945,-3.81,2531500,0.59,12.6,2.06,12.29,4.64,12.07,6.55,11.98,7.35,2.79,105.77,2319570,4272096,4536836,0.319
1008,TRST,Financial Services,Banks - Regional,NASDAQ,108.56,82.25,93.13,40.64,112.06,83.42,114.48,83.05,124.32,86.68,116.53,79.51,53.59,-3.77,-4.64,-8.31,-4.59,27.16,80.61,948274817.2159576,17027740.0,0.0837,-9.6,67300,0.48,54.58,-1.81,54.76,-2.14,55.92,-4.17,56.31,-4.83,2.47,3.78,104200,138960,135102,0.107
1009,NEM,Basic Materials,Gold,NYSE,108.56,82.25,98.69,73.01,113.89,84.66,120.55,86.93,89.06,40.08,127.94,85.08,117.84,1.97,-2.96,-7.07,23.31,13.08,70.18,121764676264.2691,1053692271.0,0.0183,-12.9,4830600,0.71,115.83,1.74,115.78,1.78,119.91,-1.73,119.99,-1.79,3.03,20.43,5058090,6781713,7148260,0.151
1010,CASS,Industrials,Specialty Business Services,NASDAQ,108.56,82.25,96.25,56.88,107.89,80.14,110.76,80.07,114.16,80.24,107.51,71.83,53.4,-1.22,-1.35,-3.23,-3.68,28.57,81.38,690670577.545166,12776000.0,0.0352,-10.45,78400,0.98,53.78,-0.71,53.78,-0.71,54.39,-1.82,55.64,-4.03,1.69,23.2,64610,80386,81156,0.122
1011,RGEN,Healthcare,Medical Instruments & Supplies,NASDAQ,108.56,82.25,98.86,73.85,128.01,91.03,115.29,83.64,98.18,61.35,81.95,29.11,173.88,-4.3,-8.33,5.27,21.09,5.01,60.71,10254352163.472153,56435621.0,0.1193,-12.57,1339900,1.12,173.86,0.01,180.91,-3.89,179.87,-3.33,173.19,0.4,5.73,97.06,1535760,1198686,1119144,0.119
1012,ODC,Basic Materials,Specialty Chemicals,NYSE,108.55,82.2,91.86,35.42,113.51,84.4,115.11,83.56,146.58,93.38,119.28,81.11,85.98,-4.1,-2.96,-0.65,-12.11,73.01,92.6,1298277480.6473694,14480007.0,0.0734,-19.64,271200,2.18,86.84,-0.99,88.63,-2.99,88.63,-2.99,90.15,-4.63,3.79,225.56,152010,124476,131348,0.094
1013,CCEL,Healthcare,Medical Care Facilities,NYSE ARCA,108.52,82.19,105.65,88.18,105.65,78.22,108.22,77.29,79.04,28.79,75.21,22.79,4.36,9.27,2.83,-0.91,29.76,18.48,74.53,32169973.576891422,8062650.0,0.0017,-11.02,5500,0.41,4.01,8.73,4.05,7.65,4.13,5.57,4.03,8.19,8.13,101.61,12390,13460,27872,-0.019
1014,TTE,Energy,Oil & Gas Integrated,NYSE,108.49,82.17,97.06,60.66,112.23,83.52,112.4,81.5,100.93,65.36,126.03,84.29,86.11,2.03,-4.2,-5.19,0.11,35.9,84.14,186310873871.93918,2207474769.0,0.0022,-8.56,4110600,2.15,84.94,1.38,85.51,0.7,87.96,-2.1,87.6,-1.7,2.09,7.24,2661460,1912183,1703176,0.278
1015,MT,Basic Materials,Steel,NYSE,108.48,82.15,88.21,25.41,130.96,91.72,134.11,91.61,129.99,89.13,148.25,90.88,64.11,-0.62,-9.32,-13.96,-7.35,43.18,86.6,48540005481.80855,752441542.0,0.004,-19.54,1312800,0.98,63.53,0.91,65.13,-1.57,69.19,-7.34,72.02,-10.98,3.18,6.38,1752160,1345973,1371924,0.052
1016,IEX,Industrials,Specialty Industrial Machinery,NYSE,108.48,82.15,101.32,81.44,107.48,79.84,107.3,76.34,111.07,77.7,102.46,65.7,234.29,0.56,2.15,4.83,0.54,32.3,82.72,17175998973.995483,73719896.0,0.0325,-3.9,591500,0.98,234.1,0.08,232.0,0.99,227.85,2.83,229.89,1.91,2.0,47.24,695370,605496,597796,0.064
1017,CAC,Financial Services,Banks - Regional,NASDAQ,108.47,82.12,95.89,54.96,112.0,83.37,114.6,83.16,114.41,80.57,111.75,76.06,55.49,-2.97,-4.03,-4.23,-4.08,25.46,79.61,966342209.1054344,16897049.0,0.0444,-8.42,64800,0.7,56.31,-1.46,56.41,-1.63,56.95,-2.56,57.36,-3.26,2.1,6.87,85840,92710,90046,0.205
1018,WAB,Industrials,Railroads,NYSE,108.45,82.1,99.08,74.68,109.39,81.38,111.11,80.42,104.32,70.03,114.78,78.27,285.43,-0.73,-0.89,0.78,-2.3,29.19,81.62,48568627539.870026,168910851.0,0.0278,-6.92,714000,0.9,286.34,-0.32,287.78,-0.82,285.55,-0.04,289.28,-1.33,2.27,79.11,806700,793056,831816,0.175
1019,PAYO,Technology,Software - Infrastructure,NASDAQ,108.45,82.1,98.01,66.83,105.17,77.75,107.94,77.01,112.73,79.05,78.02,25.24,7.14,-0.14,-0.42,0.28,-0.28,23.53,78.22,2422783509.715334,338850836.0,0.047,-0.7,1164000,0.44,7.15,-0.14,7.15,-0.14,7.14,0.0,7.13,0.14,0.34,0.0,2196240,2674610,3412892,0.052
1020,MUFG,Financial Services,Banks - Diversified,NYSE,108.43,82.07,95.72,54.19,119.88,88.12,124.18,88.47,120.77,85.08,107.62,72.1,22.38,-1.93,-4.68,-6.32,-0.53,41.02,85.76,256856548342.57318,11255764758.0,0.00059999997,-7.75,2480400,0.85,22.74,-1.58,22.87,-2.14,23.11,-3.16,22.86,-2.1,2.2,93.47,2871150,2913176,2850300,0.288
1021,SRCE,Financial Services,Banks - Regional,NASDAQ,108.41,82.04,96.39,57.29,109.64,81.58,113.28,82.19,115.99,82.04,109.58,74.13,83.9,-3.4,-2.54,-3.74,-6.04,31.72,82.55,2091506551.3540497,24081826.0,0.048600003,-8.27,73100,0.68,85.08,-1.39,85.31,-1.65,85.69,-2.09,86.64,-3.16,2.02,18.34,116460,107976,111958,0.16
1022,ARMK,Industrials,Specialty Business Services,NYSE,108.41,82.04,95.01,50.46,111.76,83.14,121.97,87.59,122.2,85.83,106.76,70.93,54.94,-1.1,0.04,-6.17,-3.84,44.24,86.9,14607070279.582352,262953564.0,0.031400003,-12.31,1251500,0.58,55.32,-0.69,54.9,0.07,55.87,-1.66,57.24,-4.02,1.87,6.81,1830890,2162766,2350726,0.093
1023,LEGH,Consumer Cyclical,Residential Construction,NASDAQ,108.41,82.04,97.37,62.27,111.43,82.94,109.42,78.51,112.36,78.77,85.38,32.85,27.81,-5.25,-5.09,0.51,5.94,41.24,85.85,698032174.372509,23783038.0,0.0738,-11.26,46400,0.64,28.52,-2.49,28.79,-3.4,28.49,-2.39,28.33,-1.84,3.25,46.5,68010,73066,94118,0.323
1024,MDB,Technology,Software - Infrastructure,NASDAQ,108.4,82.0,96.62,58.53,114.12,84.83,98.54,64.54,108.63,75.13,89.05,41.59,385.93,7.81,-5.97,6.55,18.43,-12.22,37.19,28835947136.01236,80556341.0,0.0367,-18.43,1973900,0.66,368.05,4.86,357.04,8.09,378.15,2.06,395.17,-2.34,6.77,55.12,4847940,2970043,2376912,0.305
1025,WSM,Consumer Cyclical,Specialty Retail,NYSE,108.39,81.99,103.86,85.73,100.99,73.24,102.24,70.52,109.28,75.72,101.0,63.6,241.78,4.08,4.26,6.87,3.63,27.86,81.0,27357506759.399414,117768000.0,0.0493,-5.14,934400,0.8,240.44,0.56,235.68,2.59,230.64,4.83,234.41,3.14,2.64,43.15,1087510,1173840,1122302,0.067
1026,WPM,Basic Materials,Gold,NYSE,108.38,81.97,98.45,71.45,111.12,82.72,119.13,86.13,77.69,27.32,122.69,82.98,138.65,1.74,-2.99,-10.04,22.45,13.95,70.71,61892919884.64551,454159968.0,2.74,-16.35,1033300,0.56,136.24,1.77,135.56,2.28,142.53,-2.72,142.31,-2.57,3.37,39.11,1767310,1833463,2076214,0.847
1027,MKTW,Financial Services,Financial Data & Stock Exchanges,NASDAQ,108.29,81.95,97.96,66.23,114.08,84.8,108.41,77.59,119.33,84.08,103.93,67.74,19.25,-4.28,-5.36,4.68,-1.13,45.74,87.26,56161419.91453552,2792711.0,0.0312,-15.68,6500,0.26,19.6,-1.79,19.75,-2.53,19.04,1.1,18.88,1.96,4.23,0.0,17220,24690,20424,-0.052
1028,QETAU,Financial Services,Shell Companies,NASDAQ,108.28,81.94,114.21,93.81,91.12,56.78,93.75,56.12,92.28,51.05,97.06,57.94,13.4,16.42,16.42,16.42,16.42,21.05,76.51,,,0.0,-2.83,24513,11.11,13.4,0.0,12.45,7.63,11.96,12.04,11.7,14.53,9.2,24.33,6621,2207,1324,
1029,SIG,Consumer Cyclical,Luxury Goods,NYSE,108.23,81.91,111.09,92.32,104.19,76.48,102.11,70.33,90.35,44.23,103.81,67.63,105.22,4.61,2.89,4.95,9.74,24.89,79.2,3853948371.1009674,38317243.0,0.2142,-4.52,589100,0.58,103.5,1.66,103.23,1.93,101.9,3.26,94.15,11.76,3.45,18.75,729100,1023020,855784,-0.005
1030,INVX,Energy,Oil & Gas Equipment & Services,NYSE,108.23,81.91,97.1,60.76,112.87,83.98,115.76,84.08,109.37,75.79,120.68,81.92,28.06,2.75,-1.54,-6.87,5.65,27.31,80.79,1906794786.3018894,69820389.0,0.075100005,-16.76,606800,0.77,27.72,1.23,27.67,1.41,28.28,-0.78,29.19,-3.87,3.55,48.24,605420,786790,808298,0.092
1031,CLF,Basic Materials,Steel,NYSE,108.2,81.89,110.97,92.22,106.64,79.27,93.23,54.91,78.05,27.62,76.93,24.43,12.98,14.66,6.57,7.63,11.61,-5.53,44.0,6458513157.924995,570540047.0,0.1421,-22.28,24783000,1.7,12.34,5.19,11.77,10.28,12.04,7.81,11.96,8.53,5.11,113.15,17893210,14536250,15241688,0.059
1032,TORO,Energy,Oil & Gas Midstream,NASDAQ,108.13,81.87,76.95,9.36,143.44,94.2,191.32,97.49,162.41,95.43,145.77,90.43,4.41,-18.03,-16.48,-33.98,-12.85,31.75,82.56,185929199.35500145,34559330.0,0.0026,-48.12,242600,5.35,5.09,-13.36,5.19,-15.03,5.61,-21.39,5.79,-23.83,11.57,71.36,71870,45323,38182,0.077
1033,JCTC,Basic Materials,Lumber & Wood Production,NASDAQ,108.09,81.85,100.39,78.79,114.77,85.24,118.38,85.77,101.96,66.79,64.83,15.63,2.91,-1.36,0.0,-0.68,3.93,31.67,82.49,10384333.517852068,3520113.0,0.0163,-23.82,13500,1.5,2.95,-1.36,2.94,-1.02,2.93,-0.68,2.93,-0.68,2.85,12.07,7540,9013,17360,-0.218
1034,HVT,Consumer Cyclical,Home Improvement Retail,NYSE,108.07,81.83,98.91,74.01,108.89,81.02,109.82,79.01,108.11,74.51,99.0,60.57,27.26,-0.87,-2.47,-1.23,10.23,18.67,74.68,442622207.5,16095353.0,0.0,-8.62,72400,0.59,27.6,-1.23,27.59,-1.2,27.6,-1.23,27.62,-1.3,2.18,3.37,102920,122530,132356,0.077
1035,DHC,Real Estate,REIT - Healthcare Facilities,NASDAQ,108.07,81.83,91.19,33.29,114.58,85.14,106.73,75.71,161.53,95.33,172.84,94.38,7.5,-2.98,-7.75,0.0,-16.39,52.46,88.95,1871657081.858244,242128988.0,0.0617,-22.36,1745300,0.87,7.54,-0.53,7.69,-2.47,7.84,-4.34,8.01,-6.37,3.18,20.96,2135390,2006303,1930600,-0.045
1036,GDYN,Technology,Information Technology Services,NASDAQ,108.01,81.81,106.21,88.82,107.78,80.03,101.54,69.5,68.27,20.12,55.0,10.43,7.95,-0.87,2.58,-0.38,12.61,-16.49,33.94,650637622.7569389,81126881.0,0.0868,-22.14,627700,0.7,7.86,1.15,7.88,0.89,7.88,0.89,7.8,1.92,3.69,6.81,777970,893990,1250434,0.07
1037,ACMR,Technology,Semiconductor Equipment & Materials,NASDAQ,107.98,81.78,87.75,24.39,127.98,90.99,132.21,91.11,182.56,96.77,131.39,86.09,71.37,-14.4,-7.67,-0.87,-9.26,74.88,92.72,5807349771.18277,69649196.0,0.0764,-43.89,739600,0.63,73.29,-2.62,76.59,-6.82,73.93,-3.46,76.27,-6.42,7.01,40.15,1357510,1177436,1059202,0.36
1038,FNWD,Financial Services,Banks - Regional,NASDAQ,107.98,81.78,97.22,61.37,110.0,81.82,112.47,81.53,100.53,64.86,95.5,55.73,41.17,-2.86,-4.79,-4.36,-6.93,10.78,67.87,183543249.9658928,4330893.0,0.03,-10.31,3849,0.33,41.52,-0.84,41.81,-1.53,42.26,-2.58,43.19,-4.68,1.8,10.1,8464,11838,12498,0.024
1039,SMHI,Industrials,Marine Shipping,NYSE,107.97,81.75,94.89,49.77,106.27,78.95,121.26,87.3,109.26,75.69,118.4,80.69,8.57,3.63,-1.83,-10.07,-10.17,35.82,84.08,224388483.44042206,27132826.0,0.0376,-14.3,44700,0.5,8.56,0.12,8.39,2.15,8.8,-2.61,9.3,-7.85,3.82,0.0,82650,89606,93964,-0.102
1040,FA,Industrials,Specialty Business Services,NASDAQ,107.97,81.75,92.3,37.16,115.96,86.07,132.73,91.22,144.1,92.87,76.39,23.99,19.04,5.25,-2.86,-10.27,-5.04,23.4,78.11,3107024296.3975334,171753691.0,0.13159999,-24.29,1311500,0.76,18.6,2.37,18.35,3.76,19.63,-3.01,20.49,-7.08,3.82,52.22,2513100,1722686,2045210,0.149
1041,MET,Financial Services,Insurance - Life,NYSE,107.96,81.72,100.22,78.18,110.88,82.49,111.11,80.42,108.51,74.94,92.06,49.08,98.33,4.13,0.64,1.23,1.93,23.43,78.14,60008086410.54217,635476927.0,0.0194,-2.58,2336200,0.74,97.32,1.04,96.06,2.36,96.67,1.72,96.51,1.89,2.17,74.92,3279330,3145870,3226692,0.105
1042,DKL,Energy,Oil & Gas Refining & Marketing,NYSE,107.94,81.7,101.14,81.14,102.19,74.45,109.46,78.62,112.72,79.03,106.7,70.84,56.49,2.84,4.82,-0.72,-2.67,33.73,83.34,2922127760.164528,53197301.0,0.0117,-8.15,47200,0.26,56.12,0.66,55.0,2.71,55.41,1.95,55.7,1.42,1.95,36.25,113900,184290,200682,0.562
1043,EGO,Basic Materials,Gold,NYSE,107.94,81.7,93.22,41.05,116.79,86.54,125.92,89.18,84.07,34.02,107.66,72.15,37.66,-1.21,-10.16,-13.92,15.22,2.16,55.06,9942089577.264511,260810332.0,5.01,-26.39,2630800,0.82,37.52,0.37,38.02,-0.95,40.27,-6.48,40.74,-7.56,4.49,23.65,3425920,3200350,3105434,0.079
1044,MBIN,Financial Services,Banks - Regional,NASDAQ,107.93,81.67,93.12,40.6,115.67,85.88,119.19,86.21,118.04,83.24,133.06,86.72,48.92,-2.06,-6.1,-7.77,-11.69,40.7,85.64,2294473664.645935,45935408.0,0.1007,-13.98,127700,0.59,49.54,-1.25,49.73,-1.63,51.09,-4.25,52.66,-7.1,3.03,0.0,174240,216053,189298,0.371
1045,CFBK,Financial Services,Banks - Regional,NASDAQ,107.9,81.66,97.3,61.89,110.92,82.54,116.12,84.35,114.4,80.53,108.31,73.09,33.84,-1.43,-1.69,-3.56,-5.28,31.4,82.41,223461925.1524048,6492212.0,0.024600001,-11.2,20100,0.6,34.26,-1.23,34.14,-0.88,34.37,-1.54,34.86,-2.93,1.97,1.5,29860,33276,40934,0.102
1046,RBCAA,Financial Services,Banks - Regional,NASDAQ,107.84,81.64,95.44,52.64,109.88,81.72,113.3,82.22,115.22,81.36,95.64,55.96,90.93,-2.96,-3.83,-5.05,-7.14,29.32,81.68,1839719888.7813263,19634151.0,0.054899998,-11.04,128300,1.17,92.41,-1.6,92.55,-1.75,93.51,-2.76,95.03,-4.31,1.68,-0.0,91080,109590,104476,0.044
1047,WASH,Financial Services,Banks - Regional,NASDAQ,107.83,81.62,95.51,52.96,110.09,81.9,115.18,83.62,112.54,78.93,117.21,80.04,37.07,-3.61,-3.18,-5.91,-4.02,30.0,82.01,733598368.1969376,19074321.0,0.0738,-8.56,144500,1.08,37.64,-1.51,37.72,-1.72,38.22,-3.01,38.64,-4.06,2.15,40.14,124030,133770,131340,0.097
1048,DRK,Technology,Software - Infrastructure,NASDAQ,107.82,81.6,105.74,88.27,101.68,74.1,81.61,29.63,56.22,13.19,30.74,3.9,2.75,4.17,-10.42,1.85,17.02,-27.63,25.86,27903470.548784256,10569496.0,0.033299997,-78.17,201900,0.51,2.76,-0.36,2.79,-1.43,2.85,-3.51,2.52,9.13,7.59,14.37,185590,396106,417306,-0.188
1049,CACI,Technology,Information Technology Services,NYSE,107.82,81.6,101.8,82.52,110.96,82.62,103.52,72.07,78.25,27.86,88.29,38.46,610.65,-0.71,-1.24,-1.69,27.93,11.03,68.07,13592135653.293152,22099597.0,0.0561,-10.66,251200,0.95,603.15,1.24,609.15,0.25,617.96,-1.18,620.26,-1.55,3.16,74.7,275330,265023,278246,0.176
1050,ARIS,Basic Materials,Gold,NYSE,107.81,81.56,93.28,41.33,121.15,88.6,123.95,88.42,95.22,56.89,195.79,95.84,17.33,-0.97,-8.45,-11.31,21.61,4.02,59.22,3612537127.5,206430693.0,3.82,-25.59,1359100,0.86,17.27,0.35,17.38,-0.29,18.22,-4.88,18.41,-5.87,4.93,55.02,1761210,1585370,1593312,0.623
1051,CTBI,Financial Services,Banks - Regional,NASDAQ,107.81,81.56,96.95,60.24,108.9,81.04,113.74,82.6,117.26,82.67,109.11,73.73,74.16,-2.69,-1.85,-3.64,-4.13,29.36,81.74,1384579757.7067413,18167954.0,0.039,-7.21,78500,0.66,75.24,-1.44,75.16,-1.33,75.58,-1.88,76.26,-2.75,2.09,-0.0,148610,119510,111240,0.112
1052,QNBC,Financial Services,Banks - Regional,NASDAQ,107.74,81.53,101.34,81.46,106.35,79.03,107.89,76.97,103.92,69.54,116.16,79.25,46.25,1.4,1.0,2.89,7.52,37.09,84.49,283206313.6198578,6209303.0,0.0036000002,0.54,34428,1.98,45.7,1.2,45.65,1.31,45.46,1.74,44.61,3.68,0.95,38.83,26272,17390,13958,0.403
1053,SPSC,Technology,Software - Application,NASDAQ,107.74,81.53,108.11,90.37,106.21,78.88,109.73,78.93,73.5,24.07,47.83,8.14,84.59,2.72,4.05,2.31,28.5,-8.21,41.08,2964614273.968094,36000174.0,0.107200004,-26.36,378900,0.72,82.08,3.06,82.25,2.84,81.88,3.31,80.09,5.62,3.18,54.99,466630,525810,551366,0.056
1054,NAKA,Financial Services,Capital Markets,NASDAQ,107.72,81.51,126.38,96.86,119.07,87.68,92.23,51.25,20.29,2.44,29.1,3.47,8.54,-11.59,-14.51,4.27,72.53,-47.8,15.53,172865146.6494484,17894943.0,0.1155,-81.59,194900,0.9,9.29,-8.07,9.41,-9.25,9.19,-7.07,7.51,13.72,8.6,10.89,178380,215853,192048,86.801
1055,OUT,Real Estate,REIT - Specialty,NYSE,107.69,81.49,100.85,80.25,99.2,71.08,104.76,73.55,135.94,90.97,145.62,90.39,29.98,4.46,8.43,4.75,-5.04,27.08,80.53,5055081838.080532,176135251.0,0.087299995,-14.24,1084300,0.66,29.29,2.36,28.68,4.53,28.41,5.53,29.24,2.53,2.13,32.81,1502610,1644000,1739130,0.135
1056,NRC,Healthcare,Health Information Services,NASDAQ,107.67,81.46,96.24,56.83,98.44,70.13,112.19,81.34,126.0,87.49,112.59,76.66,20.33,-0.1,3.88,-2.98,8.36,11.34,68.39,450535068.69547844,22139315.0,0.2848,-14.15,52600,0.44,20.36,-0.15,20.58,-1.21,20.84,-2.45,20.86,-2.54,4.31,36.54,108040,120146,123602,0.04
1057,LXFR,Industrials,Specialty Industrial Machinery,NYSE,107.67,81.46,98.4,71.08,105.12,77.66,109.78,78.96,119.79,84.35,93.14,51.31,17.24,-0.17,-0.06,-0.35,1.29,26.23,80.14,466172645.4365082,26993204.0,0.0218,-11.36,1013000,2.5,17.24,0.0,17.25,-0.06,17.25,-0.06,17.19,0.29,0.25,22.95,375150,405413,363802,-0.102
1058,BLTE,Healthcare,Biotechnology,NASDAQ,107.65,81.44,93.35,41.72,119.8,88.07,132.05,91.07,128.91,88.77,169.09,93.84,154.49,-3.18,-7.67,-11.11,-3.4,-0.64,50.52,6425823198.319336,40272144.0,0.05,-22.75,179300,0.92,155.58,-0.7,160.28,-3.61,165.89,-6.87,165.63,-6.73,3.57,42.02,159490,195040,184004,
1059,ING,Financial Services,Banks - Diversified,NYSE,107.62,81.41,92.76,39.09,120.21,88.2,127.08,89.63,113.37,79.61,111.46,75.89,33.37,-4.05,-8.7,-10.46,-3.25,23.99,78.56,98996874993.94269,2846373734.0,0.0011,-11.06,3340600,1.55,34.08,-2.08,34.74,-3.94,35.71,-6.55,35.61,-6.29,2.11,29.79,2937610,2148880,2134322,0.111
1060,FCAP,Financial Services,Banks - Regional,NASDAQ,107.62,81.41,100.07,77.75,97.41,68.5,107.08,76.04,122.5,85.94,113.62,77.51,62.7,-0.32,4.0,0.08,-0.05,3.21,57.62,210433905.00487518,3345531.0,0.0448,-11.69,11800,0.53,63.89,-1.86,62.82,-0.19,62.28,0.67,62.82,-0.19,3.38,-0.0,22600,22193,19762,0.144
1061,KRP,Energy,Oil & Gas E&P,NYSE,107.58,81.39,101.0,80.66,101.45,73.73,101.74,69.73,102.57,67.73,103.51,67.11,15.24,4.53,4.6,2.28,6.57,43.89,86.78,1471063439.0222473,100895984.0,0.0382,-3.54,546500,0.59,15.01,1.53,14.71,3.6,14.68,3.81,14.77,3.18,1.85,42.6,709730,925783,968078,0.378
1062,EMF,Financial Services,Asset Management,NYSE,107.54,81.36,98.81,73.66,110.08,81.88,111.33,80.63,114.51,80.64,119.57,81.31,22.35,-0.53,0.31,-0.07,8.37,40.36,85.5,335879235.3260937,14947897.0,0.87,-9.51,20207,0.72,22.52,-0.75,22.42,-0.31,22.31,0.18,22.13,0.99,2.28,56.07,28720,27890,28112,0.152
1063,HST,Real Estate,REIT - Hotel & Motel,NASDAQ,107.54,81.36,99.64,76.46,103.42,75.66,105.25,74.18,123.0,86.12,118.75,80.92,22.65,0.4,1.93,2.76,-8.91,31.24,82.37,15456406075.544096,685124399.0,0.0842,-11.9,5070700,0.63,22.47,0.8,22.45,0.89,22.19,2.07,22.5,0.67,1.86,47.58,8048360,8018013,8840084,0.036
1064,CVEO,Consumer Cyclical,Lodging,NYSE,107.53,81.34,96.31,57.12,104.9,77.42,112.05,81.21,123.0,86.12,119.56,81.29,32.12,-3.17,-1.08,-5.67,0.34,39.05,85.12,342873594.1026459,10336859.0,0.1586,-12.0,61400,0.73,32.2,-0.25,32.53,-1.26,33.1,-2.96,33.11,-2.99,3.27,39.01,99120,83803,95004,0.106
1065,ARXS,Industrials,Aerospace & Defense,NASDAQ,107.52,81.31,95.04,50.58,107.8,80.05,119.87,86.59,92.69,52.03,85.69,33.43,47.89,-4.28,-4.45,-8.69,-2.23,,,21554240964.108948,430826334.0,0.040700004,-22.13,652400,0.64,48.27,-0.79,48.6,-1.46,49.68,-3.6,52.74,-9.2,4.4,86.82,1326640,1018373,883570,0.25
1066,BEN,Financial Services,Asset Management,NYSE,107.52,81.31,94.68,48.34,113.57,84.51,117.16,85.09,121.85,85.66,112.91,76.92,32.0,-2.47,-2.1,-3.93,-2.54,36.57,84.4,16670004114.837456,508076910.0,0.0429,-11.8,4158700,1.05,32.44,-1.36,32.43,-1.33,32.61,-1.87,33.32,-3.96,2.35,45.28,4431830,3972186,3953466,0.143
1067,INNV,Healthcare,Medical Care Facilities,NASDAQ,107.51,81.29,88.44,25.87,109.85,81.67,145.87,94.13,174.03,96.36,161.4,92.92,9.1,1.56,1.11,-15.35,-21.55,60.21,90.59,1222604773.2052088,136451425.0,0.052800003,-28.01,343100,0.48,9.07,0.33,8.98,1.34,9.66,-5.8,10.35,-12.08,4.94,4.45,701310,708000,509504,0.183
1068,KO,Consumer Defensive,Beverages - Non-Alcoholic,NYSE,107.5,81.27,99.16,74.89,105.94,78.62,107.15,76.15,107.59,73.86,95.27,55.29,88.05,2.8,0.27,0.32,0.1,27.85,80.98,368513349228.11914,4302549243.0,0.0095,-4.8,10428800,0.66,86.86,1.37,86.62,1.65,87.4,0.74,87.66,0.44,1.44,52.0,15962390,15800980,15195950,0.067
1069,WF,Financial Services,Banks - Regional,NYSE,107.49,81.26,98.33,70.27,116.78,86.52,118.83,86.01,93.69,54.19,130.1,85.69,72.92,-3.04,-6.55,-7.54,3.73,25.34,79.52,18469886332.93705,245577537.0,0.0008,-13.92,67700,0.84,74.15,-1.66,75.35,-3.22,77.08,-5.4,73.97,-1.42,2.66,28.84,82640,81016,82212,0.337
1070,LFCR,Healthcare,Drug Manufacturers - Specialty & Generic,NASDAQ,107.42,81.24,146.24,98.07,70.57,21.27,57.24,11.58,70.27,21.41,64.79,15.58,6.45,-1.38,53.57,56.55,47.94,-21.05,30.42,247904231.39400673,37905846.0,0.0866,-28.17,387100,0.79,6.46,-0.15,6.5,-0.77,5.36,20.34,4.88,32.17,4.11,11.32,1154450,487686,341074,
1071,OBT,Financial Services,Banks - Regional,NASDAQ,107.37,81.22,96.06,55.86,108.51,80.54,111.86,81.02,116.41,82.24,120.96,82.02,36.93,-2.12,-2.35,-3.53,-1.76,29.08,81.57,505882437.8523216,13407963.0,0.0134000005,-7.91,86500,1.5,37.27,-0.91,37.32,-1.05,37.67,-1.96,37.96,-2.71,2.44,22.15,62270,57810,53534,-0.05
1072,DLTH,Consumer Cyclical,Apparel Retail,NASDAQ,107.34,81.21,94.57,47.8,105.86,78.51,127.4,89.8,144.12,92.89,139.87,88.75,3.9,-0.76,-1.76,-16.13,-3.94,77.27,92.95,149359656.46710753,38005001.0,0.0235,-23.38,195000,0.95,4.02,-2.99,3.97,-1.76,4.11,-5.11,4.05,-3.7,4.69,49.22,81690,204560,141412,-0.078
1073,FPS,Industrials,Electrical Equipment & Parts,NYSE,107.31,81.19,110.35,91.92,95.66,65.66,77.86,26.03,116.6,82.4,103.68,67.43,40.03,-0.79,2.72,25.8,20.28,,,11077167824.004898,274527094.0,0.165,-39.35,6052800,0.63,40.16,-0.32,38.97,2.72,37.52,6.69,35.62,12.38,5.47,54.79,8260830,9655393,8121412,0.943
1074,KARO,Technology,Software - Application,NASDAQ,107.3,81.17,96.85,59.68,113.15,84.15,123.01,88.02,116.48,82.3,103.71,67.48,61.08,1.8,-0.89,-5.71,-4.61,31.16,82.36,1853598000.0,30893300.0,0.0068,-11.22,55300,0.8,61.03,0.08,60.76,0.53,63.16,-3.29,63.79,-4.25,3.47,25.45,71880,69183,78636,0.225
1075,KMTS,Healthcare,Medical Instruments & Supplies,NASDAQ,107.29,81.16,103.23,85.01,100.47,72.57,100.74,68.39,107.73,74.01,93.97,52.74,26.98,-1.64,-0.59,18.07,16.54,-3.68,46.65,1633780055.0268173,59561795.0,0.1113,-10.07,246800,0.64,26.94,0.15,27.41,-1.57,26.11,3.33,26.16,3.13,5.49,83.75,357280,383780,347960,0.599
1076,ULCC,Industrials,Airlines,NASDAQ,107.26,81.13,94.78,49.03,106.41,79.1,99.14,65.59,133.24,90.11,102.61,65.87,5.86,-5.33,-5.33,4.27,-16.05,15.81,72.3,1425035635.663052,230215771.0,0.4133,-30.28,2623000,1.06,6.04,-2.98,6.05,-3.14,5.95,-1.51,6.19,-5.33,5.17,57.76,2536160,2485073,2668226,0.377
1077,BNS,Financial Services,Banks - Diversified,NYSE,107.26,81.13,94.94,50.04,113.13,84.13,116.45,84.55,120.66,84.96,112.81,76.87,88.45,-2.14,-4.53,-4.5,1.59,24.77,79.14,110960594089.01917,1216806570.0,5.69,-7.61,905500,0.45,88.59,-0.16,89.68,-1.37,91.26,-3.08,90.33,-2.08,1.74,68.92,2652430,2005836,2113720,0.117
1078,POWL,Industrials,Electrical Equipment & Parts,NASDAQ,107.24,81.11,97.16,60.99,108.68,80.72,103.74,72.28,165.85,95.66,233.25,97.19,191.93,-2.13,1.27,5.17,-8.26,71.31,92.47,7144426022.766724,36432564.0,0.0975,-41.48,443600,0.81,196.29,-2.22,192.83,-0.47,187.84,2.18,192.63,-0.36,4.37,43.84,506990,548730,576038,0.089
1079,CTOS,Industrials,Rental & Leasing Services,NYSE,107.23,81.08,94.17,45.65,110.39,82.2,113.41,82.34,142.42,92.52,128.06,85.13,9.25,-5.42,-2.12,1.54,-6.75,54.42,89.44,2225004071.549468,227505535.0,0.0777,-24.37,1212600,1.24,9.58,-3.44,9.48,-2.43,9.35,-1.07,9.68,-4.44,4.07,0.0,955850,977386,1029626,0.102
1080,NL,Industrials,Security & Protection Services,NYSE,107.23,81.08,102.38,83.63,108.72,80.74,109.73,78.93,93.42,53.64,83.59,30.79,6.94,-0.57,-1.14,-1.0,18.79,30.52,82.24,341313164.25266933,48898734.0,0.0183,-19.3,7200,0.25,6.96,-0.29,6.99,-0.72,6.98,-0.57,6.64,4.52,2.72,10.61,14200,28500,33346,0.08
1081,EFOI,Consumer Cyclical,"Furnishings, Fixtures & Appliances",NASDAQ,107.22,81.06,103.65,85.5,93.62,62.24,102.84,71.23,113.82,79.93,208.07,96.49,2.99,0.0,9.93,6.41,-3.86,22.54,77.51,19043973.840741634,6369222.0,0.038399998,-69.61,4400,0.37,3.07,-2.61,2.92,2.4,2.8,6.79,2.88,3.82,5.88,-0.0,13610,11746,10476,2.28
1082,WLYB,Communication Services,Publishing,NYSE,107.21,81.04,94.7,48.46,108.84,80.9,115.7,84.02,121.28,85.28,94.62,53.96,47.9,-1.39,-0.64,-0.27,-7.04,42.61,86.41,2510628464.816246,50683930.0,0.0031,-13.71,0,0.0,48.74,-1.72,48.3,-0.83,47.93,-0.06,50.33,-4.83,1.3,-0.0,5899,2928,3146,-0.026
1083,BLMN,Consumer Cyclical,Restaurants,NASDAQ,107.18,81.02,98.32,70.14,98.36,69.92,111.87,81.04,104.42,70.13,75.54,23.15,8.6,1.42,9.14,-1.04,-2.93,27.98,81.08,726065336.9658546,85620917.0,0.1254,-31.91,2770100,1.17,8.37,2.75,8.24,4.37,8.27,3.99,9.49,-9.38,5.38,19.44,2885550,2376483,2355946,0.013
1084,SLGL,Healthcare,Biotechnology,NASDAQ,107.17,81.01,101.55,81.87,116.8,86.56,124.55,88.65,259.76,98.42,435.82,98.67,71.77,-0.32,7.36,8.84,-15.75,70.23,92.31,235727928.0,3273999.0,0.1155,-26.74,31500,0.57,73.73,-2.66,72.96,-1.63,67.65,6.09,73.33,-2.13,6.66,62.55,38210,55256,57720,-0.966
1085,VG,Energy,Oil & Gas Midstream,NYSE,107.16,80.98,94.76,48.91,99.81,71.67,134.06,91.57,103.67,69.19,107.51,71.83,13.16,0.23,4.28,-16.49,-0.34,100.17,95.1,32826219419.74292,2500092851.0,0.8047,-25.31,6357600,0.47,13.29,-0.98,13.04,0.92,13.59,-3.16,13.85,-4.98,4.99,16.74,10514780,13436956,13489570,0.476
1086,KIDS,Healthcare,Medical Devices,NASDAQ,107.16,80.98,95.98,55.42,111.12,82.72,108.82,78.02,100.52,64.83,76.28,23.91,21.65,-2.3,-3.99,-1.86,7.66,24.71,79.07,578592898.0959625,26109788.0,0.0495,-19.04,135500,0.7,22.3,-2.91,22.29,-2.87,22.38,-3.26,23.01,-5.91,3.43,52.57,187240,194870,226678,0.154
1087,PBFS,Financial Services,Banks - Regional,NASDAQ,107.15,80.95,96.89,59.85,106.72,79.35,110.65,79.99,117.54,82.88,99.33,61.05,17.4,-2.08,-1.53,-3.65,-1.3,24.29,78.8,429674168.56861115,24179750.0,0.0154,-12.61,8100,0.5,17.45,-0.29,17.62,-1.25,17.77,-2.08,17.63,-1.3,2.78,23.81,13710,16046,13182,0.179
1088,JVA,Consumer Defensive,Packaged Foods,NASDAQ,107.15,80.95,123.08,96.38,96.28,66.62,92.42,52.12,73.16,23.8,107.6,72.01,4.63,16.33,14.04,19.95,36.58,29.88,81.98,22720228.108882904,5708600.0,0.0054,-7.95,58000,0.8,4.35,6.44,4.14,11.84,4.12,12.38,3.75,23.47,4.07,175.0,76050,72910,65632,-0.093
1089,MLR,Consumer Cyclical,Auto Parts,NYSE,107.12,80.92,95.9,55.02,108.87,80.97,114.59,83.13,105.5,71.54,105.47,69.54,52.46,-3.55,-2.92,-4.13,5.46,39.85,85.39,617445280.8311768,11352184.0,0.0434,-12.13,27300,0.32,53.35,-1.67,53.44,-1.83,53.93,-2.73,54.53,-3.8,2.68,12.1,58290,85786,95866,0.121
1090,HNI,Consumer Cyclical,"Furnishings, Fixtures & Appliances",NYSE,107.08,80.91,100.54,79.25,107.02,79.61,112.54,81.58,92.31,51.17,74.55,22.44,46.86,0.09,-0.74,-0.02,8.28,13.1,70.2,3379551853.971863,72181800.0,0.059699997,-11.23,420800,0.75,46.81,0.11,46.65,0.45,46.65,0.45,47.61,-1.58,3.23,40.3,497140,563373,549300,1.207
1091,MPWR,Technology,Semiconductors,NASDAQ,107.04,80.88,104.55,86.75,113.44,84.35,99.44,66.16,114.21,80.33,164.31,93.38,1386.29,-3.71,1.53,12.47,5.48,47.66,87.69,70752650430.17578,49143000.0,0.052199997,-19.12,433700,0.63,1427.13,-2.86,1398.68,-0.89,1320.87,4.95,1315.24,5.4,4.11,61.43,559580,684983,685822,0.476
1092,WDAY,Technology,Software - Application,NASDAQ,107.04,80.88,102.49,83.91,111.12,82.72,106.62,75.59,77.41,27.13,54.16,10.12,186.59,0.24,-1.51,0.48,18.01,-14.4,35.42,44859739852.90527,241000000.0,0.083100006,-24.58,1857800,0.68,186.83,-0.13,187.53,-0.5,189.51,-1.54,189.2,-1.38,3.45,14.78,1979690,2732533,3535460,0.128
1093,CTKB,Healthcare,Medical Devices,NASDAQ,107.03,80.86,107.78,90.23,119.07,87.68,100.09,67.28,97.12,59.82,98.86,60.32,5.43,-7.5,-3.89,17.79,25.99,6.47,63.0,763001680.2345972,129983253.0,0.051,-12.14,3884000,2.68,5.52,-1.63,5.67,-4.23,5.46,-0.55,4.95,9.7,5.92,40.44,1717010,1446693,1208936,0.056
1094,LOCO,Consumer Cyclical,Restaurants,NASDAQ,107.01,80.84,99.58,76.25,97.14,67.97,107.27,76.3,128.57,88.64,121.69,82.47,15.22,7.03,8.02,0.26,-7.65,41.98,86.1,432756372.2664709,30432937.0,0.0747,-12.53,221300,1.03,14.72,3.4,14.49,5.04,14.48,5.11,15.1,0.79,2.48,18.52,240430,213873,243042,0.03
1095,TSBK,Financial Services,Banks - Regional,NASDAQ,106.99,80.82,96.79,59.36,104.61,77.06,109.42,78.51,112.88,79.17,112.68,76.69,44.82,-1.47,-1.3,-3.55,0.53,26.1,80.07,353715150.37120056,7775668.0,0.0207,-9.23,13800,0.45,45.18,-0.8,45.05,-0.51,45.52,-1.54,45.69,-1.9,2.39,31.8,24920,30553,34828,0.061
1096,OMDA,Healthcare,Health Information Services,NASDAQ,106.97,80.81,97.97,66.3,98.91,70.74,105.39,74.33,130.64,89.36,65.85,16.43,21.55,5.79,9.61,9.61,9.45,39.12,85.14,1246984291.4851017,61216703.0,0.1244,-19.93,836800,0.61,20.99,2.67,20.53,4.97,20.34,5.95,21.83,-1.28,4.29,82.47,1245220,1381936,1404788,0.431
1097,KSPI,Technology,Software - Infrastructure,NASDAQ,106.95,80.79,95.59,53.41,110.24,82.02,122.33,87.74,100.81,65.22,103.52,67.16,92.99,-1.13,-2.8,-6.91,6.73,26.17,80.1,17872064947.217194,190027266.0,0.0083,-15.42,576200,0.99,92.97,0.02,93.65,-0.7,95.41,-2.54,97.1,-4.23,2.69,37.77,474910,582633,615984,0.136
1098,NE,Energy,Oil & Gas Drilling,NYSE,106.94,80.77,94.94,50.04,111.41,82.91,108.4,77.55,108.78,75.29,156.4,92.3,42.36,4.08,-1.07,-6.45,3.29,54.15,89.35,6497438394.3973465,159642218.0,0.0,-22.95,662300,0.56,41.9,1.1,41.82,1.29,43.2,-1.94,43.83,-3.35,3.67,33.12,1159210,1177673,1159332,-0.163
1099,TASK,Technology,Information Technology Services,NASDAQ,106.93,80.75,107.6,90.04,115.59,85.83,107.39,76.43,64.5,17.78,76.27,23.88,8.14,0.99,-0.73,0.0,37.62,7.12,63.79,738997427.7334051,91687021.0,0.1294,-53.23,207900,0.44,8.02,1.5,8.06,0.99,8.17,-0.37,7.78,4.63,4.61,36.76,383910,469250,564342,0.05
1100,BTBD,Consumer Cyclical,Restaurants,NASDAQ,106.93,80.75,106.14,88.72,126.48,90.44,114.66,83.22,61.44,15.96,145.23,90.24,1.69,-9.63,-12.89,-2.87,44.44,28.03,81.15,11565433.909491062,6184724.0,0.0032,-31.85,16100,0.57,1.72,-1.74,1.79,-5.59,1.79,-5.59,1.56,8.33,7.52,86.52,18080,28270,34660,-0.061
1101,CRM,Technology,Software - Application,NYSE,106.89,80.73,101.0,80.66,109.43,81.42,112.92,81.9,72.08,22.81,69.49,18.99,229.13,-2.37,-2.09,-7.34,27.02,-12.82,36.73,193149872009.27734,823000000.0,0.0454,-14.86,4679800,0.37,227.25,0.83,228.98,0.07,236.27,-3.02,224.77,1.94,3.4,31.73,8224820,12484810,13115352,0.108
1102,VALU,Financial Services,Financial Data & Stock Exchanges,NASDAQ,106.87,80.7,110.68,92.04,95.4,65.4,99.54,66.45,98.75,62.36,85.05,32.6,43.88,8.35,9.26,11.68,27.45,15.6,72.14,379974969.0,9382098.0,0.0219,6.56,3800,1.01,42.68,2.81,41.31,6.22,40.28,8.94,38.46,14.09,3.2,143.35,2910,3776,3920,-0.064
1103,EMR,Industrials,Specialty Industrial Machinery,NYSE,106.87,80.7,105.07,87.55,105.03,77.54,100.36,67.8,89.82,41.96,100.75,63.13,161.83,0.14,2.28,6.33,9.24,21.24,76.71,90146058340.4541,557800000.0,0.0150999995,-2.72,2555700,1.05,160.77,0.66,159.58,1.41,155.3,4.2,155.75,3.9,2.41,75.61,2844200,2440986,2585404,0.07
1104,CAH,Healthcare,Medical Distribution,NYSE,106.86,80.68,101.97,82.82,97.88,69.2,107.42,76.49,109.96,76.6,111.08,75.6,237.57,4.06,8.13,1.51,4.87,16.87,73.25,52864999170.16304,231559345.0,0.033299997,-8.03,1028200,0.59,235.05,1.07,229.88,3.35,228.16,4.12,232.79,2.05,2.53,19.95,1561820,1733053,1786870,0.058
1105,BAP,Financial Services,Banks - Regional,NYSE,106.85,80.65,97.59,63.65,110.27,82.1,111.79,80.94,126.88,87.82,119.54,81.27,381.21,2.12,-1.28,0.88,-5.24,38.1,84.9,29648025035.375183,79419317.0,0.0231,-7.75,258600,0.78,380.18,0.27,380.24,0.26,381.62,-0.11,380.78,0.11,2.42,34.74,314610,329853,310088,0.12
1106,HGTY,Financial Services,Insurance - Property & Casualty,NYSE,106.85,80.65,104.86,87.26,102.07,74.4,108.17,77.22,96.17,58.36,88.27,38.27,14.21,4.41,4.56,4.87,23.35,4.79,60.32,1515072279.8111315,111320523.0,0.0202,0.28,219600,0.38,13.98,1.65,13.75,3.35,13.75,3.35,13.34,6.52,2.67,55.37,460720,582750,413376,-0.065
1107,SMFG,Financial Services,Banks - Diversified,NYSE,106.84,80.63,93.9,44.24,116.95,86.66,122.15,87.67,126.87,87.8,112.54,76.62,25.13,-1.06,-5.56,-7.91,-2.52,29.54,81.81,160500751593.72052,6318927323.0,0.0017,-9.02,1021900,0.69,25.46,-1.3,25.63,-1.95,26.08,-3.64,25.92,-3.05,2.33,63.09,1610330,1479946,1428836,0.248
1108,FSM,Basic Materials,Gold,NYSE,106.82,80.61,96.64,58.7,116.41,86.31,118.24,85.64,81.19,30.97,113.87,77.7,10.92,-2.93,-6.59,-8.92,24.52,7.37,64.1,3329520603.75,295957387.0,3.68,-21.16,3560500,0.68,10.79,1.2,11.02,-0.91,11.41,-4.29,11.31,-3.45,4.25,47.46,7027960,5230796,5484346,0.382
1109,SMC,Energy,Oil & Gas Midstream,NYSE,106.73,80.59,98.14,68.19,100.79,72.99,110.64,79.96,108.07,74.49,101.17,63.86,31.95,3.6,3.73,-6.17,4.75,20.16,75.78,425086781.2232132,13783618.0,0.026300002,-12.39,76500,0.95,32.43,-1.48,31.47,1.53,31.95,0.0,32.88,-2.83,3.39,1.84,103420,80660,70372,0.106
1110,CZNC,Financial Services,Banks - Regional,NASDAQ,106.7,80.57,97.51,63.15,108.1,80.33,112.7,81.73,103.41,68.8,107.43,71.75,24.94,-2.69,-2.96,-3.97,-0.83,23.47,78.2,459670626.1584606,17934867.0,0.0235,-5.42,59200,1.07,25.27,-1.31,25.3,-1.42,25.56,-2.43,25.61,-2.62,2.15,14.89,53500,55106,61390,0.532
1111,JAZZ,Healthcare,Biotechnology,NASDAQ,106.7,80.57,88.88,27.01,116.7,86.47,125.17,88.87,138.67,91.71,135.31,87.32,218.42,-7.32,-8.21,-11.14,-15.47,28.73,81.45,15298418242.72786,64914577.0,0.074200004,-18.0,1288300,1.57,227.9,-4.16,231.03,-5.46,236.29,-7.56,244.39,-10.63,3.34,71.6,878720,820430,927526,0.155
1112,RHP,Real Estate,REIT - Hotel & Motel,NYSE,106.67,80.54,96.22,56.69,105.01,77.5,108.52,77.73,118.07,83.28,103.14,66.6,120.28,-1.13,0.01,-0.42,-8.84,28.77,81.46,8392628730.708008,68984288.0,0.0602,-12.5,412700,0.72,120.21,0.06,120.49,-0.17,120.31,-0.02,122.92,-2.15,2.11,41.75,525510,570066,733276,0.136
1113,NWFL,Financial Services,Banks - Regional,NASDAQ,106.59,80.53,98.46,71.53,104.62,77.09,108.02,77.05,105.84,71.85,110.75,75.17,33.53,-0.5,-0.74,-2.87,-0.5,19.71,75.41,367399902.1176224,10902074.0,0.0165,-5.5,30800,0.95,33.79,-0.77,33.62,-0.27,34.04,-1.5,34.1,-1.67,2.08,4.3,32440,32536,33936,0.347
1114,FISI,Financial Services,Banks - Regional,NASDAQ,106.57,80.51,94.1,45.27,111.01,82.64,115.6,83.91,119.66,84.25,116.43,79.45,38.45,-3.83,-4.42,-5.3,-6.08,23.55,78.25,787860263.7791443,19706360.0,0.0346,-10.52,62700,0.47,39.02,-1.46,39.24,-2.01,39.84,-3.49,40.52,-5.11,2.18,62.17,111840,132810,139842,0.07
1115,EPSN,Energy,Oil & Gas E&P,NASDAQ,106.5,80.48,99.53,76.15,99.92,71.89,107.82,76.87,92.62,51.88,103.98,67.82,5.95,3.66,0.34,-5.2,9.28,34.78,83.69,173828884.52859306,30283779.0,0.16600001,-10.53,61300,0.41,6.02,-1.16,5.93,0.34,5.99,-0.67,5.87,1.36,3.67,9.15,97410,150666,149384,0.571
1116,SDRL,Energy,Oil & Gas Drilling,NYSE,106.5,80.48,98.45,71.45,110.25,82.04,111.28,80.59,106.3,72.37,141.81,89.27,46.15,5.25,1.27,-3.65,6.73,42.97,86.55,2742442180.1193314,62541443.0,0.0774,-16.8,460000,0.8,45.46,1.52,45.1,2.33,46.23,-0.17,46.54,-0.84,3.67,62.67,606840,578383,607490,0.191
1117,JNJ,Healthcare,Drug Manufacturers - General,NYSE,106.5,80.48,96.27,57.02,109.16,81.24,111.46,80.71,110.54,77.1,110.59,75.03,261.44,2.11,-3.61,-1.56,2.7,28.13,81.19,617006334848.1393,2409898597.0,0.0098,-6.98,5726000,0.87,256.82,1.8,260.3,0.44,264.73,-1.24,264.9,-1.31,1.98,124.59,7136530,6606313,6564122,0.066
1118,PEBK,Financial Services,Banks - Regional,NASDAQ,106.48,80.44,99.42,75.9,102.36,74.67,107.06,76.02,113.6,79.84,122.89,83.12,43.78,-1.11,1.25,-1.26,2.3,19.22,75.1,235575148.7259102,5321327.0,0.0207,-4.37,14714,0.7,43.88,-0.23,43.64,0.32,43.76,0.05,43.68,0.23,2.35,1.94,16811,21033,29934,0.014
1119,GHRS,Healthcare,Biotechnology,NASDAQ,106.47,80.43,80.63,13.08,126.86,90.62,153.72,95.1,158.61,94.92,137.4,88.0,21.11,-7.98,-11.45,-22.39,-25.62,62.14,90.94,1574654100.4389362,68642287.0,0.1004,-32.85,146000,0.54,21.26,-0.71,22.37,-5.63,24.81,-14.91,27.07,-22.02,6.49,48.17,409660,269180,287522,
1120,ASAN,Technology,Software - Application,NYSE,106.44,80.4,111.88,92.75,95.04,64.64,88.03,38.92,77.96,27.54,43.56,6.69,10.07,16.82,11.64,14.82,26.67,-29.97,24.16,1973722382.3364496,228970117.0,0.2451,-34.95,4908200,0.63,9.54,5.56,9.06,11.15,9.24,8.98,9.26,8.75,5.81,30.92,5846240,7823320,6405054,0.099
1121,GNRC,Industrials,Specialty Industrial Machinery,NYSE,106.44,80.4,108.39,90.71,93.98,63.04,81.05,29.13,108.26,74.67,127.22,84.76,224.94,3.75,8.07,20.3,17.21,60.61,90.68,12805061288.248825,59063935.0,0.0424,-24.12,966600,0.71,221.9,1.37,215.86,4.21,204.96,9.75,203.35,10.62,3.7,47.94,1071370,1364870,1228306,0.106
1122,JXN,Financial Services,Insurance - Life,NYSE,106.43,80.38,97.03,60.55,115.43,85.76,121.02,87.11,112.96,79.3,107.8,72.31,129.71,-1.38,-2.56,-5.48,7.1,23.43,78.14,8908361615.64331,67728744.0,0.0645,-7.94,478300,0.59,131.97,-1.71,131.33,-1.23,132.39,-2.02,132.29,-1.95,2.81,26.98,645810,807546,715304,
1123,FOCL,Healthcare,Medical Distribution,NASDAQ,106.41,80.36,88.64,26.31,116.47,86.39,110.44,79.66,189.42,97.09,143.3,89.75,4.19,-0.24,-11.04,2.2,-31.76,47.02,87.57,198310130.99412918,47216700.0,0.0064,-34.53,76300,1.01,4.2,-0.24,4.31,-2.78,4.31,-2.78,4.6,-8.91,6.92,27.59,71600,75653,129026,0.388
1124,LINK,Technology,Electronic Components,NASDAQ,106.4,80.34,93.39,41.95,117.61,86.91,124.61,88.68,103.09,68.33,64.05,15.02,4.95,-16.81,-10.81,-15.24,21.47,23.44,78.18,93712538.64592457,15750007.0,0.0068,-44.59,18800,0.44,5.37,-7.82,5.66,-12.54,5.48,-9.67,5.32,-6.95,7.74,5.22,71100,42406,32464,0.104
1125,ZLAB,Healthcare,Biotechnology,NASDAQ,106.38,80.33,102.69,84.25,110.94,82.56,112.38,81.45,73.51,24.09,91.14,47.43,24.99,2.71,0.04,3.52,37.23,41.11,85.8,2731437318.6747665,112266228.0,0.074099995,-26.63,1024800,1.22,25.26,-1.07,25.41,-1.65,25.4,-1.61,24.87,0.48,4.61,55.51,805720,840283,1009504,-0.033
1126,JOF,Financial Services,Asset Management,NYSE,106.34,80.3,99.12,74.79,106.91,79.51,108.64,77.84,102.32,67.38,103.42,66.95,12.43,-1.89,-1.82,-0.26,11.12,24.34,78.86,358990426.4717045,28333893.0,0.12,-3.27,26724,0.45,12.54,-0.88,12.56,-1.04,12.49,-0.48,12.35,0.65,1.51,58.56,47392,59967,65046,0.423
1127,VABK,Financial Services,Banks - Regional,NASDAQ,106.34,80.3,100.84,80.23,106.21,78.88,108.82,78.02,108.27,74.71,97.8,58.91,48.5,3.06,0.35,-1.46,6.25,18.13,74.24,255313778.37049103,5425282.0,0.013099999,-3.0,2300,0.3,48.31,0.39,48.13,0.77,48.01,1.02,47.27,2.6,2.26,0.0,7140,7643,6830,0.386
1128,GNE,Utilities,Utilities - Regulated Electric,NYSE,106.32,80.28,106.9,89.33,99.85,71.75,100.8,68.46,84.24,34.21,75.53,23.12,16.63,1.22,4.46,5.39,18.38,18.29,74.43,432431413.9221115,26319623.0,0.0345,-1.19,32000,0.42,16.52,0.67,16.36,1.65,16.17,2.84,15.4,7.99,2.26,18.6,73850,76496,76734,-0.046
1129,ZBIO,Healthcare,Biotechnology,NASDAQ,106.29,80.26,92.36,37.37,100.72,72.88,122.72,87.85,126.84,87.79,117.83,80.34,27.26,-3.66,1.15,-12.4,-15.53,-35.6,21.24,1844175382.2575893,65176723.0,0.2674,-38.88,429600,0.63,27.29,-0.11,27.4,-0.51,29.26,-6.84,30.78,-11.44,8.05,49.21,706030,677433,692972,
1130,SCL,Basic Materials,Specialty Chemicals,NYSE,106.28,80.24,96.82,59.55,116.2,86.2,112.83,81.85,105.29,71.36,92.48,50.02,61.03,-3.13,-5.42,-0.88,-5.61,31.68,82.51,1432150020.0,22732540.0,0.0424,-10.25,147300,0.98,61.7,-1.09,62.15,-1.8,62.46,-2.29,62.85,-2.9,2.77,108.69,145380,150613,138874,0.15
1131,CNO,Financial Services,Insurance - Life,NYSE,106.24,80.22,96.19,56.53,108.46,80.49,114.95,83.45,117.98,83.18,100.27,62.65,52.99,-1.62,-1.83,-3.55,-0.61,23.24,77.96,4983201098.530563,92521371.0,0.0001,-7.99,871600,0.79,53.52,-0.99,53.44,-0.84,54.13,-2.11,54.48,-2.73,2.05,20.29,914720,1106150,942566,0.116
1132,AUC,Financial Services,Capital Markets,NASDAQ,106.24,80.22,118.38,95.3,97.63,68.82,98.98,65.34,89.87,42.19,77.0,24.49,9.19,6.0,8.37,31.29,25.89,15.31,71.89,89416944.69684792,10313373.0,0.0007,-15.53,15600,2.4,8.82,4.2,8.94,2.8,8.39,9.54,7.45,23.36,9.15,116.53,6450,6496,4832,3.0
1133,ECBK,Financial Services,Banks - Regional,NASDAQ,106.17,80.19,100.52,79.17,103.59,75.77,109.25,78.42,108.14,74.56,99.52,61.45,21.12,3.38,2.03,-0.42,4.09,22.65,77.56,178511254.52653503,8737702.0,0.0162,-3.03,6300,0.65,20.89,1.1,20.73,1.88,20.8,1.54,20.73,1.88,2.92,53.57,7480,9623,9490,0.491
1134,HSCS,Healthcare,Medical Devices,NASDAQ,106.14,80.18,87.68,24.16,153.72,95.41,133.92,91.49,89.23,40.44,50.66,9.14,3.18,-26.05,-32.77,-6.19,52.88,35.9,84.14,20828813.92390251,4843910.0,0.0087,-39.43,109300,0.49,3.57,-10.92,3.87,-17.83,4.1,-22.44,3.28,-3.05,15.87,5.94,369560,223223,185238,0.105
1135,BAX,Healthcare,Medical Instruments & Supplies,NYSE,106.13,80.16,100.13,77.9,104.81,77.28,107.4,76.46,100.2,64.44,72.62,21.02,24.35,3.66,4.19,2.31,-8.94,28.47,81.34,12144235898.179007,516995999.0,0.0709,-18.83,3011400,0.47,24.16,0.79,23.89,1.93,23.65,2.96,25.23,-3.49,2.78,75.32,6580330,6470430,6525672,0.053
1136,GME,Consumer Cyclical,Specialty Retail,NYSE,106.12,80.14,122.18,96.21,92.4,60.11,84.19,32.96,83.14,33.12,95.3,55.35,26.56,7.53,13.55,25.58,21.39,22.17,77.3,12461174837.90371,504500990.0,0.084,-1.19,16205300,1.59,25.28,5.06,24.76,7.27,23.74,11.88,20.88,27.2,4.33,144.35,11266560,10194330,9181618,-0.187
1137,CTVA,Basic Materials,Agricultural Inputs,NYSE,106.12,80.14,105.68,88.21,92.6,60.55,103.76,72.31,106.76,72.92,107.87,72.43,13.24,11.07,12.38,5.18,-1.02,32.41,82.8,7952976370.903015,667196000.0,0.0353,-85.45,30716300,0.75,13.55,-2.29,12.72,4.09,12.42,6.6,12.25,8.08,5.98,13.88,57564070,41177769,38243316,
1138,BORR,Energy,Oil & Gas Drilling,NYSE,106.11,80.11,107.68,90.13,91.79,58.53,92.17,50.92,112.07,78.58,186.74,95.5,4.78,22.25,13.81,11.94,19.8,19.8,75.52,1206284843.789861,308512741.0,0.123900004,-28.17,15103500,2.31,4.41,8.39,4.18,14.35,4.25,12.47,4.29,11.42,4.27,127.41,8059120,6548196,6316634,-0.132
1139,EQH,Financial Services,Asset Management,NYSE,106.09,80.09,100.75,80.04,110.13,81.94,109.43,78.53,96.04,58.14,78.44,25.72,52.92,0.53,-1.71,-0.79,8.95,11.37,68.41,14358390861.196976,272765787.0,0.0,-3.89,2203700,0.74,53.63,-1.32,52.85,0.13,53.15,-0.43,51.77,2.22,2.82,45.63,2455970,2961966,2923660,-0.298
1140,RIG,Energy,Oil & Gas Drilling,NYSE,106.09,80.09,97.77,64.9,105.95,78.65,105.51,74.38,114.87,80.93,165.12,93.51,5.51,6.58,2.42,-2.82,8.46,37.41,84.59,5774270124.661188,1116880085.0,0.2732,-28.07,15808000,0.39,5.47,0.73,5.35,2.99,5.46,0.92,5.59,-1.43,3.21,-0.0,34696780,40792953,41114828,-0.022
1141,BWA,Consumer Cyclical,Auto Parts,NYSE,106.08,80.06,94.98,50.28,103.07,75.41,111.96,81.15,125.04,87.01,131.4,86.11,61.3,1.29,-0.03,-8.03,-4.58,36.01,84.18,12325887837.311058,203666354.0,0.0359,-22.23,2260600,0.97,61.8,-0.81,61.2,0.16,61.87,-0.92,64.28,-4.64,3.13,6.78,2606460,2337516,2295950,0.003
1142,LITB,Consumer Cyclical,Internet Retail,NYSE,106.07,80.04,93.64,43.07,110.26,82.06,118.99,86.06,138.04,91.54,108.81,73.6,2.99,6.41,-2.61,-5.08,-0.99,24.07,78.61,55431694.291235924,19726582.0,0.0005,-28.3,12200,2.44,2.93,2.05,2.91,2.75,2.98,0.34,3.05,-1.97,4.97,74.04,6380,4990,5408,-0.035
1143,SIBN,Healthcare,Medical Devices,NASDAQ,106.06,80.03,102.62,84.12,105.73,78.32,106.78,75.75,103.72,69.26,80.37,27.79,19.37,7.13,4.2,5.39,7.67,-6.92,42.38,801835033.2564182,44349283.0,0.1538,-11.51,555900,0.98,19.34,0.16,18.99,2.0,18.72,3.47,18.81,2.98,3.71,65.34,596320,569763,562796,0.152
1144,AGM,Financial Services,Credit Services,NYSE,106.05,80.01,93.19,40.91,110.94,82.56,116.91,84.96,112.25,78.7,93.35,51.69,203.9,-5.07,-4.72,-8.94,-6.78,17.46,73.67,2331160903.0329895,10853210.0,0.0039,-17.88,109400,0.95,209.66,-2.75,210.71,-3.23,215.8,-5.51,221.89,-8.11,2.71,2.71,115830,114670,108880,0.249
1145,PRAA,Financial Services,Credit Services,NASDAQ,106.0,79.99,100.74,79.98,105.07,77.58,102.95,71.42,96.4,58.68,122.14,82.74,20.03,6.15,-3.0,5.81,15.45,14.33,71.01,710417904.815464,37648006.0,0.0348,-11.18,192900,0.44,20.02,0.05,19.68,1.78,19.92,0.55,19.4,3.25,4.8,9.36,437930,439370,431934,0.294
1146,MOVE,Technology,Software - Infrastructure,NASDAQ,105.99,79.97,79.48,11.7,124.53,89.73,106.83,75.85,176.36,96.41,270.39,97.67,9.84,-15.54,-16.4,-11.59,-10.26,61.97,90.85,367583991.7137623,31552275.0,0.0088,-63.17,50600,0.12,10.32,-4.65,10.95,-10.14,11.03,-10.79,11.33,-13.15,7.87,11.63,97080,439943,450112,35.903
1147,MKSI,Technology,Scientific & Technical Instruments,NASDAQ,105.99,79.97,93.41,42.06,109.75,81.66,120.77,87.04,178.53,96.51,209.24,96.51,264.5,-5.25,1.41,-1.05,-9.74,63.71,91.28,18875440902.99518,67617558.0,0.1021,-40.91,636400,0.51,271.99,-2.75,270.01,-2.04,260.22,1.64,273.38,-3.25,3.88,76.53,1044440,1237970,1317384,0.283
1148,BATRA,Communication Services,Entertainment,NASDAQ,105.98,79.94,98.71,73.08,107.63,79.94,100.54,68.08,109.46,75.91,108.89,73.61,57.57,-0.09,-2.47,6.41,5.91,35.78,84.05,3697354156.6012917,64167897.0,0.0654,-4.81,29500,0.49,57.68,-0.19,58.09,-0.9,57.38,0.33,56.34,2.18,2.05,18.2,43400,59816,67128,-0.023
1149,TILE,Consumer Cyclical,"Furnishings, Fixtures & Appliances",NASDAQ,105.97,79.93,97.84,65.48,104.88,77.39,105.16,74.07,117.1,82.62,103.26,66.72,34.73,-0.46,-1.34,1.76,2.84,24.55,78.99,2016658014.121399,57800460.0,0.1025,-14.25,268900,0.51,34.87,-0.4,34.82,-0.26,34.73,0.0,36.15,-3.93,2.57,38.02,492890,530406,508098,0.054
1150,CRBG,Financial Services,Asset Management,NYSE,105.95,79.9,100.45,78.97,112.04,83.4,111.08,80.39,96.61,58.98,79.86,27.25,34.09,0.18,-2.24,-0.97,7.43,13.67,70.46,15169638379.50409,445772522.0,0.048299998,-4.35,4423800,0.99,34.59,-1.45,34.13,-0.12,34.34,-0.73,33.47,1.85,2.67,39.49,5077450,4448393,4540302,0.259
1151,IMMR,Technology,Software - Application,NASDAQ,105.95,79.9,100.23,78.22,100.76,72.94,104.07,72.78,89.82,41.96,86.68,34.6,7.43,0.54,2.06,0.41,0.27,19.99,75.64,245392638.55651522,33206041.0,0.0773,-7.7,704000,1.89,7.25,2.48,7.27,2.2,7.29,1.92,7.45,-0.27,2.37,56.68,368060,371780,422210,0.008
1152,SHBI,Financial Services,Banks - Regional,NASDAQ,105.93,79.88,95.05,50.65,106.64,79.27,110.45,79.7,120.25,84.7,111.35,75.87,22.27,-3.17,-3.22,-4.99,-8.35,24.62,79.04,767562348.0,33372276.0,0.0335,-10.53,217100,1.09,22.56,-1.29,22.62,-1.55,22.91,-2.79,23.22,-4.09,1.92,7.01,225770,199970,196734,0.106
1153,ABEV,Consumer Defensive,Beverages - Brewers,NYSE,105.83,79.86,105.96,88.51,95.96,66.01,99.26,65.78,104.87,70.75,111.82,76.08,3.19,6.69,9.62,6.12,2.72,39.74,85.35,46095294853.78307,15416486524.0,4.53,-7.54,17949700,0.74,3.2,-0.31,3.06,4.25,3.01,5.98,2.95,8.14,2.87,43.76,25200680,24322363,28867158,0.003
1154,LH,Healthcare,Diagnostics & Research,NYSE,105.81,79.84,99.81,77.04,102.41,74.73,106.04,75.04,96.08,58.21,93.58,52.11,312.15,1.19,0.81,0.2,-0.86,23.29,78.04,25018538208.007812,81100000.0,0.030299999,-8.67,607900,0.79,311.74,0.13,309.83,0.75,312.96,-0.26,319.55,-2.32,2.14,7.92,673330,774076,706464,0.058
1155,GDRX,Healthcare,Health Information Services,NASDAQ,105.77,79.82,101.45,81.62,109.23,81.29,110.28,79.5,92.87,52.52,61.19,13.34,3.43,4.57,2.39,1.18,8.2,26.57,80.24,1118956862.8797522,341145388.0,0.0493,-40.96,610500,0.68,3.33,3.0,3.3,3.94,3.36,2.08,3.45,-0.58,3.11,74.92,760220,901260,1325944,-0.013
1156,DNOW,Industrials,Industrial Distribution,NYSE,105.77,79.82,100.15,78.02,105.35,77.92,103.31,71.85,94.42,55.39,72.67,21.11,15.57,-1.21,-2.26,-0.51,13.32,15.08,71.69,2849185683.5386066,180785891.0,0.0723,-9.79,2281500,1.04,15.67,-0.64,15.67,-0.64,15.71,-0.89,15.75,-1.14,2.83,22.72,2130070,2201813,2393428,1.081
1157,USCB,Financial Services,Banks - Regional,NASDAQ,105.74,79.79,97.88,65.68,107.61,79.91,114.31,82.94,102.41,67.49,97.97,59.11,22.04,-2.26,-2.61,-4.84,1.48,16.84,73.23,416599284.40509796,18474470.0,0.0214,-7.73,45600,0.57,22.18,-0.63,22.23,-0.85,22.61,-2.52,22.53,-2.17,2.51,48.9,61110,80506,69236,0.141
1158,SVCO,Technology,Software - Application,NASDAQ,105.74,79.79,100.32,78.51,106.76,79.43,96.65,61.64,138.45,91.64,172.06,94.18,8.12,-11.2,-2.81,21.09,7.05,84.66,93.77,310054672.77360916,33885758.0,0.1401,-43.57,209600,0.55,8.41,-3.45,8.56,-5.14,7.88,3.05,7.47,8.7,6.76,38.27,373560,381616,396152,0.478
1159,AVPT,Technology,Software - Infrastructure,NASDAQ,105.71,79.76,109.2,91.33,98.5,70.23,95.14,59.18,94.17,54.91,62.73,14.37,14.63,3.98,12.54,15.56,14.12,7.34,64.07,2976725479.255356,211565426.0,0.0621,-6.1,1550600,0.73,14.51,0.83,14.2,3.03,13.7,6.79,13.48,8.53,3.69,53.75,2985390,2133970,2032368,0.22
1160,EFSI,Financial Services,Banks - Regional,NASDAQ,105.68,79.74,101.62,82.16,106.47,79.13,108.39,77.52,105.26,71.25,99.29,60.97,45.53,0.04,-0.42,0.02,11.85,16.15,72.54,246282589.5667839,5411615.0,0.0295,-5.48,19837,0.48,45.64,-0.24,45.58,-0.11,45.72,-0.42,43.77,4.02,1.65,0.0,30533,41341,45354,0.106
1161,GFR,Energy,Oil & Gas E&P,NYSE,105.67,79.73,103.21,84.98,95.96,66.01,110.63,79.94,106.69,72.83,107.46,71.78,6.35,9.48,8.18,-2.61,0.32,42.06,86.16,1394399459.4552727,240413692.0,0.0307,-11.31,969300,0.7,6.19,2.58,5.94,6.9,6.2,2.42,6.27,1.28,4.17,41.53,947180,1384410,1072324,0.219
1162,OSUR,Healthcare,Medical Instruments & Supplies,NASDAQ,105.62,79.7,101.04,80.79,105.07,77.58,88.78,40.46,115.65,81.65,98.22,59.41,3.9,-1.76,-0.76,20.0,-1.76,61.83,90.8,273805451.16320825,68968627.0,0.0484,-14.85,446800,0.8,3.86,1.04,3.89,0.26,3.76,3.72,3.77,3.45,4.89,62.92,554890,559163,526140,-0.019
1163,PNRG,Energy,Oil & Gas E&P,NASDAQ,105.62,79.7,103.07,84.78,101.04,73.33,101.86,69.95,92.96,52.67,107.53,71.86,214.87,4.99,2.97,1.78,18.94,20.92,76.39,323894921.7956543,1582600.0,0.126,-22.96,55400,0.6,211.17,1.75,206.58,4.01,207.45,3.58,205.69,4.46,3.69,25.0,58900,92460,91242,-0.039
1164,LNG,Energy,Oil & Gas Midstream,NYSE,105.59,79.68,100.38,78.75,101.0,73.27,109.72,78.9,99.37,63.11,103.62,67.29,278.18,3.05,3.59,-0.06,8.03,47.95,87.77,55753898473.26892,206534158.0,0.0189,-7.55,901700,0.44,275.69,0.9,272.68,2.02,272.51,2.08,273.7,1.64,2.45,18.95,1674910,2071583,1850260,0.227
1165,MUR,Energy,Oil & Gas E&P,NYSE,105.57,79.66,104.28,86.32,98.4,70.03,105.18,74.1,101.68,66.45,127.55,84.88,38.68,2.71,6.47,0.47,2.27,25.65,79.73,5398545010.286591,143349576.0,0.0994,-10.75,849500,0.54,38.14,1.42,37.55,3.01,37.49,3.17,36.76,5.22,3.33,17.88,1475550,1586083,1697306,0.356
1166,LTC,Real Estate,REIT - Healthcare Facilities,NYSE,105.54,79.65,100.22,78.18,107.01,79.6,107.59,76.67,104.6,70.4,98.62,59.95,42.46,-1.26,-1.12,0.9,6.32,30.82,82.29,2317939209.0,53905563.0,0.062,-2.61,315900,0.5,42.24,0.52,42.59,-0.31,42.68,-0.52,41.15,3.18,1.76,37.37,646570,627863,586246,0.655
1167,MCK,Healthcare,Medical Distribution,NYSE,105.53,79.62,106.7,89.16,98.99,70.82,99.72,66.59,93.11,52.94,99.41,61.24,938.84,4.05,8.33,6.5,8.59,15.06,71.65,105197156143.37329,116590363.0,0.0249,-6.02,482900,0.57,923.31,1.68,899.26,4.4,891.44,5.32,883.32,6.29,2.62,56.33,707620,847266,916662,0.077
1168,TRVG,Communication Services,Internet Content & Information,NASDAQ,105.53,79.62,74.79,7.92,133.65,92.35,155.19,95.3,163.53,95.58,78.46,25.73,4.19,-10.47,-22.98,-25.44,-21.68,48.06,87.82,330213552.60783863,70558454.0,0.013099999,-38.38,44600,0.22,4.4,-4.77,4.82,-13.07,5.39,-22.26,5.43,-22.84,9.89,9.17,163070,207030,182418,0.209
1169,VLGEA,Consumer Defensive,Grocery Stores,NASDAQ,105.51,79.6,98.29,69.83,102.99,75.32,99.01,65.39,108.52,74.97,109.55,74.05,44.03,-4.28,-2.42,2.41,0.67,23.16,77.88,681236586.0,14809491.0,0.054,-8.67,36600,0.78,44.19,-0.36,44.89,-1.92,44.59,-1.26,43.67,0.82,3.02,51.09,42290,46920,54368,0.016
1170,DE,Industrials,Farm & Heavy Construction Machinery,NYSE,105.5,79.57,93.74,43.49,114.27,84.99,116.13,84.36,103.18,68.58,109.21,73.76,620.93,-9.62,-9.86,-7.89,3.83,33.97,83.41,185232658044.0,269625412.0,0.0208,-13.91,1918400,1.44,659.07,-5.79,668.8,-7.16,677.76,-8.38,651.56,-4.7,3.3,4.78,1240120,1327713,1263072,0.049
1171,LLY,Healthcare,Drug Manufacturers - General,NYSE,105.5,79.57,98.86,73.85,107.63,79.94,103.6,72.15,118.28,83.39,92.36,49.73,1179.27,3.19,-0.35,5.7,2.25,10.08,67.14,1019126644076.0696,891741406.0,0.0084,-8.77,1392100,0.61,1167.64,1.0,1165.74,1.16,1159.14,1.74,1173.63,0.48,3.1,75.6,2215550,2300963,2529864,0.477
1172,THG,Financial Services,Insurance - Property & Casualty,NYSE,105.47,79.55,97.67,64.2,102.8,75.11,111.45,80.69,107.74,74.05,95.76,56.11,219.33,-0.05,0.87,-2.88,-4.27,19.8,75.52,7640600838.999084,34820221.0,0.0241,-7.09,199700,0.68,219.86,-0.24,218.53,0.37,221.81,-1.12,223.81,-2.0,1.95,2.34,267780,295486,293742,0.043
1173,CFFN,Financial Services,Banks - Regional,NASDAQ,105.46,79.53,95.15,51.18,107.8,80.05,112.08,81.24,118.53,83.52,114.83,78.3,8.39,-2.21,-3.34,-4.88,-4.4,22.71,77.61,1058509837.2676582,123369446.0,0.0802,-9.4,1087400,1.09,8.47,-0.94,8.45,-0.71,8.64,-2.89,8.7,-3.56,2.09,11.43,1087790,995893,926848,0.183
1174,UNF,Industrials,Specialty Business Services,NYSE,105.44,79.51,95.0,50.4,104.82,77.32,111.83,80.97,127.73,88.2,126.05,84.33,260.85,3.6,0.68,-5.03,-11.04,32.52,82.87,4553233055.8645935,18084173.0,0.0986,-14.94,324400,0.9,255.47,2.11,254.6,2.45,259.55,0.5,274.17,-4.86,2.69,22.8,352310,358636,277948,0.039
1175,ATRO,Industrials,Aerospace & Defense,NASDAQ,105.43,79.5,87.09,23.02,115.79,85.94,135.21,91.86,133.89,90.49,169.18,93.88,64.22,-5.82,-7.22,-13.19,-6.12,44.44,86.95,2932788179.1625977,43009064.0,0.0946,-32.01,363500,0.62,66.17,-2.95,67.0,-4.15,67.82,-5.31,73.74,-12.91,4.01,73.09,453190,584373,625292,0.27
1176,PLGO,Financial Services,Insurance - Diversified,NYSE,105.41,79.48,97.21,61.26,104.82,77.32,115.11,83.56,123.65,86.44,107.12,71.42,24.28,0.12,1.34,-3.07,-2.53,26.95,80.41,2006162075.25,82728333.0,0.0502,-7.82,416200,0.89,24.17,0.46,24.09,0.79,24.11,0.71,24.28,0.0,1.99,20.74,487160,465343,488258,0.103
1177,NVDA,Technology,Semiconductors,NASDAQ,105.4,79.46,102.33,83.57,108.95,81.09,104.48,73.22,99.91,63.83,115.42,78.78,229.28,-2.0,1.87,5.03,17.69,25.11,79.38,5649190576309.204,24147000000.0,0.0127,-3.62,84470000,0.74,235.07,-2.46,232.46,-1.37,226.33,1.3,221.94,3.31,2.27,3.27,111314380,114483130,118745388,1.059
1178,WHWK,Healthcare,Biotechnology,NASDAQ,105.39,79.45,85.96,20.87,111.17,82.77,120.58,86.97,127.73,88.2,173.8,94.55,3.52,-4.86,-5.88,-14.36,-8.57,41.37,85.89,210933339.71840143,57009010.0,0.077199996,-35.94,319800,0.96,3.54,-0.56,3.64,-3.3,3.83,-8.09,4.26,-17.37,4.8,71.1,316590,334716,348120,
1179,ACN,Technology,Information Technology Services,NYSE,105.37,79.43,121.0,96.06,93.04,61.3,83.27,31.91,56.31,13.26,64.64,15.38,209.06,5.11,18.71,13.68,28.03,-21.17,30.37,121715281745.10178,611942109.0,0.045300003,-28.18,4876700,0.76,200.5,4.27,194.87,7.28,189.96,10.05,184.1,13.56,4.77,49.76,9674300,6447233,6107854,0.062
1180,TAK,Healthcare,Drug Manufacturers - Specialty & Generic,NYSE,105.35,79.41,101.81,82.54,105.17,77.75,104.74,73.51,93.72,54.21,102.87,66.15,18.73,4.87,-0.69,2.57,8.58,24.04,78.58,57055062584.85217,3194572264.0,0.0013,-1.94,2043100,0.86,18.31,2.29,18.29,2.41,18.53,1.08,18.11,3.42,1.63,117.76,2572880,2377066,2646220,0.102
1181,HAS,Consumer Cyclical,Leisure,NASDAQ,105.32,79.4,104.39,86.51,96.7,67.28,99.87,66.88,89.61,41.15,117.96,80.4,93.32,4.22,5.94,1.94,-0.54,17.02,73.38,12629121704.310066,141044467.0,0.0585,-12.77,1138600,0.7,92.0,1.43,90.49,3.13,89.48,4.29,91.7,1.77,2.59,48.02,1761740,1635570,1629286,0.162
1182,HMC,Consumer Cyclical,Auto Manufacturers,NYSE,105.31,79.38,102.66,84.2,104.02,76.28,104.0,72.67,92.52,51.59,74.16,22.27,32.7,4.31,-0.7,0.55,6.45,8.13,65.0,40677466113.8672,1297526814.0,0.0015,-2.24,791300,0.86,32.09,1.9,31.96,2.32,32.18,1.62,31.86,2.64,1.59,19.23,1095560,923413,978458,0.135
1183,SOLV,Healthcare,Medical Instruments & Supplies,NYSE,105.3,79.35,98.65,72.88,108.53,80.56,104.67,73.4,101.01,65.42,84.14,31.42,87.29,-0.64,-2.47,-0.18,0.54,8.06,64.89,14954154332.909203,170223729.0,0.0337,-7.3,1063900,1.18,86.93,0.41,87.73,-0.5,88.28,-1.12,88.42,-1.28,1.81,39.9,914220,901553,1022676,0.022
1184,MLKN,Consumer Cyclical,"Furnishings, Fixtures & Appliances",NASDAQ,105.3,79.35,98.38,70.95,100.82,73.02,111.16,80.48,114.87,80.93,89.83,44.24,20.88,3.16,4.09,-1.46,-6.37,17.79,74.0,1392507835.0529766,68799795.0,0.0788,-15.5,389700,0.56,20.73,0.72,20.39,2.4,20.51,1.8,21.97,-4.96,3.78,62.03,552990,694166,632714,-0.034
1185,WSFS,Financial Services,Banks - Regional,NASDAQ,105.29,79.32,94.36,46.43,107.87,80.13,112.93,81.94,118.88,83.73,116.84,79.74,75.39,-3.38,-3.05,-5.44,-5.32,32.37,82.77,4009805577.270508,51388000.0,0.074099995,-9.1,243800,0.68,75.76,-0.49,76.13,-0.97,77.46,-2.67,78.93,-4.48,1.86,56.2,306390,356616,344422,0.088
1186,FLNG,Energy,Oil & Gas Midstream,NYSE,105.29,79.32,98.56,72.31,106.07,78.76,108.27,77.39,111.5,78.03,119.63,81.36,30.84,-1.28,-0.13,-2.71,1.56,33.78,83.35,1689845813.8592377,54092376.0,0.1375,-7.66,261200,0.68,31.16,-1.03,31.08,-0.77,31.44,-1.91,30.89,-0.16,2.25,2.88,284610,382896,371704,0.242
1187,PCB,Financial Services,Banks - Regional,NASDAQ,105.27,79.3,97.23,61.46,105.15,77.72,108.7,77.88,125.1,87.06,106.85,71.07,27.73,-1.0,0.07,-0.54,1.01,26.14,80.09,393389305.2345543,14044602.0,0.026400002,-10.08,31400,0.88,27.88,-0.54,27.79,-0.22,27.75,-0.07,27.8,-0.25,2.2,9.82,47720,35816,36962,0.083
1188,PFE,Healthcare,Drug Manufacturers - General,NYSE,105.24,79.28,101.52,81.8,106.66,79.32,100.59,68.17,90.47,44.96,103.75,67.52,28.28,1.73,-1.36,2.02,13.53,17.97,74.14,158450921425.69415,5699673589.0,0.0272,-3.18,23184800,0.71,27.8,1.73,28.09,0.68,27.98,1.07,27.62,2.39,1.97,123.69,31330640,32845913,35303188,0.026
1189,ACRS,Healthcare,Biotechnology,NASDAQ,105.21,79.26,68.61,5.07,141.67,93.82,150.18,94.78,196.57,97.32,184.78,95.33,3.83,-12.76,-25.63,-28.01,-28.01,24.76,79.12,646203120.6168275,147198893.0,0.124,-41.97,5059800,1.45,3.8,0.79,4.38,-12.56,4.93,-22.31,5.56,-31.12,11.45,43.32,5146810,3483443,2873728,-0.083
1190,ARHS,Consumer Cyclical,Specialty Retail,NASDAQ,105.18,79.24,109.15,91.27,99.95,71.94,90.65,44.52,84.36,34.39,79.8,27.2,9.69,-5.37,-0.21,19.63,32.02,-14.34,35.5,1449370222.9640503,141540064.0,0.12020001,-19.78,944200,0.67,9.86,-1.72,9.8,-1.12,9.06,6.95,9.01,7.55,4.44,30.24,1704340,1407583,1526076,0.074
1191,FNLC,Financial Services,Banks - Regional,NASDAQ,105.18,79.24,95.15,51.18,105.99,78.71,113.96,82.74,119.3,84.03,105.07,69.03,32.97,-2.54,-2.94,-4.61,-4.58,26.35,80.19,385968841.0707092,11282340.0,0.0150999995,-9.17,35283,0.94,33.46,-1.46,33.47,-1.49,33.99,-3.0,34.36,-4.05,2.87,26.41,41138,37349,32643,0.129
1192,SVM,Basic Materials,Silver,NYSE ARCA,105.06,79.21,90.78,32.14,114.32,85.03,126.14,89.28,97.43,60.27,174.03,94.58,10.49,-0.85,-7.5,-11.92,8.82,17.72,73.96,2340362732.343298,221206309.0,0.1257,-33.48,1411900,0.75,10.38,1.06,10.54,-0.47,11.13,-5.75,11.65,-9.96,4.18,38.74,1721400,1881833,2257232,0.705
1193,EGBN,Financial Services,Banks - Regional,NASDAQ,105.04,79.2,99.29,75.48,104.5,76.87,103.19,71.71,106.24,72.33,118.99,80.99,28.22,-0.56,-1.12,2.25,2.69,32.2,82.7,865135128.1568317,30483973.0,0.1177,-3.65,381400,1.23,28.22,0.0,28.19,0.11,28.16,0.21,28.03,0.68,2.18,42.23,323230,310443,275262,
1194,IAE,Financial Services,Asset Management,NYSE,105.03,79.17,98.73,73.21,106.21,78.88,107.16,76.17,106.11,72.16,104.58,68.55,7.13,-0.95,-0.44,0.35,6.83,29.0,81.53,95247964.40916538,10750335.0,0.46,-23.09,111916,1.83,7.25,-1.66,7.2,-0.97,7.14,-0.14,7.09,0.56,2.45,45.89,116351,61000,50434,
1195,ITIC,Financial Services,Insurance - Specialty,NASDAQ,105.03,79.17,100.05,77.69,101.37,73.63,110.89,80.25,109.77,76.32,91.89,48.88,296.95,2.33,3.81,-0.19,2.55,19.24,75.14,547896462.2468262,1887996.0,0.060399998,-4.07,42300,0.72,295.67,0.43,291.87,1.74,292.86,1.4,292.71,1.45,2.31,0.15,40170,58906,65744,0.175
1196,VRSN,Technology,Software - Infrastructure,NASDAQ,105.02,79.14,104.33,86.39,100.59,72.72,100.95,68.79,92.15,50.83,95.12,54.92,303.74,5.35,5.74,3.77,6.3,24.54,78.97,26064128662.109375,90400000.0,0.0218,-2.8,504000,0.61,296.22,2.54,290.03,4.73,293.93,3.34,290.42,4.59,2.4,67.93,997680,829113,790516,0.06
1197,BELFB,Technology,Electronic Components,NASDAQ,105.02,79.14,94.44,46.92,107.68,79.96,110.68,80.03,144.97,93.04,182.68,95.11,244.5,-5.21,-3.24,-2.34,-3.52,40.63,85.61,3668605078.303406,14222707.0,0.0704,-27.08,107000,0.71,250.32,-2.33,249.93,-2.17,246.54,-0.83,258.27,-5.33,3.78,21.77,149390,150230,167454,0.252
1198,MKTX,Financial Services,Capital Markets,NASDAQ,104.99,79.11,107.0,89.45,104.34,76.67,98.68,64.74,57.96,13.91,78.35,25.58,164.58,0.27,0.24,0.97,1.61,-7.82,41.53,5777267894.097336,35197197.0,0.0865,-16.02,443200,0.52,164.23,0.21,164.13,0.27,163.78,0.49,162.89,1.04,0.22,69.58,714640,855593,1041966,-0.005
1199,LARK,Financial Services,Banks - Regional,NASDAQ,104.96,79.09,96.45,57.69,103.56,75.75,108.26,77.37,109.43,75.84,96.0,56.51,31.16,-0.64,-2.53,-4.12,-1.59,12.93,70.04,191314255.24349976,6100582.0,0.020499999,-9.94,3400,0.42,31.34,-0.57,31.41,-0.8,31.79,-1.98,31.87,-2.23,1.73,0.0,5420,8066,8778,0.145
1200,LEDS,Technology,Semiconductors,NASDAQ,104.96,79.09,110.55,92.0,121.34,88.65,107.27,76.3,128.65,88.67,61.22,13.38,2.23,-3.88,-0.45,3.72,14.36,19.25,75.15,19194294.407690763,8273403.0,0.040900003,-38.4,19400,1.25,2.33,-4.29,2.32,-3.88,2.28,-2.19,2.16,3.24,4.93,9.09,11450,15553,30236,-0.486
1201,PDLB,Financial Services,Banks - Regional,NASDAQ,104.95,79.06,96.97,60.31,103.93,76.16,108.76,77.97,116.23,82.14,112.1,76.29,20.05,-1.47,-1.43,-2.39,-0.25,16.98,73.32,492223794.576952,24187901.0,0.0185,-4.98,48300,0.59,20.19,-0.69,20.15,-0.5,20.26,-1.04,20.34,-1.43,1.53,13.05,81540,82446,78732,0.184
1202,MSTR,Technology,Software - Application,NASDAQ,104.93,79.04,116.52,94.65,110.45,82.27,75.36,23.43,41.19,6.81,64.57,15.32,154.34,-3.54,-2.69,17.84,57.91,-6.07,43.31,63804117317.8463,398750825.0,0.081499994,-57.74,15997900,0.7,157.63,-2.09,157.36,-1.92,152.46,1.23,129.82,18.89,5.22,47.64,19419310,23010656,23672632,0.069
1203,FVCB,Financial Services,Banks - Regional,NASDAQ,104.93,79.04,94.37,46.52,106.39,79.06,114.07,82.79,116.2,82.12,111.3,75.79,17.37,-2.36,-3.39,-5.96,-5.6,26.98,80.45,320828523.4608078,18034205.0,0.0231,-9.11,31277,0.48,17.54,-0.97,17.59,-1.25,17.87,-2.8,18.26,-4.87,2.1,19.16,53597,65302,72209,0.264
1204,FRAF,Financial Services,Banks - Regional,NASDAQ,104.89,79.01,98.13,68.05,103.12,75.44,108.22,77.29,118.53,83.52,117.58,80.23,62.6,-0.89,-0.08,-1.48,-0.27,18.9,74.88,284193598.4334183,4499582.0,0.0504,-4.3,26100,0.68,63.18,-0.92,62.84,-0.38,62.95,-0.56,62.85,-0.4,2.46,15.59,39070,38430,35606,0.053
1205,KDP,Consumer Defensive,Beverages - Non-Alcoholic,NASDAQ,104.87,78.99,98.89,73.96,99.38,71.23,98.19,63.85,102.58,67.77,78.75,26.04,31.76,4.58,0.13,1.91,1.33,16.05,72.49,41328287916.11066,1360826038.0,0.0647,-6.09,8605600,0.83,31.12,2.06,30.95,2.62,31.06,2.25,31.1,2.12,2.81,79.65,11081750,10422116,10852466,0.756
1206,NOG,Energy,Oil & Gas E&P,NYSE,104.87,78.99,104.57,86.81,97.69,68.98,106.49,75.5,77.23,26.95,97.46,58.47,24.76,3.9,8.41,-5.01,21.16,21.83,77.14,2539065712.1109467,106549128.0,0.2441,-20.56,1707100,0.82,24.4,1.48,23.77,4.16,24.03,3.04,24.13,2.61,3.09,2.61,2148020,2070743,2185818,0.16
1207,FCFS,Financial Services,Credit Services,NASDAQ,104.85,78.96,95.18,51.28,105.57,78.13,112.75,81.79,114.88,80.97,123.84,83.4,213.7,1.59,-1.72,-6.43,6.03,32.5,82.84,9123691874.472046,43371800.0,0.065,-10.56,188600,0.51,211.82,0.89,211.86,0.87,215.68,-0.92,216.14,-1.13,2.55,38.69,322850,370063,386946,0.294
1208,VOYA,Financial Services,Financial Conglomerates,NYSE,104.83,78.94,93.39,41.95,111.59,83.08,121.05,87.18,123.14,86.22,98.26,59.46,94.67,-2.05,-2.67,-8.45,-5.14,26.99,80.47,8756137269.089058,90596349.0,0.0002,-10.38,878000,0.76,96.8,-2.2,96.16,-1.55,98.16,-3.56,99.53,-4.88,2.73,48.32,1071570,1159836,1077056,-0.043
1209,MBBC,Financial Services,Banks - Regional,NASDAQ,104.83,78.94,96.98,60.37,103.66,75.84,108.61,77.78,110.67,77.3,113.16,77.19,15.1,0.43,-1.21,0.63,0.97,21.83,77.14,45238841.28626919,3009903.0,0.0023999999,-4.37,600,0.17,15.05,0.33,15.02,0.53,15.1,0.0,15.08,0.13,1.3,2.55,2330,3533,2978,0.26
1210,CNSP,Healthcare,Biotechnology,NASDAQ,104.79,78.91,100.36,78.67,102.52,74.79,114.7,83.26,94.38,55.31,28.34,3.31,5.35,0.47,8.5,-8.39,10.31,-17.92,32.51,7782215.646250725,1461449.0,0.002,-49.47,1200,0.27,5.35,0.0,5.26,1.71,5.3,0.94,5.49,-2.55,3.69,5.07,3660,4386,5882,
1211,CCNE,Financial Services,Banks - Regional,NASDAQ,104.76,78.9,95.96,55.36,105.42,78.02,109.19,78.35,118.6,83.57,114.91,78.33,33.28,-2.4,-2.38,-3.48,-4.35,24.84,79.18,1010110120.7004166,29621999.0,0.0299,-7.99,84100,0.6,33.62,-1.01,33.65,-1.1,33.89,-1.8,34.14,-2.52,1.95,7.69,115710,140393,149804,0.51
1212,UTMD,Healthcare,Medical Instruments & Supplies,NASDAQ,104.75,78.88,101.83,82.62,103.22,75.53,100.81,68.5,103.87,69.48,108.47,73.22,74.54,0.55,0.49,7.38,7.59,33.48,83.32,235275119.6228485,3173818.0,0.0664,-3.06,45300,1.27,73.8,1.0,74.1,0.59,73.91,0.85,72.19,3.26,1.31,80.91,37170,35800,33964,-0.143
1213,BBCP,Industrials,Engineering & Construction,NASDAQ,104.74,78.86,92.58,38.32,105.3,77.9,115.77,84.1,135.94,90.97,106.95,71.26,9.36,-4.97,-4.2,-9.05,-3.6,35.51,83.96,496375206.22356415,50393420.0,0.0557,-23.22,116200,0.54,9.64,-2.9,9.72,-3.7,9.82,-4.68,9.58,-2.3,3.33,19.27,122770,216173,181472,0.126
1214,CAPNU,Financial Services,Shell Companies,NASDAQ,104.74,78.86,108.95,91.19,93.42,61.87,93.19,54.78,91.74,49.82,87.89,37.0,12.5,9.94,10.13,11.91,11.91,20.19,75.85,,,,6.31,18636,21.08,11.61,7.67,11.48,8.89,11.35,10.13,11.25,11.11,2.19,411.98,2583,884,530,
1215,KRNY,Financial Services,Banks - Regional,NASDAQ,104.73,78.82,93.01,40.09,108.88,81.0,117.35,85.17,121.91,85.71,107.79,72.28,9.07,-2.68,-3.1,-7.26,-4.72,21.65,77.01,588774903.7210464,63173275.0,0.0523,-11.43,349200,0.67,9.17,-1.09,9.18,-1.2,9.39,-3.41,9.59,-5.42,2.19,5.04,496540,522913,593172,0.149
1216,AIT,Industrials,Industrial Distribution,NYSE,104.73,78.82,99.46,76.01,103.97,76.19,103.87,72.48,110.2,76.77,102.02,65.03,335.38,-2.35,0.6,3.58,-1.17,27.91,81.05,12616256686.161804,36733895.0,0.028099999,-10.52,130300,0.46,338.57,-0.94,338.16,-0.82,330.64,1.43,337.01,-0.48,2.24,61.31,231940,285516,273326,0.104
1217,IMO,Energy,Oil & Gas Integrated,NYSE ARCA,104.7,78.8,95.58,53.36,105.41,78.0,110.89,80.25,107.46,73.72,132.25,86.49,123.01,-2.12,0.12,-5.37,-4.04,46.58,87.46,62492868095.664986,497237969.0,0.20899999,-11.78,447900,0.72,122.16,0.7,122.83,0.15,125.64,-2.09,128.71,-4.43,2.33,31.37,603310,624720,570718,0.426
1218,PSO,Communication Services,Publishing,NYSE,104.69,78.78,101.53,81.83,101.91,74.31,100.95,68.79,108.26,74.67,95.44,55.59,16.97,5.27,5.21,8.16,-1.86,23.38,78.08,9689233348.637209,601069035.0,0.0067000003,-4.39,669400,0.97,16.52,2.72,16.28,4.24,16.1,5.4,16.2,4.75,1.35,87.23,669400,688526,685402,0.033
1219,CDRO,Consumer Cyclical,Gambling,NASDAQ,104.62,78.76,97.61,63.78,105.73,78.32,99.08,65.54,107.47,73.75,106.2,70.48,9.52,0.26,-4.85,2.2,2.81,17.88,74.05,431964192.5,45469915.0,0.024600001,-7.21,8300,0.29,9.41,1.17,9.54,-0.21,9.48,0.42,9.22,3.25,3.66,88.88,14070,28256,26234,0.184
1220,DMAC,Healthcare,Biotechnology,NASDAQ,104.56,78.75,112.33,92.94,97.26,68.23,86.19,35.94,103.89,69.49,106.95,71.26,8.33,1.22,4.91,28.75,27.96,-1.3,49.65,443808461.62477493,53925697.0,0.1516,-20.05,170200,0.83,8.18,1.83,8.22,1.34,7.64,9.03,7.05,18.16,5.89,67.28,248830,203893,173264,
1221,BBVA,Financial Services,Banks - Diversified,NYSE,104.55,78.73,91.21,33.33,118.93,87.54,126.92,89.58,117.64,82.9,118.05,80.44,26.12,-3.19,-9.53,-11.61,-5.36,16.4,72.81,148389540333.18756,5499983056.0,0.00029999999,-11.88,1937500,1.36,26.53,-1.55,27.18,-3.9,27.98,-6.65,28.42,-8.09,2.38,49.83,1835650,1426966,1557680,0.202
1222,ADM,Consumer Defensive,Farm Products,NYSE,104.54,78.71,95.61,53.55,107.84,80.09,115.34,83.7,119.58,84.2,105.17,69.18,79.89,-0.7,-1.52,-7.88,-0.26,40.95,85.73,38773401126.3354,481956527.0,0.0397,-9.98,3013100,0.84,81.67,-2.18,80.75,-1.07,82.69,-3.39,81.66,-2.17,2.36,7.42,2969930,3587776,3741790,0.072
1223,FMBH,Financial Services,Banks - Regional,NASDAQ,104.52,78.7,95.62,53.64,105.19,77.78,109.7,78.87,113.54,79.76,104.13,68.04,48.52,-2.92,-2.41,-4.9,-6.08,21.05,76.51,1329563549.582611,26601912.0,0.0218,-9.07,119800,0.87,49.16,-1.3,49.21,-1.4,49.63,-2.24,50.41,-3.75,1.78,6.97,150200,138333,126420,0.26
1224,RZLT,Healthcare,Biotechnology,NASDAQ,104.51,78.68,111.13,92.35,83.65,37.64,84.23,33.03,96.67,59.04,80.64,27.98,4.87,21.45,24.87,15.4,-0.2,137.56,96.73,387856577.46798515,96722333.0,0.2624,-57.49,1872900,1.15,4.51,7.98,4.3,13.26,4.15,17.35,4.46,9.19,6.72,97.84,1958540,1629823,1551234,
1225,CHPT,Consumer Cyclical,Specialty Retail,NYSE,104.5,78.66,104.33,86.39,122.84,89.23,110.57,79.84,64.9,18.18,65.78,16.36,7.92,-14.75,-11.31,-12.58,44.26,8.49,65.58,249439508.93574142,26850324.0,0.21280001,-37.19,775500,0.24,8.37,-5.38,8.97,-11.71,9.14,-13.35,7.57,4.62,9.02,7.0,1120390,3266873,2095150,0.177
1226,OVID,Healthcare,Biotechnology,NASDAQ,104.5,78.66,94.79,49.1,104.23,76.53,136.12,92.09,195.02,97.22,362.19,98.47,2.46,3.36,2.5,-8.55,3.8,37.43,84.61,464808922.01006603,195297857.0,0.124,-20.77,1406700,0.85,2.37,3.8,2.42,1.65,2.54,-3.15,2.64,-6.82,5.98,88.35,1430590,1652366,1605592,-0.883
1227,RIO,Basic Materials,Other Industrial Metals & Mining,NYSE,104.46,78.63,96.82,59.55,105.17,77.75,111.53,80.74,104.84,70.71,130.62,85.92,94.78,0.61,0.23,-5.18,-0.33,24.31,78.81,153222164611.19583,1626389620.0,0.0092,-15.81,1355800,0.74,94.56,0.23,94.26,0.55,95.6,-0.86,98.49,-3.77,2.02,60.12,2005960,1836643,2032044,0.155
1228,LIVN,Healthcare,Medical Devices,NASDAQ,104.45,78.62,94.96,50.21,102.56,74.89,106.67,75.64,130.63,89.35,118.54,80.86,76.39,1.76,-0.31,-2.29,-5.75,21.16,76.67,4123860680.8956146,54933538.0,0.111999996,-10.93,339400,0.54,75.92,0.62,76.01,0.5,77.07,-0.88,78.75,-3.0,2.86,35.02,588700,626920,666420,0.108
1229,REBN,Consumer Cyclical,Restaurants,NASDAQ,104.43,78.6,166.48,98.37,65.47,17.08,44.66,7.32,52.58,11.33,98.69,60.12,2.0,-8.26,61.29,137.81,42.86,41.84,86.03,18791866.535455227,8620122.0,0.0211,-32.2,46400,0.21,2.01,-0.5,1.85,8.11,1.37,45.99,1.32,51.52,11.85,38.81,190790,223386,167076,2.446
1230,GCO,Consumer Cyclical,Apparel Retail,NYSE,104.42,78.58,105.39,87.88,103.66,75.84,100.87,68.62,110.17,76.74,119.07,81.02,36.51,4.91,5.7,3.96,-5.41,61.84,90.82,376541281.34487915,10820152.0,0.1303,-16.26,83200,0.43,36.33,0.5,35.48,2.9,34.78,4.97,35.17,3.81,3.44,66.93,114770,194586,203330,-0.03
1231,PGNY,Healthcare,Healthcare Plans,NASDAQ,104.41,78.57,101.52,81.8,96.5,66.98,106.55,75.57,138.14,91.57,72.58,20.97,27.93,10.7,9.79,2.12,-11.31,3.6,58.53,1935817078.4172592,76726798.0,0.0867,-15.53,694500,0.59,27.02,3.37,26.07,7.13,26.45,5.6,26.81,4.18,3.29,32.06,1271620,1173810,1179076,0.053
1232,RNW,Utilities,Utilities - Renewable,NASDAQ,104.4,78.55,100.8,80.14,103.87,76.09,94.71,58.31,93.82,54.3,70.93,19.75,6.88,0.58,0.58,0.73,11.51,25.78,79.79,2493598362.667618,364561156.0,0.0378,-15.79,2826300,1.72,6.88,0.0,6.86,0.29,6.85,0.44,6.75,1.93,0.32,45.16,1187320,1640443,2385194,0.143
1233,TMCI,Healthcare,Medical Devices,NASDAQ,104.37,78.53,85.93,20.81,147.92,94.83,135.7,91.94,140.24,92.04,43.59,6.73,3.95,-10.02,-12.22,-12.42,-9.82,59.27,90.42,285501674.59695053,65034552.0,0.0335,-44.21,161200,0.69,4.04,-2.23,4.25,-7.06,4.4,-10.23,4.52,-12.61,5.99,46.48,231480,232616,308790,-0.042
1234,BMEZ,Financial Services,Asset Management,NYSE,104.34,78.51,98.77,73.43,106.83,79.48,107.66,76.74,97.88,60.86,93.25,51.5,16.52,0.3,-1.73,1.11,7.35,16.33,72.72,1029398080.9636917,62501404.0,0.0013,-4.23,223941,1.56,16.45,0.43,16.57,-0.3,16.56,-0.24,16.42,0.61,1.63,88.89,161954,143984,143858,
1235,CURR,Technology,Software - Application,NASDAQ,104.34,78.51,84.23,17.74,121.06,88.55,135.88,92.02,147.1,93.42,182.71,95.13,2.72,-12.26,-9.33,-19.53,-16.31,51.11,88.57,348073832.791965,112281885.0,0.0274,-46.46,32000,0.07,2.8,-2.86,2.96,-8.11,3.07,-11.4,3.32,-18.07,6.85,26.84,75970,491166,370884,-0.218
1236,MMSI,Healthcare,Medical Instruments & Supplies,NASDAQ,104.32,78.48,101.24,81.34,104.33,76.63,105.01,73.84,87.84,38.27,73.37,21.66,87.21,2.16,-0.33,0.98,4.63,-0.81,50.27,5097478719.399567,59710420.0,0.089099996,-7.96,480800,0.81,85.93,1.49,86.23,1.14,86.36,0.98,88.04,-0.94,2.23,92.51,592560,593933,774994,0.095
1237,BLKB,Technology,Software - Application,NASDAQ,104.29,78.47,108.5,90.89,96.93,67.68,102.69,71.09,59.11,14.46,58.38,11.95,45.48,8.91,5.3,0.0,13.47,-28.34,25.31,1895490374.5342293,45390097.0,0.1258,-35.68,331800,0.82,44.33,2.59,43.14,5.42,43.48,4.6,45.03,1.0,3.19,69.62,354960,406970,449582,0.03
1238,BZUN,Consumer Cyclical,Internet Retail,NASDAQ,104.28,78.44,112.7,93.19,93.72,62.54,85.1,34.37,74.62,24.95,99.33,61.05,3.31,4.91,12.59,21.25,11.07,20.36,75.99,183443333.97649574,58143688.0,0.0146,-17.46,112600,0.49,3.37,-1.78,3.23,2.48,3.03,9.24,2.93,12.97,5.7,31.82,310610,231400,204702,0.075
1239,AUTL,Healthcare,Biotechnology,NASDAQ,104.28,78.44,95.33,52.11,108.92,81.06,113.34,82.27,77.55,27.25,87.42,35.89,1.81,1.69,-2.43,-3.72,18.3,4.62,60.01,473769313.58502865,266162540.0,0.0482,-29.84,1476000,0.91,1.8,0.56,1.83,-1.09,1.88,-3.72,2.06,-12.14,5.72,77.29,1642970,1615266,2379050,1.184
1240,SABR,Technology,Software - Infrastructure,NASDAQ,104.23,78.42,90.19,30.58,110.95,82.59,117.45,85.23,92.05,50.56,102.18,65.27,1.9,-3.55,-12.84,-12.44,1.6,26.67,80.28,795058943.1266084,403583214.0,0.1042,-24.0,12574700,2.1,1.92,-1.04,1.99,-4.52,2.12,-10.38,2.12,-10.38,5.7,27.72,6267700,5990243,5176888,0.036
1241,REI,Energy,Oil & Gas E&P,NYSE ARCA,104.22,78.4,93.72,43.43,108.8,80.82,119.37,86.32,104.77,70.59,129.97,85.68,1.31,0.0,-3.68,-14.38,5.65,54.12,89.34,341306870.2618041,260539607.0,0.030299999,-34.5,2790900,0.78,1.33,-1.5,1.32,-0.76,1.38,-5.07,1.4,-6.43,4.2,18.18,2601220,3597423,3537966,0.265
1242,NECB,Financial Services,Banks - Regional,NASDAQ,104.2,78.37,100.18,78.04,100.91,73.17,103.88,72.51,107.2,73.42,101.42,64.06,27.0,2.25,1.79,1.67,2.63,21.5,76.85,366865467.09866524,13766059.0,0.0126,-6.7,66000,1.75,26.81,0.71,26.48,1.96,26.6,1.5,26.51,1.85,2.26,9.85,43420,37703,40744,-0.058
1243,DVA,Healthcare,Medical Care Facilities,NYSE,104.2,78.37,93.28,41.33,101.59,73.99,105.7,74.67,159.52,95.08,109.32,73.86,179.25,0.31,0.44,-1.27,-24.96,53.85,89.32,11400422155.761719,63800000.0,0.1325,-27.57,369600,0.56,178.43,0.46,177.54,0.96,180.97,-0.95,183.49,-2.31,2.48,50.58,514370,654936,807982,0.052
1244,TD,Financial Services,Banks - Diversified,NYSE,104.17,78.35,94.14,45.54,110.42,82.25,114.71,83.28,125.41,87.25,121.54,82.34,115.1,-1.68,-3.94,-4.19,-3.22,26.39,80.21,192500007175.6656,1633016726.0,4.38,-8.26,4393300,2.1,115.02,0.07,116.26,-1.0,118.45,-2.83,119.27,-3.5,1.81,90.52,2925420,2088513,2097450,0.115
1245,ABM,Industrials,Specialty Business Services,NYSE,104.16,78.33,101.58,82.0,105.4,77.98,102.18,70.44,101.41,66.01,78.72,25.98,49.63,1.35,0.3,1.01,4.9,20.76,76.25,2870356641.7910156,58614592.0,0.049200002,-3.24,277900,0.54,49.03,1.22,48.75,1.81,49.09,1.1,48.2,2.97,1.99,2.03,417310,510146,451974,0.042
1246,ICUI,Healthcare,Medical Instruments & Supplies,NASDAQ,104.13,78.31,95.95,55.31,108.09,80.31,102.55,70.9,113.38,79.63,85.05,32.6,160.32,0.59,-2.81,2.45,-4.79,8.08,64.92,3985621838.5446777,25007038.0,0.0726,-16.87,146000,0.59,158.93,0.87,159.92,0.25,159.09,0.77,168.43,-4.82,2.91,61.35,235090,248126,274438,0.005
1247,BATRK,Communication Services,Entertainment,NASDAQ,104.13,78.31,97.6,63.72,108.84,80.9,98.95,65.3,107.81,74.15,106.74,70.89,52.0,-0.06,-4.17,6.47,2.36,32.99,83.11,3338655602.5800476,64167897.0,0.0733,-5.21,628900,1.25,52.2,-0.38,52.65,-1.23,52.12,-0.23,51.61,0.76,2.19,6.13,609670,502730,552422,-0.023
1248,FRST,Financial Services,Banks - Regional,NASDAQ,104.11,78.28,94.5,47.28,104.08,76.33,111.68,80.88,120.19,84.64,116.82,79.71,15.25,-2.37,-2.8,-5.57,-3.5,17.09,73.47,387361501.80197144,24799072.0,0.0334,-9.66,71800,0.52,15.36,-0.72,15.4,-0.97,15.64,-2.49,15.97,-4.51,2.17,54.31,105740,137366,151000,0.442
1249,TEM,Healthcare,Health Information Services,NASDAQ,104.08,78.26,100.88,80.32,130.46,91.64,92.34,51.81,75.62,25.66,83.43,30.66,70.93,-7.44,-16.56,20.2,60.15,7.6,64.34,13826714856.701141,180434756.0,0.2778,-32.01,6249800,0.86,73.22,-3.13,76.88,-7.74,75.53,-6.09,65.6,8.13,8.29,29.41,7659480,7268986,7295762,0.216
1250,EBF,Industrials,Specialty Business Services,NYSE,104.08,78.26,101.36,81.5,101.07,73.37,100.89,68.66,103.77,69.32,97.68,58.78,22.12,-0.8,1.12,5.06,3.32,27.47,80.83,570729002.8092651,25298272.0,0.0954,-3.57,184100,1.1,22.29,-0.76,22.27,-0.67,21.81,1.42,21.64,2.22,1.99,11.37,177880,167516,164408,0.034
1251,MGA,Consumer Cyclical,Auto Parts,NYSE,104.07,78.23,96.63,58.6,104.94,77.45,108.38,77.49,121.27,85.26,127.6,84.9,63.99,-0.9,-1.55,-3.24,-7.74,20.57,76.13,17273756374.579422,267519846.0,0.028800001,-12.61,640800,0.59,64.68,-1.07,64.53,-0.84,64.25,-0.4,66.53,-3.82,2.36,21.85,988830,1090540,1166586,0.033
1252,MFC,Financial Services,Insurance - Life,NYSE,104.05,78.21,96.61,58.47,110.33,82.17,111.66,80.82,112.0,78.5,106.04,70.33,42.43,-1.16,-3.26,-2.44,-3.96,19.39,75.19,71127113188.68013,1656816042.0,2.94,-6.4,940300,0.57,42.42,0.02,42.71,-0.66,43.32,-2.05,43.4,-2.24,1.68,65.87,1407040,1648740,2201892,0.107
1253,FANG,Energy,Oil & Gas E&P,NASDAQ,104.05,78.21,97.21,61.26,99.95,71.94,110.44,79.66,108.86,75.33,115.11,78.47,192.13,4.02,2.92,-6.26,-3.29,31.63,82.46,51722457660.33569,280019792.0,0.039300002,-11.42,1145600,0.39,187.45,2.5,186.05,3.27,190.56,0.82,196.4,-2.17,2.25,14.56,2136440,2957563,2480046,0.525
1254,KOF,Consumer Defensive,Beverages - Non-Alcoholic,NYSE,104.04,78.18,99.36,75.66,102.75,75.06,103.98,72.63,98.72,62.24,97.24,58.19,109.86,4.18,0.66,0.22,1.68,19.95,75.6,22373863569.0,210083226.0,1.81,-6.17,356700,2.74,107.64,2.06,107.02,2.65,108.58,1.18,109.28,0.53,2.15,62.61,136480,130190,128532,0.047
1255,AVAL,Financial Services,Banks - Regional,NYSE,104.03,78.17,94.38,46.6,105.13,77.68,113.44,82.39,114.57,80.67,122.46,82.83,4.89,2.3,-1.07,-8.28,-4.14,21.93,77.18,5674690955.718973,1187173788.0,0.0013,-21.13,84900,0.66,4.92,-0.61,4.86,0.62,5.0,-2.2,5.18,-5.6,2.87,35.68,144220,128100,141268,0.186
1256,TUSK,Industrials,Conglomerates,NASDAQ,104.02,78.15,91.39,33.91,105.27,77.87,112.64,81.68,101.32,65.89,93.72,52.29,2.82,0.71,-5.37,-9.03,8.46,53.26,89.18,134757235.7050979,48127585.0,0.0034999999,-28.06,66400,0.76,2.83,-0.35,2.84,-0.7,2.95,-4.41,3.05,-7.54,3.9,90.91,76940,87770,151698,1.109
1257,AME,Industrials,Specialty Industrial Machinery,NYSE,104.01,78.13,100.72,79.89,104.82,77.32,103.96,72.59,104.04,69.69,112.07,76.27,248.58,-1.33,-0.86,2.92,3.72,21.08,76.55,57757783521.7605,229261244.0,0.0146,-4.82,854300,0.59,250.07,-0.6,250.16,-0.63,245.07,1.43,244.59,1.63,1.95,42.28,1331980,1437156,1391690,0.15
1258,SHO,Real Estate,REIT - Hotel & Motel,NYSE,104.0,78.12,100.04,77.64,101.42,73.7,101.23,69.11,114.19,80.28,99.2,60.84,11.31,-0.7,1.88,3.83,-2.56,27.96,81.07,2117901551.828786,185943941.0,0.0001,-6.3,1560500,0.75,11.28,0.27,11.27,0.35,11.11,1.8,11.08,2.08,1.74,20.35,1735120,2075036,2147922,0.062
1259,SAP,Technology,Software - Application,NYSE,103.98,78.09,105.73,88.25,101.7,74.13,95.72,60.16,65.87,18.76,62.03,13.88,214.78,2.98,1.95,4.08,18.74,-10.92,38.44,240732385121.88428,1154204232.0,0.0044,-23.67,2235900,1.14,211.1,1.74,210.35,2.11,210.97,1.81,210.06,2.25,2.2,33.04,1971900,1962743,2201452,0.094
1260,NPO,Industrials,Specialty Industrial Machinery,NYSE,103.98,78.09,98.5,71.88,102.19,74.45,103.99,72.65,121.83,85.64,124.31,83.66,311.45,-6.35,0.01,3.65,-0.37,42.84,86.48,7039523941.681091,21167681.0,0.0355,-20.23,99000,0.6,320.35,-2.78,317.16,-1.8,306.25,1.7,312.03,-0.19,3.74,64.6,172020,164300,169404,0.176
1261,URBN,Consumer Cyclical,Apparel Retail,NASDAQ,103.96,78.07,107.54,89.99,95.38,65.33,97.25,62.76,97.2,59.97,103.42,66.95,82.18,1.71,9.06,4.58,8.5,2.57,56.02,6921342886.214127,85660181.0,0.1254,-3.8,808700,0.75,80.95,1.52,79.18,3.79,77.4,6.18,77.58,5.93,2.77,84.34,1089000,1078466,1132476,0.104
1262,MTD,Healthcare,Diagnostics & Research,NYSE,103.95,78.05,108.86,91.14,105.77,78.36,96.28,61.08,91.45,49.12,93.89,52.58,1549.99,4.29,2.54,19.83,12.27,9.74,66.83,29778132446.19287,20036559.0,0.04,-0.31,180600,0.88,1537.53,0.81,1524.85,1.65,1465.9,5.74,1425.81,8.71,3.07,47.23,181540,206350,192904,0.045
1263,WOR,Industrials,Metal Fabrication,NYSE,103.94,78.03,104.71,87.01,105.77,78.36,90.68,44.63,91.68,49.69,90.64,46.42,62.45,2.95,0.34,10.09,12.63,19.59,75.33,2967898709.974365,48926784.0,0.0429,-7.54,189800,0.43,61.38,1.74,60.7,2.88,59.46,5.03,58.55,6.66,4.15,69.0,302280,436943,344582,0.132
1264,FBP,Financial Services,Banks - Regional,NYSE,103.93,78.02,96.13,56.16,105.93,78.57,112.15,81.29,114.58,80.72,102.85,66.1,26.68,-1.33,-1.4,-3.65,-6.67,27.16,80.61,4128150106.491974,152668268.0,0.0713,-10.71,1057700,0.75,26.75,-0.26,26.69,-0.04,27.07,-1.44,27.87,-4.27,1.95,42.37,1384290,1410700,1281002,0.094
1265,CLH,Industrials,Waste Management,NYSE,103.92,78.0,99.4,75.82,104.33,76.63,109.85,79.06,106.68,72.79,113.96,77.77,316.93,-0.5,1.24,-1.82,-0.07,32.61,82.92,16813266875.980469,52787248.0,0.0225,-5.66,231000,0.6,318.05,-0.35,315.64,0.41,316.06,0.28,315.59,0.42,1.79,16.25,356960,382363,400188,0.119
1266,GM,Consumer Cyclical,Auto Manufacturers,NYSE,103.9,77.98,98.09,67.57,100.65,72.77,105.59,74.5,103.62,69.08,120.13,81.62,82.73,5.7,0.12,-3.38,-6.22,0.3,51.9,70791419077.88623,904451541.0,0.023699999,-9.93,6593200,0.9,81.64,1.34,80.39,2.91,82.36,0.45,84.74,-2.37,2.83,43.63,7170800,7301943,6365386,0.019
1267,STRL,Industrials,Engineering & Construction,NASDAQ,103.89,77.94,95.07,50.8,100.04,72.07,101.97,70.14,166.64,95.81,164.34,93.4,513.0,-3.83,0.14,0.38,-11.66,63.88,91.33,16316526748.807007,30588518.0,0.0456,-48.99,381400,0.7,530.51,-3.3,518.62,-1.08,509.69,0.65,516.25,-0.63,5.49,17.76,515170,541476,601814,0.901
1268,PAG,Consumer Cyclical,Auto & Truck Dealerships,NYSE,103.89,77.94,92.1,36.4,112.74,83.87,116.04,84.26,113.21,79.45,90.0,44.8,196.16,-3.86,-6.42,-9.15,-10.49,21.36,76.8,13397195898.035126,65662873.0,0.118,-13.59,404400,1.01,197.61,-0.73,200.42,-2.13,206.87,-5.18,212.8,-7.82,2.0,4.07,527690,400596,377540,0.06
1269,RBB,Financial Services,Banks - Regional,NASDAQ,103.89,77.94,93.52,42.58,105.95,78.65,109.98,79.3,125.1,87.06,113.03,77.06,25.42,-2.94,-4.36,-4.26,-2.61,19.98,75.62,443029106.1940994,16915964.0,0.0372,-9.99,85100,0.92,25.9,-1.85,26.04,-2.38,26.34,-3.49,26.54,-4.22,1.96,23.03,83150,92563,103466,0.173
1270,RANI,Healthcare,Biotechnology,NASDAQ,103.89,77.94,103.38,85.16,89.27,48.78,91.75,48.86,88.52,39.21,91.33,47.71,0.8,-1.48,5.27,-5.22,-2.56,-46.38,16.05,93609641.34914398,115424960.0,0.0633,-79.33,235500,0.45,0.8,0.0,0.8,0.0,0.8,0.0,0.82,-2.44,6.0,20.83,485600,529003,603836,
1271,STAK,Energy,Oil & Gas Equipment & Services,NASDAQ,103.88,77.9,74.96,8.11,112.09,83.44,101.31,69.2,408.65,98.92,132.55,86.62,1.08,-1.82,-7.69,-8.47,-47.32,217.65,98.04,21131384.35801041,19210349.0,0.4461,-91.0,504800,0.25,1.09,-0.92,1.11,-2.7,1.12,-3.57,1.32,-18.18,15.99,17.37,489760,1985493,1758470,0.134
1272,SJ,Communication Services,Internet Content & Information,NASDAQ,103.85,77.88,117.95,95.2,76.42,27.44,77.52,25.7,92.31,51.17,119.46,81.24,0.97,17.43,40.58,38.57,-2.71,59.02,90.37,35074245.31511307,42462768.0,0.00059999997,-40.49,77500,1.6,0.9,7.78,0.81,19.75,0.75,29.33,0.86,12.79,11.9,98.76,36770,48360,35494,-0.08
1273,JBL,Technology,Electronic Components,NYSE,103.83,77.87,95.59,53.41,102.66,74.96,104.91,73.75,110.66,77.29,144.43,89.96,306.28,0.61,-3.3,-3.71,-0.7,33.39,83.25,31898238146.23178,104787089.0,0.0324,-28.59,1279700,0.94,303.01,1.08,304.39,0.62,304.68,0.53,316.69,-3.29,4.46,60.62,1840190,1364946,1208324,0.286
1274,LUNG,Healthcare,Medical Devices,NASDAQ,103.8,77.85,96.84,59.61,114.92,85.41,102.29,70.57,73.83,24.38,58.2,11.83,1.84,0.55,-3.66,-0.54,14.29,-22.69,29.08,78595334.11313975,42948269.0,0.0234,-36.33,204400,0.72,1.83,0.55,1.87,-1.6,1.92,-4.17,2.09,-11.96,5.72,28.49,234690,281950,456474,-0.046
1275,SWK,Industrials,Tools & Accessories,NYSE,103.74,77.83,95.31,51.98,104.59,77.04,105.62,74.58,117.75,83.03,97.14,58.06,88.57,-3.03,-3.1,-0.75,-6.5,21.34,76.77,13793859435.900543,151016641.0,0.0543,-15.39,1299500,0.76,89.14,-0.64,89.28,-0.8,89.59,-1.14,94.46,-6.24,3.12,36.86,1762460,1715293,1748012,0.004
1276,GOLD,Financial Services,Capital Markets,NYSE,103.73,77.81,93.4,42.01,114.34,85.04,121.53,87.45,104.13,69.76,149.08,91.04,40.69,-3.78,-7.42,-13.44,-0.81,24.79,79.16,1230488939.4285965,29096451.0,0.16469999,-39.0,288400,0.44,41.25,-1.36,41.89,-2.86,43.67,-6.82,43.51,-6.48,3.23,2.28,414500,651383,566898,0.992
1277,MDIA,Communication Services,Broadcasting,NASDAQ,103.73,77.81,93.34,41.65,118.5,87.3,128.04,90.0,103.93,69.56,79.15,26.5,1.03,-3.74,-5.5,-10.43,4.04,62.72,91.04,89901252.46701694,84019858.0,0.0058,-37.2,6200,0.49,1.04,-0.96,1.06,-2.83,1.09,-5.5,1.06,-2.83,7.45,13.02,8560,12606,15520,0.087
1278,BXC,Industrials,Industrial Distribution,NYSE,103.72,77.78,96.67,58.87,109.55,81.49,121.74,87.49,83.31,33.38,72.52,20.93,70.76,-3.91,-7.32,-11.28,32.36,16.25,72.63,573095563.050003,7782395.0,0.0643,-24.56,167300,1.02,72.49,-2.39,73.06,-3.15,75.17,-5.87,78.25,-9.57,5.94,38.33,174230,164696,172572,0.044
1279,ESEA,Industrials,Marine Shipping,NASDAQ,103.7,77.77,97.26,61.64,102.95,75.24,106.17,75.14,110.9,77.54,140.95,89.02,71.24,-1.63,2.21,-4.45,-9.29,34.78,83.69,510950679.10121155,7055381.0,0.0196,-10.58,35800,0.93,72.55,-1.81,71.69,-0.63,72.82,-2.17,74.01,-3.74,3.05,57.14,35870,38580,40204,-0.013
1280,IFRX,Healthcare,Biotechnology,NASDAQ,103.65,77.75,77.51,9.79,121.93,88.85,149.11,94.63,155.56,94.58,145.82,90.48,1.6,-6.98,-15.34,-23.44,-6.98,42.86,86.5,253473344.33623862,147368221.0,0.0896,-45.74,740700,1.38,1.59,0.63,1.69,-5.33,1.87,-14.44,1.98,-19.19,7.94,42.5,555250,537156,746548,
1281,LCNB,Financial Services,Banks - Regional,NASDAQ,103.62,77.73,97.1,60.76,103.92,76.14,105.6,74.54,114.01,80.11,99.56,61.56,18.52,-2.22,-1.65,-3.09,-6.61,13.77,70.61,269989480.3329849,14254988.0,0.0134000005,-13.13,13500,0.45,18.78,-1.38,18.76,-1.28,18.87,-1.85,19.18,-3.44,2.79,13.54,24650,29783,34288,0.092
1282,DAN,Consumer Cyclical,Auto Parts,NYSE,103.58,77.71,101.45,81.62,97.15,67.99,106.78,75.75,99.92,63.85,184.26,95.28,29.34,5.24,8.11,-5.6,8.9,25.05,79.3,2999237720.238058,107576679.0,0.0624,-25.83,1187000,0.85,28.58,2.66,28.02,4.71,28.88,1.59,29.49,-0.51,3.55,52.74,1281570,1397013,1443880,0.039
1283,INN,Real Estate,REIT - Hotel & Motel,NYSE,103.58,77.71,101.04,80.79,95.26,65.14,98.43,64.33,123.46,86.38,94.86,54.25,6.08,1.0,5.92,8.77,-10.7,27.29,80.77,649277845.2028584,107853463.0,0.0001,-15.2,769700,0.69,6.01,1.16,5.98,1.67,5.83,4.29,5.98,1.67,2.66,49.56,1614240,1115470,1025282,0.032
1284,FIVE,Consumer Cyclical,Specialty Retail,NASDAQ,103.53,77.68,94.26,46.07,109.4,81.41,121.07,87.22,98.71,62.19,169.98,94.02,214.73,-2.92,-3.54,-12.21,-2.03,15.11,71.71,12177402136.059265,55054035.0,0.044899996,-18.63,1022700,0.86,210.91,1.81,216.65,-0.89,226.01,-4.99,234.79,-8.54,4.2,86.17,965260,1195356,1107316,0.229
1285,ZYME,Healthcare,Biotechnology,NASDAQ,103.52,77.67,94.92,49.9,105.43,78.04,109.79,78.98,104.99,70.92,145.12,90.2,25.79,2.54,-2.75,-1.71,13.56,-6.63,42.64,1804512472.629547,71750000.0,0.1041,-17.71,491100,0.57,25.89,-0.39,26.14,-1.34,26.48,-2.61,26.49,-2.64,5.01,39.46,1159550,858896,791094,-0.906
1286,SKWD,Financial Services,Insurance - Property & Casualty,NASDAQ,103.51,77.65,100.97,80.54,95.22,65.05,106.97,75.98,108.29,74.74,84.46,31.86,58.32,6.02,6.46,2.78,-2.59,11.96,69.0,2442251005.4119606,44396493.0,0.0517,-11.22,251700,0.65,57.36,1.67,55.64,4.82,56.01,4.12,57.68,1.11,2.56,8.03,360280,384913,426916,0.53
1287,BGC,Financial Services,Capital Markets,NASDAQ,103.5,77.64,95.53,53.1,108.38,80.46,106.82,75.82,100.52,64.83,113.26,77.27,11.48,-2.55,-3.04,-5.67,-1.53,28.58,81.39,5600995502.196741,475466522.0,0.0379,-10.94,2212100,0.6,11.61,-1.12,11.62,-1.2,11.9,-3.53,11.62,-1.2,3.89,82.75,3875100,3678193,3375804,0.083
1288,CHMI,Real Estate,REIT - Mortgage,NYSE,103.49,77.61,97.53,63.29,105.95,78.65,110.6,79.89,88.84,39.74,97.6,58.67,2.58,-2.27,-2.23,-6.66,19.06,11.06,68.12,97541124.03593588,36947394.0,0.0001,-13.42,73200,0.35,2.6,-0.77,2.61,-1.15,2.67,-3.37,2.69,-4.09,2.16,0.0,188090,210986,382282,0.276
1289,MEDP,Healthcare,Diagnostics & Research,NASDAQ,103.49,77.61,101.56,81.93,107.4,79.81,109.5,78.67,101.97,66.8,110.24,74.75,612.05,2.1,-1.1,4.18,5.84,7.09,63.73,16732199005.125732,27911655.0,0.0753,-9.71,159800,0.67,608.48,0.59,610.22,0.3,612.41,-0.06,602.49,1.59,3.22,47.38,248390,240126,225504,0.172
1290,RVSB,Financial Services,Banks - Regional,NASDAQ,103.47,77.59,106.21,88.82,100.69,72.83,89.78,42.58,89.21,40.4,92.45,49.96,5.97,0.0,0.67,11.96,13.23,14.31,70.94,119519579.57307816,19953186.0,0.014400001,-4.02,59100,0.85,5.91,1.02,5.94,0.51,5.84,2.23,5.49,8.74,2.05,32.66,96720,69493,65628,0.132
1291,MCBS,Financial Services,Banks - Regional,NASDAQ,103.46,77.57,95.26,51.71,103.56,75.75,106.99,76.01,115.86,81.9,104.68,68.66,34.2,-2.92,-2.23,-3.66,-2.23,27.8,80.96,1009693266.5404739,28660042.0,0.036,-8.7,65300,0.79,34.67,-1.36,34.68,-1.38,34.89,-1.98,35.27,-3.03,1.83,7.98,92060,82283,77480,0.339
1292,SPNT,Financial Services,Insurance - Reinsurance,NYSE,103.44,77.55,98.37,70.85,104.71,77.19,101.96,70.1,107.83,74.18,110.88,75.36,24.96,2.21,-1.65,3.14,5.49,10.3,67.33,2836749699.5826874,116165016.0,0.051999997,-5.81,390600,0.41,24.74,0.89,24.65,1.26,24.8,0.65,24.21,3.1,2.62,21.4,726540,957750,808358,-0.005
1293,BHB,Financial Services,Banks - Regional,NYSE ARCA,103.43,77.54,95.26,51.71,104.14,76.41,110.6,79.89,110.77,77.32,101.53,64.29,37.83,-4.11,-2.9,-6.73,-3.2,20.02,75.69,661421868.7915039,16766080.0,0.037100002,-8.0,65700,0.71,38.6,-1.99,38.8,-2.5,39.5,-4.23,39.64,-4.57,2.36,7.83,80480,93020,93040,0.423
1294,GSBC,Financial Services,Banks - Regional,NASDAQ,103.42,77.51,96.01,55.6,104.8,77.24,108.99,78.14,114.2,80.31,101.37,63.97,76.75,-3.18,-2.2,-3.73,-3.71,22.91,77.68,863845343.3077927,10897507.0,0.075,-7.43,72100,0.81,78.31,-1.99,78.17,-1.82,78.48,-2.2,79.02,-2.87,1.88,6.92,98230,88763,91604,-0.041
1295,IX,Financial Services,Financial Conglomerates,NYSE,103.42,77.51,92.42,37.57,110.1,81.92,114.53,83.07,129.0,88.81,112.98,77.0,36.95,-0.46,-5.72,-7.88,-8.54,27.5,80.88,38604288786.134834,1039986258.0,0.0007,-12.83,274400,0.76,37.0,-0.14,37.44,-1.31,38.53,-4.1,39.17,-5.67,1.78,51.57,445820,360733,337932,0.174
1296,ITRN,Technology,Scientific & Technical Instruments,NASDAQ,103.39,77.49,98.37,70.85,98.66,70.43,101.18,69.07,116.61,82.42,132.29,86.52,52.22,-0.59,2.01,0.11,-4.92,27.27,80.74,1041962993.1866455,19835580.0,0.0188,-23.54,71100,0.72,52.17,0.1,51.82,0.77,51.69,1.03,51.84,0.73,1.98,56.04,92870,98756,114708,0.207
1297,CLW,Basic Materials,Paper & Paper Products,NYSE,103.38,77.47,97.53,63.29,108.19,80.4,106.42,75.38,78.96,28.74,64.35,15.18,18.97,-4.24,-6.74,-6.27,-10.31,5.74,61.66,319441253.3181858,16125253.0,0.0433,-19.58,56500,0.44,19.56,-3.02,19.55,-2.97,20.29,-6.51,20.97,-9.54,4.66,10.18,105200,127683,144112,-0.043
1298,BCAL,Financial Services,Banks - Regional,NASDAQ,103.34,77.45,97.03,60.55,102.95,75.24,106.32,75.29,110.31,76.89,103.71,67.48,21.23,-2.53,-1.89,-2.12,0.89,13.75,70.57,700238805.0560246,32150541.0,0.0306,-5.27,156600,0.72,21.51,-1.3,21.52,-1.35,21.6,-1.71,21.45,-1.03,1.95,12.05,178430,218853,193212,-0.016
1299,CSX,Industrials,Railroads,NASDAQ,103.33,77.44,95.21,51.44,103.66,75.84,111.5,80.73,121.11,85.13,115.75,78.98,47.26,-0.36,1.03,-3.45,-5.58,30.52,82.24,87862885878.64047,1852474917.0,0.022,-11.83,5070400,0.5,47.27,-0.02,47.05,0.45,47.31,-0.11,48.97,-3.49,1.48,22.83,8818670,10150500,10004872,0.101
1300,CEVA,Technology,Semiconductors,NASDAQ,103.3,77.42,98.19,68.7,119.22,87.8,96.18,60.87,145.78,93.27,89.57,43.43,33.49,-9.73,-7.49,15.44,1.82,54.97,89.56,1044516028.2402954,28154072.0,0.1157,-35.1,482000,0.75,35.09,-4.56,35.26,-5.02,33.1,1.18,31.3,7.0,5.01,39.95,655700,639390,768190,0.131
1301,SLF,Financial Services,Insurance - Diversified,NYSE,103.26,77.4,95.31,51.98,108.54,80.58,111.54,80.76,114.58,80.72,103.9,67.72,76.99,-2.01,-3.65,-3.36,-6.17,27.48,80.84,43686933265.134445,556025626.0,3.67,-8.76,318100,0.58,77.16,-0.22,77.86,-1.12,79.19,-2.78,79.56,-3.23,1.59,70.2,446600,550563,801964,0.075
1302,NTIP,Industrials,Specialty Business Services,NYSE ARCA,103.25,77.39,101.02,80.69,102.03,74.37,102.17,70.41,95.11,56.7,98.99,60.55,1.57,-3.68,-1.26,-0.47,-0.47,26.22,80.12,37269286.480973125,22864593.0,0.0043,-10.29,14100,0.84,1.58,-0.63,1.59,-1.26,1.57,0.0,1.54,1.95,4.14,15.38,12190,16720,17162,
1303,IMVT,Healthcare,Biotechnology,NASDAQ,103.23,77.37,80.59,13.02,115.32,85.59,136.95,92.34,155.22,94.48,128.9,85.4,30.47,-9.37,-8.5,-18.44,-22.82,10.64,67.71,6944300948.217934,206552682.0,0.1857,-32.92,1494800,1.0,31.63,-3.67,32.61,-6.56,34.53,-11.76,38.4,-20.65,4.69,28.33,1382740,1492293,1339808,
1304,PBHC,Financial Services,Banks - Regional,NASDAQ,103.2,77.34,98.52,72.09,105.7,78.25,107.57,76.65,102.41,67.49,82.41,29.54,16.96,-2.7,-2.25,-1.45,4.18,22.35,77.44,109436749.40608978,6278643.0,0.0022,-7.32,400,0.11,17.03,-0.41,17.06,-0.59,17.26,-1.74,16.68,1.68,2.13,0.0,670,3586,4026,0.471
1305,TRIN,Financial Services,Asset Management,NYSE,103.2,77.34,94.48,47.17,106.24,78.91,111.26,80.57,111.89,78.37,102.4,65.62,17.1,-2.79,-3.17,-4.63,0.08,28.17,81.21,1665659981.1090927,94693574.0,0.066,-9.5,777200,0.87,17.23,-0.75,17.41,-1.78,17.57,-2.68,17.81,-3.99,1.79,19.65,831420,893466,961368,0.193
1306,WTS,Industrials,Specialty Industrial Machinery,NYSE,103.16,77.32,96.93,60.12,103.65,75.81,106.97,75.98,112.9,79.23,102.21,65.34,352.72,-2.85,-1.42,-0.93,2.68,25.18,79.43,12120384208.00476,33383050.0,0.0363,-10.6,193000,0.95,354.66,-0.55,356.58,-1.08,354.69,-0.56,362.93,-2.81,2.32,98.22,199200,204046,197754,0.186
1307,DAL,Industrials,Airlines,NYSE,103.14,77.29,97.02,60.51,104.34,76.67,104.73,73.48,121.18,85.2,112.21,76.34,82.17,-2.28,-3.26,2.83,-7.25,14.93,71.52,55299518184.41254,657623030.0,0.0401,-14.12,11921100,1.64,82.8,-0.76,83.46,-1.55,82.19,-0.02,83.65,-1.77,3.01,121.83,7943590,7273993,6213546,0.187
1308,FRHC,Financial Services,Financial Conglomerates,NASDAQ,103.14,77.29,99.22,75.21,110.01,81.85,106.94,75.92,86.13,36.38,101.91,64.81,169.65,-1.94,-1.41,2.51,9.36,25.55,79.69,11035266218.0,63787666.0,0.0515,-4.69,54200,0.56,171.69,-1.19,171.65,-1.17,169.94,-0.17,163.97,3.46,3.57,32.21,113800,97283,105906,0.278
1309,WK,Technology,Software - Application,NYSE,103.13,77.27,106.17,88.76,101.13,73.42,105.61,74.56,74.33,24.75,65.25,16.07,73.25,2.84,5.18,1.93,25.13,-17.0,33.41,3876086622.9125366,54416488.0,0.0759,-24.56,906900,0.66,72.1,1.6,70.13,4.45,71.31,2.72,71.38,2.62,4.36,8.78,2256050,1384186,1149334,0.186
1310,STIM,Healthcare,Medical Devices,NASDAQ,103.12,77.25,81.75,14.27,162.07,96.28,181.99,97.21,83.23,33.29,53.76,9.97,2.13,-1.39,-22.26,-29.7,8.12,38.31,84.97,164586006.06006002,76197222.0,0.1516,-38.08,578700,0.5,2.17,-1.84,2.25,-5.33,2.57,-17.12,2.72,-21.69,6.31,14.88,886980,1146640,1900962,0.091
1311,ROST,Consumer Cyclical,Apparel Retail,NASDAQ,103.11,77.23,95.14,51.14,111.83,83.27,106.2,75.19,118.74,83.65,127.79,84.93,222.41,-2.68,-5.81,-3.61,-11.77,23.84,78.47,73007811614.63425,319453110.0,0.0346,-13.46,2510400,1.22,224.74,-1.04,229.12,-2.93,229.93,-3.27,235.24,-5.45,2.1,49.43,2101750,2050326,2322656,0.133
1312,HIPO,Financial Services,Insurance - Property & Casualty,NYSE,103.11,77.23,107.1,89.58,94.71,64.12,103.19,71.71,89.04,40.01,88.16,37.75,33.97,5.37,10.98,6.16,6.56,8.7,65.82,850793687.7336998,26389381.0,0.0382,-12.28,143600,0.81,33.05,2.78,32.16,5.63,31.77,6.92,32.43,4.75,3.14,72.27,154100,178153,184452,0.234
1313,RDWR,Technology,Software - Infrastructure,NASDAQ,103.1,77.2,102.99,84.65,97.17,68.04,95.99,60.58,104.31,70.0,92.31,49.62,30.98,0.91,4.8,11.04,24.27,26.97,80.43,1291932475.106392,42082490.0,0.026300002,-5.52,502600,1.53,30.36,2.04,30.11,2.89,29.83,3.86,28.9,7.2,3.25,160.74,371290,328710,286982,0.109
1314,FAST,Industrials,Industrial Distribution,NASDAQ,103.08,77.19,100.44,78.93,99.2,71.08,99.88,66.91,95.84,57.84,94.9,54.44,50.75,0.0,0.63,2.9,8.77,23.56,78.27,58235501829.75,1147497573.0,0.0355,-4.1,5225300,0.78,50.51,0.48,50.35,0.79,50.04,1.42,50.19,1.12,1.83,67.79,6706000,6737863,6809386,0.147
1315,UVSP,Financial Services,Banks - Regional,NASDAQ,103.07,77.16,94.52,47.48,104.67,77.13,108.24,77.34,123.05,86.17,109.49,74.0,40.9,-2.18,-2.99,-4.15,-7.41,22.52,77.47,1153151947.956421,27580768.0,0.033,-10.03,135083,0.59,41.21,-0.75,41.29,-0.94,41.82,-2.2,42.22,-3.13,1.71,2.87,202488,229652,222045,0.084
1316,ENLT,Utilities,Utilities - Renewable,NASDAQ,103.07,77.16,88.21,25.41,118.13,87.22,126.99,89.6,180.72,96.62,248.2,97.37,67.41,1.25,-2.97,-9.18,-21.42,55.18,89.65,9314827817.792404,139904289.0,0.007900001,-37.96,104400,0.58,66.82,0.88,67.41,0.0,70.1,-3.84,76.34,-11.7,3.41,56.52,153970,179746,184536,0.43
1317,HURA,Healthcare,Biotechnology,NASDAQ,103.06,77.13,89.67,28.99,113.86,84.63,101.91,70.01,111.66,78.18,199.01,96.06,1.96,2.62,-6.67,-4.39,-9.68,140.49,96.8,121717836.34289467,63726617.0,0.1274,-42.86,149000,0.71,1.94,1.03,1.98,-1.01,2.04,-3.92,2.1,-6.67,5.54,9.22,257360,211096,233426,
1318,IHD,Financial Services,Asset Management,NYSE,103.06,77.13,97.62,63.86,106.07,78.76,108.81,77.98,106.47,72.52,111.87,76.16,7.48,-2.09,-1.76,-1.76,6.5,29.86,81.95,135501975.67200708,17735861.0,0.0019,-8.11,215686,2.03,7.58,-1.32,7.57,-1.19,7.56,-1.06,7.49,-0.13,1.84,61.85,229738,106296,98901,
1319,HOG,Consumer Cyclical,Recreational Vehicles,NYSE,103.05,77.1,101.08,80.97,100.09,72.13,107.99,77.04,105.1,71.06,96.31,56.97,26.9,9.57,5.7,-2.82,9.92,31.97,82.58,2554979967.4489784,104072507.0,0.24159999,-6.79,1510800,0.81,26.75,0.56,25.7,4.67,26.1,3.07,26.56,1.28,3.61,24.74,2197760,1871343,1893696,-0.059
1320,EL,Consumer Defensive,Household & Personal Products,NYSE,103.03,77.09,102.51,83.96,103.77,75.99,96.62,61.6,85.31,35.49,79.53,26.86,98.05,6.61,3.79,0.96,15.91,-8.81,40.3,33322826059.038544,362322775.0,0.0322,-19.39,2662200,0.89,94.7,3.54,93.84,4.49,95.15,3.05,94.75,3.48,3.24,79.06,2861880,2985050,3233880,0.063
1321,CIG,Utilities,Utilities - Regulated Electric,NYSE,103.02,77.07,112.9,93.31,90.33,53.36,100.31,67.73,93.18,53.13,128.93,85.44,2.4,11.63,16.5,9.09,10.6,29.47,81.77,6150466321.265884,2860681883.0,0.0,-13.04,5182000,0.95,2.36,1.69,2.22,8.11,2.18,10.09,2.1,14.29,3.15,13.21,5758920,5448283,4916826,0.034
1322,MXC,Energy,Oil & Gas E&P,NYSE ARCA,103.01,77.05,101.48,81.71,105.49,78.08,107.82,76.87,85.48,35.65,90.78,46.68,10.3,2.39,-0.1,-5.16,16.91,0.14,51.63,20582760.858535767,2046000.0,0.0085,-37.5,4000,0.06,10.28,0.19,10.12,1.78,10.6,-2.83,10.09,2.08,5.63,1.73,32910,69883,49178,0.129
1323,HCC,Basic Materials,Coking Coal,NYSE,103.0,77.04,97.77,64.9,98.33,69.85,109.07,78.23,98.17,61.3,115.23,78.53,93.07,4.16,3.98,-4.81,15.86,7.12,63.79,4717866392.880409,52802087.0,0.0992,-16.47,565000,0.92,91.43,1.79,90.34,3.02,90.95,2.33,95.71,-2.76,3.77,92.38,600690,611316,617456,0.713
1324,CTS,Technology,Electronic Components,NYSE,102.97,77.01,96.06,55.86,105.84,78.46,102.67,71.06,115.14,81.27,114.55,78.11,57.25,-7.06,-3.94,-0.97,-8.63,30.86,82.31,1759061568.4267044,28556195.0,0.044,-17.69,196100,0.84,59.11,-3.15,59.42,-3.65,58.77,-2.59,59.62,-3.98,3.07,34.75,239020,232400,205774,0.07
1325,LKSPU,Financial Services,Shell Companies,NASDAQ,102.97,77.01,109.3,91.36,90.73,55.27,93.25,54.93,91.37,48.71,89.22,42.26,11.61,9.53,11.63,11.15,12.17,14.84,71.41,,,0.97,9.53,846,1.05,11.11,4.5,10.79,7.6,10.6,9.53,10.5,10.57,2.75,0.0,1884,804,534,
1326,STBA,Financial Services,Banks - Regional,NASDAQ,102.96,76.99,94.88,49.72,104.7,77.16,106.87,75.89,114.57,80.67,105.99,70.2,48.05,-3.2,-3.55,-3.88,-7.3,19.43,75.24,1750579001.3556519,35265492.0,0.0734,-10.19,148800,0.54,48.64,-1.21,48.81,-1.56,49.34,-2.61,50.03,-3.96,1.86,6.71,265490,278116,257390,0.061
1327,CBOE,Financial Services,Financial Data & Stock Exchanges,BATS,102.95,76.97,107.54,89.99,93.69,62.43,94.52,57.91,92.68,52.01,109.7,74.27,304.16,12.13,17.88,8.23,2.86,21.67,77.04,28327959233.77417,104431019.0,0.0298,-18.06,1443200,1.22,287.1,5.94,277.42,9.64,273.95,11.03,286.54,6.15,4.04,49.91,1469040,1183600,1092654,0.229
1328,CLS,Technology,Electronic Components,NYSE,102.94,76.95,103.59,85.42,108.73,80.77,99.28,65.82,101.72,66.51,198.73,96.04,362.16,-6.5,-0.9,4.5,2.71,18.02,74.17,48845358760.10541,126111117.0,0.0309,-23.6,1255700,0.58,372.24,-2.71,370.6,-2.28,355.87,1.77,334.33,8.32,5.34,42.16,1972320,2173680,2402884,0.624
1329,OFG,Financial Services,Banks - Regional,NYSE,102.94,76.95,96.48,57.77,104.8,77.24,109.86,79.1,109.02,75.44,93.89,52.58,50.54,-1.46,-2.02,-3.36,-3.04,22.19,77.34,2167797225.9552155,42265494.0,0.0713,-7.21,149600,0.56,50.75,-0.41,50.68,-0.28,51.32,-1.52,51.87,-2.56,1.89,15.67,241160,264923,248786,0.104
1330,TPC,Industrials,Engineering & Construction,NYSE,102.93,76.92,97.5,63.06,101.21,73.47,116.69,84.76,102.69,67.86,164.45,93.42,83.36,-3.89,-0.73,-6.47,0.19,20.13,75.74,4563273367.814064,52614703.0,0.0513,-18.51,229100,0.53,85.8,-2.84,84.99,-1.92,85.17,-2.13,88.28,-5.57,3.41,14.07,423270,434420,469952,0.192
1331,THFF,Financial Services,Banks - Regional,NASDAQ,102.88,76.9,93.63,43.01,103.15,75.46,108.72,77.91,117.7,83.0,112.05,76.23,72.79,-2.93,-2.93,-5.77,-9.27,18.9,74.88,891773255.6361694,11891896.0,0.0354,-13.52,91900,0.78,73.84,-1.42,73.96,-1.58,74.99,-2.93,77.59,-6.19,1.83,6.75,99850,118436,106750,0.155
1332,GABC,Financial Services,Banks - Regional,NASDAQ,102.83,76.89,96.21,56.64,104.45,76.8,107.57,76.65,109.06,75.47,102.13,65.17,48.16,-2.51,-2.71,-3.2,-5.19,21.5,76.85,1856393172.5407104,37578808.0,0.0359,-7.79,120400,0.86,48.75,-1.21,48.85,-1.41,49.09,-1.89,49.68,-3.06,1.79,4.64,153430,139626,137238,0.11
1333,IHG,Consumer Cyclical,Lodging,NYSE,102.8,76.87,99.21,75.16,98.61,70.37,99.33,65.9,109.73,76.26,108.76,73.52,160.68,-0.66,1.59,4.45,-0.77,13.49,70.39,23633617165.306824,146121036.0,0.0054,-8.65,163900,1.03,160.02,0.41,160.83,-0.09,157.72,1.88,158.52,1.36,1.46,46.79,162160,159436,197536,0.056
1334,UNM,Financial Services,Insurance - Life,NYSE,102.74,76.85,97.7,64.42,102.47,74.76,107.77,76.81,102.69,67.86,92.69,50.41,91.67,3.5,-0.46,-2.91,5.65,18.59,74.62,14021233050.5486,158306798.0,0.0355,-5.27,1243300,0.65,91.85,-0.2,90.3,1.52,92.3,-0.68,91.72,-0.05,2.82,8.11,1668420,1900950,1662016,0.003
1335,AEM,Basic Materials,Gold,NYSE,102.74,76.85,100.03,77.57,104.11,76.37,108.34,77.44,70.46,21.54,121.6,82.37,189.02,2.9,-2.81,-5.66,25.66,5.62,61.44,93014163104.40234,506364864.0,0.0136,-25.94,1999500,0.99,184.53,2.43,184.02,2.72,191.26,-1.17,191.45,-1.27,3.25,41.71,1790720,2024280,2637138,0.35
1336,WABC,Financial Services,Banks - Regional,NASDAQ,102.7,76.82,96.85,59.68,103.85,76.07,103.54,72.09,112.37,78.81,98.63,59.97,58.66,-1.58,-3.31,-0.73,-1.28,21.32,76.75,1377424683.5351791,23111153.0,0.0623,-7.78,163900,0.71,58.87,-0.36,58.91,-0.42,59.39,-1.23,59.14,-0.81,1.95,0.0,205440,232073,187794,-0.027
1337,IT,Technology,Information Technology Services,NYSE,102.66,76.8,107.39,89.86,97.91,69.25,90.97,45.52,60.87,15.58,51.2,9.29,191.15,3.44,1.73,6.44,25.0,-23.68,28.18,11669930957.51538,63148976.0,0.1865,-26.79,706600,0.73,189.0,1.14,188.07,1.64,186.95,2.25,185.9,2.82,3.92,6.67,782650,971890,1213180,-0.006
1338,ALEC,Healthcare,Biotechnology,NASDAQ,102.65,76.76,104.9,87.33,86.47,43.09,111.58,80.77,60.4,15.26,149.16,91.09,2.08,14.92,6.67,-2.8,28.4,43.45,86.62,202099017.00093985,111656919.0,0.0579,-38.82,3096900,0.63,1.96,6.12,1.91,8.9,1.95,6.67,2.06,0.97,10.16,37.85,11807800,4907606,3575954,-0.578
1339,OKE,Energy,Oil & Gas Midstream,NYSE,102.65,76.76,95.99,55.47,98.14,69.59,109.86,79.1,108.95,75.38,100.06,62.35,89.8,2.18,1.32,-7.06,2.02,28.01,81.12,55400359028.16941,630409203.0,0.048800003,-10.07,1787300,0.48,89.19,0.68,88.17,1.85,90.56,-0.84,92.08,-2.48,2.64,7.6,3532350,3698623,3715234,0.528
1340,CROX,Consumer Cyclical,Footwear & Accessories,NASDAQ,102.65,76.76,92.22,36.82,118.07,87.17,107.32,76.36,131.84,89.7,111.85,76.14,114.98,-2.63,-8.85,2.22,-7.02,29.34,81.71,5661833731.169891,47945075.0,0.13149999,-18.62,847700,0.78,117.09,-1.8,118.51,-2.98,119.22,-3.56,122.91,-6.45,3.53,6.65,987120,1092596,1041978,0.026
1341,MBWM,Financial Services,Banks - Regional,NASDAQ,102.65,76.76,95.12,51.04,105.85,78.48,110.63,79.94,107.54,73.8,102.85,66.1,57.78,-2.89,-3.75,-6.41,-2.63,20.26,75.89,1028512775.5,17285929.0,0.0353,-8.21,132763,1.15,58.39,-1.04,58.69,-1.55,59.51,-2.91,60.0,-3.7,1.88,7.38,116516,115245,111595,0.189
1342,PYPD,Healthcare,Biotechnology,NASDAQ,102.63,76.72,96.44,57.62,109.73,81.64,112.92,81.9,113.51,79.74,114.65,78.2,5.07,-2.31,-2.87,-1.55,16.02,27.55,80.9,105418066.70224857,20311766.0,0.0086,-11.52,60000,0.64,5.05,0.4,5.17,-1.93,5.2,-2.5,5.05,0.4,5.11,65.6,92660,94000,116922,
1343,WES,Energy,Oil & Gas Midstream,NYSE,102.6,76.7,96.4,57.35,102.73,75.02,112.93,81.94,107.52,73.78,96.19,56.81,45.62,1.92,0.04,-6.95,-2.08,22.95,77.71,18493694089.180164,413174593.0,0.0248,-8.89,570300,0.68,45.75,-0.28,45.25,0.82,46.06,-0.96,47.3,-3.55,2.07,20.17,842980,843203,834356,0.3
1344,PLUS,Technology,Software - Application,NASDAQ,102.58,76.69,102.41,83.75,102.95,75.24,103.08,71.6,101.08,65.57,105.42,69.44,93.3,-0.11,3.08,1.6,2.86,6.42,62.88,2436845081.0108185,26090418.0,0.0655,-4.93,157400,0.72,92.97,0.35,92.04,1.37,91.92,1.5,90.12,3.53,2.59,99.14,193430,218363,223788,0.01
1345,AU,Basic Materials,Gold,NYSE,102.5,76.67,93.89,44.17,111.79,83.19,118.36,85.74,90.45,44.86,145.98,90.53,94.16,-0.8,-4.92,-9.83,15.09,8.35,65.37,48007616853.42883,505769256.0,0.009,-27.09,2163400,0.92,92.6,1.68,93.35,0.87,97.49,-3.42,100.85,-6.63,3.38,37.4,2119150,2345923,2699560,0.27
1346,SANG,Technology,Software - Infrastructure,NASDAQ,102.49,76.65,127.49,96.99,74.7,25.52,77.27,25.39,78.31,27.91,73.18,21.46,4.85,-0.61,36.62,31.08,19.16,-4.34,45.47,163553091.59548473,33514977.0,48.47,-10.52,91000,0.34,4.84,0.21,4.74,2.32,4.11,18.0,4.02,20.65,3.83,16.15,788810,266800,161930,-0.212
1347,PETZ,Real Estate,Real Estate Services,NASDAQ,102.49,76.65,95.33,52.11,104.53,76.95,102.61,70.96,92.44,51.43,89.76,44.07,1.26,-3.08,-6.67,-10.64,6.78,25.37,79.56,13420247.907748222,10323268.0,0.012200001,-30.96,16900,0.02,1.29,-2.33,1.31,-3.82,1.34,-5.97,1.34,-5.97,5.48,72.39,7990,745550,478462,0.446
1348,EBAY,Consumer Cyclical,Internet Retail,NASDAQ,102.45,76.62,102.41,83.75,100.48,72.6,102.73,71.14,108.14,74.56,115.56,78.88,112.19,5.44,3.98,4.12,-0.87,34.79,83.72,47348000679.01611,445000000.0,0.040999997,-5.97,2556400,0.55,109.19,2.75,107.68,4.19,108.47,3.43,106.73,5.12,2.63,26.45,3128980,4632796,4613736,0.148
1349,RNR,Financial Services,Insurance - Reinsurance,NYSE,102.43,76.59,99.76,76.86,100.18,72.25,105.65,74.61,101.44,66.06,109.47,73.96,331.38,1.8,1.78,2.09,4.22,17.92,74.1,13526387677.567474,41551893.0,0.0496,-2.6,406900,1.26,326.71,1.43,324.97,1.97,326.41,1.52,325.07,1.94,2.07,23.46,367690,321893,291502,-0.132
1350,EXLS,Technology,Information Technology Services,NASDAQ,102.43,76.59,106.51,89.02,97.66,68.88,95.95,60.51,69.24,20.68,66.51,16.89,36.79,2.91,5.87,4.34,7.07,-15.19,34.89,5420146839.25,151612499.0,0.075100005,-16.16,1516000,0.74,36.1,1.91,35.63,3.26,35.51,3.6,35.77,2.85,2.78,13.71,2236000,2042436,2093250,0.156
1351,ZM,Technology,Software - Application,NASDAQ,102.43,76.59,102.72,84.28,94.78,64.22,100.38,67.85,101.58,66.29,103.04,66.47,97.74,5.23,8.95,2.27,5.87,8.61,65.75,27100870276.272102,291783711.0,0.0269,-14.82,2362800,0.83,95.0,2.88,92.81,5.31,92.32,5.87,97.61,0.13,2.75,91.1,2595780,2858026,3091944,0.049
1352,MO,Consumer Defensive,Tobacco,NYSE,102.41,76.56,102.51,83.96,94.8,64.28,96.7,61.84,107.31,73.51,97.36,58.36,71.68,6.43,4.16,5.57,7.19,30.57,82.27,112457250868.27296,1669743926.0,0.0234,-6.98,8380400,1.04,69.78,2.72,68.84,4.13,68.99,3.9,67.48,6.22,1.8,35.62,7604830,8031256,8669430,0.012
1353,AUPH,Healthcare,Biotechnology,NASDAQ,102.4,76.54,100.11,77.84,96.07,66.21,99.41,66.07,112.21,78.68,131.43,86.15,16.65,5.18,1.28,3.42,11.0,2.08,54.92,2106199979.2890015,133051168.0,0.0712,-13.51,849200,1.05,16.06,3.67,16.12,3.29,16.35,1.83,16.08,3.54,2.55,124.94,788560,806433,968640,0.189
1354,CAT,Industrials,Farm & Heavy Construction Machinery,NYSE,102.38,76.52,93.74,43.49,106.44,79.11,112.96,82.01,133.56,90.26,154.98,92.03,800.47,-5.32,-2.57,-2.21,-1.07,38.28,84.95,388618336802.608,459674889.0,0.020299999,-25.43,1823500,0.77,824.41,-2.9,825.12,-2.99,813.86,-1.65,822.0,-2.62,3.17,36.59,2320940,2381616,2520202,0.24
1355,BRZE,Technology,Software - Application,NASDAQ,102.35,76.51,108.32,90.64,86.16,42.46,89.14,41.18,93.37,53.56,79.54,26.89,29.06,14.32,19.24,21.39,15.96,-19.5,31.37,2887316143.005804,113584427.0,0.0804,-22.15,1455200,0.56,27.79,4.57,26.14,11.17,25.54,13.78,27.8,4.53,4.9,30.21,2309590,2584540,2573744,0.262
1356,V,Financial Services,Credit Services,NYSE,102.32,76.48,102.74,84.31,98.72,70.47,104.02,72.68,99.01,62.69,83.12,30.35,385.45,6.87,4.92,4.05,5.43,10.13,67.18,677086954586.0203,1877355259.0,0.0109,-0.03,5927000,1.02,374.6,2.9,368.65,4.56,368.85,4.5,369.63,4.28,1.77,145.54,5338600,5805153,6245182,0.144
1357,PMVP,Healthcare,Biotechnology,NASDAQ,102.32,76.48,112.77,93.24,91.04,56.47,102.66,71.04,87.96,38.5,108.28,73.02,1.52,-15.08,14.29,8.57,34.51,21.6,76.95,95689921.78073692,53458058.0,0.056500003,-20.42,891700,0.83,1.58,-3.8,1.59,-4.4,1.5,1.33,1.36,11.76,9.75,27.0,1315680,1074003,758964,
1358,IPAR,Consumer Defensive,Household & Personal Products,NASDAQ,102.29,76.45,94.92,49.9,108.88,81.0,107.18,76.2,112.53,78.91,87.0,35.26,112.21,-1.53,-4.85,0.9,-10.0,36.5,84.38,3649337647.2150726,32025781.0,0.1158,-13.21,132100,0.62,112.28,-0.06,113.12,-0.8,113.42,-1.07,115.26,-2.65,2.94,29.45,214110,213816,232928,0.021
1359,FNV,Basic Materials,Gold,NYSE,102.29,76.45,97.31,61.98,106.96,79.56,112.55,81.61,82.25,32.12,114.39,78.04,244.85,2.32,-5.05,-7.95,10.8,14.62,71.24,46150328917.54837,192855530.0,4.97,-14.29,509100,0.64,241.6,1.35,241.5,1.39,252.63,-3.08,250.36,-2.2,3.94,9.95,921350,798870,810256,0.582
1360,CTO,Real Estate,REIT - Diversified,NYSE,102.26,76.41,96.17,56.39,101.98,74.35,103.98,72.63,115.93,82.0,106.2,70.48,20.49,-0.24,-1.11,-1.06,-4.62,22.31,77.42,769951259.4789581,37485454.0,0.037,-9.78,163000,0.42,20.44,0.24,20.47,0.1,20.51,-0.1,20.98,-2.34,1.72,5.67,327650,390213,384786,0.165
1361,WATT,Technology,Communication Equipment,NASDAQ,102.26,76.41,83.52,16.75,130.33,91.62,97.84,63.49,134.32,90.58,279.45,97.79,11.33,-15.07,-18.78,0.0,-19.24,165.34,97.3,73731127.9833641,5527071.0,0.123500004,-69.36,64700,0.45,12.08,-6.21,12.56,-9.79,12.36,-8.33,13.15,-13.84,7.37,20.72,127990,143773,170808,2.168
1362,NEXN,Communication Services,Advertising Agencies,NASDAQ,102.22,76.39,94.48,47.17,98.02,69.41,102.52,70.86,120.68,84.99,88.18,37.8,8.95,1.59,2.87,-2.29,-14.6,38.12,84.92,501742131.0077715,56951431.0,0.044099998,-20.8,238300,0.56,8.88,0.79,8.9,0.56,8.93,0.22,9.63,-7.06,3.44,32.44,391810,424143,465596,0.105
1363,RHI,Industrials,Staffing & Employment Services,NYSE,102.18,76.37,87.53,23.94,115.03,85.48,121.03,87.14,128.11,88.41,78.1,25.38,33.93,-6.06,-8.02,-9.95,-7.68,29.56,81.83,3697309118.025772,102361828.0,0.2328,-27.34,1097500,0.6,33.99,-0.18,35.43,-4.23,36.44,-6.89,39.73,-14.6,4.08,2.17,1718130,1823986,1865216,-0.024
1364,SNPS,Technology,Software - Infrastructure,NASDAQ,102.16,76.36,116.65,94.74,85.25,40.6,80.69,28.68,78.35,27.96,83.41,30.62,509.99,4.1,19.78,28.34,36.97,5.97,62.06,93882791705.74274,191636646.0,0.0299,-5.47,2094800,0.92,500.81,1.83,475.21,7.32,434.19,17.46,419.84,21.47,4.02,29.21,3034470,2285603,2033324,0.424
1365,BY,Financial Services,Banks - Regional,NYSE,102.14,76.34,94.28,46.1,103.72,75.96,110.79,80.1,115.65,81.65,108.27,73.0,36.32,-3.76,-2.99,-6.08,-7.07,22.07,77.23,1705335566.6439056,45186420.0,0.057800002,-9.27,197700,0.71,36.95,-1.71,37.06,-2.0,37.36,-2.78,38.12,-4.72,1.85,10.4,246370,277130,253144,0.117
1366,MNSB,Financial Services,Banks - Regional,NASDAQ,102.13,76.32,97.06,60.66,99.06,70.91,102.61,70.96,107.23,73.45,115.08,78.43,24.63,-1.24,-0.81,-2.49,7.97,18.97,74.93,177599639.24306488,7121076.0,0.037100002,-4.79,16500,0.63,24.81,-0.73,24.83,-0.81,24.91,-1.12,24.81,-0.73,2.09,9.72,25170,26363,30422,-0.088
1367,SLB,Energy,Oil & Gas Equipment & Services,NYSE,102.12,76.3,92.24,36.9,108.77,80.81,113.97,82.77,102.09,67.05,123.57,83.37,48.95,0.43,-5.03,-12.68,0.6,29.8,81.93,72337143570.02513,1484143231.0,0.0467,-19.04,7580800,0.53,49.23,-0.57,49.37,-0.85,51.02,-4.06,52.68,-7.08,2.97,21.34,14142350,14399013,12515520,0.05
1368,EHC,Healthcare,Medical Care Facilities,NYSE,102.12,76.3,101.47,81.68,104.46,76.84,103.9,72.53,93.15,53.05,88.5,39.56,123.33,2.95,0.06,1.51,11.41,16.02,72.47,11818675704.266235,98653384.0,0.0343,-3.64,604400,0.68,122.8,0.43,122.13,0.98,122.19,0.93,121.17,1.78,2.52,61.17,960610,884696,931860,0.096
1369,PFG,Financial Services,Asset Management,NASDAQ,102.11,76.27,92.42,37.57,111.03,82.67,113.45,82.4,117.65,82.92,107.24,71.55,107.24,-4.22,-6.56,-7.69,-5.17,23.15,77.85,23971155410.341347,214104641.0,0.0512,-11.5,1096600,0.76,109.29,-1.88,111.12,-3.49,113.61,-5.61,113.02,-5.11,2.16,7.76,1253510,1448943,1288302,0.064
1370,LAUR,Consumer Defensive,Education & Training Services,NASDAQ,102.1,76.26,102.08,83.02,97.12,67.92,98.01,63.63,108.52,74.97,111.64,75.97,39.47,2.2,5.53,9.24,2.76,16.64,73.07,5319880136.06781,137749360.0,0.0414,-3.56,846800,0.77,38.8,1.73,38.48,2.57,37.4,5.53,37.44,5.42,2.79,22.68,1312580,1106593,1018700,0.175
1371,MPB,Financial Services,Banks - Regional,NASDAQ,102.09,76.24,96.71,59.08,102.11,74.41,105.72,74.71,104.94,70.86,107.4,71.72,35.7,-1.92,-1.68,-3.7,-6.81,13.48,70.37,922201864.6584702,25335215.0,0.0297,-8.81,119400,1.21,36.08,-1.05,35.99,-0.81,36.35,-1.79,36.97,-3.44,2.07,28.46,100430,98290,105046,0.447
1372,ADP,Technology,Software - Application,NASDAQ,102.07,76.22,100.29,78.41,100.9,73.14,102.98,71.46,96.18,58.4,65.68,16.31,270.88,5.12,2.73,0.98,3.31,6.63,63.17,102106095986.40698,396251548.0,0.0296,-7.71,1421600,0.68,265.65,1.97,263.15,2.94,266.65,1.59,270.77,0.04,2.15,13.19,1798160,2085570,2137152,0.068
1373,STRC,Technology,Software - Application,NASDAQ,102.06,76.2,103.37,85.14,101.67,74.08,98.6,64.59,83.2,33.23,95.62,55.91,99.65,0.25,1.64,2.05,14.29,10.78,67.87,,,1.17,-0.76,1272000,0.83,99.5,0.15,99.34,0.31,98.52,1.15,96.03,3.77,0.4,37.94,1605860,1534003,1504760,0.069
1374,GNT,Financial Services,Asset Management,NYSE,102.06,76.2,96.16,56.31,104.39,76.72,110.53,79.79,98.17,61.3,119.0,81.01,8.57,0.94,-2.39,-4.99,8.3,15.3,71.85,142731524.42210197,16811723.0,0.0,-8.64,34959,0.8,8.51,0.71,8.55,0.23,8.76,-2.17,8.8,-2.61,2.21,37.93,43895,43508,63357,
1375,QQQX,Financial Services,Asset Management,NASDAQ,102.01,76.17,101.38,81.55,103.37,75.63,99.47,66.22,101.43,66.02,104.07,67.96,31.1,1.37,1.37,4.95,8.56,18.1,74.22,1498005717.3407516,48826783.0,0.0011,-2.42,151803,1.56,30.87,0.75,30.68,1.37,30.43,2.2,30.07,3.43,1.58,14.26,125430,97386,91564,
1376,NML,Financial Services,Asset Management,NYSE ARCA,102.0,76.13,96.76,59.24,100.67,72.8,106.25,75.23,107.13,73.35,107.2,71.48,10.23,1.99,0.0,-3.23,0.72,30.09,82.05,568289032.710434,56658928.0,0.0036000002,-6.83,89014,0.65,10.19,0.39,10.11,1.19,10.3,-0.68,10.38,-1.45,2.19,33.47,135441,137250,144256,
1377,XHR,Real Estate,REIT - Hotel & Motel,NYSE,102.0,76.13,95.62,53.64,100.05,72.09,101.8,69.8,132.31,89.84,116.85,79.77,18.02,-0.99,-0.06,2.94,-9.57,25.52,79.67,1678874267.377987,92245835.0,0.0535,-18.31,885800,0.96,18.03,-0.06,18.09,-0.39,17.85,0.95,18.5,-2.59,2.35,14.16,914620,922693,821606,0.028
1378,ETN,Industrials,Specialty Industrial Machinery,NYSE,102.0,76.13,100.04,77.64,106.55,79.18,104.85,73.66,96.46,58.71,108.63,73.38,429.65,-1.48,-2.35,1.01,11.33,35.22,83.85,169341507312.01172,388300000.0,0.02,-10.12,1633000,0.81,432.64,-0.69,433.1,-0.8,427.17,0.58,426.33,0.78,3.01,74.54,1880460,2010746,2009444,0.214
1379,IVZ,Financial Services,Asset Management,NYSE,102.0,76.13,93.38,41.9,112.23,83.52,115.42,83.78,121.75,85.58,109.6,74.18,29.51,-3.75,-4.56,-8.58,0.98,10.39,67.49,13536383187.43248,441499780.0,0.0427,-12.33,5028500,1.17,30.2,-2.28,30.31,-2.64,30.62,-3.63,31.44,-6.14,2.61,18.2,4368430,4282683,4273138,0.205
1380,TKR,Industrials,Tools & Accessories,NYSE,101.99,76.08,92.77,39.14,103.81,76.03,106.55,75.57,140.48,92.09,125.0,83.91,116.12,-5.16,-1.13,-2.75,-14.46,35.73,84.02,8508907974.064331,69494510.0,0.0636,-20.67,820400,0.88,116.98,-0.74,117.71,-1.35,117.27,-0.98,122.6,-5.29,2.6,79.43,900160,928630,965906,0.075
1381,VRTX,Healthcare,Biotechnology,NASDAQ,101.99,76.08,96.49,57.84,103.82,76.06,106.32,75.29,98.73,62.3,86.37,34.16,510.08,1.06,-3.06,-1.04,5.89,10.81,67.91,127929334955.12488,253460924.0,0.021,-8.95,1480800,1.43,504.96,1.01,511.35,-0.25,513.89,-0.74,520.46,-1.99,2.27,69.38,1025760,1034080,1101980,0.125
1382,GCMG,Financial Services,Asset Management,NASDAQ,101.96,76.06,98.18,68.62,103.71,75.92,104.08,72.82,109.95,76.56,83.79,31.07,13.2,1.15,1.23,2.8,7.13,19.06,75.05,797697822.1089106,61126269.0,0.026199998,-11.21,324500,0.68,13.08,0.92,13.02,1.38,12.97,1.77,13.22,-0.15,2.94,69.55,402220,477970,466732,0.118
1383,NWE,Utilities,Utilities - Regulated Electric,NASDAQ,101.94,76.04,103.47,85.27,95.01,64.59,97.18,62.63,105.27,71.28,107.5,71.8,74.15,7.04,7.71,7.09,7.34,19.36,75.17,4261341262.9886627,61517850.0,0.0429,-1.37,568600,1.06,72.09,2.86,70.34,5.42,69.56,6.6,69.95,6.0,2.65,47.77,708180,537360,471986,0.146
1384,KODK,Industrials,Specialty Business Services,NYSE,101.93,76.02,99.37,75.69,100.07,72.1,105.43,74.35,81.21,31.03,172.55,94.3,9.21,-6.12,-3.15,-1.07,10.04,4.66,60.07,960399041.0804749,97900000.0,0.104499996,-38.06,755000,0.86,9.7,-5.05,9.69,-4.95,9.59,-3.96,9.51,-3.15,3.59,3.02,831180,878316,895420,0.183
1385,RMT,Financial Services,Asset Management,NYSE,101.92,76.0,96.03,55.72,104.41,76.75,107.26,76.27,115.82,81.82,122.5,82.87,13.29,-2.28,-1.34,-1.12,-1.32,31.05,82.34,737004502.272419,54191506.0,0.00029999999,-10.08,77395,0.79,13.43,-1.04,13.43,-1.04,13.42,-0.97,13.67,-2.78,1.73,47.97,86539,97643,97747,0.089
1386,UUU,Industrials,Building Products & Equipment,NYSE ARCA,101.92,76.0,103.61,85.46,90.77,55.37,90.67,44.6,71.05,21.91,169.22,93.9,5.2,6.56,1.76,-3.35,62.5,2.56,56.0,14778899.786580086,3028463.0,0.0168,-33.5,17900,0.75,5.06,2.77,5.03,3.38,5.03,3.38,4.85,7.22,6.98,41.34,22360,23863,32484,-0.971
1387,TLX,Healthcare,Biotechnology,NASDAQ,101.91,75.97,96.17,56.39,103.49,75.68,111.36,80.68,93.03,52.79,89.29,42.49,11.21,6.26,-2.1,-0.71,11.43,39.25,85.19,3584724366.508711,339784294.0,0.0011,-14.49,313000,0.73,11.0,1.91,11.02,1.72,11.44,-2.01,11.46,-2.18,3.22,36.0,410990,426193,306984,0.223
1388,BME,Financial Services,Asset Management,NYSE,101.9,75.96,97.27,61.71,104.12,76.39,104.98,73.81,102.44,67.53,95.87,56.29,43.94,1.38,-2.01,-0.04,2.14,12.68,69.79,560130625.9920616,12924103.0,0.0026,-5.36,50090,1.29,43.08,2.0,43.57,0.85,44.06,-0.27,44.36,-0.95,1.52,140.57,41679,38839,42079,-0.038
1389,BUSE,Financial Services,Banks - Regional,NASDAQ,101.89,75.92,94.66,48.27,104.55,76.98,107.48,76.54,111.85,78.33,105.1,69.1,28.93,-2.69,-3.86,-4.96,-7.51,20.75,76.24,2455012864.0792694,82576956.0,0.0559,-8.74,535200,0.68,29.21,-0.96,29.35,-1.43,29.77,-2.82,30.29,-4.49,1.86,7.42,791940,783980,730280,-0.009
1390,ADX,Financial Services,Asset Management,NYSE,101.89,75.92,99.42,75.9,103.49,75.68,104.52,73.27,106.67,72.77,103.76,67.56,26.17,1.47,0.73,1.43,3.85,21.52,76.87,3221870745.4942017,124927128.0,0.0095999995,-1.47,209475,0.85,26.03,0.54,25.88,1.12,25.83,1.32,25.93,0.93,1.17,119.67,236257,246469,256689,0.094
1391,TECH,Healthcare,Biotechnology,NASDAQ,101.89,75.92,98.33,70.27,109.56,81.51,120.43,86.84,110.23,76.8,91.77,48.63,72.46,0.08,-0.21,0.47,0.71,23.43,78.14,11353640670.485641,156818238.0,0.0482,-0.32,2228000,0.75,72.49,-0.04,72.46,0.0,72.44,0.03,72.31,0.21,0.21,13.02,3064930,2966376,2888874,0.013
1392,JCE,Financial Services,Asset Management,NYSE,101.88,75.89,101.61,82.14,101.56,73.94,100.25,67.58,98.21,61.41,96.75,57.55,17.17,2.02,2.14,4.13,7.18,15.3,71.85,286155069.4427986,17002678.0,0.002,-1.6,12863,0.4,17.01,0.94,16.92,1.48,16.82,2.08,16.73,2.63,1.46,27.84,34506,32138,33319,
1393,VOD,Communication Services,Telecom Services,NASDAQ,101.86,75.87,93.2,40.98,114.29,85.01,116.06,84.3,109.44,75.87,121.47,82.26,15.56,-7.49,-6.38,-10.57,-3.59,23.06,77.82,38967325112.85143,2316725673.0,0.004,-12.14,6516800,1.89,16.43,-5.3,16.44,-5.35,16.76,-7.16,16.42,-5.24,2.41,15.97,3995920,3452453,3643158,
1394,CHE,Healthcare,Medical Care Facilities,NYSE,101.84,75.86,96.04,55.77,105.82,78.42,110.5,79.74,107.02,73.22,72.75,21.2,499.82,-1.51,-2.41,-3.13,-6.42,15.16,71.77,6633005207.5,13069961.0,0.0589,-10.27,134500,0.9,504.13,-0.85,506.25,-1.27,505.78,-1.18,521.39,-4.14,2.27,56.22,152790,149856,156650,0.088
1395,INMB,Healthcare,Biotechnology,NASDAQ,101.78,75.84,87.87,24.69,115.03,85.48,133.96,91.52,114.78,80.89,61.69,13.68,1.89,-2.07,-6.9,-14.86,6.78,0.53,52.19,53564811.31425583,27753789.0,0.0908,-27.31,91600,0.29,1.88,0.53,1.92,-1.56,2.05,-7.8,2.13,-11.27,5.39,49.05,246250,314323,344998,
1396,EVT,Financial Services,Asset Management,NYSE,101.77,75.82,98.18,68.62,102.99,75.32,106.46,75.45,101.17,65.71,100.49,62.82,28.12,1.22,-0.39,-1.35,1.32,20.11,75.71,2070798535.1444664,74542782.0,1.44,-5.16,76340,0.86,27.75,1.33,27.83,1.04,28.02,0.36,28.44,-1.13,1.54,108.85,96694,89001,90126,-0.127
1397,INSP,Healthcare,Medical Devices,NYSE,101.76,75.81,106.6,89.08,110.19,81.96,109.87,79.14,61.41,15.92,48.88,8.46,68.89,-1.54,-2.28,-5.63,37.72,-29.65,24.29,2022858974.040985,28910375.0,0.17790002,-53.15,867300,0.98,68.4,0.72,69.53,-0.92,71.18,-3.22,64.98,6.02,4.85,61.6,979330,881090,797080,-0.076
1398,SHOO,Consumer Cyclical,Footwear & Accessories,NASDAQ,101.75,75.79,99.65,76.53,106.39,79.06,102.17,70.41,113.47,79.73,115.37,78.72,44.3,-3.63,-1.69,3.19,-6.91,3.07,57.27,3363951146.4775085,73177095.0,0.08189999,-10.87,1026000,0.9,44.87,-1.27,45.08,-1.73,43.9,0.91,44.84,-1.2,2.91,58.98,1114180,1134246,1064724,0.191
1399,QCRH,Financial Services,Banks - Regional,NASDAQ,101.74,75.77,95.11,50.97,103.2,75.49,106.69,75.67,109.7,76.24,108.36,73.13,97.21,-3.7,-3.68,-5.08,-5.57,14.34,71.03,1653118183.325592,16375614.0,0.0304,-10.08,115200,1.03,98.47,-1.28,98.94,-1.75,99.9,-2.69,101.45,-4.18,2.01,11.25,120160,111740,117552,0.156
1400,WSBF,Financial Services,Banks - Regional,NASDAQ,101.72,75.76,93.6,42.88,102.31,74.63,113.1,82.07,112.36,78.77,112.79,76.85,19.48,-1.45,-3.63,-8.05,-4.01,21.75,77.1,358461947.92076874,17977028.0,0.028399998,-10.06,76900,0.84,19.59,-0.56,19.64,-0.81,20.12,-3.18,20.55,-5.21,2.1,44.09,69190,91183,77796,0.052
1401,BMY,Healthcare,Drug Manufacturers - General,NYSE,101.68,75.74,92.81,39.32,106.28,78.96,109.4,78.48,105.98,71.98,108.7,73.44,59.12,-3.32,-4.98,-6.14,-7.91,12.97,70.12,124912004331.3352,2042714656.0,0.020599999,-13.87,9252700,0.81,59.36,-0.4,60.6,-2.44,61.44,-3.78,63.53,-6.94,2.39,26.88,12896120,11384560,11235490,0.057
1402,JMSB,Financial Services,Banks - Regional,NASDAQ,101.66,75.72,98.21,68.86,99.44,71.32,101.13,68.97,103.3,68.72,103.96,67.77,22.8,-0.91,-1.26,-1.08,-0.75,11.04,68.09,324720206.57001114,14112134.0,0.0328,-6.02,136400,1.53,22.89,-0.39,22.91,-0.48,23.02,-0.96,23.08,-1.21,1.69,2.59,102820,88903,70182,0.243
1403,SAN,Financial Services,Banks - Diversified,NYSE,101.65,75.71,92.26,36.97,109.25,81.31,119.04,86.07,114.16,80.24,120.5,81.8,13.49,0.97,-6.45,-9.83,-4.39,16.52,72.93,193671972636.65414,14496405510.0,0.0034,-10.37,7354700,0.89,13.71,-1.6,13.74,-1.82,14.16,-4.73,14.42,-6.45,2.46,27.16,9742470,8272206,13252880,0.102
1404,BZFD,Communication Services,Internet Content & Information,NASDAQ,101.63,75.68,104.39,86.51,86.87,44.03,84.26,33.09,120.09,84.58,51.38,9.32,1.19,7.21,14.42,10.19,-0.83,29.91,82.0,97274554.88362491,87634733.0,0.042600002,-46.15,304500,0.85,1.18,0.85,1.15,3.48,1.11,7.21,1.12,6.25,5.88,28.57,391560,359760,392238,-0.218
1405,GRMN,Technology,Scientific & Technical Instruments,NYSE,101.63,75.68,95.04,50.58,116.18,86.16,111.85,80.99,94.29,55.05,112.58,76.64,268.36,-4.55,-8.76,-5.06,-9.46,31.99,82.61,54222419728.00708,192852536.0,0.0188,-14.61,586800,0.71,275.54,-2.61,281.24,-4.58,282.03,-4.85,288.15,-6.87,2.86,21.76,760930,825890,839792,0.114
1406,DCOM,Financial Services,Banks - Regional,NYSE,101.6,75.66,92.8,39.26,105.86,78.51,109.37,78.47,117.43,82.79,118.46,80.79,38.14,-4.36,-5.52,-6.31,-6.52,23.75,78.41,1760965055.7643318,44156595.0,0.1146,-9.13,460000,1.33,38.85,-1.83,39.21,-2.73,39.93,-4.48,40.35,-5.48,1.97,13.31,438460,345313,324878,0.12
1407,WELL,Real Estate,REIT - Healthcare Facilities,NYSE,101.59,75.62,94.29,46.13,103.96,76.17,108.93,78.12,116.94,82.55,109.52,74.03,225.47,-0.98,-2.55,-4.31,-3.95,22.24,77.37,164081457462.63477,720572011.0,0.0277,-11.65,2834400,1.05,223.91,0.7,227.03,-0.69,229.84,-1.9,233.5,-3.44,2.14,30.69,2532800,2694253,2788972,0.391
1408,PDS,Energy,Oil & Gas Drilling,NYSE,101.59,75.62,96.77,59.26,98.21,69.7,103.0,71.54,108.38,74.84,130.39,85.79,84.14,-0.91,2.77,-6.27,10.43,23.19,77.9,1068802123.7966919,12587470.0,8.24,-18.94,43600,0.44,84.99,-1.0,83.39,0.9,84.55,-0.48,85.36,-1.43,3.28,5.43,117470,99610,109220,0.114
1409,BVFL,Financial Services,Banks - Regional,NASDAQ,101.59,75.62,97.81,65.27,97.61,68.79,100.64,68.26,110.83,77.44,109.88,74.39,21.24,0.05,1.77,1.53,2.41,14.01,70.75,179830919.0424652,8470604.0,0.018,-4.19,15700,0.81,21.53,-1.35,21.32,-0.38,21.17,0.33,21.28,-0.19,2.14,0.0,17380,19460,16310,0.055
1410,BFST,Financial Services,Banks - Regional,NASDAQ,101.57,75.59,96.62,58.53,100.99,73.24,105.54,74.42,107.37,73.66,104.05,67.92,30.49,-1.33,-1.2,-2.96,-4.09,13.92,70.68,1005791372.283205,32549883.0,0.0359,-6.26,218400,1.04,30.65,-0.52,30.58,-0.29,30.76,-0.88,31.19,-2.24,1.57,3.96,213710,209626,212204,0.127
1411,TARS,Healthcare,Biotechnology,NASDAQ,101.56,75.57,99.66,76.59,104.92,77.44,112.85,81.87,83.7,33.81,99.98,62.19,73.16,0.22,-3.34,-7.75,22.88,-10.76,38.56,3415793224.0,46791688.0,0.135,-20.07,481800,0.59,73.51,-0.48,74.81,-2.21,76.23,-4.03,73.86,-0.95,3.74,71.69,877630,811773,773566,0.694
1412,BSM,Energy,Oil & Gas E&P,NYSE,101.56,75.57,99.87,77.15,96.79,67.42,101.57,69.59,100.03,64.01,94.86,54.25,14.81,1.72,2.7,-1.2,2.32,17.05,73.41,3097066003.0169077,212710571.0,0.0147,-4.39,215500,0.65,14.71,0.68,14.57,1.65,14.69,0.82,14.66,1.02,1.63,16.54,285440,332020,386972,0.132
1413,CHT,Communication Services,Telecom Services,NYSE,101.54,75.54,101.99,82.85,98.89,70.72,95.54,59.89,90.79,46.28,91.22,47.51,45.99,-0.37,-0.35,2.54,7.76,16.57,73.04,35808373156.430756,775744655.0,0.0062,-1.05,171500,0.71,46.04,-0.11,45.9,0.2,45.79,0.44,44.17,4.12,1.19,33.03,224370,241240,215954,0.082
1414,GWW,Industrials,Industrial Distribution,NYSE,101.49,75.53,97.87,65.65,98.76,70.56,103.42,71.97,118.72,83.63,102.17,65.23,1289.79,0.74,3.76,0.76,-4.66,25.37,79.56,60446958561.028076,47213119.0,0.026400002,-9.16,182600,0.7,1276.87,1.01,1269.65,1.59,1269.08,1.63,1292.01,-0.17,1.91,77.31,249960,260763,259386,0.103
1415,GOOD,Real Estate,REIT - Diversified,NASDAQ,101.47,75.51,98.94,74.09,100.65,72.77,100.15,67.4,100.93,65.36,95.59,55.86,12.68,-2.01,1.44,0.56,2.88,28.32,81.26,626393042.6274042,48407501.0,0.0833,-4.52,258800,0.59,12.7,-0.16,12.69,-0.08,12.65,0.24,12.71,-0.24,1.79,26.5,601310,439950,430006,0.113
1416,GASS,Industrials,Marine Shipping,NASDAQ,101.45,75.49,98.1,67.67,102.77,75.09,103.49,72.04,101.4,65.98,124.44,83.73,9.05,-3.1,1.8,-3.93,2.38,34.07,83.47,347314312.9140854,37185686.0,0.002,-14.22,82900,0.67,9.11,-0.66,9.08,-0.33,9.16,-1.2,9.2,-1.63,2.62,4.22,92080,124076,122096,-0.092
1417,FUSB,Financial Services,Banks - Regional,NASDAQ,101.42,75.48,97.94,66.02,100.45,72.54,108.08,77.1,106.24,72.33,105.01,68.96,16.4,-0.61,-0.24,-3.47,-2.14,23.56,78.27,90827698.5,5504709.0,0.0021,-3.47,27833,3.38,16.25,0.92,16.37,0.18,16.45,-0.3,16.43,-0.18,1.58,0.0,7983,8224,19498,0.299
1418,SPB,Consumer Defensive,Household & Personal Products,NYSE,101.41,75.46,88.55,26.1,111.72,83.12,114.26,82.89,127.02,87.87,130.62,85.92,77.37,-1.21,-8.88,-10.26,-12.38,30.26,82.12,1801015071.702301,22995596.0,0.1985,-21.9,250900,0.8,76.92,0.59,78.54,-1.49,82.46,-6.17,85.69,-9.71,2.87,40.46,366100,315346,346532,0.077
1419,KWR,Basic Materials,Specialty Chemicals,NYSE,101.4,75.44,96.43,57.55,104.1,76.36,103.91,72.55,105.12,71.09,99.06,60.64,155.95,-2.97,-4.59,-0.17,0.66,9.7,66.81,2765793868.9407654,17207702.0,0.158,-14.79,75500,0.5,158.7,-1.73,158.88,-1.84,157.81,-1.18,162.26,-3.89,2.57,13.49,150990,150860,153448,0.102
1420,ACT,Financial Services,Insurance - Specialty,NASDAQ,101.39,75.43,94.85,49.52,101.03,73.3,111.33,80.63,109.64,76.16,105.62,69.81,45.97,1.57,-2.13,-7.0,-2.73,15.7,72.23,6222510718.698223,137483671.0,0.1225,-9.08,249500,0.6,46.12,-0.33,45.67,0.66,47.1,-2.4,48.16,-4.55,2.61,39.6,403070,417653,386138,0.041
1421,SWBI,Industrials,Aerospace & Defense,NASDAQ,101.37,75.41,98.09,67.57,105.01,77.5,98.62,64.65,125.17,87.1,140.11,88.82,13.98,-4.51,-1.96,7.38,-5.55,40.27,85.49,656452930.5944824,44839680.0,0.0634,-20.39,355800,0.59,14.4,-2.92,14.32,-2.37,13.92,0.43,13.75,1.67,2.29,0.0,411950,602830,540662,0.323
1422,NIC,Financial Services,Banks - Regional,NYSE,101.34,75.38,94.7,48.46,104.75,77.21,109.23,78.4,108.95,75.38,108.97,73.65,162.79,-2.21,-3.33,-4.45,-3.78,28.59,81.41,3488797214.6929016,20957513.0,0.053200003,-9.56,131600,0.85,163.39,-0.37,164.04,-0.76,166.15,-2.02,169.96,-4.22,2.07,23.76,159210,154390,151706,0.861
1423,TDAY,Communication Services,Publishing,NYSE,101.34,75.38,99.32,75.53,91.29,57.29,95.19,59.29,154.14,94.38,149.29,91.13,6.82,-3.26,6.23,7.23,-21.7,27.0,80.51,1035066512.0532999,146817941.0,0.1933,-25.95,3552400,1.44,7.13,-4.35,6.87,-0.73,6.64,2.71,6.82,0.0,4.57,22.48,3081590,2466983,2661706,-0.083
1424,EQIX,Real Estate,REIT - Specialty,NASDAQ,101.32,75.35,97.65,64.08,99.41,71.29,105.37,74.29,103.13,68.43,124.46,83.75,1026.06,0.03,1.78,-1.12,-1.58,37.44,84.63,101209518873.14795,98671686.0,0.0197,-9.09,333800,0.66,1027.96,-0.18,1021.58,0.44,1024.74,0.13,1040.89,-1.42,2.42,77.54,456790,507443,537704,0.167
1425,CPBI,Financial Services,Banks - Regional,NASDAQ,101.32,75.35,96.76,59.24,100.14,72.19,111.96,81.15,107.24,73.47,96.89,57.73,20.0,-0.37,1.01,-6.54,0.44,19.23,75.12,78052466.1913414,3888043.0,0.0014,-8.4,8500,1.97,19.95,0.25,19.97,0.15,20.39,-1.91,20.69,-3.33,1.35,65.06,3720,4323,3222,0.131
1426,KEX,Industrials,Marine Shipping,NYSE,101.31,75.33,98.49,71.8,98.41,70.06,106.54,75.54,110.0,76.66,117.36,80.12,136.25,-1.18,5.72,-2.27,2.95,22.18,77.32,7279535742.1875,52800000.0,0.044299997,-13.6,445100,0.99,138.01,-1.28,135.62,0.46,135.43,0.61,136.55,-0.22,2.75,8.28,486570,448240,455930,0.078
1427,CV,Healthcare,Medical Devices,NASDAQ,101.29,75.3,100.72,79.89,81.66,33.84,97.32,62.82,109.95,76.56,109.99,74.55,6.59,6.81,-0.9,-0.15,-1.64,-49.66,14.74,328307906.74962807,53210357.0,0.0505,-57.12,58000,0.25,6.57,0.3,6.54,0.76,6.44,2.33,6.38,3.29,5.14,16.22,145490,227533,174070,0.099
1428,CCCC,Healthcare,Biotechnology,NASDAQ,101.29,75.3,90.67,31.96,96.07,66.21,103.88,72.51,134.88,90.71,136.07,87.69,3.16,7.12,6.04,-9.97,-13.66,51.2,88.62,362924157.0662956,123025136.0,0.32860002,-38.88,2506100,1.18,2.94,7.48,3.04,3.95,3.18,-0.63,3.57,-11.48,7.3,91.05,2339380,2119480,2228994,0.028
1429,FXNC,Financial Services,Banks - Regional,NASDAQ,101.25,75.28,96.49,57.84,98.82,70.65,106.16,75.13,111.9,78.41,118.2,80.59,29.46,-2.0,0.27,-5.15,-6.38,17.15,73.48,271821422.9107151,9042629.0,0.0231,-11.37,9412,0.38,29.79,-1.11,29.79,-1.11,30.2,-2.45,30.79,-4.32,2.98,5.69,20881,24633,28868,0.1
1430,DDS,Consumer Cyclical,Department Stores,NYSE,101.24,75.26,102.01,82.89,104.27,76.57,96.74,61.93,87.32,37.68,111.01,75.53,642.24,-1.81,-3.24,-1.24,6.68,5.04,60.75,10216838864.809448,15619451.0,0.283,-13.44,177000,0.91,658.21,-2.43,662.03,-2.99,653.92,-1.79,634.67,1.19,4.39,94.32,220270,195296,177232,-0.004
1431,ORIC,Healthcare,Biotechnology,NASDAQ,101.23,75.24,94.74,48.8,115.79,85.94,112.93,81.94,86.22,36.45,105.73,69.98,11.99,-1.76,-8.89,-0.42,3.01,42.74,86.43,1265080658.57193,103652656.0,0.1709,-19.69,1086600,0.74,12.1,-0.91,12.53,-4.31,12.69,-5.52,12.99,-7.7,6.96,10.79,1551710,1466106,1450638,
1432,ARDT,Healthcare,Medical Care Facilities,NYSE,101.21,75.23,104.48,86.61,94.72,64.15,101.97,70.14,87.49,37.89,86.13,33.83,11.3,9.28,7.21,2.91,5.31,28.12,81.17,1458414699.9018974,141045907.0,0.14770001,-27.0,568300,1.3,10.9,3.67,10.65,6.1,10.68,5.81,10.85,4.15,3.46,101.1,442320,436273,418488,-0.014
1433,GOOGL,Communication Services,Internet Content & Information,NASDAQ,101.18,75.18,100.6,79.45,101.43,73.71,99.16,65.62,117.15,82.64,131.41,86.12,351.66,2.38,2.25,3.89,5.46,13.74,70.54,4200982614448.5,12229934831.0,0.0149,-13.94,17259800,0.66,348.92,0.79,345.41,1.81,345.57,1.76,346.14,1.59,2.46,15.58,24082900,25965186,25762094,0.242
1434,NBXG,Financial Services,Asset Management,NYSE,101.18,75.18,102.15,83.23,99.11,70.97,98.86,65.14,99.61,63.45,96.85,57.7,16.03,0.31,2.69,4.78,11.28,19.6,75.36,1258608670.0258484,78761496.0,0.0005,-8.03,96593,0.8,16.1,-0.43,15.89,0.88,15.6,2.76,15.34,4.5,1.83,64.83,117019,120603,141479,
1435,RCUS,Healthcare,Biotechnology,NYSE,101.18,75.18,89.29,28.04,105.62,78.17,113.94,82.72,141.59,92.29,155.13,92.07,24.41,-0.12,-2.24,-0.73,-13.59,5.12,60.87,3073896146.450115,125773162.0,0.17709999,-23.08,795200,0.5,24.36,0.21,24.79,-1.53,25.03,-2.48,27.47,-11.14,5.1,53.01,1274520,1588133,1422204,-0.744
1436,KYN,Financial Services,Asset Management,NYSE,101.18,75.18,98.12,67.88,97.04,67.8,105.87,74.83,107.34,73.56,101.51,64.25,14.25,2.44,3.04,-3.39,-0.44,25.88,79.9,2352543162.7734146,169126038.0,0.0015,-6.06,231707,0.72,14.15,0.71,13.94,2.22,14.17,0.56,14.4,-1.04,1.74,20.17,325290,319920,307244,0.179
1437,NWBI,Financial Services,Banks - Regional,NASDAQ,101.15,75.14,94.21,45.86,105.43,78.04,108.24,77.34,112.31,78.73,99.91,62.05,14.67,-3.42,-4.18,-5.29,-5.31,22.58,77.53,2224714001.7233067,146459122.0,0.0775,-9.22,718400,0.66,14.84,-1.15,14.93,-1.74,15.15,-3.17,15.36,-4.49,1.96,3.47,1029880,1091066,983724,0.232
1438,PROV,Financial Services,Banks - Regional,NASDAQ,101.14,75.11,98.58,72.39,101.48,73.79,105.58,74.48,96.19,58.44,98.94,60.41,18.26,-0.27,-0.87,-1.99,3.62,16.98,73.32,114143767.65070724,6233958.0,0.0041,-3.84,9900,0.57,18.33,-0.38,18.28,-0.11,18.42,-0.87,18.25,0.05,1.67,3.28,13870,17490,15678,0.103
1439,FRPT,Consumer Defensive,Packaged Foods,NASDAQ,101.14,75.11,102.33,83.57,89.41,49.08,98.68,64.74,80.67,30.44,92.07,49.11,64.07,6.32,10.64,0.52,5.48,0.16,51.68,2895979458.5761185,48058074.0,0.1865,-25.5,893800,0.82,63.32,1.18,60.65,5.64,60.89,5.22,66.24,-3.28,3.24,14.45,1074740,1085173,1255702,0.155
1440,FDS,Financial Services,Financial Data & Stock Exchanges,NYSE,101.14,75.11,102.64,84.16,100.86,73.08,91.68,48.51,84.25,34.24,64.67,15.45,287.18,7.96,5.16,10.58,9.59,0.08,51.53,9460434438.0,35565543.0,0.1243,-10.39,657600,0.76,278.99,2.94,273.61,4.96,274.92,4.46,283.07,1.45,4.04,38.7,908430,866573,833960,0.063
1441,BSRR,Financial Services,Banks - Regional,NASDAQ,101.13,75.08,94.62,48.1,103.3,75.57,105.96,74.89,118.46,83.47,110.86,75.28,38.91,-2.14,-2.48,-4.47,-3.67,20.01,75.67,515424642.96136856,12963397.0,0.0376,-9.78,38900,0.85,39.36,-1.14,39.38,-1.19,39.84,-2.33,40.11,-2.99,2.15,19.1,42020,45806,50088,-0.032
1442,WEAV,Healthcare,Health Information Services,NYSE,101.11,75.06,98.84,73.77,109.87,81.71,111.26,80.57,105.47,71.51,67.23,17.34,7.38,0.14,0.41,0.96,12.5,5.88,61.93,592919777.8131771,80450446.0,0.0752,-4.16,3375200,1.77,7.38,0.0,7.37,0.14,7.35,0.41,6.98,5.73,0.38,35.81,1352960,1901676,3263558,0.155
1443,HWBK,Financial Services,Banks - Regional,NASDAQ,101.1,75.04,95.76,54.43,99.52,71.4,104.45,73.18,115.13,81.24,100.63,62.96,37.82,-2.1,-0.89,-4.54,-1.62,11.8,68.86,282531290.5819588,7313779.0,0.026099999,-6.85,10400,0.61,38.22,-1.05,38.28,-1.2,38.48,-1.72,38.96,-2.93,2.31,22.86,16490,17143,16212,0.149
1444,WHF,Financial Services,Asset Management,NASDAQ,101.09,75.03,101.6,82.09,97.46,68.56,92.55,52.67,83.23,33.29,94.37,53.54,7.02,0.57,-0.28,3.22,13.54,12.33,69.46,149905767.98963118,21476471.0,0.015700001,-10.46,53400,0.54,7.01,0.14,6.99,0.43,7.02,0.0,6.85,2.48,2.64,16.22,86580,98246,80334,-0.237
1445,ATRA,Healthcare,Biotechnology,NASDAQ,101.08,74.99,102.47,83.88,82.45,35.4,82.82,31.39,121.75,85.58,68.61,18.47,9.48,0.0,7.6,1.07,16.03,-46.92,15.82,95157486.20510101,10037710.0,0.055,-50.48,22100,0.49,9.45,0.32,9.01,5.22,9.14,3.72,9.12,3.95,7.24,21.84,43510,45443,46438,-0.964
1446,NBTB,Financial Services,Banks - Regional,NASDAQ,101.08,74.99,95.81,54.58,104.19,76.48,106.26,75.25,111.47,77.98,98.57,59.86,50.06,-2.85,-2.93,-3.23,-4.68,19.01,75.02,2677501879.902191,51960061.0,0.0629,-8.15,206700,0.6,50.48,-0.83,50.59,-1.05,51.03,-1.9,51.55,-2.89,1.69,4.73,358020,345233,318232,0.178
1447,CHCO,Financial Services,Banks - Regional,NASDAQ,101.08,74.99,97.5,63.06,101.55,73.91,104.77,73.6,100.78,65.16,94.1,52.97,139.97,-2.0,-1.41,-2.77,-3.13,15.92,72.38,2005929854.0698242,14045160.0,0.0999,-6.05,85100,0.68,140.8,-0.59,140.72,-0.53,141.55,-1.12,143.5,-2.46,1.71,18.81,114640,125180,111850,0.009
1448,CSTM,Basic Materials,Aluminum,NYSE,101.06,74.94,96.11,56.1,100.4,72.5,103.64,72.17,127.69,88.15,184.01,95.25,25.81,5.78,3.7,-1.38,-9.66,36.13,84.27,3306876511.5002747,135527728.0,0.0531,-30.22,1284400,0.83,25.52,1.14,25.01,3.2,25.24,2.26,26.77,-3.59,2.94,22.37,1713610,1552783,1521104,0.307
1449,USFD,Consumer Defensive,Food Distribution,NYSE,101.06,74.94,97.35,62.16,94.14,63.25,99.7,66.57,105.24,71.21,107.23,71.52,97.43,0.53,4.39,2.19,-3.1,25.98,79.99,20966773277.046616,216330723.0,0.0554,-12.56,1362300,0.58,96.35,1.12,95.22,2.32,94.38,3.23,101.02,-3.55,2.3,16.09,1939720,2363543,2279872,0.045
1450,CART,Consumer Cyclical,Internet Retail,NASDAQ,101.06,74.94,101.08,80.97,89.0,48.25,105.38,74.31,97.98,61.01,94.33,53.45,47.76,7.93,10.58,-1.99,6.73,6.09,62.29,10502002950.0,237333400.0,0.1058,-9.34,2733200,0.73,46.08,3.65,44.87,6.44,45.27,5.5,47.51,0.53,3.16,71.47,3210280,3753850,4041306,0.141
1451,ONC,Healthcare,Biotechnology,NASDAQ,101.03,74.89,100.33,78.57,107.08,79.65,107.68,76.75,89.7,41.49,94.81,54.14,354.47,-1.01,-1.77,2.3,10.06,13.12,70.22,40505653017.80145,113122161.0,0.0212,-7.98,318300,0.84,358.61,-1.15,360.81,-1.76,358.42,-1.1,356.54,-0.58,2.85,66.74,350640,379026,388064,0.296
1452,POWW,Industrials,Aerospace & Defense,NASDAQ,101.03,74.89,97.1,60.76,105.62,78.17,99.84,66.79,125.04,87.01,125.49,84.13,2.23,-2.62,-2.62,4.69,4.69,22.53,77.49,265779527.56262684,116060931.0,0.0319,-16.48,420600,0.81,2.22,0.45,2.25,-0.89,2.23,0.0,2.22,0.45,3.3,40.78,487320,522166,564044,0.221
1453,STRD,Technology,Software - Application,NASDAQ,101.03,74.89,103.05,84.75,105.21,77.8,96.11,60.74,71.55,22.3,89.38,42.77,72.86,-0.71,-1.17,-0.42,25.29,3.32,57.84,863293653.6872864,11764700.0,8.26,-13.96,68100,0.73,72.7,0.22,72.82,0.05,72.82,0.05,69.67,4.58,1.66,60.31,97140,93400,107612,0.069
1454,SONO,Technology,Consumer Electronics,NASDAQ,101.02,74.85,105.22,87.72,112.28,83.55,88.94,40.76,91.89,50.23,105.57,69.73,17.26,-2.49,-5.06,14.15,19.61,-4.32,45.52,2093803518.5511436,118293979.0,0.1308,-12.92,1013300,0.5,17.31,-0.29,17.57,-1.76,16.93,1.95,16.13,7.01,3.55,68.61,2095100,2031973,1798872,0.088
1455,AEIS,Industrials,Electrical Equipment & Parts,NASDAQ,101.02,74.85,99.78,76.93,97.32,68.33,102.77,71.16,113.6,79.84,212.97,96.64,288.66,-5.13,3.21,0.49,5.29,32.69,82.99,12186548442.8703,40050442.0,0.0623,-27.37,252200,0.5,293.04,-1.49,290.66,-0.69,278.14,3.78,290.56,-0.65,4.45,58.88,429720,504943,552246,0.3
1456,ASYS,Technology,Semiconductor Equipment & Materials,NASDAQ,101.0,74.82,100.53,79.21,105.58,78.15,102.9,71.34,160.27,95.15,223.45,96.94,16.45,-8.66,4.25,10.33,11.22,28.92,81.51,315320903.0172863,17508101.0,0.131,-36.02,162100,0.58,17.17,-4.19,17.04,-3.46,15.79,4.18,15.52,5.99,4.45,47.8,235620,277693,356718,0.145
1457,JANX,Healthcare,Biotechnology,NASDAQ,101.0,74.82,106.12,88.7,93.43,61.91,100.67,68.33,78.77,28.49,73.2,21.48,18.39,8.62,12.82,7.54,18.04,30.52,82.24,1035045585.5474625,61136773.0,0.1234,-47.96,1173000,1.21,17.63,4.31,17.28,6.42,17.02,8.05,17.32,6.18,4.87,7.81,862750,972583,863094,
1458,RUM,Communication Services,Internet Content & Information,NASDAQ,100.99,74.79,88.61,26.22,121.72,88.78,96.27,61.05,72.44,23.23,88.75,40.55,6.96,-8.12,-16.75,-2.93,17.97,-1.69,49.26,2088760262.606018,275743936.0,0.1673,-34.31,3415500,0.65,7.3,-4.66,7.49,-7.08,8.0,-13.0,7.95,-12.45,7.5,26.83,4072890,5257733,4913800,0.609
1459,TDACU,Financial Services,Shell Companies,NASDAQ,100.98,74.76,96.59,58.31,101.65,74.06,105.08,73.91,102.77,68.03,88.7,40.3,12.27,1.32,-2.39,-2.39,-2.39,17.53,73.76,,,,-29.03,320,18.82,12.14,1.07,12.31,-0.32,12.45,-1.45,12.52,-2.0,0.41,-0.0,52,17,10,
1460,OPLN,Consumer Cyclical,Auto & Truck Dealerships,NYSE,100.98,74.76,100.47,79.01,95.11,64.71,101.44,69.34,127.97,88.28,110.86,75.28,36.71,3.32,5.43,4.05,-9.38,20.16,75.78,4337142154.438934,122069865.0,0.027999999,-14.43,1276900,1.14,35.49,3.44,35.13,4.5,34.93,5.1,35.44,3.58,2.19,136.65,1265450,1124670,1333798,0.151
1461,FDX,Industrials,Integrated Freight & Logistics,NYSE,100.98,74.76,94.01,44.78,98.6,70.34,109.56,78.71,121.75,85.58,141.27,89.11,291.71,0.46,2.05,-6.13,-5.09,25.1,79.36,68719624039.74792,236670435.0,0.020499999,-15.54,1213400,0.76,290.13,0.54,289.03,0.93,294.37,-0.9,310.49,-6.05,1.82,32.34,1464740,1604530,1540258,0.125
1462,PBA,Energy,Oil & Gas Midstream,NYSE,100.97,74.73,99.17,74.94,94.12,63.23,101.37,69.28,115.86,81.9,100.09,62.38,47.31,3.09,5.93,0.07,-5.13,32.01,82.64,26687558595.046997,581555000.0,15.99,-8.28,1771900,1.56,46.65,1.41,45.86,3.16,46.22,2.36,47.26,0.11,1.98,34.2,1204580,1134803,1042268,0.201
1463,CBK,Financial Services,Banks - Regional,NASDAQ,100.88,74.7,91.89,35.54,105.08,77.6,115.32,83.67,118.9,83.77,106.83,71.0,30.89,-3.11,-3.74,-8.47,-9.17,25.41,79.59,436796476.1014366,13701270.0,0.042600002,-13.67,31255,0.79,31.27,-1.22,31.46,-1.81,32.12,-3.83,33.4,-7.51,2.47,10.49,30925,39491,42805,0.067
1464,CQP,Energy,Oil & Gas Midstream,NYSE,100.88,74.7,95.23,51.55,99.47,71.34,107.2,76.22,102.7,67.89,103.99,67.84,63.54,3.64,0.17,-6.2,-1.11,24.14,78.66,29677578496.992096,484057704.0,0.0153,-10.82,106800,0.89,63.6,-0.09,62.49,1.68,64.03,-0.77,66.24,-4.08,2.6,33.92,121830,120673,123378,0.052
1465,ZGN,Consumer Cyclical,Apparel Manufacturing,NYSE,100.86,74.68,97.5,63.06,105.96,78.69,95.21,59.31,125.73,87.36,122.75,83.03,12.68,1.28,-0.39,9.22,-14.61,20.54,76.11,3366495260.8477936,268889388.0,0.091800004,-20.5,570100,0.48,12.49,1.52,12.53,1.2,12.34,2.76,13.13,-3.43,3.13,93.25,916420,1189710,1048128,0.064
1466,PPHC,Industrials,Consulting Services,NASDAQ,100.85,74.65,104.9,87.33,107.45,79.83,93.34,55.13,65.22,18.37,106.02,70.28,11.13,5.6,0.63,-2.13,6.29,,,318482256.66733074,30216533.0,0.0087,-26.53,151500,0.62,10.84,2.68,10.7,4.02,11.26,-1.15,11.01,1.09,6.43,89.47,146030,243830,187708,0.073
1467,GLP,Energy,Oil & Gas Midstream,NYSE,100.85,74.65,97.96,66.23,94.93,64.5,104.97,73.8,98.13,61.2,88.5,39.56,49.37,5.27,3.85,-6.41,2.41,21.0,76.42,1587517166.749443,33848979.0,0.010299999,-9.06,120900,1.92,47.7,3.5,47.18,4.64,48.58,1.63,49.78,-0.82,2.62,108.41,70180,62963,72238,0.468
1468,EMO,Financial Services,Asset Management,NYSE,100.83,74.61,95.74,54.32,99.82,71.7,107.55,76.62,105.55,71.6,99.58,61.62,51.19,1.75,-0.39,-6.26,1.74,24.11,78.63,1006935911.8559074,20014627.0,0.0023,-9.12,35996,0.86,50.73,0.91,50.61,1.15,51.96,-1.48,52.58,-2.64,2.8,39.7,43669,41926,39427,
1469,MTDR,Energy,Oil & Gas E&P,NYSE,100.83,74.61,97.46,62.76,93.52,62.03,109.04,78.2,96.62,58.99,115.46,78.82,54.28,1.46,5.3,-11.09,13.22,32.34,82.74,6620850556.0,123754216.0,0.115100004,-18.79,759400,0.46,53.51,1.44,52.77,2.86,54.66,-0.7,54.95,-1.22,3.03,3.65,1367830,1642096,1841084,0.268
1470,HOPE,Financial Services,Banks - Regional,NASDAQ,100.83,74.61,94.53,47.57,105.93,78.57,108.82,78.02,110.25,76.83,106.83,71.0,13.28,-2.92,-3.98,-4.73,-4.41,20.42,76.01,1747508355.4637146,127741836.0,0.0729,-8.98,682000,0.74,13.43,-1.12,13.47,-1.41,13.69,-2.99,13.89,-4.39,2.1,10.74,1030060,922393,942780,0.71
1471,SATA,Financial Services,Asset Management,NASDAQ,100.82,74.58,99.12,74.79,102.82,75.14,102.51,70.82,98.37,61.61,99.57,61.59,99.1,-0.65,-0.39,0.39,4.64,17.62,73.86,,,0.4,-2.22,432800,0.75,99.37,-0.27,99.51,-0.41,99.35,-0.25,98.35,0.76,0.27,63.94,629750,573886,428124,0.946
1472,IA,Industrials,Aerospace & Defense,NASDAQ,100.81,74.54,99.2,75.07,98.4,70.03,112.07,81.22,93.96,54.64,154.88,92.01,19.41,2.21,2.75,1.73,11.17,6.47,63.0,339905291.1732044,17899173.0,0.048600003,-37.27,190600,0.72,19.41,0.0,19.09,1.68,18.77,3.41,19.71,-1.52,3.44,53.9,220890,262953,267964,0.107
1473,CENT,Consumer Defensive,Packaged Foods,NASDAQ,100.81,74.54,96.94,60.17,93.19,61.49,95.06,58.96,112.93,79.25,102.13,65.17,40.58,1.93,2.71,0.97,-6.24,25.87,79.88,2491811412.3378525,62592598.0,0.069699995,-13.6,34800,0.43,40.2,0.95,39.78,2.01,39.92,1.65,41.93,-3.22,2.09,120.1,71550,81213,101544,-0.082
1474,HURC,Industrials,Specialty Industrial Machinery,NASDAQ,100.81,74.54,92.5,37.87,106.73,79.39,112.26,81.37,118.96,83.85,86.77,34.84,21.0,-5.79,-3.0,-3.63,-0.94,37.7,84.79,144357223.30924988,6476322.0,0.0064,-14.25,34100,1.42,21.56,-2.6,21.78,-3.58,21.93,-4.24,22.11,-5.02,3.63,47.24,18800,24010,21564,0.032
1475,HSBC,Financial Services,Banks - Diversified,NYSE,100.8,74.5,90.05,30.16,111.58,83.06,121.57,87.47,120.69,85.01,124.56,83.78,92.98,-3.29,-7.89,-11.7,-12.76,22.69,77.58,328925471110.53345,3421317591.0,4.57,-13.84,2051500,1.28,94.71,-1.83,96.67,-3.82,99.52,-6.57,102.14,-8.97,1.97,22.95,2133180,1600240,1438882,0.254
1476,URI,Industrials,Rental & Leasing Services,NYSE,100.8,74.5,99.53,76.15,101.6,74.01,98.76,64.93,113.76,79.91,89.19,42.17,1056.37,-2.28,0.89,6.8,-0.98,30.12,82.06,67286622739.90723,62242489.0,0.028399998,-10.41,388000,0.82,1059.77,-0.32,1047.33,0.86,1030.56,2.5,1060.85,-0.42,3.27,49.11,553450,474356,453694,0.118
1477,MH,Consumer Defensive,Education & Training Services,NYSE,100.79,74.48,107.48,89.93,96.35,66.74,82.38,30.71,60.73,15.5,88.05,37.46,13.37,4.05,5.03,8.52,23.57,-22.58,29.14,2458318332.878521,191308814.0,0.0921,-25.72,355900,0.63,13.08,2.22,12.95,3.24,13.07,2.3,12.78,4.62,4.57,4.09,687270,564756,619648,0.026
1478,DXYZ,Financial Services,Asset Management,NYSE,100.77,74.46,97.6,63.72,100.39,72.48,103.27,71.8,82.52,32.35,87.21,35.56,30.74,-6.28,0.39,-4.27,30.81,-6.42,42.91,999273755.956543,30465664.0,0.0066000004,-57.82,568600,0.67,31.3,-1.79,31.19,-1.44,30.95,-0.68,30.96,-0.71,3.68,43.81,743220,849653,1024958,
1479,WOLF,Technology,Semiconductors,NYSE,100.75,74.45,107.43,89.89,102.75,75.06,93.32,55.07,112.85,79.13,102.32,65.52,30.61,-13.24,11.03,18.09,28.67,66.54,91.69,1867390409.707489,52930569.0,7.69,-62.13,3220100,0.92,31.67,-3.35,30.86,-0.81,28.2,8.55,28.03,9.2,8.78,24.75,5794830,3518016,3900714,-0.241
1480,FDSB,Financial Services,Banks - Regional,NASDAQ,100.73,74.43,94.83,49.38,104.55,76.98,113.59,82.48,112.02,78.54,97.95,59.08,17.32,-0.46,-2.42,-6.48,-1.59,17.98,74.16,91100447.20275497,5235658.0,0.0013,-7.34,5000,0.86,17.44,-0.69,17.39,-0.4,17.87,-3.08,18.05,-4.04,1.69,0.0,6560,5810,6064,-0.424
1481,CZR,Consumer Cyclical,Resorts & Casinos,NASDAQ,100.72,74.41,97.57,63.51,97.48,68.65,99.21,65.69,102.39,67.47,100.91,63.38,29.5,-0.51,-0.3,-0.57,-0.37,17.91,74.09,6042080598.864052,203780124.0,0.1076,-4.47,4742100,1.03,29.56,-0.2,29.59,-0.3,29.62,-0.41,29.7,-0.67,0.4,29.91,4787630,4590536,4295310,0.03
1482,NREF,Real Estate,REIT - Mortgage,NYSE,100.71,74.4,92.86,39.62,105.01,77.5,111.66,80.82,116.55,82.37,95.22,55.2,15.38,-2.72,-2.47,-8.37,-6.2,20.43,76.03,297987346.3989477,18848029.0,0.063,-16.55,46300,0.68,15.44,-0.39,15.57,-1.22,15.89,-3.21,16.4,-6.22,3.01,38.88,68930,68153,60636,-0.137
1483,RXRX,Healthcare,Biotechnology,NASDAQ,100.7,74.37,123.46,96.46,88.19,46.49,77.83,25.98,60.26,15.14,62.7,14.35,4.36,5.83,16.58,36.25,43.42,-0.91,50.12,2209436817.0686445,536271087.0,0.3495,-39.28,35343600,1.44,4.4,-0.91,4.2,3.81,3.9,11.79,3.56,22.47,9.12,118.24,34909000,24542593,20988762,-0.601
1484,EML,Industrials,Tools & Accessories,NASDAQ,100.7,74.37,95.74,54.32,95.74,65.77,102.83,71.21,112.49,78.88,99.49,61.41,24.59,-0.08,2.03,0.45,2.56,27.43,80.81,148420797.22097778,6030914.0,0.0301,-17.79,3300,0.32,24.9,-1.24,24.51,0.33,24.81,-0.89,25.25,-2.61,3.58,3.4,5930,10280,11510,-0.119
1485,GROW,Financial Services,Asset Management,NASDAQ,100.68,74.34,95.47,52.83,98.16,69.61,97.02,62.38,100.79,65.18,99.51,61.44,2.93,2.73,-1.41,1.24,2.2,24.52,78.93,35172839.2698679,12298196.0,0.0013,-19.73,5900,0.28,2.91,0.69,2.89,1.38,2.93,0.0,3.05,-3.93,2.67,38.28,10020,20906,17538,0.391
1486,ELV,Healthcare,Healthcare Plans,NYSE,100.68,74.34,99.71,76.75,104.81,77.28,111.03,80.33,99.43,63.21,81.49,28.63,412.7,6.8,4.19,-1.44,10.12,21.63,76.99,83804798146.30188,216869290.0,0.0275,-5.4,2077000,1.74,402.51,2.53,395.68,4.3,402.84,2.45,398.62,3.53,2.44,116.97,1136210,1190780,1075576,0.014
1487,PFAI,Consumer Defensive,Farm Products,NASDAQ,100.66,74.31,95.68,53.97,98.84,70.69,105.04,73.86,120.14,84.61,142.52,89.51,3.05,20.55,2.01,1.46,-1.93,40.55,85.55,29765702.66339779,11765100.0,0.0025,-38.13,134900,0.13,3.48,-12.36,3.06,-0.33,2.98,2.35,2.87,6.27,22.96,2.86,3193480,1064906,646342,-0.033
1488,TEO,Communication Services,Telecom Services,NYSE,100.59,74.3,91.74,34.99,108.41,80.48,104.72,73.47,120.51,84.88,110.38,74.9,12.37,5.55,-4.99,-6.64,-11.01,10.05,67.11,5048244810.459349,430737602.0,0.0031,-24.3,422700,1.28,12.6,-1.83,12.29,0.65,13.05,-5.21,13.26,-6.71,4.93,8.2,340670,330760,288466,0.004
1489,PAY,Technology,Software - Infrastructure,NYSE,100.56,74.28,97.77,64.9,100.9,73.14,128.34,90.06,91.61,49.59,88.34,38.65,31.88,3.41,5.67,-12.37,-8.57,2.41,55.68,3882719307.4015675,125939647.0,0.077,-29.64,423900,0.38,31.69,0.6,31.06,2.64,32.66,-2.39,35.92,-11.25,4.11,23.66,934870,1121063,1209320,0.288
1490,HRB,Consumer Cyclical,Personal Services,NYSE,100.55,74.26,98.06,67.25,97.92,69.3,109.1,78.26,94.53,55.67,58.71,12.21,44.05,5.69,4.41,-2.37,0.36,6.12,62.41,5105510944.9019165,122493064.0,0.234,-24.92,1494700,0.77,43.29,1.76,42.22,4.33,43.23,1.9,46.77,-5.82,3.23,6.32,1923090,1943926,2209828,0.03
1491,ALRM,Technology,Software - Application,NASDAQ,100.54,74.25,100.44,78.93,100.2,72.29,101.18,69.07,98.21,61.41,80.5,27.88,55.65,1.77,4.25,0.52,2.64,6.45,62.95,2684253682.0211487,49090228.0,0.090900004,-4.29,236500,0.52,55.59,0.11,54.96,1.26,54.56,2.0,55.59,0.11,2.33,42.72,461240,458816,421996,0.092
1492,RGLD,Basic Materials,Gold,NASDAQ,100.53,74.23,96.23,56.77,106.4,79.08,108.14,77.15,78.67,28.36,113.14,77.16,236.23,0.68,-6.25,-6.17,16.58,2.83,56.67,19880544314.76622,84727857.0,0.0297,-22.86,563400,0.88,232.66,1.53,234.36,0.8,242.97,-2.77,242.99,-2.78,2.78,33.9,591050,641423,690458,1.155
1493,CLAR,Consumer Cyclical,Leisure,NASDAQ,100.51,74.2,96.31,57.12,100.76,72.94,101.3,69.18,97.35,60.17,75.78,23.44,3.5,1.45,-2.23,-1.41,9.79,5.87,61.9,132094136.5757215,38288155.0,0.026800001,-12.06,153100,1.34,3.44,1.74,3.44,1.74,3.5,0.0,3.58,-2.23,2.65,64.62,113970,113960,125216,0.016
1494,MAR,Consumer Cyclical,Lodging,NASDAQ,100.51,74.2,102.59,84.1,97.48,68.65,93.62,55.78,106.83,72.97,123.74,83.38,365.88,1.93,3.93,9.32,-2.36,17.31,73.59,93604664512.25244,260766288.0,0.030299999,-10.97,834100,0.56,360.13,1.6,359.02,1.91,350.31,4.44,349.75,4.61,1.89,83.42,1222890,1480463,1599684,0.111
1495,MANU,Communication Services,Entertainment,NYSE,100.5,74.18,95.34,52.18,100.22,72.33,99.95,67.06,115.76,81.77,95.54,55.76,20.51,2.14,0.54,2.29,-12.43,29.32,81.68,3463627158.279951,172491393.0,0.1148,-16.11,273400,0.69,20.31,0.98,20.44,0.34,20.33,0.89,21.53,-4.74,3.45,19.76,421860,394173,368090,-0.041
1496,IGD,Financial Services,Asset Management,NYSE,100.47,74.16,98.24,69.31,100.65,72.77,100.99,68.82,102.23,67.2,97.79,58.89,6.31,3.95,-0.13,0.5,-0.32,16.5,72.91,478731893.5186777,78868514.0,0.0073,-6.38,888283,2.76,6.17,2.27,6.17,2.27,6.24,1.12,6.37,-0.94,1.92,33.05,436818,322256,297887,-0.066
1497,ON,Technology,Semiconductors,NASDAQ,100.45,74.14,98.14,68.19,107.08,79.65,100.31,67.73,123.6,86.42,147.48,90.73,77.53,-8.67,0.43,1.83,-7.42,37.54,84.7,33049256819.948776,389318613.0,0.1043,-42.54,10292800,0.91,82.34,-5.84,80.51,-3.7,76.23,1.71,76.42,1.45,4.38,51.49,11551270,11274186,10353432,0.092
1498,ORRF,Financial Services,Banks - Regional,NASDAQ,100.45,74.14,96.08,55.91,101.51,73.88,104.44,73.17,107.09,73.31,106.69,70.82,40.9,-1.85,-2.08,-3.4,-3.76,15.4,71.99,819633279.4038391,19669626.0,0.0322,-6.64,78005,0.82,41.17,-0.66,41.15,-0.61,41.57,-1.61,42.13,-2.92,2.2,20.05,84960,95660,95576,0.0
1499,BNY,Financial Services,Banks - Diversified,NYSE,100.43,74.11,90.25,30.79,108.62,80.66,120.25,86.77,123.97,86.55,119.09,81.05,142.71,-1.85,-4.96,-12.26,-8.57,23.32,78.06,98654498105.53937,678504142.0,0.0001,-13.95,2884200,0.77,143.3,-0.41,144.59,-1.3,149.29,-4.41,156.12,-8.59,1.9,11.43,3543200,3743923,3173762,0.131
1500,ST,Technology,Scientific & Technical Instruments,NYSE,100.42,74.1,97.15,60.91,101.86,74.26,101.53,69.47,115.67,81.68,126.16,84.4,42.29,-2.8,0.24,-3.09,-11.65,25.46,79.61,6332265111.342888,145535862.0,0.0509,-21.53,769800,0.58,42.8,-1.19,42.5,-0.49,42.22,0.17,43.21,-2.13,2.86,77.69,1121100,1319796,1317810,0.05
1501,CIVB,Financial Services,Banks - Regional,NASDAQ,100.41,74.08,94.72,48.67,101.34,73.56,104.74,73.51,117.31,82.72,103.1,66.49,26.41,-2.11,-2.4,-3.75,-8.05,15.23,71.8,561028531.7211533,20794238.0,0.031400003,-11.88,59000,0.44,26.7,-1.09,26.67,-0.97,26.94,-1.97,27.52,-4.03,2.32,9.78,100590,132930,142816,0.135
1502,EXTR,Technology,Communication Equipment,NASDAQ,100.39,74.06,101.25,81.37,90.15,52.38,93.27,54.99,151.73,94.0,105.63,69.83,24.19,4.63,12.41,8.96,-18.93,42.38,86.34,3055786579.3220615,132170695.0,0.0851,-28.28,1331900,0.89,24.17,0.08,22.95,5.4,22.47,7.65,23.26,4.0,3.44,80.51,1783380,1493166,1617130,0.103
1503,EIG,Financial Services,Insurance - Specialty,NYSE,100.38,74.04,99.39,75.77,95.13,64.74,107.09,76.07,104.48,70.23,84.63,32.05,49.4,0.55,4.44,-0.52,-3.57,17.61,73.85,882399678.9638901,17960506.0,0.112799995,-6.07,182300,1.09,49.27,0.26,48.76,1.31,48.81,1.21,48.97,0.88,2.26,0.89,155880,166886,164390,-0.106
1504,HCI,Financial Services,Insurance - Property & Casualty,NYSE,100.38,74.04,103.76,85.63,89.28,48.81,100.15,67.4,97.74,60.68,84.39,31.73,191.69,4.04,9.57,3.21,5.54,-0.41,50.78,2291861244.75,12438867.0,0.0544,-8.94,156000,0.96,188.22,1.84,183.24,4.61,183.18,4.65,183.77,4.31,2.55,29.3,164760,162616,163344,0.111
1505,GLBE,Consumer Cyclical,Internet Retail,NASDAQ,100.34,74.01,101.6,82.09,102.38,74.69,96.15,60.81,98.68,62.14,85.36,32.82,40.39,2.75,0.55,8.63,1.3,2.3,55.36,6602798370.878109,167967391.0,0.0353,-8.18,814000,0.55,39.59,2.02,39.65,1.87,39.27,2.85,39.6,1.99,3.76,48.78,1284930,1484596,1437750,0.391
1506,REGN,Healthcare,Biotechnology,NASDAQ,100.33,73.98,95.77,54.5,106.81,79.46,109.91,79.19,92.21,50.95,106.93,71.21,746.54,1.54,-5.27,-4.47,1.23,-3.84,46.41,75692508434.37476,102954988.0,0.025999999,-13.13,466000,0.66,738.68,1.06,742.45,0.55,767.17,-2.69,789.47,-5.44,2.9,63.38,738570,710533,722694,0.167
1507,GOOG,Communication Services,Internet Content & Information,NASDAQ,100.33,73.98,100.26,78.32,100.7,72.86,98.37,64.26,117.04,82.6,129.83,85.63,347.86,2.21,1.99,3.7,4.32,11.95,68.97,4162458394376.448,12229934831.0,3.28,-14.0,11129700,0.66,345.7,0.62,342.1,1.68,342.11,1.68,343.28,1.33,2.45,11.52,15327710,16819000,16995986,0.242
1508,DBI,Consumer Cyclical,Footwear & Accessories,NYSE,100.33,73.98,96.84,59.61,102.18,74.43,88.06,38.98,113.91,79.98,184.65,95.31,5.7,-5.94,-7.01,-2.28,-7.17,-23.18,28.64,309807825.31469536,51123404.0,0.36099997,-37.84,594300,0.81,5.86,-2.73,6.0,-5.0,6.08,-6.25,5.93,-3.88,4.38,32.04,585760,737493,605446,-0.012
1509,NBBK,Financial Services,Banks - Regional,NASDAQ,100.31,73.95,97.39,62.4,99.97,71.97,102.34,70.62,97.72,60.63,108.59,73.37,22.12,-1.99,-2.12,-2.94,-2.43,6.71,63.28,988983305.9276581,43818490.0,0.0405,-5.75,179600,0.69,22.36,-1.07,22.36,-1.07,22.54,-1.86,22.61,-2.17,1.91,1.18,251590,261503,290312,0.486
1510,ECG,Industrials,Engineering & Construction,NYSE,100.3,73.93,99.68,76.65,93.17,61.43,98.04,63.67,127.43,88.02,167.43,93.73,122.44,-0.74,4.7,2.53,-0.41,36.03,84.21,6295982022.21669,51041606.0,0.0454,-28.64,289300,0.7,125.76,-2.64,122.37,0.06,118.37,3.44,123.17,-0.59,4.09,32.57,386960,412946,496140,0.337
1511,CM,Financial Services,Banks - Diversified,NYSE,100.28,73.91,93.86,44.06,105.22,77.82,108.4,77.55,121.71,85.54,127.8,84.94,109.2,-1.64,-3.23,-4.11,-7.05,20.84,76.3,100798989167.86102,907935437.0,13.01,-12.54,543800,0.39,109.52,-0.29,110.26,-0.96,111.69,-2.23,114.78,-4.86,1.87,69.67,1231670,1390220,1244676,0.166
1512,UYSCU,Financial Services,Shell Companies,NASDAQ,100.26,73.9,102.8,84.41,95.26,65.14,94.57,57.97,90.51,45.04,94.17,53.14,11.78,2.52,4.71,4.71,9.68,12.94,70.08,,,10.29,-16.34,0,0.0,11.72,0.51,11.53,2.17,11.39,3.42,11.12,5.94,0.65,0.0,60,36,24,
1513,USPH,Healthcare,Medical Care Facilities,NYSE,100.25,73.88,104.76,87.09,102.53,74.82,98.7,64.79,83.07,32.99,85.19,32.67,84.67,1.13,-0.2,7.56,6.29,7.28,63.96,1249328294.776184,14922698.0,0.1038,-9.44,143500,0.81,83.75,1.1,84.3,0.44,83.33,1.61,80.56,5.1,2.61,54.77,190050,176256,194532,0.085
1514,AMBP,Consumer Cyclical,Packaging & Containers,NYSE,100.24,73.84,94.06,45.06,97.67,68.91,114.62,83.19,106.33,72.4,101.68,64.49,4.4,-0.9,0.46,-9.09,-7.39,16.68,73.11,2653816068.3610296,597706314.0,0.065,-19.56,4907300,2.6,4.43,-0.68,4.41,-0.23,4.51,-2.44,4.79,-8.14,2.68,50.94,2085140,1885823,1887038,0.177
1515,SBET,Financial Services,Capital Markets,NASDAQ,100.24,73.84,104.94,87.4,127.14,90.69,102.93,71.4,45.22,8.22,94.69,54.04,8.59,-8.13,-10.8,-3.27,34.01,-10.24,39.05,2031040780.2642288,217223604.0,0.14130001,-56.04,7412800,0.9,9.09,-5.5,9.26,-7.24,9.25,-7.14,8.18,5.01,6.1,1.91,6675780,8269043,8432322,15.539
1516,AUR,Consumer Cyclical,Auto Parts,NASDAQ,100.24,73.84,94.84,49.46,103.98,76.21,113.31,82.24,101.28,65.86,88.99,41.44,5.83,2.82,-3.48,-9.33,-6.57,38.15,84.94,11363560522.464912,2004155268.0,0.17979999,-31.93,14409500,0.47,5.76,1.22,5.62,3.74,6.0,-2.83,6.22,-6.27,5.22,49.33,25417730,30660340,29990658,1.0
1517,WBI,Energy,Oil & Gas Equipment & Services,NYSE,100.24,73.84,92.28,37.05,99.43,71.31,111.94,81.12,127.01,87.85,101.87,64.67,29.98,3.92,0.6,-7.15,-8.79,45.25,87.12,1599822475.4536858,55453118.0,0.1099,-18.73,349100,0.54,29.68,1.01,29.09,3.06,29.87,0.37,31.27,-4.13,3.91,55.26,559840,649480,610442,1.28
1518,SY,Healthcare,Health Information Services,NASDAQ,100.23,73.8,104.34,86.43,114.17,84.91,96.7,61.84,47.62,9.02,126.09,84.36,2.49,-9.45,-7.78,-8.12,36.07,-13.84,35.87,276046023.0,100380372.0,0.0211,-47.58,94300,0.11,2.57,-3.11,2.64,-5.68,2.69,-7.43,2.5,-0.4,5.11,23.6,272070,877793,591826,0.456
1519,M,Consumer Cyclical,Department Stores,NYSE,100.22,73.78,100.68,79.68,99.0,70.85,96.81,62.04,128.16,88.48,116.24,79.32,22.67,-0.26,0.13,3.55,-8.29,1.52,53.75,5936545044.0228195,261176646.0,0.1523,-14.74,5433500,0.8,22.64,0.13,22.78,-0.48,22.46,0.93,22.88,-0.92,3.35,42.14,6859830,6799943,6082656,0.012
1520,RRC,Energy,Oil & Gas E&P,NYSE,100.2,73.76,102.14,83.19,90.59,54.56,97.55,63.08,85.48,35.65,104.09,67.99,40.89,6.96,5.91,-0.63,3.64,18.27,74.38,8933567751.480007,233679515.0,0.1195,-15.36,2714600,1.01,40.04,2.12,38.78,5.44,39.08,4.63,39.98,2.28,2.59,25.54,2811770,2685360,2515538,0.086
1521,INCY,Healthcare,Biotechnology,NASDAQ,100.18,73.73,90.26,30.83,111.79,83.19,112.94,81.97,117.73,83.02,107.58,71.97,112.79,-2.18,-8.96,-7.15,-8.29,11.99,69.03,23371050732.38443,202697746.0,0.083900005,-14.94,1122100,0.7,113.17,-0.34,116.77,-3.41,120.73,-6.58,122.61,-8.01,2.9,29.98,1803260,1608696,1505484,0.377
1522,NOV,Energy,Oil & Gas Equipment & Services,NYSE,100.18,73.73,92.45,37.69,106.62,79.24,110.36,79.57,112.75,79.06,120.35,81.71,18.97,0.9,-4.48,-10.09,-1.29,22.22,77.35,6701788478.028774,356478125.0,0.14140001,-13.5,1936600,0.61,19.02,-0.26,19.0,-0.16,19.72,-3.8,20.22,-6.18,3.0,12.3,3533720,3171373,3208442,-0.025
1523,CSWC,Financial Services,Asset Management,NASDAQ,100.18,73.73,97.61,63.78,97.17,68.04,102.2,70.46,101.56,66.25,103.66,67.39,23.54,0.09,1.77,-1.66,1.62,18.81,74.77,1499020581.015049,63733867.0,0.0646,-8.58,420600,0.7,23.6,-0.25,23.43,0.47,23.48,0.26,24.05,-2.12,1.54,8.28,493670,604770,608314,0.091
1524,EDU,Consumer Defensive,Education & Training Services,NYSE,100.17,73.69,105.19,87.69,100.34,72.43,100.08,67.25,81.1,30.9,101.4,64.01,58.63,5.75,3.83,5.03,3.62,6.21,62.57,8594839702.29927,155029580.0,0.0241,-9.76,312700,0.46,57.35,2.23,56.36,4.03,56.15,4.42,56.39,3.97,2.39,103.68,619030,672810,732788,0.23
1525,VINP,Financial Services,Asset Management,NASDAQ,100.17,73.69,119.12,95.58,82.21,34.82,85.63,35.05,82.31,32.18,94.57,53.93,11.54,22.12,23.42,22.25,18.65,-7.3,42.04,619132103.2036953,65516626.0,0.0105,-15.21,225700,3.7,10.97,5.2,10.16,13.58,9.74,18.48,9.63,19.83,3.24,187.2,84630,60956,51962,0.161
1526,SPXX,Financial Services,Asset Management,NYSE,100.16,73.65,100.34,78.62,99.2,71.08,100.07,67.22,100.05,64.05,92.79,50.63,18.94,1.07,1.5,2.22,4.99,12.94,70.08,336880449.1854954,17976545.0,0.0112,-2.32,306631,1.23,18.71,1.23,18.63,1.66,18.63,1.66,18.63,1.66,1.26,101.74,341393,249391,233782,3.76
1527,HBNC,Financial Services,Banks - Regional,NASDAQ,100.16,73.65,97.51,63.15,98.11,69.51,102.39,70.64,111.7,78.22,103.16,66.64,19.26,-1.13,0.74,-1.81,-5.62,11.97,69.01,1000191206.6163445,51344519.0,0.0398,-8.46,638300,1.05,19.32,-0.31,19.12,0.73,19.21,0.26,19.57,-1.58,2.13,19.53,786720,609380,556272,0.169
1528,KMDA,Healthcare,Drug Manufacturers - Specialty & Generic,NASDAQ,100.16,73.65,97.84,65.48,109.86,81.69,99.63,66.52,81.41,31.25,103.77,67.59,8.08,-2.77,-7.34,2.02,16.16,20.19,75.85,479572658.7662077,57710305.0,0.0050999997,-13.58,72800,0.57,7.97,1.38,8.21,-1.58,8.39,-3.69,8.01,0.87,3.16,70.59,94450,128633,142842,0.227
1529,SSNC,Technology,Software - Application,NASDAQ,100.13,73.61,103.03,84.69,98.32,69.82,96.97,62.29,81.1,30.9,77.81,25.09,81.03,3.18,3.08,0.95,5.38,-7.83,41.51,18427456549.435913,234654996.0,0.033800002,-9.9,747700,0.5,79.49,1.94,78.71,2.95,79.37,2.09,80.36,0.83,2.01,83.44,1221330,1502513,1555266,0.103
1530,NTB,Financial Services,Banks - Diversified,NYSE,100.1,73.59,94.79,49.1,101.92,74.33,106.12,75.08,115.06,81.17,113.91,77.74,57.5,-2.14,-2.46,-4.55,-6.11,15.96,72.4,2310836062.1114616,39326687.0,0.0229,-10.39,74500,0.48,58.03,-0.91,58.23,-1.25,58.72,-2.08,59.88,-3.97,1.64,19.63,151890,156593,171286,0.082
1531,ETSY,Consumer Cyclical,Internet Retail,NYSE,100.1,73.59,101.72,82.36,97.21,68.13,109.44,78.56,121.6,85.44,98.87,60.34,76.71,5.41,12.08,5.43,-7.75,37.65,84.76,6678957493.854767,91781748.0,0.1314,-12.8,2974800,0.95,73.12,4.91,72.09,6.41,72.39,5.97,77.3,-0.76,4.1,90.0,2795200,3117146,3206024,0.062
1532,TBN,Energy,Oil & Gas E&P,NYSE,100.09,73.56,93.61,42.95,107.39,79.79,119.64,86.43,100.0,63.91,131.44,86.17,34.02,1.1,-3.1,-13.06,4.39,35.43,83.94,1176404255.2447357,34960006.0,0.0119,-34.84,75300,0.51,34.34,-0.93,33.79,0.68,35.66,-4.6,36.33,-6.36,3.91,-0.0,124860,146806,127488,
1533,IFS,Financial Services,Banks - Regional,NYSE,100.09,73.56,93.87,44.1,107.71,79.98,107.77,76.81,125.23,87.16,110.49,74.96,53.84,1.37,-4.28,-1.63,-7.98,32.65,82.98,5899067925.083359,111072639.0,0.0105,-12.28,228600,1.11,53.56,0.52,53.96,-0.22,54.6,-1.39,55.34,-2.71,2.5,75.84,212990,205826,226196,0.038
1534,DSGN,Healthcare,Biotechnology,NASDAQ,100.08,73.52,84.55,18.36,108.19,80.4,147.05,94.33,147.31,93.48,213.22,96.66,11.65,-5.59,-3.88,-20.37,-7.69,16.97,73.3,772257582.8892021,62581651.0,0.115600005,-32.46,356600,0.5,11.84,-1.6,12.13,-3.96,12.46,-6.5,13.77,-15.4,5.68,37.8,529000,707220,622668,
1535,BCX,Financial Services,Asset Management,NYSE,100.08,73.52,97.25,61.6,101.68,74.1,107.79,76.84,96.72,59.15,110.23,74.72,12.16,2.18,0.75,-5.36,3.94,17.75,73.98,907233241.9174767,76238090.0,0.0002,-12.27,170717,1.09,11.95,1.76,11.93,1.93,12.19,-0.25,12.47,-2.49,1.56,116.23,163871,156223,154060,
1536,PPIH,Industrials,Building Products & Equipment,NASDAQ,100.05,73.49,106.97,89.41,102.52,74.79,101.25,69.14,80.9,30.69,131.3,86.06,31.32,-1.69,-1.32,1.33,29.1,-3.33,47.09,261098407.9419403,8195179.0,0.0557,-14.71,32300,0.38,31.73,-1.29,31.57,-0.79,31.03,0.93,28.61,9.47,2.99,59.76,62090,86046,82310,0.244
1537,QUIK,Technology,Semiconductors,NASDAQ,100.05,73.49,91.92,35.7,103.71,75.92,106.12,75.08,137.53,91.46,158.87,92.57,10.85,-8.59,-1.0,0.28,-15.7,67.96,91.93,217431583.5737009,18317741.0,0.094399996,-55.4,143100,0.64,11.18,-2.95,11.29,-3.9,10.97,-1.09,11.61,-6.55,4.45,80.77,182550,222130,237348,0.487
1538,UNP,Industrials,Railroads,NYSE,100.04,73.47,95.69,54.06,98.96,70.78,105.94,74.86,114.23,80.34,100.95,63.48,278.34,0.02,1.66,-2.13,-3.4,20.44,76.05,165319328858.25018,594075498.0,0.0514,-11.91,1363000,0.57,276.98,0.49,275.6,0.99,277.13,0.44,288.02,-3.36,1.4,46.86,2205210,2380390,2404826,0.115
1539,ZKIN,Basic Materials,Steel,NASDAQ,100.02,73.45,112.09,92.84,132.46,92.07,55.65,11.01,72.53,23.32,73.01,21.3,1.76,-2.28,-25.11,57.14,36.54,1.73,54.17,109342866.65010023,60712308.0,0.00029999999,-43.41,10700,0.21,1.76,0.0,1.84,-4.35,1.6,10.0,1.33,32.33,16.51,0.0,19140,51610,36688,
1540,NVRI,Industrials,Waste Management,NYSE,99.99,73.43,91.96,35.88,96.26,66.57,115.82,84.16,141.63,92.3,161.86,92.99,19.75,-2.28,3.13,-11.47,-11.08,7.69,64.46,569722279.1811752,28190119.0,10.45,-18.39,185700,0.64,19.9,-0.75,19.76,-0.05,20.19,-2.18,21.16,-6.66,3.58,18.4,279240,290386,329214,-0.667
1541,JCSE,Industrials,Specialty Industrial Machinery,NASDAQ,99.98,73.41,95.93,55.22,124.51,89.71,118.97,86.04,109.54,76.01,110.98,75.49,1.39,-2.11,-2.8,-3.47,-6.08,70.76,92.38,7457298.754624963,5251619.0,0.001,-44.4,3200,0.38,1.4,-0.71,1.42,-2.11,1.43,-2.8,1.47,-5.44,4.17,17.24,9270,8463,17368,0.617
1542,PSMT,Consumer Defensive,Discount Stores,NASDAQ,99.98,73.41,93.92,44.32,105.1,77.64,106.11,75.06,125.99,87.47,119.66,81.37,168.88,-1.05,-3.35,-1.13,-11.88,36.07,84.25,5267274010.2907715,30860524.0,0.104899995,-15.49,220300,0.96,169.93,-0.62,170.04,-0.68,170.27,-0.82,173.86,-2.86,2.34,84.12,240670,229396,234506,0.125
1543,JOE,Real Estate,Real Estate - Diversified,NYSE,99.96,73.37,98.54,72.24,100.01,72.03,96.66,61.69,95.19,56.81,117.04,79.94,64.86,-0.8,-0.67,-1.52,3.08,7.55,64.27,3722112730.0158463,56930451.0,0.0494,-11.8,284500,1.05,65.44,-0.89,65.55,-1.05,65.2,-0.52,66.09,-1.86,2.22,0.7,208090,270590,240228,0.23
1544,SLE,Communication Services,Internet Content & Information,NASDAQ,99.96,73.37,120.14,95.86,96.16,66.35,89.14,41.18,33.05,4.78,21.47,2.19,4.99,-5.85,-0.8,1.63,81.45,-27.43,26.03,246738964.87957,46554520.0,0.047199998,-91.88,160600,0.71,4.93,1.22,5.11,-2.35,5.0,-0.2,4.2,18.81,9.99,68.21,121170,225706,1668076,0.003
1545,EPRX,Healthcare,Biotechnology,NASDAQ,99.93,73.35,97.33,62.04,108.61,80.63,123.28,88.12,82.94,32.85,113.21,77.22,7.46,3.04,-6.87,-11.4,13.89,6.57,63.1,478371205.3970051,66073373.0,14.41,-19.96,1052400,1.24,7.66,-2.61,7.9,-5.57,8.1,-7.9,7.47,-0.13,8.3,29.88,1360630,848510,637530,
1546,GRVY,Communication Services,Electronic Gaming & Multimedia,NASDAQ,99.87,73.33,96.6,58.39,93.19,61.49,109.84,79.03,90.72,45.87,94.86,54.25,66.87,-2.38,0.54,-6.2,7.94,18.04,74.19,475999650.0,6948900.0,0.0081,-12.01,11000,0.45,67.44,-0.85,67.49,-0.92,68.57,-2.48,69.34,-3.56,2.39,20.62,19360,24603,34670,-0.046
1547,JAN,Real Estate,REIT - Residential,NYSE,99.86,73.32,91.67,34.84,106.74,79.41,115.69,83.99,109.82,76.36,94.06,52.93,28.15,-3.1,-6.32,-8.96,-7.11,,,6808535354.987595,234372996.0,0.085,-14.26,776200,0.45,28.28,-0.46,28.88,-2.53,29.68,-5.15,30.11,-6.51,2.71,17.04,1486540,1733113,1830812,0.454
1548,STRK,Technology,Software - Application,NASDAQ,99.85,73.3,106.27,88.9,99.38,71.23,91.82,49.19,66.26,19.06,78.93,26.22,76.2,-0.07,1.75,2.99,24.2,-0.37,50.83,,,0.16,-23.99,38100,0.39,75.89,0.41,75.47,0.97,74.28,2.58,70.86,7.54,2.19,49.63,91390,97533,99938,0.069
1549,FMNB,Financial Services,Banks - Regional,NASDAQ,99.84,73.28,96.13,56.16,100.2,72.29,103.82,72.38,98.39,61.67,95.18,55.12,14.97,-2.41,-2.98,-4.89,-4.71,11.95,68.97,908857763.520462,59247572.0,0.0377,-9.05,293700,0.8,15.15,-1.19,15.17,-1.32,15.37,-2.6,15.54,-3.67,1.77,-0.0,332640,365583,372716,0.564
1550,MNOV,Healthcare,Biotechnology,NASDAQ,99.82,73.27,83.09,16.16,176.22,97.07,125.5,89.03,93.93,54.56,90.41,45.99,1.52,-14.61,-41.09,-16.02,13.43,9.35,66.49,87613816.47176886,49221246.0,0.0078,-61.03,69900,0.11,1.62,-6.17,1.72,-11.63,2.21,-31.22,1.76,-13.64,15.98,0.0,371030,644383,402316,2.406
1551,BKH,Utilities,Utilities - Regulated Gas,NYSE,99.81,73.25,103.11,84.85,92.5,60.3,94.86,58.58,102.31,67.35,105.48,69.56,76.08,7.22,7.98,6.7,6.34,13.68,70.48,5410922815.548164,76253141.0,0.189,-3.32,1810200,1.54,73.93,2.91,72.08,5.55,71.41,6.54,72.13,5.48,2.66,47.92,1560230,1175393,1033760,0.031
1552,KMI,Energy,Oil & Gas Midstream,NYSE,99.78,73.22,102.1,83.1,91.67,58.23,95.07,58.99,102.05,67.02,104.84,68.83,32.49,4.57,5.66,5.28,3.58,24.28,78.78,69186740225.66394,2226802089.0,0.0239,-6.66,8119800,0.66,32.03,1.44,31.3,3.8,31.23,4.03,31.48,3.21,2.13,43.3,11374010,12272530,11522306,0.108
1553,TFSL,Financial Services,Banks - Regional,NASDAQ,99.78,73.22,92.18,36.66,104.02,76.28,108.83,78.05,124.17,86.62,105.1,69.1,16.07,-4.46,-3.89,-5.53,-9.31,19.55,75.31,4717047053.515663,280442755.0,0.1549,-17.55,688600,0.94,16.34,-1.65,16.39,-1.95,16.62,-3.31,17.04,-5.69,1.96,3.17,773910,733580,847526,0.152
1554,NWSA,Communication Services,Entertainment,NASDAQ,99.74,73.18,98.49,71.8,97.48,68.65,102.99,71.51,95.56,57.41,86.92,35.15,29.12,1.5,2.21,-1.09,4.02,11.69,68.74,15471404460.276558,539261212.0,0.032899998,-8.02,3342100,0.77,28.84,0.97,28.78,1.18,29.16,-0.14,29.39,-0.92,2.51,35.51,3999790,4364513,4172624,0.108
1555,AIZ,Financial Services,Insurance - Property & Casualty,NYSE,99.74,73.18,95.07,50.8,99.39,71.26,110.39,79.6,114.12,80.19,96.8,57.67,266.49,-0.31,0.56,-5.65,-5.36,11.52,68.57,13185229755.69806,49323767.0,0.0355,-12.32,374000,1.02,268.69,-0.82,266.77,-0.1,271.97,-2.01,278.74,-4.39,2.29,24.39,334560,366470,378246,0.094
1556,KGS,Energy,Oil & Gas Equipment & Services,NYSE,99.74,73.18,89.65,28.96,94.39,63.5,122.6,87.82,145.05,93.05,162.73,93.14,53.47,-1.58,1.06,-16.26,-7.53,49.36,88.13,5492982189.35701,101104031.0,0.0975,-31.17,833500,0.46,54.23,-1.4,53.65,-0.34,55.24,-3.2,58.41,-8.46,4.08,4.13,1629750,1812866,1758626,0.211
1557,NMR,Financial Services,Capital Markets,NYSE,99.7,73.15,93.3,41.46,110.0,81.82,121.89,87.55,112.47,78.86,105.32,69.33,9.59,-1.44,-4.67,-11.69,0.31,15.54,72.06,28436815873.953693,2922591697.0,0.0004,-12.34,594200,0.82,9.64,-0.52,9.74,-1.54,10.0,-4.1,10.0,-4.1,2.17,72.17,657120,726763,695902,0.312
1558,BUD,Consumer Defensive,Beverages - Brewers,NYSE,99.69,73.12,96.63,58.6,99.59,71.44,101.49,69.44,106.97,73.14,99.68,61.79,77.33,5.31,-0.86,-1.15,-10.23,23.8,78.44,144593132497.01044,1969128856.0,0.008,-10.7,1228000,0.53,75.96,1.8,75.11,2.96,76.84,0.64,78.86,-1.94,1.97,35.51,2210320,2317230,2151290,0.11
1559,INGM,Technology,Information Technology Services,NYSE,99.69,73.12,98.22,69.01,102.25,74.54,102.46,70.72,108.7,75.21,136.02,87.67,27.72,-2.74,2.74,0.62,-8.53,25.66,79.74,6556051764.0,230036904.0,0.1861,-12.53,1177200,0.54,27.74,-0.07,27.52,0.73,27.18,1.99,27.7,0.07,3.34,62.19,1496260,2199110,1692446,0.136
1560,SII,Financial Services,Asset Management,NYSE,99.68,73.1,92.97,39.9,106.66,79.32,118.47,85.83,89.95,42.53,155.04,92.06,115.76,-0.47,-6.9,-13.0,8.89,16.73,73.15,2992967715.356079,25732678.0,2.88,-31.76,58400,0.49,116.29,-0.46,117.34,-1.35,122.65,-5.62,122.99,-5.88,3.45,12.27,105070,118380,165936,0.231
1561,TRNS,Industrials,Specialty Business Services,NASDAQ,99.65,73.08,96.15,56.26,104.34,76.67,102.92,71.39,108.4,74.87,101.76,64.58,86.23,-4.6,-1.71,2.28,3.47,49.5,88.15,846033491.3572235,9359813.0,0.0655,-13.77,85600,0.76,88.36,-2.41,88.43,-2.49,87.12,-1.02,88.59,-2.66,3.68,35.62,137350,112540,123950,0.216
1562,CDZIP,Industrials,Pollution & Treatment Controls,NASDAQ,99.64,73.05,96.33,57.15,100.64,72.73,102.99,71.51,109.08,75.52,99.14,60.76,21.19,-2.08,-0.83,-2.06,-2.56,19.99,75.64,,,4.73,-14.49,5800,0.9,21.5,-1.44,21.52,-1.53,21.49,-1.4,21.61,-1.94,2.03,-0.0,8620,6410,5876,-0.763
1563,MGYR,Financial Services,Banks - Regional,NASDAQ,99.64,73.05,97.76,64.79,98.46,70.17,104.19,72.87,91.59,49.56,95.06,54.73,18.96,-1.86,-2.12,-2.52,0.31,8.91,66.02,124717997.58997345,6455383.0,0.0014,-5.2,400,0.18,19.05,-0.47,19.14,-0.94,19.27,-1.61,19.32,-1.86,1.69,0.0,1990,2176,2526,0.135
1564,OVBC,Financial Services,Banks - Regional,NASDAQ,99.64,73.05,98.34,70.43,95.92,65.96,98.74,64.88,102.32,67.38,112.78,76.82,44.74,0.29,1.34,-4.18,6.22,12.75,69.87,210157802.09536743,4711002.0,0.0138,-18.6,8800,0.32,45.29,-1.21,44.88,-0.31,45.01,-0.6,44.97,-0.51,2.54,0.88,20980,27573,31222,-0.087
1565,AVNT,Basic Materials,Specialty Chemicals,NYSE,99.6,73.02,91.55,34.46,108.29,80.44,108.22,77.29,99.68,63.57,103.84,67.68,37.79,-8.21,-8.45,-8.74,3.71,23.28,78.02,3776093705.556488,91719550.0,0.059499998,-18.98,2603300,3.5,40.57,-6.85,40.68,-7.1,40.81,-7.4,42.06,-10.15,3.29,95.58,883430,744250,808898,0.058
1566,VOR,Healthcare,Biotechnology,NASDAQ,99.58,73.0,97.77,64.9,90.6,54.62,136.35,92.14,79.72,29.49,69.12,18.69,19.9,6.47,7.45,-10.76,-8.72,45.15,87.07,1105743306.4560738,59162294.0,0.15720001,-48.06,1102400,0.96,18.94,5.07,18.72,6.3,20.02,-0.6,21.86,-8.97,7.13,74.01,922690,1148290,995776,
1567,HAFC,Financial Services,Banks - Regional,NASDAQ,99.55,72.97,94.71,48.56,102.81,75.13,103.85,72.45,114.0,80.08,101.59,64.41,30.78,-2.81,-4.11,-3.21,-2.01,11.75,68.81,938991908.1120586,29649255.0,0.051,-8.12,173300,0.76,31.32,-1.72,31.32,-1.72,31.69,-2.87,31.69,-2.87,1.91,1.7,224930,228983,219294,0.233
1568,LYB,Basic Materials,Specialty Chemicals,NYSE,99.55,72.97,97.8,65.2,99.49,71.36,100.82,68.53,89.13,40.26,121.26,82.2,60.03,2.48,3.25,-5.75,0.35,42.27,86.28,18923563819.660156,323037952.0,0.0517,-28.48,3026100,0.85,59.4,1.06,58.73,2.21,60.38,-0.58,62.09,-3.32,2.82,11.21,3458720,3539326,3807672,0.198
1569,MUSA,Consumer Cyclical,Specialty Retail,NYSE,99.54,72.95,97.63,63.94,98.04,69.44,100.19,67.48,119.61,84.22,101.48,64.17,529.14,2.74,3.44,1.06,-14.02,29.4,81.75,9466246670.931152,18380347.0,0.047,-16.81,248400,0.99,516.72,2.4,514.16,2.91,515.95,2.56,534.39,-0.98,2.42,27.37,180200,251946,268544,0.408
1570,TDC,Technology,Software - Infrastructure,NYSE,99.53,72.93,101.99,82.85,90.72,55.22,88.84,40.63,110.91,77.57,101.11,63.77,30.59,1.49,5.7,9.88,0.1,-1.26,49.69,2803019943.2373047,93000000.0,0.2328,-26.78,1408400,0.81,29.91,2.27,29.57,3.45,29.33,4.3,28.7,6.59,2.77,31.87,1862350,1728433,2207462,0.005
1571,AFRM,Financial Services,Credit Services,NASDAQ,99.5,72.92,107.2,89.68,94.1,63.19,100.84,68.56,107.74,74.05,96.51,57.24,80.7,14.03,12.84,12.96,10.17,2.71,56.36,23879301154.41925,337421256.0,0.0553,-10.77,5476500,1.02,76.56,5.41,72.97,10.59,72.08,11.96,73.78,9.38,4.01,112.61,3753500,5344086,4434024,0.33
1572,MGTX,Healthcare,Biotechnology,NASDAQ,99.48,72.9,86.5,21.75,103.6,75.79,137.44,92.42,129.22,88.88,130.42,85.82,10.69,-0.93,-2.02,-16.42,-10.77,28.8,81.48,1036303923.1762505,96042996.0,0.0583,-30.36,523400,0.54,10.71,-0.19,10.82,-1.2,11.66,-8.32,12.76,-16.22,5.85,33.56,1066550,970530,833186,86.086
1573,MRDN,Consumer Cyclical,Gambling,NASDAQ,99.47,72.88,79.07,11.24,106.94,79.55,107.88,76.95,134.95,90.73,50.16,8.86,11.09,-7.2,-16.99,-19.11,-0.58,14.95,71.55,151196380.73674297,12652417.0,0.056500003,-31.08,31700,0.56,11.19,-0.89,11.59,-4.31,12.75,-13.02,13.36,-16.99,5.44,23.21,40720,56746,64950,0.161
1574,BMO,Financial Services,Banks - Diversified,NYSE,99.46,72.87,91.79,35.14,106.58,79.2,111.78,80.92,123.72,86.47,115.35,78.67,162.59,-1.88,-5.64,-7.03,-8.97,27.22,80.69,115176781549.64684,695092237.0,5.24,-13.16,441500,0.63,163.12,-0.32,165.56,-1.79,169.74,-4.21,174.04,-6.58,1.85,87.25,729290,695420,731548,0.12
1575,CATY,Financial Services,Banks - Regional,NASDAQ,99.45,72.83,94.05,45.01,103.69,75.88,106.96,75.96,114.3,80.45,106.15,70.42,59.12,-2.83,-3.79,-4.66,-5.63,19.63,75.39,4058868818.979721,66713820.0,0.0674,-9.41,261700,0.54,59.69,-0.95,59.95,-1.38,60.85,-2.84,61.89,-4.48,1.88,14.4,408250,481670,429120,0.138
1576,HYMC,Basic Materials,Gold,NASDAQ,99.45,72.83,85.49,19.97,119.0,87.6,137.57,92.47,153.75,94.33,550.63,98.77,19.19,2.57,-10.66,-9.4,-4.38,-21.74,29.91,1743429166.199623,93181681.0,0.2321,-67.33,1594100,0.77,18.65,2.9,18.89,1.59,20.05,-4.29,22.69,-15.43,6.31,81.3,1953000,2079746,1981604,
1577,AIP,Technology,Semiconductors,NASDAQ,99.45,72.83,88.47,25.94,113.55,84.47,115.09,83.52,182.39,96.74,188.07,95.58,22.44,-9.0,-6.07,-1.1,-23.41,36.5,84.38,1212090827.8199844,49152102.0,0.066199996,-55.35,474000,0.68,23.36,-3.94,23.55,-4.71,23.14,-3.03,24.46,-8.26,4.48,33.85,632280,701880,699014,0.462
1578,WSBK,Financial Services,Banks - Regional,NASDAQ,99.42,72.8,98.04,67.09,97.79,69.14,103.56,72.1,106.04,72.04,115.05,78.42,12.91,0.0,1.33,-0.39,-1.22,24.13,78.64,115683190.76269913,8960743.0,0.0036000002,-3.55,3700,0.47,12.92,-0.08,12.9,0.08,12.9,0.08,12.95,-0.31,1.07,21.73,7000,7796,8348,0.322
1579,INBK,Financial Services,Banks - Regional,NASDAQ,99.41,72.78,94.35,46.37,100.57,72.68,110.24,79.45,105.2,71.16,95.31,55.37,25.99,-5.9,-1.29,-6.97,-0.92,24.76,79.12,241221321.209507,8733574.0,0.0256,-16.4,20100,0.41,26.5,-1.92,26.57,-2.18,26.99,-3.71,28.0,-7.18,3.43,10.11,36030,48810,50482,0.39
1580,ICFI,Industrials,Consulting Services,NASDAQ,99.41,72.78,101.92,82.74,96.54,67.04,99.22,65.71,89.29,40.57,68.33,18.18,87.55,6.95,4.78,1.86,8.42,2.79,56.55,1468067755.1859741,17933884.0,0.0347,-10.69,169100,0.92,84.63,3.45,83.92,4.33,84.74,3.32,86.69,0.99,2.68,40.98,186230,183263,195050,-0.003
1581,IBKR,Financial Services,Capital Markets,NASDAQ,99.39,72.75,94.12,45.43,109.49,81.46,112.64,81.68,116.34,82.19,121.14,82.14,87.87,-0.49,-1.54,-3.83,-2.8,33.94,83.39,40006803881.98485,453078171.0,0.0317,-11.02,2424500,0.65,88.34,-0.53,87.45,0.48,88.9,-1.16,90.41,-2.81,2.89,55.2,3672590,3724316,4010282,0.263
1582,SFST,Financial Services,Banks - Regional,NASDAQ,99.38,72.73,94.74,48.8,99.95,71.94,105.88,74.84,117.76,83.05,116.32,79.37,59.65,-1.97,-1.6,-5.5,-2.45,12.15,69.27,576356277.2972488,9471755.0,0.0462,-8.36,48800,0.58,60.2,-0.91,60.05,-0.67,60.83,-1.94,62.12,-3.98,1.99,4.22,66460,83933,92552,0.248
1583,PHVS,Healthcare,Biotechnology,NASDAQ,99.37,72.72,88.16,25.28,98.8,70.6,130.28,90.64,120.08,84.56,121.13,82.11,31.1,-0.29,-2.87,-18.2,-8.21,14.89,71.5,2189678579.633251,70204506.0,0.0309,-28.09,755000,0.8,31.1,0.0,31.31,-0.67,33.77,-7.91,34.77,-10.56,4.33,0.74,661760,949150,831902,
1584,BRBS,Financial Services,Banks - Regional,NYSE ARCA,99.35,72.7,98.38,70.95,96.56,67.07,109.2,78.37,93.2,53.17,96.32,57.03,3.84,-2.29,-0.26,-6.11,9.71,1.9,54.53,352471991.02728844,89687528.0,0.0508,-19.75,420000,0.33,3.89,-1.29,3.88,-1.03,3.91,-1.79,3.88,-1.03,2.25,11.57,1065290,1271973,1176420,-0.4
1585,CTAS,Industrials,Specialty Business Services,NASDAQ,99.32,72.68,100.74,79.98,100.28,72.37,98.22,63.89,97.79,60.76,79.24,26.61,202.41,4.86,1.25,0.45,-1.86,6.23,62.62,77114773046.92078,399517000.0,0.0376,-7.65,1327300,0.7,198.42,2.01,197.41,2.53,197.89,2.28,200.32,1.04,1.91,43.51,1593580,1908216,1885164,0.109
1586,THM,Basic Materials,Gold,NYSE ARCA,99.28,72.67,93.11,40.53,128.2,91.14,109.8,79.0,91.25,48.34,174.53,94.61,2.4,-2.44,-13.04,0.0,25.65,21.21,76.68,653928321.9604006,265824517.0,0.0214,-34.25,350500,0.5,2.35,2.13,2.44,-1.64,2.51,-4.38,2.51,-4.38,5.95,42.0,506930,706646,990834,
1587,VATE,Industrials,Engineering & Construction,NYSE,99.27,72.64,89.48,28.38,101.47,73.75,99.93,67.04,130.16,89.21,185.02,95.35,7.22,-3.73,-7.08,0.84,-11.08,48.87,88.03,102313995.0,13641866.0,0.1012,-66.1,42100,0.48,7.27,-0.69,7.37,-2.04,7.52,-3.99,7.62,-5.25,5.28,41.95,55330,87766,459918,0.742
1588,VOXR,Basic Materials,Other Precious Metals & Mining,NASDAQ,99.27,72.64,94.46,47.06,105.14,77.7,109.16,78.33,84.25,34.24,124.26,83.6,5.12,1.79,-5.61,-11.31,16.71,-2.24,48.64,349561293.10069084,69495284.0,0.030199999,-23.58,450000,1.04,5.07,0.99,5.06,1.19,5.34,-4.12,5.34,-4.12,3.94,14.86,511700,433956,461452,1.226
1589,LAMR,Real Estate,REIT - Specialty,NASDAQ,99.26,72.62,97.27,61.71,97.46,68.56,99.4,66.04,115.49,81.52,100.57,62.88,146.47,1.63,1.73,-0.63,-7.79,18.82,74.8,14635339962.231934,101549684.0,0.0764,-11.94,382400,0.73,144.82,1.14,144.66,1.25,145.12,0.93,148.88,-1.62,1.8,22.39,617720,525553,578616,0.065
1590,IDCC,Technology,Software - Application,NASDAQ,99.22,72.58,101.82,82.59,98.8,70.6,99.98,67.12,74.86,25.08,121.48,82.3,331.31,-1.14,-0.87,-5.38,9.22,0.53,52.19,8648367251.915894,25806007.0,0.1371,-19.7,115700,0.57,333.58,-0.68,332.05,-0.22,331.43,-0.04,334.51,-0.96,3.13,37.85,162440,202873,204884,-0.134
1591,AVR,Healthcare,Medical Devices,NASDAQ,99.22,72.58,79.45,11.67,111.82,83.25,116.09,84.31,165.97,95.68,128.84,85.38,6.77,-12.19,-11.96,-18.92,-17.84,27.26,80.72,750508388.8433104,97342203.0,0.0941,-38.76,1342000,1.33,6.96,-2.73,7.32,-7.51,7.75,-12.65,8.36,-19.02,5.19,36.99,1593310,1005440,933406,0.633
1592,NXG,Financial Services,Asset Management,NYSE,99.22,72.58,99.0,74.38,95.09,64.69,102.7,71.11,114.25,80.38,106.72,70.86,56.61,2.09,3.89,1.84,2.77,24.7,79.06,406568665.7439995,7332167.0,1.31,-13.94,26416,0.45,56.67,-0.11,55.56,1.89,55.34,2.29,56.39,0.39,2.2,35.3,47531,58863,71620,
1593,NFJ,Financial Services,Asset Management,NYSE,99.22,72.58,94.63,48.16,104.51,76.9,108.1,77.12,106.96,73.11,104.44,68.43,14.59,-3.44,-3.63,-5.23,-1.85,20.88,76.32,1421877621.7327232,94101764.0,0.002,-7.37,246786,0.89,14.65,-0.41,14.86,-1.82,15.04,-2.99,15.16,-3.76,1.66,70.21,351578,275949,218937,-0.198
1594,ENVA,Financial Services,Credit Services,NYSE,99.21,72.53,85.62,20.12,93.86,62.79,135.99,92.06,155.31,94.51,122.48,82.85,178.07,3.0,2.65,-20.32,-29.71,8.02,64.82,4304679346.99324,24898371.0,0.1024,-33.42,286200,0.73,181.13,-1.69,175.51,1.46,179.0,-0.52,217.36,-18.08,2.96,12.16,350610,392136,343226,0.311
1595,AGYS,Technology,Software - Application,NASDAQ,99.19,72.52,96.66,58.81,91.4,57.55,101.8,69.8,109.94,76.54,60.86,13.21,105.03,5.81,5.41,0.52,-2.43,-14.42,35.37,2799706577.1340637,28205788.0,0.0735,-27.69,188100,0.83,101.57,3.41,99.79,5.25,101.19,3.79,107.28,-2.1,3.43,79.92,256080,227360,246424,0.143
1596,BLX,Financial Services,Banks - Regional,NYSE,99.17,72.49,95.6,53.49,96.88,67.58,99.77,66.69,115.55,81.56,122.06,82.67,54.0,-1.42,-1.35,-2.33,-6.29,27.66,80.91,2039470748.7929688,37230208.0,0.0239,-14.56,115000,0.65,54.72,-1.32,54.91,-1.66,54.76,-1.39,55.22,-2.21,2.28,29.27,181950,178150,170922,0.062
1597,ESI,Basic Materials,Specialty Chemicals,NYSE,99.17,72.49,98.24,69.31,97.33,68.36,95.18,59.25,114.99,81.03,140.19,88.87,36.32,-4.24,1.71,5.77,2.2,42.01,86.12,9243012709.467087,243686070.0,0.0388,-26.25,5256600,1.05,37.1,-2.1,36.71,-1.06,35.13,3.39,35.96,1.0,3.58,63.78,3450320,5025523,4227188,0.564
1598,COFS,Financial Services,Banks - Regional,NASDAQ,99.15,72.47,96.02,55.66,97.6,68.76,101.96,70.1,109.17,75.61,100.56,62.87,32.48,-1.9,-1.75,-3.79,-3.17,8.34,65.33,495177276.328125,14955520.0,0.036199998,-8.25,75400,1.01,32.93,-1.37,32.87,-1.19,33.07,-1.78,33.34,-2.58,1.89,11.4,83220,74590,74618,-0.026
1599,FUNC,Financial Services,Banks - Regional,NASDAQ,99.14,72.45,96.63,58.6,96.83,67.47,104.68,73.42,113.6,79.84,98.16,59.34,43.15,-1.08,-0.32,-2.92,-1.57,10.56,67.62,281516319.42655945,6453836.0,0.0156,-6.8,79100,2.7,43.42,-0.62,43.46,-0.71,43.63,-1.1,43.91,-1.73,2.66,29.62,31400,29256,23914,0.107
1600,ANGH,Communication Services,Entertainment,NASDAQ,99.11,72.43,103.94,85.81,112.41,83.64,87.58,38.29,80.98,30.75,88.85,40.99,3.77,1.18,-2.81,11.7,10.88,53.56,89.27,33775475.24772072,9064808.0,0.0007,-52.22,900,0.05,3.62,4.14,3.68,2.45,3.69,2.17,3.55,6.2,5.26,3.03,3200,18756,25596,0.053
1601,COSO,Financial Services,Banks - Regional,NYSE,99.1,72.42,97.02,60.51,95.39,65.37,101.07,68.91,104.94,70.86,103.96,67.77,26.67,-1.15,0.23,-2.95,-1.34,10.25,67.26,322530947.6076889,11954446.0,0.0217,-6.62,61700,0.48,26.84,-0.63,26.67,0.0,26.84,-0.63,27.24,-2.09,2.22,28.67,123750,128333,113390,0.161
1602,TCPC,Financial Services,Asset Management,NASDAQ,99.09,72.4,105.58,88.06,96.12,66.3,89.18,41.27,62.03,16.36,68.0,17.91,4.01,0.75,0.0,2.89,28.85,-14.62,35.28,333933046.10031843,83902775.0,0.0582,-35.84,472400,0.67,3.99,0.5,4.0,0.25,3.98,0.75,3.88,3.35,2.33,32.06,742940,702283,783896,-0.222
1603,CCEP,Consumer Defensive,Beverages - Non-Alcoholic,NASDAQ,99.07,72.39,98.33,70.27,96.43,66.89,98.3,64.09,103.16,68.52,94.86,54.25,104.25,3.16,2.48,1.44,-6.68,15.32,71.91,44439240365.21735,439731263.0,0.0804,-8.29,2898500,1.62,102.39,1.82,102.07,2.14,101.84,2.37,105.08,-0.79,1.99,60.81,1785640,1785653,1791858,0.044
1604,EMBJ,Industrials,Aerospace & Defense,NYSE,99.05,72.35,94.36,46.43,115.64,85.86,116.41,84.52,92.61,51.83,104.88,68.88,71.16,-5.38,-9.5,-5.53,4.7,10.96,68.02,13384242451.924324,177958285.0,0.0095999995,-11.88,3402300,2.45,72.89,-2.37,74.25,-4.16,74.94,-5.04,74.17,-4.06,3.6,21.1,1701530,1387856,1369230,0.104
1605,VISN,Technology,Communication Equipment,NASDAQ,99.05,72.35,91.67,34.84,99.65,71.48,102.88,71.31,157.22,94.85,203.67,96.36,6.05,-2.58,-2.73,-6.64,-9.37,18.39,74.48,1432190027.3176994,230626412.0,0.1361,-70.56,4006800,0.48,6.1,-0.82,6.09,-0.66,6.29,-3.82,6.39,-5.32,2.93,78.87,5653660,8272360,8737560,-0.014
1606,GFF,Industrials,Building Products & Equipment,NYSE,99.05,72.35,92.43,37.6,108.26,80.43,107.09,76.07,104.64,70.42,104.9,68.91,90.59,-3.6,-7.93,-5.66,3.29,19.02,75.03,4256344517.8114014,45294716.0,0.0624,-16.56,338400,0.96,93.07,-2.66,93.59,-3.21,94.38,-4.02,97.47,-7.06,2.82,7.83,379180,352453,354530,0.07
1607,ADAG,Healthcare,Biotechnology,NASDAQ,99.04,72.32,81.29,13.89,92.46,60.22,109.73,78.93,135.97,90.99,192.78,95.76,2.76,-3.16,-5.8,-18.82,-26.01,46.81,87.48,191358523.99671173,67143344.0,0.0368,-43.09,1649300,5.65,2.82,-2.13,2.95,-6.44,3.06,-9.8,3.49,-20.92,10.33,47.37,445340,292163,282282,
1608,RGR,Industrials,Aerospace & Defense,NYSE,99.01,72.29,106.79,89.25,101.35,73.59,92.37,51.94,85.94,36.17,96.79,57.63,43.26,-2.5,1.05,14.69,11.37,36.44,84.33,708955201.6533813,15978256.0,0.0352,-10.27,296600,1.32,43.78,-1.19,43.37,-0.25,41.64,3.89,39.44,9.69,2.05,1.13,253180,224053,183242,0.193
1609,PED,Energy,Oil & Gas E&P,NYSE ARCA,99.01,72.29,98.8,73.6,85.52,41.18,102.17,70.41,81.33,31.13,115.19,78.51,13.47,5.15,2.75,-9.23,30.02,20.27,75.91,170270692.10755062,13292013.0,0.017,-28.69,8600,0.27,13.08,2.98,13.04,3.3,13.67,-1.46,13.08,2.98,4.44,58.56,26330,31976,27752,5.614
1610,NBN,Financial Services,Banks - Regional,NASDAQ,99.0,72.26,94.51,47.37,100.09,72.13,105.22,74.15,112.89,79.2,110.75,75.17,125.99,-0.69,-3.26,-5.01,2.52,17.28,73.56,1091150140.149765,8601215.0,0.059499998,-11.47,59800,0.54,126.01,-0.02,125.58,0.33,128.84,-2.21,130.21,-3.24,2.65,5.38,98750,110200,106304,0.113
1611,TTC,Industrials,Tools & Accessories,NYSE,99.0,72.26,98.26,69.57,99.65,71.48,99.52,66.42,103.83,69.39,108.57,73.33,95.79,-2.5,-1.01,3.72,5.01,23.62,78.32,9337595548.14206,94663378.0,0.050300002,-8.94,566600,0.63,97.29,-1.54,97.19,-1.44,95.41,0.4,96.3,-0.53,2.16,5.8,604350,904390,772126,0.084
1612,BJ,Consumer Defensive,Discount Stores,NYSE,98.99,72.24,105.53,88.02,89.55,49.46,88.73,40.33,87.04,37.36,82.98,30.23,98.58,3.81,5.11,7.75,0.13,4.67,60.09,11994843036.675446,126314692.0,0.078099996,-6.81,2150800,1.18,96.59,2.06,95.66,3.05,94.08,4.78,93.81,5.08,2.9,15.76,2373730,1829126,1858542,0.157
1613,Q,Technology,Semiconductor Equipment & Materials,NYSE,98.97,72.21,97.17,61.08,97.92,69.3,102.1,70.31,114.72,80.85,128.04,85.11,126.6,-3.71,1.53,0.16,-2.94,54.88,89.53,27506738339.804672,209208543.0,0.024500001,-28.59,1285500,0.82,129.63,-2.34,128.43,-1.42,124.42,1.75,127.51,-0.71,3.4,46.26,1286440,1572013,1634386,0.221
1614,BRLT,Consumer Cyclical,Luxury Goods,NASDAQ,98.97,72.21,115.28,94.3,88.44,47.0,87.89,38.69,66.02,18.86,76.0,23.7,1.58,13.67,15.33,11.27,42.34,-12.71,36.86,23501975.198130608,16907896.0,0.0064999997,-45.52,111500,1.49,1.46,8.22,1.41,12.06,1.41,12.06,1.34,17.91,5.35,130.07,63960,74960,118076,0.057
1615,BPOP,Financial Services,Banks - Regional,NASDAQ,98.95,72.18,93.25,41.17,103.06,75.39,109.69,78.85,121.97,85.73,119.21,81.07,156.29,-1.17,-2.61,-4.53,-10.27,25.75,79.77,10085932109.212692,63778501.0,0.032899998,-12.8,329600,0.6,156.94,-0.41,157.0,-0.45,159.52,-2.02,166.17,-5.95,1.84,61.84,495880,545016,481616,0.076
1616,GRND,Technology,Software - Application,NYSE,98.95,72.18,94.51,47.37,99.78,71.64,108.21,77.25,101.07,65.52,81.19,28.38,15.03,11.91,-4.69,-1.64,-11.33,8.21,65.09,2334411073.6558456,173820627.0,0.1588,-18.76,1253200,0.79,14.36,4.67,14.66,2.52,15.15,-0.79,15.66,-4.02,4.99,26.14,2169960,1585113,1616028,0.325
1617,CF,Basic Materials,Agricultural Inputs,NYSE,98.94,72.15,89.86,29.66,103.9,76.12,123.71,88.27,107.49,73.76,122.08,82.69,111.54,-3.02,-2.73,-16.18,-10.86,46.16,87.39,17405398654.593124,151338130.0,0.0773,-21.43,4809800,1.76,114.32,-2.43,114.76,-2.81,120.88,-7.73,123.31,-9.55,3.45,24.16,2695810,2737860,2625492,0.176
1618,BBGI,Communication Services,Broadcasting,NASDAQ,98.93,72.14,56.97,2.39,206.61,97.94,182.44,97.24,285.34,98.63,324.49,98.25,10.03,-9.48,-34.4,-37.12,-50.07,94.38,94.55,22744480.923387527,2052751.0,0.15630001,-65.77,44400,0.88,10.3,-2.62,11.54,-13.08,14.26,-29.66,17.94,-44.09,14.02,0.71,43510,50636,56600,-0.167
1619,GPRE,Basic Materials,Chemicals,NASDAQ,98.88,72.12,92.24,36.9,105.9,78.53,108.44,77.64,133.09,90.06,188.98,95.63,14.34,-5.84,-3.89,-3.76,-17.01,49.53,88.17,1067551813.3529053,70095328.0,0.1924,-27.02,1841800,1.18,15.01,-4.46,14.98,-4.27,14.97,-4.21,15.27,-6.09,3.47,22.09,1192960,1554690,1503004,-0.193
1620,C,Financial Services,Banks - Diversified,NYSE,98.86,72.09,93.48,42.4,100.01,72.03,109.1,78.26,108.37,74.8,130.13,85.72,129.64,0.89,-3.46,-6.61,-1.53,11.44,68.5,215550626615.5,1677436783.0,0.0002,-12.38,6507200,0.69,128.42,0.95,128.92,0.56,131.6,-1.49,133.62,-2.98,2.17,68.83,8634240,9376720,9089298,0.155
1621,UBSI,Financial Services,Banks - Regional,NASDAQ,98.86,72.09,95.37,52.34,102.56,74.89,106.02,75.01,110.1,76.7,108.02,72.71,45.46,-3.36,-2.99,-3.73,-5.24,16.56,73.01,6407439464.546333,136212571.0,0.0466,-8.38,597500,0.56,45.8,-0.74,46.12,-1.43,46.59,-2.43,47.2,-3.69,1.73,32.97,1024150,1070986,948840,0.062
1622,HYNE,Financial Services,Banks - Regional,NASDAQ,98.85,72.07,99.68,76.65,97.37,68.42,100.8,68.46,101.74,66.57,99.38,61.19,16.79,1.14,2.19,2.0,2.82,22.11,77.27,123907316.44740295,7464296.0,0.033800002,-0.42,3500,0.48,16.72,0.42,16.63,0.96,16.56,1.39,16.49,1.82,0.59,90.32,5850,7250,8686,0.361
1623,R,Industrials,Rental & Leasing Services,NYSE,98.84,72.05,95.57,53.3,97.77,69.1,101.83,69.85,125.97,87.45,120.09,81.57,238.55,0.55,1.27,-1.95,-7.22,23.73,78.39,9097411174.965637,38346868.0,0.0306,-16.08,407100,1.56,235.63,1.24,233.9,1.99,236.35,0.93,245.99,-3.02,2.28,51.45,296550,261163,267690,0.05
1624,MPLX,Energy,Oil & Gas Midstream,NYSE,98.83,72.04,95.52,53.03,95.71,65.71,101.85,69.93,100.88,65.31,98.73,60.17,56.3,-0.14,-0.88,-5.92,-0.5,10.84,67.96,57161329274.29744,1013858251.0,0.018099999,-7.63,1699100,1.27,57.16,-1.5,56.96,-1.16,57.84,-2.66,58.54,-3.83,2.14,22.38,1322860,1337163,1332626,0.106
1625,NX,Industrials,Building Products & Equipment,NYSE,98.8,72.02,92.85,39.54,108.83,80.87,123.05,88.04,95.56,57.41,109.78,74.33,18.29,-3.74,-7.35,-14.88,3.09,21.68,77.06,870697952.0,45826208.0,0.1187,-21.6,264300,0.53,18.6,-1.67,18.86,-3.02,19.67,-7.02,20.07,-8.87,4.42,18.57,388010,494846,413426,0.013
1626,AKAM,Technology,Software - Infrastructure,NASDAQ,98.78,71.99,91.94,35.78,103.04,75.38,93.72,56.04,123.46,86.38,107.39,71.7,106.95,-1.81,-6.13,0.15,-5.98,18.69,74.71,15653612789.12703,143716609.0,0.1537,-35.36,5796100,1.14,105.81,1.08,106.87,0.07,108.62,-1.54,111.23,-3.85,6.28,80.82,5235030,5071983,4475604,0.054
1627,TAYD,Industrials,Specialty Industrial Machinery,NASDAQ,98.78,71.99,95.68,53.97,95.77,65.81,99.25,65.76,97.64,60.56,105.65,69.87,58.92,7.19,-6.82,-1.77,13.09,-0.72,50.39,177545682.9927063,3229865.0,0.0452,-34.8,7300,0.16,59.12,-0.34,60.08,-1.93,60.58,-2.74,58.43,0.84,5.56,11.3,47370,45383,43198,-0.264
1628,ENS,Industrials,Electrical Equipment & Parts,NYSE,98.76,71.97,95.14,51.14,97.56,68.72,101.32,69.21,127.37,87.99,154.24,91.91,179.81,-8.4,0.51,0.37,-2.51,21.4,76.82,7079603581.262329,36065224.0,0.097399995,-26.4,656000,1.12,185.42,-3.03,185.66,-3.15,180.68,-0.48,185.12,-2.87,3.26,43.35,606930,585740,556178,0.048
1629,CSQ,Financial Services,Asset Management,NASDAQ,98.74,71.95,98.38,70.95,100.83,73.04,101.9,69.99,100.66,65.03,99.55,61.54,20.67,0.98,-0.39,-0.12,4.7,12.97,70.12,3282766318.3329105,160369635.0,0.0011,-2.36,185815,1.04,20.51,0.78,20.46,1.03,20.54,0.63,20.6,0.34,1.65,70.46,188251,178600,175578,-0.028
1630,APPF,Technology,Software - Application,NASDAQ,98.7,71.94,97.16,60.99,98.28,69.78,98.44,64.34,84.42,34.46,62.26,14.05,202.2,-0.38,-0.99,-3.01,14.87,-14.4,35.42,7188586909.473633,35416992.0,0.097399995,-23.7,378300,1.19,200.84,0.68,200.56,0.82,207.25,-2.44,209.05,-3.28,3.74,52.48,349880,317506,351206,0.193
1631,SMBC,Financial Services,Banks - Regional,NASDAQ,98.69,71.92,93.37,41.83,99.85,71.75,104.33,73.02,118.65,83.58,109.7,74.27,69.93,-3.66,-3.22,-4.55,-9.29,14.82,71.37,799453882.2781677,11013279.0,0.037,-12.43,100600,1.14,71.17,-1.74,71.31,-1.94,71.9,-2.74,73.87,-5.33,1.74,8.21,71290,88623,90326,0.077
1632,RGS,Consumer Cyclical,Personal Services,NASDAQ,98.68,71.9,104.15,86.14,94.86,64.37,93.09,54.41,104.72,70.52,109.99,74.55,29.45,1.38,3.81,7.09,7.36,2.94,56.94,72629558.94253159,2500157.0,0.0211,-6.51,600,0.07,29.52,-0.24,29.23,0.75,28.42,3.62,27.92,5.48,2.6,-0.0,5430,8316,7236,-0.073
1633,MAC,Real Estate,REIT - Retail,NYSE,98.67,71.89,94.07,45.11,100.29,72.39,100.87,68.62,124.71,86.87,116.33,79.4,22.25,-3.47,-1.72,-0.85,-11.98,21.99,77.2,6536043377.4113655,283559375.0,0.1604,-16.6,2742200,0.78,22.49,-1.07,22.59,-1.51,22.58,-1.46,23.44,-5.08,1.97,18.21,3442250,3494160,3648236,0.012
1634,CME,Financial Services,Financial Data & Stock Exchanges,NASDAQ,98.66,71.86,103.84,85.7,95.22,65.05,92.6,52.78,79.8,29.57,95.67,55.99,280.56,6.62,6.08,1.82,5.49,6.19,62.52,94619692533.09436,359579263.0,0.018,-14.76,2593100,1.35,273.5,2.58,268.42,4.52,270.56,3.7,271.11,3.49,2.29,55.38,1912150,1924893,1882714,0.008
1635,SFNC,Financial Services,Banks - Regional,NASDAQ,98.66,71.86,94.81,49.21,103.11,75.43,103.72,72.25,107.55,73.82,104.07,67.96,22.18,-3.14,-4.52,-3.46,-4.37,17.55,73.78,3309365712.9723644,144513789.0,0.0572,-8.8,1376400,0.98,22.41,-1.03,22.56,-1.68,22.75,-2.51,22.94,-3.31,2.05,13.19,1485670,1411406,1306212,0.143
1636,IHS,Real Estate,Real Estate Services,NYSE,98.65,71.84,98.63,72.7,97.84,69.18,96.11,60.74,100.49,64.8,114.39,78.04,8.43,1.32,0.0,-0.47,2.8,16.92,73.28,2814994803.626602,338340734.0,0.024,-5.81,718900,0.68,8.44,-0.12,8.4,0.36,8.42,0.12,8.38,0.6,0.63,18.79,1053290,1059910,1232670,0.104
1637,CWBC,Financial Services,Banks - Regional,NASDAQ,98.64,71.82,94.88,49.72,101.04,73.33,101.46,69.41,114.07,80.18,106.61,70.79,25.71,-3.09,-3.96,-1.83,2.71,14.41,71.06,719870503.8115807,27134206.0,0.060500003,-8.73,163000,0.87,26.15,-1.68,26.22,-1.95,26.14,-1.64,25.97,-1.0,2.3,18.6,184920,187936,205348,0.31
1638,NOVT,Technology,Scientific & Technical Instruments,NASDAQ,98.63,71.8,95.33,52.11,100.89,73.12,100.41,67.9,109.58,76.07,97.09,58.0,141.28,-5.35,-1.84,-3.6,1.71,17.5,73.74,5645058689.474945,37817770.0,0.1511,-19.9,281800,0.78,144.19,-2.02,143.93,-1.84,141.52,-0.17,147.58,-4.27,4.4,68.81,359670,360950,384154,0.103
1639,AQST,Healthcare,Drug Manufacturers - Specialty & Generic,NASDAQ,98.62,71.77,100.03,77.57,90.52,54.18,94.43,57.72,80.73,30.49,101.02,63.63,4.78,5.05,2.14,0.0,28.49,-19.8,31.21,570874819.3309288,125466988.0,0.22649999,-36.69,1690100,0.78,4.67,2.36,4.64,3.02,4.71,1.49,4.65,2.8,4.43,18.89,1801430,2165163,2858464,0.381
1640,ILPT,Real Estate,REIT - Industrial,NASDAQ,98.62,71.77,89.28,28.0,99.08,70.93,104.38,73.09,139.2,91.79,126.03,84.29,7.14,0.85,-3.12,-7.99,-15.7,35.26,83.89,472560832.3876934,66745881.0,0.0148,-24.28,186800,0.58,7.16,-0.28,7.14,0.0,7.41,-3.64,8.03,-11.08,3.15,26.67,336340,322043,321950,0.018
1641,FCF,Financial Services,Banks - Regional,NYSE,98.62,71.77,93.58,42.77,102.97,75.29,107.88,76.95,110.78,77.35,103.55,67.25,19.89,-3.26,-4.88,-6.66,-7.27,17.58,73.81,2077709764.0303135,101055925.0,0.0535,-10.97,594300,0.58,20.05,-0.8,20.22,-1.63,20.67,-3.77,20.99,-5.24,1.85,8.17,1122750,1025140,903312,0.096
1642,NOVTU,Technology,Scientific & Technical Instruments,NASDAQ,98.59,71.74,96.88,59.82,98.42,70.09,100.45,67.96,110.26,76.85,100.02,62.26,60.83,-3.32,-0.2,-1.31,2.78,15.59,72.1,,,4.88,-20.95,1599,0.03,61.55,-1.17,61.28,-0.73,60.35,0.8,62.53,-2.72,3.16,32.29,77929,53679,40397,0.103
1643,TLF,Consumer Cyclical,Specialty Retail,NASDAQ,98.58,71.72,94.53,47.57,104.06,76.31,105.21,74.13,90.84,46.48,94.13,53.03,2.49,1.63,-5.32,-4.96,3.75,24.34,78.86,19951744.43831563,8143569.0,0.0047,-25.89,1100,0.06,2.51,-0.8,2.51,-0.8,2.57,-3.11,2.55,-2.35,4.88,16.47,9680,17803,22736,0.015
1644,HCA,Healthcare,Medical Care Facilities,NYSE,98.57,71.7,105.4,87.9,91.31,57.37,90.47,44.16,78.72,28.45,104.82,68.8,451.09,5.72,3.55,5.85,14.18,-3.93,46.16,92379025563.56812,216501500.0,0.046,-18.94,980800,0.71,440.48,2.41,434.34,3.86,431.63,4.51,420.23,7.34,2.61,74.6,1051180,1381860,1303152,0.087
1645,ARWR,Healthcare,Biotechnology,NASDAQ,98.57,71.7,82.64,15.45,103.21,75.51,139.78,92.92,161.99,95.38,262.33,97.47,62.75,-2.24,-4.81,-24.26,-28.14,-9.06,40.06,9067124581.589539,141254467.0,0.0913,-34.29,2765700,1.29,61.77,1.59,63.5,-1.18,67.09,-6.47,78.38,-19.94,4.1,89.81,1950580,2141893,1738242,1.71
1646,ALKS,Healthcare,Drug Manufacturers - Specialty & Generic,NASDAQ,98.56,71.67,87.84,24.55,104.67,77.13,126.71,89.5,146.08,93.3,103.0,66.42,40.61,-2.73,-0.59,-11.66,-18.83,41.84,86.03,7004116606.0,167763272.0,0.1252,-27.05,1627000,0.75,41.32,-1.72,41.03,-1.02,42.65,-4.78,45.99,-11.7,3.46,44.11,2398460,2181003,1855616,0.27
1647,EOD,Financial Services,Asset Management,NYSE,98.54,71.65,97.98,66.51,100.44,72.52,101.41,69.3,103.59,69.04,106.85,71.07,6.44,1.9,0.47,0.16,2.3,17.34,73.61,272176583.8727541,43065914.0,0.41,-4.45,166000,1.36,6.38,0.94,6.37,1.1,6.39,0.78,6.45,-0.16,1.5,51.85,153090,122400,108130,
1648,PBM,Healthcare,Biotechnology,NASDAQ,98.52,71.64,111.4,92.47,106.13,78.78,100.89,68.66,20.76,2.54,99.07,60.66,4.97,-3.68,-10.61,-7.96,47.92,-85.99,4.14,19681931.897979736,3814328.0,0.018099999,-97.17,23700,0.31,5.01,-0.8,5.23,-4.97,5.66,-12.19,4.68,6.2,10.04,8.01,48410,76976,85196,
1649,CNI,Industrials,Railroads,NYSE,98.49,71.61,94.09,45.21,103.25,75.55,105.6,74.54,112.86,79.15,101.37,63.97,117.78,-1.66,-2.6,-3.66,-6.85,22.01,77.22,72353054972.07642,604100000.0,4.05,-10.47,786100,0.59,117.62,0.14,118.56,-0.66,119.4,-1.36,122.7,-4.01,1.79,67.41,1013480,1324433,1266800,0.113
1650,DXC,Technology,Information Technology Services,NYSE,98.49,71.61,114.76,94.08,85.64,41.33,90.23,43.52,61.69,16.15,83.27,30.49,12.4,11.71,16.43,8.87,10.32,-19.11,31.76,1773543508.8507328,159778689.0,0.1783,-20.92,4761200,1.5,12.06,2.82,11.45,8.3,11.34,9.35,11.14,11.31,4.31,39.3,4314270,3180656,3194856,-0.051
1651,CLPS,Technology,Information Technology Services,NASDAQ,98.47,71.59,98.97,74.27,102.92,75.19,97.09,62.51,78.53,28.15,80.31,27.71,1.0,-2.43,-1.95,-3.83,22.56,14.99,71.58,30737081.986218452,29841828.0,0.0014,-46.81,5200,0.72,1.01,-0.99,1.01,-0.99,1.02,-1.96,0.99,1.01,3.12,-16.02,6020,7256,12742,0.028
1652,MA,Financial Services,Credit Services,NYSE,98.45,71.55,102.23,83.4,96.05,66.16,99.75,66.63,91.43,49.04,84.86,32.34,589.14,6.84,3.94,3.66,2.2,2.99,57.07,483785258019.1846,876009940.0,0.0083,-2.01,2423500,0.91,572.34,2.94,564.3,4.4,565.07,4.26,571.26,3.13,1.81,141.85,2886860,2677143,2806510,0.141
1653,PEBO,Financial Services,Banks - Regional,NASDAQ,98.45,71.55,89.57,28.74,107.21,79.74,111.68,80.88,115.58,81.61,105.19,69.21,35.8,-4.48,-8.72,-10.07,-12.98,19.72,75.44,1347117949.746914,35942315.0,0.0529,-15.35,285700,0.75,36.41,-1.68,37.1,-3.5,38.28,-6.48,39.49,-9.34,2.41,2.32,574110,382456,334480,0.108
1654,WIX,Technology,Software - Infrastructure,NASDAQ,98.45,71.55,106.65,89.11,92.01,59.19,97.52,63.01,51.16,10.56,62.14,13.92,76.56,5.43,3.75,-0.03,35.07,-28.08,25.52,4234773878.404602,58314152.0,0.189,-50.12,508000,0.41,74.33,3.0,73.02,4.85,76.35,0.28,75.64,1.22,5.6,61.34,853680,1235193,1457552,0.149
1655,VNOM,Energy,Oil & Gas Midstream,NASDAQ,98.42,71.52,98.62,72.61,89.83,50.67,98.62,64.65,100.27,64.53,111.33,75.83,42.99,5.78,5.03,-3.85,0.51,16.56,73.01,7900621072.704575,194405049.0,0.0481,-15.92,1791000,0.94,41.83,2.77,41.1,4.6,41.94,2.5,42.84,0.35,2.47,48.33,2148920,1912326,1821718,1.152
1656,MORN,Financial Services,Financial Data & Stock Exchanges,NASDAQ,98.41,71.5,103.3,85.04,98.56,70.29,88.31,39.42,73.48,24.06,70.98,19.8,204.45,11.39,4.6,7.31,6.14,-4.65,45.04,6885616071.532333,37513571.0,0.0639,-10.7,229600,0.75,198.54,2.98,193.34,5.75,196.23,4.19,202.02,1.2,3.33,20.42,282960,306300,305206,0.096
1657,HQL,Financial Services,Asset Management,NYSE,98.38,71.48,90.38,31.21,105.49,78.08,117.75,85.38,117.53,82.86,117.02,79.93,18.15,2.66,-4.32,-8.15,-3.98,16.48,72.83,537614280.2397995,30408047.0,0.46,-19.94,104935,0.8,17.68,2.66,18.03,0.67,18.81,-3.51,19.84,-8.52,3.33,114.88,134883,130487,139976,-0.608
1658,CCD,Financial Services,Asset Management,NASDAQ,98.38,71.48,99.9,77.24,95.74,65.77,100.37,67.83,107.33,73.55,105.86,70.11,24.38,6.84,5.95,2.5,1.34,21.58,76.92,653098327.6460037,28619559.0,0.0026,-9.67,100702,1.47,23.61,3.26,23.09,5.59,23.29,4.68,24.24,0.58,2.73,151.77,88640,68686,63646,
1659,MCY,Financial Services,Insurance - Property & Casualty,NYSE,98.35,71.45,98.11,67.74,94.58,63.91,102.29,70.57,115.08,81.22,115.34,78.63,102.75,0.47,3.36,0.4,-3.43,8.91,66.02,5664594697.354057,55388627.0,0.0352,-9.12,253900,0.8,102.45,0.29,101.23,1.5,100.85,1.88,103.11,-0.35,1.9,38.0,342870,319346,301920,0.138
1660,MTUS,Basic Materials,Steel,NYSE,98.35,71.45,101.78,82.49,95.24,65.1,97.74,63.32,98.67,62.1,98.15,59.3,19.99,0.5,6.1,3.9,0.76,13.32,70.27,824426233.4613647,41449284.0,0.070700005,-11.47,249600,0.73,20.31,-1.58,19.76,1.16,19.37,3.2,19.94,0.25,3.66,64.16,345760,340443,354512,0.12
1661,WEX,Technology,Software - Infrastructure,NYSE,98.33,71.41,93.83,43.9,108.73,80.77,114.99,83.47,90.33,44.17,107.54,71.9,172.43,1.97,-3.28,-9.97,-7.49,12.11,69.19,5763200628.117645,34081611.0,0.096,-15.47,434200,0.77,172.15,0.16,171.57,0.5,181.47,-4.98,187.78,-8.17,3.44,31.67,572240,566486,554800,0.142
1662,AMZN,Consumer Cyclical,Internet Retail,NASDAQ,98.33,71.41,102.48,83.9,98.75,70.53,101.66,69.65,95.25,56.99,102.95,66.3,262.43,4.34,5.11,2.2,11.44,14.88,71.46,2712973635713.5435,10786313572.0,0.0083,-8.62,34710500,0.98,256.82,2.18,252.58,3.9,252.25,4.04,259.1,1.29,2.15,114.22,35789840,35495260,38182796,0.196
1663,APOG,Industrials,Building Products & Equipment,NASDAQ,98.29,71.39,104.14,86.12,83.02,36.28,89.25,41.42,103.1,68.36,81.95,29.11,40.59,13.95,9.26,7.15,1.83,9.66,66.78,743328609.9902573,20868294.0,0.0547,-20.22,288000,0.9,39.63,2.42,37.71,7.64,37.45,8.38,39.48,2.81,4.21,41.57,441520,321216,257574,-0.011
1664,DG,Consumer Defensive,Discount Stores,NYSE,98.28,71.36,100.72,79.89,95.8,65.84,96.8,62.02,94.98,56.33,97.35,58.33,127.23,7.5,2.42,2.63,0.28,-5.71,43.84,26240161541.21521,220616790.0,0.0309,-19.59,1784100,0.72,123.13,3.33,121.71,4.54,122.46,3.9,123.59,2.95,2.86,111.01,2135180,2463950,2350932,0.052
1665,SGP,Healthcare,Biotechnology,NASDAQ,98.28,71.36,96.64,58.7,102.28,74.6,110.57,79.84,71.77,22.44,81.91,29.04,24.92,0.0,-7.94,-9.45,9.68,,,833523639.2318783,33447979.0,0.1107,-23.18,68300,0.53,24.76,0.65,25.27,-1.39,26.87,-7.26,26.43,-5.71,5.73,20.3,92740,128733,106104,
1666,FUND,Financial Services,Asset Management,NASDAQ,98.25,71.33,94.72,48.67,101.48,73.79,105.99,74.97,103.24,68.64,109.77,74.31,9.75,1.04,-2.01,-6.58,-1.07,17.47,73.69,286274842.88339996,29665788.0,0.0023,-11.28,20886,0.97,9.67,0.83,9.67,0.83,9.89,-1.42,10.2,-4.41,2.79,51.51,21588,21436,23529,-0.012
1667,SKYA,Technology,Software - Infrastructure,NASDAQ,98.25,71.33,120.93,96.0,101.36,73.61,69.89,19.17,39.17,6.3,45.17,7.12,1.82,-1.09,-3.19,31.88,35.82,-13.74,35.96,79575412.48354125,43247506.0,0.0185,-73.43,266600,0.76,1.81,0.55,1.84,-1.09,1.71,6.43,1.45,25.52,9.5,86.74,370060,350843,381892,16.075
1668,CTNM,Healthcare,Biotechnology,NASDAQ,98.24,71.3,92.77,39.14,84.74,39.76,109.98,79.3,145.71,93.22,153.89,91.81,13.38,1.98,6.53,-9.72,-15.05,9.14,66.26,493589247.5346031,37621132.0,0.074499995,-24.77,885600,1.36,12.93,3.48,12.84,4.21,13.19,1.44,14.74,-9.23,8.13,40.43,859700,650000,618232,
1669,AIO,Financial Services,Asset Management,NYSE,98.24,71.3,98.16,68.43,96.24,66.5,100.26,67.62,104.74,70.54,102.68,65.92,25.43,-0.2,2.66,0.71,2.9,23.39,78.09,877506697.955059,34439039.0,0.3,-11.08,85099,1.17,25.45,-0.08,25.29,0.55,25.01,1.68,25.49,-0.24,2.28,31.91,89949,72506,70191,
1670,HSIC,Healthcare,Medical Distribution,NASDAQ,98.22,71.27,94.41,46.73,101.35,73.59,104.65,73.37,109.13,75.59,99.87,62.01,84.01,-1.02,-2.73,-4.92,-1.36,8.29,65.24,9669254021.278282,113916757.0,0.08229999,-8.86,1087400,0.91,84.27,-0.31,84.61,-0.71,85.58,-1.83,87.6,-4.1,2.56,24.6,1340580,1192016,1184916,0.067
1671,ADAML,Real Estate,REIT - Mortgage,NASDAQ,98.21,71.26,97.8,65.2,98.38,69.97,99.98,67.12,99.64,63.49,99.4,61.22,24.39,-1.3,-1.01,-0.1,1.5,14.58,71.18,,,0.3,-3.21,8316,0.55,24.26,0.54,24.45,-0.25,24.52,-0.53,24.45,-0.25,1.27,152.18,19341,15190,15632,1.298
1672,BBNX,Healthcare,Medical Devices,NASDAQ,98.16,71.22,91.01,32.76,110.19,81.96,92.3,51.63,104.7,70.48,72.45,20.85,17.63,-7.01,-18.04,6.4,23.55,-44.37,16.83,1022820111.1707687,53946211.0,0.23709999,-46.1,955100,0.72,18.14,-2.81,18.75,-5.97,19.8,-10.96,18.63,-5.37,6.39,45.3,1085940,1335413,1324840,0.378
1673,MCRI,Consumer Cyclical,Resorts & Casinos,NASDAQ,98.16,71.22,93.05,40.3,96.12,66.3,100.64,68.26,120.68,84.99,98.04,59.23,114.34,-2.73,-2.89,-6.19,-6.04,16.32,72.69,2106792398.2451935,17922521.0,0.048899997,-15.88,120400,0.64,117.06,-2.32,116.74,-2.06,118.66,-3.64,120.82,-5.36,2.19,11.19,171040,188193,163694,0.042
1674,PKX,Basic Materials,Steel,NYSE,98.16,71.22,98.26,69.57,94.89,64.44,99.24,65.74,79.62,29.44,109.0,73.67,57.48,-0.19,0.93,-8.67,5.49,10.84,67.96,17420002696.59526,302483116.0,0.0031,-37.79,168600,0.85,57.49,-0.02,57.18,0.52,58.06,-1.0,58.37,-1.52,2.57,33.16,185070,197680,220842,0.097
1675,SOBO,Energy,Oil & Gas Midstream,NYSE,98.14,71.18,92.5,37.87,96.14,66.34,103.57,72.13,120.03,84.51,107.89,72.48,33.22,-1.77,-0.81,-6.32,-9.9,24.99,79.23,7054450391.483955,208588127.0,18.15,-14.86,1848600,2.44,33.7,-1.42,33.57,-1.04,34.14,-2.69,35.45,-6.29,2.17,56.88,1072720,758466,661790,0.042
1676,FSBC,Financial Services,Banks - Regional,NASDAQ,98.14,71.18,91.8,35.2,99.71,71.59,110.57,79.84,126.05,87.52,114.12,77.92,42.48,-2.68,-3.08,-8.47,-9.6,16.87,73.25,1071023238.5399017,24536614.0,0.0462,-15.48,216300,1.12,42.86,-0.89,42.9,-0.98,43.83,-3.08,45.19,-6.0,1.96,0.0,171480,193043,178602,0.276
1677,SIEB,Financial Services,Capital Markets,NASDAQ,98.13,71.16,105.81,88.34,90.92,55.94,109.01,78.17,57.88,13.86,52.19,9.65,2.26,2.73,2.73,-16.3,41.25,-41.45,18.43,90070061.15221596,40940936.0,0.015700001,-45.41,25900,0.26,2.22,1.8,2.2,2.73,2.26,0.0,2.14,5.61,5.47,72.83,25000,98033,88312,1.094
1678,SBH,Consumer Cyclical,Specialty Retail,NYSE,98.12,71.14,96.17,56.39,105.72,78.3,98.88,65.19,101.19,65.74,110.87,75.33,15.9,-2.09,-7.45,-0.38,3.58,3.72,58.77,1520426000.651558,93622292.0,0.3073,-11.27,1437700,1.08,16.15,-1.55,16.28,-2.33,16.29,-2.39,16.33,-2.63,3.46,30.91,1481210,1330236,1362594,0.002
1679,QCOM,Technology,Semiconductors,NASDAQ,98.1,71.12,93.28,41.33,109.31,81.33,96.11,60.74,103.54,68.95,80.39,27.81,175.5,-5.07,-13.11,-3.56,16.4,2.31,55.41,197452337016.5509,1068060487.0,0.0401,-32.48,7565100,0.58,178.09,-1.45,181.3,-3.2,185.72,-5.5,172.69,1.63,3.91,54.1,10072780,13067280,11841022,-0.04
1680,REX,Basic Materials,Chemicals,NYSE,98.08,71.11,95.52,53.03,97.18,68.08,100.04,67.19,118.46,83.47,137.01,87.94,42.09,-2.95,-1.75,1.13,-3.75,22.5,77.46,1438827471.3645935,33175640.0,0.0403,-21.12,218700,0.87,43.74,-3.77,43.45,-3.13,43.15,-2.46,43.06,-2.25,3.5,18.33,282180,250490,215306,0.063
1681,BLCO,Healthcare,Medical Instruments & Supplies,NYSE,98.07,71.09,100.24,78.26,94.1,63.19,99.76,66.65,94.88,56.2,100.04,62.33,17.3,1.11,2.61,0.29,1.82,2.25,55.23,6111097577.056366,357165246.0,0.0694,-8.54,234300,0.64,17.23,0.41,17.13,0.99,17.09,1.23,17.16,0.82,2.19,29.03,348650,367460,366170,0.091
1682,EXPE,Consumer Cyclical,Travel Services,NASDAQ,98.06,71.07,97.2,61.2,94.87,64.4,109.44,78.56,104.03,69.67,116.31,79.35,274.22,3.48,3.8,-2.35,-6.25,-4.66,44.99,31805850405.0,120022077.0,0.0675,-19.82,1233300,0.57,264.69,3.6,264.5,3.67,271.64,0.95,295.69,-7.26,4.22,47.06,1724740,2145160,1911634,0.14
1683,WHG,Financial Services,Asset Management,NYSE,98.04,71.05,96.91,59.97,96.02,66.11,102.91,71.37,109.66,76.21,87.83,36.8,18.92,-3.52,-0.58,0.69,-0.43,4.98,60.65,187141216.54467773,9543152.0,0.0136,-9.78,3500,0.19,19.08,-0.84,19.13,-1.1,18.93,-0.05,19.08,-0.84,2.9,20.03,15990,18436,19186,0.096
1684,CAMT,Technology,Semiconductor Equipment & Materials,NASDAQ,98.04,71.05,104.06,85.98,99.6,71.45,99.69,66.55,100.01,63.95,160.53,92.82,152.81,-7.49,3.92,3.27,11.35,44.19,86.86,7709116272.565979,46668177.0,0.0866,-29.25,245500,0.64,154.42,-1.04,154.18,-0.89,149.07,2.51,148.93,2.61,5.05,40.56,406350,386100,424086,0.025
1685,CZWI,Financial Services,Banks - Regional,NASDAQ,98.02,71.02,95.3,51.93,97.47,68.6,105.63,74.59,120.39,84.81,116.67,79.61,21.1,-0.94,-1.12,-3.56,-2.87,17.66,73.9,205549912.93745804,9650231.0,0.0229,-13.63,38900,0.8,21.33,-1.08,21.26,-0.75,21.42,-1.49,21.31,-0.99,2.05,27.68,27830,48790,45680,-0.203
1686,RY,Financial Services,Banks - Diversified,NYSE,98.01,71.01,91.84,35.38,104.46,76.84,109.91,79.19,123.67,86.46,111.47,75.91,191.91,-1.92,-4.99,-6.79,-8.67,14.46,71.1,270891376235.36334,1384429799.0,2.18,-12.2,949700,0.92,192.94,-0.53,195.31,-1.74,199.45,-3.78,205.02,-6.39,1.6,74.16,1086880,1036943,1170356,0.089
1687,KINS,Financial Services,Insurance - Property & Casualty,NASDAQ,98.0,70.97,94.18,45.7,97.81,69.16,114.25,82.87,108.28,74.73,103.57,67.27,18.49,-0.05,1.32,-3.8,-8.31,7.4,64.13,267808460.5,14476133.0,0.0241,-11.53,76000,0.87,18.63,-0.75,18.32,0.93,18.74,-1.33,19.35,-4.44,2.82,15.32,67490,87783,93650,0.259
1688,CBFV,Financial Services,Banks - Regional,NASDAQ,98.0,70.97,98.64,72.8,94.5,63.72,97.19,62.66,101.64,66.36,100.59,62.92,37.2,0.95,0.4,-0.16,-0.37,4.76,60.22,187256362.64611816,5081584.0,0.0184,-4.27,2738,0.63,37.28,-0.21,37.2,0.0,37.2,0.0,37.26,-0.16,1.48,-0.0,3623,4321,4678,0.15
1689,INDV,Healthcare,Drug Manufacturers - Specialty & Generic,NASDAQ,98.0,70.97,96.9,59.9,98.45,70.14,96.31,61.12,143.62,92.74,158.2,92.47,35.83,0.34,0.03,3.89,-10.91,-1.7,49.23,4214920255.078537,118031934.0,0.1125,-16.3,4799600,2.25,35.86,-0.08,35.97,-0.39,35.58,0.7,36.37,-1.48,2.68,64.54,2189110,2137793,2299214,0.136
1690,CLST,Financial Services,Banks - Regional,NASDAQ,97.99,70.94,93.35,41.72,102.44,74.74,107.34,76.38,103.52,68.92,105.11,69.14,16.8,3.07,-6.15,-6.9,0.3,9.09,66.23,65750790.2224617,4033791.0,0.0023,-18.05,5800,1.96,16.89,-0.53,17.13,-1.93,17.6,-4.55,17.48,-3.89,2.23,13.32,2540,2966,2804,0.087
1691,CET,Financial Services,Asset Management,NYSE ARCA,97.95,70.92,99.28,75.45,99.73,71.62,99.85,66.81,94.51,55.62,99.11,60.72,55.87,-0.57,-0.92,-0.23,6.62,10.5,67.56,1660373159.7702599,29549265.0,0.0004,-2.65,10094,0.43,55.94,-0.13,55.74,0.23,55.9,-0.05,55.3,1.03,1.71,7.31,21009,23586,26599,0.659
1692,NTRS,Financial Services,Asset Management,NASDAQ,97.94,70.91,90.89,32.41,106.15,78.8,117.04,85.04,120.7,85.03,117.38,80.14,168.21,-1.86,-4.28,-11.09,-7.4,21.73,77.08,31358597807.527313,182955653.0,0.0248,-14.08,1024900,1.01,169.0,-0.47,170.25,-1.2,174.29,-3.49,180.78,-6.95,2.04,24.18,1092970,1015263,1029984,0.364
1693,CRDL,Healthcare,Drug Manufacturers - Specialty & Generic,NASDAQ,97.93,70.87,74.8,7.96,141.7,93.85,172.78,96.86,91.73,49.81,126.81,84.61,1.23,-12.77,-28.07,-38.35,1.65,21.78,77.11,171333248.39406788,121512945.0,0.028199999,-47.44,1262300,0.8,1.3,-5.38,1.45,-15.17,1.66,-25.9,1.75,-29.71,8.82,-0.0,2093270,1585983,1553648,
1694,UTHR,Healthcare,Drug Manufacturers - Specialty & Generic,NASDAQ,97.93,70.87,107.11,89.61,83.54,37.4,90.57,44.33,105.92,71.94,136.6,87.82,549.16,1.38,15.5,10.47,4.44,6.88,63.5,23233888379.968018,42890692.0,0.0762,-9.88,562100,0.62,540.99,1.51,532.69,3.09,511.68,7.32,512.59,7.13,4.4,83.76,1226410,901226,753896,-0.019
1695,GENB,Healthcare,Biotechnology,NASDAQ,97.93,70.87,92.86,39.62,98.05,69.47,112.76,81.81,96.57,58.89,84.5,31.93,14.34,4.75,-5.35,-8.78,2.21,,,1757144794.9811745,128352436.0,0.096,-36.74,903100,0.75,13.92,3.02,14.24,0.7,15.37,-6.7,15.52,-7.6,6.11,45.64,1039200,1209190,1197728,-0.377
1696,BELFA,Technology,Electronic Components,NASDAQ,97.92,70.84,91.93,35.73,98.75,70.53,105.11,73.98,138.83,91.74,186.61,95.48,195.38,-6.66,-3.8,-6.39,-6.84,26.45,80.22,3022321244.2474365,14439450.0,0.1004,-33.43,138500,1.59,201.42,-3.0,201.67,-3.12,200.15,-2.38,211.41,-7.58,3.55,13.26,83970,87020,116626,0.252
1697,OVLY,Financial Services,Banks - Regional,NASDAQ,97.91,70.82,95.88,54.88,97.92,69.3,100.12,67.34,102.1,67.07,113.91,77.74,33.37,-2.11,-2.34,-3.39,1.0,12.21,69.34,286789217.00367737,8412708.0,0.0123000005,-7.23,10229,0.56,34.1,-2.14,34.04,-1.97,34.18,-2.37,34.08,-2.08,2.46,0.0,13842,18317,22164,0.05
1698,INTR,Financial Services,Banks - Regional,NASDAQ,97.91,70.82,139.56,97.82,66.84,18.29,73.31,21.72,60.95,15.63,98.28,59.48,7.68,40.15,50.29,34.5,36.17,-3.03,47.47,2419493834.981201,441513472.0,0.042600002,-25.87,13485700,2.07,7.14,7.56,6.2,23.87,5.78,32.87,5.6,37.14,4.97,107.05,11673550,6528006,6238742,0.238
1699,CNH,Industrials,Farm & Heavy Construction Machinery,NYSE,97.9,70.79,91.59,34.6,109.64,81.58,117.12,85.08,87.83,38.24,86.91,35.11,11.39,-15.44,-12.99,-16.13,10.37,22.08,77.25,21661898711.104713,1608158744.0,0.060300004,-21.23,23649500,1.07,12.51,-8.95,12.8,-11.02,13.2,-13.71,12.27,-7.17,4.75,1.85,15745210,22172610,20089488,0.02
1700,FSBW,Financial Services,Banks - Regional,NASDAQ,97.87,70.77,99.54,76.17,96.33,66.67,95.66,60.12,101.76,66.59,93.52,52.02,44.1,-0.52,-0.18,1.85,3.61,6.21,62.57,348529035.23602295,7862148.0,0.0248,-3.82,16300,0.57,44.22,-0.27,44.1,0.0,44.03,0.16,43.42,1.57,1.99,23.96,29840,28383,25234,0.025
1701,RMR,Real Estate,Real Estate Services,NASDAQ,97.85,70.76,90.84,32.26,101.81,74.2,101.72,69.71,122.86,86.07,101.16,63.85,17.71,-0.11,-4.43,-6.89,-8.99,26.78,80.33,302832399.161293,17080226.0,0.09770001,-17.44,193100,1.92,17.62,0.51,17.88,-0.95,18.43,-3.91,19.06,-7.08,2.51,24.73,117950,100613,115138,0.084
1702,IKT,Healthcare,Biotechnology,NASDAQ,97.83,70.72,89.38,28.18,105.65,78.22,125.79,89.13,104.83,70.69,92.82,50.67,1.97,-1.5,-4.37,-15.81,-13.6,18.67,74.68,279071800.0,139535900.0,0.2067,-24.52,435000,0.83,1.96,0.51,1.99,-1.01,2.12,-7.08,2.29,-13.97,5.21,97.49,494150,525836,514228,
1703,SIRI,Communication Services,Entertainment,NASDAQ,97.83,70.72,93.49,42.45,96.75,67.35,110.76,80.07,124.32,86.68,117.64,80.24,26.51,3.07,2.51,-9.06,-13.62,32.34,82.74,8669360205.074533,337066891.0,0.1835,-18.83,7515700,1.67,26.29,0.84,26.04,1.8,26.89,-1.41,28.07,-5.56,2.8,6.73,4774460,4505753,4235010,0.01
1704,BEKE,Real Estate,Real Estate Services,NYSE,97.83,70.72,105.24,87.77,92.99,61.25,88.8,40.53,91.4,48.89,80.74,28.06,17.84,8.58,9.25,5.38,5.0,12.58,69.69,18065016604.225067,1099514076.0,0.0479,-10.26,10018800,1.84,17.02,4.82,16.86,5.81,16.63,7.28,17.05,4.63,2.44,142.18,5436260,5456656,4627054,-0.057
1705,RDNT,Healthcare,Diagnostics & Research,NASDAQ,97.83,70.72,98.36,70.69,98.95,70.76,106.49,75.5,87.78,38.18,80.34,27.76,70.91,1.4,0.17,-6.07,13.11,-5.05,44.6,5503334171.026649,78697757.0,0.1454,-17.39,507400,0.7,69.72,1.71,69.76,1.65,72.25,-1.85,73.17,-3.09,3.44,114.0,575470,725173,729240,0.25
1706,ETV,Financial Services,Asset Management,NYSE,97.82,70.67,98.49,71.8,99.23,71.12,99.48,66.28,98.82,62.44,97.38,58.38,15.17,1.54,-0.13,0.52,5.63,11.39,68.44,1744313211.8678331,116754569.0,1.28,-2.07,193692,1.06,14.97,1.34,14.96,1.4,15.09,0.53,15.05,0.8,1.45,31.82,262619,181909,169995,-0.061
1707,FNRN,Financial Services,Banks - Regional,NASDAQ,97.81,70.66,90.86,32.33,102.87,75.16,108.17,77.22,130.66,89.39,119.39,81.19,16.05,-9.73,-6.52,-7.01,-12.01,25.2,79.47,293526315.3156872,16508791.0,0.0368,-16.62,49600,0.5,17.25,-6.96,17.35,-7.49,17.29,-7.17,17.36,-7.55,2.67,6.99,100670,98346,97660,-0.017
1708,EME,Industrials,Engineering & Construction,NYSE,97.78,70.63,101.46,81.66,95.27,65.17,99.02,65.42,98.32,61.55,128.93,85.44,789.45,0.36,3.57,1.13,-1.61,27.16,80.61,34697288579.46887,44109901.0,0.0215,-17.07,180600,0.5,791.21,-0.22,779.38,1.29,764.7,3.24,777.67,1.51,3.08,60.58,364250,360313,364600,0.198
1709,STRF,Technology,Software - Application,NASDAQ,97.78,70.63,100.97,80.54,98.58,70.31,96.61,61.58,84.52,34.56,90.51,46.19,103.21,-0.18,-0.43,1.75,7.9,4.06,59.27,,,6.05,-11.82,27900,0.49,103.22,-0.01,103.37,-0.15,103.24,-0.03,99.54,3.69,0.78,10.62,50140,57036,67608,0.069
1710,META,Communication Services,Internet Content & Information,NASDAQ,97.77,70.61,105.49,87.98,111.06,82.69,94.36,57.5,88.17,38.87,96.06,56.61,718.67,-1.29,-4.39,10.99,33.43,8.92,66.06,1854788375834.4834,2547506225.0,0.014099999,-7.84,12605100,0.61,728.33,-1.33,727.52,-1.22,715.64,0.42,639.4,12.4,3.06,11.22,16585590,20816220,19064750,0.28
1711,TT,Industrials,Building Products & Equipment,NYSE,97.76,70.59,102.54,84.06,94.28,63.46,93.78,56.15,98.71,62.19,108.42,73.17,476.98,2.82,4.96,7.79,8.59,23.21,77.92,102070952847.81894,220023177.0,0.0152,-5.71,1088500,0.95,472.27,1.0,464.38,2.71,448.11,6.44,454.67,4.91,2.36,40.79,1347390,1149216,1096798,0.106
1712,RSVR,Communication Services,Entertainment,NASDAQ,97.75,70.57,98.86,73.85,95.43,65.46,94.95,58.79,109.48,75.92,120.66,81.9,9.6,0.84,1.16,1.37,-10.86,28.0,81.1,627660703.540699,65930743.0,0.0298,-28.3,68800,0.82,9.56,0.42,9.55,0.52,9.5,1.05,9.67,-0.72,2.81,92.84,44890,84306,65932,0.116
1713,DTSQU,Financial Services,Shell Companies,NASDAQ,97.72,70.55,100.33,78.57,96.1,66.27,92.3,51.63,93.76,54.23,90.69,46.57,11.89,0.0,0.0,3.44,3.44,9.34,66.47,,,,-31.27,0,0.0,11.89,0.0,11.89,0.0,11.7,1.62,11.58,2.68,0.29,14.74,0,26,16,
1714,PAMT,Industrials,Trucking,NASDAQ,97.72,70.55,100.58,79.4,87.81,45.7,102.5,70.78,121.25,85.24,68.61,18.47,12.78,4.41,8.77,-4.27,-22.92,15.66,72.2,256333220.88669777,20942257.0,0.0178,-28.0,62450,2.65,12.24,4.41,12.08,5.79,12.15,5.19,12.72,0.47,5.77,61.05,28765,23591,22883,0.089
1715,MCI,Financial Services,Asset Management,NYSE,97.71,70.52,100.68,79.68,92.3,59.89,95.56,59.92,82.55,32.41,79.95,27.31,18.67,4.89,1.58,-4.45,14.55,0.92,52.74,366449385.29333115,20587045.0,0.0028,-13.16,17406,0.39,18.36,1.69,18.05,3.43,18.51,0.86,18.01,3.66,2.89,25.96,34970,44740,41456,-0.052
1716,MYRG,Industrials,Engineering & Construction,NASDAQ,97.7,70.51,97.78,65.03,89.73,50.22,96.59,61.54,148.41,93.6,157.38,92.4,311.63,2.25,6.51,6.99,-5.81,36.97,84.45,4745040151.451111,15569250.0,0.0555,-38.12,168200,0.64,312.54,-0.29,303.21,2.78,293.25,6.27,305.1,2.14,4.07,42.19,222430,264390,265370,0.201
1717,FGCPP,Financial Services,Asset Management,NASDAQ,97.69,70.49,94.83,49.38,107.92,80.18,98.91,65.22,111.18,77.78,120.0,81.52,24.03,-0.83,-7.54,3.03,-2.31,18.99,74.95,,,61.48,-7.58,207,0.19,24.25,-0.91,24.52,-2.0,24.57,-2.2,24.38,-1.44,1.99,-0.0,1430,1070,686,0.169
1718,FSTR,Industrials,Railroads,NASDAQ,97.68,70.47,89.52,28.54,102.23,74.51,107.29,76.32,137.42,91.41,108.02,72.71,34.94,-6.25,-6.75,-7.05,-15.17,23.9,78.49,392071571.82556534,10519763.0,0.05,-23.73,35100,0.76,35.79,-2.37,36.36,-3.91,36.9,-5.31,37.92,-7.86,3.19,8.97,56420,46230,58640,-0.035
1719,ETW,Financial Services,Asset Management,NYSE,97.67,70.46,98.74,73.28,98.13,69.57,99.57,66.49,99.36,63.1,99.17,60.81,9.67,1.9,0.73,0.9,3.62,12.07,69.15,1030592964.2839394,108597786.0,0.32,-2.81,395363,1.41,9.54,1.36,9.52,1.58,9.56,1.15,9.64,0.31,1.14,90.32,311976,280652,285289,-0.014
1720,AOD,Financial Services,Asset Management,NYSE,97.66,70.43,96.44,57.62,101.23,73.5,103.82,72.38,104.56,70.33,105.5,69.6,10.15,-0.49,-1.46,-2.5,-0.55,12.77,69.89,1075756719.2838907,105466347.0,3.04,-6.45,274339,0.65,10.09,0.59,10.13,0.2,10.24,-0.88,10.4,-2.4,1.82,49.35,397993,423591,403504,0.161
1721,RMBI,Financial Services,Banks - Regional,NASDAQ,97.66,70.43,97.46,62.76,94.67,64.05,102.87,71.29,104.41,70.09,97.12,58.03,15.32,-0.78,0.39,-3.65,-0.35,12.01,69.07,247621201.19033718,16037643.0,0.0173,-7.66,48100,0.4,15.3,0.13,15.18,0.92,15.44,-0.78,15.62,-1.92,2.27,46.06,53310,120783,91108,0.156
1722,CHD,Consumer Defensive,Household & Personal Products,NYSE,97.65,70.41,98.99,74.34,93.85,62.73,91.56,47.74,96.54,58.83,90.65,46.44,98.11,4.03,1.79,4.21,0.75,17.56,73.79,22370699890.0589,237203907.0,0.052399997,-7.48,2047300,1.1,96.96,1.19,95.8,2.41,95.52,2.71,98.2,-0.09,1.45,51.88,1984100,1861020,1828090,0.016
1723,ASTH,Healthcare,Medical Care Facilities,NASDAQ,97.61,70.39,94.42,46.79,104.46,76.84,119.11,86.09,143.08,92.64,101.42,64.06,37.55,4.65,3.24,-1.13,2.37,56.39,89.92,1779804705.063179,49604366.0,0.1257,-27.23,314900,0.8,36.87,1.84,36.13,3.93,36.07,4.1,36.99,1.51,4.2,106.62,355150,395913,428174,0.485
1724,ULTA,Consumer Cyclical,Specialty Retail,NASDAQ,97.59,70.37,106.18,88.79,95.18,64.88,96.27,61.05,78.05,27.62,97.31,58.27,570.37,4.91,4.62,4.31,10.38,-6.95,42.36,23246809512.378357,42757471.0,0.0572,-20.22,384100,0.7,554.01,2.95,549.47,3.8,547.58,4.16,540.31,5.56,2.45,80.76,374860,547443,579576,0.089
1725,KE,Industrials,Electrical Equipment & Parts,NASDAQ,97.57,70.35,109.94,91.67,92.04,59.34,88.14,39.1,84.99,35.15,108.78,73.55,28.68,-0.38,5.17,9.59,16.68,0.42,52.1,690729558.0153275,23991995.0,0.078600004,-10.38,195200,1.01,28.72,-0.14,28.32,1.27,26.96,6.38,25.73,11.47,3.2,16.04,199960,194186,204326,-0.023
1726,GPN,Industrials,Specialty Business Services,NYSE,97.57,70.35,93.93,44.37,104.4,76.74,109.7,78.87,93.86,54.38,85.8,33.58,82.2,4.87,-4.96,-6.9,-5.08,2.13,55.0,20740788681.403885,264618390.0,0.0739,-14.27,1776200,0.76,82.0,0.24,81.84,0.44,84.22,-2.4,87.53,-6.09,2.88,46.96,2096910,2343276,2662760,0.686
1727,GGT,Financial Services,Asset Management,NYSE,97.56,70.31,98.44,71.37,96.7,67.28,96.34,61.2,101.47,66.11,96.57,57.3,4.01,0.75,0.75,1.52,3.24,14.3,70.92,196758839.06293392,49436894.0,0.005,-8.24,312936,0.88,4.0,0.25,3.99,0.5,3.99,0.5,4.0,0.25,0.94,53.03,231703,356001,342422,0.415
1728,SXI,Industrials,Specialty Industrial Machinery,NYSE,97.56,70.31,97.4,62.48,94.68,64.09,94.86,58.58,121.61,85.46,129.95,85.66,285.01,-1.24,1.73,5.88,-0.68,26.99,80.47,3544307939.373932,12281465.0,0.0756,-21.68,81500,0.58,288.14,-1.09,283.93,0.38,274.73,3.74,293.12,-2.77,3.5,60.41,152090,139640,132624,0.028
1729,WTGUU,Financial Services,Shell Companies,NASDAQ,97.56,70.31,104.33,86.39,91.42,57.62,90.56,44.31,88.53,39.23,96.43,57.12,11.35,0.0,5.33,7.28,7.99,10.52,67.6,,,73.19,-7.35,0,0.0,11.35,0.0,11.2,1.34,10.95,3.65,10.72,5.88,0.48,-0.0,490,1840,1148,
1730,NTWOU,Financial Services,Shell Companies,NASDAQ,97.55,70.27,98.62,72.61,96.09,66.25,98.81,65.07,89.59,41.09,88.32,38.57,11.5,1.77,-0.0,-1.29,7.98,4.64,60.06,,,0.0,-8.0,0,0.0,11.42,0.7,11.4,0.88,11.52,-0.17,11.41,0.79,0.34,0.25,329,196,614,
1731,IDYA,Healthcare,Biotechnology,NASDAQ,97.55,70.27,93.99,44.7,100.85,73.07,115.09,83.52,109.51,75.97,115.29,78.6,36.11,-3.35,-1.58,-3.94,-0.8,1.72,54.14,3604847181.1325073,96489484.0,0.1196,-15.39,698900,0.87,36.62,-1.39,37.28,-3.14,37.63,-4.04,38.06,-5.12,4.43,10.62,743700,805130,771092,
1732,ENIC,Utilities,Utilities - Renewable,NYSE,97.49,70.24,100.43,78.89,95.12,64.73,99.74,66.6,101.11,65.65,109.58,74.13,4.48,7.43,4.43,2.28,-1.54,17.49,73.73,5768490976.019791,1383331144.0,2.42,-5.49,458700,0.6,4.37,2.52,4.29,4.43,4.3,4.19,4.4,1.82,2.47,121.94,495980,763033,658894,-0.113
1733,JHX,Basic Materials,Building Materials,NYSE,97.48,70.2,91.99,35.97,108.08,80.29,120.55,86.93,107.97,74.35,83.22,30.44,25.12,0.52,-3.75,-11.77,-5.1,20.89,76.34,14507256842.248947,580522488.0,0.026300002,-20.08,5550700,0.46,25.12,0.0,25.16,-0.16,26.05,-3.57,28.1,-10.6,3.51,63.58,8490220,12053626,9666152,0.639
1734,CENTA,Consumer Defensive,Packaged Foods,NASDAQ,97.48,70.2,96.68,58.94,90.41,53.7,92.23,51.25,109.87,76.46,101.98,64.91,35.0,2.1,2.76,0.78,-8.09,19.78,75.48,2145674183.03302,62592598.0,0.0421,-14.22,291300,0.93,34.73,0.78,34.34,1.92,34.45,1.6,36.32,-3.63,1.93,28.15,302450,312906,315736,-0.082
1735,HPP,Real Estate,REIT - Office,NYSE,97.48,70.2,92.52,37.94,95.42,65.43,90.23,43.52,142.37,92.49,58.61,12.13,11.97,4.27,2.75,-2.13,-15.23,16.67,73.09,623005121.8377419,54268741.0,0.0098,-39.15,475300,0.71,11.66,2.66,11.59,3.28,11.68,2.48,12.84,-6.78,3.87,103.7,735790,665356,690716,-0.013
1736,JBHT,Industrials,Integrated Freight & Logistics,NASDAQ,97.48,70.2,89.59,28.81,98.38,69.97,118.21,85.61,144.86,93.02,135.77,87.52,229.26,-2.11,1.69,-15.23,-14.7,15.51,72.04,21991379713.43994,93900000.0,0.0321,-23.52,713200,0.65,227.2,0.91,227.68,0.69,236.47,-3.05,255.55,-10.29,2.63,42.68,864490,1100490,964198,0.194
1737,AXTA,Basic Materials,Specialty Chemicals,NYSE,97.47,70.16,95.05,50.65,95.38,65.33,100.43,67.93,99.86,63.75,84.2,31.49,32.63,1.34,-0.79,-4.48,-9.44,1.21,53.2,6891444066.684299,214019997.0,0.0432,-15.49,1327800,0.65,32.86,-0.7,32.58,0.15,32.74,-0.34,34.85,-6.37,2.55,9.62,2005220,2028790,1822108,0.031
1738,PVL,Energy,Oil & Gas E&P,NYSE,97.46,70.14,99.04,74.56,95.86,65.87,96.04,60.66,89.79,41.89,97.81,58.94,1.79,-2.19,-0.23,-3.43,10.74,9.45,66.62,60390001.41620636,33000000.0,0.0037,-10.95,97600,1.56,1.81,-1.1,1.81,-1.1,1.82,-1.65,1.79,0.0,2.27,73.98,51260,62633,55694,2.732
1739,MVBF,Financial Services,Banks - Regional,NASDAQ,97.42,70.13,94.34,46.29,101.9,74.3,107.51,76.56,106.01,72.01,102.36,65.57,28.91,-5.09,-4.02,-7.72,-4.58,10.05,67.11,394990251.34789276,12967507.0,0.031600002,-9.63,56600,1.04,29.55,-2.17,29.62,-2.4,30.15,-4.11,30.28,-4.52,2.61,20.52,59670,54243,55804,0.462
1740,ADEA,Technology,Software - Application,NASDAQ,97.41,70.11,89.36,28.14,100.11,72.16,118.9,86.02,118.95,83.81,168.59,93.82,23.9,-7.17,-6.22,-10.54,-5.75,44.2,86.88,2838611035.758877,110280150.0,0.118599996,-30.4,685371,0.67,24.6,-2.85,24.93,-4.13,25.1,-4.78,26.35,-9.3,4.54,12.89,1311812,1018996,1016849,0.121
1741,WS,Basic Materials,Steel,NYSE,97.4,70.09,102.33,83.57,100.58,72.7,83.17,31.78,96.86,59.34,99.53,61.49,36.05,-2.49,-0.58,6.87,3.13,0.61,52.25,1883496566.620697,50946619.0,0.065799996,-26.68,655400,1.63,36.71,-1.8,36.46,-1.12,35.15,2.56,35.53,1.46,5.48,72.13,608450,403123,330382,0.116
1742,WMB,Energy,Oil & Gas Midstream,NYSE,97.38,70.08,99.42,75.9,91.3,57.33,100.7,68.36,105.72,71.72,105.54,69.64,72.67,3.02,4.92,-0.25,3.23,26.05,80.04,86282234594.72327,1223167472.0,0.0222,-9.25,7076900,0.91,71.93,1.03,70.5,3.08,70.94,2.44,71.88,1.1,2.32,36.22,7144340,7745016,7252584,0.078
1743,SNAP,Communication Services,Internet Content & Information,NYSE,97.36,70.06,116.27,94.57,92.03,59.29,88.76,40.4,57.69,13.77,66.77,17.03,6.23,11.65,14.94,9.68,32.84,-21.54,30.09,9436883103.931854,1691197712.0,0.089099996,-31.76,49381000,1.49,5.86,6.31,5.65,10.27,5.63,10.66,5.48,13.69,4.24,107.81,34039210,33060903,37779276,0.189
1744,CBIO,Healthcare,Biotechnology,NASDAQ,97.34,70.03,91.86,35.42,84.25,38.71,122.93,87.99,95.65,57.56,131.62,86.27,14.91,4.12,6.58,-23.18,-0.73,19.76,75.46,531942594.26368713,37146830.0,0.1574,-45.6,347100,0.69,14.01,6.42,14.25,4.63,15.54,-4.05,16.64,-10.4,7.61,74.06,422620,502686,374740,
1745,BSAAU,Financial Services,Shell Companies,NASDAQ,97.34,70.03,104.61,86.87,88.9,48.05,82.73,31.27,101.58,66.29,90.56,46.32,11.6,5.45,6.42,10.48,11.43,12.62,69.72,,,9.61,-36.26,0,0.0,11.32,2.47,11.12,4.32,10.93,6.13,10.65,8.92,0.92,-0.0,210,80,58,
1746,BFC,Financial Services,Banks - Regional,NASDAQ,97.31,70.01,94.2,45.79,100.91,73.17,102.57,70.92,103.77,69.32,102.39,65.6,145.41,-4.71,-4.42,-5.45,-3.5,12.68,69.79,1691663695.8611755,11085607.0,0.062,-8.6,38624,0.58,148.49,-2.07,149.42,-2.68,150.42,-3.33,152.34,-4.55,1.86,1.11,59022,66037,68502,0.57
1747,NWG,Financial Services,Banks - Regional,NYSE,97.3,69.99,92.23,36.86,107.16,79.73,113.16,82.1,105.74,71.76,104.05,67.92,17.13,-3.06,-7.36,-9.32,-5.99,3.94,59.09,70077665872.67508,3965912030.0,0.00029999999,-11.79,3648500,1.0,17.34,-1.21,17.65,-2.95,18.13,-5.52,18.47,-7.26,2.45,26.19,4698760,3638726,3414054,0.145
1748,ISTR,Financial Services,Banks - Regional,NASDAQ,97.28,69.97,94.93,49.97,96.93,67.68,104.25,72.97,107.75,74.1,120.4,81.76,28.82,-2.01,-1.47,-6.26,-2.99,7.07,63.7,405182332.55779266,13777026.0,0.0222,-9.29,65000,0.72,29.11,-1.0,29.1,-0.96,29.56,-2.5,29.97,-3.84,1.92,19.86,90310,90080,99650,0.662
1749,HKD,Technology,Software - Application,NYSE,97.28,69.97,102.2,83.33,94.59,63.94,90.45,44.09,85.44,35.6,98.62,59.95,1.73,1.17,2.98,2.37,8.81,25.36,79.54,537417700.4888058,314279350.0,0.0033000002,-68.37,47300,0.42,1.72,0.58,1.72,0.58,1.71,1.17,1.7,1.76,3.84,60.21,152380,111770,111264,3.409
1750,ROLR,Consumer Cyclical,Gambling,NYSE ARCA,97.26,69.94,71.24,6.07,176.27,97.09,162.15,96.04,122.0,85.74,173.06,94.4,4.45,-9.0,-24.58,-27.64,-22.61,222.46,98.09,53933339.097427845,11029313.0,0.0113,-86.79,15700,0.43,4.59,-3.05,4.88,-8.81,5.56,-19.96,5.86,-24.06,7.8,25.94,44810,36280,50204,-0.516
1751,CMCO,Industrials,Farm & Heavy Construction Machinery,NASDAQ,97.25,69.9,96.68,58.94,101.3,73.55,108.91,78.08,83.15,33.14,88.69,40.25,15.99,-4.48,-4.99,-9.86,-22.42,-8.02,41.32,483187437.95349884,28864244.0,0.3341,-34.47,298300,0.73,16.41,-2.56,16.33,-2.08,16.32,-2.02,17.7,-9.66,5.01,26.23,371360,407943,484294,1.253
1752,GGN,Financial Services,Asset Management,NYSE ARCA,97.25,69.9,97.52,63.2,99.32,71.16,103.47,72.02,86.42,36.67,103.43,66.99,5.32,1.33,-1.85,-3.79,9.12,6.43,62.91,820179995.25,156224761.0,0.0004,-9.52,241644,0.54,5.27,0.95,5.27,0.95,5.37,-0.93,5.39,-1.3,1.62,46.28,386054,451594,491990,0.143
1753,FCCO,Financial Services,Banks - Regional,NASDAQ,97.25,69.9,95.34,52.18,97.46,68.56,104.07,72.78,106.11,72.16,107.02,71.33,32.27,-1.22,-2.06,-5.37,-4.93,7.96,64.75,307089194.5585785,9399731.0,0.0221,-9.71,26600,0.44,32.44,-0.52,32.44,-0.52,32.97,-2.12,33.56,-3.84,2.94,20.0,34550,60743,54920,0.265
1754,FFBC,Financial Services,Banks - Regional,NASDAQ,97.25,69.9,92.38,37.47,101.82,74.24,104.75,73.53,123.3,86.29,108.38,73.15,30.9,-3.04,-4.63,-4.92,-7.82,21.35,76.79,3351670019.8795967,105166926.0,0.0678,-14.76,559900,0.63,31.17,-0.87,31.39,-1.56,31.74,-2.65,32.53,-5.01,2.06,14.11,769510,888983,782042,0.165
1755,AROW,Financial Services,Banks - Regional,NASDAQ,97.24,69.86,92.29,37.11,99.2,71.08,105.95,74.88,124.03,86.59,120.12,81.61,36.38,-3.73,-3.37,-7.08,-8.21,18.28,74.41,700011509.1289749,18523723.0,0.0339,-14.8,70500,0.86,36.92,-1.46,37.16,-2.1,37.61,-3.27,38.35,-5.14,2.02,1.36,74940,81873,86876,0.046
1756,CMT,Basic Materials,Specialty Chemicals,NYSE ARCA,97.22,69.84,96.1,56.02,93.26,61.65,99.48,66.28,107.55,73.82,144.38,89.93,23.27,1.09,0.26,-2.02,-0.26,14.8,71.34,197127146.8999672,8563299.0,0.029000001,-18.89,32400,0.88,23.27,0.0,23.01,1.13,23.27,0.0,24.25,-4.04,3.12,8.26,40470,36766,31674,-0.208
1757,ADAMN,Real Estate,REIT - Mortgage,NASDAQ,97.21,69.82,95.91,55.12,100.38,72.47,102.14,70.36,102.16,67.09,97.98,59.14,23.51,-2.97,-2.02,-1.54,0.86,14.32,70.97,,,1.52,-6.56,1700,0.22,23.67,-0.68,23.9,-1.63,23.97,-1.92,24.07,-2.33,2.5,64.75,9280,7850,8220,1.298
1758,DTIL,Healthcare,Biotechnology,NASDAQ,97.21,69.82,91.54,34.42,94.57,63.89,117.35,85.17,133.75,90.34,138.9,88.5,6.72,6.5,8.04,-6.28,-4.0,54.84,89.51,174165804.1606264,27601554.0,0.0825,-30.15,263700,1.06,6.38,5.33,6.32,6.33,6.5,3.38,7.2,-6.67,5.9,93.37,232980,249203,265850,
1759,SGU,Energy,Oil & Gas Refining & Marketing,NYSE,97.2,69.79,99.59,76.29,95.51,65.54,98.63,64.68,100.18,64.39,94.48,53.79,12.99,0.85,1.25,0.85,3.51,14.32,70.97,422608465.8349457,32811216.0,0.0017,-3.99,14000,0.7,12.96,0.23,12.89,0.78,12.83,1.25,12.75,1.88,1.58,39.02,18710,19900,19832,0.172
1760,MREO,Healthcare,Biotechnology,NASDAQ,97.19,69.78,111.65,92.59,112.31,83.57,86.23,36.0,93.38,53.59,92.73,50.49,0.35,-7.89,-5.41,25.0,11.11,22.27,77.39,60682568.9785341,159690973.0,0.023699999,-85.23,1191200,0.68,0.36,-2.78,0.37,-5.41,0.34,2.94,0.31,12.9,10.8,18.53,1597180,1754236,4929520,
1761,MICC,Consumer Defensive,Packaged Foods,NYSE,97.17,69.75,88.26,25.49,105.78,78.38,110.26,79.48,113.18,79.43,79.97,27.35,17.28,-1.14,-8.96,-12.06,-7.79,9.16,66.28,10555743568.447731,603875506.0,11.77,-16.46,798700,0.98,17.19,0.52,17.58,-1.71,18.43,-6.24,19.05,-9.29,2.46,30.59,865820,813773,785572,0.042
1762,AFCG,Financial Services,Asset Management,NASDAQ,97.17,69.75,90.21,30.64,103.37,75.63,100.24,67.55,89.03,39.99,79.37,26.75,3.03,-13.43,-13.7,-13.45,14.64,11.22,68.31,78640642.5,22468755.0,0.0475,-23.1,64400,0.83,3.19,-5.02,3.37,-10.09,3.41,-11.14,3.28,-7.62,4.03,8.19,74950,77666,89068,
1763,CAAP,Industrials,Airports & Air Services,NYSE,97.16,69.73,100.56,79.33,92.88,61.15,95.19,59.29,100.02,63.98,109.0,73.67,24.54,0.99,2.76,-0.2,-2.33,-0.81,50.27,3969925624.3574905,163371430.0,0.0542,-19.54,112300,0.4,24.9,-1.45,25.06,-2.08,24.47,0.29,24.09,1.87,3.52,36.45,437780,283800,260270,0.12
1764,VCYT,Healthcare,Diagnostics & Research,NASDAQ,97.15,69.69,95.12,51.04,97.31,68.3,94.62,58.1,162.17,95.39,89.34,42.61,45.23,-1.27,-0.44,10.67,-24.34,4.97,60.62,3682699497.5098686,80390731.0,0.123500004,-25.74,966500,0.69,44.86,0.82,45.17,0.13,43.59,3.76,43.76,3.36,6.24,61.34,1336550,1410756,1458198,0.155
1765,KNX,Industrials,Trucking,NYSE,97.15,69.69,93.42,42.1,100.2,72.29,107.22,76.24,130.35,89.28,122.99,83.15,64.47,-3.43,1.26,-5.15,-7.37,21.67,77.04,10865590907.684326,162756000.0,0.0921,-22.19,3078900,0.87,64.6,-0.2,64.65,-0.28,65.74,-1.93,68.0,-5.19,3.05,14.73,3003340,3545743,3275942,0.126
1766,B,Basic Materials,Gold,NYSE,97.15,69.69,95.59,53.41,101.2,73.45,105.06,73.88,91.11,47.7,128.28,85.24,41.06,2.06,-4.24,-6.0,9.33,-8.44,40.77,66213929422.94391,1645884419.0,1.61,-24.92,6949800,0.81,40.19,2.16,40.43,1.56,41.76,-1.68,42.64,-3.71,2.99,39.95,7980300,8585623,9965000,0.438
1767,EP,Energy,Oil & Gas E&P,NYSE ARCA,97.14,69.66,125.89,96.82,60.46,13.83,70.81,19.89,64.92,18.19,68.4,18.24,3.15,20.69,49.29,26.0,22.57,9.76,66.87,108582105.64574075,41602341.0,0.0001,-31.22,105500,2.66,2.86,10.14,2.59,21.62,2.47,27.53,2.71,16.24,4.99,82.73,41040,39700,35692,0.27
1768,IRM,Real Estate,REIT - Specialty,NYSE,97.12,69.64,97.24,61.54,96.39,66.82,99.67,66.54,105.72,71.72,115.38,78.75,114.51,0.99,2.81,0.19,-7.41,44.58,86.96,33756521670.976624,297702812.0,0.036199998,-14.98,1076200,0.65,114.41,0.09,113.01,1.33,113.51,0.88,117.36,-2.43,2.56,51.41,1569780,1659543,1643744,0.185
1769,BVN,Basic Materials,Other Precious Metals & Mining,NYSE,97.11,69.63,96.0,55.54,106.65,79.3,110.15,79.41,103.12,68.4,136.55,87.79,32.46,3.41,-2.14,-4.64,1.88,14.71,71.28,7972647600.108719,253986867.0,0.0229,-27.33,581800,0.51,31.71,2.37,31.7,2.4,32.73,-0.82,33.5,-3.1,3.86,52.62,1106220,1139226,1132382,0.432
1770,BHC,Healthcare,Drug Manufacturers - Specialty & Generic,NYSE,97.09,69.61,104.3,86.36,91.68,58.3,93.53,55.64,70.17,21.29,84.87,32.37,6.04,4.14,6.15,3.07,0.17,-13.59,36.13,2169145325.1330385,373990561.0,0.028800001,-24.5,1032800,0.48,6.03,0.17,5.91,2.2,5.81,3.96,6.21,-2.74,3.68,9.0,1781340,2158893,3274576,0.127
1771,AMT,Real Estate,REIT - Specialty,NYSE,97.07,69.59,105.61,88.08,87.58,45.26,87.63,38.34,82.14,31.97,82.97,30.2,182.24,12.36,8.98,3.58,5.59,9.93,67.01,75578718363.60278,465960048.0,0.015,-7.06,8512000,2.99,168.44,8.19,166.09,9.72,169.32,7.63,171.0,6.57,2.51,157.59,3453890,2842893,2601340,0.047
1772,BKHAU,Financial Services,Shell Companies,NASDAQ,97.07,69.59,101.67,82.28,93.88,62.82,88.0,38.88,97.08,59.71,91.23,47.56,12.67,-0.94,3.09,5.58,4.71,5.94,62.01,,,0.1,-21.3,8909,7.65,12.52,1.2,12.57,0.8,12.31,2.92,12.15,4.28,3.97,69.5,2985,1165,920,
1773,JF,Financial Services,Credit Services,NASDAQ,97.06,69.56,104.83,87.2,85.95,42.03,82.92,31.55,90.24,43.76,95.14,54.98,1.02,10.87,7.37,7.37,12.09,6.25,62.66,16872941.986084342,18340154.0,0.0013,-17.74,4700,0.67,0.96,6.25,0.94,8.51,0.96,6.25,0.95,7.37,4.2,186.67,6110,7003,8986,
1774,FMX,Consumer Defensive,Beverages - Brewers,NYSE,97.05,69.54,96.73,59.19,97.19,68.1,98.93,65.26,114.01,80.11,102.69,65.96,119.24,3.08,-0.32,1.96,-5.93,21.57,76.91,39410032322.20773,340681468.0,4.79,-15.71,532800,1.32,117.8,1.22,117.69,1.32,118.85,0.33,119.91,-0.56,2.19,45.29,501880,404823,420344,0.093
1775,INACU,Financial Services,Shell Companies,NASDAQ,97.03,69.53,103.64,85.48,90.32,53.26,91.38,46.86,90.85,46.52,88.95,41.25,10.96,1.48,5.69,5.69,6.1,8.09,64.94,,,0.7,-29.56,0,0.0,10.86,0.92,10.66,2.81,10.51,4.28,10.41,5.28,4.65,-0.0,1200,400,254,
1776,EXPO,Industrials,Engineering & Construction,NASDAQ,97.01,69.5,103.87,85.75,89.21,48.6,95.84,60.33,83.52,33.61,83.52,30.75,69.81,3.73,8.77,3.87,8.6,-2.82,47.9,3199851598.2991333,47546084.0,0.0865,-14.81,373000,0.67,69.29,0.75,67.8,2.96,67.31,3.71,67.94,2.75,2.84,19.7,678920,556413,503210,0.12
1777,FLS,Industrials,Specialty Industrial Machinery,NYSE,97.01,69.5,95.98,55.42,97.77,69.1,95.53,59.86,96.19,58.44,131.7,86.31,72.28,-2.81,-2.09,-2.65,-3.76,2.11,54.94,9453377797.725677,127112780.0,0.062800005,-21.78,1553400,0.95,72.02,0.36,72.85,-0.78,73.38,-1.5,76.41,-5.41,3.46,123.26,1548420,1642286,1598082,-0.016
1778,BHRB,Financial Services,Banks - Regional,NASDAQ,97.0,69.45,95.71,54.14,96.13,66.32,100.9,68.71,104.07,69.71,100.22,62.6,68.88,-1.4,-1.37,-3.7,-4.96,9.27,66.41,1410266137.7011871,20187033.0,0.0418,-8.27,201000,1.6,68.97,-0.13,68.98,-0.14,69.64,-1.09,71.14,-3.18,1.86,43.02,128860,125436,121424,0.223
1779,ASTL,Basic Materials,Steel,NASDAQ,97.0,69.45,102.14,83.19,94.11,63.21,87.76,38.54,67.7,19.87,91.99,48.96,4.3,-0.92,0.94,0.94,12.13,0.23,51.79,457386622.54102707,105388619.0,0.051999997,-27.12,407800,0.54,4.3,0.0,4.27,0.7,4.28,0.47,4.28,0.47,4.84,76.84,727490,756676,1057506,-0.546
1780,WFCF,Industrials,Specialty Business Services,NASDAQ,97.0,69.45,109.6,91.54,77.62,28.76,98.1,63.75,95.95,57.96,91.65,48.4,13.48,5.89,24.93,2.12,10.49,20.9,76.36,63391107.71049118,4979663.0,0.0047999998,-39.14,10300,0.13,13.39,0.67,12.62,6.81,12.37,8.97,12.68,6.31,12.97,24.6,222950,77006,48372,0.007
1781,NU,Financial Services,Banks - Regional,NYSE,97.0,69.45,111.86,92.73,84.37,38.95,95.31,59.48,81.04,30.83,94.02,52.85,16.12,20.03,18.62,10.26,11.25,-3.01,47.51,64876150164.579185,4830688659.0,0.035,-15.07,76027800,0.93,15.58,3.47,14.19,13.6,14.07,14.57,14.37,12.18,4.15,95.76,105040280,81587966,75040506,0.521
1782,PKG,Consumer Cyclical,Packaging & Containers,NYSE,96.99,69.41,96.44,57.62,96.92,67.64,98.74,64.88,101.14,65.67,93.25,51.5,230.51,0.86,-2.81,-1.02,-6.69,13.73,70.53,20362524655.265854,89098299.0,0.0437,-11.34,459500,0.78,229.35,0.51,230.21,0.13,232.88,-1.02,239.75,-3.85,1.88,46.69,536370,586366,547472,0.147
1783,IGA,Financial Services,Asset Management,NYSE,96.98,69.39,96.29,57.07,99.81,71.67,102.21,70.47,96.92,59.43,92.27,49.55,9.97,-0.4,-2.37,-3.5,0.5,10.7,67.74,153567337.43136597,15341392.0,0.0047,-7.43,56982,0.6,9.86,1.12,9.92,0.5,10.2,-2.25,10.24,-2.64,2.47,27.49,112608,95162,87499,-0.066
1784,DSGX,Technology,Software - Application,NASDAQ,96.96,69.38,106.48,88.97,90.55,54.28,84.34,33.22,78.42,28.04,72.44,20.83,82.82,3.42,5.36,8.92,11.09,-7.38,41.91,6850728280.884079,85548553.0,2.51,-15.79,395600,0.55,80.71,2.61,80.4,3.01,79.67,3.95,78.54,5.45,3.2,32.84,484690,715310,603578,0.118
1785,ADUS,Healthcare,Medical Care Facilities,NASDAQ,96.94,69.35,98.06,67.25,97.79,69.14,103.67,72.2,98.49,61.89,75.95,23.62,114.33,2.75,1.01,-2.36,-2.01,2.07,54.89,2077889298.311615,18674300.0,0.056799997,-8.12,172800,0.82,113.6,0.64,112.64,1.5,114.39,-0.05,116.47,-1.84,2.44,17.59,204080,210720,207788,0.08
1786,AWR,Utilities,Utilities - Regulated Water,NYSE,96.94,69.35,94.58,47.88,97.25,68.2,105.36,74.26,105.86,71.89,92.61,50.28,82.26,-0.68,-0.65,-4.88,-3.71,13.87,70.67,3282622533.224167,39635626.0,0.037,-10.31,144400,0.61,81.77,0.6,81.85,0.5,83.61,-1.61,86.13,-4.49,1.8,29.66,254900,236426,231256,0.112
1787,CB,Financial Services,Insurance - Property & Casualty,NYSE,96.93,69.31,98.65,72.88,93.97,63.01,98.87,65.17,101.98,66.84,102.36,65.57,341.2,3.12,2.35,0.87,-2.26,10.73,67.79,127657320995.87512,385799859.0,0.0093,-6.75,1032700,0.64,336.88,1.28,333.53,2.3,336.08,1.52,340.0,0.35,1.51,4.45,1600080,1614720,1609202,0.061
1788,HLT,Consumer Cyclical,Lodging,NYSE,96.93,69.31,101.17,81.21,93.11,61.37,91.54,47.59,96.92,59.43,116.17,79.28,326.56,2.25,4.01,6.65,1.46,11.78,68.84,71876726360.75073,225064910.0,0.026500002,-8.78,1153800,0.73,321.82,1.47,320.57,1.87,313.96,4.01,317.31,2.92,1.9,52.66,1322300,1575146,1732314,0.025
1789,LSE,Energy,Oil & Gas Equipment & Services,NASDAQ,96.93,69.31,103.71,85.57,94.43,63.58,110.31,79.53,80.49,30.17,80.1,27.5,5.17,14.84,7.67,-6.31,12.35,25.1,79.36,76612500.0,17025000.0,0.0029,-25.93,11500,2.08,4.69,10.23,4.74,9.07,5.0,3.4,5.07,1.97,8.44,165.06,6270,5536,5378,-0.256
1790,HQH,Financial Services,Asset Management,NYSE,96.92,69.28,90.59,31.78,104.56,77.0,114.33,82.98,108.07,74.49,108.79,73.57,19.93,0.66,-6.17,-8.41,-6.93,13.66,70.44,1132406229.1657867,57192236.0,0.45,-19.8,181706,1.07,19.45,2.47,20.05,-0.6,20.85,-4.41,21.92,-9.08,3.09,115.31,247460,170276,190204,-0.421
1791,DHR,Healthcare,Diagnostics & Research,NYSE,96.91,69.25,101.53,81.83,103.01,75.34,94.28,57.4,90.28,43.97,83.07,30.3,219.81,2.69,-1.91,10.02,12.25,-2.88,47.8,150481193002.96545,702986054.0,0.013300001,-9.47,3934400,0.96,218.52,0.59,219.26,0.25,216.22,1.66,210.74,4.3,3.02,49.71,4294240,4095330,3828538,0.055
1792,GTN,Communication Services,Broadcasting,NYSE,96.91,69.25,99.49,76.08,93.24,61.59,98.69,64.78,73.83,24.38,132.63,86.66,4.54,0.0,-0.87,-4.84,13.67,-1.84,49.05,467549094.89145756,102984383.0,0.0,-29.5,978800,0.97,4.68,-2.99,4.61,-1.52,4.63,-1.94,4.69,-3.2,3.73,5.91,1053220,1013983,1104838,0.087
1793,NMAI,Financial Services,Asset Management,NYSE,96.89,69.23,96.22,56.69,101.07,73.37,104.24,72.94,102.34,67.43,101.85,64.64,13.85,-2.88,-1.7,-3.37,1.97,15.85,72.35,476649719.6105232,33425646.0,0.0056,-8.03,42146,0.37,13.68,1.24,13.98,-0.93,14.06,-1.49,14.2,-2.46,2.48,75.2,166884,113318,102510,
1794,CTSH,Technology,Information Technology Services,NASDAQ,96.88,69.21,104.98,87.46,98.06,69.49,89.17,41.25,58.67,14.18,72.1,20.63,59.2,1.18,3.26,-1.33,10.48,-29.27,24.56,27675229206.085205,473000000.0,0.0801,-31.98,5314900,0.81,58.33,1.49,58.21,1.7,59.27,-0.12,59.58,-0.64,4.11,13.15,7448990,6550580,7150738,0.045
1795,OPRA,Communication Services,Internet Content & Information,NASDAQ,96.83,69.2,94.22,45.94,96.27,66.6,103.29,71.83,112.09,78.61,106.86,71.11,17.58,-0.68,-0.4,-3.93,-5.84,25.05,79.3,1573837764.6385803,88917384.0,0.0615,-15.4,413700,1.28,17.3,1.62,17.44,0.8,17.79,-1.18,18.62,-5.59,2.73,147.7,284480,322603,344342,0.246
1796,VTMX,Real Estate,Real Estate - Diversified,NYSE,96.82,69.18,99.0,74.38,93.3,61.73,97.0,62.34,103.13,68.43,115.6,78.9,33.87,4.31,2.73,0.86,-1.54,10.34,67.39,3012845922.797333,92788599.0,3.51,-9.46,50000,0.81,33.48,1.16,32.91,2.92,33.06,2.45,33.78,0.27,2.31,57.54,63880,61746,59872,0.168
1797,AVBH,Financial Services,Banks - Regional,NASDAQ,96.8,69.16,95.94,55.26,96.79,67.42,99.34,65.93,112.17,78.63,110.67,75.07,31.05,-0.67,-1.15,-1.65,-5.51,14.28,70.89,343343587.31391907,10983480.0,0.041100003,-9.16,31298,0.49,31.26,-0.67,31.21,-0.51,31.34,-0.93,31.82,-2.42,1.67,0.0,47009,63813,63235,0.289
1798,PH,Industrials,Specialty Industrial Machinery,NYSE,96.78,69.15,97.31,61.98,99.15,71.0,99.6,66.5,101.93,66.74,118.44,80.73,962.56,-1.03,-1.61,1.3,0.18,9.25,66.35,122650627668.79181,126112415.0,0.0116,-12.49,354600,0.63,964.58,-0.21,965.67,-0.32,956.95,0.59,986.21,-2.4,2.03,92.68,464410,559886,608626,0.098
1799,OPK,Healthcare,Diagnostics & Research,NASDAQ,96.76,69.13,91.14,33.18,107.54,79.89,104.57,73.32,81.11,30.93,78.05,25.29,1.38,-11.54,-15.85,-12.1,2.99,3.76,58.84,1164271988.2947564,746328225.0,0.0868,-21.14,1093600,0.41,1.43,-3.5,1.52,-9.21,1.58,-12.66,1.5,-8.0,4.19,17.28,1950320,2639190,2647776,0.043
1800,EPD,Energy,Oil & Gas Midstream,NYSE,96.75,69.11,93.29,41.39,96.74,67.33,104.36,73.03,104.57,70.36,107.19,71.45,36.08,-0.28,-1.82,-7.25,-3.94,17.83,74.04,78129884633.44012,2159477169.0,0.024,-10.18,3418800,1.18,36.76,-1.85,36.39,-0.85,37.33,-3.35,38.02,-5.1,1.99,4.17,3388040,2893620,2947792,0.608
1801,MYFW,Financial Services,Banks - Regional,NASDAQ,96.69,69.1,93.6,42.88,100.76,72.94,105.79,74.78,120.48,84.85,102.01,64.99,29.83,-0.86,-2.29,-3.74,-6.14,13.99,70.73,293832733.10004044,9765129.0,0.0207,-13.18,35500,0.86,30.01,-0.6,30.06,-0.77,30.37,-1.78,30.9,-3.46,2.13,39.33,29200,41330,44628,0.277
1802,GWRE,Technology,Software - Application,NYSE,96.67,69.07,108.13,90.43,84.37,38.95,80.33,28.28,76.97,26.72,67.3,17.4,167.32,9.97,14.95,18.73,9.21,-19.33,31.58,12475184087.906464,81992669.0,0.0435,-34.61,818600,0.52,164.77,1.55,156.16,7.15,151.89,10.16,166.14,0.71,4.01,27.13,1315720,1560886,1358896,0.153
1803,FFA,Financial Services,Asset Management,NYSE,96.67,69.07,99.08,74.68,96.97,67.75,99.38,65.99,98.29,61.52,97.78,58.86,22.61,1.8,1.53,0.1,2.1,11.02,68.05,443935371.7603607,19988086.0,0.00090000004,-5.08,21958,0.87,22.35,1.16,22.27,1.53,22.36,1.12,22.62,-0.04,1.51,62.88,39755,25328,27785,0.055
1804,MNST,Consumer Defensive,Beverages - Non-Alcoholic,NASDAQ,96.65,69.05,95.45,52.76,96.34,66.7,100.16,67.44,126.81,87.75,99.09,60.67,43.64,1.63,1.23,0.55,-10.62,12.39,69.5,84121680055.81181,1959051764.0,0.030199999,-13.02,6381900,0.66,43.39,0.58,42.72,2.15,43.39,0.58,45.01,-3.04,2.31,29.79,9638230,9675026,10101388,0.202
1805,HNVR,Financial Services,Banks - Regional,NASDAQ,96.64,69.03,91.0,32.71,104.21,76.51,107.12,76.11,102.52,67.63,92.06,49.08,24.48,-4.52,-7.66,-8.59,-7.44,5.92,61.95,180901067.05371094,7055424.0,0.0117999995,-12.38,21800,0.63,25.13,-2.59,25.26,-3.09,26.0,-5.85,26.62,-8.04,3.09,18.52,28040,34540,40460,0.192
1806,HEQ,Financial Services,Asset Management,NYSE,96.63,68.99,97.96,66.23,96.0,66.08,97.81,63.44,99.19,62.88,100.77,63.19,11.3,2.73,0.98,-0.09,1.03,12.2,69.32,131214314.0,11928574.0,0.17,-5.83,50080,2.1,11.17,1.16,11.14,1.44,11.23,0.62,11.36,-0.53,1.85,59.93,28138,23839,23139,
1807,CGON,Healthcare,Biotechnology,NASDAQ,96.63,68.99,87.7,24.23,113.41,84.31,135.27,91.87,136.38,91.09,181.7,95.01,63.82,-5.28,-4.96,-11.79,-12.61,59.23,90.4,5972588224.041939,88640375.0,0.1292,-21.18,516500,0.55,64.36,-0.84,66.86,-4.55,70.33,-9.26,73.27,-12.9,5.72,25.75,1026330,937363,857310,
1808,CPF,Financial Services,Banks - Regional,NYSE,96.63,68.99,93.26,41.23,99.15,71.0,105.37,74.29,115.89,81.96,109.29,73.81,35.6,-2.25,-3.39,-5.89,-8.85,12.45,69.58,937721426.295044,25747432.0,0.0327,-13.15,113800,0.67,36.05,-1.25,36.1,-1.39,36.69,-2.97,37.45,-4.94,2.12,18.51,163020,170703,164036,0.077
1809,VRT,Industrials,Electrical Equipment & Parts,NYSE,96.63,68.99,89.98,29.98,106.62,79.24,108.69,77.87,138.46,91.66,215.06,96.76,242.78,-3.73,-4.15,-5.53,6.74,46.13,87.38,97086314647.4024,384988173.0,0.0368,-36.1,3421900,0.69,247.95,-2.09,247.17,-1.78,246.8,-1.63,259.56,-6.46,3.91,30.45,4193260,4973823,4947986,0.241
1810,MSA,Industrials,Security & Protection Services,NYSE,96.62,68.94,97.9,65.81,97.32,68.33,100.45,67.96,91.81,50.02,91.83,48.74,180.71,-0.29,-0.96,-0.81,3.94,12.88,69.96,6991543150.645767,38578289.0,0.0229,-13.5,193700,0.79,180.73,-0.01,180.47,0.13,180.39,0.18,185.71,-2.69,2.18,86.37,229010,244613,267164,0.062
1811,CLFD,Technology,Communication Equipment,NASDAQ,96.62,68.94,109.07,91.23,83.68,37.7,80.39,28.39,83.48,33.58,86.26,34.01,34.01,1.58,9.46,13.29,10.1,17.28,73.56,454790807.1817589,13583955.0,0.1234,-35.5,139300,1.0,33.39,1.86,32.49,4.68,31.38,8.38,30.06,13.14,3.45,128.75,127850,139060,172472,0.132
1812,GL,Financial Services,Insurance - Life,NYSE,96.59,68.91,93.86,44.06,97.09,67.87,104.77,73.6,118.82,83.72,103.33,66.83,164.17,-0.71,-1.52,-3.9,-10.1,16.12,72.52,12864183433.792786,77644761.0,0.0005,-14.29,353700,0.81,165.17,-0.61,165.41,-0.75,168.15,-2.37,172.98,-5.09,1.73,1.05,475160,435113,478834,0.08
1813,PESI,Industrials,Waste Management,NASDAQ,96.58,68.9,82.13,14.86,119.47,87.92,153.0,95.0,113.26,79.54,97.3,58.23,13.76,-11.57,-12.08,-26.69,-18.24,6.09,62.29,330157550.4635744,21218351.0,0.1346,-35.46,333300,1.11,14.79,-6.96,15.16,-9.23,16.26,-15.38,17.18,-19.91,5.55,5.24,269700,299140,380462,-0.117
1814,COTY,Consumer Defensive,Household & Personal Products,NYSE,96.52,68.88,108.56,90.95,99.08,70.93,95.61,60.02,71.66,22.4,53.86,10.02,2.85,7.14,7.55,5.56,5.95,-9.24,39.84,2342626069.8299255,880686464.0,0.1291,-36.24,3913900,0.75,2.79,2.15,2.72,4.78,2.66,7.14,2.74,4.01,3.66,67.12,5137360,5239673,6574480,0.013
1815,NOEMU,Financial Services,Shell Companies,NASDAQ,96.51,68.85,95.69,54.06,100.33,72.42,103.34,71.9,91.9,50.26,91.53,48.07,11.81,-5.56,-5.56,-6.68,-2.6,5.78,61.73,,,0.0,-30.53,0,0.0,11.86,-0.42,12.18,-3.04,12.31,-4.06,12.21,-3.28,5.18,0.75,3015,1293,776,
1816,TCI,Real Estate,Real Estate Services,NYSE,96.51,68.85,112.23,92.89,83.79,37.91,83.6,32.29,92.39,51.37,76.43,24.05,47.75,7.55,11.36,22.12,12.99,-18.81,31.95,389564059.3880081,8773965.0,0.0156,-19.95,22800,0.57,45.88,4.08,45.02,6.06,42.81,11.54,40.05,19.23,3.83,56.31,13360,40066,54932,0.058
1817,ETO,Financial Services,Asset Management,NYSE,96.5,68.8,97.29,61.85,98.2,69.67,99.98,67.12,100.16,64.34,99.36,61.09,30.4,1.1,-0.1,-1.16,-0.49,9.63,66.75,492791304.6587372,16388138.0,0.19,-6.03,11162,0.58,30.37,0.1,30.26,0.46,30.39,0.03,30.96,-1.81,1.63,22.25,18896,19205,22087,0.314
1818,PRU,Financial Services,Insurance - Life,NYSE,96.5,68.8,93.52,42.58,103.81,76.03,105.13,74.01,104.35,70.04,89.92,44.48,113.09,0.44,-5.32,-5.16,-6.82,2.34,55.48,38846999473.57178,345000000.0,0.05,-11.45,1773900,1.12,113.2,-0.1,113.65,-0.49,116.18,-2.66,118.72,-4.74,2.09,86.81,1597670,1580560,1682732,0.141
1819,NWS,Communication Services,Entertainment,NASDAQ,96.5,68.8,96.5,57.9,96.03,66.14,101.49,69.44,94.69,55.88,86.87,35.03,32.01,1.14,0.82,-2.14,0.96,7.81,64.56,17067617154.088173,539261212.0,0.0868,-10.49,930400,0.78,31.79,0.69,31.75,0.82,32.24,-0.71,32.96,-2.88,2.36,21.15,990500,1190910,1166690,0.108
1820,RVI,Financial Services,Asset Management,NYSE,96.5,68.8,89.85,29.6,93.93,62.93,100.34,67.75,100.13,64.22,103.53,67.2,26.1,-4.88,-6.52,-7.71,4.82,,,747663594.1515827,27247215.0,1.47,-66.27,114800,0.78,26.56,-1.73,27.11,-3.73,27.53,-5.19,27.54,-5.23,2.9,13.23,149670,146306,172410,
1821,NRP,Energy,Thermal Coal,NYSE,96.49,68.76,101.51,81.77,93.37,61.81,96.26,61.02,80.62,30.32,95.28,55.31,111.11,1.47,2.14,0.01,13.46,9.3,66.44,1450920114.0,13250412.0,0.0353,-13.6,11300,0.45,110.57,0.49,109.74,1.25,109.49,1.48,107.75,3.12,2.17,35.24,25810,25156,37062,0.131
1822,HBCP,Financial Services,Banks - Regional,NASDAQ,96.48,68.74,93.9,44.24,98.01,69.39,102.72,71.12,109.35,75.77,106.65,70.81,65.67,-2.75,-2.86,-5.13,-6.91,11.53,68.58,531511737.8921509,7870750.0,0.043,-11.85,35000,0.57,66.61,-1.41,66.7,-1.54,67.61,-2.87,69.26,-5.18,1.82,2.51,63490,61760,72584,0.038
1823,CFR,Financial Services,Banks - Regional,NYSE,96.48,68.74,92.63,38.54,102.33,74.64,109.67,78.83,108.56,75.04,100.95,63.48,150.24,-3.1,-4.56,-7.78,-7.52,18.54,74.59,9635547209.141312,62148785.0,0.0002,-12.04,385300,0.77,151.95,-1.13,153.16,-1.91,156.27,-3.86,160.69,-6.5,2.14,6.84,427150,498666,508468,0.061
1824,EWBC,Financial Services,Banks - Regional,NASDAQ,96.46,68.71,95.49,52.88,98.86,70.71,100.89,68.66,111.37,77.9,107.54,71.9,125.53,-0.54,-1.34,-2.82,-3.52,10.63,67.69,17292266220.3219,137011856.0,0.0341,-8.69,663700,0.79,126.2,-0.53,125.84,-0.25,126.46,-0.74,129.21,-2.85,1.94,23.03,856550,835040,743948,0.163
1825,OPBK,Financial Services,Banks - Regional,NASDAQ,96.42,68.7,96.48,57.77,96.19,66.38,100.58,68.15,99.9,63.81,96.14,56.72,14.89,-3.81,-1.91,-3.06,-4.67,6.14,62.46,231156873.36439133,14932615.0,0.0134000005,-11.53,26700,0.6,15.11,-1.46,15.16,-1.78,15.24,-2.3,15.33,-2.87,1.88,28.57,36500,44770,49682,0.151
1826,RES,Energy,Oil & Gas Equipment & Services,NYSE,96.41,68.68,96.67,58.87,92.08,59.41,96.96,62.27,93.94,54.59,120.41,81.77,5.96,1.71,2.05,-7.6,10.72,9.33,66.45,1298910119.914404,221657012.0,0.3305,-26.96,1605300,0.8,6.01,-0.83,5.86,1.71,5.91,0.85,6.11,-2.45,3.28,-0.0,2070500,2004236,1739572,0.095
1827,EDSA,Healthcare,Biotechnology,NASDAQ,96.4,68.66,74.12,7.54,114.98,85.45,114.57,83.1,230.45,98.02,315.65,98.17,3.51,-9.07,-12.47,-17.02,-33.14,140.41,96.78,37214378.6486156,9641031.0,0.024500001,-82.73,36500,0.92,3.74,-6.15,3.8,-7.63,3.94,-10.91,4.56,-23.03,8.47,6.73,39860,39550,59524,
1828,PFBC,Financial Services,Banks - Regional,NASDAQ,96.38,68.64,95.2,51.38,101.56,73.94,98.34,64.21,106.84,72.99,94.9,54.44,102.58,-2.93,-5.59,0.37,-1.08,6.01,62.1,1262119831.4701233,11853116.0,0.12,-8.62,57500,0.38,103.6,-0.98,104.65,-1.98,105.03,-2.33,104.4,-1.74,2.36,32.17,140470,150436,122018,0.047
1829,SNDR,Industrials,Trucking,NYSE,96.38,68.64,92.15,36.56,99.37,71.21,107.39,76.43,130.41,89.3,105.17,69.18,31.5,-4.23,0.8,-7.76,-7.46,16.73,73.15,5765646461.114822,175300899.0,0.111499995,-19.79,600900,0.84,31.67,-0.54,31.9,-1.25,32.35,-2.63,33.89,-7.05,2.75,23.69,782630,717180,674442,0.104
1830,UG,Consumer Defensive,Household & Personal Products,NASDAQ,96.37,68.61,96.52,58.01,96.19,66.38,98.85,65.13,96.04,58.14,82.45,29.62,7.0,-1.82,-1.13,-2.37,-3.05,23.02,77.77,32757494.995778084,4594319.0,0.0061000003,-17.16,9500,1.01,7.08,-1.13,7.11,-1.55,7.14,-1.96,7.15,-2.1,2.85,15.05,12490,9360,8654,0.095
1831,MLI,Industrials,Metal Fabrication,NYSE,96.37,68.61,98.82,73.71,95.26,65.14,93.88,56.44,98.54,61.97,110.55,74.98,60.71,-2.96,0.31,0.38,-8.95,4.33,59.61,13837107937.026413,221181388.0,0.0248,-14.64,828700,0.49,61.5,-1.28,61.38,-1.09,60.78,-0.12,63.07,-3.74,2.35,36.38,1317850,1678303,1456438,0.255
1832,LAND,Real Estate,REIT - Specialty,NASDAQ,96.36,68.56,101.89,82.69,96.94,67.71,95.58,59.98,82.82,32.64,96.18,56.79,9.48,-0.84,0.0,-0.24,15.73,12.66,69.74,412385655.9808264,43136573.0,0.1022,-27.08,392900,0.57,9.58,-1.04,9.53,-0.52,9.51,-0.32,9.03,4.98,2.49,27.53,574990,691376,706816,0.042
1833,HTGC,Financial Services,Asset Management,NYSE,96.36,68.56,96.1,56.02,97.73,69.04,101.84,69.9,90.41,44.64,82.16,29.31,16.51,-1.37,-2.71,-5.17,6.49,-1.82,49.09,3133125317.16156,187164000.0,0.0512,-13.7,818200,0.66,16.54,-0.18,16.7,-1.14,17.03,-3.05,17.05,-3.17,1.81,3.34,1188360,1240970,1478180,0.085
1834,MSI,Technology,Communication Equipment,NYSE,96.36,68.56,95.73,54.24,97.96,69.34,99.4,66.04,86.69,37.03,96.06,56.61,444.18,-0.72,-2.78,-4.47,3.37,20.16,75.78,74043576295.13635,165493788.0,0.0223,-10.24,908600,1.03,450.26,-1.35,449.09,-1.09,455.52,-2.49,462.54,-3.97,1.7,27.92,792240,880086,932458,0.133
1835,UGI,Utilities,Utilities - Regulated Gas,NYSE,96.34,68.53,98.64,72.8,93.85,62.73,98.09,63.73,94.27,54.99,94.44,53.71,37.12,-0.22,1.67,-1.31,3.63,-0.89,50.15,7979212936.046673,214494967.0,0.078099996,-10.21,1076000,0.56,36.93,0.51,36.63,1.34,36.98,0.38,36.75,1.01,1.91,54.98,1788240,1918203,2160310,-0.045
1836,CDP,Real Estate,REIT - Office,NYSE,96.33,68.51,93.7,43.34,96.6,67.12,102.65,71.02,114.24,80.36,102.52,65.79,33.48,-0.27,-0.25,-4.61,-11.88,23.27,78.0,3807189040.449875,113410458.0,0.0892,-13.93,798200,0.81,33.48,0.0,33.5,-0.06,33.81,-0.98,35.28,-5.1,1.85,61.4,1120580,987840,870084,0.039
1837,HIW,Real Estate,REIT - Office,NYSE,96.32,68.5,93.11,40.53,103.73,75.97,106.66,75.62,117.83,83.08,78.14,25.44,29.04,-2.12,-3.49,-6.11,-12.7,20.5,76.08,3271790928.403139,110272697.0,0.1757,-18.06,1548900,1.27,29.35,-1.06,29.26,-0.75,29.93,-2.97,30.65,-5.25,2.6,76.68,1265010,1219670,1116670,0.075
1838,GRX,Financial Services,Asset Management,NYSE,96.3,68.46,97.95,66.11,96.48,66.92,97.81,63.44,96.18,58.4,89.59,43.54,9.63,2.67,-0.41,0.83,-0.09,6.04,62.18,136429597.2045126,14544733.0,0.0005,-5.59,9762,0.49,9.49,1.48,9.5,1.37,9.59,0.42,9.7,-0.72,1.57,39.81,14226,20102,21791,
1839,CVBF,Financial Services,Banks - Regional,NASDAQ,96.3,68.46,94.7,48.46,100.14,72.19,102.04,70.21,106.98,73.17,97.31,58.27,21.49,-3.55,-3.74,-3.35,-4.33,14.22,70.85,3921222972.647848,175997435.0,0.0738,-8.2,1001800,0.73,21.76,-1.24,21.84,-1.6,22.09,-2.72,22.26,-3.46,1.92,9.71,1367670,1376766,1247758,0.42
1840,KMX,Consumer Cyclical,Auto & Truck Dealerships,NYSE,96.3,68.46,88.33,25.6,111.51,83.0,114.94,83.43,114.39,80.51,69.72,19.14,52.61,-4.21,-8.04,-14.2,-10.37,37.9,84.82,7795498700.534958,141942807.0,0.078600004,-19.41,2011300,0.69,53.97,-2.52,55.15,-4.61,56.88,-7.51,58.82,-10.56,5.4,5.64,4556800,2926350,2487602,0.177
1841,MTN,Consumer Cyclical,Resorts & Casinos,NYSE,96.29,68.43,103.79,85.66,91.05,56.54,95.69,60.14,97.18,59.93,83.64,30.83,146.03,5.06,8.96,5.86,-2.95,5.62,61.44,5030278796.180359,35635298.0,0.2916,-10.6,720200,0.76,142.94,2.16,140.07,4.26,138.43,5.49,140.65,3.83,3.24,16.9,1059860,947613,760080,0.025
1842,CNOB,Financial Services,Banks - Regional,NASDAQ,96.28,68.41,93.02,40.15,98.51,70.25,103.13,71.65,116.47,82.29,105.67,69.93,29.94,-2.73,-3.61,-5.85,-8.6,11.45,68.52,1548844463.5118866,50319832.0,0.0382,-12.3,285400,0.75,30.21,-0.89,30.3,-1.19,30.88,-3.04,31.73,-5.64,2.09,12.79,363270,382926,366388,1.342
1843,ALMR,Healthcare,Medical Devices,NASDAQ,96.27,68.39,81.11,13.67,121.6,88.73,114.78,83.35,101.3,65.87,88.2,37.98,25.27,-26.46,-22.96,-9.39,0.8,,,2384335482.113983,69392766.0,0.0496,-34.43,1133400,2.03,29.87,-15.4,31.55,-19.9,31.56,-19.93,31.25,-19.14,11.65,35.33,813400,557753,477846,0.821
1844,FLR,Industrials,Engineering & Construction,NYSE,96.27,68.39,96.34,57.18,95.99,66.06,107.86,76.91,91.77,49.89,98.36,59.56,50.68,1.56,0.6,-6.49,1.22,24.25,78.75,6673679447.372673,133741067.0,0.108,-13.14,1601300,0.69,51.09,-0.8,50.16,1.04,51.86,-2.28,52.68,-3.8,3.76,43.06,2336920,2325910,2534934,0.088
1845,BDJ,Financial Services,Asset Management,NYSE,96.25,68.36,97.9,65.81,97.68,68.94,100.47,68.0,99.09,62.8,96.3,56.93,9.59,1.91,-0.21,-0.4,0.23,9.07,66.19,1665049496.4903831,176944689.0,0.0008,-3.62,431252,0.93,9.45,1.48,9.44,1.59,9.53,0.63,9.65,-0.62,1.21,68.71,538575,464008,447389,-0.198
1846,AI,Technology,Software - Infrastructure,NYSE,96.25,68.36,110.55,92.0,91.6,57.9,80.14,28.1,59.82,14.89,50.23,8.89,11.53,4.72,8.26,9.39,27.12,-21.14,30.4,1770186251.3595886,160779856.0,0.2858,-42.98,4473000,0.88,11.29,2.13,11.03,4.53,10.88,5.97,10.48,10.02,3.86,35.91,4298270,5088236,4831978,-0.255
1847,BNGO,Healthcare,Medical Instruments & Supplies,NASDAQ,96.23,68.33,104.96,87.42,112.64,83.78,76.58,24.55,62.81,16.7,56.58,11.21,1.44,-2.7,-13.25,18.03,35.85,-8.28,40.94,17429960.22462845,11777000.0,0.097200006,-35.43,129400,0.07,1.45,-0.69,1.53,-5.88,1.57,-8.28,1.35,6.67,7.44,9.33,326610,1824210,1154530,0.214
1848,NATL,Technology,Software - Application,NYSE,96.21,68.31,97.59,63.65,99.81,71.67,101.14,69.0,111.19,77.8,127.28,84.78,45.79,0.81,-0.63,-1.78,-2.35,18.66,74.65,3356398606.9706726,73896934.0,0.0797,-5.59,453300,0.57,45.61,0.39,45.49,0.66,45.79,0.0,46.14,-0.76,1.18,75.78,1015480,789933,741502,0.001
1849,ZVRA,Healthcare,Biotechnology,NASDAQ,96.2,68.28,94.71,48.56,92.85,61.1,109.27,78.45,108.93,75.36,102.57,65.84,11.39,14.01,3.17,-5.16,18.15,33.22,83.16,593243958.5981312,59383781.0,0.097799994,-24.24,730700,0.76,10.98,3.73,10.87,4.78,11.26,1.15,11.46,-0.61,4.12,93.8,1090060,956206,964500,0.533
1850,PTRN,Consumer Cyclical,Internet Retail,NASDAQ,96.2,68.28,89.78,29.31,100.83,73.04,118.38,85.77,186.35,96.92,85.4,32.88,18.42,6.29,8.23,-8.13,-23.09,54.92,89.54,3074326198.8355236,177399089.0,0.1274,-38.19,890500,0.57,17.94,2.68,17.53,5.08,18.49,-0.38,20.17,-8.68,4.88,37.81,1464460,1565126,1659258,0.466
1851,ARQT,Healthcare,Biotechnology,NASDAQ,96.2,68.28,101.13,81.1,103.25,75.55,93.47,55.46,115.88,81.94,117.32,80.09,26.58,5.64,-1.26,11.28,-5.04,-11.1,38.26,3162409719.580929,125691961.0,0.1566,-16.34,1731400,0.58,24.86,6.92,25.53,4.11,25.63,3.71,25.39,4.69,5.17,165.9,2275630,2981300,2525388,0.593
1852,ETG,Financial Services,Asset Management,NYSE,96.16,68.25,97.31,61.98,98.66,70.43,99.42,66.11,99.26,63.03,96.77,57.57,23.16,0.48,-0.64,-0.43,-0.92,8.21,65.09,1759219921.1710052,76321908.0,0.15,-6.27,66948,0.81,23.08,0.35,23.06,0.43,23.11,0.22,23.57,-1.74,1.57,41.22,76644,82421,88946,-0.035
1853,DLO,Technology,Software - Infrastructure,NASDAQ,96.15,68.22,102.12,83.15,95.3,65.22,107.71,76.77,98.46,61.79,101.82,64.61,15.23,10.8,8.17,2.49,1.74,7.84,64.62,4044729199.4085703,294269133.0,0.1391,-9.24,1915000,1.13,14.81,2.84,14.28,6.65,14.3,6.5,14.62,4.17,2.89,37.45,1760460,1698556,2058478,0.558
1854,CCBG,Financial Services,Banks - Regional,NASDAQ,96.15,68.22,93.99,44.7,99.19,71.04,103.83,72.4,106.01,72.01,103.65,67.37,48.1,-3.14,-3.53,-5.13,-6.26,12.4,69.53,849846326.4087181,17113297.0,0.044099998,-10.26,85500,1.11,48.81,-1.45,48.89,-1.62,49.48,-2.79,50.54,-4.83,1.75,7.14,78030,76766,72360,0.021
1855,GTIM,Consumer Cyclical,Restaurants,NASDAQ,96.14,68.19,95.91,55.12,101.48,73.79,102.78,71.19,92.82,52.42,81.48,28.61,1.46,-2.67,-3.31,-3.31,4.29,16.8,73.19,15836844.0,10557896.0,0.0023,-30.14,165200,4.14,1.48,-1.35,1.49,-2.01,1.5,-2.67,1.5,-2.67,3.13,131.25,48820,39920,61098,-0.05
1856,ANDE,Consumer Defensive,Food Distribution,NASDAQ,96.14,68.19,91.47,34.17,103.88,76.11,111.06,80.36,132.11,89.76,141.39,89.16,63.89,-5.66,-4.31,-9.7,-10.4,18.27,74.38,2306140713.8898926,34054056.0,0.0588,-22.19,291800,0.76,65.97,-3.15,66.08,-3.31,67.72,-5.66,67.65,-5.56,3.07,4.58,365930,384890,371300,-0.012
1857,XPRO,Energy,Oil & Gas Equipment & Services,NYSE,96.13,68.17,94.72,48.67,102.25,74.54,105.59,74.5,115.83,81.84,125.53,84.16,16.17,-0.8,-0.98,-8.02,6.17,21.31,76.73,1848355919.6856613,113396074.0,0.089700006,-15.91,645300,0.77,16.19,-0.12,16.16,0.06,16.45,-1.7,17.23,-6.15,4.59,9.44,921650,842760,834202,-0.07
1858,CPHI,Healthcare,Drug Manufacturers - Specialty & Generic,NYSE ARCA,96.12,68.15,114.12,93.76,80.24,31.82,77.23,25.32,108.05,74.45,40.26,5.93,0.87,31.82,16.0,14.47,-33.08,-36.96,20.59,28394522.448296905,43022002.0,0.006,-95.47,2178600,0.68,0.79,10.13,0.73,19.18,0.73,19.18,0.89,-2.25,17.41,46.23,9061580,3180863,2342194,-0.075
1859,VVX,Industrials,Aerospace & Defense,NYSE,96.11,68.13,92.88,39.68,106.87,79.5,95.14,59.18,110.9,77.54,104.28,68.26,71.44,0.92,-5.57,-1.08,-17.65,28.67,81.43,2218937921.5175323,31345358.0,0.0871,-23.98,330900,0.52,70.46,1.39,71.11,0.46,73.19,-2.39,76.79,-6.97,3.81,22.78,439010,636903,622618,0.165
1860,ESQ,Financial Services,Banks - Regional,NASDAQ,96.07,68.12,97.47,62.83,98.82,70.65,100.36,67.8,106.17,72.24,104.76,68.71,118.57,-1.13,-3.03,-1.08,-8.39,12.01,69.07,1037236032.1624756,8649400.0,0.0928,-12.05,84500,0.45,117.36,1.03,117.88,0.59,119.93,-1.13,120.91,-1.94,2.72,40.92,135010,189266,168454,0.214
1861,AZZ,Industrials,Specialty Business Services,NYSE,96.06,68.09,96.24,56.83,96.24,66.5,96.84,62.1,114.79,80.91,116.82,79.71,136.85,-1.82,-0.23,-0.16,-5.59,25.93,79.92,4188878706.0480194,30051501.0,0.040599998,-15.63,131200,0.56,138.5,-1.19,137.21,-0.26,136.07,0.57,140.76,-2.78,2.45,46.32,217360,235136,227184,0.063
1862,BALY,Consumer Cyclical,Resorts & Casinos,NYSE,96.06,68.09,119.86,95.78,99.1,70.96,62.71,14.34,108.0,74.41,76.52,24.14,13.94,-1.06,-0.43,52.02,-2.59,-23.11,28.68,711115572.6810379,50469522.0,0.1095,-32.79,68000,0.52,13.9,0.29,13.92,0.14,12.49,11.61,11.61,20.07,6.13,42.11,124330,130876,125660,0.205
1863,CHARU,Financial Services,Shell Companies,NASDAQ,96.05,68.07,101.54,81.85,90.69,55.09,92.36,51.88,91.38,48.76,90.3,45.6,11.3,3.39,3.39,3.39,4.63,7.62,64.36,,,0.0,-5.75,0,0.0,11.17,1.16,11.05,2.26,10.99,2.82,10.92,3.48,0.37,-0.0,30,10,14,
1864,PDM,Real Estate,REIT - Office,NYSE,96.03,68.04,94.41,46.73,98.81,70.62,104.89,73.69,111.86,78.35,93.3,51.58,9.03,0.33,-1.53,-5.64,-9.34,8.01,64.8,1126195425.0,125132825.0,0.0512,-10.86,652600,0.34,9.04,-0.11,8.99,0.44,9.16,-1.42,9.41,-4.04,2.37,51.33,1655970,1897626,1529100,0.027
1865,NMAD,Industrials,Electrical Equipment & Parts,NASDAQ,96.03,68.04,109.35,91.39,64.31,16.34,68.68,18.28,134.22,90.56,122.58,82.92,4.53,9.95,26.54,27.97,8.63,8.63,65.77,66336398.317379,16101068.0,0.060900003,-45.94,164900,0.82,4.28,5.84,4.07,11.3,3.8,19.21,3.93,15.27,6.76,81.59,155130,202126,235246,
1866,EG,Financial Services,Insurance - Reinsurance,NYSE,96.02,68.02,96.86,59.73,97.08,67.85,102.51,70.82,98.91,62.56,93.47,51.88,368.37,0.03,-0.56,-0.9,-1.33,11.69,68.74,14120478228.934143,38342734.0,0.0582,-8.15,325300,0.8,367.48,0.24,367.82,0.15,371.28,-0.78,370.83,-0.66,1.81,35.84,369280,408376,356688,-0.113
1867,AHR,Real Estate,REIT - Healthcare Facilities,NYSE,96.01,68.0,93.08,40.39,97.69,68.98,104.12,72.83,114.01,80.11,111.61,75.96,50.8,0.1,-1.87,-4.73,-8.41,6.88,63.5,11063437831.25,217998775.0,0.1296,-13.46,1711600,0.55,50.31,0.97,50.78,0.04,51.6,-1.55,53.52,-5.08,1.93,55.2,3021550,3110463,3092100,0.247
1868,CPSS,Financial Services,Credit Services,NASDAQ,96.0,67.98,98.03,66.99,98.68,70.46,96.45,61.35,97.17,59.88,92.12,49.22,9.38,3.19,-1.88,-0.53,-1.99,0.75,52.56,199118134.99246597,21905185.0,0.017,-10.58,16700,0.57,9.26,1.3,9.19,2.07,9.35,0.32,9.33,0.54,3.88,16.5,28160,29300,24158,0.189
1869,AM,Energy,Oil & Gas Midstream,NYSE,95.99,67.97,94.99,50.34,90.86,55.69,100.18,67.47,110.18,76.75,106.31,70.57,21.09,3.59,0.76,-4.4,-2.13,23.62,78.32,9664362929.718018,474674000.0,0.0366,-11.52,2218200,0.9,20.97,0.57,20.66,2.08,20.99,0.48,21.7,-2.81,2.5,20.85,2515620,2465220,2485032,0.083
1870,BOF,Consumer Defensive,Packaged Foods,NASDAQ,95.98,67.94,86.94,22.68,100.75,72.9,107.6,76.7,117.32,82.74,156.53,92.34,3.46,-11.05,-6.74,-11.05,-12.41,-2.81,47.94,63250258.04571104,16259706.0,0.0052,-34.1,200600,6.54,3.64,-4.95,3.76,-7.98,3.76,-7.98,3.91,-11.51,7.1,65.15,43220,30666,30054,0.361
1871,HTO,Utilities,Utilities - Regulated Water,NASDAQ,95.98,67.94,91.63,34.74,102.75,75.06,107.34,76.38,109.07,75.49,103.67,67.42,58.48,-2.74,-6.09,-6.67,-4.96,20.17,75.82,2516849669.22789,41856804.0,0.16379999,-12.83,386100,0.8,58.23,0.43,59.61,-1.9,61.18,-4.41,62.29,-6.12,2.37,84.56,500920,479790,419340,0.062
1872,CNOBP,Financial Services,Banks - Regional,NASDAQ,95.97,67.91,98.87,73.9,94.57,63.89,96.73,61.89,95.33,57.12,95.26,55.26,25.39,0.55,0.4,0.18,2.07,9.07,66.19,,,0.45,-0.47,1968,0.69,25.28,0.44,25.26,0.51,25.29,0.4,25.21,0.71,0.27,201.67,3216,2855,5383,1.342
1873,EGHT,Technology,Software - Application,NASDAQ,95.97,67.91,97.87,65.65,112.76,83.9,83.81,32.45,95.19,56.81,103.76,67.56,2.11,-7.46,-8.26,14.67,14.05,2.43,55.72,329312938.14766717,144435501.0,0.0242,-26.74,608900,0.39,2.16,-2.31,2.21,-4.52,2.08,1.44,2.04,3.43,6.33,7.49,1392110,1555016,1514252,0.049
1874,ETB,Financial Services,Asset Management,NYSE,95.96,67.87,99.25,75.34,96.4,66.84,97.21,62.7,96.96,59.53,97.45,58.45,15.62,1.56,0.9,1.21,3.7,8.78,65.9,451783120.06166935,29374715.0,0.51,-1.26,82285,1.54,15.49,0.84,15.42,1.3,15.44,1.17,15.46,1.03,1.04,98.25,55298,53279,52533,-0.095
1875,GTES,Industrials,Specialty Industrial Machinery,NYSE,95.96,67.87,99.04,74.56,96.79,67.42,94.73,58.37,98.88,62.51,103.54,67.23,26.67,-3.54,-0.71,2.42,3.45,21.12,76.64,6999629753.930492,253151170.0,0.0561,-12.1,1219800,0.66,27.38,-2.59,27.05,-1.4,26.45,0.83,26.74,-0.26,3.33,32.61,1782460,1845373,1850064,0.066
1876,NICE,Technology,Software - Application,NASDAQ,95.96,67.87,108.46,90.83,93.62,62.24,84.14,32.88,75.6,25.63,71.95,20.52,117.49,3.15,4.15,19.67,18.82,6.11,62.37,6656656308.476921,58442987.0,0.0211,-16.37,258800,0.5,116.48,0.87,113.99,3.07,111.5,5.37,106.04,10.8,4.42,20.97,483550,520213,539096,0.076
1877,HWC,Financial Services,Banks - Regional,NASDAQ,95.95,67.82,95.34,52.18,98.77,70.57,103.44,71.99,111.58,78.1,105.55,69.67,72.4,-0.94,-1.96,-3.79,-4.47,12.25,69.37,5863503015.434387,80223058.0,0.104899995,-9.65,748200,0.9,72.53,-0.18,72.47,-0.1,73.49,-1.48,74.95,-3.4,1.94,32.72,879700,832773,768976,0.076
1878,ENSC,Healthcare,Biotechnology,NASDAQ,95.95,67.82,133.45,97.5,73.09,23.51,101.66,69.65,29.02,3.74,30.55,3.84,0.53,33.42,27.91,8.21,105.06,-55.34,12.52,7685433.838748753,19456794.0,0.062,-80.73,2666500,4.66,0.45,17.78,0.43,23.26,0.44,20.45,0.42,26.19,6.7,140.85,635850,571640,17764730,-0.151
1879,FRBA,Financial Services,Banks - Regional,NASDAQ,95.94,67.79,96.4,57.35,95.34,65.27,101.1,68.93,101.51,66.16,97.6,58.67,17.48,-1.74,-1.8,-2.51,-4.65,3.68,58.7,440374251.94299316,24754032.0,0.0177,-9.57,48430,0.55,17.61,-0.74,17.57,-0.51,17.68,-1.13,18.06,-3.21,2.02,5.66,91593,87501,96118,0.017
1880,CNMD,Healthcare,Medical Devices,NYSE,95.94,67.79,95.02,50.51,107.93,80.21,107.76,76.79,95.98,58.02,78.32,25.57,44.42,-4.1,-2.12,-4.06,-5.45,10.94,67.99,1387341798.2196045,29951248.0,0.0848,-17.22,400400,1.18,45.11,-1.53,45.72,-2.84,45.84,-3.1,48.01,-7.48,3.51,17.34,355240,339963,368700,0.003
1881,DLTR,Consumer Defensive,Discount Stores,NASDAQ,95.93,67.77,97.06,60.66,90.28,53.06,96.21,60.9,107.81,74.15,88.59,39.92,118.64,5.78,4.01,0.4,-7.72,-3.14,47.33,21044615022.962677,187630299.0,0.048,-16.69,1395800,0.53,116.59,1.76,115.29,2.91,114.76,3.38,123.11,-3.63,2.81,46.49,2120910,2633846,2470262,0.07
1882,SPHR,Communication Services,Entertainment,NYSE,95.92,67.74,72.79,6.83,122.82,89.21,134.14,91.62,158.93,94.98,230.33,97.16,106.41,-17.03,-24.6,-25.85,-28.26,11.67,68.71,4605920097.75,35913607.0,0.3179,-41.41,729800,0.94,107.62,-1.12,120.23,-11.49,132.12,-19.46,144.74,-26.48,6.91,5.44,1217390,775780,769702,0.11
1883,IMKTA,Consumer Defensive,Grocery Stores,NASDAQ,95.92,67.74,99.65,76.53,94.05,63.1,92.95,54.06,108.38,74.84,114.13,77.93,85.66,-0.95,2.45,3.26,-4.32,20.91,76.37,1645862709.3831177,18994376.0,0.1113,-10.42,119600,1.09,85.57,0.11,85.33,0.39,84.13,1.82,84.66,1.18,2.1,29.51,112880,109840,116968,0.016
1884,AR,Energy,Oil & Gas E&P,NYSE,95.9,67.71,96.95,60.24,86.45,43.04,96.87,62.17,85.74,35.97,98.79,60.25,35.9,5.34,2.57,-6.58,1.7,6.78,63.39,10477521682.937622,307439000.0,0.0446,-21.53,3008100,0.75,35.59,0.87,34.74,3.34,35.43,1.33,36.69,-2.15,3.09,14.41,3806640,3989950,3938540,0.126
1885,CAPL,Energy,Oil & Gas Refining & Marketing,NYSE,95.9,67.71,94.4,46.68,92.82,61.07,101.13,68.97,101.73,66.55,91.74,48.56,21.4,-1.74,-0.37,-6.14,0.63,10.94,67.99,831413520.1114941,38173255.0,0.0025,-13.11,34600,1.24,21.57,-0.79,21.54,-0.65,21.84,-2.01,22.45,-4.68,2.0,35.0,31750,27830,40304,0.259
1886,ANGX,Communication Services,Entertainment,NYSE,95.89,67.68,83.66,17.04,113.55,84.47,121.02,87.11,92.68,52.01,34.62,4.72,3.98,-2.45,-17.08,-26.97,-2.69,-19.76,31.24,761965767.2716236,186756319.0,0.0542,-54.77,1089700,0.58,4.09,-2.69,4.27,-6.79,4.72,-15.68,4.55,-12.53,6.31,3.98,1584630,1876243,1766668,0.275
1887,GPC,Consumer Cyclical,Auto Parts,NYSE,95.88,67.66,95.62,53.64,98.46,70.17,106.88,75.91,94.18,54.92,79.96,27.33,127.02,-0.17,-2.0,-4.98,2.55,4.31,59.57,17541275313.419785,137859758.0,0.0657,-16.2,649700,0.71,126.84,0.14,126.74,0.22,128.5,-1.15,131.43,-3.36,2.27,27.1,796200,915463,1011520,0.06
1888,PRGS,Technology,Software - Infrastructure,NASDAQ,95.88,67.66,95.37,52.34,99.99,71.99,100.03,67.17,96.18,58.4,62.28,14.08,39.33,6.59,-0.03,-1.48,-2.5,-8.53,40.69,1508257747.1690674,40874192.0,0.1673,-16.87,601700,0.93,37.85,3.91,38.15,3.09,39.65,-0.81,41.73,-5.75,4.49,48.74,848420,646893,544066,-0.015
1889,MSBIP,Financial Services,Banks - Regional,NASDAQ,95.85,67.63,98.6,72.5,94.23,63.38,96.15,60.81,95.65,57.56,96.29,56.92,25.25,-0.89,-0.2,1.26,1.98,7.81,64.56,,,0.53,-6.71,2680,0.52,25.27,-0.08,25.4,-0.59,25.34,-0.36,25.07,0.72,0.77,102.71,4298,5152,5663,0.18
1890,MAT,Consumer Cyclical,Leisure,NASDAQ,95.82,67.62,118.46,95.35,77.11,28.21,76.65,24.62,75.32,25.49,70.75,19.7,16.69,9.3,25.58,19.13,9.73,-15.71,34.56,4362639130.783081,285700000.0,0.1433,-25.76,8321400,1.17,16.32,2.27,15.12,10.38,14.2,17.54,14.48,15.26,5.26,12.54,13424780,7131760,5752748,0.105
1891,MDLZ,Consumer Defensive,Confectioners,NASDAQ,95.81,67.6,97.84,65.48,92.52,60.38,97.54,63.05,93.23,53.21,82.1,29.26,60.41,3.82,1.15,-2.4,-3.39,15.19,71.78,74695578120.7153,1283649766.0,0.024400001,-9.36,4889900,0.62,59.71,1.17,59.08,2.25,60.04,0.62,61.2,-1.29,1.8,32.11,7626840,7897670,7576650,0.041
1892,BCPC,Basic Materials,Specialty Chemicals,NASDAQ,95.8,67.58,97.78,65.03,92.24,59.77,92.33,51.77,92.49,51.54,99.72,61.83,167.83,0.76,-0.04,2.09,3.13,7.56,64.29,5309603099.9328,31878021.0,0.026700001,-8.74,334800,1.48,166.84,0.59,166.52,0.79,166.75,0.65,172.22,-2.55,1.89,8.21,250230,226310,207052,0.112
1893,KMT,Industrials,Tools & Accessories,NYSE,95.74,67.56,101.19,81.27,93.72,62.54,89.33,41.6,108.64,75.15,137.95,88.22,31.92,-2.09,2.87,8.42,-3.59,11.08,68.15,2490314894.038063,76390031.0,0.16409999,-27.14,863700,0.61,32.43,-1.57,32.0,-0.25,30.84,3.5,30.9,3.3,3.55,52.93,1492940,1418993,1569308,0.426
1894,FLGT,Healthcare,Diagnostics & Research,NASDAQ,95.74,67.56,101.77,82.44,96.36,66.77,94.95,58.79,95.39,57.17,65.26,16.11,21.74,1.21,-2.07,6.31,7.57,-21.35,30.24,591028481.0444984,27515293.0,0.1353,-29.96,253900,0.77,21.23,2.4,21.54,0.93,21.48,1.21,20.16,7.84,4.01,105.65,304940,328406,319434,0.044
1895,INM,Healthcare,Drug Manufacturers - Specialty & Generic,NASDAQ,95.72,67.53,94.58,47.88,99.92,71.89,89.75,42.51,130.04,89.18,39.45,5.76,1.36,2.26,-1.45,5.43,-9.33,8.8,65.92,7306667.785765529,5493735.0,0.0029,-45.6,55800,0.92,1.34,1.49,1.35,0.74,1.35,0.74,1.39,-2.16,4.03,18.25,41290,60536,73062,
1896,IBCP,Financial Services,Banks - Regional,NASDAQ,95.72,67.53,95.54,53.16,96.06,66.18,100.08,67.25,103.17,68.56,95.44,55.59,35.37,-2.75,-1.28,-4.59,-6.71,6.9,63.53,807388335.4385948,22199295.0,0.0361,-9.86,120400,0.66,35.68,-0.87,35.65,-0.79,35.97,-1.67,36.84,-3.99,1.81,15.64,176510,183633,182290,0.112
1897,CVGI,Consumer Cyclical,Auto Parts,NASDAQ,95.71,67.5,85.09,19.24,106.01,78.73,105.28,74.21,186.99,96.97,262.57,97.49,2.87,-3.04,-3.69,-9.46,-33.87,91.33,94.37,120272740.27001381,40632682.0,0.0342,-51.19,158100,0.65,2.91,-1.37,2.94,-2.38,2.98,-3.69,3.19,-10.03,3.88,35.9,234080,243853,357412,0.135
1898,HLF,Consumer Defensive,Packaged Foods,NYSE,95.69,67.48,101.65,82.22,91.67,58.23,89.55,42.08,90.92,46.8,148.5,90.94,13.03,3.74,3.82,8.4,4.74,-4.54,45.22,1316330496.7772484,104803380.0,0.1004,-36.13,1488600,0.92,12.72,2.44,12.56,3.74,12.28,6.11,12.25,6.37,2.73,87.15,1196330,1616066,1597678,0.054
1899,CII,Financial Services,Asset Management,NYSE,95.68,67.47,97.43,62.58,98.63,70.41,99.95,67.06,106.16,72.21,107.13,71.44,24.33,0.83,0.04,1.21,2.9,8.73,65.85,1054580113.4920521,43704109.0,0.0089,-7.03,89600,1.29,24.17,0.66,24.09,1.0,24.07,1.08,24.22,0.45,1.37,122.91,73420,69236,75550,0.418
1900,CBAN,Financial Services,Banks - Regional,NYSE,95.67,67.45,93.84,43.93,97.64,68.85,101.95,70.08,103.45,68.85,112.12,76.31,19.97,-2.35,-3.43,-6.94,-7.68,12.14,69.26,433979752.5407219,21221503.0,0.0525,-11.09,113400,0.81,20.25,-1.38,20.31,-1.67,20.65,-3.29,21.23,-5.93,2.22,0.0,125180,140696,145786,0.253
1901,BBDC,Financial Services,Asset Management,NYSE,95.65,67.43,96.3,57.08,96.49,66.95,98.0,63.61,91.78,49.91,94.63,53.99,8.52,-1.27,-1.73,-2.85,6.11,5.5,61.25,903620420.9027519,104706884.0,0.0276,-10.69,552400,0.91,8.52,0.0,8.59,-0.81,8.67,-1.73,8.82,-3.4,1.8,19.54,588360,607896,707778,-0.124
1902,CL,Consumer Defensive,Household & Personal Products,NYSE,95.65,67.43,97.56,63.46,90.83,55.56,93.0,54.21,102.06,67.04,86.92,35.15,88.27,4.76,2.57,1.69,-3.64,13.71,70.51,67169784274.484886,797172829.0,0.025799999,-11.13,3165100,0.62,87.4,1.0,86.41,2.15,86.6,1.93,89.17,-1.01,1.55,46.18,4630850,5120863,4801562,0.049
1903,GAIN,Financial Services,Asset Management,NASDAQ,95.64,67.4,93.29,41.39,101.39,73.67,102.28,70.54,106.86,73.02,105.56,69.69,15.25,-2.62,-3.54,-3.6,-5.04,16.4,72.81,623611997.14365,39821967.0,0.0105,-11.03,102900,0.66,15.37,-0.78,15.54,-1.87,15.69,-2.8,16.04,-4.93,1.8,10.94,132510,155323,177088,0.204
1904,SRV,Financial Services,Asset Management,NYSE,95.63,67.37,96.96,60.29,90.88,55.77,103.26,71.76,110.65,77.26,108.14,72.85,44.49,5.0,4.98,-3.79,1.04,30.03,82.03,264150462.0909691,6234375.0,2.22,-13.68,28870,0.62,43.97,1.18,42.91,3.68,43.57,2.11,44.92,-0.96,2.21,61.05,44847,46445,47819,
1905,PG,Consumer Defensive,Household & Personal Products,NYSE,95.63,67.37,102.09,83.06,89.82,50.6,89.46,41.9,93.52,53.83,84.01,31.25,151.23,4.36,3.42,4.1,5.05,8.34,65.33,336833603236.9281,2324433060.0,0.0104,-9.58,6307600,0.77,148.8,1.63,147.55,2.49,147.05,2.84,145.91,3.65,1.66,52.27,8607080,8236993,8604162,0.015
1906,HLIO,Industrials,Specialty Industrial Machinery,NYSE,95.63,67.37,95.12,51.04,91.92,58.94,96.17,60.85,138.14,91.57,141.47,89.2,69.53,-3.04,1.3,-1.6,-10.53,26.07,80.05,2369754301.9251556,33046358.0,0.0311,-26.85,347900,0.91,69.81,-0.4,69.5,0.04,68.92,0.89,73.39,-5.26,3.0,85.88,428680,383523,350152,0.091
1907,ELLO,Utilities,Utilities - Renewable,NYSE ARCA,95.62,67.33,103.53,85.36,97.32,68.33,89.54,42.06,77.45,27.16,110.73,75.12,21.8,4.76,-0.82,4.36,10.1,0.05,51.47,286829008.938961,13783230.0,0.00029999999,-28.15,0,0.0,21.8,0.0,21.72,0.37,21.4,1.87,20.78,4.91,2.93,0.0,1870,1796,2458,0.101
1908,VMD,Healthcare,Medical Devices,NASDAQ,95.61,67.32,99.03,74.51,90.42,53.73,92.45,52.27,138.43,91.62,124.31,83.66,9.52,4.27,6.85,8.3,-19.05,29.17,81.6,347745525.9988518,38088228.0,0.0403,-24.5,152500,0.56,9.37,1.6,9.25,2.92,9.05,5.19,9.19,3.59,2.39,61.48,273990,272543,374450,0.239
1909,CVR,Industrials,Tools & Accessories,NYSE ARCA,95.6,67.3,108.01,90.31,84.73,39.72,82.0,30.21,77.15,26.88,82.82,30.04,11.2,0.0,9.27,11.89,6.67,-16.87,33.55,10820678.215724945,966132.0,0.0107,-25.33,5400,1.5,11.04,1.45,10.84,3.32,10.46,7.07,10.33,8.42,3.94,9.06,2510,3593,2892,-0.008
1910,BIP,Utilities,Utilities - Diversified,NYSE,95.57,67.28,100.28,78.37,91.09,56.67,95.33,59.53,102.5,67.6,102.0,64.96,37.1,1.59,6.73,0.6,-11.42,9.9,66.99,16803404685.18399,460115128.0,2.37,-15.76,523200,0.62,37.01,0.24,36.32,2.15,35.92,3.29,37.28,-0.48,2.34,44.98,877140,840500,816620,0.194
1911,FULT,Financial Services,Banks - Regional,NASDAQ,95.55,67.27,92.57,38.23,99.7,71.55,104.03,72.71,115.55,81.56,109.56,74.07,22.1,-3.11,-4.06,-5.56,-8.43,13.18,70.24,4354761080.070623,190914563.0,0.0617,-12.41,970800,0.58,22.31,-0.94,22.45,-1.56,22.81,-3.11,23.39,-5.52,1.95,16.24,1713950,1659953,1604028,0.137
1912,BMNR,Financial Services,Capital Markets,NYSE,95.53,67.23,104.24,86.27,124.32,89.66,99.04,65.47,44.4,7.89,97.46,58.47,24.03,-8.53,-12.81,-4.0,32.91,-22.71,29.05,15846757646.51513,603226394.0,0.0674,-63.37,23194800,0.59,25.14,-4.42,25.87,-7.11,25.99,-7.54,23.32,3.04,5.81,15.75,30659620,39004843,38664860,21.678
1913,RYOJ,Industrials,Consulting Services,NASDAQ,95.53,67.23,64.7,3.92,132.6,92.16,168.74,96.61,168.84,95.98,54.27,10.17,2.91,2.11,-21.98,-37.42,-38.09,-14.41,35.38,32917498.898506165,11550000.0,0.42,-74.54,0,0.0,2.83,2.83,2.98,-2.35,3.46,-15.9,4.42,-34.16,10.0,-0.0,9000,14923,61832,-0.343
1914,ITT,Industrials,Specialty Industrial Machinery,NYSE,95.53,67.23,97.71,64.48,100.45,72.54,101.44,69.34,94.98,56.33,120.39,81.73,201.37,-2.33,-2.37,-1.36,4.53,14.23,70.87,18522276349.57837,89839824.0,0.0848,-12.57,764800,0.94,202.79,-0.7,203.58,-1.09,204.08,-1.33,205.73,-2.12,3.06,68.23,783190,817596,829946,0.515
1915,AEG,Financial Services,Insurance - Diversified,NYSE,95.52,67.2,91.26,33.51,106.16,78.81,112.3,81.39,107.08,73.28,101.41,64.03,8.24,-2.49,-7.31,-9.05,-10.33,13.76,70.6,12505920575.014189,1479990634.0,0.0028,-14.26,4465500,0.85,8.37,-1.55,8.5,-3.06,8.75,-5.83,8.94,-7.83,1.56,7.78,6074290,5242450,4762038,-0.082
1916,IMPPP,Energy,Oil & Gas Midstream,NASDAQ,95.51,67.19,99.78,76.93,92.75,60.89,94.45,57.75,94.56,55.69,97.06,57.94,26.0,0.78,0.78,3.09,2.06,8.45,65.5,,,2.74,-6.41,0,0.0,25.95,0.19,25.87,0.5,25.67,1.29,25.42,2.28,0.72,0.0,900,1110,1012,1.396
1917,CTRN,Consumer Cyclical,Apparel Retail,NASDAQ,95.49,67.16,88.78,26.71,101.49,73.85,125.17,88.87,139.43,91.85,137.65,88.13,51.55,7.6,5.14,-14.96,-23.97,19.83,75.55,399542904.4975014,8339447.0,0.18530001,-33.83,79900,0.45,49.94,3.22,50.01,3.08,52.82,-2.4,63.19,-18.42,4.29,60.61,139550,175800,167648,0.109
1918,GAP,Consumer Cyclical,Apparel Retail,NYSE,95.49,67.16,109.19,91.31,90.78,55.42,84.45,33.36,79.14,28.94,109.23,73.8,23.23,3.96,7.25,8.8,14.83,-11.85,37.59,7907090864.269354,351270137.0,0.1392,-20.88,3773600,0.51,23.39,-0.68,23.07,0.69,21.95,5.83,21.29,9.11,3.39,30.43,6618680,7348273,7046772,-0.02
1919,INTG,Consumer Cyclical,Lodging,NASDAQ,95.48,67.14,86.96,22.74,95.22,65.05,119.89,86.61,145.37,93.09,158.59,92.5,32.17,15.43,-3.48,-14.76,17.15,28.17,81.21,59887392.2433548,2148812.0,0.08930001,-38.13,25500,0.34,30.51,5.44,30.36,5.96,33.71,-4.57,33.86,-4.99,7.23,0.0,45070,75096,85096,0.133
1920,ASO,Consumer Cyclical,Specialty Retail,NASDAQ,95.45,67.11,109.33,91.37,89.55,49.46,96.75,61.96,78.6,28.26,102.9,66.22,53.49,9.77,8.85,-3.09,10.96,4.02,59.22,3000739330.2414207,61578891.0,0.20459999,-14.34,1432000,0.73,52.63,1.63,50.43,6.07,50.28,6.38,48.1,11.21,3.33,70.1,1449410,1966023,1779916,0.03
1921,NVCR,Healthcare,Medical Devices,NASDAQ,95.45,67.11,88.33,25.6,105.12,77.66,98.19,63.85,107.74,74.05,78.79,26.12,14.58,-2.41,-7.95,-6.0,-4.27,8.48,65.55,1739700800.737381,116445840.0,0.137,-32.03,1022300,0.8,14.73,-1.02,15.23,-4.27,15.77,-7.55,16.5,-11.64,4.61,65.47,1744460,1283913,1297426,0.156
1922,PINE,Real Estate,REIT - Retail,NYSE,95.43,67.08,95.88,54.88,88.95,48.16,95.94,60.49,119.4,84.11,115.27,78.57,17.92,1.36,4.98,-2.13,-10.21,14.2,70.81,317098001.23345184,17935407.0,0.020399999,-18.51,212800,1.33,17.75,0.96,17.53,2.22,17.6,1.82,18.6,-3.66,2.37,65.89,180080,160476,140126,0.346
1923,SHC,Healthcare,Diagnostics & Research,NASDAQ,95.43,67.08,95.62,53.64,101.53,73.9,106.22,75.21,107.72,73.98,101.98,64.91,18.06,-0.88,-1.53,-1.69,1.18,4.51,59.84,5199528568.948679,285374795.0,0.0496,-9.02,1595100,0.82,18.12,-0.33,18.25,-1.04,18.47,-2.22,18.68,-3.32,2.85,79.66,1840140,1936626,2295966,0.092
1924,BVC,Technology,Software - Application,NASDAQ,95.42,67.04,95.88,54.88,92.69,60.72,135.84,91.97,96.24,58.5,90.72,46.6,12.09,5.31,6.52,-24.81,10.82,25.94,79.94,1928639923.0957031,168000000.0,0.0002,-32.83,21000,0.47,12.16,-0.58,11.81,2.37,12.79,-5.47,13.31,-9.17,8.19,-0.0,41860,44523,50162,
1925,HCM,Healthcare,Drug Manufacturers - Specialty & Generic,NASDAQ,95.42,67.04,107.76,90.2,98.32,69.82,90.0,43.05,66.39,19.14,89.26,42.38,14.1,-0.7,1.15,9.98,30.92,6.98,63.63,2468161152.4475784,173814168.0,0.0022,-14.02,50100,0.61,14.19,-0.63,14.26,-1.12,14.03,0.5,13.12,7.47,3.18,80.32,55750,82173,74016,0.002
1926,GLNG,Energy,Oil & Gas Midstream,NASDAQ,95.41,67.01,92.39,37.51,98.28,69.78,110.11,79.38,102.19,67.14,120.95,82.0,47.92,-2.62,-3.41,-9.4,-0.18,30.47,82.2,5024193276.527405,102097000.0,0.105,-17.08,1363900,0.99,49.05,-2.3,48.73,-1.66,49.83,-3.83,50.66,-5.41,2.62,18.29,1437430,1382866,1305006,0.724
1927,GFL,Industrials,Waste Management,NYSE,95.41,67.01,101.64,82.19,93.71,62.51,94.84,58.51,83.75,33.85,77.41,24.7,42.78,1.91,1.21,-0.16,3.41,-0.66,50.47,18303978011.767426,436016632.0,0.0765,-9.0,2538300,0.77,42.39,0.92,41.98,1.91,42.16,1.47,41.9,2.1,2.62,73.06,3736490,3281250,2658616,0.163
1928,PRK,Financial Services,Banks - Regional,NYSE ARCA,95.4,66.99,92.68,38.76,97.26,68.23,101.53,69.47,104.92,70.82,100.12,62.42,176.5,-3.63,-2.85,-5.84,-14.33,12.13,69.23,3308450976.895111,18064161.0,0.0481,-17.91,66400,0.64,178.48,-1.11,179.48,-1.66,181.52,-2.77,192.26,-8.2,1.94,26.3,85670,103636,97278,0.257
1929,AGNCL,Real Estate,REIT - Mortgage,NASDAQ,95.38,66.97,98.74,73.28,94.68,64.09,94.97,58.85,94.36,55.18,91.54,48.1,24.97,-0.96,-0.07,1.32,1.89,8.55,65.67,,,0.52,-2.59,5300,0.34,24.97,0.0,25.03,-0.24,24.92,0.2,24.8,0.69,0.85,188.91,17730,15393,14324,
1930,OGC,Basic Materials,Gold,NYSE,95.36,66.94,96.14,56.21,99.39,71.26,105.27,74.2,82.73,32.56,156.64,92.35,27.6,1.81,-1.88,-8.58,11.21,-3.91,46.24,6030552484.301193,222447523.0,4.97,-36.3,606600,0.97,26.8,2.99,27.03,2.11,27.88,-1.0,28.52,-3.23,3.73,81.67,524060,628023,604444,0.497
1931,AES,Utilities,Utilities - Diversified,NYSE,95.36,66.94,99.08,74.68,96.92,67.64,98.26,64.01,96.67,59.04,101.39,64.0,14.94,0.2,0.47,1.01,1.81,11.74,68.79,10633181392.010769,713157713.0,0.025999999,-15.35,5586100,0.68,14.93,0.07,14.91,0.2,14.86,0.54,14.79,1.01,0.32,62.69,9258320,8165953,7878214,0.199
1932,PVH,Consumer Cyclical,Apparel Manufacturing,NYSE,95.34,66.9,106.4,88.95,92.74,60.84,84.85,33.91,90.84,46.48,126.2,84.41,81.35,7.71,7.05,15.16,-6.46,17.39,73.62,3484790470.169403,46137833.0,0.139,-19.26,712400,0.7,78.79,3.25,77.08,5.54,75.29,8.05,77.42,5.08,3.16,35.04,846240,1016720,968268,-0.032
1933,GDDY,Technology,Software - Infrastructure,NYSE,95.34,66.9,106.91,89.35,87.99,46.03,94.24,57.33,79.9,29.67,60.04,12.86,104.35,7.34,7.42,6.4,5.05,-17.24,33.15,12311423189.890564,126647704.0,0.084,-25.16,2203300,0.92,100.53,3.8,98.01,6.47,98.91,5.5,96.78,7.82,4.54,28.1,1789760,2395583,2321212,0.066
1934,SNEX,Financial Services,Capital Markets,NASDAQ,95.34,66.9,86.7,22.24,108.76,80.79,115.6,83.91,130.03,89.16,144.42,89.95,61.24,-6.94,-8.34,-12.97,-21.1,42.61,86.41,7960570522.840332,120962936.0,0.0559,-35.31,587400,0.66,63.25,-3.18,64.32,-4.79,66.22,-7.52,67.81,-9.69,4.76,54.22,966320,888753,933274,0.152
1935,KURA,Healthcare,Biotechnology,NASDAQ,95.33,66.87,91.36,33.78,99.84,71.72,112.0,81.19,115.02,81.13,113.55,77.44,10.6,-0.47,-1.49,-6.94,13.86,-5.94,43.55,947430558.414217,88960619.0,0.171,-23.74,1474200,0.84,10.59,0.09,10.64,-0.38,11.01,-3.72,11.27,-5.94,4.47,46.39,1653740,1764973,1936322,0.365
1936,AGRO,Consumer Defensive,Farm Products,NYSE,95.31,66.84,92.86,39.62,98.51,70.25,110.04,79.35,90.47,44.96,125.43,84.1,10.24,1.39,-1.82,-13.0,0.79,34.33,83.56,1457510511.6491203,144307966.0,0.0419,-35.56,562000,0.79,10.55,-2.94,10.3,-0.58,10.81,-5.27,10.64,-3.76,3.87,2.52,609600,710100,796510,0.39
1937,CVLG,Industrials,Trucking,NYSE,95.31,66.84,87.55,23.97,99.99,71.99,110.44,79.66,170.33,96.09,122.61,82.93,31.95,-5.36,-1.6,-10.33,-13.12,41.98,86.1,856753742.6842422,25377778.0,0.0738,-35.95,89300,0.43,32.72,-2.35,32.85,-2.74,33.63,-5.0,34.31,-6.88,3.31,9.47,150600,205820,205752,0.099
1938,DOCS,Healthcare,Health Information Services,NYSE,95.3,66.82,119.73,95.69,82.33,35.14,82.11,30.33,54.85,12.54,42.53,6.4,30.5,9.2,15.75,19.23,43.6,-32.19,23.06,4978410275.796356,178245980.0,0.099300005,-58.74,4941500,1.66,28.79,5.94,28.14,8.39,27.15,12.34,25.84,18.03,3.99,109.68,3527360,2985700,4910662,0.073
1939,SYBT,Financial Services,Banks - Regional,NASDAQ,95.29,66.79,94.01,44.78,100.31,72.4,101.54,69.5,103.74,69.28,92.46,49.97,75.09,-4.51,-4.43,-5.44,-12.52,12.67,69.75,2443080786.558426,31066643.0,0.043899998,-15.84,131500,0.83,76.26,-1.53,76.97,-2.44,78.01,-3.74,80.09,-6.24,2.23,23.33,147370,157596,150654,0.198
1940,NEWTP,Financial Services,Banks - Regional,NASDAQ,95.29,66.79,97.67,64.2,94.79,64.25,98.45,64.39,97.29,60.12,92.27,49.55,24.25,0.75,0.08,-1.0,-0.48,12.92,70.0,,,1.94,-13.33,8056,2.19,24.15,0.41,24.18,0.29,24.32,-0.29,24.38,-0.53,1.5,142.05,3415,3678,3209,0.147
1941,HASI,Financial Services,Asset Management,NYSE,95.26,66.77,96.02,55.66,95.18,64.88,101.67,69.68,108.22,74.61,127.68,84.91,36.49,0.61,1.33,-1.19,-2.73,15.08,71.69,4660542362.120705,128495790.0,0.1492,-17.31,636000,0.54,36.41,0.22,36.03,1.28,36.17,0.88,38.07,-4.15,2.2,33.63,1053630,1168276,1076952,8.044
1942,MAYS,Real Estate,Real Estate Services,NASDAQ,95.25,66.74,100.25,78.29,91.01,56.37,88.58,39.93,85.66,35.89,90.48,46.11,40.95,2.12,2.38,2.07,5.0,8.48,65.55,80832774.92416382,2015780.0,0.0161,-33.94,0,0.0,40.44,1.26,40.25,1.74,40.24,1.76,40.71,0.59,0.39,-0.0,70,873,1608,-0.056
1943,BWB,Financial Services,Banks - Regional,NASDAQ,95.25,66.74,93.83,43.9,98.2,69.67,105.73,74.73,112.69,79.0,103.54,67.23,20.25,-2.22,-2.5,-5.33,-1.22,11.69,68.74,577473948.8015976,27883823.0,0.033,-10.48,45300,0.46,20.33,-0.39,20.38,-0.64,20.67,-2.03,21.13,-4.16,2.5,15.78,86250,97576,130338,0.184
1944,DIS,Communication Services,Entertainment,NYSE,95.24,66.7,101.78,82.49,92.76,60.95,93.15,54.66,81.69,31.56,89.02,41.52,108.05,5.73,1.79,1.41,12.36,-3.12,47.37,176450138730.9242,1726686902.0,0.0114,-7.72,7149600,0.85,105.49,2.43,104.69,3.21,105.08,2.83,105.15,2.76,1.84,45.84,9014670,8383093,8948592,0.068
1945,AUBN,Financial Services,Banks - Regional,NASDAQ,95.24,66.7,97.01,60.46,93.91,62.86,98.03,63.65,99.54,63.36,88.83,40.94,26.54,-1.63,-2.53,0.0,2.69,0.77,52.62,94006196.5650177,3484292.0,0.0018000001,-8.1,900,0.39,26.62,-0.3,26.6,-0.23,26.71,-0.64,26.36,0.68,2.64,41.39,2800,2306,1766,0.124
1946,ROK,Industrials,Specialty Industrial Machinery,NYSE,95.24,66.7,97.22,61.37,96.84,67.48,97.02,62.38,110.63,77.2,110.32,74.86,432.59,-4.79,-0.36,0.98,-7.87,9.58,66.68,50454966618.38733,111048676.0,0.038900003,-13.02,960000,1.32,442.91,-2.33,440.94,-1.89,431.73,0.2,435.19,-0.6,2.34,27.99,735340,725356,778274,0.079
1947,EE,Energy,Oil & Gas Midstream,NYSE,95.23,66.66,93.51,42.51,94.48,63.69,116.63,84.7,116.25,82.16,107.46,71.78,34.76,6.82,5.05,-9.5,-8.83,28.39,81.31,1021128527.3699036,31380716.0,0.1236,-19.49,254100,0.6,34.63,0.38,33.5,3.76,34.6,0.46,36.71,-5.31,3.1,65.78,359210,421766,407022,0.61
1948,CMCL,Basic Materials,Gold,NYSE ARCA,95.23,66.66,102.65,84.18,91.66,58.16,98.64,64.71,56.42,13.32,103.33,66.83,23.75,-1.08,-0.38,-7.59,26.57,-9.57,39.66,464235251.2154484,19335079.0,0.137,-38.71,433900,2.24,24.3,-2.26,23.95,-0.84,24.22,-1.94,23.85,-0.42,4.2,75.21,222970,193636,198322,0.165
1949,GHC,Industrials,Conglomerates,NYSE,95.2,66.64,99.6,76.33,91.72,58.42,91.1,45.94,103.54,68.95,102.45,65.66,1173.16,2.05,1.58,3.04,-4.27,6.11,62.37,4868515516.044922,4234928.0,0.1329,-7.07,19200,0.56,1168.08,0.43,1154.38,1.63,1150.73,1.95,1158.48,1.27,2.16,17.76,26800,34326,33114,0.071
1950,MHK,Consumer Cyclical,"Furnishings, Fixtures & Appliances",NYSE,95.19,66.61,94.91,49.86,98.6,70.34,102.03,70.19,92.33,51.24,83.89,31.18,118.07,-6.6,-5.66,-6.88,-1.25,8.74,65.89,8562779157.514496,67738145.0,0.12550001,-15.84,968400,0.88,121.53,-2.85,123.32,-4.26,123.97,-4.76,129.02,-8.49,3.51,7.24,1105940,1103673,1058622,0.068
1951,GAM,Financial Services,Asset Management,NYSE,95.19,66.61,97.19,61.16,97.0,67.77,99.56,66.47,98.99,62.62,105.45,69.51,64.71,1.49,0.29,-1.55,-0.03,10.5,67.56,1519535484.8785896,23832113.0,0.0001,-5.63,17763,0.93,64.26,0.7,63.97,1.16,64.48,0.36,65.91,-1.82,1.25,56.89,23316,19078,18289,0.009
1952,CHI,Financial Services,Asset Management,NASDAQ,95.16,66.58,94.87,49.67,96.62,67.16,102.22,70.5,108.61,75.09,105.67,69.93,11.98,3.54,0.67,-2.32,-1.78,17.67,73.92,935681078.3000336,80871314.0,0.0104,-11.26,154300,0.86,11.74,2.04,11.59,3.36,11.87,0.93,12.37,-3.15,2.4,121.59,230680,178810,164752,-0.454
1953,SUNB,Industrials,Rental & Leasing Services,NYSE,95.16,66.58,99.58,76.25,94.64,64.0,86.6,36.51,93.9,54.48,86.46,34.28,75.17,-2.5,0.15,3.85,4.06,,,31592872933.448387,409764897.0,1.12,-13.28,2755200,0.38,76.14,-1.27,75.53,-0.48,74.36,1.09,75.08,0.12,3.7,48.18,4060240,7295973,5234416,0.112
1954,LECO,Industrials,Tools & Accessories,NASDAQ,95.15,66.55,96.37,57.25,96.94,67.71,91.26,46.4,96.21,58.46,103.22,66.7,261.13,-4.83,-3.61,3.49,4.67,8.15,65.03,14955289871.801392,54505757.0,0.0226,-15.76,235700,0.59,266.71,-2.09,268.23,-2.65,263.16,-0.77,271.51,-3.82,2.75,46.18,316840,397126,428342,0.12
1955,AGNCN,Real Estate,REIT - Mortgage,NASDAQ,95.14,66.54,99.19,75.0,93.92,62.9,95.54,59.89,94.27,54.99,92.85,50.73,25.44,0.12,1.29,0.74,1.29,8.42,65.46,,,2.13,-2.12,14500,0.62,25.27,0.67,25.24,0.79,25.22,0.87,25.26,0.71,0.83,113.24,39290,23493,21180,
1956,BWMX,Consumer Cyclical,Specialty Retail,NYSE,95.13,66.52,97.79,65.13,99.16,71.02,92.09,50.54,120.36,84.79,132.54,86.61,16.46,-0.24,-1.67,5.92,-4.42,23.82,78.45,651503374.5,39485053.0,0.0076,-16.83,28700,0.44,16.32,0.86,16.48,-0.12,16.41,0.3,16.24,1.35,2.54,33.44,35970,65236,69914,0.168
1957,COGT,Healthcare,Biotechnology,NASDAQ,95.12,66.5,88.03,24.97,103.32,75.59,117.02,85.02,156.47,94.74,274.95,97.72,31.0,-0.06,-4.05,-7.21,-25.05,-21.2,30.35,5382745021.073433,173524982.0,0.105,-29.11,2522200,1.25,30.49,1.67,31.06,-0.19,31.77,-2.42,35.04,-11.53,4.21,84.25,2035340,2023836,1939588,
1958,ADAMM,Real Estate,REIT - Mortgage,NASDAQ,95.11,66.49,97.77,64.9,96.34,66.7,97.61,63.16,95.51,57.33,95.96,56.44,24.77,-1.1,-0.67,-0.64,1.53,9.26,66.38,,,0.15,-3.99,14031,0.89,24.71,0.24,24.8,-0.12,24.9,-0.52,24.84,-0.28,1.12,136.37,29263,15797,15454,1.298
1959,CCC,Technology,Software - Application,NASDAQ,95.1,66.47,100.14,77.97,99.9,71.84,105.09,73.95,76.33,26.16,58.53,12.11,7.02,7.01,1.74,1.89,15.84,-12.9,36.65,3863805224.5374527,588994704.0,0.0863,-26.45,20186200,1.8,6.67,5.25,6.64,5.72,6.65,5.56,6.88,2.03,3.97,150.77,9852400,11226376,10713774,0.098
1960,TW,Financial Services,Capital Markets,NASDAQ,95.08,66.45,106.3,88.93,87.85,45.76,83.86,32.52,76.98,26.76,88.51,39.63,111.08,8.67,9.77,9.5,13.73,4.95,60.56,21769707079.63211,212969153.0,0.030299999,-13.01,973900,0.74,108.56,2.32,105.06,5.73,103.47,7.35,104.19,6.61,2.62,39.24,1309110,1307506,1317722,0.09
1961,IPSC,Healthcare,Biotechnology,NASDAQ,95.07,66.44,75.36,8.41,128.82,91.26,173.4,96.91,192.69,97.17,266.82,97.6,1.47,-3.92,-11.98,-24.23,-32.88,71.13,92.4,275942852.6100075,180354809.0,0.1633,-51.64,816800,1.28,1.4,5.0,1.52,-3.29,1.69,-13.02,1.89,-22.22,8.74,38.91,932910,637223,580112,
1962,ENR,Industrials,Electrical Equipment & Parts,NYSE,95.06,66.42,98.46,71.53,96.65,67.2,93.57,55.7,90.17,43.35,82.38,29.49,21.33,-3.53,-3.05,3.64,2.81,12.84,69.93,1514173255.8690948,68483637.0,0.1122,-15.86,527400,0.58,21.42,-0.42,21.59,-1.2,21.49,-0.74,21.51,-0.84,3.4,24.8,834560,917036,1001584,0.012
1963,NSC,Industrials,Railroads,NYSE,95.04,66.4,96.04,55.77,93.64,62.33,98.8,65.03,106.07,72.09,101.63,64.47,317.79,0.11,1.53,-0.77,-4.46,10.37,67.45,71299682473.48029,224608373.0,0.034,-11.38,373000,0.37,316.1,0.53,314.33,1.1,315.15,0.84,328.68,-3.31,1.46,61.74,717890,998143,1066152,0.114
1964,ACTG,Industrials,Business Equipment & Supplies,NASDAQ,95.03,66.38,96.23,56.77,91.67,58.23,99.49,66.34,97.49,60.36,124.15,83.55,4.32,-0.46,1.17,-5.47,-2.04,15.82,72.32,423526748.5905647,97586805.0,0.058000002,-18.03,80000,0.45,4.35,-0.69,4.34,-0.46,4.39,-1.59,4.5,-4.0,2.23,10.37,142110,177146,210758,1.236
1965,AGNCO,Real Estate,REIT - Mortgage,NASDAQ,95.03,66.38,98.6,72.5,94.16,63.3,95.92,60.44,94.36,55.18,92.93,50.88,25.16,-0.44,0.51,0.2,1.34,7.85,64.65,,,0.46,-2.25,64985,1.85,25.06,0.4,25.08,0.32,25.07,0.36,25.07,0.36,0.63,100.51,63988,35189,30533,
1966,PCOR,Technology,Software - Application,NYSE,95.02,66.35,107.7,90.14,82.99,36.23,88.61,40.01,63.63,17.23,74.75,22.58,56.21,10.32,14.02,5.54,4.5,-25.2,27.48,7742124587.032722,151955338.0,0.129,-31.71,3822800,1.42,54.87,2.44,52.73,6.6,52.25,7.58,56.23,-0.04,3.97,91.8,3121070,2688070,3139214,0.158
1967,HITI,Healthcare,Pharmaceutical Retailers,NASDAQ,95.02,66.35,100.01,77.5,96.41,66.87,90.1,43.28,72.92,23.66,84.35,31.64,2.61,-0.76,-6.45,3.16,21.96,-6.79,42.49,234445085.02156258,89142614.0,1.8,-31.32,358600,0.46,2.67,-2.25,2.7,-3.33,2.68,-2.61,2.53,3.16,4.12,46.45,667240,787730,663292,0.328
1968,CABR,Healthcare,Drug Manufacturers - Specialty & Generic,NASDAQ,95.0,66.32,88.63,26.27,105.25,77.83,106.46,75.45,119.87,84.44,129.64,85.59,1.16,0.0,-6.22,-2.52,-25.64,26.91,80.38,12027141.81392312,10368226.0,0.002,-36.96,4100,0.14,1.18,-1.69,1.19,-2.52,1.23,-5.69,1.31,-11.45,7.32,22.39,11580,29736,51660,
1969,NODK,Financial Services,Insurance - Property & Casualty,NASDAQ,94.99,66.3,95.69,54.06,93.1,61.35,95.27,59.41,108.59,75.08,86.38,34.18,14.79,-1.33,-0.07,-1.73,-3.59,6.63,63.17,305866793.09972954,20404723.0,0.0117,-11.44,20000,0.62,14.83,-0.27,14.89,-0.67,14.94,-1.0,15.14,-2.31,3.03,6.69,24320,32286,27256,-0.077
1970,PDX,Financial Services,Asset Management,NYSE,94.98,66.29,97.31,61.98,91.88,58.82,100.61,68.21,95.24,56.96,96.79,57.63,20.83,0.34,2.11,-3.7,-0.25,18.51,74.57,928116229.9526081,44706947.0,0.88,-16.58,128494,1.14,20.74,0.43,20.57,1.26,20.63,0.97,21.15,-1.51,1.55,55.75,103289,112249,119055,
1971,BXSL,Financial Services,Asset Management,NYSE,94.97,66.26,99.2,75.07,92.64,60.62,92.68,53.15,86.98,37.31,84.37,31.68,23.86,1.06,-0.12,0.9,6.35,-0.25,50.94,5500423329.623642,232970063.0,0.0473,-16.54,1137200,0.77,23.7,0.68,23.75,0.46,23.88,-0.08,23.77,0.38,1.73,18.14,1862730,1468753,1473982,-0.071
1972,QTWO,Technology,Software - Application,NYSE,94.97,66.26,99.24,75.28,91.37,57.5,101.19,69.1,80.32,30.05,68.11,18.01,58.6,3.94,4.4,-3.76,-0.8,-21.78,29.86,3515557770.7019997,62354695.0,0.1145,-23.14,400700,0.68,58.11,0.84,56.91,2.97,57.68,1.6,61.03,-3.98,2.95,2.89,553180,593176,662772,0.126
1973,LAWR,Industrials,Consulting Services,NASDAQ,94.96,66.23,97.98,66.51,91.32,57.4,105.56,74.45,92.38,51.34,92.56,50.18,3.75,0.0,0.0,0.0,0.0,0.0,51.33,172350000.0,45960000.0,0.0231,-1.32,0,,3.75,0.0,3.75,0.0,3.75,0.0,3.75,0.0,,,0,0,0,0.112
1974,USAC,Energy,Oil & Gas Equipment & Services,NYSE,94.96,66.23,96.44,57.62,93.86,62.79,101.93,70.05,100.56,64.89,99.48,61.38,25.95,2.08,1.61,-6.11,-0.65,20.22,75.87,3684459840.9582996,144943345.0,0.018099999,-15.06,81000,0.2,25.62,1.29,25.4,2.17,25.83,0.46,26.32,-1.41,2.34,128.32,256810,410190,367004,0.368
1975,TY,Financial Services,Asset Management,NYSE,94.95,66.2,97.88,65.68,94.83,64.32,95.93,60.46,97.61,60.53,96.06,56.61,34.78,1.4,0.46,0.45,0.71,10.66,67.73,1832392566.741848,53422525.0,0.1,-4.84,35555,1.05,34.5,0.81,34.4,1.1,34.51,0.78,34.93,-0.43,1.42,22.3,31045,33891,31431,0.027
1976,PFS,Financial Services,Banks - Regional,NYSE,94.94,66.19,93.43,42.13,97.28,68.27,100.47,68.0,110.83,77.44,113.61,77.49,22.09,-2.17,-3.28,-5.19,-10.28,10.09,67.16,2944942704.489544,130422618.0,0.066599995,-13.34,472600,0.55,22.19,-0.45,22.28,-0.85,22.65,-2.47,23.42,-5.68,1.84,22.18,855260,855660,842972,0.038
1977,RACE,Consumer Cyclical,Auto Manufacturers,NYSE,94.92,66.16,94.79,49.1,98.37,69.94,101.69,69.69,90.11,43.13,84.53,31.95,389.91,0.41,-5.21,-5.77,-1.97,5.11,60.84,68141621898.78845,175473500.0,0.0293,-22.24,272500,0.67,386.9,0.78,390.3,-0.1,401.5,-2.89,408.23,-4.49,1.96,27.4,504700,403836,424738,0.084
1978,SEER,Healthcare,Biotechnology,NASDAQ,94.92,66.16,108.3,90.59,95.32,65.24,97.0,62.34,93.4,53.61,88.29,38.46,2.19,-2.67,14.66,12.31,6.31,20.33,75.94,124587033.75,55372015.0,0.0018000001,-9.13,204200,0.75,2.22,-1.35,2.2,-0.45,2.03,7.88,2.05,6.83,5.26,43.42,402040,271870,315790,-0.234
1979,CCK,Consumer Cyclical,Packaging & Containers,NYSE,94.9,66.13,95.54,53.16,93.54,62.05,103.76,72.31,103.59,69.04,95.56,55.8,108.26,2.08,0.19,-3.89,-8.28,5.93,61.97,11534052523.46074,108760511.0,0.0269,-11.92,609300,0.65,107.7,0.52,107.0,1.18,108.62,-0.33,114.04,-5.07,2.09,23.85,834260,936803,882754,0.165
1980,PYPL,Financial Services,Credit Services,NASDAQ,94.9,66.13,100.6,79.45,98.12,69.54,99.42,66.11,87.3,37.66,73.75,21.98,55.53,5.17,0.89,3.37,-3.44,-6.42,42.91,45168333494.53515,855460874.0,0.038399998,-29.9,11858000,0.91,54.9,1.15,54.11,2.62,53.64,3.52,56.19,-1.17,2.71,53.5,9927400,12964533,11710532,0.048
1981,SRBK,Financial Services,Banks - Regional,NASDAQ,94.88,66.11,91.23,33.39,99.68,71.52,104.5,73.23,112.41,78.85,110.57,74.99,17.94,-3.0,-6.24,-7.64,-7.4,11.39,68.44,135121650.5,7303873.0,0.038900003,-14.37,45600,2.09,18.39,-2.45,18.61,-3.6,19.03,-5.73,19.44,-7.72,2.65,35.7,24710,21770,22728,0.09
1982,BCH,Financial Services,Banks - Regional,NYSE,94.87,66.09,91.91,35.66,106.29,78.98,105.99,74.97,104.81,70.64,116.78,79.67,38.89,1.04,-7.49,-6.78,-7.95,8.03,64.85,19440738124.709084,505085406.0,0.0042,-16.85,382400,1.1,38.72,0.44,39.28,-0.99,40.47,-3.9,41.14,-5.47,2.58,50.78,445800,346546,329540,0.136
1983,SONY,Technology,Consumer Electronics,NYSE,94.86,66.07,102.73,84.3,92.41,60.12,93.11,54.53,80.66,30.42,76.44,24.07,24.12,1.26,2.42,0.92,5.93,-4.4,45.37,139235832872.5259,5845333109.0,0.0021,-20.5,3195400,0.84,23.8,1.34,23.65,1.99,23.65,1.99,23.72,1.69,1.86,33.49,4005170,3801950,4123422,0.082
1984,GALT,Healthcare,Biotechnology,NASDAQ,94.79,66.05,94.83,49.38,86.08,42.27,100.77,68.41,133.81,90.43,79.13,26.47,3.94,1.03,1.03,0.77,21.98,-2.23,48.66,393313621.21777153,100849644.0,0.121300004,-44.74,156400,0.52,3.74,5.35,3.81,3.41,3.85,2.34,3.75,5.07,5.77,132.08,225040,298473,321378,
1985,BPYPP,Real Estate,Real Estate Services,NASDAQ,94.79,66.05,96.91,59.97,91.96,59.04,99.77,66.69,98.39,61.67,101.98,64.91,15.29,0.86,1.86,-3.23,-2.57,10.73,67.79,,,2.18,-8.61,5812,0.38,15.33,-0.26,15.4,-0.71,15.53,-1.55,15.73,-2.8,2.56,2.56,14121,15230,13066,0.053
1986,BKR,Energy,Oil & Gas Equipment & Services,NASDAQ,94.78,66.01,94.36,46.43,96.88,67.58,99.48,66.28,103.16,68.52,118.1,80.49,56.7,1.25,-1.95,-4.0,-4.99,25.8,79.82,55589747976.0,992674071.0,0.028299998,-19.47,2799300,0.37,56.58,0.21,56.25,0.8,56.83,-0.23,60.36,-6.06,2.44,29.62,5712820,7583076,7022132,-0.024
1987,DEC,Energy,Oil & Gas Integrated,NYSE,94.78,66.01,95.9,55.02,87.6,45.29,95.58,59.98,87.38,37.73,111.15,75.69,13.83,3.06,0.29,-6.62,7.97,5.04,60.75,926479484.2471218,69037219.0,0.107200004,-26.83,468500,0.57,13.92,-0.65,13.69,1.02,13.94,-0.79,14.18,-2.47,2.54,8.54,638330,826196,840210,0.247
1988,DUOL,Technology,Software - Application,NASDAQ,94.78,66.01,103.95,85.84,93.06,61.32,90.46,44.13,72.57,23.36,41.46,6.13,149.92,3.92,4.47,4.34,12.22,-19.12,31.74,6721989188.657272,46593117.0,0.1872,-57.53,621600,0.58,149.62,0.2,145.83,2.8,146.6,2.26,144.03,4.09,3.92,23.82,888720,1071223,1191424,0.183
1989,SNDA,Healthcare,Medical Care Facilities,NYSE,94.77,65.96,88.85,26.91,100.24,72.35,111.91,81.07,119.91,84.46,115.39,78.76,35.24,-6.53,-6.55,-10.83,-12.25,7.67,64.42,1811409259.6577072,48047990.0,0.1191,-20.61,579100,1.2,36.25,-2.79,36.95,-4.63,37.82,-6.82,38.69,-8.92,3.04,22.37,478090,484060,465742,1.371
1990,CNNE,Consumer Cyclical,Restaurants,NYSE,94.77,65.96,99.25,75.34,99.71,71.59,96.21,60.9,87.87,38.35,68.34,18.21,15.5,-0.26,-1.52,1.57,6.4,-0.28,50.93,674035485.9254045,43374227.0,0.1321,-18.46,294500,0.58,15.61,-0.7,15.55,-0.32,15.47,0.19,15.24,1.71,2.5,2.59,420170,510710,503290,-0.073
1991,HNNA,Financial Services,Asset Management,NASDAQ,94.77,65.96,99.05,74.62,93.42,61.87,94.66,58.17,89.47,40.89,84.64,32.09,10.19,-1.16,0.1,-1.07,5.34,13.01,70.15,81494470.41682243,7904410.0,0.0011999999,-7.53,9400,1.14,10.25,-0.59,10.21,-0.2,10.26,-0.68,10.08,1.09,3.36,40.92,8410,8250,7446,0.042
1992,NDAQ,Financial Services,Financial Data & Stock Exchanges,NASDAQ,94.76,65.92,98.42,71.25,100.52,72.66,92.39,52.02,93.1,52.89,88.7,40.3,93.65,3.68,0.11,2.7,-1.25,-2.93,47.68,50492427036.27814,558977372.0,0.0197,-8.0,1830500,0.57,92.48,1.27,92.09,1.69,92.34,1.42,94.53,-0.93,2.17,56.69,3204370,3223630,3003738,0.149
1993,VIRC,Consumer Cyclical,"Furnishings, Fixtures & Appliances",NASDAQ,94.75,65.91,101.82,82.59,89.75,50.3,83.27,31.91,82.32,32.21,75.01,22.69,6.48,-0.46,-0.31,4.93,8.43,3.47,58.19,102622439.25805092,15763815.0,0.0174,-14.85,6200,0.25,6.58,-1.52,6.55,-1.07,6.44,0.62,6.2,4.52,2.73,5.65,19700,24613,23382,-0.05
1994,AFG,Financial Services,Insurance - Property & Casualty,NYSE,94.74,65.89,98.31,70.03,91.65,58.1,98.17,63.82,97.8,60.79,91.61,48.3,141.08,1.42,2.07,-0.62,-0.44,5.53,61.28,11534376426.712463,82921466.0,0.025,-5.96,259900,0.67,140.3,0.56,139.21,1.34,140.36,0.51,142.31,-0.86,1.52,33.96,397280,388803,373404,0.058
1995,HTHT,Consumer Cyclical,Lodging,NASDAQ,94.73,65.87,101.4,81.57,87.17,44.5,89.74,42.47,89.5,40.95,126.66,84.53,44.16,5.7,5.14,3.52,6.55,-5.07,44.58,13177661751.842926,315405987.0,0.045500003,-22.03,2108400,1.47,42.52,3.86,42.56,3.76,42.76,3.27,43.71,1.03,2.08,104.43,1561880,1431863,1522788,0.108
1996,JCAP,Financial Services,Credit Services,NASDAQ,94.72,65.83,97.49,62.97,92.13,59.57,109.03,78.18,92.13,50.75,99.82,61.92,19.93,3.53,2.42,-6.78,0.43,-8.23,41.0,1105441568.0,57425536.0,0.0535,-18.45,210200,0.81,19.89,0.2,19.53,2.05,19.95,-0.1,20.81,-4.23,2.61,9.63,294260,260110,324834,0.115
1997,RMBS,Technology,Semiconductors,NASDAQ,94.72,65.83,108.27,90.54,89.42,49.14,70.76,19.81,94.42,55.39,145.33,90.31,107.47,-4.02,2.2,23.57,19.97,12.82,69.91,12144445820.309418,108461603.0,0.077800006,-38.27,1077400,0.46,110.36,-2.62,108.31,-0.78,100.18,7.28,95.51,12.52,5.23,52.1,1470630,2351166,2182778,0.204
1998,DD,Basic Materials,Specialty Chemicals,NYSE,94.72,65.83,96.42,57.49,96.82,67.45,91.97,50.06,104.42,70.13,124.59,83.8,130.0,0.02,-1.3,2.37,-5.96,5.77,61.71,17552885313.534164,135042975.0,0.041199997,-17.71,615200,0.58,131.51,-1.15,130.77,-0.59,129.83,0.13,134.46,-3.32,1.76,4.36,775200,1060150,1308670,0.04
1999,BMR,Technology,Software - Application,NASDAQ,94.72,65.83,133.39,97.47,64.74,16.6,62.93,14.5,49.24,9.67,73.66,21.88,1.77,40.48,40.48,31.11,45.08,-14.49,35.3,19567617.15189576,15529855.0,0.0276,-44.69,158500,2.72,1.57,12.74,1.42,24.65,1.35,31.11,1.31,35.11,6.14,285.34,80280,58183,58126,-0.172
2000,VIK,Consumer Cyclical,Travel Services,NYSE,94.71,65.79,92.98,39.96,91.48,57.72,101.83,69.85,127.58,88.08,133.79,86.97,81.62,1.32,1.64,-3.99,-21.86,10.36,67.43,35981166179.01489,446638124.0,0.037,-25.86,2099200,0.49,81.44,0.22,80.23,1.73,81.92,-0.37,89.66,-8.97,3.06,43.81,3775100,4251876,3950348,0.165
2001,SD,Energy,Oil & Gas E&P,NYSE,94.69,65.77,96.78,59.3,91.06,56.61,94.21,57.25,97.03,59.63,111.07,75.57,13.84,1.62,-0.22,-5.4,2.92,0.31,51.94,504965527.2770691,37075296.0,0.0623,-24.99,243900,0.69,13.82,0.14,13.68,1.17,13.99,-1.07,14.03,-1.35,2.49,-0.0,341290,354823,346660,0.48
2002,GRWG,Consumer Cyclical,Specialty Retail,NASDAQ,94.67,65.76,94.39,46.64,98.48,70.21,99.47,66.22,103.41,68.8,84.16,31.43,1.5,-4.46,-3.85,-1.96,3.45,-11.76,37.69,94342724.0018934,60090905.0,0.0255,-37.5,130100,0.53,1.53,-1.96,1.54,-2.6,1.55,-3.23,1.6,-6.25,3.7,0.0,273940,244496,365208,0.055
2003,KFY,Industrials,Staffing & Employment Services,NYSE,94.66,65.74,92.73,38.94,95.91,65.94,102.85,71.26,104.99,70.92,89.47,43.07,71.66,-0.36,-0.1,-6.98,-12.1,9.07,66.19,4024560461.4562836,55958851.0,0.054,-18.11,341400,0.56,71.58,0.11,71.71,-0.07,73.74,-2.82,79.19,-9.51,2.5,14.51,616300,605510,484382,0.068
2004,BOE,Financial Services,Asset Management,NYSE,94.65,65.72,96.25,56.88,97.35,68.38,98.47,64.47,97.96,60.99,96.56,57.28,11.88,1.63,-1.49,-1.71,-0.81,8.38,65.43,649965437.9192591,55600125.0,0.0016,-5.56,206004,1.42,11.74,1.19,11.74,1.19,11.96,-0.67,12.14,-2.14,1.58,87.14,213350,145053,125182,0.013
2005,DLR,Real Estate,REIT - Specialty,NYSE,94.63,65.71,96.44,57.62,91.91,58.9,98.45,64.39,87.98,38.53,111.82,76.08,178.76,0.12,0.08,-4.56,-6.83,18.83,74.83,66241823838.04826,370998727.0,0.0,-14.12,2000800,0.98,179.96,-0.67,178.41,0.2,180.43,-0.93,185.96,-3.87,2.43,79.34,1851320,2037263,1984436,0.299
2006,EURKU,Financial Services,Shell Companies,NASDAQ,94.62,65.68,98.29,69.83,93.67,62.38,95.54,59.89,98.67,62.1,89.15,42.01,11.81,0.77,0.77,0.77,-2.32,8.45,65.5,,,0.54,-14.42,141,0.82,11.78,0.25,11.75,0.51,11.73,0.68,11.72,0.77,0.74,-0.0,514,171,120,
2007,AAT,Real Estate,REIT - Diversified,NYSE,94.62,65.68,94.87,49.67,94.87,64.4,95.07,58.99,121.18,85.2,100.87,63.32,21.52,-0.14,-0.28,0.09,-9.07,20.58,76.15,1322974623.9624329,61390936.0,0.0715,-17.14,273000,0.56,21.49,0.14,21.46,0.28,21.61,-0.42,22.03,-2.32,1.7,21.92,510210,485946,453816,0.014
2008,ICLR,Healthcare,Diagnostics & Research,NASDAQ,94.6,65.66,95.08,50.85,101.04,73.33,107.13,76.12,106.41,72.5,64.19,15.12,164.17,1.31,-4.74,-3.04,-0.82,-8.36,40.85,12502839803.90596,77154209.0,0.0385,-19.49,745600,0.77,164.55,-0.23,166.26,-1.26,167.99,-2.27,166.6,-1.46,4.43,9.63,945370,966846,813506,0.012
2009,MQ,Technology,Software - Infrastructure,NASDAQ,94.58,65.64,107.31,89.81,84.4,39.05,84.57,33.63,86.6,36.86,87.84,36.87,18.11,9.43,6.78,10.9,2.61,-10.88,38.48,1722835623.2788925,104098834.0,0.0592,-18.72,643900,0.72,17.24,5.05,17.06,6.15,16.57,9.29,16.43,10.23,3.22,109.26,1165120,893193,953746,0.17
2010,BSBR,Financial Services,Banks - Regional,NYSE,94.56,65.62,100.5,79.08,96.32,66.65,101.01,68.88,84.13,34.12,105.08,69.05,5.81,7.59,0.87,-3.49,15.05,3.18,57.52,40432648863.06626,7487527435.0,1.89,-20.63,5881200,1.35,5.85,-0.68,5.7,1.93,5.77,0.69,5.77,0.69,2.75,6.25,5506620,4348226,4615936,0.288
2011,AEO,Consumer Cyclical,Apparel Retail,NYSE,94.54,65.61,111.78,92.65,81.68,33.89,70.58,19.67,97.93,60.95,121.16,82.15,18.17,3.32,10.36,21.82,5.7,-31.45,23.44,2967723574.0120316,167573333.0,0.1274,-36.16,4401100,0.62,17.86,1.74,17.76,2.31,16.5,10.12,16.66,9.06,3.78,80.06,5683490,7053533,6037698,0.075
2012,UYSC,Financial Services,Shell Companies,NASDAQ,94.52,65.59,98.05,67.16,93.84,62.68,95.04,58.9,93.48,53.75,90.96,47.05,10.91,-0.82,-0.82,-0.18,1.21,6.54,63.07,84241828.0,7658348.0,0.006,-7.15,0,0.0,10.95,-0.37,10.97,-0.55,10.98,-0.64,10.91,0.0,0.06,0.0,2450,1776,1602,
2013,UI,Technology,Communication Equipment,NYSE,94.51,65.57,115.57,94.41,82.55,35.58,82.56,30.99,72.25,23.0,200.62,96.23,657.29,5.93,17.23,16.51,23.47,14.75,71.32,37559072160.31494,60528381.0,0.0953,-40.25,92700,0.64,633.9,3.69,607.99,8.11,589.53,11.49,580.04,13.32,3.07,75.07,100340,143730,146428,0.235
2014,GSBD,Financial Services,Asset Management,NYSE,94.51,65.57,93.71,43.39,94.53,63.85,96.68,61.75,87.77,38.16,93.75,52.34,8.77,-3.31,-4.86,-5.65,5.12,5.38,61.17,1021001403.336647,112569067.0,0.0573,-15.47,881300,1.04,8.91,-1.57,9.02,-2.77,9.2,-4.67,9.29,-5.6,2.12,10.77,928430,845636,899800,-0.08
2015,BEAGU,Financial Services,Shell Companies,NASDAQ,94.5,65.53,98.52,72.09,91.84,58.65,93.86,56.35,90.53,45.09,87.66,36.28,11.22,0.0,0.0,0.0,1.72,3.79,58.87,,,0.0,-11.93,0,0.0,11.22,0.0,11.22,0.0,11.22,0.0,11.15,0.63,,,0,10,90,
2016,HFWA,Financial Services,Banks - Regional,NASDAQ,94.5,65.53,92.57,38.23,98.12,69.54,99.13,65.57,112.34,78.75,105.35,69.38,27.16,-3.48,-4.94,-4.4,-7.33,11.62,68.66,1151363777.1471252,40915558.0,0.0856,-13.09,196700,0.48,27.51,-1.27,27.72,-2.02,28.0,-3.0,28.71,-5.4,2.08,7.09,350430,406753,372690,0.531
2017,ECL,Basic Materials,Specialty Chemicals,NYSE,94.48,65.51,99.65,76.53,92.6,60.55,94.1,57.03,91.43,49.04,92.25,49.51,281.83,2.97,0.84,2.32,1.16,6.26,62.69,76725942063.08002,280328603.0,0.0214,-8.87,935000,0.79,279.9,0.69,277.72,1.48,275.95,2.13,278.71,1.12,1.89,36.28,1165810,1183816,1294248,0.097
2018,UBS,Financial Services,Banks - Diversified,NYSE,94.47,65.49,90.95,32.58,102.2,74.48,116.97,84.98,118.4,83.43,102.31,65.51,48.13,0.88,-3.1,-11.82,-9.85,6.34,62.75,156384081373.51974,3277805164.0,0.0019,-14.03,1657400,0.76,47.85,0.59,48.01,0.25,49.38,-2.53,52.05,-7.53,2.37,42.49,2095800,2182230,1895242,0.146
2019,ADACU,Financial Services,Shell Companies,NASDAQ,94.46,65.47,100.69,79.73,90.49,54.04,91.85,49.44,91.41,48.95,88.16,37.75,10.52,0.0,2.64,2.83,2.83,5.62,61.44,,,,-3.04,0,0.0,10.52,0.0,10.47,0.48,10.35,1.64,10.28,2.33,0.18,-0.0,50,20,12,
2020,FOXA,Communication Services,Entertainment,NASDAQ,94.45,65.44,97.8,65.2,97.93,69.33,94.64,58.15,81.36,31.19,96.49,57.21,62.41,0.21,-1.05,-5.35,6.57,-14.43,35.35,26261832663.42169,421673622.0,0.26450002,-18.3,2334600,0.5,62.82,-0.65,62.58,-0.27,63.97,-2.44,64.72,-3.57,2.67,4.8,3883350,4694816,5018330,0.281
2021,PERF,Technology,Software - Application,NYSE,94.45,65.44,98.71,73.08,98.26,69.74,105.14,74.05,90.86,46.54,82.88,30.12,1.92,0.52,1.05,-0.52,-0.52,10.34,67.39,194530958.21043384,101848671.0,0.0038,-10.7,99600,0.53,1.92,0.0,1.91,0.52,1.92,0.0,1.91,0.52,0.93,0.0,227380,188730,220534,-0.0
2022,EXG,Financial Services,Asset Management,NYSE,94.45,65.44,96.52,58.01,97.39,68.46,98.99,65.37,99.22,62.98,97.49,58.52,9.5,0.85,-0.84,-1.39,-0.84,8.24,65.17,2881917388.2610664,305936026.0,0.99,-6.5,499891,1.09,9.39,1.17,9.4,1.06,9.51,-0.11,9.7,-2.06,1.35,54.75,633989,456696,441827,
2023,WRLD,Financial Services,Credit Services,NASDAQ,94.44,65.4,93.7,43.34,88.44,47.0,108.62,77.81,118.04,83.24,92.53,50.11,175.48,0.6,2.03,-8.01,-3.1,21.11,76.61,812962455.0979614,4660413.0,1.9944999,-22.93,35100,0.56,177.07,-0.9,174.61,0.5,177.27,-1.01,183.95,-4.6,2.49,5.27,54550,62466,70634,0.048
2024,OCCIN,Financial Services,Asset Management,NASDAQ,94.44,65.4,98.44,71.37,93.0,61.27,94.5,57.87,93.16,53.08,91.8,48.69,24.94,-0.12,-0.04,0.36,1.28,6.43,62.91,,,0.0,-4.08,2139,0.59,24.96,-0.08,24.97,-0.12,24.94,0.0,24.86,0.32,0.5,-0.0,2203,3611,3184,-0.102
2025,COCO,Consumer Defensive,Beverages - Non-Alcoholic,NASDAQ,94.41,65.37,95.35,52.26,97.17,68.04,80.98,28.98,147.15,93.43,99.37,61.15,58.39,4.32,-0.34,12.27,-12.79,9.37,66.53,3238656714.0449524,57864153.0,0.12550001,-31.97,1386600,0.98,54.96,6.24,55.93,4.4,56.34,3.64,59.42,-1.73,4.97,139.59,1138290,1418173,1181232,0.281
2026,SIMAU,Financial Services,Shell Companies,NASDAQ,94.39,65.35,99.17,74.94,91.64,58.03,93.49,55.53,91.17,47.99,90.27,45.49,11.25,0.0,0.0,0.0,2.74,4.17,59.41,,,0.66,-37.47,0,0.0,11.25,0.0,11.25,0.0,11.25,0.0,11.11,1.26,,,0,33,342,
2027,GTEC,Consumer Cyclical,Auto Parts,NASDAQ,94.39,65.35,86.57,21.95,132.26,92.02,118.42,85.79,51.91,10.92,43.19,6.55,0.77,-5.43,-29.72,-27.05,45.9,-21.03,30.47,21500819.883286357,26544222.0,0.0062,-52.17,203900,0.71,0.78,-1.28,0.8,-3.75,0.96,-19.79,0.86,-10.47,13.88,28.07,331620,288423,619246,0.376
2028,MBINM,Financial Services,Banks - Regional,NASDAQ,94.38,65.32,97.67,64.2,93.76,62.6,96.09,60.69,94.63,55.8,92.76,50.55,25.08,-1.38,-0.87,-0.51,0.19,4.76,60.22,,,1.32,-3.39,5554,0.62,25.2,-0.48,25.34,-1.03,25.34,-1.03,25.19,-0.44,0.81,0.0,11185,8901,6989,0.371
2029,FPI,Real Estate,REIT - Specialty,NYSE,94.38,65.32,99.25,75.34,96.89,67.6,95.13,59.14,82.0,31.86,101.53,64.29,10.47,-6.85,-2.82,-1.37,12.03,10.6,67.66,490409305.29372025,43630722.0,0.106300004,-20.83,488600,0.66,10.64,-1.6,10.89,-3.86,10.81,-3.15,10.36,1.06,3.38,7.92,981410,741546,638892,-0.055
2030,SBR,Energy,Oil & Gas Midstream,NYSE,94.37,65.28,97.44,62.64,89.38,49.01,94.38,57.55,97.21,60.01,100.48,62.8,72.36,2.77,0.79,-2.89,0.88,11.42,68.46,1026531734.841156,14579345.0,0.0013,-9.39,34500,1.24,72.31,0.07,71.21,1.61,72.2,0.22,72.58,-0.3,1.71,36.44,34430,27716,31770,0.165
2031,KVUE,Consumer Defensive,Household & Personal Products,NYSE,94.37,65.28,95.44,52.64,92.75,60.89,91.87,49.55,97.79,60.76,84.75,32.2,17.7,2.91,-0.56,0.74,-6.21,8.99,66.13,33037305097.83386,1920773467.0,0.0348,-12.07,28468000,1.19,17.59,0.63,17.58,0.68,17.63,0.4,18.26,-3.07,1.56,25.42,18524730,23908696,22912218,0.03
2032,TCBX,Financial Services,Banks - Regional,NYSE,94.35,65.26,93.32,41.56,97.88,69.2,103.35,71.92,95.71,57.64,103.83,67.66,41.34,-4.66,-4.42,-8.13,-5.4,3.56,58.41,722159509.365387,16654970.0,0.034,-10.82,89600,0.83,42.06,-1.71,42.47,-2.66,43.33,-4.59,44.28,-6.64,3.08,19.45,99170,108263,100698,0.321
2033,BHV,Financial Services,Asset Management,NYSE,94.34,65.24,90.45,31.48,102.4,74.71,100.92,68.75,106.17,72.24,94.42,53.65,11.57,-0.09,-8.61,-6.28,-9.02,11.64,68.69,18393173.938817978,1588357.0,0.0049,-23.63,1341,0.22,11.53,0.35,11.54,0.26,12.08,-4.22,12.37,-6.47,4.88,81.42,6274,6024,4618,-0.02
2034,LANDP,Real Estate,REIT - Specialty,NASDAQ,94.32,65.22,97.34,62.09,93.61,62.2,96.5,61.44,98.67,62.1,94.89,54.4,20.02,-0.35,0.65,-1.05,-3.95,12.93,70.04,,,0.19,-6.88,12757,0.57,20.01,0.05,19.98,0.2,19.95,0.35,20.39,-1.81,1.28,50.61,15995,22335,22401,0.042
2035,DOC,Real Estate,REIT - Healthcare Facilities,NYSE,94.31,65.21,89.11,27.52,100.48,72.6,103.29,71.83,117.67,82.95,85.85,33.61,18.8,-3.54,-7.43,-6.92,-13.93,23.05,77.8,13438886139.579735,689527260.0,0.0478,-18.08,6057700,1.1,18.76,0.21,19.29,-2.54,19.87,-5.39,20.46,-8.11,2.21,81.79,6294680,5518886,5378714,0.111
2036,NGVT,Basic Materials,Specialty Chemicals,NYSE,94.3,65.19,96.51,57.95,99.05,70.88,97.12,62.57,110.79,77.39,135.9,87.59,69.76,-3.66,-4.44,0.5,-0.61,16.71,73.12,2489305457.9157104,34377922.0,0.059299998,-12.02,224000,0.84,71.61,-2.58,71.61,-2.58,70.61,-1.2,71.58,-2.54,3.06,11.24,268560,267570,253046,-0.052
2037,CP,Industrials,Railroads,NYSE,94.29,65.16,92.59,38.41,97.4,68.48,99.04,65.47,107.18,73.4,98.15,59.3,84.46,-1.72,-2.82,-5.14,-3.99,14.13,70.77,75548070656.74951,879079224.0,0.0231,-12.84,1478400,0.68,84.73,-0.32,85.22,-0.89,86.65,-2.53,89.78,-5.93,1.78,31.98,2103090,2171096,2320352,0.126
2038,UNH,Healthcare,Healthcare Plans,NYSE,94.29,65.16,95.1,50.91,99.05,70.88,99.39,66.01,118.96,83.85,83.78,31.05,379.3,1.99,0.72,0.67,-9.45,18.96,74.91,333815518120.8158,897594847.0,0.0164,-17.83,7462300,1.46,376.23,0.82,373.81,1.47,375.0,1.15,387.72,-2.17,2.34,70.84,5124410,5120053,4717204,0.004
2039,CPA,Industrials,Airlines,NYSE,94.29,65.16,98.61,72.55,94.62,63.98,97.09,62.51,111.14,77.77,99.92,62.08,134.23,1.32,0.38,3.93,-4.36,12.59,69.7,5407756984.64061,40819423.0,0.0499,-16.35,287500,0.91,135.77,-1.13,133.98,0.19,132.28,1.47,132.57,1.25,3.05,42.76,317390,317500,298492,0.257
2040,USB,Financial Services,Banks - Regional,NYSE,94.28,65.13,92.36,37.37,98.05,69.47,107.53,76.58,114.37,80.49,109.89,74.41,57.08,-0.75,-2.89,-8.31,-8.4,8.03,64.85,89603536044.32239,1558051446.0,0.01,-13.62,5214900,0.67,56.97,0.19,57.33,-0.44,58.62,-2.63,60.99,-6.41,1.85,57.87,7775320,7774566,7139506,0.104
2041,RANGU,Financial Services,Shell Companies,NASDAQ,94.26,65.11,98.73,73.21,92.35,60.05,94.03,56.8,90.0,42.75,89.37,42.71,11.31,0.0,0.0,0.0,4.48,2.86,56.73,,,10.67,-4.96,0,,11.31,0.0,11.31,0.0,11.31,0.0,11.26,0.44,,,0,0,4,
2042,LGL,Technology,Scientific & Technical Instruments,NYSE ARCA,94.23,65.09,96.91,59.97,88.49,47.2,92.18,50.98,90.36,44.3,90.15,45.16,6.83,-5.53,1.94,0.74,-2.71,18.78,74.76,91193067.51057673,12613149.0,0.0022,-13.32,14200,0.73,6.85,-0.29,6.9,-1.01,6.88,-0.73,7.16,-4.61,3.37,69.57,8760,19470,16400,0.248
2043,YHNAU,Financial Services,Shell Companies,NASDAQ,94.22,65.07,99.4,75.82,91.03,56.41,91.83,49.29,92.56,51.71,88.98,41.38,11.09,1.65,1.65,1.65,1.84,4.43,59.76,,,0.0,-31.63,0,0.0,11.42,-2.89,11.16,-0.63,11.03,0.54,11.01,0.73,4.46,-0.0,1791,620,392,
2044,AIRTP,Industrials,Conglomerates,NASDAQ,94.22,65.07,97.96,66.23,91.27,57.18,93.43,55.37,94.42,55.39,95.82,56.2,18.81,-0.48,-0.17,0.13,1.42,3.96,59.11,,,0.37,-10.43,2800,1.87,18.84,-0.16,18.86,-0.27,18.87,-0.32,18.77,0.21,0.36,0.0,1280,1496,2574,0.629
2045,QGEN,Healthcare,Diagnostics & Research,NYSE,94.21,65.03,103.16,84.93,95.66,65.66,94.9,58.68,83.55,33.66,74.04,22.19,45.38,1.41,2.72,6.78,9.48,-0.57,50.58,9240651250.0,206495000.0,0.042,-21.52,1255500,0.61,45.23,0.33,44.61,1.73,44.02,3.09,43.43,4.49,3.25,39.96,2782440,2067096,2613582,0.003
2046,SPFI,Financial Services,Banks - Regional,NASDAQ,94.21,65.03,95.64,53.74,93.42,61.87,99.46,66.18,98.83,62.47,103.02,66.45,42.32,-1.63,-1.58,-5.45,-5.28,7.19,63.86,810458305.7238579,18839105.0,0.0369,-9.84,84000,0.71,42.63,-0.73,42.43,-0.26,43.15,-1.92,44.03,-3.88,2.1,3.93,104380,119043,113630,0.23
2047,CCAQU,Financial Services,Shell Companies,NASDAQ,94.2,64.99,99.96,77.39,90.65,54.9,89.82,42.71,92.89,52.57,90.25,45.41,10.9,2.06,2.06,2.06,1.49,5.62,61.44,,,0.46,-14.98,1654,1.48,12.51,-12.87,11.6,-6.03,11.12,-1.98,10.88,0.18,11.86,0.0,3365,1121,721,
2048,KNOP,Energy,Oil & Gas Midstream,NYSE,94.2,64.99,93.91,44.3,95.03,64.62,101.79,69.77,102.72,67.93,109.96,74.5,10.29,-2.83,-2.56,-8.37,-0.77,-0.37,50.83,365916540.0223732,34553025.0,0.0047,-12.65,25500,0.59,10.33,-0.39,10.4,-1.06,10.74,-4.19,10.77,-4.46,2.85,34.15,38910,42880,42968,0.072
2049,XYZ,Technology,Software - Infrastructure,NYSE,94.2,64.99,95.82,54.63,98.18,69.64,107.24,76.26,104.82,70.67,99.83,61.96,77.24,3.91,1.07,-2.49,-6.48,18.56,74.6,44657093450.0885,600795000.0,0.028800001,-11.14,5232500,1.25,76.26,1.29,75.06,2.9,76.2,1.36,79.16,-2.43,2.9,88.46,4671770,4187776,4457188,0.093
2050,VLYPP,Financial Services,Banks - Regional,NASDAQ,94.18,64.96,98.96,74.2,92.75,60.89,94.71,58.31,93.06,52.83,94.12,53.01,25.02,0.04,0.28,0.81,1.98,5.11,60.84,,,2.15,-2.83,2260,0.51,25.0,0.08,24.99,0.12,24.97,0.2,24.78,0.97,0.3,2.67,4976,4442,5305,0.15
2051,RUSHA,Consumer Cyclical,Auto & Truck Dealerships,NASDAQ,94.16,64.93,89.05,27.35,100.52,72.66,104.65,73.37,120.21,84.66,120.97,82.04,44.52,-5.64,-7.19,-7.85,-16.22,19.0,74.99,5507341015.323296,116730415.0,0.115600005,-20.13,679000,1.03,45.8,-2.79,46.2,-3.64,47.44,-6.16,50.11,-11.16,2.61,24.08,695900,659023,646841,-0.016
2052,BPYPO,Real Estate,Real Estate Services,NASDAQ,94.16,64.93,97.22,61.37,92.0,59.12,97.04,62.43,97.4,60.22,97.97,59.11,14.73,-2.22,0.82,-2.13,-0.66,8.35,65.37,,,1.07,-9.4,16381,0.34,14.76,-0.2,14.85,-0.81,14.89,-1.07,14.93,-1.34,1.98,23.97,18238,48102,34343,0.053
2053,ALSN,Consumer Cyclical,Auto Parts,NYSE,94.15,64.89,89.97,29.94,97.21,68.13,108.99,78.14,100.87,65.29,123.46,83.33,109.86,-6.87,-3.51,-13.46,-4.62,9.83,66.94,9741731243.663269,82578038.0,0.040599998,-20.17,774400,0.98,112.05,-1.95,113.44,-3.16,116.1,-5.37,121.41,-9.51,3.59,39.03,774870,787590,810932,0.924
2054,NIE,Financial Services,Asset Management,NYSE,94.15,64.89,98.41,71.16,93.97,63.01,96.81,62.04,100.29,64.63,99.58,61.62,25.48,2.37,1.51,0.24,1.37,10.03,67.06,689676121.9377899,27708965.0,0.0018000001,-6.46,106366,1.26,25.28,0.79,25.14,1.35,25.18,1.19,25.44,0.16,1.55,46.78,111676,84325,70265,
2055,QH,Technology,Software - Application,NASDAQ,94.15,64.89,80.89,13.42,49.94,9.25,49.46,8.77,129.61,89.0,4.06,0.39,3.58,-2.85,-10.18,-8.57,-22.11,-87.98,3.68,323945110853.34045,88028561135.0,0.0033000002,-72.05,2600,0.28,3.58,0.0,3.65,-1.92,3.81,-6.04,4.12,-13.11,9.78,48.57,6730,9230,15676,-0.023
2056,AGNCP,Real Estate,REIT - Mortgage,NASDAQ,94.13,64.84,97.37,62.27,94.5,63.72,96.34,61.2,95.01,56.48,91.65,48.4,24.57,-1.29,-0.41,-1.2,0.34,7.22,63.89,,,0.25,-3.8,106646,1.47,24.53,0.16,24.64,-0.28,24.73,-0.65,24.76,-0.77,0.89,77.34,133344,72668,60822,
2057,PEN,Healthcare,Medical Devices,NYSE,94.13,64.84,98.08,67.45,93.63,62.28,93.02,54.24,99.42,63.18,102.46,65.7,319.4,0.58,0.16,0.53,-0.13,-0.45,50.76,12508110475.272095,39389422.0,0.052699998,-11.87,555300,1.52,317.49,0.6,317.94,0.46,318.4,0.31,321.4,-0.62,0.45,163.56,332270,366363,326842,0.149
2058,CEV,Financial Services,Asset Management,NYSE ARCA,94.13,64.84,100.36,78.67,90.14,52.32,92.98,54.15,96.78,59.24,95.14,54.98,10.44,0.58,4.5,2.35,4.78,7.94,64.72,73008509.30492878,7033575.0,0.91,-3.69,93570,2.58,10.24,1.95,10.18,2.55,10.14,2.96,10.3,1.36,2.35,120.06,51487,36312,30849,0.037
2059,EOI,Financial Services,Asset Management,NYSE,94.12,64.8,100.14,77.97,94.51,63.76,93.42,55.33,92.03,50.51,92.36,49.73,20.22,1.86,1.4,3.39,4.35,5.85,61.85,813884713.4409256,41001748.0,1.21,-4.17,96024,1.38,19.99,1.15,19.9,1.61,19.79,2.17,19.82,2.02,1.21,65.5,79402,69377,70890,-0.051
2060,XPO,Industrials,Trucking,NYSE,94.12,64.8,97.17,61.08,91.87,58.79,93.53,55.64,122.12,85.77,159.23,92.61,183.47,-1.41,5.95,0.71,-7.92,29.86,81.95,21788619843.06656,117086465.0,0.0548,-20.94,886300,0.79,182.43,0.57,180.8,1.48,178.77,2.63,189.03,-2.94,3.06,67.99,1108240,1120040,1000196,0.132
2061,CAPN,Financial Services,Shell Companies,NASDAQ,94.07,64.78,98.6,72.5,92.55,60.42,93.84,56.3,92.75,52.22,92.15,49.33,11.27,0.18,0.18,0.81,1.53,6.12,62.41,59491035.0,5288092.0,0.00090000004,-4.04,2500,1.47,11.26,0.09,11.26,0.09,11.25,0.18,11.2,0.63,0.34,-0.0,350,1706,1564,
2062,AGNCM,Real Estate,REIT - Mortgage,NASDAQ,94.06,64.75,97.54,63.39,94.51,63.76,96.89,62.18,94.77,56.0,92.66,50.34,24.56,-1.21,-0.62,-1.38,0.53,6.99,63.65,,,1.17,-3.84,23400,1.06,24.59,-0.12,24.64,-0.32,24.72,-0.65,24.7,-0.57,0.94,112.86,34670,22123,17918,
2063,MACIU,Financial Services,Shell Companies,NASDAQ,94.06,64.75,98.68,72.97,92.24,59.77,93.89,56.49,93.29,53.31,86.26,34.01,11.3,0.44,0.44,0.44,0.89,4.73,60.15,,,5.55,-43.5,200,7.69,11.27,0.27,11.26,0.36,11.26,0.36,11.25,0.44,0.06,-0.0,80,26,56,
2064,OFS,Financial Services,Asset Management,NASDAQ,94.04,64.72,112.69,93.17,86.71,43.67,87.09,37.24,66.85,19.3,62.03,13.88,4.11,18.1,14.48,11.25,30.53,4.31,59.57,46625315.17554808,13398079.0,0.051799998,-46.97,76400,0.78,4.05,1.48,3.82,7.59,3.75,9.6,3.62,13.54,4.55,42.75,127980,98473,80062,-0.347
2065,GWRS,Utilities,Utilities - Regulated Water,NASDAQ,94.04,64.72,97.72,64.54,92.43,60.17,102.9,71.34,75.32,25.49,71.91,20.48,8.14,0.12,0.49,-6.27,12.93,-1.7,49.23,233848347.71173668,28763634.0,0.0306,-27.13,25800,0.35,8.11,0.37,8.06,0.99,8.24,-1.21,8.36,-2.63,2.71,18.13,51970,74190,91744,0.248
2066,NTR,Basic Materials,Agricultural Inputs,NYSE,94.02,64.67,91.77,35.09,102.67,74.98,109.58,78.73,92.7,52.06,105.3,69.3,67.48,-3.68,-5.86,-13.32,-3.85,10.28,67.28,33433336619.376343,477210074.0,0.0159,-20.95,4554400,1.71,69.76,-3.27,70.14,-3.79,73.06,-7.64,72.25,-6.6,3.04,18.52,2399400,2661860,2688428,0.04
2067,FOX,Communication Services,Entertainment,NASDAQ,94.02,64.67,97.75,64.69,97.48,68.65,93.64,55.85,81.03,30.8,94.82,54.17,55.89,0.0,-1.15,-4.38,7.31,-12.52,37.02,23567338476.210846,421673622.0,0.0776,-18.02,436000,0.37,56.22,-0.59,56.06,-0.3,57.23,-2.34,57.78,-3.27,2.63,6.47,930330,1174696,1107448,0.281
2068,CMRE,Industrials,Marine Shipping,NYSE,94.02,64.67,99.02,74.46,90.32,53.26,91.52,47.39,103.11,68.38,133.57,86.91,15.12,-2.07,4.06,-1.05,-2.58,-2.36,48.37,1866581801.3514433,120892607.0,0.0557,-16.28,332600,0.93,15.19,-0.46,15.08,0.27,15.05,0.47,15.06,0.4,2.59,25.55,352360,359333,353892,-0.04
2069,CERS,Healthcare,Medical Devices,NASDAQ,94.02,64.67,83.88,17.35,110.86,82.47,121.84,87.53,155.24,94.5,106.82,70.97,2.3,0.88,-12.21,-7.63,-20.42,8.49,65.58,459476761.6743264,201524898.0,0.0919,-33.72,788000,0.48,2.31,-0.43,2.34,-1.71,2.47,-6.88,2.54,-9.45,4.53,28.77,1628280,1653386,2179262,0.095
2070,SCHL,Communication Services,Publishing,NASDAQ,94.01,64.61,104.08,86.04,82.63,35.73,94.74,58.4,137.07,91.28,145.1,90.18,38.6,6.63,19.32,10.25,-7.15,42.26,86.26,666421886.8452911,18409444.0,0.1848,-19.7,445900,0.92,37.87,1.93,36.49,5.78,35.61,8.4,38.02,1.53,4.08,5.71,543340,485210,410216,-0.039
2071,CRESY,Industrials,Conglomerates,NASDAQ,94.01,64.61,93.88,44.13,104.51,76.9,100.12,67.34,90.23,43.68,94.43,53.69,11.42,0.71,-10.15,-5.93,-1.64,-1.64,49.35,804291733.462326,70925196.0,0.0809,-19.63,106700,0.38,11.73,-2.64,11.64,-1.89,12.07,-5.39,11.58,-1.38,4.05,4.33,274390,280366,258316,0.083
2072,TRMK,Financial Services,Banks - Regional,NASDAQ,94.01,64.61,93.51,42.51,97.11,67.89,101.15,69.02,105.02,70.99,107.23,71.52,44.21,-3.74,-3.97,-5.9,-6.5,10.3,67.33,2667181619.3317337,58070577.0,0.0806,-9.78,262500,0.68,44.77,-1.25,45.06,-1.89,45.86,-3.6,46.4,-4.72,1.85,18.31,330180,387980,341750,0.09
2073,RSF,Financial Services,Asset Management,NYSE,94.0,64.58,97.95,66.11,92.67,60.68,94.94,58.75,95.0,56.41,93.74,52.32,14.29,-0.14,0.07,-0.3,0.09,7.64,64.39,49575951.82373142,3464427.0,1.35,-5.18,17684,1.89,14.26,0.21,14.29,0.0,14.3,-0.07,14.33,-0.28,0.89,31.32,10628,9379,8797,
2074,COLD,Real Estate,REIT - Industrial,NYSE,93.98,64.55,93.81,43.84,102.94,75.21,105.08,73.91,109.39,75.81,79.76,27.16,13.99,0.14,-3.56,-2.77,-1.7,21.05,76.51,3988163373.7015314,285480551.0,0.09729999,-17.12,1804100,0.51,13.87,0.87,13.98,0.07,14.21,-1.55,14.32,-2.3,3.25,67.18,3388130,3566066,3505414,0.018
2075,DLB,Industrials,Specialty Business Services,NYSE,93.98,64.55,99.6,76.33,89.33,48.89,98.22,63.89,67.59,19.75,85.71,33.46,58.74,-0.25,0.31,-8.9,14.1,-9.76,39.41,5516155280.379105,93668795.0,0.1251,-19.49,583900,0.62,58.67,0.12,58.62,0.2,58.89,-0.25,60.77,-3.34,2.39,19.27,737060,942506,947182,-0.033
2076,WNEB,Financial Services,Banks - Regional,NASDAQ,93.97,64.51,95.24,51.59,94.9,64.46,96.64,61.62,110.55,77.12,116.55,79.53,13.51,-3.02,-3.29,-1.89,3.73,5.85,61.85,279239003.07751465,20045872.0,0.016900001,-9.99,23800,0.47,13.7,-1.39,13.76,-1.82,13.81,-2.17,13.76,-1.82,1.83,4.03,45230,51106,53108,-0.024
2077,SPMA,Financial Services,Asset Management,NYSE,93.97,64.51,98.57,72.34,92.43,60.17,94.59,58.01,93.11,52.94,92.68,50.38,24.99,0.04,0.36,0.0,1.42,5.2,60.97,,,0.01,-1.77,1574,0.36,24.98,0.04,24.96,0.12,24.98,0.04,24.89,0.4,0.48,66.31,3287,4422,5383,-0.353
2078,CDNS,Technology,Software - Application,NASDAQ,93.97,64.51,104.86,87.26,87.27,44.67,75.75,23.8,103.95,69.58,93.18,51.39,352.84,0.42,8.19,21.93,6.02,11.11,68.25,96759332230.86548,275393000.0,0.0159,-15.32,1306700,0.52,354.17,-0.38,345.4,2.15,318.81,10.67,320.51,10.09,3.42,22.32,2125220,2491436,2324146,0.242
2079,CACC,Financial Services,Credit Services,NASDAQ,93.95,64.48,91.36,33.78,97.36,68.4,108.23,77.32,115.3,81.39,102.01,64.99,547.6,3.81,-1.45,-9.37,-1.45,18.06,74.21,5517687452.5,10460071.0,0.2868,-18.13,69200,0.59,538.18,1.75,534.84,2.39,557.77,-1.82,576.35,-4.99,3.22,61.23,105930,117803,115524,0.095
2080,HL,Basic Materials,Other Precious Metals & Mining,NYSE,93.94,64.45,91.04,32.86,104.52,76.92,118.14,85.54,100.73,65.13,163.76,93.3,17.07,-0.76,-6.16,-13.7,14.36,-16.88,33.52,11554417525.71864,671768431.0,0.0,-50.04,29093200,0.83,16.86,1.25,16.97,0.59,17.84,-4.32,18.46,-7.53,4.24,26.26,33939280,34881043,36150754,0.524
2081,TIC,Industrials,Specialty Business Services,NYSE,93.94,64.45,100.44,78.93,88.79,47.81,97.19,62.66,61.94,16.3,70.98,19.8,8.91,7.87,0.22,-6.8,22.73,-15.38,34.77,1802500190.5066757,218220356.0,0.1034,-39.18,877600,0.62,8.72,2.18,8.57,3.97,8.87,0.45,9.15,-2.62,3.72,51.3,1475670,1423983,1831388,0.861
2082,LYV,Communication Services,Entertainment,NYSE,93.93,64.41,95.39,52.41,93.85,62.73,95.63,60.07,104.55,70.31,96.96,57.82,170.33,0.92,-0.32,0.11,-7.21,20.16,75.78,39316576654.160385,232959505.0,0.147,-10.0,1590900,0.81,171.0,-0.39,170.29,0.02,170.06,0.16,176.23,-3.35,2.24,8.37,1961250,1958673,1968666,0.094
2083,UTL,Utilities,Utilities - Diversified,NYSE,93.93,64.41,97.75,64.69,91.69,58.35,97.72,63.3,96.93,59.46,91.39,47.81,52.26,2.07,2.51,-1.56,-3.27,11.56,68.62,933717722.7134781,18236674.0,0.0479,-8.73,58100,0.39,51.65,1.18,51.21,2.05,51.6,1.28,52.73,-0.89,2.13,21.59,160410,150006,133252,0.14
2084,DEA,Real Estate,REIT - Office,NYSE,93.93,64.41,95.34,52.18,92.37,60.07,97.89,63.56,105.38,71.42,97.5,58.55,23.08,-1.37,0.74,-3.39,-4.88,15.24,71.82,1107325819.7482357,47321617.0,0.0629,-11.09,297400,0.63,23.1,-0.09,23.12,-0.17,23.22,-0.6,23.97,-3.71,1.95,4.44,669120,470280,428102,0.092
2085,DRI,Consumer Cyclical,Restaurants,NYSE,93.92,64.35,96.27,57.02,92.34,60.0,95.41,59.68,91.9,50.26,89.51,43.2,197.66,-0.53,-0.24,-5.06,-3.72,7.76,64.48,22745820187.381165,113541756.0,0.0723,-13.97,858900,0.68,199.21,-0.78,197.12,0.27,202.85,-2.56,209.65,-5.72,2.46,21.82,1218960,1254826,1153002,0.051
2086,FDUS,Financial Services,Asset Management,NASDAQ,93.92,64.35,97.17,61.08,96.54,67.04,98.12,63.78,100.09,64.14,89.21,42.24,19.06,-1.04,-0.47,-0.04,-1.7,10.99,68.03,765981861.4027691,39770605.0,0.043,-9.88,197800,0.61,19.0,0.32,19.15,-0.47,19.18,-0.63,19.24,-0.94,1.75,24.03,340230,322123,342408,0.088
2087,AURA,Healthcare,Biotechnology,NASDAQ,93.92,64.35,96.01,55.6,84.36,38.9,99.5,66.38,95.96,57.98,113.55,77.44,6.54,7.39,9.0,-6.5,-8.02,8.64,65.8,631562302.634098,103704809.0,0.0684,-31.41,962600,1.06,6.38,2.51,6.26,4.47,6.39,2.35,7.07,-7.5,4.1,29.84,943820,904626,869482,
2088,CURB,Real Estate,REIT - Retail,NYSE,93.92,64.35,90.93,32.53,97.57,68.75,102.33,70.61,113.24,79.5,104.38,68.4,27.01,-4.46,-4.52,-7.32,-11.14,18.9,74.88,3252125019.4102287,115038025.0,0.2292,-15.99,1612800,1.08,27.45,-1.6,27.74,-2.63,28.16,-4.08,29.02,-6.93,2.26,4.9,1370120,1490033,1420380,0.529
2089,EBC,Financial Services,Banks - Regional,NASDAQ,93.9,64.29,94.65,48.24,97.37,68.42,102.29,70.57,113.25,79.51,108.76,73.52,21.03,-2.03,-1.82,-2.64,-8.38,14.54,71.15,4905000498.548096,228511552.0,0.0744,-11.55,3648400,1.5,21.08,-0.24,21.1,-0.33,21.32,-1.36,22.03,-4.54,1.83,39.07,2389450,2425753,2198122,0.276
2090,EGP,Real Estate,REIT - Industrial,NYSE,93.9,64.29,95.87,54.8,97.45,68.53,96.91,62.2,111.59,78.12,104.61,68.58,195.98,0.1,-1.9,-0.22,-5.67,11.86,68.91,10527739936.618744,53773317.0,0.073,-13.55,220800,0.44,194.07,0.98,196.0,-0.01,197.61,-0.82,198.94,-1.49,1.57,47.77,497800,505546,465512,0.091
2091,CHAR,Financial Services,Shell Companies,NASDAQ,93.9,64.29,98.42,71.25,92.29,59.86,93.98,56.67,92.67,51.98,90.58,46.34,10.99,0.18,0.0,0.18,0.83,5.17,60.92,120286052.92797089,10965000.0,0.46,-4.23,1038536,18.56,10.99,0.0,10.98,0.09,10.98,0.09,10.95,0.37,0.14,0.0,148303,55964,40772,
2092,TBCH,Technology,Consumer Electronics,NASDAQ,93.89,64.25,102.81,84.44,90.01,51.54,83.36,32.06,91.32,48.52,79.66,26.98,13.24,-5.36,3.92,3.36,7.99,-3.92,46.21,250556852.79079247,17909711.0,0.2952,-23.85,205300,0.6,13.3,-0.45,13.15,0.68,12.9,2.64,12.76,3.76,3.29,108.01,406970,341440,379442,-0.007
2093,OXLCN,Financial Services,Asset Management,NASDAQ,93.89,64.25,98.09,67.57,92.81,61.05,94.17,57.19,93.81,54.28,91.68,48.47,24.48,0.39,-0.14,0.18,0.09,6.02,62.12,,,0.59,-2.47,13590,4.73,24.38,0.41,24.41,0.29,24.45,0.12,24.48,0.0,0.34,192.77,3629,2876,2575,-0.102
2094,J,Industrials,Engineering & Construction,NYSE,93.88,64.21,98.52,72.09,94.77,64.19,97.32,62.82,87.08,37.41,84.63,32.05,139.15,0.79,0.56,-1.9,5.08,3.4,58.01,16302245866.456604,118080879.0,0.0313,-17.39,652500,0.8,138.4,0.54,138.0,0.83,140.17,-0.73,143.37,-2.94,2.81,29.38,855790,819413,848386,0.345
2095,RL,Consumer Cyclical,Apparel Manufacturing,NYSE,93.88,64.21,102.64,84.16,90.55,54.28,86.05,35.69,103.4,68.78,116.98,79.89,371.28,2.18,3.97,9.81,-3.52,2.16,55.06,21650397894.5011,59582239.0,0.0853,-11.94,367800,0.56,366.8,1.22,362.82,2.33,351.1,5.75,361.04,2.84,2.6,58.01,494360,652363,644398,0.14
2096,MRBK,Financial Services,Banks - Regional,NASDAQ,93.88,64.21,93.78,43.68,95.0,64.58,100.53,68.06,109.93,76.52,120.52,81.84,18.64,-1.74,-3.27,-4.95,-6.32,8.2,65.05,226294032.36897278,11929048.0,0.024400001,-13.98,39700,0.58,18.73,-0.48,18.83,-1.01,19.12,-2.51,19.42,-4.02,2.49,18.34,61300,68470,82122,0.037
2097,BGY,Financial Services,Asset Management,NYSE,93.86,64.17,97.64,64.0,96.09,66.25,95.73,60.17,93.01,52.75,94.75,54.07,5.73,1.96,-0.69,-0.81,1.13,5.03,60.73,509253226.7299986,90614455.0,0.0022,-8.03,605670,2.29,5.66,1.24,5.66,1.24,5.71,0.35,5.76,-0.52,1.4,87.5,378787,264295,232231,-0.037
2098,DEO,Consumer Defensive,Beverages - Wineries & Distilleries,NYSE,93.86,64.17,97.59,63.65,94.26,63.44,92.93,53.99,87.46,37.84,76.31,23.94,86.73,2.34,-0.9,0.12,-2.62,0.85,52.68,47133294513.0,556145068.0,0.0056,-15.58,490500,0.51,85.44,1.51,85.35,1.62,86.16,0.66,89.48,-3.07,1.64,25.99,1008560,955486,1102964,-0.017
2099,CGO,Financial Services,Asset Management,NASDAQ,93.85,64.14,94.55,47.71,99.0,70.85,101.04,68.9,99.48,63.26,103.21,66.69,12.54,-1.18,-3.09,-3.98,0.57,16.39,72.78,124708356.73630333,9827294.0,0.0039,-11.69,31972,1.33,12.69,-1.18,12.74,-1.57,12.79,-1.95,12.91,-2.87,3.3,14.48,32297,24059,26063,-0.273
2100,VLYPO,Financial Services,Banks - Regional,NASDAQ,93.85,64.14,99.12,74.79,92.09,59.46,94.11,57.05,92.98,52.71,92.2,49.42,24.83,-0.04,0.65,0.83,1.59,4.52,59.88,,,1.07,-3.16,2300,0.51,24.82,0.04,24.82,0.04,24.8,0.12,24.6,0.93,0.33,0.0,4650,4496,5868,0.15
2101,CHY,Financial Services,Asset Management,NASDAQ,93.83,64.09,95.68,53.97,93.45,61.96,99.97,67.09,107.92,74.25,104.19,68.12,12.22,4.27,2.35,-1.93,-0.16,12.29,69.43,942710597.7987442,80436056.0,0.0018000001,-12.15,387242,2.04,11.94,2.35,11.8,3.56,12.08,1.16,12.54,-2.55,2.43,101.2,240644,189628,172166,-0.449
2102,LNC,Financial Services,Insurance - Life,NYSE,93.83,64.09,94.37,46.52,99.27,71.14,105.98,74.94,103.08,68.29,93.35,51.69,40.23,0.93,-2.43,-7.22,-11.61,-8.72,40.38,7715327494.737274,191447336.0,0.0001,-15.61,1603300,0.77,40.68,-1.11,40.33,-0.25,41.11,-2.14,42.72,-5.83,2.74,42.7,2299050,2078693,2003680,0.126
2103,CHECU,Financial Services,Shell Companies,NASDAQ,93.83,64.09,100.26,78.32,89.9,50.94,91.52,47.39,91.23,48.28,89.08,41.72,10.49,2.34,2.34,2.34,2.34,4.59,59.95,0.0,0.0,,0.82,0,0.0,10.49,0.0,10.37,1.16,10.31,1.75,10.27,2.14,0.16,0.0,80,26,16,
2104,WWW,Consumer Cyclical,Footwear & Accessories,NYSE,93.82,64.05,100.57,79.37,95.45,65.49,95.08,59.04,87.18,37.54,95.79,56.14,19.43,1.2,2.42,-2.0,-2.24,10.03,67.06,1575673771.4116478,82066339.0,0.120799996,-29.93,759300,0.98,19.11,1.67,19.12,1.62,19.19,1.25,19.47,-0.21,3.43,103.68,916360,772583,803930,0.068
2105,ICE,Financial Services,Financial Data & Stock Exchanges,NYSE,93.82,64.05,100.73,79.94,96.61,67.14,93.08,54.38,76.13,25.96,85.69,33.43,156.19,4.02,1.22,-0.44,0.28,-2.26,48.62,84293378796.56998,561394487.0,0.0128999995,-11.28,2615800,0.9,153.95,1.46,152.85,2.19,154.18,1.3,155.22,0.62,2.18,33.53,2292260,2901123,3160514,0.048
2106,EMBC,Healthcare,Medical Instruments & Supplies,NASDAQ,93.81,64.03,117.74,95.14,92.64,60.62,82.0,30.21,28.35,3.65,73.6,21.81,5.68,0.62,-3.64,15.08,55.64,-51.53,14.06,320126739.75348043,56659599.0,0.1177,-61.9,583100,0.49,5.83,-2.57,5.8,-2.07,5.56,2.16,5.17,9.86,5.05,3.49,1024560,1195786,1406720,-0.081
2107,HMY,Basic Materials,Gold,NYSE,93.8,64.0,91.56,34.5,104.44,76.78,116.2,84.41,76.0,25.9,84.35,31.64,16.88,-0.14,-8.51,-15.92,7.46,-17.61,32.72,10881830501.205683,626112257.0,0.0226,-35.23,3628400,0.9,16.59,1.75,16.89,-0.06,17.95,-5.96,18.8,-10.21,3.91,28.82,3595930,4050036,3800328,0.492
2108,CCAQ,Financial Services,Shell Companies,NASDAQ,93.8,64.0,98.87,73.9,92.31,59.93,94.08,56.92,91.34,48.6,90.0,44.8,10.69,0.0,0.0,0.09,2.0,4.8,60.35,216288762.4799738,20232813.0,0.0001,-0.09,0,0.0,10.64,0.47,10.67,0.19,10.68,0.09,10.59,0.94,0.47,0.0,880,1013,998,
2109,FBNC,Financial Services,Banks - Regional,NASDAQ,93.79,63.96,91.09,33.01,99.71,71.59,103.7,72.24,111.67,78.2,110.97,75.48,59.17,-5.07,-6.46,-7.62,-5.69,13.85,70.65,2580388713.393509,41398823.0,0.0633,-11.4,105700,0.47,59.87,-1.17,60.93,-2.89,62.03,-4.61,63.37,-6.63,2.3,7.35,215310,225996,208018,0.16
2110,PONOU,Financial Services,Shell Companies,NASDAQ,93.79,63.96,98.29,69.83,92.86,61.12,95.1,59.11,90.68,45.74,88.82,40.88,10.47,0.0,0.0,0.0,3.87,,,,,165.9,-19.46,0,,10.47,0.0,10.47,0.0,10.47,0.0,10.44,0.29,,,0,0,4,
2111,CUZ,Real Estate,REIT - Office,NYSE,93.79,63.96,94.33,46.24,98.26,69.74,97.78,63.4,114.66,80.82,83.86,31.14,27.62,-0.25,-2.48,-0.89,-12.5,14.16,70.79,4610503682.254421,164602058.0,0.1,-16.18,1223600,0.84,27.57,0.18,27.52,0.36,27.79,-0.61,28.6,-3.43,2.32,56.17,1407490,1454930,1469124,0.116
2112,CDW,Technology,Information Technology Services,NASDAQ,93.78,63.93,98.78,73.51,88.54,47.29,102.63,71.0,84.71,34.77,84.91,32.45,142.17,6.66,4.98,-7.56,-1.86,3.52,58.29,16663571872.189606,125017426.0,0.088,-11.97,1406600,0.92,137.69,3.25,134.58,5.64,141.2,0.69,141.77,0.28,3.69,51.65,1349200,1521483,1700718,0.1
2113,DMAAU,Financial Services,Shell Companies,NASDAQ,93.77,63.91,99.2,75.07,92.56,60.45,90.22,43.47,91.07,47.5,89.72,43.93,10.99,0.0,0.0,1.85,0.0,4.77,60.28,,,0.02,-12.08,0,0.0,10.99,0.0,10.99,0.0,10.92,0.64,10.86,1.2,0.13,0.0,0,3,30,
2114,UHS,Healthcare,Medical Care Facilities,NYSE,93.76,63.9,101.92,82.74,90.91,55.87,90.71,44.75,74.21,24.65,84.32,31.62,177.35,0.93,-0.84,1.44,8.74,-21.47,30.12,10356324487.743988,58936515.0,0.065799996,-28.0,397300,0.56,176.16,0.68,175.91,0.82,176.85,0.28,173.88,2.0,2.54,57.84,562310,711923,701394,0.083
2115,COR,Healthcare,Medical Distribution,NYSE,93.75,63.88,101.66,82.25,90.97,56.2,94.7,58.26,86.01,36.22,89.74,44.02,323.85,4.79,5.52,0.71,3.92,-4.19,45.78,58975133013.81683,190827165.0,0.0257,-14.22,781900,0.63,318.75,1.6,312.42,3.66,313.91,3.17,318.02,1.83,2.48,62.92,1236100,1248453,1340212,0.051
2116,PMTRU,Financial Services,Shell Companies,NASDAQ,93.74,63.85,98.44,71.37,90.62,54.72,92.93,53.99,91.01,47.28,90.49,46.14,11.0,0.0,0.0,0.0,1.1,3.58,58.44,,,0.0,-11.29,0,0.0,11.0,0.0,11.0,0.0,11.0,0.0,11.02,-0.18,0.18,0.0,0,103,92,
2117,LW,Consumer Defensive,Packaged Foods,NYSE,93.74,63.85,100.11,77.84,88.19,46.49,90.88,45.18,89.02,39.97,83.09,30.32,47.87,9.79,9.84,0.04,-9.95,14.62,71.24,5994265479.017349,137483158.0,0.0553,-28.63,1961600,0.88,47.58,0.61,45.08,6.19,45.78,4.57,49.71,-3.7,4.27,6.12,3763090,2227490,1832274,0.056
2118,NATH,Consumer Cyclical,Restaurants,NASDAQ,93.72,63.83,99.91,77.27,90.94,56.05,88.68,40.25,90.2,43.48,94.35,53.49,101.77,0.28,0.22,3.88,3.32,9.94,67.04,415871606.1364517,4097661.0,0.056599997,-9.4,22400,0.75,101.72,0.05,101.59,0.18,99.53,2.25,98.56,3.26,1.17,0.0,24430,29833,28444,0.15
2119,CMRC,Technology,Software - Application,NASDAQ,93.71,63.81,114.13,93.78,86.91,44.13,97.75,63.35,75.62,25.66,67.38,17.44,3.48,7.08,6.91,-0.71,10.13,-17.54,32.82,269291720.75,82858991.0,0.097200006,-37.24,737000,0.7,3.3,5.45,3.24,7.41,3.32,4.82,2.82,23.4,5.04,171.08,675120,1050096,1186102,0.001
2120,FTAIM,Industrials,Aerospace & Defense,NASDAQ,93.7,63.8,97.06,60.66,93.28,61.7,97.23,62.72,95.8,57.77,93.4,51.78,26.73,-1.58,-1.15,-1.91,-0.13,6.96,63.62,,,4.01,-3.88,3584,2.15,26.92,-0.71,27.02,-1.07,27.11,-1.4,27.02,-1.07,0.64,11.7,1818,1669,1941,0.409
2121,LLYVK,Communication Services,Entertainment,NASDAQ,93.69,63.78,95.54,53.16,92.5,60.3,92.51,52.56,101.81,66.63,104.89,68.9,98.2,0.34,-1.17,0.86,-7.05,16.28,72.67,9004566401.820312,92005376.0,0.033,-10.52,151400,0.51,98.6,-0.41,98.33,-0.13,98.33,-0.13,101.3,-3.06,2.56,2.39,295760,296016,290358,0.061
2122,KPRX,Healthcare,Biotechnology,NASDAQ,93.68,63.75,96.09,55.95,101.76,74.16,101.0,68.85,88.19,38.91,86.95,35.21,2.54,-0.78,-3.42,-4.15,-0.59,17.59,73.83,11345766.146402359,4431940.0,0.00090000004,-13.9,4500,0.34,2.53,0.4,2.56,-0.78,2.61,-2.68,2.59,-1.93,2.89,34.11,11460,13243,15048,
2123,POWWP,Industrials,Aerospace & Defense,NASDAQ,93.68,63.75,97.79,65.13,94.59,63.94,96.67,61.72,93.83,54.33,98.96,60.46,23.82,0.88,-1.99,-2.19,0.09,6.34,62.75,,,0.32,-6.57,1938,0.45,23.82,0.0,23.85,-0.13,24.1,-1.16,23.86,-0.17,1.59,2.64,3193,4267,4382,0.221
2124,WTG,Financial Services,Shell Companies,NASDAQ,93.67,63.72,98.9,74.0,91.71,58.39,93.53,55.64,91.65,49.66,89.77,44.12,10.65,0.09,0.66,0.66,1.72,4.82,60.4,78059032.51874447,7336375.0,0.0004,-0.19,0,0.0,10.65,0.0,10.64,0.09,10.61,0.38,10.56,0.85,0.16,0.0,12900,10740,38540,
2125,PDPA,Financial Services,Asset Management,NYSE,93.67,63.72,98.32,70.14,92.51,60.34,94.38,57.55,93.05,52.81,91.93,48.91,24.98,0.08,0.12,-0.09,0.94,5.12,60.87,,,0.44,-6.2,975,0.23,24.97,0.04,24.93,0.2,24.95,0.12,24.93,0.2,0.87,234.79,3397,4285,4525,
2126,ASB,Financial Services,Banks - Regional,NYSE,93.65,63.7,93.5,42.47,96.52,67.0,101.62,69.61,108.97,75.41,105.57,69.73,28.65,-1.21,-2.45,-4.63,-6.12,10.13,67.18,5476640111.0,188849659.0,0.0,-11.74,1114600,0.53,28.75,-0.35,28.77,-0.42,29.18,-1.82,30.2,-5.13,1.86,22.49,1707300,2098466,1795660,0.235
2127,AER,Industrials,Rental & Leasing Services,NYSE,93.64,63.67,96.44,57.62,96.4,66.84,95.36,59.56,100.14,64.27,107.8,72.31,144.72,0.26,-3.01,2.28,-5.08,0.15,51.66,22687947366.474762,157184065.0,0.0222,-8.87,993400,0.86,143.93,0.55,144.3,0.29,143.62,0.77,146.38,-1.13,2.19,69.37,1128400,1152710,1088640,0.149
2128,LLYVA,Communication Services,Entertainment,NASDAQ,93.64,63.67,96.0,55.54,92.51,60.34,92.02,50.19,100.3,64.64,104.37,68.36,95.33,-0.41,-1.03,1.44,-6.63,16.33,72.72,8806754703.03125,92005376.0,0.0656,-10.11,77200,0.58,95.62,-0.3,95.57,-0.25,95.33,0.0,97.87,-2.6,2.62,1.6,141750,133706,145480,0.061
2129,LCCCU,Financial Services,Shell Companies,NASDAQ,93.63,63.64,99.95,77.36,90.75,55.32,92.21,51.13,90.62,45.51,89.77,44.12,10.8,0.0,1.79,1.79,-0.37,4.96,60.59,,,,-32.03,0,0.0,10.8,0.0,10.74,0.56,10.67,1.22,10.63,1.6,0.13,-0.0,50,16,120,
2130,AMCR,Consumer Cyclical,Packaging & Containers,NYSE,93.63,63.64,94.85,49.52,95.19,64.93,96.82,62.08,97.91,60.92,87.59,36.18,41.72,-0.33,-1.86,-1.42,-6.27,4.78,60.3,19337046865.349274,461945690.0,0.050100002,-18.1,2716400,0.83,41.69,0.07,41.92,-0.48,42.16,-1.04,44.27,-5.76,2.1,43.32,3006100,3258903,3547082,0.259
2131,VCEL,Healthcare,Biotechnology,NASDAQ,93.62,63.6,95.96,55.36,97.91,69.25,97.55,63.08,121.13,85.16,85.83,33.59,40.1,-0.12,0.98,4.59,-15.77,7.31,64.01,2055945630.2350922,51206614.0,0.1379,-18.69,506900,0.96,40.4,-0.74,40.26,-0.4,39.91,0.48,41.55,-3.49,3.28,24.36,595250,529780,507072,0.225
2132,BALL,Consumer Cyclical,Packaging & Containers,NYSE,93.62,63.6,96.38,57.27,90.57,54.43,100.2,67.51,99.6,63.43,108.32,73.12,58.46,3.71,2.87,-2.4,-10.2,12.84,69.93,14921327951.356312,264703357.0,0.0348,-14.39,1757400,0.83,57.77,1.19,57.15,2.29,58.44,0.03,60.9,-4.01,2.18,54.03,2288240,2113993,1974536,0.197
2133,ARTNA,Utilities,Utilities - Regulated Water,NASDAQ,93.6,63.56,95.94,55.26,92.01,59.19,101.86,69.95,94.36,55.18,87.68,36.42,33.63,0.03,1.14,-6.19,-1.41,8.2,65.05,347197796.98944473,10327121.0,0.0066000004,-9.06,19600,0.62,33.57,0.18,33.38,0.75,34.0,-1.09,34.72,-3.14,1.85,20.92,32490,31710,30328,0.074
2134,QSEA,Financial Services,Shell Companies,NASDAQ,93.6,63.56,98.88,73.93,91.34,57.44,93.17,54.72,92.13,50.75,90.01,44.86,10.71,0.14,0.66,0.66,0.47,4.79,60.32,108388666.91719055,10134518.0,0.0002,-1.34,771,0.07,10.71,0.0,10.7,0.09,10.67,0.37,10.64,0.66,0.23,162.32,24187,10399,9071,
2135,FCNCA,Financial Services,Banks - Regional,NASDAQ,93.6,63.56,95.55,53.21,93.22,61.55,98.97,65.32,96.96,59.53,94.29,53.4,2068.39,-0.24,-1.05,-4.81,-3.98,-4.26,45.61,23415832154.0625,11293120.0,0.0529,-9.93,56400,0.84,2077.01,-0.42,2076.39,-0.39,2094.26,-1.24,2155.31,-4.03,2.12,43.71,65520,67483,60456,0.085
2136,DMAA,Financial Services,Shell Companies,NASDAQ,93.59,63.53,98.59,72.44,91.99,59.07,93.48,55.49,91.47,49.16,90.32,45.7,10.85,-0.37,0.09,0.46,1.31,4.73,60.15,264375590.90481663,24276913.0,0.0047,-0.37,13500,0.46,10.86,-0.09,10.87,-0.18,10.86,-0.09,10.79,0.56,0.19,-0.0,6030,29253,21474,
2137,EICA,Financial Services,Asset Management,NYSE,93.58,63.51,98.47,71.62,92.05,59.36,93.63,55.82,92.59,51.76,92.12,49.22,25.01,0.16,0.2,0.36,0.95,5.57,61.34,,,0.32,-3.51,9442,2.84,25.0,0.04,24.99,0.08,24.97,0.16,24.89,0.48,0.11,-0.0,4304,3328,3286,-0.204
2138,ONB,Financial Services,Banks - Regional,NASDAQ,93.57,63.49,93.74,43.49,98.03,69.43,100.61,68.21,108.54,75.01,101.04,63.65,24.58,-1.52,-3.57,-4.21,-6.41,7.49,64.21,9548946849.746704,382570000.0,0.070300005,-10.16,3379000,0.75,24.7,-0.49,24.81,-0.93,25.09,-2.03,25.68,-4.28,2.08,21.51,5301970,4476196,4000732,0.288
2139,QNST,Communication Services,Advertising Agencies,NASDAQ,93.57,63.49,93.69,43.29,90.19,52.63,123.94,88.4,111.73,78.25,77.39,24.65,15.73,5.08,9.16,-14.42,1.48,7.15,63.84,856634193.5202942,57223392.0,0.14770001,-29.43,678000,0.65,15.43,1.94,15.07,4.38,15.96,-1.44,17.78,-11.53,4.57,13.92,936910,1039516,1063782,0.427
2140,ELE,Basic Materials,Gold,NASDAQ,93.56,63.46,89.05,27.35,111.22,82.79,117.74,85.36,71.39,22.1,115.03,78.4,17.86,-1.71,-13.75,-16.53,11.03,10.61,67.67,1393649926.0217915,76700601.0,9.63,-33.75,289700,0.68,17.81,0.28,18.41,-2.99,19.74,-9.52,20.12,-11.23,4.94,19.28,348490,423353,364564,1.616
2141,USA,Financial Services,Asset Management,NYSE,93.55,63.45,98.76,73.37,93.64,62.33,94.94,58.75,90.58,45.28,87.56,36.07,5.92,1.72,0.85,0.68,1.89,2.96,56.98,1793836687.3693585,308219353.0,0.0004,-8.5,949218,0.83,5.87,0.85,5.83,1.54,5.86,1.02,5.93,-0.17,1.03,70.49,1104891,1139530,1165434,-0.058
2142,ARLP,Energy,Thermal Coal,NASDAQ,93.54,63.43,94.66,48.27,95.16,64.83,102.63,71.0,90.38,44.46,90.14,45.14,24.62,0.37,-2.11,-7.2,-3.71,13.37,70.32,3156000476.8729877,128658801.0,0.0154,-16.4,186200,0.71,24.67,-0.2,24.57,0.2,25.24,-2.46,25.58,-3.75,1.87,6.5,326420,260660,311182,0.007
2143,HCSG,Healthcare,Medical Care Facilities,NASDAQ,93.53,63.41,91.18,33.26,92.78,61.0,101.28,69.16,132.93,90.01,119.59,81.34,20.59,-1.34,-2.19,-6.32,-10.79,4.62,60.01,1432354113.3384361,68632202.0,0.0539,-20.04,446300,0.64,20.87,-1.34,20.79,-0.96,21.18,-2.79,21.78,-5.46,2.51,19.34,730390,694770,695776,0.027
2144,NVTS,Technology,Semiconductors,NASDAQ,93.53,63.41,86.88,22.56,112.36,83.62,96.59,61.54,105.72,71.72,218.54,96.82,10.78,-13.06,-11.64,-7.31,-2.09,36.46,84.35,3255687802.2430344,262555476.0,0.1735,-68.45,13022500,0.94,11.46,-5.93,11.69,-7.78,11.61,-7.15,12.11,-10.98,7.2,24.48,19288360,13864143,13663102,-0.273
2145,DTSQ,Financial Services,Shell Companies,NASDAQ,93.52,63.37,98.02,66.91,92.94,61.22,93.57,55.7,94.12,54.82,93.4,51.78,11.42,-1.38,-0.7,0.31,0.88,6.73,63.32,42306475.94126701,3653409.0,0.0004,-11.47,300,0.08,11.53,-0.95,11.54,-1.04,11.51,-0.78,11.39,0.26,0.27,-0.0,10800,3800,2556,
2146,YOU,Technology,Software - Application,NYSE,93.52,63.37,98.34,70.43,79.61,30.95,90.33,43.71,131.77,89.65,163.46,93.24,43.43,4.52,9.67,2.84,-22.31,19.12,75.07,4275954007.4351006,102911049.0,0.1742,-37.12,699600,0.36,42.37,2.5,41.87,3.73,40.9,6.19,44.15,-1.63,3.23,22.84,1739930,1963843,1921882,0.266
2147,BSAC,Financial Services,Banks - Regional,NYSE,93.51,63.34,91.55,34.46,103.02,75.36,108.6,77.77,102.99,68.2,114.21,78.0,32.22,0.72,-6.26,-8.44,-8.13,8.23,65.14,15070978883.000261,471115317.0,0.0047,-14.58,428400,1.24,32.12,0.31,32.6,-1.17,33.57,-4.02,34.46,-6.5,2.43,38.25,449880,344673,316638,0.202
2148,WSBC,Financial Services,Banks - Regional,NASDAQ,93.51,63.34,91.3,33.61,99.91,71.85,107.93,76.99,110.49,77.04,103.52,67.16,36.59,-3.99,-5.35,-8.93,-11.16,9.27,66.41,3654973488.326309,95905889.0,0.066300005,-14.95,679400,0.65,36.98,-1.05,37.4,-2.17,38.37,-4.64,39.85,-8.18,2.13,23.06,950460,1044780,915064,0.035
2149,GIWWU,Financial Services,Shell Companies,NASDAQ,93.5,63.31,98.64,72.8,91.92,58.94,93.48,55.49,91.0,47.22,88.63,39.99,10.59,0.0,0.0,0.0,1.23,3.93,59.05,,,0.76,-1.12,0,0.0,10.59,0.0,10.59,0.0,10.59,0.0,10.52,0.67,,,0,416,250,
2150,YHNA,Financial Services,Shell Companies,NASDAQ,93.49,63.29,98.61,72.55,91.71,58.39,93.56,55.67,91.48,49.21,90.81,46.73,11.09,-1.07,0.45,0.0,1.46,4.62,60.01,48044053.5734911,4285821.0,0.0,-7.58,200,0.01,11.09,0.0,11.15,-0.54,11.12,-0.27,11.05,0.36,0.45,-0.0,780,22926,14430,
2151,JPM,Financial Services,Banks - Diversified,NYSE,93.49,63.29,94.9,49.82,97.66,68.88,106.0,74.99,102.28,67.32,100.17,62.5,332.99,0.68,-2.45,-6.06,-4.62,5.05,60.78,883527940473.5248,2658186195.0,0.0091,-9.14,5052000,0.67,331.2,0.54,331.57,0.43,338.79,-1.71,348.54,-4.46,1.72,42.11,7341880,7586280,6826160,0.304
2152,UNFI,Consumer Defensive,Food Distribution,NYSE,93.47,63.26,94.09,45.21,104.23,76.53,104.04,72.73,119.47,84.13,137.87,88.18,44.51,-2.37,-2.92,0.13,-10.5,28.34,81.27,2749855868.7636566,60317084.0,0.0712,-21.94,478700,0.68,44.2,0.7,44.74,-0.51,45.2,-1.53,46.1,-3.45,3.1,35.51,613140,702450,605098,-0.007
2153,ETD,Consumer Cyclical,"Furnishings, Fixtures & Appliances",NYSE,93.46,63.25,96.14,56.21,96.59,67.1,100.57,68.12,87.12,37.46,79.58,26.93,20.34,-3.42,-4.46,-7.25,3.86,5.87,61.9,530804987.49938965,25204416.0,0.1527,-29.89,430400,0.72,20.82,-2.31,20.95,-2.91,21.21,-4.1,20.86,-2.49,2.36,6.24,464590,596036,574650,-0.085
2154,NCZ,Financial Services,Asset Management,NYSE,93.44,63.23,95.54,53.16,93.79,62.66,99.86,66.84,99.47,63.25,106.16,70.44,14.51,3.87,0.97,-4.16,-3.44,11.1,68.22,265834282.9112749,19028939.0,0.0082,-10.27,150094,2.41,14.09,2.98,14.04,3.35,14.44,0.48,15.03,-3.46,2.69,104.91,93349,62269,58397,-0.104
2155,MKLYU,Financial Services,Shell Companies,NASDAQ,93.43,63.2,97.92,65.91,92.54,60.41,93.04,54.28,91.16,47.9,89.15,42.01,10.5,-0.19,-0.76,0.38,2.84,4.17,59.41,,,4.97,-7.98,0,0.0,10.51,-0.1,10.52,-0.19,10.52,-0.19,10.53,-0.28,0.18,0.0,30,83,3272,
2156,ADAM,Real Estate,REIT - Mortgage,NASDAQ,93.43,63.2,86.68,22.14,98.98,70.81,109.65,78.81,119.54,84.16,108.75,73.5,7.65,-2.05,-6.02,-12.91,-11.45,17.25,73.52,701961123.5170374,89879786.0,0.0427,-26.16,1045300,0.89,7.65,0.0,7.75,-1.29,8.18,-6.48,8.91,-14.14,3.2,48.98,1188960,1175800,1056610,1.298
2157,ORIO,Technology,Software - Infrastructure,NASDAQ,93.43,63.2,107.74,90.16,87.7,45.43,89.58,42.14,47.26,8.87,79.12,26.45,1.0,-4.29,-1.47,-4.29,57.03,-11.06,38.27,24770015.475117683,23590492.0,0.0112,-51.69,27600,0.23,1.02,-1.96,1.04,-3.85,1.03,-2.91,0.94,6.38,4.64,-6.47,95070,121730,89762,0.063
2158,MMM,Industrials,Conglomerates,NYSE,93.41,63.16,93.72,43.43,97.75,69.08,95.25,59.37,93.65,54.07,90.61,46.38,159.96,-1.19,-5.66,-3.04,-8.75,1.38,53.49,83490301773.35802,515722417.0,0.0194,-13.49,2372200,0.82,162.5,-1.56,163.95,-2.43,165.05,-3.08,171.62,-6.79,2.17,2.3,2953470,2899383,2800710,0.025
2159,BCML,Financial Services,Banks - Regional,NASDAQ,93.41,63.16,96.64,58.7,91.48,57.72,90.41,43.96,112.28,78.71,93.32,51.63,30.53,-2.12,-1.1,1.43,2.08,0.84,52.65,340598455.06197166,10920117.0,0.0201,-12.72,64400,1.22,30.83,-0.97,30.82,-0.94,30.47,0.2,30.28,0.83,2.28,15.79,59930,52606,55798,-0.184
2160,SVAQU,Financial Services,Shell Companies,NASDAQ,93.39,63.11,98.04,67.09,91.74,58.45,94.46,57.77,92.88,52.54,88.78,40.69,10.48,0.0,0.0,0.0,1.26,,,,,59.26,-2.96,0,,10.48,0.0,10.48,0.0,10.48,0.0,10.44,0.38,,,0,0,22,
2161,GNW,Financial Services,Insurance - Life,NYSE,93.39,63.11,94.48,47.17,93.22,61.55,109.59,78.75,107.74,74.05,100.94,63.44,9.4,-1.57,-0.32,-10.39,-5.62,1.73,54.17,3608477475.419366,377851037.0,0.0388,-12.07,3343600,0.75,9.6,-2.08,9.44,-0.42,9.72,-3.29,9.88,-4.86,2.8,19.02,4274990,4472326,3697328,0.053
2162,SLG,Real Estate,REIT - Office,NYSE,93.39,63.11,92.76,39.09,97.56,68.72,102.85,71.26,98.04,61.1,78.04,25.27,48.41,-0.82,-3.89,-7.63,-8.55,12.0,69.05,3458184057.9675407,70849907.0,0.23799999,-19.44,571400,0.7,48.47,-0.12,48.6,-0.39,49.96,-3.1,53.0,-8.66,3.34,27.82,818800,817773,821994,0.273
2163,TXNM,Utilities,Utilities - Regulated Electric,NYSE,93.39,63.11,99.34,75.59,91.93,59.0,92.03,50.26,89.92,42.39,92.43,49.91,58.61,0.34,0.15,1.63,1.85,1.64,54.06,6432445449.566143,110125757.0,0.0661,-1.55,622800,0.36,58.55,0.1,58.48,0.22,58.39,0.38,57.92,1.19,0.59,60.49,1427590,1720353,1352544,0.092
2164,ONBPP,Financial Services,Banks - Regional,NASDAQ,93.38,63.06,98.04,67.09,91.87,58.79,93.32,55.07,92.61,51.83,91.66,48.43,24.86,0.2,0.0,0.24,0.48,4.18,59.46,,,1.46,-2.51,11471,1.64,24.94,-0.32,24.88,-0.08,24.87,-0.04,24.87,-0.04,0.8,5.01,9497,7009,7971,0.288
2165,COOK,Consumer Cyclical,"Furnishings, Fixtures & Appliances",NYSE,93.38,63.06,96.93,60.12,79.2,30.56,82.59,31.05,119.56,84.18,62.97,14.5,51.6,-2.82,10.73,4.88,-16.0,0.19,51.74,148585690.13024902,2798224.0,0.073,-40.41,53900,1.01,51.85,-0.48,50.29,2.6,49.36,4.54,53.92,-4.3,5.72,30.48,90440,53326,51194,-0.174
2166,BPYPN,Real Estate,Real Estate Services,NASDAQ,93.37,63.02,96.95,60.24,90.95,56.1,95.81,60.26,97.9,60.91,97.14,58.06,13.32,-1.59,0.87,-2.17,-1.35,6.12,62.41,,,0.16,-10.48,33314,0.76,13.33,-0.08,13.4,-0.6,13.44,-0.89,13.55,-1.7,1.74,51.05,15601,43950,33086,0.053
2167,CHW,Financial Services,Asset Management,NASDAQ,93.37,63.02,94.21,45.86,98.13,69.57,100.85,68.58,105.78,71.82,104.86,68.85,8.07,0.87,-2.3,-3.58,-0.07,16.54,72.98,510915096.0,63864387.0,0.001,-12.09,235696,1.24,8.09,-0.25,8.08,-0.12,8.16,-1.1,8.33,-3.12,2.0,15.45,268189,190226,171373,-0.236
2168,DBCAU,Financial Services,Shell Companies,NASDAQ,93.36,62.99,98.14,68.19,91.9,58.88,93.5,55.58,91.61,49.59,88.28,38.37,10.38,0.0,0.0,-0.19,1.37,,,,,4.1,-3.89,0,0.0,10.38,0.0,10.38,0.0,10.39,-0.1,10.36,0.19,0.17,-0.0,50,56,494,
2169,ESS,Real Estate,REIT - Residential,NYSE,93.36,62.99,96.56,58.2,91.63,57.99,94.36,57.5,105.03,71.01,87.63,36.23,271.57,1.09,0.94,0.46,-2.73,8.24,65.17,17263915790.127472,64261739.0,0.054,-10.48,408500,0.73,270.52,0.39,270.19,0.51,270.16,0.52,276.5,-1.78,1.6,41.08,500290,560056,497272,0.031
2170,MACI,Financial Services,Shell Companies,NASDAQ,93.35,62.97,98.77,73.43,91.57,57.82,93.18,54.75,91.76,49.87,90.34,45.77,11.08,0.36,0.27,0.73,1.56,4.43,59.76,238702706.05520058,21621622.0,0.00059999997,-2.59,300,0.1,11.07,0.09,11.07,0.09,11.05,0.27,10.99,0.82,0.13,0.0,3690,2910,2540,
2171,RANG,Financial Services,Shell Companies,NASDAQ,93.34,62.95,98.77,73.43,91.83,58.59,93.41,55.29,91.03,47.35,89.98,44.71,10.88,0.18,0.18,0.65,1.4,4.41,59.71,72739962.76043415,6697971.0,0.0011999999,-6.73,6130,6.49,10.88,0.0,10.87,0.09,10.85,0.28,10.8,0.74,0.05,92.11,1103,944,2158,
2172,WLKP,Basic Materials,Chemicals,NYSE,93.33,62.93,96.11,56.1,95.24,65.1,93.22,54.87,94.38,55.31,97.23,58.15,21.19,-0.38,-1.9,-1.53,-0.36,18.25,74.33,749679883.7342834,35245880.0,0.0064,-11.26,15700,0.69,21.4,-0.98,21.37,-0.84,21.39,-0.94,21.45,-1.21,1.53,12.31,23730,22716,29356,-0.0
2173,SA,Basic Materials,Gold,NYSE,93.32,62.91,92.31,37.21,105.71,78.27,107.47,76.51,86.06,36.28,139.6,88.7,28.08,4.12,-7.33,-9.45,4.46,-9.21,39.89,2909286621.450714,107871216.0,0.044,-29.91,391700,0.75,27.3,2.86,27.63,1.63,29.15,-3.67,30.48,-7.87,4.61,57.14,530450,524453,661096,
2174,BLK,Financial Services,Asset Management,NYSE,93.32,62.91,97.95,66.11,97.05,67.82,95.42,59.71,90.93,46.88,88.33,38.61,1082.39,2.15,-0.36,0.25,-0.95,1.1,53.01,164104113670.36755,154869259.0,0.0134000005,-11.28,376900,0.7,1072.65,0.91,1068.47,1.3,1067.96,1.35,1106.01,-2.14,2.04,77.18,486090,541176,546922,0.306
2175,RMD,Healthcare,Medical Instruments & Supplies,NYSE,93.31,62.87,103.04,84.72,89.16,48.51,88.31,39.42,74.26,24.7,80.82,28.09,230.05,5.1,3.63,5.4,10.62,-5.97,43.45,30784523814.43062,140639243.0,0.11350001,-19.24,979700,0.82,225.26,2.13,223.24,3.05,223.64,2.87,225.01,2.24,2.15,73.34,965800,1199273,1346756,0.086
2176,SSEA,Financial Services,Shell Companies,NASDAQ,93.31,62.87,99.18,74.98,91.06,56.61,92.95,54.06,91.39,48.81,89.58,43.49,10.44,0.68,0.87,0.58,1.51,4.3,59.54,79183991.7661438,7635872.0,0.0011,0.48,0,0.0,10.39,0.48,10.37,0.68,10.36,0.77,10.33,1.06,0.31,0.0,3100,6540,10198,
2177,MDT,Healthcare,Medical Devices,NYSE,93.3,62.84,98.55,72.28,91.86,58.75,95.47,59.79,83.56,33.68,82.39,29.52,88.48,2.43,-0.18,-1.93,4.08,-6.44,42.87,110491927424.94286,1279137890.0,0.0135,-16.79,38861800,1.85,87.36,1.28,87.25,1.41,89.05,-0.64,89.53,-1.17,2.53,48.16,42949650,20954393,15255894,0.137
2178,OBA,Financial Services,Shell Companies,NASDAQ,93.3,62.84,99.2,75.07,90.94,56.05,92.41,52.06,90.92,46.8,89.47,43.07,10.44,0.87,0.97,1.16,1.75,4.19,59.47,327318762.0639801,31625000.0,0.05,0.87,300,0.01,10.37,0.68,10.36,0.77,10.34,0.97,10.32,1.16,0.08,116.66,3990,25123,18224,
2179,CFG,Financial Services,Banks - Regional,NYSE,93.29,62.81,91.48,34.21,96.36,66.77,108.92,78.1,119.53,84.15,121.35,82.22,63.57,-1.18,-2.99,-9.8,-11.38,8.38,65.43,27094303543.237732,421176788.0,0.0002,-15.61,3308700,0.81,63.83,-0.41,63.96,-0.61,65.71,-3.26,69.02,-7.9,2.03,31.73,4526600,4072500,3559276,0.147
2180,RNGR,Energy,Oil & Gas Equipment & Services,NYSE,93.29,62.81,93.97,44.52,90.93,56.0,103.84,72.43,99.17,62.87,119.79,81.42,15.42,-1.53,-0.58,-11.12,-0.34,13.31,70.25,366475676.6091347,23402023.0,0.019199999,-18.04,141400,0.85,15.58,-1.03,15.45,-0.19,15.82,-2.53,16.35,-5.69,2.75,14.14,149440,165633,186464,0.255
2181,SNFCA,Financial Services,Insurance - Life,NASDAQ,93.27,62.77,100.69,79.73,87.73,45.49,92.47,52.37,103.63,69.1,102.22,65.37,9.18,1.21,5.03,4.44,-2.34,6.63,63.17,236220604.88195038,26044169.0,0.013200001,-10.26,16700,0.59,9.11,0.77,8.97,2.34,8.84,3.85,8.95,2.57,2.19,29.79,25310,28436,29826,-0.063
2182,RNGTU,Financial Services,Shell Companies,NASDAQ,93.27,62.77,98.73,73.21,91.62,57.96,92.03,50.26,90.42,44.7,88.53,39.69,10.46,0.0,0.0,0.0,-1.32,3.46,58.16,,,71.94,-4.91,0,0.0,10.46,0.0,10.46,0.0,10.46,0.0,10.41,0.48,,,0,16,54,
2183,FHI,Financial Services,Asset Management,NYSE,93.25,62.75,92.72,38.92,95.05,64.66,98.25,63.97,102.57,67.73,107.0,71.3,56.52,0.8,-2.25,-5.12,-4.39,7.59,64.31,4186201932.8854904,74660281.0,0.062,-15.89,958600,1.38,56.28,0.43,56.51,0.02,57.14,-1.09,60.64,-6.79,2.3,46.87,703090,696380,639770,0.183
2184,BRC,Industrials,Security & Protection Services,NYSE,93.24,62.72,95.96,55.36,90.43,53.75,96.77,62.0,108.35,74.76,97.81,58.94,85.35,0.97,1.88,-1.54,-8.09,6.24,62.64,3976115305.669983,46899214.0,0.0238,-14.04,211500,0.72,84.82,0.62,84.42,1.1,84.37,1.16,89.3,-4.42,2.35,60.74,298430,293330,241628,0.1
2185,VFF,Consumer Defensive,Farm Products,NASDAQ,93.24,62.72,95.86,54.75,116.64,86.46,105.1,73.96,71.33,22.05,175.76,94.68,2.68,-5.63,-15.46,-6.94,34.67,-25.76,27.1,347293072.98408294,122286297.0,0.047,-46.29,536000,0.72,2.72,-1.47,2.84,-5.63,2.89,-7.27,2.71,-1.11,4.88,45.85,825370,743663,935756,0.068
2186,SLMBP,Financial Services,Credit Services,NASDAQ,93.23,62.67,97.53,63.29,92.0,59.12,93.41,55.29,93.16,53.08,94.26,53.3,73.57,-0.24,-0.45,-0.78,0.57,4.63,60.04,,,1.8,-3.54,0,0.0,73.72,-0.2,73.8,-0.31,73.91,-0.46,73.76,-0.26,0.37,0.0,1030,1643,2306,0.081
2187,ILLUU,Financial Services,Shell Companies,NASDAQ,93.23,62.67,98.51,71.98,91.58,57.86,93.36,55.18,90.22,43.59,88.82,40.88,10.28,0.1,0.1,0.1,2.39,,,,,0.0,0.1,0,0.0,10.28,0.0,10.27,0.1,10.27,0.1,10.22,0.59,0.01,0.04,50,16,12,
2188,GSM,Basic Materials,Other Industrial Metals & Mining,NASDAQ,93.23,62.67,105.39,87.88,95.73,65.74,90.7,44.7,63.33,17.05,87.97,37.23,4.24,-0.47,4.18,-0.58,32.57,-8.75,40.35,796025845.1889782,186860517.0,0.0402,-26.13,608400,0.52,4.29,-1.17,4.18,1.44,4.19,1.19,4.17,1.68,3.86,24.45,1142450,1168056,1446354,-0.021
2189,GTERA,Financial Services,Shell Companies,NASDAQ,93.23,62.67,98.96,74.2,91.05,56.54,92.78,53.59,91.52,49.38,89.73,43.98,10.5,0.48,0.77,0.77,1.35,4.17,59.41,247947145.4744339,23727000.0,0.0005,0.38,101500,1.7,10.48,0.19,10.46,0.38,10.44,0.57,10.41,0.86,0.09,0.0,149610,59816,38882,
2190,CING,Healthcare,Biotechnology,NASDAQ,93.22,62.63,96.31,57.12,89.69,50.06,93.86,56.35,81.88,31.67,108.68,73.42,4.89,2.73,1.24,-2.59,2.73,16.99,73.35,69219095.08835983,14541826.0,0.11229999,-58.87,27800,0.29,4.86,0.62,4.85,0.82,4.98,-1.81,5.11,-4.31,5.1,48.15,87600,94716,118934,
2191,SPME,Financial Services,Asset Management,NYSE,93.21,62.61,98.25,69.44,92.11,59.52,93.49,55.53,94.51,55.62,91.49,48.0,24.82,0.04,0.08,0.11,0.19,5.15,60.9,,,0.94,-4.54,399,0.11,24.71,0.45,24.76,0.24,24.82,0.0,24.81,0.04,0.64,0.0,3319,3796,3671,-0.353
2192,GDV,Financial Services,Asset Management,NYSE,93.21,62.61,95.5,52.91,95.98,66.04,99.09,65.56,99.07,62.78,102.28,65.44,28.58,0.74,-1.28,-2.78,-2.93,8.6,65.73,2459566727.5582123,86696040.0,0.0001,-7.81,74754,0.82,28.4,0.63,28.39,0.67,28.73,-0.52,29.49,-3.09,1.17,57.04,78935,91271,88197,0.07
2193,WMK,Consumer Defensive,Grocery Stores,NYSE,93.19,62.57,98.37,70.85,89.58,49.62,90.36,43.83,101.69,66.47,86.19,33.91,72.99,-1.42,1.35,1.15,-6.04,11.81,68.88,1832089984.5343552,24744597.0,0.24069999,-12.84,90100,0.44,73.08,-0.12,73.08,-0.12,72.77,0.3,72.37,0.86,2.2,47.44,167420,202943,187578,0.046
2194,NMP,Financial Services,Shell Companies,NASDAQ,93.19,62.57,98.78,73.51,91.1,56.7,92.78,53.59,91.57,49.49,89.72,43.93,10.43,0.58,0.58,0.68,1.26,4.09,59.35,165617546.7522831,15970834.0,0.0011,0.38,110,0.01,10.38,0.48,10.38,0.48,10.37,0.58,10.35,0.77,0.08,-0.0,2541,14010,10758,
2195,PATH,Technology,Software - Infrastructure,NYSE,93.19,62.57,98.15,68.32,93.43,61.91,103.32,71.88,84.86,34.92,70.77,19.72,13.48,2.74,8.19,-1.96,8.97,-19.28,31.64,6837558906.438497,521155409.0,0.2574,-32.06,25611300,0.52,13.21,2.04,12.98,3.85,13.25,1.74,14.72,-8.42,3.94,54.58,32134310,49149923,56142164,0.134
2196,BMRC,Financial Services,Banks - Regional,NASDAQ,93.18,62.53,94.49,47.23,96.48,66.92,99.46,66.18,104.92,70.82,99.73,61.85,26.67,-3.75,-4.44,-4.03,-6.27,1.78,54.28,448742597.25372314,16194248.0,0.056199998,-13.75,84200,0.59,27.1,-1.59,27.23,-2.06,27.59,-3.33,27.67,-3.61,2.11,-0.0,106780,143126,146480,2.754
2197,VZ,Communication Services,Telecom Services,NYSE,93.18,62.53,87.99,24.9,98.28,69.78,103.45,72.0,95.0,56.41,103.52,67.16,41.65,-7.89,-10.16,-16.43,-8.27,11.11,68.25,190787269668.2194,4154775202.0,0.0202,-19.41,95070900,4.07,44.56,-6.53,44.97,-7.38,46.48,-10.39,47.4,-12.13,2.58,78.17,27590890,23345420,21718798,-0.007
2198,CVSA,Consumer Defensive,Education & Training Services,NYSE,93.16,62.5,99.56,76.19,88.69,47.62,97.53,63.03,85.58,35.79,87.04,35.3,129.38,3.11,7.15,3.43,2.33,25.94,79.94,4271191247.8660583,34038820.0,0.08229999,-17.2,195900,0.56,127.95,1.12,124.77,3.69,124.85,3.63,128.28,0.86,2.79,66.05,340170,349793,350220,0.097
2199,ARCC,Financial Services,Asset Management,NASDAQ,93.15,62.47,95.57,53.3,95.2,64.96,94.51,57.9,89.75,41.64,85.79,33.55,18.56,-1.59,-3.33,-3.64,1.01,0.65,52.29,13541911294.946365,718022845.0,0.0586,-12.2,3992300,0.84,18.64,-0.43,18.88,-1.69,19.12,-2.93,19.23,-3.48,1.6,13.46,4970990,4753473,4432380,0.031
2200,GDL,Financial Services,Asset Management,NYSE,93.15,62.47,99.09,74.72,91.1,56.7,92.36,51.88,92.51,51.57,92.63,50.31,8.41,0.96,0.6,1.33,1.57,3.9,59.01,89488681.0503788,10742939.0,0.00090000004,-3.0,13030,1.04,8.33,0.96,8.33,0.96,8.34,0.84,8.32,1.08,0.9,104.34,12923,12547,11824,
2201,NBRGU,Financial Services,Shell Companies,NASDAQ,93.15,62.47,98.84,73.77,91.81,58.56,92.13,50.75,91.5,49.28,88.11,37.6,10.39,0.0,0.0,1.56,2.36,,,,,0.22,-5.89,5344,13.23,10.39,0.0,10.39,0.0,10.34,0.48,10.25,1.37,0.41,-0.0,534,404,546,
2202,OR,Basic Materials,Gold,NYSE,93.14,62.43,98.83,73.73,92.28,59.83,91.71,48.69,68.26,20.1,114.1,77.88,34.84,1.07,-2.44,-3.12,13.74,-5.11,44.5,6456357147.552155,187303653.0,3.17,-27.51,655600,0.8,34.37,1.37,34.32,1.52,35.24,-1.14,35.02,-0.51,2.93,40.22,763480,816573,946576,0.62
2203,BANR,Financial Services,Banks - Regional,NASDAQ,93.14,62.43,93.78,43.68,96.9,67.62,100.47,68.0,102.57,67.73,92.04,49.03,66.43,-2.14,-3.77,-6.83,-4.18,3.24,57.68,2487087258.7266846,36639472.0,0.0496,-11.24,186700,0.68,66.8,-0.55,67.18,-1.12,68.78,-3.42,70.16,-5.32,1.88,12.78,242470,274133,290600,0.069
2204,ECCC,Financial Services,Asset Management,NYSE,93.11,62.4,95.4,52.49,94.01,63.06,96.75,61.96,96.35,58.61,95.12,54.92,24.28,-1.9,-2.88,-2.49,-1.43,3.1,57.36,,,0.74,-4.78,1939,1.04,24.51,-0.94,24.77,-1.98,24.88,-2.41,24.85,-2.29,1.11,-0.0,1893,1871,2822,-0.218
2205,LYG,Financial Services,Banks - Regional,NYSE,93.09,62.38,90.9,32.45,102.54,74.85,110.1,79.36,110.34,76.92,111.35,75.87,5.41,-1.64,-6.24,-9.98,-12.27,6.8,63.41,79074032730.0,14377096860.0,0.00059999997,-14.67,20116700,1.33,5.44,-0.55,5.52,-1.99,5.68,-4.75,5.9,-8.31,2.3,56.32,17382910,15168540,14042258,0.123
2206,ACIW,Technology,Software - Infrastructure,NASDAQ,93.09,62.38,95.5,52.91,92.73,60.8,104.2,72.89,116.07,82.07,87.24,35.62,50.87,1.44,2.75,-2.34,-11.82,3.94,59.09,5062905490.195473,100955241.0,0.092,-16.72,463400,0.62,50.9,-0.06,50.08,1.58,50.33,1.07,52.1,-2.36,2.35,40.17,693640,742716,871656,0.073
2207,IAF,Financial Services,Asset Management,NYSE ARCA,93.08,62.35,96.42,57.49,94.79,64.25,97.04,62.43,90.33,44.17,94.28,53.37,12.53,1.13,-0.71,-3.32,-0.2,6.08,62.25,118725604.75984669,9582373.0,0.52,-13.82,19380,0.89,12.47,0.48,12.48,0.4,12.65,-0.95,12.88,-2.72,1.51,34.27,23378,21856,20849,0.102
2208,BSBK,Financial Services,Banks - Regional,NASDAQ,93.07,62.33,97.73,64.59,92.0,59.12,93.79,56.18,94.27,54.99,92.97,50.93,9.08,-0.11,-0.38,0.33,0.44,10.73,67.79,116000337.11722183,12761313.0,0.0046,-4.92,1100,0.31,9.09,-0.11,9.08,0.0,9.1,-0.22,9.12,-0.44,0.9,0.0,3160,3570,7292,0.118
2209,UMH,Real Estate,REIT - Residential,NYSE,93.06,62.32,95.31,51.98,93.45,61.96,95.23,59.34,94.45,55.48,88.51,39.63,15.17,-1.56,-1.49,-2.19,0.46,0.27,51.83,1312411051.95467,85166195.0,0.0,-9.54,410600,0.6,15.22,-0.33,15.32,-0.98,15.47,-1.94,15.77,-3.8,1.77,40.96,655920,688150,706958,0.077
2210,LANDO,Real Estate,REIT - Specialty,NASDAQ,93.05,62.28,96.2,56.58,92.13,59.57,96.68,61.75,96.84,59.31,96.22,56.85,19.88,-0.9,0.4,-2.57,-7.65,12.2,69.32,,,0.43,-9.98,13307,0.74,19.91,-0.15,19.88,0.0,19.92,-0.2,20.61,-3.54,1.26,53.26,17040,18036,14886,0.042
2211,OXLCO,Financial Services,Asset Management,NASDAQ,93.05,62.28,97.99,66.72,92.01,59.19,94.0,56.71,94.45,55.48,93.14,51.31,23.72,0.94,0.51,0.27,-0.12,5.94,62.01,,,0.09,-5.04,389,0.11,23.62,0.42,23.62,0.42,23.62,0.42,23.74,-0.08,0.49,0.0,4118,3642,3177,-0.102
2212,AACIU,Financial Services,Shell Companies,NASDAQ,93.05,62.28,99.15,74.84,91.69,58.35,90.89,45.25,90.77,46.16,88.55,39.78,10.32,0.0,0.0,1.78,1.78,,,,,0.0,-4.0,0,0.0,10.32,0.0,10.32,0.0,10.23,0.88,10.18,1.38,0.12,0.0,0,6,4,
2213,CAAS,Consumer Cyclical,Auto Parts,NASDAQ,93.03,62.22,90.32,30.99,97.44,68.51,108.48,77.65,89.04,40.01,88.61,39.95,4.48,-3.03,-7.82,-16.42,4.67,3.46,58.16,139388639.78723717,30170702.0,0.0043,-20.57,8600,0.37,4.52,-0.88,4.65,-3.66,4.89,-8.38,4.89,-8.38,3.57,75.0,26270,22936,34624,0.17
2214,GRNT,Energy,Oil & Gas E&P,NYSE,93.03,62.22,99.9,77.24,83.78,37.84,94.22,57.28,82.84,32.69,94.49,53.81,4.77,6.71,7.43,-6.65,4.64,7.32,64.04,589594054.0662279,131900242.0,0.1076,-22.38,880400,0.57,4.66,2.36,4.51,5.76,4.67,2.14,4.84,-1.45,3.26,12.85,1251490,1537313,1281200,0.373
2215,HVMCU,Financial Services,Shell Companies,NASDAQ,93.03,62.22,99.05,74.62,90.85,55.63,92.62,52.88,90.66,45.69,88.8,40.78,10.5,0.72,0.72,0.72,1.84,3.35,57.91,,,0.0,-4.55,1394,19.1,10.44,0.57,10.43,0.67,10.43,0.67,10.38,1.16,0.05,0.0,139,73,63,
2216,FSHP,Financial Services,Shell Companies,NASDAQ,93.03,62.22,97.75,64.69,91.68,58.3,96.33,61.16,92.85,52.48,90.83,46.76,11.28,-0.09,0.0,-2.3,0.85,4.93,60.5,39721155.26578903,3518260.0,0.0014,-6.0,0,0.0,11.29,-0.09,11.29,-0.09,11.32,-0.35,11.29,-0.09,0.08,0.0,2610,1560,3570,
2217,RGT,Financial Services,Asset Management,NYSE,93.03,62.22,95.48,52.86,95.93,65.97,97.43,62.95,97.52,60.4,106.0,70.23,14.28,0.28,-1.38,-2.26,-5.12,9.93,67.01,93455025.21788216,6562853.0,0.0005,-9.56,36220,2.2,14.28,0.0,14.26,0.14,14.36,-0.56,14.9,-4.16,1.42,59.36,13702,16444,19422,
2218,INVA,Healthcare,Biotechnology,NASDAQ,93.02,62.16,98.78,73.51,86.71,43.67,87.28,37.69,97.12,59.82,112.33,76.42,21.21,3.46,2.27,2.66,-0.05,6.1,62.33,1481032442.5,72245485.0,0.13430001,-15.67,507500,0.55,20.92,1.39,20.92,1.39,20.89,1.53,20.95,1.24,2.36,85.75,764140,928303,821516,0.193
2219,NHIVU,Financial Services,Shell Companies,NASDAQ,93.02,62.16,98.23,69.16,91.18,57.0,92.88,53.89,91.65,49.66,88.37,38.85,10.32,0.0,0.0,0.0,-0.1,,,,,26.29,-6.18,0,,10.32,0.0,10.32,0.0,10.32,0.0,10.31,0.1,,,0,0,32,
2220,HFRO,Financial Services,Asset Management,NYSE,93.01,62.13,90.51,31.62,98.0,69.38,108.16,77.18,115.54,81.54,98.47,59.71,6.56,-3.95,-3.39,-10.75,-9.77,14.57,71.16,377142241.507164,55218484.0,0.0005,-15.25,82546,0.95,6.59,-0.46,6.66,-1.5,6.87,-4.51,7.07,-7.21,2.92,31.32,89254,86848,100214,
2221,OTTR,Industrials,Conglomerates,NASDAQ,93.01,62.13,95.92,55.18,94.24,63.4,93.22,54.87,101.99,66.87,95.94,56.42,87.46,-1.59,-2.1,-0.68,-1.56,7.81,64.56,3731258609.9168396,41985580.0,0.16219999,-8.02,131200,0.53,88.3,-0.95,88.45,-1.12,88.5,-1.18,90.03,-2.85,1.99,9.19,228550,249653,243904,0.004
2222,RMTI,Healthcare,Drug Manufacturers - Specialty & Generic,NASDAQ,93.0,62.1,103.4,85.19,98.18,69.64,86.06,35.72,51.01,10.51,71.39,19.99,7.89,-8.79,-5.73,-0.88,11.13,-6.07,43.31,34863520.71249962,4030465.0,0.0228,-38.84,7900,0.35,8.0,-1.38,8.31,-5.05,8.26,-4.48,7.92,-0.38,5.22,0.0,22030,22516,24888,0.106
2223,ALL,Financial Services,Insurance - Property & Casualty,NYSE,92.99,62.08,92.49,37.82,93.18,61.46,110.42,79.63,106.35,72.43,98.82,60.28,229.43,2.54,0.8,-9.57,-13.19,11.76,68.83,56574439121.990204,252857950.0,0.0001,-17.24,1580800,0.73,226.6,1.25,225.6,1.7,235.0,-2.37,249.19,-7.93,2.25,10.65,2327450,2153956,1977124,0.118
2224,EQBK,Financial Services,Banks - Regional,NYSE,92.97,62.07,93.76,43.57,95.39,65.37,100.26,67.62,106.16,72.21,97.84,58.98,46.7,-2.16,-2.98,-6.26,-7.52,3.36,57.94,982879538.2735062,20592490.0,0.028299998,-10.66,74500,0.7,47.25,-1.16,47.36,-1.39,48.11,-2.93,49.35,-5.37,2.03,-0.0,106260,106166,99400,0.381
2225,EDF,Financial Services,Asset Management,NYSE,92.94,62.02,92.59,38.41,93.7,62.47,100.57,68.12,101.21,65.77,101.58,64.39,4.88,-1.21,-3.37,-8.96,-2.52,12.44,69.56,158940465.86102152,32174183.0,0.0085,-13.93,98478,0.68,4.77,2.31,4.86,0.41,5.07,-3.75,5.12,-4.69,3.12,118.31,155597,144912,124847,
2226,SPEG,Financial Services,Shell Companies,NASDAQ,92.94,62.02,98.63,72.7,90.93,56.0,92.48,52.4,91.18,48.06,89.54,43.34,10.43,0.1,0.48,0.68,1.07,3.78,58.85,159773331.02984047,15333333.0,0.0001,-5.44,0,0.0,10.42,0.1,10.42,0.1,10.4,0.29,10.37,0.58,0.1,-0.0,540,18906,14620,
2227,TTEK,Industrials,Engineering & Construction,NASDAQ,92.94,62.02,95.67,53.89,98.36,69.92,105.23,74.16,84.86,34.92,81.81,28.92,33.34,0.66,-1.68,-8.63,2.95,-2.58,48.16,8480191181.875046,256044428.0,0.048699997,-22.72,1616000,0.79,33.24,0.3,33.36,-0.06,34.55,-3.5,35.24,-5.39,3.04,12.83,1928280,2044370,2343182,-0.039
2228,EDD,Financial Services,Asset Management,NYSE,92.94,62.02,94.43,46.86,94.48,63.69,104.46,73.2,102.9,68.12,102.53,65.81,5.34,0.0,-0.86,-6.06,-4.78,7.91,64.7,344195300.81521225,64456047.0,2.64,-13.59,304515,0.87,5.28,1.14,5.29,0.95,5.39,-0.93,5.56,-3.96,2.84,26.41,423061,348637,335804,
2229,ASA,Financial Services,Asset Management,NYSE,92.94,62.02,95.9,55.02,95.46,65.51,102.46,70.72,83.4,33.48,138.56,88.37,56.36,-0.58,-0.56,-7.35,10.9,-8.43,40.8,1040647873.8307495,18356816.0,0.00029999999,-32.26,50315,0.9,56.06,0.54,55.86,0.9,57.01,-1.14,58.71,-4.0,3.26,74.63,37971,55627,52148,2.43
2230,DGXX,Utilities,Utilities - Independent Power Producers,NASDAQ,92.93,61.96,73.89,7.44,134.36,92.54,96.54,61.47,110.0,76.66,149.05,91.01,3.17,-17.45,-30.94,-16.8,-16.58,11.23,68.33,389363273.21705246,101396688.0,0.0592,-65.54,1734500,0.73,3.41,-7.04,3.74,-15.24,3.92,-19.13,3.86,-17.88,9.92,22.26,2517100,2378180,2713584,-0.183
2231,THQ,Financial Services,Asset Management,NYSE,92.93,61.96,93.26,41.23,98.42,70.09,100.82,68.53,97.98,61.01,93.15,51.34,17.86,0.45,-4.34,-4.76,-3.48,3.8,58.89,736758333.9528561,41437475.0,0.0011999999,-12.41,177647,1.4,17.62,1.36,17.9,-0.22,18.42,-3.04,18.87,-5.35,2.02,168.74,155944,126594,132096,
2232,WENNU,Financial Services,Shell Companies,NASDAQ,92.92,61.93,99.09,74.72,91.45,57.67,91.16,46.14,89.18,40.35,86.73,34.76,10.64,0.0,0.0,1.72,1.33,3.7,58.73,,,0.0,-5.3,0,0.0,10.64,0.0,10.64,0.0,10.57,0.66,10.51,1.24,0.11,-0.0,0,156,234,
2233,WSBCO,Financial Services,Banks - Regional,NASDAQ,92.92,61.93,97.68,64.29,92.08,59.41,94.22,57.28,92.38,51.34,91.04,47.27,25.12,0.16,-0.36,-0.99,-0.09,3.57,58.42,,,0.0013,-3.5,9174,0.86,24.91,0.84,24.99,0.52,25.14,-0.08,25.19,-0.28,0.89,53.47,16947,10655,14039,0.035
2234,XFLT,Financial Services,Asset Management,NYSE,92.91,61.9,98.97,74.27,94.06,63.13,96.94,62.24,78.57,28.24,69.92,19.26,18.94,-1.92,-1.71,-1.83,2.59,-7.18,42.18,294108361.9058304,15230884.0,0.0017,-28.39,142645,1.57,19.07,-0.68,19.13,-0.99,19.23,-1.51,19.01,-0.37,1.2,39.7,128594,90674,80558,
2235,FSUN,Financial Services,Banks - Regional,NASDAQ,92.9,61.85,96.81,59.48,92.22,59.71,98.46,64.44,83.73,33.83,92.71,50.45,38.49,-2.61,-3.15,-4.16,-1.28,-0.7,50.41,1736918484.438881,43950366.0,0.0328,-9.09,163300,0.45,38.9,-1.05,38.93,-1.13,39.23,-1.89,39.77,-3.22,2.29,9.08,304120,363763,321448,0.422
2236,TOWN,Financial Services,Banks - Regional,NASDAQ,92.9,61.85,94.03,44.87,95.68,65.69,98.24,63.95,98.27,61.47,94.61,53.94,34.96,-2.97,-3.85,-4.78,-7.8,6.21,62.57,3330514905.4115295,92437275.0,5.28,-10.43,434600,0.82,35.29,-0.94,35.59,-1.77,36.11,-3.18,36.77,-4.92,1.72,4.98,596420,529390,546360,1.178
2237,WYHG,Consumer Defensive,Packaged Foods,NASDAQ,92.9,61.85,68.94,5.3,122.23,88.97,121.84,87.53,141.7,92.32,39.54,5.78,3.08,-16.53,-25.42,-32.31,-20.82,6.94,63.59,131294504.57597065,35581166.0,0.0042,-88.23,15200,0.02,3.46,-10.98,3.61,-14.68,3.94,-21.83,4.58,-32.75,8.99,0.0,35210,791763,2241512,-0.075
2238,WSTNU,Financial Services,Shell Companies,NASDAQ,92.9,61.85,98.99,74.34,90.12,52.22,91.71,48.69,88.98,39.92,89.28,42.45,10.34,0.58,0.58,0.58,2.48,,,,,0.0,-7.68,0,0.0,10.3,0.39,10.29,0.49,10.29,0.49,10.24,0.98,0.56,-0.0,770,256,164,
2239,AMR,Basic Materials,Coking Coal,NYSE,92.9,61.85,96.72,59.14,85.54,41.21,105.82,74.81,76.33,26.16,106.94,71.23,181.57,5.85,4.09,-13.29,26.26,-11.46,37.94,2174963294.174576,12679045.0,0.1472,-28.47,224300,0.74,175.33,3.56,172.82,5.06,179.21,1.32,185.32,-2.02,4.77,93.17,249260,304863,331682,-0.104
2240,NOEM,Financial Services,Shell Companies,NASDAQ,92.89,61.79,97.69,64.37,90.96,56.15,93.8,56.23,91.38,48.76,89.98,44.71,10.63,1.14,0.47,-0.56,-11.42,2.61,56.17,39060048.00063133,3716465.0,0.0001,-15.77,100,0.67,10.61,0.19,10.59,0.38,10.6,0.28,10.76,-1.21,0.17,-0.0,220,150,2836,
2241,HAL,Energy,Oil & Gas Equipment & Services,NYSE,92.89,61.79,92.88,39.68,94.09,63.16,104.7,73.45,110.56,77.14,130.57,85.88,32.55,2.2,-0.64,-9.18,3.35,17.06,73.43,26535202506.764015,833130367.0,0.056700002,-25.33,5140300,0.49,32.47,0.25,32.19,1.12,33.11,-1.69,33.96,-4.15,2.5,15.97,9549540,10397856,10446276,0.037
2242,HTB,Financial Services,Banks - Regional,NYSE,92.89,61.79,94.74,48.8,91.93,59.0,99.47,66.22,105.53,71.56,102.7,66.0,45.71,-1.89,-1.04,-5.83,-10.38,3.12,57.4,770305365.0628433,16533706.0,0.0714,-12.93,65900,0.32,46.25,-1.17,46.1,-0.85,46.52,-1.74,47.63,-4.03,2.18,3.02,164060,206396,211320,-0.01
2243,VTR,Real Estate,REIT - Healthcare Facilities,NYSE,92.88,61.75,90.22,30.69,96.62,67.16,103.22,71.74,114.32,80.48,105.35,69.38,82.04,-2.34,-4.68,-8.29,-10.21,6.16,62.49,43092624715.36164,512946359.0,0.0442,-19.25,4088200,1.06,81.41,0.77,83.27,-1.48,85.29,-3.81,88.62,-7.42,2.1,41.29,3793290,3844876,3522582,0.217
2244,WSTN,Financial Services,Shell Companies,NASDAQ,92.87,61.73,98.77,73.43,90.65,54.9,92.11,50.64,90.88,46.61,89.26,42.38,10.25,0.99,0.64,0.89,1.08,,,80272418.93310356,7908613.0,1.73,0.49,600,0.09,10.22,0.29,10.18,0.69,10.17,0.79,10.17,0.79,0.17,58.33,16670,6960,11842,
2245,UTF,Financial Services,Asset Management,NYSE,92.87,61.73,98.29,69.83,86.97,44.23,94.5,57.87,101.44,66.06,97.97,59.11,25.74,2.26,6.45,-0.73,-6.33,14.2,70.81,2814260200.3604336,111810099.0,0.0011,-8.43,246554,0.64,25.5,0.94,25.02,2.88,24.93,3.25,26.06,-1.23,1.48,62.94,405785,386995,329065,0.172
2246,XCBEU,Financial Services,Shell Companies,NASDAQ,92.86,61.68,98.72,73.14,91.27,57.18,92.8,53.68,89.71,41.53,88.29,38.46,10.25,0.0,0.0,0.0,2.19,,,,,2.96,-5.62,0,0.0,10.25,0.0,10.25,0.0,10.25,0.0,10.17,0.79,,,0,60,146,
2247,PGACU,Financial Services,Shell Companies,NASDAQ,92.86,61.68,98.53,72.18,91.32,57.4,93.11,54.53,92.17,50.87,89.02,41.52,10.89,0.37,0.37,0.37,1.02,5.73,61.64,,,0.0,-31.94,1222,0.38,10.9,-0.09,10.87,0.18,10.86,0.28,10.87,0.18,3.46,-0.0,7061,3208,2036,
2248,OCCIM,Financial Services,Asset Management,NASDAQ,92.86,61.68,97.18,61.14,92.16,59.63,94.73,58.37,94.16,54.89,92.85,50.73,24.75,-0.68,-0.88,-1.1,-0.1,3.91,59.03,,,1.61,-5.03,18377,5.04,24.88,-0.52,24.88,-0.52,24.95,-0.8,24.95,-0.8,0.49,0.83,3327,3645,3883,-0.102
2249,SSB,Financial Services,Banks - Regional,NYSE,92.86,61.68,95.11,50.97,95.2,64.96,100.28,67.66,96.8,59.26,95.93,56.39,100.25,-1.63,-2.16,-5.41,-4.18,5.09,60.8,9882675115.07135,96974534.0,0.035099998,-10.65,781700,1.13,100.36,-0.11,100.57,-0.32,102.19,-1.9,105.26,-4.76,1.78,51.44,715210,691033,735154,-0.001
2250,CCNEP,Financial Services,Banks - Regional,NASDAQ,92.85,61.64,97.22,61.37,92.34,60.0,93.89,56.49,92.45,51.46,93.59,52.13,24.58,-0.41,-1.29,-0.69,-0.05,3.45,58.11,,,1.69,-3.61,0,0.0,24.62,-0.16,24.66,-0.32,24.73,-0.61,24.8,-0.89,0.68,0.0,980,1073,1124,0.51
2251,APACU,Financial Services,Shell Companies,NASDAQ,92.84,61.6,98.63,72.7,90.66,54.98,92.65,53.01,91.84,50.1,89.52,43.25,10.45,0.0,0.58,0.48,0.97,4.08,59.32,,,0.68,-4.04,0,0.0,10.45,0.0,10.44,0.1,10.42,0.29,10.39,0.58,0.04,0.0,10,76,54,
2252,MED,Consumer Cyclical,Personal Services,NYSE,92.84,61.6,95.61,53.55,97.73,69.04,93.7,55.99,78.53,28.15,78.07,25.34,11.61,-1.02,-4.6,-3.57,17.15,2.47,55.84,131149641.07188034,11180703.0,0.1725,-17.95,58400,0.52,11.53,0.69,11.57,0.35,11.8,-1.61,11.85,-2.03,2.53,64.56,98460,112183,141102,-0.276
2253,CCID,Financial Services,Asset Management,NYSE,92.84,61.6,97.65,64.08,91.68,58.3,93.65,55.87,93.2,53.17,91.6,48.26,24.82,-0.28,-0.64,-0.12,-0.34,4.32,59.59,,,0.65,-2.78,1780,0.42,24.83,-0.04,24.88,-0.24,24.88,-0.24,24.89,-0.28,0.48,83.38,1838,4202,3437,
2254,PGAC,Financial Services,Shell Companies,NASDAQ,92.83,61.55,98.61,72.55,91.03,56.41,92.95,54.06,91.93,50.31,90.33,45.74,10.77,-0.09,0.56,0.56,0.28,4.06,59.27,118854887.05587387,11025500.0,0.0066000004,-5.44,0,0.0,10.78,-0.09,10.78,-0.09,10.74,0.28,10.71,0.56,0.12,-0.0,620,1180,806,
2255,ONBPO,Financial Services,Banks - Regional,NASDAQ,92.83,61.55,97.72,64.54,91.89,58.85,93.62,55.78,92.29,51.08,91.78,48.65,24.73,-0.32,-0.18,-0.68,0.55,3.61,58.57,,,2.48,-2.83,500,0.08,24.72,0.04,24.76,-0.12,24.81,-0.32,24.86,-0.52,1.08,0.0,8420,6246,6002,0.288
2256,PCYO,Utilities,Utilities - Regulated Water,NASDAQ,92.83,61.55,98.95,74.15,90.14,52.32,91.91,49.81,88.5,39.19,94.39,53.58,11.11,1.93,2.21,-0.09,3.73,-1.86,49.02,262661323.80758286,24097370.0,0.0251,-10.69,46000,0.54,10.98,1.18,10.97,1.28,11.01,0.91,11.11,0.0,1.54,43.7,74520,84543,85366,0.6
2257,DYNC,Financial Services,Shell Companies,NASDAQ,92.8,61.51,98.24,69.31,91.65,58.1,93.1,54.46,91.45,49.12,90.06,45.02,10.9,-0.05,0.05,-0.09,0.46,5.72,61.62,241363990.45476246,22133333.0,0.0005,-0.77,11500,0.39,10.91,-0.09,10.9,0.0,10.9,0.0,10.88,0.18,0.31,29.23,48910,29530,37786,
2258,TRNO,Real Estate,REIT - Industrial,NYSE,92.8,61.51,95.77,54.5,96.2,66.4,95.04,58.9,111.61,78.13,101.13,63.8,64.79,0.39,-1.09,0.13,-9.65,10.23,67.24,7032943907.165298,108970310.0,0.1035,-17.93,402300,0.54,64.25,0.84,64.6,0.29,64.97,-0.28,66.33,-2.32,1.6,47.17,728290,750980,699950,0.111
2259,ACGCU,Financial Services,Shell Companies,NASDAQ,92.79,61.49,98.74,73.28,91.25,57.12,91.7,48.63,90.5,45.01,88.91,41.14,10.24,-6.06,-0.1,1.19,1.59,,,,,0.02,-19.43,400,1.74,10.77,-4.92,10.82,-5.36,10.47,-2.2,10.26,-0.19,4.44,0.0,440,230,268,
2260,SZZL,Financial Services,Shell Companies,NASDAQ,92.78,61.47,98.42,71.25,91.12,56.78,92.48,52.4,90.92,46.8,89.23,42.3,10.5,0.19,0.1,0.33,1.16,3.3,57.8,327674655.8472557,31266667.0,0.01,0.0,205500,7.09,10.49,0.1,10.49,0.1,10.48,0.19,10.45,0.48,0.05,186.67,45120,29000,73634,
2261,SOLS,Basic Materials,Specialty Chemicals,NASDAQ,92.77,61.44,103.03,84.69,79.19,30.53,87.98,38.8,87.28,37.64,135.78,87.54,61.35,6.33,8.3,-0.29,7.04,22.75,77.65,9165493312.490925,158847369.0,0.0419,-32.43,1686200,0.62,60.25,1.83,58.52,4.84,58.26,5.3,59.66,2.83,3.26,79.57,2123510,2730593,2521572,0.111
2262,TCBK,Financial Services,Banks - Regional,NASDAQ,92.77,61.44,93.08,40.39,96.67,67.23,99.54,66.45,120.41,84.83,104.27,68.23,51.41,-2.24,-1.85,-3.96,-10.67,7.38,64.11,1681125076.5777206,31966630.0,0.048499998,-16.69,178400,0.66,51.79,-0.73,51.79,-0.73,52.43,-1.95,54.1,-4.97,1.89,14.38,247330,268313,252694,0.104
2263,TDAC,Financial Services,Shell Companies,NASDAQ,92.77,61.44,97.89,65.74,91.61,57.92,93.17,54.72,91.39,48.81,91.09,47.35,10.82,0.04,-0.42,-0.33,-0.06,3.48,58.22,237039143.31436157,21907500.0,0.001,-1.19,7500,0.8,10.82,0.0,10.83,-0.09,10.85,-0.28,10.85,-0.28,0.32,0.0,3730,9343,26128,
2264,RFAMU,Financial Services,Shell Companies,NASDAQ,92.76,61.38,99.65,76.53,89.44,49.2,91.11,45.98,89.99,42.71,88.55,39.78,10.19,0.0,1.9,1.8,1.9,,,,,0.0,-6.43,0,0.0,10.19,0.0,10.18,0.1,10.12,0.69,10.06,1.29,0.41,0.0,670,546,7984,
2265,FIEE,Technology,Communication Equipment,NASDAQ,92.76,61.38,89.75,29.19,93.18,61.46,96.08,60.67,80.41,30.1,322.86,98.24,3.66,-0.27,-4.94,-7.58,20.39,40.77,85.66,31299955.31068039,8528598.0,0.0101,-65.44,3900,0.28,3.66,0.0,3.65,0.27,3.75,-2.4,3.93,-6.87,3.26,50.3,3970,13776,220220,106.246
2266,UMBF,Financial Services,Banks - Regional,NASDAQ,92.76,61.38,91.41,34.0,97.66,68.88,103.11,71.62,113.36,79.6,101.45,64.13,130.3,-0.49,-4.06,-6.59,-10.13,9.82,66.91,9944897113.624878,75950030.0,0.056799997,-15.01,496000,0.73,129.76,0.42,130.48,-0.14,133.21,-2.18,139.97,-6.91,2.12,45.97,680560,675210,597422,0.122
2267,KFII,Financial Services,Shell Companies,NASDAQ,92.76,61.38,98.44,71.37,91.14,56.87,92.68,53.15,91.4,48.89,90.42,46.02,10.69,0.08,0.19,0.38,0.85,3.59,58.47,419293967.276001,39256060.0,0.02,0.0,2000,0.04,10.7,-0.09,10.69,0.0,10.68,0.09,10.65,0.38,0.08,0.0,50430,52820,32374,
2268,NTWO,Financial Services,Shell Companies,NASDAQ,92.75,61.31,97.24,61.54,91.92,58.94,93.98,56.67,91.14,47.82,90.34,45.77,10.81,0.0,-0.46,-0.83,0.93,3.74,58.8,260698023.86963367,24116375.0,0.0011,-10.96,1438800,5.21,10.82,-0.09,10.82,-0.09,10.86,-0.46,10.92,-1.01,0.54,17.18,398850,276330,448414,
2269,GSHR,Financial Services,Shell Companies,NASDAQ,92.75,61.31,98.45,71.45,91.04,56.47,92.62,52.88,91.17,47.99,89.94,44.54,10.58,0.0,0.09,0.28,0.86,3.22,57.66,216404471.65947533,20454109.0,0.05,-5.54,108,0.01,10.58,0.0,10.57,0.09,10.56,0.19,10.54,0.38,0.04,0.0,170,16513,37384,
2270,SPG,Real Estate,REIT - Retail,NYSE,92.75,61.31,93.63,43.01,93.92,62.9,96.73,61.89,113.98,80.06,109.96,74.5,199.42,-0.76,-2.64,-2.64,-12.53,10.43,67.53,65019283551.82472,323559515.0,0.0,-16.39,1184400,0.94,199.95,-0.27,201.11,-0.84,202.97,-1.75,210.43,-5.23,1.33,15.47,1189850,1254860,1264544,0.195
2271,INAC,Financial Services,Shell Companies,NASDAQ,92.75,61.31,98.7,73.04,90.74,55.29,92.65,53.01,91.29,48.45,89.51,43.2,10.39,0.0,0.58,0.44,1.07,3.59,58.47,153304455.06572723,14755000.0,0.06,-0.1,4200,0.39,10.38,0.1,10.37,0.19,10.36,0.29,10.33,0.58,0.16,-0.0,25670,10753,6756,
2272,FRMEP,Financial Services,Banks - Regional,NASDAQ,92.74,61.25,98.31,70.03,90.6,54.62,93.43,55.37,92.21,50.95,91.69,48.5,25.31,0.62,0.44,0.64,0.44,5.3,61.05,,,1.12,-6.57,0,0.0,25.3,0.04,25.25,0.24,25.22,0.36,25.19,0.48,0.11,0.0,430,773,1114,0.028
2273,EVRG,Utilities,Utilities - Regulated Electric,NASDAQ,92.74,61.25,98.15,68.32,88.69,47.62,95.51,59.82,102.78,68.06,100.26,62.62,80.96,2.26,3.74,-0.81,-1.94,14.61,71.21,18254002585.0589,230567172.0,0.1035,-8.64,1481400,0.65,80.24,0.9,79.43,1.93,79.55,1.77,81.01,-0.06,1.36,53.6,2505910,2284710,2160512,0.044
2274,LCCC,Financial Services,Shell Companies,NASDAQ,92.74,61.25,98.36,70.69,91.06,56.61,92.97,54.13,91.42,48.99,90.17,45.19,10.54,0.0,0.19,0.09,0.57,3.43,58.06,93858699.66030121,8905000.0,0.41,-0.19,0,0.0,10.54,0.0,10.54,0.0,10.53,0.09,10.51,0.29,0.01,0.0,200,423,1966,
2275,TAVI,Financial Services,Shell Companies,NASDAQ,92.72,61.2,98.5,71.88,91.04,56.47,92.45,52.27,91.25,48.34,90.29,45.54,10.78,0.09,0.14,0.37,0.75,3.55,58.37,171467378.69797897,15920833.0,0.01,-9.49,0,0.0,10.78,0.0,10.77,0.09,10.77,0.09,10.73,0.47,0.03,0.01,8140,3146,5534,
2276,STKE,Financial Services,Capital Markets,NASDAQ,92.72,61.2,107.34,89.84,100.11,72.16,51.7,9.44,49.88,10.07,33.91,4.55,1.53,-10.53,-7.27,45.71,50.0,-17.74,32.62,67918978.51514816,39718700.0,0.0066000004,-66.67,128200,0.31,1.66,-7.83,1.66,-7.83,1.48,3.38,1.29,18.6,11.95,2.74,450510,418710,326490,-0.412
2277,UL,Consumer Defensive,Household & Personal Products,NYSE,92.72,61.2,97.77,64.9,90.28,53.06,90.59,44.41,90.74,45.97,76.67,24.28,62.26,4.29,-0.45,0.39,-3.81,-1.68,49.28,128566288360.71997,2153539141.0,1.17,-16.96,2083300,0.65,61.19,1.75,60.97,2.12,61.73,0.86,62.73,-0.75,1.49,56.0,3134380,3206250,3392724,0.005
2278,KCHV,Financial Services,Shell Companies,NASDAQ,92.7,61.16,98.53,72.18,90.92,55.94,92.46,52.33,90.93,46.88,90.02,44.9,10.49,0.19,0.38,0.38,1.16,3.6,58.53,358674819.62770844,34257384.0,0.01,0.1,0,0.0,10.48,0.1,10.47,0.19,10.46,0.29,10.44,0.48,0.05,0.0,29140,29026,30088,
2279,CR,Industrials,Specialty Industrial Machinery,NYSE,92.7,61.16,96.95,60.24,96.23,66.47,95.82,60.3,104.25,69.89,93.92,52.62,204.75,-1.66,-1.01,1.45,-4.28,9.26,66.38,12034033942.807312,57800356.0,0.0217,-11.17,250800,0.65,205.79,-0.51,206.28,-0.74,203.28,0.72,207.82,-1.48,2.46,71.42,338020,385376,383622,0.256
2280,EW,Healthcare,Medical Devices,NYSE,92.69,61.14,94.7,48.46,91.21,57.08,92.37,51.94,100.58,64.91,92.52,50.09,85.21,0.07,-1.25,1.0,-1.97,-1.53,49.52,49029370878.601074,575800000.0,0.0179,-11.51,3890500,1.13,85.79,-0.68,86.05,-0.98,86.57,-1.57,88.62,-3.85,2.53,92.4,3761800,3454493,3300834,0.136
2281,HAVA,Financial Services,Shell Companies,NASDAQ,92.68,61.12,98.52,72.09,90.81,55.51,92.58,52.74,90.8,46.34,89.37,42.71,10.25,0.1,0.29,0.39,0.99,3.27,57.74,211898250.6237049,20693189.0,0.0,0.1,0,0.0,10.25,0.0,10.24,0.1,10.23,0.2,10.2,0.49,0.02,0.0,20520,55733,46240,
2282,COPL,Financial Services,Shell Companies,NYSE,92.67,61.1,98.52,72.09,91.26,57.13,92.69,53.19,91.27,48.4,90.03,44.92,10.57,-0.14,0.14,0.33,0.96,3.73,58.78,234790130.4311533,22181401.0,0.00029999999,-1.12,0,0.0,10.57,0.0,10.57,0.0,10.56,0.09,10.53,0.38,0.17,0.0,30560,12420,26192,
2283,DRDB,Financial Services,Shell Companies,NASDAQ,92.67,61.1,98.48,71.72,91.13,56.83,92.49,52.44,90.46,44.9,89.83,44.24,10.72,-0.09,0.09,0.47,1.04,2.78,56.51,329053322.8719139,30666667.0,0.0001,-0.09,554389,17.58,10.72,0.0,10.72,0.0,10.7,0.19,10.67,0.47,0.13,-0.0,68458,31529,40111,
2284,TAVIU,Financial Services,Shell Companies,NASDAQ,92.66,61.07,98.47,71.62,90.58,54.49,90.17,43.39,90.83,46.42,90.0,44.8,10.85,-0.46,0.46,0.0,1.12,3.33,57.88,,,0.07,-32.48,288,0.19,10.95,-0.91,10.89,-0.37,10.84,0.09,10.81,0.37,0.23,-0.0,100,1499,901,
2285,CHPG,Financial Services,Shell Companies,NASDAQ,92.65,61.05,98.64,72.8,90.6,54.62,92.67,53.11,91.28,48.42,89.82,44.19,10.52,0.38,0.67,0.19,0.96,3.75,58.82,104666752.70818329,9987286.0,0.00059999997,0.19,1006,0.15,10.51,0.1,10.48,0.38,10.47,0.48,10.46,0.57,0.09,-0.0,1400,6590,4322,
2286,PACH,Financial Services,Shell Companies,NASDAQ,92.64,61.04,98.72,73.14,90.76,55.36,92.26,51.41,91.12,47.74,89.72,43.93,10.38,-0.19,0.48,0.44,1.07,3.18,57.52,328899987.9360199,31625000.0,0.0001,-0.19,1456600,13.46,10.38,0.0,10.37,0.1,10.35,0.29,10.32,0.58,0.32,59.58,178320,108193,69030,
2287,LUV,Industrials,Airlines,NYSE,92.62,61.02,97.1,60.76,92.91,61.2,90.86,45.12,115.41,81.44,107.88,72.45,41.66,-1.91,-2.39,6.17,-8.21,0.39,52.07,20776672893.64798,489208201.0,0.059699997,-24.41,6873200,1.13,41.81,-0.36,41.94,-0.67,41.28,0.92,41.77,-0.26,2.88,86.72,6299950,6072106,5457788,0.164
2288,APAC,Financial Services,Shell Companies,NASDAQ,92.61,60.99,98.33,70.27,90.9,55.81,92.71,53.35,90.95,46.98,89.02,41.52,10.27,0.0,0.1,0.2,0.79,3.42,58.04,82677786.27518845,8050417.0,0.0036000002,-0.0,0,0.0,10.27,0.0,10.27,0.0,10.26,0.1,10.24,0.29,0.01,-0.03,39590,15646,11064,
2289,SIMA,Financial Services,Shell Companies,NASDAQ,92.61,60.99,98.21,68.86,90.78,55.42,94.16,57.16,92.06,50.59,90.3,45.6,10.98,0.09,0.46,-1.52,0.37,3.88,58.97,90167204.14482594,8219435.0,0.0011,-14.88,5000,1.41,11.28,-2.66,11.11,-1.17,11.05,-0.63,11.02,-0.36,1.74,36.57,3360,3553,2990,
2290,PLOW,Consumer Cyclical,Auto Parts,NYSE,92.61,60.99,94.05,45.01,88.38,46.85,94.09,56.98,113.55,79.79,137.42,88.03,39.19,-3.26,-1.38,-1.89,-7.86,18.46,74.52,934851094.7259445,23077046.0,0.0315,-28.75,152200,0.81,39.94,-1.88,39.85,-1.66,39.78,-1.48,41.03,-4.48,2.32,9.88,203680,188083,243594,0.105
2291,ATIIU,Financial Services,Shell Companies,NASDAQ,92.6,60.95,96.64,58.7,90.62,54.72,94.19,57.23,98.64,62.06,89.19,42.17,11.24,-0.79,-0.53,-2.32,0.09,7.05,63.68,,,1.41,-77.96,904,5.32,11.27,-0.27,11.29,-0.44,11.32,-0.71,11.38,-1.23,0.29,152.18,340,170,284,
2292,UBCP,Financial Services,Banks - Regional,NASDAQ,92.6,60.95,94.62,48.1,88.65,47.54,98.92,65.24,96.15,58.31,107.2,71.48,14.66,-0.88,-1.08,-6.74,-1.75,7.29,63.99,84828311.00120735,5735518.0,0.0015,-15.46,3501,0.51,14.31,2.45,14.49,1.17,15.04,-2.53,15.31,-4.25,3.65,46.68,6520,6836,4898,0.092
2293,STRA,Consumer Defensive,Education & Training Services,NASDAQ,92.59,60.91,99.93,77.31,86.85,43.97,94.22,57.28,86.9,37.25,92.0,48.98,82.39,3.35,7.24,0.89,-2.45,4.94,60.53,1770386630.5888367,22207559.0,0.103199996,-8.18,238500,0.79,80.91,1.83,79.24,3.98,79.6,3.51,81.11,1.58,2.69,15.33,282860,303083,284178,0.049
2294,SSP,Communication Services,Broadcasting,NASDAQ,92.59,60.91,95.13,51.09,83.14,36.52,90.94,45.35,92.66,51.95,200.42,96.21,2.86,4.38,3.62,-9.49,1.06,-29.56,24.36,253913036.22376037,92668991.0,0.1062,-46.94,396400,0.61,2.85,0.35,2.75,4.0,2.91,-1.72,3.09,-7.44,5.57,12.56,648650,655176,654734,-0.092
2295,CRCL,Financial Services,Capital Markets,NYSE,92.59,60.91,99.41,75.85,90.46,53.88,87.2,37.55,45.63,8.35,97.67,58.75,84.51,4.01,-5.04,-6.72,31.55,-2.86,47.82,20627415331.25,253875881.0,0.0958,-47.01,12975700,0.95,82.72,2.16,82.94,1.89,86.85,-2.69,83.32,1.43,5.8,83.84,9851170,13646163,14040442,0.066
2296,CHSCO,Consumer Defensive,Farm Products,NASDAQ,92.58,60.85,98.63,72.7,91.17,56.94,92.06,50.36,91.5,49.28,91.75,48.6,25.66,-0.08,0.43,1.01,2.0,4.96,60.59,,,0.67,-5.07,26574,1.47,25.63,0.12,25.66,0.0,25.63,0.12,25.48,0.71,0.89,74.61,25707,18109,17771,0.186
2297,PIII,Healthcare,Medical Care Facilities,NASDAQ,92.58,60.85,58.72,2.66,110.73,82.4,121.22,87.25,277.75,98.58,53.1,9.85,4.95,-22.17,-29.79,-41.28,-51.57,37.12,84.51,24880078.842303276,3911962.0,0.0088,-70.69,10100,0.66,5.54,-10.65,6.06,-18.32,6.89,-28.16,8.78,-43.62,8.04,4.52,8530,15296,35936,0.086
2298,QUMS,Financial Services,Shell Companies,NASDAQ,92.58,60.85,98.28,69.73,90.96,56.15,92.76,53.55,91.26,48.37,89.59,43.54,10.35,0.0,0.1,0.1,0.68,3.5,58.24,118058831.85129166,11406650.0,0.00029999999,-0.1,0,0.0,10.35,0.0,10.35,0.0,10.34,0.1,10.33,0.19,0.04,-0.01,39180,26766,31158,
2299,WLIIU,Financial Services,Shell Companies,NASDAQ,92.58,60.85,98.06,67.25,90.46,53.88,92.56,52.71,92.05,50.56,88.46,39.32,10.44,0.0,0.0,0.0,0.38,,,,,1.44,-5.09,0,,10.44,0.0,10.44,0.0,10.44,0.0,10.43,0.1,,,0,0,132,
2300,SDHI,Financial Services,Shell Companies,NASDAQ,92.57,60.8,98.51,71.98,90.9,55.81,92.63,52.95,90.91,46.74,89.55,43.36,10.57,0.09,0.38,0.38,1.05,3.42,58.04,367889294.61860657,34838000.0,0.01,0.09,2000,0.05,10.57,0.0,10.56,0.09,10.55,0.19,10.52,0.48,0.12,80.0,34840,39750,49090,
2301,JACS,Financial Services,Shell Companies,NYSE,92.57,60.8,98.2,68.76,91.45,57.67,92.7,53.25,91.12,47.74,89.95,44.57,10.8,0.09,-0.28,0.37,0.89,3.45,58.11,319276098.8712311,29590000.0,0.00029999999,-0.28,1100,0.03,10.82,-0.18,10.82,-0.18,10.8,0.0,10.76,0.37,0.22,-0.0,4480,35276,21452,
2302,RFL,Real Estate,Real Estate Services,NYSE,92.55,60.75,72.71,6.77,104.08,76.33,127.15,89.65,153.72,94.3,75.94,23.59,1.6,3.9,-17.53,-29.82,-20.0,33.33,83.22,80079991.85635757,51999996.0,0.0366,-59.6,93900,0.43,1.5,6.67,1.59,0.63,1.84,-13.04,2.02,-20.79,11.61,53.85,365760,219006,170790,-0.506
2303,LPBBU,Financial Services,Shell Companies,NASDAQ,92.55,60.75,98.51,71.98,90.39,53.65,92.09,50.54,91.52,49.38,89.4,42.9,10.91,0.37,0.55,0.55,0.55,3.02,57.19,,,0.65,-6.51,0,0.0,10.89,0.18,10.88,0.28,10.87,0.37,10.86,0.46,0.39,0.0,260,86,104,
2304,ALDF,Financial Services,Shell Companies,NASDAQ,92.55,60.75,98.27,69.68,91.3,57.33,92.65,53.01,90.83,46.42,89.7,43.86,10.82,0.0,-0.09,0.0,0.42,3.0,57.12,323174066.36494446,29868214.0,0.0001,-0.09,0,0.0,10.82,0.0,10.82,0.0,10.82,0.0,10.79,0.28,0.06,0.01,11640,37656,37762,
2305,CRAQU,Financial Services,Shell Companies,NASDAQ,92.55,60.75,99.47,76.04,90.18,52.57,89.73,42.43,94.7,55.9,88.74,40.52,10.74,0.0,2.29,2.38,1.99,2.29,55.32,,,11.79,-6.61,0,0.0,10.74,0.0,10.69,0.47,10.59,1.42,10.55,1.8,0.28,0.0,60,106,64,
2306,OLP,Real Estate,REIT - Diversified,NYSE,92.54,60.69,93.89,44.17,91.78,58.5,94.85,58.54,106.52,72.58,97.66,58.73,21.96,-0.32,-0.36,-3.41,-8.05,15.63,72.16,482467016.65784836,21900454.0,0.0291,-15.15,45900,0.57,21.99,-0.14,22.01,-0.23,22.22,-1.17,23.01,-4.56,1.76,31.07,86630,80863,81378,0.103
2307,VNME,Financial Services,Shell Companies,NASDAQ,92.54,60.69,98.56,72.31,90.62,54.72,92.06,50.36,90.37,44.38,89.36,42.66,10.31,-0.19,0.39,0.39,0.59,2.59,56.11,258249998.09265137,25000000.0,0.0023,-0.19,0,0.0,10.31,0.0,10.32,-0.1,10.3,0.1,10.28,0.29,0.13,-0.0,89090,45550,32880,
2308,GTERU,Financial Services,Shell Companies,NASDAQ,92.54,60.69,98.92,74.03,90.21,52.78,91.93,49.9,90.42,44.7,89.76,44.07,10.57,1.15,0.67,0.67,0.76,2.62,56.2,,,0.15,-3.03,0,0.0,10.52,0.48,10.49,0.76,10.49,0.76,10.48,0.86,0.14,0.0,430,766,944,
2309,OYSE,Financial Services,Shell Companies,NASDAQ,92.53,60.63,98.34,70.43,91.01,56.37,92.15,50.85,91.1,47.66,89.71,43.89,10.4,0.0,0.07,0.24,0.82,3.22,57.66,352877772.59891796,33914251.0,0.01,-0.1,400,0.01,10.41,-0.1,10.41,-0.1,10.4,0.0,10.37,0.29,0.05,0.01,12720,51106,41024,
2310,AVY,Consumer Cyclical,Packaging & Containers,NYSE,92.53,60.63,97.42,62.54,92.11,59.52,93.16,54.68,86.12,36.36,88.12,37.67,167.82,-1.21,-1.48,-0.92,-3.45,-5.7,43.86,12874131311.480713,75788142.0,0.0327,-15.9,510800,0.5,168.17,-0.21,169.57,-1.03,170.1,-1.34,173.47,-3.26,2.15,45.14,679320,1031596,918788,0.109
2311,SOUL,Financial Services,Shell Companies,NYSE,92.53,60.63,98.4,71.08,90.98,56.25,92.62,52.88,90.95,46.98,90.18,45.21,10.49,0.0,0.19,0.29,0.87,3.45,58.11,356170455.3986988,33953333.0,0.0014,-4.64,1000,0.04,10.49,0.0,10.49,0.0,10.48,0.1,10.45,0.38,0.1,0.0,26010,22386,50982,
2312,AIIA,Financial Services,Shell Companies,NYSE,92.53,60.63,98.36,70.69,90.91,55.87,92.21,51.13,91.0,47.22,89.53,43.31,10.27,-0.44,0.05,0.15,0.74,3.32,57.84,198879908.09440613,19290000.0,0.0013,-0.68,400,0.01,10.28,-0.1,10.28,-0.1,10.27,0.0,10.24,0.29,0.45,10.77,21700,40540,26444,
2313,CRAC,Financial Services,Shell Companies,NASDAQ,92.52,60.57,98.46,71.53,91.04,56.47,92.29,51.57,90.77,46.16,89.28,42.45,10.25,0.0,0.1,0.49,0.99,3.38,57.98,229279687.5,22368750.0,0.0001,-0.1,0,0.0,10.25,0.0,10.25,0.0,10.23,0.2,10.2,0.49,0.04,0.0,41900,17710,17004,
2314,HLXC,Financial Services,Shell Companies,NASDAQ,92.52,60.57,94.95,50.13,93.96,62.97,95.18,59.25,88.75,39.6,88.63,39.99,10.5,-0.66,-4.02,-2.78,-0.1,,,233174193.26782227,22060000.0,0.0001,-6.5,300,0.01,10.52,-0.19,10.59,-0.85,10.68,-1.69,10.72,-2.05,1.39,96.08,13410,32163,30948,
2315,BTI,Consumer Defensive,Tobacco,NYSE,92.52,60.57,98.24,69.31,87.36,44.94,85.92,35.45,106.8,72.93,101.74,64.56,55.5,5.43,1.36,2.07,-8.6,3.53,58.32,113267936025.87814,2151746530.0,0.0016,-17.53,2655600,0.54,54.14,2.51,53.84,3.08,54.51,1.82,55.33,0.31,1.69,18.07,4291890,4881936,4631460,0.014
2316,TACH,Financial Services,Shell Companies,NASDAQ,92.51,60.54,98.34,70.43,90.69,55.09,92.38,51.99,90.74,45.97,89.4,42.9,10.53,-0.05,0.24,0.33,0.91,2.88,56.78,362921858.2464924,34432814.0,0.04,-0.57,227000,4.43,10.53,0.0,10.53,0.0,10.52,0.1,10.5,0.29,0.1,0.0,103000,51273,39182,
2317,HVMC,Financial Services,Shell Companies,NASDAQ,92.5,60.51,98.48,71.72,90.71,55.17,91.96,50.03,90.77,46.16,89.47,43.07,10.29,0.19,0.29,0.39,0.88,2.8,56.58,302040713.4628296,29410000.0,0.0002,0.19,0,0.0,10.29,0.0,10.28,0.1,10.27,0.19,10.25,0.39,0.02,0.0,2560,22660,46272,
2318,ECF,Financial Services,Asset Management,NYSE ARCA,92.5,60.51,97.75,64.69,92.34,60.0,96.17,60.85,98.46,61.79,103.62,67.29,12.11,2.19,1.59,-1.41,0.93,7.63,64.37,161846155.76007652,13657903.0,0.0,-12.56,37663,0.93,11.97,1.17,11.88,1.94,12.04,0.58,12.2,-0.74,1.59,39.76,63066,40312,31725,-0.289
2319,EVAC,Financial Services,Shell Companies,NYSE,92.49,60.49,98.26,69.57,91.01,56.37,92.62,52.88,90.98,47.12,89.23,42.3,10.31,0.0,0.0,0.1,0.78,2.89,56.82,602597440.5056973,58447858.0,0.0001,-0.19,50400,0.35,10.32,-0.1,10.32,-0.1,10.31,0.0,10.29,0.19,0.14,-0.0,111350,143113,100360,
2320,SVAQ,Financial Services,Shell Companies,NASDAQ,92.47,60.46,98.94,74.09,90.19,52.63,91.69,48.57,90.73,45.91,88.28,38.37,10.18,0.49,0.69,1.09,1.6,,,297021236.98551655,29320951.0,0.0001,0.2,485100,5.05,10.16,0.2,10.14,0.39,10.12,0.59,10.07,1.09,0.13,73.68,173770,96020,70244,
2321,FERA,Financial Services,Shell Companies,NASDAQ,92.47,60.46,98.4,71.08,90.84,55.59,92.25,51.34,90.63,45.56,89.59,43.54,10.55,0.0,0.09,0.29,1.05,2.58,56.06,329863342.81364346,31266667.0,0.05,-0.0,252612,8.2,10.56,-0.09,10.55,0.0,10.54,0.09,10.51,0.38,0.06,-0.0,44081,30797,32966,
2322,POCI,Healthcare,Medical Instruments & Supplies,NASDAQ,92.46,60.4,98.17,68.52,90.58,54.49,82.11,30.33,87.53,37.95,89.76,44.07,4.58,2.69,-1.08,5.05,10.1,8.27,65.21,48938652.7385788,10972792.0,0.0007,-25.53,15000,0.24,4.55,0.66,4.44,3.15,4.45,2.92,4.38,4.57,5.66,0.0,107540,63006,57792,0.42
2323,FIGX,Financial Services,Shell Companies,NASDAQ,92.46,60.4,98.41,71.16,90.79,55.47,92.08,50.46,90.95,46.98,89.72,43.93,10.35,0.29,0.19,0.29,0.98,2.99,57.07,200059272.56398773,19385589.0,0.03,-0.29,7000,0.33,10.33,0.19,10.32,0.29,10.32,0.29,10.31,0.39,0.04,-0.01,6000,21053,15188,
2324,TACHU,Financial Services,Shell Companies,NASDAQ,92.46,60.4,98.07,67.36,90.93,56.0,93.06,54.32,92.72,52.15,89.15,42.01,10.75,0.0,0.0,0.0,0.0,3.27,57.74,,,0.0,-2.18,0,0.0,10.75,0.0,10.75,0.0,10.75,0.0,10.73,0.19,,,0,40,148,
2325,SOCA,Financial Services,Shell Companies,NASDAQ,92.46,60.4,98.34,70.43,90.54,54.23,92.52,52.62,91.15,47.85,89.24,42.33,10.37,0.29,0.29,0.24,0.63,3.18,57.52,243924936.05961227,23590419.0,0.0001,0.1,2009,0.09,10.37,0.0,10.35,0.19,10.35,0.19,10.34,0.29,0.08,0.0,20450,22270,13580,
2326,HOOD,Financial Services,Capital Markets,NASDAQ,92.46,60.4,93.55,42.66,108.85,80.92,103.86,72.47,91.82,50.05,97.36,58.36,109.02,-3.3,-8.69,-3.15,25.89,-10.91,38.46,101362533537.37305,899082273.0,0.0462,-29.14,13718200,0.62,110.33,-1.19,112.07,-2.72,114.41,-4.71,107.23,1.67,4.44,47.93,20329080,22162026,20818040,0.323
2327,IBAC,Financial Services,Shell Companies,NASDAQ,92.46,60.4,96.6,58.39,94.33,63.48,92.74,53.5,91.1,47.66,90.68,46.51,10.88,-0.27,-3.72,-0.37,0.65,4.11,59.37,54639777.6258049,5008229.0,0.00090000004,-6.53,0,0.0,10.88,0.0,10.95,-0.64,11.06,-1.63,10.95,-0.64,0.86,-0.0,2290,2360,1652,
2328,EGHA,Financial Services,Shell Companies,NASDAQ,92.45,60.32,98.47,71.62,90.82,55.54,92.25,51.34,90.89,46.65,89.62,43.66,10.43,0.0,0.29,0.37,0.88,2.96,56.98,213815006.25610352,20500000.0,0.03,-3.38,0,0.0,10.43,0.0,10.43,0.0,10.41,0.19,10.39,0.38,0.03,-0.01,19880,7586,48350,
2329,CHSCL,Consumer Defensive,Farm Products,NASDAQ,92.45,60.32,98.24,69.31,91.42,57.62,92.92,53.96,92.3,51.12,92.04,49.03,25.05,-0.16,-0.01,0.2,0.84,4.53,59.9,,,0.19,-3.47,28495,0.85,25.1,-0.2,25.1,-0.2,25.09,-0.16,24.99,0.24,0.53,37.45,41969,33356,30125,0.186
2330,RVT,Financial Services,Asset Management,NYSE,92.45,60.32,94.38,46.6,94.72,64.15,99.31,65.85,100.63,64.96,107.97,72.58,16.98,-1.68,-1.68,-4.5,-3.9,9.83,66.94,2145775520.3565521,124248724.0,0.0067000003,-11.19,199279,1.02,17.02,-0.24,17.09,-0.64,17.27,-1.68,17.85,-4.87,1.94,87.62,224607,195622,192485,0.15
2331,GFS,Technology,Semiconductors,NASDAQ,92.44,60.27,94.48,47.17,93.09,61.34,88.79,40.5,122.2,85.83,135.73,87.47,48.24,-3.85,-1.55,3.01,-3.06,32.98,83.1,27965690291.846054,557418603.0,0.1504,-47.88,5925300,1.46,48.57,-0.68,48.53,-0.6,47.3,1.99,47.84,0.84,4.14,34.58,3995520,4052543,4218870,0.058
2332,EMIS,Financial Services,Shell Companies,NASDAQ,92.44,60.27,98.25,69.44,90.85,55.63,92.22,51.2,90.89,46.65,89.08,41.72,10.27,0.0,0.0,0.2,0.59,2.7,56.32,162017812.13160324,15775833.0,0.0004,-0.0,0,0.0,10.27,0.0,10.27,0.0,10.26,0.1,10.24,0.29,0.04,-0.01,0,27890,16848,
2333,WRB,Financial Services,Insurance - Property & Casualty,NYSE,92.44,60.27,102.09,83.06,85.5,41.14,92.84,53.77,91.48,49.21,85.53,33.1,71.91,4.25,7.62,3.02,-1.86,3.61,58.57,25607276196.606163,371227529.0,0.0004,-8.93,1759100,0.54,70.62,1.83,69.44,3.56,69.27,3.81,69.56,3.38,1.88,17.04,2314420,3264840,2600790,0.012
2334,LFMDP,Healthcare,Health Information Services,NASDAQ,92.44,60.27,97.11,60.81,93.7,62.47,94.62,58.1,93.43,53.67,94.63,53.99,22.38,-1.58,-0.95,-0.3,-2.13,15.36,71.95,,,1.8,-7.52,359,0.23,22.67,-1.28,22.63,-1.1,22.62,-1.06,22.72,-1.5,1.78,0.0,2175,1588,1765,-0.035
2335,MMTX,Financial Services,Shell Companies,NASDAQ,92.43,60.21,98.5,71.88,90.72,55.22,92.29,51.57,90.7,45.78,89.25,42.35,10.23,0.24,0.29,0.49,1.29,3.44,58.08,90090759.82646942,8828100.0,0.0002,0.2,100,0.0,10.21,0.2,10.21,0.2,10.2,0.29,10.17,0.59,0.04,0.01,38410,20510,19194,
2336,SVCCU,Financial Services,Shell Companies,NASDAQ,92.43,60.21,99.12,74.79,89.71,50.16,91.14,46.07,89.08,40.12,89.57,43.43,10.86,0.0,1.36,1.36,1.93,3.19,57.57,,,0.0,-14.42,0,0.0,10.86,0.0,10.83,0.28,10.77,0.84,10.71,1.4,0.11,32.94,110,36,26,
2337,ORIQ,Financial Services,Shell Companies,NASDAQ,92.43,60.21,98.17,68.52,91.1,56.7,91.81,49.14,91.16,47.9,89.2,42.21,10.41,0.0,-0.29,0.68,0.68,2.97,57.01,89786248.68392944,8625000.0,0.0005,-0.38,3060,0.2,10.41,0.0,10.41,0.0,10.41,0.0,10.38,0.29,0.07,0.0,12116,15125,12201,
2338,KOYN,Financial Services,Shell Companies,NASDAQ,92.42,60.17,98.43,71.31,90.66,54.98,92.28,51.51,90.6,45.38,89.15,42.01,10.26,0.0,0.29,0.29,0.88,3.12,57.4,323784235.643034,31557917.0,0.0001,-0.19,142061,1.15,10.26,0.0,10.26,0.0,10.24,0.2,10.23,0.29,0.14,-0.0,262776,123412,76055,
2339,CULP,Consumer Cyclical,Textile Manufacturing,NASDAQ,92.41,60.14,100.94,80.48,97.69,68.98,98.77,64.96,93.93,54.56,67.86,17.76,3.67,-5.66,3.09,-2.13,3.67,6.07,62.22,49540411.695988655,12735324.0,0.0066000004,-17.34,30600,0.18,3.68,-0.27,3.72,-1.34,3.67,0.0,3.53,3.97,5.12,58.56,81070,166840,106510,0.065
2340,GIW,Financial Services,Shell Companies,NASDAQ,92.41,60.14,98.51,71.98,90.47,53.94,92.12,50.7,90.58,45.28,88.91,41.14,10.2,0.15,0.39,0.39,0.79,3.03,57.23,371467915.8492842,36472057.0,0.01,0.15,972900,11.12,10.18,0.2,10.18,0.2,10.17,0.29,10.15,0.49,0.1,289.65,116340,87476,87130,
2341,LKSP,Financial Services,Shell Companies,NASDAQ,92.41,60.14,98.41,71.16,90.94,56.05,92.27,51.47,90.9,46.7,89.38,42.77,10.26,0.0,0.1,0.39,0.88,3.64,58.61,161013600.17191887,15693333.0,0.23,-0.0,41533,3.03,10.26,0.0,10.25,0.1,10.24,0.2,10.22,0.39,0.04,-0.01,30313,13711,21458,
2342,HQY,Healthcare,Health Information Services,NASDAQ,92.4,60.1,98.73,73.21,88.1,46.3,98.95,65.3,99.11,62.83,86.61,34.5,92.61,2.85,4.94,-3.79,-8.3,-1.25,49.71,7447685327.568115,82715296.0,0.0771,-13.95,555900,0.61,92.03,0.63,90.37,2.48,91.99,0.67,97.47,-4.99,2.63,24.27,894570,909810,858508,0.076
2343,VHI,Basic Materials,Chemicals,NYSE,92.4,60.1,85.78,20.39,101.82,74.24,117.7,85.33,84.44,34.49,86.91,35.11,14.21,-4.57,-11.13,-22.18,3.35,23.0,77.75,421702573.49331,28321193.0,0.030199999,-25.95,9100,0.69,14.73,-3.53,15.05,-5.58,16.01,-11.24,16.47,-13.72,4.51,10.91,9180,13223,16268,0.122
2344,HCACU,Financial Services,Shell Companies,NASDAQ,92.39,60.07,98.34,70.43,90.58,54.49,91.13,46.04,90.87,46.58,90.96,47.05,10.38,0.0,0.0,0.58,0.78,3.59,58.47,263907755.72961903,25424639.0,0.14,-12.77,0,0.0,10.38,0.0,10.38,0.0,10.38,0.0,10.34,0.39,,,0,480,288,
2345,SORNU,Financial Services,Shell Companies,NASDAQ,92.39,60.07,98.11,67.74,90.62,54.72,92.71,53.35,89.7,41.49,88.27,38.27,10.2,0.0,0.0,-0.49,1.49,,,,,2.33,-2.3,0,0.0,10.2,0.0,10.2,0.0,10.22,-0.2,10.23,-0.29,0.13,0.0,0,73,104,
2346,CRAQ,Financial Services,Shell Companies,NASDAQ,92.38,60.0,98.23,69.16,90.97,56.2,92.51,52.56,91.54,49.43,89.35,42.63,10.41,0.0,0.1,0.19,0.58,2.76,56.43,405904632.0503235,38991800.0,0.01,0.0,301300,5.93,10.41,0.0,10.41,0.0,10.4,0.1,10.37,0.39,0.07,0.0,36060,50840,41286,
2347,ANGO,Healthcare,Medical Instruments & Supplies,NASDAQ,92.38,60.0,75.93,8.81,114.0,84.72,117.78,85.43,124.5,86.82,94.4,53.61,11.52,-23.76,-25.63,-24.56,-22.0,-15.54,34.69,635442725.0617504,42054450.0,0.0346,-29.28,2156100,3.16,13.38,-13.9,14.36,-19.78,14.94,-22.89,15.31,-24.76,7.09,80.77,1155160,681686,575180,0.08
2348,CRVS,Healthcare,Biotechnology,NASDAQ,92.38,60.0,79.43,11.63,102.22,74.5,120.56,86.96,167.47,95.86,210.75,96.59,10.52,-3.49,-9.47,-18.51,-20.24,34.87,83.73,916918257.5104065,84120944.0,0.2321,-60.96,1032300,0.89,10.49,0.29,10.94,-3.84,11.79,-10.77,13.23,-20.48,7.11,58.82,1195770,1166223,999754,
2349,MKLY,Financial Services,Shell Companies,NASDAQ,92.38,60.0,98.09,67.57,91.18,57.0,92.43,52.18,91.17,47.99,89.97,44.67,10.26,-0.1,-0.19,0.1,0.79,2.91,56.87,250016516.45396042,24344353.0,0.0002,-0.39,42300,0.96,10.27,-0.1,10.27,-0.1,10.26,0.0,10.24,0.2,0.15,-0.0,72460,44153,86834,
2350,CRC,Energy,Oil & Gas E&P,NYSE,92.38,60.0,97.34,62.09,88.36,46.78,94.53,57.94,87.81,38.2,125.08,83.96,52.96,1.01,0.86,-6.68,4.49,24.17,78.69,4656827017.09568,88819893.0,0.0631,-26.42,686900,0.79,52.71,0.47,52.14,1.57,53.16,-0.38,53.05,-0.17,3.21,248.57,746900,864886,860076,0.33
2351,GLAD,Financial Services,Asset Management,NASDAQ,92.38,60.0,95.36,52.31,93.96,62.97,93.44,55.41,90.04,42.9,79.04,26.4,18.81,-1.78,-2.84,-2.68,2.23,0.07,51.49,432657262.73142815,22593069.0,0.048,-13.44,98400,0.61,18.9,-0.48,19.1,-1.52,19.2,-2.03,19.25,-2.29,1.67,3.19,165290,162210,164242,0.131
2352,PAACU,Financial Services,Shell Companies,NASDAQ,92.37,59.93,99.24,75.28,90.04,51.68,91.61,48.1,92.0,50.45,88.46,39.32,10.3,0.29,1.48,1.48,2.08,,,,,105.33,-3.2,0,0.0,10.3,0.0,10.32,-0.19,10.23,0.68,10.17,1.28,0.62,-0.0,50170,16746,10056,
2353,LWAC,Financial Services,Shell Companies,NASDAQ,92.37,59.93,98.3,69.93,91.27,57.18,92.5,52.48,90.9,46.7,89.41,42.93,10.36,0.1,-0.21,0.39,0.68,3.29,57.77,311276261.472702,30075000.0,0.03,-0.29,146800,4.36,10.35,0.1,10.36,0.0,10.35,0.1,10.33,0.29,0.03,0.01,24550,33650,27406,
2354,SSACU,Financial Services,Shell Companies,NASDAQ,92.36,59.9,98.33,70.27,90.69,55.09,92.21,51.13,90.99,47.16,88.9,41.09,10.31,0.0,0.1,0.29,0.78,,,,,0.75,-3.46,0,0.0,10.31,0.0,10.31,0.0,10.29,0.19,10.27,0.39,0.78,-0.0,70,903,616,
2355,JBS,Consumer Defensive,Packaged Foods,NYSE,92.36,59.9,104.36,86.47,77.13,28.25,85.77,35.2,77.12,26.86,109.93,74.46,12.98,11.23,12.19,3.1,-9.17,-3.11,47.39,38386874559.93854,3289363694.0,0.168,-30.4,6482000,1.17,12.38,4.85,11.87,9.35,11.94,8.71,12.84,1.09,3.33,52.11,6528980,5555016,5673440,0.138
2356,MPTI,Technology,Electronic Components,NYSE ARCA,92.34,59.87,89.93,29.81,97.12,67.92,108.37,77.47,122.67,86.01,108.21,72.93,70.63,-8.4,-4.62,-11.15,-15.01,37.33,84.57,335156767.0128784,4346476.0,0.0921,-32.64,68500,0.87,74.05,-4.62,75.41,-6.34,75.3,-6.2,78.89,-10.47,3.6,11.99,78580,78793,110788,0.138
2357,MNSBP,Financial Services,Banks - Regional,NASDAQ,92.34,59.87,96.5,57.9,92.09,59.46,95.43,59.73,94.87,56.17,94.76,54.11,24.5,-1.69,-1.07,-1.32,-0.63,4.94,60.53,,,3.08,-11.68,300,0.24,24.65,-0.61,24.66,-0.65,24.81,-1.25,24.97,-1.88,1.12,72.77,1030,1243,1060,-0.088
2358,SVCC,Financial Services,Shell Companies,NASDAQ,92.33,59.84,98.17,68.52,91.19,57.04,92.71,53.35,91.22,48.22,89.95,44.57,10.69,-0.28,-0.28,0.0,0.52,3.09,57.32,231712001.77180767,21614925.0,0.00029999999,-0.28,1701300,24.12,10.71,-0.19,10.72,-0.28,10.7,-0.09,10.67,0.19,0.09,107.69,175130,70530,44650,
2359,AEAQU,Financial Services,Shell Companies,NASDAQ,92.32,59.82,98.94,74.09,89.95,51.26,91.67,48.45,90.37,44.38,88.27,38.27,10.29,0.98,0.98,0.98,-1.34,2.8,56.58,,,25.75,-7.8,0,0.0,10.25,0.39,10.22,0.68,10.2,0.88,10.28,0.1,0.07,0.0,20,13,12,
2360,YCY,Financial Services,Shell Companies,NYSE,92.32,59.82,98.1,67.67,91.0,56.33,92.21,51.13,91.58,49.52,88.94,41.21,10.28,0.19,-0.1,0.49,0.73,3.21,57.62,151183668.37263107,14735250.0,0.0001,-0.19,0,0.0,10.28,0.0,10.27,0.1,10.25,0.29,10.25,0.29,0.28,0.0,20650,25450,28234,
2361,FVAV,Financial Services,Shell Companies,NASDAQ,92.31,59.76,98.31,70.03,90.96,56.15,92.34,51.81,90.09,43.05,88.28,38.37,10.25,0.0,-0.29,0.0,0.89,,,370409375.0,36137500.0,0.42,-0.97,0,0.0,10.25,0.0,10.25,0.0,10.26,-0.1,10.22,0.29,0.2,0.0,90,7083,16128,
2362,TWFG,Financial Services,Insurance Brokers,NASDAQ,92.31,59.76,93.35,41.72,91.04,56.47,106.03,75.03,99.73,63.6,62.15,13.95,24.76,0.61,2.53,-7.23,-7.99,-14.38,35.46,316985002.9915314,12880333.0,0.0915,-20.89,108800,0.69,25.01,-1.0,24.68,0.32,25.4,-2.52,27.06,-8.5,3.39,6.55,96990,156753,159660,0.451
2363,DMII,Financial Services,Shell Companies,NASDAQ,92.31,59.76,98.43,71.31,90.56,54.36,92.26,51.41,90.65,45.65,89.1,41.86,10.19,0.0,0.3,0.27,0.69,3.14,57.43,668209222.483635,65575000.0,0.0021,-1.36,600241,7.67,10.19,0.0,10.18,0.1,10.17,0.2,10.15,0.39,0.08,0.01,124324,78248,64948,
2364,SMA,Real Estate,REIT - Industrial,NYSE,92.31,59.76,99.95,77.36,88.95,48.16,89.58,42.14,95.1,56.69,88.36,38.73,32.83,0.98,3.89,2.63,-0.97,7.99,64.78,1800042943.5951347,55368903.0,0.1066,-15.15,384000,0.49,32.79,0.12,32.42,1.26,32.21,1.92,32.85,-0.06,2.34,14.34,842200,783446,732588,0.114
2365,TVAI,Financial Services,Shell Companies,NASDAQ,92.31,59.76,98.22,69.01,90.64,54.83,92.42,52.12,91.17,47.99,89.66,43.79,10.41,0.1,0.1,0.1,0.48,2.92,56.89,282836652.825613,27195833.0,0.0001,0.1,0,0.0,10.41,0.0,10.4,0.1,10.4,0.1,10.39,0.19,0.01,0.01,50920,43933,37194,
2366,CUBWU,Financial Services,Shell Companies,NASDAQ,92.3,59.68,98.04,67.09,90.68,55.04,89.34,41.66,90.74,45.97,87.74,36.56,11.02,0.0,0.0,0.0,-0.27,3.67,58.67,,,0.0,-14.57,0,0.0,11.02,0.0,11.02,0.0,11.02,0.0,11.03,-0.09,,,0,13,18,
2367,TONT,Financial Services,Shell Companies,NYSE ARCA,92.3,59.68,98.54,72.24,90.12,52.22,91.91,49.81,90.5,45.01,89.96,44.62,10.93,0.18,0.28,0.46,0.97,1.96,54.7,154481593.86941147,14159633.0,0.0016,-8.5,0,0.0,10.93,0.0,10.92,0.09,10.91,0.18,10.88,0.46,0.1,-0.0,10470,21930,68788,
2368,PAII,Financial Services,Shell Companies,NYSE,92.3,59.68,98.48,71.72,90.55,54.28,92.23,51.25,90.95,46.98,89.15,42.01,10.33,0.0,0.29,0.29,0.88,2.28,55.29,356308483.058424,34492593.0,0.02,-0.19,1900,0.03,10.34,-0.1,10.34,-0.1,10.32,0.1,10.29,0.39,0.17,46.09,21420,56856,36088,
2369,INCR,Healthcare,Drug Manufacturers - Specialty & Generic,NASDAQ,92.3,59.68,97.39,62.4,89.25,48.7,93.68,55.93,84.77,34.83,54.82,10.35,5.17,-4.61,-0.77,0.19,9.07,-15.93,34.36,81320418.28469658,15003767.0,0.0005,-38.82,500,0.08,5.22,-0.96,5.25,-1.52,5.27,-1.9,5.16,0.19,3.78,-0.0,2850,6333,26918,0.239
2370,VPV,Financial Services,Asset Management,NYSE,92.29,59.63,95.57,53.3,91.67,58.23,95.17,59.22,99.04,62.72,94.76,54.11,10.6,-1.07,-0.05,-2.38,-1.97,8.03,64.85,191670420.9343958,17879703.0,0.0058,-7.83,53843,1.61,10.76,-1.49,10.65,-0.47,10.73,-1.21,10.91,-2.84,2.49,41.73,38814,33478,31306,-0.105
2371,AFYA,Consumer Defensive,Education & Training Services,NASDAQ,92.29,59.63,106.25,88.87,78.59,29.77,89.76,42.53,85.59,35.8,97.62,58.7,14.75,20.7,13.46,6.19,3.22,4.0,59.17,1081203823.1462326,88478216.0,0.28959998,-8.73,269200,0.6,14.0,5.36,13.02,13.29,13.32,10.74,13.76,7.19,3.91,138.55,634400,448663,317206,0.057
2372,WAY,Healthcare,Health Information Services,NASDAQ,92.29,59.63,108.42,90.76,87.81,45.7,87.99,38.85,68.86,20.48,70.09,19.38,26.68,7.54,8.02,13.68,27.41,-18.93,31.88,4757278098.555298,191748416.0,0.091000006,-33.88,1316400,0.65,26.36,1.21,25.81,3.37,25.59,4.26,24.96,6.89,4.03,65.54,2025540,2033706,2344572,0.181
2373,CEPO,Financial Services,Shell Companies,NASDAQ,92.28,59.59,98.35,70.56,91.5,57.75,92.6,52.78,84.56,34.61,88.1,37.55,10.78,0.28,0.14,0.23,1.03,3.26,57.7,274125000.0,25500000.0,0.0007,-1.73,166700,1.25,10.76,0.19,10.76,0.19,10.76,0.19,10.74,0.37,0.19,98.24,198150,133456,204326,
2374,VMI,Industrials,Conglomerates,NYSE,92.27,59.57,94.65,48.24,93.26,61.65,97.04,62.43,123.79,86.49,99.45,61.34,467.81,-2.28,0.21,-3.07,-1.68,13.07,70.17,9242007530.395996,19304858.0,0.026800001,-20.13,135700,0.75,472.97,-1.09,470.99,-0.68,471.15,-0.71,478.53,-2.24,2.58,28.35,179960,181986,173492,0.065
2375,BSL,Financial Services,Asset Management,NYSE,92.27,59.57,98.82,73.71,90.59,54.56,92.25,51.34,89.97,42.61,88.38,38.94,12.98,0.04,0.66,0.84,1.45,1.92,54.61,168998789.27994537,13019938.0,0.0014,-7.29,68743,1.29,12.94,0.31,12.94,0.31,12.92,0.46,12.9,0.62,0.52,88.44,40144,53148,47750,-0.127
2376,XPEL,Consumer Cyclical,Auto Parts,NASDAQ,92.26,59.53,94.81,49.21,89.85,50.74,101.17,69.05,97.18,59.93,112.28,76.37,44.43,-1.2,2.18,-5.87,0.63,-12.54,36.99,1239856571.2156982,27570748.0,0.1481,-20.53,101000,0.54,44.76,-0.74,44.47,-0.09,44.91,-1.07,47.44,-6.34,2.88,4.69,181020,187663,203048,0.147
2377,OACCU,Financial Services,Shell Companies,NASDAQ,92.26,59.53,98.33,70.27,91.44,57.65,92.79,53.63,89.47,40.89,87.72,36.5,11.0,0.01,0.01,0.01,0.01,2.8,56.58,,,,-11.79,101,3.88,10.98,0.18,10.99,0.09,10.99,0.09,11.0,0.0,0.12,0.0,80,26,16,
2378,SSAC,Financial Services,Shell Companies,NASDAQ,92.26,59.53,98.33,70.27,90.75,55.32,92.15,50.85,90.26,43.87,88.46,39.32,10.12,-0.2,0.0,0.2,0.7,,,243846667.41622353,24047994.0,0.0011,-0.2,244,0.01,10.14,-0.2,10.13,-0.1,10.12,0.0,10.09,0.3,0.08,0.0,17604,30821,37396,
2379,EGHAU,Financial Services,Shell Companies,NASDAQ,92.25,59.48,97.98,66.51,90.59,54.56,91.83,49.29,92.13,50.75,90.47,46.09,10.66,0.0,0.0,0.0,0.0,3.09,57.32,,,0.0,-43.89,0,0.0,10.66,0.0,10.66,0.0,10.66,0.0,10.66,0.0,,,0,23,14,
2380,CHEC,Financial Services,Shell Companies,NASDAQ,92.25,59.48,98.26,69.57,90.92,55.94,92.25,51.34,90.75,46.02,89.0,41.47,10.27,-0.19,-0.1,0.2,0.69,3.11,57.37,177756322.77102375,17274667.0,0.24,-2.75,0,0.0,10.28,-0.1,10.29,-0.19,10.27,0.0,10.25,0.2,0.08,-0.01,8140,5790,8432,
2381,RYDE,Technology,Software - Application,NYSE ARCA,92.25,59.48,84.59,18.44,139.54,93.43,106.48,75.48,94.36,55.18,403.93,98.58,0.57,-20.39,-18.69,-12.31,4.78,71.69,92.49,129042038.79135978,180226306.0,0.0015,-63.23,111600,0.18,0.67,-14.93,0.69,-17.39,0.69,-17.39,0.74,-22.97,16.54,20.15,101210,604910,474174,0.388
2382,WENN,Financial Services,Shell Companies,NASDAQ,92.23,59.42,98.36,70.69,90.81,55.51,92.36,51.88,90.21,43.53,88.18,37.8,10.42,0.0,0.1,0.19,0.87,3.17,57.47,390945377.86245346,37518750.0,0.01,-0.19,1159658,15.82,10.42,0.0,10.42,0.0,10.41,0.1,10.39,0.29,0.03,-0.0,131135,73301,57801,
2383,MMI,Real Estate,Real Estate Services,NYSE,92.23,59.42,91.04,32.86,92.46,60.22,97.52,63.01,101.06,65.5,86.72,34.71,28.24,-1.16,-5.08,-8.95,-8.46,3.33,57.88,1081974544.152687,37871003.0,0.073699996,-15.83,112500,0.69,28.49,-0.88,28.64,-1.4,29.65,-4.76,30.63,-7.8,2.83,12.53,172200,163900,147862,0.178
2384,STVN,Healthcare,Medical Instruments & Supplies,NYSE,92.23,59.42,90.4,31.3,104.44,76.78,102.01,70.18,94.62,55.78,65.15,15.92,19.4,-3.96,-8.19,-7.18,-3.96,-5.16,44.46,5514674827.085289,273003694.0,0.0242,-30.69,267100,0.87,19.59,-0.97,20.17,-3.82,20.94,-7.35,21.02,-7.71,3.99,23.27,277250,307033,388314,0.078
2385,LAFA,Financial Services,Shell Companies,NASDAQ,92.23,59.42,98.18,68.62,90.68,55.04,92.14,50.8,90.56,45.18,88.86,41.0,10.18,0.0,-0.1,0.2,0.79,2.83,56.67,159961734.73532867,15713333.0,0.02,-0.2,14558,0.67,10.18,0.0,10.18,0.0,10.18,0.0,10.15,0.3,0.12,-0.0,26825,21825,14289,
2386,RAC,Financial Services,Shell Companies,NYSE,92.22,59.38,98.26,69.57,90.65,54.9,92.22,51.2,90.12,43.17,89.6,43.59,10.57,0.19,0.05,-0.09,0.86,2.32,55.44,308776593.2324133,29267923.0,0.02,-0.28,52695,1.56,10.57,0.0,10.56,0.09,10.57,0.0,10.54,0.28,0.18,40.63,74989,33846,26363,
2387,HTH,Financial Services,Financial Conglomerates,NYSE,92.21,59.35,92.56,38.14,95.87,65.89,97.66,63.24,103.67,69.19,104.93,68.93,36.38,-5.38,-5.65,-5.95,-7.1,6.85,63.44,2202662777.3560677,57286417.0,0.0771,-9.97,208700,0.61,36.98,-1.62,37.47,-2.91,38.07,-4.44,38.55,-5.63,1.98,12.5,339870,344643,293590,0.052
2388,PACHU,Financial Services,Shell Companies,NASDAQ,92.21,59.35,98.53,72.18,90.22,52.85,92.08,50.46,91.32,48.52,89.37,42.71,10.43,0.48,0.48,0.48,0.29,2.05,54.85,,,43.69,-6.87,65612,29.2,10.39,0.38,10.39,0.38,10.38,0.48,10.39,0.38,0.04,700.02,6591,2247,1348,
2389,AXIN,Financial Services,Shell Companies,NASDAQ,92.2,59.32,98.25,69.44,90.48,53.99,91.77,48.98,90.99,47.16,89.62,43.66,10.36,0.1,0.19,0.29,0.68,2.83,56.67,282210013.851408,27266667.0,0.0,-0.86,44800,0.56,10.35,0.1,10.35,0.1,10.34,0.19,10.32,0.39,0.13,75.67,63950,80216,60328,
2390,JFR,Financial Services,Asset Management,NYSE,92.2,59.32,97.71,64.48,90.92,55.94,94.79,58.46,93.46,53.71,89.83,44.24,7.42,0.95,1.23,-1.35,-1.25,4.47,59.81,1183110558.39895,160967425.0,0.0033000002,-8.96,711555,0.83,7.34,1.09,7.36,0.82,7.39,0.41,7.49,-0.93,1.5,63.02,1053665,856711,743531,0.043
2391,ULBI,Industrials,Electrical Equipment & Parts,NASDAQ,92.19,59.27,102.06,83.0,88.12,46.35,79.2,27.16,67.68,19.83,112.98,77.0,6.26,-3.84,1.62,11.79,21.32,5.74,61.66,108477885.0039196,16663269.0,0.0107,-24.12,23400,0.58,6.36,-1.57,6.4,-2.19,6.03,3.81,6.24,0.32,5.01,41.46,34770,40236,43244,-0.013
2392,MYXXU,Financial Services,Shell Companies,NASDAQ,92.19,59.27,98.24,69.31,89.06,48.38,91.9,49.72,90.95,46.98,88.9,41.09,10.2,0.0,0.0,0.0,0.29,,,,,0.29,-3.23,0,,10.2,0.0,10.2,0.0,10.2,0.0,10.2,0.0,,,0,0,80,
2393,SCII,Financial Services,Shell Companies,NASDAQ,92.19,59.27,98.35,70.56,90.36,53.54,91.91,49.81,90.63,45.56,88.73,40.44,10.17,-0.1,0.2,0.49,0.69,,,253460191.85822296,24897857.0,0.05,-0.12,0,0.0,10.17,0.0,10.17,0.0,10.15,0.2,10.13,0.39,0.05,-0.0,9420,21906,17076,
2394,ALUB,Financial Services,Shell Companies,NYSE,92.19,59.27,98.68,72.97,89.98,51.47,91.54,47.59,89.89,42.29,88.41,39.08,10.18,0.49,0.59,0.59,0.79,,,364046879.1127205,35937500.0,0.0002,0.1,200,0.0,10.14,0.39,10.14,0.39,10.13,0.49,10.13,0.49,0.11,-0.0,16570,65993,62704,
2395,NPAC,Financial Services,Shell Companies,NASDAQ,92.18,59.2,98.38,70.95,90.81,55.51,92.32,51.72,90.4,44.57,88.31,38.54,10.5,-0.38,0.1,0.19,0.77,2.54,55.96,404639294.03550625,38390825.0,0.0001,-0.38,1650400,18.01,10.51,-0.1,10.52,-0.19,10.5,0.0,10.47,0.29,0.15,0.0,175230,91646,67696,
2396,LPBB,Financial Services,Shell Companies,NASDAQ,92.18,59.2,97.97,66.3,90.98,56.25,92.67,53.11,91.09,47.6,89.91,44.45,10.8,-0.09,-0.28,-0.18,0.37,3.05,57.25,310787512.0639801,28750000.0,0.0001,-0.46,400,0.01,10.81,-0.09,10.82,-0.18,10.82,-0.18,10.8,0.0,0.12,-0.0,83790,70820,57208,
2397,AACPU,Financial Services,Shell Companies,NASDAQ,92.18,59.2,97.98,66.51,90.6,54.62,92.4,52.03,91.01,47.28,88.64,40.07,10.28,-0.19,-0.19,-0.19,0.39,,,,,7.64,-4.1,308,1.4,10.36,-0.77,10.33,-0.48,10.32,-0.39,10.3,-0.19,0.51,0.0,550,220,186,
2398,OHI,Real Estate,REIT - Healthcare Facilities,NYSE,92.18,59.2,93.16,40.74,94.17,63.32,97.1,62.53,107.98,74.39,102.93,66.27,44.41,-2.87,-4.04,-5.49,-10.69,6.29,62.71,13675355285.125732,299111000.0,0.0477,-15.23,1379600,0.66,44.49,-0.18,45.29,-1.94,46.07,-3.6,46.65,-4.8,1.78,41.66,2142060,2093926,1951724,0.112
2399,DOW,Basic Materials,Chemicals,NYSE,92.17,59.14,95.67,53.89,94.52,63.8,90.24,43.59,89.76,41.72,128.21,85.18,28.42,1.61,1.43,-2.1,-4.45,25.47,79.64,20203869190.677994,722340711.0,0.0554,-33.5,8410700,0.94,28.29,0.46,28.01,1.46,28.47,-0.18,29.54,-3.79,2.78,7.61,9152480,8939406,8734908,0.197
2400,SCPQU,Financial Services,Shell Companies,NASDAQ,92.17,59.14,98.31,70.03,90.5,54.09,91.71,48.69,91.07,47.5,88.21,38.14,10.3,0.0,0.19,0.19,1.48,,,,,16.03,-11.44,103,1.63,10.3,0.0,10.29,0.1,10.29,0.1,10.25,0.49,0.01,-0.01,80,63,88,
2401,ALDFU,Financial Services,Shell Companies,NASDAQ,92.17,59.14,98.0,66.77,90.56,54.36,92.45,52.27,91.16,47.9,88.69,40.25,10.9,0.0,-0.37,0.0,0.74,2.35,55.54,,,0.02,-16.79,0,0.0,10.9,0.0,10.91,-0.09,10.91,-0.09,10.88,0.18,0.05,0.01,20,260,176,
2402,MRT,Technology,Software - Application,NYSE ARCA,92.17,59.14,93.71,43.39,110.56,82.32,92.72,53.4,60.47,15.32,81.26,28.44,1.86,-4.12,-13.49,-10.14,6.29,-16.96,33.44,166730961.39774323,85943792.0,0.0011999999,-32.36,24100,0.48,1.9,-2.11,1.94,-4.12,1.99,-6.53,1.99,-6.53,6.21,34.61,44870,50516,48888,1.407
2403,TDY,Technology,Scientific & Technical Instruments,NYSE,92.16,59.07,97.79,65.13,92.8,61.03,92.54,52.64,96.06,58.17,105.5,69.6,613.66,-0.57,-0.08,1.63,-5.47,18.44,74.5,28609329913.19879,46355673.0,0.0226,-12.04,184700,0.71,612.9,0.12,611.76,0.31,609.17,0.74,630.36,-2.65,1.8,84.03,236490,261416,273504,0.098
2404,NSYS,Healthcare,Medical Devices,NASDAQ,92.16,59.07,93.26,41.23,90.78,55.42,95.96,60.55,121.31,85.31,148.22,90.84,11.35,-1.99,0.62,1.43,-15.93,58.74,90.32,33046610.062274933,2853766.0,0.0031,-36.98,2700,0.21,11.23,1.07,11.2,1.34,11.31,0.35,12.12,-6.35,3.62,60.76,4960,12756,13642,0.093
2405,GSRF,Financial Services,Shell Companies,NASDAQ,92.16,59.07,98.5,71.88,90.25,52.92,91.86,49.5,90.23,43.68,88.39,38.98,10.27,0.1,0.39,0.39,1.08,2.91,56.87,301700436.7303848,29405500.0,0.04,-0.0,1112,0.05,10.27,0.0,10.26,0.1,10.24,0.29,10.22,0.49,0.04,-0.01,63001,23867,23310,
2406,BILL,Technology,Software - Application,NYSE,92.16,59.07,96.63,58.6,94.15,63.27,105.01,73.84,90.99,47.16,77.4,24.67,44.83,2.77,1.31,-5.12,-1.23,-20.13,30.94,3719773139.75457,85276782.0,0.17559999,-21.64,1167400,0.68,44.45,0.85,43.57,2.89,45.5,-1.47,47.21,-5.04,3.49,26.53,1491910,1721496,2038782,0.138
2407,HBANL,Financial Services,Banks - Regional,NASDAQ,92.15,59.01,97.75,64.69,92.2,59.66,92.62,52.88,91.3,48.46,92.42,49.86,24.66,-0.36,-0.71,0.29,0.17,2.87,56.76,,,2.38,-5.08,20703,0.78,24.68,-0.08,24.7,-0.16,24.68,-0.08,24.73,-0.28,0.89,22.91,38140,26383,23536,0.476
2408,KTWO,Financial Services,Shell Companies,NASDAQ,92.15,59.01,98.22,69.01,90.7,55.13,92.19,51.04,89.75,41.64,88.73,40.44,10.07,-0.3,-0.1,-0.3,1.0,,,202415733.7450962,20041161.0,0.0001,-0.3,382,0.02,10.08,-0.1,10.08,-0.1,10.09,-0.2,10.06,0.1,0.11,0.0,38828,21579,37887,
2409,GSHRU,Financial Services,Shell Companies,NASDAQ,92.15,59.01,98.13,68.05,90.5,54.09,92.24,51.29,90.62,45.51,89.57,43.43,10.61,0.0,0.0,0.0,0.76,2.31,55.41,,,1.4,-13.74,0,,10.61,0.0,10.61,0.0,10.61,0.0,10.6,0.09,,,0,0,2,
2410,CUB,Financial Services,Shell Companies,NASDAQ,92.14,58.97,98.31,70.03,90.63,54.8,91.84,49.39,90.71,45.82,90.37,45.86,10.9,-0.09,0.09,0.28,0.74,2.59,56.11,285436482.2178688,26162831.0,0.0002,-2.9,25200,0.32,10.9,0.0,10.9,0.0,10.89,0.09,10.87,0.28,0.09,0.0,30390,78486,79908,
2411,HOFT,Consumer Cyclical,"Furnishings, Fixtures & Appliances",NASDAQ,92.14,58.97,91.28,33.57,90.54,54.23,93.2,54.81,116.87,82.52,112.59,76.66,12.43,-5.62,-5.4,-2.31,-10.54,15.3,71.85,140816235.3057499,10692197.0,0.0114,-31.29,25300,0.55,12.78,-2.74,12.94,-3.94,13.09,-5.04,13.58,-8.47,4.38,5.5,32080,46270,43932,-0.087
2412,SSEAU,Financial Services,Shell Companies,NASDAQ,92.13,58.91,98.12,67.88,90.47,53.94,92.69,53.19,90.13,43.22,89.66,43.79,10.44,0.1,0.1,-0.38,0.29,2.15,55.03,,,0.0,-0.57,0,0.0,10.44,0.0,10.43,0.1,10.43,0.1,10.44,0.0,0.1,0.0,250,416,356,
2413,WTRG,Utilities,Utilities - Regulated Water,NYSE,92.13,58.91,95.74,54.32,92.73,60.8,98.94,65.27,92.59,51.76,90.53,46.24,38.98,-1.02,-1.39,-5.09,-2.51,3.88,58.97,11169467173.49271,283632983.0,0.0305,-8.3,1386500,0.54,38.74,0.62,38.91,0.18,39.89,-2.28,40.26,-3.18,1.91,55.14,2567760,2587630,2335966,0.031
2414,GPAT,Financial Services,Shell Companies,NASDAQ,92.13,58.91,98.13,68.05,91.58,57.86,92.48,52.4,91.51,49.33,90.27,45.49,11.03,0.0,-0.45,0.55,1.01,3.47,58.19,396390615.4036522,35937500.0,0.0001,-8.08,0,0.0,11.04,-0.09,11.04,-0.09,11.04,-0.09,11.03,0.0,0.38,0.0,1020,7166,4342,
2415,HAVAU,Financial Services,Shell Companies,NASDAQ,92.13,58.91,98.63,72.7,89.93,51.17,91.56,47.74,91.05,47.41,89.31,42.56,10.3,0.0,0.68,0.68,-3.56,2.9,56.84,188901632.69807053,18339964.0,0.0,-6.6,0,0.0,10.3,0.0,10.3,0.0,10.26,0.39,10.32,-0.19,0.05,-0.0,2160,720,560,
2416,APXT,Financial Services,Shell Companies,NASDAQ,92.13,58.91,98.29,69.83,90.46,53.88,92.13,50.75,90.58,45.28,88.93,41.18,10.15,0.05,0.15,0.1,0.35,2.78,56.51,466493982.46765137,45960000.0,0.0004,-0.39,800,0.01,10.15,0.0,10.15,0.0,10.14,0.1,10.13,0.2,0.1,-48.27,55800,115966,139144,
2417,DYOR,Financial Services,Shell Companies,NASDAQ,92.12,58.85,98.47,71.62,90.06,51.76,91.9,49.72,90.38,44.46,88.41,39.08,10.16,0.1,0.3,0.3,0.79,2.52,55.92,233449991.2261963,23000000.0,0.0,-2.96,0,0.0,10.15,0.1,10.15,0.1,10.14,0.2,10.12,0.4,0.05,0.0,14370,26976,34282,
2418,TDWD,Financial Services,Shell Companies,NASDAQ,92.12,58.85,98.23,69.16,90.57,54.43,91.95,49.98,90.57,45.23,88.95,41.25,10.12,-0.15,-0.05,0.25,0.85,2.69,56.27,238746308.08353424,23545000.0,0.0001,-0.3,0,0.0,10.13,-0.1,10.13,-0.1,10.12,0.0,10.1,0.2,0.05,-93.33,73900,56106,36908,
2419,TMTSU,Financial Services,Shell Companies,NASDAQ,92.12,58.85,97.65,64.08,90.68,55.04,92.43,52.18,90.95,46.98,88.28,38.37,10.28,-0.19,-0.19,-0.19,-2.1,,,,,11.66,-2.47,306,2.43,10.3,-0.19,10.3,-0.19,10.3,-0.19,10.4,-1.15,0.09,1184.61,30,126,76,
2420,CLPR,Real Estate,REIT - Residential,NYSE,92.11,58.8,95.11,50.97,101.59,73.99,90.63,44.47,76.27,26.12,82.03,29.22,3.13,-0.32,-5.72,-2.8,15.05,2.44,55.76,50734758.93499613,16157566.0,0.0112,-27.55,15300,0.3,3.15,-0.63,3.17,-1.26,3.27,-4.28,3.19,-1.88,3.89,8.21,37550,50776,60528,-0.012
2421,SYY,Consumer Defensive,Food Distribution,NYSE,92.11,58.8,95.23,51.55,87.91,45.84,96.23,60.95,97.55,60.46,89.26,42.38,78.14,0.84,0.3,-5.42,-7.1,7.81,64.56,37161745070.22163,479568281.0,0.0293,-14.93,2283900,0.53,77.39,0.97,77.5,0.83,78.24,-0.13,80.59,-3.04,1.72,27.55,3917170,4321926,3937646,0.047
2422,WTFCN,Financial Services,Banks - Regional,NASDAQ,92.11,58.8,97.78,65.03,91.29,57.29,93.21,54.82,92.61,51.83,92.34,49.69,25.53,0.12,0.17,-0.14,-0.67,3.89,58.99,,,0.32,-4.42,7919,0.23,25.54,-0.04,25.52,0.04,25.55,-0.08,25.6,-0.27,0.79,9.85,48151,34043,29854,0.102
2423,SCIIU,Financial Services,Shell Companies,NASDAQ,92.1,58.75,98.54,72.24,89.89,50.9,91.56,47.74,89.92,42.39,88.93,41.18,10.3,0.29,0.29,0.29,0.78,2.28,55.29,156668856.9831848,15255000.0,27.79,-8.81,0,0.0,10.29,0.1,10.28,0.19,10.28,0.19,10.26,0.39,0.02,-0.01,10,13,8,
2424,CRACU,Financial Services,Shell Companies,NASDAQ,92.1,58.75,98.48,71.72,90.48,53.99,91.25,46.36,90.56,45.18,88.88,41.03,10.34,0.0,0.0,0.88,0.88,1.97,54.73,,,2.7,-3.9,0,0.0,10.34,0.0,10.34,0.0,10.32,0.19,10.28,0.58,,,0,20,22,
2425,HCAC,Financial Services,Shell Companies,NASDAQ,92.09,58.72,98.51,71.98,90.28,53.06,91.58,47.88,90.27,43.92,88.28,38.37,10.15,0.2,0.3,0.5,0.79,,,295768581.431365,29197293.0,0.02,0.0,215817,2.95,10.13,0.2,10.13,0.2,10.12,0.3,10.1,0.5,0.14,0.0,72061,73057,54976,
2426,KTWOU,Financial Services,Shell Companies,NASDAQ,92.09,58.72,98.29,69.83,90.53,54.21,91.16,46.14,90.14,43.28,88.81,40.82,10.26,0.0,0.0,0.0,1.08,,,,,0.0,-8.64,0,0.0,10.26,0.0,10.26,0.0,10.26,0.0,10.23,0.29,,,0,83,164,
2427,NBRG,Financial Services,Shell Companies,NASDAQ,92.07,58.7,98.49,71.8,90.16,52.47,91.93,49.9,90.02,42.79,88.2,37.98,10.09,0.3,0.3,0.0,0.9,,,75915278.16653252,7546250.0,0.0004,-0.0,0,0.0,10.09,0.0,10.08,0.1,10.08,0.1,10.05,0.4,0.05,-0.0,10500,5490,26636,
2428,STNE,Technology,Software - Infrastructure,NASDAQ,92.05,58.67,123.66,96.51,69.7,20.51,75.62,23.67,78.91,28.67,94.9,54.44,12.46,30.47,33.98,23.37,9.01,6.67,63.22,2202188329.5826263,230595632.0,0.0887,-36.56,8516000,1.2,11.75,6.04,10.56,17.99,10.09,23.49,10.07,23.73,4.87,136.87,8898160,7090530,6171820,0.016
2429,LGN,Industrials,Engineering & Construction,NASDAQ,92.05,58.67,89.63,28.94,90.48,53.99,100.29,67.69,143.15,92.67,184.21,95.26,51.53,-3.88,-1.88,-9.04,-13.84,16.8,73.19,4122842035.9986877,76904346.0,0.059,-51.95,532400,0.56,53.31,-3.34,53.26,-3.25,53.63,-3.92,57.39,-10.21,5.38,20.75,1132300,942550,981986,1.107
2430,TFX,Healthcare,Medical Instruments & Supplies,NYSE,92.04,58.63,94.57,47.8,89.6,49.72,95.08,59.04,102.25,67.25,104.37,68.36,125.12,0.81,2.5,-4.48,-5.19,1.31,53.44,5259262032.019264,42372397.0,0.14819999,-13.71,424700,0.54,124.75,0.3,125.27,-0.12,125.47,-0.28,132.24,-5.38,2.85,43.71,817110,782090,730362,0.289
2431,NPACU,Financial Services,Shell Companies,NASDAQ,92.04,58.63,98.58,72.39,90.06,51.76,92.91,53.94,90.03,42.85,88.69,40.25,10.59,0.0,0.86,0.0,1.05,1.63,54.03,,,0.07,-1.94,0,0.0,10.59,0.0,10.56,0.28,10.54,0.47,10.53,0.57,0.07,-0.0,500,513,554,
2432,DSACU,Financial Services,Shell Companies,NASDAQ,92.04,58.63,98.02,66.91,90.12,52.22,92.46,52.33,91.49,49.25,87.97,37.23,10.3,0.0,0.0,0.0,0.19,2.59,56.11,,,0.0,-6.36,0,,10.3,0.0,10.3,0.0,10.3,0.0,10.3,0.0,,,0,0,444,
2433,NCV,Financial Services,Asset Management,NYSE,92.03,58.59,96.17,56.39,90.78,55.42,96.68,61.75,99.82,63.69,105.55,69.67,15.67,3.5,2.02,-2.27,-5.19,9.49,66.64,342063977.7768259,22593393.0,0.0007,-11.22,137989,1.57,15.29,2.49,15.19,3.16,15.5,1.1,16.16,-3.03,1.97,162.04,118018,87869,72429,-0.105
2434,SCD,Financial Services,Asset Management,NYSE,92.03,58.59,96.68,58.94,91.13,56.83,95.81,60.26,94.29,55.05,94.15,53.06,14.88,1.5,0.2,-2.29,-2.24,8.47,65.52,335806896.92477036,22906337.0,0.34,-8.03,63670,0.92,14.75,0.88,14.72,1.09,14.9,-0.13,15.22,-2.23,1.51,75.83,70367,69499,69835,0.13
2435,AACI,Financial Services,Shell Companies,NASDAQ,92.02,58.53,98.36,70.69,90.32,53.26,91.86,49.5,90.19,43.44,88.46,39.32,10.07,0.1,0.2,0.2,0.9,,,342340144.3194866,34029834.0,0.04,-0.3,11500,0.44,10.07,0.0,10.07,0.0,10.06,0.1,10.04,0.3,0.23,42.42,15360,26256,19210,
2436,BZ,Communication Services,Internet Content & Information,NASDAQ,92.02,58.53,104.98,87.46,80.53,32.26,90.88,45.18,78.39,28.0,68.86,18.59,15.73,6.07,15.66,-0.73,-0.49,-22.4,29.34,6492637438.998184,437804280.0,0.066,-36.19,2669100,0.34,15.23,3.28,14.91,5.5,14.61,7.67,15.38,2.28,2.8,83.87,5099180,7746566,7054320,0.141
2437,GPAC,Financial Services,Shell Companies,NASDAQ,92.02,58.53,98.35,70.56,90.33,53.36,91.78,49.02,90.32,44.12,88.95,41.25,10.1,0.0,0.1,0.4,0.75,,,297041011.21902466,29410000.0,0.00029999999,-0.0,0,0.0,10.1,0.0,10.09,0.1,10.08,0.2,10.06,0.4,0.04,-0.01,24130,25436,16084,
2438,BLUW,Financial Services,Shell Companies,NASDAQ,92.02,58.53,98.2,68.76,90.19,52.63,91.65,48.32,90.74,45.97,89.5,43.17,10.39,0.1,0.17,0.19,0.29,1.17,53.09,335357043.6973572,32308000.0,0.0001,-0.19,0,0.0,10.39,0.0,10.38,0.1,10.37,0.19,10.37,0.19,0.03,-0.01,12800,50633,33488,
2439,OTGA,Financial Services,Shell Companies,NASDAQ,92.02,58.53,98.25,69.44,90.57,54.43,91.83,49.29,90.23,43.68,88.69,40.25,10.26,0.0,0.0,0.29,0.79,2.7,56.32,361921508.07380676,35275000.0,0.01,-0.1,0,0.0,10.26,0.0,10.26,0.0,10.26,0.0,10.23,0.29,0.03,-0.01,62310,39686,60306,
2440,FN,Technology,Electronic Components,NYSE,92.01,58.48,111.35,92.44,77.56,28.71,74.78,22.98,91.22,48.22,188.43,95.61,486.28,4.87,16.5,17.29,10.69,0.56,52.22,16616268175.64746,35834864.0,0.056900002,-35.07,690200,0.85,482.92,0.7,458.81,5.99,425.92,14.17,451.26,7.76,4.66,49.73,889680,812946,904642,0.446
2441,OTGAU,Financial Services,Shell Companies,NASDAQ,92.0,58.45,98.32,70.14,90.32,53.26,92.12,50.7,91.01,47.28,89.39,42.84,10.4,0.0,0.39,0.29,0.48,2.77,56.47,,,0.0,-0.34,0,0.0,10.4,0.0,10.39,0.1,10.39,0.1,10.37,0.29,0.13,0.0,750,606,488,
2442,BLRK,Financial Services,Shell Companies,NASDAQ,92.0,58.45,98.39,71.01,90.31,53.2,92.02,50.19,90.09,43.05,88.11,37.6,10.13,0.1,0.2,0.2,0.2,,,232759997.3678589,23000000.0,0.0001,-5.15,8900,0.14,10.13,0.0,10.12,0.1,10.12,0.1,10.09,0.4,0.13,-0.0,9270,62636,85926,
2443,BSAA,Financial Services,Shell Companies,NASDAQ,91.99,58.4,94.78,49.03,93.89,62.83,88.81,40.55,104.17,69.8,89.74,44.02,11.0,-2.65,-2.65,-0.9,3.19,8.91,66.02,83614351.41134262,7399500.0,0.0007,-36.05,400,0.22,11.17,-1.52,11.24,-2.14,11.18,-1.61,11.23,-2.05,0.87,0.0,790,1836,6660,
2444,WPAC,Financial Services,Shell Companies,NYSE,91.99,58.4,98.41,71.16,90.09,51.98,91.56,47.74,89.67,41.36,88.82,40.88,10.09,0.0,0.3,0.4,1.1,,,158074573.70051193,15666459.0,0.0002,-15.14,250410,10.75,10.09,0.0,10.08,0.1,10.07,0.2,10.05,0.4,0.03,-0.01,34731,23300,20796,
2445,FLOC,Energy,Oil & Gas Equipment & Services,NYSE,91.99,58.4,94.76,48.91,90.33,53.36,92.85,53.82,95.98,58.02,112.41,76.49,19.46,5.42,1.67,-6.04,-0.36,8.3,65.27,811735798.6818008,43972689.0,0.0939,-31.14,562300,0.93,18.95,2.69,18.66,4.29,19.31,0.78,20.66,-5.81,3.41,52.8,663600,606890,593078,0.221
2446,OLB,Technology,Software - Infrastructure,NASDAQ,91.99,58.4,187.07,98.63,32.92,4.65,41.23,6.43,49.53,9.87,45.34,7.16,0.5,161.9,143.36,75.35,73.62,-41.76,18.29,4539839.051052555,24020313.0,0.0099,-72.22,107113200,1.82,0.41,21.95,0.3,66.67,0.26,92.31,0.28,78.57,16.33,85.74,136568230,58843573,35512812,-0.436
2447,VLTO,Industrials,Pollution & Treatment Controls,NYSE,91.98,58.36,99.32,75.53,93.17,61.43,93.1,54.46,87.14,37.5,80.62,27.95,96.93,2.38,-0.08,3.15,2.48,-4.44,45.33,23082353884.319824,243793344.0,0.031,-9.71,890700,0.5,96.43,0.52,95.84,1.14,95.64,1.35,96.53,0.41,1.79,60.38,1737950,1768433,1600828,0.075
2448,GSRFU,Financial Services,Shell Companies,NASDAQ,91.98,58.36,97.93,65.97,91.27,57.18,92.85,53.82,92.63,51.9,89.06,41.63,10.58,0.0,0.0,0.0,0.0,2.22,55.2,278894087.98885345,26360500.0,,-8.4,0,,10.58,0.0,10.58,0.0,10.58,0.0,10.58,0.0,,,0,0,0,
2449,DMIIU,Financial Services,Shell Companies,NASDAQ,91.97,58.33,98.35,70.56,90.09,51.98,91.83,49.29,90.56,45.18,88.77,40.64,10.23,0.29,0.29,0.29,0.69,2.3,55.36,,,14.28,-5.28,1258,3.24,10.22,0.1,10.21,0.2,10.21,0.2,10.2,0.29,0.2,24.56,355,388,327,
2450,MBVI,Financial Services,Shell Companies,NASDAQ,91.96,58.28,98.39,71.01,90.29,53.12,91.94,49.93,90.21,43.53,88.35,38.68,10.26,0.1,0.2,0.2,0.88,2.4,55.65,442031250.0,43125000.0,0.0001,-2.29,25400,0.5,10.24,0.2,10.24,0.2,10.24,0.2,10.23,0.29,0.08,233.33,55410,50503,30754,
2451,PNW,Utilities,Utilities - Regulated Electric,NYSE,91.96,58.28,100.14,77.97,85.89,41.9,92.29,51.57,103.2,68.61,99.44,61.3,98.92,3.13,7.83,2.93,-1.48,15.97,72.43,11625238463.361237,121197234.0,0.1109,-11.01,1369000,1.13,97.69,1.26,95.67,3.4,94.73,4.42,97.26,1.71,1.77,54.92,1585020,1208290,1173198,0.071
2452,FR,Real Estate,REIT - Industrial,NYSE,91.96,58.28,94.57,47.8,95.03,64.62,95.31,59.48,110.65,77.26,107.99,72.63,59.43,-0.05,-2.04,-2.38,-9.18,6.21,62.57,7882637289.668152,132570424.0,0.0461,-14.95,828900,0.77,59.08,0.59,59.47,-0.07,60.3,-1.44,61.49,-3.35,1.81,48.21,1267010,1081053,964860,0.084
2453,TFPM,Basic Materials,Other Precious Metals & Mining,NYSE,91.96,58.28,96.26,56.95,92.71,60.75,98.45,64.39,77.09,26.85,110.08,74.59,31.21,1.96,-3.04,-7.61,5.48,-9.87,39.39,6305752904.644272,206003031.0,2.9,-25.16,264300,0.56,30.62,1.93,30.69,1.69,31.76,-1.73,32.3,-3.37,2.9,32.58,422960,476150,528550,0.373
2454,OBAWU,Financial Services,Shell Companies,NASDAQ,91.96,58.28,97.89,65.74,90.16,52.47,92.08,50.46,90.61,45.44,89.02,41.52,10.37,0.0,-0.58,-0.1,-0.19,1.27,53.35,,,4.67,-7.78,0,0.0,10.37,0.0,10.37,0.0,10.4,-0.29,10.39,-0.19,0.29,0.0,120,53,82,
2455,LPCV,Financial Services,Shell Companies,NASDAQ,91.95,58.2,98.37,70.85,90.3,53.16,91.53,47.48,90.13,43.22,88.73,40.44,10.08,0.0,0.0,0.4,0.9,,,289799997.8065491,28750000.0,0.01,-0.49,125738,3.96,10.08,0.0,10.08,0.0,10.07,0.1,10.05,0.3,0.05,200.0,29873,31737,34256,
2456,ATII,Financial Services,Shell Companies,NASDAQ,91.95,58.2,97.89,65.74,90.44,53.79,90.86,45.12,92.44,51.43,89.66,43.79,10.69,0.09,0.0,0.47,0.38,3.02,57.19,316021209.03015137,29590000.0,0.0011,-6.23,883200,2.46,10.7,-0.09,10.69,0.0,10.68,0.09,10.67,0.19,0.19,0.0,416240,359713,269074,
2457,LBTYB,Communication Services,Telecom Services,NASDAQ,91.95,58.2,94.82,49.29,87.3,44.76,91.88,49.6,94.68,55.85,123.17,83.27,12.19,-1.46,-1.77,-3.64,0.74,10.82,67.93,4219253152.385626,341087566.0,0.0007,-57.98,11300,0.6,12.52,-2.64,12.42,-1.85,12.43,-1.93,12.63,-3.48,4.79,17.11,50090,18753,14316,-0.077
2458,BLRKU,Financial Services,Shell Companies,NASDAQ,91.95,58.2,98.22,69.01,90.21,52.78,92.27,51.47,90.74,45.97,88.37,38.85,10.23,0.29,0.29,0.0,0.0,2.3,55.36,,,794.75,-6.92,0,0.0,10.22,0.1,10.21,0.2,10.24,-0.1,10.24,-0.1,0.11,0.0,80,480,384,
2459,QSEAU,Financial Services,Shell Companies,NASDAQ,91.95,58.2,97.35,62.16,92.61,60.59,94.3,57.42,90.08,43.0,94.39,53.58,10.8,-1.64,-1.64,-1.64,0.84,4.35,59.65,,,0.0,-6.41,0,0.0,10.87,-0.64,10.93,-1.19,10.95,-1.37,10.83,-0.28,0.12,-0.0,20,13,8,
2460,RDAG,Financial Services,Shell Companies,NASDAQ,91.94,58.15,98.32,70.14,90.58,54.49,92.07,50.41,90.03,42.85,87.67,36.36,10.44,0.0,0.1,0.1,0.77,2.35,55.54,391499984.2643738,37500000.0,0.0,-0.1,250100,4.68,10.45,-0.1,10.44,0.0,10.44,0.0,10.41,0.29,0.04,0.01,29520,53410,41672,
2461,BIXI,Financial Services,Shell Companies,NASDAQ,91.93,58.11,97.79,65.13,91.0,56.33,92.2,51.07,90.28,43.97,88.84,40.97,10.08,-0.2,-0.69,-0.2,0.55,2.34,55.48,304043674.7835102,30103333.0,0.0001,-2.42,0,0.0,10.08,0.0,10.11,-0.3,10.12,-0.4,10.09,-0.1,0.21,0.0,20800,28426,24854,
2462,TRP,Energy,Oil & Gas Midstream,NYSE,91.93,58.11,96.35,57.2,86.56,43.3,92.18,50.98,115.74,81.75,106.03,70.31,60.05,1.66,3.25,-0.31,-10.87,12.74,69.84,61537170228.79797,1041766896.0,16.86,-15.98,1359300,0.45,59.74,0.52,59.05,1.69,59.52,0.89,61.32,-2.07,1.92,31.28,3552590,3051216,2717922,0.057
2463,API,Technology,Software - Application,NASDAQ,91.93,58.11,96.64,58.7,96.3,66.64,91.53,47.48,90.43,44.77,93.5,51.98,4.08,0.0,-3.09,0.49,2.51,6.25,62.66,344963120.42936325,84549786.0,0.0091,-25.75,100900,0.82,4.11,-0.73,4.12,-0.97,4.14,-1.45,4.21,-3.09,2.84,34.46,93940,123666,177040,0.18
2464,RNGT,Financial Services,Shell Companies,NASDAQ,91.92,58.06,98.23,69.16,90.2,52.71,91.86,49.5,90.36,44.3,88.46,39.32,10.19,0.0,0.2,0.2,0.79,2.21,55.17,319218733.774807,31326668.0,0.11,-0.06,0,0.0,10.19,0.0,10.19,0.0,10.18,0.1,10.16,0.3,0.01,0.03,190,18063,13794,
2465,LATA,Financial Services,Shell Companies,NASDAQ,91.92,58.06,98.37,70.85,90.2,52.71,91.86,49.5,89.95,42.53,88.13,37.7,10.21,0.0,0.2,0.2,0.79,2.41,55.68,234830000.87738037,23000000.0,0.01,-0.0,0,0.0,10.21,0.0,10.21,0.0,10.2,0.1,10.18,0.29,0.06,-0.0,26840,23706,16920,
2466,TWLV,Financial Services,Shell Companies,NASDAQ,91.92,58.06,98.22,69.01,90.16,52.47,91.91,49.81,90.26,43.87,89.09,41.8,10.07,0.0,0.1,0.0,0.6,,,236015617.84744263,23437500.0,0.0001,-2.99,0,0.0,10.07,0.0,10.07,0.0,10.07,0.0,10.06,0.1,0.06,0.01,36740,25250,32528,
2467,IGAC,Financial Services,Shell Companies,NASDAQ,91.91,58.02,98.14,68.19,90.86,55.69,91.53,47.48,90.62,45.51,88.75,40.55,10.1,0.1,-0.39,0.5,0.7,2.12,54.98,240848303.64227295,23870000.0,0.0001,-0.39,0,0.0,10.1,0.0,10.1,0.0,10.09,0.1,10.07,0.3,0.16,-0.0,2610,18360,14704,
2468,BIXIU,Financial Services,Shell Companies,NASDAQ,91.91,58.02,97.83,65.39,90.62,54.72,92.31,51.68,90.09,43.05,88.41,39.08,10.2,-0.29,-0.29,-0.39,0.99,2.2,55.16,,,0.27,-2.86,0,0.0,10.2,0.0,10.22,-0.2,10.22,-0.2,10.21,-0.1,0.04,0.01,1290,480,462,
2469,GPACU,Financial Services,Shell Companies,NASDAQ,91.9,57.99,98.47,71.62,89.97,51.42,91.73,48.76,90.39,44.52,88.34,38.65,10.2,0.0,0.49,0.29,0.69,2.0,54.78,,,0.0,-2.86,136,2.03,10.2,0.0,10.19,0.1,10.18,0.2,10.16,0.39,0.07,0.0,53,67,266,
2470,ITW,Industrials,Specialty Industrial Machinery,NYSE,91.9,57.99,95.31,51.98,94.93,64.5,94.57,57.97,99.0,62.66,98.2,59.39,264.13,0.46,-3.09,-0.86,-6.29,7.68,64.44,74879619824.21875,284800000.0,0.0309,-12.87,1278500,0.95,264.26,-0.05,263.98,0.06,266.12,-0.75,274.9,-3.92,2.08,71.66,1526900,1348593,1202988,0.061
2471,GYRE,Healthcare,Biotechnology,NASDAQ,91.89,57.96,100.42,78.85,95.96,66.01,86.64,36.58,73.74,24.29,87.69,36.43,7.04,-0.98,-4.22,4.61,21.17,-2.09,48.83,753900069.0870347,106033763.0,0.0582,-25.27,76600,0.46,7.05,-0.14,7.15,-1.54,7.15,-1.54,6.84,2.92,5.01,79.35,128970,165863,121224,-0.021
2472,EPR,Real Estate,REIT - Specialty,NYSE,91.87,57.94,92.54,38.06,96.48,66.92,98.61,64.62,102.56,67.7,95.91,56.32,54.74,-3.03,-3.15,-7.0,-13.15,15.6,72.14,4324573705.347969,76608922.0,0.1329,-15.75,598500,0.69,54.82,-0.15,55.57,-1.49,56.46,-3.05,58.47,-6.38,1.85,79.85,775550,866940,825094,0.106
2473,LATAU,Financial Services,Shell Companies,NASDAQ,91.87,57.94,98.35,70.56,90.51,54.14,90.72,44.79,90.03,42.85,87.89,37.0,10.3,0.0,0.0,0.0,1.18,1.98,54.75,,,65.26,-20.71,0,0.0,10.3,0.0,10.3,0.0,10.3,0.0,10.25,0.49,,,0,10,56,
2474,GLED,Financial Services,Shell Companies,NYSE,91.86,57.89,98.51,71.98,89.96,51.35,91.53,47.48,90.26,43.87,88.2,37.98,10.06,0.2,0.4,0.4,1.11,,,160464299.390316,15982500.0,0.04,-0.0,2300,0.13,10.06,0.0,10.04,0.2,10.03,0.3,10.0,0.6,0.11,-0.0,27570,17050,15218,
2475,CRAI,Industrials,Consulting Services,NASDAQ,91.86,57.89,104.56,86.78,87.28,44.69,88.17,39.15,89.68,41.43,75.43,23.08,176.73,3.73,9.05,9.17,-3.61,-15.59,34.63,1069451437.4487305,6276860.0,0.0493,-22.24,114700,0.88,174.39,1.34,171.34,3.15,167.13,5.74,169.77,4.1,3.33,42.51,132750,129773,128594,0.128
2476,AMP,Financial Services,Asset Management,NYSE,91.86,57.89,94.14,45.54,95.34,65.27,108.05,77.09,98.72,62.24,82.81,30.01,500.51,1.96,1.52,-10.24,-7.79,1.91,54.57,43363660862.77591,88333219.0,0.041300002,-12.58,487100,0.79,496.34,0.84,495.33,1.05,513.75,-2.58,539.11,-7.16,2.68,31.42,566760,615123,524390,0.116
2477,HXL,Industrials,Aerospace & Defense,NYSE,91.86,57.89,91.74,34.99,95.52,65.57,104.9,73.72,126.09,87.57,121.71,82.49,84.96,-1.68,-0.98,-8.39,-17.3,12.47,69.61,6534622764.261353,75623452.0,0.0664,-23.97,834500,0.96,85.18,-0.26,85.15,-0.22,86.86,-2.19,92.92,-8.57,2.57,45.74,908260,868333,833336,0.08
2478,INOD,Technology,Information Technology Services,NASDAQ,91.85,57.84,96.4,57.35,106.25,78.93,75.15,23.26,103.63,69.1,79.7,27.09,62.04,-11.46,-10.36,16.59,3.28,14.46,71.1,2409192345.0772476,34382651.0,0.146,-50.42,802400,0.58,63.97,-3.02,66.13,-6.18,63.7,-2.61,61.7,0.55,8.88,36.49,1351090,1391433,1486748,0.578
2479,MUZE,Financial Services,Shell Companies,NASDAQ,91.85,57.84,98.3,69.93,90.11,52.13,91.75,48.86,90.76,46.06,88.55,39.78,10.03,0.2,0.3,0.3,0.8,,,273475288.33309937,27320208.0,0.0,-0.1,2000,0.05,10.01,0.2,10.01,0.2,10.01,0.2,9.99,0.4,0.04,0.01,9160,43536,30498,
2480,FITB,Financial Services,Banks - Regional,NYSE,91.84,57.81,92.54,38.06,94.89,64.44,103.65,72.19,115.84,81.85,107.35,71.67,50.64,-0.45,-1.99,-6.69,-9.77,8.52,65.64,46117367541.67557,906573000.0,0.0,-14.89,11289500,1.75,50.65,-0.02,50.68,-0.08,51.7,-2.05,53.83,-5.93,1.96,54.45,7879650,6434763,5919720,0.518
2481,XFLH,Financial Services,Shell Companies,NYSE,91.84,57.81,98.45,71.45,90.05,51.71,91.35,46.74,90.46,44.9,88.37,38.85,10.07,-0.1,0.3,0.7,0.7,,,145034103.22225952,14388304.0,0.0022,-1.56,664,0.06,10.09,-0.2,10.08,-0.1,10.05,0.2,10.03,0.4,0.21,0.0,15856,10928,8097,
2482,XSLL,Financial Services,Shell Companies,NASDAQ,91.83,57.76,98.22,69.01,90.09,51.98,91.92,49.87,90.38,44.46,88.47,39.46,10.0,-0.1,0.2,0.0,0.91,,,277077226.75545883,27680042.0,0.00029999999,-0.1,0,0.0,10.0,0.0,10.0,0.0,9.99,0.1,9.98,0.2,0.04,0.0,63760,62973,40870,
2483,ALOV,Financial Services,Shell Companies,NASDAQ,91.83,57.76,98.36,70.69,90.06,51.76,91.61,48.1,90.12,43.17,88.73,40.44,10.02,0.0,0.2,0.4,0.8,,,375937892.17472076,37518750.0,0.01,-0.2,2181,0.03,10.02,0.0,10.02,0.0,10.01,0.1,9.99,0.3,0.19,-0.0,3788,68102,45167,
2484,ITHA,Financial Services,Shell Companies,NASDAQ,91.83,57.76,98.14,68.19,90.19,52.63,91.6,48.0,90.24,43.76,88.46,39.32,10.06,-0.1,0.0,0.1,0.7,,,308813337.40127563,30666668.0,0.0001,-0.49,311,0.01,10.08,-0.2,10.07,-0.1,10.07,-0.1,10.05,0.1,0.11,-0.0,29151,24950,19538,
2485,BLZR,Financial Services,Shell Companies,NASDAQ,91.83,57.76,98.37,70.85,90.12,52.22,91.62,48.21,89.7,41.49,88.06,37.5,10.24,-0.07,0.23,0.32,1.02,2.07,54.89,352343750.0,34375000.0,0.0,-0.1,700,0.01,10.24,0.0,10.24,0.0,10.23,0.1,10.2,0.39,0.1,-30.43,24840,51233,39252,
2486,HCIC,Financial Services,Shell Companies,NASDAQ,91.82,57.71,98.51,71.98,89.73,50.22,91.53,47.48,90.33,44.17,87.93,37.12,10.04,0.6,0.6,0.5,0.6,,,354424863.443203,35513515.0,0.04,0.2,0,0.0,10.01,0.3,9.99,0.5,9.99,0.5,9.99,0.5,0.06,0.0,1200,18536,24684,
2487,EVOX,Financial Services,Shell Companies,NASDAQ,91.82,57.71,98.18,68.62,90.37,53.57,92.04,50.3,90.38,44.46,88.96,41.3,10.12,-0.1,0.1,0.0,0.6,2.43,55.72,324160003.6621094,32000000.0,0.03,-0.3,1070,0.03,10.12,0.0,10.12,0.0,10.12,0.0,10.11,0.1,0.08,0.0,19887,41272,54223,
2488,SBRA,Real Estate,REIT - Healthcare Facilities,NASDAQ,91.81,57.68,92.31,37.21,95.14,64.76,99.91,66.99,96.96,59.53,100.98,63.56,18.96,-1.04,-4.48,-7.6,-9.73,6.94,63.59,4894666365.979477,255462756.0,0.112799995,-16.73,1393600,0.57,18.95,0.05,19.24,-1.46,19.65,-3.51,20.17,-6.0,1.81,29.17,2505380,2457663,2440930,0.253
2489,DAAQ,Financial Services,Shell Companies,NASDAQ,91.8,57.64,98.23,69.16,90.63,54.8,92.26,51.41,90.17,43.35,87.63,36.23,10.47,0.0,0.1,0.29,24.64,3.0,57.12,239874825.71781158,22910680.0,0.0002,-0.19,17900,0.23,10.46,0.1,10.47,0.0,10.46,0.1,9.97,5.02,0.17,-0.0,85880,78986,57712,
2490,MESH,Financial Services,Shell Companies,NASDAQ,91.8,57.64,98.2,68.76,90.15,52.38,91.76,48.93,90.09,43.05,88.37,38.85,10.09,0.0,0.1,0.1,0.8,,,435131256.5803528,43125000.0,0.0,-0.39,0,0.0,10.09,0.0,10.09,0.0,10.08,0.1,10.07,0.2,0.11,-0.0,55490,182103,138768,
2491,PPLI,Communication Services,Internet Content & Information,NASDAQ,91.8,57.64,99.25,75.34,87.59,45.27,86.53,36.39,102.45,67.56,109.09,73.71,40.89,-0.94,2.22,9.01,-1.35,1.77,54.25,3073870733.101654,74463925.0,0.20040001,-15.38,991700,0.77,41.09,-0.49,41.0,-0.27,39.09,4.6,39.56,3.36,3.64,18.8,1380630,1283833,1203796,-0.015
2492,UNTY,Financial Services,Banks - Regional,NASDAQ,91.8,57.64,92.94,39.82,92.78,61.0,101.25,69.14,101.39,65.96,98.75,60.19,54.33,-1.83,-3.07,-9.65,-7.13,1.54,53.78,555756268.0523758,10042578.0,0.0223,-13.07,39600,0.71,54.82,-0.89,54.91,-1.06,56.66,-4.11,58.22,-6.68,2.41,3.83,47520,55476,55562,-0.057
2493,GIX,Financial Services,Shell Companies,NASDAQ,91.79,57.59,98.08,67.45,90.27,53.01,92.18,50.98,90.36,44.3,88.56,39.87,10.0,-0.1,-0.1,-0.4,0.5,,,365833586.4749012,36546811.0,0.00029999999,-0.4,359593,10.47,10.01,-0.1,10.01,-0.1,10.02,-0.2,9.99,0.1,0.01,0.0,51339,34349,53375,
2494,BHAVU,Financial Services,Shell Companies,NASDAQ,91.79,57.59,98.02,66.91,90.13,52.27,91.79,49.06,90.34,44.21,89.08,41.72,10.15,0.0,0.0,-0.2,0.4,,,,,1.11,-17.81,0,0.0,10.15,0.0,10.15,0.0,10.2,-0.49,10.18,-0.29,0.53,0.0,0,483,434,
2495,PLMR,Financial Services,Insurance - Property & Casualty,NASDAQ,91.78,57.56,98.81,73.66,89.61,49.79,103.4,71.95,91.61,49.59,88.45,39.18,130.76,3.38,5.46,-2.17,-3.73,-3.99,46.0,3328923666.4493637,26317683.0,0.0422,-11.42,106600,0.48,128.65,1.64,126.51,3.36,130.07,0.53,130.95,-0.15,2.84,20.71,226070,223790,227024,0.547
2496,CHPGU,Financial Services,Shell Companies,NASDAQ,91.78,57.56,97.98,66.51,90.3,53.16,91.87,49.55,91.51,49.33,89.09,41.8,10.48,0.0,0.0,0.0,0.0,2.64,56.24,,,,-0.1,0,,10.48,0.0,10.48,0.0,10.48,0.0,10.48,0.0,,,0,0,0,
2497,LFAC,Financial Services,Shell Companies,NASDAQ,91.77,57.52,98.16,68.43,90.21,52.78,91.73,48.76,90.24,43.76,88.64,40.07,10.08,0.1,-0.1,0.1,0.8,,,197766405.69660187,19639167.0,0.02,-0.1,0,0.0,10.08,0.0,10.07,0.1,10.07,0.1,10.06,0.2,0.06,0.0,13150,22110,31200,
2498,SOCAU,Financial Services,Shell Companies,NASDAQ,91.77,57.52,97.81,65.27,90.33,53.36,92.19,51.04,90.61,45.44,90.13,45.12,10.4,0.0,0.0,-0.48,0.29,2.06,54.86,,,0.15,-13.33,0,0.0,10.4,0.0,10.4,0.0,10.41,-0.1,10.4,0.0,0.61,0.0,90,163,138,
2499,BHAV,Financial Services,Shell Companies,NASDAQ,91.77,57.52,98.12,67.88,90.25,52.92,91.84,49.39,90.04,42.9,88.29,38.46,10.03,-0.1,-0.1,0.0,0.5,,,140894662.78467083,14033333.0,0.001,-0.2,0,0.0,10.03,0.0,10.03,0.0,10.03,0.0,10.01,0.2,0.1,0.0,27900,10613,7644,
2500,EQT,Energy,Oil & Gas E&P,NYSE,91.76,57.47,99.38,75.73,82.22,34.85,89.81,42.66,79.76,29.52,96.77,57.57,52.83,5.3,3.98,-2.29,0.54,-0.38,50.81,31382136574.645996,625516000.0,0.040900003,-22.58,4245700,0.58,52.33,0.96,50.92,3.75,51.19,3.2,52.8,0.06,2.47,17.61,6916880,7262170,6865136,-0.039
2501,TRAD,Financial Services,Shell Companies,NYSE,91.76,57.47,98.26,69.57,90.05,51.71,91.42,46.99,89.77,41.77,88.2,37.98,10.05,0.0,0.0,0.3,0.9,,,147101852.7917862,14637000.0,0.0021,-0.3,1116,0.16,10.05,0.0,10.06,-0.1,10.05,0.0,10.03,0.2,0.14,-0.0,18531,7003,5768,
2502,AEAQ,Financial Services,Shell Companies,NASDAQ,91.76,57.47,98.08,67.45,90.19,52.63,91.84,49.39,90.22,43.59,88.55,39.78,10.08,0.0,0.0,0.0,0.5,,,315621600.9711094,31311667.0,0.0001,-0.2,0,0.0,10.08,0.0,10.08,0.0,10.08,0.0,10.08,0.0,,,0,32390,23768,
2503,IRHO,Financial Services,Shell Companies,NASDAQ,91.75,57.39,98.06,67.25,90.09,51.98,91.68,48.51,90.8,46.34,88.82,40.88,10.06,-0.1,0.0,0.0,0.4,,,295252391.0522461,29320000.0,0.0,-0.79,150509,4.17,10.07,-0.1,10.07,-0.1,10.07,-0.1,10.05,0.1,0.04,-0.01,33100,36053,76662,
2504,COST,Consumer Defensive,Discount Stores,NASDAQ,91.75,57.39,100.7,79.78,87.89,45.79,85.61,35.0,87.86,38.32,91.85,48.79,946.92,2.85,2.62,4.66,-0.76,11.89,68.93,408092853721.9238,443266000.0,0.0166,-13.64,1502800,0.67,939.26,0.82,928.97,1.93,915.22,3.46,931.43,1.66,1.64,28.19,2062270,2236076,2046688,0.111
2505,ALF,Financial Services,Shell Companies,NASDAQ,91.75,57.39,98.16,68.43,90.4,53.67,92.02,50.19,90.95,46.98,90.31,45.65,10.92,0.0,0.0,0.28,1.58,2.82,56.64,392437502.74181366,35937500.0,7.55,-0.64,100,0.46,10.92,0.0,10.9,0.18,10.89,0.28,10.87,0.46,0.14,-0.0,130,216,232,
2506,IPXG,Financial Services,Shell Companies,NASDAQ,91.75,57.39,98.02,66.91,89.96,51.35,91.95,49.98,91.86,50.13,88.82,40.88,10.07,0.1,0.2,0.1,0.7,,,315196583.1672907,31331667.0,0.0001,-1.47,207500,3.51,10.06,0.1,10.06,0.1,10.05,0.2,10.04,0.3,0.11,0.0,49570,59083,86994,
2507,LAFAU,Financial Services,Shell Companies,NASDAQ,91.75,57.39,98.16,68.43,90.07,51.8,91.62,48.21,90.44,44.83,88.71,40.34,10.22,0.0,0.0,0.0,0.69,1.59,53.92,139843666.9138441,13683333.0,15.88,-9.48,0,,10.22,0.0,10.22,0.0,10.22,0.0,10.21,0.1,,,0,0,32,
2508,PCAP,Financial Services,Shell Companies,NASDAQ,91.75,57.39,98.34,70.43,90.35,53.49,91.8,49.1,89.53,41.0,87.3,35.69,10.4,-0.1,0.19,0.29,0.78,2.26,55.26,329788795.1660156,31680000.0,0.001,-0.4,0,0.0,10.4,0.0,10.4,0.0,10.38,0.19,10.36,0.39,0.07,0.01,12510,27063,28118,
2509,TEL,Technology,Electronic Components,NYSE,91.74,57.32,102.79,84.37,94.05,63.1,90.19,43.42,83.32,33.42,115.89,79.08,218.29,-0.94,-0.14,2.99,6.08,-5.5,44.03,63891326658.88574,289940672.0,0.033099998,-13.57,1531300,0.83,217.37,0.42,216.34,0.9,212.59,2.68,209.99,3.95,2.47,88.03,1600230,1855670,1907690,0.138
2510,QADRU,Financial Services,Shell Companies,NASDAQ,91.74,57.32,98.06,67.25,90.26,52.96,91.91,49.81,90.64,45.61,88.37,38.85,10.1,0.0,0.0,0.0,0.2,,,,,0.78,-3.81,0,,10.1,0.0,10.1,0.0,10.1,0.0,10.1,0.0,,,0,0,4,
2511,ODD,Consumer Defensive,Household & Personal Products,NASDAQ,91.74,57.32,122.82,96.31,84.97,40.19,93.44,55.41,57.27,13.66,29.69,3.63,21.11,11.69,13.25,15.48,44.14,-50.15,14.56,871754053.004879,46124554.0,0.3073,-65.1,768100,0.51,19.73,6.99,19.06,10.76,18.7,12.89,15.92,32.6,5.18,151.43,742440,1498443,1216400,-0.251
2512,XWEL,Healthcare,Diagnostics & Research,NASDAQ,91.73,57.28,86.53,21.85,84.75,39.8,78.58,26.62,114.62,80.77,178.42,94.81,0.82,-2.38,-7.87,-14.58,-24.77,24.24,78.73,7093183.218540311,8444266.0,0.0211,-62.73,110100,3.24,0.85,-3.53,0.85,-3.53,0.88,-6.82,0.94,-12.77,6.27,0.0,45580,34023,36066,-0.071
2513,BACC,Financial Services,Shell Companies,NASDAQ,91.72,57.23,96.48,57.77,91.28,57.24,92.7,53.25,93.26,53.25,89.42,42.95,10.44,-0.48,-0.52,-0.57,-0.48,2.15,55.03,293323083.4699688,27962163.0,0.0004,-5.95,771200,5.95,10.46,-0.19,10.47,-0.29,10.5,-0.57,10.5,-0.57,0.17,54.9,198460,129546,94596,
2514,SBXE,Financial Services,Shell Companies,NYSE,91.72,57.23,98.41,71.16,89.92,51.11,91.59,47.93,90.72,45.87,87.84,36.87,10.15,0.4,0.5,0.5,0.1,,,350766438.08841705,34695000.0,0.0,-0.88,0,0.0,10.13,0.2,10.12,0.3,10.11,0.4,10.1,0.5,0.05,0.01,3230,27673,24252,
2515,DBCA,Financial Services,Shell Companies,NASDAQ,91.72,57.23,98.12,67.88,90.09,51.98,91.66,48.39,90.43,44.77,88.46,39.32,10.03,0.1,0.0,0.1,0.4,,,433579738.3880882,43271429.0,0.0,-0.69,200,0.0,10.03,0.0,10.03,0.0,10.03,0.0,10.02,0.1,0.14,0.0,197470,90960,87782,
2516,GPATU,Financial Services,Shell Companies,NASDAQ,91.72,57.23,97.93,65.97,90.08,51.87,91.6,48.0,91.08,47.56,90.35,45.82,10.99,0.0,0.0,-0.18,-0.9,2.52,55.92,,,0.0,-11.8,0,0.0,10.99,0.0,10.99,0.0,11.0,-0.09,11.02,-0.27,0.01,0.02,0,3,4,
2517,DNMX,Financial Services,Shell Companies,NASDAQ,91.72,57.23,98.33,70.27,89.91,51.02,91.52,47.39,90.06,42.95,88.41,39.08,10.09,0.1,0.35,0.2,0.7,2.02,54.8,270479994.59277916,26833333.0,0.0004,0.1,30100,0.59,10.08,0.1,10.08,0.1,10.07,0.2,10.06,0.3,0.08,64.22,42840,50953,42722,
2518,VALE,Basic Materials,Other Industrial Metals & Mining,NYSE,91.72,57.23,93.48,42.4,92.73,60.8,106.52,75.53,99.21,62.95,143.31,89.76,13.62,-1.02,0.07,-10.57,-6.55,6.53,63.05,58559297033.2668,4255762795.0,0.0108,-24.08,35208500,1.03,13.78,-1.16,13.64,-0.15,13.94,-2.3,14.36,-5.15,2.86,51.28,42161270,34041683,30633046,0.064
2519,STRW,Real Estate,REIT - Healthcare Facilities,NYSE ARCA,91.71,57.17,93.7,43.34,95.82,65.86,100.16,67.44,106.32,72.39,97.71,58.83,12.93,-4.22,-3.51,-5.28,-10.34,3.27,57.74,191124036.0,14157336.0,0.013300001,-12.34,20600,0.46,12.98,-0.39,13.04,-0.84,13.35,-3.15,13.53,-4.43,3.49,73.15,46470,45036,43220,0.058
2520,MEVO,Financial Services,Shell Companies,NASDAQ,91.7,57.13,98.24,69.31,90.02,51.62,91.75,48.86,90.1,43.1,88.29,38.46,10.02,0.1,0.2,0.0,0.6,,,400400009.15527344,40000000.0,0.01,-10.05,0,0.0,10.02,0.0,10.01,0.1,10.02,0.0,10.0,0.2,0.06,-0.01,13810,145380,98668,
2521,KFIIU,Financial Services,Shell Companies,NASDAQ,91.7,57.13,98.13,68.05,90.41,53.7,90.08,43.2,90.64,45.61,91.33,47.71,10.7,0.0,0.09,0.09,0.09,1.81,54.32,276370304.0,,,-16.41,0,0.0,10.7,0.0,10.7,0.0,10.69,0.09,10.69,0.09,0.01,0.03,10,3,2,
2522,IACO,Financial Services,Shell Companies,NASDAQ,91.7,57.13,98.06,67.25,90.26,52.96,91.81,49.14,90.08,43.0,88.55,39.78,9.99,-0.1,-0.1,0.0,0.6,,,437500000.0,43750000.0,0.02,-0.2,0,0.0,10.0,-0.1,10.0,-0.1,10.0,-0.1,9.98,0.1,0.01,0.02,1960,24870,32340,
2523,BCAT,Financial Services,Asset Management,NYSE,91.7,57.13,91.35,33.72,91.52,57.77,98.23,63.92,107.09,73.31,102.51,65.76,13.72,-0.07,0.15,-5.67,-9.19,12.1,69.17,1459169458.810707,106276002.0,2.91,-15.31,533618,0.49,13.69,0.22,13.67,0.37,13.93,-1.51,14.88,-7.8,1.7,45.15,835811,1100147,916092,
2524,AKA,Consumer Cyclical,Apparel Retail,NYSE,91.69,57.08,95.68,53.97,95.06,64.68,102.41,70.67,85.38,35.52,83.77,31.03,10.76,-0.88,-4.14,-1.06,-2.23,-0.23,50.96,119252994.34275627,10991059.0,0.012,-34.31,0,0.0,10.75,0.09,10.86,-0.92,10.84,-0.74,10.83,-0.65,2.59,1.79,640,2486,3316,-0.003
2525,TREX,Industrials,Building Products & Equipment,NYSE,91.69,57.08,97.45,62.69,92.75,60.89,93.46,55.44,87.58,38.0,77.22,24.62,44.78,2.8,-0.02,-0.38,1.93,25.19,79.45,4525828777.923191,103898729.0,0.100200005,-17.53,1368400,0.87,44.42,0.81,44.12,1.5,43.87,2.07,45.59,-1.78,3.49,69.78,1563420,1566530,1677350,0.078
2526,KRSP,Financial Services,Shell Companies,NYSE,91.68,57.04,96.4,57.35,94.15,63.27,92.19,51.04,90.87,46.58,87.38,35.82,10.57,-0.31,-3.91,-0.09,1.05,2.62,56.2,487765564.0131483,46002601.0,0.0007,-11.1,0,0.0,10.58,-0.09,10.63,-0.56,10.6,-0.28,10.57,0.0,1.42,0.0,12010,87983,54760,
2527,MPV,Financial Services,Asset Management,NYSE,91.68,57.04,103.13,84.89,85.83,41.75,87.98,38.8,78.97,28.76,86.71,34.65,16.94,6.01,3.48,-1.51,7.15,-2.73,48.0,172460261.9196968,10792257.0,0.9,-17.69,12857,0.68,16.41,3.23,15.99,5.94,16.43,3.1,16.29,3.99,3.24,93.81,16085,18941,23169,-0.053
2528,DNLI,Healthcare,Biotechnology,NASDAQ,91.67,57.02,85.04,19.11,96.36,66.77,101.33,69.23,115.44,81.47,117.72,80.3,19.45,-2.75,-4.61,-7.78,-20.12,11.33,68.36,3196948060.0,159847403.0,0.11310001,-28.75,1341000,0.76,19.29,0.83,19.95,-2.51,20.26,-4.0,22.41,-13.21,4.4,115.76,2018870,1765086,1555176,
2529,XCBE,Financial Services,Shell Companies,NASDAQ,91.66,56.97,98.26,69.57,89.96,51.35,91.47,47.25,89.88,42.25,88.2,37.98,10.03,0.1,0.2,0.2,0.8,,,281812512.8746033,28125000.0,0.0001,0.0,0,0.0,10.02,0.1,10.03,0.0,10.02,0.1,10.0,0.3,0.05,0.01,23920,36046,28448,
2530,SZZLU,Financial Services,Shell Companies,NASDAQ,91.66,56.97,98.06,67.25,90.22,52.85,91.83,49.29,90.25,43.81,90.26,45.45,10.54,0.0,0.0,0.0,0.38,2.63,56.22,,,1.62,-6.97,0,,10.54,0.0,10.54,0.0,10.54,0.0,10.53,0.09,,,0,0,144,
2531,HCMAU,Financial Services,Shell Companies,NASDAQ,91.66,56.97,98.0,66.77,89.9,50.94,91.83,49.29,91.18,48.06,88.19,37.83,10.47,0.0,0.0,0.0,-0.1,2.55,55.98,,,0.0,-4.73,0,0.0,10.47,0.0,10.47,0.0,10.47,0.0,10.47,0.0,,,30,56,68,
2532,FTV,Technology,Scientific & Technical Instruments,NYSE,91.66,56.97,97.38,62.33,90.56,54.36,89.52,42.03,102.59,67.78,106.44,70.69,57.26,-0.37,2.09,4.7,-1.97,3.18,57.52,17520363249.0148,304861021.0,0.057600003,-11.31,1582700,0.69,57.09,0.3,56.48,1.38,55.97,2.3,57.94,-1.17,1.9,76.25,2199230,2296016,2235396,0.079
2533,MEVOU,Financial Services,Shell Companies,NASDAQ,91.66,56.97,98.16,68.43,89.56,49.5,91.03,45.68,90.16,43.31,88.02,37.38,10.19,0.0,0.0,0.0,0.89,,,,,0.0,-7.36,0,0.0,10.19,0.0,10.19,0.0,10.19,0.0,10.16,0.3,,,0,460,624,
2534,BIII,Financial Services,Shell Companies,NYSE,91.65,56.92,98.34,70.43,89.81,50.53,91.58,47.88,89.45,40.84,87.31,35.71,10.07,0.2,0.2,0.1,1.21,,,231150004.38690186,23000000.0,0.0001,-1.66,561793,3.4,10.05,0.2,10.06,0.1,10.05,0.2,10.03,0.4,0.05,199.99,62399,165209,166815,
2535,RYZ,Industrials,Metal Fabrication,NYSE,91.64,56.88,103.02,84.66,89.91,51.02,92.35,51.84,109.57,76.06,92.43,49.91,26.23,2.58,9.98,3.76,-1.46,1.79,54.3,1327048541.371788,51898653.0,0.0328,-18.03,232100,0.53,26.38,-0.57,25.36,3.43,24.76,5.94,25.71,2.02,3.55,16.74,407150,441200,486188,0.716
2536,SORN,Financial Services,Shell Companies,NASDAQ,91.64,56.88,98.3,69.93,89.96,51.35,91.59,47.93,89.75,41.64,88.46,39.32,10.02,-0.2,0.0,0.2,0.6,,,348722672.03502846,34733334.0,0.0002,-7.9,608,0.02,10.03,-0.1,10.03,-0.1,10.02,0.0,9.99,0.3,0.06,-0.01,4270,39233,23540,
2537,TACOU,Financial Services,Shell Companies,NASDAQ,91.64,56.88,97.55,63.43,90.65,54.9,93.4,55.25,92.04,50.54,87.45,35.92,10.75,0.0,-0.22,-0.96,-0.91,4.89,60.47,,,5.64,-14.0,0,0.0,10.75,0.0,10.76,-0.09,10.8,-0.46,10.8,-0.46,0.07,-13.34,140,123,162,
2538,JENA,Financial Services,Shell Companies,NYSE,91.63,56.83,97.85,65.56,90.01,51.54,92.65,53.01,91.07,47.5,88.96,41.3,10.42,0.19,0.29,-0.57,0.29,2.46,55.82,301339988.9469147,28975000.0,0.02,-1.79,0,0.0,10.42,0.0,10.42,0.0,10.44,-0.19,10.43,-0.1,0.27,-0.0,197300,81150,53054,
2539,SOR,Financial Services,Asset Management,NYSE,91.63,56.83,97.64,64.0,91.46,57.7,94.25,57.37,93.13,53.0,94.26,53.3,45.5,1.22,0.22,-1.83,-0.09,0.77,52.62,369982152.7297325,8230971.0,0.0011,-9.74,7600,0.73,45.17,0.73,45.17,0.73,45.46,0.09,45.95,-0.98,2.27,35.75,8780,10350,10090,-0.047
2540,ED,Utilities,Utilities - Regulated Electric,NYSE,91.63,56.83,98.05,67.16,87.79,45.64,94.23,57.32,97.59,60.49,93.8,52.45,106.1,2.62,2.91,-0.34,-2.45,10.29,67.3,38236582140.144516,369828633.0,0.036199998,-8.72,1544700,0.7,105.05,1.0,104.05,1.97,104.38,1.65,106.17,-0.07,1.46,43.27,2529840,2203196,2222288,0.132
2541,FGII,Financial Services,Shell Companies,NASDAQ,91.62,56.8,98.24,69.31,89.92,51.11,91.56,47.74,89.83,42.01,87.93,37.12,10.03,0.1,0.1,0.1,0.8,,,289978813.24768066,28940000.0,0.0001,-0.1,0,0.0,10.03,0.0,10.03,0.0,10.02,0.1,10.0,0.3,0.06,0.0,66410,38903,34876,
2542,FSHPU,Financial Services,Shell Companies,NASDAQ,91.61,56.79,98.52,72.09,92.21,59.68,93.06,54.32,90.99,47.16,90.21,45.27,11.3,0.44,0.44,0.44,0.98,6.7,63.25,,,0.07,-15.67,300,8.33,11.27,0.27,11.26,0.36,11.25,0.44,11.23,0.62,0.54,-0.0,110,36,40,
2543,NP,Financial Services,Insurance Brokers,NYSE,91.6,56.73,93.04,40.25,89.15,48.49,112.16,81.31,105.47,71.51,100.94,63.44,28.74,4.78,4.47,-9.05,-9.22,-1.74,49.16,3764303700.5802155,137233090.0,0.0664,-18.24,313900,0.59,27.87,3.12,27.69,3.79,28.55,0.67,30.83,-6.78,4.12,59.53,568060,534450,507120,0.328
2544,IRAB,Financial Services,Shell Companies,NYSE,91.6,56.73,98.22,69.01,89.91,51.02,91.02,45.65,89.97,42.61,88.37,38.85,10.01,-1.38,0.1,0.1,0.81,,,232482361.31256294,22904667.0,0.01,-1.38,250000,6.69,10.01,0.0,10.05,-0.4,10.03,-0.2,9.99,0.2,0.39,-0.0,29890,37353,31992,
2545,GGZ,Financial Services,Asset Management,NYSE,91.6,56.73,94.9,49.82,92.28,59.83,98.29,64.05,98.99,62.62,107.57,71.95,15.25,-0.85,-1.17,-3.78,-4.32,7.25,63.94,118543211.86206722,7707621.0,0.0005,-10.71,4246,0.72,15.26,-0.07,15.33,-0.52,15.48,-1.49,15.95,-4.39,1.42,87.45,5084,5911,6170,
2546,EVOXU,Financial Services,Shell Companies,NASDAQ,91.6,56.73,98.13,68.05,90.08,51.87,91.67,48.45,90.36,44.3,88.47,39.46,10.28,0.0,0.0,0.0,0.29,2.19,55.14,,,0.02,-0.29,0,0.0,10.28,0.0,10.28,0.0,10.28,0.0,10.27,0.1,0.04,0.01,0,522,451,
2547,MLAA,Financial Services,Shell Companies,NASDAQ,91.6,56.73,98.14,68.19,90.04,51.68,91.62,48.21,89.67,41.36,89.81,44.18,10.01,0.0,0.0,0.0,0.5,,,261261005.97381592,26100000.0,,-10.62,382200,6.14,10.01,0.0,10.01,0.0,10.02,-0.1,10.0,0.1,0.06,-0.0,70440,62290,57552,
2548,ARL,Real Estate,Real Estate Services,NYSE,91.6,56.73,98.31,70.03,79.08,30.39,94.67,58.2,107.05,73.27,85.65,33.34,16.45,2.56,1.48,2.3,9.74,1.23,53.25,259078784.50763702,16152043.0,0.0215,-32.69,1300,0.27,15.89,3.52,16.1,2.17,15.95,3.13,15.56,5.72,5.83,33.38,3010,4896,6462,0.09
2549,HCMA,Financial Services,Shell Companies,NASDAQ,91.59,56.66,98.11,67.74,90.11,52.13,91.95,49.98,91.0,47.22,88.46,39.32,10.32,0.19,0.19,0.0,0.19,2.48,55.86,347453336.33412266,33733333.0,0.0001,-1.62,3700,0.15,10.31,0.1,10.3,0.19,10.31,0.1,10.3,0.19,0.07,0.0,18550,25300,18422,
2550,APXTU,Financial Services,Shell Companies,NASDAQ,91.59,56.66,97.79,65.13,90.35,53.49,91.94,49.93,90.76,46.06,88.5,39.56,10.27,0.0,-0.29,-0.19,0.1,2.39,55.61,,,21.93,-2.19,0,0.0,10.27,0.0,10.27,0.0,10.29,-0.19,10.26,0.1,0.02,-0.02,10,90,144,
2551,SCPQ,Financial Services,Shell Companies,NASDAQ,91.58,56.63,98.32,70.14,90.01,51.54,91.47,47.25,90.13,43.22,88.2,37.98,10.07,-0.3,0.2,0.4,0.7,,,138201678.61977768,13683334.0,0.01,-0.3,118,0.01,10.07,0.0,10.07,0.0,10.06,0.1,10.04,0.3,0.08,0.0,701,11380,14102,
2552,ORIQU,Financial Services,Shell Companies,NASDAQ,91.58,56.63,97.98,66.51,89.25,48.7,91.1,45.94,90.84,46.48,88.22,38.16,10.35,0.0,0.0,0.0,0.0,-0.29,50.9,146763005.40924072,14180000.0,0.0,-3.18,0,,10.35,0.0,10.35,0.0,10.35,0.0,10.35,0.0,,,0,0,0,
2553,ARCIU,Financial Services,Shell Companies,NASDAQ,91.57,56.58,97.48,62.89,89.93,51.17,93.1,54.46,89.84,42.06,87.15,35.46,10.24,-0.05,-0.05,-1.54,-1.06,,,,,1.22,-3.94,0,0.0,10.24,0.0,10.24,0.0,10.3,-0.58,10.35,-1.06,0.38,0.0,90,476,292,
2554,DLX,Industrials,Conglomerates,NYSE,91.57,56.58,93.95,44.43,96.77,67.38,95.85,60.37,111.4,77.93,150.61,91.34,23.14,2.34,-4.89,-2.03,-9.82,7.9,64.68,1036810744.8884583,45856290.0,0.1225,-27.85,518200,1.1,22.75,1.71,22.97,0.74,23.39,-1.07,23.84,-2.94,2.87,43.66,514950,469210,464558,-0.042
2555,MSIF,Financial Services,Asset Management,NYSE,91.57,56.58,96.03,55.72,92.43,60.17,93.12,54.59,79.58,29.39,84.2,31.49,11.75,0.26,-2.96,-4.82,7.94,-3.88,46.33,531446095.9884825,45345229.0,0.010299999,-18.74,212700,1.1,11.71,0.34,11.78,-0.25,12.05,-2.49,12.1,-2.89,2.69,6.32,203620,193233,229066,0.002
2556,VLOSU,Financial Services,Shell Companies,NASDAQ,91.57,56.58,97.56,63.46,90.16,52.47,84.01,32.76,91.04,47.38,83.34,30.57,10.79,-2.79,-1.01,0.37,-0.19,5.78,61.73,,,2.78,-37.95,0,0.0,10.85,-0.55,10.87,-0.74,10.85,-0.55,10.78,0.09,0.77,0.0,200,506,308,
2557,ZKPU,Financial Services,Shell Companies,NASDAQ,91.56,56.54,98.34,70.43,89.81,50.53,91.01,45.62,89.79,41.89,87.42,35.89,10.08,0.0,0.0,0.5,0.9,,,,,4.29,-3.72,0,0.0,10.08,0.0,10.08,0.0,10.14,-0.59,10.08,0.0,0.11,0.0,0,30,236,
2558,UAC,Financial Services,Shell Companies,NYSE ARCA,91.55,56.5,98.36,70.69,89.87,50.8,91.33,46.66,90.23,43.68,87.66,36.28,10.01,0.0,0.2,0.4,0.7,,,138675339.9708557,13853680.0,0.0011999999,-0.0,0,0.0,10.01,0.0,10.01,0.0,9.99,0.2,9.97,0.4,0.03,-0.01,13760,56190,33916,
2559,ARCI,Financial Services,Shell Companies,NASDAQ,91.55,56.5,97.5,63.06,90.66,54.98,92.35,51.84,91.2,48.11,88.55,39.78,10.05,-0.3,-0.5,-0.5,-0.5,,,355440957.3097229,35262000.0,0.09,-1.47,690000,15.92,10.07,-0.2,10.08,-0.3,10.09,-0.4,10.12,-0.69,0.11,-0.0,77890,43353,34790,
2560,BWBBP,Financial Services,Banks - Regional,NASDAQ,91.55,56.5,95.4,52.49,90.1,52.06,91.66,48.39,95.89,57.91,96.51,57.24,19.19,-1.92,-2.09,-2.24,-2.28,3.55,58.37,,,3.83,-9.4,400,0.2,19.26,-0.36,19.35,-0.83,19.49,-1.54,19.65,-2.34,0.9,23.22,2130,1976,2102,0.184
2561,LGI,Financial Services,Asset Management,NYSE,91.54,56.46,95.22,51.5,93.49,61.99,94.86,58.58,101.73,66.55,98.65,60.02,17.1,1.42,-0.47,-2.12,-3.75,4.57,59.94,219635396.5510559,13027010.0,0.0021,-13.98,30584,0.98,17.04,0.35,17.01,0.53,17.15,-0.29,17.72,-3.5,1.64,71.43,26388,31306,31519,0.059
2562,PMTR,Financial Services,Shell Companies,NASDAQ,91.54,56.46,98.16,68.43,89.87,50.8,91.42,46.99,90.41,44.64,88.16,37.75,10.44,0.19,0.19,0.19,0.48,1.75,54.2,321201712.351799,30825500.0,0.0,-2.16,88600,0.9,10.44,0.0,10.43,0.1,10.43,0.1,10.42,0.19,0.15,13.21,68810,98816,65526,
2563,ADAC,Financial Services,Shell Companies,NASDAQ,91.53,56.42,97.65,64.08,90.72,55.22,91.97,50.06,90.68,45.74,88.73,40.44,10.06,-0.89,-0.59,-0.3,-0.4,,,291812489.03274536,28750000.0,0.00029999999,-6.24,122,0.01,10.13,-0.69,10.13,-0.69,10.11,-0.49,10.1,-0.4,0.13,-0.0,32,22104,21320,
2564,PALO,Financial Services,Shell Companies,NASDAQ,91.53,56.42,98.26,69.57,89.75,50.3,91.31,46.58,89.7,41.49,88.46,39.32,9.99,0.0,0.2,0.2,0.6,,,210704080.17253876,21091500.0,0.82,-0.89,0,0.0,9.99,0.0,9.98,0.1,9.99,0.0,9.97,0.2,0.06,0.0,1740,2803,1966,
2565,DYORU,Financial Services,Shell Companies,NASDAQ,91.53,56.42,98.12,67.88,89.82,50.6,91.51,47.34,89.6,41.14,87.81,36.77,10.22,0.0,0.0,0.0,0.69,1.49,53.67,204400005.34057617,20000000.0,0.0,-11.21,0,,10.22,0.0,10.22,0.0,10.22,0.0,10.2,0.2,,,0,0,300,
2566,CAQUU,Financial Services,Shell Companies,NASDAQ,91.52,56.39,98.16,68.43,89.69,50.06,91.29,46.52,89.77,41.77,88.2,37.98,10.07,0.0,0.0,0.2,0.7,,,,,24.06,-6.33,0,0.0,10.07,0.0,10.07,0.0,10.06,0.1,10.12,-0.49,0.01,0.02,0,33,38,
2567,REXR,Real Estate,REIT - Industrial,NYSE,91.51,56.36,99.16,74.89,94.73,64.18,94.4,57.62,91.08,47.56,89.06,41.63,36.74,0.14,-0.79,-2.28,-3.15,-4.42,45.36,8181433963.332413,222988124.0,0.0655,-17.21,3918000,1.37,36.72,0.05,36.63,0.3,37.27,-1.42,36.85,-0.3,2.23,14.65,2957770,2869553,2616044,-0.016
2568,AG,Basic Materials,Silver,NYSE,91.51,56.36,88.67,26.43,105.38,77.96,112.67,81.71,94.74,55.95,162.86,93.15,17.28,-2.21,-9.1,-11.66,10.22,-1.18,49.83,8709655825.215773,492906383.0,2.46,-46.07,9438700,0.97,17.19,0.52,17.5,-1.26,18.39,-6.04,19.09,-9.48,4.48,27.1,10242590,9686726,9867248,0.573
2569,RFAM,Financial Services,Shell Companies,NASDAQ,91.5,56.32,97.94,66.02,90.35,53.49,91.63,48.26,89.88,42.25,87.93,37.12,9.98,-0.1,-0.3,0.0,0.91,,,139193993.48091316,13933333.0,0.0001,-0.4,6400,0.23,9.98,0.0,9.99,-0.1,9.99,-0.1,9.97,0.1,0.07,0.01,7650,27666,18076,
2570,LFACU,Financial Services,Shell Companies,NASDAQ,91.5,56.32,98.04,67.09,90.11,52.13,91.64,48.28,90.33,44.17,88.46,39.32,10.18,0.0,0.0,0.0,0.3,1.9,54.53,,,37.38,-2.96,0,0.0,10.18,0.0,10.18,0.0,10.18,0.0,10.17,0.1,,,0,3,26,
2571,MUZEU,Financial Services,Shell Companies,NASDAQ,91.5,56.32,98.49,71.8,89.81,50.53,91.28,46.46,91.09,47.6,87.93,37.12,10.17,0.69,0.69,0.69,-2.4,,,,,6.83,-9.2,4444,19.24,10.14,0.3,10.12,0.49,10.11,0.59,10.1,0.69,0.09,753.85,454,231,346,
2572,TVAIU,Financial Services,Shell Companies,NASDAQ,91.49,56.27,97.78,65.03,90.2,52.71,92.11,50.64,90.77,46.16,89.36,42.66,10.47,-0.29,-0.29,-0.29,-0.29,1.55,53.82,,,0.36,-28.53,0,0.0,10.47,0.0,10.49,-0.19,10.49,-0.19,10.5,-0.29,0.02,-0.01,110,53,52,
2573,VHCP,Financial Services,Shell Companies,NASDAQ,91.49,56.27,98.14,68.19,89.81,50.53,91.43,47.07,89.72,41.56,87.84,36.87,10.07,0.0,0.1,0.0,0.7,,,308813327.33127594,30666667.0,0.05,-0.3,0,0.0,10.07,0.0,10.07,0.0,10.07,0.0,10.05,0.2,0.02,0.01,260,25083,18234,
2574,OGE,Utilities,Utilities - Regulated Electric,NYSE,91.49,56.27,99.57,76.21,87.14,44.43,93.3,55.04,97.35,60.17,95.03,54.68,46.5,3.54,4.76,0.85,-0.67,12.12,69.2,9357011745.630222,206374321.0,0.0682,-8.08,1563200,0.84,45.86,1.4,45.37,2.49,45.2,2.88,45.8,1.53,1.66,80.28,2280610,1856030,1645772,-0.04
2575,CRANU,Financial Services,Shell Companies,NASDAQ,91.48,56.19,97.68,64.29,90.47,53.94,92.21,51.13,91.99,50.4,88.53,39.69,10.31,0.0,0.0,-0.27,-0.29,2.59,56.11,,,0.36,-8.19,0,0.0,10.31,0.0,10.31,0.0,10.31,0.0,10.33,-0.19,,,0,120,168,
2576,LPCVU,Financial Services,Shell Companies,NASDAQ,91.48,56.19,98.2,68.76,89.82,50.6,91.17,46.19,89.98,42.66,88.2,37.98,10.13,0.0,0.0,0.3,0.8,1.6,53.95,,,1.48,-11.45,0,0.0,10.13,0.0,10.13,0.0,10.17,-0.39,10.12,0.1,0.09,-0.0,0,310,334,
2577,YORW,Utilities,Utilities - Regulated Water,NASDAQ,91.48,56.19,95.97,55.39,90.21,52.78,98.23,63.92,91.26,48.37,82.48,29.67,31.06,0.98,1.01,-5.66,1.24,-2.68,48.05,499191155.2744274,16228581.0,0.0416,-10.77,142200,0.96,30.89,0.55,30.67,1.27,31.35,-0.93,32.25,-3.69,2.17,5.94,155090,148706,137018,0.225
2578,MAIN,Financial Services,Asset Management,NYSE,91.48,56.19,96.18,56.48,92.57,60.48,92.74,53.5,89.06,40.08,84.1,31.37,53.74,-2.01,-1.99,-3.43,0.66,-3.58,46.77,5153251342.783035,93508461.0,0.1038,-17.61,431500,0.91,54.27,-0.98,54.68,-1.72,55.13,-2.52,56.18,-4.34,1.86,11.98,528070,475600,513956,0.039
2579,CTOR,Healthcare,Drug Manufacturers - Specialty & Generic,NASDAQ,91.48,56.19,93.63,43.01,117.13,86.71,94.05,56.85,56.27,13.24,75.9,23.55,0.84,-11.58,-20.0,-8.5,46.34,-32.8,22.82,100471031.63925469,105758982.0,0.0172,-62.67,71000,0.72,0.85,-1.18,0.93,-9.68,0.97,-13.4,0.86,-2.33,10.66,44.66,106250,99123,112818,
2580,GIXXU,Financial Services,Shell Companies,NASDAQ,91.48,56.19,97.96,66.23,90.01,51.54,91.44,47.15,90.78,46.24,88.72,40.35,10.21,0.0,0.0,0.0,0.0,,,,,20.22,-4.67,0,,10.21,0.0,10.21,0.0,10.21,0.0,10.21,0.0,,,0,0,4,
2581,MCHB,Financial Services,Banks - Regional,NASDAQ,91.48,56.19,90.08,30.27,97.13,67.95,99.78,66.72,111.56,78.07,109.51,74.01,14.26,-4.3,-6.0,-7.22,-12.74,9.75,66.85,3299254899.63249,221426509.0,0.0988,-17.95,371000,0.72,14.64,-2.6,14.75,-3.32,15.03,-5.12,15.69,-9.11,2.12,3.31,540480,516030,489328,0.357
2582,AGNCZ,Real Estate,REIT - Mortgage,NASDAQ,91.47,56.12,96.25,56.88,91.99,59.07,94.09,56.98,93.26,53.25,91.33,47.71,24.28,-1.62,-1.07,-1.89,-2.05,3.55,58.37,,,0.22,-7.93,86900,1.3,24.31,-0.12,24.45,-0.7,24.57,-1.18,24.79,-2.06,1.02,42.24,122980,66836,55864,
2583,BLZRU,Financial Services,Shell Companies,NASDAQ,91.45,56.1,98.57,72.34,89.94,51.2,91.9,49.72,90.05,42.93,88.68,40.2,10.35,0.05,0.58,0.19,1.07,0.98,52.84,,,0.0,-5.91,0,0.0,10.36,-0.1,10.35,0.0,10.33,0.19,10.3,0.49,0.15,-0.0,5160,3246,2410,
2584,EBMT,Financial Services,Banks - Regional,NASDAQ,91.45,56.1,90.82,32.22,94.25,63.41,100.36,67.8,112.53,78.91,110.72,75.09,20.61,-3.01,-4.27,-7.99,-12.27,7.09,63.73,169265408.75,7965431.0,0.0296,-16.42,17600,0.57,20.87,-1.25,21.05,-2.09,21.5,-4.14,22.38,-7.91,2.82,55.1,25960,30696,33608,0.087
2585,VHCPU,Financial Services,Shell Companies,NASDAQ,91.44,56.05,97.84,65.48,90.56,54.36,91.62,48.21,90.53,45.09,88.33,38.61,10.17,-0.02,-0.65,-0.07,0.33,1.38,53.49,,,0.0,-1.17,0,0.0,10.17,0.0,10.19,-0.2,10.22,-0.49,10.17,0.0,0.19,-15.27,240,363,476,
2586,AXINU,Financial Services,Shell Companies,NASDAQ,91.44,56.05,96.84,59.61,89.88,50.86,92.84,53.77,93.28,53.29,89.14,41.93,10.5,-0.94,-0.28,-2.1,-1.41,2.54,55.96,,,0.91,-10.64,0,0.0,10.52,-0.19,10.53,-0.28,10.6,-0.94,10.66,-1.5,0.28,0.0,60,376,358,
2587,LSTR,Industrials,Integrated Freight & Logistics,NASDAQ,91.44,56.05,93.38,41.9,91.83,58.59,94.88,58.63,128.0,88.3,113.0,77.04,169.11,-2.52,3.26,-2.12,0.09,18.76,74.74,5887377604.005814,33936925.0,0.0623,-25.98,182400,0.55,169.17,-0.04,169.19,-0.05,169.29,-0.11,175.73,-3.77,2.32,34.94,337980,331496,386784,0.181
2588,BNTX,Healthcare,Biotechnology,NASDAQ,91.43,56.0,96.44,57.62,93.96,62.97,92.99,54.19,77.5,27.2,88.63,39.99,96.96,0.06,-1.58,0.24,4.43,5.2,60.97,24341703448.707443,251204366.0,0.0348,-21.81,1320400,1.34,95.53,1.5,96.73,0.24,97.39,-0.44,98.9,-1.96,3.42,140.64,956890,985013,1281354,-0.595
2589,IRHOU,Financial Services,Shell Companies,NASDAQ,91.43,56.0,97.73,64.59,89.71,50.16,92.15,50.85,91.16,47.9,88.21,38.14,10.16,0.0,0.0,-0.88,-0.39,2.11,54.94,,,0.15,-10.01,0,0.0,10.16,0.0,10.16,0.0,10.16,0.0,10.18,-0.2,,,0,113,162,
2590,GTENU,Financial Services,Shell Companies,NASDAQ,91.43,56.0,97.62,63.86,90.62,54.72,92.44,52.22,91.69,49.73,88.56,39.87,10.65,0.0,0.0,0.0,-0.28,1.62,54.0,,,0.82,-2.29,0,0.0,10.65,0.0,10.65,0.0,10.65,0.0,10.72,-0.65,,,0,103,122,
2591,BEBE,Financial Services,Shell Companies,NYSE,91.43,56.0,98.4,71.08,89.8,50.47,91.38,46.86,89.72,41.56,87.84,36.87,10.05,0.1,0.1,0.2,0.7,,,200799999.23706055,20000000.0,0.0001,-0.0,0,0.0,10.05,0.0,10.05,0.0,10.04,0.1,10.01,0.4,0.01,-0.03,370,7496,5078,
2592,LSPD,Technology,Software - Application,NYSE,91.42,55.93,103.05,84.75,83.97,38.18,87.35,37.87,85.83,36.07,79.23,26.58,10.64,8.35,7.8,7.04,10.14,-13.5,36.22,1269721953.980896,129299592.0,0.0481,-22.42,395700,0.52,10.33,3.0,10.03,6.08,9.86,7.91,10.18,4.52,2.6,93.81,1023760,754126,726186,0.058
2593,CTAA,Financial Services,Shell Companies,NASDAQ,91.42,55.93,98.36,70.69,89.46,49.23,91.05,45.75,89.59,41.09,88.02,37.38,9.99,0.4,0.4,0.4,0.5,,,169166583.40718937,17001667.0,0.28,-0.1,230500,13.0,9.96,0.3,9.95,0.4,9.95,0.4,9.94,0.5,0.03,350.02,23050,17730,10876,
2594,ONCH,Financial Services,Shell Companies,NASDAQ,91.42,55.93,98.29,69.83,89.58,49.62,91.44,47.15,89.86,42.12,87.78,36.71,10.35,0.05,0.24,0.24,0.63,1.12,53.02,222740840.06699753,21541667.0,0.0001,-1.43,0,0.0,10.34,0.1,10.34,0.1,10.33,0.19,10.31,0.39,0.05,100.0,29980,28430,58514,
2595,XSLLU,Financial Services,Shell Companies,NASDAQ,91.42,55.93,98.24,69.31,89.83,50.67,91.05,45.75,90.38,44.46,88.02,37.38,10.06,0.0,0.0,0.5,0.3,,,,,9.73,-11.68,2475,3.44,10.06,0.0,10.06,0.0,10.06,0.0,10.04,0.2,0.54,-0.0,507,719,2187,
2596,ALLE,Industrials,Security & Protection Services,NYSE,91.41,55.88,97.98,66.51,92.01,59.19,94.07,56.88,82.39,32.28,83.59,30.79,150.48,-2.42,-2.58,-1.52,-3.85,-5.32,44.21,13113523339.985687,85036786.0,0.0354,-17.82,803100,0.63,151.45,-0.64,153.03,-1.67,153.22,-1.79,157.32,-4.35,2.51,8.47,1008650,1275100,1194134,0.127
2597,OACC,Financial Services,Shell Companies,NASDAQ,91.41,55.88,97.9,65.81,90.33,53.36,91.88,49.6,90.23,43.68,89.99,44.75,10.75,-0.09,-0.28,-0.14,0.0,1.03,52.94,264510589.30654907,24582768.0,0.01,-1.15,228700,4.71,10.76,-0.09,10.77,-0.19,10.77,-0.19,10.76,-0.09,0.12,0.0,79390,48523,35838,
2598,FACTU,Financial Services,Shell Companies,NASDAQ,91.4,55.84,97.98,66.51,90.4,53.67,90.21,43.44,91.4,48.89,91.27,47.62,10.83,0.0,0.0,0.0,0.0,2.12,54.98,,,,-27.8,0,,10.83,0.0,10.83,0.0,10.83,0.0,10.83,0.0,,,0,0,0,
2599,ACRV,Healthcare,Biotechnology,NASDAQ,91.4,55.84,90.31,30.93,109.96,81.76,108.49,77.67,96.54,58.83,93.17,51.37,1.91,-4.02,-9.05,-4.5,25.66,-17.67,32.68,85278190.7886815,42853362.0,0.0419,-46.35,192000,0.65,1.9,0.53,1.97,-3.05,1.96,-2.55,1.96,-2.55,6.27,40.1,251620,296350,333548,
2600,FERAU,Financial Services,Shell Companies,NASDAQ,91.4,55.84,97.98,66.51,90.16,52.47,92.12,50.7,91.07,47.5,88.8,40.78,10.74,0.0,0.0,0.0,0.0,2.29,55.32,,,0.0,-6.61,0,0.0,10.74,0.0,10.74,0.0,10.74,0.0,10.72,0.19,,,0,3333,2016,
2601,IGACU,Financial Services,Shell Companies,NASDAQ,91.39,55.8,97.98,66.51,89.57,49.53,91.34,46.71,90.4,44.57,88.5,39.56,10.18,0.0,0.0,0.0,-1.17,1.19,53.15,,,0.0,-8.6,0,,10.18,0.0,10.18,0.0,10.18,0.0,10.19,-0.1,,,0,0,48,
2602,NOMD,Consumer Defensive,Packaged Foods,NYSE,91.39,55.8,97.73,64.59,85.74,41.51,91.28,46.46,93.34,53.47,62.55,14.27,11.08,4.04,4.23,0.91,-9.4,-7.78,41.57,1488775896.523901,139791169.0,0.0215,-15.93,1597900,1.22,10.96,1.09,10.78,2.78,10.77,2.88,11.29,-1.86,2.98,22.69,1407290,1312626,1568842,-0.031
2603,MTB,Financial Services,Banks - Regional,NYSE,91.38,55.75,92.03,36.08,92.71,60.75,104.37,73.06,113.14,79.4,103.83,67.66,217.49,-0.75,-1.67,-9.31,-11.38,7.32,64.04,31760617531.539917,144933000.0,0.0417,-15.03,721100,0.67,217.74,-0.11,218.07,-0.27,223.01,-2.48,234.76,-7.36,1.65,42.13,1013270,1072856,999382,0.062
2604,KOYNU,Financial Services,Shell Companies,NASDAQ,91.38,55.75,98.12,67.88,89.69,50.06,91.6,48.0,91.21,48.16,89.14,41.93,10.32,0.0,0.29,0.1,0.88,1.98,54.75,,,6.32,-2.64,0,0.0,10.32,0.0,10.32,0.0,10.31,0.1,10.3,0.19,0.05,0.01,400,263,294,
2605,VLYPN,Financial Services,Banks - Regional,NASDAQ,91.38,55.75,96.02,55.66,91.41,57.58,94.87,58.61,92.0,50.45,94.33,53.45,24.88,-0.4,-1.97,-2.75,-1.28,1.93,54.64,,,1.59,-6.25,18862,0.94,24.9,-0.08,24.98,-0.4,25.33,-1.78,25.31,-1.7,1.08,29.75,42076,20162,17513,0.15
2606,OIMAU,Financial Services,Shell Companies,NASDAQ,91.38,55.75,98.1,67.67,89.73,50.22,91.33,46.66,89.96,42.57,88.65,40.14,10.2,-0.1,-0.1,-0.1,0.1,,,,,4.2,-6.9,0,0.0,10.2,0.0,10.2,0.0,10.21,-0.1,10.2,0.0,0.01,0.03,20,6,8,
2607,OIM,Financial Services,Shell Companies,NASDAQ,91.37,55.71,98.14,68.19,89.95,51.26,91.43,47.07,90.07,42.97,87.93,37.12,10.15,0.2,0.0,0.2,0.3,,,366072879.1356087,36137500.0,0.0001,-1.74,206,0.01,10.13,0.2,10.14,0.1,10.14,0.1,10.13,0.2,0.08,0.0,57470,34303,32534,
2608,THW,Financial Services,Asset Management,NYSE,91.36,55.66,90.12,30.36,99.92,71.89,105.16,74.07,104.99,70.92,102.78,66.07,12.28,-0.57,-7.18,-7.48,-5.94,4.72,60.13,498493352.94758034,40363833.0,0.001,-15.31,109056,1.02,12.21,0.57,12.53,-2.0,12.98,-5.39,13.4,-8.36,2.69,74.25,127555,107125,113397,
2609,DSAC,Financial Services,Shell Companies,NASDAQ,91.36,55.66,97.67,64.2,90.08,51.87,92.08,50.46,90.92,46.8,87.58,36.13,10.13,-0.1,-0.2,-0.49,-0.49,,,344945908.29926777,34018333.0,0.0,-3.25,0,0.0,10.12,0.1,10.13,0.0,10.15,-0.2,10.16,-0.3,0.08,-0.0,37690,122800,91862,
2610,TACO,Financial Services,Shell Companies,NASDAQ,91.36,55.66,97.84,65.48,90.03,51.65,92.5,52.48,90.46,44.9,87.87,36.97,10.46,0.0,0.05,-0.24,0.19,3.36,57.94,392446126.43122673,37518750.0,0.0002,-1.78,129100,2.33,10.46,0.0,10.46,0.0,10.46,0.0,10.46,0.0,0.1,-0.0,80210,55290,47660,
2611,MESHU,Financial Services,Shell Companies,NASDAQ,91.36,55.66,97.54,63.39,90.65,54.9,92.07,50.41,90.61,45.44,88.11,37.6,10.15,-0.29,-0.93,-0.59,0.5,1.5,53.72,,,0.31,-3.33,300002,21.54,10.17,-0.2,10.18,-0.29,10.21,-0.59,10.16,-0.1,0.07,0.01,30010,13926,8584,
2612,PRME,Healthcare,Biotechnology,NASDAQ,91.36,55.66,120.99,96.04,67.34,18.67,83.36,32.06,68.53,20.25,118.22,80.61,3.99,33.89,37.59,27.48,32.12,7.84,64.62,540503034.339489,181376856.0,0.22649999,-42.51,8064200,1.98,3.64,9.62,3.32,20.18,3.22,23.91,3.28,21.65,8.86,127.32,5905870,4066356,3514100,0.035
2613,BLUWU,Financial Services,Shell Companies,NASDAQ,91.35,55.59,97.98,66.51,89.76,50.35,90.51,44.27,90.77,46.16,90.05,44.99,10.5,0.0,0.0,0.0,0.0,-0.66,50.47,,,8.08,-18.29,0,0.0,10.5,0.0,10.5,0.0,10.5,0.0,10.5,0.0,,,40,13,48,
2614,ILLU,Financial Services,Shell Companies,NASDAQ,91.35,55.59,97.83,65.39,90.33,53.36,91.7,48.63,90.59,45.34,88.2,37.98,9.97,-0.1,-0.4,-0.1,0.5,,,312290822.3358116,31291667.0,0.0,-0.4,0,0.0,9.97,0.0,9.98,-0.1,9.98,-0.1,9.96,0.1,0.05,-0.01,10010,86963,59792,
2615,PECO,Real Estate,REIT - Retail,NASDAQ,91.35,55.59,94.89,49.77,89.29,48.85,92.56,52.71,110.33,76.9,100.08,62.37,37.57,-0.5,0.48,-1.89,-10.97,7.76,64.48,4859711783.981323,128700000.0,0.051799998,-15.34,847400,0.75,37.38,0.51,37.47,0.27,37.47,0.27,38.79,-3.15,1.65,40.42,1372820,1123276,985648,0.067
2616,HOMB,Financial Services,Banks - Regional,NYSE,91.34,55.54,94.35,46.37,93.75,62.57,98.1,63.75,100.38,64.68,86.85,35.0,28.25,-1.46,-3.22,-5.74,-8.66,0.95,52.82,5735422907.362576,200049630.0,0.0695,-10.88,1033700,0.69,28.41,-0.56,28.47,-0.77,29.04,-2.72,29.8,-5.2,1.77,9.97,1430830,1508886,1431890,0.086
2617,PALOU,Financial Services,Shell Companies,NASDAQ,91.34,55.54,98.47,71.62,89.17,48.53,90.79,44.91,89.41,40.73,89.08,41.72,10.1,0.5,0.5,0.5,0.5,,,,,,-14.04,0,0.0,10.08,0.2,10.07,0.3,10.06,0.4,10.05,0.5,0.04,-0.01,100,33,20,
2618,ZKP,Financial Services,Shell Companies,NASDAQ,91.34,55.54,98.18,68.62,89.91,51.02,91.76,48.93,89.64,41.25,88.28,38.37,10.04,0.0,0.1,-0.1,0.6,,,392497061.8287077,39093333.0,0.0001,-0.1,13500,0.52,10.04,0.0,10.04,0.0,10.04,0.0,10.02,0.2,0.03,0.0,4790,26086,20064,
2619,BCSS,Financial Services,Shell Companies,NYSE,91.33,55.51,97.53,63.29,90.31,53.2,91.78,49.02,90.22,43.59,88.79,40.74,10.23,-0.49,-0.78,-0.58,0.1,1.49,53.67,600351984.4055176,58400000.0,0.0001,-2.39,0,0.0,10.24,-0.1,10.26,-0.29,10.28,-0.49,10.27,-0.39,0.42,0.0,58040,35160,34802,
2620,YIBO,Technology,Computer Hardware,NASDAQ,91.32,55.49,91.57,34.52,94.42,63.55,99.02,65.42,86.19,36.43,68.51,18.37,1.05,0.0,-5.41,-11.02,-16.67,2.94,56.94,62195929.22549224,59234221.0,0.0018000001,-42.31,0,0.0,1.07,-1.87,1.08,-2.78,1.12,-6.25,1.19,-11.76,4.35,0.0,4000,2606,4412,-0.07
2621,MBVIU,Financial Services,Shell Companies,NASDAQ,91.31,55.46,97.95,66.11,89.8,50.47,91.55,47.66,92.16,50.85,88.53,39.69,10.3,0.0,0.0,0.0,0.39,1.48,53.62,0.0,0.0,0.07,-1.9,0,0.0,10.3,0.0,10.3,0.0,10.3,0.0,10.3,0.0,,,0,33,74,
2622,BDCIU,Financial Services,Shell Companies,NASDAQ,91.31,55.46,98.08,67.45,90.1,52.06,91.79,49.06,89.68,41.43,87.63,36.23,10.29,0.0,-0.1,-0.1,0.88,1.28,53.39,,,0.0,-2.46,0,0.0,10.29,0.0,10.29,0.0,10.3,-0.1,10.26,0.29,0.02,0.0,30,150,176,
2623,AACOU,Financial Services,Shell Companies,NASDAQ,91.3,55.41,98.12,67.88,89.97,51.42,90.94,45.35,90.56,45.18,88.2,37.98,10.1,0.0,0.0,0.4,0.5,,,,,1.7,-10.06,0,0.0,10.1,0.0,10.1,0.0,10.08,0.2,10.09,0.1,0.17,-0.0,10,193,134,
2624,CRAN,Financial Services,Shell Companies,NASDAQ,91.3,55.41,97.64,64.0,89.91,51.02,91.96,50.03,91.48,49.21,88.68,40.2,10.1,0.0,0.0,-0.39,-0.39,,,473690017.8909302,46900000.0,0.0001,-1.08,0,0.0,10.1,0.0,10.1,0.0,10.11,-0.1,10.13,-0.3,,,12890,38356,44728,
2625,PCAPU,Financial Services,Shell Companies,NASDAQ,91.3,55.41,98.26,69.57,89.82,50.6,91.46,47.21,89.24,40.46,86.67,34.56,10.47,-0.1,0.29,0.19,0.87,1.85,54.42,,,0.26,-4.82,100,0.07,10.47,0.0,10.47,0.0,10.47,0.0,10.45,0.19,0.21,-0.0,1420,1476,1284,
2626,FIGXU,Financial Services,Shell Companies,NASDAQ,91.3,55.41,98.06,67.25,89.98,51.47,91.73,48.76,90.92,46.8,88.04,37.45,10.36,0.0,0.0,0.1,0.19,1.87,54.48,,,0.0,-8.36,0,0.0,10.36,0.0,10.36,0.0,10.36,0.0,10.38,-0.19,0.19,0.0,70,60,80,
2627,TROW,Financial Services,Asset Management,NASDAQ,91.29,55.35,95.39,52.41,92.77,60.97,96.33,61.16,107.93,74.27,89.38,42.77,105.16,0.52,-0.33,0.17,-10.74,4.34,59.63,22317104812.88948,213315850.0,0.14930001,-13.8,1498800,0.94,104.2,0.92,104.38,0.75,104.29,0.83,107.76,-2.41,1.89,58.5,1745150,1586096,1618490,0.107
2628,CAQ,Financial Services,Shell Companies,NASDAQ,91.29,55.35,98.08,67.45,89.55,49.46,91.49,47.3,89.5,40.95,87.75,36.62,10.0,0.0,0.0,-0.3,0.6,,,311621670.0,31162167.0,0.01,-0.99,0,0.0,10.0,0.0,10.0,0.0,10.0,0.0,9.99,0.1,0.02,0.0,720,12040,27890,
2629,KRAQ,Financial Services,Shell Companies,NASDAQ,91.29,55.35,98.12,67.88,89.69,50.06,91.42,46.99,89.97,42.61,88.2,37.98,10.03,0.2,0.1,-0.1,0.3,,,431681259.8705292,43125000.0,0.0004,-3.93,1100,0.02,10.03,0.0,10.02,0.1,10.02,0.1,10.01,0.2,0.17,0.0,73100,60086,48692,
2630,ATLCP,Financial Services,Credit Services,NASDAQ,91.29,55.35,94.11,45.35,93.78,62.62,95.46,59.78,98.03,61.07,89.98,44.71,23.0,-2.17,-4.0,-4.37,-3.95,1.67,54.07,,,0.31,-7.63,11297,3.0,23.36,-1.54,23.55,-2.34,23.8,-3.36,23.82,-3.44,1.22,351.42,4149,3763,4025,0.833
2631,CSW,Industrials,Specialty Industrial Machinery,NYSE,91.28,55.31,94.92,49.9,98.21,69.7,100.35,67.77,96.96,59.53,91.43,47.89,287.59,-4.99,-3.1,-4.36,-8.15,-7.5,41.81,4931875619.809021,16293487.0,0.079,-19.1,79500,0.62,291.96,-1.5,293.21,-1.92,293.4,-1.98,312.69,-8.03,3.35,39.13,113790,128313,133056,0.33
2632,BEAG,Financial Services,Shell Companies,NASDAQ,91.27,55.28,97.66,64.14,90.11,52.13,91.74,48.8,89.95,42.53,88.4,39.02,10.69,-0.09,-0.19,-0.09,0.19,0.85,52.68,335102594.02656555,31318000.0,0.0004,-3.78,128328,0.18,10.69,0.0,10.69,0.0,10.74,-0.47,10.74,-0.47,0.43,0.0,1980682,694127,417874,
2633,CETY,Industrials,Specialty Industrial Machinery,NASDAQ,91.27,55.28,99.85,77.11,85.08,40.35,82.61,31.08,77.83,27.42,43.9,6.8,0.99,1.03,0.51,-4.37,10.06,10.8,67.9,11861953.64006257,12166106.0,0.0021,-67.54,4300,0.22,0.98,1.02,0.98,1.02,0.99,0.0,0.99,0.0,5.03,74.32,8500,19770,22388,0.574
2634,CCEC,Industrials,Marine Shipping,NASDAQ,91.26,55.22,91.06,32.93,92.66,60.66,97.23,62.72,96.37,58.64,90.3,45.6,20.63,-1.72,-5.15,-7.57,-7.25,-1.98,48.97,1263851923.2385445,60212098.0,0.0022,-14.04,3600,0.62,20.7,-0.34,20.8,-0.82,21.37,-3.46,22.09,-6.61,4.35,23.39,8760,5763,7092,0.085
2635,NMPAU,Financial Services,Shell Companies,NASDAQ,91.26,55.22,97.96,66.23,89.66,49.93,91.07,45.82,90.64,45.61,89.9,44.41,10.35,0.0,0.0,0.0,-1.24,0.49,52.14,,,0.86,-9.29,0,,10.35,0.0,10.35,0.0,10.35,0.0,10.37,-0.19,,,0,0,12,
2636,AVAT,Financial Services,Asset Management,NASDAQ,91.26,55.22,143.55,98.02,99.86,71.79,32.04,4.39,4.62,0.47,90.2,45.24,1.28,-30.05,-30.43,28.0,311.58,-87.69,3.75,69384094.77712691,37914805.0,0.06,-87.99,793900,0.4,1.64,-21.95,1.72,-25.58,1.57,-18.47,0.96,33.33,26.45,13.29,1349880,1977593,1358690,
2637,LPAA,Financial Services,Shell Companies,NASDAQ,91.26,55.22,98.39,71.01,89.52,49.35,91.32,46.62,91.87,50.17,90.54,46.27,10.85,0.0,0.84,0.84,0.84,2.17,55.1,311937510.96725464,28750000.0,0.0005,-7.03,0,0.0,10.85,0.0,10.83,0.18,10.79,0.56,10.77,0.74,0.06,-0.01,1090,473,2984,
2638,KCHVU,Financial Services,Shell Companies,NASDAQ,91.26,55.22,97.74,64.63,89.24,48.64,90.95,45.41,90.86,46.54,89.39,42.84,10.52,0.0,0.0,0.0,-4.36,1.15,53.08,,,0.51,-4.36,0,0.0,10.52,0.0,10.52,0.0,10.52,0.0,10.65,-1.22,,,0,1036,726,
2639,BTO,Financial Services,Asset Management,NYSE,91.25,55.17,94.04,44.93,92.47,60.26,100.59,68.17,103.98,69.62,100.97,63.53,36.39,1.06,-0.82,-6.16,-9.07,6.35,62.77,714188457.3108673,19833060.0,0.11,-13.36,35769,0.9,36.3,0.25,36.13,0.72,36.83,-1.19,38.4,-5.23,2.11,18.25,50826,39962,39241,-0.001
2640,ESNT,Financial Services,Insurance - Specialty,NYSE,91.24,55.16,93.07,40.34,90.49,54.04,103.36,71.94,100.11,64.19,95.45,55.62,62.49,3.77,-1.95,-8.35,-5.49,-3.48,46.89,5412362518.172516,89876493.0,0.0469,-11.2,559800,0.68,62.19,0.48,61.46,1.68,64.19,-2.65,66.44,-5.95,2.66,3.01,911270,827823,721722,0.136
2641,IPFXU,Financial Services,Shell Companies,NASDAQ,91.23,55.13,97.21,61.26,88.42,46.95,89.29,41.5,94.34,55.14,88.2,37.98,10.4,0.29,0.29,-0.48,-2.62,,,,,0.34,-12.61,0,0.0,10.38,0.19,10.38,0.19,10.38,0.19,10.5,-0.95,0.02,0.02,20,580,470,
2642,FMACU,Financial Services,Shell Companies,NASDAQ,91.23,55.13,96.56,58.2,91.39,57.52,92.94,54.01,90.61,45.44,88.73,40.44,10.13,-0.3,-1.75,-1.75,-0.3,,,,,1.92,-2.13,3030,15.62,10.15,-0.2,10.18,-0.49,10.25,-1.17,10.26,-1.27,0.17,-0.0,583,194,272,
2643,VNMEU,Financial Services,Shell Companies,NASDAQ,91.22,55.09,98.21,68.86,90.08,51.87,91.62,48.21,90.26,43.87,89.13,41.9,10.34,0.0,0.0,0.39,0.39,1.47,53.59,,,0.0,-8.66,0,0.0,10.34,0.0,10.34,0.0,10.33,0.1,10.31,0.29,,,0,43,26,
2644,RPAY,Technology,Software - Infrastructure,NASDAQ,91.22,55.09,100.93,80.43,85.03,40.3,92.14,50.8,96.64,59.01,87.86,36.95,3.87,1.31,2.11,8.71,-2.27,2.38,55.59,316672295.02592754,82898508.0,0.067,-26.98,154300,0.39,3.86,0.26,3.79,2.11,3.81,1.57,3.8,1.84,3.54,47.4,361880,397376,422552,0.332
2645,TRGS,Financial Services,Shell Companies,NASDAQ,91.22,55.09,98.22,69.01,89.53,49.38,91.16,46.14,89.32,40.61,88.2,37.98,9.97,0.1,0.1,0.1,0.5,,,259109400.9923935,26015000.0,0.02,-1.29,0,0.0,9.97,0.0,9.97,0.0,9.97,0.0,9.95,0.2,0.04,-0.01,5730,9476,14998,
2646,AFL,Financial Services,Insurance - Life,NYSE,91.21,55.02,96.63,58.6,90.52,54.18,94.41,57.66,101.15,65.69,95.76,56.11,114.54,2.69,0.72,-0.64,-9.61,5.7,61.58,55919831917.9135,501343298.0,0.0299,-12.04,1477100,0.69,113.65,0.78,112.99,1.37,114.39,0.13,117.24,-2.3,1.56,4.49,1681210,2137280,2086218,-0.01
2647,VTVT,Healthcare,Biotechnology,NASDAQ,91.21,55.02,97.61,63.78,81.68,33.89,98.42,64.31,106.21,72.28,147.91,90.78,31.18,2.0,3.21,-2.47,-4.59,-14.92,35.02,120871577.75335693,3953928.0,0.0668,-29.14,12800,0.32,30.53,2.13,30.64,1.76,30.85,1.07,32.0,-2.56,4.09,84.59,40620,40336,57498,
2648,ACAAU,Financial Services,Shell Companies,NASDAQ,91.21,55.02,97.71,64.48,90.14,52.32,91.28,46.46,89.96,42.57,88.55,39.78,10.1,-0.49,-0.59,-0.2,0.3,,,,,0.02,-14.62,2007,17.76,10.14,-0.39,10.15,-0.49,10.15,-0.49,10.12,-0.2,0.08,-0.0,240,113,264,
2649,IIPR,Real Estate,REIT - Industrial,NYSE,91.21,55.02,91.99,35.97,95.42,65.43,97.62,63.18,118.95,83.81,99.03,60.6,51.83,2.59,-3.27,-4.53,-11.65,17.07,73.45,1392904564.101162,27571349.0,0.2092,-20.72,208100,0.5,51.16,1.31,51.59,0.47,52.89,-2.0,54.23,-4.43,2.38,10.93,546610,414846,375238,0.007
2650,TDWDU,Financial Services,Shell Companies,NASDAQ,91.21,55.02,98.29,69.83,89.2,48.58,90.69,44.67,89.59,41.09,89.65,43.72,10.18,0.0,0.3,0.3,0.39,1.5,53.72,,,1.24,-15.17,0,0.0,10.18,0.0,10.17,0.1,10.16,0.2,10.15,0.3,0.02,-0.01,20,6,36,
2651,SDHIU,Financial Services,Shell Companies,NASDAQ,91.21,55.02,98.13,68.05,90.15,52.38,92.09,50.54,89.79,41.89,89.53,43.31,10.62,0.0,0.0,0.0,0.57,2.02,54.8,,,6.06,-5.43,0,0.0,10.62,0.0,10.62,0.0,10.62,0.0,10.6,0.19,,,0,43,38,
2652,BANX,Financial Services,Asset Management,NASDAQ,91.2,54.95,95.57,53.3,92.52,60.38,99.43,66.14,92.46,51.5,88.06,37.5,19.64,-1.8,-1.41,-5.68,-1.71,-3.55,46.8,193714820.0,9685741.0,0.0073,-12.71,22402,0.51,19.82,-0.91,19.89,-1.26,20.34,-3.44,20.4,-3.73,3.16,5.96,37470,44070,39738,-0.002
2653,NMIH,Financial Services,Insurance - Specialty,NASDAQ,91.2,54.95,92.16,36.6,91.86,58.75,104.13,72.85,100.72,65.1,96.87,57.72,40.01,3.04,-2.96,-8.84,-7.9,-3.36,47.05,2920709292.0579987,75217851.0,0.0321,-14.4,443500,0.63,39.89,0.3,39.54,1.19,41.22,-2.94,43.33,-7.66,2.96,4.22,949580,704140,599490,0.081
2654,WLTH,Technology,Software - Application,NASDAQ,91.19,54.91,106.93,89.38,87.31,44.8,92.82,53.72,71.58,22.31,85.67,33.37,10.82,7.88,6.29,4.24,14.38,-14.94,35.01,1566449651.4963913,156176440.0,0.088599995,-26.64,1980900,0.61,10.76,0.56,10.47,3.34,10.34,4.64,9.81,10.3,4.56,4.05,2213220,3234400,2351380,0.008
2655,ARTCU,Financial Services,Shell Companies,NASDAQ,91.19,54.91,98.14,68.19,89.9,50.94,91.54,47.59,92.12,50.7,87.93,37.12,10.15,0.59,0.59,0.59,0.0,,,,,10.48,-2.36,0,0.0,10.11,0.4,10.1,0.5,10.1,0.5,10.11,0.4,0.04,0.01,40,73,168,
2656,SAC,Financial Services,Shell Companies,NYSE,91.19,54.91,97.91,65.86,89.56,49.5,91.57,47.82,90.14,43.28,88.02,37.38,10.09,-0.1,0.1,-0.2,-0.3,,,316803348.6654339,31366667.0,0.01,-8.4,240056,1.74,10.1,-0.1,10.1,-0.1,10.1,-0.1,10.1,-0.1,0.08,-0.0,64505,138038,86127,
2657,AACO,Financial Services,Shell Companies,NASDAQ,91.18,54.84,97.92,65.91,90.02,51.62,91.57,47.82,90.35,44.23,88.11,37.6,9.98,-0.2,-0.2,-0.1,0.4,,,313616670.0,31361667.0,0.03,-0.2,0,0.0,9.98,0.0,9.99,-0.1,9.99,-0.1,9.98,0.0,0.02,0.02,6640,9146,6712,
2658,BCV,Financial Services,Asset Management,NYSE ARCA,91.18,54.84,94.51,47.37,94.21,63.35,98.13,63.8,99.13,62.85,105.45,69.51,23.21,0.74,-2.44,-3.69,0.11,9.4,66.57,129657881.63214111,5627512.0,0.0011,-15.08,20585,1.87,23.28,-0.3,23.14,0.3,23.54,-1.4,23.98,-3.21,2.2,37.15,15598,10996,15075,-0.293
2659,TCBS,Financial Services,Banks - Regional,NASDAQ,91.18,54.84,96.56,58.2,86.67,43.62,94.74,58.4,95.57,57.44,94.87,54.3,17.0,-0.76,0.0,-2.19,-2.52,2.76,56.43,49209811.09911156,2872727.0,0.0013,-15.0,6500,3.06,17.0,0.0,17.09,-0.53,17.09,-0.53,17.25,-1.45,0.88,0.0,2470,2126,1824,0.135
2660,LPAAU,Financial Services,Shell Companies,NASDAQ,91.18,54.84,95.88,54.88,91.84,58.65,93.59,55.72,91.34,48.6,89.9,44.41,10.83,-2.52,-2.52,-2.52,-2.52,1.59,53.92,,,,-5.66,0,0.0,10.94,-1.01,11.03,-1.81,11.07,-2.17,11.09,-2.34,0.44,0.0,70,23,14,
2661,QUMSU,Financial Services,Shell Companies,NASDAQ,91.18,54.84,98.01,66.83,90.1,52.06,92.15,50.85,90.93,46.88,89.89,44.37,10.38,0.0,0.0,0.0,0.48,1.96,54.7,,,0.0,-5.55,0,0.0,10.38,0.0,10.38,0.0,10.38,0.0,10.35,0.29,,,0,120,76,
2662,LEGO,Financial Services,Shell Companies,NYSE ARCA,91.16,54.77,98.12,67.88,89.65,49.9,91.22,46.27,89.9,42.32,87.58,36.13,10.0,-0.79,0.0,0.0,0.2,,,315168000.9745426,31266667.0,0.0084,-0.79,0,0.0,10.01,-0.1,10.02,-0.2,10.01,-0.1,9.99,0.1,0.22,0.0,8200,39663,33234,
2663,FGIIU,Financial Services,Shell Companies,NASDAQ,91.16,54.77,98.12,67.88,89.53,49.38,90.9,45.29,89.77,41.77,87.84,36.87,10.07,-0.15,-0.05,0.2,0.2,,,,,,-8.74,6423,15.9,10.08,-0.1,10.08,-0.1,10.07,0.0,10.06,0.1,0.26,38.35,922,404,242,
2664,ECAT,Financial Services,Asset Management,NYSE,91.16,54.77,94.8,49.15,92.57,60.48,96.76,61.99,102.0,66.9,94.27,53.34,14.13,1.0,0.43,-2.32,-2.68,6.39,62.82,1391561592.1635113,99468307.0,0.0044,-15.54,367087,0.63,14.07,0.43,13.99,1.0,14.11,0.14,14.63,-3.42,1.79,11.85,578398,584876,553203,
2665,DRDBU,Financial Services,Shell Companies,NASDAQ,91.16,54.77,98.31,70.03,90.08,51.87,89.03,40.89,89.41,40.73,87.29,35.66,10.72,0.0,0.0,0.0,0.85,0.28,51.87,,,0.0,-12.13,0,0.0,10.72,0.0,10.72,0.0,10.72,0.0,10.68,0.37,,,0,13,8,
2666,MGRC,Industrials,Rental & Leasing Services,NASDAQ,91.15,54.72,98.27,69.68,87.95,45.92,89.4,41.75,94.83,56.09,91.47,47.96,113.64,-3.33,0.36,2.93,-1.18,6.29,62.71,2871480882.6470337,24425663.0,0.024300002,-9.69,119200,0.78,115.04,-1.22,115.12,-1.29,113.35,0.26,115.03,-1.21,2.49,53.33,162400,153000,150824,-0.062
2667,CNS,Financial Services,Asset Management,NYSE,91.15,54.72,88.58,26.17,99.5,71.37,99.75,66.63,108.76,75.28,86.63,34.54,69.26,-5.12,-6.66,-7.59,-14.41,12.5,69.64,3753771909.0,51421533.0,0.0544,-19.99,286000,0.98,71.21,-2.74,72.2,-4.07,73.12,-5.28,78.14,-11.36,3.01,6.23,303070,292736,267592,0.122
2668,LSAK,Technology,Software - Infrastructure,NASDAQ,91.14,54.68,103.37,85.14,80.92,32.78,84.31,33.14,94.05,54.74,97.54,58.61,4.68,8.08,11.96,9.6,0.65,7.59,64.31,371618320.47214127,85824094.0,0.0042,-15.52,212500,1.17,4.67,0.21,4.45,5.17,4.33,8.08,4.51,3.77,4.09,10.45,234300,181306,155586,0.118
2669,APD,Basic Materials,Specialty Chemicals,NYSE,91.14,54.68,94.81,49.21,94.71,64.12,97.4,62.85,95.62,57.52,100.18,62.53,281.26,1.33,0.48,-2.86,-5.7,17.96,74.12,61810824193.097534,222685530.0,0.0186,-10.67,718800,0.64,279.64,0.58,277.98,1.18,281.26,0.0,292.51,-3.85,1.85,64.45,1019990,1124506,1057174,0.046
2670,BGB,Financial Services,Asset Management,NYSE,91.14,54.68,98.09,67.57,90.01,51.54,91.6,48.0,89.91,42.35,88.3,38.52,11.12,-0.09,0.09,-0.24,0.89,0.38,52.04,497274381.313076,44678740.0,0.0011999999,-8.25,141992,0.72,11.08,0.36,11.11,0.09,11.13,-0.09,11.13,-0.09,0.9,71.16,217409,196259,177335,
2671,ZION,Financial Services,Banks - Regional,NASDAQ,91.13,54.64,91.86,35.42,93.59,62.12,104.69,73.43,114.28,80.41,106.75,70.91,62.49,-1.08,-2.1,-9.11,-9.43,6.04,62.18,9219873168.101425,145953355.0,0.0479,-14.79,1205400,0.82,62.65,-0.26,62.75,-0.41,64.18,-2.63,67.13,-6.91,1.98,27.53,1345330,1462043,1410062,0.352
2672,NGNE,Healthcare,Biotechnology,NASDAQ,91.12,54.63,78.04,10.29,109.99,81.79,136.97,92.35,134.13,90.53,137.89,88.2,26.4,2.92,-6.75,-25.59,-21.43,26.62,80.26,513291940.6662636,20011382.0,0.19450001,-39.53,465900,1.56,26.14,0.99,26.76,-1.35,29.89,-11.68,33.98,-22.31,7.8,18.94,252000,297860,264692,
2673,PTOR,Financial Services,Shell Companies,NASDAQ,91.11,54.59,98.0,66.77,89.68,50.0,91.44,47.15,90.77,46.16,87.84,36.87,9.97,0.1,0.1,-0.2,0.3,,,337873907.9740629,33923083.0,0.0002,-0.7,129200,3.07,9.96,0.1,9.96,0.1,9.97,0.0,9.97,0.0,0.11,-0.0,64570,42133,42766,
2674,MCGA,Financial Services,Shell Companies,NASDAQ,91.11,54.59,98.29,69.83,89.78,50.41,91.69,48.57,88.1,38.75,85.62,33.3,10.36,0.1,0.05,0.09,1.27,2.57,56.02,244065956.84553337,23581251.0,0.0023,-4.34,9100,0.14,10.35,0.1,10.35,0.1,10.35,0.1,10.32,0.39,0.08,123.9,8890,66106,77060,
2675,HCICU,Financial Services,Shell Companies,NASDAQ,91.11,54.59,98.02,66.91,89.63,49.86,91.23,46.29,90.39,44.52,87.76,36.67,10.15,0.0,0.3,0.3,0.4,,,,,5.75,-1.12,0,0.0,10.15,0.0,10.14,0.1,10.13,0.2,10.13,0.2,0.02,0.02,20,40,170,
2676,TWLVU,Financial Services,Shell Companies,NASDAQ,91.1,54.53,97.91,65.86,89.37,48.98,91.44,47.15,90.68,45.74,88.97,41.33,10.16,0.0,0.0,0.0,-0.39,1.91,54.57,,,0.0,-2.4,0,,10.16,0.0,10.16,0.0,10.16,0.0,10.17,-0.1,,,0,0,8,
2677,POLE,Financial Services,Shell Companies,NASDAQ,91.1,54.53,97.67,64.2,89.4,49.03,91.4,46.91,91.21,48.16,90.04,44.95,10.71,-0.28,-0.19,-0.09,-0.83,1.81,54.32,147501116.25658035,13733810.0,0.0001,-10.75,1400,0.01,10.73,-0.19,10.74,-0.28,10.73,-0.19,10.78,-0.65,0.08,-0.0,1110,99046,73954,
2678,BDCI,Financial Services,Shell Companies,NASDAQ,91.1,54.53,97.86,65.61,89.85,50.74,91.48,47.28,89.43,40.79,87.29,35.66,10.13,-0.15,-0.25,-0.3,0.5,1.2,53.18,352504952.6207619,34746667.0,0.0001,-1.27,0,0.0,10.13,0.0,10.14,-0.1,10.15,-0.2,10.13,0.0,0.05,-0.0,19020,13246,22386,
2679,KBONU,Financial Services,Shell Companies,NASDAQ,91.1,54.53,97.44,62.64,90.15,52.38,91.67,48.45,90.7,45.78,89.65,43.72,10.23,-0.68,-0.68,-0.68,-0.58,1.69,54.09,,,1.49,-7.8,537,0.05,10.24,-0.1,10.27,-0.39,10.29,-0.58,10.29,-0.58,0.09,0.0,35433,11817,7124,
2680,AQB,Consumer Defensive,Farm Products,NASDAQ,91.09,54.48,99.2,75.07,80.31,31.9,110.47,79.71,82.43,32.33,95.62,55.91,1.05,13.51,10.53,-13.93,15.38,23.53,78.22,4761163.761359453,5147204.0,0.026199998,-52.16,110300,1.38,0.94,11.7,0.94,11.7,1.01,3.96,1.14,-7.89,10.73,62.14,60570,80010,635984,
2681,WLII,Financial Services,Shell Companies,NASDAQ,91.09,54.48,97.39,62.4,89.92,51.11,91.83,49.29,91.39,48.81,87.06,35.34,10.19,-0.68,-0.59,-0.68,-0.49,,,206727841.73171997,20148912.0,0.0001,-2.95,27100,1.81,10.25,-0.59,10.26,-0.68,10.26,-0.68,10.26,-0.68,0.24,0.0,13910,14956,9088,
2682,CTAAU,Financial Services,Shell Companies,NASDAQ,91.09,54.48,97.81,65.27,89.44,49.2,91.74,48.8,90.07,42.97,89.52,43.25,10.07,0.0,0.0,-0.49,0.0,,,,,1.18,-2.99,0,0.0,10.07,0.0,10.07,0.0,10.09,-0.2,10.09,-0.2,0.02,0.01,0,73,406,
2683,LXRX,Healthcare,Biotechnology,NASDAQ,91.08,54.43,82.24,15.05,93.6,62.16,119.22,86.23,134.19,90.54,162.44,93.09,1.68,-7.69,-6.67,-16.0,-28.21,37.7,84.79,809819823.2188675,444955934.0,0.12189999,-37.31,2066000,0.67,1.74,-3.45,1.8,-6.67,1.91,-12.04,2.14,-21.5,7.48,7.95,3201020,3095793,2967836,-0.976
2684,BOSC,Technology,Communication Equipment,NASDAQ,91.08,54.43,97.05,60.59,89.95,51.26,93.07,54.35,78.8,28.54,90.42,46.02,4.56,-1.51,-3.8,-2.15,1.33,0.88,52.72,32686921.107931137,7059810.0,0.0008,-32.14,8800,0.35,4.57,-0.22,4.61,-1.08,4.67,-2.36,4.62,-1.3,2.21,109.22,18230,25100,33342,0.289
2685,KBON,Financial Services,Shell Companies,NASDAQ,91.08,54.43,98.26,69.57,89.04,48.35,90.88,45.18,89.75,41.64,88.46,39.32,10.12,0.3,0.5,0.2,0.4,,,444111356.716156,44015000.0,0.01,-0.3,0,0.0,10.11,0.1,10.1,0.2,10.09,0.3,10.1,0.2,0.12,0.0,43260,56776,40336,
2686,LPLA,Financial Services,Capital Markets,NASDAQ,91.07,54.39,98.09,67.57,92.15,59.61,100.67,68.33,88.33,39.04,81.82,28.95,330.88,4.56,5.26,-6.47,-2.37,-10.49,38.89,24917210439.84192,78742290.0,0.0226,-17.31,585100,0.72,329.61,0.39,320.32,3.3,323.56,2.26,345.74,-4.3,3.7,17.83,902000,817443,735688,0.364
2687,MNPR,Healthcare,Biotechnology,NASDAQ,91.05,54.37,78.93,11.13,101.11,73.4,167.31,96.49,162.6,95.47,84.64,32.09,78.96,1.27,-7.36,-28.39,-31.14,11.34,68.39,523348059.03356934,6712172.0,0.1841,-36.74,135800,0.88,80.92,-2.42,80.39,-1.78,89.68,-11.95,104.16,-24.19,5.88,3.44,175410,155010,187788,
2688,SUMAU,Financial Services,Shell Companies,NASDAQ,91.05,54.37,97.27,61.71,90.46,53.88,92.26,51.41,91.32,48.52,88.64,40.07,10.16,-0.88,-0.49,-0.88,-0.78,,,,,30.96,-0.88,48714,29.22,10.23,-0.68,10.22,-0.59,10.23,-0.68,10.24,-0.78,0.23,0.0,4971,1667,1034,
2689,RCG,Financial Services,Asset Management,NYSE ARCA,91.04,54.31,93.21,41.02,96.54,67.04,99.91,66.99,97.77,60.71,101.92,64.83,2.84,-5.02,-5.96,-5.96,-5.33,8.81,65.94,20977200.20690775,7015786.0,0.002,-14.2,4479,0.68,2.9,-2.07,2.94,-3.4,2.99,-5.02,2.94,-3.4,1.58,0.0,6177,6582,5825,-0.471
2690,TRI,Industrials,Specialty Business Services,NASDAQ,91.04,54.31,102.89,84.52,88.53,47.26,87.11,37.36,73.61,24.15,56.29,11.13,103.21,5.73,4.26,6.02,5.11,-19.48,31.4,42294001100.80046,433251382.0,7.47,-37.18,996400,0.68,99.84,3.38,98.71,4.56,98.9,4.36,101.41,1.77,3.24,82.65,1248910,1456790,1692834,0.095
2691,MTAL,Financial Services,Shell Companies,NYSE,91.04,54.31,97.61,63.78,89.51,49.31,91.75,48.86,90.91,46.74,88.37,38.85,10.15,-0.05,-0.15,-0.54,-0.05,,,311266658.3515949,30666667.0,0.0,-13.98,57554,1.23,10.16,-0.1,10.16,-0.1,10.15,0.0,10.18,-0.29,0.1,48.27,109815,46868,57469,
2692,RNST,Financial Services,Banks - Regional,NYSE,91.04,54.31,93.58,42.77,94.41,63.52,95.81,60.26,105.53,71.56,105.81,70.05,39.01,-2.28,-3.32,-3.75,-9.46,8.94,66.07,3648866075.433426,91404465.0,0.061,-12.42,436800,0.62,39.24,-0.59,39.35,-0.86,39.88,-2.18,41.03,-4.92,1.99,23.18,719530,706666,645848,0.453
2693,OYSEU,Financial Services,Shell Companies,NASDAQ,91.04,54.31,97.68,64.29,89.67,49.97,91.43,47.07,94.07,54.77,88.98,41.38,10.66,0.0,0.0,0.0,-1.57,3.7,58.73,,,13.37,-9.58,0,,10.66,0.0,10.66,0.0,10.66,0.0,10.67,-0.09,,,0,0,14,
2694,PAM,Industrials,Conglomerates,NYSE,91.03,54.26,96.54,58.13,87.46,45.07,97.2,62.68,97.17,59.88,97.57,58.65,80.34,5.17,3.24,-7.15,-9.41,-9.23,39.85,4094791728.412857,53603767.0,0.0126,-14.98,86900,0.47,80.52,-0.22,78.62,2.19,80.68,-0.42,81.71,-1.68,2.83,21.11,170620,184520,177778,0.535
2695,HACQ,Financial Services,Shell Companies,NASDAQ,91.02,54.23,97.71,64.48,89.58,49.62,91.61,48.1,90.6,45.38,88.2,37.98,10.03,-0.1,-0.1,-0.5,-0.3,,,375244998.5742569,37375000.0,0.0,-0.59,10403,0.23,10.04,-0.1,10.04,-0.1,10.05,-0.2,10.06,-0.3,0.02,0.01,2070,44716,27346,
2696,MZYX,Financial Services,Shell Companies,NYSE,91.02,54.23,97.89,65.74,89.83,50.67,91.53,47.48,90.49,44.99,88.2,37.98,9.99,0.0,-0.1,-0.2,0.3,,,374624991.41693115,37500000.0,0.0,-1.09,0,0.0,10.0,-0.1,9.99,0.0,9.99,0.0,9.98,0.1,0.14,0.0,13390,30723,24360,
2697,CLBR,Financial Services,Shell Companies,NYSE,91.01,54.21,97.58,63.57,89.13,48.47,91.3,46.54,91.79,49.95,88.11,37.6,10.18,-0.2,-0.2,-0.49,-1.17,,,408169995.7674265,40016667.0,0.0002,-2.12,205281,1.52,10.19,-0.1,10.19,-0.1,10.2,-0.2,10.23,-0.49,0.22,-0.0,85038,134929,96175,
2698,ALFUU,Financial Services,Shell Companies,NASDAQ,90.99,54.19,97.98,66.51,89.6,49.72,87.72,38.49,91.03,47.35,88.49,39.5,10.91,0.0,0.0,0.0,0.0,0.18,51.72,,,,-14.7,0,,10.91,0.0,10.91,0.0,10.91,0.0,10.91,0.0,,,0,0,0,
2699,MBINL,Financial Services,Banks - Regional,NASDAQ,90.98,54.18,94.14,45.54,92.3,59.89,97.42,62.91,97.48,60.34,95.82,56.2,23.15,0.26,-2.11,-4.63,-5.29,5.65,61.54,,,2.6,-8.64,16773,0.76,23.26,-0.47,23.19,-0.17,23.73,-2.44,24.16,-4.18,2.32,27.94,40147,22052,17429,0.371
2700,MCB,Financial Services,Banks - Regional,NYSE,90.97,54.16,92.67,38.72,93.85,62.73,96.69,61.8,111.8,78.3,113.42,77.35,86.62,-2.95,-3.33,-4.59,-6.33,9.38,66.56,1106501686.5,12397778.0,0.053000003,-15.11,97300,0.81,87.69,-1.22,87.85,-1.4,88.69,-2.33,90.72,-4.52,2.18,25.4,119690,119950,116306,0.14
2701,FCRS,Financial Services,Shell Companies,NYSE,90.96,54.11,97.69,64.37,89.71,50.16,91.54,47.59,89.73,41.58,87.04,35.3,10.21,-0.39,-0.34,-0.58,-0.24,1.29,53.4,368359375.0,35937500.0,0.0,-6.5,61800,0.7,10.22,-0.1,10.23,-0.2,10.24,-0.29,10.24,-0.29,0.17,56.45,56300,88386,61360,
2702,DTF,Financial Services,Asset Management,NYSE,90.96,54.11,97.48,62.89,89.6,49.72,92.66,53.06,92.2,50.91,90.94,46.99,11.32,0.62,0.44,-1.11,-0.56,2.35,55.54,79082628.75,7029567.0,0.0019,-2.5,3318,0.39,11.26,0.53,11.24,0.71,11.31,0.09,11.4,-0.7,1.25,0.0,14581,8530,7128,-0.016
2703,JQC,Financial Services,Asset Management,NYSE,90.96,54.11,97.19,61.16,91.34,57.44,91.71,48.69,90.64,45.61,89.4,42.9,4.65,-0.43,-1.27,-0.21,-0.44,2.4,55.65,690303902.2075176,147816679.0,0.0014,-12.1,530055,0.72,4.64,0.22,4.67,-0.43,4.67,-0.43,4.69,-0.85,1.35,15.91,880685,732721,683191,-0.009
2704,RTX,Industrials,Aerospace & Defense,NYSE,90.96,54.11,92.68,38.76,93.57,62.07,100.53,68.06,98.72,62.24,107.62,72.1,185.97,0.7,-1.81,-5.92,-12.96,1.24,53.27,248903964162.64453,1347758144.0,0.0101,-18.03,3359200,0.87,183.63,1.27,184.81,0.63,189.36,-1.79,203.16,-8.46,1.9,83.05,3823540,3871833,4094612,0.145
2705,RSG,Industrials,Waste Management,NYSE,90.96,54.11,98.03,66.99,87.52,45.16,93.8,56.23,92.32,51.2,82.57,29.83,216.88,3.49,2.59,-2.31,2.96,3.08,57.29,64169990922.08972,306212978.0,0.0252,-7.09,1311100,0.85,215.49,0.65,212.6,2.01,214.88,0.93,216.11,0.36,1.53,53.64,1211680,1541756,1480186,0.046
2706,PAAS,Basic Materials,Gold,NYSE,90.94,54.06,93.48,42.4,94.51,63.76,98.26,64.01,85.23,35.37,135.99,87.65,46.27,1.67,-3.68,-8.09,5.45,-13.09,36.53,18869264484.077454,414618000.0,1.41,-33.89,3318900,0.97,45.43,1.85,45.51,1.67,47.28,-2.14,49.01,-5.59,3.56,28.52,2940460,3435846,4157112,0.384
2707,NVS,Healthcare,Drug Manufacturers - General,NYSE,90.93,54.04,95.81,54.58,91.32,57.4,88.19,39.19,101.01,65.42,107.91,72.5,143.75,1.95,-1.18,4.8,-9.27,8.22,65.11,268000792440.0,1900714840.0,0.0027,-15.67,1901000,0.8,142.37,0.97,142.91,0.59,141.8,1.38,148.99,-3.52,1.47,45.08,1910150,2377473,1992804,0.008
2708,PFX,Financial Services,Asset Management,NASDAQ,90.93,54.04,95.45,52.76,93.22,61.55,94.06,56.87,83.42,33.51,78.06,25.32,44.94,0.16,-1.41,-0.83,4.5,-0.06,51.18,86665875.875,1931273.0,0.0002,-20.43,400,0.06,45.2,-0.58,45.06,-0.27,45.56,-1.36,46.58,-3.52,2.4,-0.46,2400,6443,9352,0.048
2709,DNMXU,Financial Services,Shell Companies,NASDAQ,90.92,53.99,97.95,66.11,89.29,48.85,90.89,45.25,89.82,41.96,88.11,37.6,10.15,0.0,0.0,-0.1,0.2,0.7,52.47,,,0.0,-7.73,4816,2.61,10.15,0.0,10.15,0.0,10.14,0.1,10.14,0.1,0.07,0.01,3681,1847,1380,
2710,MS,Financial Services,Capital Markets,NYSE,90.92,53.99,89.71,29.07,97.48,68.65,109.14,78.32,117.81,83.07,114.63,78.16,190.02,-0.15,-3.2,-11.36,-9.04,7.45,64.18,298894467196.12964,1570566292.0,0.0,-18.18,4724300,0.91,189.68,0.18,190.12,-0.05,196.87,-3.48,207.33,-8.35,2.2,70.97,5663660,5174703,4814348,0.28
2711,PAAC,Financial Services,Shell Companies,NASDAQ,90.92,53.99,97.68,64.29,89.61,49.79,92.01,50.13,89.25,40.49,86.87,35.03,10.01,-0.1,-0.6,-1.38,0.5,,,177587804.773098,17723333.0,0.0037,-1.38,303,0.01,10.01,0.0,10.03,-0.2,10.07,-0.6,10.03,-0.2,0.17,-0.0,88250,39220,25614,
2712,LIEN,Financial Services,Asset Management,NASDAQ,90.91,53.92,92.17,36.62,96.95,67.73,96.13,60.78,94.52,55.66,86.38,34.18,9.27,-2.42,-7.67,-5.46,2.64,1.35,53.45,216795605.0,22820590.0,0.010299999,-17.75,88500,1.39,9.36,-0.96,9.45,-1.9,9.69,-4.33,9.59,-3.34,3.05,47.44,91290,63826,62314,0.068
2713,ALTG,Industrials,Industrial Distribution,NYSE,90.91,53.92,99.79,76.99,93.27,61.69,81.3,29.29,88.01,38.58,107.3,71.65,6.34,-2.16,1.93,7.82,4.45,32.64,82.96,211681331.18307114,32666872.0,0.0366,-27.04,90000,0.4,6.47,-2.01,6.29,0.79,6.14,3.26,6.41,-1.09,5.83,27.04,237430,224000,199964,-0.012
2714,OSTX,Healthcare,Biotechnology,NYSE ARCA,90.91,53.92,94.19,45.74,80.74,32.57,83.87,32.56,85.26,35.43,75.93,23.57,1.62,0.0,-2.41,-3.57,3.85,1.25,53.29,75824472.82318473,46805230.0,0.048499998,-28.0,418300,0.5,1.58,2.53,1.6,1.25,1.66,-2.41,1.65,-1.82,5.82,31.82,1003000,830116,642744,
2715,AESI,Energy,Oil & Gas Equipment & Services,NYSE,90.91,53.92,90.82,32.22,85.54,41.21,97.12,62.57,101.48,66.12,104.15,68.09,12.29,2.08,-1.44,-13.21,19.32,32.01,82.64,1503863226.59523,124905584.0,0.26770002,-38.95,1836100,0.52,12.47,-1.44,12.2,0.74,12.56,-2.15,12.46,-1.36,6.85,13.07,3528470,3530010,3451880,0.016
2716,INDB,Financial Services,Banks - Regional,NASDAQ,90.91,53.92,92.53,38.0,95.29,65.21,98.78,64.98,109.08,75.52,105.58,69.78,77.02,-3.8,-4.39,-6.17,-8.0,3.02,57.19,3792369950.2927856,47369099.0,0.062800005,-11.98,413400,1.07,78.29,-1.62,78.58,-1.99,79.92,-3.63,81.71,-5.74,2.01,32.35,465900,385173,347668,0.415
2717,IEAG,Financial Services,Shell Companies,NASDAQ,90.91,53.92,97.12,60.83,90.44,53.79,92.29,51.57,91.03,47.35,88.46,39.32,10.14,-0.39,-0.78,-0.78,-0.78,,,443033613.28125,43520000.0,0.00029999999,-1.55,48200,0.79,10.16,-0.2,10.18,-0.39,10.2,-0.59,10.22,-0.78,0.11,-0.0,135400,61250,55658,
2718,LITS,Healthcare,Biotechnology,NASDAQ,90.9,53.85,109.13,91.26,108.11,80.34,88.62,40.05,52.95,11.5,57.07,11.36,1.27,-7.97,-11.81,14.41,28.28,-9.93,39.3,41962029.69500685,30407268.0,0.0031,-57.24,539900,0.65,1.31,-3.05,1.34,-5.22,1.26,0.79,1.1,15.45,10.01,23.6,718780,827786,556486,
2719,TRGSU,Financial Services,Shell Companies,NASDAQ,90.9,53.85,97.98,66.51,89.42,49.14,91.05,45.75,89.86,42.12,88.55,39.78,10.06,0.0,0.0,0.0,0.1,,,,,0.17,-8.55,0,,10.06,0.0,10.06,0.0,10.06,0.0,10.06,0.0,,,0,0,132,
2720,SKY,Consumer Cyclical,Residential Construction,NYSE,90.89,53.83,91.47,34.17,96.85,67.5,94.68,58.21,103.24,68.64,91.11,47.39,79.63,-9.61,-9.22,-4.24,-0.86,-7.01,42.3,4782079722.5750885,54280134.0,0.0639,-19.7,468600,0.89,82.76,-3.78,84.86,-6.16,85.19,-6.53,87.54,-9.04,3.71,2.03,513310,527010,612274,0.013
2721,KR,Consumer Defensive,Grocery Stores,NYSE,90.88,53.78,104.06,85.98,85.3,40.76,80.84,28.82,78.24,27.83,89.7,43.86,61.64,4.42,4.94,5.39,7.26,0.66,52.34,34862450240.06653,590588700.0,0.0504,-19.51,5291600,0.68,59.9,2.9,59.71,3.23,59.72,3.22,58.25,5.82,2.52,54.14,7855920,7728776,7020836,0.02
2722,SAAQ,Financial Services,Shell Companies,NASDAQ,90.88,53.78,97.83,65.39,89.18,48.54,90.3,43.67,90.31,44.09,90.42,46.02,10.08,0.3,0.1,-0.2,-1.18,,,314692309.32241726,31312667.0,0.0001,-9.19,300,0.0,10.06,0.2,10.05,0.3,10.07,0.1,10.1,-0.2,0.21,0.0,79800,79713,56754,
2723,SPEGU,Financial Services,Shell Companies,NASDAQ,90.88,53.78,97.76,64.79,89.58,49.62,91.37,46.8,91.56,49.46,88.12,37.67,10.48,0.0,0.0,0.0,-0.66,1.75,54.2,,,0.73,-23.28,0,,10.48,0.0,10.48,0.0,10.48,0.0,10.48,0.0,,,0,0,6,
2724,ALIS,Financial Services,Shell Companies,NASDAQ,90.88,53.78,96.26,56.95,91.36,57.47,93.5,55.58,91.1,47.66,89.05,41.59,10.07,-2.52,-2.14,-2.61,-0.93,1.61,53.98,87056074.35703278,8427500.0,0.00029999999,-3.17,14300,0.23,10.48,-3.91,10.4,-3.17,10.36,-2.8,10.27,-1.95,5.85,9.84,104710,61093,49766,
2725,LFVN,Consumer Defensive,Packaged Foods,NASDAQ,90.88,53.78,93.54,42.65,92.0,59.12,73.76,22.16,88.48,39.17,55.07,10.47,6.0,-1.15,-4.15,-2.76,-3.85,2.6,56.15,76417927.24112129,12589444.0,0.114300005,-48.76,23200,0.56,6.01,-0.17,6.12,-1.96,6.18,-2.91,6.35,-5.51,3.4,34.28,29420,41496,46656,-0.231
2726,SPOT,Communication Services,Internet Content & Information,NYSE,90.87,53.72,101.82,82.59,86.66,43.56,87.37,37.91,72.58,23.38,81.01,28.26,529.14,11.89,3.75,0.64,1.25,-8.58,40.56,97235673658.30261,205620061.0,0.0286,-24.42,1320500,0.91,507.93,4.18,498.25,6.2,512.3,3.29,516.58,2.43,3.15,37.17,1464440,1458003,1687614,0.139
2727,VTS,Energy,Oil & Gas E&P,NYSE,90.87,53.72,100.98,80.59,85.7,41.45,89.74,42.47,73.03,23.74,78.77,26.07,17.28,2.43,3.16,-5.66,16.06,-3.71,46.61,710299863.125349,42104317.0,0.1557,-27.39,271900,0.52,17.1,1.05,16.93,2.07,17.2,0.47,16.75,3.16,2.27,48.5,409550,523366,507710,0.092
2728,AIN,Consumer Cyclical,Textile Manufacturing,NYSE,90.86,53.69,97.43,62.58,92.3,59.89,91.79,49.06,115.01,81.11,86.73,34.76,61.8,1.51,1.34,2.52,-16.2,22.12,77.28,1727235459.6636543,28371147.0,0.051599998,-19.74,246100,0.93,59.88,3.21,59.86,3.24,60.06,2.9,60.87,1.53,3.09,93.86,245290,265910,296446,0.058
2729,GTEN,Financial Services,Shell Companies,NASDAQ,90.85,53.66,96.87,59.78,90.52,54.18,92.82,53.72,90.8,46.34,88.64,40.07,10.42,-0.47,-0.66,-1.22,-0.28,1.27,53.35,471935262.03632355,45075000.0,0.0001,-5.19,5100,0.65,10.44,-0.19,10.47,-0.48,10.5,-0.76,10.57,-1.42,0.17,-5.58,20990,7896,35558,
2730,RICK,Consumer Cyclical,Restaurants,NASDAQ,90.85,53.66,91.65,34.77,95.21,65.0,97.25,62.76,87.25,37.58,80.87,28.14,26.07,-2.07,-5.41,-10.14,1.64,15.32,71.91,203682936.42139435,7651500.0,0.1137,-18.53,37000,0.85,26.23,-0.61,26.68,-2.29,27.48,-5.13,28.24,-7.68,2.91,2.64,35030,43336,53378,0.039
2731,MLAAU,Financial Services,Shell Companies,NASDAQ,90.85,53.66,97.94,66.02,89.69,50.06,89.97,42.96,89.44,40.82,90.4,45.94,10.08,0.0,0.0,0.0,0.1,,,,,8.31,-9.35,0,0.0,10.08,0.0,10.08,0.0,10.08,0.0,10.08,0.0,,,0,53,44,
2732,SVIV,Financial Services,Shell Companies,NASDAQ,90.84,53.63,97.27,61.71,89.41,49.08,91.6,48.0,91.43,49.04,87.58,36.13,10.09,0.0,-0.2,-0.88,-1.27,,,309426674.70936203,30666667.0,0.01,-6.57,8104,0.32,10.09,0.0,10.09,0.0,10.13,-0.39,10.17,-0.79,0.21,-0.0,13600,25676,22502,
2733,ALOVU,Financial Services,Shell Companies,NASDAQ,90.83,53.6,97.92,65.91,89.36,48.94,90.94,45.35,90.2,43.48,88.02,37.38,10.06,0.0,0.0,0.0,0.5,,,,,23.14,-3.73,0,,10.06,0.0,10.06,0.0,10.06,0.0,10.05,0.1,,,0,0,126,
2734,MMTXU,Financial Services,Shell Companies,NASDAQ,90.83,53.6,97.98,66.51,89.29,48.85,90.97,45.52,89.68,41.43,89.43,42.96,10.1,0.0,0.0,0.0,0.0,1.3,53.42,77710412.93506622,7694100.0,,-9.58,0,,10.1,0.0,10.1,0.0,10.1,0.0,10.1,0.0,,,0,0,0,
2735,OPRX,Healthcare,Health Information Services,NASDAQ,90.83,53.6,108.46,90.83,93.37,61.81,87.64,38.36,59.38,14.56,52.66,9.75,8.28,-3.38,2.99,13.58,32.06,-37.7,20.19,161424094.32172394,18835951.0,0.0561,-62.79,123200,0.75,8.55,-3.16,8.42,-1.66,8.0,3.5,7.75,6.84,5.31,0.0,181500,164720,198516,-0.298
2736,ACAA,Financial Services,Shell Companies,NASDAQ,90.82,53.56,98.22,69.01,88.69,47.62,90.23,43.52,89.27,40.53,87.23,35.6,10.02,-0.3,0.2,0.4,0.7,,,358609232.30589867,35682510.0,0.0001,-2.15,0,0.0,10.02,0.0,10.02,0.0,10.0,0.2,10.0,0.2,0.11,-0.0,22270,43930,33774,
2737,VLOS,Financial Services,Shell Companies,NASDAQ,90.81,53.54,98.48,71.72,88.48,47.15,94.59,58.01,89.93,42.44,90.94,46.99,10.79,0.37,1.03,0.56,0.7,0.94,52.79,252430543.25,23481911.0,0.00059999997,-9.78,0,0.0,10.76,0.28,10.73,0.56,10.71,0.75,10.73,0.56,0.42,0.0,40250,22303,19108,
2738,CUBI,Financial Services,Banks - Regional,NYSE,90.81,53.54,93.47,42.33,93.36,61.78,99.5,66.38,100.16,64.34,110.81,75.23,74.04,-1.89,-3.92,-6.14,-5.32,-3.98,46.04,2549663351.769989,33783799.0,0.1091,-12.25,187000,0.65,74.56,-0.7,74.66,-0.83,76.37,-3.05,78.65,-5.86,2.28,30.85,309800,289446,271990,0.101
2739,TLNC,Financial Services,Shell Companies,NASDAQ,90.8,53.51,97.53,63.29,89.57,49.53,91.59,47.93,90.95,46.98,89.91,44.45,10.22,-0.78,-0.2,-0.29,-0.78,1.19,53.15,349983706.4809799,33979000.0,0.00059999997,-9.56,2300,0.03,10.25,-0.29,10.25,-0.29,10.24,-0.2,10.24,-0.2,0.29,-0.0,9250,72250,53034,
2740,HUBB,Industrials,Electrical Equipment & Parts,NYSE,90.79,53.49,99.71,76.75,88.06,46.15,90.5,44.23,92.46,51.5,115.46,78.82,474.11,-0.3,1.61,2.98,0.4,6.05,62.21,25122943581.48404,52832571.0,0.0621,-16.16,303597,0.63,478.2,-0.86,471.19,0.62,461.66,2.7,471.63,0.53,2.7,24.84,490254,482736,486388,0.153
2741,FEDU,Consumer Defensive,Education & Training Services,NYSE,90.79,53.49,109.72,91.6,78.68,29.88,78.45,26.56,74.2,24.64,86.62,34.52,11.19,19.66,11.88,11.77,43.92,1.71,54.13,21144446.162670135,2261438.0,0.0078,-24.03,18600,7.0,10.4,7.6,10.04,11.45,10.03,11.57,9.56,17.05,10.12,136.0,7410,2656,2676,-0.062
2742,HACQU,Financial Services,Shell Companies,NASDAQ,90.78,53.45,97.85,65.56,89.43,49.18,91.04,45.71,90.23,43.68,87.67,36.36,10.14,-0.1,-0.1,-0.1,-0.29,,,,,0.0,-0.59,0,0.0,10.14,0.0,10.15,-0.1,10.15,-0.1,10.15,-0.1,0.01,-0.05,50,656,506,
2743,SUMA,Financial Services,Shell Companies,NASDAQ,90.78,53.45,98.24,69.31,89.24,48.64,90.82,45.01,89.32,40.61,88.2,37.98,9.96,0.1,0.1,0.2,0.4,,,233290183.0279827,23446250.0,0.2,-0.1,1800,0.67,9.96,0.0,9.95,0.1,9.96,0.0,9.93,0.3,0.05,-0.0,950,2703,5682,
2744,MOH,Healthcare,Healthcare Plans,NYSE,90.78,53.45,95.01,50.46,93.63,62.28,104.38,73.09,114.42,80.59,64.66,15.41,196.93,3.9,3.18,-3.57,1.15,20.31,75.93,9893987649.536133,52200000.0,0.0715,-19.58,509200,0.79,195.35,0.81,191.52,2.82,195.77,0.59,197.94,-0.51,3.58,51.15,697160,647116,614996,-0.057
2745,MOGU,Consumer Cyclical,Internet Retail,NYSE,90.77,53.4,116.66,94.76,78.39,29.54,71.91,20.69,70.46,21.54,91.37,47.76,2.24,20.43,19.79,19.15,7.69,-13.18,36.41,15220925.097062945,8183293.0,0.001,-35.45,275900,21.78,1.94,15.46,1.9,17.89,1.89,18.52,1.91,17.28,5.98,298.51,33740,12666,8700,-0.285
2746,ARGX,Healthcare,Biotechnology,NASDAQ,90.77,53.4,83.85,17.28,106.2,78.85,108.72,77.91,101.55,66.22,104.49,68.49,825.03,-10.25,-14.01,-16.19,-5.45,-3.17,47.26,57506691750.161194,62560993.0,0.021,-23.09,512200,1.51,883.1,-6.58,917.25,-10.05,948.45,-13.01,956.34,-13.73,3.91,61.81,543240,339616,329820,0.593
2747,QSR,Consumer Cyclical,Restaurants,NYSE,90.76,53.35,93.69,43.29,92.56,60.45,100.1,67.31,97.56,60.47,105.76,70.0,70.95,1.49,-0.96,-6.98,-3.71,4.54,59.92,24381677601.34018,348758065.0,0.0635,-13.43,2900100,0.9,70.23,1.03,70.48,0.67,72.03,-1.5,74.55,-4.83,1.94,55.19,2609150,3207233,2880096,0.046
2748,ETY,Financial Services,Asset Management,NYSE,90.76,53.35,98.81,73.66,90.5,54.09,89.74,42.47,89.76,41.72,90.92,46.94,14.32,0.99,1.2,1.63,2.09,-0.07,51.15,2258599070.048584,159280608.0,0.14,-9.99,357905,1.0,14.24,0.56,14.16,1.13,14.11,1.49,14.26,0.42,1.0,55.72,435790,357680,319286,0.021
2749,IEAGU,Financial Services,Shell Companies,NASDAQ,90.76,53.35,97.38,62.33,90.17,52.53,91.82,49.19,90.44,44.83,87.7,36.46,10.31,-0.1,-0.58,-0.58,-0.87,,,,,8.61,-11.8,6800,16.87,10.32,-0.1,10.34,-0.29,10.35,-0.39,10.38,-0.67,0.06,-0.01,950,403,550,
2750,TMTS,Financial Services,Shell Companies,NASDAQ,90.76,53.35,97.5,63.06,89.65,49.9,91.52,47.39,90.43,44.77,88.73,40.44,10.0,-0.3,-0.3,-0.6,-0.7,,,307586661.82111645,30666667.0,0.03,-4.31,218233,4.69,10.02,-0.2,10.03,-0.3,10.04,-0.4,10.05,-0.5,0.04,0.0,56513,46544,57286,
2751,CVS,Healthcare,Healthcare Plans,NYSE,90.75,53.3,89.82,29.48,96.21,66.43,102.58,70.94,129.78,89.07,94.01,52.81,86.16,-0.35,-3.33,-8.98,-18.11,12.52,69.67,110579776932.80765,1278970369.0,0.0127,-22.15,11651700,1.44,87.07,-1.05,86.77,-0.7,88.47,-2.61,92.9,-7.26,2.47,16.89,9145670,8109793,8003568,0.071
2752,LWACU,Financial Services,Shell Companies,NASDAQ,90.75,53.3,98.1,67.67,90.29,53.12,91.9,49.72,93.6,53.95,89.07,41.67,10.36,0.0,0.0,0.0,0.39,1.57,53.85,,,0.0,-2.95,0,0.0,10.36,0.0,10.36,0.0,10.36,0.0,10.35,0.1,0.22,0.0,110,56,40,
2753,CEG,Utilities,Utilities - Independent Power Producers,NASDAQ,90.75,53.3,108.2,90.49,79.12,30.44,88.45,39.71,70.03,21.2,88.23,38.19,298.07,15.76,13.22,4.68,13.27,-16.33,34.07,91230603558.677,354307379.0,0.037,-27.78,4207600,1.16,290.15,2.73,274.62,8.54,268.89,10.85,273.88,8.83,4.87,77.41,5143740,3638133,3221496,0.23
2754,ARCO,Consumer Cyclical,Restaurants,NYSE,90.74,53.25,99.03,74.51,85.58,41.3,94.03,56.8,97.29,60.12,117.09,79.98,7.77,9.28,7.32,-2.09,-4.24,11.72,68.77,1497814363.3965526,210663057.0,0.0256,-20.31,2907900,1.59,8.0,-2.88,7.54,3.05,7.55,2.91,7.81,-0.51,4.19,46.05,3290460,1829760,1541958,0.143
2755,PSIX,Industrials,Specialty Industrial Machinery,NASDAQ,90.74,53.25,122.89,96.33,79.49,30.78,70.97,19.99,34.81,5.28,124.32,83.68,50.07,11.64,7.33,18.9,79.91,-25.3,27.41,1034485397.3049164,23065450.0,0.1412,-52.99,265600,0.68,48.6,3.02,47.19,6.1,45.55,9.92,40.85,22.57,5.18,60.17,374510,388436,428762,-0.205
2756,LOGI,Technology,Computer Hardware,NASDAQ,90.74,53.25,96.85,59.68,91.65,58.1,86.39,36.28,90.76,46.06,98.58,59.88,98.27,-5.8,-2.79,-2.72,-1.64,-3.37,47.02,14937406750.542389,143188332.0,0.0841,-24.21,820300,1.2,101.15,-2.85,101.54,-3.22,101.39,-3.08,100.24,-1.97,2.62,19.77,571070,684613,731660,0.069
2757,MSEX,Utilities,Utilities - Regulated Water,NASDAQ,90.72,53.2,94.58,47.88,89.97,51.42,98.8,65.03,97.41,60.25,85.67,33.37,53.43,-0.24,-0.07,-5.75,-3.67,4.51,59.84,1009281773.6382217,18843946.0,0.056500003,-14.07,96600,0.73,53.12,0.58,53.02,0.77,54.16,-1.35,56.4,-5.27,2.01,62.24,153330,131816,134232,0.143
2758,PTORU,Financial Services,Shell Companies,NASDAQ,90.72,53.2,97.69,64.37,89.64,49.87,91.69,48.57,92.09,50.63,87.78,36.71,10.08,0.0,0.0,-0.69,-0.69,,,,,4.26,-8.78,0,0.0,10.08,0.0,10.08,0.0,10.11,-0.3,10.14,-0.59,0.07,0.0,130,200,968,
2759,CEPS,Financial Services,Shell Companies,NASDAQ,90.71,53.18,97.13,60.86,89.61,49.79,91.88,49.6,91.8,50.0,87.85,36.93,10.24,-0.39,-0.58,-1.06,-1.54,,,150858996.08135223,14675000.0,0.0001,-2.01,42800,6.59,10.27,-0.29,10.28,-0.39,10.3,-0.58,10.35,-1.06,0.15,0.0,7370,6493,11862,
2760,DRD,Basic Materials,Gold,NYSE,90.7,53.16,97.83,65.39,92.03,59.29,97.64,63.2,72.29,23.08,118.96,80.96,24.87,2.35,-1.35,-7.24,22.62,-23.65,28.21,2111078301.6191368,86875653.0,0.0337,-36.83,180400,0.69,24.25,2.56,24.29,2.39,25.08,-0.84,25.42,-2.16,2.96,50.19,234260,260110,283616,0.498
2761,CION,Financial Services,Asset Management,NYSE,90.69,53.15,97.95,66.11,93.68,62.4,90.26,43.63,71.85,22.59,77.21,24.6,6.94,-0.86,-3.07,-3.34,20.66,-17.85,32.55,344418928.0,49202704.0,0.037100002,-33.27,220100,0.67,6.93,0.14,7.01,-1.0,7.08,-1.98,7.09,-2.12,2.1,48.04,301150,330270,446174,-0.047
2762,PLMK,Financial Services,Shell Companies,NASDAQ,90.68,53.12,96.28,57.05,90.72,55.22,92.09,50.54,92.31,51.17,90.25,45.41,10.64,-0.09,-0.79,-0.33,0.52,1.77,54.25,113928021.59421158,10702491.0,0.0001,-11.33,200,0.13,10.66,-0.19,10.68,-0.37,10.69,-0.47,10.65,-0.09,0.36,13.21,3150,1516,12456,
2763,KLTR,Technology,Software - Application,NASDAQ,90.68,53.12,93.65,43.1,84.42,39.11,84.58,33.66,84.22,34.19,67.62,17.61,1.32,0.76,0.38,-6.38,-3.65,-21.89,29.76,199842093.400949,152551223.0,0.02,-35.61,114000,0.53,1.31,0.76,1.3,1.54,1.34,-1.49,1.48,-10.81,3.81,59.66,194240,214976,579860,0.055
2764,CPHC,Consumer Cyclical,Resorts & Casinos,NASDAQ,90.67,53.09,97.53,63.29,89.25,48.7,91.43,47.07,87.88,38.4,84.06,31.31,15.7,-0.32,-0.06,-0.44,3.41,5.44,61.22,81638455.5,5183394.0,0.0066000004,-9.77,800,0.61,15.7,0.0,15.68,0.13,15.68,0.13,15.64,0.38,1.37,0.0,700,1313,1530,0.032
2765,OCSL,Financial Services,Asset Management,NASDAQ,90.67,53.09,93.52,42.58,94.85,64.34,98.05,63.7,90.29,44.03,92.51,50.06,11.6,-2.6,-4.13,-6.0,1.7,-0.62,50.57,1049098565.4892159,88085523.0,0.0364,-18.94,394700,0.9,11.71,-0.94,11.85,-2.11,12.1,-4.13,12.33,-5.92,2.02,8.54,469900,437380,506872,-0.078
2766,GHM,Industrials,Specialty Industrial Machinery,NYSE,90.66,53.06,88.9,27.08,97.68,68.94,107.38,76.41,138.7,91.72,157.43,92.42,82.37,-9.97,-5.55,-6.29,-12.58,27.13,80.57,1073821124.0969925,11737033.0,0.0881,-34.53,132300,0.78,85.4,-3.55,86.51,-4.79,86.13,-4.37,93.38,-11.79,4.01,31.75,176020,169063,178620,0.286
2767,FNWB,Financial Services,Banks - Regional,NASDAQ,90.64,53.05,90.89,32.41,97.21,68.13,102.49,70.75,120.12,84.6,98.97,60.51,9.83,-1.21,-2.19,-5.93,-16.77,0.31,51.94,94640567.43580341,9511615.0,0.0044,-21.49,52700,1.67,9.73,1.03,9.87,-0.41,10.02,-1.9,10.67,-7.87,2.68,106.23,34940,31566,27848,-0.0
2768,TRS,Consumer Cyclical,Packaging & Containers,NASDAQ,90.63,53.03,95.11,50.97,88.93,48.09,91.82,49.19,105.32,71.39,113.5,77.39,38.15,-2.48,-2.55,-0.5,0.33,6.85,63.44,1403385873.4425697,35873873.0,0.16780001,-16.02,207100,0.7,38.55,-1.04,38.77,-1.6,38.72,-1.47,39.11,-2.45,2.27,21.93,267910,295450,357720,0.016
2769,COLM,Consumer Cyclical,Apparel Manufacturing,NASDAQ,90.62,53.0,95.92,55.18,91.64,58.03,87.41,38.0,103.65,69.13,102.18,65.27,57.04,-0.4,-0.97,0.21,-8.7,3.15,57.44,2931834243.8143845,51193194.0,0.17459999,-17.41,595100,0.89,56.94,0.18,57.41,-0.64,57.27,-0.4,57.5,-0.8,2.68,73.17,697870,672053,714042,0.015
2770,HIFS,Financial Services,Banks - Regional,NASDAQ,90.62,53.0,94.6,48.0,92.14,59.59,98.31,64.14,95.79,57.74,97.07,57.97,288.33,0.19,-3.63,-7.73,2.12,-0.77,50.33,632324602.31781,2197250.0,0.1472,-14.7,38300,0.97,287.03,0.45,287.61,0.25,296.09,-2.62,299.11,-3.6,3.09,3.14,38040,39550,43728,1.08
2771,NWN,Utilities,Utilities - Regulated Gas,NYSE,90.62,53.0,96.14,56.21,88.23,46.6,93.77,56.14,98.49,61.89,107.56,71.94,47.73,0.74,1.47,-1.47,-3.65,4.47,59.81,1994391875.4007492,42093538.0,0.06,-14.75,192600,0.73,47.59,0.29,47.25,1.02,47.64,0.19,48.92,-2.43,1.54,16.31,243310,263423,248970,0.031
2772,EFTY,Industrials,Consulting Services,NASDAQ,90.58,52.93,97.98,66.51,92.04,59.34,106.95,75.94,126.44,87.67,161.5,92.94,15.02,0.0,0.0,0.0,0.0,0.0,51.33,302052209.20562744,20110000.0,0.1073,-0.0,0,,15.02,0.0,15.02,0.0,15.02,0.0,15.02,0.0,,,0,0,0,-0.259
2773,OST,Technology,Electronic Components,NASDAQ,90.58,52.93,97.98,66.51,88.95,48.16,90.28,43.64,81.07,30.85,63.96,14.96,1.7,0.0,0.0,0.0,0.0,0.0,51.33,10108844.712820053,5963920.0,0.0296,0.29,0,,1.7,0.0,1.7,0.0,1.7,0.0,1.7,0.0,,,0,0,0,-0.16
2774,SLSN,Consumer Defensive,Household & Personal Products,NASDAQ,90.58,52.93,122.68,96.28,65.53,17.11,48.46,8.46,39.58,6.48,48.68,8.41,1.02,24.39,22.89,25.93,24.39,-47.15,15.71,57930576.39469296,70647045.0,0.018099999,-75.66,171800,6.09,0.86,18.6,0.84,21.43,0.83,22.89,0.9,13.33,7.35,293.33,46400,28203,25346,-0.247
2775,VLY,Financial Services,Banks - Regional,NASDAQ,90.58,52.93,90.82,32.22,94.41,63.52,101.55,69.54,121.54,85.39,122.14,82.74,12.62,-1.56,-3.52,-7.82,-11.17,7.1,63.75,7084398828.678268,552605226.0,0.113299996,-16.97,4492800,0.63,12.66,-0.32,12.69,-0.55,13.06,-3.37,13.72,-8.02,2.33,13.59,8109440,7134980,6731616,0.15
2776,UCFI,Consumer Defensive,Packaged Foods,NASDAQ,90.58,52.93,97.98,66.51,80.57,32.38,82.84,31.44,81.49,31.32,71.75,20.33,5.51,0.0,0.0,0.0,0.0,0.0,51.33,287814768.2856388,52234983.0,0.048600003,-0.0,0,,5.51,0.0,5.51,0.0,5.51,0.0,5.51,0.0,,,0,0,0,0.171
2777,BEP,Utilities,Utilities - Renewable,NYSE,90.57,52.88,96.22,56.69,85.04,40.32,93.96,56.63,97.21,60.01,118.19,80.58,29.53,4.16,4.16,-2.83,-8.45,12.04,69.11,8597873723.4406,303275965.0,0.0046,-22.53,569300,0.53,29.18,1.2,28.67,3.0,29.0,1.83,30.97,-4.65,2.4,59.15,1051690,1079126,979966,0.011
2778,CNX,Energy,Oil & Gas E&P,NYSE,90.56,52.83,97.95,66.11,83.33,37.01,92.27,51.47,83.06,32.98,99.87,62.01,34.03,8.03,3.78,-5.24,-1.68,-8.55,40.63,4660224565.5,147943637.0,0.1451,-21.99,1856700,0.95,33.45,1.73,32.43,4.93,33.14,2.69,34.89,-2.46,2.51,39.77,1990120,1960350,1730486,-0.181
2779,NDRA,Healthcare,Diagnostics & Research,NASDAQ,90.56,52.83,93.18,40.86,110.69,82.37,113.41,82.34,83.42,33.51,107.54,71.9,5.46,-9.9,-9.6,-2.85,26.1,4.6,59.97,9089466.634174347,1499912.0,0.0219,-44.57,23100,0.46,5.96,-8.39,5.94,-8.08,5.89,-7.3,5.33,2.44,8.49,30.22,22650,50556,36750,
2780,JATT,Financial Services,Shell Companies,NASDAQ,90.56,52.83,89.42,28.28,90.44,53.79,105.71,74.69,93.57,53.89,86.1,33.81,10.6,-1.49,-4.93,-13.47,-13.82,,,83928001.78527832,7800000.0,0.001,-55.39,400,0.01,10.58,0.19,10.83,-2.12,11.38,-6.85,12.05,-12.03,3.12,3.02,55590,28466,25046,
2781,BCRX,Healthcare,Drug Manufacturers - Specialty & Generic,NASDAQ,90.56,52.83,93.1,40.45,88.21,46.55,89.11,41.1,102.49,67.58,113.99,77.8,8.55,4.65,-0.47,5.3,-7.47,12.35,69.48,2087721827.3457813,255535105.0,0.1375,-23.8,2307800,0.45,8.26,3.51,8.27,3.39,8.39,1.91,9.1,-6.04,3.68,88.89,5667780,5147990,4399400,0.336
2782,ETJ,Financial Services,Asset Management,NYSE,90.56,52.83,97.39,62.4,92.09,59.46,92.12,50.7,91.35,48.65,89.47,43.07,8.24,1.35,-0.48,-0.18,-0.02,0.65,52.29,547163536.0120783,67301787.0,1.72,-9.25,255539,1.57,8.16,0.98,8.16,0.98,8.21,0.37,8.3,-0.72,1.41,111.66,245173,162984,140338,
2783,CHSCN,Consumer Defensive,Farm Products,NASDAQ,90.54,52.78,95.66,53.83,91.41,57.58,94.08,56.92,91.84,50.1,92.05,49.06,24.04,-1.44,-2.36,-3.03,-2.06,1.59,53.92,,,0.54,-6.02,30481,1.25,24.18,-0.58,24.32,-1.15,24.52,-1.96,24.64,-2.44,1.41,11.82,35838,24419,22629,0.186
2784,TPVG,Financial Services,Asset Management,NYSE,90.53,52.73,96.6,58.39,92.26,59.81,87.08,37.21,79.51,29.33,85.56,33.14,4.7,-4.08,-2.69,-3.43,9.51,-12.91,36.62,199477646.58238173,40709723.0,0.0629,-32.37,108800,0.46,4.74,-0.84,4.8,-2.08,4.83,-2.69,4.9,-4.08,2.8,37.94,187060,238570,223798,-0.052
2785,EFT,Financial Services,Asset Management,NYSE,90.53,52.73,99.21,75.16,89.02,48.29,90.09,43.24,87.51,37.91,86.18,33.89,10.65,0.38,1.43,1.25,1.22,0.27,51.83,281993186.25514793,26578058.0,0.06,-10.65,98232,0.78,10.61,0.38,10.59,0.57,10.54,1.04,10.59,0.57,1.48,85.73,191043,126017,130288,-0.231
2786,RELX,Industrials,Specialty Business Services,NYSE,90.53,52.73,104.04,85.95,85.74,41.51,84.26,33.09,74.23,24.69,71.49,20.07,36.13,8.11,7.79,6.89,-0.53,-9.4,39.73,58091532696.75188,1738226687.0,0.0039,-23.49,2186600,1.03,34.75,3.97,34.01,6.23,33.93,6.48,34.78,3.88,1.77,67.19,2215810,2117916,2176844,0.027
2787,TEI,Financial Services,Asset Management,NYSE,90.53,52.73,93.17,40.81,94.17,63.32,100.74,68.39,101.65,66.4,105.65,69.87,6.19,1.81,-1.75,-5.86,-5.26,5.57,61.34,287148777.83675766,47228418.0,0.0016,-11.57,120109,0.7,6.13,0.98,6.13,0.98,6.28,-1.43,6.51,-4.92,2.09,46.2,193210,170393,157632,0.115
2788,RDAGU,Financial Services,Shell Companies,NASDAQ,90.53,52.73,98.02,66.91,89.4,49.03,90.85,45.07,89.59,41.09,88.4,39.02,10.53,0.0,0.29,0.19,0.48,0.67,52.38,41698798.94256592,3960000.0,0.18,-1.59,127,1.9,10.53,0.0,10.53,0.0,10.52,0.1,10.51,0.19,0.03,0.01,132,67,174,
2789,PAHC,Healthcare,Drug Manufacturers - Specialty & Generic,NASDAQ,90.52,52.68,107.62,90.08,82.82,35.96,86.37,36.27,75.54,25.62,166.78,93.65,38.3,2.85,11.18,7.52,5.41,2.22,55.2,1512003763.8684425,40601603.0,0.0643,-36.25,235900,0.95,37.44,2.3,36.72,4.3,35.73,7.19,35.91,6.66,3.62,64.96,244690,249330,228620,0.048
2790,GLQ,Financial Services,Asset Management,NYSE ARCA,90.51,52.66,95.09,50.89,92.17,59.64,96.25,61.0,103.3,68.72,104.45,68.45,7.65,0.66,-0.91,-2.5,-4.06,8.23,65.14,142409717.81299353,18738121.0,0.0050999997,-12.57,16487,0.36,7.62,0.39,7.57,1.06,7.66,-0.13,7.88,-2.92,1.9,65.36,39878,45866,43399,-0.003
2791,ALX,Real Estate,REIT - Retail,NYSE,90.5,52.65,91.68,34.89,92.24,59.77,96.36,61.26,110.95,77.6,99.83,61.96,240.99,-1.18,-2.48,-3.29,-7.85,18.24,74.31,1245463742.5172424,5107290.0,0.1117,-16.74,43400,1.03,242.87,-0.77,244.46,-1.42,246.06,-2.06,258.35,-6.72,1.91,21.29,41720,42323,40118,0.061
2792,EXK,Basic Materials,Silver,NYSE,90.49,52.63,88.84,26.88,98.33,69.85,111.9,81.06,78.65,28.3,128.0,85.09,8.65,0.58,-7.88,-15.03,11.33,-12.54,36.99,2546842632.3701534,296144479.0,2.13,-42.9,6514600,0.82,8.56,1.05,8.62,0.35,9.25,-6.49,9.84,-12.09,5.27,8.78,6854270,7916006,8246044,1.394
2793,GRPN,Communication Services,Internet Content & Information,NASDAQ,90.47,52.62,88.51,26.03,105.96,78.69,109.55,78.7,136.83,91.2,67.07,17.22,18.63,-3.52,-12.54,-0.53,-33.2,6.7,63.25,785246844.0423889,40665296.0,0.525,-37.69,629700,0.59,18.95,-1.69,19.31,-3.52,19.64,-5.14,20.6,-9.56,5.75,0.0,865090,1075116,1213882,-0.008
2794,EVTC,Technology,Software - Infrastructure,NYSE,90.46,52.6,100.51,79.12,86.94,44.21,92.7,53.25,88.92,39.81,89.14,41.93,29.64,8.85,5.18,1.26,-6.05,1.48,53.62,1677921938.912445,61620344.0,0.066599995,-13.86,225300,0.49,29.22,1.44,28.22,5.03,28.24,4.96,29.36,0.95,3.02,63.74,409970,456326,434110,0.197
2795,LND,Consumer Defensive,Farm Products,NYSE,90.44,52.58,102.03,82.96,84.23,38.65,87.39,37.98,85.84,36.1,93.63,52.17,3.78,7.69,7.69,1.89,1.89,5.59,61.37,349650253.119993,99615457.0,0.0016,-15.06,58700,0.99,3.74,1.07,3.6,5.0,3.59,5.29,3.65,3.56,2.8,18.92,69340,59590,55834,-0.15
2796,SVIVU,Financial Services,Shell Companies,NASDAQ,90.42,52.55,95.35,52.26,91.86,58.75,93.86,56.35,91.69,49.73,88.37,38.85,10.2,-3.32,-3.32,-3.41,-1.35,,,,,5.04,-7.27,1008,2.96,10.27,-0.68,10.41,-2.02,10.52,-3.04,10.43,-2.21,0.64,0.0,650,340,542,
2797,DLNG,Energy,Oil & Gas Midstream,NYSE,90.42,52.55,96.55,58.16,88.08,46.24,91.66,48.39,79.88,29.61,97.52,58.59,3.6,-4.51,1.12,-4.76,-0.89,-3.07,47.42,137160180.7760682,36382011.0,0.0027,-19.1,94000,1.37,3.7,-2.7,3.73,-3.49,3.71,-2.96,3.73,-3.49,3.32,25.1,92280,68696,62296,0.067
2798,WYY,Technology,Information Technology Services,NYSE ARCA,90.42,52.55,90.13,30.4,68.41,19.41,143.44,93.7,223.34,97.87,101.99,64.94,7.29,-3.57,33.27,-32.69,-25.69,21.91,77.16,75586807.22789526,9998255.0,0.0456,-70.0,94000,0.3,7.16,1.82,7.24,0.69,9.26,-21.27,9.86,-26.06,15.21,12.63,368920,316056,243746,0.019
2799,OIS,Energy,Oil & Gas Equipment & Services,NYSE,90.41,52.52,94.68,48.34,94.43,63.58,99.89,66.94,101.64,66.36,154.87,91.98,8.17,-0.73,-1.33,-5.98,7.78,17.72,73.96,496455126.7564964,60322619.0,0.0434,-43.66,748900,1.18,8.24,-0.85,8.19,-0.24,8.3,-1.57,8.5,-3.88,3.21,-0.0,890460,635480,629176,-0.053
2800,MXF,Financial Services,Asset Management,NYSE,90.4,52.48,92.8,39.26,92.51,60.34,97.42,62.91,100.17,64.36,109.92,74.45,20.05,0.6,-3.19,-5.96,-7.6,3.51,58.27,287391899.8506546,14420065.0,0.0019,-12.83,10095,0.34,20.05,0.0,20.18,-0.64,20.61,-2.72,21.22,-5.51,2.38,0.0,27809,29353,30395,-0.073
2801,CCII,Financial Services,Shell Companies,NASDAQ,90.4,52.48,97.63,63.94,89.19,48.56,91.08,45.86,90.11,43.13,88.61,39.95,10.28,-0.24,-0.15,-0.29,-0.53,0.34,51.99,357688277.7879019,34693333.0,0.0005,-2.1,149400,1.52,10.29,-0.1,10.3,-0.19,10.3,-0.19,10.32,-0.39,0.11,42.43,79510,98406,71214,
2802,ULH,Industrials,Trucking,NASDAQ,90.4,52.48,100.0,77.48,87.52,45.16,96.4,61.3,63.27,17.01,107.96,72.54,17.35,-6.01,3.95,-6.27,30.4,18.35,74.46,486749656.1595535,26367805.0,0.118599996,-32.75,132000,2.15,17.28,0.41,17.48,-0.74,17.56,-1.2,18.24,-4.88,5.55,75.76,71180,61520,56188,-0.037
2803,ITHAU,Financial Services,Shell Companies,NASDAQ,90.38,52.45,97.59,63.65,89.76,50.35,91.25,46.36,93.11,52.94,88.37,38.85,10.13,0.0,0.0,0.0,0.7,1.76,54.23,,,372.91,-7.91,0,0.0,10.13,0.0,10.13,0.0,10.13,0.0,10.1,0.3,,,0,23,14,
2804,UCB,Financial Services,Banks - Regional,NYSE,90.37,52.42,94.21,45.86,93.69,62.43,99.06,65.52,103.08,68.29,101.89,64.74,33.38,-2.14,-2.48,-4.71,-4.71,5.25,61.02,4085144212.068039,119763827.0,0.0575,-10.22,627000,0.73,33.55,-0.51,33.66,-0.83,34.13,-2.2,34.84,-4.19,1.98,33.26,952250,857526,811468,0.244
2805,HHH,Real Estate,Real Estate - Development,NYSE,90.37,52.42,108.09,90.34,84.26,38.74,77.5,25.65,90.27,43.92,79.17,26.52,73.73,3.79,7.75,19.79,13.66,-6.37,43.0,4242470635.1548004,59719462.0,0.1268,-19.04,436200,0.56,72.49,1.71,72.8,1.28,67.87,8.63,66.51,10.86,3.75,66.96,915400,784280,646302,3.302
2806,CCIIU,Financial Services,Shell Companies,NASDAQ,90.36,52.4,97.58,63.57,89.88,50.86,91.34,46.71,90.17,43.35,88.58,39.91,10.46,0.0,-0.24,-0.1,-1.04,1.06,52.99,,,3.88,-16.92,0,0.0,10.46,0.0,10.47,-0.1,10.47,-0.1,10.51,-0.48,0.03,-0.0,40,80,84,
2807,CBSH,Financial Services,Banks - Regional,NASDAQ,90.35,52.37,92.81,39.32,93.15,61.4,99.22,65.71,99.28,63.06,83.24,30.47,54.39,-1.61,-3.63,-6.63,-8.06,4.17,59.41,7928930624.751892,143432178.0,0.0456,-10.72,773200,0.78,54.57,-0.33,54.89,-0.91,56.01,-2.89,57.49,-5.39,1.78,32.03,816900,992996,944874,0.142
2808,XRN,Real Estate,REIT - Healthcare Facilities,NYSE,90.35,52.37,90.85,32.28,95.4,65.4,93.8,56.23,101.36,65.91,93.99,52.78,33.59,-1.23,-6.3,-6.25,-5.0,2.17,55.1,450218576.0807419,13237830.0,0.0756,-13.09,81500,0.79,33.98,-1.15,34.38,-2.3,35.18,-4.52,35.79,-6.15,2.08,17.16,109650,102913,99414,0.048
2809,KRAQU,Financial Services,Shell Companies,NASDAQ,90.34,52.35,97.76,64.79,89.25,48.7,90.95,45.41,90.01,42.76,87.58,36.13,10.13,-0.1,0.1,0.0,0.3,,,,,0.0,-3.52,0,0.0,10.13,0.0,10.14,-0.1,10.13,0.0,10.12,0.1,0.08,-0.0,300,496,448,
2810,SON,Consumer Cyclical,Packaging & Containers,NYSE,90.33,52.33,91.13,33.14,91.65,58.1,91.57,47.82,106.64,72.72,114.41,78.07,47.92,-1.68,-4.27,0.17,-14.87,14.29,70.91,4819167812.17841,98875003.0,0.1416,-21.02,694400,0.61,48.06,-0.29,48.59,-1.38,48.91,-2.02,53.0,-9.58,2.3,2.72,941730,1141390,1039342,-0.013
2811,STRRP,Industrials,Staffing & Employment Services,NASDAQ,90.32,52.31,95.4,52.49,89.88,50.86,96.36,61.26,99.77,63.65,102.6,65.86,9.27,-0.16,-0.11,-4.43,-5.85,7.04,63.67,,,8.16,-15.11,1341,0.3,9.23,0.43,9.24,0.32,9.44,-1.8,9.56,-3.03,1.01,10.72,5284,4468,5410,0.546
2812,TACT,Technology,Computer Hardware,NASDAQ,90.32,52.31,86.53,21.85,97.17,68.04,105.56,74.45,121.87,85.69,74.58,22.46,4.49,-6.65,-7.8,-12.98,-7.99,10.59,67.64,49660704.91922903,10324471.0,0.0062,-25.42,6100,0.37,4.59,-2.18,4.66,-3.65,4.87,-7.8,5.07,-11.44,5.89,34.05,18290,16636,18398,0.011
2813,ERIC,Technology,Communication Equipment,NASDAQ,90.31,52.28,94.18,45.7,85.2,40.5,90.71,44.75,91.14,47.82,121.84,82.57,9.56,2.91,2.03,-5.69,-0.48,1.61,53.98,30311719114.412796,3262833072.0,0.0215,-30.57,9930100,1.31,9.43,1.38,9.34,2.36,9.59,-0.31,9.79,-2.35,2.01,36.46,7783450,7600696,8359744,-0.061
2814,NGVC,Consumer Defensive,Grocery Stores,NYSE,90.3,52.26,99.16,74.89,89.58,49.62,88.29,39.37,96.53,58.79,73.84,22.05,29.68,-3.04,-0.1,3.92,-7.27,18.99,74.95,705433513.1760712,23045851.0,0.094799995,-27.73,84000,0.62,29.96,-0.93,30.24,-1.85,29.95,-0.9,29.04,2.2,2.81,18.01,112240,136493,151016,0.018
2815,LIN,Basic Materials,Specialty Chemicals,NASDAQ,90.3,52.26,98.63,72.7,87.71,45.45,88.96,40.79,99.64,63.49,98.9,60.37,483.73,0.89,2.95,3.76,-4.58,15.34,71.94,221030773619.71933,460980163.0,0.0127,-11.76,1590800,0.77,484.35,-0.13,479.07,0.97,471.21,2.66,477.22,1.36,1.75,55.82,2268430,2068413,2134680,0.093
2816,IACOU,Financial Services,Shell Companies,NASDAQ,90.28,52.23,97.49,62.97,89.71,50.16,91.31,46.58,91.44,49.08,88.73,40.44,10.05,0.0,0.0,0.0,0.4,,,,,0.11,-2.52,0,0.0,10.05,0.0,10.05,0.0,10.05,0.0,10.05,0.0,,,100,40,1354,
2817,MCHP,Technology,Semiconductors,NASDAQ,90.26,52.2,95.61,53.55,98.4,70.03,91.65,48.32,101.08,65.57,118.58,80.89,75.55,-7.1,-3.99,1.82,1.33,16.0,72.45,44157466586.4069,543008691.0,0.080299996,-28.67,7731200,0.94,78.37,-3.6,78.62,-3.9,76.03,-0.63,75.9,-0.46,3.75,63.93,7591510,8207286,8806120,0.38
2818,BACCU,Financial Services,Shell Companies,NASDAQ,90.26,52.2,96.71,59.08,90.96,56.15,92.45,52.27,101.24,65.82,89.57,43.43,10.88,-0.27,0.0,-0.09,-3.12,3.03,57.23,,,0.01,-7.4,101,0.12,10.9,-0.18,10.9,-0.18,10.9,-0.18,11.04,-1.45,0.06,-1.56,580,876,526,
2819,RMNI,Technology,Software - Application,NASDAQ,90.26,52.2,88.75,26.63,93.98,63.04,102.09,70.28,103.45,68.85,85.52,33.07,4.16,-1.89,-1.42,-8.37,-15.27,2.46,55.82,395829418.6325073,93356000.0,0.048600003,-26.76,409500,0.97,4.12,0.97,4.18,-0.48,4.3,-3.26,4.72,-11.86,3.02,87.5,373210,421890,433274,0.067
2820,PLD,Real Estate,REIT - Industrial,NYSE,90.24,52.16,93.2,40.98,93.32,61.75,93.73,56.08,107.45,73.7,110.61,75.04,129.49,0.45,-2.68,-3.85,-10.72,3.87,58.94,122507478464.74475,950333372.0,0.0227,-15.56,3310600,0.94,128.57,0.72,129.48,0.01,132.13,-2.0,136.17,-4.91,1.58,52.77,4027920,3523576,3869680,0.123
2821,WRBY,Healthcare,Medical Instruments & Supplies,NYSE,90.24,52.16,95.24,51.59,90.28,53.06,83.79,32.42,103.45,68.85,105.97,70.18,25.3,-6.4,-5.28,2.39,-2.77,-4.6,45.09,3341125784.494915,123608054.0,0.2027,-18.39,1542100,0.49,25.69,-1.52,26.29,-3.77,25.26,0.16,25.66,-1.4,6.42,44.94,3188180,3163620,2956004,0.098
2822,EURK,Financial Services,Shell Companies,NASDAQ,90.23,52.13,94.73,48.74,90.58,54.49,92.67,53.11,101.59,66.32,92.37,49.77,11.5,-0.43,-0.37,0.44,-4.09,5.5,61.25,25070441.964009285,2170601.0,0.0001,-19.47,0,0.0,11.52,-0.17,11.53,-0.26,11.51,-0.09,11.7,-1.71,0.07,0.0,580,11920,8170,
2823,RWAY,Financial Services,Asset Management,NASDAQ,90.22,52.12,100.14,77.97,96.0,66.08,90.03,43.1,67.53,19.72,66.85,17.06,6.39,-2.37,-5.68,-3.25,21.65,-16.01,34.31,274509879.1936798,41909904.0,0.1037,-37.66,374400,1.09,6.4,-0.16,6.52,-1.99,6.61,-3.33,6.47,-1.24,2.2,14.21,329030,344283,470534,0.053
2824,IGIC,Financial Services,Insurance - Diversified,NASDAQ,90.21,52.06,92.64,38.58,90.64,54.83,100.1,67.31,103.27,68.68,105.5,69.6,24.59,-0.12,-0.08,-5.39,-10.55,1.91,54.57,1045530214.2594738,42466701.0,0.0186,-16.88,56000,0.65,24.75,-0.65,24.62,-0.12,24.89,-1.21,25.96,-5.28,2.03,32.1,106850,86386,94010,0.08
2825,IDE,Financial Services,Asset Management,NYSE,90.21,52.06,95.4,52.49,89.96,51.35,94.0,56.71,102.43,67.52,106.84,71.03,12.28,1.24,0.83,-2.58,-2.61,8.5,65.62,183846163.33450317,15156320.0,0.0005,-14.13,100050,1.7,12.13,1.24,12.1,1.49,12.21,0.57,12.64,-2.85,1.56,67.88,74365,58985,51207,
2826,DGICA,Financial Services,Insurance - Property & Casualty,NASDAQ,90.21,52.06,95.72,54.19,88.12,46.35,97.83,63.46,92.79,52.36,84.88,32.4,18.23,-0.22,0.77,-5.84,-6.83,-7.13,42.24,678169299.1318588,37119282.0,0.049099997,-13.44,89200,0.81,18.28,-0.27,18.17,0.33,18.47,-1.3,18.82,-3.13,2.12,10.35,103090,109690,119388,-0.024
2827,ONCHU,Financial Services,Shell Companies,NASDAQ,90.21,52.06,97.48,62.89,89.25,48.7,91.06,45.79,89.99,42.71,87.09,35.38,10.41,0.0,-0.19,-0.29,0.1,0.1,51.61,,,0.9,-8.2,0,0.0,10.41,0.0,10.41,0.0,10.42,-0.1,10.41,0.0,0.01,0.01,10,1993,1768,
2828,CGBD,Financial Services,Asset Management,NASDAQ,90.21,52.06,94.21,45.86,92.6,60.55,93.71,56.0,82.7,32.54,85.62,33.3,10.42,-2.16,-4.36,-5.37,6.53,-5.1,44.51,732768761.4031353,68804581.0,0.0433,-21.54,388300,0.9,10.48,-0.57,10.61,-1.79,10.83,-3.79,10.85,-3.96,2.22,6.5,522390,431566,497420,-0.077
2829,SORA,Consumer Cyclical,Luxury Goods,NASDAQ,90.21,52.06,117.49,95.01,74.05,24.6,74.25,22.61,46.4,8.57,58.39,11.97,2.4,7.62,20.0,7.14,42.01,-30.15,24.09,55446720.474243164,24864000.0,0.001,-65.67,87500,0.32,2.18,10.09,2.23,7.62,2.21,8.6,2.24,7.14,8.01,114.41,724070,271700,228664,-0.319
2830,BWAY,Healthcare,Medical Devices,NASDAQ,90.2,51.98,83.62,16.91,105.93,78.57,113.2,82.14,135.74,90.84,197.46,95.94,11.77,-5.84,-11.57,-15.51,-22.82,25.01,79.28,503162362.5,40252989.0,0.0064999997,-32.36,104100,1.06,11.8,-0.25,12.4,-5.08,12.99,-9.39,14.13,-16.7,5.38,64.75,128290,98546,111998,0.354
2831,PGR,Financial Services,Insurance - Property & Casualty,NYSE,90.2,51.98,98.97,74.27,84.85,39.96,93.74,56.1,86.23,36.48,82.25,29.46,217.43,3.39,5.86,-0.04,1.99,1.85,54.42,122063922583.00781,580400000.0,0.0108,-11.48,1466200,0.56,214.99,1.13,212.32,2.41,212.32,2.41,214.12,1.55,2.13,5.83,2650770,2618770,2502148,0.073
2832,NJR,Utilities,Utilities - Regulated Gas,NYSE,90.2,51.98,94.61,48.05,88.47,47.12,95.51,59.82,108.62,75.11,104.83,68.81,51.21,-0.74,1.19,-2.74,-11.74,13.35,70.29,5206543966.46941,100921573.0,0.0546,-15.86,566100,0.78,51.12,0.18,51.02,0.37,51.67,-0.89,53.11,-3.58,1.85,64.51,744730,722616,701544,0.168
2833,BKHA,Financial Services,Shell Companies,NASDAQ,90.19,51.94,93.59,42.81,94.53,63.85,93.8,56.23,94.51,55.62,91.44,47.91,11.53,-6.87,-6.03,-3.84,-2.12,2.49,55.88,51421296.11533928,4153578.0,0.11,-11.98,2000,0.17,12.28,-6.11,12.32,-6.41,12.18,-5.34,11.99,-3.84,3.0,0.0,32130,11526,7116,
2834,CNA,Financial Services,Insurance - Property & Casualty,NYSE,90.19,51.94,94.5,47.28,90.12,52.22,97.65,63.21,103.86,69.46,97.44,58.43,46.17,-0.37,0.41,-3.15,-12.49,3.67,58.67,12539647044.810425,270600928.0,0.1479,-17.12,425300,0.76,46.23,-0.13,45.97,0.44,46.79,-1.33,48.59,-4.98,2.04,3.19,493960,557156,488696,0.03
2835,EQX,Basic Materials,Gold,NYSE ARCA,90.18,51.92,96.2,56.58,95.35,65.31,94.39,57.59,70.25,21.38,138.24,88.33,11.42,2.79,-4.36,-7.9,21.6,-23.04,28.81,12970478221.604479,1167459822.0,3.36,-39.77,10257800,0.83,11.22,1.78,11.18,2.15,11.66,-2.06,11.88,-3.87,4.34,39.31,11040670,12300240,13845502,1.693
2836,YAAS,Technology,Software - Application,NASDAQ,90.14,51.9,79.49,11.75,92.08,59.41,106.79,75.77,39.24,6.35,29.26,3.51,1.08,-6.9,-12.9,-22.3,-55.74,-33.74,22.37,18228978.3954674,15714637.0,0.01,-78.31,10300,0.25,1.12,-3.57,1.14,-5.26,1.25,-13.6,1.9,-43.16,8.15,107.87,17830,41253,635392,4.443
2837,APEI,Consumer Defensive,Education & Training Services,NASDAQ,90.13,51.88,102.17,83.26,80.15,31.71,90.96,45.47,107.76,74.11,161.65,92.95,47.87,9.47,14.88,6.52,-3.55,26.24,80.16,800326467.0122185,18301543.0,0.122,-22.28,168800,0.67,46.46,3.03,44.33,7.99,43.8,9.29,45.54,5.12,3.82,13.68,250350,252810,281234,0.055
2838,WMG,Communication Services,Entertainment,NASDAQ,90.12,51.86,101.38,81.55,88.55,47.32,89.41,41.78,83.94,33.96,89.39,42.84,28.72,7.1,5.82,1.38,4.98,-2.17,48.73,14027188735.105757,523109769.0,0.083900005,-18.92,1721100,0.83,28.21,1.81,27.73,3.57,27.85,3.12,27.32,5.12,3.05,14.84,2425510,2063550,2134650,0.104
2839,AGD,Financial Services,Asset Management,NYSE,90.12,51.86,92.72,38.92,94.61,63.96,96.3,61.1,98.88,62.51,102.15,65.21,11.26,-0.79,-4.82,-4.91,-5.02,4.42,59.73,296447788.4135113,26118747.0,0.68,-19.46,39805,0.46,11.2,0.54,11.39,-1.14,11.61,-3.01,11.9,-5.38,1.91,27.91,100750,86496,87258,0.187
2840,ATNM,Healthcare,Biotechnology,NYSE ARCA,90.1,51.83,97.76,64.79,90.71,55.17,105.98,74.94,57.58,13.74,93.11,51.21,1.1,-5.98,-8.33,-21.43,31.42,-31.25,23.59,36786478.77067995,31441436.0,0.0226,-36.78,105800,0.77,1.11,-0.9,1.13,-2.65,1.18,-6.78,1.07,2.8,5.94,45.9,127050,137046,156954,
2841,TOST,Technology,Software - Infrastructure,NYSE,90.09,51.82,97.24,61.54,89.59,49.69,98.63,64.68,79.56,29.36,71.04,19.87,31.31,5.1,2.32,-2.52,-4.69,-16.01,34.31,17218620529.174805,578000000.0,0.0623,-21.18,5830500,0.7,30.54,2.52,30.15,3.85,30.49,2.69,32.84,-4.66,3.18,76.44,8405900,8387553,8962606,0.231
2842,EOS,Financial Services,Asset Management,NYSE,90.07,51.78,98.79,73.56,90.92,55.94,89.47,41.93,90.22,43.59,90.99,47.1,21.58,1.12,0.65,2.09,4.02,0.76,52.59,1137763768.2353783,53316015.0,0.12,-11.38,166308,1.11,21.47,0.51,21.38,0.94,21.3,1.31,21.4,0.84,1.16,49.14,189030,149880,141452,0.169
2843,TRVI,Healthcare,Biotechnology,NASDAQ,90.07,51.78,82.16,14.91,100.22,72.33,116.52,84.61,146.42,93.37,162.95,93.2,13.19,-5.18,-8.47,-17.04,-28.32,3.53,58.32,1981838926.569912,142475841.0,0.094,-34.77,5029900,2.28,13.21,-0.15,13.73,-3.93,14.43,-8.59,16.37,-19.43,5.02,101.75,3507830,2201833,1932634,
2844,PNC,Financial Services,Banks - Regional,NYSE,90.07,51.78,90.52,31.67,92.64,60.62,104.25,72.97,111.72,78.23,107.3,71.65,219.21,-0.82,-2.85,-10.25,-11.86,5.38,61.17,88190969512.93945,399000000.0,0.0194,-15.35,1188000,0.67,219.41,-0.09,220.64,-0.65,226.91,-3.39,239.0,-8.28,1.87,33.62,1971600,1781456,1650282,0.236
2845,ALCO,Consumer Defensive,Farm Products,NASDAQ,90.07,51.78,94.69,48.4,91.22,57.1,94.01,56.74,98.01,61.04,109.66,74.23,38.35,0.1,-1.71,-2.93,0.58,5.63,61.48,284205082.09784317,7418561.0,0.0327,-14.8,20800,0.98,38.39,-0.1,38.46,-0.29,38.87,-1.34,39.36,-2.57,1.75,20.89,20630,21273,20700,0.077
2846,PRM,Basic Materials,Specialty Chemicals,NYSE,90.06,51.73,88.69,26.48,98.74,70.5,102.98,71.46,132.43,89.9,141.03,89.03,27.75,1.09,-4.67,-12.07,-25.46,-0.82,50.22,4493206161.2332115,163686923.0,0.056700002,-27.3,532200,0.43,28.12,-1.32,27.64,0.4,29.23,-5.06,30.99,-10.45,4.88,37.68,1424400,1235956,1390342,0.315
2847,TLNCU,Financial Services,Shell Companies,NASDAQ,90.06,51.73,97.82,65.33,89.74,50.26,92.37,51.94,95.98,58.02,90.02,44.9,10.46,0.0,0.0,-0.38,0.1,1.95,54.68,,,0.56,-12.76,0,0.0,10.46,0.0,10.46,0.0,10.47,-0.1,10.44,0.19,,,0,236,148,
2848,ALM,Basic Materials,Other Industrial Metals & Mining,NASDAQ,90.04,51.69,75.75,8.66,115.68,85.89,149.02,94.61,118.7,83.62,325.13,98.27,11.87,-11.42,-13.48,-23.37,1.71,34.28,83.54,3865641939.953327,288480750.0,2.99,-51.37,6244200,0.98,12.42,-4.43,12.82,-7.41,13.46,-11.81,15.0,-20.87,7.34,51.09,5598010,6377710,6667416,4.977
2849,CWT,Utilities,Utilities - Regulated Water,NYSE,90.04,51.69,93.52,42.58,90.38,53.61,98.4,64.29,102.34,67.43,89.83,44.24,45.94,-0.04,-0.5,-4.73,-8.42,8.5,65.62,2842125025.344612,61839101.0,0.0546,-14.64,315400,0.65,45.67,0.59,45.71,0.5,46.55,-1.31,48.5,-5.28,2.16,68.39,451640,486236,493772,0.165
2850,KIM,Real Estate,REIT - Retail,NYSE,90.03,51.66,93.3,41.46,89.35,48.91,92.79,53.63,107.87,74.21,102.77,66.06,22.16,-0.36,-1.25,-4.44,-12.1,14.44,71.08,14918355501.988497,670789373.0,0.0641,-16.85,3444500,0.62,22.05,0.5,22.18,-0.09,22.42,-1.16,23.31,-4.93,1.37,49.3,4751940,5534606,5035878,0.049
2851,FTS,Utilities,Utilities - Regulated Electric,NYSE,90.03,51.66,95.9,55.02,88.5,47.23,92.73,53.44,101.4,65.98,99.81,61.89,53.31,0.83,0.41,-1.95,-6.48,6.71,63.28,27011282454.299927,510900000.0,20.28,-10.25,991300,1.19,53.04,0.51,52.98,0.62,53.39,-0.15,54.62,-2.4,1.13,46.5,999970,834356,797500,0.041
2852,FRT,Real Estate,REIT - Retail,NYSE,89.99,51.63,91.61,34.66,91.67,58.23,96.57,61.49,111.97,78.45,103.33,66.83,106.16,-0.5,-2.9,-6.17,-13.52,8.89,65.99,9216863638.841125,86389197.0,0.0002,-17.2,720300,0.78,105.78,0.36,106.76,-0.56,108.75,-2.38,113.41,-6.39,1.48,65.35,1000390,918580,876056,0.072
2853,TPL,Energy,Oil & Gas E&P,NYSE,89.99,51.63,97.3,61.89,81.21,33.18,92.01,50.13,105.14,71.11,113.08,77.1,360.98,6.11,5.84,-2.2,-8.29,19.72,75.44,23464497578.165222,68974683.0,0.0896,-34.03,209500,0.58,352.88,2.3,343.37,5.13,348.82,3.49,360.46,0.14,3.32,19.37,297850,362986,386806,0.312
2854,DAAQU,Financial Services,Shell Companies,NASDAQ,89.97,51.59,91.45,34.07,99.85,71.75,99.83,66.76,92.08,50.6,87.05,35.32,10.57,0.57,-10.12,-10.12,11.26,1.93,54.64,,,4.13,-11.55,102,0.23,10.54,0.28,10.87,-2.76,11.34,-6.79,10.48,0.86,1.9,0.0,840,453,374,
2855,EFSC,Financial Services,Banks - Regional,NASDAQ,89.97,51.59,91.46,34.11,92.31,59.93,98.25,63.97,108.56,75.04,97.14,58.06,58.59,-2.48,-3.84,-8.14,-10.67,6.41,62.86,2174446667.8704834,36192520.0,0.039100002,-14.75,118500,0.43,59.22,-1.06,59.41,-1.38,60.64,-3.38,62.88,-6.82,1.87,8.24,196770,275813,241100,0.012
2856,STEW,Financial Services,Asset Management,NYSE,89.94,51.56,95.62,53.64,90.99,56.29,95.57,59.95,93.93,54.56,93.01,50.99,17.58,0.06,-0.79,-4.09,-4.82,-1.27,49.67,1694477125.56839,96441500.0,0.0001,-7.72,85543,1.38,17.52,0.34,17.52,0.34,17.78,-1.12,18.21,-3.46,1.12,40.73,75244,61994,66750,0.035
2857,OMC,Communication Services,Advertising Agencies,NYSE,89.94,51.56,93.99,44.7,91.84,58.65,93.9,56.52,98.59,62.02,93.95,52.7,76.48,3.14,0.43,-2.21,-2.94,-0.96,50.08,21133209868.284943,285006196.0,0.095699996,-14.61,1916000,0.65,75.63,1.12,74.99,1.99,76.07,0.54,80.61,-5.12,2.25,48.24,2244060,2953823,2703752,0.634
2858,JOB,Industrials,Staffing & Employment Services,NYSE ARCA,89.91,51.54,87.5,23.89,101.57,73.96,100.92,68.75,90.77,46.16,104.25,68.2,0.21,0.0,-12.5,-12.5,0.0,5.0,60.69,23072843.339631647,109870686.0,0.0062,-25.0,109200,0.55,0.22,-4.55,0.22,-4.55,0.23,-8.7,0.23,-8.7,4.42,0.0,200760,199390,258768,-0.153
2859,CUBE,Real Estate,REIT - Industrial,NYSE,89.9,51.52,96.69,59.0,90.26,52.96,92.62,52.88,97.36,60.19,91.42,47.85,37.97,1.2,1.83,-2.6,-6.61,12.47,69.61,8461574062.115639,225521694.0,0.0548,-12.23,1896400,0.69,37.53,1.17,37.4,1.52,38.02,-0.13,39.24,-3.24,1.97,62.96,2700160,2757323,2396762,0.015
2860,CODA,Industrials,Aerospace & Defense,NASDAQ,89.89,51.49,97.39,62.4,100.49,72.63,89.66,42.29,83.2,33.23,127.37,84.8,10.25,-7.99,-4.92,2.3,0.59,7.22,63.89,125693749.01374531,11283101.0,0.030199999,-40.68,72100,0.67,10.57,-3.03,10.72,-4.38,10.75,-4.65,10.43,-1.73,3.55,46.71,73160,106970,90070,0.092
2861,FRMM,Technology,Software - Application,NASDAQ,89.89,51.49,83.28,16.38,85.81,41.69,71.02,20.06,124.72,86.89,39.26,5.68,4.48,-7.25,-11.11,-1.97,-16.57,-28.89,24.89,63750917.83300018,13198948.0,0.3752,-83.44,133000,1.16,4.66,-3.86,4.73,-5.29,4.77,-6.08,5.3,-15.47,5.62,51.59,91400,114656,141108,
2862,CKX,Energy,Oil & Gas E&P,NYSE ARCA,89.89,51.49,94.57,47.8,89.67,49.97,92.62,52.88,94.1,54.79,91.02,47.23,10.43,-1.88,-3.6,-4.31,-3.43,10.14,67.21,21824761.504961967,2053129.0,0.003,-16.16,4800,1.39,10.47,-0.38,10.54,-1.04,10.71,-2.61,10.82,-3.6,2.58,59.42,3020,3453,3820,0.238
2863,CPK,Utilities,Utilities - Regulated Gas,NYSE,89.88,51.44,96.0,55.54,92.06,59.38,94.46,57.77,95.07,56.59,88.47,39.46,127.75,0.29,-0.79,-1.03,-3.52,4.44,59.78,3216942597.5959167,25254692.0,0.050100002,-9.29,70600,0.4,127.62,0.1,127.37,0.3,128.69,-0.73,131.15,-2.59,2.29,3.07,168080,178226,172862,0.047
2864,JXG,Consumer Cyclical,Apparel Manufacturing,NASDAQ,89.88,51.44,83.93,17.42,78.3,29.49,111.92,81.09,170.48,96.11,44.99,7.06,7.15,-7.14,3.32,-20.11,2.29,-24.18,27.92,92861050.59976101,12059877.0,0.0002,-54.6,6900,0.29,7.39,-3.25,7.45,-4.03,7.46,-4.16,7.75,-7.74,13.59,32.94,32160,23920,32742,1.667
2865,CEPV,Financial Services,Shell Companies,NASDAQ,89.88,51.44,96.53,58.08,90.02,51.62,91.75,48.86,91.17,47.99,87.34,35.74,10.23,-0.63,-1.3,-1.59,-1.68,-0.15,51.03,327119098.78730774,31790000.0,0.0002,-2.57,277000,19.59,10.26,-0.29,10.29,-0.58,10.32,-0.87,10.36,-1.25,0.17,58.33,39550,14140,9722,
2866,BCDA,Healthcare,Biotechnology,NASDAQ,89.85,51.39,97.16,60.99,74.94,25.91,81.89,30.07,53.35,11.78,70.03,19.32,1.04,0.0,-0.95,-3.7,35.06,-19.38,31.5,15744332.702501297,15138782.0,0.0651,-42.22,101900,0.36,1.07,-2.8,1.05,-0.95,1.09,-4.59,1.05,-0.95,5.29,36.36,131950,284186,276482,
2867,BUI,Financial Services,Asset Management,NYSE,89.85,51.39,97.52,63.2,85.76,41.55,92.42,52.12,98.69,62.17,98.95,60.42,25.99,4.5,4.17,-1.38,-4.02,3.7,58.73,660269250.290659,26548823.0,0.0022,-15.62,67410,0.79,25.35,2.52,25.08,3.63,25.34,2.57,26.17,-0.69,1.76,93.92,104091,85467,80610,
2868,OSW,Consumer Cyclical,Leisure,NASDAQ,89.84,51.36,97.45,62.69,85.87,41.82,87.31,37.76,108.37,74.8,113.73,77.6,23.74,0.51,3.58,9.2,-8.52,9.6,66.7,2397399662.621109,101498712.0,0.0789,-18.83,366600,0.38,23.35,1.67,23.15,2.55,22.63,4.9,24.15,-1.7,2.72,37.19,744610,965296,947372,0.085
2869,BGT,Financial Services,Asset Management,NYSE,89.84,51.36,95.85,54.71,91.39,57.52,95.77,60.22,89.18,40.35,88.0,37.3,10.38,-0.57,-1.05,-4.5,-1.3,1.18,53.12,311370064.28504944,29824720.0,0.015,-15.47,101011,0.75,10.36,0.19,10.41,-0.29,10.56,-1.7,10.71,-3.08,1.45,54.93,153761,135340,132332,-0.079
2870,GDOT,Financial Services,Credit Services,NYSE,89.83,51.34,95.88,54.88,84.66,39.64,95.29,59.45,101.58,66.29,104.86,68.85,12.61,0.88,2.94,-4.9,-3.81,-2.93,47.68,712314737.5,56985179.0,0.0298,-8.29,179200,0.48,12.52,0.72,12.44,1.37,12.77,-1.25,13.1,-3.74,2.37,23.39,375370,373123,377006,0.183
2871,DWSN,Energy,Oil & Gas Equipment & Services,NASDAQ,89.82,51.32,77.24,9.57,92.03,59.29,110.81,80.14,189.16,97.06,138.58,88.38,2.59,-6.16,-10.38,-22.92,-43.82,52.35,88.91,85713505.38383055,31055618.0,0.0442,-67.01,192500,2.26,2.66,-2.63,2.73,-5.13,2.94,-11.9,3.39,-23.6,7.75,64.77,111750,85173,126568,0.818
2872,CEPF,Financial Services,Shell Companies,NASDAQ,89.81,51.29,97.21,61.26,89.1,48.45,91.18,46.2,90.72,45.87,87.8,36.74,10.27,0.0,-0.29,-0.82,-1.34,-0.48,50.69,586930526.1611938,57150000.0,0.0001,-3.75,551300,4.64,10.28,-0.1,10.28,-0.1,10.31,-0.39,10.35,-0.77,0.19,-0.0,172490,118883,87306,
2873,BG,Consumer Defensive,Farm Products,NYSE,89.81,51.29,88.4,25.78,98.34,69.88,105.48,74.36,108.43,74.91,119.86,81.46,102.73,-3.74,-5.75,-16.08,-1.61,16.49,72.87,20502953041.080414,192119123.0,0.0505,-23.83,1668000,0.87,106.14,-3.21,106.82,-3.83,111.38,-7.77,112.83,-8.95,2.98,3.59,1649680,1918433,1681538,0.883
2874,CHOW,Technology,Software - Infrastructure,NYSE ARCA,89.8,51.25,104.45,86.56,107.12,79.71,58.36,12.11,39.34,6.38,24.18,2.58,0.56,0.0,-16.17,24.44,54.7,-38.86,19.65,19874400.084614754,35490000.0,0.0401,-95.35,23500,0.04,0.56,0.0,0.57,-1.75,0.57,-1.75,0.49,14.29,10.1,8.84,116230,595383,8253430,-0.126
2875,MOD,Consumer Cyclical,Auto Parts,NYSE,89.8,51.25,90.06,30.2,95.5,65.52,87.57,38.26,137.25,91.34,199.74,96.09,181.56,1.89,-8.34,-4.09,-6.37,32.5,82.84,9464684403.512878,53112708.0,0.0644,-43.83,714600,0.54,185.14,-1.93,183.91,-1.28,186.95,-2.88,190.31,-4.6,5.98,19.45,1519280,1315133,1325298,0.28
2876,APG,Industrials,Engineering & Construction,NYSE,89.8,51.25,100.47,79.01,88.08,46.24,85.98,35.57,92.33,51.24,127.83,84.96,40.32,-0.4,4.84,6.5,2.86,2.18,55.12,17493848624.732716,432160297.0,0.0298,-19.34,2082900,0.6,40.51,-0.47,39.88,1.1,38.63,4.37,40.06,0.65,2.52,48.32,2875550,3482416,3067954,0.133
2877,GLO,Financial Services,Asset Management,NYSE ARCA,89.79,51.2,96.91,59.97,88.16,46.43,93.88,56.44,98.8,62.4,100.15,62.48,5.48,1.11,1.86,-1.52,-4.05,4.98,60.65,231792926.5028038,42766222.0,0.0023999999,-11.33,156403,1.31,5.44,0.74,5.4,1.48,5.42,1.11,5.62,-2.49,1.94,55.83,132130,119046,112996,-0.066
2878,AIG,Financial Services,Insurance - Diversified,NYSE,89.79,51.2,99.82,77.07,86.78,43.83,89.13,41.15,89.94,42.48,91.51,48.04,77.04,2.82,3.87,2.95,-1.7,-9.14,40.01,39180385312.74433,522893169.0,0.0233,-11.74,5032700,1.04,76.0,1.37,75.28,2.34,75.25,2.38,75.9,1.5,1.94,11.4,5828600,4824613,4089372,0.005
2879,FVR,Real Estate,REIT - Diversified,NYSE,89.79,51.2,86.78,22.41,99.52,71.4,104.24,72.94,133.8,90.4,112.48,76.57,16.6,-0.48,-5.86,-9.02,-17.1,15.78,72.26,407925303.50336456,24455953.0,0.025799999,-25.53,180500,0.9,16.44,0.97,16.61,-0.06,17.2,-3.49,18.45,-10.03,3.83,125.96,293940,199506,210780,0.015
2880,SBCF,Financial Services,Banks - Regional,NASDAQ,89.78,51.15,93.33,41.59,94.09,63.16,98.9,65.21,98.91,62.56,100.88,63.35,31.74,-2.88,-3.91,-6.07,-7.68,-0.34,50.86,3164175669.5480347,96823000.0,0.0631,-12.49,503900,0.6,32.08,-1.06,32.2,-1.43,32.85,-3.38,33.82,-6.15,1.96,22.53,892540,833700,843860,0.383
2881,AUB,Financial Services,Banks - Regional,NYSE,89.78,51.15,92.82,39.37,92.67,60.68,99.06,65.52,109.31,75.74,107.71,72.19,37.8,-2.63,-2.53,-4.83,-9.81,6.4,62.84,5544074219.136353,142814896.0,0.0773,-13.34,856200,0.67,37.96,-0.42,38.16,-0.94,38.64,-2.17,40.21,-5.99,1.82,43.7,1177040,1283160,1085458,0.358
2882,SJT,Energy,Oil & Gas E&P,NYSE,89.78,51.15,123.23,96.41,74.21,24.87,66.37,16.91,44.69,8.01,69.29,18.79,3.8,1.06,11.11,18.75,47.86,-28.44,25.22,175249076.27550387,46608797.0,0.028499998,-41.98,562100,1.53,3.78,0.53,3.74,1.6,3.42,11.11,3.04,25.0,6.2,21.21,520190,366230,306606,-0.938
2883,COYA,Healthcare,Biotechnology,NASDAQ,89.77,51.12,99.59,76.29,85.91,41.96,76.77,24.8,80.0,29.75,85.1,32.65,4.95,2.91,-2.56,13.01,21.32,-7.65,41.64,112832252.34773111,23457849.0,0.0511,-36.13,151800,1.12,4.91,0.81,4.91,0.81,4.88,1.43,4.77,3.77,5.01,40.29,110490,134963,128764,0.49
2884,NWAX,Financial Services,Shell Companies,NYSE,89.76,51.1,97.3,61.89,88.36,46.78,90.3,43.67,89.3,40.59,86.94,35.19,10.05,-0.25,-0.25,-0.79,-0.94,,,501485984.8022461,49800000.0,0.0014,-3.27,134800,0.63,10.05,0.0,10.06,-0.1,10.08,-0.3,10.13,-0.79,0.17,59.57,198890,214910,143112,
2885,CECO,Industrials,Pollution & Treatment Controls,NASDAQ,89.75,51.09,85.84,20.55,97.72,69.01,109.46,78.62,141.9,92.39,153.84,91.77,65.82,-10.64,-10.45,-15.98,0.43,9.17,66.3,4314253892.289124,58569830.0,0.0377,-34.99,857400,1.15,70.59,-6.76,71.1,-7.43,71.61,-8.09,72.44,-9.14,5.84,42.9,753570,743283,794944,0.537
2886,COLB,Financial Services,Banks - Regional,NASDAQ,89.74,51.07,91.95,35.84,94.22,63.36,97.84,63.49,113.42,79.7,106.85,71.07,28.37,-1.9,-4.28,-5.78,-8.11,1.43,53.56,8181533612.14373,282902268.0,0.0375,-15.77,1598500,0.56,28.58,-0.73,28.69,-1.12,29.23,-2.94,30.1,-5.75,2.16,29.37,2701900,2874340,2803488,0.351
2887,SID,Basic Materials,Steel,NYSE,89.73,51.05,111.8,92.67,84.22,38.62,87.24,37.6,59.66,14.8,77.04,24.5,1.28,10.34,16.36,0.79,26.73,-21.95,29.68,1538268934.2568393,1326093947.0,0.0054,-41.82,6286500,0.68,1.24,3.23,1.17,9.4,1.17,9.4,1.08,18.52,6.14,38.18,11938640,9258076,7115538,0.057
2888,RGCO,Utilities,Utilities - Regulated Gas,NASDAQ,89.72,51.04,99.21,75.16,85.14,40.37,86.25,36.05,109.85,76.44,93.37,51.72,22.29,2.25,4.75,4.55,3.39,1.49,53.67,227146312.85050964,10419556.0,0.0149,-20.36,18100,1.32,21.99,1.36,21.77,2.39,21.5,3.67,21.62,3.1,2.77,42.08,13600,13746,15054,-0.009
2889,FSK,Financial Services,Asset Management,NYSE,89.71,51.02,94.74,48.8,92.24,59.77,93.12,54.59,78.08,27.66,66.29,16.7,10.84,-1.19,-3.64,-5.36,6.56,-15.81,34.5,3031452945.3908157,276340280.0,0.0511,-33.54,2214100,1.21,10.84,0.0,10.95,-1.0,11.19,-3.13,11.41,-5.0,2.4,15.35,2223500,1830033,2015274,-0.271
2890,PC,Industrials,Specialty Business Services,NASDAQ,89.7,51.0,97.98,66.51,90.32,53.26,95.34,59.54,100.48,64.78,103.34,66.87,9.4,0.0,0.0,0.0,0.0,0.0,51.33,30497781.762342453,3244445.0,,-29.06,0,,9.4,0.0,9.4,0.0,9.4,0.0,9.4,0.0,,,0,0,0,-0.079
2891,JJSF,Consumer Defensive,Packaged Foods,NASDAQ,89.7,51.0,99.72,76.8,85.99,42.11,88.27,39.34,77.86,27.45,69.11,18.67,81.13,3.68,4.67,-1.65,6.58,-9.16,39.94,1461835826.0,18681608.0,0.16360001,-17.74,235100,1.15,79.96,1.46,78.7,3.09,79.05,2.63,83.13,-2.41,2.12,24.43,224290,205206,221856,-0.062
2892,QRHC,Industrials,Waste Management,NASDAQ,89.68,50.97,98.8,73.6,88.7,47.67,83.87,32.56,80.83,30.56,56.23,11.1,1.38,0.73,0.73,0.73,4.55,-32.68,22.85,28897212.820578575,21092856.0,0.0045,-42.74,14800,0.83,1.38,0.0,1.37,0.73,1.38,0.0,1.4,-1.43,4.61,31.46,14000,17880,23710,0.076
2893,CHNR,Basic Materials,Other Industrial Metals & Mining,NASDAQ,89.67,50.95,98.18,68.62,85.97,42.05,94.93,58.73,76.74,26.5,88.88,41.03,3.99,3.37,-2.21,0.25,6.97,-2.68,48.05,4849657.548199654,1256388.0,0.0054,-51.34,12800,2.63,3.97,0.5,3.95,1.01,3.89,2.57,3.96,0.76,5.5,-0.0,3790,4863,7956,
2894,EAF,Industrials,Electrical Equipment & Parts,NYSE,89.66,50.94,116.53,94.66,126.04,90.29,67.7,17.73,57.88,13.86,61.27,13.42,9.11,-3.5,-17.85,38.45,40.37,-42.78,17.67,245892014.0298729,26047884.0,0.0684,-55.17,329800,0.51,8.95,1.79,9.0,1.22,8.97,1.56,7.89,15.46,11.05,36.75,547950,652760,483904,-0.034
2895,UMBFO,Financial Services,Banks - Regional,NASDAQ,89.65,50.9,96.61,58.47,89.51,49.31,91.35,46.74,93.32,53.4,90.32,45.7,25.28,-0.39,-0.61,-0.38,-2.2,-0.41,50.78,,,1.88,-8.41,6167,0.18,25.31,-0.12,25.4,-0.47,25.42,-0.55,25.76,-1.86,1.24,9.56,77636,33972,24161,0.122
2896,TBLD,Financial Services,Asset Management,NASDAQ,89.65,50.9,94.54,47.65,89.88,50.86,95.62,60.04,96.53,58.79,105.58,69.78,20.46,1.24,-0.07,-4.3,-5.29,7.81,64.56,648374826.0581589,32081883.0,0.1,-11.12,34972,0.47,20.23,1.14,20.24,1.09,20.51,-0.24,21.41,-4.44,1.55,50.56,65577,74259,62733,
2897,DASH,Consumer Cyclical,Internet Retail,NASDAQ,89.65,50.9,95.9,55.02,88.64,47.51,101.89,69.98,79.25,29.06,77.67,24.95,196.5,3.89,1.62,-2.7,-0.52,-16.34,34.04,81958302138.90927,433297937.0,0.0401,-31.17,2332400,0.6,192.97,1.83,188.52,4.23,191.88,2.41,206.24,-4.72,3.87,90.22,3866100,3897070,4176038,0.356
2898,NCNO,Technology,Software - Application,NASDAQ,89.64,50.87,96.68,58.94,93.92,62.9,103.27,71.8,72.59,23.4,67.02,17.14,19.73,5.62,1.65,-7.15,7.34,-24.14,27.96,1975151762.5881195,105736174.0,0.18370001,-28.25,1798200,0.8,19.38,1.81,18.96,4.06,19.9,-0.85,20.45,-3.52,4.54,14.5,2107980,2253146,2365220,0.082
2899,COMP,Real Estate,Real Estate Services,NYSE,89.63,50.85,89.98,29.98,88.0,46.06,105.52,74.4,140.63,92.17,81.95,29.11,9.39,1.84,0.11,-10.66,-18.06,-12.41,37.1,7077683693.583231,767644630.0,0.060399998,-32.71,10618800,0.69,9.34,0.54,9.2,2.07,9.62,-2.39,10.85,-13.46,4.71,26.01,16919930,15484913,13517326,1.09
2900,SQM,Basic Materials,Specialty Chemicals,NYSE,89.62,50.84,88.34,25.63,94.44,63.62,99.18,65.66,99.46,63.23,159.59,92.65,63.91,-0.95,-4.46,-8.54,-4.82,-6.19,43.17,18429350413.292847,285637808.0,2.42,-34.79,558300,0.6,65.01,-1.69,64.98,-1.65,67.13,-4.8,71.15,-10.18,2.58,20.6,788860,937783,930026,1.367
2901,MTG,Financial Services,Insurance - Specialty,NYSE,89.6,50.82,91.49,34.24,91.61,57.92,104.21,72.92,99.05,62.75,96.9,57.76,27.43,1.78,-3.69,-10.77,-9.42,-5.94,43.55,5528114594.497833,205124840.0,0.059499998,-13.99,1781100,0.74,27.37,0.22,27.26,0.62,28.49,-3.72,29.83,-8.05,2.84,5.14,2992940,2397126,2064032,-0.029
2902,FIBK,Financial Services,Banks - Regional,NASDAQ,89.59,50.8,90.78,32.14,95.15,64.79,98.33,64.19,111.63,78.15,100.59,62.92,34.52,-4.11,-6.48,-6.5,-9.14,-0.65,50.5,3430965852.0,95304607.0,0.1611,-14.98,750400,0.62,35.07,-1.57,35.52,-2.82,36.24,-4.75,37.06,-6.85,2.01,-0.0,1207490,1218256,1107392,0.074
2903,MXE,Financial Services,Asset Management,NYSE,89.56,50.77,94.04,44.93,92.35,60.05,96.66,61.69,96.0,58.07,111.52,75.92,12.59,2.15,-3.19,-5.52,-3.86,2.32,55.44,54210573.53716278,4400209.0,1.47,-11.96,8454,2.41,12.56,0.24,12.55,0.32,12.88,-2.25,13.2,-4.62,2.9,117.81,4755,3501,3413,-0.055
2904,MCHPP,Technology,Semiconductors,NASDAQ,89.56,50.77,95.69,54.06,96.27,66.6,90.41,43.96,97.77,60.71,110.21,74.67,64.68,-6.36,-3.64,1.63,1.43,11.6,68.64,,,0.03,-26.5,5165,0.02,66.92,-3.35,67.12,-3.64,65.13,-0.69,65.03,-0.54,2.93,44.92,105296,233835,200747,0.38
2905,RILYP,Financial Services,Financial Conglomerates,NASDAQ,89.56,50.77,73.2,7.0,116.81,86.57,155.63,95.41,162.7,95.49,179.4,94.85,9.3,-7.23,-18.56,-26.42,-25.88,69.4,92.17,,,0.51,-46.92,6200,0.66,9.44,-1.48,9.83,-5.39,11.06,-15.91,12.24,-24.02,5.74,44.93,12930,9403,9016,0.104
2906,DFIN,Technology,Software - Application,NYSE,89.55,50.73,99.25,75.34,96.86,67.53,97.27,62.8,82.32,32.21,90.05,44.99,48.46,4.08,-0.94,1.06,3.04,4.76,60.22,1144695466.2428856,24585383.0,0.0531,-13.86,202400,0.85,49.26,-1.62,48.22,0.5,48.32,0.29,48.37,0.19,3.31,34.94,225350,239123,227982,0.028
2907,ASG,Financial Services,Asset Management,NYSE,89.55,50.73,97.02,60.51,90.87,55.75,90.78,44.88,92.79,52.36,93.23,51.47,5.08,0.0,-0.39,0.79,-0.39,1.25,53.29,323685794.29872704,63717677.0,0.00029999999,-10.72,278050,1.04,5.12,-0.78,5.09,-0.2,5.06,0.4,5.18,-1.93,1.27,54.44,283475,267041,245307,-0.011
2908,WMT,Consumer Defensive,Discount Stores,NASDAQ,89.54,50.7,101.37,81.52,85.43,41.02,83.92,32.66,91.17,47.99,107.28,71.6,111.35,6.8,3.12,3.92,0.46,-0.48,50.69,827172400034.9705,7933746241.0,0.0183,-17.62,11832600,0.53,108.47,2.66,107.03,4.04,107.59,3.49,108.43,2.69,2.07,61.66,21196230,22202533,24350156,0.059
2909,OMSE,Energy,Oil & Gas Equipment & Services,NASDAQ,89.53,50.69,97.62,63.86,91.75,58.48,86.68,36.62,84.35,34.37,79.5,26.83,4.42,0.68,1.38,-1.78,4.74,-0.11,51.06,186349804.89248657,42448704.0,0.00090000004,-37.75,10100,0.38,4.42,0.0,4.42,0.0,4.39,0.68,4.46,-0.9,4.06,16.73,17700,26816,27116,-0.017
2910,TLN,Utilities,Utilities - Independent Power Producers,NASDAQ,89.51,50.67,115.63,94.43,71.12,21.68,79.25,27.2,94.46,55.51,98.99,60.55,378.57,18.02,24.36,21.05,13.84,-0.07,51.15,15172420480.34668,47300000.0,0.0633,-15.84,1249900,1.27,364.22,3.94,339.6,11.48,316.66,19.55,321.82,17.63,4.72,89.61,1427960,980476,935330,1.112
2911,SCHW,Financial Services,Capital Markets,NYSE,89.5,50.65,92.03,36.08,94.52,63.8,105.18,74.1,98.18,61.35,89.28,42.45,96.7,0.0,-2.35,-9.84,-7.04,-3.7,46.63,167226758266.28622,1729335714.0,0.01,-15.57,6499800,0.8,96.78,-0.08,97.41,-0.73,100.8,-4.07,105.52,-8.36,2.25,15.14,7057360,8114433,7775224,0.209
2912,CLWT,Industrials,Pollution & Treatment Controls,NASDAQ,89.49,50.64,88.21,25.41,91.17,56.94,110.83,80.19,107.96,74.33,89.56,43.38,1.36,1.49,-0.73,-13.92,-11.69,11.48,68.53,9931362.0073843,7411464.0,0.0023999999,-49.25,11400,0.83,1.31,3.82,1.34,1.49,1.43,-4.9,1.53,-11.11,4.57,96.55,14840,13763,16848,-0.092
2913,DFDV,Financial Services,Asset Management,NASDAQ,89.48,50.62,94.22,45.94,128.01,91.03,102.41,70.67,32.97,4.69,45.41,7.24,4.51,-14.1,-25.33,-11.22,69.55,-19.61,31.26,171259147.5,32620790.0,0.191,-75.33,1458600,0.59,4.85,-7.01,5.14,-12.26,5.35,-15.7,4.57,-1.31,11.34,3.91,2126590,2452180,1962530,0.669
2914,GLV,Financial Services,Asset Management,NYSE ARCA,89.46,50.6,95.19,51.32,90.1,52.06,95.05,58.94,102.0,66.9,99.44,61.3,5.81,0.28,-0.58,-3.42,-5.95,5.59,61.37,71852069.88660812,12409684.0,0.0017,-12.63,16728,0.52,5.79,0.35,5.79,0.35,5.85,-0.68,6.0,-3.17,1.44,83.76,29732,32100,39540,-0.22
2915,LYFT,Technology,Software - Application,NASDAQ,89.45,50.58,102.53,84.04,80.99,32.91,91.0,45.59,87.18,37.54,80.99,28.24,16.22,4.92,9.12,5.87,4.31,-18.7,32.04,5852232263.980165,378540249.0,0.2021,-36.49,7954600,0.82,15.89,2.08,15.51,4.58,15.37,5.53,16.27,-0.31,2.8,41.89,8976970,9647583,10268908,0.161
2916,SAAQU,Financial Services,Shell Companies,NASDAQ,89.45,50.58,96.53,58.08,87.9,45.81,90.65,44.52,90.93,46.88,88.89,41.05,10.19,0.2,-0.49,-1.74,-2.58,,,,,1.08,-6.51,100,0.05,10.19,0.0,10.19,0.0,10.23,-0.39,10.33,-1.36,0.15,0.0,2640,2010,1556,
2917,CALY,Consumer Cyclical,Leisure,NYSE,89.44,50.55,86.48,21.71,95.34,65.27,106.43,75.42,148.66,93.62,138.11,88.28,13.67,-5.4,-5.33,-11.58,-26.23,15.65,72.18,2597496751.063966,179757563.0,0.048299998,-32.59,1923500,0.93,14.0,-2.36,14.13,-3.26,14.49,-5.66,15.65,-12.65,2.65,13.81,2093950,2074436,1996794,0.02
2918,EFR,Financial Services,Asset Management,NYSE,89.43,50.54,97.4,62.48,89.02,48.29,90.66,44.57,89.26,40.5,86.01,33.71,10.31,-0.48,0.1,-0.39,-1.63,-1.0,50.03,305864672.34387016,29523618.0,0.29,-10.74,94726,0.88,10.3,0.1,10.33,-0.19,10.33,-0.19,10.43,-1.15,1.27,26.7,115132,107324,127066,-0.214
2919,XYF,Financial Services,Credit Services,NYSE,89.4,50.52,100.56,79.33,93.26,61.65,84.07,32.78,64.5,17.78,46.34,7.73,5.15,4.25,-2.09,-0.19,8.07,-5.87,43.63,182450889.43334484,36933378.0,0.005,-65.34,24100,0.34,5.11,0.78,5.11,0.78,5.1,0.98,5.1,0.98,4.36,35.67,49640,71410,62922,-0.563
2920,DCI,Industrials,Specialty Industrial Machinery,NYSE,89.39,50.5,95.88,54.88,90.87,55.75,94.42,57.68,97.67,60.61,98.71,60.16,86.93,-1.94,-0.55,-2.6,-5.87,-5.19,44.42,10275433112.71482,115910129.0,0.0307,-22.96,492600,0.74,88.13,-1.36,87.89,-1.09,87.37,-0.5,90.98,-4.45,1.89,9.76,610050,662386,658788,0.08
2921,SELF,Real Estate,REIT - Specialty,NASDAQ,89.39,50.5,93.56,42.7,91.19,57.04,93.22,54.87,90.25,43.81,94.02,52.85,4.9,1.03,-2.97,-2.71,-2.32,3.36,57.94,55393885.91076851,11421420.0,0.0016,-14.78,20600,0.56,4.9,0.0,4.89,0.2,4.96,-1.21,5.12,-4.3,2.24,18.18,46650,36956,35760,0.006
2922,SMP,Consumer Cyclical,Auto Parts,NYSE,89.38,50.46,95.45,52.76,89.54,49.42,90.49,44.21,97.74,60.68,102.08,65.1,36.67,-2.27,-2.71,-3.63,-4.36,-0.56,50.61,835318238.2713203,22263279.0,0.0626,-20.28,90100,0.5,37.13,-1.24,37.29,-1.66,37.4,-1.95,38.16,-3.9,2.28,8.38,112380,181050,167424,0.016
2923,PSA,Real Estate,REIT - Industrial,NYSE,89.38,50.46,95.2,51.38,90.72,55.22,91.28,46.46,100.24,64.49,96.65,57.37,289.86,2.13,0.66,-1.24,-7.75,14.21,70.84,53030549387.76764,186852295.0,0.0429,-13.62,988400,1.08,284.98,1.71,284.59,1.85,288.85,0.35,303.56,-4.51,1.84,89.97,952230,918456,851900,0.033
2924,EVG,Financial Services,Asset Management,NYSE,89.36,50.42,98.15,68.32,85.8,41.67,90.45,44.09,92.34,51.29,91.01,47.19,10.31,2.69,3.31,-0.26,-0.44,1.18,53.12,135107335.72665977,13456906.0,2.36,-9.08,24133,0.58,10.14,1.68,10.04,2.69,10.11,1.98,10.35,-0.39,2.11,12.06,53873,41794,44378,-0.163
2925,ADSK,Technology,Software - Application,NASDAQ,89.36,50.42,104.62,86.91,78.5,29.64,78.75,26.8,72.78,23.55,79.67,27.0,235.35,11.01,12.39,10.81,0.16,-21.67,29.99,44308000000.0,209000000.0,0.044499997,-27.85,1776700,0.77,231.37,1.72,219.95,7.0,219.03,7.45,233.48,0.8,3.09,25.17,2154940,2295330,2102418,0.161
2926,DMA,Financial Services,Asset Management,NYSE,89.36,50.42,97.36,62.21,90.86,55.69,92.71,53.35,86.73,37.1,85.35,32.79,7.48,0.54,-1.58,-2.0,2.22,-7.15,42.22,66686498.67288065,8963239.0,0.0033000002,-18.25,3131,0.23,7.48,0.0,7.5,-0.27,7.52,-0.53,7.47,0.13,1.64,24.42,6983,13781,17244,
2927,ZWS,Industrials,Pollution & Treatment Controls,NYSE,89.35,50.38,97.46,62.76,87.7,45.43,88.83,40.59,98.54,61.97,106.26,70.53,46.57,-2.31,-0.17,0.84,-6.88,-2.67,48.08,7906741200.283768,165864097.0,0.0399,-15.33,729300,0.82,47.03,-0.98,47.0,-0.91,46.63,-0.13,48.21,-3.4,2.31,37.14,873050,892856,837912,0.105
2928,BAC,Financial Services,Banks - Diversified,NYSE,89.35,50.38,90.04,30.11,94.82,64.29,109.46,78.62,109.1,75.56,101.88,64.7,54.32,1.06,-4.2,-13.35,-11.55,-1.23,49.75,375860224618.75,6992748365.0,0.0,-16.73,28737700,0.77,53.91,0.76,54.19,0.24,56.2,-3.35,59.91,-9.33,1.87,89.53,36982510,37302966,33403522,0.168
2929,CHH,Consumer Cyclical,Lodging,NYSE,89.33,50.36,100.14,77.97,86.59,43.36,86.27,36.09,87.24,37.56,97.41,58.4,105.64,3.06,4.05,9.47,-5.12,10.31,67.36,4613383755.0,45008622.0,0.2951,-14.68,369400,0.65,103.32,2.25,103.02,2.54,100.73,4.87,103.44,2.13,3.08,49.86,546880,569756,541422,0.071
2930,FTHY,Financial Services,Asset Management,NYSE,89.31,50.33,96.72,59.14,88.46,47.07,90.62,44.44,91.79,49.95,90.4,45.94,12.82,1.67,-0.42,-0.42,-3.02,0.17,51.7,463707378.66499615,36772989.0,0.0034,-11.1,68097,0.55,12.72,0.79,12.7,0.94,12.79,0.23,13.01,-1.46,1.1,78.22,138489,124816,113531,
2931,PNFP,Financial Services,Banks - Regional,NYSE,89.31,50.33,94.09,45.21,89.25,48.7,96.35,61.23,95.65,57.56,89.45,43.0,93.99,-2.19,-1.03,-5.32,-9.93,-6.05,43.37,14520413024.208984,151112640.0,0.0373,-14.81,590800,0.54,94.78,-0.83,94.52,-0.56,95.56,-1.64,99.98,-5.99,2.49,23.52,1257470,1093393,1020742,1.37
2932,AMBR,Financial Services,Asset Management,NASDAQ,89.29,50.31,136.02,97.65,84.78,39.84,52.27,9.62,44.84,8.07,60.93,13.24,1.88,3.87,1.08,74.07,32.39,6.21,62.57,170638198.91552687,94275251.0,0.0067000003,-44.21,107300,0.11,2.02,-6.93,1.92,-2.08,1.74,8.05,1.4,34.29,11.83,4.5,155970,972030,597100,-0.336
2933,PRPO,Healthcare,Diagnostics & Research,NASDAQ,89.25,50.28,89.5,28.46,92.02,59.24,108.11,77.14,100.6,64.93,189.16,95.64,23.12,-0.04,-2.24,-15.37,9.11,0.09,51.57,41407046.93761444,1790188.0,0.045300003,-31.25,22200,0.18,23.46,-1.45,23.45,-1.41,24.8,-6.77,25.51,-9.37,5.31,12.79,51460,124800,124584,0.242
2934,SIM,Basic Materials,Steel,NYSE ARCA,89.25,50.28,97.64,64.0,86.66,43.56,80.59,28.58,92.09,50.63,97.7,58.8,28.7,2.5,-0.52,8.71,4.36,10.38,67.47,4295631340.0,153415405.0,0.0001,-17.03,0,0.0,28.7,0.0,28.69,0.03,27.89,2.9,28.68,0.07,2.17,-0.0,4070,5566,15440,0.156
2935,CRS,Industrials,Metal Fabrication,NYSE,89.24,50.24,83.73,17.14,93.61,62.2,110.3,79.51,153.73,94.31,157.04,92.39,385.81,-0.68,-2.78,-12.95,-23.37,16.23,72.61,19252016194.516296,49558566.0,0.0368,-38.37,608600,0.75,390.4,-1.18,389.0,-0.82,399.58,-3.45,462.47,-16.58,3.09,24.85,714140,813626,726134,0.126
2936,AVGO,Technology,Semiconductors,NASDAQ,89.24,50.24,97.42,62.54,91.55,57.8,89.11,41.1,96.92,59.43,128.9,85.4,361.54,1.8,2.47,0.06,-6.61,6.47,63.0,1695306980182.3188,4773629865.0,0.0111,-26.96,16825700,0.65,367.3,-1.57,359.12,0.67,355.39,1.73,371.39,-2.65,2.85,4.27,22402260,25734833,23282582,0.855
2937,CGNT,Technology,Software - Infrastructure,NASDAQ,89.24,50.24,100.19,78.08,89.8,50.47,81.7,29.77,86.62,36.92,99.97,62.16,8.81,0.86,3.46,9.91,0.4,-8.56,40.59,645407363.2181664,73845238.0,0.0092,-28.43,611700,0.99,8.77,0.46,8.7,1.26,8.59,2.56,8.72,1.03,2.99,49.43,469100,617493,591458,0.12
2938,SKYW,Industrials,Airlines,NASDAQ,89.21,50.19,95.21,51.44,92.76,60.95,89.66,42.29,90.3,44.07,86.54,34.41,96.52,0.09,-5.64,0.4,-10.84,-7.63,41.68,3824440908.9333572,39660281.0,0.065799996,-18.01,181600,0.56,96.73,-0.22,97.43,-0.93,97.92,-1.43,101.03,-4.46,2.72,46.5,279590,326390,315378,0.065
2939,PRI,Financial Services,Insurance - Life,NYSE,89.21,50.19,93.79,43.75,91.52,57.77,99.85,66.81,104.56,70.33,94.28,53.37,275.29,-0.05,-0.11,-5.86,-14.51,6.85,63.44,8476698150.270081,30777350.0,0.0517,-15.89,182900,0.94,276.24,-0.34,275.51,-0.08,280.7,-1.93,293.77,-6.29,1.93,40.12,178870,193786,191222,0.087
2940,BGX,Financial Services,Asset Management,NYSE,89.21,50.19,97.58,63.57,88.36,46.78,89.33,41.6,87.13,37.48,86.48,34.31,10.55,0.09,-0.57,0.09,-0.09,-3.51,46.84,133945218.01521778,12708275.0,0.0004,-12.38,40659,0.54,10.56,-0.09,10.54,0.09,10.56,-0.09,10.61,-0.57,0.76,62.15,85045,75478,68043,
2941,SW,Consumer Cyclical,Packaging & Containers,NYSE,89.19,50.16,89.6,28.84,99.88,71.8,95.89,60.39,95.65,57.56,91.09,47.35,41.29,-2.94,-11.03,-4.47,-12.32,11.62,68.66,22313204986.535065,524522908.0,0.051999997,-21.58,2494500,0.57,41.77,-1.15,42.8,-3.53,43.99,-6.14,45.87,-9.98,2.84,50.37,4153500,4342273,4382408,0.011
2942,TVA,Financial Services,Shell Companies,NASDAQ,89.18,50.14,98.21,68.86,88.85,47.95,92.1,50.6,88.16,38.83,87.36,35.77,10.58,0.0,0.09,0.28,0.76,-0.09,51.11,317399997.71118164,30000000.0,0.0,-13.77,323100,0.81,10.58,0.0,10.58,0.0,10.57,0.09,10.55,0.28,0.11,0.0,77680,400846,251562,
2943,BBT,Financial Services,Banks - Regional,NYSE,89.17,50.11,89.53,28.6,91.11,56.74,102.51,70.82,102.03,66.99,115.02,78.38,27.19,-4.06,-3.55,-13.24,-10.34,2.77,56.47,2375347890.02932,83816086.0,0.0552,-17.18,662500,0.61,27.61,-1.52,27.8,-2.19,28.87,-5.82,30.42,-10.62,2.09,24.59,1108010,1083670,948856,1.445
2944,PAYX,Technology,Software - Application,NASDAQ,89.17,50.11,92.59,38.41,87.78,45.6,100.65,68.28,95.53,57.35,67.6,17.59,103.98,5.09,2.57,-10.21,-10.62,-6.41,42.94,35220708867.71295,355980473.0,0.0623,-19.55,1978900,0.61,102.16,1.78,100.77,3.19,106.98,-2.8,115.54,-10.01,2.99,2.9,3011920,3239850,2874600,0.059
2945,HLIT,Technology,Communication Equipment,NASDAQ,89.16,50.09,90.92,32.49,85.17,40.44,94.36,57.5,109.88,76.49,99.6,61.68,10.99,-1.61,-0.18,-8.42,-2.05,10.23,67.24,1218272198.9711094,109066445.0,0.0813,-37.84,1269400,0.89,11.15,-1.43,10.94,0.46,11.1,-0.99,11.7,-6.07,3.05,2.99,1380550,1427283,1541910,0.535
2946,CHSCP,Consumer Defensive,Farm Products,NASDAQ,89.15,50.06,98.08,67.45,86.56,43.3,87.55,38.18,88.37,39.06,91.32,47.68,26.1,-0.38,0.46,-0.12,-0.16,-0.98,50.07,,,0.14,-12.12,9810,0.57,26.06,0.15,26.08,0.08,26.08,0.08,26.13,-0.11,0.76,-0.0,19671,17323,15746,0.186
2947,FTEK,Industrials,Pollution & Treatment Controls,NASDAQ,89.15,50.06,99.92,77.29,83.16,36.53,98.46,64.44,78.52,28.13,73.07,21.39,1.65,-0.6,-4.07,-4.62,14.58,-1.79,49.1,51734312.299747586,31165249.0,0.0128,-52.17,114700,0.59,1.66,-0.6,1.66,-0.6,1.71,-3.51,1.56,5.77,7.36,24.71,101160,193600,173454,0.167
2948,FSCO,Financial Services,Asset Management,NYSE,89.15,50.06,98.12,67.88,89.37,48.98,92.7,53.25,77.08,26.83,75.0,22.67,5.02,-1.76,-1.76,-2.42,3.27,-9.01,40.15,1033597912.9559112,202269645.0,0.0101,-29.79,911820,0.9,5.0,0.4,5.06,-0.79,5.14,-2.33,5.08,-1.18,2.61,57.24,1199972,1016110,954634,
2949,FRME,Financial Services,Banks - Regional,NASDAQ,89.12,50.02,92.45,37.69,91.85,58.71,95.45,59.76,105.26,71.25,99.24,60.87,39.0,-2.86,-4.2,-5.13,-9.01,3.66,58.65,2521477229.2773666,62801423.0,0.043,-13.96,436000,0.85,39.46,-1.17,39.73,-1.84,40.34,-3.32,41.3,-5.57,1.86,23.42,553710,514803,446346,0.028
2950,SWX,Utilities,Utilities - Regulated Gas,NYSE,89.12,50.02,95.5,52.91,87.93,45.86,93.5,55.58,100.81,65.22,100.99,63.58,84.14,1.75,2.06,-2.29,-6.17,6.86,63.48,5990547761.439758,72445853.0,0.0398,-10.93,599500,0.82,83.25,1.07,82.63,1.83,83.77,0.44,87.29,-3.61,1.66,50.77,668830,729536,606150,-0.096
