Rank,Ticker,Sector,Industry,Exchange,Relative Strength,Percentile,Relative Strength Short Term,Short Term Percentile,Price,MarketCap,Float,ShortFloatPct,PctFrom52WkHigh,AvgVol10,AvgVol30,AvgVol50
1,RLMD,Healthcare,Biotechnology,NASDAQ,578.02,99,105.91,85,6.9,767796457.6856003,104890224.0,0.062800005,-13.75,903915,1161888,2143827
2,TRT,Technology,Semiconductor Equipment & Materials,NYSE ARCA,514.83,99,237.0,99,20.05,123491619.76587486,10015541.0,0.0043,4.97,1299748,2003016,1225661
3,MXL,Technology,Semiconductors,NASDAQ,514.48,99,304.77,99,92.34,8939373250.933548,89545959.0,0.0892,-8.85,5460002,5888307,3939830
4,LWLG,Basic Materials,Specialty Chemicals,NASDAQ,509.6,99,159.32,98,13.65,2474534011.262741,150610710.0,0.097799994,-25.33,11048590,10135573,8740768
5,LITE,Technology,Communication Equipment,NASDAQ,497.63,99,113.39,91,970.7,70315639050.29297,77800000.0,0.13949999,-4.93,7112361,6056380,6632196
6,AGL,Healthcare,Medical Care Facilities,NYSE,493.32,99,466.87,99,81.73,904761707.1427689,16683786.0,0.0963,7.19,846287,565862,422015
7,AEHR,Technology,Semiconductor Equipment & Materials,NASDAQ,489.79,99,170.4,99,99.5,3058199992.006485,31453254.0,0.1864,-4.17,2862168,4009046,3107027
8,HYMC,Basic Materials,Gold,NASDAQ,484.98,99,89.8,35,36.16,3511901376.9753075,91360601.0,0.17889999,-38.43,2489943,2218171,2852164
9,ANL,Healthcare,Biotechnology,NASDAQ,473.77,99,109.08,88,13.51,855204599.4438953,64397938.0,0.048899997,-21.68,170403,544437,408994
10,NBTX,Healthcare,Biotechnology,NASDAQ,473.0,99,154.36,98,51.5,2206060922.2781067,48495512.0,0.00029999999,12.95,120532,87254,82116
11,JLHL,Industrials,Building Products & Equipment,NASDAQ,472.84,99,277.95,99,23.26,407524008.0,21448632.0,0.001,-15.42,86816,181505,116307
12,BE,Industrials,Electrical Equipment & Parts,NYSE,464.41,99,135.78,96,275.95,74248382516.81848,284443868.0,0.0934,-8.92,9667559,10482009,10495769
13,CLYM,Healthcare,Biotechnology,NASDAQ,426.35,99,135.35,96,10.8,651052139.9570532,57260523.0,0.0519,-13.46,903866,830598,694593
14,PL,Industrials,Aerospace & Defense,NYSE,425.01,99,118.73,93,41.62,13913590698.127716,356393196.0,0.1359,-0.22,9467578,10675169,13872795
15,ABVX,Healthcare,Biotechnology,NASDAQ,415.74,99,89.61,34,114.53,9732200245.735748,79291188.0,0.0327,-23.05,904121,845650,960690
16,MRAM,Technology,Semiconductors,NASDAQ,414.92,99,262.5,99,37.57,632850097.8632755,23447577.0,0.040900003,35.98,8842220,3916396,2487044
17,BNAI,Technology,Software - Infrastructure,NASDAQ,403.3,99,72.15,6,22.34,145169904.8326664,6521559.0,0.1092,-74.11,346589,599533,669339
18,WDC,Technology,Computer Hardware,NASDAQ,396.96,99,129.97,95,482.02,165447422880.0,344682131.0,0.0892,-0.38,7950641,7597537,8199910
19,TNGX,Healthcare,Biotechnology,NASDAQ,393.54,99,100.11,77,20.56,3320457144.4488716,144242271.0,0.2827,-27.63,3259995,3097991,3262921
20,NUAI,Technology,Software - Infrastructure,NASDAQ,383.41,99,103.57,82,4.88,471671330.19532967,94523317.0,0.0892,-48.33,6915371,6687840,5445634
21,ANTX,Healthcare,Biotechnology,NASDAQ,377.99,99,178.15,99,4.75,160540132.07312107,35995545.0,0.0211,-31.26,258799,302183,1751561
22,NVTS,Technology,Semiconductors,NASDAQ,372.92,99,172.18,99,21.32,4253579799.508995,233713166.0,0.2801,7.73,39734586,35792318,30484867
23,ANRO,Healthcare,Biotechnology,NYSE,371.57,99,96.72,69,22.98,850379262.0829334,35052731.0,0.0748,-19.2,356961,319223,339038
24,SOGP,Communication Services,Internet Content & Information,NASDAQ,361.7,99,92.79,48,14.85,63029606.19231033,4174146.0,0.038900003,-59.86,15799,37213,60837
25,PRAX,Healthcare,Biotechnology,NASDAQ,359.5,99,100.88,78,342.58,9200552689.194641,27878774.0,0.1359,-3.77,412051,397413,413230
26,MU,Technology,Semiconductors,NASDAQ,356.06,99,150.35,98,724.66,842203063874.053,1127734051.0,0.0323,-3.02,56836826,45136385,47432789
27,ERAS,Healthcare,Biotechnology,NASDAQ,350.13,99,75.72,8,10.23,3146975590.932769,310965971.0,0.122600004,-57.87,4268070,8331766,7344480
28,CELC,Healthcare,Biotechnology,NASDAQ,349.23,99,109.61,88,137.68,6335004507.49054,48336675.0,0.2749,-8.83,1580323,1082937,958956
29,KOD,Healthcare,Biotechnology,NASDAQ,348.11,99,97.55,71,37.02,2566341760.3741646,62578441.0,0.26450002,-22.62,669923,722257,1174892
30,BAND,Technology,Software - Infrastructure,NASDAQ,345.11,99,229.42,99,53.97,1597343426.6881866,32017307.0,0.0399,7.94,1365630,1011696,768654
31,CIEN,Technology,Communication Equipment,NYSE,343.27,99,117.57,93,554.46,77501889751.70398,141398427.0,0.0523,-5.02,1892370,2257663,2689218
32,STX,Technology,Computer Hardware,NASDAQ,343.12,99,139.26,97,795.47,175490581583.48438,224228992.0,0.0431,-0.83,4542114,4420738,4059238
33,TSEM,Technology,Semiconductors,NASDAQ,340.47,99,137.28,97,273.98,25025116796.796295,118591206.0,0.0398,17.75,2678690,2573316,3103790
34,FCEL,Industrials,Electrical Equipment & Parts,NASDAQ,338.25,99,231.43,99,21.36,725796754.095274,52977866.0,0.0739,49.37,11976529,8192009,5436773
35,SPRB,Healthcare,Biotechnology,NASDAQ,336.0,99,79.78,13,53.78,152678763.5,2702279.0,0.1344,-93.58,37872,80784,64496
36,STTK,Healthcare,Biotechnology,NASDAQ,335.25,99,98.5,73,6.26,525261534.13717604,76680517.0,0.0185,-24.85,643862,511877,577036
37,ONDS,Technology,Communication Equipment,NASDAQ,331.05,99,100.51,78,10.62,4439755846.868654,490039254.0,0.3387,-30.5,75432298,60699272,71515535
38,VICR,Technology,Electronic Components,NASDAQ,327.28,99,129.72,95,273.67,11690263508.931366,45581407.0,0.1075,-6.9,1009168,900219,930027
39,DMRA,Healthcare,Biotechnology,NASDAQ,320.0,99,87.91,29,24.6,1456925592.71846,60303212.0,0.0186,-35.81,442443,302067,300962
40,SLGL,Healthcare,Biotechnology,NASDAQ,319.3,99,91.86,43,72.72,229959905.04075623,3245271.0,0.0182,-25.77,16701,40877,41870
41,SATL,Industrials,Aerospace & Defense,NASDAQ,318.1,99,162.37,98,9.84,1084353296.879376,143243497.0,0.11229999,17.84,10146774,10046934,10933228
42,DOCN,Technology,Software - Infrastructure,NYSE,316.43,99,164.62,98,154.87,17110507156.455795,104364181.0,0.1451,-6.01,5273908,4897482,4811055
43,INBX,Healthcare,Biotechnology,NASDAQ,314.1,99,115.38,92,108.64,1962488963.2557983,14607286.0,0.1958,-30.04,701098,576149,434157
44,RLYB,Healthcare,Biotechnology,NASDAQ,313.5,99,177.08,99,14.3,76065527.10535526,5289675.0,0.3198,-6.6,1213790,448716,311012
45,TROO,Financial Services,Credit Services,NASDAQ,312.96,99,123.06,94,4.18,505743070.9298582,122160166.0,0.028299998,-20.83,369712,293020,244000
46,STRO,Healthcare,Biotechnology,NASDAQ,310.97,99,142.27,97,38.97,666691800.6886482,16567887.0,0.045300003,-6.95,217289,252556,234213
47,HUT,Financial Services,Capital Markets,NASDAQ,310.2,99,153.01,98,102.47,11086016164.437012,112594112.0,0.17799999,-7.96,6546338,5381776,4875589
48,ROMA,Industrials,Consulting Services,NASDAQ,309.46,99,185.87,99,8.05,410399886.2372718,59564571.0,0.017,-31.61,40700,103496,412962
49,SLS,Healthcare,Biotechnology,NASDAQ,306.69,99,150.3,98,7.08,924508237.9761543,184532574.0,0.3083,15.31,8614175,5846645,6734531
50,RYDE,Technology,Software - Application,NYSE ARCA,306.25,99,140.96,97,0.99,171132750.42645884,166148306.0,0.018,-36.13,276117,1153755,991433
51,DGXX,Utilities,Utilities - Independent Power Producers,NASDAQ,305.88,99,253.62,99,7.54,482862994.52473354,72830013.0,0.0596,10.88,33876011,12718850,8427948
52,INTC,Technology,Semiconductors,NASDAQ,301.93,99,155.19,98,108.77,627847910797.1191,5026000000.0,0.0287,-16.7,154370166,144400308,122841379
53,OVID,Healthcare,Biotechnology,NASDAQ,301.73,99,110.39,89,2.63,484503958.5489466,173037131.0,0.0431,-15.3,2347062,2812360,3622842
54,VIAV,Technology,Communication Equipment,NASDAQ,301.4,99,121.42,94,51.43,11978421808.55095,233907870.0,0.0896,-14.89,5619584,6378911,6267138
55,PRLD,Healthcare,Biotechnology,NASDAQ,300.67,99,116.96,92,4.48,387064528.933475,79642905.0,0.1507,-19.13,470717,519615,399223
56,SYRE,Healthcare,Biotechnology,NASDAQ,299.05,99,128.84,95,74.92,6517001672.373917,86841253.0,0.1598,-1.42,1177441,1391903,1166848
57,OSS,Technology,Computer Hardware,NASDAQ,294.56,99,169.58,99,16.47,388378194.1189041,24769017.0,0.0618,-2.83,3633456,2004242,1925825
58,TLYS,Consumer Cyclical,Apparel Retail,NYSE,293.84,99,122.14,94,4.04,128661126.00327492,30488420.0,0.0582,-27.08,181828,356759,1736377
59,ASYS,Technology,Semiconductor Equipment & Materials,NASDAQ,293.47,99,137.83,97,21.08,311585397.8014221,14499088.0,0.0336,-11.8,373492,285917,241118
60,ORKA,Healthcare,Biotechnology,NASDAQ,293.12,98,112.55,90,61.93,3866157856.057434,59856914.0,0.1879,-31.95,1554603,2042037,1567742
61,AP,Industrials,Metal Fabrication,NYSE,286.69,98,115.79,92,10.85,247981941.92304897,20326389.0,0.0347,-11.72,170298,152239,221595
62,NRGV,Utilities,Utilities - Renewable,NYSE,285.3,98,151.66,98,5.93,788884297.6174183,174146636.0,0.1249,-6.61,6373425,4540155,4361453
63,OPTX,Technology,Electronic Components,NASDAQ,284.68,98,81.29,15,7.16,305356383.80091476,41715352.0,0.2633,-41.31,957034,1292694,1047964
64,NBIS,Communication Services,Internet Content & Information,NASDAQ,284.27,98,158.72,98,219.94,44952676022.5358,253898194.0,0.1989,11.14,20513843,17563494,18086576
65,IPSC,Healthcare,Biotechnology,NASDAQ,283.19,98,101.91,80,2.34,413011104.2500334,180354197.0,0.0614,-23.03,681548,931566,1241279
66,EVC,Communication Services,Advertising Agencies,NYSE,282.47,98,218.75,99,7.83,659000514.7559357,92039180.0,0.0124,-6.23,8330484,2982391,1976030
67,QUCY,Healthcare,Diagnostics & Research,NASDAQ,282.38,98,668.93,99,3.46,4543066.673629433,12515335.0,0.060700003,34.63,88793996,30526052,18574065
68,TTMI,Technology,Electronic Components,NASDAQ,282.16,98,133.03,96,167.35,16336652527.749817,103850059.0,0.051999997,-7.03,2250460,2213290,2036394
69,ICHR,Technology,Semiconductor Equipment & Materials,NASDAQ,280.25,98,122.47,94,73.27,2586118006.570282,34750310.0,0.0512,-2.76,1286149,927629,827681
70,POET,Technology,Semiconductors,NASDAQ,279.16,98,225.99,99,15.97,1672187424.7226534,152711183.0,0.081599995,3.03,75180119,53150049,35987205
71,XWIN,Consumer Cyclical,"Furnishings, Fixtures & Appliances",NASDAQ,278.67,98,105.96,85,8.24,530443408.54494476,63602326.0,0.0499,-2.37,1634986,1193388,1200219
72,ALTO,Basic Materials,Specialty Chemicals,NASDAQ,278.12,98,101.67,79,4.67,345612373.93606853,77491563.0,0.0249,-22.17,2685544,1789961,1795044
73,ARTV,Healthcare,Biotechnology,NASDAQ,276.96,98,122.47,94,9.78,269164566.5657959,24716672.0,0.0147,-32.69,877088,536256,396483
74,ANAB,Healthcare,Biotechnology,NASDAQ,275.75,98,126.61,95,63.15,2017565588.945343,29100902.0,0.2042,-12.73,700605,753740,873513
75,CVGI,Consumer Cyclical,Auto Parts,NASDAQ,275.54,98,155.06,98,5.12,171768608.78801346,33680120.0,0.0113,-6.91,839293,598507,1625776
76,BUUU,Industrials,Specialty Business Services,NASDAQ,273.22,98,122.36,94,21.0,285142506.3610077,16675000.0,0.0011999999,-15.32,46971,17683,16592
77,WOLF,Technology,Semiconductors,NYSE,272.49,98,240.26,99,62.13,2252580596.8410873,48338641.0,6.51,21.85,13055000,7254216,4938198
78,SATS,Communication Services,Telecom Services,NASDAQ,268.48,98,104.21,83,137.23,36849041232.46136,289807635.0,0.3065,-0.15,4842281,5093497,6566116
79,AIP,Technology,Semiconductors,NASDAQ,268.3,98,151.4,98,33.71,1468510837.6127014,46092618.0,0.033099998,4.98,1300531,863090,696708
80,PIII,Healthcare,Medical Care Facilities,NASDAQ,267.29,98,411.55,99,11.29,11773293.24278593,3318290.0,0.19440001,-0.09,6737745,2258865,1407259
81,AFJKU,Financial Services,Shell Companies,NASDAQ,267.23,98,106.07,85,54.82,,,11.01,-31.47,0,86,72
82,COHR,Technology,Scientific & Technical Instruments,NYSE,265.82,98,126.51,95,382.45,65590040669.000244,195639321.0,0.060900003,4.84,7644509,6268459,7555895
83,ALMS,Healthcare,Biotechnology,NASDAQ,265.56,98,85.94,24,22.87,3009536199.370922,127199333.0,0.1752,-25.26,820758,1085662,1368861
84,PTNM,Consumer Defensive,Household & Personal Products,NASDAQ,264.73,98,94.0,54,10.39,239099882.90071487,23012500.0,0.1353,-29.75,0,0,0
85,CHRN,Technology,Information Technology Services,NASDAQ,263.41,98,153.1,98,17.2,2227963898.5013657,143093381.0,,4.81,465084,192038,148360
86,APLD,Technology,Information Technology Services,NASDAQ,263.36,98,129.54,95,42.56,11787993483.75,285769539.0,0.3041,-3.82,23123751,24851270,21860346
87,QUIK,Technology,Semiconductors,NASDAQ,262.04,98,161.54,98,19.1,352459441.3343048,17720435.0,0.0713,-4.02,920196,603122,442213
88,BBGI,Communication Services,Broadcasting,NASDAQ,261.88,98,188.37,99,13.81,30942037.394086838,1806307.0,0.3161,-47.63,34525,2600998,1568439
89,SIMO,Technology,Semiconductors,NASDAQ,261.37,98,156.46,98,259.99,8598687753.4758,33907835.0,0.58,2.02,1211598,1030419,802219
90,DNTH,Healthcare,Biotechnology,NASDAQ,257.43,98,107.5,87,86.16,4740109013.381569,54666233.0,0.1389,-10.72,457017,543062,977527
91,MOVE,Technology,Software - Infrastructure,NASDAQ,257.03,98,161.71,98,19.9,930966001.5211344,66735915.0,0.14,-22.5,78073,100054,82344
92,VPG,Technology,Scientific & Technical Instruments,NYSE,256.59,98,178.63,99,97.32,894117752.7536697,13297409.0,0.0877,41.33,642466,362028,311779
93,LUNR,Industrials,Aerospace & Defense,NASDAQ,255.82,98,139.15,97,33.89,4634094974.362907,159961860.0,0.2394,8.8,13423027,13952095,14206175
94,SIDU,Industrials,Aerospace & Defense,NASDAQ,254.22,98,116.41,92,4.01,275749159.0806861,80864854.0,0.1568,-33.06,20071431,27195477,20796240
95,WATT,Technology,Communication Equipment,NASDAQ,253.71,98,116.01,92,24.52,151830334.49850273,5501099.0,0.108100004,-33.69,552598,535732,553907
96,KORE,Communication Services,Telecom Services,NYSE,253.44,98,110.16,89,9.19,160928829.9407673,17587851.0,0.0274,-0.33,20190,36033,62972
97,LONA,Healthcare,Biotechnology,NASDAQ,252.06,98,141.15,97,11.26,94310880.20166588,9393514.0,0.014199999,-20.76,38754,39251,61208
98,IMMX,Healthcare,Biotechnology,NASDAQ,251.44,98,105.34,84,9.94,530511413.25,54411427.0,0.0728,-14.38,773913,705334,792362
99,STRL,Industrials,Engineering & Construction,NASDAQ,250.9,98,170.88,99,848.84,25923493564.6156,30685954.0,0.084300004,-4.51,920929,602496,549841
100,CIFR,Technology,Information Technology Services,NASDAQ,250.39,98,119.99,93,20.33,8405960686.270229,409049197.0,0.16780001,-20.34,31131509,26702836,25743713
101,LASR,Technology,Semiconductors,NASDAQ,250.3,98,111.34,90,75.61,4169001591.2566223,56406459.0,0.061,-13.04,1652109,1277479,1590823
102,UCTT,Technology,Semiconductor Equipment & Materials,NASDAQ,249.45,98,119.19,93,85.94,3904549390.7973633,44828352.0,0.0788,-1.98,1098214,1019804,1050308
103,POWL,Industrials,Electrical Equipment & Parts,NASDAQ,249.4,98,121.95,94,292.65,11271588417.776733,36431649.0,0.1337,-10.21,904582,721980,696390
104,SILC,Technology,Communication Equipment,NASDAQ,249.01,98,165.88,99,48.08,256034585.4451828,5706142.0,0.0017,-1.72,216830,131833,97936
105,RILYP,Financial Services,Financial Conglomerates,NASDAQ,248.54,98,121.29,94,15.4,,,0.19,-1.85,25690,18576,21448
106,CAPR,Healthcare,Biotechnology,NASDAQ,247.61,98,91.63,42,28.79,1757182250.2186546,57840102.0,0.1917,-28.68,1311846,1057622,1362583
107,IRD,Healthcare,Biotechnology,NASDAQ,247.55,98,95.43,64,4.8,356298318.9372711,71402472.0,0.026800001,-17.38,1015230,893273,890556
108,RKLB,Industrials,Aerospace & Defense,NASDAQ,247.17,98,157.22,98,124.77,61040867621.78314,578750990.0,0.054899998,18.13,31921360,25634380,25112740
109,TORO,Energy,Oil & Gas Midstream,NASDAQ,247.02,98,123.87,94,5.49,154935693.1481409,28852085.0,0.0023,-35.41,192694,953388,587844
110,SIF,Industrials,Aerospace & Defense,NYSE ARCA,245.78,98,115.41,92,18.02,123432445.87341309,6215128.0,0.0058,-11.62,117504,83348,82614
111,RILYL,Financial Services,Financial Conglomerates,NASDAQ,245.39,98,118.69,93,15.67,,,0.24,-4.92,12735,12021,13065
112,NGL,Energy,Oil & Gas Midstream,NYSE,241.45,98,124.52,95,17.84,2021887329.9237194,123814289.0,0.0438,6.89,256484,229644,240766
113,SITM,Technology,Semiconductors,NASDAQ,239.81,98,159.58,98,774.06,21990669921.357666,26396828.0,0.0687,-8.4,603353,439384,488892
114,VSAT,Technology,Communication Equipment,NASDAQ,239.27,98,112.55,90,69.5,9509556674.177177,135831401.0,0.093100004,-1.21,1405627,1469699,1619201
115,WULF,Financial Services,Capital Markets,NASDAQ,236.75,98,115.11,92,22.32,11522728981.159546,492634856.0,0.285,-13.35,29412984,32872681,31296106
116,KEEL,Technology,Information Technology Services,NASDAQ,236.0,98,163.79,98,4.39,2393319031.1377096,602851137.0,0.1173,-33.48,40029887,32817725,33488325
117,SLNH,Financial Services,Capital Markets,NASDAQ,235.6,98,195.97,99,2.22,258665116.71595752,141347055.0,0.19690001,-56.81,32435684,23774431,15349156
118,AMPX,Industrials,Electrical Equipment & Parts,NYSE,235.52,98,98.48,73,16.85,2365173847.0529556,141627170.0,0.1554,-26.1,10506864,8760361,9121200
119,NEWP,Basic Materials,Silver,NYSE ARCA,235.16,97,105.03,84,5.33,1051416669.8042316,184136018.0,0.0191,-15.53,1773701,1082833,1057682
120,ALM,Basic Materials,Other Industrial Metals & Mining,NASDAQ,235.14,97,91.32,41,17.45,5584039674.91114,283741849.0,0.85,-28.51,4839419,5048723,5717191
121,HYLN,Consumer Cyclical,Auto Parts,NYSE ARCA,234.78,97,225.88,99,4.67,438660205.6422596,178317154.0,0.09689999,82.42,3624674,1703264,1428148
122,FORM,Technology,Semiconductor Equipment & Materials,NASDAQ,234.73,97,100.7,78,126.27,11527171755.001465,77954772.0,0.053400002,-20.63,2523956,2183485,1841441
123,LAR,Basic Materials,Other Industrial Metals & Mining,NYSE,234.11,97,108.58,88,9.96,1896912688.2826538,162406904.0,0.033,-16.93,3815349,3374363,3453645
124,NCEW,Industrials,Integrated Freight & Logistics,NASDAQ,233.86,97,126.31,95,15.75,52000000.0,3200000.0,0.0162,-6.07,2904,3814,3998
125,PLUG,Industrials,Electrical Equipment & Parts,NASDAQ,233.18,97,137.63,97,3.78,4351855621.894881,1394825571.0,0.2784,-17.47,102788764,84289031,77311900
126,TH,Industrials,Specialty Business Services,NASDAQ,232.4,97,146.04,98,18.66,1526263607.154131,99560575.0,0.079,15.76,1590785,1477098,1319339
127,ELA,Consumer Cyclical,Luxury Goods,NYSE ARCA,232.21,97,138.61,97,24.1,639220800.9094162,25963476.0,0.02,-3.95,176202,102154,138666
128,IREN,Financial Services,Capital Markets,NASDAQ,231.37,97,116.65,92,52.94,20303661885.512165,331759177.0,0.1846,-31.13,69048950,45970280,40517454
129,CRML,Basic Materials,Other Industrial Metals & Mining,NASDAQ,231.12,97,104.23,83,11.18,1838507953.0492659,146728491.0,0.41459998,-65.23,13673113,16926811,13087896
130,MTC,Technology,Software - Application,NASDAQ,230.72,97,79.5,12,4.85,692135267.4551325,99587811.0,0.0088,-46.67,79433,114614,86480
131,MGNX,Healthcare,Biotechnology,NASDAQ,229.85,97,147.23,98,4.25,190680204.0,63560068.0,0.0478,9.54,2154633,1222757,1404000
132,WTI,Energy,Oil & Gas E&P,NYSE,228.62,97,140.42,97,4.75,551965265.2554188,148777698.0,0.2527,5.79,6791685,8258175,9739083
133,ARWR,Healthcare,Biotechnology,NASDAQ,228.13,97,105.94,85,76.67,10238897200.379211,140857021.0,0.119799994,-3.54,1897729,1819823,2113709
134,AGX,Industrials,Engineering & Construction,NYSE,226.48,97,118.03,93,722.31,9496746057.232666,13960465.0,0.066199996,-2.69,286547,297892,446703
135,RFIL,Industrials,Electrical Equipment & Parts,NASDAQ,226.09,97,130.97,96,17.81,165241996.87227917,10814267.0,0.014099999,12.72,261074,225421,259878
136,NRXS,Healthcare,Biotechnology,NYSE ARCA,225.71,97,107.26,87,7.87,94344450.0055151,11505421.0,0.03,-15.65,218525,190805,205907
137,RVMD,Healthcare,Biotechnology,NASDAQ,225.57,97,113.67,91,145.66,30148303757.18567,212596462.0,0.0712,-6.45,2361597,3737092,3010295
138,EQ,Healthcare,Biotechnology,NASDAQ,225.18,97,107.01,86,2.18,133408026.52727032,63226556.0,0.0507,-19.26,244247,331919,464423
139,VELO,Technology,Computer Hardware,NASDAQ,224.11,97,142.83,97,18.59,400949846.13633156,29788250.0,0.32349998,-22.02,3507700,2921370,2719402
140,IBRX,Healthcare,Biotechnology,NASDAQ,223.49,97,108.54,88,7.97,8912982583.990301,1047353977.0,0.36130002,-35.88,13166436,13278428,18373405
141,NKTR,Healthcare,Biotechnology,NASDAQ,223.37,97,82.37,16,70.62,2763144397.235428,33742147.0,0.137,-35.21,867202,1089454,1011206
142,FLEX,Technology,Electronic Components,NASDAQ,222.66,97,167.08,99,137.86,52272201101.84894,367673924.0,0.028199999,-3.32,8717477,5377035,4578269
143,QTTB,Healthcare,Biotechnology,NASDAQ,221.21,97,116.64,92,6.3,91055946.6094923,16956415.0,0.0561,-21.69,232874,294371,331358
144,BIOA,Healthcare,Drug Manufacturers - Specialty & Generic,NASDAQ,220.83,97,95.02,62,17.66,798716717.6681461,44397817.0,0.044699997,-26.42,380396,386412,491227
145,AFJK,Financial Services,Shell Companies,NASDAQ,220.21,97,95.82,66,41.0,135107380.64227295,3166332.0,0.0026,-68.55,1840,32136,21126
146,HIMX,Technology,Semiconductors,NASDAQ,220.12,97,181.61,99,19.06,3103037169.7516937,174425914.0,0.077,-1.24,8859206,4858288,4939871
147,SKBL,Industrials,Engineering & Construction,NASDAQ,219.71,97,97.01,69,3.4,82010183.79227781,24776491.0,0.0385,-76.14,304036,321132,250827
148,AGCC,Consumer Defensive,Beverages - Wineries & Distilleries,NASDAQ,218.97,97,106.89,86,17.5,419043721.0922241,22786500.0,0.0227,-31.97,46324,126001,184074
149,SVCO,Technology,Software - Application,NASDAQ,218.85,97,134.13,96,10.09,375507428.629858,32681239.0,0.1079,-21.2,460915,373288,651735
150,FIX,Industrials,Engineering & Construction,NYSE,218.26,97,117.91,93,1992.74,68728156372.99316,35202424.0,0.025,-1.25,388903,393404,408284
151,KOPN,Technology,Electronic Components,NASDAQ,217.48,97,155.73,98,5.05,963107475.7157593,178023568.0,0.096499994,-7.34,15902518,10039959,7277119
152,RLAY,Healthcare,Biotechnology,NASDAQ,217.02,97,94.27,57,12.2,2444639509.250593,191586165.0,0.1683,-29.56,2834760,3311986,3153016
153,NDLS,Consumer Cyclical,Restaurants,NASDAQ,216.62,97,153.29,98,12.59,74652261.27952766,5892049.0,0.0286,-9.75,82838,60906,94269
154,GLW,Technology,Electronic Components,NYSE,216.33,97,118.73,93,191.81,160887637106.66656,860637825.0,0.0207,-3.25,18373495,13120665,13072803
155,COGT,Healthcare,Biotechnology,NASDAQ,215.77,97,84.79,21,32.68,5935954745.756271,170868004.0,0.0709,-25.27,1470819,1675583,2054355
156,ZNTL,Healthcare,Biotechnology,NASDAQ,215.05,97,113.2,91,4.05,313931783.8178253,71186348.0,0.092,-41.73,914287,3362139,2255639
157,KZIA,Healthcare,Biotechnology,NASDAQ,214.69,97,142.7,97,13.16,165004416.76508236,11426899.0,0.0163,-24.37,181352,264480,205102
158,ENLT,Utilities,Utilities - Renewable,NASDAQ,214.47,97,103.56,82,85.87,12611354606.005058,139336585.0,0.0021,-8.5,189350,150810,166152
159,ELVR,Basic Materials,Other Industrial Metals & Mining,NASDAQ,214.28,97,104.65,84,77.46,1775720062.8684235,18121442.0,3.36,-22.52,136128,112769,99357
160,ARMP,Healthcare,Biotechnology,NYSE ARCA,212.98,97,80.78,14,8.05,304569793.4990454,36695155.0,0.0221,-50.73,79225,74225,56307
161,TYRA,Healthcare,Biotechnology,NASDAQ,212.71,97,103.2,82,37.04,2041533315.6865463,59485237.0,0.2395,-8.88,636378,948172,1001603
162,DRTS,Healthcare,Biotechnology,NASDAQ,212.51,97,125.21,95,10.36,748962882.0138302,88009737.0,0.012999999,14.21,1223640,643000,473972
163,PACS,Healthcare,Medical Care Facilities,NYSE,212.31,97,103.78,82,37.48,5279173348.09148,157165029.0,0.0936,-13.0,1075824,867998,819114
164,IRWD,Healthcare,Drug Manufacturers - Specialty & Generic,NASDAQ,212.28,97,79.83,13,3.58,694668538.782733,164613406.0,0.120799996,-38.06,3161587,2166382,2540689
165,JBIO,Healthcare,Biotechnology,NASDAQ,212.23,97,113.86,91,23.35,1273978347.3889828,49359875.0,0.081199996,-16.61,433421,640607,623024
166,ASX,Technology,Semiconductors,NYSE,211.84,97,118.96,93,33.81,75098763353.16132,2193945789.0,0.0034999999,-1.43,8255669,7432323,7166427
167,MAMK,Industrials,Conglomerates,NASDAQ,211.81,97,94.0,54,13.0,216125000.0,16625000.0,0.0291,-9.09,0,0,0
168,SNSE,Healthcare,Biotechnology,NASDAQ,210.97,97,96.27,67,20.43,31382675.48839569,1341140.0,0.90779996,-44.42,29190,32656,60450
169,IFRX,Healthcare,Biotechnology,NASDAQ,210.69,97,187.83,99,2.47,186515570.70449257,72292859.0,0.0301,-16.24,5100530,2764140,1800640
170,PVLA,Healthcare,Biotechnology,NASDAQ,209.99,97,94.89,62,114.24,1739643561.8912659,14342844.0,0.15640001,-24.43,251593,222151,250074
171,AMD,Technology,Semiconductors,NASDAQ,209.83,97,147.99,98,424.1,742233108847.3687,1630600639.0,0.022,-7.05,46747022,42072747,38870160
172,EFXT,Energy,Oil & Gas Equipment & Services,NYSE,209.09,97,114.49,91,27.87,3311676359.5773354,122066954.0,1.27,-4.39,668305,612111,666757
173,NOK,Technology,Communication Equipment,NYSE,209.03,97,131.96,96,13.95,71568086368.56577,5582534171.0,0.012200001,-0.21,121034125,112194125,90493549
174,GLUE,Healthcare,Biotechnology,NASDAQ,208.66,97,93.55,51,18.15,1636178038.9669647,84382573.0,0.2441,-29.57,741192,795427,1018150
175,VSH,Technology,Semiconductors,NYSE,208.1,97,148.94,98,37.23,4662965122.651882,136105235.0,0.1103,6.83,6214513,3988127,3117896
176,DSGN,Healthcare,Biotechnology,NASDAQ,207.79,97,113.1,91,14.37,888138186.9578114,62456974.0,0.0475,-16.7,557540,529920,438012
177,BKSY,Industrials,Specialty Business Services,NYSE,207.05,97,117.22,92,38.75,1463951104.01194,37109026.0,0.19620001,-9.36,2817364,2300428,2051910
178,AMKR,Technology,Semiconductor Equipment & Materials,NASDAQ,206.54,96,114.46,91,70.35,18989513755.26938,247872518.0,0.1425,-11.21,4547626,4723885,4234035
179,INTT,Technology,Semiconductor Equipment & Materials,NYSE ARCA,206.38,96,115.46,92,18.44,216459141.0,12548356.0,0.0066000004,-7.8,585627,405482,303447
180,NBR,Energy,Oil & Gas Drilling,NYSE,206.37,96,117.06,92,105.27,1441121559.1767654,14795909.0,0.0589,-0.5,281542,332587,345732
181,SCZM,Basic Materials,Other Industrial Metals & Mining,NASDAQ,205.85,96,95.52,65,8.7,834382043.7762403,92401115.0,3.6,-50.69,474673,458484,546224
182,PENG,Technology,Information Technology Services,NASDAQ,205.64,96,178.07,99,46.82,2324735720.0498695,52560157.0,0.2401,4.65,4813196,2675358,2064669
183,SKYT,Technology,Semiconductors,NASDAQ,204.95,96,106.21,85,34.72,1657589206.5666504,49157448.0,0.081099994,-4.27,1487449,1299319,1181675
184,TE,Industrials,Electrical Equipment & Parts,NYSE,204.86,96,105.61,85,5.67,1719080951.8170547,279071590.0,0.1849,-42.02,17303854,17783308,16116692
185,TYGO,Technology,Solar,NASDAQ,204.59,96,90.74,38,3.95,324139088.9321165,75910794.0,0.0068,-25.85,733982,633614,567862
186,XWEL,Healthcare,Diagnostics & Research,NASDAQ,204.36,96,158.39,98,1.47,11652346.246786594,7926766.0,0.060700003,-33.18,130224,169831,224198
187,VRT,Industrials,Electrical Equipment & Parts,NYSE,203.96,96,122.62,94,370.94,130585474644.40283,384108816.0,0.035,3.08,5222082,5423560,7905556
188,LGN,Industrials,Engineering & Construction,NASDAQ,203.44,96,118.38,93,84.3,16406672086.411346,164247394.0,0.0596,-17.86,1997624,2266604,1813030
189,OCC,Technology,Communication Equipment,NASDAQ,202.62,96,121.47,94,11.78,91647402.25244522,8863385.0,0.021300001,-15.56,285921,265593,238738
190,MRVL,Technology,Semiconductors,NASDAQ,202.56,96,138.64,97,176.89,148771585491.66565,874458245.0,0.039,0.62,23781434,26884661,26548828
191,LPTH,Technology,Electronic Components,NASDAQ,202.33,96,84.65,21,11.52,664226033.738451,57708603.0,0.0714,-30.31,3057641,3015420,2527804
192,GSAT,Communication Services,Telecom Services,NASDAQ,202.32,96,102.47,81,81.98,10572282874.150848,128788931.0,0.0691,-1.05,1165139,1813249,1529831
193,KLIC,Technology,Semiconductor Equipment & Materials,NASDAQ,201.55,96,125.33,95,102.04,5372493344.4687195,52332877.0,0.0279,-4.64,1130577,794905,702733
194,MTSI,Technology,Semiconductors,NASDAQ,201.52,96,135.26,96,375.6,27457323519.65796,76295774.0,0.0462,3.19,1747944,1221304,1237484
195,SSL,Basic Materials,Specialty Chemicals,NYSE,201.21,96,108.86,88,13.52,8262488383.0401325,637537682.0,0.0077,-5.92,1526438,2023969,2582093
196,NESR,Energy,Oil & Gas Equipment & Services,NASDAQ,200.41,96,103.17,82,25.46,2328410830.8510056,100797004.0,0.0428,-5.18,1911457,1861879,2070279
197,SMTC,Technology,Semiconductors,NASDAQ,200.13,96,134.27,96,137.64,11342277139.479675,93114501.0,0.0774,8.22,2594269,2532746,2668451
198,TER,Technology,Semiconductor Equipment & Materials,NASDAQ,199.71,96,94.84,61,337.88,56319171902.91644,156542162.0,0.036199998,-19.95,3929099,3734593,3565793
199,MCTA,Healthcare,Medical Care Facilities,NASDAQ,199.71,96,94.0,54,29.35,504260182.13653564,17178000.0,0.1438,-7.41,0,0,0
200,SVM,Basic Materials,Silver,NYSE ARCA,198.68,96,108.23,87,13.57,2981383821.0,220843246.0,0.12149999,-5.47,4140133,3676637,4277260
201,PUMP,Energy,Oil & Gas Equipment & Services,NYSE,198.6,96,112.53,90,17.45,1922634221.0997314,122616976.0,0.1007,-5.68,7669967,4317272,3869877
202,AGH,Consumer Cyclical,Leisure,NASDAQ,198.23,96,99.63,76,4.33,89930793.67898226,20254683.0,0.0734,-47.52,867499,712089,1352139
203,TSAT,Technology,Communication Equipment,NASDAQ,198.01,96,120.9,94,52.01,831712689.6221924,15218896.0,0.0793,-6.61,192807,215009,200529
204,MLTX,Healthcare,Biotechnology,NASDAQ,197.96,96,97.91,72,17.55,1242857981.2927437,72852170.0,0.1345,-72.03,1136123,985637,1054608
205,INOD,Technology,Information Technology Services,NASDAQ,197.57,96,211.35,99,96.1,2772113320.688751,32655358.0,0.1689,2.4,4919265,2257155,1702489
206,ALXO,Healthcare,Biotechnology,NASDAQ,197.49,96,104.52,83,2.03,279884617.09389305,134559917.0,0.016900001,-23.68,664894,1084838,919662
207,SRZN,Healthcare,Biotechnology,NASDAQ,197.38,96,89.56,34,28.15,336236333.5303879,11610371.0,0.0694,-19.57,88264,121671,104710
208,MAAS,Financial Services,Asset Management,NASDAQ,196.34,96,127.88,95,10.1,3391653297.9096966,354775434.0,0.0007,-51.65,35920,376203,234264
209,AMBQ,Technology,Semiconductors,NYSE,196.09,96,198.13,99,70.57,943901907.0400543,21364914.0,0.0587,36.34,1015981,551793,507106
210,WHWK,Healthcare,Biotechnology,NASDAQ,195.81,96,121.35,94,4.7,196326279.52484632,49452463.0,0.022,4.91,679380,375520,305946
211,DWSN,Energy,Oil & Gas Equipment & Services,NASDAQ,195.69,96,122.37,94,3.91,97505920.85757256,31052840.0,0.020499999,-29.42,125131,103320,187998
212,OBE,Energy,Oil & Gas E&P,NYSE ARCA,195.38,96,121.32,94,13.47,839916711.5312576,67571737.0,7.56,-7.68,987004,1286061,1159568
213,SEI,Energy,Oil & Gas Equipment & Services,NYSE,195.35,96,115.47,92,78.58,4261034527.0110626,58402338.0,0.2281,-3.27,2233859,2349129,2539277
214,STM,Technology,Semiconductors,NYSE,195.05,96,137.27,97,61.41,52589947044.66934,888794130.0,0.0173,3.38,11758045,11849621,10735225
215,TOYO,Technology,Solar,NASDAQ,194.76,96,112.88,91,12.67,424788716.25,37758997.0,0.012200001,-11.58,204490,265930,188646
216,EFOI,Consumer Cyclical,"Furnishings, Fixtures & Appliances",NASDAQ,194.21,96,153.46,98,4.02,24772492.11079955,6303433.0,0.0197,-59.15,107468,5947096,3574771
217,LCUT,Consumer Cyclical,"Furnishings, Fixtures & Appliances",NASDAQ,193.97,96,124.57,95,7.33,135073093.79260254,22855008.0,0.0114,-10.61,149347,156392,283141
218,STRZ,Communication Services,Entertainment,NASDAQ,193.89,96,154.62,98,23.12,332261548.72112274,16789365.0,0.060300004,0.61,226908,182299,174425
219,BLDP,Industrials,Electrical Equipment & Parts,NASDAQ,193.39,96,150.85,98,4.45,1245095290.871173,301475849.0,0.0688,-8.44,13949228,7310566,5976337
220,MYRG,Industrials,Engineering & Construction,NASDAQ,193.36,96,131.26,96,467.46,6817933594.868652,15571036.0,0.048800003,-1.67,341681,301620,296756
221,KYTX,Healthcare,Biotechnology,NASDAQ,193.31,96,103.63,82,9.49,565958262.6404743,60530293.0,0.082399994,-30.58,898350,1134876,961872
222,SPHR,Communication Services,Entertainment,NYSE,193.23,96,95.55,65,134.33,4772174491.527481,35792203.0,0.35939997,-9.85,882805,700048,858917
223,BNR,Healthcare,Diagnostics & Research,NASDAQ,192.93,96,82.48,16,17.04,176756711.09386635,10546343.0,0.0068,-59.16,10006,22155,28847
224,MAGH,Industrials,Engineering & Construction,NASDAQ,192.19,96,94.0,54,6.76,225446007.63320923,33350000.0,0.0417,-2.59,0,0,0
225,NEXA,Basic Materials,Other Industrial Metals & Mining,NYSE,191.93,96,103.41,82,14.85,1897845285.5257359,132438611.0,0.0053,-12.08,1632043,1698014,1232028
226,LXRX,Healthcare,Biotechnology,NASDAQ,191.75,96,132.59,96,2.23,888392780.0,444196390.0,0.1102,11.5,4512126,2707665,2715641
227,FIEE,Technology,Communication Equipment,NASDAQ,191.17,96,85.51,23,6.48,54302458.8011446,8328598.0,0.0056,-18.49,5513,10934,13160
228,SPIR,Industrials,Specialty Business Services,NYSE,191.07,96,122.24,94,20.01,712415346.0312366,38529765.0,0.1718,-15.18,1742457,2414982,1779039
229,AKAN,Healthcare,Drug Manufacturers - Specialty & Generic,NASDAQ,190.31,96,350.15,99,20.48,14429286.0,534418.0,0.04,-90.21,711840,4489720,2728459
230,ACRS,Healthcare,Biotechnology,NASDAQ,190.17,96,106.75,86,4.52,688541918.4251404,139663680.0,0.0579,-8.5,1349289,1393683,1919093
231,MKSI,Technology,Scientific & Technical Instruments,NASDAQ,189.5,96,108.08,87,303.17,21155496066.930695,67544129.0,0.059699997,-7.24,1563005,1211178,1212789
232,IMOS,Technology,Semiconductors,NASDAQ,188.06,96,114.28,91,50.77,2095642520.5368576,34770906.0,0.0014,-17.14,119352,88097,75478
233,CURR,Technology,Software - Application,NASDAQ,187.74,96,118.25,93,3.59,501900002.392323,112281885.0,5.29,-24.02,344574,233321,192494
234,ATOM,Technology,Semiconductor Equipment & Materials,NASDAQ,187.49,96,143.78,97,8.8,325601554.0924072,38716000.0,0.1322,-23.34,3148583,3069511,2240462
235,ATEX,Communication Services,Telecom Services,NASDAQ,186.68,96,130.04,96,57.06,1047543118.5790558,18732889.0,0.1373,1.71,326394,338111,315092
236,YMAT,Basic Materials,Specialty Chemicals,NASDAQ,186.64,96,497.15,99,1.6,10165612.195210695,20050516.0,0.0062,-75.19,40575520,13566380,8176524
237,VECO,Technology,Semiconductor Equipment & Materials,NASDAQ,186.53,95,134.46,96,58.64,3626609566.944351,61033485.0,0.16059999,-10.38,2218913,1601687,1397044
238,LQDA,Healthcare,Drug Manufacturers - Specialty & Generic,NASDAQ,186.28,95,138.39,97,56.93,3760200100.4795494,88893621.0,0.1602,21.98,2235026,1419872,1342747
239,UMC,Technology,Semiconductors,NYSE,185.93,95,148.33,98,17.2,38779322175.949486,2514871724.0,0.011,11.33,17214988,13837372,11637181
240,WYY,Technology,Information Technology Services,NYSE ARCA,185.43,95,172.87,99,10.3,78388936.84491825,9872662.0,0.0018000001,-1.81,259797,116025,82201
241,LRCX,Technology,Semiconductor Equipment & Materials,NASDAQ,184.85,95,109.47,88,284.72,367720977684.63135,1250539000.0,0.0233,-4.46,9502304,9217764,9938456
242,SGML,Basic Materials,Other Industrial Metals & Mining,NASDAQ,184.76,95,89.75,35,16.82,2418558572.0975266,111402979.0,0.08939999,-31.29,4124092,3720110,3890004
243,GLSI,Healthcare,Biotechnology,NASDAQ,184.47,95,103.51,82,27.21,316714769.9961395,13854539.0,0.2219,-20.21,143461,137147,155784
244,LINC,Consumer Defensive,Education & Training Services,NASDAQ,184.41,95,121.5,94,49.1,1426583728.5,31878966.0,0.0679,7.96,767153,484124,494800
245,LBRT,Energy,Oil & Gas Equipment & Services,NYSE,183.49,95,106.1,85,32.95,5403267883.364136,163191416.0,0.1159,-4.26,3328825,3767655,4392915
246,AUGO,Basic Materials,Gold,NASDAQ,182.98,95,84.96,21,76.42,6879933151.670883,83789223.0,0.088199995,-30.73,841856,837322,932013
247,MKDW,Consumer Cyclical,Auto Parts,NASDAQ,182.91,95,139.15,97,7.3,30606642.019842148,4198442.0,0.0093,-57.38,4252,15457,199096
248,BTE,Energy,Oil & Gas E&P,NYSE,182.52,95,112.57,90,5.17,3528609574.262619,730561000.0,0.8,-1.34,19019003,21378527,23277248
249,BORR,Energy,Oil & Gas Drilling,NYSE,182.38,95,101.27,79,6.26,1802976259.357655,308201075.0,0.080299996,-1.11,5361518,7045002,7647783
250,RAPP,Healthcare,Biotechnology,NASDAQ,181.96,95,104.46,83,37.07,1819336422.9468613,47826929.0,0.11310001,-12.3,367236,349932,356239
251,VNCE,Consumer Cyclical,Apparel Manufacturing,NASDAQ,181.74,95,123.71,94,4.26,59611442.444701195,12847294.0,0.0034,-27.8,286498,290702,194201
252,USAS,Basic Materials,Other Industrial Metals & Mining,NYSE ARCA,180.69,95,95.17,63,6.25,2160671323.445506,325893105.0,0.026500002,-40.48,6765260,5340020,6032896
253,AXGN,Healthcare,Medical Devices,NASDAQ,180.59,95,101.79,80,40.99,2236659350.468628,53177824.0,0.081199996,-10.56,798231,1127423,1048176
254,MTZ,Industrials,Engineering & Construction,NYSE,180.28,95,111.29,90,414.9,32736598240.447388,79018556.0,0.048699997,-6.01,1034225,892605,951271
255,CYPH,Financial Services,Asset Management,NASDAQ,180.21,95,120.1,93,1.09,116237691.90922165,97678728.0,0.13,-70.54,5619288,3617882,2941787
256,PDC,Technology,Software - Application,NASDAQ,179.8,95,104.72,84,7.16,24679111.76548004,3050570.0,0.0935,-31.81,60653,149931,101826
257,ON,Technology,Semiconductors,NASDAQ,179.74,95,131.52,96,113.11,40444408115.206375,391903191.0,0.1046,6.81,15523699,12104123,10268465
258,COHU,Technology,Semiconductor Equipment & Materials,NASDAQ,179.51,95,117.92,93,47.14,2337066733.57032,47175347.0,0.1552,-6.99,1224523,1337764,1046490
259,KF,Financial Services,Asset Management,NYSE,179.38,95,116.87,92,65.54,293912037.9090271,4158348.0,0.21,-7.27,33065,26981,25907
260,CENX,Basic Materials,Aluminum,NASDAQ,178.24,95,92.77,48,56.82,5830561093.667759,98974047.0,0.1388,-17.28,1799373,1545147,1978082
261,VSTS,Industrials,Rental & Leasing Services,NYSE,177.63,95,131.05,96,12.25,1219208156.9192848,131948938.0,0.1171,18.02,2540483,1565214,1518702
262,AVTX,Healthcare,Biotechnology,NASDAQ,177.51,95,113.94,91,17.74,1126511503.8519363,52225847.0,0.2307,-26.91,4443287,1990152,1529173
263,FN,Technology,Electronic Components,NYSE,177.48,95,110.32,89,722.04,22260301916.899414,35829740.0,0.1001,-1.74,1083858,797106,749021
264,ASRT,Healthcare,Drug Manufacturers - Specialty & Generic,NASDAQ,177.4,95,130.03,95,23.32,144973867.5,6443283.0,0.045100003,3.41,733794,419408,312960
265,VATE,Industrials,Engineering & Construction,NYSE,177.36,95,118.22,93,10.66,160019081.93524933,13641866.0,0.047199998,-20.8,58059,57239,47693
266,FLNC,Utilities,Utilities - Renewable,NASDAQ,177.04,95,140.64,97,20.77,3208725578.134575,132811490.0,0.37330002,-38.02,20804916,9972572,7458053
267,FET,Energy,Oil & Gas Equipment & Services,NYSE,176.98,95,92.76,48,56.37,607153190.7106171,11304286.0,0.0468,-13.85,167632,159620,180102
268,GSIT,Technology,Semiconductors,NASDAQ,176.9,95,135.34,96,9.64,305773408.4480295,36186203.0,0.075100005,-46.89,3595206,1760775,1504697
269,KOS,Energy,Oil & Gas E&P,NYSE,176.74,95,117.98,93,3.23,1631270503.5,593189274.0,0.0572,-2.71,15520298,18219679,25931507
270,SEDG,Technology,Solar,NASDAQ,176.09,95,140.45,97,61.76,2511791696.199394,60818202.0,0.1682,14.9,5382623,4193067,3958884
271,CNTA,Healthcare,Biotechnology,NASDAQ,176.03,95,105.32,84,39.59,6125719787.549767,154728966.0,0.026400002,-1.66,1133977,2047252,2953277
272,DELL,Technology,Computer Hardware,NYSE,175.16,95,131.94,96,241.99,169348148455.38818,650188720.0,0.083100006,-8.33,6914626,6348645,7519329
273,KALV,Healthcare,Biotechnology,NASDAQ,174.96,95,122.36,94,26.73,1421180294.9016266,53167988.0,0.43080002,-0.43,3859945,4894631,3448993
274,RDNW,Consumer Cyclical,Auto & Truck Dealerships,NASDAQ,174.64,95,110.12,89,7.91,310709663.2160492,38549584.0,0.0696,-3.77,58187,58442,61571
275,GTX,Consumer Cyclical,Auto Parts,NASDAQ,174.49,95,134.38,96,30.98,5428466587.0,187188503.0,0.0523,6.17,3486518,2623139,2445625
276,TRX,Basic Materials,Gold,NYSE ARCA,174.3,95,78.88,11,1.13,410360405.5340462,325682864.0,0.0069,-59.64,3199833,3781554,4103026
277,OPEN,Real Estate,Real Estate Services,NASDAQ,173.77,95,81.79,15,4.38,4833330747.130692,964736632.0,0.1447,-59.71,36529611,35947673,36724526
278,PTEN,Energy,Oil & Gas Drilling,NASDAQ,173.56,95,112.55,90,12.42,4335233626.222528,379617653.0,0.0542,-1.58,6643623,9523477,10358586
279,OMER,Healthcare,Biotechnology,NASDAQ,173.33,95,89.77,35,12.25,1019738511.1590099,72168330.0,0.24340001,-30.59,1499475,1270215,1200451
280,ONTO,Technology,Semiconductor Equipment & Materials,NYSE,173.19,95,101.23,79,271.77,14160501885.833405,49743567.0,0.0301,-14.0,1052822,931080,864162
281,IHRT,Communication Services,Broadcasting,NASDAQ,173.05,95,106.81,86,4.78,858216455.7429185,151094451.0,0.0541,-27.13,1492430,1307273,1148000
282,TRON,Consumer Cyclical,Leisure,NASDAQ,172.54,95,104.71,84,2.11,1057872011.7681198,474382064.0,0.0307,-83.52,979422,890397,1301278
283,BWEN,Industrials,Specialty Industrial Machinery,NASDAQ,172.44,95,179.71,99,4.52,50084810.695189476,23404116.0,0.004,8.92,3351118,1210832,787951
284,GPRE,Basic Materials,Chemicals,NASDAQ,172.4,95,98.99,74,17.14,1273848902.4601479,70030174.0,0.2167,-9.5,1816267,1488689,1573299
285,BTSG,Healthcare,Health Information Services,NASDAQ,172.31,95,118.43,93,57.9,10632546117.415192,193918398.0,0.0865,5.37,2778936,2584968,2733507
286,NWPX,Basic Materials,Steel,NASDAQ,172.07,95,119.01,93,110.8,1084356107.809204,9637008.0,0.0162,-3.04,157639,155639,145997
287,PLAB,Technology,Semiconductor Equipment & Materials,NASDAQ,170.69,95,105.26,84,50.02,3162957338.1697693,58966394.0,0.066599995,-7.23,747761,817463,845558
288,EONR,Energy,Oil & Gas E&P,NYSE ARCA,170.5,95,105.87,85,0.72,34628063.32124376,49968344.0,0.16399999,-54.43,1931129,4394386,28372915
289,GTE,Energy,Oil & Gas E&P,NYSE ARCA,170.49,95,109.94,89,9.17,323420150.4163933,35346466.0,0.083500005,-5.85,408106,428342,653769
290,CMPS,Healthcare,Medical Care Facilities,NASDAQ,170.19,95,139.77,97,10.37,1337089832.862339,134923295.0,0.08270001,1.57,3842089,4977096,3923623
291,ADEA,Technology,Software - Application,NASDAQ,170.16,95,106.53,86,29.88,3256974483.7027073,110293749.0,0.0765,-12.99,3162432,1856404,1590572
292,LICN,Industrials,Specialty Business Services,NASDAQ,169.79,95,154.17,98,7.08,113085357.88104534,16436825.0,0.0011,-14.49,67687,47662,54009
293,DFTX,Healthcare,Biotechnology,NASDAQ,169.73,95,98.07,72,20.99,2404922481.938648,109066783.0,0.0908,-20.04,1413710,1778113,1764834
294,RIOT,Financial Services,Capital Markets,NASDAQ,169.63,95,137.19,96,23.49,9105881589.54935,378151230.0,0.1423,-4.0,19971123,19837851,18420872
295,SLNHP,Financial Services,Capital Markets,NASDAQ,169.5,94,113.54,91,10.3,,,0.22,-17.6,13669,13309,20203
296,ROLR,Consumer Cyclical,Gambling,NYSE ARCA,169.34,94,93.92,54,5.54,77864201.73856068,10890098.0,0.2922,-83.55,293491,3954077,2425230
297,UUU,Industrials,Building Products & Equipment,NYSE ARCA,169.26,94,100.51,78,6.03,16524144.752649307,2717787.0,0.0336,-27.09,21017,27625,35193
298,LIXT,Healthcare,Biotechnology,NASDAQ,169.03,94,151.31,98,5.16,59948589.26724243,11617944.0,0.0029,-17.57,102418,56892,51887
299,STAK,Energy,Oil & Gas Equipment & Services,NASDAQ,169.0,94,138.14,97,1.12,20747177.74441874,19210349.0,0.5556,-71.79,3776527,2293855,2118393
300,BTSGU,Healthcare,Health Information Services,NASDAQ,168.97,94,119.14,93,192.12,,,0.27,4.55,25724,40951,32606
301,AMAT,Technology,Semiconductor Equipment & Materials,NASDAQ,168.95,94,109.96,89,436.62,345569482424.0041,793609867.0,0.0172,-0.32,8769267,6636805,6720675
302,ORMP,Healthcare,Biotechnology,NASDAQ,168.87,94,118.78,93,4.64,165424878.28159714,40446179.0,0.016900001,9.95,197562,152244,135728
303,CSTM,Basic Materials,Aluminum,NYSE,168.65,94,105.18,84,31.91,4612777391.42437,136150450.0,0.0554,-5.84,1943919,2193213,2268655
304,BWAY,Healthcare,Medical Devices,NASDAQ,168.6,94,97.39,71,15.03,687367059.4742775,40033026.0,0.0033000002,-12.92,189145,156275,172435
305,NAUT,Healthcare,Biotechnology,NASDAQ,168.59,94,85.87,24,2.51,340571339.8834288,127078855.0,0.0128,-41.76,409422,336354,358180
306,HCHL,Consumer Cyclical,Restaurants,NASDAQ,168.58,94,218.52,99,3.44,61479464.35228968,29844401.0,0.010299999,-52.55,464452,181330,157744
307,TWN,Financial Services,Asset Management,NYSE,168.46,94,112.19,90,90.79,589871711.4745331,6103805.0,0.16860001,-9.0,28528,33446,29613
308,CYCN,Healthcare,Biotechnology,NASDAQ,168.24,94,112.13,90,3.12,13423972.987029076,4330314.0,0.0721,-63.21,81532,374857,5758374
309,GVH,Industrials,Integrated Freight & Logistics,NASDAQ,168.24,94,200.73,99,4.83,9993398.768294334,2286819.0,0.049099997,-98.67,108509,161719,955059
310,INTG,Consumer Cyclical,Lodging,NASDAQ,168.04,94,95.45,64,36.52,79162234.40788269,2148812.0,0.0054,-16.7,35137,36109,26611
311,ELVN,Healthcare,Biotechnology,NASDAQ,167.8,94,103.51,82,41.34,2481876549.5,60904946.0,0.1397,-14.82,654269,893553,1185947
312,AVNS,Healthcare,Medical Devices,NYSE,167.69,94,120.99,94,24.71,1161254830.675518,46824793.0,0.0575,-0.4,1143285,2044861,1454047
313,SHIM,Industrials,Engineering & Construction,NASDAQ,167.48,94,99.5,76,4.97,209093353.58862305,36300928.0,0.0027,-26.51,255441,240030,201212
314,TTI,Industrials,Conglomerates,NYSE,167.41,94,105.72,85,10.52,1324114026.9269733,135389986.0,0.053600002,-16.11,1360347,1709759,1627633
315,SANM,Technology,Electronic Components,NASDAQ,167.33,94,130.14,96,235.34,13310997814.384613,53597735.0,0.081,-7.79,915443,921091,828938
316,FEIM,Technology,Communication Equipment,NASDAQ,167.22,94,100.52,78,57.18,613939416.7723122,9841927.0,0.1278,-10.35,170521,172190,193436
317,ELVA,Industrials,Electrical Equipment & Parts,NASDAQ,167.16,94,102.0,80,9.55,521002222.2192688,49384096.0,0.48,-19.61,603697,439975,396787
318,DHC,Real Estate,REIT - Healthcare Facilities,NASDAQ,167.1,94,108.84,88,8.36,2045803478.5217686,242106926.0,0.0431,-1.42,1649576,1487205,1787011
319,CGON,Healthcare,Biotechnology,NASDAQ,166.64,94,100.02,77,66.93,6127255049.32663,88009980.0,0.1103,-9.01,944381,1022053,1279466
320,KLXE,Energy,Oil & Gas Equipment & Services,NASDAQ,166.48,94,129.06,95,3.92,66677071.3433342,19668752.0,0.0738,-3.69,327734,320158,317580
321,AG,Basic Materials,Silver,NYSE,166.38,94,91.21,41,20.42,10793188791.835876,493741468.0,1.04,-36.27,16416674,14133911,16826448
322,PSIG,Industrials,Integrated Freight & Logistics,NASDAQ,166.25,94,110.46,89,7.25,103023029.46715164,15376572.0,0.0017,-0.68,820645,576031,398713
323,EMPG,Healthcare,Medical Distribution,NASDAQ,166.13,94,94.0,54,17.36,143046405.02929688,8240000.0,0.0404,-4.3,0,0,0
324,WTTR,Energy,Oil & Gas Equipment & Services,NYSE,166.03,94,118.11,93,18.96,2089146281.9254646,124353951.0,0.0444,2.49,2048957,1996742,1838113
325,IRDM,Communication Services,Telecom Services,NASDAQ,165.87,94,115.49,92,41.62,4383472169.443359,105727744.0,0.060100004,-6.18,1993761,2499857,2348076
326,ZURA,Healthcare,Biotechnology,NASDAQ,165.75,94,78.91,11,4.72,454478597.28058815,94880710.0,0.069299996,-36.56,710460,655503,619298
327,BHE,Technology,Electronic Components,NYSE,165.56,94,118.29,93,84.94,3067845425.0016174,35877036.0,0.0423,-3.18,466007,440652,431653
328,YOU,Technology,Software - Application,NYSE,165.49,94,117.42,92,58.89,5724417464.928646,100764255.0,0.1445,-4.52,1901933,1564987,1686864
329,ACLS,Technology,Semiconductor Equipment & Materials,NASDAQ,165.43,94,127.78,95,155.18,5010400952.484131,30733000.0,0.16459998,-9.57,871649,757409,735383
330,ECG,Industrials,Engineering & Construction,NYSE,165.35,94,114.6,91,156.72,8332032043.819916,51041606.0,0.0458,-8.66,927650,670120,590994
331,VISN,Technology,Communication Equipment,NASDAQ,165.15,94,105.11,84,11.37,2643676135.55359,225569631.0,0.044,-44.67,9041407,8482329,6845795
332,KGS,Energy,Oil & Gas Equipment & Services,NYSE,165.01,94,113.83,91,73.49,6149801281.37867,88295781.0,0.089499995,2.18,2784221,1645950,1469378
333,HSHP,Industrials,Marine Shipping,NYSE,164.97,94,110.29,89,15.73,762792789.2494202,46970000.0,0.0293,-3.82,405363,302151,324640
334,OUST,Technology,Electronic Components,NASDAQ,164.91,94,145.21,97,34.86,1604558363.378605,63672949.0,0.0857,-16.3,6581729,3463613,2869963
335,KVHI,Communication Services,Telecom Services,NASDAQ,164.78,94,116.42,92,10.69,192832764.08402157,19497751.0,0.0034,-3.69,192579,148179,147831
336,CCCC,Healthcare,Biotechnology,NASDAQ,164.34,94,128.06,95,3.56,325033477.35383177,110180838.0,0.22790001,-6.81,3581982,3372127,2959294
337,ARIS,Basic Materials,Gold,NYSE,164.31,94,90.3,37,18.18,4066080157.470703,206400000.0,2.03,-21.94,1315201,1228537,1823178
338,CNTX,Healthcare,Biotechnology,NASDAQ,164.16,94,86.09,24,2.16,218672451.77473736,91879177.0,0.0108,-40.33,483425,803968,875007
339,BELFA,Technology,Electronic Components,NASDAQ,162.87,94,96.65,68,230.72,3376224694.467407,12722707.0,0.0273,-15.39,47231,68453,72748
340,ABSI,Healthcare,Biotechnology,NASDAQ,162.83,94,138.4,97,5.13,919839845.2682648,155905056.0,0.28100002,-17.72,5626143,5021827,4820650
341,IESC,Industrials,Engineering & Construction,NASDAQ,162.71,94,116.98,92,682.2,13283255706.111511,19923887.0,0.1084,-0.92,215513,218864,208092
342,SHIP,Industrials,Marine Shipping,NASDAQ,162.51,94,106.73,86,15.86,359908782.0052185,21668198.0,0.0153,-5.65,273550,219973,244916
343,PBT,Energy,Oil & Gas Midstream,NYSE,162.51,94,127.64,95,29.01,1076663205.3798447,46608796.0,0.0034,22.2,278813,185501,174278
344,SPRO,Healthcare,Biotechnology,NASDAQ,162.48,94,105.4,84,2.79,148227818.76685,57901493.0,0.0154,-13.35,651252,534990,456514
345,INV,Financial Services,Asset Management,NASDAQ,162.46,94,136.04,96,6.72,574664258.0,82094894.0,0.1481,-9.8,2395364,2178568,1896046
346,VAL,Energy,Oil & Gas Drilling,NYSE,162.45,94,100.61,78,105.43,6580303903.126373,69251780.0,0.142,0.08,902101,940980,987122
347,COCO,Consumer Defensive,Beverages - Non-Alcoholic,NASDAQ,161.92,94,131.32,96,78.44,4089265151.653023,57112643.0,0.1444,7.48,1397097,1501305,1563863
348,FBIOP,Healthcare,Biotechnology,NASDAQ,161.85,94,107.0,86,15.01,,,0.08,2.53,21561,13423,14966
349,ENS,Industrials,Electrical Equipment & Parts,NYSE,161.65,94,114.95,92,236.98,8469183042.587524,36851374.0,0.0421,2.48,388486,319375,341027
350,MOD,Consumer Cyclical,Auto Parts,NYSE,161.57,94,106.71,86,271.26,14395616781.0,52731197.0,0.0699,-5.58,997334,935128,981826
351,BELFB,Technology,Electronic Components,NASDAQ,161.49,94,98.34,73,256.72,3791112371.6358337,12722707.0,0.05,-16.38,352738,245186,224133
352,THM,Basic Materials,Gold,NYSE ARCA,161.22,94,96.93,69,2.49,675194263.0395994,265824517.0,0.026199998,-31.78,1138180,1107946,1183474
353,EDAP,Healthcare,Medical Distribution,NASDAQ,161.21,94,106.93,86,4.17,154800606.4694729,37481986.0,0.0023999999,-17.43,52103,33171,36354
354,KEYS,Technology,Scientific & Technical Instruments,NYSE,161.15,93,107.75,87,349.01,61792346854.963684,171502495.0,0.0134000005,-4.93,1225364,1137131,1273282
355,SND,Energy,Oil & Gas Equipment & Services,NASDAQ,161.08,93,85.75,23,4.75,206761123.1503396,42985681.0,0.0232,-18.66,300309,281843,328169
356,THR,Industrials,Specialty Industrial Machinery,NYSE,160.75,93,110.67,89,65.23,2158213985.4518433,32869538.0,0.026500002,-8.44,831686,552615,517775
357,ALAB,Technology,Semiconductors,NASDAQ,160.45,93,139.94,97,232.68,34245590981.999863,171407939.0,0.111099996,-11.49,5964155,5872008,5310689
358,DIOD,Technology,Semiconductors,NASDAQ,160.4,93,108.65,88,100.04,5118702983.194641,45944734.0,0.0546,-15.08,802427,676015,601127
359,TEN,Energy,Oil & Gas Midstream,NYSE,160.34,93,106.55,86,42.55,1319588988.414463,30127603.0,0.016900001,-4.53,300655,327255,461649
360,BODI,Communication Services,Internet Content & Information,NASDAQ,159.71,93,89.58,34,11.31,98470620.38600254,7235167.0,0.048499998,-32.96,97120,85363,85120
361,PFAI,Consumer Defensive,Farm Products,NASDAQ,159.71,93,116.22,92,4.0,47533151.23857498,11736580.0,0.0007,-18.86,3321,6560,7580
362,CLNN,Consumer Defensive,Packaged Foods,NASDAQ,159.63,93,122.81,94,7.14,85746077.43118715,11778307.0,0.1025,-47.11,2608466,921852,588321
363,RIG,Energy,Oil & Gas Drilling,NYSE,159.28,93,99.86,76,7.04,7145223632.872128,1116441176.0,0.19370002,-1.4,35348113,32724724,34878792
364,TMQ,Basic Materials,Other Industrial Metals & Mining,NYSE ARCA,159.26,93,91.23,41,4.12,774729879.6174374,172545639.0,0.081499994,-63.51,3140836,2671548,2776045
365,ACMR,Technology,Semiconductor Equipment & Materials,NASDAQ,159.0,93,118.88,93,63.67,3962959988.1641235,66214872.0,0.052600004,-11.14,2005452,1353800,1239152
366,GFS,Technology,Semiconductors,NASDAQ,158.91,93,125.42,95,71.03,40648628039.07074,548416440.0,0.2859,-6.99,5449876,4216632,4312695
367,PKE,Industrials,Aerospace & Defense,NYSE,158.82,93,105.88,85,33.69,669108333.3252258,19925798.0,0.0558,-6.05,194914,216534,239652
368,PWR,Industrials,Engineering & Construction,NYSE,158.29,93,117.09,92,769.99,111794811005.0,150060149.0,0.036,-2.38,1277728,1080552,1136363
369,ANNX,Healthcare,Biotechnology,NASDAQ,158.28,93,87.38,27,5.21,932264050.5951452,163842538.0,0.1294,-27.44,1913070,2123760,2412264
370,EZPW,Financial Services,Credit Services,NASDAQ,158.24,93,107.36,87,33.0,2063916758.4578705,61535978.0,0.2293,-11.12,804253,737481,766594
371,BDSX,Healthcare,Diagnostics & Research,NASDAQ,158.21,93,109.04,88,14.17,154863442.5151062,10108580.0,0.0308,-29.89,110661,76093,87400
372,NVT,Industrials,Electrical Equipment & Parts,NYSE,158.16,93,119.59,93,169.01,27484390323.868347,161720452.0,0.023599999,-3.15,2249479,2192336,2286637
373,UUUU,Energy,Uranium,NYSE ARCA,157.62,93,84.69,21,18.41,5342156250.303268,249867000.0,0.15020001,-34.01,11551776,10319132,10159117
374,ALB,Basic Materials,Specialty Chemicals,NYSE,157.59,93,90.18,36,180.38,24002060675.39119,117934651.0,0.0004,-18.38,2353322,2144614,2058402
375,ASTI,Technology,Solar,NASDAQ,157.56,93,84.2,20,4.58,40875353.46424055,9461887.0,0.095699996,-53.6,911515,1483085,1193969
376,CVE,Energy,Oil & Gas Integrated,NYSE,157.36,93,110.29,89,30.82,52960858888.628006,1864819000.0,2.78,-0.1,8991469,8497349,12133113
377,SAIH,Technology,Information Technology Services,NASDAQ,157.35,93,120.27,93,11.74,20705668.349494934,1832360.0,0.0063,-23.82,2810,2903,3164
378,PARR,Energy,Oil & Gas Refining & Marketing,NYSE,157.31,93,93.21,50,58.3,3227787248.21537,50144277.0,0.11,-17.18,1416784,1377251,1492170
379,KALU,Basic Materials,Aluminum,NASDAQ,157.26,93,105.9,85,169.29,2946701509.900543,16340606.0,0.0433,-7.49,226242,272477,262212
380,PRPO,Healthcare,Diagnostics & Research,NASDAQ,157.2,93,88.73,31,26.04,53205781.34679794,1784830.0,0.0055,-22.57,31255,33491,32055
381,XMTR,Industrials,Industrial Distribution,NASDAQ,156.9,93,162.27,98,86.12,4208429940.343155,52598798.0,0.104499996,4.35,1375625,873405,875315
382,UMAC,Technology,Computer Hardware,NYSE ARCA,156.85,93,110.01,89,16.2,641307112.9458904,47787415.0,0.1433,-30.71,4061817,4028619,4919915
383,UAMY,Basic Materials,Other Industrial Metals & Mining,NYSE,156.55,93,82.04,16,8.61,1525214389.6679878,143078275.0,0.2166,-56.32,14417457,12993105,13382379
384,PDFS,Technology,Software - Application,NASDAQ,156.54,93,106.97,86,44.7,2061125919.3403244,39921090.0,0.0557,-14.5,1332813,771181,603104
385,INSW,Energy,Oil & Gas Midstream,NYSE,156.41,93,105.1,84,84.58,4535620383.4887085,49504696.0,0.0448,-8.72,677296,566312,587673
386,MTRN,Basic Materials,Other Industrial Metals & Mining,NYSE,156.12,93,114.1,91,205.02,4147191962.880249,20801485.0,0.0325,1.56,287515,247155,246901
387,RGC,Healthcare,Drug Manufacturers - Specialty & Generic,NASDAQ,155.89,93,89.13,33,28.58,14478635595.058588,494488909.0,0.015,-65.81,117130,107313,142860
388,ELSE,Technology,Scientific & Technical Instruments,NASDAQ,155.8,93,136.79,96,7.63,26952387.89425373,3532423.0,0.0011999999,-0.39,5826,23912,15977
389,CGEN,Healthcare,Biotechnology,NASDAQ,155.58,93,110.25,89,2.75,274206977.31738424,94554127.0,0.0119,-15.12,458922,542610,419524
390,TWLO,Technology,Software - Infrastructure,NYSE,155.51,93,129.34,95,198.29,30612787098.822937,151773860.0,0.055,-2.66,3130107,2925829,2392351
391,SYNA,Technology,Semiconductors,NASDAQ,155.1,93,139.41,97,128.23,4846324841.341286,38637685.0,0.2193,-1.19,1205218,897356,837369
392,AYA,Basic Materials,Silver,NASDAQ,154.83,93,102.94,81,19.23,2763929942.600992,142986547.0,,-12.59,468303,264991,284476
393,GRDX,Healthcare,Biotechnology,NASDAQ,154.68,93,141.78,97,3.87,21204174.893026352,6200051.0,0.0164,-33.73,183952,129857,110550
394,TGB,Basic Materials,Copper,NYSE ARCA,154.67,93,87.56,28,6.83,2738592209.8132133,365633150.0,1.16,-26.16,5232973,4685827,5075038
395,HL,Basic Materials,Other Precious Metals & Mining,NYSE,154.54,93,86.04,24,17.64,12481958229.200363,670712403.0,0.0,-48.38,16679870,13166676,15210352
396,HBM,Basic Materials,Copper,NYSE,154.39,93,99.62,76,24.95,9937847079.201954,397196119.0,2.0,-13.19,6360364,5336481,5448098
397,EDRY,Industrials,Marine Shipping,NASDAQ,154.36,93,108.38,87,21.16,62638153.710531235,2890547.0,0.0034,-11.76,27812,25614,31614
398,SIFY,Communication Services,Telecom Services,NASDAQ,154.27,93,100.6,78,15.73,1182205547.039795,72350400.0,11.43,-11.88,70484,64971,58498
399,TJGC,Communication Services,Advertising Agencies,NASDAQ,154.2,93,178.91,99,2.19,50903998.41070175,30300000.0,0.0069999998,-96.01,1400460,531413,408672
400,FBYD,Industrials,Conglomerates,NASDAQ,154.15,93,101.7,80,10.55,570465181.8205833,48966970.0,0.0462,-63.65,65598,71506,96203
401,ROIV,Healthcare,Biotechnology,NASDAQ,154.0,93,98.69,74,29.29,20440424090.494354,715701137.0,0.0452,-3.43,4927659,4897243,5317733
402,CLS,Technology,Electronic Components,NYSE,153.92,93,96.69,68,358.55,43178148930.36969,114973107.0,0.0227,-17.57,2058237,2376735,2127563
403,CODI,Industrials,Conglomerates,NYSE,153.63,93,120.82,94,11.97,938944821.239708,75235966.0,0.071100004,-5.3,1064898,1100979,1149857
404,PLPC,Industrials,Electrical Equipment & Parts,NASDAQ,153.34,93,106.02,85,347.44,1692474155.0,4888012.0,0.1118,-6.55,113270,158426,162366
405,RCUS,Healthcare,Biotechnology,NYSE,153.23,93,96.87,69,23.78,3189607465.085846,125773162.0,0.1457,-17.2,969082,1168994,1200504
406,FTRE,Healthcare,Biotechnology,NASDAQ,153.07,93,121.02,94,13.66,1459442412.7649689,94584730.0,0.13149999,-26.83,1791353,1407757,1418400
407,REX,Basic Materials,Chemicals,NYSE,153.06,93,108.36,87,50.06,1636345840.2917938,32937718.0,0.0276,-6.18,153454,175744,214734
408,GHM,Industrials,Specialty Industrial Machinery,NYSE,153.04,93,103.92,83,98.28,1087236295.2331543,11072780.0,0.0322,-2.65,201426,161775,147065
409,APA,Energy,Oil & Gas E&P,NASDAQ,152.88,93,99.95,76,38.98,12569401757.537487,353470227.0,0.0936,-14.63,7671200,7257756,8692048
410,NXT,Technology,Solar,NASDAQ,152.87,93,117.91,93,144.29,18694593935.864777,148475843.0,0.060700003,9.54,2886285,2122811,2035441
411,BFLY,Healthcare,Medical Devices,NYSE,152.82,93,81.48,15,3.83,1088426129.036766,261640906.0,0.1228,-33.04,4805278,5197499,4855969
412,CGEM,Healthcare,Biotechnology,NASDAQ,152.74,93,110.11,89,15.73,894214581.022192,61458046.0,0.1874,-6.03,1125105,809658,830447
413,ECO,Industrials,Marine Shipping,NYSE,152.67,92,103.32,82,55.12,2194309640.7887077,39044655.0,0.0038,-4.27,468447,425432,468843
414,RDW,Industrials,Aerospace & Defense,NYSE,152.65,92,140.28,97,14.06,2202030258.254822,198918728.0,0.1617,-36.81,39016314,28521954,24465242
415,CAT,Industrials,Farm & Heavy Construction Machinery,NYSE,152.58,92,104.13,83,888.31,413358280765.8107,460591983.0,0.0164,-4.62,2528145,2376001,2456979
416,HOVR,Industrials,Aerospace & Defense,NASDAQ,152.4,92,109.55,88,2.21,108179406.46831417,45263348.0,0.051799998,-47.13,2906197,1667505,1271263
417,PLRZ,Healthcare,Biotechnology,NASDAQ,152.08,92,103.33,82,14.8,30585996.605621338,1871848.0,0.0383,-97.65,41341,54827,44516
418,MUX,Basic Materials,Other Precious Metals & Mining,NYSE,151.79,92,94.24,57,22.81,1447502280.6631584,59740087.0,0.169,-23.2,1353827,1052595,1090367
419,NE,Energy,Oil & Gas Drilling,NYSE,151.75,92,101.75,80,52.9,7999633534.780884,159545944.0,0.0,-3.06,1318832,1526064,1615864
420,CRVS,Healthcare,Biotechnology,NASDAQ,151.74,92,73.48,6,12.31,1307606109.2389755,84090424.0,0.2288,-54.32,1670114,1381944,1383702
421,KEN,Utilities,Utilities - Independent Power Producers,NYSE,151.62,92,98.14,72,88.07,4631915377.525558,52108397.0,0.0027,-8.19,31301,28643,26006
422,SSRM,Basic Materials,Gold,NASDAQ,151.6,92,99.05,74,31.39,7096194786.503124,207491071.0,0.0291,-14.05,3593634,3359681,3702100
423,NERV,Healthcare,Biotechnology,NASDAQ,151.44,92,82.01,16,5.21,273941614.2516546,46588709.0,0.0277,-58.19,112171,168507,273820
424,ETON,Healthcare,Drug Manufacturers - Specialty & Generic,NASDAQ,151.41,92,118.74,93,30.26,811217792.713068,27359791.0,0.0922,-6.34,434517,391025,418771
425,ESOA,Industrials,Engineering & Construction,NASDAQ,151.4,92,115.76,92,18.43,323005265.12446404,18660039.0,0.0401,1.65,206357,139215,139389
426,NVMI,Technology,Semiconductor Equipment & Materials,NASDAQ,151.32,92,100.54,78,509.15,16564012833.973389,31782972.0,0.05,-7.43,413964,329874,346852
427,VLN,Technology,Semiconductors,NYSE,151.04,92,171.91,99,3.05,293766628.98340225,105292700.0,0.0002,-8.68,4582943,3571301,2360026
428,AOSL,Technology,Semiconductors,NASDAQ,151.0,92,121.78,94,38.87,1134331051.8689117,29929578.0,0.0684,-22.21,1293962,1115304,787052
429,GEV,Industrials,Specialty Industrial Machinery,NYSE,150.8,92,103.83,83,1049.23,279509109359.79675,268719995.0,0.0294,-11.23,2103111,2402880,2502448
430,ATRO,Industrials,Aerospace & Defense,NASDAQ,150.68,92,101.59,79,78.59,2693445212.567871,35874336.0,0.099300005,-6.4,681608,491106,566031
431,PODC,Communication Services,Internet Content & Information,NASDAQ,150.47,92,131.0,96,3.68,98132029.64498043,27487964.0,0.0123000005,-5.88,231087,130692,96557
432,CECO,Industrials,Pollution & Treatment Controls,NASDAQ,150.43,92,108.3,87,80.84,2933696431.389679,35873031.0,0.1178,-10.43,917582,683834,666874
433,TBH,Communication Services,Electronic Gaming & Multimedia,NASDAQ,149.88,92,155.33,98,0.82,14755566.99296832,23496125.0,0.0171,-66.35,685715,1143918,902015
434,CLMT,Basic Materials,Specialty Chemicals,NASDAQ,149.75,92,90.6,38,31.38,2792261260.0160217,87040558.0,0.083000004,-15.05,1172509,1033319,1251587
435,ECPG,Financial Services,Credit Services,NASDAQ,149.59,92,104.6,83,81.62,1798421699.6721497,21440412.0,0.0655,-11.9,431646,384985,343865
436,LTRX,Technology,Communication Equipment,NASDAQ,149.58,92,95.68,65,6.27,245272282.72441864,39816930.0,0.013300001,-23.91,922828,653892,669631
437,AEIS,Industrials,Electrical Equipment & Parts,NASDAQ,149.52,92,85.25,22,323.46,13586071535.286865,38030657.0,0.0916,-18.61,1127850,752740,705410
438,ELDN,Healthcare,Biotechnology,NASDAQ,149.44,92,116.51,92,3.8,299488762.0734453,77187823.0,0.112399995,-17.39,1281810,1589433,1596446
439,LSCC,Technology,Semiconductors,NASDAQ,149.3,92,104.41,83,120.11,17426029666.32184,137007857.0,0.079,-6.13,2919202,2213907,2008420
440,AESI,Energy,Oil & Gas Equipment & Services,NYSE,149.2,92,127.15,95,18.87,2336983362.2855225,124905584.0,0.1612,-3.77,5389431,6558417,5179662
441,CUE,Healthcare,Biotechnology,NASDAQ,149.01,92,178.96,99,23.01,113937565.0,3255359.0,0.0775,-44.45,459774,1481990,924448
442,TVTX,Healthcare,Biotechnology,NASDAQ,149.01,92,111.63,90,42.59,3961497611.104088,92992905.0,0.18049999,-12.38,3270377,2955995,2264533
443,AKAM,Technology,Software - Infrastructure,NASDAQ,148.8,92,133.33,96,150.88,21565660980.22461,146000000.0,0.1337,0.75,8540336,6068888,5529997
444,RILY,Financial Services,Financial Conglomerates,NASDAQ,148.73,92,109.43,88,9.01,303728253.8913574,37130592.0,0.2028,-17.87,995321,868113,873104
445,MPLT,Healthcare,Biotechnology,NASDAQ,148.65,92,111.01,89,28.73,1167516148.3455448,42610079.0,0.0792,-13.67,247887,308325,281865
446,TIGO,Communication Services,Telecom Services,NASDAQ,148.51,92,95.99,66,79.27,13475358392.049591,167541444.0,0.0381,-7.03,1361126,1297382,1366885
447,CTNM,Healthcare,Biotechnology,NASDAQ,148.51,92,95.52,65,13.72,543224047.8267603,37386377.0,0.1016,-15.98,188230,240473,292422
448,EWTX,Healthcare,Biotechnology,NASDAQ,148.18,92,98.82,74,33.09,3800184939.0852203,107593006.0,0.13260001,-17.19,1606768,1163092,1061155
449,ASTH,Healthcare,Medical Care Facilities,NASDAQ,148.12,92,131.75,96,38.26,2189541765.0939484,55713532.0,0.083500005,-4.11,539087,493452,460917
450,TSHA,Healthcare,Biotechnology,NASDAQ,148.09,92,104.5,83,5.96,1956928529.7570705,287361020.0,0.1379,-18.36,2528794,2772888,2862490
451,EFTY,Industrials,Consulting Services,NASDAQ,148.08,92,94.0,54,15.02,302052209.20562744,20110000.0,0.1087,-17.47,0,0,0
452,JAZZ,Healthcare,Biotechnology,NASDAQ,147.97,92,113.03,91,228.77,14166700906.55304,62742820.0,0.096099995,-0.71,1094905,987401,920163
453,OGN,Healthcare,Drug Manufacturers - General,NYSE,147.96,92,138.9,97,13.4,3505721607.874279,262600862.0,0.0806,-0.3,5960215,14542815,10151493
454,GOOGL,Communication Services,Internet Content & Information,NASDAQ,147.92,92,110.51,89,396.78,4855869869029.595,12115444154.0,0.0134000005,-1.3,25360916,26300962,27676399
455,PHOE,Industrials,Engineering & Construction,NASDAQ,147.82,92,84.05,19,13.1,519695988.46435547,21600000.0,0.00059999997,-90.16,230626,78435,51679
456,CORZ,Technology,Software - Infrastructure,NASDAQ,147.74,92,121.7,94,24.21,7285930916.892723,317885292.0,0.2161,-3.2,18975754,15548788,14009840
457,SKE,Basic Materials,Other Industrial Metals & Mining,NYSE,147.72,92,93.59,52,30.99,3878959717.886202,121941521.0,4.12,-20.07,673602,635874,767756
458,LXU,Basic Materials,Chemicals,NYSE,147.64,92,101.05,79,14.5,1000436191.3755608,71922085.0,0.021,-15.8,1116907,1308859,1804745
459,MPWR,Technology,Semiconductors,NASDAQ,147.59,92,108.55,88,1550.02,78648094105.057,49129267.0,0.0434,-6.74,628225,618315,588139
460,PLXS,Technology,Electronic Components,NASDAQ,147.47,92,106.09,85,258.43,7131923690.933533,26756421.0,0.065,-6.31,294610,341063,348960
461,LUMN,Communication Services,Telecom Services,NYSE,147.23,92,112.29,90,10.05,8737037401.961021,1030311070.0,0.0655,-15.9,17972676,14689942,13509731
462,ADTN,Technology,Communication Equipment,NASDAQ,147.13,92,96.63,68,14.91,1210111580.0118446,80998100.0,0.1339,-20.22,3063208,2769062,2405705
463,URGN,Healthcare,Biotechnology,NASDAQ,146.96,92,128.01,95,28.78,1432417990.814146,48721701.0,0.16319999,-5.48,1218574,941878,845812
464,VOR,Healthcare,Biotechnology,NASDAQ,146.87,92,94.85,61,14.63,917906413.7183056,54185737.0,0.10479999,-77.77,916472,1040334,1094432
465,PRM,Basic Materials,Specialty Chemicals,NYSE,146.85,92,111.79,90,33.23,5182546866.183643,163127063.0,0.026500002,3.78,1869220,1315533,1248370
466,CAMT,Technology,Semiconductor Equipment & Materials,NASDAQ,146.83,92,91.04,40,168.35,9567600370.258835,46548607.0,0.108,-19.91,582252,415690,451284
467,HP,Energy,Oil & Gas Drilling,NYSE,146.83,92,101.68,79,39.5,3775391244.5739746,99930952.0,0.1118,-5.23,1255073,1141781,1279750
468,PNRG,Energy,Oil & Gas E&P,NASDAQ,146.77,92,121.89,94,268.16,386782904.93774414,1618000.0,0.0872,7.48,42008,76236,65395
469,AXSM,Healthcare,Biotechnology,NASDAQ,146.46,92,113.73,91,227.72,11186324184.348389,51459766.0,0.081499994,-2.8,888769,812299,723063
470,TROX,Basic Materials,Chemicals,NYSE,146.37,92,80.86,14,7.99,1407002460.39711,159524094.0,0.15890001,-24.55,4129264,3072831,3355408
471,JFU,Technology,Information Technology Services,NASDAQ,146.35,92,121.01,94,4.21,42384001.277207375,11773334.0,0.0001,-55.59,12298,8499,7109
472,KLAC,Technology,Semiconductor Equipment & Materials,NASDAQ,146.28,91,104.41,83,1804.32,244167648324.0337,130627521.0,0.028499998,-6.96,1082679,970699,995165
473,CSCO,Technology,Communication Equipment,NASDAQ,146.18,91,131.89,96,118.21,381441169860.5283,3949893042.0,0.0147,21.84,31018868,21967782,22921581
474,ESPR,Healthcare,Drug Manufacturers - Specialty & Generic,NASDAQ,146.16,91,105.9,85,3.12,808336324.8856854,257431942.0,0.12560001,-25.36,17971034,17087528,12537540
475,DK,Energy,Oil & Gas Refining & Marketing,NYSE,146.11,91,99.57,76,44.81,2821678489.7904205,61287542.0,0.1681,-9.47,1318794,1316018,1412046
476,POWI,Technology,Semiconductors,NASDAQ,146.09,91,117.71,93,73.24,4083160359.5024414,55719984.0,0.105500005,-10.23,1370422,1158604,1062428
477,CRDO,Technology,Semiconductors,NASDAQ,146.06,91,114.03,91,172.17,34769736840.33447,184449940.0,0.0563,-19.47,5754605,6838298,6801875
478,BB,Technology,Software - Infrastructure,NYSE,146.01,91,135.02,96,6.19,3744810820.7221985,587882400.0,0.0519,-6.35,29754100,22014283,16809604
479,WBD,Communication Services,Entertainment,NASDAQ,145.99,91,92.82,48,26.98,67968477521.4548,2507136702.0,0.0238,-10.07,16721064,17916954,21817832
480,GOOG,Communication Services,Internet Content & Information,NASDAQ,145.93,91,110.1,89,393.32,4810436953452.095,12115444154.0,2.1,-1.27,16684043,17475124,18682592
481,ALMU,Technology,Semiconductors,NASDAQ,145.86,91,130.64,96,24.86,440583556.7058945,18049306.0,0.28120002,-13.46,2435722,2338334,1619260
482,SSSS,Financial Services,Asset Management,NASDAQ,145.81,91,104.77,84,13.21,344648156.7214966,26070208.0,0.0153,-8.77,285534,350658,358760
483,CEVA,Technology,Semiconductors,NASDAQ,145.76,91,138.46,97,36.51,1029960905.9380188,27859369.0,0.0623,-1.51,1157604,774734,615530
484,ASTS,Technology,Communication Equipment,NASDAQ,145.67,91,97.72,71,83.67,22415839973.245163,298678735.0,0.2133,-35.58,22951816,18953098,16344543
485,MAKO,Basic Materials,Gold,NASDAQ,145.54,91,105.16,84,8.21,711024923.6190214,87564647.0,0.61,-6.49,139190,187350,148918
486,FTI,Energy,Oil & Gas Equipment & Services,NYSE,145.53,91,94.49,59,71.28,27968938682.920815,398701897.0,0.0275,-8.36,3699697,3651512,3959877
487,ROG,Technology,Electronic Components,NYSE,145.51,91,110.41,89,139.71,2510574998.4632874,17848535.0,0.0277,-3.29,251896,248818,215791
488,LFUS,Technology,Electronic Components,NASDAQ,145.5,91,110.49,89,446.11,11557787764.249756,25288904.0,0.033099998,-6.08,508104,318738,301342
489,AIRS,Healthcare,Medical Care Facilities,NASDAQ,145.42,91,165.28,98,4.8,272306321.25946355,70545681.0,0.123900004,-60.0,1740932,1485247,3308450
490,CGAU,Basic Materials,Gold,NYSE,145.27,91,88.72,31,17.11,3652162940.237198,198595055.0,2.4,-19.18,1711823,1621744,2034356
491,RSI,Consumer Cyclical,Gambling,NYSE,145.23,91,111.31,90,26.77,2855932091.455797,102953573.0,0.0699,-8.45,2745296,2000595,1874111
492,OLMA,Healthcare,Biotechnology,NASDAQ,145.17,91,79.46,12,13.59,1301457333.480095,87346132.0,0.1599,-62.52,1178848,943756,1552275
493,SQM,Basic Materials,Specialty Chemicals,NYSE,145.14,91,93.22,50,84.26,26104439098.780518,285637808.0,1.05,-14.02,1189273,1298307,1272978
494,CPIX,Healthcare,Drug Manufacturers - Specialty & Generic,NASDAQ,144.69,91,139.39,97,5.47,70120938.18797922,14983107.0,0.0128999995,-12.76,182817,1940045,1190499
495,MBX,Healthcare,Biotechnology,NASDAQ,144.66,91,93.84,53,32.45,1949833069.5028076,47597536.0,0.1117,-27.71,913119,606936,573429
496,CTOS,Industrials,Rental & Leasing Services,NYSE,144.5,91,115.66,92,9.84,2206098320.320632,227432821.0,0.037100002,-3.58,1195682,1171454,1059604
497,INDV,Healthcare,Drug Manufacturers - Specialty & Generic,NASDAQ,144.44,91,101.3,79,36.76,4669081107.5,118204585.0,0.1362,-10.34,2564425,2066865,2787697
498,TII,Basic Materials,Other Industrial Metals & Mining,NYSE ARCA,144.22,91,79.77,13,2.5,248668900.3079548,98288104.0,1.43,-55.75,343337,241132,261789
499,TRVI,Healthcare,Biotechnology,NASDAQ,144.15,91,104.88,84,14.2,2058705766.0,141979708.0,0.141,-11.91,1585190,1730666,1569066
500,AAUC,Basic Materials,Gold,NYSE,144.06,91,86.87,26,28.21,3724825585.317951,125881229.0,0.025799999,-12.39,559136,799115,762445
501,USAR,Basic Materials,Other Industrial Metals & Mining,NASDAQ,143.88,91,112.15,90,24.39,5876891792.108215,217985608.0,0.1314,-44.54,17712018,17866739,15943049
502,IMRX,Healthcare,Biotechnology,NASDAQ,143.87,91,91.02,40,5.16,337719511.3659816,64697227.0,0.19569999,-48.81,671011,757380,901186
503,SDRL,Energy,Oil & Gas Drilling,NYSE,143.78,91,106.1,85,52.7,3017557259.981941,62449447.0,0.070300005,4.91,681016,658048,685399
504,ILPT,Real Estate,REIT - Industrial,NASDAQ,143.76,91,117.07,92,7.86,543323563.219141,66665471.0,0.0149,-4.03,358607,376139,339075
505,GORO,Basic Materials,Other Precious Metals & Mining,NYSE ARCA,143.58,91,84.68,21,1.31,212070841.99680042,161886146.0,0.014400001,-29.95,1631595,1882401,1837143
506,SNEX,Financial Services,Capital Markets,NASDAQ,143.46,91,108.2,87,110.21,9662342247.206177,79251496.0,0.0588,-12.13,786770,714183,813358
507,CADL,Healthcare,Biotechnology,NASDAQ,143.36,91,144.92,97,8.77,611806523.600378,73270239.0,0.24370001,4.9,2715107,2069222,1749063
508,FBRX,Healthcare,Biotechnology,NASDAQ,143.3,91,75.16,8,23.11,491901193.71445847,20478817.0,0.0478,-35.45,206429,338426,298013
509,IMDX,Healthcare,Diagnostics & Research,NASDAQ,143.17,91,145.67,97,6.41,161763082.78014565,32288039.0,0.026700001,-24.68,619068,461879,368917
510,SION,Healthcare,Biotechnology,NASDAQ,143.12,91,94.16,56,40.22,1996645235.2354813,45142330.0,0.1401,-13.43,449807,441252,398245
511,MEOH,Basic Materials,Chemicals,NASDAQ,143.05,91,101.94,80,63.38,4656554883.726353,77364263.0,0.55,-5.05,748456,1360028,1739673
512,DXYZ,Financial Services,Asset Management,NYSE,143.02,91,143.73,97,47.62,1199906219.4668198,21976305.0,0.1383,-13.42,6499048,3219029,2892361
513,CMTV,Financial Services,Banks - Regional,NASDAQ,142.94,91,100.7,78,38.78,221848110.66412354,5596572.0,0.0106,-9.65,11927,22365,38665
514,WILC,Consumer Defensive,Food Distribution,NASDAQ,142.84,91,115.16,92,35.3,501491160.0,13930310.0,0.0002,-4.18,4350,3550,2974
515,FOSL,Consumer Cyclical,Footwear & Accessories,NASDAQ,142.83,91,85.56,23,4.06,261709350.00882864,59076605.0,0.060700003,-29.39,1033566,818098,853185
516,CNTN,Healthcare,Biotechnology,NASDAQ,142.82,91,97.7,71,3.62,171101937.3393674,56656271.0,0.0661,-60.13,529138,601862,555519
517,SEPN,Healthcare,Biotechnology,NASDAQ,142.8,91,101.73,80,26.95,1072937179.1528606,44949189.0,0.0941,-17.41,337970,346713,317338
518,ADAG,Healthcare,Biotechnology,NASDAQ,142.42,91,88.27,30,3.5,243807875.64070415,66072594.0,0.0073,-26.32,69987,239822,273695
519,PALI,Healthcare,Biotechnology,NASDAQ,142.24,91,87.43,27,1.83,301723555.6070552,167624202.0,0.1532,-36.01,2590052,3780664,3993978
520,HAL,Energy,Oil & Gas Equipment & Services,NYSE,142.17,91,102.06,80,41.76,33273893314.70894,835397735.0,0.045300003,-1.65,9172077,12509399,15071843
521,AVR,Healthcare,Medical Instruments & Supplies,NASDAQ,142.02,91,114.22,91,7.24,639786907.901783,97232054.0,0.0608,4.19,743002,719644,907170
522,SHMD,Industrials,Specialty Industrial Machinery,NASDAQ,141.98,91,105.11,84,6.87,346805184.0,57800864.0,0.1195,-35.49,1035520,946450,931004
523,TALK,Healthcare,Health Information Services,NASDAQ,141.98,91,101.38,79,5.2,869390227.1251459,167512566.0,0.0353,0.0,1706518,1639149,4586709
524,SWBI,Industrials,Aerospace & Defense,NASDAQ,141.92,91,100.66,78,15.34,646939065.1426983,44493746.0,0.036199998,-2.85,466472,494614,630468
525,DHX,Technology,Software - Application,NYSE,141.91,91,127.17,95,3.61,151626759.15802693,43198507.0,0.0087,1.98,470852,296590,275144
526,TALO,Energy,Oil & Gas E&P,NYSE,141.83,91,103.65,82,16.39,2502217973.6137123,166925818.0,0.086899996,-3.62,1847471,1825900,2340356
527,APLM,Healthcare,Biotechnology,NASDAQ,141.83,91,87.94,29,15.0,33929002.98113632,2196052.0,0.0032,-64.39,6268,8529,7123
528,IAUX,Basic Materials,Gold,NYSE ARCA,141.8,91,84.99,21,1.48,1359670847.6108487,860551146.0,0.0694,-33.93,15738035,15778481,19127749
529,CXDO,Communication Services,Telecom Services,NASDAQ,141.75,91,137.65,97,9.89,303407880.1510649,32415373.0,0.033099998,0.51,625537,323135,270731
530,CYRX,Industrials,Integrated Freight & Logistics,NASDAQ,141.73,91,129.77,95,13.14,685471476.0269566,50402313.0,0.0542,-3.95,861951,583620,528210
531,NAT,Energy,Oil & Gas Midstream,NYSE,141.7,90,93.33,50,5.47,1253563941.1152935,211750663.0,0.053000003,-13.72,2891709,4110819,4642717
532,STAA,Healthcare,Medical Instruments & Supplies,NASDAQ,141.62,90,136.11,96,32.07,1328849620.1398182,49788295.0,0.2635,4.09,1251659,1210926,1222593
533,CBIO,Healthcare,Biotechnology,NASDAQ,141.47,90,122.2,94,19.97,517303723.3113766,27574825.0,0.1846,-28.68,290598,295952,271793
534,AMN,Healthcare,Medical Care Facilities,NYSE,141.39,90,139.88,97,28.61,1119871362.1368637,38656244.0,0.0736,-1.34,1709866,1032408,1014317
535,OSCR,Healthcare,Healthcare Plans,NYSE,141.25,90,144.92,97,23.32,5666371477.993011,265902000.0,0.1069,-2.02,10590457,7667775,7217431
536,KRYS,Healthcare,Biotechnology,NASDAQ,140.98,90,107.99,87,306.29,9012255954.857788,29479756.0,0.1626,0.06,416063,298697,293860
537,AIRG,Technology,Communication Equipment,NASDAQ,140.97,90,103.06,82,6.84,90378312.8506279,12675780.0,0.0143,-7.44,130653,112324,103352
538,FRO,Energy,Oil & Gas Midstream,NYSE,140.95,90,98.68,74,36.66,8795830010.23487,222622890.0,0.035,-8.1,2409590,2854313,3463876
539,AA,Basic Materials,Aluminum,NYSE,140.89,90,90.31,37,62.53,16672562383.032799,263889875.0,0.0227,-17.4,4393942,4439124,5328884
540,ARW,Technology,Electronics & Computer Distribution,NYSE,140.84,90,117.19,92,208.37,9968562616.65158,51133946.0,0.0421,4.46,995413,747607,636368
541,DTIL,Healthcare,Biotechnology,NASDAQ,140.8,90,114.31,91,7.27,198447357.09662533,25805898.0,0.0496,-17.57,233786,227422,294653
542,MRNA,Healthcare,Biotechnology,NASDAQ,140.67,90,98.07,72,49.04,21565332571.202217,396786259.0,0.1833,-17.65,10527776,7320992,7327189
543,AMSC,Industrials,Specialty Industrial Machinery,NASDAQ,140.65,90,129.15,95,55.06,2627721943.764477,47612285.0,0.0645,-21.89,1191569,1331786,1198105
544,NVRI,Industrials,Waste Management,NYSE,140.61,90,93.5,51,19.39,1592909913.44981,82705602.0,0.1617,-3.0,1084114,916064,1205928
545,DAR,Consumer Defensive,Packaged Foods,NYSE,140.55,90,97.34,70,62.37,10018988196.858902,158729220.0,0.0437,-5.53,2498870,2849113,3197390
546,EQNR,Energy,Oil & Gas Integrated,NYSE,140.55,90,101.32,79,39.48,91437425200.61613,2492162132.0,0.026300002,-9.16,4001936,5089338,7448249
547,HPE,Technology,Communication Equipment,NYSE,140.52,90,120.48,93,33.1,41596876196.304665,1326854089.0,0.0631,5.58,17369526,15198612,17889599
548,HYPR,Healthcare,Medical Devices,NASDAQ,140.18,90,105.11,84,1.55,166499138.5673709,98520197.0,0.014099999,-30.18,664849,661713,657943
549,KN,Technology,Electronic Components,NYSE,139.96,90,114.2,91,35.12,3018579980.355835,85560660.0,0.0481,-0.65,1190155,945475,794085
550,AAMI,Financial Services,Asset Management,NYSE,139.93,90,107.4,87,68.82,2445217348.582062,35628988.0,0.0545,-1.5,356609,355729,325103
551,FSLY,Technology,Software - Application,NASDAQ,139.81,90,62.66,2,17.0,3209815035.8200073,156500000.0,0.1462,-51.18,15280321,13348797,13073904
552,Q,Technology,Semiconductor Equipment & Materials,NYSE,139.39,90,115.6,92,157.23,30889047152.206924,209658907.0,0.020299999,3.88,2242351,1789860,1864720
553,JBL,Technology,Electronic Components,NYSE,139.38,90,106.8,86,339.82,37469255559.3631,105502622.0,0.0273,-8.74,1378986,1164502,1226803
554,PBI,Industrials,Integrated Freight & Logistics,NYSE,139.32,90,118.43,93,15.75,2126430346.6665983,135441425.0,0.0001,-1.25,4115862,3695514,3512614
555,RDZN,Technology,Software - Application,NASDAQ,139.26,90,116.06,92,1.77,151922771.57542086,84401542.0,0.0028,-30.86,1272868,660209,426441
556,ADI,Technology,Semiconductors,NASDAQ,139.23,90,109.66,88,417.49,203346790110.06894,488204157.0,0.0228,-0.3,3549472,3302074,3484352
557,CYTK,Healthcare,Biotechnology,NASDAQ,139.22,90,109.7,88,75.85,10328376676.990967,134291720.0,0.19510001,-5.42,5336079,2864146,2587649
558,ASC,Industrials,Marine Shipping,NYSE,139.19,90,111.19,90,18.93,796875079.4369316,40802614.0,0.0545,-3.52,784726,642535,671453
559,RELL,Technology,Electronic Components,NASDAQ,139.18,90,120.51,93,16.96,223885462.02590752,14556922.0,0.0339,8.65,270774,187554,147570
560,OOMA,Technology,Software - Application,NYSE,139.15,90,118.02,93,18.82,530538817.4568615,27474823.0,0.0287,-2.54,301514,269981,277564
561,DGII,Technology,Communication Equipment,NASDAQ,139.09,90,109.74,88,62.0,2480050604.196808,37702199.0,0.0735,-11.19,409535,308698,308729
562,SLDB,Healthcare,Biotechnology,NASDAQ,139.08,90,90.38,37,6.92,715464521.9129157,98413277.0,0.1104,-21.95,1382943,1071487,1382546
563,CVV,Industrials,Specialty Industrial Machinery,NASDAQ,139.0,90,93.16,49,5.2,49185727.47855377,6937338.0,0.0037,-38.53,258407,194039,369337
564,DDOG,Technology,Software - Application,NASDAQ,138.94,90,151.03,98,207.98,71248992733.80515,355960189.0,0.0444,3.12,8594297,6072215,5351245
565,CYD,Consumer Cyclical,Auto Manufacturers,NYSE,138.78,90,110.59,89,50.0,1734847318.4932594,37518323.0,0.0273,-11.58,182756,124888,139543
566,CC,Basic Materials,Specialty Chemicals,NYSE,138.71,90,91.05,40,23.13,3464702553.0349045,150377709.0,0.0883,-19.32,3955919,2874116,3159453
567,WFRD,Energy,Oil & Gas Equipment & Services,NASDAQ,138.7,90,99.88,76,108.83,7359399948.290131,71925332.0,0.0655,-3.1,1013271,1249967,1408094
568,PLTS,Technology,Software - Application,NASDAQ,138.7,90,94.0,54,17.5,316034425.0,18059110.0,0.0011,-10.26,0,0,0
569,GHRS,Healthcare,Biotechnology,NASDAQ,138.65,90,116.45,92,21.39,1468494672.3104973,68557174.0,0.106000006,-13.26,177394,228681,219834
570,KYMR,Healthcare,Biotechnology,NASDAQ,138.5,90,93.1,49,82.21,7080733325.658142,82257588.0,0.1511,-20.18,455347,487145,562137
571,SII,Financial Services,Asset Management,NYSE,138.43,90,90.65,38,129.04,3630445167.6642456,25782581.0,2.5,-23.93,194709,196486,209207
572,GLBS,Industrials,Marine Shipping,NASDAQ,138.33,90,93.4,51,2.07,46833594.81659889,21582301.0,0.0134000005,-15.16,60660,59006,85606
573,SNX,Technology,Electronics & Computer Distribution,NYSE,138.22,90,108.76,88,230.29,19275351647.825317,80626390.0,0.0186,-4.23,617488,777536,801901
574,WRN,Basic Materials,Other Industrial Metals & Mining,NYSE ARCA,138.21,90,92.85,48,2.8,696503759.9470711,226137590.0,0.0085,-34.27,2778872,2285784,2035800
575,ELMD,Healthcare,Medical Devices,NYSE ARCA,138.2,90,135.27,96,35.68,222854181.6154251,8275313.0,0.021,16.11,82227,48825,50239
576,LBRX,Healthcare,Biotechnology,NASDAQ,138.18,90,100.79,78,29.66,916760095.2000027,28675637.0,0.1305,-11.38,130346,245008,251495
577,HAFN,Industrials,Marine Shipping,NYSE,138.12,90,103.23,82,8.72,4478040511.865144,499781305.0,0.070199996,-8.55,1270657,1618059,1923119
578,ACDC,Energy,Oil & Gas Equipment & Services,NASDAQ,138.02,90,106.96,86,7.28,1204932187.373684,180920753.0,0.049099997,-31.96,1289413,1255174,1484528
579,ESI,Basic Materials,Specialty Chemicals,NYSE,138.01,90,106.36,86,42.34,10694356363.915085,243607198.0,0.0654,-5.7,3252962,3200590,3098294
580,ARM,Technology,Semiconductors,NASDAQ,137.93,90,119.22,93,209.16,226918979356.52234,1063998569.0,0.1146,-12.67,12064005,9643025,8984377
581,STOK,Healthcare,Biotechnology,NASDAQ,137.92,90,85.18,22,30.08,2048095848.9727478,62271082.0,0.2523,-25.21,533585,532945,721471
582,TDAY,Communication Services,Publishing,NYSE,137.87,90,99.48,76,7.39,1122429875.5951118,147107452.0,0.1273,-3.78,1863056,1772925,1943067
583,AEVA,Technology,Software - Infrastructure,NASDAQ,137.79,90,130.23,96,20.48,855269029.3958511,63026459.0,0.2034,-47.22,3109838,1822122,1684979
584,ATI,Industrials,Metal Fabrication,NYSE,137.68,90,95.87,66,154.22,21615550849.23506,136470427.0,0.0419,-9.87,1845166,1760355,1936905
585,PYXS,Healthcare,Biotechnology,NASDAQ,137.59,90,136.99,96,2.28,172223971.95943642,62855464.0,0.0436,-58.92,939298,572029,480159
586,ADV,Communication Services,Advertising Agencies,NASDAQ,137.42,90,132.5,96,34.39,528886222.17041016,13295280.0,0.0954,-35.87,79223,78691,75869
587,SLSR,Basic Materials,Other Precious Metals & Mining,NYSE ARCA,137.41,90,95.24,64,9.86,1702089922.229187,167035328.0,3.63,-13.74,138004,124058,127564
588,CHRD,Energy,Oil & Gas E&P,NASDAQ,137.32,90,106.56,86,148.39,7681460665.969177,56299183.0,0.065799996,-1.4,720659,819736,1033293
589,TXN,Technology,Semiconductors,NASDAQ,137.31,89,120.99,94,302.73,261924694140.26886,910092791.0,0.0212,3.45,7456782,7826900,7194416
590,WEST,Consumer Defensive,Packaged Foods,NASDAQ,137.31,89,152.15,98,8.45,804853186.5,97557962.0,0.1966,-1.97,1484119,740239,601465
591,PTGX,Healthcare,Biotechnology,NASDAQ,137.3,89,99.65,76,102.18,6389978060.532547,64311373.0,0.153,-5.25,591035,650808,781267
592,VIR,Healthcare,Biotechnology,NASDAQ,137.28,89,89.41,34,8.79,1538105983.5793133,168651974.0,0.10560001,-24.61,1602807,1705445,2045999
593,TENX,Healthcare,Biotechnology,NASDAQ,137.13,89,84.75,21,11.98,300542326.0669708,25775500.0,0.0076,-34.82,726679,645646,582913
594,RMBS,Technology,Semiconductors,NASDAQ,137.1,89,111.68,90,127.05,13976702984.75,108136967.0,0.0849,-21.48,2339384,2616348,2368820
595,MRVI,Healthcare,Biotechnology,NASDAQ,137.09,89,117.51,93,4.15,715356022.4336767,147496090.0,0.0744,-16.16,3455336,2356255,2195983
596,OUT,Real Estate,REIT - Specialty,NYSE,137.05,89,103.18,82,31.51,5968145474.533241,176051481.0,0.047,-9.87,2063021,1435143,1439152
597,VET,Energy,Oil & Gas E&P,NYSE,136.75,89,97.95,72,12.8,1806227994.1558838,153200000.0,4.81,-13.63,1622271,1623433,2283908
598,APGE,Healthcare,Biotechnology,NASDAQ,136.64,89,95.22,63,81.14,6255471472.9123535,75339896.0,0.2002,-14.87,608786,627772,888781
599,CASY,Consumer Cyclical,Specialty Retail,NASDAQ,136.62,89,105.79,85,852.75,31858657882.188232,37066933.0,0.0347,-1.77,425515,685098,612167
600,ECVT,Basic Materials,Specialty Chemicals,NYSE,136.53,89,101.66,79,14.56,1547672301.3378716,109453484.0,0.0306,-2.54,1848765,1926995,2243851
601,FIGS,Consumer Cyclical,Apparel Manufacturing,NYSE,136.51,89,79.19,12,11.77,1942759571.507041,167047253.0,0.1328,-32.67,5271041,3702613,3427622
602,SU,Energy,Oil & Gas Integrated,NYSE,136.44,89,100.71,78,68.29,75579502070.23386,1180745189.0,1.55,-2.85,3551837,3595312,4537947
603,CD,Financial Services,Capital Markets,NASDAQ,136.39,89,160.01,98,8.29,499487638.97075653,79409800.0,0.0359,-77.45,93738,89452,111495
604,SKM,Communication Services,Telecom Services,NYSE,136.38,89,104.58,83,38.26,14533952612.33297,383785398.0,0.0128999995,-5.51,2255576,2138372,1783423
605,ORN,Industrials,Engineering & Construction,NYSE,136.38,89,108.43,88,15.04,603141226.7583809,40479278.0,0.0399,-4.87,455744,324478,367810
606,PDS,Energy,Oil & Gas Drilling,NYSE,136.36,89,97.22,70,95.0,1136111559.23806,12941241.0,1.87,-8.48,112142,122204,140864
607,KNSA,Healthcare,Drug Manufacturers - Specialty & Generic,NASDAQ,136.28,89,107.06,86,56.51,4508567620.201904,76938016.0,0.108,-3.98,535592,782837,721086
608,ARCB,Industrials,Trucking,NASDAQ,136.22,89,102.02,80,122.71,2693249493.777466,22263780.0,0.0774,-9.17,376271,337810,330806
609,PTHS,Healthcare,Biotechnology,NYSE ARCA,136.21,89,111.06,90,26.72,85549571.60108376,3355543.0,0.028800001,-50.78,25021,20833,14258
610,CAMP,Healthcare,Biotechnology,NASDAQ,136.19,89,97.19,70,4.31,231589069.98081207,51925800.0,0.013300001,-44.39,91776,82072,223921
611,WHLRP,Real Estate,REIT - Retail,NASDAQ,136.09,89,94.09,55,7.06,,,0.7,-8.9,1453,4544,8512
612,BRCC,Consumer Defensive,Packaged Foods,NYSE,136.01,89,167.6,99,1.6,152105206.12081409,117004009.0,0.0963,-23.81,2156050,1035456,939426
613,BWLP,Energy,Oil & Gas Midstream,NYSE,135.94,89,108.69,88,21.06,3093981502.112114,151814604.0,0.0042,1.54,349344,360821,416362
614,CMI,Industrials,Specialty Industrial Machinery,NYSE,135.93,89,107.02,86,696.53,93770468795.41315,137989067.0,0.016900001,-3.0,1040475,829861,839213
615,VLO,Energy,Oil & Gas Refining & Marketing,NYSE,135.88,89,100.55,78,250.74,71578615703.98645,296932782.0,0.0341,-2.98,3132931,3072273,3776002
616,IMNM,Healthcare,Biotechnology,NASDAQ,135.85,89,87.1,27,20.88,2541319266.8417683,113249519.0,0.1924,-24.48,880647,918369,1171075
617,IDR,Basic Materials,Gold,NYSE ARCA,135.8,89,89.77,35,38.19,776032345.7221642,15808359.0,0.0935,-30.18,270628,250176,277325
618,BVN,Basic Materials,Other Precious Metals & Mining,NYSE,135.77,89,93.77,53,34.29,8980975772.141281,253986867.0,0.023699999,-23.24,1275114,1426331,1545526
619,FATE,Healthcare,Biotechnology,NASDAQ,135.74,89,120.65,94,1.75,277913258.46843505,116281693.0,0.100200005,-29.15,4926074,2595941,2119882
620,MPTI,Technology,Electronic Components,NYSE ARCA,135.68,89,112.83,91,79.4,350865430.41334534,4321003.0,0.0845,-8.98,79613,80274,93008
621,VOXR,Basic Materials,Other Precious Metals & Mining,NASDAQ,135.67,89,109.01,88,6.21,409958622.3082514,68900611.0,0.022,-5.77,408958,349282,490543
622,PAAS,Basic Materials,Gold,NYSE,135.59,89,97.05,70,56.4,24918638742.82837,421350000.0,0.49,-19.42,5734407,4853585,6346777
623,DFSC,Industrials,Aerospace & Defense,NASDAQ,135.5,89,164.31,98,4.06,8014376.481974602,1993626.0,0.0038,-73.58,149989,174453,118549
624,PZG,Basic Materials,Gold,NYSE ARCA,135.5,89,79.08,12,1.41,120691073.27583218,83813242.0,0.0047,-47.97,1116708,762656,875483
625,AENT,Communication Services,Entertainment,NASDAQ,135.49,89,92.19,45,6.7,361287761.0754776,50957370.0,0.1148,-23.86,31118,22832,26617
626,PGEN,Healthcare,Biotechnology,NASDAQ,135.38,89,99.71,76,4.42,1500911226.7698145,356510977.0,0.2061,-19.2,3835267,3214039,4164559
627,POAS,Healthcare,Medical Devices,NYSE ARCA,135.35,89,136.68,96,2.55,32760328.93794775,13707250.0,0.0078,-65.52,2367794,942798,639882
628,APYX,Healthcare,Medical Devices,NASDAQ,135.32,89,110.24,89,4.05,153677403.36472893,41873951.0,0.005,-10.0,339691,208127,189224
629,TRMD,Energy,Oil & Gas Midstream,NASDAQ,135.23,89,101.75,80,32.03,3496552377.01062,103082328.0,0.0109,-8.16,1112911,823217,907504
630,CMPR,Industrials,Specialty Business Services,NASDAQ,135.19,89,107.87,87,94.2,2221355645.929718,24232090.0,0.1384,-1.87,185118,145322,137403
631,JCSE,Industrials,Specialty Industrial Machinery,NASDAQ,135.18,89,102.52,81,1.24,5812587.400331497,5260260.0,0.0313,-50.4,43576,64192,843769
632,EXK,Basic Materials,Silver,NYSE,134.98,89,94.07,55,9.81,2969570005.0011005,296068802.0,1.87,-35.25,10600162,8042264,9265678
633,AVT,Technology,Electronics & Computer Distribution,NASDAQ,134.95,89,110.8,89,84.06,6733356508.908844,82024081.0,0.104399994,-0.81,1321228,1366792,1154751
634,AGRO,Consumer Defensive,Farm Products,NYSE,134.84,89,99.52,76,13.11,1894770175.0947933,144308466.0,0.0128999995,-17.5,1276714,1361941,1889854
635,MUR,Energy,Oil & Gas E&P,NYSE,134.68,89,98.55,73,40.64,5301067254.859772,143349576.0,0.0967,-6.23,1935914,1896708,2455628
636,ATEN,Technology,Software - Infrastructure,NYSE,134.66,89,106.24,86,27.95,2001549210.0697517,71998175.0,0.108,-2.24,937276,1064935,1113457
637,APEI,Consumer Defensive,Education & Training Services,NASDAQ,134.6,89,91.13,40,53.32,1036547956.1534042,18411154.0,0.145,-13.43,324433,270824,379514
638,VG,Energy,Oil & Gas Midstream,NYSE,134.49,89,110.02,89,14.23,28425409778.937622,2482568581.0,0.9396,-27.03,23274639,23186176,28682801
639,MG,Industrials,Security & Protection Services,NYSE,134.41,89,94.58,60,17.0,561246233.420639,31816681.0,0.0414,-13.09,226056,179758,173261
640,IAG,Basic Materials,Gold,NYSE,134.39,89,86.85,26,16.98,10808600440.979004,578000000.0,0.52,-31.72,5881986,6635082,7149129
641,ACHV,Healthcare,Biotechnology,NASDAQ,134.38,89,120.55,94,5.29,534853690.88613224,102659057.0,0.15010001,-12.27,1393163,1634937,1305374
642,PDSB,Healthcare,Biotechnology,NASDAQ,134.29,89,146.65,98,1.34,69769566.25,55815653.0,0.0318,-30.03,1077279,1216619,909935
643,PBR,Energy,Oil & Gas Integrated,NYSE,134.14,89,94.88,62,19.93,131013968034.06386,6444366381.0,1.68,-10.39,18815461,21289993,29018570
644,WCC,Industrials,Industrial Distribution,NYSE,134.09,89,106.25,86,358.72,17305335057.611572,48704892.0,0.0378,-2.76,688692,632734,622956
645,IPWR,Technology,Semiconductors,NASDAQ,134.01,89,168.42,99,6.12,53364403.76701212,12155901.0,0.0043,-11.3,774799,463893,297271
646,MBAI,Healthcare,Diagnostics & Research,NASDAQ,133.96,89,100.15,77,1.77,10179728.234763622,7020502.0,0.028499998,-54.85,293559,187109,133339
647,EXTR,Technology,Communication Equipment,NASDAQ,133.82,89,130.33,96,24.66,3143905355.2509155,130778088.0,0.101,1.86,2829098,3017669,2372869
648,TBN,Energy,Oil & Gas E&P,NYSE,133.79,88,96.61,68,36.49,965148718.3513794,27080492.0,0.0363,-30.11,150916,231475,192423
649,ASML,Technology,Semiconductor Equipment & Materials,NASDAQ,133.78,88,101.22,79,1501.81,613592638560.9888,385417665.0,0.0019,-5.86,1864748,1808246,1764243
650,DDD,Technology,Computer Hardware,NYSE,133.74,88,132.42,96,3.02,360761325.22873044,146057215.0,0.27809998,-20.53,6201580,3679256,3634588
651,SCHL,Communication Services,Publishing,NASDAQ,133.73,88,96.99,69,39.7,740013030.9411392,18454191.0,0.2351,-8.5,350120,666023,634238
652,NAK,Basic Materials,Other Industrial Metals & Mining,NYSE ARCA,133.71,88,100.08,77,2.04,1203976751.7047281,559989162.0,0.0631,-31.54,7410634,8992598,8245144
653,NUE,Basic Materials,Steel,NYSE,133.69,88,108.13,87,227.02,51809859010.0,227735644.0,0.0256,-3.58,1327868,1527732,1481783
654,MDAI,Healthcare,Medical Devices,NASDAQ,133.67,88,127.64,95,2.43,73513403.52901697,31823985.0,0.056900002,-24.3,623097,497779,876257
655,FSTR,Industrials,Railroads,NASDAQ,133.59,88,121.16,94,38.79,442402156.0206604,10458680.0,0.018099999,-8.79,148113,141334,101378
656,USEA,Industrials,Marine Shipping,NASDAQ,133.37,88,105.92,85,2.29,22319244.441334963,9538139.0,0.0794,-4.18,51103,39081,63016
657,NUTR,Consumer Cyclical,Travel Services,NASDAQ,133.35,88,94.0,54,9.0,174412512.0,19379168.0,0.0682,-11.24,0,0,0
658,RYAM,Basic Materials,Chemicals,NYSE,133.22,88,87.17,27,8.72,617737098.5496941,67438549.0,0.0471,-26.41,1201873,1187017,1118936
659,TS,Energy,Oil & Gas Equipment & Services,NYSE,133.22,88,100.09,77,61.77,30193277596.444603,504819878.0,0.031,-3.98,2018064,1912071,2081346
660,CBL,Real Estate,REIT - Retail,NYSE,133.22,88,107.82,87,46.6,1465235853.9819946,30944792.0,0.0462,-2.9,220655,207865,195363
661,ALOT,Technology,Computer Hardware,NASDAQ,133.19,88,118.58,93,14.24,111700040.32150269,7692840.0,0.0023,-5.57,46625,57208,43949
662,AUR,Consumer Cyclical,Auto Parts,NASDAQ,133.19,88,142.61,97,7.71,13885317720.492079,1961203089.0,0.18190001,-4.34,38889107,27080669,23960733
663,PDEX,Healthcare,Medical Instruments & Supplies,NASDAQ,133.17,88,117.05,92,59.27,189234827.39152908,3192759.0,0.3146,-3.81,26425,25158,26935
664,XOMA,Healthcare,Biotechnology,NASDAQ,133.12,88,114.24,91,41.75,508100768.0467987,12129405.0,0.19860001,-2.48,146070,324490,245112
665,UNIT,Real Estate,REIT - Specialty,NASDAQ,133.12,88,99.04,74,11.05,2737364347.199011,242674150.0,0.1225,-9.24,2701207,2689775,2685379
666,NNNN,Healthcare,Medical Instruments & Supplies,NASDAQ,133.09,88,93.79,53,26.94,1134148614.6972656,43891200.0,0.0011999999,-51.59,23769,25163,28953
667,CTW,Communication Services,Electronic Gaming & Multimedia,NASDAQ,133.05,88,119.91,93,2.92,165770922.77693796,59203902.0,0.0161,-40.16,42488,43256,44853
668,MSGM,Communication Services,Electronic Gaming & Multimedia,NASDAQ,133.01,88,105.15,84,4.5,20452869.898068905,4174055.0,0.0162,-16.81,116199,70639,101067
669,NHC,Healthcare,Medical Care Facilities,NYSE ARCA,132.93,88,108.11,87,193.65,2949300728.0216675,15619641.0,0.060500003,1.95,91701,113013,122202
670,ST,Technology,Scientific & Technical Instruments,NYSE,132.88,88,118.19,93,48.5,6534261871.162338,145432046.0,0.056399997,5.53,2410697,2195772,2034955
671,ASM,Basic Materials,Other Precious Metals & Mining,NYSE ARCA,132.84,88,93.71,52,7.14,1163142199.976215,168571331.0,0.0225,-40.45,5606727,4815682,5249695
672,MSGS,Communication Services,Entertainment,NYSE,132.82,88,101.8,80,351.54,7946009020.81604,24069333.0,0.049099997,1.75,283566,237558,235871
673,EGY,Energy,Oil & Gas E&P,NYSE,132.77,88,96.04,67,5.98,599268052.1945257,107012154.0,0.0521,-11.01,1520632,1516647,1750442
674,E,Energy,Oil & Gas Integrated,NYSE,132.75,88,98.54,73,55.49,78572934153.76451,1470577086.0,0.0016,-4.33,429142,540327,614546
675,JBHT,Industrials,Integrated Freight & Logistics,NASDAQ,132.65,88,105.68,85,262.21,23141023840.64334,94299203.0,0.0464,2.35,1116623,999291,996562
676,OII,Energy,Oil & Gas Equipment & Services,NYSE,132.57,88,99.21,75,37.84,3644691489.779503,99745249.0,0.0625,-5.68,987514,1164411,1207192
677,DCO,Industrials,Aerospace & Defense,NYSE,132.56,88,101.12,79,143.75,2056658672.7788544,14986947.0,0.0422,-3.41,278483,242321,208482
678,QXL,Technology,Information Technology Services,NASDAQ,132.52,88,146.44,98,3.58,43743365.378442764,13336392.0,0.0036000002,-63.47,36488,44322,40773
679,CALY,Consumer Cyclical,Leisure,NYSE,132.49,88,101.18,79,15.23,3188220847.2220345,181976071.0,0.0417,-13.95,3951691,2891253,2700680
680,STNG,Energy,Oil & Gas Midstream,NYSE,132.45,88,100.28,77,82.12,4255781960.846161,50417981.0,0.0454,-6.03,1361778,1198686,1260381
681,NGNE,Healthcare,Biotechnology,NASDAQ,132.42,88,122.98,94,29.82,480653903.8025093,15615786.0,0.32169998,-19.98,150269,163226,156473
682,AMLX,Healthcare,Drug Manufacturers - Specialty & Generic,NASDAQ,132.41,88,79.68,12,13.28,1637774398.5129433,111186317.0,0.1728,-28.62,1267886,1171582,1094371
683,ANDE,Consumer Defensive,Food Distribution,NASDAQ,132.4,88,90.69,38,71.46,2433162197.2752686,34054056.0,0.030299999,-12.97,449515,337678,363293
684,WT,Financial Services,Asset Management,NYSE,132.39,88,113.82,91,19.41,2921178258.0424633,152941267.0,0.2086,0.62,3292226,3312405,3303849
685,BAK,Basic Materials,Chemicals,NYSE,132.35,88,121.25,94,4.9,1470406742.9414492,398484206.0,0.0437,-7.46,2983220,2613650,2964256
686,CGNX,Technology,Scientific & Technical Instruments,NASDAQ,132.34,88,110.31,89,64.26,10927101762.106232,166419451.0,0.033099998,-10.63,3741308,2361839,2170461
687,TWIN,Industrials,Specialty Industrial Machinery,NASDAQ,132.31,88,100.92,78,17.47,277350956.60775375,14422827.0,0.0064999997,-11.18,73096,57522,48893
688,MOB,Industrials,Aerospace & Defense,NASDAQ,132.17,88,89.51,34,5.51,79969237.46615028,12633371.0,0.0552,-50.0,187867,270842,275015
689,MIAX,Financial Services,Capital Markets,NYSE,132.12,88,119.64,93,56.16,4928655850.4087715,94800071.0,1.67,7.72,1545188,1190386,1264423
690,LEE,Communication Services,Publishing,NASDAQ,132.04,88,102.12,80,8.71,177394913.64400244,22229939.0,0.0164,-12.64,61709,38403,62917
691,CNTB,Healthcare,Biotechnology,NASDAQ,132.01,88,83.36,18,2.38,133390219.59068155,56521282.0,0.026199998,-37.7,153060,245653,292476
692,DY,Industrials,Engineering & Construction,NYSE,131.86,88,101.31,79,437.37,12857266064.402405,30018599.0,0.0716,-5.91,409505,401978,415931
693,GRC,Industrials,Specialty Industrial Machinery,NYSE,131.82,88,99.05,74,73.3,2040983546.8009338,26410243.0,0.0207,-7.85,111869,186556,181835
694,DAN,Consumer Cyclical,Auto Parts,NYSE,131.76,88,89.95,35,33.1,3801610841.784981,109556506.0,0.051799998,-16.33,848041,940207,1141518
695,FATN,Technology,Software - Infrastructure,NASDAQ,131.75,88,162.89,98,4.1,43862075.52794075,13924468.0,0.012200001,-66.89,388839,1937349,1304105
696,ESP,Industrials,Electrical Equipment & Parts,NYSE ARCA,131.74,88,100.84,78,67.2,210462494.46329498,2958843.0,0.0037,-8.57,48472,31090,25298
697,NN,Technology,Software - Infrastructure,NASDAQ,131.61,88,110.01,89,21.49,2691998064.00753,136028193.0,0.1882,-11.15,2184225,2971701,2413379
698,PBF,Energy,Oil & Gas Refining & Marketing,NYSE,131.42,88,97.02,69,42.3,4816337257.575371,118308459.0,0.1368,-18.93,3137266,3251155,3717955
699,PTN,Healthcare,Biotechnology,NYSE ARCA,131.37,88,70.61,5,14.41,34504713.31312752,1772199.0,0.0896,-53.52,20882,16350,15312
700,SOLS,Basic Materials,Specialty Chemicals,NASDAQ,131.35,88,101.13,79,85.11,12426434362.25,158804273.0,0.0251,0.14,2862897,2105169,2639603
701,SM,Energy,Oil & Gas E&P,NYSE,131.33,88,110.84,89,32.59,7058201885.47962,239748701.0,0.0639,-1.98,4154496,4432735,5382287
702,MX,Technology,Semiconductors,NYSE,131.23,88,125.64,95,4.34,164072530.5990696,36219100.0,0.0043,-23.05,1754764,1868681,1230070
703,TSM,Technology,Semiconductors,NYSE,131.23,88,102.38,81,404.35,2135137114013.6719,5186400000.0,0.0053,-3.73,15051938,14004399,14093809
704,ICCC,Healthcare,Biotechnology,NASDAQ,131.16,88,112.1,90,8.92,72826733.67553997,9046799.0,0.0036000002,-1.76,28659,28356,22139
705,CRBU,Healthcare,Biotechnology,NASDAQ,130.97,88,107.94,87,2.14,192410321.17515802,99180575.0,0.0732,-39.46,1648704,1528978,1378782
706,TXG,Healthcare,Health Information Services,NASDAQ,130.92,88,91.17,41,21.2,2786204223.6061363,128990934.0,0.1882,-19.83,2873342,2675404,2480508
707,OLPX,Consumer Cyclical,Specialty Retail,NASDAQ,130.9,87,99.57,76,2.03,1367605885.8418427,672042176.0,0.062800005,-0.49,3051198,3643112,5594983
708,UNCY,Healthcare,Biotechnology,NASDAQ,130.87,87,110.45,89,8.26,211998215.9077878,26700027.0,0.088,-24.91,650835,562291,526943
709,SB,Industrials,Marine Shipping,NYSE,130.85,87,102.3,81,7.04,719368638.3193517,102328395.0,0.0531,-2.22,524057,429412,557009
710,STLD,Basic Materials,Steel,NASDAQ,130.81,87,106.12,85,229.34,33904425693.304962,144212781.0,0.0357,-5.9,979249,1111323,1161379
711,CNC,Healthcare,Healthcare Plans,NYSE,130.77,87,127.36,95,58.27,27632879667.915344,493797000.0,0.0319,-9.17,6482606,6621518,7072073
712,SHLS,Technology,Solar,NASDAQ,130.75,87,123.1,94,10.33,1483102887.8799477,167771817.0,0.13,-9.07,7197613,5966697,5242536
713,FNRN,Financial Services,Banks - Regional,NASDAQ,130.58,87,105.7,85,17.69,291435565.3558731,16409660.0,,-1.61,60386,29552,20233
714,UNFI,Consumer Defensive,Food Distribution,NYSE,130.56,87,102.13,80,50.57,3187952646.845085,60931817.0,0.056799997,-4.01,609514,586034,752462
715,GKOS,Healthcare,Medical Devices,NYSE,130.55,87,109.61,88,144.01,7842152047.65834,58733911.0,0.067,-1.87,721053,746474,747608
716,GBTG,Consumer Cyclical,Travel Services,NYSE,130.45,87,155.81,98,9.34,4923782455.570424,521035191.0,0.053600002,-2.1,12562613,5001814,3662216
717,STK,Financial Services,Asset Management,NYSE,130.41,87,106.7,86,50.0,902317199.1249046,17661327.0,0.47,-3.55,62430,54993,49954
718,BCAX,Healthcare,Biotechnology,NASDAQ,130.28,87,95.47,64,20.23,1481256349.595089,65600370.0,0.19870001,-16.58,605862,526987,562356
719,NTCT,Technology,Software - Infrastructure,NASDAQ,130.23,87,111.09,90,38.46,2823093492.519951,72220350.0,0.050300002,-3.15,664053,565901,619178
720,TRGP,Energy,Oil & Gas Midstream,NYSE,130.17,87,105.63,85,271.99,53257444164.29407,214643903.0,0.0254,3.83,1288520,1231653,1383780
721,ASA,Financial Services,Asset Management,NYSE,130.16,87,92.29,46,64.74,1298623570.3226624,18787956.0,0.0016,-22.19,73936,55125,64117
722,DRUG,Healthcare,Biotechnology,NASDAQ,130.14,87,89.0,32,77.47,836802265.5,9787161.0,0.0861,-37.4,189848,184202,177943
723,OGC,Basic Materials,Gold,NYSE,130.13,87,90.26,37,31.41,7140335467.786198,223764823.0,4.15,-27.51,347472,276064,172832
724,CABA,Healthcare,Biotechnology,NASDAQ,130.05,87,103.25,82,3.31,632633227.1395683,163049796.0,0.20549999,-21.75,7818994,3883694,3087908
725,NRXP,Healthcare,Biotechnology,NASDAQ,130.0,87,126.76,95,3.28,101848297.87714005,33067630.0,0.1038,-14.58,1198063,1132051,1014802
726,RELY,Technology,Software - Infrastructure,NASDAQ,129.88,87,118.69,93,22.59,5059782872.950819,210561079.0,0.0307,-8.56,9058989,5221979,4384613
727,HLIO,Industrials,Specialty Industrial Machinery,NYSE,129.8,87,105.71,85,77.03,2254422583.0997925,33046358.0,0.0353,0.73,392492,350700,372152
728,DBI,Consumer Cyclical,Footwear & Accessories,NYSE,129.52,87,85.89,24,6.41,353724150.72232676,50749521.0,0.4953,-26.74,520626,594892,691675
729,PXS,Energy,Oil & Gas Midstream,NASDAQ,129.46,87,97.35,70,4.35,45107863.228120804,10275140.0,0.0056,-11.59,51927,44055,52839
730,FLY,Industrials,Aerospace & Defense,NASDAQ,129.41,87,124.64,95,40.43,6358133459.459908,160235217.0,0.097600006,-45.22,7487094,6873371,6705400
731,IOVA,Healthcare,Biotechnology,NASDAQ,129.4,87,99.36,75,3.45,1616338622.421856,446502396.0,0.2609,-38.72,18788165,16230405,16074351
732,OVV,Energy,Oil & Gas E&P,NYSE,129.38,87,100.54,78,60.0,16385290344.092728,283335463.0,0.040799998,-5.45,4923518,3887912,4416553
733,GILT,Technology,Communication Equipment,NASDAQ,129.35,87,84.43,20,15.19,1463381635.656189,75470948.0,0.014400001,-26.12,1293113,817817,783506
734,FCFS,Financial Services,Credit Services,NASDAQ,129.33,87,104.11,83,226.54,9980736575.090515,43836687.0,0.028900001,-1.81,370864,357581,365708
735,CDXS,Healthcare,Biotechnology,NASDAQ,129.3,87,116.8,92,2.46,259055207.28142786,90896567.0,0.070199996,-36.43,1287945,1398391,2491333
736,VIST,Energy,Oil & Gas E&P,NYSE,129.29,87,102.3,81,72.29,6861342892.30896,105219184.0,0.0287,-8.72,1421651,1318587,1765406
737,DINO,Energy,Oil & Gas Refining & Marketing,NYSE,129.13,87,105.06,84,70.01,13057349956.925697,180275437.0,0.040700004,-6.32,2706843,2379867,2553192
738,FLOC,Energy,Oil & Gas Equipment & Services,NYSE,129.07,87,110.99,89,27.31,1038912190.4618607,41824162.0,0.026500002,6.02,821607,743952,812723
739,GNRC,Industrials,Specialty Industrial Machinery,NYSE,129.06,87,109.75,88,263.68,15859811563.793549,58868681.0,0.063200004,-3.2,739873,799224,907486
740,SA,Basic Materials,Gold,NYSE,129.0,87,91.56,42,29.41,3351116943.126915,107373183.0,0.0375,-26.59,951033,838544,1013420
741,LITB,Consumer Cyclical,Internet Retail,NYSE,128.85,87,105.23,84,2.55,46791215.59413481,18277819.0,0.0034999999,-38.85,6767,8759,10295
742,PRE,Healthcare,Diagnostics & Research,NASDAQ,128.81,87,79.11,12,15.61,274726315.9659462,17000391.0,0.0421,-33.94,234370,184473,192136
743,BATL,Energy,Oil & Gas E&P,NYSE ARCA,128.8,87,60.62,2,2.23,62044938.292170525,21468836.0,0.4094,-92.49,4664781,8970980,11772112
744,NVA,Basic Materials,Other Industrial Metals & Mining,NASDAQ,128.65,87,88.78,32,5.84,259943953.04391098,39385448.0,0.069299996,-64.13,463881,411180,473158
745,LYB,Basic Materials,Specialty Chemicals,NYSE,128.62,87,98.89,74,75.06,23163036000.022667,322784773.0,0.0477,-10.58,5489914,6486108,8006426
746,DOW,Basic Materials,Chemicals,NYSE,128.54,87,94.69,61,38.75,26573736049.22509,720741438.0,0.0348,-9.34,10226975,13010115,14377571
747,SNAL,Communication Services,Electronic Gaming & Multimedia,NASDAQ,128.46,87,177.58,99,1.16,20458560.502715528,42622002.0,0.4614,-46.3,36851332,44827334,26907822
748,TUSK,Industrials,Conglomerates,NASDAQ,128.41,87,115.56,92,3.2,115576377.92298913,48358315.0,0.0387,2.73,489790,342580,347832
749,GASS,Industrials,Marine Shipping,NASDAQ,128.39,87,102.06,80,10.07,368138277.2147865,37185686.0,0.0014,-4.28,115783,108577,138354
750,MAMA,Consumer Defensive,Packaged Foods,NASDAQ,128.37,87,92.71,48,14.45,536672392.24529266,40657000.0,0.085200004,-19.05,402564,405424,371572
751,LPG,Energy,Oil & Gas Midstream,NYSE,128.28,87,106.19,85,40.87,1722159949.003395,42744103.0,0.0511,0.44,471158,444582,495975
752,ESLT,Industrials,Aerospace & Defense,NASDAQ,128.27,87,86.88,26,750.01,36583673309.953,46769630.0,0.0099,-26.18,123358,112229,153247
753,IMTX,Healthcare,Biotechnology,NASDAQ,128.26,87,97.19,70,10.87,1524678053.7738647,134096576.0,0.0559,-12.41,621785,412358,499807
754,LNTH,Healthcare,Drug Manufacturers - Specialty & Generic,NASDAQ,128.26,87,110.98,89,93.91,6058771831.9696045,65106082.0,0.104399994,-1.0,1128779,851076,961405
755,MEC,Industrials,Metal Fabrication,NYSE,128.25,87,114.58,91,25.29,557436978.8356857,20494006.0,0.056599997,-7.02,362799,199153,184043
756,INSG,Technology,Communication Equipment,NASDAQ,128.19,87,90.07,36,13.67,261149055.80093956,16240613.0,0.135,-37.58,390015,241525,201911
757,KMRK,Consumer Cyclical,Leisure,NASDAQ,128.13,87,106.94,86,2.5,60134997.98774719,21100000.0,0.00059999997,-54.55,31224,91234,62790
758,URG,Energy,Uranium,NYSE ARCA,128.13,87,94.06,55,1.66,691357428.0092518,397331853.0,0.0664,-29.36,9547354,8195781,8690008
759,CV,Healthcare,Medical Devices,NASDAQ,128.11,87,96.27,67,6.45,354930057.65515137,49849728.0,0.036199998,-58.04,96011,120223,302066
760,GCTS,Technology,Semiconductors,NYSE,127.86,87,125.71,95,1.83,123240000.65678883,72494116.0,0.051,-25.91,6921573,3237967,2425876
761,TEVA,Healthcare,Drug Manufacturers - Specialty & Generic,NYSE,127.82,87,97.91,72,34.29,41604975176.52763,1164426972.0,0.0257,-8.19,6686885,6452505,6773087
762,ADUR,Industrials,Pollution & Treatment Controls,NASDAQ,127.8,87,107.15,87,13.76,455318590.5,33727303.0,7.63,-22.08,405826,335462,311139
763,STFS,Communication Services,Advertising Agencies,NASDAQ,127.8,87,248.13,99,10.75,11949447.78322792,1193751.0,0.0134000005,-89.66,1049833,352661,219896
764,CCO,Communication Services,Advertising Agencies,NYSE,127.73,87,93.92,54,2.39,1216470632.7344947,508983506.0,0.0629,-1.65,5225319,4851609,6940867
765,NRT,Energy,Oil & Gas E&P,NYSE,127.72,87,90.3,37,8.05,75914275.50355911,9190590.0,0.0038,-23.26,59776,71268,93163
766,UTHR,Healthcare,Drug Manufacturers - Specialty & Generic,NASDAQ,127.56,86,97.38,71,568.58,23979857444.64972,42446733.0,0.0749,-6.69,495825,447958,566429
767,MSGE,Communication Services,Entertainment,NYSE,127.55,86,100.82,78,68.33,3087612464.379471,47305234.0,0.0619,-2.2,572237,400029,359759
768,CMP,Basic Materials,Other Industrial Metals & Mining,NYSE,127.52,86,110.64,89,29.35,1171896672.4446716,41958348.0,0.0627,-2.3,961602,659237,670662
769,IMO,Energy,Oil & Gas Integrated,NYSE ARCA,127.51,86,100.23,77,134.73,63139278972.81484,497237969.0,0.1696,0.31,468097,538922,643733
770,FTNT,Technology,Software - Infrastructure,NASDAQ,127.51,86,136.46,96,122.78,83510880277.87018,732102047.0,0.0319,7.08,7366075,6141535,6090981
771,PR,Energy,Oil & Gas E&P,NYSE,127.5,86,95.99,66,20.84,16511321230.35987,837288124.0,0.023699999,-8.09,14513018,13138916,13853019
772,CPSH,Technology,Electronic Components,NASDAQ,127.44,86,91.8,43,4.59,71487643.62518334,18006963.0,0.0099,-32.99,587627,384032,284385
773,CAEP,Financial Services,Shell Companies,NASDAQ,127.33,86,136.31,96,15.0,384827609.3673706,35080000.0,0.0001,35.26,447510,344226,239928
774,JL,Consumer Cyclical,Apparel Manufacturing,NASDAQ,127.33,86,102.24,80,6.41,25128162.034261227,3761701.0,0.0049,-22.02,16792,17670,22014
775,INVX,Energy,Oil & Gas Equipment & Services,NYSE,127.24,86,100.82,78,28.0,1829007407.8297348,68759676.0,0.0804,-5.02,344951,360103,453302
776,ENTA,Healthcare,Biotechnology,NASDAQ,127.2,86,90.45,37,13.41,445156741.3880005,29019344.0,0.0867,-21.81,247593,160544,156586
777,EME,Industrials,Engineering & Construction,NYSE,127.12,86,103.82,83,913.11,41042995702.212524,44532567.0,0.0207,-4.08,368949,366206,362791
778,SCCO,Basic Materials,Copper,NYSE,127.1,86,93.36,50,176.78,153061663166.72623,826065458.0,0.1172,-21.04,1449507,1409281,1623054
779,SAIA,Industrials,Trucking,NASDAQ,127.1,86,106.62,86,460.38,11965544190.869507,26601922.0,0.0442,0.07,396523,471497,515152
780,NVCT,Healthcare,Biotechnology,NASDAQ,127.09,86,124.61,95,11.04,309022449.3313122,26525533.0,0.0921,-5.96,142438,81839,73453
781,ANIK,Healthcare,Drug Manufacturers - Specialty & Generic,NASDAQ,127.06,86,102.36,81,14.91,196524072.5708313,13305624.0,0.0572,-8.19,92735,121301,124279
782,FNKO,Consumer Cyclical,Leisure,NASDAQ,126.95,86,121.43,94,5.06,293716224.6206665,55839584.0,0.1274,-16.91,1225977,767882,918183
783,NEXT,Energy,Oil & Gas Equipment & Services,NASDAQ,126.94,86,121.34,94,9.12,2003346966.5569797,264992987.0,0.1627,-24.75,3567076,3859568,5078313
784,WAVE,Utilities,Utilities - Renewable,NASDAQ,126.84,86,133.85,96,8.83,45198302.25,5832039.0,0.23,-10.54,34884,19914,16890
785,XENE,Healthcare,Biotechnology,NASDAQ,126.83,86,96.57,68,54.39,5455803509.250069,96665550.0,0.050300002,-14.95,881793,917847,1503444
786,PHAT,Healthcare,Biotechnology,NASDAQ,126.8,86,93.1,49,11.87,969832376.3102074,79755953.0,0.126,-35.17,1127124,1323638,1236636
787,PPTA,Basic Materials,Other Precious Metals & Mining,NASDAQ,126.79,86,91.63,42,28.17,3746555511.938896,125093670.0,0.115600005,-24.62,1426892,1278367,1452604
788,UGP,Energy,Oil & Gas Refining & Marketing,NYSE,126.78,86,94.12,56,5.73,6597736258.752309,1079825878.0,0.0026,-6.98,3373783,2848147,3092628
789,MIRM,Healthcare,Biotechnology,NASDAQ,126.69,86,98.87,74,102.18,6534748508.639923,60981227.0,0.17909999,-8.77,1843789,1010826,1020501
790,DSX,Industrials,Marine Shipping,NYSE,126.68,86,99.99,77,2.67,334797935.8327408,123541672.0,0.0364,-3.61,894179,584203,641807
791,TDW,Energy,Oil & Gas Equipment & Services,NYSE,126.68,86,94.08,55,82.35,4036139898.439087,49730652.0,0.1084,-11.58,835864,786754,832378
792,TK,Energy,Oil & Gas Midstream,NYSE,126.6,86,97.89,72,13.22,1225996571.1669502,87011821.0,0.0571,-8.07,621106,505945,533657
793,VTRS,Healthcare,Drug Manufacturers - Specialty & Generic,NASDAQ,126.59,86,106.18,85,16.48,19995369158.028316,1164552654.0,0.0304,-5.99,16490247,11818592,11081383
794,CRCL,Financial Services,Capital Markets,NYSE,126.59,86,122.37,94,114.0,28100407988.7442,247210420.0,0.113000005,-61.87,25279067,15500712,17057197
795,UAN,Basic Materials,Agricultural Inputs,NYSE,126.4,86,102.29,81,129.5,1334205440.2215729,10569638.0,0.0312,-7.17,81810,87523,101162
796,SMSI,Technology,Software - Application,NASDAQ,126.37,86,111.47,90,0.83,21898566.76423824,25763019.0,0.0117999995,-36.15,126311,115563,180456
797,NVCR,Healthcare,Medical Devices,NASDAQ,126.31,86,127.36,95,17.58,2072036545.9085083,115820940.0,0.1018,-12.36,1861848,1660682,1473723
798,CMBT,Energy,Oil & Gas Midstream,NYSE,126.3,86,106.84,86,14.94,4303217652.1318035,290169769.0,0.008,-2.19,1459230,1442586,1536156
799,BYFC,Financial Services,Banks - Regional,NASDAQ,126.22,86,123.46,94,10.4,91129701.97363377,9298949.0,0.003,5.48,7260,4076,3350
800,PSTL,Real Estate,REIT - Office,NYSE,126.2,86,105.01,84,22.68,643440271.9376526,27651064.0,0.1015,-3.45,387855,272311,268211
801,TECK,Basic Materials,Other Industrial Metals & Mining,NYSE,126.16,86,101.18,79,61.35,31779444197.314865,489894294.0,2.0,-5.5,3193921,3054863,3698522
802,MRX,Financial Services,Capital Markets,NASDAQ,126.07,86,110.56,89,56.22,4064813342.966423,71930870.0,0.0432,-0.95,1126808,1160832,1170157
803,CMDB,Industrials,Marine Shipping,NYSE,126.06,86,99.64,76,18.49,467650332.1696472,24180472.0,0.0175,-7.2,43295,43075,46293
804,ITRN,Technology,Scientific & Technical Instruments,NASDAQ,126.04,86,100.81,78,57.18,1206940563.1051178,19808642.0,0.013099999,-6.45,127291,133053,125760
805,MT,Basic Materials,Steel,NYSE,126.03,86,98.73,74,60.15,47220246507.5915,761125819.0,0.0058999998,-11.02,1884387,1708232,1834401
806,ROKU,Communication Services,Entertainment,NASDAQ,125.99,86,108.33,87,124.02,19130771386.739777,147693751.0,0.0647,-5.13,2397881,2706890,2675304
807,TBLA,Communication Services,Internet Content & Information,NASDAQ,125.99,86,132.19,96,4.99,1592660979.0,303363996.0,0.0395,-5.13,4497545,2394948,2313137
808,NGS,Energy,Oil & Gas Equipment & Services,NYSE,125.96,86,101.7,80,42.4,487870753.75,12590213.0,0.0228,2.14,104947,90132,105227
809,RIO,Basic Materials,Other Industrial Metals & Mining,NYSE,125.94,86,99.38,75,103.69,171374386717.62665,1626251577.0,0.0069999998,-2.4,2733971,2480060,2822812
810,MCHP,Technology,Semiconductors,NASDAQ,125.9,86,110.0,89,93.85,53621110551.522766,541135458.0,0.059299998,-11.39,12962364,10704434,10057300
811,CLLS,Healthcare,Biotechnology,NASDAQ,125.9,86,95.94,66,3.92,387275317.30689526,100590994.0,0.0069999998,-28.47,23762,32094,40120
812,CREX,Technology,Software - Application,NASDAQ,125.89,86,98.34,73,3.75,39310237.26233196,10567268.0,0.0127,-15.16,31750,35573,32052
813,BLTE,Healthcare,Biotechnology,NASDAQ,125.87,86,82.9,17,143.0,6189828027.463135,39965314.0,0.0538,-28.5,128584,127308,141896
814,HLX,Energy,Oil & Gas Equipment & Services,NYSE,125.84,86,98.3,73,10.05,1422880226.2444,147296092.0,0.044899996,-6.51,1564259,1912783,1964727
815,ALLO,Healthcare,Biotechnology,NASDAQ,125.77,86,86.89,26,2.0,786655510.4087741,345024351.0,0.1769,-55.16,6867470,13713740,10539830
816,MATX,Industrials,Marine Shipping,NYSE,125.75,86,99.7,76,179.88,5529706741.262482,30263281.0,0.0469,-5.32,247750,230030,264842
817,HUHU,Industrials,Specialty Industrial Machinery,NASDAQ,125.71,86,104.0,83,9.79,250221135.7373972,25493749.0,0.0007,-19.75,73706,48992,39047
818,MOV,Consumer Cyclical,Luxury Goods,NYSE,125.68,86,98.11,72,26.97,622584801.4174099,22227233.0,0.034,-7.76,123063,133864,151992
819,IONQ,Technology,Computer Hardware,NYSE,125.63,86,126.1,95,51.95,18379812866.041214,373269948.0,0.2318,-38.62,37784845,35261441,28656859
820,PKX,Basic Materials,Steel,NYSE,125.6,86,109.99,89,79.38,27123375290.745483,295719308.0,0.0021,-14.09,303000,217186,212496
821,RNG,Technology,Software - Application,NYSE,125.57,86,99.41,75,41.05,3849563267.571266,84364742.0,0.1498,-15.48,2571377,1861955,1833315
822,MUSA,Consumer Cyclical,Specialty Retail,NYSE,125.52,86,102.76,81,561.68,10673654650.761108,18470685.0,0.0621,-7.89,292095,348755,358101
823,DMRC,Technology,Software - Application,NASDAQ,125.47,86,145.15,97,9.8,206793168.09487152,22093288.0,0.3066,-33.06,235358,202402,232573
824,SEZL,Financial Services,Credit Services,NASDAQ,125.39,85,126.4,95,98.62,3239626887.3141785,33627019.0,0.2675,-47.19,925685,816115,718343
825,AEF,Financial Services,Asset Management,NYSE ARCA,125.39,85,102.19,80,9.16,399111994.8223572,40601424.0,0.4,-8.22,174154,185218,186666
826,BHP,Basic Materials,Other Industrial Metals & Mining,NYSE,125.35,85,103.82,83,84.4,215218039295.2472,2540345092.0,0.0057,-0.87,2631692,2484130,3060276
827,DVA,Healthcare,Medical Care Facilities,NYSE,125.32,85,125.87,95,199.74,12750349858.24585,64185000.0,0.171,0.24,1344688,847282,882121
828,TFII,Industrials,Trucking,NYSE,125.29,85,104.01,83,141.15,11434542894.32898,82186031.0,3.52,-5.33,307597,367732,386929
829,HTLD,Industrials,Trucking,NASDAQ,125.26,85,104.9,84,13.3,1024244903.0885696,77476920.0,0.0396,-4.45,529538,450232,431473
830,SLAB,Technology,Semiconductors,NASDAQ,125.23,85,95.61,65,216.59,7171897310.697464,32981823.0,0.0764,-0.96,433086,415248,419295
831,SOC,Energy,Oil & Gas Drilling,NYSE,125.21,85,110.64,89,15.13,1983563452.384777,154362910.0,0.25190002,-56.77,2812024,3284581,5050472
832,CERS,Healthcare,Medical Devices,NASDAQ,125.19,85,97.63,71,2.34,522963001.1204581,200368974.0,0.057600003,-25.71,2646120,2357173,2211138
833,CGTX,Healthcare,Biotechnology,NASDAQ,125.14,85,96.62,68,1.14,108118068.73857594,89353773.0,0.0881,-70.23,806889,999393,1191047
834,NSYS,Healthcare,Medical Devices,NASDAQ,125.14,85,94.52,59,12.41,35829682.2834568,2786134.0,0.0101,-19.36,20232,26507,23088
835,XELB,Consumer Cyclical,Apparel Manufacturing,NASDAQ,125.12,85,105.83,85,2.11,13771621.570617437,6014071.0,0.011,-33.44,16820,28723,37882
836,CLOV,Healthcare,Healthcare Plans,NASDAQ,125.11,85,148.57,98,3.47,1640290366.1545057,525734111.0,0.0979,-11.48,8503405,6609578,6222579
837,ALLR,Healthcare,Biotechnology,NASDAQ,125.1,85,111.42,90,1.35,23964121.46277523,15460724.0,0.0189,-42.55,301141,192087,188000
838,EBAY,Consumer Cyclical,Internet Retail,NASDAQ,125.09,85,113.15,91,116.13,47814361083.984375,444000000.0,0.0296,4.26,7789577,6374859,5786905
839,ENTG,Technology,Semiconductor Equipment & Materials,NASDAQ,125.05,85,94.13,56,133.07,22709453092.956543,152300000.0,0.0849,-16.39,2955195,2941001,2688361
840,MSBI,Financial Services,Banks - Regional,NASDAQ,125.03,85,102.45,81,26.55,586860598.619093,20729799.0,0.0312,-6.94,151925,164188,151167
841,OIS,Energy,Oil & Gas Equipment & Services,NYSE,124.97,85,78.88,11,9.01,521274964.7152138,60193415.0,0.036,-37.86,1212644,887841,960084
842,NMM,Industrials,Marine Shipping,NYSE,124.96,85,98.44,73,71.65,2140094479.5162048,28546011.0,0.0196,-8.02,150393,133584,165682
843,CF,Basic Materials,Agricultural Inputs,NYSE,124.95,85,100.25,77,125.24,17670438579.75673,153629274.0,0.0616,-11.78,3396490,3508496,5037792
844,DBVT,Healthcare,Biotechnology,NASDAQ,124.79,85,90.32,37,19.65,1167678116.3882294,59182876.0,0.0304,-24.96,191696,200448,244195
845,NVGS,Energy,Oil & Gas Midstream,NYSE,124.7,85,109.11,88,23.87,1419716346.8320026,61699971.0,0.0301,2.8,482849,403909,489013
846,ZYME,Healthcare,Biotechnology,NASDAQ,124.69,85,87.69,28,23.93,1757681501.1440277,73573945.0,0.093100004,-19.56,710899,616323,666189
847,WSR,Real Estate,REIT - Retail,NYSE,124.67,85,101.77,80,18.99,975457659.9337044,51393977.0,0.0123000005,-0.11,407765,648841,510821
848,BLZE,Technology,Software - Infrastructure,NASDAQ,124.59,85,159.55,98,7.03,448910189.02469015,60014731.0,0.0241,-35.26,6012544,2315828,1661836
849,CBOE,Financial Services,Financial Data & Stock Exchanges,BATS,124.44,85,112.21,90,363.02,36478122695.5376,104653784.0,0.0298,3.9,1040378,908472,905671
850,AU,Basic Materials,Gold,NYSE,124.44,85,87.21,27,92.24,54111982861.469696,505577721.0,0.0087,-28.57,2515976,2294945,2846767
851,QURE,Healthcare,Biotechnology,NASDAQ,124.38,85,137.86,97,27.05,1744446625.4766655,63067485.0,0.17870001,-62.17,2722758,1952999,2599961
852,ATLC,Financial Services,Credit Services,NASDAQ,124.29,85,113.95,91,77.16,1282157288.6608276,15117997.0,0.3093,-10.35,71902,70114,70330
853,CVEO,Consumer Cyclical,Lodging,NYSE,124.27,85,108.74,88,34.01,340993101.69018555,10943296.0,0.0327,-2.27,93252,81227,71752
854,PGC,Financial Services,Banks - Regional,NASDAQ,124.25,85,102.26,80,41.73,761103886.3537712,17708327.0,0.0326,-4.79,107830,123460,126394
855,AAON,Industrials,Building Products & Equipment,NASDAQ,124.23,85,138.82,97,135.49,11439789718.569641,81911710.0,0.10520001,-9.07,2042011,1225793,1043594
856,CNQ,Energy,Oil & Gas E&P,NYSE,124.22,85,99.24,75,47.98,92876663753.96729,2085710000.0,1.78,-6.54,7719963,10547637,11918016
857,SLB,Energy,Oil & Gas Equipment & Services,NYSE,124.2,85,98.43,73,55.38,79641722285.85309,1495057661.0,0.0496,-3.18,10651210,13242593,16617652
858,GNK,Industrials,Marine Shipping,NYSE,124.2,85,97.63,71,24.63,1129081384.7606697,43577051.0,0.028099999,-5.81,404405,320528,414387
859,KNX,Industrials,Trucking,NYSE,124.15,85,104.78,84,69.06,10407741195.892334,162494000.0,0.0494,1.93,6066681,3966157,3653370
860,IMVT,Healthcare,Biotechnology,NASDAQ,124.13,85,98.17,72,27.49,5890221397.897911,203532180.0,0.2191,-8.64,1295331,1511960,1446268
861,FIVE,Consumer Cyclical,Specialty Retail,NASDAQ,123.97,85,89.26,33,213.64,12337957777.76477,55294929.0,0.0431,-15.1,973656,1077335,1164647
862,SUNC,Energy,Oil & Gas Midstream,NYSE,123.97,85,110.64,89,71.4,3402711085.1180115,51517198.0,0.0337,4.71,815385,570008,561637
863,AVGO,Technology,Semiconductors,NASDAQ,123.76,85,108.05,87,425.19,2035907319120.0,4734668184.0,0.0117999995,-2.85,19377200,21010773,23593350
864,HUM,Healthcare,Healthcare Plans,NYSE,123.75,85,141.25,97,305.12,33012109014.083862,120061500.0,0.0513,-3.24,2059661,2024567,1850156
865,CVLG,Industrials,Trucking,NYSE,123.69,85,105.81,85,34.27,836935384.25,25170989.0,0.0359,-4.57,190726,186182,168091
866,MPC,Energy,Oil & Gas Refining & Marketing,NYSE,123.67,85,103.69,82,255.03,71486522386.97815,291936635.0,0.0249,-2.52,2590418,2264209,2579529
867,GLNG,Energy,Oil & Gas Midstream,NASDAQ,123.67,85,102.84,81,57.04,5669132988.151798,101779765.0,0.08270001,-0.44,1747202,1365907,2118962
868,VIRT,Financial Services,Capital Markets,NYSE,123.56,85,111.88,90,54.49,4465223674.119869,87024431.0,0.043,4.37,1322786,1422302,1289557
869,CLDT,Real Estate,REIT - Hotel & Motel,NYSE,123.52,85,112.78,91,9.89,463077705.96149445,46681220.0,0.0177,-2.56,545930,353086,324382
870,CPAC,Basic Materials,Building Materials,NYSE,123.48,85,92.26,45,10.51,911867547.1880398,85621369.0,0.0005,-8.61,18748,45052,37569
871,UFCS,Financial Services,Insurance - Property & Casualty,NASDAQ,123.43,85,115.28,92,48.06,1237140355.838562,25656166.0,0.0159,-1.74,159615,119878,114639
872,REPX,Energy,Oil & Gas E&P,NYSE ARCA,123.38,85,102.27,81,36.89,721173314.6959267,21695947.0,0.0369,-10.59,403369,451356,467913
873,LVLU,Consumer Cyclical,Apparel Retail,NASDAQ,123.32,85,81.68,15,9.58,29188285.74804783,2864405.0,0.0214,-70.36,10106,16685,21983
874,AROC,Energy,Oil & Gas Equipment & Services,NYSE,123.26,85,97.94,72,37.43,6477158971.075836,175247812.0,0.0557,-6.7,2031989,1595506,1634603
875,CRGY,Energy,Oil & Gas E&P,NYSE,123.25,85,98.28,73,13.04,4095120061.219002,330251628.0,0.123,-8.75,8558583,7201081,8166490
876,ERO,Basic Materials,Copper,NYSE,123.21,85,92.94,48,27.26,2969836480.9053345,104277968.0,3.2,-31.51,1815853,1290044,1224006
877,TTE,Energy,Oil & Gas Integrated,NYSE,123.19,85,98.12,72,92.28,196280358413.44183,2218358397.0,0.0019,-1.48,1040742,1711640,2087568
878,OCS,Healthcare,Biotechnology,NASDAQ,123.17,85,103.62,82,30.29,1892612020.9291077,57984438.0,0.0086,-7.54,433461,399040,380710
879,ATRA,Healthcare,Biotechnology,NASDAQ,123.13,85,184.44,99,9.58,70992349.77886963,8512272.0,0.0546,-49.96,8366073,2830501,1889860
880,IMPP,Energy,Oil & Gas Midstream,NASDAQ,123.09,85,102.65,81,4.83,226520436.92858505,45213658.0,0.0922,-26.48,504129,565103,686641
881,CARE,Financial Services,Banks - Regional,NASDAQ,122.96,85,102.54,81,26.21,584883296.4183807,22222010.0,0.0414,-1.39,314780,351296,304360
882,MB,Consumer Cyclical,Restaurants,NASDAQ,122.8,85,92.62,47,6.42,129777575.98161697,17155000.0,0.0007,-60.85,21751,18277,17084
883,AURA,Healthcare,Biotechnology,NASDAQ,122.66,84,110.5,89,7.74,926515153.1241074,110299428.0,0.0428,-18.83,1244631,618273,481910
884,WKEY,Technology,Semiconductors,NASDAQ,122.64,84,124.54,95,9.2,92960989.64809799,11378334.0,0.1069,-53.54,168015,120978,112785
885,RHLD,Industrials,Specialty Business Services,NYSE,122.62,84,63.95,3,102.8,916080635.6397705,8257442.0,0.0838,-56.48,201960,173320,214934
886,MEI,Technology,Electronic Components,NYSE,122.57,84,130.18,96,10.53,341194958.2846899,35430421.0,0.0495,-2.32,2085293,999644,856316
887,ACHC,Healthcare,Medical Care Facilities,NASDAQ,122.51,84,102.07,80,25.81,2315729767.9261093,91967027.0,0.3717,-14.54,2560447,3069212,3065975
888,VALE,Basic Materials,Other Industrial Metals & Mining,NYSE,122.5,84,92.9,48,16.32,70919192933.01083,4264533765.0,0.0165,-9.03,27540127,25889379,28001375
889,ABOS,Healthcare,Biotechnology,NASDAQ,122.48,84,84.9,21,2.28,184902600.66710472,72227580.0,0.0307,-36.67,284792,342207,587506
890,WDS,Energy,Oil & Gas E&P,NYSE,122.44,84,96.51,68,22.98,41006729504.34028,1901100143.0,1.73,-8.77,754418,944986,1262301
891,VTVT,Healthcare,Biotechnology,NASDAQ,122.41,84,96.73,69,35.69,120837905.92198181,3938654.0,0.0463,-18.89,40714,56698,60398
892,BVS,Healthcare,Medical Devices,NASDAQ,122.34,84,104.68,84,10.58,711354504.0,67748048.0,0.0292,-5.95,555439,485596,478477
893,WRBY,Healthcare,Medical Instruments & Supplies,NYSE,122.3,84,120.78,94,28.73,3626235130.175705,122715236.0,0.11229999,-7.32,3810540,2642600,2636822
894,PAPL,Financial Services,Mortgage Finance,NYSE ARCA,122.29,84,143.2,97,1.25,29480176.635599613,26088652.0,0.0056,-86.88,640466,7418635,4616591
895,NXE,Energy,Uranium,NYSE,122.27,84,87.04,27,11.24,8035277098.179982,661884421.0,6.11,-19.48,6767705,5712241,6882761
896,TGEN,Industrials,Electrical Equipment & Parts,NYSE ARCA,122.25,84,155.35,98,6.52,138461213.69238186,29905229.0,0.0466,-45.98,778066,649045,586963
897,NRC,Healthcare,Health Information Services,NASDAQ,122.24,84,109.72,88,18.62,422563050.0,22536696.0,0.0556,-18.3,119841,93377,97404
898,NVEC,Technology,Semiconductors,NASDAQ,122.1,84,109.73,88,89.74,436360830.64144135,4837167.0,0.0684,-5.78,172885,105385,78279
899,CNL,Basic Materials,Gold,NYSE ARCA,122.04,84,84.34,20,16.25,1691354390.8377,92575498.0,15.0,-26.04,54785,56895,72103
900,FSEA,Financial Services,Banks - Regional,NASDAQ,121.89,84,130.29,96,16.68,78444786.05848312,4691674.0,0.0013,-0.48,143787,54359,32927
901,FDMT,Healthcare,Biotechnology,NASDAQ,121.71,84,91.49,42,9.15,530081233.5076275,52276254.0,0.234,-25.85,622043,672637,707330
902,SRRK,Healthcare,Biotechnology,NASDAQ,121.68,84,97.3,70,49.35,5798493202.682587,119828338.0,0.1558,-4.41,1304635,1368458,1542233
903,PKOH,Industrials,Specialty Industrial Machinery,NASDAQ,121.65,84,107.59,87,30.62,443751564.1860275,14398169.0,0.0097,-4.07,96987,65612,52517
904,ATNI,Communication Services,Telecom Services,NASDAQ,121.63,84,88.3,30,26.39,408361635.4153404,15380853.0,0.0175,-13.33,77049,72423,81483
905,NPO,Industrials,Specialty Industrial Machinery,NYSE,121.58,84,107.32,87,311.74,6532787067.869385,21126664.0,0.0229,0.18,247301,263570,257956
906,ESCA,Consumer Cyclical,Leisure,NASDAQ,121.51,84,100.83,78,18.35,271268991.4337959,13805038.0,0.018099999,-13.93,57334,40164,47650
907,FTAI,Industrials,Aerospace & Defense,NASDAQ,121.5,84,89.5,34,237.97,27727152378.44348,102582972.0,0.0875,-26.44,1365890,1437310,1514308
908,SFL,Industrials,Marine Shipping,NYSE,121.37,84,106.69,86,12.48,1593813420.0,132817785.0,0.0428,3.23,1430040,1209190,1361206
909,B,Basic Materials,Gold,NYSE,121.32,84,91.74,43,40.61,72438493417.24057,1679538410.0,0.86,-25.75,14967732,11992240,13209604
910,EGG,Industrials,Consulting Services,NYSE ARCA,121.28,84,113.42,91,7.49,208560541.6267395,27845200.0,0.0007,-46.04,29068,73706,51989
911,BWA,Consumer Cyclical,Auto Parts,NYSE,121.22,84,105.63,85,63.21,12577648119.523888,205114941.0,0.0357,-9.8,4182140,2548613,2581224
912,AIFF,Technology,Software - Application,NASDAQ,121.19,84,103.57,82,1.7,27958911.538383365,14793075.0,0.1042,-54.91,305103,815454,6409758
913,CRS,Industrials,Metal Fabrication,NYSE,121.17,84,93.75,53,408.93,21257989397.45691,49685612.0,0.0385,-14.03,570552,672920,718558
914,ALEC,Healthcare,Biotechnology,NASDAQ,121.14,84,88.9,32,2.16,233152882.11181307,111025187.0,0.049200002,-36.47,544955,501291,642523
915,MP,Basic Materials,Other Industrial Metals & Mining,NYSE,121.13,84,96.07,67,61.27,12003820617.457085,178018991.0,0.1668,-38.88,7520929,6146076,5901323
916,TNK,Energy,Oil & Gas Midstream,NYSE,121.1,84,95.05,63,77.19,2876479487.4501343,34643858.0,0.0378,-8.1,403036,478538,506087
917,SY,Healthcare,Health Information Services,NASDAQ,121.09,84,90.01,36,2.85,297885535.09955335,100298159.0,0.0421,-54.62,420875,410385,455009
918,VGZ,Basic Materials,Gold,NYSE ARCA,121.09,84,93.63,52,2.17,328435528.5,145971346.0,0.0066000004,-30.67,1053222,1130364,1537038
919,FROG,Technology,Software - Application,NASDAQ,120.86,84,127.02,95,66.16,8547647955.29274,121157301.0,0.0561,-8.19,3630110,2782763,2867996
920,EVAX,Healthcare,Biotechnology,NASDAQ,120.84,84,92.15,45,3.92,36196534.372615814,8340215.0,0.0044,-67.74,31430,32630,32748
921,PRLB,Industrials,Metal Fabrication,NYSE,120.82,84,106.84,86,72.01,1648927391.1136627,23794045.0,0.0374,2.87,201257,170815,171735
922,MRCY,Industrials,Aerospace & Defense,NASDAQ,120.78,84,108.74,88,92.03,5424309966.33493,60043283.0,0.090299994,-11.37,668505,538545,578825
923,TWST,Healthcare,Diagnostics & Research,NASDAQ,120.77,84,84.28,20,49.17,3540124105.8815155,62271314.0,0.3052,-25.57,1506883,1402914,1286452
924,BOTJ,Financial Services,Banks - Regional,NASDAQ,120.7,84,97.68,71,22.86,105996098.52337074,4543339.0,0.0015,-23.26,17794,12498,9612
925,IMUX,Healthcare,Biotechnology,NASDAQ,120.7,84,114.23,91,12.08,158418348.93885994,13621526.0,0.0713,-20.0,288669,317420,295828
926,VSCO,Consumer Cyclical,Apparel Retail,NYSE,120.59,84,83.29,18,45.96,3815609163.436371,79425668.0,0.2076,-31.29,2103688,1913742,2274337
927,PAYS,Technology,Software - Infrastructure,NASDAQ,120.54,84,97.91,72,5.62,343253139.10164356,55185394.0,0.038900003,-36.71,1176232,897810,1061770
928,BSTZ,Financial Services,Asset Management,NYSE,120.52,84,107.09,86,27.87,1922773828.2971382,68744150.0,0.0008,-2.24,228411,215223,226526
929,CM,Financial Services,Banks - Diversified,NYSE,120.51,84,100.54,78,111.3,101247709536.4498,920350037.0,5.71,-1.75,906839,1286409,1479935
930,DC,Basic Materials,Gold,NYSE ARCA,120.39,84,96.25,67,5.7,802438264.3296566,133517177.0,0.0494,-21.38,1006827,1122205,1532469
931,EMF,Financial Services,Asset Management,NYSE,120.38,84,104.38,83,21.89,337374030.72826385,14947897.0,0.39,-3.01,44317,34375,47623
932,TPC,Industrials,Engineering & Construction,NYSE,120.37,84,87.02,26,79.49,4373771717.646637,52791452.0,0.0521,-20.51,683855,523595,546689
933,BFH,Financial Services,Credit Services,NYSE,120.34,84,102.46,81,86.76,3529152909.1249084,40407065.0,0.0002,-12.48,510775,641225,650843
934,AMRC,Industrials,Engineering & Construction,NYSE,120.31,84,108.68,88,33.03,1586424404.8415298,52951417.0,0.1417,-26.49,668733,550977,565450
935,SSP,Communication Services,Broadcasting,NASDAQ,120.3,84,74.53,7,3.38,414998050.53301334,91409263.0,0.0681,-37.29,831602,645060,737718
936,ULS,Industrials,Specialty Business Services,NYSE,120.29,84,110.03,89,99.0,20244999762.69745,201563115.0,0.0429,-7.94,814535,664725,773515
937,PANL,Industrials,Marine Shipping,NASDAQ,120.22,84,99.1,75,8.19,512098202.44683456,65318647.0,0.024,-12.78,716354,534288,621668
938,FLYW,Technology,Software - Infrastructure,NASDAQ,120.19,84,118.76,93,16.06,2126490015.903778,123417880.0,0.0372,-11.02,3030300,2099983,1879854
939,ATER,Consumer Cyclical,"Furnishings, Fixtures & Appliances",NASDAQ,120.16,84,134.04,96,1.09,11906182.45805955,10823802.0,0.0164,-50.23,857198,9268876,5578339
940,VIVO,Technology,Software - Infrastructure,NASDAQ,120.12,84,164.87,98,4.54,50706539.57975149,16790245.0,0.15,-48.87,1910391,1330390,1062942
941,ARMK,Industrials,Specialty Business Services,NYSE,120.01,84,116.05,92,53.08,11848647316.187088,262835999.0,0.040799998,13.23,4373374,3145018,2876210
942,SOBO,Energy,Oil & Gas Midstream,NYSE,119.99,83,106.67,86,37.28,7260422232.945671,209173795.0,8.98,4.84,850551,978843,1025832
943,SBSW,Basic Materials,Other Precious Metals & Mining,NYSE,119.99,83,86.99,26,12.12,9635292614.804893,723370333.0,0.0197,-43.07,4550799,4612909,5488117
944,CLDX,Healthcare,Biotechnology,NASDAQ,119.99,83,98.45,73,31.34,2666375781.6555176,78492072.0,0.1257,-12.43,757224,887931,1013344
945,DNN,Energy,Uranium,NYSE ARCA,119.98,83,81.77,15,3.28,3381019713.981368,904015964.0,1.95,-25.96,24535055,24028135,32318253
946,VRA,Consumer Cyclical,Footwear & Accessories,NASDAQ,119.9,83,86.57,25,3.25,117734359.48308372,28438252.0,0.0592,-25.97,192584,252968,365004
947,IONS,Healthcare,Biotechnology,NASDAQ,119.84,83,91.59,42,74.23,12512027963.457611,165262556.0,0.1099,-14.42,1610177,1720582,1972813
948,NOV,Energy,Oil & Gas Equipment & Services,NYSE,119.82,83,98.96,74,20.37,6908603240.0,358888480.0,0.1379,-2.68,4983297,5032045,5010493
949,MLI,Industrials,Metal Fabrication,NYSE,119.82,83,104.96,84,136.44,15571659631.25084,110570613.0,0.0179,-3.58,530345,708161,729067
950,EC,Energy,Oil & Gas Integrated,NYSE,119.76,83,92.9,48,13.09,25985751756.214844,2055834735.0,0.0355,-16.2,2932698,2741316,3287663
951,ILMN,Healthcare,Diagnostics & Research,NASDAQ,119.63,83,103.64,82,142.54,21466444738.76953,151300000.0,0.077,-8.35,1809222,1608324,1556168
952,PLSE,Healthcare,Medical Instruments & Supplies,NASDAQ,119.58,83,106.94,86,24.55,1301734273.1548405,68225067.0,0.1616,-6.65,491274,335464,304704
953,FANG,Energy,Oil & Gas E&P,NASDAQ,119.58,83,100.41,78,203.56,53083818285.39995,281313297.0,0.0428,-5.1,2653184,2838261,3319550
954,GGB,Basic Materials,Steel,NYSE,119.57,83,102.63,81,4.6,9541899425.073925,1967401982.0,0.0069,-7.63,19127661,18790187,19227594
955,ADM,Consumer Defensive,Farm Products,NYSE,119.54,83,104.73,84,80.4,37428745651.797516,481956527.0,0.037,-1.65,4728173,3741994,4168446
956,BLBD,Industrials,Farm & Heavy Construction Machinery,NASDAQ,119.51,83,112.34,90,71.87,2247540644.5445023,31646589.0,0.1159,-11.83,639712,436700,396588
957,PHVS,Healthcare,Biotechnology,NASDAQ,119.47,83,100.3,77,30.4,1968121373.9604416,65407822.0,0.021300001,-3.4,467942,336417,282554
958,NEM,Basic Materials,Gold,NYSE,119.45,83,90.14,36,109.06,124380574814.17874,1067552764.0,0.020299999,-19.14,6492396,7264152,9258485
959,LGND,Healthcare,Biotechnology,NASDAQ,119.35,83,95.09,63,213.21,2685571605.469208,12129405.0,0.0849,-13.81,227116,224898,235645
960,OXY,Energy,Oil & Gas E&P,NYSE,119.33,83,100.13,77,59.62,52745476979.87631,994634701.0,0.0002,-11.61,12839924,13252428,17185514
961,RES,Energy,Oil & Gas Equipment & Services,NYSE,119.33,83,93.97,54,6.92,1507147078.2743359,221639270.0,0.376,-15.2,2072548,2230646,2325433
962,SLI,Basic Materials,Other Industrial Metals & Mining,NYSE ARCA,119.22,83,93.87,53,3.85,955069979.9333584,243020347.0,2.08,-39.84,1877336,1787448,1863475
963,MTDR,Energy,Oil & Gas E&P,NYSE,119.2,83,98.25,73,60.34,6863340420.332947,124200880.0,0.0701,-9.72,1685098,1657459,1820127
964,DAC,Industrials,Marine Shipping,NYSE,119.15,83,105.51,85,130.18,2450733928.1341553,18203475.0,0.051799998,-3.72,118191,86790,82104
965,RPRX,Healthcare,Biotechnology,NASDAQ,119.04,83,103.22,82,52.85,22513892147.989563,443274104.0,0.0274,2.32,4027351,3290923,3316324
966,PANW,Technology,Software - Infrastructure,NASDAQ,119.02,83,133.08,96,242.83,168590683959.96094,811000000.0,0.0321,8.6,8675370,7834313,7769122
967,FCX,Basic Materials,Copper,NYSE,119.01,83,97.47,71,63.01,88623769601.89777,1437530696.0,0.0197,-11.22,15132639,15695146,17062413
968,EDIT,Healthcare,Biotechnology,NASDAQ,119.01,83,95.1,63,2.62,304488526.7492223,97906282.0,0.1118,-42.25,1150806,1392342,1560195
969,TKR,Industrials,Tools & Accessories,NYSE,118.95,83,101.99,80,114.49,8198267429.532166,69494510.0,0.029000001,-7.42,1140499,846989,810245
970,GRML,Basic Materials,Other Precious Metals & Mining,NASDAQ,118.95,83,98.5,73,0.39,55769784.61169422,121238660.0,0.0726,-90.03,2990117,3362685,2976183
971,CVS,Healthcare,Healthcare Plans,NYSE,118.94,83,115.52,92,95.89,115535221542.67113,1275927307.0,0.014400001,5.5,10385307,8536935,8032007
972,MTA,Basic Materials,Other Precious Metals & Mining,NYSE ARCA,118.89,83,92.85,48,6.81,679328877.9577208,93442762.0,2.09,-26.38,421936,382445,488023
973,NPKI,Energy,Oil & Gas Equipment & Services,NYSE,118.83,83,96.76,69,15.29,1262261508.4458342,84432209.0,0.0201,-7.33,764067,803742,754823
974,ALGM,Technology,Semiconductors,NASDAQ,118.75,83,98.26,73,43.1,9069988227.865715,185290870.0,0.1271,-16.15,3128208,2347806,2116353
975,VIK,Consumer Cyclical,Travel Services,NYSE,118.74,83,100.16,77,83.7,36876699004.29938,446071124.0,0.0369,-3.79,3845197,3112909,3066527
976,FDX,Industrials,Integrated Freight & Logistics,NYSE,118.74,83,92.9,48,375.78,90331742482.53186,238606756.0,0.0138,-6.99,1820668,1569942,1801899
977,INNV,Healthcare,Medical Care Facilities,NASDAQ,118.74,83,81.77,15,7.12,1027333406.0863624,135711147.0,0.0327,-33.4,338442,263137,282886
978,KODK,Industrials,Specialty Business Services,NYSE,118.66,83,80.02,13,9.69,1113615985.1074219,97600000.0,0.0758,-34.84,1590085,1413828,1487851
979,PBYI,Healthcare,Biotechnology,NASDAQ,118.66,83,90.63,38,6.92,381236913.79003906,50899456.0,0.0959,-12.41,376429,299389,290391
980,TECX,Healthcare,Biotechnology,NASDAQ,118.65,83,94.46,59,27.89,547206394.0,18869186.0,0.2705,-22.59,273059,228166,254969
981,KGEI,Energy,Oil & Gas E&P,NASDAQ,118.58,83,113.38,91,6.11,181840810.01554108,35515784.0,3.96,-26.12,188583,226741,226882
982,ERIC,Technology,Communication Equipment,NASDAQ,118.54,83,101.05,79,12.5,39527589519.61219,3327238143.0,0.013099999,2.54,7699356,10559075,10325321
983,UNF,Industrials,Specialty Business Services,NYSE,118.52,83,97.36,70,261.09,4564319495.00177,18082958.0,0.0403,-7.99,221746,210945,340031
984,TD,Financial Services,Banks - Diversified,NYSE,118.5,83,99.98,77,107.64,180179338776.26544,1676710779.0,6.01,-1.45,1159530,2276190,2368956
985,XPO,Industrials,Trucking,NYSE,118.49,83,91.76,43,204.23,24010341114.5,117409981.0,0.0538,-11.76,1457302,1336370,1371214
986,CMRE,Industrials,Marine Shipping,NYSE,118.48,83,96.2,67,17.17,2124774034.782114,120588759.0,0.0477,-4.93,605774,444801,433020
987,WYFI,Technology,Information Technology Services,NASDAQ,118.47,83,145.64,97,24.2,815263942.5,38365362.0,0.2343,-40.61,2892568,1481039,1247471
988,CHGG,Consumer Defensive,Education & Training Services,NYSE,118.44,83,111.02,90,1.02,129872102.18297482,111958712.0,0.0665,-46.32,3990752,2398714,1825450
989,AGPU,Technology,Software - Infrastructure,NASDAQ,118.44,83,142.4,97,5.85,31407644.312612534,5539267.0,0.053400002,-81.78,357101,3617907,4204840
990,BKR,Energy,Oil & Gas Equipment & Services,NASDAQ,118.44,83,94.82,61,64.12,63383268445.81932,992068697.0,0.026600001,-8.93,7396833,8099087,9341038
991,CRWD,Technology,Software - Infrastructure,NASDAQ,118.44,83,129.71,95,594.08,134336744659.58643,254536521.0,0.026199998,4.79,3157205,3274518,3373883
992,MCHPP,Technology,Semiconductors,NASDAQ,118.43,83,108.22,87,79.87,,,0.31,-9.24,158931,149863,187628
993,NTLA,Healthcare,Biotechnology,NASDAQ,118.39,83,98.13,72,13.67,1675715320.507187,118929404.0,0.3677,-51.61,6967036,6985352,5564633
994,DHT,Energy,Oil & Gas Midstream,NYSE,118.39,83,93.0,49,17.64,3059791103.0,161041637.0,0.0633,-14.16,3165041,3336760,4211680
995,PCT,Industrials,Pollution & Treatment Controls,NASDAQ,118.37,83,165.84,99,12.59,1723629583.2042217,180863550.0,0.4051,-27.52,6130886,4394242,4649055
996,SNDX,Healthcare,Biotechnology,NASDAQ,118.36,83,89.47,34,20.23,1904229459.9487743,88610027.0,0.2666,-20.95,1829158,1665402,1661143
997,ODC,Basic Materials,Specialty Chemicals,NYSE,118.34,83,103.44,82,76.47,1119014923.2842102,14480007.0,0.0373,-1.81,47233,50231,55752
998,UNH,Healthcare,Healthcare Plans,NYSE,118.32,83,115.71,92,393.85,345076720609.0924,908144404.0,0.0186,1.71,6939701,8472987,8587638
999,IBKR,Financial Services,Capital Markets,NASDAQ,118.32,83,107.31,87,87.0,37607822961.173035,445484764.0,0.0271,-0.42,3999588,4413679,4592351
1000,TCMD,Healthcare,Medical Devices,NASDAQ,118.26,83,87.9,29,22.74,578568060.3954697,22556260.0,0.074,-39.79,511394,343574,313348
1001,UVE,Financial Services,Insurance - Property & Casualty,NYSE,118.23,82,103.36,82,38.75,1100814455.5899124,27911118.0,0.0188,-7.65,209417,216272,209085
1002,AVBP,Healthcare,Biotechnology,NASDAQ,118.18,82,97.01,69,27.87,1367869039.0,46368442.0,0.22559999,-13.29,323927,436999,503819
1003,GH,Healthcare,Diagnostics & Research,NASDAQ,118.18,82,97.6,71,94.92,12689812800.63713,132599929.0,0.0929,-21.38,1935488,2110899,2007587
1004,CPRX,Healthcare,Biotechnology,NASDAQ,118.17,82,111.26,90,31.18,3811998865.367426,122375567.0,0.0889,-4.24,4001779,2639326,2014363
1005,SYPR,Consumer Cyclical,Auto Parts,NASDAQ,118.17,82,83.58,18,3.0,75706616.82219505,23011130.0,0.0101,-36.71,77534,92418,82900
1006,CHRS,Healthcare,Biotechnology,NASDAQ,118.13,82,83.72,19,1.57,262307328.5,149889902.0,0.19229999,-39.98,1754961,1230867,1316422
1007,IPI,Basic Materials,Agricultural Inputs,NYSE,118.12,82,101.37,79,41.85,507902882.7474594,13433030.0,0.023599999,-16.87,281432,279670,393974
1008,ISOU,Energy,Uranium,NYSE ARCA,118.07,82,95.2,63,11.22,730578642.164051,60628932.0,11.62,-17.38,126668,112559,132009
1009,ENPH,Technology,Solar,NASDAQ,118.01,82,141.19,97,52.89,4804045219.554062,131798220.0,0.24180001,-2.83,8701568,7824192,6699785
1010,ARKO,Consumer Cyclical,Specialty Retail,NASDAQ,118.0,82,103.92,83,6.99,770715890.4313631,112185721.0,0.045100003,-1.2,1004716,970265,974287
1011,ESEA,Industrials,Marine Shipping,NASDAQ,118.0,82,98.16,72,69.64,516419947.616272,7055881.0,0.0167,-6.85,53071,65477,80956
1012,LODE,Basic Materials,Other Precious Metals & Mining,NYSE ARCA,117.98,82,103.13,82,3.49,223184471.3037815,75913084.0,0.038599998,-27.29,1618708,1137942,1169459
1013,ELTX,Healthcare,Biotechnology,NASDAQ,117.86,82,95.17,63,10.63,185364545.32587433,18704798.0,0.1125,-28.8,149052,135704,133416
1014,STI,Industrials,Electrical Equipment & Parts,NASDAQ,117.86,82,100.19,77,5.55,40355013.935474396,7745684.0,0.0462,-83.67,66459,84946,73947
1015,NXDT,Real Estate,REIT - Diversified,NYSE,117.83,82,91.31,41,4.71,256119904.21068668,50219590.0,0.026300002,-14.21,146830,131410,136316
1016,STT,Financial Services,Asset Management,NYSE,117.83,82,102.97,81,152.85,41373905283.49672,276767033.0,0.0001,-2.13,1820202,2122200,2152164
1017,KNTK,Energy,Oil & Gas Midstream,NYSE,117.74,82,104.33,83,51.27,3270855842.81028,68802183.0,0.1267,0.31,1228527,1089785,1100901
1018,ENVA,Financial Services,Credit Services,NYSE,117.74,82,99.03,74,164.02,4352368158.514648,24884896.0,0.0962,-7.17,249677,239442,233831
1019,BTX,Financial Services,Asset Management,NYSE,117.69,82,111.75,90,8.59,951188892.3285542,116710299.0,0.29,4.5,719285,764971,720779
1020,RMT,Financial Services,Asset Management,NYSE,117.64,82,99.46,76,13.26,732655727.4997816,53478521.0,0.0015,-3.77,117451,127753,131306
1021,RSVR,Communication Services,Entertainment,NASDAQ,117.63,82,101.45,79,10.11,668466204.0830526,65600219.0,0.1578,-2.03,50538,69049,86117
1022,AMWL,Healthcare,Health Information Services,NYSE,117.6,82,121.73,94,7.57,133166606.00442076,16708483.0,0.0212,-17.27,85893,65431,58978
1023,BZFD,Communication Services,Internet Content & Information,NASDAQ,117.59,82,192.22,99,1.49,30976672.841478765,37638727.0,0.048,-44.4,16836989,5754583,3554179
1024,DVN,Energy,Oil & Gas E&P,NYSE,117.59,82,96.87,69,49.49,52587871502.24921,1152989932.0,0.055999998,-6.11,18088544,14026531,16241354
1025,ZIM,Industrials,Marine Shipping,NYSE,117.52,82,95.08,63,25.57,3207023888.7292633,120519497.0,0.026099999,-14.68,2067243,1421177,1660064
1026,IX,Financial Services,Financial Conglomerates,NYSE,117.37,82,105.3,84,36.65,37043491513.41757,1098235755.0,0.00090000004,-1.05,270414,328624,383142
1027,XPL,Basic Materials,Other Industrial Metals & Mining,NYSE ARCA,117.35,82,101.22,79,0.89,78176902.51920128,93067744.0,0.0025,-9.18,220935,189681,286529
1028,DLTH,Consumer Cyclical,Apparel Retail,NASDAQ,117.35,82,93.58,52,2.99,124299555.1163764,38128698.0,0.0241,-35.84,57932,75780,373714
1029,BVC,Technology,Software - Application,NASDAQ,117.34,82,100.24,77,10.12,1545599967.956543,168000000.0,0.0007,-32.55,2396,1908,2229
1030,LESL,Consumer Cyclical,Specialty Retail,NASDAQ,117.28,82,193.28,99,3.03,14999685.883274674,9316575.0,0.1627,-83.67,4901704,1728881,1091194
1031,SBLK,Industrials,Marine Shipping,NASDAQ,117.21,82,101.36,79,26.47,3054527047.984129,113847449.0,0.0161,-2.68,1225531,956807,1250842
1032,ESE,Technology,Scientific & Technical Instruments,NYSE,117.21,82,90.46,37,289.87,7852722525.42041,25907172.0,0.0227,-16.27,319532,347740,328092
1033,LBTYB,Communication Services,Telecom Services,NASDAQ,117.15,82,95.6,65,15.4,5426463605.902126,338097437.0,0.0011999999,-46.91,21089,13423,14641
1034,UEC,Energy,Uranium,NYSE ARCA,117.06,82,86.72,26,13.65,7431746995.478245,490220783.0,0.1373,-32.89,8816894,8427874,9377608
1035,SABS,Healthcare,Biotechnology,NASDAQ,117.06,82,93.83,53,3.7,288833198.0328202,70275715.0,0.044499997,-43.94,1692588,827262,890709
1036,CDLR,Industrials,Engineering & Construction,NYSE,117.02,82,103.42,82,28.84,2853234020.6433334,96490837.0,0.0105,-3.12,61408,69786,84909
1037,VBNK,Financial Services,Banks - Regional,NASDAQ,116.99,82,97.59,71,17.11,606032822.3883476,32167347.0,3.89,-10.02,61635,89818,68585
1038,CCJ,Energy,Uranium,NYSE,116.97,82,86.18,24,107.51,50848475181.5,435532978.0,1.84,-20.5,3450514,3089978,3295144
1039,STRS,Real Estate,Real Estate - Diversified,NASDAQ,116.94,82,91.67,42,29.23,238124626.48096657,7982723.0,0.0197,-11.24,30034,27364,24168
1040,CMT,Basic Materials,Specialty Chemicals,NYSE ARCA,116.93,82,94.61,60,23.91,239279170.0,9203045.0,0.0185,-16.66,31273,36717,35322
1041,CLSK,Financial Services,Capital Markets,NASDAQ,116.89,82,115.14,92,13.11,3631691315.819003,255752913.0,0.4625,-44.47,21235522,20598590,19815906
1042,CDE,Basic Materials,Gold,NYSE,116.86,82,86.59,25,17.61,19200519264.471645,1034510766.0,0.0373,-36.59,21463296,19094442,26384139
1043,FLNG,Energy,Oil & Gas Midstream,NYSE,116.85,82,100.48,78,32.13,1769902608.7507324,54092376.0,0.1328,-3.8,503067,453762,576123
1044,QCOM,Technology,Semiconductors,NASDAQ,116.82,82,127.94,95,201.49,230920856140.13672,1054000000.0,0.0514,-11.65,33743867,22724532,18948007
1045,GEO,Industrials,Security & Protection Services,NYSE,116.79,82,123.4,94,22.92,2907533890.422798,133618284.0,0.1038,-17.85,2387424,1793798,2195934
1046,TLPH,Healthcare,Drug Manufacturers - Specialty & Generic,NASDAQ,116.75,82,96.16,67,0.85,46709681.96261597,51899648.0,0.0247,-45.86,137096,142925,167237
1047,NYAX,Technology,Software - Infrastructure,NASDAQ,116.74,82,93.49,51,63.39,2691226008.0,37378139.0,0.0013,-15.29,55178,36446,28513
1048,TOI,Healthcare,Medical Care Facilities,NASDAQ,116.67,82,111.87,90,3.98,399931732.0,99982933.0,0.098500006,-18.44,1900744,1534668,1928350
1049,CRBP,Healthcare,Biotechnology,NASDAQ,116.66,82,108.53,88,11.03,194391646.1165924,17736464.0,0.0879,-46.35,288886,287358,263473
1050,NPK,Industrials,Aerospace & Defense,NYSE,116.59,82,94.35,58,137.98,1020776842.3505859,7164352.0,0.08270001,-7.93,87338,81232,92013
1051,EHLD,Industrials,Marine Shipping,NASDAQ,116.58,82,106.28,86,8.65,23969394.294672012,2816615.0,0.0017,-0.97,2743,2297,4146
1052,PPIH,Industrials,Building Products & Equipment,NASDAQ,116.58,82,93.13,49,31.99,274404152.02389526,8123273.0,0.018,-12.88,77142,92147,84304
1053,BEN,Financial Services,Asset Management,NYSE,116.55,82,110.68,89,31.83,16134733483.648308,519637162.0,0.0619,1.24,4457285,5296398,5226997
1054,ASPN,Industrials,Building Products & Equipment,NYSE,116.48,82,137.57,97,5.6,417441035.960454,82825603.0,0.100200005,-42.74,2492403,1852887,1622008
1055,CHCI,Real Estate,Real Estate Services,NASDAQ,116.38,82,98.05,72,16.3,174919829.5728302,10259228.0,0.0070999996,-17.34,11011,15047,23626
1056,NKTX,Healthcare,Biotechnology,NASDAQ,116.37,82,98.19,73,2.64,227418054.82929945,71290925.0,0.1003,-27.67,859024,969581,829406
1057,MGTX,Healthcare,Biotechnology,NASDAQ,116.34,82,99.17,75,9.4,909071967.6088028,92573523.0,0.0876,-20.68,534418,886106,783109
1058,EQX,Basic Materials,Gold,NYSE ARCA,116.29,82,85.17,22,13.23,11276326624.75799,789106134.0,1.73,-30.22,10320637,8934419,9739823
1059,FFIV,Technology,Software - Infrastructure,NASDAQ,116.28,82,111.66,90,362.58,19974105946.53885,56419247.0,0.0405,2.27,656523,757801,750150
1060,SHEN,Communication Services,Telecom Services,NASDAQ,116.27,81,98.45,73,15.91,894003527.7185326,55322001.0,0.0634,-8.3,315676,345175,306585
1061,ABCL,Healthcare,Biotechnology,NASDAQ,116.21,81,101.43,79,4.09,1599588252.4103985,305264947.0,0.2025,-37.22,10604470,7287323,5355728
1062,RXO,Industrials,Trucking,NYSE,116.14,81,104.94,84,18.69,3587016786.0,164920312.0,0.2362,-20.03,3490518,2352436,2163905
1063,NAVN,Technology,Software - Application,NASDAQ,116.06,81,123.28,94,18.46,4684215818.046188,250761014.0,0.1575,-18.86,3799010,2954066,3290764
1064,LAC,Basic Materials,Other Industrial Metals & Mining,NYSE,115.91,81,95.98,66,5.01,1942935291.2991629,348821406.0,0.0733,-52.38,12526092,11257397,9797846
1065,CVI,Energy,Oil & Gas Refining & Marketing,NYSE,115.83,81,105.62,85,33.89,3372801519.75124,100530599.0,0.19690001,-18.67,904969,982896,1246759
1066,REI,Energy,Oil & Gas E&P,NYSE ARCA,115.75,81,84.75,21,1.36,337148782.79562235,209409180.0,0.0505,-32.0,9240562,5862037,5982220
1067,LIDR,Technology,Software - Infrastructure,NASDAQ,115.7,81,95.86,66,1.89,90238379.24245238,45345919.0,0.0502,-70.65,2156705,4938395,5742727
1068,CTRI,Utilities,Utilities - Regulated Gas,NYSE,115.69,81,86.7,26,31.29,3485273755.6487427,100934662.0,0.0339,-27.21,2360879,1456399,1392927
1069,CW,Industrials,Aerospace & Defense,NYSE,115.69,81,95.06,63,712.72,26937497239.741943,36941164.0,0.016900001,-4.97,269557,243662,275499
1070,CLFD,Technology,Communication Equipment,NASDAQ,115.54,81,139.66,97,43.5,544121990.8415222,13589460.0,0.1451,-6.97,508115,288845,218781
1071,UTI,Consumer Defensive,Education & Training Services,NYSE,115.51,81,104.96,84,39.56,1967893849.3586998,55061381.0,0.0588,-2.1,947651,632840,633216
1072,NSA,Real Estate,REIT - Industrial,NYSE,115.47,81,97.75,71,41.02,6418821929.222961,146984708.0,0.00059999997,-6.8,1001321,997003,1816742
1073,ATAI,Healthcare,Biotechnology,NASDAQ,115.46,81,95.98,66,4.01,1478675167.8622284,366916896.0,0.084300004,-40.59,4224304,6363558,5914716
1074,FLXS,Consumer Cyclical,"Furnishings, Fixtures & Appliances",NASDAQ,115.45,81,97.26,70,53.5,227584910.8618965,4075661.0,0.015800001,-10.76,42769,60109,47657
1075,HURA,Healthcare,Biotechnology,NASDAQ,115.35,81,115.4,92,2.31,151564423.92788696,63682528.0,0.15619999,-45.0,592114,1147228,1015488
1076,TGTX,Healthcare,Biotechnology,NASDAQ,115.35,81,113.73,91,39.5,6561162332.234802,153083580.0,0.2348,-11.53,2926589,2141369,2181345
1077,GSL,Industrials,Marine Shipping,NYSE,115.34,81,97.91,72,40.86,1523938536.8514252,36035434.0,0.0247,-4.22,335520,274263,332816
1078,RAAQU,Financial Services,Shell Companies,NASDAQ,115.32,81,110.91,89,13.75,,,0.11,3.38,430,5713,3706
1079,OPLN,Consumer Cyclical,Auto & Truck Dealerships,NYSE,115.27,81,108.37,87,34.9,4014297891.6756287,105946106.0,0.0182,-9.33,1355615,805761,875093
1080,DD,Basic Materials,Specialty Chemicals,NYSE,115.26,81,98.84,74,49.31,20397683498.5207,409921306.0,0.028399998,-6.36,4665208,3505029,3827655
1081,MITK,Technology,Software - Application,NASDAQ,115.25,81,95.26,64,14.26,704929648.6059389,45158851.0,0.0653,-9.75,1544088,1145219,993253
1082,SUN,Energy,Oil & Gas Refining & Marketing,NYSE,115.24,81,104.54,83,71.16,12616064133.423706,188411952.0,0.045700002,1.66,805705,500928,538439
1083,ORA,Utilities,Utilities - Renewable,NYSE,115.24,81,108.4,87,131.52,7477053924.32518,61453555.0,0.0771,-0.8,1443491,996630,1013610
1084,PAGP,Energy,Oil & Gas Midstream,NASDAQ,115.24,81,100.19,77,24.56,4589396741.252205,197904124.0,0.077199996,-0.81,1846127,1866905,1927341
1085,PHIN,Consumer Cyclical,Auto Parts,NYSE,115.22,81,98.9,74,76.05,2956832069.1399994,37020558.0,0.111499995,-6.24,344186,340215,360655
1086,CX,Basic Materials,Building Materials,NYSE,115.19,81,98.65,74,12.56,18917106163.43159,1442952453.0,1.85,-8.12,6215315,5753098,6555403
1087,NVDA,Technology,Semiconductors,NASDAQ,115.1,81,111.1,90,225.32,5230435925827.026,24305000000.0,0.012200001,3.45,156024136,150238728,161637645
1088,FGNXP,Financial Services,Asset Management,NASDAQ,115.1,81,97.5,71,25.75,,,0.86,-0.96,600,1753,2922
1089,IBIO,Healthcare,Biotechnology,NASDAQ,115.09,81,74.26,7,1.47,61805490.68876743,36143561.0,0.1062,-61.52,995187,898372,962285
1090,NB,Basic Materials,Other Industrial Metals & Mining,NASDAQ,115.08,81,91.25,41,5.46,869210752.5584946,142727542.0,0.069699995,-56.6,3948930,4592523,4253508
1091,HG,Financial Services,Insurance - Reinsurance,NYSE,115.06,81,97.35,70,31.84,3063040189.721054,99255999.0,0.0148,-5.56,516416,459522,464143
1092,NXPI,Technology,Semiconductors,NASDAQ,114.97,81,113.47,91,291.5,74415850535.25,252471079.0,0.0377,-4.08,4194091,3763750,3385082
1093,SGMT,Healthcare,Biotechnology,NASDAQ,114.96,81,105.06,84,6.9,476106434.3256445,61751807.0,0.12100001,-39.53,972021,2467147,1626100
1094,PAA,Energy,Oil & Gas Midstream,NASDAQ,114.93,81,100.45,78,22.9,15324147692.029839,705531684.0,0.025899999,-0.61,3396504,3187811,3461440
1095,MYE,Consumer Cyclical,Packaging & Containers,NYSE,114.92,81,98.57,74,22.11,862316078.7352448,37557322.0,0.023699999,-8.82,267512,209440,234820
1096,AMTX,Basic Materials,Specialty Chemicals,NASDAQ,114.91,81,84.19,20,2.29,182249169.39039683,70366477.0,0.08189999,-39.74,1859957,1740912,1982431
1097,DXPE,Industrials,Industrial Distribution,NASDAQ,114.9,81,88.79,32,146.84,2421619514.595703,15505312.0,0.0325,-20.16,209732,212584,191994
1098,RAL,Technology,Electronic Components,NYSE,114.87,81,125.32,95,59.35,5286435192.912693,111929605.0,0.0677,4.09,2654145,1580341,1467425
1099,DDI,Communication Services,Electronic Gaming & Multimedia,NASDAQ,114.86,81,117.82,93,12.0,574819922.9031372,49553440.0,0.0008,2.5,237092,187164,127396
1100,MAZE,Healthcare,Biotechnology,NASDAQ,114.83,81,80.43,13,25.56,1438122605.6762428,55248658.0,0.0872,-52.36,509778,769506,981189
1101,NHPAP,Real Estate,REIT - Healthcare Facilities,NASDAQ,114.82,81,101.44,79,21.65,,,0.41,-2.35,8393,9137,8130
1102,VERA,Healthcare,Biotechnology,NASDAQ,114.69,81,90.26,37,37.32,2597823197.181183,71782904.0,0.1568,-33.42,1044513,1147157,1210056
1103,SGHC,Consumer Cyclical,Gambling,NYSE,114.61,81,111.78,90,13.14,6645644348.276817,508076788.0,0.0854,-8.62,4860464,3947118,3189358
1104,USGO,Basic Materials,Other Industrial Metals & Mining,NASDAQ,114.59,81,94.15,56,12.65,180120111.4585533,13322493.0,0.074200004,-29.64,67899,60093,69871
1105,EVTV,Consumer Cyclical,Auto Manufacturers,NASDAQ,114.55,81,118.35,93,2.33,26507973.33341527,12930719.0,0.0678,-54.04,636225,414535,665145
1106,PLOW,Consumer Cyclical,Auto Parts,NYSE,114.53,81,94.21,57,44.24,1047339966.8517456,23125192.0,0.0299,-15.46,327950,261003,246014
1107,FVR,Real Estate,REIT - Diversified,NYSE,114.48,81,97.09,70,17.37,411587350.4882126,22652028.0,0.0148,-6.06,137481,119690,112976
1108,BP,Energy,Oil & Gas Integrated,NYSE,114.47,81,93.55,51,44.35,111600383071.5334,2574997293.0,0.0047999998,-8.12,7197288,9552992,14848525
1109,VMI,Industrials,Conglomerates,NYSE,114.45,81,104.77,84,506.75,9911639281.066956,19413651.0,0.023699999,-4.11,210796,227438,214777
1110,BKD,Healthcare,Medical Care Facilities,NYSE,114.37,81,84.01,19,13.04,3099866941.1774635,238818725.0,0.1634,-23.7,4213250,3253006,3473260
1111,VYNE,Healthcare,Biotechnology,NASDAQ,114.35,81,102.74,81,0.67,22046239.583308697,33352858.0,0.0031,-65.82,327359,174936,178139
1112,GPRK,Energy,Oil & Gas E&P,NYSE,114.31,81,99.52,76,9.58,603452937.8254013,64678772.0,0.0309,-7.35,558277,825215,1090307
1113,GUTS,Healthcare,Biotechnology,NASDAQ,114.23,81,151.95,98,0.86,119779966.3085028,158648963.0,0.0279,-71.62,3065867,2111602,2217971
1114,VNDA,Healthcare,Biotechnology,NASDAQ,114.19,81,86.47,25,6.28,377651341.976943,60135562.0,0.0983,-36.82,1357719,1157053,1519283
1115,BEAM,Healthcare,Biotechnology,NASDAQ,114.13,81,91.62,42,27.93,3325056165.0837555,102879214.0,0.3353,-23.35,2212115,2152808,2105483
1116,XOM,Energy,Oil & Gas Integrated,NYSE,114.12,81,96.88,69,157.92,599235041568.8397,4144947162.0,0.0116,-10.48,17557144,18293648,21313914
1117,LIND,Consumer Cyclical,Travel Services,NASDAQ,114.11,81,93.84,53,18.67,1384160025.024414,65600000.0,0.087799996,-16.43,906966,717058,730495
1118,DTM,Energy,Oil & Gas Midstream,NYSE,114.09,80,100.68,78,148.08,14567616361.722382,102014118.0,0.042600002,-1.58,648496,813372,843047
1119,CMTL,Technology,Communication Equipment,NASDAQ,114.09,80,88.06,29,3.76,116855089.6549666,29734119.0,0.0207,-39.45,176356,189585,255561
1120,ALOY,Basic Materials,Other Industrial Metals & Mining,NASDAQ,114.09,80,80.9,14,8.64,591725683.1012421,59830704.0,1.04,-67.88,1515809,1723439,1750593
1121,KEX,Industrials,Marine Shipping,NYSE,113.99,80,98.38,73,145.7,7627051334.54895,53621000.0,0.032899998,-7.6,638323,700127,755086
1122,HWM,Industrials,Aerospace & Defense,NYSE,113.96,80,101.28,79,260.35,108253079623.65509,400107483.0,0.023599999,-7.26,2874719,2315456,2366511
1123,FTK,Energy,Oil & Gas Equipment & Services,NYSE,113.94,80,110.64,89,19.61,577754413.1704302,36177483.0,0.16770001,-3.92,357423,250017,275420
1124,LSTR,Industrials,Integrated Freight & Logistics,NASDAQ,113.9,80,99.34,75,176.04,6222094411.191864,33928210.0,0.0572,-10.11,508570,475653,462774
1125,PSMT,Consumer Defensive,Discount Stores,NASDAQ,113.8,80,95.91,66,159.26,4889581640.823868,30895879.0,0.087799996,-3.75,229264,246298,244290
1126,XPRO,Energy,Oil & Gas Equipment & Services,NYSE,113.73,80,87.67,28,15.85,1742885486.7329397,113395283.0,0.066300005,-15.38,930209,1016499,1127419
1127,HASI,Financial Services,Asset Management,NYSE,113.72,80,96.33,68,41.19,5246233661.795525,127801066.0,0.1321,-6.66,1153212,955040,961478
1128,CRUS,Technology,Semiconductors,NASDAQ,113.68,80,95.94,66,159.71,8756438376.232681,51007389.0,0.0651,-10.78,694814,681758,645478
1129,LOCO,Consumer Cyclical,Restaurants,NASDAQ,113.66,80,99.28,75,13.44,426372660.0,30455190.0,0.0656,-15.47,407807,303125,377971
1130,NRIX,Healthcare,Biotechnology,NASDAQ,113.6,80,91.64,42,15.85,1708264078.0954247,103405813.0,0.1878,-29.56,865038,994386,1117557
1131,NHPBP,Real Estate,REIT - Healthcare Facilities,NASDAQ,113.58,80,98.77,74,20.7,,,0.55,-4.85,5273,13684,10412
1132,OABI,Healthcare,Biotechnology,NASDAQ,113.56,80,135.54,96,2.18,240654476.30101812,144972579.0,0.044899996,-5.01,1224905,810408,608399
1133,OPY,Financial Services,Capital Markets,NYSE,113.51,80,89.13,33,94.36,1023685261.660881,10708005.0,0.0049,-20.55,61137,77125,67793
1134,PKBK,Financial Services,Banks - Regional,NASDAQ,113.48,80,96.55,68,30.1,363094022.2129631,11842597.0,0.0095999995,-4.29,83770,99166,90900
1135,RYM,Consumer Defensive,Tobacco,NASDAQ,113.47,80,107.59,87,28.01,56285689.65775871,2149129.0,0.0353,-47.79,13254,15741,16782
1136,ONMD,Healthcare,Health Information Services,NASDAQ,113.46,80,91.12,40,0.84,56032323.99222374,54933652.0,0.0197,-80.09,270263,748851,602684
1137,GRDN,Healthcare,Medical Care Facilities,NYSE,113.38,80,94.14,56,36.61,2285241690.721962,63320634.0,0.1025,-11.48,462628,414529,519183
1138,GRWG,Consumer Cyclical,Specialty Retail,NASDAQ,113.38,80,128.87,95,1.61,85329082.52117813,60090905.0,0.0223,-32.92,556489,636793,539023
1139,KW,Real Estate,Real Estate Services,NYSE,113.38,80,97.45,71,11.03,1535122154.2679787,139303275.0,0.063200004,-0.54,985521,837160,1060488
1140,HFBL,Financial Services,Banks - Regional,NASDAQ,113.36,80,100.22,77,19.75,61320178.36141205,3059889.0,0.0015,-1.45,2879,1836,1829
1141,HNGE,Healthcare,Health Information Services,NYSE,113.3,80,121.57,94,54.5,4334834862.001812,77380129.0,0.0735,-12.35,2513632,1312867,1176684
1142,GRO,Basic Materials,Other Industrial Metals & Mining,NYSE ARCA,113.29,80,82.7,17,2.63,161686582.02484727,61244915.0,0.0068,-34.09,766419,777179,945689
1143,PSX,Energy,Oil & Gas Refining & Marketing,NYSE,113.27,80,97.58,71,176.2,68784411052.35474,400935020.0,0.0185,-7.56,2511242,2712627,3251424
1144,WERN,Industrials,Trucking,NASDAQ,113.25,80,104.99,84,37.31,2183383078.528061,59950115.0,0.049099997,-2.99,1267103,1115661,1101920
1145,HZO,Consumer Cyclical,Specialty Retail,NYSE,113.17,80,107.65,87,33.02,756006238.5575409,22028154.0,0.19459999,-4.1,442367,343189,358839
1146,KFRC,Industrials,Staffing & Employment Services,NYSE,113.13,80,108.51,88,39.49,774978703.6743164,17832000.0,0.076799996,-16.86,205769,302059,306469
1147,RGS,Consumer Cyclical,Personal Services,NASDAQ,113.05,80,105.69,85,28.3,69915807.29615021,2498778.0,0.0251,-10.16,12954,10521,10580
1148,GLRE,Financial Services,Insurance - Reinsurance,NASDAQ,112.99,80,96.85,69,17.52,592352781.5231934,33166448.0,0.0138,-9.64,192184,200934,230374
1149,OPRA,Communication Services,Internet Content & Information,NASDAQ,112.96,80,106.07,85,17.89,1678222581.0829525,89552967.0,0.066,-15.05,433916,585338,522227
1150,VMD,Healthcare,Medical Devices,NASDAQ,112.94,80,93.11,49,9.35,342730993.7932377,38336802.0,0.0106,-8.15,327134,276568,323530
1151,CRWV,Technology,Software - Infrastructure,NASDAQ,112.81,80,96.3,68,107.3,60294041764.369385,528200096.0,0.2187,-42.62,30852719,32619246,28501371
1152,TAOX,Technology,Software - Infrastructure,NASDAQ,112.68,80,100.85,78,5.22,48418113.022515774,7471931.0,0.082600005,-56.43,173131,190923,209038
1153,ZGN,Consumer Cyclical,Apparel Manufacturing,NYSE,112.67,80,102.34,81,12.58,3530044017.8697586,268240430.0,0.0454,-5.98,776929,736583,732369
1154,OKUR,Healthcare,Biotechnology,NASDAQ,112.64,80,76.23,9,3.16,157946330.26717186,40395480.0,0.0019,-41.26,139807,143689,339439
1155,HUN,Basic Materials,Chemicals,NYSE,112.56,80,93.53,51,13.7,2623222722.209038,175349112.0,0.1517,-13.84,4765570,5101773,6056986
1156,C,Financial Services,Banks - Diversified,NYSE,112.56,80,95.86,66,123.42,214135191905.2578,1705576955.0,0.0002,-8.77,12276628,11530829,13279919
1157,IRM,Real Estate,REIT - Specialty,NYSE,112.55,80,101.29,79,125.07,38333078810.47208,297524681.0,0.0366,-6.73,1618740,1638140,1558106
1158,OMCL,Healthcare,Health Information Services,NASDAQ,112.53,80,105.38,84,43.12,1992885778.5009384,45478909.0,0.0673,-21.6,538433,575807,586944
1159,SJ,Communication Services,Internet Content & Information,NASDAQ,112.5,80,90.41,37,1.15,46709045.81239128,42462768.0,0.0004,-29.45,36535,47248,43691
1160,PCVX,Healthcare,Biotechnology,NASDAQ,112.46,80,85.51,23,52.39,7653966554.900837,144387225.0,0.1,-19.4,1916506,1354015,1356255
1161,NTRS,Financial Services,Asset Management,NASDAQ,112.44,80,99.92,76,163.86,29683431333.4433,185047258.0,0.0161,-5.39,909719,1121523,1086707
1162,WBI,Energy,Oil & Gas Equipment & Services,NYSE,112.42,80,106.4,86,30.72,1285889231.5852032,47016059.0,0.066199996,-0.29,651463,668181,941946
1163,KOP,Basic Materials,Specialty Chemicals,NYSE,112.41,80,100.03,77,40.68,850644692.1768951,19337228.0,0.0505,-12.33,236045,173815,224499
1164,BK,Financial Services,Banks - Diversified,NYSE,112.27,80,99.36,75,135.02,89572459500.0,686379000.0,0.0,-2.97,3556275,3828648,3735185
1165,GOLD,Financial Services,Capital Markets,NYSE,112.26,80,79.41,12,38.73,1316508427.3771362,29004372.0,0.1225,-41.93,720391,605327,615150
1166,PED,Energy,Oil & Gas E&P,NYSE ARCA,112.24,80,97.82,72,15.5,185945373.63137054,13300814.0,0.018099999,-17.95,30258,26512,42640
1167,MCRI,Consumer Cyclical,Resorts & Casinos,NASDAQ,112.22,80,107.12,87,117.96,2105270103.5934448,17749516.0,0.023,-2.44,116688,149509,143977
1168,BG,Consumer Defensive,Farm Products,NYSE,112.19,80,92.34,46,122.45,24240623761.77704,194018115.0,0.041199997,-8.57,1535876,1487572,1776821
1169,ELWT,Communication Services,Telecom Services,NASDAQ,112.18,80,122.47,94,8.54,53818942.23757553,6619796.0,0.0114,-5.43,36609,36079,47189
1170,RBKB,Financial Services,Banks - Regional,NASDAQ,112.14,80,95.43,64,16.03,179005208.14095688,11152973.0,0.0172,-10.89,14791,10537,11674
1171,TDC,Technology,Software - Infrastructure,NYSE,112.13,80,113.09,91,33.81,2972619014.3585205,94100000.0,0.1943,-19.08,3363457,2183349,2089345
1172,GVA,Industrials,Engineering & Construction,NYSE,112.13,80,99.81,76,138.55,6206781867.726929,43746699.0,0.144,-4.45,684055,607465,616849
1173,MRTN,Industrials,Trucking,NASDAQ,112.12,80,102.26,80,15.52,1271158717.075243,81589135.0,0.0423,-2.02,930104,906264,857382
1174,HXL,Industrials,Aerospace & Defense,NYSE,112.04,80,96.01,67,88.65,7189719155.86145,75427184.0,0.062800005,-9.78,814031,1100857,1187684
1175,MBBC,Financial Services,Banks - Regional,NASDAQ,112.02,80,95.99,66,14.5,45137081.36269379,2950136.0,0.0032,-6.39,22093,15901,10070
1176,KMT,Industrials,Tools & Accessories,NYSE,112.01,80,85.88,24,34.65,2751184602.0126114,76210103.0,0.0553,-20.91,1940874,1315238,1393586
1177,COP,Energy,Oil & Gas E&P,NYSE,112.0,79,95.44,64,122.41,138727141923.23444,1218294007.0,0.0163,-9.91,7801811,8452093,9670466
1178,FIGR,Financial Services,Capital Markets,NASDAQ,111.87,79,114.05,91,43.28,8300718133.603161,220587773.0,0.0681,-44.51,4684262,4142810,5056178
1179,ATLO,Financial Services,Banks - Regional,NASDAQ,111.85,79,91.04,40,27.51,253405069.60601807,8857220.0,0.0216,-7.4,57716,66682,59447
1180,MDGL,Healthcare,Biotechnology,NASDAQ,111.83,79,96.28,67,523.69,11759308513.368805,23055659.0,0.2048,-14.85,333125,285751,327503
1181,RBC,Industrials,Tools & Accessories,NYSE,111.68,79,93.51,51,569.06,19160773867.611084,31618961.0,0.009,-9.96,258046,211575,198311
1182,DBRG,Financial Services,Asset Management,NYSE,111.68,79,94.94,62,15.66,2850480351.530863,182372382.0,0.0799,0.06,3108060,3380973,3229814
1183,NTWK,Technology,Software - Application,NASDAQ,111.67,79,112.32,90,4.09,51118478.48134041,11860436.0,0.0023999999,-28.87,76140,34486,33252
1184,SNDR,Industrials,Trucking,NYSE,111.63,79,102.28,81,31.94,5385072471.0,175124308.0,0.099700004,-4.2,1259466,1209108,1147917
1185,LYEL,Healthcare,Biotechnology,NASDAQ,111.61,79,75.48,8,17.92,451047899.92975044,23334087.0,0.0623,-60.18,58742,76394,86664
1186,PROF,Healthcare,Medical Devices,NASDAQ,111.59,79,98.23,73,6.97,248611430.53876877,36293640.0,0.0653,-22.12,92762,92080,213956
1187,SOTK,Technology,Scientific & Technical Instruments,NASDAQ,111.55,79,105.72,85,5.03,75724077.67686701,15710389.0,0.0004,-11.75,26353,32071,28256
1188,CZR,Consumer Cyclical,Resorts & Casinos,NASDAQ,111.48,79,104.22,83,27.8,5711101303.671799,203676930.0,0.1122,-11.97,4207194,3735074,4485084
1189,KGC,Basic Materials,Gold,NYSE,111.43,79,84.32,20,28.38,37626389452.439964,1194109463.0,1.66,-27.44,7638774,7792238,9260268
1190,ALNT,Technology,Electronic Components,NASDAQ,111.41,79,82.96,17,61.33,1133497426.7753906,16996512.0,0.0633,-23.71,315537,210705,209881
1191,KELYB,Industrials,Staffing & Employment Services,NASDAQ,111.41,79,93.3,50,15.94,551240107.7747536,34669190.0,0.0104,-87.25,2309,7073,14589
1192,NXTC,Healthcare,Biotechnology,NASDAQ,111.31,79,86.83,26,9.74,35254057.786743164,3612096.0,0.020499999,-38.12,27793,61797,50584
1193,SRV,Financial Services,Asset Management,NYSE,111.3,79,102.62,81,49.28,222038158.70555878,4667609.0,0.46,-4.18,67518,56156,61151
1194,CDRO,Consumer Cyclical,Gambling,NASDAQ,111.28,79,99.34,75,9.28,409996557.0,45555173.0,0.024,-4.53,21320,26326,22038
1195,ROST,Consumer Cyclical,Apparel Retail,NASDAQ,111.27,79,91.55,42,212.75,73037098402.01953,323444928.0,0.0238,-7.96,2968353,2294051,2435876
1196,HQL,Financial Services,Asset Management,NYSE,111.27,79,96.96,69,17.78,553122391.1696491,30408047.0,0.22,-2.74,96766,94845,102735
1197,BKTI,Technology,Communication Equipment,NYSE ARCA,111.24,79,86.76,26,83.44,351500885.59638214,3744151.0,0.0344,-15.22,37801,59183,61104
1198,HLIT,Technology,Communication Equipment,NASDAQ,111.23,79,110.86,89,12.54,1389595577.9489298,108477403.0,0.0366,-2.64,2732820,1586373,1403062
1199,HSBC,Financial Services,Banks - Diversified,NYSE,111.22,79,94.24,57,88.38,309216466667.9613,3429641239.0,2.78,-6.77,1636290,1702926,1963004
1200,JYD,Industrials,Integrated Freight & Logistics,NASDAQ,111.18,79,134.3,96,5.0,39170806.25882149,8298900.0,0.0023999999,-80.58,37423,29317,23548
1201,OCGN,Healthcare,Biotechnology,NASDAQ,111.12,79,75.7,8,1.39,511162964.9916358,338518522.0,0.21,-48.99,10719483,7335384,9373986
1202,ZD,Communication Services,Advertising Agencies,NASDAQ,111.11,79,91.97,44,40.51,1552076218.5204315,37837060.0,0.1619,-19.86,625896,571258,738021
1203,GCT,Technology,Software - Infrastructure,NASDAQ,111.06,79,78.5,11,36.06,1463029912.0320282,36411894.0,0.1216,-30.47,1023900,807766,730640
1204,SKK,Industrials,Engineering & Construction,NASDAQ,111.01,79,210.83,99,4.77,13113750.278949738,2437500.0,0.0104,-73.43,4442239,1581746,960133
1205,XPER,Technology,Software - Application,NYSE,111.01,79,116.12,92,7.71,387619778.7901306,48271456.0,0.0638,-9.29,867667,480499,418607
1206,IVZ,Financial Services,Asset Management,NYSE,110.99,79,100.96,78,27.12,12230554061.751698,443296629.0,0.066199996,-8.41,4602024,6089018,5632770
1207,MDV,Real Estate,REIT - Industrial,NYSE,110.98,79,109.89,88,17.96,185516342.81129837,10323670.0,0.0239,-0.5,182040,92046,83390
1208,ZONE,Industrials,Pollution & Treatment Controls,NYSE ARCA,110.97,79,184.25,99,0.59,3357406.6079199314,7955940.0,2.94,-92.46,3011952,2001180,2240842
1209,CCRN,Healthcare,Medical Care Facilities,NASDAQ,110.94,79,130.65,96,13.13,408687742.7829437,31008174.0,0.0377,-12.41,1392821,682940,608492
1210,BTI,Consumer Defensive,Tobacco,NYSE,110.93,79,105.34,84,65.09,126091415694.55353,2163545270.0,0.0046,2.96,4575330,4026840,4452226
1211,HCC,Basic Materials,Coking Coal,NYSE,110.82,79,91.27,41,85.14,4534104793.704926,52801964.0,0.0999,-19.18,836617,864399,842779
1212,TRST,Financial Services,Banks - Regional,NASDAQ,110.81,79,98.23,73,48.38,868877693.9816856,17710511.0,0.048600003,-1.69,86159,89226,113825
1213,CLH,Industrials,Waste Management,NYSE,110.78,79,96.0,66,303.76,15386121894.253418,52846032.0,0.0152,-4.17,814531,564963,541150
1214,ADAM,Real Estate,REIT - Mortgage,NASDAQ,110.73,79,101.32,79,8.72,793473576.7841415,89861108.0,0.0279,-6.44,842051,843877,815402
1215,RRBI,Financial Services,Banks - Regional,NASDAQ,110.73,79,91.49,42,89.01,599839343.1280212,6577186.0,0.0212,-9.95,73861,66843,69540
1216,ROK,Industrials,Specialty Industrial Machinery,NYSE,110.73,79,106.93,86,448.74,50506136157.159546,111273953.0,0.033299997,-3.18,992148,766169,838547
1217,PEB,Real Estate,REIT - Hotel & Motel,NYSE,110.71,79,98.03,72,14.06,1668795169.4728518,113369235.0,0.2193,-5.32,1976453,2585301,2518776
1218,TMDE,Energy,Oil & Gas Midstream,NYSE ARCA,110.69,79,76.57,9,0.88,24036299.550533295,23565000.0,0.0885,-81.55,312042,1488960,3626156
1219,AZZ,Industrials,Specialty Business Services,NYSE,110.67,79,96.83,69,141.16,4410333790.774933,29880309.0,0.0387,-5.71,189096,203978,201543
1220,R,Industrials,Rental & Leasing Services,NYSE,110.66,79,95.81,66,230.91,9252570020.904877,38691018.0,0.035099998,-10.85,405729,437433,396351
1221,WST,Healthcare,Medical Instruments & Supplies,NYSE,110.6,79,104.11,83,302.89,23025465111.03714,70647595.0,0.0438,-7.78,891161,933060,930110
1222,DPRO,Technology,Computer Hardware,NASDAQ,110.59,79,87.06,27,5.34,199997746.4161048,36495939.0,0.1125,-62.92,1397476,1525122,1766835
1223,CSX,Industrials,Railroads,NASDAQ,110.54,79,100.06,77,45.66,83300368316.83386,1858138856.0,0.0227,-1.91,13019383,12352357,12872092
1224,GLXY,Financial Services,Capital Markets,NASDAQ,110.5,79,119.65,93,29.61,5799649354.337677,191850792.0,0.1537,-35.52,4822414,5520378,5504494
1225,SILA,Real Estate,REIT - Healthcare Facilities,NYSE,110.46,79,107.41,87,30.55,1689272772.6254387,55241098.0,0.0334,-0.26,710048,1049806,782493
1226,ELPC,Utilities,Utilities - Regulated Electric,NYSE,110.45,79,90.46,37,11.72,9355775265.649597,742521824.0,0.0058,-14.43,225442,319267,416694
1227,MAC,Real Estate,REIT - Retail,NYSE,110.45,79,99.21,75,21.6,5716406779.049822,261381187.0,0.0669,-4.26,4612393,3196557,2675546
1228,ESTA,Healthcare,Medical Devices,NASDAQ,110.43,79,92.14,45,65.76,2108950801.1669998,29384853.0,0.19540001,-21.07,666861,503777,504374
1229,HST,Real Estate,REIT - Hotel & Motel,NASDAQ,110.43,79,99.0,74,21.38,15252723313.522339,684900000.0,0.056799997,-4.38,8739813,8222511,8537684
1230,RLGT,Industrials,Integrated Freight & Logistics,NYSE ARCA,110.38,79,99.27,75,8.29,387255540.3154907,46826544.0,0.0104,-4.38,206752,162827,145000
1231,NAMS,Healthcare,Biotechnology,NASDAQ,110.37,79,106.37,86,35.44,4527691053.155605,116903979.0,0.0794,-15.62,2009207,1289189,1109463
1232,MCRP,Technology,Computer Hardware,NYSE ARCA,110.36,79,99.81,76,2.9,92803272.01449943,34888447.0,0.0055,-37.16,180755,109548,118685
1233,NL,Industrials,Security & Protection Services,NYSE,110.33,79,119.33,93,7.61,291710517.6981902,48862735.0,0.0184,-9.94,83280,44996,47476
1234,TBRG,Healthcare,Health Information Services,NASDAQ,110.31,79,114.53,91,25.86,387427681.73565674,14999136.0,0.0773,-3.07,267523,415704,311092
1235,USAC,Energy,Oil & Gas Equipment & Services,NYSE,110.26,79,103.44,82,29.67,4079522093.775894,144972359.0,0.036199998,2.66,227170,183123,215650
1236,XFOR,Healthcare,Biotechnology,NASDAQ,110.23,78,92.44,46,3.94,417836237.0889511,94319696.0,0.0347,-18.43,361623,385174,430814
1237,SNDA,Healthcare,Medical Care Facilities,NYSE,110.23,78,100.84,78,37.78,1811827041.11203,47343272.0,0.026500002,-3.1,663134,612841,691608
1238,LAWR,Industrials,Consulting Services,NASDAQ,110.21,78,94.0,54,3.75,172350000.0,45960000.0,0.018099999,-22.52,0,0,0
1239,ASMB,Healthcare,Biotechnology,NASDAQ,110.21,78,96.49,68,28.65,472646158.2824707,15892608.0,0.14140001,-27.85,174570,126053,104312
1240,RY,Financial Services,Banks - Diversified,NYSE,110.21,78,99.88,76,183.4,252629027717.23297,1390516501.0,4.95,0.37,1093323,1656517,1546720
1241,KNOP,Energy,Oil & Gas Midstream,NYSE,110.16,78,95.65,65,10.71,382847514.3638134,34553025.0,0.0114,-7.27,65274,85041,116622
1242,AMX,Communication Services,Telecom Services,NYSE,110.15,78,97.61,71,26.59,81844956246.1853,3007900000.0,0.0029,-4.01,1357590,1593660,1636270
1243,BMO,Financial Services,Banks - Diversified,NYSE,110.1,78,98.66,74,152.48,107782250395.2103,704919913.0,6.78,-2.26,1022813,839744,838800
1244,PNTG,Healthcare,Medical Care Facilities,NASDAQ,110.08,78,108.11,87,35.55,1248155349.3510818,34767557.0,0.0195,-5.3,352384,250308,261672
1245,PBA,Energy,Oil & Gas Midstream,NYSE,110.07,78,102.55,81,48.99,26579087846.00949,581344863.0,3.17,4.84,846385,934338,1260047
1246,NXG,Financial Services,Asset Management,NYSE,110.04,78,101.7,80,58.96,331141595.0114174,5682883.0,8.42,-0.71,148212,91940,89022
1247,MS,Financial Services,Capital Markets,NYSE,110.02,78,100.69,78,192.51,304557919538.34045,1577284817.0,0.0,-1.19,5234737,5562259,6265565
1248,NP,Financial Services,Insurance Brokers,NYSE,110.0,78,111.03,90,28.0,4138860927.513811,138330913.0,0.2011,-15.75,1172751,615413,529156
1249,BWXT,Industrials,Aerospace & Defense,NYSE,109.99,78,89.39,33,204.72,18811236046.921432,91614649.0,0.044,-15.34,1152875,1021771,1039615
1250,TWO,Real Estate,REIT - Mortgage,NYSE,109.97,78,101.78,80,12.6,1318331499.185998,105046333.0,0.060900003,-11.08,3036213,2443381,3684860
1251,CAF,Financial Services,Asset Management,NYSE,109.92,78,101.19,79,19.55,324415917.5171814,16817828.0,0.19,0.51,66170,73400,69966
1252,CRT,Energy,Oil & Gas E&P,NYSE,109.83,78,100.04,77,10.76,63179998.39782715,6000000.0,0.0046,-3.06,17806,25822,41719
1253,VCTR,Financial Services,Asset Management,NASDAQ,109.82,78,110.76,89,85.48,5335779389.477875,62531106.0,0.066700004,-3.33,553540,498676,599498
1254,ZBAI,Financial Services,Capital Markets,NASDAQ,109.79,78,120.84,94,8.95,86116668.48423958,10313373.0,0.0001,-54.8,6388,6159,6323
1255,ISSC,Industrials,Aerospace & Defense,NASDAQ,109.79,78,72.05,6,16.27,379745438.69104004,17778344.0,0.0414,-47.41,604611,518027,642978
1256,LIVN,Healthcare,Medical Devices,NASDAQ,109.78,78,104.02,83,70.0,3947524074.2087708,54933538.0,0.0668,-3.46,1075456,844988,842097
1257,AUPH,Healthcare,Biotechnology,NASDAQ,109.78,78,94.16,56,15.28,1958603390.4608269,128601671.0,0.0776,-9.48,1404962,1161137,1166140
1258,LRMR,Healthcare,Biotechnology,NASDAQ,109.76,78,83.84,19,3.58,412415262.86211467,103882937.0,0.109,-44.24,2026566,1587018,1800697
1259,CTS,Technology,Electronic Components,NYSE,109.75,78,100.33,77,58.32,1765612192.5,28592910.0,0.0269,-5.97,324479,260146,237679
1260,CHEF,Consumer Defensive,Food Distribution,NASDAQ,109.73,78,110.59,89,80.34,3331940028.2569656,40777629.0,0.15689999,-2.98,462572,485514,476708
1261,RDCM,Communication Services,Telecom Services,NASDAQ,109.73,78,107.89,87,15.75,270157394.56370544,16738377.0,0.010299999,-5.91,191050,190400,134548
1262,NIO,Consumer Cyclical,Auto Manufacturers,NYSE,109.69,78,96.87,69,6.1,14658151839.74097,2505667022.0,0.0723,-23.94,30065365,33264695,40103813
1263,AGI,Basic Materials,Gold,NYSE,109.68,78,87.17,27,40.23,18218099977.751453,419965411.0,2.17,-27.4,3242352,3130064,3490768
1264,BEP,Utilities,Utilities - Renewable,NYSE,109.65,78,97.21,70,34.37,10320480718.740082,303275965.0,0.0034999999,-4.45,855922,861660,897648
1265,SENEA,Consumer Defensive,Packaged Foods,NASDAQ,109.65,78,94.32,58,138.82,952337139.6014099,6881049.0,0.028900001,-17.13,101309,120246,112813
1266,VLGEA,Consumer Defensive,Grocery Stores,NASDAQ,109.65,78,100.31,77,45.17,659118068.7819443,14751971.0,0.027,0.11,39382,48447,50778
1267,WMB,Energy,Oil & Gas Midstream,NYSE,109.63,78,99.95,76,77.72,88006954029.71164,1222998265.0,0.0159,0.4,7043415,6132811,6275461
1268,BOF,Consumer Defensive,Packaged Foods,NASDAQ,109.63,78,88.58,31,3.43,49580215.79068756,14582416.0,0.0067000003,-30.71,122789,73996,70343
1269,TZOO,Communication Services,Internet Content & Information,NASDAQ,109.61,78,124.0,94,9.32,97625781.67628479,10932338.0,0.101,-39.79,119134,323158,246024
1270,DAO,Consumer Defensive,Education & Training Services,NYSE,109.61,78,111.42,90,12.0,1498282126.223692,120634631.0,0.033299997,-7.37,62901,63490,63504
1271,RMR,Real Estate,Real Estate Services,NASDAQ,109.59,78,106.3,86,19.11,345799089.80527115,17093381.0,0.0865,-5.63,220275,181991,158435
1272,VNOM,Energy,Oil & Gas Midstream,NASDAQ,109.57,78,98.65,74,48.98,9087320729.659157,194215015.0,0.0405,-4.2,1627274,1591821,2423102
1273,MLYS,Healthcare,Biotechnology,NASDAQ,109.55,78,89.76,35,27.38,2436993979.0692673,82498101.0,0.1293,-42.54,1017253,1097954,1261588
1274,WWD,Industrials,Aerospace & Defense,NASDAQ,109.54,78,88.66,31,349.21,22041487333.332092,59582861.0,0.013200001,-14.2,638352,776817,720492
1275,HERZ,Financial Services,Asset Management,NASDAQ,109.54,78,102.82,81,18.25,34583532.0,1948368.0,0.00059999997,-41.13,5116,5665,6091
1276,NDRA,Healthcare,Diagnostics & Research,NASDAQ,109.47,78,104.01,83,5.05,6141717.213345528,1240751.0,0.041300002,-57.78,17137,19155,39065
1277,SENEB,Consumer Defensive,Packaged Foods,NASDAQ,109.45,78,93.6,52,138.75,938187198.0524597,6773426.0,0.00059999997,-15.9,94,211,218
1278,CDNA,Healthcare,Diagnostics & Research,NASDAQ,109.43,78,91.3,41,19.97,1127209859.6547775,51659481.0,0.12640001,-14.07,554100,753076,682378
1279,DIBS,Communication Services,Internet Content & Information,NASDAQ,109.4,78,80.73,14,4.46,155715096.03325367,36382030.0,0.0228,-32.68,246007,170562,178057
1280,SEB,Industrials,Conglomerates,NYSE ARCA,109.32,78,78.25,10,4655.41,4348523522.248535,957795.0,0.083000004,-22.27,6387,9652,12941
1281,TRP,Energy,Oil & Gas Midstream,NYSE,109.28,78,100.43,78,68.24,67454406516.0,1041766896.0,7.52,1.38,2105660,2496193,2624798
1282,ONFO,Communication Services,Internet Content & Information,NASDAQ,109.27,78,94.17,56,0.88,6741065.015410781,5913215.0,0.0095,-64.49,180309,9980756,6159603
1283,EQIX,Real Estate,REIT - Specialty,NASDAQ,109.27,78,96.16,67,1059.44,105733079461.7666,98624248.0,0.021,-6.13,498022,528190,568414
1284,ASRV,Financial Services,Banks - Regional,NASDAQ,109.26,78,94.73,61,3.83,61919579.81783867,16964268.0,0.0061000003,-5.2,12031,12370,12020
1285,ZVRA,Healthcare,Biotechnology,NASDAQ,109.26,78,107.38,87,11.01,657950891.6851845,59115084.0,0.0817,-16.34,1891640,1140310,1306372
1286,UROY,Energy,Uranium,NASDAQ,109.17,78,91.9,44,3.75,586370028.0,146592507.0,3.24,-32.07,2714926,2234718,2391537
1287,GDS,Technology,Information Technology Services,NASDAQ,109.08,78,93.48,51,42.44,8866709375.25,200377613.0,0.0994,-12.69,1998497,1553792,1694679
1288,HQI,Industrials,Staffing & Employment Services,NASDAQ,109.03,78,108.97,88,12.39,166446997.05042362,13940285.0,0.032899998,-0.72,22485,21091,19555
1289,AIR,Industrials,Aerospace & Defense,NYSE,109.02,78,87.51,28,104.55,4683435436.499634,39764268.0,0.0296,-17.81,409246,382292,475789
1290,FUND,Financial Services,Asset Management,NASDAQ,109.0,78,96.83,69,10.17,304039617.0608635,29895734.0,0.00059999997,-1.17,18889,33623,30307
1291,DAVE,Technology,Software - Application,NASDAQ,108.98,78,102.21,80,235.79,3259042762.7864685,12714247.0,0.13270001,-18.04,520988,552866,541955
1292,OLN,Basic Materials,Chemicals,NYSE,108.94,78,91.06,40,26.78,3055922890.453205,113857037.0,0.1126,-12.08,2401520,2300126,2626622
1293,SVRA,Healthcare,Biotechnology,NASDAQ,108.88,78,87.6,28,5.03,1071742796.1085796,204922140.0,0.1579,-28.19,1186168,1262376,1530655
1294,SMC,Energy,Oil & Gas Midstream,NYSE,108.85,78,98.74,74,32.13,411540907.6490097,13819372.0,0.0196,-4.09,52441,45913,69422
1295,ONL,Real Estate,REIT - Office,NYSE,108.84,77,104.01,83,2.9,163670602.34368515,56830068.0,0.010299999,-4.92,330267,337715,356353
1296,MGY,Energy,Oil & Gas E&P,NYSE,108.79,77,95.62,65,29.56,5141551729.095943,184947909.0,0.1417,-9.77,2767030,2338943,2660860
1297,CRC,Energy,Oil & Gas E&P,NYSE,108.79,77,88.11,29,61.14,5231795404.33168,88794901.0,0.055999998,-15.06,1134932,842934,1061544
1298,HBNB,Real Estate,Real Estate Services,NASDAQ,108.78,77,86.31,24,6.05,1378450722.2933054,234032386.0,1.7,-68.62,8547,6555,4965
1299,SRTA,Healthcare,Medical Care Facilities,NASDAQ,108.75,77,105.47,85,5.22,481953009.75327015,86526570.0,0.0872,-13.29,1239087,854242,796785
1300,SKLZ,Communication Services,Electronic Gaming & Multimedia,NYSE,108.69,77,137.4,97,6.18,105823039.62044334,15865523.0,0.15529999,-69.1,588639,2316286,1412791
1301,CHMG,Financial Services,Banks - Regional,NASDAQ,108.62,77,101.88,80,65.51,327747760.0,4819820.0,0.0057,-7.51,40929,22316,16095
1302,NOVTU,Technology,Scientific & Technical Instruments,NASDAQ,108.55,77,109.13,88,65.3,,,1.89,1.22,143251,95027,77100
1303,INGM,Technology,Information Technology Services,NYSE,108.51,77,91.74,43,25.27,6300785901.53228,231646534.0,0.1362,-19.47,2353930,1619323,1663646
1304,DRD,Basic Materials,Gold,NYSE,108.49,77,82.63,16,26.25,2622143207.3936844,86739770.0,0.0119,-33.32,386250,265996,308414
1305,OSTX,Healthcare,Biotechnology,NYSE ARCA,108.48,77,124.11,95,1.88,69783576.59682035,42038300.0,0.0345,-26.85,597918,798322,708917
1306,CODA,Industrials,Aerospace & Defense,NASDAQ,108.43,77,87.15,27,11.43,136554196.84864044,11276152.0,0.025999999,-33.85,90500,134646,261160
1307,CZWI,Financial Services,Banks - Regional,NASDAQ,108.43,77,96.33,68,20.58,206383993.12106323,9644112.0,0.0111,-9.02,17306,23068,39241
1308,PTRN,Technology,Software - Application,NASDAQ,108.4,77,121.43,94,16.51,2815708086.6938114,176866085.0,0.057800002,-17.86,1714691,967790,1031598
1309,LQDT,Consumer Cyclical,Internet Retail,NASDAQ,108.38,77,93.04,49,32.96,1128448707.0690956,31181231.0,0.0359,-15.12,196670,168723,175450
1310,BST,Financial Services,Asset Management,NYSE,108.37,77,104.95,84,45.33,1559623189.9057465,34720019.0,0.0002,0.73,114136,110405,103571
1311,BCV,Financial Services,Asset Management,NYSE ARCA,108.33,77,101.04,79,25.2,145269657.89216232,5822431.0,0.0001,-0.16,20830,18323,16956
1312,NXDR,Communication Services,Internet Content & Information,NYSE,108.31,77,121.8,94,2.03,770403197.2256064,381387725.0,0.026300002,-45.43,4363625,2879775,3028879
1313,BGR,Financial Services,Asset Management,NYSE,108.3,77,95.53,65,16.42,402971184.9878483,25456171.0,0.00059999997,-7.23,76190,104670,144518
1314,TX,Basic Materials,Steel,NYSE,108.29,77,97.54,71,42.78,9210755892.309906,196307678.0,0.0116,-13.91,367213,287524,232312
1315,VFF,Consumer Defensive,Farm Products,NASDAQ,108.26,77,85.18,22,2.61,293721915.3904071,114288686.0,0.0446,-47.7,1647265,1265965,1318561
1316,RMCF,Consumer Defensive,Confectioners,NASDAQ,108.23,77,83.16,18,2.13,23705367.523981094,9332822.0,0.0019,-28.76,69999,40626,33517
1317,FENC,Healthcare,Biotechnology,NASDAQ,108.19,77,135.47,96,9.75,240559393.1211605,34712756.0,0.0311,-1.71,414077,232219,235395
1318,AMZN,Consumer Cyclical,Internet Retail,NASDAQ,108.19,77,105.56,85,264.14,2933248522221.0576,10757109436.0,0.0095,-5.18,39271425,46488135,45530321
1319,MARPS,Energy,Oil & Gas Midstream,NASDAQ,108.19,77,95.38,64,5.0,9819999.694824219,2000000.0,0.0101,-36.71,7901,19623,48484
1320,ODFL,Industrials,Trucking,NASDAQ,108.1,77,94.06,55,203.12,41246349948.1913,207968283.0,0.0684,-13.12,1912448,2000376,2118105
1321,GS,Financial Services,Capital Markets,NYSE,108.06,77,98.88,74,948.47,276268543856.2163,295007421.0,0.023,-3.68,1962660,1953003,2065026
1322,NG,Basic Materials,Gold,NYSE ARCA,108.06,77,84.15,19,8.13,3839330372.5,438780614.0,0.0548,-43.54,3211205,2991038,3503225
1323,SPCB,Industrials,Security & Protection Services,NASDAQ,107.92,77,111.36,90,10.72,63136817.98180008,5528618.0,0.0239,-21.0,126566,82385,69423
1324,PUBM,Technology,Software - Application,NASDAQ,107.91,77,104.42,83,9.72,498801299.8699665,46443325.0,0.0504,-29.97,887546,700982,701675
1325,WHD,Energy,Oil & Gas Equipment & Services,NYSE,107.89,77,100.29,77,56.96,3758156860.1121216,69415532.0,0.0621,-3.86,733625,817665,928695
1326,ZIP,Communication Services,Internet Content & Information,NYSE,107.88,77,140.02,97,3.51,295111621.67048454,81522550.0,0.0775,-46.41,1089997,868312,1130375
1327,ACTG,Industrials,Business Equipment & Supplies,NASDAQ,107.87,77,89.51,34,4.58,450105340.3816681,96589132.0,0.0356,-13.09,279310,244756,351900
1328,CII,Financial Services,Asset Management,NYSE,107.86,77,100.43,78,24.69,1013933067.0996094,40983552.0,0.0126,-5.66,73151,76593,79528
1329,JVA,Consumer Defensive,Packaged Foods,NASDAQ,107.83,77,95.47,64,4.21,25346184.326648712,5708600.0,0.0047999998,-25.22,56653,56284,139380
1330,GPRO,Technology,Consumer Electronics,NASDAQ,107.79,77,92.95,48,1.11,224902506.59278738,164162413.0,0.168,-63.61,8801498,10581726,8281565
1331,VRE,Real Estate,REIT - Residential,NYSE,107.74,77,96.8,69,18.96,1780107118.0565472,93838017.0,0.0172,-0.37,585989,987126,1146087
1332,GFR,Energy,Oil & Gas E&P,NYSE,107.71,77,92.76,48,6.17,724971866.4357691,125427654.0,0.0007,-12.11,203215,273308,243673
1333,HCSG,Healthcare,Medical Care Facilities,NASDAQ,107.69,77,99.12,75,21.25,1582958552.0595016,68645212.0,0.045900002,-12.87,538981,729197,706670
1334,PEO,Financial Services,Asset Management,NYSE,107.67,77,95.13,63,26.45,696185469.2490463,27495477.0,0.0137,-8.41,74045,86738,95931
1335,MGA,Consumer Cyclical,Auto Parts,NYSE,107.62,77,94.58,60,60.4,17180091516.65268,272224550.0,0.028900001,-13.64,1526539,1719319,1742773
1336,FMX,Consumer Defensive,Beverages - Brewers,NYSE,107.62,77,98.32,73,121.38,41290592881.92267,340681468.0,1.58,-2.3,485237,458429,424109
1337,VRSN,Technology,Software - Infrastructure,NASDAQ,107.62,77,108.66,88,297.57,26227109222.41211,91000000.0,0.019,-4.2,793903,868381,831550
1338,EOG,Energy,Oil & Gas E&P,NYSE,107.53,77,98.26,73,140.26,69257687105.71869,532628530.0,0.0332,-7.64,3790335,3924065,4584829
1339,PYPD,Healthcare,Biotechnology,NASDAQ,107.44,77,93.79,53,4.46,83584575.86390305,19083236.0,0.0084,-12.89,63723,54091,54946
1340,MCY,Financial Services,Insurance - Property & Casualty,NYSE,107.39,77,98.54,73,98.1,5520584351.670395,55388627.0,0.0689,-2.57,260079,220103,231685
1341,HR,Real Estate,REIT - Healthcare Facilities,NYSE,107.38,77,105.15,84,20.29,6982409664.512508,346521578.0,0.089099996,-0.83,6389266,4210422,3833861
1342,VUZI,Technology,Consumer Electronics,NASDAQ,107.38,77,107.43,87,3.0,258622176.76635146,83158259.0,0.19450001,-30.07,1555176,1126522,1069699
1343,GWW,Industrials,Industrial Distribution,NYSE,107.37,77,105.52,85,1272.47,58247295197.22754,47213119.0,0.0297,-1.1,325748,267542,253671
1344,HLF,Consumer Defensive,Packaged Foods,NYSE,107.33,77,77.08,9,12.83,1483509386.4614182,103669416.0,0.094399996,-37.11,1805623,1328474,1347452
1345,QBTS,Technology,Computer Hardware,NYSE,107.3,77,101.28,79,20.35,8360524186.354828,370426420.0,0.16,-56.47,29026994,31254818,27373758
1346,WPM,Basic Materials,Gold,NYSE,107.28,77,90.82,39,130.41,63051417875.190186,454097336.0,1.32,-21.33,2365249,2225479,2468485
1347,BIDU,Communication Services,Internet Content & Information,NASDAQ,107.26,77,102.27,81,135.33,47992638590.31871,340252659.0,0.023699999,-18.13,3478771,2482270,2276870
1348,NGEN,Healthcare,Biotechnology,NASDAQ,107.22,77,83.18,18,3.57,303490766.25,80930871.0,5.82,-43.33,175388,204446,183863
1349,LFST,Healthcare,Medical Care Facilities,NASDAQ,107.21,77,103.01,82,7.65,2986325052.4264526,387834432.0,0.0345,-13.95,8611005,5583311,4184839
1350,CATX,Healthcare,Medical Devices,NYSE ARCA,107.18,77,86.4,25,3.85,428706757.71264195,114017755.0,0.1432,-37.5,1643835,1324775,1467739
1351,AAPL,Technology,Consumer Electronics,NASDAQ,107.07,77,105.94,85,300.23,4308095369493.408,14687356000.0,0.0092,1.86,48291332,46633947,44010888
1352,RANI,Healthcare,Biotechnology,NASDAQ,107.02,77,105.83,85,1.08,120659883.45508689,124906709.0,0.0979,-72.09,991070,870163,1106626
1353,JAKK,Consumer Cyclical,Leisure,NASDAQ,107.01,77,95.07,63,21.32,265739215.5617466,11444411.0,0.0423,-12.8,53686,55882,63433
1354,COKE,Consumer Defensive,Beverages - Non-Alcoholic,NASDAQ,106.97,76,84.87,21,170.27,11602821924.629517,66564294.0,0.038399998,-22.48,865542,546460,550630
1355,AIO,Financial Services,Asset Management,NYSE,106.93,76,106.07,85,26.21,889215976.4700394,34439039.0,0.38,0.52,98203,88301,87968
1356,ABX,Financial Services,Insurance - Life,NYSE,106.92,76,96.96,69,9.09,876602760.0344181,96542155.0,0.5172,-13.72,617294,575661,667058
1357,MFG,Financial Services,Banks - Regional,NYSE,106.92,76,93.84,53,8.69,105951810279.67215,12192383820.0,0.0004,-15.47,2927997,3675992,4406649
1358,GAIN,Financial Services,Asset Management,NASDAQ,106.92,76,100.67,78,16.41,663433964.14365,39821967.0,0.0319,-4.26,563752,424660,439084
1359,BIIB,Healthcare,Drug Manufacturers - General,NASDAQ,106.91,76,98.3,73,192.95,28560399833.097275,147637117.0,0.038599998,-4.67,1187559,1279279,1188557
1360,NNBR,Industrials,Conglomerates,NASDAQ,106.87,76,107.84,87,2.22,147765831.08356285,52773512.0,0.0581,-25.75,1324159,1440126,1093133
1361,VAC,Consumer Cyclical,Resorts & Casinos,NYSE,106.81,76,100.21,77,70.88,2648537190.0060425,34343064.0,0.103,-17.9,523716,474655,526969
1362,ATIIU,Financial Services,Shell Companies,NASDAQ,106.79,76,110.3,89,12.91,288567995.08571625,25765000.0,0.0,2.7,153,194,844
1363,NBIX,Healthcare,Drug Manufacturers - Specialty & Generic,NASDAQ,106.77,76,115.02,92,158.42,15308734911.75,100549983.0,0.0731,-1.1,1495034,1284531,1147916
1364,JCI,Industrials,Building Products & Equipment,NYSE,106.75,76,96.24,67,143.08,85123331537.25508,610115603.0,0.0152,-2.88,4010854,3284821,3531870
1365,PRSU,Consumer Cyclical,Travel Services,NYSE,106.75,76,98.65,74,41.8,1156118488.4630585,27318490.0,0.081499994,-8.07,237884,216041,225728
1366,NNVC,Healthcare,Biotechnology,NYSE ARCA,106.74,76,124.53,95,1.48,33472248.970270157,21595000.0,0.0349,-33.63,484786,335118,303237
1367,AREC,Basic Materials,Coking Coal,NASDAQ,106.73,76,85.39,22,2.2,239513835.57972407,106925819.0,0.0921,-69.06,2443987,2612659,2534357
1368,LPL,Technology,Consumer Electronics,NYSE,106.7,76,105.75,85,4.82,4389999866.485596,1000000000.0,0.0019,-14.99,2101389,2218066,2106185
1369,NATL,Technology,Software - Application,NYSE,106.68,76,95.0,62,44.55,3266232532.36372,73779817.0,0.0385,-8.14,1118229,916533,1094805
1370,AMAL,Financial Services,Banks - Regional,NASDAQ,106.67,76,91.19,41,39.68,1256519279.175209,29867347.0,0.0633,-9.84,129734,144261,143020
1371,SIRI,Communication Services,Entertainment,NASDAQ,106.62,76,99.52,76,25.83,9122400394.010315,336619936.0,0.15560001,-10.22,3641760,5442950,4778186
1372,YPF,Energy,Oil & Gas Integrated,NYSE,106.57,76,97.56,71,43.66,17877438419.453465,421936249.0,1.89,-10.83,1593657,1854165,2548211
1373,IBTA,Technology,Software - Application,NYSE,106.56,76,94.39,58,30.81,826261399.5,23274969.0,0.2831,-50.89,239508,198119,243929
1374,IVA,Healthcare,Biotechnology,NASDAQ,106.55,76,94.59,60,5.44,1115069328.116581,207647924.0,0.0023,-31.86,306657,375592,342535
1375,RLJ,Real Estate,REIT - Hotel & Motel,NYSE,106.51,76,105.18,84,8.95,1359771018.7217045,151929726.0,0.116000004,-0.33,3959257,2916329,2556725
1376,PACK,Consumer Cyclical,Packaging & Containers,NYSE,106.5,76,115.14,92,5.75,556897155.829668,85544875.0,0.074200004,-13.79,861620,674796,654050
1377,CEE,Financial Services,Asset Management,NYSE,106.5,76,98.92,74,20.81,134398572.20086098,6458365.0,0.0015,-4.8,26191,26077,26058
1378,APP,Communication Services,Advertising Agencies,NASDAQ,106.48,76,109.65,88,501.0,157404458463.72577,335939521.0,0.042600002,-32.81,6155422,4686237,4634874
1379,MNST,Consumer Defensive,Beverages - Non-Alcoholic,NASDAQ,106.47,76,106.9,86,87.09,84384372535.30884,977916000.0,0.0309,-1.89,6713360,5163646,5280616
1380,PEBK,Financial Services,Banks - Regional,NASDAQ,106.42,76,93.76,53,39.91,225614159.40021515,5461490.0,0.011,-6.38,25679,35686,31501
1381,QMCO,Technology,Computer Hardware,NASDAQ,106.35,76,118.75,93,8.35,140817837.30481052,14638029.0,0.1362,-45.53,762687,538689,463873
1382,XYZ,Technology,Software - Infrastructure,NYSE,106.3,76,104.79,84,70.36,44549296941.82587,595181000.0,0.0469,-14.72,6627187,5427555,6033591
1383,PTCT,Healthcare,Biotechnology,NASDAQ,106.3,76,99.16,75,71.47,6112536919.733032,82949338.0,0.1401,-18.32,1776208,1341959,1254323
1384,FRAF,Financial Services,Banks - Regional,NASDAQ,106.29,76,94.93,62,54.41,262840500.0,4493000.0,0.0162,-9.32,24123,37021,31704
1385,QUAD,Industrials,Specialty Business Services,NYSE,106.28,76,91.03,40,7.21,384634043.5468397,51559523.0,0.0376,-16.55,230872,229474,229908
1386,MO,Consumer Defensive,Tobacco,NYSE,106.25,76,99.69,76,73.09,113752995514.69327,1669891235.0,0.0278,-1.97,9555551,9270803,9750980
1387,ASND,Healthcare,Biotechnology,NASDAQ,106.23,76,100.16,77,240.5,14744355361.244202,61779750.0,,-4.08,650904,758124,655784
1388,RCKY,Consumer Cyclical,Footwear & Accessories,NASDAQ,106.23,76,84.49,20,33.72,281896156.9950447,7541363.0,0.0208,-30.76,77226,72692,66087
1389,MSM,Industrials,Industrial Distribution,NYSE,106.22,76,102.36,81,104.66,5822401882.922882,55834311.0,0.060700003,-1.76,712922,646247,674946
1390,WYHG,Consumer Defensive,Packaged Foods,NASDAQ,106.21,76,141.57,97,0.82,39056801.27998352,50330928.0,0.0121,-93.17,122492,1339830,812724
1391,NML,Financial Services,Asset Management,NYSE ARCA,106.21,76,97.84,72,10.48,559790215.1240997,56658928.0,0.0014,-2.15,108515,142068,163989
1392,CLBK,Financial Services,Banks - Regional,NASDAQ,106.17,76,99.29,75,19.57,2031828997.8464298,104142951.0,0.0834,-0.86,367147,293822,287693
1393,DUKR,Industrials,Aerospace & Defense,NASDAQ,106.16,76,73.4,6,7.46,,,,,42018,15259,10377
1394,XBIO,Healthcare,Biotechnology,NASDAQ,106.15,76,99.94,76,3.04,7033541.7670555115,2291056.0,0.0068,-78.18,15898,15879,20519
1395,TXMD,Healthcare,Drug Manufacturers - Specialty & Generic,NASDAQ,106.15,76,89.13,33,2.0,22917236.980763435,11574362.0,0.0062,-32.2,24759,22866,22185
1396,GCO,Consumer Cyclical,Apparel Retail,NYSE,106.14,76,98.04,72,33.06,378843428.732666,10858224.0,0.1121,-15.12,157982,241667,247916
1397,DYN,Healthcare,Biotechnology,NASDAQ,106.11,76,91.88,44,17.29,2909515513.4519806,165219501.0,0.1743,-30.84,1283380,1579333,2031642
1398,P,Technology,Computer Hardware,NYSE,106.08,76,110.22,89,81.18,25961048745.019165,332152604.0,0.0252,-19.3,3544076,2821878,2715225
1399,SHG,Financial Services,Banks - Regional,NYSE,106.06,76,89.84,35,64.13,34156061684.981728,498337631.0,0.0005,-12.63,223168,234006,284155
1400,BNS,Financial Services,Banks - Diversified,NYSE,106.06,76,96.28,67,77.08,95473050156.58508,1231433660.0,2.85,-2.43,1710180,2662000,2485144
1401,FSM,Basic Materials,Gold,NYSE,106.03,76,88.82,32,9.55,3277037553.827654,304557387.0,2.14,-31.05,6794588,5773972,6707641
1402,BWMX,Consumer Cyclical,Specialty Retail,NYSE,106.02,76,88.5,31,16.04,624580555.4489136,37243920.0,0.0044,-18.95,93627,97885,93639
1403,TNYA,Healthcare,Biotechnology,NASDAQ,106.0,76,114.84,92,0.86,216998877.0,216998877.0,0.15630001,-63.4,7021182,4484840,4439082
1404,EPD,Energy,Oil & Gas Midstream,NYSE,105.98,76,98.84,74,39.23,80461241527.3498,2163518271.0,0.0226,-1.28,4484007,4787399,4562951
1405,FRST,Financial Services,Banks - Regional,NASDAQ,105.95,76,92.78,48,13.82,358204162.06497955,24772072.0,0.0099,-7.68,186075,271565,207037
1406,KFFB,Financial Services,Banks - Regional,NASDAQ,105.94,76,91.79,43,4.47,35177213.828790665,8086716.0,0.0036000002,-10.24,4525,2915,3605
1407,DEC,Energy,Oil & Gas Integrated,NYSE,105.94,76,97.01,69,16.08,1099521694.5490894,70256979.0,0.044899996,-14.92,691364,706681,1151806
1408,CHW,Financial Services,Asset Management,NASDAQ,105.93,76,101.75,80,8.64,561367959.293767,63864387.0,0.0002,-1.82,191651,205480,204470
1409,STGW,Communication Services,Advertising Agencies,NASDAQ,105.91,76,92.7,47,6.05,1603615327.9981613,247854000.0,0.12020001,-19.55,1450222,1399227,1648028
1410,MSW,Industrials,Engineering & Construction,NASDAQ,105.87,76,146.11,98,1.83,22835999.876260757,12975000.0,0.00059999997,-77.44,65328,82962,67317
1411,WMT,Consumer Defensive,Discount Stores,NASDAQ,105.86,76,95.67,65,131.45,1039656234490.1719,7970990515.0,0.0156,-2.41,15690399,16273809,17967139
1412,CVX,Energy,Oil & Gas Integrated,NYSE,105.84,76,94.58,60,191.1,361713970361.2417,1991597732.0,0.0101,-11.0,9618054,10316221,12470902
1413,RRX,Industrials,Specialty Industrial Machinery,NYSE,105.78,75,90.71,38,197.16,14269853708.910843,66569573.0,0.040799998,-16.58,1455783,1176834,1187426
1414,PFG,Financial Services,Asset Management,NASDAQ,105.75,75,99.57,76,100.53,21709244592.0,216012384.0,0.047199998,-2.4,1133846,1332925,1477597
1415,VOD,Communication Services,Telecom Services,NASDAQ,105.71,75,87.62,28,14.68,37339495514.9045,2304907022.0,0.0043,-9.55,4610128,4448062,4154501
1416,DGICB,Financial Services,Insurance - Property & Casualty,NASDAQ,105.7,75,100.15,77,19.17,730618145.7200565,37049603.0,0.0104,-6.3,686,1045,1457
1417,MNPR,Healthcare,Biotechnology,NASDAQ,105.68,75,101.46,79,59.27,425874816.460762,6698778.0,0.3768,-43.55,207460,182956,187014
1418,LYTS,Technology,Electronic Components,NASDAQ,105.65,75,102.7,81,23.32,900117742.186924,36649746.0,0.0209,-5.78,457415,463771,367843
1419,NOVT,Technology,Scientific & Technical Instruments,NASDAQ,105.63,75,112.05,90,152.99,4925306563.289978,35610633.0,0.1314,2.03,608386,434318,421273
1420,WAB,Industrials,Railroads,NYSE,105.63,75,95.8,66,263.9,45084966155.780334,169677346.0,0.0189,-4.33,950154,1047731,982470
1421,MBIN,Financial Services,Banks - Regional,NASDAQ,105.62,75,89.81,35,44.37,2128187536.7502441,45935408.0,0.0656,-11.71,128572,166634,192834
1422,CGNT,Technology,Software - Infrastructure,NASDAQ,105.6,75,104.86,84,9.79,807429835.098691,72675955.0,0.007900001,-16.0,836564,659971,577572
1423,BTG,Basic Materials,Gold,NYSE ARCA,105.53,75,97.5,71,4.9,7061813698.438495,1332417631.0,1.7,-22.1,31113651,30643923,31704628
1424,AMPY,Energy,Oil & Gas E&P,NYSE,105.5,75,84.15,19,5.23,218410540.15500927,41287437.0,0.070300005,-22.97,838408,771232,1047747
1425,ZM,Technology,Software - Application,NASDAQ,105.5,75,101.32,79,100.16,32188723750.396057,294741544.0,0.0274,-8.53,4975905,4732975,4212749
1426,BAP,Financial Services,Banks - Regional,NYSE,105.42,75,89.93,35,316.31,26230657334.0,79366588.0,0.0231,-16.8,393596,408768,380673
1427,VOYG,Industrials,Aerospace & Defense,NYSE,105.4,75,117.58,93,34.44,1762456238.215971,59262147.0,0.16379999,-53.43,2400553,1698744,1735744
1428,BGSF,Industrials,Staffing & Employment Services,NYSE,105.39,75,82.58,16,5.16,56376550.953149796,10717975.0,0.0069,-37.23,15392,16587,21628
1429,BBIO,Healthcare,Biotechnology,NASDAQ,105.38,75,85.82,23,66.13,13199088978.835785,195861242.0,0.19450001,-22.15,2904719,2654599,2402083
1430,CBNA,Financial Services,Banks - Regional,NYSE,105.37,75,95.78,65,36.8,244099597.40626907,6561817.0,0.0069,-4.23,3143,3414,3664
1431,LTH,Consumer Cyclical,Leisure,NYSE,105.35,75,115.79,92,33.74,7107705492.2729645,222602738.0,0.0675,-0.61,5049402,2924804,3392450
1432,CGO,Financial Services,Asset Management,NASDAQ,105.31,75,103.31,82,13.54,132865019.37857819,9827294.0,0.0019,-0.15,38088,31069,30281
1433,EYPT,Healthcare,Biotechnology,NASDAQ,105.27,75,85.75,23,12.35,1145272117.8868332,83841298.0,0.18969999,-35.37,843236,852642,963809
1434,NCV,Financial Services,Asset Management,NYSE,105.25,75,99.86,76,17.07,394254725.0873909,22593393.0,0.0043,-2.18,92433,90337,96906
1435,IHD,Financial Services,Asset Management,NYSE,105.24,75,96.26,67,7.16,131777444.18543768,17735861.0,0.0117999995,-5.67,121532,90810,104802
1436,CTMX,Healthcare,Biotechnology,NASDAQ,105.23,75,73.99,7,3.61,866457621.7723536,217702919.0,0.1309,-56.03,3057717,3807809,7736601
1437,EGBN,Financial Services,Banks - Regional,NASDAQ,105.21,75,87.58,28,24.47,804474324.4870605,30495616.0,0.1024,-16.37,248159,296616,301317
1438,RNGR,Energy,Oil & Gas Equipment & Services,NYSE,105.21,75,91.05,40,16.45,375908868.60852814,23761623.0,0.019199999,-12.57,250763,274931,252508
1439,BOLD,Healthcare,Biotechnology,NASDAQ,105.21,75,103.59,82,1.49,32283002.722811222,22418751.0,0.0113,-13.62,186795,367938,253199
1440,DCOM,Financial Services,Banks - Regional,NYSE,105.21,75,94.99,62,35.71,1641904188.8694763,44113491.0,0.0916,-5.78,362995,323095,308267
1441,BATRK,Communication Services,Entertainment,NASDAQ,105.21,75,102.29,81,50.4,3250042492.413666,64141358.0,0.0301,-3.17,408292,398267,361154
1442,CRDL,Healthcare,Drug Manufacturers - Specialty & Generic,NASDAQ,105.19,75,95.28,64,1.32,147417720.69785368,111680087.0,0.0182,-22.81,467701,631027,777362
1443,TGT,Consumer Defensive,Discount Stores,NYSE,105.19,75,93.48,51,121.54,56885574936.75,454176247.0,0.0359,-8.69,4816943,4657491,5174986
1444,VLY,Financial Services,Banks - Regional,NASDAQ,105.13,75,92.31,46,12.93,7430903035.426247,554131478.0,0.072399996,-8.43,5184529,6129656,7000889
1445,CHRW,Industrials,Integrated Freight & Logistics,NASDAQ,105.08,75,87.48,28,163.59,20202260596.436005,117873042.0,0.0752,-19.55,2322280,2077930,1841844
1446,EPSN,Energy,Oil & Gas E&P,NASDAQ,105.07,75,98.36,73,6.18,176046956.13251925,30248617.0,0.08270001,-27.29,178170,187336,238800
1447,MTX,Basic Materials,Specialty Chemicals,NYSE,105.05,75,98.09,72,76.28,2465504506.5818024,31008734.0,0.025999999,-5.82,328629,213379,224809
1448,MDIA,Communication Services,Broadcasting,NASDAQ,105.02,75,114.49,91,0.95,78133245.66776168,81729339.0,0.0013,-40.63,34358,38456,31771
1449,BTDR,Technology,Software - Application,NASDAQ,105.01,75,114.35,91,13.35,3277434970.881755,243313653.0,0.36119998,-51.98,8064666,6955548,7296511
1450,ACRV,Healthcare,Biotechnology,NASDAQ,105.01,75,94.07,55,1.77,84746679.75637102,42801353.0,0.1248,-50.28,537398,765472,699519
1451,MDU,Utilities,Utilities - Regulated Gas,NYSE,105.0,75,95.47,64,22.14,4700545431.9223175,209006024.0,0.0719,-3.02,1815477,1579209,1726433
1452,GFI,Basic Materials,Gold,NYSE,105.0,75,82.22,16,40.27,40123616250.30975,894418540.0,0.0067000003,-34.67,3022560,2869806,3336052
1453,RUSHA,Consumer Cyclical,Auto & Truck Dealerships,NASDAQ,104.98,75,91.87,43,68.72,5609123967.198853,77570518.0,0.0871,-10.74,423787,409135,439033
1454,TRN,Industrials,Railroads,NYSE,104.98,75,93.64,52,34.26,2912286659.811039,79505503.0,0.0644,-8.08,564836,629672,635389
1455,ECF,Financial Services,Asset Management,NYSE ARCA,104.97,75,99.01,74,12.8,176346903.48519325,13670303.0,0.0001,-2.07,41022,33060,32406
1456,SMFG,Financial Services,Banks - Diversified,NYSE,104.95,75,95.39,64,21.84,136366355147.54694,6363338927.0,0.0011999999,-10.27,2207335,2034621,2234729
1457,LEA,Consumer Cyclical,Auto Parts,NYSE,104.93,75,97.89,72,132.72,6997784501.612488,50095099.0,0.055,-7.08,594867,559289,606161
1458,TRIN,Financial Services,Asset Management,NASDAQ,104.9,75,100.64,78,16.85,1527191169.9163494,89887651.0,0.0696,-3.05,1240128,1198786,1224855
1459,OBK,Financial Services,Banks - Regional,NYSE,104.9,75,95.21,63,45.47,1448783912.8491325,30904093.0,0.0165,-5.51,146475,195518,186233
1460,HQH,Financial Services,Asset Management,NYSE,104.89,75,96.88,69,19.92,1146132461.801056,57192236.0,0.32,-2.64,119492,129204,139444
1461,DRH,Real Estate,REIT - Hotel & Motel,NASDAQ,104.89,75,96.19,67,10.3,2206453469.089303,204490591.0,0.0999,-5.5,1631014,1772654,1852074
1462,OKE,Energy,Oil & Gas Midstream,NYSE,104.87,75,99.77,76,92.32,53653599983.569214,630032852.0,0.0463,-3.13,4096729,4224466,4760025
1463,WLYB,Communication Services,Publishing,NYSE,104.86,75,104.38,83,41.45,2127338223.3563385,51322996.0,0.0042,-8.72,72,377,747
1464,MD,Healthcare,Medical Care Facilities,NYSE,104.86,75,95.81,66,22.49,1930686146.4062138,82121911.0,0.0588,-10.0,1124157,796625,859851
1465,ALKS,Healthcare,Drug Manufacturers - Specialty & Generic,NASDAQ,104.84,75,104.55,83,37.48,5831986766.689808,166675807.0,0.16459998,2.4,2580229,2052859,2432473
1466,UBS,Financial Services,Banks - Diversified,NYSE,104.83,75,102.93,81,45.54,148255126067.2599,3277805164.0,0.0016,-7.74,2161847,2395482,2698799
1467,AIT,Industrials,Industrial Distribution,NYSE,104.8,75,100.68,78,307.17,11415693248.203491,36959541.0,0.0195,-3.13,243462,274774,306106
1468,LGCY,Consumer Defensive,Education & Training Services,NYSE ARCA,104.7,75,94.82,61,11.92,147573103.79424477,12613086.0,0.0057,-18.91,80242,63084,51842
1469,SHOO,Consumer Cyclical,Footwear & Accessories,NASDAQ,104.67,75,98.13,72,38.79,2966168251.9802856,73040340.0,0.0946,-17.26,1224880,1053360,1144620
1470,NFBK,Financial Services,Banks - Regional,NASDAQ,104.67,75,96.34,68,14.04,586366516.28683,41763997.0,0.0217,-1.2,197346,213702,268327
1471,RS,Basic Materials,Steel,NYSE,104.65,74,100.62,78,361.73,18851709125.585632,51048522.0,0.0235,-5.06,279668,311136,326275
1472,USAU,Basic Materials,Gold,NASDAQ,104.63,74,91.46,42,15.89,280354755.5931835,16501163.0,0.1027,-33.09,173541,222773,261862
1473,TLX,Healthcare,Biotechnology,NASDAQ,104.61,74,105.84,85,10.56,3618138986.7065506,338777049.0,0.0011999999,-42.89,115362,180747,207650
1474,MRK,Healthcare,Drug Manufacturers - General,NYSE,104.59,74,90.17,36,111.38,275089036559.12463,2469824415.0,0.0111,-11.0,7611191,9044363,9374870
1475,FONR,Healthcare,Diagnostics & Research,NASDAQ,104.47,74,94.54,60,18.86,118767405.70351028,6300658.0,0.0069,-0.47,34755,47291,48567
1476,SPB,Consumer Defensive,Household & Personal Products,NYSE,104.46,74,91.64,42,77.08,1889639486.373352,23194298.0,0.154,-11.36,452865,332101,351351
1477,WSBF,Financial Services,Banks - Regional,NASDAQ,104.44,74,93.33,50,17.96,337953682.64393234,18053082.0,0.011,-4.87,59378,68576,72177
1478,UI,Technology,Communication Equipment,NYSE,104.44,74,64.48,3,623.25,50964559149.84155,60520794.0,0.0907,-43.34,160378,122582,107035
1479,RTO,Industrials,Specialty Business Services,NYSE,104.42,74,90.69,38,31.53,16808483199.695473,503247977.0,0.0068,-9.06,878109,963579,1230887
1480,APLE,Real Estate,REIT - Hotel & Motel,NYSE,104.4,74,103.34,82,13.76,3335634565.0357876,236067554.0,0.1523,-3.03,3035266,3920255,3595945
1481,WES,Energy,Oil & Gas Midstream,NYSE,104.39,74,104.54,83,46.03,17125551094.058903,393781339.0,0.032,2.88,1858709,1677976,1588933
1482,SLN,Healthcare,Biotechnology,NASDAQ,104.35,74,92.33,46,6.1,329225242.6997838,47234613.0,0.0581,-27.38,191841,349927,353352
1483,OVBC,Financial Services,Banks - Regional,NASDAQ,104.3,74,96.18,67,45.36,212984396.10694885,4711002.0,0.0076,-3.74,11435,13088,12599
1484,ZJK,Industrials,Specialty Industrial Machinery,NASDAQ,104.29,74,121.94,94,2.85,190393859.49369907,64322249.0,0.0069,-51.03,60820,56080,39156
1485,HIVE,Financial Services,Capital Markets,NASDAQ,104.29,74,113.93,91,2.69,714184074.4932866,253256770.0,2.72,-65.69,14577368,17181612,14333917
1486,PII,Consumer Cyclical,Recreational Vehicles,NYSE,104.28,74,100.68,78,64.65,3881911914.558037,56886167.0,0.19870001,-14.09,761224,1583158,1404186
1487,SBUX,Consumer Cyclical,Restaurants,NASDAQ,104.27,74,101.97,80,106.82,119588721347.80884,1139700000.0,0.0442,-0.68,7223815,7276708,7859211
1488,RMAX,Real Estate,Real Estate Services,NYSE,104.26,74,113.17,91,8.97,220396622.12990284,21232815.0,0.044699997,-22.81,810903,1158594,806134
1489,MYFW,Financial Services,Banks - Regional,NASDAQ,104.25,74,98.58,74,28.1,285058754.9773865,9728968.0,0.0178,-6.33,36363,29054,28928
1490,VACHU,Financial Services,Shell Companies,NASDAQ,104.23,74,102.44,81,12.8,,,0.16,-14.55,0,80,130
1491,PMTS,Financial Services,Credit Services,NASDAQ,104.23,74,102.04,80,16.76,179019489.17759705,11475608.0,0.0465,-34.27,52305,46378,55883
1492,AIZ,Financial Services,Insurance - Property & Casualty,NYSE,104.22,74,106.68,86,254.61,11875082069.065567,49547637.0,0.0226,3.37,553439,425033,392035
1493,CTRE,Real Estate,REIT - Healthcare Facilities,NYSE,104.22,74,98.77,74,41.14,9827593415.526009,236240235.0,0.0864,-1.39,2001753,2033957,2940010
1494,NCZ,Financial Services,Asset Management,NYSE,104.18,74,99.17,75,15.36,300657239.8294821,19028939.0,0.0001,-2.97,108264,83178,79260
1495,QQQX,Financial Services,Asset Management,NASDAQ,104.17,74,99.0,74,30.33,1501911856.2555637,48826783.0,0.0032,-1.53,83260,101596,139734
1496,WSFS,Financial Services,Banks - Regional,NASDAQ,104.16,74,95.14,63,69.89,3731557939.374176,52044046.0,0.042600002,-4.55,391803,388841,422496
1497,WSBK,Financial Services,Banks - Regional,NASDAQ,104.14,74,93.04,49,12.68,114339082.73095131,8960743.0,0.0068,-5.27,8153,6741,7992
1498,MRKR,Healthcare,Biotechnology,NASDAQ,104.13,74,92.04,44,1.42,24342766.05602932,16673127.0,0.014099999,-65.11,67165,114311,115743
1499,KMI,Energy,Oil & Gas Midstream,NYSE,104.13,74,98.39,73,33.63,69881776687.88853,2224825757.0,0.025,-3.17,10409196,11671952,12740531
1500,CAR,Industrials,Rental & Leasing Services,NASDAQ,104.1,74,75.37,8,150.12,5148616709.5,35324986.0,0.8056,-82.29,1040665,4592855,3204981
1501,NJR,Utilities,Utilities - Regulated Gas,NYSE,104.1,74,97.05,70,57.33,5606193303.15295,100921573.0,0.028399998,-0.9,592211,522560,552630
1502,TRAW,Healthcare,Biotechnology,NASDAQ,104.08,74,116.61,92,1.88,33028459.431416273,15150669.0,0.0612,-42.51,12264006,4276038,2599825
1503,NGVT,Basic Materials,Specialty Chemicals,NYSE,104.07,74,85.16,22,67.58,2629782819.196701,34771690.0,0.045700002,-14.77,281687,238752,300149
1504,GREE,Financial Services,Capital Markets,NASDAQ,104.05,74,115.52,92,1.47,20336614.63114071,16807119.0,0.0583,-39.26,228505,159611,172875
1505,LAMR,Real Estate,REIT - Specialty,NASDAQ,104.04,74,101.68,79,145.54,16025961957.704163,101475101.0,0.103999995,-8.29,965484,636078,632194
1506,BRKRP,Healthcare,Medical Devices,NASDAQ,104.03,74,106.01,85,332.0,,,0.15,-20.92,69628,25246,23927
1507,AERT,Industrials,Consulting Services,NASDAQ,104.03,74,118.02,93,0.69,32385265.86232567,50209716.0,0.0075,-54.55,135613,250204,405350
1508,SWAG,Communication Services,Advertising Agencies,NASDAQ,104.02,74,108.58,88,1.89,29530450.442094564,18690158.0,0.0050999997,-46.0,85915,55201,53743
1509,CVU,Industrials,Aerospace & Defense,NYSE ARCA,104.02,74,93.77,53,3.65,52442386.30793166,13209669.0,0.0061000003,-32.41,34352,54960,82690
1510,WELL,Real Estate,REIT - Healthcare Facilities,NYSE,103.96,74,95.1,63,213.74,151510421850.3479,705914450.0,0.0276,-2.66,3029163,2789844,2934152
1511,IMKTA,Consumer Defensive,Grocery Stores,NASDAQ,103.95,74,89.58,34,86.16,1644912932.6168823,18994376.0,0.0987,-9.89,146559,135859,138129
1512,VRCA,Healthcare,Biotechnology,NASDAQ,103.9,74,98.84,74,6.27,137258504.1980877,17178787.0,0.065799996,-36.16,127929,97423,113687
1513,AMG,Financial Services,Asset Management,NYSE,103.87,74,93.99,54,293.91,7997579015.586853,26412085.0,0.049099997,-12.21,281490,337973,350096
1514,FSBC,Financial Services,Banks - Regional,NASDAQ,103.86,74,94.96,62,40.39,892240662.099163,21376153.0,0.0227,-4.42,82801,94967,91582
1515,VOC,Energy,Oil & Gas E&P,NYSE,103.86,74,94.4,58,3.29,53039998.054504395,17000000.0,0.0014,-14.32,122547,115222,148427
1516,LZM,Basic Materials,Other Industrial Metals & Mining,NYSE,103.83,74,101.91,80,4.89,543607443.3993587,91209302.0,0.0004,-23.59,656643,883621,661818
1517,PVL,Energy,Oil & Gas E&P,NYSE,103.81,74,98.96,74,1.93,62369999.52793121,33000000.0,0.0050999997,-5.39,141881,111337,117826
1518,BLX,Financial Services,Banks - Regional,NYSE,103.8,74,94.18,56,52.54,2002612922.4052734,37230208.0,0.0070999996,-9.08,136021,134510,145218
1519,SRBK,Financial Services,Banks - Regional,NASDAQ,103.76,74,95.0,62,18.01,137673990.32069397,7486351.0,0.0674,-8.16,41737,46382,41303
1520,LXFR,Industrials,Specialty Industrial Machinery,NYSE,103.75,74,104.01,83,15.47,420489779.88829803,27006409.0,0.0166,-3.49,136060,133096,222634
1521,BGC,Financial Services,Capital Markets,NASDAQ,103.74,74,99.32,75,11.19,5466214018.565197,479913420.0,0.026500002,-6.05,3358586,3021305,2861631
1522,FCAP,Financial Services,Banks - Regional,NASDAQ,103.72,74,96.67,68,54.18,191899660.20195007,3345531.0,0.023699999,-23.69,3043,3701,4638
1523,IAE,Financial Services,Asset Management,NYSE,103.71,74,99.1,75,8.23,90302809.89907265,10750335.0,0.14,-2.26,71577,44352,46765
1524,JNJ,Healthcare,Drug Manufacturers - General,NYSE,103.71,74,90.83,39,226.71,532765277652.7037,2407216971.0,0.0091,-9.93,7510147,7633925,7644827
1525,EXPD,Industrials,Integrated Freight & Logistics,NYSE,103.71,74,99.57,76,155.45,20493662949.08429,130791133.0,0.0375,-7.02,1269124,1081804,1150968
1526,BPOP,Financial Services,Banks - Regional,NASDAQ,103.68,74,93.91,54,144.04,9634209604.720642,64654788.0,0.0228,-5.83,438918,506946,522513
1527,KRP,Energy,Oil & Gas E&P,NYSE,103.65,74,98.45,73,15.44,1376626122.9460888,94613478.0,0.0139,-1.34,1006037,838419,882239
1528,ALSN,Consumer Cyclical,Auto Parts,NYSE,103.63,74,88.52,31,116.99,10298990145.890053,82935981.0,0.0421,-14.99,1021761,850313,828456
1529,NTB,Financial Services,Banks - Diversified,NYSE,103.6,74,95.09,63,54.69,2231660139.584095,39610581.0,0.0121,-5.45,168447,151662,165597
1530,UVSP,Financial Services,Banks - Regional,NASDAQ,103.58,73,97.24,70,37.63,1082923222.7842712,27845802.0,0.0152,-3.66,173250,204933,201304
1531,UBCP,Financial Services,Banks - Regional,NASDAQ,103.57,73,93.12,49,15.51,95616016.0,5976001.0,0.0019,-10.55,4011,17937,13902
1532,AXIA,Utilities,Utilities - Renewable,NYSE,103.56,73,84.03,19,10.82,26965834678.018543,2249027122.0,0.005,-20.09,2119324,2547568,2648034
1533,ING,Financial Services,Banks - Diversified,NYSE,103.55,73,99.87,76,29.42,86489707498.22218,2871504153.0,0.0007,-5.64,2314413,2468117,2942200
1534,SD,Energy,Oil & Gas E&P,NYSE,103.54,73,92.29,46,15.27,532361297.59663963,36918259.0,0.0382,-17.24,354689,345706,422789
1535,ZUMZ,Consumer Cyclical,Apparel Retail,NASDAQ,103.53,73,89.28,33,22.65,432773506.4434929,17255722.0,0.1005,-28.55,103093,106121,148664
1536,ACA,Industrials,Engineering & Construction,NYSE,103.53,73,98.47,73,124.14,6379581658.02417,49096364.0,0.0324,-8.44,305785,288651,316057
1537,BSRR,Financial Services,Banks - Regional,NASDAQ,103.52,73,98.06,72,37.27,496747402.3328247,13079184.0,0.024300002,-3.45,56102,48067,48766
1538,ET,Energy,Oil & Gas Midstream,NYSE,103.51,73,99.98,77,20.15,66552020942.25923,3441159277.0,0.0093,-2.52,17737457,17320939,16523951
1539,FA,Industrials,Specialty Business Services,NASDAQ,103.46,73,120.6,94,14.87,2737731276.663619,171537047.0,0.1732,-21.78,1560312,1180204,1211102
1540,CAVA,Consumer Cyclical,Restaurants,NYSE,103.45,73,88.51,31,76.87,9243143387.8312,116412383.0,0.1378,-24.27,2899228,2613762,2793097
1541,LSBK,Financial Services,Banks - Regional,NASDAQ,103.44,73,95.06,63,15.78,125027866.20035553,7863388.0,0.0028,-3.07,8550,6490,9892
1542,BUD,Consumer Defensive,Beverages - Brewers,NYSE,103.42,73,102.19,80,80.92,154736747076.99683,1936872553.0,0.0062,-2.4,2108957,1845299,1996723
1543,ADX,Financial Services,Asset Management,NYSE,103.42,73,101.37,79,25.07,3007011932.444252,122535119.0,0.0072000003,1.33,245743,302747,305676
1544,BWFG,Financial Services,Banks - Regional,NASDAQ,103.4,73,94.09,55,50.56,417475709.6664429,7973180.0,0.0336,-6.13,33930,47056,42542
1545,BATRA,Communication Services,Entertainment,NASDAQ,103.38,73,99.76,76,53.95,3519436244.9496384,64141358.0,0.0558,-3.76,41516,68968,64901
1546,EPRX,Healthcare,Biotechnology,NASDAQ,103.37,73,84.64,21,6.92,458198679.2691994,61503180.0,12.47,-25.75,141079,161989,184057
1547,CHY,Financial Services,Asset Management,NASDAQ,103.36,73,99.29,75,12.55,1027521256.1708488,80025019.0,0.0023,-2.79,267367,218572,218367
1548,CFG,Financial Services,Banks - Regional,NYSE,103.36,73,90.01,36,60.86,26950265970.08001,422881942.0,0.0001,-11.53,3981709,4440259,4621055
1549,WBS,Financial Services,Banks - Regional,NYSE,103.36,73,94.08,55,71.16,11813352562.538757,162026498.0,0.0001,-3.84,2269248,2617032,3250067
1550,TBBB,Consumer Defensive,Discount Stores,NYSE,103.34,73,93.17,49,36.56,4489178404.403572,117857138.0,0.0842,-8.81,425086,365702,500437
1551,CE,Basic Materials,Chemicals,NYSE,103.34,73,81.31,15,56.8,6269407153.831894,109662539.0,0.092700005,-19.66,2500738,2196119,2443079
1552,TRS,Consumer Cyclical,Packaging & Containers,NASDAQ,103.33,73,96.18,67,38.03,1530558746.934967,35827685.0,0.19139999,-13.01,560213,487437,506784
1553,FORTY,Technology,Information Technology Services,NASDAQ,103.32,73,103.43,82,140.88,2260035022.2168274,15332667.0,0.25,-26.07,390,353,360
1554,NUVB,Healthcare,Biotechnology,NYSE,103.3,73,85.55,23,4.32,1667887427.807149,348201971.0,0.23979999,-55.69,5422810,4020980,3977186
1555,MXE,Financial Services,Asset Management,NYSE,103.3,73,96.76,69,13.8,59446824.597127914,4400209.0,1.09,-3.5,2330,3053,2714
1556,AMBA,Technology,Semiconductor Equipment & Materials,NASDAQ,103.28,73,122.49,94,81.16,3341091601.3330536,43788879.0,0.069,-16.06,1020740,819086,821202
1557,HYPD,Healthcare,Biotechnology,NASDAQ,103.28,73,81.07,14,3.36,41009920.913608074,11391645.0,0.103,-80.44,686472,451897,431634
1558,FUSB,Financial Services,Banks - Regional,NASDAQ,103.25,73,94.45,59,16.0,88797907.58812809,5567267.0,0.0016,-3.03,4425,4695,5919
1559,NCSM,Energy,Oil & Gas Equipment & Services,NASDAQ,103.22,73,77.26,10,42.69,105925749.88188171,2624523.0,0.0047,-51.13,44393,41161,40622
1560,NBXG,Financial Services,Asset Management,NYSE,103.21,73,103.93,83,15.48,1203475637.8484116,78761496.0,0.0005,-1.12,174406,163978,179631
1561,SHEL,Energy,Oil & Gas Integrated,NYSE,103.2,73,91.4,41,85.36,234117573065.1142,2788109678.0,0.007900001,-10.05,7990140,7865607,8299160
1562,RBB,Financial Services,Banks - Regional,NASDAQ,103.2,73,94.5,59,22.93,410633510.92345047,17074159.0,0.0128999995,-7.28,68082,84930,75880
1563,LCTX,Healthcare,Biotechnology,NYSE ARCA,103.19,73,74.17,7,1.25,341538665.3387469,249298295.0,0.1701,-40.19,1563673,1293887,1258010
1564,AHG,Healthcare,Medical Distribution,NASDAQ,103.18,73,83.88,19,1.73,1696274286.8003354,856704177.0,0.16,-30.8,179380,176320,168406
1565,BCBP,Financial Services,Banks - Regional,NASDAQ,103.16,73,96.17,67,9.52,175541511.30883312,17363157.0,0.0291,-9.33,83497,95685,92237
1566,BGDE,Financial Services,Capital Markets,NASDAQ,103.15,73,171.33,99,6.05,34072593.50930214,5486730.0,0.1102,-84.88,168832,1094894,685850
1567,IIPR,Real Estate,REIT - Industrial,NYSE,103.15,73,99.93,76,53.98,1648489412.643814,28774470.0,0.1716,-12.08,386503,354407,327658
1568,ETR,Utilities,Utilities - Regulated Electric,NYSE,103.14,73,90.6,38,109.03,51095591579.898285,457886847.0,0.0342,-7.95,5060291,3593623,3347522
1569,SXT,Basic Materials,Specialty Chemicals,NYSE,103.12,73,106.99,86,113.93,5031650942.089844,42568960.0,0.044299997,-11.92,385192,463594,402782
1570,AOD,Financial Services,Asset Management,NYSE,103.11,73,98.24,73,10.4,1109297186.1895752,105446496.0,0.29,-3.44,336593,425651,521366
1571,MANU,Communication Services,Entertainment,NYSE,103.11,73,101.68,79,19.23,3395232581.419882,172434357.0,0.0942,-3.46,292612,283980,310852
1572,CPSS,Financial Services,Credit Services,NASDAQ,103.1,73,106.77,86,9.89,221301998.41017723,21760275.0,0.0235,-5.72,39073,29214,26500
1573,KYN,Financial Services,Asset Management,NYSE,103.08,73,98.01,72,14.39,2301805319.115183,169126038.0,0.0011999999,-2.04,362775,449398,431789
1574,NPCE,Healthcare,Medical Devices,NASDAQ,103.07,73,91.38,41,15.36,622990752.1010685,33950449.0,0.0311,-21.63,280568,194762,207137
1575,AVIR,Healthcare,Biotechnology,NASDAQ,103.07,73,72.41,6,4.1,434547133.832438,80027099.0,0.123500004,-36.43,406560,320853,440626
1576,TURB,Technology,Solar,NASDAQ,103.06,73,86.61,25,1.36,15982796.7157197,12017140.0,0.24360001,-93.35,445794,1121221,3610396
1577,VTR,Real Estate,REIT - Healthcare Facilities,NYSE,103.02,73,95.73,65,87.45,42423171067.550575,486169723.0,0.045300003,-1.19,5057759,4605883,4064921
1578,MARA,Financial Services,Capital Markets,NASDAQ,103.01,73,117.44,93,12.44,4932692436.203262,381197264.0,0.3532,-46.95,44532632,45416600,46019840
1579,CFFN,Financial Services,Banks - Regional,NASDAQ,102.96,73,94.23,57,7.52,976411373.737854,124383616.0,0.056700002,-5.65,792325,874468,951643
1580,SSBI,Financial Services,Banks - Regional,NASDAQ,102.92,73,93.26,50,13.5,92702188.09855461,6771526.0,0.0019,-3.57,2826,3948,4135
1581,ACIU,Healthcare,Biotechnology,NASDAQ,102.91,73,88.83,32,2.79,291072408.1035273,101773573.0,0.060100004,-30.25,309159,293596,264951
1582,NUVL,Healthcare,Biotechnology,NASDAQ,102.91,73,94.67,61,102.3,8316900394.766998,78997915.0,0.097799994,-9.48,534475,552425,578007
1583,CHI,Financial Services,Asset Management,NASDAQ,102.9,73,97.3,70,12.07,992957303.0928869,79627689.0,0.0067000003,-3.67,183892,196937,197640
1584,KRNY,Financial Services,Banks - Regional,NASDAQ,102.88,73,94.02,55,7.88,513532201.43720627,62932869.0,0.0179,-7.29,305850,288143,318870
1585,HPK,Energy,Oil & Gas E&P,NASDAQ,102.86,73,109.03,88,7.1,735404186.9708061,126358104.0,0.5711,-40.83,887798,870209,1030055
1586,BCRX,Healthcare,Drug Manufacturers - Specialty & Generic,NASDAQ,102.84,73,98.6,74,9.02,2190882100.113392,254162660.0,0.1528,-20.25,6380677,4643005,5567385
1587,FEBO,Technology,Consumer Electronics,NASDAQ,102.84,73,90.44,37,1.14,12168750.263750553,11062500.0,0.020499999,-23.49,3299,6873,8763
1588,LXP,Real Estate,REIT - Industrial,NYSE,102.8,73,96.65,68,50.83,3089111718.7543945,58952512.0,0.0001,-3.71,321905,487328,552503
1589,ASIX,Basic Materials,Chemicals,NYSE,102.79,72,87.21,27,21.62,547807603.2927551,26959036.0,0.0219,-19.12,485954,359168,481186
1590,NFJ,Financial Services,Asset Management,NYSE,102.78,72,99.07,75,14.41,1364475578.0,94101764.0,0.0029,-1.37,142130,173086,192650
1591,ALRS,Financial Services,Banks - Regional,NASDAQ,102.75,72,97.83,72,26.55,674955446.8973083,25128646.0,0.0305,-3.8,177080,157593,151320
1592,GLQ,Financial Services,Asset Management,NYSE ARCA,102.72,72,99.72,76,8.44,155713793.37282848,18738121.0,0.0019,0.24,97392,79574,68038
1593,GNT,Financial Services,Asset Management,NYSE,102.72,72,87.48,28,7.95,136933213.75744534,16185959.0,0.0001,-14.52,45977,57192,72305
1594,VSTD,Consumer Cyclical,Restaurants,NASDAQ,102.71,72,173.79,99,0.59,5664741.992218494,14524980.0,0.009,-85.15,164635,99365,90069
1595,APT,Industrials,Building Products & Equipment,NYSE ARCA,102.67,72,110.34,89,5.49,65797042.66461754,10216932.0,0.0113,-20.32,301626,116098,88457
1596,MAR,Consumer Cyclical,Lodging,NASDAQ,102.67,72,94.53,60,353.17,93129545939.82684,263688623.0,0.023599999,-7.06,1377305,1384115,1453061
1597,SXI,Industrials,Specialty Industrial Machinery,NYSE,102.66,72,91.08,40,248.69,3167083071.9159546,12114922.0,0.0715,-12.65,174687,211955,201947
1598,EXEL,Healthcare,Biotechnology,NASDAQ,102.6,72,107.32,87,50.13,12105260758.926258,251355083.0,0.15100001,1.03,3307482,2732537,2658068
1599,AD,Communication Services,Telecom Services,NYSE,102.59,72,95.32,64,50.02,4820923584.150444,86442954.0,0.1325,-36.82,270974,165928,232394
1600,JHG,Financial Services,Asset Management,NYSE,102.59,72,95.25,64,51.72,7964168017.61935,154075609.0,0.0355,-3.79,2816005,2073231,3066739
1601,TPR,Consumer Cyclical,Luxury Goods,NYSE,102.59,72,83.26,18,129.32,26968927561.49185,202044714.0,0.0721,-20.16,3334000,2198826,2080716
1602,TARA,Healthcare,Biotechnology,NASDAQ,102.56,72,88.22,30,5.1,290168833.9498043,55060500.0,0.1062,-34.78,701519,613913,726199
1603,AROW,Financial Services,Banks - Regional,NASDAQ,102.54,72,93.03,49,35.19,614053081.0712814,16529019.0,0.0108,-7.61,69062,87424,89422
1604,SAFX,Utilities,Utilities - Renewable,NASDAQ,102.54,72,113.53,91,0.42,126495049.26028132,299751308.0,0.0557,-99.08,8863468,19603699,24326729
1605,ABEV,Consumer Defensive,Beverages - Brewers,NYSE,102.53,72,96.98,69,3.07,51313122796.63334,15596694040.0,6.03,-11.01,34530639,27335643,26928831
1606,KURA,Healthcare,Biotechnology,NASDAQ,102.48,72,99.9,76,9.22,836144678.4520569,88762704.0,0.1736,-26.18,1401399,1275153,1397997
1607,MNR,Energy,Oil & Gas E&P,NYSE,102.48,72,101.26,79,14.45,2313008087.5,168218770.0,0.085,-7.37,542055,1102751,799415
1608,MCW,Consumer Cyclical,Auto & Truck Dealerships,NASDAQ,102.48,72,98.44,73,7.1,2315417549.053669,328894540.0,0.1026,-11.03,4678004,2925331,2890308
1609,CCD,Financial Services,Asset Management,NASDAQ,102.47,72,97.26,70,24.11,699231569.7619572,28002867.0,0.0076,-4.59,101100,107170,99890
1610,AEM,Basic Materials,Gold,NYSE,102.44,72,84.64,21,180.33,96612004707.94688,500036237.0,0.0115,-29.35,2286073,2159271,2526774
1611,EOD,Financial Services,Asset Management,NYSE,102.43,72,97.12,70,6.39,281651075.91716576,43065914.0,1.28,-2.29,104637,117779,115029
1612,KB,Financial Services,Banks - Regional,NYSE,102.39,72,90.29,37,104.18,39419994540.27579,354687734.0,0.0013,-12.97,180758,194456,226483
1613,SG,Consumer Cyclical,Restaurants,NYSE,102.38,72,123.94,94,8.09,831752201.0,118821743.0,0.2555,-51.56,5539419,4414709,4246443
1614,NTAP,Technology,Software - Infrastructure,NASDAQ,102.31,72,105.92,85,119.93,23371121064.0,198060348.0,0.1145,-5.31,2403070,2142556,2199406
1615,BETR,Financial Services,Mortgage Finance,NASDAQ,102.29,72,66.15,3,27.0,567384870.3816986,18868802.0,0.2989,-71.29,747149,696963,582913
1616,PLD,Real Estate,REIT - Industrial,NYSE,102.29,72,94.86,62,140.53,134340579005.67627,932338000.0,0.014199999,-3.38,2882932,3416660,3490032
1617,SOPH,Healthcare,Health Information Services,NASDAQ,102.24,72,85.35,22,4.63,369093822.13486004,71668702.0,0.0026,-18.77,126838,105289,103437
1618,ANGH,Communication Services,Entertainment,NASDAQ,102.23,72,100.19,77,3.49,31908123.98710251,9064808.0,0.0064,-50.5,7867,4159,4117
1619,KC,Technology,Software - Application,NASDAQ,102.21,72,96.09,67,15.33,4753990314.460139,299369665.0,0.0418,-16.59,1644466,1296058,1480257
1620,IE,Basic Materials,Copper,NYSE ARCA,102.21,72,87.54,28,12.76,2200253082.3165493,158291593.0,0.0694,-40.79,1986761,1994247,2199048
1621,IHS,Real Estate,Real Estate Services,NYSE,102.18,72,93.93,54,8.24,2764694792.4852867,335521222.0,0.0023,-7.93,1197761,962387,1240952
1622,LCFY,Communication Services,Internet Content & Information,NASDAQ,102.12,72,102.73,81,4.49,7690960.296571255,1799055.0,0.0175,-67.88,11523,10077,11652
1623,ASPCU,Financial Services,Shell Companies,NASDAQ,102.11,72,102.07,80,13.13,,,6.08,-73.2,305,468,311
1624,EBMT,Financial Services,Banks - Regional,NASDAQ,102.07,72,92.1,45,21.61,182249054.59514427,7965431.0,0.0186,-9.77,38372,49760,60382
1625,ELV,Healthcare,Healthcare Plans,NYSE,102.07,72,108.95,88,392.68,82102582597.14478,217162380.0,0.0228,-7.44,1748185,1767068,1826257
1626,AM,Energy,Oil & Gas Midstream,NYSE,102.06,72,95.56,65,21.98,9936581636.238098,474980000.0,0.033,-7.78,2494590,2623016,2675294
1627,NTR,Basic Materials,Agricultural Inputs,NYSE,101.99,72,90.78,39,71.56,32800009913.789368,480023548.0,0.0077,-16.17,3353719,2922393,3817961
1628,GCV,Financial Services,Asset Management,NYSE,101.96,72,95.78,65,4.52,91830477.81028175,20050323.0,0.0021,-1.31,80575,51388,48917
1629,AMR,Basic Materials,Coking Coal,NYSE,101.93,72,89.21,33,179.69,2347922434.423706,12752824.0,0.19129999,-29.21,263697,245082,268507
1630,CRNT,Technology,Communication Equipment,NASDAQ,101.92,72,99.05,74,2.51,229918693.54998946,90876955.0,0.0021,-11.62,568612,472014,447320
1631,CNO,Financial Services,Insurance - Life,NYSE,101.9,72,101.83,80,46.82,4295898150.7915535,93348503.0,0.0001,1.06,865575,710148,689851
1632,FRT,Real Estate,REIT - Retail,NYSE,101.87,72,96.66,68,113.16,9993502335.32389,86389197.0,0.0002,-3.46,888812,916467,858858
1633,HOUR,Consumer Cyclical,Internet Retail,NASDAQ,101.87,72,96.97,69,2.06,84441339.35539722,35183890.0,0.0007,-69.88,354312,130334,81718
1634,IDE,Financial Services,Asset Management,NYSE,101.85,72,97.57,71,13.78,207338462.2253418,15156320.0,0.0008,-3.64,27241,44777,50340
1635,EE,Energy,Oil & Gas Midstream,NYSE,101.83,72,95.24,64,35.71,1086983773.6236572,32073880.0,0.1011,-17.29,485018,396496,442257
1636,FGBIP,Financial Services,Banks - Regional,NASDAQ,101.79,72,106.48,86,20.15,,,0.46,-6.1,3293,3561,2676
1637,OSUR,Healthcare,Medical Instruments & Supplies,NASDAQ,101.79,72,94.62,60,3.0,220214768.60209465,71965612.0,0.0479,-21.47,872801,515663,533708
1638,VVX,Industrials,Aerospace & Defense,NYSE,101.79,72,96.14,67,69.37,2194238776.0512085,31310484.0,0.0405,-11.47,807867,528735,558797
1639,CTO,Real Estate,REIT - Diversified,NYSE,101.78,72,95.97,66,19.98,685469112.6098022,33783592.0,0.0239,-3.34,378889,271426,254413
1640,DKL,Energy,Oil & Gas Refining & Marketing,NYSE,101.77,72,94.96,62,51.7,2714236773.6358795,53168204.0,0.0297,-7.5,56755,57658,61725
1641,AVBC,Financial Services,Banks - Regional,NYSE,101.76,72,88.26,30,18.88,374904678.5665512,18550455.0,0.0034999999,-11.9,42400,59950,61962
1642,ABLV,Consumer Cyclical,Specialty Retail,NASDAQ,101.76,72,151.38,98,1.02,39956447.6516304,49389922.0,0.0037,-42.37,116140,798670,479860
1643,CDZIP,Utilities,Utilities - Regulated Water,NASDAQ,101.76,72,99.38,75,20.46,,,0.03,-3.26,4397,5002,5619
1644,WLY,Communication Services,Publishing,NYSE,101.75,72,100.21,77,39.89,2124258773.1149292,51322996.0,0.1154,-12.6,366668,392165,469601
1645,TMP,Financial Services,Banks - Regional,NYSE ARCA,101.75,72,93.53,51,82.06,1233624801.2874222,14382941.0,0.0159,-5.62,49954,62084,62850
1646,DOC,Real Estate,REIT - Healthcare Facilities,NYSE,101.73,72,109.86,88,19.36,13540202526.491608,689419702.0,0.059699997,-2.57,11239706,9005375,8689295
1647,SFST,Financial Services,Banks - Regional,NASDAQ,101.71,72,91.61,42,54.99,532325782.2862816,9455165.0,0.015,-11.31,105043,147981,131096
1648,URI,Industrials,Rental & Leasing Services,NYSE,101.7,71,106.99,86,961.15,58699823909.0,62646557.0,0.032899998,-5.91,534279,562023,587687
1649,CTVA,Basic Materials,Agricultural Inputs,NYSE,101.7,71,96.0,66,82.21,54261364763.031006,668820000.0,0.0274,-3.99,4240190,3542246,3892382
1650,GROY,Basic Materials,Gold,NYSE ARCA,101.7,71,84.53,20,3.32,833159817.7889347,230792200.0,0.0396,-39.14,1873806,1950458,2373581
1651,ARDX,Healthcare,Biotechnology,NASDAQ,101.69,71,89.46,34,6.23,1674859295.688828,247029387.0,0.0994,-25.83,4682366,3895578,3709851
1652,XHR,Real Estate,REIT - Hotel & Motel,NYSE,101.68,71,94.1,56,15.91,1570946633.3901882,92245835.0,0.0865,-7.66,694658,757279,685473
1653,OPHC,Financial Services,Banks - Regional,NYSE ARCA,101.68,71,95.55,65,5.44,68012738.0765152,12166858.0,0.0007,-3.55,27722,38430,33154
1654,RMSG,Technology,Software - Application,NASDAQ,101.66,71,134.28,96,1.29,13208367.734360576,9571281.0,0.3102,-76.37,3547509,20950389,17822975
1655,PRME,Healthcare,Biotechnology,NASDAQ,101.66,71,80.6,14,2.93,579782024.600009,180617451.0,0.2143,-57.78,2700591,2057270,2256984
1656,SBS,Utilities,Utilities - Regulated Water,NYSE,101.66,71,84.5,20,5.72,22267755866.571854,3506733260.0,0.0055,-20.09,5787293,6581581,7077248
1657,ACV,Financial Services,Asset Management,NYSE,101.65,71,97.77,72,26.91,285267013.87207794,10396028.0,0.5,-7.34,21147,32042,29009
1658,MASS,Healthcare,Medical Devices,NASDAQ,101.65,71,95.19,63,6.9,308937286.45495033,37813621.0,0.2009,-26.12,330778,273476,269523
1659,SAN,Financial Services,Banks - Diversified,NYSE,101.59,71,93.61,52,11.74,176836158030.89465,14400338915.0,0.0066000004,-11.33,6633296,7740198,10482161
1660,HAS,Consumer Cyclical,Leisure,NASDAQ,101.56,71,94.23,57,95.25,13837976399.564209,141521544.0,0.044699997,-10.96,1676797,1756432,1731235
1661,FISI,Financial Services,Banks - Regional,NASDAQ,101.56,71,93.84,53,33.82,697094358.6960983,19686370.0,0.028800001,-5.27,86130,101060,113602
1662,SLF,Financial Services,Insurance - Diversified,NYSE,101.54,71,98.16,72,71.92,38819122986.65588,554083990.0,4.81,-3.02,732363,630194,639176
1663,KRO,Basic Materials,Specialty Chemicals,NYSE,101.51,71,92.41,46,6.75,838737211.2510719,115053116.0,0.08,-14.56,349997,327155,367143
1664,WEYS,Consumer Cyclical,Footwear & Accessories,NASDAQ,101.5,71,99.91,76,34.82,323904219.5965042,9532202.0,0.0106,-1.02,15416,15678,18959
1665,ATKR,Industrials,Electrical Equipment & Parts,NYSE,101.5,71,102.05,80,74.27,2508570222.0548553,33767266.0,0.048600003,-7.23,440726,509962,441451
1666,HAFC,Financial Services,Banks - Regional,NASDAQ,101.48,71,98.08,72,29.09,903597814.9796886,29752973.0,0.037100002,-7.15,235476,257292,289987
1667,CMC,Industrials,Metal Fabrication,NYSE,101.47,71,98.55,73,71.25,7868568667.119568,110887384.0,0.0764,-16.05,962746,943362,1145103
1668,NSTS,Financial Services,Banks - Regional,NASDAQ,101.47,71,104.09,83,13.65,66558390.442884445,5261533.0,0.0011,4.52,40591,16970,12702
1669,BCAT,Financial Services,Asset Management,NYSE,101.46,71,98.52,73,15.4,1626112253.8823128,104775271.0,0.58,-1.47,833243,634054,694260
1670,CHNR,Basic Materials,Other Industrial Metals & Mining,NASDAQ,101.45,71,99.41,75,4.16,5402468.639636993,1256388.0,0.0644,-49.27,51578,20806,897513
1671,INVE,Industrials,Building Products & Equipment,NASDAQ,101.44,71,90.57,38,3.81,123374758.87527084,24002872.0,0.0083,-28.11,229066,293858,236425
1672,NYT,Communication Services,Publishing,NYSE,101.44,71,89.14,33,74.48,12853517520.348907,161862699.0,0.0517,-14.49,2291703,2163611,2144076
1673,BC,Consumer Cyclical,Recreational Vehicles,NYSE,101.43,71,92.29,46,77.55,5309061269.494125,64974438.0,0.0001,-14.07,536406,721742,836447
1674,TBI,Industrials,Staffing & Employment Services,NYSE,101.42,71,112.42,90,5.65,170566954.5693841,30404091.0,0.0642,-27.38,461540,361916,407812
1675,EDUC,Communication Services,Publishing,NASDAQ,101.38,71,101.45,79,1.49,12426591.76468277,8511364.0,0.0013,-19.02,37403,44411,34970
1676,EMO,Financial Services,Asset Management,NYSE,101.38,71,97.79,72,52.4,988722604.3398972,20014627.0,0.00029999999,-4.55,58642,55870,54468
1677,CON,Healthcare,Medical Care Facilities,NYSE,101.37,71,108.95,88,25.87,3091556585.274582,127961780.0,0.0337,3.48,1222327,782342,780143
1678,NWE,Utilities,Utilities - Regulated Electric,NASDAQ,101.35,71,93.12,49,70.24,4452565240.698486,61508016.0,0.0463,-6.57,429152,450357,494616
1679,HOFT,Consumer Cyclical,"Furnishings, Fixtures & Appliances",NASDAQ,101.34,71,93.17,49,12.86,143478197.5133543,10779729.0,0.0211,-19.57,40241,47603,43834
1680,BLMN,Consumer Cyclical,Restaurants,NASDAQ,101.33,71,126.39,95,8.04,695188000.6422224,85614287.0,0.097600006,-24.86,3957213,2677177,2991638
1681,MXF,Financial Services,Asset Management,NYSE,101.28,71,94.57,60,21.63,316232029.8506546,14420065.0,0.0002,-5.96,57461,62583,56442
1682,PRTA,Healthcare,Biotechnology,NASDAQ,101.26,71,91.02,40,9.76,561750209.04459,52353237.0,0.1568,-17.29,558575,448445,514117
1683,BCX,Financial Services,Asset Management,NYSE,101.25,71,89.5,34,11.88,933916602.5,76238090.0,0.0002,-14.29,215444,184988,212578
1684,CATY,Financial Services,Banks - Regional,NASDAQ,101.23,71,97.22,70,55.61,3852384888.309902,67056307.0,0.0336,-4.12,435433,393131,511646
1685,ASGI,Financial Services,Asset Management,NYSE,101.21,71,93.02,49,23.55,763045469.2115307,31622275.0,0.84,-9.25,122877,121292,151659
1686,PMVP,Healthcare,Biotechnology,NASDAQ,101.2,71,92.54,47,1.29,75194442.34993947,53329393.0,0.044899996,-31.38,521944,445414,447534
1687,ENB,Energy,Oil & Gas Midstream,NYSE,101.18,71,96.46,68,55.31,116951431267.05817,2182336834.0,0.009,-0.32,5108009,4425846,4529415
1688,AMPG,Technology,Communication Equipment,NASDAQ,101.17,71,130.97,96,2.95,55728859.00789046,25331299.0,0.0729,-39.67,1123994,663198,649838
1689,TFX,Healthcare,Medical Instruments & Supplies,NYSE,101.17,71,103.04,82,129.71,5890594167.57843,44270211.0,0.083900005,-7.13,801953,921451,861954
1690,SAH,Consumer Cyclical,Auto & Truck Dealerships,NYSE,101.17,71,101.73,80,73.96,2566253067.151932,31604103.0,0.22569999,-17.47,309260,243050,311124
1691,NBN,Financial Services,Banks - Regional,NASDAQ,101.14,71,89.11,33,115.18,1066425637.0544434,8555360.0,0.0614,-15.07,86939,106746,116315
1692,CQP,Energy,Oil & Gas Midstream,NYSE,101.13,71,94.73,61,63.51,30190455134.484417,484054123.0,0.013300001,-10.09,88504,87284,122096
1693,SPAI,Industrials,Aerospace & Defense,NASDAQ,101.13,71,95.81,66,4.35,86617433.24660015,20922086.0,0.038,-52.51,673384,336804,293362
1694,NVAX,Healthcare,Biotechnology,NASDAQ,101.09,71,103.78,82,9.06,1662469326.6346521,164438119.0,0.2854,-24.31,7647314,4502811,4370522
1695,MUFG,Financial Services,Banks - Diversified,NYSE,101.06,71,97.53,71,18.84,202612381277.60336,11287597363.0,0.00090000004,-6.5,3016686,2968958,3476665
1696,MCFT,Consumer Cyclical,Recreational Vehicles,NASDAQ,101.04,71,98.85,74,23.7,445743374.5373726,16279890.0,0.0858,-16.67,225247,146679,152357
1697,DAL,Industrials,Airlines,NYSE,101.03,71,96.39,68,70.23,48177396155.192566,656994340.0,0.039300002,-8.06,6953062,9002440,11870228
1698,SPNT,Financial Services,Insurance - Reinsurance,NYSE,101.02,71,96.66,68,22.96,2756363038.1775284,117542130.0,0.0274,-4.21,747404,724344,700370
1699,SMBC,Financial Services,Banks - Regional,NASDAQ,100.99,71,94.28,57,66.62,762439001.0657043,11014721.0,0.019299999,-4.96,76862,105310,85638
1700,RVT,Financial Services,Asset Management,NYSE,100.99,71,94.53,60,18.02,2285755989.462471,122363809.0,0.061100002,-4.2,174311,171267,196346
1701,MOH,Healthcare,Healthcare Plans,NYSE,100.95,71,110.1,89,184.99,9687474127.197266,52100000.0,0.0689,-44.45,918088,1256752,1562881
1702,ILAG,Industrials,Building Products & Equipment,NASDAQ,100.94,71,119.09,93,4.16,8120866.858265877,2076948.0,0.0216,-56.49,5752,5494,12584
1703,GAM,Financial Services,Asset Management,NYSE,100.92,71,96.69,68,64.0,1546656564.3614502,23986608.0,0.0002,-3.29,24675,25011,29591
1704,TSN,Consumer Defensive,Farm Products,NYSE,100.91,71,96.81,69,65.79,24078607541.60771,352129402.0,0.0319,-5.31,3116983,2724134,2886198
1705,UNP,Industrials,Railroads,NYSE,100.87,71,98.85,74,270.56,157126198196.71213,593713213.0,0.0497,-1.54,2466396,2919718,2909473
1706,RRC,Energy,Oil & Gas E&P,NYSE,100.83,71,96.0,66,42.46,9547413677.859306,235622250.0,0.086,-12.11,2368448,3291016,3471727
1707,NMAI,Financial Services,Asset Management,NYSE,100.82,70,99.76,76,14.22,473307142.2596512,33425646.0,0.002,0.42,115695,98785,103967
1708,GL,Financial Services,Insurance - Life,NYSE,100.81,70,98.33,73,155.04,11730570634.051804,77644761.0,0.0002,-1.05,552736,520698,517023
1709,CVSA,Consumer Defensive,Education & Training Services,NYSE,100.78,70,104.31,83,122.93,4550950373.114365,34030887.0,0.0684,-21.33,340811,301480,331710
1710,HBB,Consumer Cyclical,"Furnishings, Fixtures & Appliances",NYSE,100.77,70,87.42,27,18.2,283376672.6334572,13545730.0,0.020299999,-16.67,18064,22524,22706
1711,SATA,Financial Services,Asset Management,NASDAQ,100.76,70,97.64,71,100.0,,,0.88,-1.33,206042,192567,186996
1712,LLY,Healthcare,Drug Manufacturers - General,NYSE,100.73,70,98.48,73,1004.92,845772147406.2152,891741406.0,0.0091,-11.38,3220185,3157195,3083025
1713,APG,Industrials,Engineering & Construction,NYSE,100.71,70,91.37,41,43.25,19079361032.19207,433227989.0,0.0185,-13.48,2734709,2971793,3131395
1714,GM,Consumer Cyclical,Auto Manufacturers,NYSE,100.69,70,91.98,44,74.86,71051220117.6638,901665195.0,0.0215,-14.56,6425002,6552600,7049612
1715,BRKR,Healthcare,Medical Devices,NASDAQ,100.69,70,108.57,88,42.88,6722283532.612213,152225624.0,0.1612,-23.73,2792247,2185509,2199847
1716,UTG,Financial Services,Asset Management,NYSE ARCA,100.66,70,95.66,65,42.24,3883867770.1475143,91428150.0,0.0007,-3.78,188167,195402,211703
1717,NUTX,Healthcare,Medical Care Facilities,NASDAQ,100.66,70,104.7,84,126.3,940403812.9402161,6881339.0,0.2163,-34.58,162750,185480,197656
1718,FTW,Energy,Oil & Gas E&P,NYSE,100.61,70,104.5,83,11.86,490297500.0,44572500.0,1.62,-31.05,67130,74300,103932
1719,JOF,Financial Services,Asset Management,NYSE,100.58,70,96.77,69,11.64,332073233.5259657,28333893.0,0.11,-8.78,56407,112305,109349
1720,SABR,Technology,Software - Infrastructure,NASDAQ,100.56,70,101.86,80,1.6,814345319.7599931,395313273.0,0.1867,-54.55,8879972,5591527,6580650
1721,NIE,Financial Services,Asset Management,NYSE,100.56,70,100.15,77,26.71,735118860.4762363,27708965.0,0.0002,-0.07,47741,59117,64564
1722,EIX,Utilities,Utilities - Regulated Electric,NYSE,100.56,70,91.7,43,69.16,26531541057.652084,384793941.0,0.0372,-9.26,2344541,2647193,3023056
1723,EGP,Real Estate,REIT - Industrial,NYSE,100.55,70,96.84,69,200.76,11037024011.995056,53755229.0,0.046,-2.91,350400,374863,361030
1724,OBT,Financial Services,Banks - Regional,NASDAQ,100.54,70,90.12,36,32.72,465380907.6248932,13407690.0,0.0057,-13.87,42372,71430,59998
1725,KPTI,Healthcare,Biotechnology,NASDAQ,100.53,70,90.82,39,7.67,194842807.74235725,22551250.0,0.255,-30.21,487444,495301,1013342
1726,NDSN,Industrials,Specialty Industrial Machinery,NASDAQ,100.51,70,92.19,45,274.88,15816323472.844788,55783598.0,0.0218,-9.96,352540,333700,337754
1727,ISTR,Financial Services,Banks - Regional,NASDAQ,100.5,70,91.94,44,27.71,391212666.3146496,13741225.0,0.0186,-12.78,111602,160820,163716
1728,PINE,Real Estate,REIT - Retail,NYSE,100.49,70,91.14,40,18.73,319918376.32588196,16524709.0,0.0145000005,-9.95,178650,151496,152764
1729,BBVA,Financial Services,Banks - Diversified,NYSE,100.48,70,93.35,50,21.89,124349240315.10901,5581204510.0,0.0002,-16.45,1399511,1693133,1848736
1730,AFBI,Financial Services,Banks - Regional,NASDAQ,100.48,70,95.92,66,22.46,136891111.51996613,6094885.0,0.0011999999,-0.18,10550,18480,21830
1731,BNL,Real Estate,REIT - Diversified,NYSE,100.45,70,96.2,67,19.89,3808483899.3450165,191766555.0,0.083900005,-2.86,1699744,3472771,2765826
1732,AVBH,Financial Services,Banks - Regional,NASDAQ,100.44,70,92.51,47,29.09,329640976.7016258,10955167.0,0.010299999,-7.97,65478,71739,85939
1733,VCYT,Healthcare,Diagnostics & Research,NASDAQ,100.4,70,108.28,87,38.48,3225218645.6352997,79792647.0,0.095699996,-24.12,1280201,885880,948440
1734,CURB,Real Estate,REIT - Retail,NYSE,100.4,70,96.28,67,27.6,2942436822.1478577,105539344.0,0.1158,-4.63,775171,771867,775416
1735,ZTO,Industrials,Integrated Freight & Logistics,NYSE,100.39,70,89.7,35,23.74,19213010663.685757,766986477.0,0.030199999,-9.39,2188221,1617080,1704954
1736,DMLP,Energy,Oil & Gas E&P,NASDAQ,100.38,70,96.23,67,27.66,1255606831.089592,48255450.0,0.0121,-4.46,153248,163892,175561
1737,STEL,Financial Services,Banks - Regional,NYSE,100.37,70,91.27,41,36.39,1907489300.4607086,50920698.0,0.0215,-9.5,236880,273376,305840
1738,CNOB,Financial Services,Banks - Regional,NASDAQ,100.36,70,96.19,67,28.94,1511169206.332924,50288494.0,0.0356,-5.58,334701,356253,364998
1739,ETSY,Consumer Cyclical,Internet Retail,NYSE,100.33,70,97.89,72,58.07,6109419091.139717,94896231.0,0.1817,-24.11,2894515,3153328,2967715
1740,LSAK,Technology,Software - Infrastructure,NASDAQ,100.33,70,97.05,70,4.94,408659910.3667455,84086399.0,0.0054,-10.83,131395,103721,103073
1741,CACC,Financial Services,Credit Services,NASDAQ,100.32,70,107.63,87,547.81,5576787109.022827,10460071.0,0.2894,-3.07,185982,149187,170946
1742,MDB,Technology,Software - Infrastructure,NASDAQ,100.31,70,107.03,86,312.16,24068262348.797333,80369527.0,0.0414,-29.81,1648236,1640168,1596215
1743,OHI,Real Estate,REIT - Healthcare Facilities,NYSE,100.31,70,96.91,69,47.33,14053275971.031189,297802000.0,0.0377,-3.68,2319689,2258819,2118545
1744,STRW,Real Estate,REIT - Healthcare Facilities,NYSE ARCA,100.28,70,95.07,63,13.03,714847887.9232864,55760367.0,0.0069,-6.93,18318,17606,22771
1745,LUD,Basic Materials,Steel,NYSE ARCA,100.28,70,104.3,83,5.92,139997301.73110962,22690000.0,0.0109,-75.54,26780,79096,131378
1746,KEY,Financial Services,Banks - Regional,NYSE,100.27,70,92.15,45,21.04,23419275274.399277,1084225688.0,0.0,-9.89,11324127,12254925,14074507
1747,THW,Financial Services,Asset Management,NYSE,100.25,70,96.33,68,12.65,517221772.34770966,40344913.0,0.0031,-4.09,86558,89016,95503
1748,HWKN,Basic Materials,Specialty Chemicals,NASDAQ,100.25,70,96.06,67,158.98,3493993942.4257507,20902093.0,0.0715,-14.6,151495,175541,179527
1749,CSQ,Financial Services,Asset Management,NASDAQ,100.24,70,101.32,79,20.16,3255503468.1476784,160369635.0,0.00029999999,-1.08,203685,234065,280427
1750,BENF,Financial Services,Asset Management,NASDAQ,100.21,70,97.32,70,3.66,49410901.78189373,14363634.0,0.28350002,-70.67,20857,473325,292259
1751,IART,Healthcare,Medical Devices,NASDAQ,100.2,70,124.1,94,14.1,1082932895.6954327,77796903.0,0.1619,-14.49,1604914,1041504,976258
1752,NEE,Utilities,Utilities - Regulated Electric,NYSE,100.12,70,93.0,49,93.36,194145286371.62146,2085341456.0,0.0001,-5.46,7578181,8290233,8767204
1753,KSPI,Technology,Software - Infrastructure,NASDAQ,100.1,70,103.81,82,87.51,16310270091.226387,189875085.0,0.0195,-11.78,440288,542016,557877
1754,NMT,Financial Services,Asset Management,NYSE,100.1,70,98.09,72,12.9,128503508.44880676,9839472.0,0.0039,-5.84,30492,22580,22112
1755,SUPN,Healthcare,Drug Manufacturers - Specialty & Generic,NASDAQ,100.09,70,94.4,58,49.43,2990786752.280731,58039721.0,0.1158,-17.17,939545,674011,649811
1756,GNL,Real Estate,REIT - Diversified,NYSE,100.07,70,91.23,41,9.23,1956127195.7154808,211931451.0,0.0001,-8.02,2558640,1751876,1950268
1757,CSWC,Financial Services,Asset Management,NASDAQ,100.04,70,95.5,65,23.57,1436668987.1100235,60162020.0,0.082200006,-3.52,635272,690244,672242
1758,TSBK,Financial Services,Banks - Regional,NASDAQ,100.03,70,92.31,46,39.16,321024339.3910408,7827953.0,0.006,-10.08,26439,35649,36879
1759,INDI,Technology,Semiconductors,NASDAQ,100.02,70,106.0,85,4.19,905957648.9855118,210687816.0,0.3056,-30.74,5489182,5108807,4885078
1760,AQST,Healthcare,Drug Manufacturers - Specialty & Generic,NASDAQ,100.02,70,96.19,67,4.17,536909242.7748556,124284542.0,0.1308,-44.77,2144673,1472284,1588898
1761,HPP,Real Estate,REIT - Office,NYSE,99.98,70,145.05,97,11.26,593950152.454155,54242024.0,0.011,-48.11,1341228,1259442,1216109
1762,ALCO,Consumer Defensive,Farm Products,NASDAQ,99.98,70,91.29,41,40.17,311472361.6166229,7656646.0,0.0257,-10.75,19687,23859,29617
1763,SEM,Healthcare,Medical Care Facilities,NYSE,99.95,70,95.01,62,16.5,2035115669.076538,124016800.0,0.0517,-2.88,1389703,1535497,2227672
1764,EVR,Financial Services,Capital Markets,NYSE,99.93,70,97.2,70,333.56,13198076810.399658,38682484.0,0.0238,-14.19,536554,585511,647230
1765,PENN,Consumer Cyclical,Resorts & Casinos,NASDAQ,99.9,69,100.65,78,16.2,2240537999.9056835,133843371.0,0.1908,-21.4,2788817,3958475,3919549
1766,GPCR,Healthcare,Biotechnology,NASDAQ,99.89,69,72.04,6,38.69,2779013467.1488953,71074516.0,0.115600005,-59.23,723329,857153,960335
1767,VOYA,Financial Services,Financial Conglomerates,NYSE,99.87,69,101.57,79,81.44,7397464308.820038,90666315.0,0.0001,-3.05,1471709,1422456,1258497
1768,M,Consumer Cyclical,Department Stores,NYSE,99.84,69,88.9,32,18.41,5138073879.779568,263761499.0,0.1205,-24.58,5090815,4783438,6603369
1769,DLX,Industrials,Conglomerates,NYSE,99.83,69,74.55,7,23.16,1216940337.8869534,45784061.0,0.10609999,-27.78,726511,484893,449654
1770,WLFC,Industrials,Rental & Leasing Services,NASDAQ,99.83,69,87.81,28,180.03,1774324725.244873,7966616.0,0.0915,-24.81,166496,120552,97381
1771,TFSL,Financial Services,Banks - Regional,NASDAQ,99.82,69,97.96,72,15.31,4234525436.076372,280432141.0,0.1543,-1.73,1008258,803456,801259
1772,PDX,Financial Services,Asset Management,NYSE,99.8,69,97.83,72,21.53,944657794.8504353,44706949.0,0.63,-14.87,84839,111589,130671
1773,ASTL,Basic Materials,Steel,NASDAQ,99.79,69,105.15,84,5.21,542671080.6638117,105578034.0,0.0257,-28.09,1640620,1176206,1458944
1774,WMG,Communication Services,Entertainment,NASDAQ,99.78,69,111.67,90,33.43,17401094332.448853,521615528.0,0.0797,-3.47,3556054,2368664,2414154
1775,PC,Industrials,Specialty Business Services,NASDAQ,99.78,69,94.0,54,9.4,30497781.762342453,3244445.0,0.0986,-32.86,0,0,0
1776,DUOT,Technology,Software - Application,NASDAQ,99.78,69,101.13,79,8.97,244325383.53015518,29295609.0,0.0844,-26.29,562111,481717,585518
1777,INTJ,Industrials,Consulting Services,NASDAQ,99.75,69,107.64,87,10.15,15067500.293254852,1537500.0,0.0018000001,-70.13,1801,4177,6044
1778,WS,Basic Materials,Steel,NYSE,99.74,69,99.94,76,38.93,2054100260.844864,50806338.0,0.0626,-20.83,246140,237580,310670
1779,COSO,Financial Services,Banks - Regional,NYSE,99.72,69,93.82,53,25.17,309703099.58882904,11985414.0,0.019,-4.51,72817,104812,105291
1780,U,Technology,Software - Application,NYSE,99.68,69,107.11,86,27.16,12292825448.910046,436534997.0,0.08,-47.92,13373731,11383823,13629828
1781,EGO,Basic Materials,Gold,NYSE,99.68,69,86.48,25,31.66,8897302407.04628,260535930.0,3.94,-38.12,3759677,3776085,3345691
1782,PRMB,Consumer Defensive,Beverages - Non-Alcoholic,NYSE,99.68,69,111.58,90,23.18,8429436529.151955,362868562.0,0.4043,-30.37,5317312,4113624,4460964
1783,GGT,Financial Services,Asset Management,NYSE,99.66,69,97.95,72,4.15,179363323.97508907,41809633.0,0.0023,-5.9,355206,278948,286917
1784,PDLB,Financial Services,Banks - Regional,NASDAQ,99.66,69,95.5,65,17.5,431512157.5307808,24187901.0,0.016,-3.05,39413,44764,53566
1785,FFBC,Financial Services,Banks - Regional,NASDAQ,99.66,69,94.36,58,29.66,3210944607.4286976,104932829.0,0.0458,-5.48,778074,900368,884028
1786,IAC,Communication Services,Internet Content & Information,NASDAQ,99.65,69,91.27,41,39.88,3277185281.38546,74380054.0,0.17959999,-12.96,1805954,1288968,1188204
1787,CCNE,Financial Services,Banks - Regional,NASDAQ,99.63,69,91.74,43,29.39,923832634.3820572,29629013.0,0.0153,-7.58,97241,128880,152508
1788,THG,Financial Services,Insurance - Property & Casualty,NYSE,99.62,69,101.88,80,194.64,6617400871.82576,34986787.0,0.0287,1.55,284860,286920,299104
1789,CWAN,Technology,Software - Application,NYSE,99.61,69,95.81,66,24.35,7241085137.689619,297375155.0,0.0797,-2.87,3514301,3662730,4012038
1790,RYZ,Industrials,Metal Fabrication,NYSE,99.6,69,93.53,51,25.38,1412411031.6508408,51888724.0,0.0334,-17.86,486654,359111,464654
1791,RGR,Industrials,Aerospace & Defense,NYSE,99.58,69,90.24,36,39.47,622463651.7173996,15944253.0,0.0398,-18.13,162490,132820,164192
1792,TFPM,Basic Materials,Other Precious Metals & Mining,NYSE,99.55,69,88.55,31,31.98,6896438803.236786,206603912.0,2.21,-23.31,686756,535418,622729
1793,ABAT,Industrials,Waste Management,NASDAQ,99.53,69,90.97,40,3.13,417518316.69861794,131709245.0,0.1752,-72.76,5613478,4408232,4085873
1794,IVVD,Healthcare,Biotechnology,NASDAQ,99.53,69,75.58,8,1.21,424205794.5,282803863.0,0.1148,-60.59,3476455,3258575,3144029
1795,KRG,Real Estate,REIT - Retail,NYSE,99.49,69,95.45,64,25.93,5407662082.709768,203066551.0,0.112399995,-3.32,2297160,2070920,1929110
1796,DAIO,Technology,Electronic Components,NASDAQ,99.43,69,113.77,91,3.2,26304381.15203905,9394422.0,0.0004,-10.36,76614,56698,45700
1797,AME,Industrials,Specialty Industrial Machinery,NYSE,99.43,69,94.09,55,227.9,53266776265.855896,229203002.0,0.016,-6.28,1324664,1243828,1284066
1798,MLAB,Technology,Scientific & Technical Instruments,NASDAQ,99.39,69,93.44,51,96.47,578171688.8801956,5524813.0,0.0523,-26.47,130818,118532,124997
1799,EWBC,Financial Services,Banks - Regional,NASDAQ,99.38,69,95.3,64,119.41,16847013956.06186,136978732.0,0.028800001,-6.36,872874,931128,1096980
1800,TONX,Technology,Software - Application,NASDAQ,99.36,69,153.35,98,3.67,205771451.81029773,56530617.0,0.0769,-87.67,790976,468232,462715
1801,QSR,Consumer Cyclical,Restaurants,NYSE,99.35,69,94.36,58,75.84,27658092170.156685,346983973.0,0.0509,-7.47,4305413,3360081,3773818
1802,DIN,Consumer Cyclical,Restaurants,NYSE,99.35,69,101.33,79,29.79,360005255.8541775,12685175.0,0.2019,-24.92,665546,431708,410257
1803,SBR,Energy,Oil & Gas Midstream,NYSE,99.33,69,98.22,73,77.68,1107884395.405159,14579345.0,0.0021,-7.95,37599,37523,41891
1804,CLST,Financial Services,Banks - Regional,NASDAQ,99.32,69,92.35,46,15.87,65095087.59548187,4058297.0,0.0025,-12.61,9051,9120,7874
1805,NTST,Real Estate,REIT - Retail,NYSE,99.31,69,96.16,67,20.44,2018895749.9518394,97672750.0,0.343,-4.04,1091762,1306077,1267468
1806,CCM,Healthcare,Medical Care Facilities,NYSE,99.3,69,124.64,95,5.17,24921489.02625847,4341723.0,0.002,-52.0,94711,32813,19998
1807,CTBI,Financial Services,Banks - Regional,NASDAQ,99.29,69,93.72,52,64.02,1204105914.4592285,18156000.0,0.0138,-6.84,74965,94138,96739
1808,PM,Consumer Defensive,Tobacco,NYSE,99.28,69,107.39,87,189.61,266497985638.95944,1558558846.0,0.0107,-0.88,5275190,4856833,4975438
1809,GAU,Basic Materials,Gold,NYSE ARCA,99.27,69,86.45,25,2.32,673442165.8254414,261024103.0,0.0098,-35.91,2800079,2560703,3208361
1810,LEGN,Healthcare,Biotechnology,NASDAQ,99.27,69,125.0,95,27.55,5200952976.980957,184955648.0,0.2643,-39.18,3297153,2671037,2119598
1811,IPGP,Technology,Semiconductor Equipment & Materials,NASDAQ,99.26,69,76.95,9,102.76,4434933345.170654,42443616.0,0.13159999,-34.05,839474,559324,511146
1812,FR,Real Estate,REIT - Industrial,NYSE,99.25,69,94.2,57,60.83,8318794106.0,132570424.0,0.0349,-5.92,780504,865508,944538
1813,UTSI,Technology,Communication Equipment,NASDAQ,99.22,69,109.46,88,2.82,24779626.104028225,9494110.0,0.0032,-4.08,7292,5334,4752
1814,CBT,Basic Materials,Specialty Chemicals,NYSE,99.16,69,100.28,77,81.0,4422923024.313606,51621417.0,0.0759,-5.86,469717,366739,398753
1815,MTCH,Communication Services,Internet Content & Information,NASDAQ,99.15,69,96.83,69,35.4,8621530587.398117,233266526.0,0.0437,-9.69,4624261,3701580,5286790
1816,SHO,Real Estate,REIT - Hotel & Motel,NYSE,99.13,69,100.75,78,10.15,1954195379.661312,186291270.0,0.0,-4.06,1692629,1659686,1678113
1817,TMC,Basic Materials,Other Industrial Metals & Mining,NASDAQ,99.12,69,96.41,68,5.42,3179970795.9909973,557889632.0,0.112799995,-52.25,6690211,5329503,5809884
1818,BOKF,Financial Services,Banks - Regional,NASDAQ,99.1,69,89.81,35,126.36,8048876214.409912,60759992.0,0.1028,-9.57,261674,314948,340306
1819,CHCT,Real Estate,REIT - Healthcare Facilities,NYSE,99.1,69,94.91,62,16.87,502292118.7601452,28571793.0,0.0307,-7.41,237038,207486,222389
1820,EGHT,Technology,Software - Application,NASDAQ,99.09,69,101.34,79,2.36,381732280.3286433,139318350.0,0.026700001,-18.06,1814969,1488509,1277983
1821,IHG,Consumer Cyclical,Lodging,NYSE,99.08,69,99.22,75,148.58,22281382292.392456,148919817.0,0.004,-1.72,187796,207408,219405
1822,FCBC,Financial Services,Banks - Regional,NASDAQ,99.07,69,92.02,44,41.16,820843567.0340157,18861295.0,0.023699999,-8.74,72302,74647,82388
1823,FNV,Basic Materials,Gold,NYSE,99.07,69,87.13,27,225.38,44750504517.79498,192798692.0,3.36,-21.1,866542,725994,861902
1824,JOB,Industrials,Staffing & Employment Services,NYSE ARCA,99.02,68,96.45,68,0.24,28566377.312191486,109870686.0,0.0062,-14.29,483148,337546,1887621
1825,RCMT,Industrials,Conglomerates,NASDAQ,99.02,68,88.39,30,23.12,204265004.49703217,7087613.0,0.049099997,-28.86,83079,88449,74145
1826,AXG,Financial Services,Capital Markets,NASDAQ,98.96,68,90.49,37,3.6,695350095.9740288,188953827.0,0.0054,-29.27,70264,263948,325684
1827,FVCB,Financial Services,Banks - Regional,NASDAQ,98.95,68,92.68,47,15.31,283629446.0391388,17996792.0,0.0057,-16.84,185030,168096,125486
1828,FLWS,Consumer Cyclical,Specialty Retail,NASDAQ,98.93,68,114.27,91,4.33,308954699.06323385,64098483.0,0.43490002,-48.7,1139574,1202474,875794
1829,LLYVK,Communication Services,Entertainment,NASDAQ,98.92,68,98.14,72,99.51,8809424076.75,92004429.0,0.030299999,-3.03,335738,304049,336309
1830,ENIC,Utilities,Utilities - Regulated Electric,NYSE,98.92,68,93.94,54,4.19,6390989726.970314,1383331144.0,0.63,-11.6,586556,794212,697929
1831,RJET,Industrials,Airlines,NASDAQ,98.88,68,102.78,81,20.22,1075673031.5647507,46829476.0,0.0286,-21.63,129498,124242,150061
1832,FC,Consumer Defensive,Education & Training Services,NYSE,98.86,68,90.77,39,20.49,249684630.29990387,11272444.0,0.117,-17.04,74195,118878,187747
1833,TBPH,Healthcare,Biotechnology,NASDAQ,98.85,68,89.14,33,16.22,876916626.8495464,51553005.0,0.162,-22.87,344675,360978,496181
1834,ELE,Basic Materials,Other Precious Metals & Mining,NASDAQ,98.84,68,85.42,22,16.86,1211856279.6983643,64255368.0,1.1,-37.46,423335,256448,340471
1835,PUK,Financial Services,Insurance - Life,NYSE,98.83,68,96.5,68,30.59,39053790339.78956,1251323021.0,0.0011,-10.11,769100,746700,870220
1836,IFS,Financial Services,Banks - Regional,NYSE,98.81,68,92.12,45,44.85,4960504040.79166,111072639.0,0.0088,-15.38,229369,310956,281187
1837,KTCC,Technology,Computer Hardware,NASDAQ,98.81,68,103.91,83,3.21,36812926.43918276,10859270.0,0.0022,-13.24,18378,13212,11795
1838,MCB,Financial Services,Banks - Regional,NYSE,98.79,68,92.65,47,87.13,1125243706.1872559,12429512.0,0.0469,-10.95,110351,159160,156306
1839,BMY,Healthcare,Drug Manufacturers - General,NYSE,98.78,68,90.79,39,57.0,114682720919.92465,2042071247.0,0.0159,-9.37,9581936,9759828,11363197
1840,TRC,Industrials,Conglomerates,NYSE,98.78,68,94.85,61,19.06,544171719.0812492,26992645.0,0.0596,-10.56,96995,91951,103941
1841,WLKP,Basic Materials,Chemicals,NYSE,98.76,68,97.27,70,22.65,820524110.6014252,35245880.0,0.0056,-4.03,40310,28516,29642
1842,DLR,Real Estate,REIT - Specialty,NYSE,98.75,68,92.34,46,188.51,68633118673.775024,351406070.0,0.01,-9.43,1971651,2106300,2038258
1843,CDNS,Technology,Software - Application,NASDAQ,98.75,68,104.78,84,347.24,100038466566.89453,275816000.0,0.0215,-7.76,2186099,2433259,2330779
1844,AAT,Real Estate,REIT - Diversified,NYSE,98.75,68,99.1,75,20.77,1291665349.6450806,61390936.0,0.0631,-3.89,299365,314895,350887
1845,BPYPM,Financial Services,Asset Management,NASDAQ,98.74,68,96.56,68,16.97,,,15.81,-5.2,9765,9511,24897
1846,HTB,Financial Services,Banks - Regional,NYSE,98.74,68,95.84,66,45.3,774390558.7715149,16805350.0,0.0189,-4.91,55523,60071,72178
1847,PRAA,Financial Services,Credit Services,NASDAQ,98.74,68,81.9,15,15.16,731542243.4796753,38140888.0,0.0341,-32.77,759027,452552,452509
1848,NKSH,Financial Services,Banks - Regional,NASDAQ,98.72,68,88.8,32,34.74,238560632.7695465,6368410.0,0.0091,-13.15,49585,67155,53977
1849,FRD,Basic Materials,Steel,NASDAQ,98.71,68,100.71,78,20.6,153978759.2369175,7112183.0,0.0275,-15.47,33816,28472,29831
1850,NVS,Healthcare,Drug Manufacturers - General,NYSE,98.71,68,92.24,45,148.08,278638667319.7362,1908091965.0,0.003,-13.13,1288044,1372234,1715068
1851,RUSHB,Consumer Cyclical,Auto & Truck Dealerships,NASDAQ,98.7,68,88.74,31,63.98,5319786266.475861,77570518.0,0.015700001,-19.15,80395,77095,79915
1852,ABCB,Financial Services,Banks - Regional,NYSE,98.69,68,93.38,50,82.56,5824551956.97023,67320298.0,0.049099997,-6.17,356143,502454,541438
1853,JXN,Financial Services,Insurance - Life,NYSE,98.66,68,93.83,53,109.83,7865627183.984375,69743104.0,0.052199997,-11.15,683925,582345,611011
1854,IRMD,Healthcare,Medical Devices,NASDAQ,98.65,68,88.18,29,86.44,1102984221.7878723,12783035.0,0.066700004,-19.89,98279,113279,100393
1855,CPF,Financial Services,Banks - Regional,NYSE,98.59,68,94.48,59,33.65,908061780.8063889,26101229.0,0.0227,-4.97,117248,132242,157797
1856,HESM,Energy,Oil & Gas Midstream,NYSE,98.57,68,101.04,79,39.9,4899152892.752518,128350881.0,0.0767,-9.61,3393111,2545023,2064302
1857,AFRI,Consumer Defensive,Farm Products,NASDAQ,98.57,68,94.59,60,10.0,273320180.77514267,26901593.0,0.0484,-12.43,23602,15560,12982
1858,RDWR,Technology,Software - Infrastructure,NASDAQ,98.54,68,98.1,72,27.96,1156426805.9361649,42082490.0,0.026199998,-11.43,295229,232716,274809
1859,SHBI,Financial Services,Banks - Regional,NASDAQ,98.53,68,92.41,46,19.05,659750936.3476353,33455931.0,0.019199999,-7.88,164484,218564,241244
1860,RGTI,Technology,Computer Hardware,NASDAQ,98.51,68,100.11,77,17.85,6294624856.611671,332345548.0,0.1458,-69.3,31355069,30731846,28474963
1861,HBCP,Financial Services,Banks - Regional,NASDAQ,98.51,68,94.45,59,62.37,505300717.72338104,7842631.0,0.0164,-5.43,85084,111501,118718
1862,IEX,Industrials,Specialty Industrial Machinery,NYSE,98.5,68,94.84,61,207.69,16055344944.314392,74015052.0,0.032,-7.22,646713,700801,795454
1863,TSLA,Consumer Cyclical,Auto Manufacturers,NASDAQ,98.49,68,102.06,80,422.24,1608764343065.9692,3755723871.0,0.021300001,-15.35,58473939,64153766,63821257
1864,VFS,Consumer Cyclical,Auto Manufacturers,NASDAQ,98.49,68,88.69,31,3.83,10083400069.230675,2339536010.0,0.0464,-27.53,559486,976298,875039
1865,GTY,Real Estate,REIT - Retail,NYSE,98.49,68,92.8,48,32.67,1996605541.6993904,60466551.0,0.1822,-5.99,396765,412668,442843
1866,NMRA,Healthcare,Biotechnology,NASDAQ,98.48,68,73.75,7,1.84,339070174.4715371,185284244.0,0.0427,-49.59,1483112,1444084,1313012
1867,FF,Basic Materials,Specialty Chemicals,NYSE,98.47,68,88.29,30,4.03,214931188.48315,43863507.0,0.037100002,-21.29,402981,438753,539554
1868,LLYVA,Communication Services,Entertainment,NASDAQ,98.46,68,97.63,71,96.53,8610694173.179718,92004429.0,0.047399998,-3.3,357959,188079,172593
1869,OR,Basic Materials,Gold,NYSE,98.46,68,87.11,27,36.42,7203590751.564819,187495864.0,1.27,-24.22,919564,892328,1171434
1870,LOOP,Basic Materials,Specialty Chemicals,NASDAQ,98.45,68,95.57,65,1.38,70089457.05491424,48337555.0,0.019199999,-39.74,40582,42900,73608
1871,FBLA,Financial Services,Banks - Regional,NASDAQ,98.43,68,94.66,60,13.96,198433297.9004383,14023555.0,0.0346,-2.04,97628,116726,147015
1872,INN,Real Estate,REIT - Hotel & Motel,NYSE,98.43,68,103.26,82,5.24,599258904.0758982,108365078.0,0.0,-12.67,713039,796733,1414599
1873,SGC,Consumer Cyclical,Apparel Manufacturing,NASDAQ,98.42,68,97.34,70,11.33,180873585.3991928,15632981.0,0.0429,-17.78,40774,33494,38866
1874,AUTL,Healthcare,Biotechnology,NASDAQ,98.42,68,104.34,83,1.63,417844974.54977095,266143287.0,0.08229999,-39.63,1710714,1433924,1593896
1875,COLD,Real Estate,REIT - Industrial,NYSE,98.37,68,110.77,89,14.26,4233941855.2142487,285306052.0,0.1043,-23.17,5796693,4277527,4374076
1876,TTWO,Communication Services,Electronic Gaming & Multimedia,NASDAQ,98.37,68,109.84,88,242.44,40821928710.089355,185175456.0,0.0368,-8.44,1999074,1623468,1725008
1877,FOXA,Communication Services,Entertainment,NASDAQ,98.35,68,99.92,76,64.85,26774428565.127388,425396078.0,0.18370001,-15.11,3560999,2993003,3492391
1878,TKNO,Healthcare,Drug Manufacturers - Specialty & Generic,NASDAQ,98.34,68,117.31,92,3.51,205341723.14957428,53614028.0,0.12189999,-52.28,104789,109766,122379
1879,RAAQ,Financial Services,Shell Companies,NASDAQ,98.31,68,100.2,77,11.34,259669999.12261963,23000000.0,0.0011,-0.09,229863,251907,178164
1880,QNTM,Healthcare,Biotechnology,NASDAQ,98.29,68,153.86,98,6.81,28869514.597019196,5915884.0,0.0346,-82.2,254044,373301,538080
1881,ECOR,Healthcare,Medical Devices,NASDAQ,98.29,68,92.19,45,6.27,53175480.60417557,8295707.0,0.0446,-27.43,74235,63081,66615
1882,AGD,Financial Services,Asset Management,NYSE,98.29,68,96.23,67,12.19,327006736.916214,26118748.0,0.06,-12.8,103358,103599,110011
1883,SPG,Real Estate,REIT - Retail,NYSE,98.26,67,95.08,63,200.02,76935558875.95166,380642988.0,0.0,-3.97,1424737,1313135,1563327
1884,ARI,Real Estate,REIT - Mortgage,NYSE,98.25,67,94.15,56,10.84,1461346722.0,132849702.0,0.0572,-3.56,1113125,1393725,1480363
1885,HLT,Consumer Cyclical,Lodging,NYSE,98.23,67,93.69,52,316.17,72114451004.26892,227648372.0,0.0291,-8.29,1547869,1638713,1710209
1886,VNET,Technology,Information Technology Services,NASDAQ,98.23,67,102.86,81,10.09,2533755514.098757,284691643.0,0.214,-30.32,14560812,8154257,7437350
1887,CCBG,Financial Services,Banks - Regional,NASDAQ,98.2,67,94.67,61,45.46,800687964.1610641,17101409.0,0.026300002,-6.81,60967,84665,104785
1888,AMTB,Financial Services,Banks - Regional,NYSE,98.2,67,91.33,41,22.3,922083889.7801437,39354839.0,0.0368,-8.53,204420,259743,269134
1889,DNLI,Healthcare,Biotechnology,NASDAQ,98.19,67,90.76,39,18.62,3113885173.134512,158709737.0,0.1017,-21.67,1925704,1592754,1782312
1890,CSIQ,Technology,Solar,NASDAQ,98.18,67,108.57,88,17.88,1360403447.221962,67816724.0,0.2716,-48.31,3905842,3132494,2906528
1891,THFF,Financial Services,Banks - Regional,NASDAQ,98.14,67,93.39,51,65.24,806865125.4544067,11891896.0,0.020299999,-5.74,65631,77920,81568
1892,GSBC,Financial Services,Banks - Regional,NASDAQ,98.14,67,95.09,63,67.18,759691953.9496078,10893203.0,0.039300002,-5.26,108699,101319,88293
1893,MFC,Financial Services,Insurance - Life,NYSE,98.13,67,94.05,55,37.57,66788999134.23745,1668890514.0,2.26,-6.29,2210990,1975550,2034822
1894,NEWT,Financial Services,Banks - Regional,NASDAQ,98.13,67,95.62,65,12.68,411425389.7680092,28831491.0,0.100200005,-14.96,207612,201407,218532
1895,FLNT,Communication Services,Advertising Agencies,NASDAQ,98.12,67,81.31,15,2.81,82887678.50696564,29815712.0,0.0047999998,-32.29,41140,26410,39152
1896,STRRP,Industrials,Conglomerates,NASDAQ,98.12,67,97.36,70,10.26,,,1.54,-6.04,3443,2857,3380
1897,TYG,Financial Services,Asset Management,NYSE,98.12,67,92.26,45,46.86,979339853.1734772,21124673.0,0.0031,-8.44,275150,153576,134300
1898,ADAMN,Real Estate,REIT - Mortgage,NASDAQ,98.11,67,97.36,70,23.6,,,3.96,-1.54,14757,13562,11945
1899,LOBO,Consumer Cyclical,Auto Manufacturers,NASDAQ,98.1,67,125.63,95,0.75,7682275.689005256,13841938.0,0.0248,-68.88,1813673,7852897,4738410
1900,NATR,Consumer Defensive,Packaged Foods,NASDAQ,98.1,67,79.98,13,22.22,426081416.2802849,17584871.0,0.0176,-21.04,103582,84667,107754
1901,RIBBU,Financial Services,Shell Companies,NASDAQ,98.09,67,100.13,77,11.68,67805597.03826904,6470000.0,0.67,-0.85,0,23,14
1902,ANET,Technology,Computer Hardware,NYSE,98.08,67,87.4,27,141.97,178512456605.01224,1259169438.0,0.0166,-21.04,16912413,10429674,8797484
1903,NSC,Industrials,Railroads,NYSE,98.07,67,97.13,70,315.95,70075576445.31079,224594001.0,0.0385,-2.29,1066348,1188382,1271459
1904,AHR,Real Estate,REIT - Healthcare Facilities,NYSE,98.05,67,92.64,47,49.35,9921606728.717606,191870178.0,0.0758,-9.73,2522179,2285853,2459065
1905,AEG,Financial Services,Insurance - Diversified,NYSE,98.01,67,100.21,77,8.39,12569087149.110939,1512525453.0,0.002,-0.24,4132579,4978103,5829061
1906,LYV,Communication Services,Entertainment,NYSE,98.01,67,100.33,77,168.87,37997345536.64676,232712799.0,0.1365,-3.64,3117746,2874008,2958699
1907,XTIA,Industrials,Aerospace & Defense,NASDAQ,98.0,67,82.75,17,1.77,67326357.0,38472204.0,0.1523,-76.18,1523531,1450190,1910932
1908,JBSS,Consumer Defensive,Packaged Foods,NASDAQ,97.99,67,88.45,30,74.91,911202335.5762482,11689575.0,0.028499998,-12.03,107332,104304,90790
1909,FURY,Basic Materials,Other Industrial Metals & Mining,NYSE ARCA,97.98,67,90.25,36,0.59,111982951.5905726,190123861.0,0.0007,-42.16,366805,371865,450749
1910,CSR,Real Estate,REIT - Residential,NYSE,97.94,67,97.69,71,66.97,1136732987.839569,16803148.0,0.051999997,-3.79,97270,124903,128212
1911,RGT,Financial Services,Asset Management,NYSE,97.92,67,94.17,56,14.23,95489497.85176468,6562852.0,0.0016,-5.07,14296,17542,16187
1912,NLOP,Real Estate,REIT - Office,NYSE,97.92,67,89.34,33,11.47,177028193.42443943,14814075.0,0.0401,-66.78,174374,173338,193692
1913,QS,Consumer Cyclical,Auto Parts,NASDAQ,97.91,67,106.03,85,8.01,4638193849.574078,615145076.0,0.1863,-58.0,26679964,24374798,18367926
1914,BIP,Utilities,Utilities - Diversified,NYSE,97.87,67,97.28,70,37.95,16986807172.7252,461974625.0,0.88,-5.88,873700,931186,1009366
1915,BVFL,Financial Services,Banks - Regional,NASDAQ,97.87,67,93.59,52,19.54,175014740.0,8750737.0,0.0196,-4.87,11474,14264,17576
1916,ABUS,Healthcare,Biotechnology,NASDAQ,97.87,67,91.75,43,4.24,854718236.9106102,196939679.0,0.1347,-16.86,976742,1739224,1966284
1917,CBK,Financial Services,Banks - Regional,NASDAQ,97.84,67,93.91,54,27.62,398748409.93058777,13697987.0,0.0199,-7.59,29632,47950,46690
1918,MCBS,Financial Services,Banks - Regional,NASDAQ,97.81,67,95.48,64,31.22,937756609.2254028,28660042.0,0.017,-7.28,64649,81926,107065
1919,XNCR,Healthcare,Biotechnology,NASDAQ,97.79,67,84.85,21,11.22,953460899.1055031,74141596.0,0.2006,-39.97,841058,779329,855693
1920,CTRN,Consumer Cyclical,Apparel Retail,NASDAQ,97.77,67,82.83,17,41.4,386364297.68522644,8361054.0,0.12189999,-27.09,103718,92636,95645
1921,CAAS,Consumer Cyclical,Auto Parts,NASDAQ,97.76,67,102.13,80,4.73,135768159.0,30170702.0,0.0037,-8.16,49225,35121,29079
1922,FUN,Consumer Cyclical,Leisure,NYSE,97.73,67,112.19,90,21.32,2249508786.812626,102203942.0,0.236,-44.58,2781702,1954450,1924354
1923,WNEB,Financial Services,Banks - Regional,NASDAQ,97.73,67,89.99,36,13.15,282764987.24489594,20240872.0,0.0106,-9.44,35834,51538,58826
1924,CBC,Financial Services,Banks - Regional,NASDAQ,97.72,67,98.03,72,26.6,6538991599.765778,239787000.0,0.029000001,-3.69,477790,631340,712128
1925,ETN,Industrials,Specialty Industrial Machinery,NYSE,97.71,67,94.82,61,399.44,155906336791.9922,388300000.0,0.020499999,-8.27,3370015,2644658,2677379
1926,BKV,Energy,Oil & Gas E&P,NYSE,97.69,67,90.8,39,28.51,3040947702.344639,109386611.0,0.08930001,-13.11,974635,865035,1089621
1927,GLO,Financial Services,Asset Management,NYSE ARCA,97.66,67,97.3,70,5.98,256169659.9915886,42766222.0,0.0025,-1.81,216482,143904,136898
1928,UNM,Financial Services,Insurance - Life,NYSE,97.66,67,99.88,76,81.64,12922701447.961464,159776235.0,0.0274,-1.79,1090224,1274668,1583486
1929,H,Consumer Cyclical,Lodging,NYSE,97.62,67,99.41,75,168.78,15781485740.316833,94161606.0,0.39139998,-6.51,816401,814423,801596
1930,MATW,Industrials,Conglomerates,NASDAQ,97.61,67,92.92,48,26.51,875887900.3421478,31126081.0,0.106300004,-14.29,243400,188630,204916
1931,WSC,Industrials,Rental & Leasing Services,NASDAQ,97.61,67,112.66,91,24.48,5085950548.943991,180994679.0,0.2297,-23.21,4052333,3022707,2687258
1932,OBIO,Healthcare,Biotechnology,NASDAQ,97.6,67,85.51,23,3.72,241918086.315732,59880715.0,0.0228,-31.42,275231,200270,204398
1933,DPG,Financial Services,Asset Management,NYSE,97.56,67,91.3,41,14.29,533832099.1258192,36488865.0,0.0001,-5.68,112662,85637,86780
1934,LAUR,Consumer Defensive,Education & Training Services,NASDAQ,97.55,67,92.21,45,32.12,4592687854.320927,139978289.0,0.0541,-15.27,1147456,1330425,1940801
1935,LPRO,Financial Services,Credit Services,NASDAQ,97.54,67,114.43,91,1.85,224612452.98148513,118217082.0,0.0277,-31.48,1085402,737800,698576
1936,EDF,Financial Services,Asset Management,NYSE,97.53,67,98.05,72,5.22,171492438.8203125,32114688.0,0.00090000004,-2.25,168900,157736,192496
1937,ADAML,Real Estate,REIT - Mortgage,NASDAQ,97.52,67,95.88,66,24.13,,,0.7,-1.27,11531,10147,12928
1938,GLV,Financial Services,Asset Management,NYSE ARCA,97.51,67,97.65,71,6.29,77188231.87634468,12409684.0,0.0017,-2.02,51041,39593,36802
1939,AFRM,Financial Services,Credit Services,NASDAQ,97.48,67,108.73,88,65.82,21436857861.07052,334898565.0,0.0639,-34.18,5845031,5338697,5323328
1940,TEX,Industrials,Farm & Heavy Construction Machinery,NYSE,97.48,67,91.74,43,60.13,7264174059.319336,114216576.0,0.052399997,-15.9,1222231,1193173,1276378
1941,VTMX,Real Estate,Real Estate - Development,NYSE,97.47,67,91.76,43,34.0,3024617386.935974,85008916.0,4.1,-9.12,201694,105721,89968
1942,PLBC,Financial Services,Banks - Regional,NASDAQ,97.46,66,94.43,59,51.16,362552107.5739746,6968136.0,0.0088,-6.27,25905,50188,47275
1943,NWBI,Financial Services,Banks - Regional,NASDAQ,97.44,66,95.38,64,13.4,2032310552.623149,146314651.0,0.0512,-6.03,970622,1054644,1395734
1944,NMI,Financial Services,Asset Management,NYSE,97.44,66,100.63,78,10.86,122349052.80160904,11276410.0,0.0046,-2.86,31724,37208,33692
1945,VTOL,Energy,Oil & Gas Equipment & Services,NYSE,97.43,66,83.28,18,42.17,1254102299.1099548,29605814.0,0.028199999,-16.3,268833,245041,220558
1946,ZION,Financial Services,Banks - Regional,NASDAQ,97.43,66,91.93,44,59.63,9193238562.5,147091817.0,0.0361,-9.9,1433745,1502095,1597175
1947,OVLY,Financial Services,Banks - Regional,NASDAQ,97.42,66,91.77,43,32.78,280672964.01516724,8413458.0,0.0054,-7.58,22954,31308,27958
1948,HTHT,Consumer Cyclical,Lodging,NASDAQ,97.4,66,85.02,22,46.05,14478221961.61293,307523819.0,0.0624,-18.7,1999759,1975823,1857565
1949,CAC,Financial Services,Banks - Regional,NASDAQ,97.4,66,90.88,39,47.34,833893711.0951233,16914680.0,0.0379,-11.86,102895,102978,100803
1950,GRNT,Energy,Oil & Gas E&P,NYSE,97.38,66,92.8,48,5.51,659479950.0,131895990.0,0.0766,-18.01,979645,911895,1016301
1951,PFIS,Financial Services,Banks - Regional,NASDAQ,97.38,66,94.26,57,56.35,594122447.5252075,10010488.0,0.0147,-5.86,59095,63738,56073
1952,SRCE,Financial Services,Banks - Regional,NASDAQ,97.37,66,93.23,50,71.24,1776284229.2524261,24068891.0,0.033,-6.8,104152,135584,149972
1953,GGN,Financial Services,Asset Management,NYSE ARCA,97.36,66,91.56,42,5.21,837364739.8182559,156224761.0,0.0007,-11.39,455912,413717,507524
1954,WAFD,Financial Services,Banks - Regional,NASDAQ,97.34,66,96.14,67,34.32,2626735407.6275635,73888480.0,0.0519,-4.96,537315,647871,709487
1955,RGLD,Basic Materials,Gold,NASDAQ,97.33,66,84.97,21,228.32,20275480194.61078,84866602.0,0.0276,-25.45,837397,771569,1035891
1956,SACH,Real Estate,REIT - Mortgage,NYSE ARCA,97.32,66,94.96,62,1.03,52763890.3436265,47967172.0,0.0056,-23.7,139396,121855,165715
1957,BKH,Utilities,Utilities - Regulated Gas,NYSE,97.32,66,92.1,45,72.84,5727154231.718628,76128592.0,0.16459998,-7.43,964455,964681,972439
1958,RDN,Financial Services,Insurance - Specialty,NYSE,97.31,66,101.26,79,36.93,5132200885.181427,134845000.0,0.041100003,-4.92,1342100,1131376,1339432
1959,NREF,Real Estate,REIT - Mortgage,NYSE,97.31,66,99.08,75,15.06,365740735.8447647,22873092.0,0.0551,-6.23,55117,45529,56609
1960,HWBK,Financial Services,Banks - Regional,NASDAQ,97.28,66,98.02,72,35.26,253695063.15729523,6890143.0,0.0095,-5.47,10557,8989,8703
1961,CAPL,Energy,Oil & Gas Refining & Marketing,NYSE,97.28,66,103.27,82,23.01,826768502.6779022,38135078.0,0.002,-2.58,56377,43775,41867
1962,JOE,Real Estate,Real Estate - Diversified,NYSE,97.26,66,92.03,44,63.57,3776987241.9001923,57409746.0,0.0275,-13.56,297899,249116,266483
1963,SBRA,Real Estate,REIT - Healthcare Facilities,NASDAQ,97.26,66,95.81,66,20.67,5232944471.25,252190095.0,0.1517,-1.9,1868314,2029108,2218048
1964,GUT,Financial Services,Asset Management,NYSE,97.25,66,96.86,69,6.19,559997537.5,89599606.0,0.0081,-1.75,188308,180942,197575
1965,ACT,Financial Services,Insurance - Specialty,NASDAQ,97.23,66,95.64,65,43.02,6148016937.608299,139600745.0,0.1385,-3.97,317836,296138,313147
1966,HOG,Consumer Cyclical,Recreational Vehicles,NYSE,97.23,66,105.93,85,25.19,2675920244.871334,105268302.0,0.1902,-19.39,3532949,3283793,3469943
1967,INFU,Healthcare,Medical Devices,NYSE ARCA,97.22,66,87.53,28,8.77,169704461.82094574,20178890.0,0.011,-20.56,305837,167919,142061
1968,SLDE,Financial Services,Insurance - Property & Casualty,NASDAQ,97.2,66,97.16,70,18.8,2114763576.2778778,114559246.0,0.09689999,-27.41,1333315,1593648,2024919
1969,AVAL,Financial Services,Banks - Regional,NYSE,97.19,66,84.77,21,4.01,5366025499.116457,1187173788.0,0.0023999999,-24.05,291154,224648,188620
1970,FXNC,Financial Services,Banks - Regional,NASDAQ,97.18,66,90.52,38,26.57,252785429.0427475,9040967.0,0.012200001,-10.99,75583,90477,79182
1971,XIFR,Utilities,Utilities - Renewable,NYSE,97.18,66,98.36,73,11.08,1106076435.9353256,94294670.0,0.038,-10.61,1720635,1076901,967283
1972,KO,Consumer Defensive,Beverages - Non-Alcoholic,NYSE,97.18,66,98.13,72,80.82,337400663341.4794,4302482418.0,0.0095999995,-1.44,13850451,13767973,14644130
1973,ARTW,Industrials,Farm & Heavy Construction Machinery,NASDAQ,97.17,66,101.39,79,2.65,13160720.24234581,5181386.0,0.0026,-43.74,13867,34639,44231
1974,FBNC,Financial Services,Banks - Regional,NASDAQ,97.16,66,93.02,49,57.37,2435356834.433548,41375413.0,0.0542,-8.41,210211,204640,223660
1975,NAZ,Financial Services,Asset Management,NYSE,97.16,66,98.01,72,12.85,156156612.6381693,12276463.0,0.0032,-0.23,24342,19284,25424
1976,FFA,Financial Services,Asset Management,NYSE,97.09,66,97.49,71,22.5,449332164.13018036,19988086.0,0.0016,-0.18,21854,26161,29318
1977,PECO,Real Estate,REIT - Retail,NASDAQ,97.09,66,95.29,64,39.29,5003386515.047607,125966424.0,0.043899998,-3.49,930992,900437,880442
1978,WKC,Energy,Oil & Gas Refining & Marketing,NYSE,97.09,66,105.27,84,28.45,1390192042.8975601,51355451.0,0.1824,-4.69,766022,852650,833186
1979,CIG,Utilities,Utilities - Regulated Electric,NYSE,97.08,66,85.85,24,2.19,6894243583.564296,2860681883.0,0.0,-20.65,5441423,5653294,6796120
1980,AR,Energy,Oil & Gas E&P,NYSE,97.04,66,94.6,60,38.24,11135505414.505005,309836000.0,0.0274,-16.42,4240727,4873449,5580579
1981,NEOG,Healthcare,Medical Devices,NASDAQ,97.03,66,79.41,12,8.19,1969941062.5678377,217673041.0,0.0616,-28.35,1871042,2540630,2454366
1982,CDP,Real Estate,REIT - Office,NYSE,97.02,66,94.83,61,31.71,3594047277.599697,113376883.0,0.074,-4.75,844902,891090,981406
1983,RDAC,Financial Services,Shell Companies,NASDAQ,97.0,66,124.79,95,8.96,47489219.51350689,5951030.0,0.0013,-62.65,101891,630683,380252
1984,WF,Financial Services,Banks - Regional,NYSE,97.0,66,83.35,18,63.37,17038078304.529297,243679616.0,0.0005,-25.19,124453,123301,125206
1985,MASI,Healthcare,Medical Devices,NASDAQ,96.98,66,100.98,78,178.47,9337931596.805786,52369086.0,0.0801,-0.3,870953,738641,1218506
1986,MLR,Consumer Cyclical,Auto Parts,NYSE,96.97,66,94.82,61,46.74,547792064.6423035,11395716.0,0.0347,-6.31,100645,100595,97937
1987,ARR,Real Estate,REIT - Mortgage,NYSE,96.95,66,91.87,43,16.98,2186932920.9763565,124046116.0,0.0001,-12.07,3220252,3090304,3165100
1988,PRSO,Technology,Semiconductors,NASDAQ,96.94,66,93.34,50,0.98,12502200.270434618,12628485.0,0.0551,-58.65,5768773,2312134,10727502
1989,IVR,Real Estate,REIT - Mortgage,NYSE,96.94,66,91.26,41,7.98,763935461.3788795,92823269.0,0.08,-16.0,2314075,2208508,2139893
1990,BKU,Financial Services,Banks - Regional,NYSE,96.94,66,90.99,40,45.22,3452381415.0,72681714.0,0.067600004,-13.22,653606,850895,883757
1991,WPC,Real Estate,REIT - Diversified,NYSE,96.94,66,94.78,61,72.89,16504967340.627098,222739105.0,0.052699998,-3.7,1197339,1226776,1237047
1992,NTIP,Industrials,Specialty Business Services,NYSE ARCA,96.92,66,95.29,64,1.48,33544902.32287574,22819661.0,0.0005,-22.11,182428,1040239,635913
1993,TBLD,Financial Services,Asset Management,NASDAQ,96.92,66,94.9,62,21.88,685355496.4364052,31081883.0,0.39,-4.95,58477,69799,65291
1994,PROV,Financial Services,Banks - Regional,NASDAQ,96.91,66,96.09,67,17.01,107125721.58169365,6253691.0,0.0068,-2.35,7580,8880,8972
1995,SWX,Utilities,Utilities - Regulated Gas,NYSE,96.91,66,90.77,39,87.7,6510119605.479416,72374873.0,0.0247,-7.13,504389,474273,488543
1996,ATS,Industrials,Specialty Industrial Machinery,NYSE,96.9,66,96.89,69,32.0,3430114029.794464,96950648.0,14.78,-10.36,157471,140153,159806
1997,RAMP,Technology,Software - Infrastructure,NYSE,96.86,66,100.09,77,29.66,1933651827.3037643,63648844.0,0.0736,-15.74,511862,549207,622920
1998,CABR,Healthcare,Drug Manufacturers - Specialty & Generic,NASDAQ,96.84,66,84.13,19,0.94,12614808.74735248,14736926.0,0.0046,-43.03,97329,68803,85579
1999,NFGC,Basic Materials,Gold,NYSE ARCA,96.83,66,88.18,29,2.02,837299982.4602764,384082549.0,2.71,-43.73,1471068,1623566,1926445
2000,LIQT,Industrials,Pollution & Treatment Controls,NASDAQ,96.82,66,97.01,69,2.05,22581598.88025999,9947841.0,0.0125,-38.81,18234,21974,51634
2001,PBFS,Financial Services,Banks - Regional,NASDAQ,96.81,65,96.95,69,14.72,356213234.2354164,24414889.0,0.0088,-3.03,12633,10401,13834
2002,HOPE,Financial Services,Banks - Regional,NASDAQ,96.79,65,92.17,45,11.86,1586480518.5233345,127838883.0,0.051599998,-8.91,810774,942251,952346
2003,DNP,Financial Services,Asset Management,NYSE,96.76,65,95.66,65,10.65,4031986960.7270565,376821218.0,0.0015,-1.75,615598,647232,701953
2004,FFIC,Financial Services,Banks - Regional,NASDAQ,96.76,65,90.93,39,15.42,541799171.9846535,33883626.0,0.026600001,-13.32,206095,218391,224469
2005,JD,Consumer Cyclical,Internet Retail,NASDAQ,96.74,65,104.24,83,32.01,41152177539.04762,1365820733.0,0.025,-15.94,13855601,10321970,10803910
2006,AHCO,Healthcare,Medical Devices,NASDAQ,96.73,65,82.67,16,10.66,1537411943.55027,136054152.0,0.076799996,-20.63,1997319,1448109,1546355
2007,AMCX,Communication Services,Entertainment,NASDAQ,96.73,65,97.8,72,8.3,386563873.97854614,43927712.0,0.1691,-19.26,687317,457072,446743
2008,SEIC,Financial Services,Asset Management,NASDAQ,96.72,65,103.09,82,90.58,10966489988.3844,120272976.0,0.0189,-3.6,651132,1028274,952030
2009,GDOT,Financial Services,Credit Services,NYSE,96.68,65,98.66,74,12.63,715065107.3356333,56661261.0,0.037100002,-18.04,377910,424223,532848
2010,ODV,Basic Materials,Gold,NYSE,96.65,65,88.55,31,3.05,999077347.6854169,304596755.0,3.56,-36.39,1233752,1461900,2134984
2011,EA,Communication Services,Electronic Gaming & Multimedia,NASDAQ,96.64,65,93.22,50,200.64,50160854844.69098,250253713.0,0.0481,-2.07,1988454,1680731,2011580
2012,IDYA,Healthcare,Biotechnology,NASDAQ,96.63,65,87.65,28,28.21,2488221227.586975,87860920.0,0.1419,-28.18,843764,1455221,1245064
2013,CEPT,Financial Services,Shell Companies,NASDAQ,96.58,65,100.18,77,12.22,366042608.16574097,30580000.0,0.033099998,-11.06,686273,585067,542246
2014,MKTW,Financial Services,Financial Data & Stock Exchanges,NASDAQ,96.58,65,94.25,57,16.77,54533925.96475983,2637037.0,0.0092,-22.86,41296,32022,32469
2015,AACG,Consumer Defensive,Education & Training Services,NASDAQ,96.58,65,108.16,87,1.19,50345094.643352866,43029997.0,0.0001,-53.88,13068,14696,13693
2016,TDY,Technology,Scientific & Technical Instruments,NYSE,96.57,65,90.59,38,616.58,28787999996.656494,46329138.0,0.0309,-11.08,241793,323767,319352
2017,CNI,Industrials,Railroads,NYSE,96.56,65,96.65,68,111.79,67720823629.76074,606600000.0,1.38,-3.46,1094487,1366005,1567369
2018,FTV,Technology,Scientific & Technical Instruments,NYSE,96.55,65,95.01,62,58.72,18422751592.0662,304861021.0,0.0589,-6.5,2922444,3116111,3154196
2019,FGBI,Financial Services,Banks - Regional,NASDAQ,96.51,65,90.85,39,9.02,149862217.51421356,16028044.0,0.038599998,-10.47,27207,34885,24659
2020,BDTX,Healthcare,Biotechnology,NASDAQ,96.46,65,102.39,81,2.75,171332304.8064723,57301774.0,0.1368,-44.33,987557,888852,778527
2021,RHP,Real Estate,REIT - Hotel & Motel,NYSE,96.45,65,97.75,71,104.79,6976730212.194214,63109272.0,0.040900003,-6.85,706020,635973,559724
2022,ORLA,Basic Materials,Gold,NYSE ARCA,96.44,65,82.5,16,13.35,5196319986.820221,345500000.0,2.02,-39.26,3859705,3037751,2791511
2023,CIB,Financial Services,Banks - Regional,NYSE,96.4,65,83.22,18,63.16,17528917478.161545,268560110.0,0.0084,-26.82,293607,300549,370329
2024,ACNB,Financial Services,Banks - Regional,NASDAQ,96.39,65,96.47,68,52.03,546752845.1094055,10212044.0,0.0138,-3.49,39769,68766,65537
2025,LSTA,Healthcare,Biotechnology,NASDAQ,96.38,65,80.67,14,3.17,28685132.51845312,9106391.0,0.0069,-37.48,38052,77964,79176
2026,HYFT,Healthcare,Biotechnology,NASDAQ,96.36,65,89.64,34,1.19,59324068.92904186,46711866.0,0.0168,-63.34,151210,177513,296354
2027,UE,Real Estate,REIT - Retail,NYSE,96.36,65,94.19,56,21.3,2723292147.2565002,126019994.0,0.059,-4.31,653022,813150,916892
2028,HELE,Consumer Defensive,Household & Personal Products,NASDAQ,96.31,65,112.63,91,22.61,574697869.2569351,23257705.0,0.21450001,-33.03,703797,753082,676767
2029,PEN,Healthcare,Medical Devices,NYSE,96.3,65,91.73,43,322.32,12673765509.85794,39331425.0,0.0587,-11.06,409927,477159,539621
2030,FBP,Financial Services,Banks - Regional,NYSE,96.29,65,95.07,63,23.28,3720388802.2779007,154693926.0,0.08,-5.25,995172,1372857,1485802
2031,SNTG,Financial Services,Credit Services,NASDAQ,96.29,65,96.45,68,2.0,6062307.36245513,2805325.0,0.01,-84.25,17526,10995,10379
2032,JOYY,Communication Services,Internet Content & Information,NASDAQ,96.28,65,89.43,34,56.33,2966479201.3335457,50381779.0,0.0401,-20.62,252780,259573,330250
2033,ZEPP,Technology,Consumer Electronics,NYSE,96.28,65,59.12,2,10.25,181405813.2917261,14664981.0,0.0585,-83.43,143313,93557,102810
2034,LIN,Basic Materials,Specialty Chemicals,NASDAQ,96.27,65,95.3,64,506.11,228011201092.76642,462347310.0,0.0145000005,-2.91,1990554,1956868,2246144
2035,BFC,Financial Services,Banks - Regional,NASDAQ,96.27,65,93.38,50,141.14,1645434244.6229248,11222441.0,0.0349,-7.75,72161,87183,95452
2036,FTDR,Consumer Cyclical,Personal Services,NASDAQ,96.27,65,94.33,58,61.5,4538580852.545975,70234922.0,0.0454,-13.1,552132,605510,685852
2037,IPX,Basic Materials,Other Industrial Metals & Mining,NASDAQ,96.26,65,102.71,81,36.19,1398601721.3984604,33938407.0,0.0273,-41.11,373320,259666,319596
2038,IGD,Financial Services,Asset Management,NYSE,96.26,65,96.88,69,6.0,476365821.55140495,78868514.0,0.0047,-2.44,250949,272596,270895
2039,BY,Financial Services,Banks - Regional,NYSE,96.24,65,92.27,45,31.88,1505771021.511097,45409259.0,0.028399998,-7.14,277508,249909,220743
2040,STBA,Financial Services,Banks - Regional,NASDAQ,96.23,65,94.09,55,43.3,1614279590.07835,36259649.0,0.0438,-4.14,297314,242074,261238
2041,DARE,Healthcare,Biotechnology,NASDAQ,96.22,65,97.31,70,2.17,40038630.5,14559502.0,0.0117999995,-76.39,1378588,1080866,691451
2042,AGNC,Real Estate,REIT - Mortgage,NASDAQ,96.21,65,91.21,41,10.34,12466511499.809761,1147929272.0,0.0794,-15.18,13517065,14492461,17557723
2043,EVRG,Utilities,Utilities - Regulated Electric,NASDAQ,96.21,65,91.82,43,80.5,18851354903.11203,230513025.0,0.0664,-5.59,2356710,1842126,1888988
2044,QETAU,Financial Services,Shell Companies,NASDAQ,96.21,65,96.77,69,12.0,,,0.0,0.0,0,16,10
2045,YETI,Consumer Cyclical,Leisure,NYSE,96.2,65,99.43,75,42.67,3143556859.8605347,75693642.0,0.1616,-16.81,2000725,1604931,1542573
2046,MGLD,Financial Services,Asset Management,NYSE ARCA,96.2,65,90.7,38,1.08,48677294.554591656,43077252.0,0.0034999999,-21.74,14493,13241,15828
2047,PERI,Communication Services,Internet Content & Information,NASDAQ,96.2,65,96.19,67,10.28,456809969.67138195,41302889.0,0.016,-12.81,277246,237438,356069
2048,EVT,Financial Services,Asset Management,NYSE,96.2,65,95.48,64,26.02,1962711444.372837,74542782.0,0.57,-2.91,92626,92425,99307
2049,SMHI,Industrials,Marine Shipping,NYSE,96.19,65,90.37,37,7.17,201343342.4285159,27062277.0,0.0363,-12.24,80688,75889,88085
2050,ZTG,Industrials,Consulting Services,NASDAQ,96.18,65,136.42,96,2.88,31883865.863089323,11808839.0,0.0419,-36.14,19605,136845,86063
2051,CBAN,Financial Services,Banks - Regional,NYSE,96.18,65,90.32,37,19.27,420067772.472702,21162104.0,0.012,-10.83,187608,292506,265839
2052,CCSI,Technology,Software - Infrastructure,NASDAQ,96.17,65,99.17,75,28.32,625530300.0,18397950.0,0.076799996,-24.08,203016,132968,139395
2053,KOF,Consumer Defensive,Beverages - Non-Alcoholic,NYSE,96.16,65,95.56,65,104.35,22220502108.78456,210083226.0,1.04,-10.32,162876,154152,162235
2054,AXIL,Technology,Consumer Electronics,NYSE ARCA,96.15,65,95.99,66,6.75,48746677.20018816,6817717.0,0.0116,-34.15,40891,253690,157810
2055,RCAT,Industrials,Aerospace & Defense,NASDAQ,96.14,65,74.26,7,9.49,1272838269.5232515,122742361.0,0.3087,-49.47,12350250,11062403,15089320
2056,ETO,Financial Services,Asset Management,NYSE,96.14,65,96.32,68,29.77,499510438.7381058,16388138.0,0.25,-4.31,41845,36668,39553
2057,MAYS,Real Estate,Real Estate Services,NASDAQ,96.14,65,99.92,76,42.54,85751283.04550171,2015780.0,0.0047999998,-31.38,521,990,1202
2058,OSBC,Financial Services,Banks - Regional,NASDAQ,96.13,64,92.13,45,20.43,1094480911.4758072,51432372.0,0.028499998,-8.92,378867,433192,421041
2059,HNST,Consumer Defensive,Household & Personal Products,NASDAQ,96.13,64,99.21,75,3.12,400686170.1477063,110078615.0,0.1015,-43.73,2016966,1747668,1718463
2060,KLRS,Healthcare,Biotechnology,NASDAQ,96.13,64,74.28,7,4.9,116800836.52582741,22992291.0,0.111999996,-58.75,105824,100404,83586
2061,QUBT,Technology,Computer Hardware,NASDAQ,96.1,64,115.87,92,10.51,2165012601.229868,225522137.0,0.2735,-59.33,33552805,21208475,16617909
2062,SPRU,Technology,Solar,NYSE,96.08,64,70.41,5,2.84,59957247.0336411,18168863.0,0.0506,-57.93,55870,52370,51770
2063,FOX,Communication Services,Entertainment,NASDAQ,96.05,64,98.8,74,57.87,24077417365.697098,425396078.0,0.0802,-15.12,1016913,1002594,1504884
2064,IBO,Healthcare,Biotechnology,NYSE ARCA,96.05,64,85.77,23,0.54,67819555.17302388,107821231.0,0.103199996,-72.31,56541,100800,487174
2065,AEI,Real Estate,Real Estate - Development,NASDAQ,96.01,64,95.76,65,1.77,71179370.56922793,38895830.0,0.0403,-61.1,17185,12295,15661
2066,F,Consumer Cyclical,Auto Manufacturers,NYSE,96.0,64,103.5,82,13.4,49091411985.56831,3984692630.0,0.0,-9.46,82464181,54188320,52848750
2067,RMCO,Financial Services,Asset Management,NASDAQ,96.0,64,72.44,6,2.3,42419173.27760577,15149705.0,0.0013,-54.0,20121,17913,22406
2068,LMAT,Healthcare,Medical Instruments & Supplies,NASDAQ,95.99,64,86.82,26,97.31,2466508823.447937,22850739.0,0.075500004,-17.54,321212,218477,239846
2069,TSSI,Technology,Information Technology Services,NASDAQ,95.98,64,83.23,18,11.12,337448963.9712372,28073956.0,0.1611,-65.18,2091187,1724385,1973189
2070,RNR,Financial Services,Insurance - Reinsurance,NYSE,95.96,64,91.34,41,294.23,12796733742.68686,42633041.0,0.0336,-7.53,381424,339044,338552
2071,EFSCP,Financial Services,Banks - Regional,NASDAQ,95.95,64,101.68,79,21.35,,,0.0115,-11.04,2886,2798,2401
2072,GDV,Financial Services,Asset Management,NYSE,95.95,64,94.44,59,28.7,2543812793.073246,87446297.0,0.00059999997,-2.97,108303,104104,105204
2073,FER,Industrials,Engineering & Construction,NASDAQ,95.94,64,90.64,38,66.89,50500630387.42699,717134787.0,0.0067000003,-10.56,1505918,1356949,1361679
2074,BBCP,Industrials,Engineering & Construction,NASDAQ,95.9,64,93.29,50,7.27,401558513.06588554,50510506.0,0.033800002,-10.58,108958,107852,133059
2075,MCS,Communication Services,Entertainment,NYSE,95.9,64,93.21,50,17.34,552188122.9105282,30728333.0,0.028199999,-13.39,137290,146920,139248
2076,QRVO,Technology,Semiconductors,NASDAQ,95.89,64,100.89,78,92.25,7943192622.894287,87741000.0,0.102,-13.22,1212413,1046794,1162158
2077,STHO,Real Estate,Real Estate Services,NASDAQ,95.87,64,95.23,63,8.38,105534965.2961998,12088771.0,0.010299999,-9.41,17101,19923,23424
2078,CUBI,Financial Services,Banks - Regional,NYSE,95.85,64,91.37,41,72.41,2602189805.390259,33680944.0,0.096,-12.29,351828,348556,371065
2079,GNW,Financial Services,Insurance - Life,NYSE,95.84,64,98.04,72,9.07,3496874551.111931,383009256.0,0.028199999,-4.02,2576008,2686042,3038251
2080,PFS,Financial Services,Banks - Regional,NYSE,95.84,64,90.7,38,21.46,2918984180.689995,130311796.0,0.0531,-10.51,960633,990767,993006
2081,INBK,Financial Services,Banks - Regional,NASDAQ,95.84,64,97.57,71,23.18,220182884.1150856,8716662.0,0.0189,-18.7,71244,66501,61558
2082,HTO,Utilities,Utilities - Regulated Water,NASDAQ,95.83,64,91.25,41,55.24,2425479169.6645203,41840247.0,0.1516,-10.72,437891,585630,591522
2083,BHV,Financial Services,Asset Management,NYSE,95.82,64,97.67,71,11.3,18027852.55591011,1588357.0,0.0017,-3.09,2873,3791,3942
2084,ITRG,Basic Materials,Other Precious Metals & Mining,NYSE ARCA,95.82,64,81.32,15,2.55,584238982.1073031,202158810.0,0.008,-47.64,1966459,2378356,2880039
2085,POWWP,Industrials,Aerospace & Defense,NASDAQ,95.82,64,94.88,62,24.85,,,0.29,-2.53,3694,5791,5124
2086,WTGUU,Financial Services,Shell Companies,NASDAQ,95.8,64,95.49,64,11.12,,,225.47,0.0,0,0,20
2087,JCE,Financial Services,Asset Management,NYSE,95.79,64,97.36,70,16.24,278333853.12921524,17002678.0,0.00090000004,-1.4,30014,36098,40488
2088,AMRX,Healthcare,Drug Manufacturers - Specialty & Generic,NASDAQ,95.75,64,85.2,22,11.93,4211100793.5512314,319022792.0,0.041300002,-22.63,1507618,1562416,1805085
2089,IDA,Utilities,Utilities - Regulated Electric,NYSE,95.75,64,90.56,38,139.96,7978785840.0,55408235.0,0.1003,-6.53,457580,478763,479192
2090,LANDP,Real Estate,REIT - Specialty,NASDAQ,95.74,64,96.79,69,20.72,,,0.15,-2.17,17311,26623,24428
2091,EOLS,Healthcare,Drug Manufacturers - Specialty & Generic,NASDAQ,95.74,64,131.57,96,6.5,418836225.15255785,65854751.0,0.1026,-38.79,1244015,885801,933723
2092,ETG,Financial Services,Asset Management,NYSE,95.71,64,97.47,71,22.75,1756930357.0973969,76321908.0,0.03,-3.89,154850,168340,161006
2093,FSI,Basic Materials,Specialty Chemicals,NYSE ARCA,95.67,64,101.97,80,6.35,78845113.34884548,12737498.0,0.0057,-44.68,24767,24559,20445
2094,PCB,Financial Services,Banks - Regional,NASDAQ,95.65,64,93.67,52,23.38,351170617.4960232,14234723.0,0.0121,-7.04,26591,25950,25238
2095,IVT,Real Estate,REIT - Retail,NYSE,95.64,64,93.56,51,31.35,2442509770.272068,77935857.0,0.0373,-5.54,368200,418103,443328
2096,ITT,Industrials,Specialty Industrial Machinery,NYSE,95.62,64,89.05,32,194.57,18520479169.26123,89839824.0,0.0648,-13.62,826536,819075,928973
2097,OSW,Consumer Cyclical,Leisure,NASDAQ,95.6,64,91.83,43,23.53,2519598446.7401276,101514846.0,0.0647,-8.62,747092,803640,848536
2098,TRNO,Real Estate,REIT - Industrial,NYSE,95.59,64,94.4,58,65.05,6999548030.272842,105717386.0,0.097600006,-3.7,590292,583037,581360
2099,PEBO,Financial Services,Banks - Regional,NASDAQ,95.59,64,92.49,47,33.03,1232893513.7570267,35923471.0,0.044299997,-6.85,184323,268397,278438
2100,HEQ,Financial Services,Asset Management,NYSE,95.58,64,94.43,59,11.35,138473458.09329987,12093752.0,0.58,-3.16,46176,46165,48485
2101,EPR,Real Estate,REIT - Specialty,NYSE,95.57,64,98.34,73,57.35,4458866681.086853,76507666.0,0.104399994,-7.62,753368,729299,833779
2102,GGZ,Financial Services,Asset Management,NYSE,95.56,64,91.33,41,15.49,123399013.97413445,7707621.0,0.0025,-7.8,12298,8172,9137
2103,ALLY,Financial Services,Credit Services,NYSE,95.54,64,94.74,61,41.99,13560580777.368782,306523062.0,0.033,-11.17,3088284,3388661,3608844
2104,LNG,Energy,Oil & Gas Midstream,NYSE,95.54,64,87.94,29,241.84,50455973108.13739,210136908.0,0.0216,-19.63,2527194,2496458,3214494
2105,SNPS,Technology,Software - Infrastructure,NASDAQ,95.52,64,105.5,85,502.42,98937951963.51416,191562027.0,0.0235,-22.91,1522355,1614988,1717165
2106,LANDO,Real Estate,REIT - Specialty,NASDAQ,95.52,64,95.36,64,20.88,,,3.03,-2.88,11311,12840,13066
2107,TR,Consumer Defensive,Confectioners,NYSE,95.52,64,90.09,36,40.52,3194989732.5,75176229.0,0.085,-10.08,136514,118224,129540
2108,FACTU,Financial Services,Shell Companies,NASDAQ,95.5,64,99.23,75,11.45,,,0.32,-4.66,130,176,182
2109,BUSE,Financial Services,Banks - Regional,NASDAQ,95.5,64,92.76,48,25.81,2250598279.2218018,84577160.0,0.0345,-6.65,574734,545644,593368
2110,REBN,Consumer Cyclical,Restaurants,NASDAQ,95.49,64,86.73,26,2.1,20040830.669977665,8213455.0,0.0201,-39.13,69741,76400,79902
2111,DTI,Energy,Oil & Gas Equipment & Services,NASDAQ,95.49,64,77.61,10,3.01,105377220.0,35125740.0,0.0047999998,-35.82,381050,599273,480668
2112,NOEMU,Financial Services,Shell Companies,NASDAQ,95.49,64,97.43,71,11.84,99100801.27716064,8370000.0,,-0.0,0,77,46
2113,AXR,Real Estate,Real Estate - Development,NYSE,95.48,64,88.55,31,25.19,137616864.89328194,5305199.0,0.0106,-13.14,7082,11264,11854
2114,PRDO,Consumer Defensive,Education & Training Services,NASDAQ,95.48,64,93.51,51,34.01,2259820970.726433,62703133.0,0.0659,-11.66,562232,564757,659424
2115,TOVX,Healthcare,Biotechnology,NYSE ARCA,95.48,64,104.11,83,0.29,16062433.526458383,45892668.0,0.0555,-66.28,2243888,31608019,26095235
2116,CWBC,Financial Services,Banks - Regional,NASDAQ,95.47,64,92.07,44,23.2,650772885.391159,27126840.0,0.020599999,-9.8,203491,226023,195104
2117,ITUB,Financial Services,Banks - Regional,NYSE,95.47,64,83.94,19,7.84,92248772966.06557,11021358928.0,0.0036000002,-18.33,32214773,22458711,25532396
2118,VIV,Communication Services,Telecom Services,NYSE,95.45,63,82.85,17,14.02,24925730155.11354,1597803176.0,0.0186,-18.77,1296149,1076886,1045727
2119,OCUL,Healthcare,Biotechnology,NASDAQ,95.45,63,95.63,65,9.16,2112967371.173252,218960358.0,0.113000005,-44.28,3023682,3079110,3435658
2120,CPBI,Financial Services,Banks - Regional,NASDAQ,95.45,63,95.02,62,17.73,73486832.72917747,4205255.0,0.0017,-0.89,2289,2133,3099
2121,FGI,Consumer Cyclical,"Furnishings, Fixtures & Appliances",NASDAQ,95.45,63,75.89,8,4.58,12334886.58380413,1927326.0,0.0422,-63.71,67794,242124,243666
2122,LEU,Energy,Uranium,NYSE,95.45,63,86.19,24,182.6,4078760416.0419617,19672794.0,0.2289,-60.67,916345,905758,852275
2123,LOKVU,Financial Services,Shell Companies,NASDAQ,95.44,63,94.87,62,11.5,,,4.2,-2.13,0,0,20
2124,NWN,Utilities,Utilities - Regulated Gas,NYSE,95.44,63,86.35,25,48.42,2122532897.0914307,42080352.0,0.0366,-13.52,304726,232155,280289
2125,NI,Utilities,Utilities - Regulated Gas,NYSE,95.43,63,91.9,44,46.3,22399402111.652985,479439245.0,0.0294,-5.47,5188626,5017775,4322031
2126,TARS,Healthcare,Biotechnology,NASDAQ,95.42,63,90.34,37,62.48,2633496491.000389,43023959.0,0.1095,-26.71,893554,647431,596178
2127,BRSP,Real Estate,REIT - Mortgage,NYSE,95.39,63,93.02,49,5.7,777760020.7165742,130278065.0,0.0402,-7.54,956510,818963,961786
2128,BRX,Real Estate,REIT - Retail,NYSE,95.38,63,93.07,49,29.24,9156004698.099552,306836617.0,0.0646,-7.15,2386835,2471428,2539823
2129,CET,Financial Services,Asset Management,NYSE ARCA,95.37,63,95.03,62,52.74,1570838922.89114,29549265.0,0.00029999999,-2.84,38504,37251,38514
2130,ELLO,Utilities,Utilities - Renewable,NYSE ARCA,95.37,63,81.88,15,22.83,337689135.0,13783230.0,0.0001,-24.75,24285,12271,8031
2131,RQI,Financial Services,Asset Management,NYSE,95.37,63,93.97,54,12.93,1805414293.65522,134431441.0,0.0031,-4.72,292472,295450,317126
2132,TRMK,Financial Services,Banks - Regional,NASDAQ,95.36,63,91.67,42,43.1,2621426090.4825096,58605547.0,0.0642,-6.28,326001,356590,399136
2133,ARGX,Healthcare,Biotechnology,NASDAQ,95.35,63,94.91,62,799.32,48881689616.87073,62494970.0,0.0367,-14.48,370137,318269,332865
2134,EPM,Energy,Oil & Gas E&P,NYSE ARCA,95.35,63,97.26,70,4.66,162767877.9382267,35003844.0,0.0461,-18.25,387006,384132,413933
2135,USIO,Technology,Software - Infrastructure,NASDAQ,95.34,63,118.99,93,1.52,35355601.129740715,27621564.0,0.00029999999,-24.75,133286,56455,58667
2136,KYIV,Communication Services,Telecom Services,NASDAQ,95.34,63,105.81,85,13.29,3068177554.1532516,230863624.0,0.038399998,-19.36,908595,630558,819821
2137,NC,Energy,Thermal Coal,NYSE,95.31,63,93.11,49,49.39,379820517.6457596,7540610.0,0.0064,-16.88,13399,10326,12197
2138,WABC,Financial Services,Banks - Regional,NASDAQ,95.31,63,95.11,63,53.78,1296160313.9419556,23631000.0,0.0305,-4.34,156364,178998,203390
2139,QCRH,Financial Services,Banks - Regional,NASDAQ,95.3,63,91.13,40,87.58,1502300004.1057892,16496102.0,0.0214,-8.77,91694,104331,115984
2140,MBINL,Financial Services,Banks - Regional,NASDAQ,95.28,63,96.56,68,24.87,,,0.55,-1.85,18240,29556,35532
2141,CP,Industrials,Railroads,NYSE,95.27,63,96.43,68,85.07,76380841012.90695,887736404.0,0.012,-4.86,3065796,2782198,2764253
2142,CIVB,Financial Services,Banks - Regional,NASDAQ,95.26,63,95.21,63,24.22,519375861.76306915,20783348.0,0.0134000005,-14.45,57204,83524,84510
2143,MBINN,Financial Services,Banks - Regional,NASDAQ,95.25,63,97.44,71,20.86,,,2.09,-3.43,8265,7311,7723
2144,SMBK,Financial Services,Banks - Regional,NYSE,95.24,63,90.95,40,40.05,722923417.5678406,17098473.0,0.0117,-8.79,62588,65849,69593
2145,BNED,Consumer Cyclical,Specialty Retail,NYSE,95.24,63,89.75,35,8.97,360795187.57951736,34296119.0,0.128,-26.54,267099,231066,237617
2146,NDAQ,Financial Services,Financial Data & Stock Exchanges,NASDAQ,95.22,63,98.12,72,91.06,50282234421.25226,565540798.0,0.0195,-10.54,3198036,3240288,3225935
2147,WTM,Financial Services,Insurance - Property & Casualty,NYSE,95.2,63,91.52,42,2136.76,5271344186.137695,2476670.0,0.0298,-8.41,24266,18438,18773
2148,BSAC,Financial Services,Banks - Regional,NYSE,95.18,63,87.49,28,30.18,14237104556.250784,471115317.0,0.0039,-19.99,450609,471613,470697
2149,UTMD,Healthcare,Medical Instruments & Supplies,NASDAQ,95.16,63,90.86,39,63.34,208076028.89156342,3184025.0,0.052600004,-11.8,8673,10681,12872
2150,EEX,Communication Services,Advertising Agencies,NYSE,95.15,63,99.6,76,4.99,904445228.7833714,197909233.0,0.0211,-8.44,1173676,402755,254505
2151,USB,Financial Services,Banks - Regional,NYSE,95.14,63,89.82,35,53.12,86199202944.95285,1552299745.0,0.0,-13.19,9410389,9102469,9842911
2152,LECO,Industrials,Tools & Accessories,NASDAQ,95.14,63,93.16,49,260.92,14853332589.554443,54787110.0,0.0154,-15.83,295944,385118,360850
2153,BMNR,Financial Services,Capital Markets,NYSE,95.13,63,87.82,28,19.87,12627518120.685263,569576819.0,0.0511,-87.66,37920314,38601874,42742892
2154,BANC,Financial Services,Banks - Regional,NYSE,95.12,63,92.49,47,18.3,2946237670.3081207,154739366.0,0.0616,-15.32,2628777,2860699,3005259
2155,BOH,Financial Services,Banks - Regional,NYSE,95.1,63,91.08,40,75.72,3187906991.5458755,39621017.0,0.0026,-8.48,415103,429497,412728
2156,ICL,Basic Materials,Agricultural Inputs,NYSE,95.09,63,111.12,90,6.41,8221585136.024228,1290672729.0,0.0043,-12.79,1789613,1426241,1732504
2157,APD,Basic Materials,Specialty Chemicals,NYSE,95.09,63,94.46,59,295.38,65782102266.74103,222680686.0,0.0167,-3.88,1017356,1040482,1209969
2158,MEGI,Financial Services,Asset Management,NYSE,95.08,63,92.45,46,14.9,794765868.0054703,52047534.0,0.08,-6.23,146964,146708,166836
2159,NLY,Real Estate,REIT - Mortgage,NYSE,95.06,63,91.47,42,21.68,16568070984.941116,732776229.0,0.0001,-11.58,5175277,5345625,6956871
2160,CRON,Healthcare,Drug Manufacturers - Specialty & Generic,NASDAQ,95.05,63,94.46,59,2.63,955729171.4663877,376271333.0,0.0239,-23.32,1867756,1928225,1557483
2161,KRT,Consumer Cyclical,Packaging & Containers,NASDAQ,95.01,63,90.19,36,26.77,560381923.0775528,19963731.0,0.0239,-18.08,98646,86958,90229
2162,LOGI,Technology,Computer Hardware,NASDAQ,95.01,63,101.17,79,102.99,15697683692.41333,143502000.0,0.0939,-16.28,1637683,1111347,1078416
2163,FHI,Financial Services,Asset Management,NYSE,95.01,63,91.96,44,54.06,4247312993.266758,75912653.0,0.0434,-8.45,773007,860009,852617
2164,PSO,Communication Services,Publishing,NYSE,95.01,63,97.87,72,14.57,8969002188.161789,603566783.0,0.0068,-12.6,1004626,1075322,1135207
2165,CPA,Industrials,Airlines,NYSE,95.01,63,102.3,81,131.72,5051814433.9449005,41138553.0,0.056500003,-15.79,478111,467977,492330
2166,EBC,Financial Services,Banks - Regional,NASDAQ,95.0,63,88.0,29,19.19,4335374266.059277,216120358.0,0.0364,-14.99,1532967,2157639,2046979
2167,JMSB,Financial Services,Banks - Regional,NASDAQ,94.97,63,93.83,53,20.67,299179901.56679916,14112259.0,0.0099,-6.47,32652,45890,40618
2168,SKT,Real Estate,REIT - Retail,NYSE,94.97,63,94.0,54,35.27,4178034578.1693535,114875851.0,0.042,-7.06,957108,811816,802339
2169,ORCL,Technology,Software - Infrastructure,NYSE,94.94,63,110.16,89,192.95,563561204923.0042,2876046000.0,0.0171,-44.19,23060777,29118719,28906369
2170,TCBK,Financial Services,Banks - Regional,NASDAQ,94.94,63,92.25,45,48.8,1638074724.9289856,32150632.0,0.0336,-8.24,87378,111359,134357
2171,FCCO,Financial Services,Banks - Regional,NASDAQ,94.94,63,92.44,46,29.26,285697980.41496277,9397960.0,0.0104,-7.14,65541,73763,74588
2172,FIBK,Financial Services,Banks - Regional,NASDAQ,94.93,63,92.46,46,34.08,3537943475.306076,97142879.0,0.1438,-13.19,1355997,1346229,1315387
2173,KIM,Real Estate,REIT - Retail,NYSE,94.92,63,93.58,52,23.0,15834672007.448853,674389792.0,0.0452,-5.39,4468407,4464545,4935515
2174,TDOC,Healthcare,Health Information Services,NYSE,94.91,63,105.96,85,6.36,1308719880.75,180513087.0,0.16549999,-34.9,5373690,5106483,5101372
2175,EBF,Industrials,Business Equipment & Supplies,NYSE,94.87,62,89.18,33,20.02,522803542.14969254,25292866.0,0.0495,-10.47,170893,166667,170048
2176,NCA,Financial Services,Asset Management,NYSE,94.87,62,95.23,63,9.48,318500841.73106766,33108196.0,0.0017,-3.27,57592,53987,62054
2177,MCHB,Financial Services,Banks - Regional,NASDAQ,94.87,62,90.67,38,14.4,3283370732.8084755,221400590.0,0.112399995,-10.11,424582,473527,441028
2178,EMA,Utilities,Utilities - Regulated Electric,NYSE,94.86,62,92.91,48,51.62,16084191172.012001,305783111.0,10.48,-4.51,295668,372932,375241
2179,FDSB,Financial Services,Banks - Regional,NASDAQ,94.84,62,93.39,51,14.95,80160067.5275917,5289348.0,0.0017,-4.39,7362,6507,6030
2180,CWEN,Utilities,Utilities - Renewable,NYSE,94.84,62,84.88,21,36.35,5944636440.709572,155781878.0,0.09819999,-12.62,1228302,972064,944734
2181,IMXI,Technology,Software - Infrastructure,NASDAQ,94.83,62,91.25,41,15.36,477595299.6959896,30094222.0,0.052199997,-3.7,1256521,651607,553832
2182,SELF,Real Estate,REIT - Specialty,NASDAQ,94.82,62,93.64,52,5.28,60420961.8442955,11421732.0,0.0017,-10.36,12418,28579,27575
2183,DEA,Real Estate,REIT - Office,NYSE,94.82,62,95.73,65,23.02,1084592900.61903,46449374.0,0.0574,-7.7,440857,366475,388299
2184,ADAMM,Real Estate,REIT - Mortgage,NASDAQ,94.82,62,95.91,66,25.5,,,0.88,-0.47,8909,10629,17199
2185,UBSI,Financial Services,Banks - Regional,NASDAQ,94.81,62,90.85,39,41.77,5981811549.663692,137798009.0,0.0368,-9.06,756947,812372,955187
2186,JMIA,Consumer Cyclical,Internet Retail,NYSE,94.81,62,87.75,28,7.0,962334816.1876988,123852615.0,0.0461,-52.45,3885000,2829713,2234876
2187,VPV,Financial Services,Asset Management,NYSE,94.77,62,94.88,62,10.85,199274554.88231277,17872158.0,0.0016,-4.07,42632,32277,31802
2188,INCY,Healthcare,Biotechnology,NASDAQ,94.77,62,92.17,45,95.31,19690528709.0506,199782155.0,0.0838,-15.12,1300401,1397773,1503538
2189,CRNC,Technology,Software - Application,NASDAQ,94.75,62,107.38,87,9.79,445827894.83070374,45170000.0,0.1333,-28.74,1380930,864873,798478
2190,BCAR,Financial Services,Shell Companies,NASDAQ,94.73,62,99.94,76,10.83,439604003.14331055,41200000.0,0.0016,0.46,1194030,667453,484608
2191,CXW,Industrials,Security & Protection Services,NYSE,94.7,62,96.79,69,20.74,2010402384.2554092,98888460.0,0.033099998,-10.6,1493797,990569,1174247
2192,DCTH,Healthcare,Medical Devices,NASDAQ,94.69,62,101.72,80,11.07,396308491.7572441,34521647.0,0.1221,-39.28,585524,375554,362356
2193,FULT,Financial Services,Banks - Regional,NASDAQ,94.68,62,90.71,38,20.65,4137592461.5,192446161.0,0.053400002,-10.18,1623427,1875995,2077029
2194,SFD,Consumer Defensive,Packaged Foods,NASDAQ,94.68,62,88.95,32,25.01,10210735275.049328,393477263.0,0.0798,-16.09,1289070,1585726,1803844
2195,WHF,Financial Services,Asset Management,NASDAQ,94.68,62,94.04,55,7.29,165975486.8501587,21611392.0,0.0201,-24.53,71519,75899,99303
2196,ISBA,Financial Services,Banks - Regional,NASDAQ,94.68,62,85.23,22,41.05,308069875.40724564,7202943.0,0.0235,-30.22,22548,36789,32609
2197,DDL,Consumer Defensive,Grocery Stores,NYSE,94.66,62,87.95,29,2.49,557575643.0236161,218657119.0,0.0194,-26.98,351218,329989,510929
2198,FCF,Financial Services,Banks - Regional,NYSE,94.64,62,93.21,50,18.06,1887173711.457224,101679621.0,0.03,-5.64,624430,710716,902056
2199,AEP,Utilities,Utilities - Regulated Electric,NASDAQ,94.63,62,88.33,30,125.15,70820702935.37186,544104955.0,0.0334,-10.25,5455588,3451376,3567563
2200,PNC,Financial Services,Banks - Regional,NYSE,94.63,62,91.07,40,212.84,87079292900.156,401564632.0,0.0174,-12.75,1666439,2011829,2273143
2201,FSLR,Technology,Solar,NASDAQ,94.61,62,106.24,86,233.37,23634366863.92836,107453363.0,0.0796,-18.4,2714101,2376640,2120262
2202,IMPPP,Energy,Oil & Gas Midstream,NASDAQ,94.61,62,94.72,61,26.04,,,0.54,-6.26,647,662,817
2203,UTF,Financial Services,Asset Management,NYSE,94.61,62,95.32,64,26.83,3017754546.4186993,111810099.0,0.00029999999,-1.9,269337,300515,319307
2204,UMBF,Financial Services,Banks - Regional,NASDAQ,94.58,62,94.34,58,124.65,9980565625.093735,75978727.0,0.0465,-8.42,644808,714369,663169
2205,RMI,Financial Services,Asset Management,NYSE,94.56,62,95.17,63,15.27,99761532.91830635,6374539.0,8.05,-6.66,22746,20932,19817
2206,GLU,Financial Services,Asset Management,NYSE ARCA,94.56,62,92.31,46,19.52,118549150.72433472,5990356.0,0.0002,-10.0,8559,10579,9805
2207,MGM,Consumer Cyclical,Resorts & Casinos,NYSE,94.5,62,93.47,51,36.97,9924469639.888802,255851235.0,0.16780001,-9.7,4651314,4508691,4662612
2208,BMHL,Financial Services,Capital Markets,NASDAQ,94.49,62,103.35,82,3.94,94424545.11689544,25520147.0,0.0021,-12.25,3969,2303,1813
2209,LNT,Utilities,Utilities - Regulated Electric,NASDAQ,94.44,62,91.74,43,70.9,18533960726.859276,258277037.0,0.0923,-6.41,2718809,2251106,2180095
2210,VC,Consumer Cyclical,Auto Parts,NASDAQ,94.43,62,102.49,81,110.49,3052461260.6181564,26694021.0,0.1163,-14.42,482263,641074,607498
2211,POWW,Industrials,Aerospace & Defense,NASDAQ,94.39,62,88.47,30,1.91,236923216.20289516,117288722.0,0.0297,-14.35,383230,491950,523774
2212,WETH,Technology,Electronic Components,NASDAQ,94.38,62,85.19,22,1.5,21238130.178636074,11931534.0,0.0070999996,-59.24,74684,74111,55250
2213,TTC,Industrials,Tools & Accessories,NYSE,94.38,62,88.13,29,88.68,9309401406.5,97480643.0,0.047399998,-15.7,703739,672479,793137
2214,JWEL,Consumer Cyclical,Internet Retail,NASDAQ,94.37,62,86.36,25,2.2,6056757.977917433,2376131.0,0.003,-26.17,1237,2539,4555
2215,MSBIP,Financial Services,Banks - Regional,NASDAQ,94.35,62,95.04,63,25.39,,,1.84,-2.12,1195,1481,3441
2216,WLK,Basic Materials,Specialty Chemicals,NYSE,94.35,62,73.63,7,88.59,12024338098.899902,128122944.0,0.105,-28.69,1474713,1176957,1213382
2217,LC,Financial Services,Banks - Regional,NYSE,94.35,62,91.28,41,15.59,1919439321.5953827,115350925.0,0.0543,-28.06,1609494,2503364,2155262
2218,IPHA,Healthcare,Biotechnology,NASDAQ,94.35,62,125.73,95,2.02,132299151.94811296,93829188.0,0.0007,-23.19,272694,111171,76520
2219,S,Technology,Software - Infrastructure,NYSE,94.34,62,111.93,90,16.86,5645187120.562073,340276496.0,0.0753,-21.21,7497836,7217008,7949279
2220,RUM,Communication Services,Internet Content & Information,NASDAQ,94.32,62,108.03,87,7.2,1795031697.3586273,215749010.0,0.26,-34.49,3533230,3274513,2779878
2221,KTTA,Healthcare,Biotechnology,NASDAQ,94.3,62,94.5,59,0.78,19827259.076230288,24939948.0,0.0093,-62.14,278756,460698,481197
2222,GLP,Energy,Oil & Gas Midstream,NYSE,94.28,62,99.32,75,49.22,1649009651.25,33825839.0,0.011,-12.9,77803,49834,51342
2223,ALX,Real Estate,REIT - Retail,NYSE,94.28,62,92.36,46,229.88,1256393340.0,5107290.0,0.1974,-11.87,48907,42045,49729
2224,LB,Energy,Oil & Gas Equipment & Services,NYSE,94.27,62,97.59,71,69.71,1808993193.874443,27839229.0,0.113199994,-20.42,365405,305675,365755
2225,GRMN,Technology,Scientific & Technical Instruments,NYSE,94.27,62,88.76,31,225.75,46302845792.27948,192856206.0,0.0189,-17.4,778292,788440,772452
2226,PNW,Utilities,Utilities - Regulated Electric,NYSE,94.27,62,90.91,39,98.4,12027826225.5,121187166.0,0.074,-6.21,1359158,1126966,1176437
2227,EFC,Real Estate,REIT - Mortgage,NYSE,94.26,62,98.8,74,13.33,1697719678.9950514,124649023.0,0.0001,-5.59,1414230,1336793,1623876
2228,WTFC,Financial Services,Banks - Regional,NASDAQ,94.24,62,92.55,47,144.58,10227777678.673157,67447756.0,0.0305,-11.28,437175,433628,475633
2229,DIT,Consumer Defensive,Food Distribution,NYSE ARCA,94.23,62,86.78,26,80.0,87220990.27574158,976063.0,0.0031,-16.31,350,763,825
2230,BAOS,Communication Services,Advertising Agencies,NASDAQ,94.23,62,100.38,78,2.82,4311908.38219595,1534487.0,0.0626,-66.02,17282,69684,44752
2231,EXPE,Consumer Cyclical,Travel Services,NASDAQ,94.2,62,86.05,24,217.73,27602676755.670364,120022077.0,0.0684,-28.33,2074671,1719747,1812108
2232,MNSB,Financial Services,Banks - Regional,NASDAQ,94.19,62,90.06,36,22.07,173102175.0,7366050.0,0.0292,-12.32,30349,50323,49843
2233,COLA,Financial Services,Shell Companies,NASDAQ,94.19,62,99.18,75,11.11,47596109.69579697,4494439.0,0.0001,2.16,86624,30194,21810
2234,LFMDP,Healthcare,Health Information Services,NASDAQ,94.18,62,96.7,68,23.9,,,0.71,-3.43,1652,1957,2100
2235,KVAC,Financial Services,Shell Companies,NASDAQ,94.18,62,97.65,71,12.46,111600124.97516441,9238421.0,0.0001,2.13,50,50,170
2236,TCBI,Financial Services,Banks - Regional,NASDAQ,94.14,61,89.45,34,95.98,4365347022.458061,43670939.0,0.0943,-11.88,377217,419442,447471
2237,HBNC,Financial Services,Banks - Regional,NASDAQ,94.13,61,93.23,50,17.6,944041847.4340057,51056888.0,0.0252,-7.71,279416,300945,330907
2238,SEG,Real Estate,Real Estate Services,NYSE,94.12,61,98.03,72,22.77,284458431.409626,12801910.0,0.1079,-19.65,62119,50556,56651
2239,IGIC,Financial Services,Insurance - Diversified,NASDAQ,94.12,61,92.56,47,24.87,1084336464.0797882,42842216.0,0.012999999,-9.33,62289,45749,56479
2240,TWAV,Financial Services,Asset Management,NASDAQ,94.12,61,102.85,81,1.46,6221882.715865374,3327210.0,0.0352,-73.45,77070,69156,395752
2241,KRMN,Industrials,Aerospace & Defense,NYSE,94.12,61,78.65,11,62.77,8062900051.381908,132526299.0,0.0721,-46.98,2634340,1970346,2014788
2242,BCAL,Financial Services,Banks - Regional,NASDAQ,94.11,61,94.54,60,18.6,618931736.5,32152298.0,0.0252,-9.14,185253,188031,201888
2243,PPSI,Industrials,Electrical Equipment & Parts,NASDAQ,94.11,61,110.43,89,3.98,46493355.17493343,11096266.0,0.0097,-30.18,290382,261134,184980
2244,WAFU,Consumer Defensive,Education & Training Services,NASDAQ,94.1,61,99.62,76,1.75,7145105.601031184,4410559.0,0.001,-48.38,22520,13203,12704
2245,MXC,Energy,Oil & Gas E&P,NYSE ARCA,94.09,61,90.91,39,9.3,18921408.296585083,2046000.0,0.0038,-43.57,9562,13664,29938
2246,INDB,Financial Services,Banks - Regional,NASDAQ,94.07,61,90.99,40,76.04,3773134447.3532867,48249803.0,0.0512,-12.6,322510,356910,351348
2247,FOF,Financial Services,Asset Management,NYSE,94.06,61,94.66,60,13.71,391609885.5948448,27773750.0,0.0017,-8.84,66447,55169,66871
2248,NRK,Financial Services,Asset Management,NYSE,94.06,61,94.06,55,10.42,936907144.9934235,87235304.0,0.0041,-3.25,286558,262772,291615
2249,BDL,Consumer Cyclical,Restaurants,NYSE ARCA,94.06,61,92.33,46,31.7,56744494.18623161,1858647.0,0.0031,-11.9,1047,1209,1067
2250,CME,Financial Services,Financial Data & Stock Exchanges,NASDAQ,94.05,61,95.17,63,298.86,101913566343.75,362359347.0,0.0148,-9.21,2361409,2397006,2302735
2251,PLUS,Technology,Software - Application,NASDAQ,94.05,61,94.56,60,83.1,2387694917.3219604,26438877.0,0.0548,-11.58,197019,173246,188183
2252,WLDN,Industrials,Engineering & Construction,NASDAQ,94.04,61,105.41,84,92.12,1322887158.0651855,14966480.0,0.0686,-32.76,701966,463248,400313
2253,FGMCU,Financial Services,Shell Companies,NASDAQ,94.03,61,97.31,70,11.1,110679850.0,10295800.0,0.0,-1.25,199,66,156
2254,ARQT,Healthcare,Biotechnology,NASDAQ,94.03,61,83.36,18,21.32,2648015037.123104,125083374.0,0.14140001,-32.89,2577058,1544396,1462867
2255,IONR,Basic Materials,Other Industrial Metals & Mining,NASDAQ,94.0,61,96.77,69,4.18,331217030.5579128,80197826.0,0.0037,-49.02,74748,77699,177853
2256,BCARU,Financial Services,Shell Companies,NASDAQ,94.0,61,98.64,74,11.25,,,2749.72,-4.95,325,225,143
2257,ARCO,Consumer Cyclical,Restaurants,NYSE,94.0,61,89.19,33,8.13,1900180870.5738945,210663057.0,0.032,-16.62,1057640,1093743,1073552
2258,CB,Financial Services,Insurance - Property & Casualty,NYSE,93.99,61,93.28,50,324.15,123975609963.38452,387860106.0,0.0098,-6.23,1388785,1559421,1634793
2259,OXLCN,Financial Services,Asset Management,NASDAQ,93.97,61,96.21,67,25.1,,,0.0,0.6,2226,2232,2109
2260,SGU,Energy,Oil & Gas Refining & Marketing,NYSE,93.97,61,96.15,67,12.73,425454957.90339947,32879055.0,0.0018000001,-5.91,32755,22448,24555
2261,AIRTP,Industrials,Conglomerates,NASDAQ,93.97,61,95.71,65,19.23,,,0.95,-8.43,3203,2621,1794
2262,FABC,Consumer Cyclical,Auto Manufacturers,NASDAQ,93.96,61,144.7,97,3.82,6653805.999934673,1455975.0,0.0403,-63.83,1835877,3947159,2405365
2263,HTD,Financial Services,Asset Management,NYSE,93.96,61,93.36,50,25.1,908117645.0144291,35431825.0,0.00059999997,-4.24,46936,53278,55491
2264,DRS,Industrials,Aerospace & Defense,NASDAQ,93.95,61,93.69,52,41.5,11033280081.138657,266762087.0,0.0113,-15.84,958304,983218,1028544
2265,VABK,Financial Services,Banks - Regional,NASDAQ,93.93,61,96.17,67,41.45,234820681.3362465,5391979.0,0.0054,-14.68,5924,6124,8584
2266,SCSC,Technology,Electronics & Computer Distribution,NASDAQ,93.92,61,102.85,81,42.11,932895912.1127701,20324529.0,0.060500003,-8.95,319330,241533,233768
2267,AIN,Consumer Cyclical,Textile Manufacturing,NYSE,93.92,61,101.19,79,60.65,1773602914.01688,28354963.0,0.024500001,-16.92,227427,226222,258371
2268,AER,Industrials,Rental & Leasing Services,NYSE,93.91,61,92.38,46,139.77,23652765150.0,157685101.0,0.0125,-9.79,1457291,1319040,1362830
2269,MBNKO,Financial Services,Banks - Regional,NASDAQ,93.9,61,95.06,63,25.77,,,1.54,-7.96,3167,2385,3065
2270,AEXA,Financial Services,Shell Companies,NYSE,93.9,61,98.65,74,11.7,560389885.846447,49460714.0,0.0076,-1.76,140420,94103,95002
2271,MPLX,Energy,Oil & Gas Midstream,NYSE,93.89,61,93.34,50,54.77,54795620826.0,1014733719.0,0.0222,-8.69,2908290,2444813,2139048
2272,ECCC,Financial Services,Asset Management,NYSE,93.88,61,94.5,59,24.32,,,0.22,-2.72,18710,9416,7934
2273,GSK,Healthcare,Drug Manufacturers - General,NYSE,93.87,61,84.97,21,49.67,101198689040.34795,2007512187.0,0.0077,-19.5,3642373,4039604,4359372
2274,JFB,Real Estate,Real Estate - Development,NASDAQ,93.86,61,72.15,6,5.26,79848396.37403488,14207900.0,0.096099995,-70.03,256443,221311,227070
2275,TEI,Financial Services,Asset Management,NYSE,93.85,61,91.01,40,6.26,304151014.62243176,47228418.0,0.0027,-10.57,151373,148721,191844
2276,RBCAA,Financial Services,Banks - Regional,NASDAQ,93.84,61,96.14,67,75.48,1518216112.7262878,19617730.0,0.0225,-3.54,78634,78434,81540
2277,HFRO,Financial Services,Asset Management,NYSE,93.83,61,95.78,65,6.16,343961165.02289486,55388271.0,0.0001,-9.81,133205,118618,113539
2278,OCCIM,Financial Services,Asset Management,NASDAQ,93.78,61,96.44,68,25.7,,,1.46,-1.38,1415,1255,1625
2279,IEP,Energy,Oil & Gas Refining & Marketing,NASDAQ,93.74,61,96.89,69,8.19,5389845742.700329,672050553.0,0.1542,-18.02,1339167,951292,1008275
2280,IRON,Healthcare,Biotechnology,NASDAQ,93.73,61,97.42,71,66.86,2607469896.742058,38199089.0,0.1516,-32.8,554086,420705,491795
2281,MNY,Communication Services,Internet Content & Information,NASDAQ,93.71,61,93.59,52,1.32,60834174.08979714,44082735.0,0.0139999995,-45.0,27334,23958,27034
2282,LYG,Financial Services,Banks - Regional,NYSE,93.71,61,88.5,31,5.05,79135442649.40056,14573746805.0,0.0002,-20.35,18794629,18617483,21447477
2283,SXC,Basic Materials,Coking Coal,NYSE,93.69,61,103.99,83,7.62,621125423.9260168,84853198.0,0.0332,-15.99,1821456,1424005,1920883
2284,CASS,Industrials,Specialty Business Services,NASDAQ,93.68,61,93.19,50,45.63,613438959.3760185,12871149.0,0.0225,-13.0,67129,82299,77283
2285,TY,Financial Services,Asset Management,NYSE,93.68,61,97.31,70,34.55,1826969756.9544601,53233385.0,0.01,-1.43,27298,31969,40309
2286,GRNQ,Industrials,Consulting Services,NASDAQ,93.66,61,61.1,2,1.58,36426908.116045475,18033123.0,0.0011,-50.31,15047,21825,25817
2287,MPT,Real Estate,REIT - Healthcare Facilities,NYSE,93.66,61,94.14,56,5.05,3090186595.6020355,597715000.0,0.3071,-21.95,5926139,5426356,6030131
2288,COST,Consumer Defensive,Discount Stores,NASDAQ,93.66,61,97.83,72,1048.95,447552236078.37524,443652540.0,0.0148,-1.7,1879352,1802250,1766150
2289,MNSBP,Financial Services,Banks - Regional,NASDAQ,93.66,61,94.15,56,25.0,,,1.73,-11.5,1528,1006,975
2290,CGCTU,Financial Services,Shell Companies,NASDAQ,93.64,61,95.4,64,11.05,,,0.0,-11.6,239,649,749
2291,BPYPP,Real Estate,Real Estate Services,NASDAQ,93.64,61,92.99,49,15.83,,,1.86,-5.38,48881,24183,24582
2292,TPVG,Financial Services,Asset Management,NYSE,93.64,61,101.89,80,5.85,234256119.5956359,40598981.0,0.0643,-22.31,336901,355563,480170
2293,AKR,Real Estate,REIT - Retail,NYSE,93.63,60,94.57,60,20.91,2906668220.6892967,133517141.0,0.2924,-6.48,812101,1063207,1107992
2294,EGHAU,Financial Services,Shell Companies,NASDAQ,93.63,60,97.08,70,11.0,,,0.0,0.0,0,16,72
2295,STRC,Technology,Software - Application,NASDAQ,93.63,60,94.04,55,99.19,,,0.55,-1.22,4592540,4094276,3538258
2296,YHC,Consumer Defensive,Beverages - Wineries & Distilleries,NASDAQ,93.62,60,105.67,85,1.03,18588602.80188203,21366210.0,0.0123000005,-90.75,99320,65626,129230
2297,ETW,Financial Services,Asset Management,NYSE,93.61,60,93.12,49,9.17,1026249056.9866161,108597786.0,0.23,-4.48,213405,283308,316761
2298,DJCO,Technology,Software - Application,NASDAQ,93.58,60,83.64,19,462.61,690197392.0217896,1377722.0,0.17909999,-31.44,25659,48949,68207
2299,GCBC,Financial Services,Banks - Regional,NASDAQ,93.57,60,98.45,73,24.8,406260126.4723511,17026828.0,0.0073,-4.76,9241,10743,12504
2300,TT,Industrials,Building Products & Equipment,NYSE,93.57,60,94.56,60,466.6,103049434681.36423,221055477.0,0.0166,-7.32,1366106,1291495,1328385
2301,SPKL,Financial Services,Shell Companies,NASDAQ,93.57,60,98.53,73,11.92,102087145.55969334,8658791.0,0.0223,-0.75,37213,17904,11598
2302,DOV,Industrials,Specialty Industrial Machinery,NYSE,93.56,60,90.04,36,210.77,29602618886.192413,134661414.0,0.025999999,-11.27,795936,968422,1028793
2303,FHB,Financial Services,Banks - Regional,NASDAQ,93.56,60,93.77,53,26.41,3325882940.38216,121648973.0,0.1192,-6.84,1805638,1855176,1744303
2304,VIASP,Utilities,Utilities - Regulated Electric,NASDAQ,93.56,60,94.94,62,25.59,,,0.15,-4.09,3205,3888,3233
2305,MUJ,Financial Services,Asset Management,NYSE,93.56,60,95.04,63,12.15,658963382.4796543,53185098.0,0.0011,-4.18,115837,99702,107703
2306,SPH,Utilities,Utilities - Regulated Gas,NYSE,93.55,60,97.01,69,20.0,1304304490.4968529,66343057.0,0.0083,-3.85,216298,134962,124155
2307,KBDC,Financial Services,Asset Management,NYSE,93.55,60,95.85,66,14.69,987863118.7873125,66433297.0,0.0098,-10.43,305952,280217,316512
2308,ECAT,Financial Services,Asset Management,NYSE,93.55,60,97.89,72,15.07,1502966084.620267,99468307.0,0.0028,-12.08,560436,502592,542545
2309,COLB,Financial Services,Banks - Regional,NASDAQ,93.54,60,92.15,45,28.77,8696290859.676346,289490366.0,0.0323,-12.02,3138625,2772308,2879549
2310,DE,Industrials,Farm & Heavy Construction Machinery,NYSE,93.53,60,90.59,38,561.83,155268477238.73767,270107282.0,0.017,-16.67,957525,1041565,1181839
2311,BBDO,Financial Services,Banks - Regional,NYSE,93.53,60,83.72,19,3.12,35623298324.638016,10570712028.0,0.0001,-17.89,106171,71110,76308
2312,BUI,Financial Services,Asset Management,NYSE,93.52,60,93.44,51,27.35,672407472.8509197,24522519.0,0.0039,-11.2,83753,101491,115064
2313,SIGI,Financial Services,Insurance - Property & Casualty,NASDAQ,93.51,60,101.7,80,88.2,5075737832.51709,59869520.0,0.026099999,-3.74,452696,552785,568111
2314,BCH,Financial Services,Banks - Regional,NYSE,93.5,60,88.09,29,35.88,18228532379.609917,505085406.0,0.0022,-23.28,296475,428668,427701
2315,DKS,Consumer Cyclical,Specialty Retail,NYSE,93.5,60,96.49,68,216.48,20198456116.428894,89448901.0,0.127,-8.78,931614,1019978,1170912
2316,FHN,Financial Services,Banks - Regional,NYSE,93.49,60,91.38,41,23.57,11680344667.613724,474617813.0,0.0005,-11.26,3386320,4580910,4934002
2317,TV,Communication Services,Telecom Services,NYSE,93.46,60,88.27,30,2.85,1502120949.7356415,527060000.0,0.78,-18.34,1230656,1411592,1299305
2318,DSWL,Technology,Electronic Components,NASDAQ,93.46,60,94.88,62,3.35,54179814.119702816,15935239.0,0.0001,-25.22,8110,9320,9442
2319,HUBB,Industrials,Electrical Equipment & Parts,NYSE,93.45,60,88.31,30,479.97,26028801805.114655,52841777.0,0.055,-15.12,694531,601191,591210
2320,VZ,Communication Services,Telecom Services,NYSE,93.44,60,90.84,39,46.37,197169896827.3178,4175558910.0,0.0215,-10.27,18557259,23885439,25177567
2321,TRV,Financial Services,Insurance - Property & Casualty,NYSE,93.43,60,94.23,57,299.76,63376626118.75229,212644693.0,0.0215,-4.27,1251138,1382262,1410599
2322,BTU,Energy,Thermal Coal,NYSE,93.4,60,76.59,9,23.77,2874064762.7003975,121834029.0,0.1522,-42.22,3536860,3200383,3533554
2323,ASB,Financial Services,Banks - Regional,NYSE,93.39,60,93.2,50,27.22,5393580519.917759,188917011.0,0.0,-7.79,1724922,2040770,2230862
2324,JOUT,Consumer Cyclical,Leisure,NASDAQ,93.39,60,76.6,9,40.88,537391504.5449905,10453054.0,0.1185,-23.65,94820,94460,83650
2325,CZFS,Financial Services,Banks - Regional,NASDAQ,93.39,60,94.43,59,63.11,306554913.13412476,4804936.0,0.0084,-9.3,4569,5849,7623
2326,BHF,Financial Services,Insurance - Life,NASDAQ,93.38,60,94.49,59,62.54,3526022344.658718,57445785.0,0.1313,-5.71,581307,514445,592151
2327,AVK,Financial Services,Asset Management,NYSE,93.38,60,95.86,66,12.48,570843299.253128,44148746.0,0.0015,-4.73,134658,137759,157965
2328,CRF,Financial Services,Asset Management,NYSE ARCA,93.36,60,94.34,58,7.19,1188924265.07514,162199765.0,0.1109,-12.85,1321716,1191695,1247741
2329,FITB,Financial Services,Banks - Regional,NASDAQ,93.35,60,89.16,33,47.35,44708350322.34601,906311548.0,0.0544,-14.59,5115803,5955514,7996310
2330,FIVN,Technology,Software - Infrastructure,NASDAQ,93.31,60,113.92,91,21.64,1692064164.0068436,76563988.0,0.081499994,-28.77,4572376,3419075,2854869
2331,THQ,Financial Services,Asset Management,NYSE,93.3,60,94.01,55,18.07,763278292.6614285,41437475.0,0.0021,-11.38,90119,117156,129047
2332,BPYPO,Real Estate,Real Estate Services,NASDAQ,93.3,60,95.09,63,15.35,,,0.33,-5.58,8420,13586,28604
2333,BSM,Energy,Oil & Gas E&P,NYSE,93.29,60,93.69,52,14.01,2826241142.831031,212499331.0,0.0214,-9.55,505796,412285,432897
2334,DX,Real Estate,REIT - Mortgage,NYSE,93.29,60,91.8,43,12.97,2885173630.040577,215150907.0,0.053000003,-13.13,4034242,5127654,5896278
2335,SLNO,Healthcare,Biotechnology,NASDAQ,93.29,60,108.65,88,53.01,2759761823.4145164,52120147.0,0.1286,-41.31,1970575,5283691,3906853
2336,CLF,Basic Materials,Steel,NYSE,93.28,60,98.57,74,10.31,6285969781.255108,570414657.0,0.1487,-38.26,12478806,16288545,17575201
2337,ADCT,Healthcare,Biotechnology,NYSE,93.28,60,77.33,10,3.25,445169053.0,127191158.0,0.0477,-34.74,1502886,1117032,1016679
2338,ZWS,Industrials,Pollution & Treatment Controls,NYSE,93.27,60,92.38,46,48.06,8576490311.675659,167542304.0,0.043,-10.6,805193,1193217,1106490
2339,HTH,Financial Services,Financial Conglomerates,NYSE,93.26,60,91.18,41,36.29,2210100140.4790077,58530197.0,0.0581,-10.2,319939,320729,353637
2340,CLM,Financial Services,Asset Management,NYSE ARCA,93.26,60,94.84,61,7.57,2291020066.3172326,297921983.0,18.49,-11.25,1873164,1772931,1819950
2341,QSEAU,Financial Services,Shell Companies,NASDAQ,93.25,60,95.94,66,11.0,,,21.44,-4.68,0,13,12
2342,AFL,Financial Services,Insurance - Life,NYSE,93.22,60,97.31,70,116.81,57566191865.75067,508984904.0,0.020499999,-2.1,2030878,2122099,2301325
2343,HFWA,Financial Services,Banks - Regional,NASDAQ,93.22,60,90.56,38,26.03,1135196523.8426933,41249873.0,0.066599995,-10.18,236372,254250,308920
2344,SBSI,Financial Services,Banks - Regional,NYSE,93.21,60,90.84,39,31.95,992814564.2917442,29751711.0,0.0324,-7.47,83277,88942,101563
2345,ATAT,Consumer Cyclical,Lodging,NASDAQ,93.21,60,94.69,61,38.25,5263502932.765503,138185952.0,0.018099999,-11.4,1090709,1187999,1229063
2346,WRLD,Financial Services,Credit Services,NASDAQ,93.2,60,102.43,81,153.17,673649986.2670898,4500000.0,9.2890005,-17.42,179867,167262,164181
2347,HII,Industrials,Aerospace & Defense,NYSE,93.19,60,79.63,12,326.17,12462706244.019379,39404029.0,0.030299999,-29.09,738529,537393,523761
2348,ASUR,Technology,Software - Application,NASDAQ,93.18,60,93.45,51,8.53,263871018.12941265,28681633.0,0.0425,-25.7,62013,70001,85292
2349,BKHA,Financial Services,Shell Companies,NASDAQ,93.17,60,95.12,63,11.88,49261433.65398216,4153578.0,0.06,-0.83,390,746,766
2350,LHX,Industrials,Aerospace & Defense,NYSE,93.16,60,85.13,22,303.39,55821421846.56995,186294951.0,0.0156,-20.0,1442910,1430513,1431112
2351,VYGR,Healthcare,Biotechnology,NASDAQ,93.15,60,94.27,57,3.77,244706223.87444592,60421287.0,0.0694,-32.07,569520,538050,705130
2352,NBHC,Financial Services,Banks - Regional,NYSE,93.15,60,92.09,44,40.81,1919286654.3546295,44790822.0,0.0551,-6.95,285027,348772,508853
2353,HTFL,Healthcare,Health Information Services,NASDAQ,93.13,59,102.2,80,28.32,2544929464.848669,86239561.0,0.0654,-31.3,1046390,1095323,1349522
2354,SRE,Utilities,Utilities - Diversified,NYSE,93.13,59,88.86,32,90.43,59832249112.41852,653690046.0,0.0172,-10.5,3919460,3422946,3501314
2355,TROW,Financial Services,Asset Management,NASDAQ,93.12,59,99.14,75,102.01,22568702002.313873,214266606.0,0.13069999,-13.71,2042136,2114992,2420773
2356,LGI,Financial Services,Asset Management,NYSE,93.12,59,95.54,65,17.58,233582318.82808685,13012942.0,0.0064999997,-11.57,45865,49498,54409
2357,FNB,Financial Services,Banks - Regional,NYSE,93.12,59,91.7,43,17.07,6371754551.31053,355963949.0,0.0791,-10.82,5355084,6341241,7244290
2358,BLCO,Healthcare,Medical Instruments & Supplies,NYSE,93.12,59,91.43,42,16.09,5768758381.246262,356536358.0,0.08270001,-14.94,514761,449857,451142
2359,SIMA,Financial Services,Shell Companies,NASDAQ,93.11,59,98.24,73,11.2,334266658.6015949,30666667.0,0.0,-13.18,15413,34774,86234
2360,SONO,Technology,Consumer Electronics,NASDAQ,93.11,59,95.79,66,14.83,1794077835.2483797,119128671.0,0.1457,-25.18,2243715,1483545,1417993
2361,EURK,Financial Services,Shell Companies,NASDAQ,93.08,59,95.8,66,11.5,54868583.657738686,4825733.0,0.0002,1.14,2231,1063,4100
2362,MRBK,Financial Services,Banks - Regional,NASDAQ,93.06,59,83.48,18,17.15,216082254.1641655,11879178.0,0.0082,-20.86,97420,135530,117468
2363,CNOBP,Financial Services,Banks - Regional,NASDAQ,93.06,59,94.17,56,24.77,,,0.04,-1.37,5630,5006,6868
2364,IMAX,Communication Services,Entertainment,NYSE,93.06,59,84.85,21,33.59,1942060910.3262062,55015891.0,0.1534,-22.17,1102407,1152872,1102393
2365,PRG,Industrials,Rental & Leasing Services,NYSE,93.05,59,96.06,67,33.23,1455982601.87352,40065564.0,0.11399999,-19.23,426370,460096,522642
2366,ZETA,Technology,Software - Infrastructure,NYSE,93.05,59,94.67,61,17.19,4272275471.8052216,249257621.0,0.13,-30.96,8223413,8062187,7426124
2367,AZN,Healthcare,Drug Manufacturers - General,NYSE,93.04,59,87.54,28,181.58,283469352374.12976,1550283527.0,0.0011,-14.63,1808376,1960888,1912303
2368,FMBH,Financial Services,Banks - Regional,NASDAQ,93.02,59,91.53,42,41.79,1169212913.0376778,26609307.0,0.0094,-6.82,79597,94995,113219
2369,CVGW,Consumer Defensive,Food Distribution,NASDAQ,92.99,59,92.05,44,26.46,491000937.85684395,17874079.0,0.0675,-8.7,255813,320091,301816
2370,AVAH,Healthcare,Medical Care Facilities,NASDAQ,92.98,59,106.59,86,7.72,1466017666.995901,217510047.0,0.0418,-25.19,2020029,1441013,1368827
2371,RMM,Financial Services,Asset Management,NYSE,92.98,59,95.92,66,14.39,284645437.2660141,19739628.0,0.29,-3.29,44986,46092,48955
2372,CAH,Healthcare,Medical Distribution,NYSE,92.97,59,88.61,31,195.2,43011903841.270905,234205855.0,0.028900001,-16.44,2891952,2089070,1995920
2373,COHN,Financial Services,Capital Markets,NYSE ARCA,92.97,59,60.82,2,11.89,36941835.67193985,2477655.0,0.0032,-63.53,43624,37224,32570
2374,SOHU,Communication Services,Electronic Gaming & Multimedia,NASDAQ,92.96,59,91.71,43,15.3,471726113.3840561,30065400.0,3.9845002,-11.56,43529,64103,50499
2375,MBINM,Financial Services,Banks - Regional,NASDAQ,92.96,59,95.4,64,25.58,,,0.24,-1.46,4956,6805,12867
2376,WBTN,Communication Services,Internet Content & Information,NASDAQ,92.93,59,98.3,73,12.09,1788227673.3230486,134655701.0,0.25100002,-46.19,385605,316771,349725
2377,ETB,Financial Services,Asset Management,NYSE,92.93,59,93.55,51,15.07,454426848.89389515,29374715.0,0.81,-3.4,39691,57947,58262
2378,REG,Real Estate,REIT - Retail,NASDAQ,92.91,59,91.84,43,76.06,14206479265.579529,183096790.0,0.0327,-6.86,1496588,1473546,1429555
2379,NAC,Financial Services,Asset Management,NYSE,92.91,59,94.4,58,11.82,1859707981.0393333,155234395.0,0.0023999999,-3.51,697567,628439,649485
2380,NNN,Real Estate,REIT - Retail,NYSE,92.89,59,94.31,57,43.72,8439409247.838272,190248177.0,0.0423,-5.02,1804683,1671334,1619936
2381,YHNAU,Financial Services,Shell Companies,NASDAQ,92.88,59,97.28,70,11.1,,,,-0.0,10,10,6
2382,TFIN,Financial Services,Banks - Regional,NYSE,92.88,59,90.57,38,61.6,1583591869.6439896,23806253.0,0.15689999,-20.86,264253,292714,268244
2383,RSF,Financial Services,Asset Management,NYSE,92.86,59,95.04,63,14.64,62080106.82203293,4252062.0,1.14,-3.23,12088,11166,14537
2384,FNLC,Financial Services,Banks - Regional,NASDAQ,92.86,59,90.9,39,27.75,327310256.8789215,11271014.0,0.0069999998,-8.51,13909,17903,19033
2385,QETA,Financial Services,Shell Companies,NASDAQ,92.85,59,97.46,71,11.94,43099102.0,3747748.0,0.0001,-8.65,352,260,1318
2386,ETV,Financial Services,Asset Management,NYSE,92.84,59,94.12,56,14.34,1712789536.1376667,116754569.0,0.26,-3.3,174391,173167,175616
2387,DTSQ,Financial Services,Shell Companies,NASDAQ,92.84,59,94.85,61,11.25,40954715.02936649,3653409.0,0.0011999999,-12.79,1713,2821,2272
2388,OTTR,Industrials,Conglomerates,NASDAQ,92.8,59,92.59,47,87.8,3695864673.249817,41984150.0,0.184,-4.81,287608,277859,283385
2389,CAKE,Consumer Cyclical,Restaurants,NASDAQ,92.79,59,95.59,65,59.49,3063102704.7638474,49685363.0,0.3386,-14.65,1192340,1220410,1241386
2390,GRAL,Healthcare,Diagnostics & Research,NASDAQ,92.79,59,96.05,67,59.65,2645378766.3257904,42916593.0,0.1927,-49.81,645893,692954,786302
2391,DBD,Technology,Software - Application,NYSE,92.78,59,82.1,16,69.7,2701360933.894226,34628392.0,0.1164,-21.73,300826,615978,468045
2392,CINF,Financial Services,Insurance - Property & Casualty,NASDAQ,92.78,59,96.85,69,166.42,24981908833.0,154686742.0,0.0176,-4.5,671861,724757,768706
2393,MTUS,Basic Materials,Steel,NYSE,92.77,59,91.09,40,17.87,768033052.4594955,41627806.0,0.073,-17.76,307370,276046,384710
2394,PGNY,Healthcare,Healthcare Plans,NASDAQ,92.77,59,118.83,93,23.25,1841962456.998951,77654406.0,0.099,-19.13,1970290,1544040,1480246
2395,OFG,Financial Services,Banks - Regional,NYSE,92.77,59,95.72,65,43.97,1943822000.0,42257000.0,0.0367,-6.15,223093,266541,326486
2396,XRPNU,Financial Services,Shell Companies,NASDAQ,92.76,59,98.88,74,11.19,,,0.64,-19.15,60,113,992
2397,DCH,Consumer Cyclical,Auto Parts,NYSE,92.76,59,98.58,74,6.36,1571999258.2308812,236746881.0,0.1148,-31.24,5586165,4276435,4701763
2398,OXLCP,Financial Services,Asset Management,NASDAQ,92.74,59,95.01,62,25.07,,,1.68,-0.08,4070,4963,9788
2399,NEWTP,Financial Services,Banks - Regional,NASDAQ,92.73,59,95.75,65,24.5,,,0.41,-1.41,5711,4267,4888
2400,WTBA,Financial Services,Banks - Regional,NASDAQ,92.73,59,89.2,33,22.76,410206955.688282,17028101.0,0.0146,-14.44,33513,44677,41494
2401,NEXN,Communication Services,Advertising Agencies,NASDAQ,92.71,59,103.3,82,7.69,428492793.69836855,55720779.0,0.061300002,-38.97,293464,270654,326738
2402,HBT,Financial Services,Banks - Regional,NASDAQ,92.7,59,91.29,41,27.1,1033222601.3217201,36381078.0,0.0086,-9.3,85498,77412,80029
2403,AGNCO,Real Estate,REIT - Mortgage,NASDAQ,92.69,59,95.52,65,25.53,,,0.07,-1.31,14789,28579,37131
2404,COCP,Healthcare,Biotechnology,NASDAQ,92.68,59,85.5,23,1.2,19851493.748827457,13785759.0,0.1168,-55.06,138124,414274,3011688
2405,CSTE,Industrials,Building Products & Equipment,NASDAQ,92.68,59,114.94,92,1.72,47716363.33512366,34577075.0,0.033099998,-33.33,179478,215952,1278017
2406,TEO,Communication Services,Telecom Services,NYSE,92.66,59,94.47,59,11.82,5091318324.189316,430737602.0,0.0058999998,-14.41,419142,311767,300612
2407,PRI,Financial Services,Insurance - Life,NYSE,92.65,59,97.03,69,274.14,8561569015.73584,31184008.0,0.0513,-4.82,200898,196729,200885
2408,BHB,Financial Services,Banks - Regional,NYSE ARCA,92.65,59,91.98,44,33.54,585638825.2360725,16742105.0,0.0119,-6.96,105443,99567,147118
2409,LBTYA,Communication Services,Telecom Services,NASDAQ,92.63,59,90.88,39,11.51,4107883730.576063,338097437.0,0.071100004,-14.87,1704474,2092764,2069846
2410,BPYPN,Real Estate,Real Estate Services,NASDAQ,92.62,59,94.61,60,13.92,,,0.24,-6.45,12488,19626,17485
2411,OXLCO,Financial Services,Asset Management,NASDAQ,92.62,59,95.26,64,23.9,,,0.91,-0.46,2973,1834,2270
2412,RMMZ,Financial Services,Asset Management,NYSE,92.61,58,95.39,64,15.02,126571352.25772858,8455000.0,0.0028,-1.77,15784,16651,16496
2413,GTLS,Industrials,Specialty Industrial Machinery,NYSE,92.61,58,93.94,54,207.3,9928759605.411926,47865593.0,0.1241,-0.58,1096757,1149715,1610867
2414,BBD,Financial Services,Banks - Regional,NYSE,92.61,58,84.58,20,3.47,39640170105.0,10570712028.0,0.0016,-19.3,32976260,34077693,37440240
2415,ATII,Financial Services,Shell Companies,NASDAQ,92.6,58,97.39,71,10.93,319572005.6438446,29590000.0,0.0001,0.37,314386,298862,191039
2416,MED,Consumer Cyclical,Personal Services,NYSE,92.59,58,109.02,88,12.48,139989659.5466423,11119115.0,0.2033,-19.28,247305,209995,244895
2417,TAK,Healthcare,Drug Manufacturers - Specialty & Generic,NYSE,92.59,58,88.71,31,16.61,52000310957.79259,3159192822.0,0.0015,-12.12,3713566,3061268,2969181
2418,FAF,Financial Services,Insurance - Specialty,NYSE,92.57,58,97.18,70,67.11,7238976093.292236,101900000.0,0.0452,-6.1,752765,892848,979389
2419,LTC,Real Estate,REIT - Healthcare Facilities,NYSE,92.56,58,92.02,44,37.91,2002218504.0523071,51181456.0,0.0544,-7.08,382441,345287,368546
2420,EXG,Financial Services,Asset Management,NYSE,92.56,58,93.53,51,9.21,2912511107.5663986,305936026.0,0.6,-5.83,438615,466758,525657
2421,PGP,Financial Services,Asset Management,NYSE,92.54,58,91.56,42,8.69,104513216.90940857,11574000.0,1.05,-7.65,44789,31816,37579
2422,FCT,Financial Services,Asset Management,NYSE,92.54,58,95.21,63,9.76,254117527.70168686,25983388.0,0.0126,-5.15,73389,66159,78393
2423,JRS,Financial Services,Asset Management,NYSE,92.53,58,94.33,58,8.02,238940748.3959236,28892471.0,0.001,-4.3,56982,53574,63936
2424,FUNC,Financial Services,Banks - Regional,NASDAQ,92.53,58,93.28,50,36.9,246909256.18154526,6446717.0,0.0094,-12.04,13812,10544,12030
2425,UG,Consumer Defensive,Household & Personal Products,NASDAQ,92.52,58,98.19,73,7.16,31562971.004221916,4594319.0,0.0039,-27.53,7393,4814,4678
2426,BRN,Energy,Oil & Gas E&P,NYSE ARCA,92.52,58,96.69,68,1.12,15656585.239347339,14233259.0,0.0241,-50.88,140731,297217,873946
2427,PVH,Consumer Cyclical,Apparel Manufacturing,NYSE,92.52,58,90.41,37,79.45,4099215679.2262573,45811528.0,0.104899995,-20.67,1030808,1169812,1199759
2428,BCML,Financial Services,Banks - Regional,NASDAQ,92.51,58,94.61,60,29.85,337534273.80620384,10909317.0,0.011,-9.95,48760,48546,39880
2429,ACEL,Consumer Cyclical,Gambling,NYSE,92.48,58,93.63,52,11.61,946599436.3146782,81392900.0,0.0221,-12.77,375618,328096,356343
2430,TDF,Financial Services,Asset Management,NYSE,92.47,58,94.9,62,11.3,289086604.7527046,25181761.0,0.0004,-7.38,54387,51755,52093
2431,UNTY,Financial Services,Banks - Regional,NASDAQ,92.46,58,92.22,45,52.43,538593977.1515198,10040902.0,0.0097,-8.5,35623,49844,49012
2432,AFB,Financial Services,Asset Management,NYSE,92.43,58,95.12,63,10.97,322230733.6565323,28744936.0,0.44,-2.49,123598,117686,119033
2433,EFSI,Financial Services,Banks - Regional,NASDAQ,92.42,58,93.55,51,37.24,205183173.33413696,5412376.0,0.0162,-9.44,14459,14223,13915
2434,RERE,Consumer Cyclical,Internet Retail,NYSE,92.39,58,86.58,25,4.32,1056511436.135397,221490868.0,0.026700001,-33.23,717766,699532,1095241
2435,EMD,Financial Services,Asset Management,NYSE,92.39,58,92.58,47,10.48,622577046.7475004,58130443.0,0.0027,-7.26,208687,203642,229315
2436,ABNB,Consumer Cyclical,Travel Services,NASDAQ,92.39,58,93.95,54,132.85,84119381171.30475,594525252.0,0.0349,-9.78,4423872,3620374,3592960
2437,GOOD,Real Estate,REIT - Diversified,NASDAQ,92.38,58,94.92,62,12.31,621545797.506321,48406993.0,0.0535,-18.1,491034,386688,408374
2438,AGNCN,Real Estate,REIT - Mortgage,NASDAQ,92.38,58,95.06,63,25.72,,,0.48,-1.49,12863,24057,28776
2439,SFNC,Financial Services,Banks - Regional,NASDAQ,92.37,58,93.18,50,20.51,3085515791.835125,145064209.0,0.0428,-7.53,865917,1151959,1258873
2440,KPRX,Healthcare,Biotechnology,NASDAQ,92.36,58,104.22,83,2.5,10859478.21135521,4432440.0,0.0067000003,-40.19,74168,997096,610997
2441,EAF,Industrials,Electrical Equipment & Parts,NYSE,92.36,58,110.66,89,8.98,241984386.15635395,26047835.0,0.0397,-55.81,260168,254116,283061
2442,TAC,Utilities,Utilities - Independent Power Producers,NYSE,92.34,58,91.88,44,12.78,3799928068.1610107,297800000.0,0.0175,-28.52,1223073,1169904,1392326
2443,NODK,Financial Services,Insurance - Property & Casualty,NASDAQ,92.34,58,99.97,77,13.8,262868548.7407751,20520573.0,0.0066000004,-6.12,19763,13717,19228
2444,TXNM,Utilities,Utilities - Regulated Electric,NYSE,92.34,58,94.64,60,59.25,6530621276.248455,110707257.0,0.0735,-0.45,1673995,1360848,1384667
2445,RNST,Financial Services,Banks - Regional,NYSE,92.34,58,93.66,52,39.13,3708416376.0835266,92272120.0,0.053000003,-7.08,689189,661076,679891
2446,ESQ,Financial Services,Banks - Regional,NASDAQ,92.33,58,91.03,40,105.43,922950429.5492706,8639431.0,0.0971,-21.8,79473,115304,109232
2447,BJRI,Consumer Cyclical,Restaurants,NASDAQ,92.28,58,105.08,84,42.06,897422670.8346405,21016924.0,0.0884,-10.55,444248,345679,376987
2448,CNP,Utilities,Utilities - Regulated Electric,NYSE,92.27,58,90.41,37,41.53,27291951504.14673,654169480.0,0.081099994,-6.61,5083585,4850248,4689647
2449,WTFCN,Financial Services,Banks - Regional,NASDAQ,92.26,58,95.19,63,26.45,,,0.42,-3.15,15605,15758,19375
2450,AIXI,Technology,Software - Application,NASDAQ,92.25,58,163.92,98,11.3,8143161.030965328,13349444.0,0.0272,190.49,296119,4729724,3469562
2451,NMS,Financial Services,Asset Management,NYSE,92.25,58,93.58,52,12.06,77081031.84688568,6231288.0,0.0015,-3.44,17854,12538,14048
2452,SPXX,Financial Services,Asset Management,NYSE,92.25,58,97.13,70,17.82,319982487.2849846,17976545.0,0.003,-3.2,243402,275504,218160
2453,FTS,Utilities,Utilities - Regulated Electric,NYSE,92.23,58,90.42,37,54.71,28557269767.23753,509132995.0,10.09,-6.92,667803,701144,750730
2454,AUB,Financial Services,Banks - Regional,NYSE,92.23,58,89.99,36,36.33,5432670778.093689,143115672.0,0.0836,-13.87,912622,1023664,1071772
2455,MGYR,Financial Services,Banks - Regional,NASDAQ,92.22,58,94.62,60,17.67,114466101.46423149,6477991.0,0.0011999999,-11.65,1879,2396,5797
2456,CTGO,Basic Materials,Gold,NYSE ARCA,92.21,58,90.93,39,22.44,836083543.7220955,30749670.0,0.069299996,-34.73,445350,443143,529114
2457,EIIA,Financial Services,Asset Management,NYSE,92.21,58,95.0,62,25.2,,,0.06,-4.29,3004,5061,5916
2458,CING,Healthcare,Biotechnology,NASDAQ,92.18,58,76.64,9,4.57,64560472.046339035,12250564.0,0.1415,-61.56,460460,461340,572136
2459,JRSH,Consumer Cyclical,Apparel Manufacturing,NASDAQ,92.15,58,96.48,68,3.32,42671797.067723274,12699940.0,0.0047,-7.78,227085,148405,103687
2460,SBET,Financial Services,Capital Markets,NASDAQ,92.14,58,89.83,35,6.72,1466882486.4016786,197161623.0,0.1308,-94.59,6963746,7618405,6950889
2461,FLG,Financial Services,Banks - Regional,NYSE,92.13,58,89.14,33,13.23,5952119830.858355,416815122.0,0.0005,-11.33,4108091,4585520,4896952
2462,JF,Financial Services,Credit Services,NASDAQ,92.11,58,92.26,45,1.0,18706956.730189323,18340154.0,0.0018000001,-27.54,4663,10411,15388
2463,AQB,Consumer Defensive,Farm Products,NASDAQ,92.11,58,89.8,35,0.88,4838371.747728109,5147204.0,0.0172,-70.17,45391,38350,37284
2464,RFM,Financial Services,Asset Management,NYSE,92.1,58,95.71,65,14.58,89519195.4593153,6114699.0,0.59,-2.15,12244,12708,14874
2465,CIM,Real Estate,REIT - Mortgage,NYSE,92.1,58,90.99,40,13.09,1140931714.2375813,83646018.0,0.0226,-12.03,606656,660612,744845
2466,VLYPN,Financial Services,Banks - Regional,NASDAQ,92.1,58,93.99,54,25.95,,,1.28,-2.5,8678,33246,25585
2467,SR,Utilities,Utilities - Regulated Gas,NYSE,92.06,58,87.68,28,85.43,5066308893.989868,59116792.0,0.0378,-10.37,501609,386313,380047
2468,MVBF,Financial Services,Banks - Regional,NASDAQ,92.05,58,91.06,40,25.06,334868413.1974125,12849901.0,0.024600001,-15.31,38864,34451,35590
2469,COFS,Financial Services,Banks - Regional,NASDAQ,92.04,58,96.24,67,30.27,470947089.1517639,14960200.0,0.014099999,-14.49,60571,68693,72386
2470,AGNCM,Real Estate,REIT - Mortgage,NASDAQ,92.02,58,94.86,62,24.84,,,0.41,-2.05,9904,19818,23180
2471,SVACU,Financial Services,Shell Companies,NASDAQ,92.01,57,95.98,66,11.09,287200371.2070465,26666700.0,5.15,-17.85,140,220,346
2472,GD,Industrials,Aerospace & Defense,NYSE,92.01,57,91.41,41,334.5,93712172370.99503,270430187.0,0.0111,-9.52,1336985,1471908,1418959
2473,ATHE,Healthcare,Biotechnology,NASDAQ,92.0,57,94.11,56,4.03,88116118.85470963,18909039.0,0.0011,-42.43,27657,26022,20171
2474,UMBFO,Financial Services,Banks - Regional,NASDAQ,91.99,57,95.86,66,26.8,,,0.42,-4.46,7718,15652,18997
2475,GHC,Consumer Defensive,Education & Training Services,NYSE,91.98,57,93.39,51,1093.0,4894354798.246582,4307084.0,0.044099998,-10.76,15333,18144,19596
2476,AFG,Financial Services,Insurance - Property & Casualty,NYSE,91.98,57,97.01,69,134.3,10910865028.100647,83086083.0,0.0194,-10.48,429036,472472,509211
2477,ALL,Financial Services,Insurance - Property & Casualty,NYSE,91.97,57,96.37,68,217.37,54869269658.32733,257420930.0,0.0001,-2.19,1703525,1420688,1416199
2478,RFMZ,Financial Services,Asset Management,NYSE,91.97,57,95.6,65,13.14,321443187.75527096,24351757.0,0.74,-0.98,96002,71880,71698
2479,RCI,Communication Services,Telecom Services,NYSE,91.96,57,92.63,47,35.34,19934313582.518356,540225278.0,4.45,-14.1,904640,1400500,1357266
2480,ADSE,Industrials,Electrical Equipment & Parts,NASDAQ,91.92,57,96.08,67,11.5,672169970.8279419,60122536.0,0.0033000002,-17.27,5834,8821,7764
2481,WTS,Industrials,Specialty Industrial Machinery,NYSE,91.92,57,92.95,48,296.81,9913755037.198181,33390890.0,0.0349,-14.01,354933,298767,255136
2482,NET,Technology,Software - Infrastructure,NYSE,91.92,57,89.47,34,197.56,69307261997.15942,353374090.0,0.030299999,-24.02,6642728,5138566,4515411
2483,SPKLU,Financial Services,Shell Companies,NASDAQ,91.92,57,94.95,62,11.78,,,,-1.53,20,16,10
2484,L,Financial Services,Insurance - Property & Casualty,NYSE,91.91,57,90.48,37,105.8,21502847228.5,205768873.0,0.023599999,-7.92,926787,725615,703719
2485,ESS,Real Estate,REIT - Residential,NYSE,91.9,57,98.87,74,267.06,16936180529.004944,64261739.0,0.0433,-9.19,434723,451397,481308
2486,PCAR,Industrials,Farm & Heavy Construction Machinery,NASDAQ,91.89,57,86.53,25,110.32,60159777552.11151,526286229.0,0.026800001,-16.35,2380905,2754498,2697239
2487,BRID,Consumer Defensive,Packaged Foods,NASDAQ,91.86,57,98.35,73,7.89,70890057.4006195,9076832.0,0.0044,-9.73,2106,1732,2659
2488,DLNG,Energy,Oil & Gas Midstream,NYSE,91.86,57,90.77,39,3.82,139706919.11730695,36382011.0,0.0043,-14.16,63532,67137,99236
2489,ATLCP,Financial Services,Credit Services,NASDAQ,91.86,57,96.75,69,23.98,,,0.45,-4.08,4564,4418,5864
2490,UYSC,Financial Services,Shell Companies,NASDAQ,91.84,57,95.49,64,10.66,81676281.12785721,7658348.0,0.009,-0.05,1110,5240,4440
2491,HMN,Financial Services,Insurance - Property & Casualty,NYSE,91.84,57,95.31,64,44.99,1797365897.9415436,40381172.0,0.0311,-6.91,183312,192120,228340
2492,JLS,Financial Services,Asset Management,NYSE,91.83,57,95.22,63,18.5,101920031.81266785,5476627.0,0.0057,-3.09,23269,17419,16935
2493,TOUR,Consumer Cyclical,Travel Services,NASDAQ,91.82,57,100.33,77,6.17,65725731.922097206,10863757.0,1.27,-38.91,25610,36290,27021
2494,CNR,Energy,Thermal Coal,NYSE,91.82,57,85.06,22,82.77,4280110349.698181,50407610.0,0.0554,-27.9,809945,839135,992973
2495,DSM,Financial Services,Asset Management,NYSE,91.82,57,94.48,59,6.05,304975027.24110985,49428691.0,0.0011999999,-3.97,78309,87136,97201
2496,BAYA,Financial Services,Shell Companies,NASDAQ,91.81,57,94.31,57,11.99,32558292.82011795,2738292.0,0.0001,-2.04,2492,1287,1232
2497,BEKE,Real Estate,Real Estate Services,NYSE,91.8,57,104.5,83,18.17,21016998550.179996,1113778358.0,0.053400002,-13.39,5113686,4167955,4261821
2498,ORC,Real Estate,REIT - Mortgage,NYSE,91.8,57,92.19,45,6.86,1414936631.5805302,200700226.0,0.068,-18.33,4121983,5668261,6287864
2499,SNA,Industrials,Tools & Accessories,NYSE,91.79,57,90.16,36,359.65,19373916584.0,51801916.0,0.0685,-10.28,343193,391031,407370
2500,CBFV,Financial Services,Banks - Regional,NASDAQ,91.78,57,89.65,34,34.3,180011783.18349075,5072183.0,0.0215,-9.14,3375,3485,4407
2501,NECB,Financial Services,Banks - Regional,NASDAQ,91.77,57,90.01,36,23.19,338380189.91457367,13834023.0,0.0066000004,-9.59,26272,32930,35226
2502,CAPN,Financial Services,Shell Companies,NASDAQ,91.76,57,94.71,61,11.0,58169012.0,5288092.0,0.00059999997,-3.85,5050,1956,4954
2503,RLTY,Financial Services,Asset Management,NYSE,91.75,57,94.18,56,15.36,265551809.1937275,16722406.0,0.26,-3.82,37794,44114,50354
2504,BCS,Financial Services,Banks - Diversified,NYSE,91.75,57,90.54,38,22.53,80817631731.78397,3408588564.0,0.27,-18.66,6396756,6920745,7889477
2505,CENTA,Consumer Defensive,Packaged Foods,NASDAQ,91.75,57,95.02,62,33.63,2142423577.982975,62570779.0,0.026099999,-10.82,367598,291249,314221
2506,XOMAO,Healthcare,Biotechnology,NASDAQ,91.74,57,94.03,55,25.32,,,0.89,-4.09,7264,6414,5104
2507,NVST,Healthcare,Medical Instruments & Supplies,NYSE,91.73,57,81.34,15,23.22,3944524816.274534,162727923.0,0.0758,-23.67,4402313,2930131,2747956
2508,CBU,Financial Services,Banks - Regional,NYSE,91.73,57,92.45,46,61.72,3360266471.90094,52537000.0,0.052399997,-8.56,250143,218847,244886
2509,TRNS,Industrials,Specialty Business Services,NASDAQ,91.72,57,94.65,60,75.17,711579335.0,9332188.0,0.08180001,-22.57,136923,128684,136332
2510,APH,Technology,Electronic Components,NYSE,91.7,57,83.21,18,125.0,157506914491.59897,1230234445.0,0.0127,-25.17,12959359,9289529,9218693
2511,MTLS,Technology,Software - Application,NASDAQ,91.69,57,98.3,73,5.68,316150144.5430527,58438106.0,0.0166,-16.47,143759,94696,94637
2512,BMRC,Financial Services,Banks - Regional,NASDAQ,91.69,57,92.06,44,25.42,422875160.4269428,16189707.0,0.0428,-10.74,106852,117104,109072
2513,EG,Financial Services,Insurance - Reinsurance,NYSE,91.67,57,96.48,68,351.67,13910209100.293396,39571602.0,0.0271,-4.51,320502,330014,331302
2514,PH,Industrials,Specialty Industrial Machinery,NYSE,91.67,57,87.96,29,862.72,110808503399.66669,126086389.0,0.0107,-16.64,772450,700336,768200
2515,FSHP,Financial Services,Shell Companies,NASDAQ,91.67,57,95.84,66,11.15,55129922.83195782,5025517.0,0.0001,1.55,316,395,991
2516,NMR,Financial Services,Capital Markets,NYSE,91.66,57,90.32,37,8.0,22951869060.14318,2887027624.0,0.00090000004,-16.49,1352023,1672817,1928438
2517,AES,Utilities,Utilities - Diversified,NYSE,91.66,57,93.26,50,14.47,10219549972.880384,713157713.0,0.0336,-18.02,12694273,10757894,11909252
2518,GMED,Healthcare,Medical Devices,NYSE,91.64,57,79.82,13,76.64,10581293182.440277,135744626.0,0.0295,-24.42,2232019,1399459,1246009
2519,CCID,Financial Services,Asset Management,NYSE,91.63,57,95.9,66,25.53,,,1.18,0.31,2938,1519,2605
2520,O,Real Estate,REIT - Retail,NYSE,91.63,57,90.14,36,61.12,57739935750.15518,932492530.0,0.0376,-10.04,6287893,5489907,5757748
2521,OGS,Utilities,Utilities - Regulated Gas,NYSE,91.61,57,87.66,28,82.37,5329166906.8732605,62762533.0,0.0627,-9.26,614256,462052,501681
2522,PMM,Financial Services,Asset Management,NYSE,91.58,57,95.1,63,6.23,269850409.2698221,42833397.0,0.0008,-4.45,113186,114318,106421
2523,AGNCP,Real Estate,REIT - Mortgage,NASDAQ,91.58,57,95.29,64,24.87,,,0.13,-2.74,58518,84762,104969
2524,GUG,Financial Services,Asset Management,NYSE,91.58,57,93.37,50,15.65,522734328.13090324,32980083.0,0.95,-5.15,62205,62498,66863
2525,VLYPP,Financial Services,Banks - Regional,NASDAQ,91.57,57,94.64,60,25.25,,,4.74,-3.29,1598,2239,3735
2526,VGM,Financial Services,Asset Management,NYSE,91.57,57,93.41,51,10.08,566181723.1633606,54231968.0,0.0022,-5.44,169764,155931,173726
2527,EQBK,Financial Services,Banks - Regional,NYSE,91.54,57,91.41,41,44.27,949052966.9439812,20767023.0,0.026300002,-11.58,86687,107202,114317
2528,MIY,Financial Services,Asset Management,NYSE,91.54,57,93.05,49,11.93,345839102.8459072,28964750.0,0.0013,-7.52,65757,72095,63499
2529,YJ,Consumer Cyclical,Internet Retail,NASDAQ,91.53,56,94.39,58,1.63,9260015.176513195,4925540.0,0.0084,-38.95,2307,3059,4061
2530,BOE,Financial Services,Asset Management,NYSE,91.53,56,93.31,50,11.55,661641466.2902355,55600125.0,0.0008,-5.17,101618,120936,144669
2531,VFC,Consumer Cyclical,Apparel Manufacturing,NYSE,91.5,56,82.69,17,16.68,7426178071.033855,391263343.0,0.0864,-25.1,6224890,6523660,6412064
2532,VLYPO,Financial Services,Banks - Regional,NASDAQ,91.5,56,95.01,62,25.09,,,0.17,-2.53,5348,5512,7027
2533,OIA,Financial Services,Asset Management,NYSE,91.47,56,92.97,49,6.04,296549835.27700424,47676824.0,0.0022,-5.63,87940,99623,95260
2534,ARVN,Healthcare,Biotechnology,NASDAQ,91.47,56,78.38,11,9.08,652271619.7696838,64517472.0,0.0795,-37.42,1066159,849149,893775
2535,NPB,Financial Services,Banks - Regional,NYSE,91.46,56,90.28,37,17.12,613305406.1652298,34494116.0,0.0104,-12.1,130860,157900,173368
2536,MFA,Real Estate,REIT - Mortgage,NYSE,91.45,56,87.72,28,9.31,1010729194.8542824,102093862.0,0.026500002,-11.92,1690546,1417468,1464145
2537,IZEA,Communication Services,Internet Content & Information,NASDAQ,91.45,56,90.65,38,3.83,75412124.69669867,17336121.0,0.0062,-34.63,75947,59595,65921
2538,OMDA,Healthcare,Health Information Services,NASDAQ,91.44,56,116.28,92,16.56,880534001.6879044,59415251.0,0.0687,-41.69,1688443,1057617,1314152
2539,ATMU,Consumer Cyclical,Auto Parts,NYSE,91.43,56,84.78,21,51.64,4540170284.9822235,81672428.0,0.0598,-22.35,1222197,1718855,1343723
2540,ATO,Utilities,Utilities - Regulated Gas,NYSE,91.43,56,89.01,32,176.48,30190787390.101807,166919822.0,0.026400002,-8.33,1180833,906067,976828
2541,GFF,Industrials,Building Products & Equipment,NYSE,91.42,56,89.63,34,81.85,4037180706.6487656,45866631.0,0.0458,-16.12,404006,409805,378151
2542,RGP,Industrials,Consulting Services,NASDAQ,91.42,56,103.3,82,4.4,152765574.25219727,34329344.0,0.0749,-30.16,297572,332567,327538
2543,CBLL,Healthcare,Medical Devices,NASDAQ,91.4,56,76.67,9,16.3,765024347.0944176,37872491.0,0.0624,-33.0,429261,302317,298152
2544,FELE,Industrials,Specialty Industrial Machinery,NASDAQ,91.4,56,90.75,38,96.07,4389062765.079834,44182232.0,0.0150999995,-13.86,239031,308477,292058
2545,SPMA,Financial Services,Asset Management,NYSE,91.39,56,94.4,58,25.08,,,1.38,-3.46,5386,4438,5097
2546,AWP,Financial Services,Asset Management,NYSE,91.37,56,92.87,48,11.69,366023104.70787716,30629549.0,0.67,-8.03,97171,115337,136692
2547,SGHT,Healthcare,Medical Devices,NASDAQ,91.37,56,110.58,89,4.98,292725494.1867237,54409942.0,0.0272,-46.08,255204,302688,329706
2548,NMCO,Financial Services,Asset Management,NYSE,91.37,56,93.99,54,10.67,599312522.8765182,55389329.0,0.0061000003,-2.91,150302,138880,132534
2549,LWAY,Consumer Defensive,Packaged Foods,NASDAQ,91.37,56,92.95,48,24.21,391216338.62957764,15281888.0,0.048299998,-29.21,192863,108897,95046
2550,FTAIM,Industrials,Aerospace & Defense,NASDAQ,91.34,56,92.97,49,26.75,,,2.34,-2.69,3571,4097,4302
2551,ARLP,Energy,Thermal Coal,NASDAQ,91.34,56,91.85,43,25.13,3197171253.9294376,128658801.0,0.0149,-14.67,416694,425404,398604
2552,NOA,Energy,Oil & Gas Equipment & Services,NYSE,91.33,56,98.45,73,15.29,417130212.1915283,28414864.0,1.46,-16.17,106780,112546,146298
2553,RF,Financial Services,Banks - Regional,NYSE,91.33,56,89.46,34,26.66,23578875918.75539,853379538.0,0.0788,-15.45,12065853,10386104,12552310
2554,CUZ,Real Estate,REIT - Office,NYSE,91.32,56,102.23,80,25.81,4403099348.7402935,164540333.0,0.1191,-16.23,2331348,2304832,2122717
2555,STAG,Real Estate,REIT - Industrial,NYSE,91.31,56,93.38,50,37.77,7447437038.12788,191205055.0,0.045900002,-5.55,1263801,1142987,1258200
2556,ODYS,Technology,Scientific & Technical Instruments,NASDAQ,91.31,56,78.9,11,4.56,74780405.85960674,16766907.0,0.0007,-40.0,4134942,1392060,844380
2557,OCCIN,Financial Services,Asset Management,NASDAQ,91.3,56,94.76,61,24.77,,,0.73,-0.49,3102,2524,2080
2558,NWFL,Financial Services,Banks - Regional,NASDAQ,91.29,56,88.09,29,28.74,332041158.8474388,10890166.0,0.0119,-10.83,17824,19274,21792
2559,DYNC,Financial Services,Shell Companies,NASDAQ,91.29,56,95.53,65,10.79,237711991.3540821,22133333.0,0.0063,-29.2,156154,319341,259224
2560,JKS,Technology,Solar,NYSE,91.28,56,96.05,67,24.6,1286211789.3113022,52370188.0,0.040700004,-22.84,902595,825175,684907
2561,SPME,Financial Services,Asset Management,NYSE,91.23,56,95.11,63,25.19,,,1.7,-3.12,3730,3876,4998
2562,BWB,Financial Services,Banks - Regional,NASDAQ,91.23,56,91.41,41,17.99,516399969.60399246,27883367.0,0.0145000005,-11.38,59307,64645,68623
2563,ONB,Financial Services,Banks - Regional,NASDAQ,91.21,56,92.69,47,23.29,9388863605.220795,386373000.0,0.0794,-11.0,2919414,3109438,3213882
2564,NBH,Financial Services,Asset Management,NYSE ARCA,91.21,56,94.75,61,10.31,308916364.4087143,29618059.0,0.0013,-3.1,98507,112725,107343
2565,RR,Industrials,Specialty Industrial Machinery,NASDAQ,91.2,56,102.27,81,2.68,590293392.176151,223595973.0,0.288,-63.93,15478150,10836413,9534184
2566,VKQ,Financial Services,Asset Management,NYSE,91.19,56,93.36,50,9.53,541734689.7391176,55335515.0,0.0017,-4.6,259756,279488,241783
2567,SWKS,Technology,Semiconductors,NASDAQ,91.19,56,103.41,82,68.53,10044110025.53897,150405963.0,0.2346,-24.61,5961230,4045093,3779354
2568,CENT,Consumer Defensive,Packaged Foods,NASDAQ,91.17,56,94.96,62,37.38,2386449472.8698273,62570779.0,0.0553,-9.99,61228,56319,78389
2569,IBOC,Financial Services,Banks - Regional,NASDAQ,91.17,56,94.16,56,70.83,4556019539.141693,62181244.0,0.029000001,-6.11,271899,296246,408707
2570,ENGS,Industrials,Waste Management,NASDAQ,91.16,56,129.14,95,1.55,39066770.0,31253416.0,0.0008,-87.58,228659,245779,296425
2571,DMB,Financial Services,Asset Management,NYSE,91.14,56,94.26,57,10.85,204490353.71081066,18405973.0,0.51,-3.81,53072,46984,49492
2572,SCD,Financial Services,Asset Management,NYSE,91.13,56,93.95,54,15.3,348634455.2566519,22906337.0,1.29,-9.41,67488,86506,67207
2573,ARX,Financial Services,Insurance Brokers,NYSE,91.13,56,114.38,91,15.44,2932512010.426342,222160004.0,0.056500003,-50.48,1425890,1305056,1278240
2574,NAN,Financial Services,Asset Management,NYSE,91.12,56,93.89,54,11.4,357931592.8304901,31043504.0,0.0031,-2.31,90440,68166,71798
2575,PIPR,Financial Services,Capital Markets,NYSE,91.12,56,91.72,43,78.79,5756690776.626434,71043945.0,0.0424,-17.12,693407,646542,701527
2576,MFM,Financial Services,Asset Management,NYSE,91.1,56,94.77,61,5.42,228591359.90591717,41187631.0,0.24,-4.41,134807,115139,107689
2577,LEO,Financial Services,Asset Management,NYSE,91.1,56,93.61,52,6.28,404890551.0,62290854.0,0.0018000001,-4.12,236629,222803,199123
2578,GF,Financial Services,Asset Management,NYSE,91.09,56,97.16,70,11.82,195775344.17209625,16179780.0,0.0016,-7.8,51304,52221,41642
2579,ETX,Financial Services,Asset Management,NYSE,91.09,56,96.0,66,19.0,205281828.58260727,10896063.0,0.0017,-5.0,14847,14005,14913
2580,BGIN,Technology,Computer Hardware,NASDAQ,91.08,56,106.82,86,3.71,462726015.9531746,113135941.0,0.008,-42.92,31549,27319,20533
2581,AGNCL,Real Estate,REIT - Mortgage,NASDAQ,91.07,56,95.05,63,24.89,,,0.41,-2.35,12328,13069,17003
2582,WSBCO,Financial Services,Banks - Regional,NASDAQ,91.06,56,94.49,59,25.71,,,0.0018000001,-1.23,3198,6432,11175
2583,TITN,Industrials,Industrial Distribution,NASDAQ,91.06,56,95.09,63,19.72,502312531.0665169,23309167.0,0.0369,-15.76,134981,126710,156044
2584,EICA,Financial Services,Asset Management,NYSE,91.06,56,94.74,61,24.92,,,0.34,-3.86,3065,2428,3369
2585,ANGO,Healthcare,Medical Instruments & Supplies,NASDAQ,91.04,56,93.73,53,10.77,462771840.1190424,41318915.0,0.0556,-23.02,282933,388201,415566
2586,SIM,Basic Materials,Steel,NYSE ARCA,91.03,56,95.18,63,30.02,4606050864.995934,153432738.0,5.18,-13.21,300,193,116
2587,AFCG,Financial Services,Asset Management,NASDAQ,91.0,56,107.98,87,3.06,75762878.35316563,23528844.0,0.0872,-47.87,532070,275766,280150
2588,UIS,Technology,Information Technology Services,NYSE,91.0,56,117.49,93,2.99,231838445.46694517,72905170.0,0.081599995,-50.66,966150,741530,696128
2589,HWC,Financial Services,Banks - Regional,NASDAQ,90.99,55,89.81,35,64.15,5580422053.052124,81157968.0,0.114300005,-14.95,920755,843881,909817
2590,CHSCL,Consumer Defensive,Farm Products,NASDAQ,90.99,55,94.55,60,25.7,,,0.41,-1.53,16116,17585,22907
2591,REAL,Consumer Cyclical,Luxury Goods,NASDAQ,90.99,55,77.52,10,9.06,1236204116.8574524,120487728.0,0.1725,-47.91,5699472,3659190,3531788
2592,WASH,Financial Services,Banks - Regional,NASDAQ,90.98,55,86.62,25,30.92,616390656.6001434,19065593.0,0.0543,-16.61,166299,216683,210203
2593,GATX,Industrials,Rental & Leasing Services,NYSE,90.98,55,85.13,22,172.67,6618778913.910034,35502758.0,0.0454,-16.0,264219,223536,211657
2594,OGE,Utilities,Utilities - Regulated Electric,NYSE,90.98,55,90.67,38,46.27,9771823784.447777,206374321.0,0.0548,-7.7,1443807,1507162,1679981
2595,NUV,Financial Services,Asset Management,NYSE,90.94,55,93.52,51,9.08,1915608836.074997,207541596.0,0.0018000001,-1.94,503295,477415,489013
2596,FITBI,Financial Services,Banks - Regional,NASDAQ,90.94,55,94.51,59,25.49,,,1.74,-1.92,26381,32573,36814
2597,GDL,Financial Services,Asset Management,NYSE,90.94,55,94.45,59,8.45,92886359.5,10927807.0,0.0013,-2.54,7159,6846,8753
2598,GLPI,Real Estate,REIT - Specialty,NASDAQ,90.93,55,93.72,52,46.38,13656957518.749786,283221841.0,0.0591,-7.15,1540086,1913788,2039347
2599,CNS,Financial Services,Asset Management,NYSE,90.93,55,102.29,81,71.45,3740272075.134224,51405607.0,0.0311,-14.93,280787,336595,361453
2600,EDD,Financial Services,Asset Management,NYSE,90.92,55,90.89,39,5.41,358375617.6317954,64456047.0,0.49,-12.46,322868,340756,422747
2601,MPB,Financial Services,Banks - Regional,NASDAQ,90.85,55,88.47,30,31.12,828216063.0797768,25296763.0,0.0241,-11.64,143831,164783,168308
2602,LOB,Financial Services,Banks - Regional,NYSE,90.85,55,91.01,40,35.55,1744092175.9954033,46262391.0,0.0708,-17.11,185137,221625,251649
2603,SLMBP,Financial Services,Credit Services,NASDAQ,90.84,55,94.73,61,74.97,,,2.79,-9.84,2744,2678,2644
2604,VMO,Financial Services,Asset Management,NYSE,90.82,55,93.53,51,9.53,662267506.1187363,67440685.0,0.0017,-5.64,316859,269226,254905
2605,FTAIN,Industrials,Aerospace & Defense,NASDAQ,90.8,55,94.55,60,25.44,,,0.52,-1.74,9962,7567,8620
2606,AEE,Utilities,Utilities - Regulated Electric,NYSE,90.8,55,89.07,32,106.36,30174566511.902138,276653219.0,0.0368,-7.99,1847760,1690783,1666340
2607,FGMC,Financial Services,Shell Companies,NASDAQ,90.79,55,95.8,66,10.33,105531950.0,10295800.0,0.0034,0.58,57760,48896,41596
2608,TCBS,Financial Services,Banks - Regional,NASDAQ,90.79,55,92.99,49,16.7,48561147.13986206,2885392.0,0.0011999999,-16.5,905,1141,1483
2609,REGN,Healthcare,Biotechnology,NASDAQ,90.79,55,88.62,31,698.25,74948377122.20801,104839032.0,0.0286,-14.96,769443,745071,690614
2610,KTF,Financial Services,Asset Management,NYSE,90.78,55,93.32,50,8.99,356472840.7432518,39172838.0,0.4,-4.06,132867,137719,153979
2611,MBWM,Financial Services,Banks - Regional,NASDAQ,90.77,55,89.75,35,49.87,900167691.7934418,17274375.0,0.0173,-10.58,99087,115162,114923
2612,BFS,Real Estate,REIT - Retail,NYSE,90.77,55,91.85,43,33.0,863412797.6652832,24535744.0,0.0039,-7.69,57039,57626,56819
2613,LEDS,Technology,Semiconductors,NASDAQ,90.77,55,127.79,95,2.02,17175917.609991074,8257653.0,0.0023999999,-40.06,93633,47907,34192
2614,COE,Consumer Defensive,Education & Training Services,NYSE ARCA,90.77,55,103.33,82,28.75,148560897.20006943,6007315.0,0.003,-48.78,7658,9456,9237
2615,CFBK,Financial Services,Banks - Regional,NASDAQ,90.76,55,87.44,28,27.21,178284496.2935257,6499617.0,0.0101,-20.76,24897,27765,34815
2616,BDJ,Financial Services,Asset Management,NYSE,90.76,55,91.89,44,8.93,1627891105.050479,176944689.0,0.00059999997,-8.5,474659,485393,491653
2617,VACI,Financial Services,Shell Companies,NYSE,90.76,55,96.59,68,10.3,318278931.93992996,31326667.0,0.0033000002,-0.0,308804,288124,180196
2618,KE,Industrials,Electrical Equipment & Parts,NASDAQ,90.75,55,89.5,34,24.53,628638884.821701,24048925.0,0.052199997,-26.09,171657,137205,145197
2619,CHSCM,Consumer Defensive,Farm Products,NASDAQ,90.75,55,94.36,58,24.88,,,0.42,-2.05,20836,18825,23743
2620,SABA,Financial Services,Asset Management,NYSE,90.74,55,94.78,61,8.35,236263974.934021,27730512.0,0.0007,-11.73,48141,53927,70402
2621,UYSCU,Financial Services,Shell Companies,NASDAQ,90.74,55,94.37,58,10.51,70180526.52835846,6677500.0,3.24,-7.73,0,60,76
2622,BACC,Financial Services,Shell Companies,NASDAQ,90.73,55,95.72,65,10.43,292484226.04667187,27962163.0,0.0001,-0.67,68081,38113,38044
2623,BKHAU,Financial Services,Shell Companies,NASDAQ,90.73,55,95.03,62,11.9,,,0.0,-11.19,100,36,195
2624,CXH,Financial Services,Asset Management,NYSE,90.72,55,90.73,38,7.93,68709464.53832626,8199220.0,0.93,-5.82,63414,88511,62188
2625,EDTK,Consumer Defensive,Education & Training Services,NASDAQ,90.72,55,95.34,64,1.0,15929451.0,15929451.0,0.08,-15.25,1192,1230,2574
2626,FMN,Financial Services,Asset Management,NYSE,90.71,55,94.46,59,11.14,88507692.93392181,7818701.0,0.0019,-2.28,15958,22086,24575
2627,TFC,Financial Services,Banks - Regional,NYSE,90.7,55,89.19,33,46.96,61185131955.67436,1245879275.0,0.0225,-16.44,7126784,8112178,9248082
2628,VFL,Financial Services,Asset Management,NYSE ARCA,90.7,55,94.1,56,10.11,125849530.75,12278003.0,0.0043,-3.71,35520,37800,36308
2629,ORRF,Financial Services,Banks - Regional,NASDAQ,90.69,55,89.42,34,35.19,726717372.9224625,19619799.0,0.0402,-13.58,95756,120208,159887
2630,CEV,Financial Services,Asset Management,NYSE ARCA,90.68,55,93.57,51,10.13,73149177.31690407,7033575.0,0.27,-6.03,21084,25724,21596
2631,OLP,Real Estate,REIT - Diversified,NYSE,90.68,55,93.15,49,22.43,511666072.2469177,21819448.0,0.0152,-13.4,51493,56921,70648
2632,APO,Financial Services,Asset Management,NYSE,90.67,55,104.29,83,135.38,76792130972.20818,576517513.0,0.0584,-13.92,3568097,4096275,4818345
2633,LBTYK,Communication Services,Telecom Services,NASDAQ,90.67,55,91.49,42,11.34,3996311602.1608505,338097437.0,0.0538,-13.57,1065907,1376515,1325073
2634,RGA,Financial Services,Insurance - Reinsurance,NYSE,90.66,55,94.1,56,210.15,13796195799.835205,65509000.0,0.0173,-8.32,430241,349763,331156
2635,VKI,Financial Services,Asset Management,NYSE ARCA,90.65,55,94.0,54,8.78,401430419.10604477,44406020.0,0.00090000004,-8.54,113773,113114,137718
2636,JLL,Real Estate,Real Estate Services,NYSE,90.64,55,87.03,27,288.23,15303848358.718872,46393575.0,0.016,-20.61,376607,413849,438399
2637,PDPA,Financial Services,Asset Management,NYSE,90.64,55,93.45,51,24.92,,,0.89,-4.7,1871,2267,2542
2638,XEL,Utilities,Utilities - Regulated Electric,NASDAQ,90.63,55,89.78,35,77.92,49560759987.3761,624269560.0,0.0508,-7.49,5638690,4952446,4737250
2639,GILD,Healthcare,Drug Manufacturers - General,NASDAQ,90.63,55,87.83,28,129.58,163055373825.80234,1241569874.0,0.0183,-17.62,6679281,5788717,5932736
2640,SYF,Financial Services,Credit Services,NYSE,90.63,55,92.06,44,71.38,24602119294.575897,336370242.0,0.0573,-19.59,3816410,3821056,3833542
2641,CHSCN,Consumer Defensive,Farm Products,NASDAQ,90.62,55,94.28,57,25.25,,,0.46,-2.06,12575,12608,19681
2642,IGA,Financial Services,Asset Management,NYSE,90.61,55,93.78,53,9.6,147584189.28431702,15341392.0,0.0008,-5.14,56110,59683,60066
2643,PNI,Financial Services,Asset Management,NYSE,90.61,55,93.69,52,6.91,79808078.71723175,11209000.0,0.51,-4.03,31150,37796,39354
2644,TXT,Industrials,Aerospace & Defense,NYSE,90.61,55,89.69,35,88.77,15825636532.27694,173888981.0,0.0309,-12.6,1331980,1316786,1435126
2645,CFR,Financial Services,Banks - Regional,NYSE,90.61,55,89.9,35,134.7,8719370498.082764,62797048.0,0.0002,-9.58,614766,546892,543823
2646,RGCO,Utilities,Utilities - Regulated Gas,NASDAQ,90.59,55,91.08,40,22.15,241446027.1400299,10407156.0,0.0089,-9.59,10634,11298,11362
2647,FVN,Financial Services,Shell Companies,NASDAQ,90.58,54,94.65,60,10.84,81550643.16558838,7544000.0,0.0001,-0.09,5820,16286,10222
2648,RIV,Financial Services,Asset Management,NYSE,90.58,54,92.95,48,11.45,320243783.5793457,27371264.0,0.0013,-7.36,66503,73351,74596
2649,WAFDP,Financial Services,Banks - Regional,NASDAQ,90.57,54,93.93,54,16.48,,,0.7,-5.77,11326,11132,14537
2650,ALTG,Industrials,Rental & Leasing Services,NYSE,90.57,54,89.98,36,6.39,235557302.15320587,32535540.0,0.0423,-28.92,478880,288976,260126
2651,TILE,Consumer Cyclical,"Furnishings, Fixtures & Appliances",NASDAQ,90.56,54,94.08,55,28.05,1733004991.2244377,58429029.0,0.074499995,-20.11,605613,564744,642342
2652,OEC,Basic Materials,Specialty Chemicals,NYSE,90.55,54,91.14,40,6.92,429117626.4186969,56388649.0,0.0294,-42.81,553819,481303,622301
2653,SYM,Industrials,Specialty Industrial Machinery,NASDAQ,90.54,54,77.76,10,47.32,6652093957.659187,127215411.0,0.2753,-46.15,2108605,1572511,1494257
2654,PI,Technology,Semiconductors,NASDAQ,90.53,54,106.55,86,138.72,4657494823.2344055,30459059.0,0.14840001,-43.85,473084,505061,540680
2655,RIBB,Financial Services,Shell Companies,NASDAQ,90.53,54,94.73,61,10.63,50954331.52856636,4793446.0,0.00059999997,-1.77,0,1843,1922
2656,PXLW,Technology,Semiconductors,NASDAQ,90.52,54,113.62,91,6.83,36450014.19133139,6361259.0,0.0398,-55.71,148795,73971,66191
2657,PERF,Technology,Software - Application,NYSE,90.52,54,95.54,65,1.69,172124259.8178277,101848671.0,0.0038,-36.7,97238,78422,218437
2658,BWBBP,Financial Services,Banks - Regional,NASDAQ,90.51,54,93.31,50,19.85,,,2.74,-11.7,2990,1926,1914
2659,EFSC,Financial Services,Banks - Regional,NASDAQ,90.51,54,94.52,59,58.31,2188928780.1406097,36585805.0,0.019,-6.4,242798,266482,287943
2660,ULCC,Industrials,Airlines,NASDAQ,90.51,54,107.25,87,4.75,1215585573.3842325,229789335.0,0.4202,-28.68,6771040,6535336,5918864
2661,DMO,Financial Services,Asset Management,NYSE,90.49,54,96.0,66,11.16,126155492.68408966,11427128.0,1.27,-7.84,37700,36750,43858
2662,STRD,Technology,Software - Application,NASDAQ,90.47,54,93.59,52,75.5,897881900.4096985,11764700.0,11.13,-22.01,73895,70378,89367
2663,FDBC,Financial Services,Banks - Regional,NASDAQ,90.45,54,93.05,49,44.7,266457770.8580017,5805180.0,0.0062,-10.6,8581,7020,7334
2664,CHAR,Financial Services,Shell Companies,NASDAQ,90.45,54,94.97,62,10.74,117650758.27272606,10954447.0,15.48,-4.96,1221,8283,5136
2665,SOR,Financial Services,Asset Management,NYSE,90.44,54,92.12,45,45.38,382740151.5,8230971.0,0.0008,-9.98,13247,15942,13985
2666,MPA,Financial Services,Asset Management,NYSE,90.44,54,93.88,53,11.24,148014274.85191345,12949630.0,0.0004,-3.52,29036,30005,31127
2667,LEVI,Consumer Cyclical,Apparel Manufacturing,NYSE,90.43,54,92.37,46,20.98,8718797039.512365,384596251.0,0.0952,-15.47,2936461,3404993,2980984
2668,CPHI,Healthcare,Drug Manufacturers - Specialty & Generic,NYSE ARCA,90.42,54,165.47,98,1.04,21476659.900656223,40522002.0,0.00029999999,-60.0,1483119,511673,318293
2669,NEA,Financial Services,Asset Management,NYSE,90.42,54,92.73,48,11.31,3480848191.1478996,299041932.0,0.0036000002,-4.96,884272,829800,906120
2670,PFE,Healthcare,Drug Manufacturers - General,NYSE,90.41,54,89.19,33,25.33,146361727999.25232,5699444169.0,0.0235,-11.9,39069671,35469707,38158080
2671,LGL,Technology,Scientific & Technical Instruments,NYSE ARCA,90.41,54,91.57,42,7.0,45783045.0,6540435.0,0.0025,-28.13,7030,5403,5220
2672,NMPAU,Financial Services,Shell Companies,NASDAQ,90.41,54,94.92,62,10.43,,,0.15,-1.14,0,290,902
2673,RYET,Consumer Defensive,Education & Training Services,NASDAQ,90.41,54,87.66,28,1.0,38605606.17247152,36080004.0,0.0022,-95.24,11991,35130,29902
2674,D,Utilities,Utilities - Regulated Electric,NYSE,90.4,54,90.99,40,61.73,54429494354.89302,879455403.0,0.028800001,-8.64,4589853,4545674,4364942
2675,HE,Utilities,Utilities - Regulated Electric,NYSE,90.4,54,79.4,12,13.23,2560186290.748947,172635624.0,0.1399,-23.88,2471665,1842651,2106767
2676,PMCB,Healthcare,Biotechnology,NASDAQ,90.4,54,104.96,84,0.8,8114003.608392477,10735649.0,0.0084,-47.02,419869,214203,199155
2677,MTB,Financial Services,Banks - Regional,NYSE,90.39,54,88.64,31,204.9,31066854939.01703,146445060.0,0.0471,-14.27,926892,981224,1092984
2678,ASST,Financial Services,Asset Management,NASDAQ,90.38,54,131.55,96,16.79,1162533027.0912457,73023431.0,0.24340001,-93.74,3424062,3691914,3607462
2679,NYC,Real Estate,Real Estate Services,NYSE,90.37,54,110.26,89,9.5,21435810.462727547,2692941.0,0.0013,-41.72,38353,14157,8984
2680,BN,Financial Services,Asset Management,NYSE,90.35,54,95.37,64,45.54,105324030778.02528,2237128859.0,3.05,-8.13,6405034,5691201,6086850
2681,ALISU,Financial Services,Shell Companies,NASDAQ,90.35,54,93.73,53,10.5,,,10.67,-5.49,0,620,418
2682,TNC,Industrials,Specialty Industrial Machinery,NYSE,90.33,54,96.15,67,80.72,1484429276.1587448,17038903.0,0.0774,-9.16,238103,286997,309778
2683,BFST,Financial Services,Banks - Regional,NASDAQ,90.33,54,90.26,37,26.84,904526164.2125244,32677968.0,0.0153,-11.48,163893,184921,188020
2684,SANA,Healthcare,Biotechnology,NASDAQ,90.33,54,84.96,21,3.07,947671050.455158,269991753.0,0.2762,-53.13,4829324,3965294,3669516
2685,LXEO,Healthcare,Biotechnology,NASDAQ,90.33,54,79.6,12,5.09,457775016.2193546,78520587.0,0.1887,-53.69,735018,886469,945325
2686,VZLA,Basic Materials,Other Industrial Metals & Mining,NYSE ARCA,90.32,54,94.53,60,3.5,1244215832.6015162,349498835.0,0.1114,-51.32,6827301,7070810,7417850
2687,GABC,Financial Services,Banks - Regional,NASDAQ,90.32,54,91.31,41,41.64,1637428540.1718597,37564316.0,0.0325,-7.47,94537,115762,158865
2688,FT,Financial Services,Asset Management,NYSE,90.31,54,91.42,41,7.96,201055152.0,25131894.0,0.91,-4.67,57421,41970,38736
2689,FRHC,Financial Services,Financial Conglomerates,NASDAQ,90.29,54,95.12,63,140.02,8555048548.959045,61190535.0,0.0529,-27.83,68208,87802,91987
2690,ROAD,Industrials,Engineering & Construction,NASDAQ,90.29,54,92.39,46,118.05,7939279779.020264,56515376.0,0.061100002,-21.82,720038,528382,544699
2691,TACOU,Financial Services,Shell Companies,NASDAQ,90.28,54,95.53,65,10.68,,,0.13,-5.15,4572,2747,2128
2692,BNT,Financial Services,Insurance - Diversified,NYSE,90.28,54,94.62,60,45.47,12881860307.480762,274374017.0,10.23,-8.8,17493,24904,34750
2693,PK,Real Estate,REIT - Hotel & Motel,NYSE,90.28,54,91.68,43,10.76,2279415910.7492447,201361835.0,0.2464,-13.16,4873715,4500318,4015623
2694,CHSCO,Consumer Defensive,Farm Products,NASDAQ,90.27,54,94.34,58,26.2,,,0.93,-4.2,13077,16462,20253
2695,LINE,Real Estate,REIT - Industrial,NASDAQ,90.26,54,100.23,77,38.45,9097867416.957893,227674365.0,0.10569999,-21.08,1222876,984015,1041173
2696,MSCI,Financial Services,Financial Data & Stock Exchanges,NYSE,90.26,54,94.02,55,561.72,42576185665.73682,72727592.0,0.0191,-10.31,669141,616877,578508
2697,NZF,Financial Services,Asset Management,NYSE,90.24,54,92.49,47,12.34,2454547078.2803535,193729050.0,0.0017,-5.22,540930,503130,542750
2698,CCNEP,Financial Services,Banks - Regional,NASDAQ,90.24,54,93.23,50,24.79,,,1.09,-2.56,2041,1650,1344
2699,ONBPO,Financial Services,Banks - Regional,NASDAQ,90.24,54,94.72,61,24.8,,,0.51,-2.71,4938,5622,8121
2700,HBIO,Healthcare,Medical Instruments & Supplies,NASDAQ,90.24,54,84.66,21,5.25,31120497.73012781,4510217.0,0.054899998,-44.74,38244,57498,60177
2701,SO,Utilities,Utilities - Regulated Electric,NYSE,90.23,54,90.64,38,92.55,103486244236.64993,1127301098.0,0.0223,-8.22,5772584,4853694,5084340
2702,CHSCP,Consumer Defensive,Farm Products,NASDAQ,90.22,54,94.68,61,27.9,,,0.67,-8.73,8425,10198,14379
2703,PMO,Financial Services,Asset Management,NYSE,90.22,54,94.5,59,10.4,293770021.10236454,28058263.0,0.0011,-4.32,68458,67386,65209
2704,SBFG,Financial Services,Banks - Regional,NASDAQ,90.22,54,93.68,52,21.26,139809611.0687809,6275117.0,0.0255,-11.16,7501,8263,10222
2705,CORT,Healthcare,Biotechnology,NASDAQ,90.2,53,116.78,92,56.37,5612341203.275574,107351594.0,0.1364,-38.05,1324650,1177533,1522546
2706,CNX,Energy,Oil & Gas E&P,NYSE,90.2,53,87.12,27,36.09,5053579830.382141,141477594.0,0.19219999,-17.26,1842570,1894160,2124830
2707,LARK,Financial Services,Banks - Regional,NASDAQ,90.2,53,96.46,68,27.1,170975363.6624756,6097552.0,0.0194,-8.01,5296,5275,7107
2708,BSBK,Financial Services,Banks - Regional,NASDAQ,90.19,53,93.38,50,8.5,106830770.62248516,12560937.0,0.0017,-10.53,17455,10715,10281
2709,NEU,Basic Materials,Specialty Chemicals,NYSE,90.19,53,100.11,77,682.84,6299814946.272888,9198019.0,0.0704,-22.05,83783,110244,124984
2710,SNFCA,Financial Services,Insurance - Life,NASDAQ,90.18,53,90.06,36,9.22,244510888.96493912,24773140.0,0.0126,-11.99,23063,29814,36092
2711,ELAN,Healthcare,Drug Manufacturers - Specialty & Generic,NYSE,90.17,53,80.35,13,19.86,11811982447.425104,499449583.0,0.078200005,-28.35,8514569,5637113,5759513
2712,BLK,Financial Services,Asset Management,NYSE,90.17,53,98.29,73,1081.9,168402481465.06384,155233989.0,0.0126,-11.32,544955,649125,802807
2713,HBANL,Financial Services,Banks - Regional,NASDAQ,90.16,53,94.11,56,25.23,,,0.87,-4.52,15719,16599,22241
2714,MET,Financial Services,Insurance - Life,NYSE,90.16,53,98.2,73,79.78,50239544882.48793,643436779.0,0.0194,-4.85,3180404,3272778,3501894
2715,TJX,Consumer Cyclical,Apparel Retail,NYSE,90.16,53,88.36,30,147.43,169587676048.61548,1105814263.0,0.0104,-11.09,6154772,4729017,4570242
2716,RYTM,Healthcare,Biotechnology,NASDAQ,90.16,53,97.99,72,90.52,6453715475.703049,68532607.0,0.146,-25.92,1056782,735320,876478
2717,RDDT,Communication Services,Internet Content & Information,NYSE,90.16,53,97.18,70,158.17,29992909019.490967,192509040.0,0.120699994,-44.1,5210021,4783243,4835406
2718,BME,Financial Services,Asset Management,NYSE,90.15,53,91.6,42,38.67,503652309.6864929,12924103.0,0.0064,-9.52,58081,49480,49982
2719,BAYAU,Financial Services,Shell Companies,NASDAQ,90.15,53,93.76,53,11.85,,,0.0,-1.25,0,0,0
2720,MACI,Financial Services,Shell Companies,NASDAQ,90.15,53,94.66,60,10.85,233643242.0532837,21621622.0,0.0001,-1.09,556,4465,13211
2721,GOODN,Real Estate,REIT - Diversified,NASDAQ,90.15,53,93.99,54,22.27,,,0.48,-8.54,3765,3205,3005
2722,NPV,Financial Services,Asset Management,NYSE,90.15,53,92.57,47,11.31,220134239.934906,19158768.0,0.0017,-4.23,43293,37381,36324
2723,MUC,Financial Services,Asset Management,NYSE,90.14,53,93.43,51,10.61,1022837371.4445162,94183923.0,0.00059999997,-3.89,267452,245694,257398
2724,HPS,Financial Services,Asset Management,NYSE,90.13,53,93.68,52,14.43,479959408.5742893,32168861.0,1.81,-7.97,40178,53689,57803
2725,NGG,Utilities,Utilities - Regulated Electric,NYSE,90.13,53,85.22,22,80.64,86465055158.63342,995109400.0,0.001,-14.79,2266857,1310512,1327323
2726,AGNCZ,Real Estate,REIT - Mortgage,NASDAQ,90.13,53,94.17,56,25.34,,,0.12,-3.91,61098,58349,66939
2727,MMI,Real Estate,Real Estate Services,NYSE,90.13,53,98.65,74,28.18,1150539402.245575,37821808.0,0.0496,-16.18,266767,207219,243047
2728,SBI,Financial Services,Asset Management,NYSE,90.13,53,94.35,58,7.74,109560421.43458748,14082316.0,0.56,-3.37,57325,48371,45115
2729,DTSQU,Financial Services,Shell Companies,NASDAQ,90.11,53,93.99,54,10.95,,,,0.02,1,0,0
2730,HPF,Financial Services,Asset Management,NYSE,90.11,53,94.55,60,15.81,352042484.4954815,21650829.0,1.11,-7.71,36787,34622,38131
2731,AHRT,Real Estate,REIT - Diversified,NYSE,90.1,53,100.33,77,6.49,483835863.82759476,75955396.0,0.0509,-15.82,905011,754150,1428110
2732,FRMEP,Financial Services,Banks - Regional,NASDAQ,90.1,53,93.17,49,25.2,,,1.14,-6.98,2779,1373,1263
2733,BTO,Financial Services,Asset Management,NYSE,90.1,53,90.12,36,35.46,738571250.5914001,19816776.0,0.38,-11.02,47724,46951,51270
2734,TCBIO,Financial Services,Banks - Regional,NASDAQ,90.09,53,90.42,37,20.85,,,2.11,-9.13,19552,17500,26544
2735,NBTB,Financial Services,Banks - Regional,NASDAQ,90.09,53,93.54,51,44.09,2379999105.455761,52204411.0,0.026600001,-6.03,336177,274819,268043
2736,GMAB,Healthcare,Biotechnology,NASDAQ,90.08,53,90.11,36,26.54,16225656816.75064,613910580.0,0.013099999,-25.09,2299911,1852393,1731192
2737,ASG,Financial Services,Asset Management,NYSE,90.08,53,96.49,68,5.17,330658247.70814896,62862782.0,0.0007,-9.14,326370,303916,294690
2738,MYN,Financial Services,Asset Management,NYSE,90.07,53,93.16,49,9.79,385047747.7076645,38313208.0,0.0008,-4.58,134256,143198,156805
2739,REGCP,Real Estate,REIT - Retail,NASDAQ,90.07,53,95.22,63,23.4,,,0.75,-5.45,7782,4400,5106
2740,ANSC,Financial Services,Shell Companies,NASDAQ,90.07,53,94.31,57,11.33,471145673.91960526,41547237.0,0.0001,-0.18,62014,44411,27506
2741,CXE,Financial Services,Asset Management,NYSE,90.06,53,94.0,54,3.72,119167421.0380404,31525773.0,0.06,-4.12,68034,72254,65482
2742,QSEA,Financial Services,Shell Companies,NASDAQ,90.06,53,94.72,61,10.45,118891158.87050629,11409900.0,0.0001,0.19,122016,43238,28185
2743,UVV,Consumer Defensive,Tobacco,NYSE,90.05,53,95.02,62,53.49,1338391754.2151184,24923496.0,0.08979999,-20.56,156740,185886,193576
2744,KDK,Technology,Software - Infrastructure,NASDAQ,90.05,53,89.88,35,8.11,1331663356.8702478,183804469.0,0.045700002,-28.55,1766239,1013679,797653
2745,GLDG,Basic Materials,Gold,NYSE ARCA,90.05,53,82.05,16,1.1,256799909.40431118,213999916.0,0.020299999,-51.54,2128549,1968119,2130417
2746,INGN,Healthcare,Medical Devices,NASDAQ,90.05,53,92.7,47,6.38,191818803.7988243,27324616.0,0.0372,-30.12,411306,348858,293299
2747,UHT,Real Estate,REIT - Healthcare Facilities,NYSE,90.03,53,91.58,42,40.26,563488043.2489929,13875598.0,0.0305,-9.93,63679,59926,64493
2748,YHNA,Financial Services,Shell Companies,NASDAQ,90.02,53,94.38,58,10.8,83700001.47819519,7750000.0,0.41,-5.26,0,780,496
2749,VGAS,Utilities,Utilities - Renewable,NASDAQ,90.01,53,111.94,90,1.8,79298325.88542509,44549622.0,0.035099998,-54.08,17979,20469,36819
2750,IIM,Financial Services,Asset Management,NYSE,90.0,53,93.63,52,12.1,576117682.5868893,47068439.0,0.0028,-8.12,124570,122763,151190
2751,FSHPU,Financial Services,Shell Companies,NASDAQ,90.0,53,94.27,57,10.97,,,0.0,-8.58,0,0,10
2752,ANNA,Energy,Oil & Gas E&P,NASDAQ,89.99,53,85.14,22,3.43,131826801.1713028,40940000.0,0.109,-70.56,626725,1344571,5574099
2753,HPI,Financial Services,Asset Management,NYSE,89.99,53,94.14,56,15.95,439659177.41184235,26792150.0,0.67,-9.43,59388,64466,59649
2754,PLMK,Financial Services,Shell Companies,NASDAQ,89.98,53,94.66,60,10.64,257095678.27749252,24242875.0,0.0001,-0.28,41012,43217,79848
2755,AVA,Utilities,Utilities - Diversified,NYSE,89.98,53,91.67,42,40.41,3373300687.3807526,82638430.0,0.047199998,-7.1,538185,507835,552785
2756,CMU,Financial Services,Asset Management,NYSE,89.98,53,89.87,35,3.45,89989519.73064566,25492782.0,1.94,-7.01,173189,244406,173677
2757,MTW,Industrials,Farm & Heavy Construction Machinery,NYSE,89.96,53,88.01,29,12.2,471851946.0885773,35909584.0,0.0374,-21.59,275482,206860,230594
2758,FORA,Healthcare,Health Information Services,NASDAQ,89.96,53,95.6,65,2.17,67167899.27936268,31240882.0,0.003,-19.93,48980,45340,32574
2759,IPM,Technology,Software - Application,NASDAQ,89.96,53,100.4,78,1.88,24077741.796783328,13085729.0,0.0069,-34.72,32497,38835,84655
2760,BMN,Financial Services,Asset Management,NYSE,89.95,53,92.71,48,25.5,158025419.8959713,6147653.0,3.07,-8.8,11376,10502,9223
2761,DMAA,Financial Services,Shell Companies,NASDAQ,89.95,53,94.52,59,10.59,357401728.6620693,33717143.0,0.0502,-0.1,8401,190227,157064
2762,SIMAU,Financial Services,Shell Companies,NASDAQ,89.94,53,94.52,59,10.89,,,,-7.71,0,10,6
2763,EOS,Financial Services,Asset Management,NYSE,89.92,53,96.35,68,22.35,1214538858.3092022,53316015.0,0.21,-8.74,114716,131458,135753
2764,CNXN,Technology,Electronics & Computer Distribution,NASDAQ,89.92,53,96.0,66,64.25,1681316071.041893,25226047.0,0.0332,-9.72,96693,75334,77274
2765,NAD,Financial Services,Asset Management,NYSE,89.89,52,93.03,49,11.64,2789897922.2202253,233464265.0,0.0013,-5.44,699875,652031,765303
2766,REGCO,Real Estate,REIT - Retail,NASDAQ,89.89,52,95.89,66,22.5,,,1.23,-7.18,4628,4116,5145
2767,TVAIU,Financial Services,Shell Companies,NASDAQ,89.88,52,94.76,61,10.49,,,,0.0,0,10,6
2768,LEGT,Financial Services,Shell Companies,NYSE ARCA,89.87,52,94.53,60,11.08,286115072.6866722,25799375.0,0.0053,-3.65,14124,33994,60192
2769,TAVI,Financial Services,Shell Companies,NASDAQ,89.87,52,94.37,58,10.62,121900004.38690186,11500000.0,0.0025,-0.93,87712,30387,21108
2770,GOLF,Consumer Cyclical,Leisure,NYSE,89.87,52,83.25,18,85.4,5360623730.842789,58554053.0,0.1362,-18.52,456208,330462,344217
2771,GBDC,Financial Services,Asset Management,NASDAQ,89.84,52,93.37,50,13.06,3428116542.21159,260495181.0,0.06,-16.44,1529107,1803575,2185259
2772,NNY,Financial Services,Asset Management,NYSE,89.84,52,92.52,47,8.4,160909171.6853485,18886052.0,0.00059999997,-6.04,30231,32263,34932
2773,TDAC,Financial Services,Shell Companies,NASDAQ,89.83,52,94.44,59,10.64,232876727.5071144,21907500.0,0.07,-0.47,28280,10413,8948
2774,HVIIU,Financial Services,Shell Companies,NASDAQ,89.83,52,95.88,66,10.8,259289644.57921982,24008300.0,0.0,-22.86,228,184,272
2775,NPFD,Financial Services,Asset Management,NYSE,89.82,52,93.49,51,18.91,468784326.18211174,24164141.0,0.00059999997,-6.01,60643,48511,56676
2776,FMNB,Financial Services,Banks - Regional,NASDAQ,89.81,52,92.93,48,13.67,839076852.0877476,59215021.0,0.0165,-11.81,303415,313335,370875
2777,STRF,Technology,Software - Application,NASDAQ,89.79,52,95.01,62,100.2,,,2.84,-21.6,73590,91620,101250
2778,SDHIU,Financial Services,Shell Companies,NASDAQ,89.78,52,96.11,67,10.64,,,3.28,-6.26,0,73,52
2779,NTWO,Financial Services,Shell Companies,NASDAQ,89.78,52,94.54,60,10.62,255633584.19966698,24116375.0,0.15,-0.19,11248,7149,5691
2780,RL,Consumer Cyclical,Apparel Manufacturing,NYSE,89.77,52,84.88,21,326.81,21736644958.79242,60640659.0,0.0904,-16.93,614178,545286,584325
2781,SBXD,Financial Services,Shell Companies,NYSE,89.76,52,94.64,60,10.79,274659449.0289688,25455000.0,0.01,-7.3,1475,38585,26055
2782,EW,Healthcare,Medical Devices,NYSE,89.76,52,94.83,61,81.38,46040967472.839355,575800000.0,0.0184,-7.41,4269962,5261380,4993948
2783,IQI,Financial Services,Asset Management,NYSE,89.75,52,93.31,50,9.68,525664919.98907566,52883797.0,0.0008,-7.1,125341,134377,152936
2784,HTZ,Industrials,Rental & Leasing Services,NASDAQ,89.75,52,89.73,35,5.53,1906070879.4915962,315053028.0,0.4488,-34.48,8290415,14645808,11505271
2785,TPL,Energy,Oil & Gas E&P,NYSE,89.74,52,83.45,18,385.17,27189720753.77301,68974429.0,0.08930001,-29.61,410078,451572,468177
2786,LPAA,Financial Services,Shell Companies,NASDAQ,89.74,52,94.28,57,10.75,310212498.90327454,28750000.0,0.0001,-0.37,5501,12087,7740
2787,MHD,Financial Services,Asset Management,NYSE,89.74,52,93.03,49,11.49,616835313.3019104,52141616.0,0.0037,-4.65,367129,386236,407499
2788,NKX,Financial Services,Asset Management,NYSE,89.74,52,94.7,61,12.44,654248361.2430172,52507894.0,0.0007,-5.76,158347,168592,179365
2789,IPEX,Financial Services,Shell Companies,NASDAQ,89.71,52,94.49,59,10.46,124333870.00262737,11909375.0,0.00059999997,-0.0,15435,15831,15629
2790,AUDC,Technology,Communication Equipment,NASDAQ,89.71,52,86.41,25,8.15,217969417.6550293,25887104.0,0.0038,-29.13,142525,109518,103475
2791,ONBPP,Financial Services,Banks - Regional,NASDAQ,89.7,52,94.55,60,24.69,,,0.37,-3.55,33204,27378,19524
2792,POLE,Financial Services,Shell Companies,NASDAQ,89.7,52,94.47,59,10.71,315609440.9942627,29510000.0,0.08,-1.74,29579,18679,15461
2793,EGHA,Financial Services,Shell Companies,NASDAQ,89.69,52,94.9,62,10.34,210432507.03811646,20500000.0,0.0001,-0.48,52496,27698,23787
2794,NATH,Consumer Cyclical,Restaurants,NASDAQ,89.69,52,94.66,60,101.21,415172673.2475662,4094405.0,0.060100004,-14.59,24056,22362,23465
2795,CGCT,Financial Services,Shell Companies,NASDAQ,89.69,52,94.49,59,10.38,358110003.94821167,34500000.0,0.0004,-0.57,171571,218393,171684
2796,ACP,Financial Services,Asset Management,NYSE,89.66,52,94.63,60,5.36,672522850.8321428,125470678.0,0.0,-10.52,415553,553004,566902
2797,NOEM,Financial Services,Shell Companies,NASDAQ,89.66,52,94.34,58,10.42,100171085.67166328,9585750.0,0.0011999999,-0.76,1686,4818,4009
2798,VEON,Communication Services,Telecom Services,NASDAQ,89.66,52,100.19,77,54.29,3403989715.5,68767469.0,0.0052,-15.17,153592,108237,126356
2799,PSA,Real Estate,REIT - Industrial,NYSE,89.65,52,92.79,48,292.47,54601750957.9447,175545748.0,0.052199997,-6.71,850507,1001122,1150905
2800,EQR,Real Estate,REIT - Residential,NYSE,89.65,52,95.66,65,63.88,24555985854.92222,374671735.0,0.0309,-11.03,2756417,2700252,2605173
2801,KFII,Financial Services,Shell Companies,NASDAQ,89.65,52,94.41,59,10.5,412188630.0,39256060.0,0.06,0.0,40804,19831,26140
2802,PSNY,Consumer Cyclical,Auto Manufacturers,NASDAQ,89.65,52,107.43,87,21.85,1965585783.71109,91507720.0,20.41,-48.71,115758,96629,127909
2803,RANG,Financial Services,Shell Companies,NASDAQ,89.63,52,94.44,59,10.6,169676748.77643585,16037500.0,0.02,-8.86,138486,55228,36279
2804,CROX,Consumer Cyclical,Footwear & Accessories,NASDAQ,89.63,52,91.57,42,94.94,5149338085.763306,49689648.0,0.1274,-22.71,1042501,1272407,1239242
2805,PGAC,Financial Services,Shell Companies,NASDAQ,89.63,52,94.27,57,10.52,115988265.04707336,11025500.0,0.0002,-0.0,7830,7780,13552
2806,KRC,Real Estate,REIT - Office,NYSE,89.62,52,102.77,81,34.36,4058130541.727379,116278807.0,0.1514,-23.7,1707442,2144187,2125008
2807,IBAC,Financial Services,Shell Companies,NASDAQ,89.62,52,94.03,55,10.76,62163874.66207504,5739970.0,0.0025,-6.03,6325,3485,13423
2808,KMDA,Healthcare,Drug Manufacturers - Specialty & Generic,NASDAQ,89.62,52,87.58,28,7.71,494326922.17752934,57816013.0,0.0034999999,-17.54,58098,45449,60313
2809,NMP,Financial Services,Shell Companies,NASDAQ,89.62,52,94.76,61,10.24,162902503.75380516,15970834.0,0.0028,0.39,9530,3743,3680
2810,LOKV,Financial Services,Shell Companies,NASDAQ,89.61,52,94.46,59,10.48,300868754.38690186,28750000.0,0.04,-10.2,65592,148057,98030
2811,HNVR,Financial Services,Banks - Regional,NASDAQ,89.61,52,93.96,54,22.57,166535504.74605942,7156661.0,0.0121,-7.84,21418,15466,12743
2812,BLUWU,Financial Services,Shell Companies,NASDAQ,89.61,52,93.82,53,10.5,,,2.68,-4.55,0,63,266
2813,BSAAU,Financial Services,Shell Companies,NASDAQ,89.61,52,93.57,51,10.43,,,5.06,-4.49,280,733,600
2814,LCCC,Financial Services,Shell Companies,NASDAQ,89.6,52,94.4,58,10.36,92166753.39698792,8905000.0,0.00090000004,0.1,18008,7086,4391
2815,BBT,Financial Services,Banks - Regional,NYSE,89.6,52,86.87,26,27.68,2430919390.473198,84027631.0,0.044099998,-15.69,744811,753653,806778
2816,RFAI,Financial Services,Shell Companies,NASDAQ,89.59,52,94.26,57,10.92,91197353.996315,8343765.0,0.0001,-4.5,1092,3144,23618
2817,FDUS,Financial Services,Asset Management,NASDAQ,89.59,52,95.03,62,18.79,751116898.308258,37954364.0,0.019,-14.94,339530,254633,292698
2818,PKG,Consumer Cyclical,Packaging & Containers,NYSE,89.59,52,91.55,42,212.08,20036435831.750793,89213394.0,0.044499997,-15.0,628583,818844,967510
2819,ABEO,Healthcare,Biotechnology,NASDAQ,89.59,52,99.21,75,5.49,335606891.1247401,56882523.0,0.3109,-27.19,1511204,1159134,1303802
2820,SSEAU,Financial Services,Shell Companies,NASDAQ,89.59,52,94.88,62,10.35,,,0.0,-6.84,840,433,470
2821,WIW,Financial Services,Asset Management,NYSE,89.59,52,93.66,52,8.49,523124365.9199476,61184135.0,0.54,-5.98,210924,224911,228566
2822,PRA,Financial Services,Insurance - Property & Casualty,NYSE,89.58,52,93.59,52,24.51,1274710871.5735703,51607726.0,0.2009,-1.37,891850,943260,855540
2823,INAC,Financial Services,Shell Companies,NASDAQ,89.58,52,94.89,62,10.24,149910797.74856567,14755000.0,0.0002,0.49,9039,5016,7679
2824,JACS,Financial Services,Shell Companies,NYSE,89.57,51,94.46,59,10.61,313654011.2876892,29590000.0,0.0002,-0.38,76172,40560,31646
2825,NVG,Financial Services,Asset Management,NYSE,89.55,51,91.77,43,12.37,2723114769.75,213577629.0,0.0022,-8.98,562520,543443,591794
2826,AACB,Financial Services,Shell Companies,NASDAQ,89.55,51,94.63,60,10.44,287266503.1671524,27675000.0,0.0001,0.29,42986,25862,21519
2827,CUB,Financial Services,Shell Companies,NASDAQ,89.54,51,94.24,57,10.8,331506683.1382456,30666667.0,0.07,-0.37,26711,15877,15682
2828,PEP,Consumer Defensive,Beverages - Non-Alcoholic,NASDAQ,89.54,51,88.22,30,149.12,211356405488.40356,1366940966.0,0.016900001,-13.04,5726137,5775312,6008505
2829,BLNK,Industrials,Engineering & Construction,NASDAQ,89.53,51,115.64,92,0.83,121388316.86999702,143654808.0,0.121800005,-68.68,3470038,2514496,2534133
2830,UCB,Financial Services,Banks - Regional,NYSE,89.53,51,90.36,37,32.06,3992746483.5309296,119686643.0,0.0353,-12.81,614251,822647,852744
2831,GROW,Financial Services,Asset Management,NASDAQ,89.52,51,88.55,31,2.62,32888229.763450623,12552760.0,0.0002,-28.22,14759,21836,24595
2832,BBUC,Industrials,Conglomerates,NYSE,89.52,51,90.97,40,33.12,6386180374.217081,207007465.0,0.0175,-13.41,296993,256694,260152
2833,CNSP,Healthcare,Biotechnology,NASDAQ,89.51,51,183.59,99,4.95,5915463.179045677,811449.0,0.0719,-85.78,8662648,2904079,1762623
2834,GTERA,Financial Services,Shell Companies,NASDAQ,89.51,51,94.25,57,10.26,243676300.86135864,23727000.0,0.0013,-0.29,8360,6146,5892
2835,COPL,Financial Services,Shell Companies,NYSE,89.51,51,94.38,58,10.38,246063432.69450092,23728393.0,0.02,-2.9,1167,13679,8817
2836,BSAA,Financial Services,Shell Companies,NASDAQ,89.51,51,94.5,59,10.32,76288848.10495377,7399500.0,0.0008,-0.19,5830,4530,2966
2837,ALF,Financial Services,Shell Companies,NASDAQ,89.51,51,94.41,59,10.84,389203122.25818634,35937500.0,0.04,-0.0,40227,29969,36539
2838,RZLV,Technology,Software - Infrastructure,NASDAQ,89.5,51,90.06,36,2.55,957186246.8351626,398827587.0,0.16540001,-69.82,18418545,16263595,17341345
2839,ANIP,Healthcare,Drug Manufacturers - Specialty & Generic,NASDAQ,89.48,51,93.99,54,78.01,1862331222.165619,22750198.0,0.1873,-21.6,496545,384905,367049
2840,MBAV,Financial Services,Shell Companies,NASDAQ,89.46,51,93.96,54,10.78,388125006.85453415,35937500.0,0.019299999,-21.49,67808,41042,69759
2841,BPRN,Financial Services,Banks - Regional,NASDAQ,89.46,51,90.75,38,34.04,241122076.8890381,6796000.0,0.0064999997,-10.4,6847,8759,10025
2842,POR,Utilities,Utilities - Regulated Electric,NYSE,89.45,51,85.83,23,47.28,5614062639.361019,115730011.0,0.0525,-13.44,1198817,1200732,1293665
2843,WTG,Financial Services,Shell Companies,NASDAQ,89.44,51,94.47,59,10.33,75256036.07561588,7303575.0,0.00029999999,0.1,530,2293,3584
2844,EQS,Financial Services,Asset Management,NYSE,89.43,51,99.5,76,1.38,18017037.30721283,13966696.0,0.00090000004,-44.58,10404,7468,9072
2845,MUA,Financial Services,Asset Management,NYSE,89.43,51,94.23,57,10.69,412102369.55782986,38478279.0,0.00059999997,-9.33,114598,113729,107795
2846,PFBC,Financial Services,Banks - Regional,NASDAQ,89.43,51,91.35,41,90.49,1125450955.4815521,11841866.0,0.1047,-12.19,103580,99296,108650
2847,BANX,Financial Services,Asset Management,NASDAQ,89.43,51,94.08,55,19.55,154957583.27176666,7810362.0,0.0017,-17.41,39554,39484,41898
2848,HGV,Consumer Cyclical,Resorts & Casinos,NYSE,89.42,51,94.12,56,44.86,3882107358.177994,79763869.0,0.1073,-13.86,713643,821637,790872
2849,QUMSU,Financial Services,Shell Companies,NASDAQ,89.42,51,94.52,59,10.35,,,211.22,-0.0,230,86,56
2850,WSBC,Financial Services,Banks - Regional,NASDAQ,89.41,51,88.57,31,33.07,3293222535.8358765,96180560.0,0.0256,-13.2,618289,680899,628099
2851,KCHV,Financial Services,Shell Companies,NASDAQ,89.41,51,94.4,58,10.31,352508480.0531845,34257384.0,0.08,-0.19,14946,16612,11723
2852,MHF,Financial Services,Asset Management,NYSE,89.4,51,95.28,64,6.99,155003806.44356203,22206849.0,0.59,-8.51,42051,46837,52540
2853,IPOD,Financial Services,Shell Companies,NASDAQ,89.4,51,94.25,57,10.37,210016601.2554617,20232813.0,0.0001,-0.19,5731,7847,9296
2854,TACO,Financial Services,Shell Companies,NASDAQ,89.4,51,95.52,65,10.44,389069433.2063198,37518750.0,0.0001,-7.77,107229,101326,90291
2855,SSEA,Financial Services,Shell Companies,NASDAQ,89.39,51,94.33,58,10.19,77885892.943573,7635872.0,0.24,-0.97,3442,5320,3558
2856,LFMD,Healthcare,Health Information Services,NASDAQ,89.39,51,105.69,85,4.33,231172807.9468584,48362510.0,0.1511,-72.66,1158883,1209901,1351026
2857,AMGN,Healthcare,Drug Manufacturers - General,NASDAQ,89.38,51,89.0,32,326.31,179118006591.79688,540000000.0,0.023599999,-16.61,2780771,2631537,2647486
2858,BHR,Real Estate,REIT - Hotel & Motel,NYSE,89.38,51,94.18,56,2.5,192302087.12511492,68679318.0,0.018,-21.63,448366,372308,389257
2859,JPM,Financial Services,Banks - Diversified,NYSE,89.37,51,91.6,42,297.81,809480415732.2397,2679511418.0,0.0101,-11.69,8283806,8132348,9329633
2860,GSHR,Financial Services,Shell Companies,NASDAQ,89.37,51,94.21,57,10.39,212109107.989213,20454109.0,0.06,-7.23,8833,8194,6030
2861,HCACU,Financial Services,Shell Companies,NASDAQ,89.36,51,94.05,55,10.3,261873786.54936504,25424639.0,0.99,-7.99,590,510,1234
2862,RADX,Healthcare,Biotechnology,NASDAQ,89.36,51,97.43,71,4.71,31532660.0,7883165.0,0.0064,-71.02,62466,43848,189893
2863,SOUL,Financial Services,Shell Companies,NYSE,89.35,51,94.25,57,10.32,350398386.1982651,33953333.0,0.0002,-6.18,22779,21516,45151
2864,BRW,Financial Services,Asset Management,NYSE,89.35,51,95.53,65,6.7,295061766.8280144,42886884.0,0.0021,-21.08,212945,192935,220019
2865,HVII,Financial Services,Shell Companies,NASDAQ,89.33,51,94.49,59,10.42,271293251.48855686,26023333.0,0.00029999999,-5.19,10443,17834,27976
2866,JGH,Financial Services,Asset Management,NYSE,89.33,51,93.44,51,12.54,359448176.5695915,28125836.0,0.0025,-8.47,62616,70092,75335
2867,SVCC,Financial Services,Shell Companies,NASDAQ,89.33,51,94.3,57,10.5,226956712.5,21614925.0,0.0008,-0.19,1380,1366,2026
2868,ACCO,Industrials,Business Equipment & Supplies,NYSE,89.32,51,99.79,76,3.76,372721484.24064445,92257794.0,0.0853,-12.56,1107977,1081585,1278643
2869,VTN,Financial Services,Asset Management,NYSE,89.32,51,90.28,37,10.78,164272248.21489906,14614969.0,0.0037,-10.91,27370,22183,28082
2870,IPODU,Financial Services,Shell Companies,NASDAQ,89.32,51,94.01,55,10.45,,,98.67,0.0,0,0,4
2871,XRPN,Financial Services,Shell Companies,NASDAQ,89.32,51,94.9,62,10.42,411277403.011322,39470000.0,0.0029,-4.46,56800,76020,98932
2872,XRN,Real Estate,REIT - Healthcare Facilities,NYSE,89.32,51,90.09,36,33.53,449851893.9142227,13234830.0,0.044,-16.03,287028,148059,143437
2873,SZZL,Financial Services,Shell Companies,NASDAQ,89.31,51,94.3,57,10.31,322203012.9768295,31266667.0,0.0013,-1.81,35578,170602,110185
2874,BTT,Financial Services,Asset Management,NYSE,89.31,51,92.43,46,22.48,1453840665.6211681,63625411.0,0.0011,-3.27,70298,86922,91493
2875,SDHI,Financial Services,Shell Companies,NASDAQ,89.3,51,94.34,58,10.39,361270056.0131073,34838000.0,0.0002,-0.57,57580,27003,25894
2876,SZZLU,Financial Services,Shell Companies,NASDAQ,89.3,51,93.89,54,10.46,,,0.03,-15.51,0,3466,2082
2877,CHPG,Financial Services,Shell Companies,NASDAQ,89.29,51,94.01,55,10.32,103168663.61803055,9987286.0,0.00090000004,-0.1,132,3540,2252
2878,FBIZ,Financial Services,Banks - Regional,NASDAQ,89.29,51,89.44,34,53.81,473214975.2159653,8362166.0,0.0076,-11.12,26349,44599,41915
2879,RMBI,Financial Services,Banks - Regional,NASDAQ,89.28,51,90.69,38,14.02,148057576.46977615,9766331.0,0.0295,-12.57,33258,40869,32179
2880,ERH,Financial Services,Asset Management,NYSE ARCA,89.27,51,88.9,32,11.73,109518793.03079796,8832161.0,0.41,-10.25,31348,24122,23037
2881,EIM,Financial Services,Asset Management,NYSE ARCA,89.27,51,93.57,51,9.75,513212252.2517452,51372599.0,0.3,-7.5,122335,120445,125315
2882,MITT,Real Estate,REIT - Mortgage,NYSE,89.26,50,89.62,34,7.48,254109757.97076225,31803475.0,0.0002,-19.31,170368,203336,261345
2883,APACU,Financial Services,Shell Companies,NASDAQ,89.26,50,94.44,59,10.4,,,0.39,-1.56,0,373,666
2884,NXP,Financial Services,Asset Management,NYSE,89.26,50,94.2,57,14.24,744214267.482832,52006586.0,0.0005,-2.8,123501,144477,143112
2885,TLS,Technology,Software - Infrastructure,NASDAQ,89.26,50,89.85,35,4.2,346106926.27354145,77256010.0,0.0225,-49.76,722019,542943,728329
2886,LPBB,Financial Services,Shell Companies,NASDAQ,89.25,50,94.31,57,10.66,305324996.7098236,28750000.0,0.0001,0.09,54380,39193,39738
2887,INDO,Energy,Oil & Gas E&P,NYSE ARCA,89.25,50,84.93,21,3.07,47545334.27933693,15386840.0,0.0746,-63.88,676322,804824,1875504
2888,FVNNU,Financial Services,Shell Companies,NASDAQ,89.23,50,94.0,54,10.79,,,0.46,-27.83,0,0,6
2889,ED,Utilities,Utilities - Regulated Electric,NYSE,89.23,50,89.23,33,105.36,39178392038.819275,368529705.0,0.0294,-9.35,2481108,1953682,1994073
2890,PCQ,Financial Services,Asset Management,NYSE,89.23,50,93.52,51,8.69,169310521.44813538,18981000.0,0.69,-5.44,111913,151067,150848
2891,EOT,Financial Services,Asset Management,NYSE,89.23,50,92.62,47,16.84,266404891.12913132,15624921.0,0.23,-6.44,25239,26643,28537
2892,RMNI,Technology,Software - Application,NASDAQ,89.23,50,91.07,40,3.46,372091198.2345581,92560000.0,0.044499997,-35.69,516517,441825,377139
2893,SPEG,Financial Services,Shell Companies,NASDAQ,89.23,50,94.35,58,10.22,156553330.51492023,15333333.0,0.0004,-7.34,51001,32457,19858
2894,BIAF,Healthcare,Diagnostics & Research,NASDAQ,89.22,50,88.08,29,1.88,9132310.121291876,4498675.0,0.1169,-87.47,259782,482527,10808342
2895,DEI,Real Estate,REIT - Office,NYSE,89.22,50,107.45,87,11.68,2071792733.6228323,167485267.0,0.2442,-31.25,3384898,2549389,2506675
2896,ETY,Financial Services,Asset Management,NYSE,89.22,50,95.3,64,14.78,2388667155.0,159244477.0,0.13,-7.8,269406,330608,308797
2897,SVAC,Financial Services,Shell Companies,NASDAQ,89.22,50,94.93,62,10.52,320466664.30079746,30666667.0,0.0013,-12.33,142724,186441,145962
2898,QUMS,Financial Services,Shell Companies,NASDAQ,89.21,50,94.45,59,10.18,116005641.54025841,11406651.0,0.0011,-0.49,7120,5076,8902
2899,LMT,Industrials,Aerospace & Defense,NYSE,89.21,50,84.32,20,516.01,116782775339.67773,230563608.0,0.0128999995,-25.43,1318197,1440825,1520555
2900,GPAT,Financial Services,Shell Companies,NASDAQ,89.21,50,93.91,54,10.82,388484390.0799751,35937500.0,0.0001,-1.64,322953,182854,208712
2901,GRAF,Financial Services,Shell Companies,NYSE ARCA,89.2,50,94.33,58,10.78,309781239.03274536,28750000.0,0.0001,-9.03,10810,17296,12276
2902,TVAI,Financial Services,Shell Companies,NASDAQ,89.2,50,94.36,58,10.27,279301217.3592644,27195833.0,0.00029999999,-2.19,40,626,5154
2903,XOMAP,Healthcare,Biotechnology,NASDAQ,89.2,50,92.42,46,25.3,,,1.73,-15.67,764,3018,2186
2904,BACCU,Financial Services,Shell Companies,NASDAQ,89.19,50,94.0,54,10.48,,,1.08,-10.81,50,9266,5620
2905,MYI,Financial Services,Asset Management,NYSE,89.19,50,93.1,49,10.76,733133760.7813292,66467251.0,0.0031,-6.11,257966,322022,301683
2906,NTGR,Technology,Communication Equipment,NASDAQ,89.19,50,95.84,66,24.75,737292116.9805012,26839903.0,0.1065,-32.85,416583,469397,545946
2907,MKLY,Financial Services,Shell Companies,NASDAQ,89.19,50,94.39,58,10.12,246486574.125,24344353.0,0.0007,-0.39,15743,11154,9152
2908,SPE,Financial Services,Asset Management,NYSE,89.18,50,93.78,53,14.19,154035733.0,10623154.0,1.01,-11.26,35086,46658,49663
2909,TLF,Consumer Cyclical,Specialty Retail,NASDAQ,89.17,50,94.2,57,2.35,19788873.213641882,8143569.0,0.029000001,-37.83,13331,15507,22934
2910,OYSE,Financial Services,Shell Companies,NASDAQ,89.17,50,94.41,59,10.24,345925353.73137,33914251.0,0.0002,-0.1,52615,19478,14185
2911,HVMCU,Financial Services,Shell Companies,NASDAQ,89.17,50,94.35,58,10.3,,,0.41,-6.36,800,7173,4364
2912,SCOR,Technology,Software - Application,NASDAQ,89.17,50,83.2,18,6.51,110813876.89022398,15056233.0,0.0011999999,-36.05,12819,15949,17793
2913,NTRA,Healthcare,Diagnostics & Research,NASDAQ,89.15,50,85.5,23,186.36,27733295264.625687,142778493.0,0.0272,-27.31,2007421,1533907,1414982
2914,RTX,Industrials,Aerospace & Defense,NYSE,89.14,50,85.96,24,171.18,237137479904.818,1346683428.0,0.0099,-20.2,5959305,5381585,5323641
2915,AWR,Utilities,Utilities - Regulated Water,NYSE,89.13,50,94.19,56,75.72,3025672691.993515,39192653.0,0.0286,-6.79,279399,358066,326345
2916,CFFI,Financial Services,Banks - Regional,NASDAQ,89.13,50,89.46,34,72.11,241889659.99502563,3248149.0,0.0125,-10.96,4046,4218,4733
2917,LKSP,Financial Services,Shell Companies,NASDAQ,89.12,50,94.58,60,10.12,158659591.2421217,15693333.0,0.21,0.1,10025,8721,28023
2918,NSSC,Industrials,Security & Protection Services,NASDAQ,89.11,50,76.94,9,36.22,1458389885.436882,35727337.0,0.0959,-24.73,501147,367712,599125
2919,WIA,Financial Services,Asset Management,NYSE,89.1,50,94.03,55,8.14,190309613.561306,23322257.0,0.4,-4.68,43924,50598,47842
2920,GTERU,Financial Services,Shell Companies,NASDAQ,89.1,50,94.4,58,10.4,,,0.0,-5.8,50,7280,6370
2921,INVA,Healthcare,Biotechnology,NASDAQ,89.1,50,89.4,33,21.97,1689482219.5607147,73808749.0,0.1223,-12.64,701843,611824,686406
2922,ADAMZ,Real Estate,REIT - Mortgage,NASDAQ,89.1,50,92.71,48,18.26,,,0.11,-15.93,4238,4552,5507
2923,CHARU,Financial Services,Shell Companies,NASDAQ,89.09,50,94.34,58,10.69,,,0.0,-14.14,0,0,4
2924,TLNCU,Financial Services,Shell Companies,NASDAQ,89.09,50,94.0,54,10.35,,,0.13,-6.25,20,666,522
2925,DSU,Financial Services,Asset Management,NYSE,89.08,50,94.01,55,9.83,623646517.5174866,62931032.0,0.0202,-7.87,309926,283262,288493
2926,LIEN,Financial Services,Asset Management,NASDAQ,89.07,50,96.35,68,9.7,205613521.12321854,22820590.0,0.0011999999,-15.21,62685,67105,67501
2927,EVN,Financial Services,Asset Management,NYSE,89.07,50,95.06,63,10.6,424209788.1769762,39906847.0,0.58,-5.61,98223,91757,92250
2928,DRDB,Financial Services,Shell Companies,NASDAQ,89.06,50,94.24,57,10.53,322766658.4765949,30666667.0,0.01,-0.19,122208,163336,176713
2929,TLNC,Financial Services,Shell Companies,NASDAQ,89.06,50,93.87,53,10.2,347265389.0733719,33979000.0,0.00059999997,-9.73,19491,6953,29092
2930,OPBK,Financial Services,Banks - Regional,NASDAQ,89.05,50,91.1,40,13.66,215221750.70914936,14894239.0,0.0104,-10.54,32931,38597,38680
2931,GPATU,Financial Services,Shell Companies,NASDAQ,89.05,50,94.26,57,10.87,,,0.0,0.0,0,0,0
2932,LWACU,Financial Services,Shell Companies,NASDAQ,89.03,50,94.82,61,10.3,,,0.0,-1.9,270,90,3166
2933,RANGU,Financial Services,Shell Companies,NASDAQ,89.03,50,94.0,54,10.82,,,,-1.64,0,0,0
2934,GRF,Financial Services,Asset Management,NYSE ARCA,89.03,50,91.88,44,10.1,40273533.886390686,3967836.0,0.0001,-14.77,2800,2076,1742
2935,TKO,Communication Services,Entertainment,NYSE,89.03,50,92.69,47,190.07,14003211136.347,74967673.0,0.1286,-16.25,1702833,1405134,1485688
2936,TACH,Financial Services,Shell Companies,NASDAQ,89.02,50,94.36,58,10.36,356379638.03507614,34432814.0,0.13,-0.19,3694,2888,5072
2937,GIWWU,Financial Services,Shell Companies,NASDAQ,89.01,50,94.9,62,10.33,,,39.94,-0.58,389,169,105
2938,APAC,Financial Services,Shell Companies,NASDAQ,89.01,50,94.43,59,10.1,81309214.77099037,8050417.0,0.0046,-0.0,1880,3286,2236
2939,DTF,Financial Services,Asset Management,NYSE,89.0,50,93.66,52,11.39,80769723.2210598,7029567.0,0.0025,-1.81,14243,14837,12226
2940,MDLZ,Consumer Defensive,Confectioners,NASDAQ,89.0,50,94.99,62,60.44,79008642117.95294,1283649766.0,0.0325,-15.05,7022380,7732246,8942268
2941,BAC,Financial Services,Banks - Diversified,NYSE,88.99,49,89.49,34,49.77,364126076048.4942,7096590651.0,0.0,-13.52,34386821,33235210,37316978
2942,NWG,Financial Services,Banks - Regional,NYSE,88.99,49,90.23,36,14.98,62993321780.178665,3979363366.0,0.00029999999,-22.62,3941304,3549311,4055462
2943,LUV,Industrials,Airlines,NYSE,88.98,49,88.63,31,38.5,20191242755.25855,488773713.0,0.051999997,-30.14,6058829,7067026,8028297
2944,FIGX,Financial Services,Shell Companies,NASDAQ,88.98,49,94.44,59,10.2,197539143.77548313,19385589.0,0.08,0.0,32031,11660,8634
2945,TNL,Consumer Cyclical,Travel Services,NYSE,88.98,49,85.17,22,62.53,4106285441.4181824,62424529.0,0.0552,-22.8,896709,959833,834509
2946,AUBN,Financial Services,Banks - Regional,NASDAQ,88.98,49,95.21,63,24.0,83026817.5,3495866.0,0.0023,-17.24,3366,3115,4547
2947,HRI,Industrials,Rental & Leasing Services,NYSE,88.97,49,107.6,87,138.2,4461311817.415009,33393051.0,0.0744,-26.63,490750,604653,618066
2948,OBA,Financial Services,Shell Companies,NASDAQ,88.97,49,94.34,58,10.18,321309995.17440796,31625000.0,0.04,-0.39,9950,13113,14240
2949,JENA,Financial Services,Shell Companies,NYSE,88.96,49,94.88,62,10.35,297862992.2628403,28975000.0,0.0036000002,-1.43,790,5096,7498
2950,DSP,Technology,Software - Application,NASDAQ,88.96,49,89.86,35,10.55,219978721.6230297,18270658.0,0.053000003,-35.08,306805,230545,237153
2951,MMD,Financial Services,Asset Management,NYSE,88.96,49,93.69,52,15.05,287137835.6536207,18779453.0,0.2,-4.87,58906,61412,61761
2952,NPCT,Financial Services,Asset Management,NYSE,88.96,49,92.03,44,10.19,301927500.0,28755000.0,0.006,-9.9,109193,106911,121938
2953,AXIN,Financial Services,Shell Companies,NASDAQ,88.95,49,94.5,59,10.2,278119998.199296,27266667.0,0.05,-0.1,60492,23474,20510
2954,RA,Financial Services,Asset Management,NYSE,88.95,49,92.07,44,12.61,707260119.3389969,55254696.0,0.37,-7.21,181552,169374,176872
2955,MC,Financial Services,Capital Markets,NYSE,88.95,49,95.47,64,63.73,4840410911.627106,74376318.0,0.0958,-18.52,923329,1128166,1291235
2956,VNMEU,Financial Services,Shell Companies,NASDAQ,88.94,49,94.35,58,10.26,,,0.0,-9.36,300,2720,2618
2957,ORIQ,Financial Services,Shell Companies,NASDAQ,88.94,49,94.4,58,10.26,88406250.0,8625000.0,0.0015,0.1,42720,16503,13246
2958,LCCCU,Financial Services,Shell Companies,NASDAQ,88.94,49,93.88,53,10.43,,,0.22,-2.98,0,100,1098
2959,AMRN,Healthcare,Drug Manufacturers - General,NASDAQ,88.94,49,94.64,60,14.56,315585094.44954014,20969109.0,0.0207,-30.33,48530,72230,66796
2960,BCSF,Financial Services,Asset Management,NYSE,88.93,49,94.14,56,13.36,886103782.0618515,64868506.0,0.015700001,-16.5,366849,380969,454781
2961,DTE,Utilities,Utilities - Regulated Electric,NYSE,88.93,49,89.22,33,139.78,29248782077.50406,208028313.0,0.028800001,-9.6,1997907,1419599,1306795
2962,PACH,Financial Services,Shell Companies,NASDAQ,88.93,49,94.32,58,10.2,321942509.6511841,31625000.0,0.0001,0.0,5660,6516,7396
2963,CHECU,Financial Services,Shell Companies,NASDAQ,88.93,49,94.78,61,10.19,0.0,0.0,15.05,-2.07,50,116,118
2964,TAVIU,Financial Services,Shell Companies,NASDAQ,88.92,49,94.03,55,10.6,147162985.29605865,13883300.0,1.84,-0.47,0,9,25
2965,SOCAU,Financial Services,Shell Companies,NASDAQ,88.92,49,94.36,58,10.31,,,0.02,-4.71,81,283,170
2966,BURL,Consumer Cyclical,Apparel Retail,NYSE,88.91,49,86.12,24,293.6,19132446435.786865,62830271.0,0.0793,-16.56,693023,610931,707472
2967,OTGAU,Financial Services,Shell Companies,NASDAQ,88.9,49,94.36,58,10.26,,,0.0,-0.39,891,667,898
2968,CELZ,Healthcare,Biotechnology,NASDAQ,88.9,49,98.82,74,2.24,8539302.86847496,3696668.0,0.0428,-64.16,44986,76495,56111
2969,FERA,Financial Services,Shell Companies,NASDAQ,88.9,49,94.29,57,10.36,324235333.2118139,31266667.0,0.01,-1.33,31089,133759,94203
2970,MMU,Financial Services,Asset Management,NYSE,88.89,49,92.35,46,10.12,559296991.0187378,54618848.0,0.00090000004,-5.6,152671,123593,120528
2971,FMAO,Financial Services,Banks - Regional,NASDAQ,88.89,49,91.21,41,26.44,383444041.0521469,13768188.0,0.0089,-11.36,121493,76921,65100
2972,FLR,Industrials,Engineering & Construction,NYSE,88.88,49,84.91,21,44.36,6197932143.886536,143106256.0,0.0638,-22.85,4099273,2681431,2677710
2973,CRAQ,Financial Services,Shell Companies,NASDAQ,88.87,49,94.29,57,10.23,398496206.4119339,38991800.0,0.23,-2.01,1650,2606,2536
2974,NWS,Communication Services,Entertainment,NASDAQ,88.87,49,97.1,70,29.74,17134387595.567133,547249693.0,0.16950001,-16.41,1618731,1149677,1509750
2975,VNME,Financial Services,Shell Companies,NASDAQ,88.87,49,94.27,57,10.16,253749990.46325684,25000000.0,0.002,0.1,18970,12996,8812
2976,OCFC,Financial Services,Banks - Regional,NASDAQ,88.87,49,91.01,40,18.2,1082881253.2546349,57600069.0,0.0854,-11.69,633488,677049,698775
2977,KOYN,Financial Services,Shell Companies,NASDAQ,88.87,49,94.44,59,10.12,319366116.428483,31557917.0,0.07,0.0,2505,6505,12013
2978,ERC,Financial Services,Asset Management,NYSE ARCA,88.86,49,93.03,49,9.01,256972812.87932968,28053801.0,1.53,-7.87,57381,67087,65896
2979,RVTY,Healthcare,Diagnostics & Research,NYSE,88.85,49,98.8,74,93.97,11292136027.0,111803327.0,0.1122,-20.57,1731498,1278009,1191175
2980,BLUW,Financial Services,Shell Companies,NASDAQ,88.84,49,93.94,54,10.28,331803174.7894287,32308000.0,0.02,-1.25,10379,36573,25537
2981,FINS,Financial Services,Asset Management,NYSE,88.83,49,93.08,49,12.74,433249478.3140068,33416851.0,0.34,-5.98,41219,36146,45199
2982,PGACU,Financial Services,Shell Companies,NASDAQ,88.82,49,93.92,54,10.53,,,0.0,-1.13,0,4,7
2983,MKLYU,Financial Services,Shell Companies,NASDAQ,88.82,49,94.17,56,10.21,,,2.13,-1.07,259,283,755
2984,FNWB,Financial Services,Banks - Regional,NASDAQ,88.81,49,91.23,41,9.57,87378420.45939445,9036031.0,0.0046,-12.84,29564,49924,47414
2985,SOCA,Financial Services,Shell Companies,NASDAQ,88.81,49,94.27,57,10.2,240622269.30048466,23590419.0,0.0001,0.0,2088,6236,4381
2986,GIII,Consumer Cyclical,Apparel Manufacturing,NASDAQ,88.8,49,89.83,35,28.73,1340353667.302723,42189287.0,0.2057,-17.51,442864,401884,564342
2987,MACIU,Financial Services,Shell Companies,NASDAQ,88.79,49,94.41,59,10.86,,,0.0,-15.55,260,96,66
2988,EVAC,Financial Services,Shell Companies,NYSE,88.79,49,94.27,57,10.15,592661300.1864796,58447858.0,0.06,-0.29,172156,140695,96965
2989,YCY,Financial Services,Shell Companies,NYSE,88.78,49,94.39,58,10.12,148973372.4410534,14735250.0,0.07,0.1,68190,26033,16002
2990,OSRH,Healthcare,Biotechnology,NASDAQ,88.78,49,94.18,56,0.57,18914234.44160521,33124755.0,0.019299999,-68.16,2959804,12164511,7770724
2991,ALDF,Financial Services,Shell Companies,NASDAQ,88.78,49,94.26,57,10.62,317499118.2381458,29868214.0,0.0001,-0.28,51580,21063,15672
2992,SVCCU,Financial Services,Shell Companies,NASDAQ,88.77,49,94.05,55,10.55,228037199.122715,21614900.0,0.02,-9.64,0,3390,2046
2993,IPCXU,Financial Services,Shell Companies,NASDAQ,88.77,49,95.26,64,10.63,,,68.32,-7.08,510,196,268
2994,HVMC,Financial Services,Shell Companies,NASDAQ,88.76,49,94.37,58,10.12,297335089.9028778,29410000.0,0.0004,-0.2,27270,12080,16796
2995,TDWDU,Financial Services,Shell Companies,NASDAQ,88.76,49,94.09,55,10.21,,,323.85,-2.99,0,0,268
2996,EMIS,Financial Services,Shell Companies,NASDAQ,88.76,49,94.18,56,10.1,159335919.3180027,15775833.0,0.00090000004,-0.2,540,4826,4240
2997,NBB,Financial Services,Asset Management,NYSE,88.76,49,92.59,47,15.6,468258408.3305664,29394752.0,0.0025,-6.14,44198,45312,52105
2998,RDVT,Technology,Software - Application,NASDAQ,88.76,49,113.59,91,46.93,701213384.4642525,14108921.0,0.056500003,-26.83,179004,125148,130704
2999,LWAC,Financial Services,Shell Companies,NASDAQ,88.76,49,94.13,56,10.18,306464237.3800278,30075000.0,0.86,-0.2,9344,7721,7066
3000,PLUT,Financial Services,Capital Markets,NASDAQ,88.75,48,94.69,61,3.1,43747498.536109924,15350000.0,0.0001,-26.01,15955,8021,6883
3001,ORI,Financial Services,Insurance - Property & Casualty,NYSE,88.75,48,91.23,41,39.32,9561931358.642624,243554044.0,0.0414,-15.91,1145116,1396382,1631653
3002,KOYNU,Financial Services,Shell Companies,NASDAQ,88.75,48,94.64,60,10.25,,,0.93,-3.3,262,364,774
3003,HUBG,Industrials,Integrated Freight & Logistics,NASDAQ,88.74,48,86.52,25,37.35,2622262574.1189957,61153510.0,0.0661,-29.87,894139,730763,761119
3004,SOLV,Healthcare,Medical Instruments & Supplies,NYSE,88.73,48,102.61,81,74.26,12707559890.921448,173174712.0,0.0433,-15.8,1980107,1419609,1452303
3005,MCN,Financial Services,Asset Management,NYSE,88.73,48,91.78,43,5.79,125855663.92553902,21116722.0,0.71,-9.39,63008,57052,55735
3006,EMN,Basic Materials,Specialty Chemicals,NYSE,88.73,48,87.99,29,71.58,8421874728.484192,114349960.0,0.059899997,-14.97,1058374,1238168,1486034
3007,SEED,Basic Materials,Agricultural Inputs,NASDAQ,88.72,48,93.7,52,1.17,13706447.94216156,12129600.0,0.0124,-53.01,25977,25465,118737
3008,CHEC,Financial Services,Shell Companies,NASDAQ,88.71,48,94.31,57,10.11,174646877.43921375,17274667.0,0.0002,-4.26,1870,3346,3862
3009,CLWT,Industrials,Pollution & Treatment Controls,NASDAQ,88.71,48,92.83,48,1.2,8671412.561934471,7411464.0,0.0101,-26.38,7399,4513,4529
3010,SPEGU,Financial Services,Shell Companies,NASDAQ,88.71,48,94.22,57,10.35,,,0.03,-3.72,2,0,158
3011,PLG,Basic Materials,Other Precious Metals & Mining,NYSE ARCA,88.7,48,85.56,23,1.71,225750060.9914825,126825879.0,0.054899998,-57.67,1424453,1344974,1690992
3012,RAC,Financial Services,Shell Companies,NYSE,88.69,48,93.98,54,10.41,305264445.82186127,29267923.0,0.02,-0.57,3060,77690,52062
3013,AXINU,Financial Services,Shell Companies,NASDAQ,88.69,48,94.31,57,10.32,,,0.0,-9.47,0,63,1356
3014,FPF,Financial Services,Asset Management,NYSE,88.69,48,92.95,48,18.09,1118991501.3914337,60847827.0,0.00059999997,-8.41,88744,89581,109178
3015,CVNA,Consumer Cyclical,Auto & Truck Dealerships,NYSE,88.69,48,88.96,32,67.17,55827518475.65094,716288385.0,0.135,-31.02,9815412,12673120,13456992
3016,TXO,Energy,Oil & Gas E&P,NYSE,88.68,48,100.26,77,13.07,680035284.3506784,55242507.0,0.0212,-26.98,323640,212486,233358
3017,RFAIU,Financial Services,Shell Companies,NASDAQ,88.67,48,94.0,54,10.84,,,,-0.28,0,0,0
3018,POCI,Healthcare,Medical Instruments & Supplies,NASDAQ,88.67,48,101.02,79,4.77,50160903.2575264,10928301.0,0.0023,-21.03,57156,41198,34519
3019,CRSR,Technology,Computer Hardware,NASDAQ,88.66,48,97.12,70,6.72,842231834.9116983,106882211.0,0.1289,-34.69,1772240,1138316,1205350
3020,PAII,Financial Services,Shell Companies,NYSE,88.66,48,94.11,56,10.15,350099805.79212,34492593.0,1.51,-0.68,70,9653,6182
3021,MRDN,Communication Services,Electronic Gaming & Multimedia,NASDAQ,88.66,48,122.81,94,10.9,170048479.17083454,12652417.0,0.050300002,-54.12,109118,59439,45105
3022,NOG,Energy,Oil & Gas E&P,NYSE,88.65,48,86.62,25,24.43,2475512237.843889,105791123.0,0.1982,-25.11,2796133,2484954,2838168
3023,BLZRU,Financial Services,Shell Companies,NASDAQ,88.65,48,94.51,59,10.25,,,0.0,-6.82,341,1367,4526
3024,CPAY,Technology,Software - Infrastructure,NYSE,88.64,48,98.09,72,328.23,22748742594.279785,66131990.0,0.0422,-9.33,587326,524788,584493
3025,GSHRU,Financial Services,Shell Companies,NASDAQ,88.63,48,93.98,54,10.4,,,2.0,-1.89,0,3,2
3026,BBDC,Financial Services,Asset Management,NYSE,88.63,48,91.15,41,8.6,928750049.0972481,104706884.0,0.0216,-13.31,802383,675044,688248
3027,RVSB,Financial Services,Banks - Regional,NASDAQ,88.61,48,94.72,61,5.42,113311606.39689064,20564719.0,0.0322,-14.1,38296,36232,43761
3028,KAI,Industrials,Specialty Industrial Machinery,NYSE,88.6,48,99.12,75,317.81,4000712783.7227783,11807782.0,0.1967,-14.1,221566,179075,175595
3029,AACBU,Financial Services,Shell Companies,NASDAQ,88.6,48,93.57,51,10.53,265092743.27754974,25175000.0,0.25,-13.33,0,3,92
3030,GEG,Financial Services,Asset Management,NASDAQ,88.59,48,100.63,78,2.16,67104000.40948105,31357008.0,0.031400003,-38.46,7958,7856,23991
3031,MQY,Financial Services,Asset Management,NYSE,88.59,48,93.18,50,11.23,828959937.439765,71833617.0,0.0017,-5.95,389769,380496,404265
3032,NDMO,Financial Services,Asset Management,NYSE,88.59,48,92.85,48,10.2,618967534.3642015,59630783.0,0.002,-5.73,114637,104529,114289
3033,HAVAU,Financial Services,Shell Companies,NASDAQ,88.59,48,94.15,56,10.14,185985571.14608383,18339964.0,43.22,-8.05,10,10,50
3034,ALIS,Financial Services,Shell Companies,NASDAQ,88.59,48,94.33,58,10.05,84907060.89258194,8427500.0,0.0008,-0.25,5810,3040,2976
3035,BCE,Communication Services,Telecom Services,NYSE,88.57,48,91.75,43,23.79,22511172653.21141,932525817.0,4.74,-10.29,3163103,2995457,3351078
3036,CL,Consumer Defensive,Household & Personal Products,NYSE,88.57,48,94.73,61,88.13,70056576532.48398,800189310.0,0.027,-11.28,5040810,5301966,5917414
3037,VGI,Financial Services,Asset Management,NYSE,88.56,48,92.67,47,7.37,85866385.18624115,11313094.0,0.0021,-8.9,41912,41927,42834
3038,PDT,Financial Services,Asset Management,NYSE,88.56,48,91.13,40,12.72,641867195.6313372,49185225.0,0.64,-6.81,116177,111935,110929
3039,NWSA,Communication Services,Entertainment,NASDAQ,88.56,48,97.54,71,25.92,14786686955.371029,547249693.0,0.0438,-18.0,5477776,4006035,4589565
3040,OZKAP,Financial Services,Banks - Regional,NASDAQ,88.55,48,94.94,62,16.47,,,0.28,-7.73,24689,23873,26509
3041,IGR,Financial Services,Asset Management,NYSE,88.53,48,92.15,45,4.6,731261138.3691101,151399824.0,1.55,-14.34,644616,563005,636587
3042,ALGT,Industrials,Airlines,NASDAQ,88.53,48,83.9,19,74.9,1530848166.1935425,18437290.0,0.1521,-36.53,689114,575924,533640
3043,INACU,Financial Services,Shell Companies,NASDAQ,88.51,48,94.0,54,10.28,,,0.01,-1.15,70,100,112
3044,PRVA,Healthcare,Health Information Services,NASDAQ,88.49,48,92.69,47,22.95,2905845277.142132,126012374.0,0.0322,-13.43,1261338,1004766,939745
3045,DMAAU,Financial Services,Shell Companies,NASDAQ,88.47,48,94.19,56,10.58,308639251.97753906,29171400.0,15.75,-0.23,2,71,42
3046,EURKU,Financial Services,Shell Companies,NASDAQ,88.47,48,94.0,54,10.89,,,,-6.12,0,0,0
3047,KCHVU,Financial Services,Shell Companies,NASDAQ,88.46,48,93.09,49,10.42,,,1412.0,-5.27,0,10,54
3048,CUBE,Real Estate,REIT - Industrial,NYSE,88.46,48,92.56,47,38.36,9160695262.51213,226413630.0,0.0368,-13.08,2119153,2181551,2340734
3049,VCV,Financial Services,Asset Management,NYSE,88.46,48,93.61,52,10.57,513802824.9615946,48063877.0,0.0019,-7.12,93073,94431,95938
3050,NPACU,Financial Services,Shell Companies,NASDAQ,88.45,48,94.12,56,10.4,,,0.0,-4.35,280,313,6192
3051,PTA,Financial Services,Asset Management,NYSE,88.44,48,93.75,53,19.22,1096625415.1540604,55273458.0,0.0004,-8.13,127337,125682,134413
3052,ADC,Real Estate,REIT - Retail,NYSE,88.43,48,90.91,39,74.46,9154240059.589935,120102859.0,0.0001,-9.28,962947,1029505,1138149
3053,CHPGU,Financial Services,Shell Companies,NASDAQ,88.43,48,94.0,54,10.29,,,,-14.96,0,0,0
3054,SPFI,Financial Services,Banks - Regional,NASDAQ,88.43,48,88.12,29,39.38,777892005.4698715,19145754.0,0.0165,-12.66,91906,108412,109215
3055,KBSX,Basic Materials,Steel,NASDAQ,88.42,48,106.64,86,1.42,54614524.94076562,44766003.0,0.0070999996,-43.65,41619,381953,232795
3056,GRPN,Communication Services,Internet Content & Information,NASDAQ,88.42,48,120.08,93,17.46,675355190.4815292,37983980.0,0.5944,-59.47,2538656,2299588,2125875
3057,OACC,Financial Services,Shell Companies,NASDAQ,88.41,47,94.1,56,10.62,260823160.0401764,24582768.0,0.0014,-1.08,651,10097,11994
3058,GSRFU,Financial Services,Shell Companies,NASDAQ,88.41,47,94.77,61,10.42,270722347.0668793,26360500.0,7.77,-5.27,4013,1337,834
3059,GIW,Financial Services,Shell Companies,NASDAQ,88.41,47,94.35,58,10.04,365450027.83558273,36472057.0,0.0001,-0.1,41781,24973,17244
3060,IBEX,Technology,Information Technology Services,NASDAQ,88.41,47,99.98,77,30.56,435393792.4091339,13467175.0,0.0146,-28.91,135819,116019,122319
3061,IPCX,Financial Services,Shell Companies,NASDAQ,88.4,47,94.44,59,10.3,355075336.47526646,34473333.0,0.03,-0.48,78560,72250,66864
3062,OTGA,Financial Services,Shell Companies,NASDAQ,88.4,47,94.43,59,10.12,356982995.9630966,35275000.0,0.07,-0.01,88190,50703,38830
3063,LPA,Real Estate,Real Estate - Development,NYSE ARCA,88.39,47,101.44,79,3.4,107500577.4153099,31617816.0,0.0231,-63.87,25704,20251,22484
3064,NIC,Financial Services,Banks - Regional,NYSE,88.39,47,85.77,23,137.18,3125305097.4154663,21251905.0,0.0269,-15.9,134393,159017,174498
3065,DYOR,Financial Services,Shell Companies,NASDAQ,88.39,47,94.63,60,10.04,230230005.26428223,23000000.0,0.0001,-4.11,8038,16166,17093
3066,OYSEU,Financial Services,Shell Companies,NASDAQ,88.35,47,93.87,53,10.31,,,8.59,-12.55,0,0,14
3067,ACRE,Real Estate,REIT - Mortgage,NYSE,88.34,47,84.91,21,4.6,285172913.41247225,55481113.0,0.0339,-21.9,463651,374320,412570
3068,GSRF,Financial Services,Shell Companies,NASDAQ,88.32,47,94.61,60,10.13,296701499.4869232,29405500.0,0.02,-0.69,14896,23418,17963
3069,DXR,Healthcare,Medical Instruments & Supplies,NASDAQ,88.32,47,96.83,69,10.75,57980887.63854504,5827225.0,0.0011,-27.17,13291,11940,10206
3070,RDAGU,Financial Services,Shell Companies,NASDAQ,88.32,47,94.55,60,10.55,41500798.18725586,3960000.0,0.01,-10.06,1744,4078,6580
3071,CRACU,Financial Services,Shell Companies,NASDAQ,88.3,47,94.37,58,10.2,,,5.35,-5.2,10,130,278
3072,ACR,Real Estate,REIT - Mortgage,NYSE,88.3,47,91.52,42,19.57,164656393.37926674,7285681.0,0.0551,-20.48,18662,18644,20374
3073,JPC,Financial Services,Asset Management,NYSE,88.29,47,92.34,46,7.78,2977997494.309969,370858978.0,0.0072000003,-6.27,857590,844063,1126946
3074,CCIIU,Financial Services,Shell Companies,NASDAQ,88.29,47,93.85,53,10.38,,,0.04,-3.04,300,7253,6586
3075,NRIM,Financial Services,Banks - Regional,NASDAQ,88.28,47,89.84,35,23.43,548111020.6628723,22244766.0,0.024300002,-23.98,101653,115934,135132
3076,GTENU,Financial Services,Shell Companies,NASDAQ,88.26,47,93.94,54,10.47,,,0.04,-7.51,1340,1023,1826
3077,PFD,Financial Services,Asset Management,NYSE,88.26,47,91.79,43,11.31,148575564.31314754,12852557.0,0.98,-6.99,20134,16774,19276
3078,INR,Energy,Oil & Gas E&P,NYSE,88.24,47,88.22,30,15.4,289705681.0734968,18751177.0,0.0619,-22.61,536043,361521,356854
3079,GTEN,Financial Services,Shell Companies,NASDAQ,88.24,47,94.35,58,10.35,466976984.52472687,45075000.0,0.0001,-1.71,58652,48740,74630
3080,FERAU,Financial Services,Shell Companies,NASDAQ,88.24,47,93.89,54,10.54,,,0.0,-3.3,0,0,6
3081,DMIIU,Financial Services,Shell Companies,NASDAQ,88.23,47,94.46,59,10.11,,,0.0,-6.39,5010,1930,3996
3082,GEVO,Basic Materials,Specialty Chemicals,NASDAQ,88.23,47,80.19,13,1.68,445442742.516081,243411329.0,0.123900004,-43.43,3794411,4027267,4687844
3083,APXT,Financial Services,Shell Companies,NASDAQ,88.23,47,94.3,57,10.01,459600000.0,45960000.0,0.00059999997,0.05,170977,114989,75255
3084,CVBF,Financial Services,Banks - Regional,NASDAQ,88.22,47,90.96,40,19.54,3590078345.9272385,176590180.0,0.112799995,-9.03,1488826,2124655,1884891
3085,NPAC,Financial Services,Shell Companies,NASDAQ,88.22,47,94.26,57,10.34,396385260.80253124,38390825.0,0.0001,-1.99,25461,73863,126982
3086,EARN,Financial Services,Asset Management,NYSE,88.22,47,96.06,67,4.82,185214177.55088806,37568800.0,0.025,-20.72,339169,389466,427503
3087,RCG,Financial Services,Asset Management,NYSE ARCA,88.21,47,87.36,27,2.7,19153095.9138155,7015786.0,0.0076,-18.43,6859,8319,9295
3088,EEA,Financial Services,Asset Management,NYSE,88.21,47,94.26,57,10.55,72705079.2622261,6725724.0,0.00059999997,-7.7,48792,50760,51324
3089,CARR,Industrials,Building Products & Equipment,NYSE,88.2,47,97.08,70,64.67,55507691189.92818,830580423.0,0.0275,-20.25,5297940,6531173,6827876
3090,BHM,Real Estate,REIT - Residential,NYSE ARCA,88.2,47,94.51,59,10.51,44976834.4959259,4109350.0,0.0033000002,-29.04,20746,9178,10275
3091,CHT,Communication Services,Telecom Services,NYSE,88.18,47,94.69,61,43.29,33985374400.873165,775744655.0,0.0067000003,-7.95,135378,135692,182781
3092,MMTXU,Financial Services,Shell Companies,NASDAQ,88.18,47,93.77,53,10.1,77710412.93506622,7694100.0,0.11,-9.58,0,30,558
3093,PROK,Healthcare,Biotechnology,NASDAQ,88.18,47,80.53,13,1.66,561647711.6995887,301961133.0,0.199,-76.72,807673,925774,882228
3094,NUW,Financial Services,Asset Management,NYSE,88.18,47,91.74,43,13.91,251857239.28647614,17951336.0,0.0011,-5.37,69941,46300,43894
3095,TDS,Communication Services,Telecom Services,NYSE,88.18,47,83.16,18,40.5,5290327473.129639,113843928.0,0.0005,-17.55,1130020,825640,877380
3096,WEC,Utilities,Utilities - Regulated Electric,NYSE,88.16,47,88.49,30,109.16,36370530398.32306,325725678.0,0.0517,-8.74,1916631,1774320,1849352
3097,FIGXU,Financial Services,Shell Companies,NASDAQ,88.16,47,94.0,54,10.19,,,0.03,-9.86,126,112,475
3098,FCRS,Financial Services,Shell Companies,NYSE,88.16,47,94.82,61,10.23,369437490.4036522,35937500.0,0.00029999999,-6.32,75246,93565,89791
3099,NMTC,Healthcare,Medical Devices,NASDAQ,88.16,47,86.52,25,4.21,40216461.293785095,8448836.0,0.0028,-39.51,39780,48307,38345
3100,STRA,Consumer Defensive,Education & Training Services,NASDAQ,88.16,47,93.51,51,78.79,1822522837.4967651,22730392.0,0.0773,-15.69,283351,303667,310192
3101,PACHU,Financial Services,Shell Companies,NASDAQ,88.15,47,93.89,54,10.26,,,0.02,-2.75,440,180,138
3102,APXTU,Financial Services,Shell Companies,NASDAQ,88.15,47,94.2,57,10.14,,,0.98,-2.59,681,507,6774
3103,FRME,Financial Services,Banks - Regional,NASDAQ,88.15,47,90.99,40,39.1,2546748954.193493,63022741.0,0.0227,-9.53,307262,344154,390284
3104,TDACU,Financial Services,Shell Companies,NASDAQ,88.15,47,94.0,54,10.44,,,,-4.22,0,0,0
3105,CHD,Consumer Defensive,Household & Personal Products,NYSE,88.14,47,92.0,44,94.05,22140010749.35559,236943602.0,0.037,-11.31,2141405,2043868,2096011
3106,CUBWU,Financial Services,Shell Companies,NASDAQ,88.13,47,93.91,54,10.75,,,0.5,-16.67,0,10,16
3107,UTL,Utilities,Utilities - Diversified,NYSE,88.13,47,90.07,36,50.16,913033658.25,17990811.0,0.0363,-12.28,122265,107095,137329
3108,PMTR,Financial Services,Shell Companies,NASDAQ,88.12,47,94.36,58,10.34,317718433.4387779,30825500.0,0.08,-6.0,34051,16200,16542
3109,DNMX,Financial Services,Shell Companies,NASDAQ,88.11,47,94.27,57,9.99,267796651.05667496,26833333.0,0.0001,0.0,6973,14697,31416
3110,FLC,Financial Services,Asset Management,NYSE,88.11,47,92.18,45,16.84,178811643.08896065,10456821.0,3.8573,-6.91,27145,25835,25391
3111,SBCF,Financial Services,Banks - Regional,NASDAQ,88.1,47,88.56,31,29.8,3023402156.31868,97246772.0,0.060500003,-16.17,780148,786616,812309
3112,DLHC,Industrials,Specialty Business Services,NASDAQ,88.09,47,88.91,32,5.44,84204532.52070189,14493035.0,0.0085,-32.84,19217,11979,10229
3113,WENN,Financial Services,Shell Companies,NASDAQ,88.09,47,94.38,58,10.25,384191991.4126396,37518750.0,0.04,-1.44,63710,74570,54914
3114,IAF,Financial Services,Asset Management,NYSE ARCA,88.09,47,93.93,54,12.95,124379197.15353775,9582373.0,0.13,-10.94,14696,23392,35333
3115,ALDFU,Financial Services,Shell Companies,NASDAQ,88.09,47,94.72,61,10.76,,,0.03,-8.65,84,118,118
3116,PFGC,Consumer Defensive,Food Distribution,NYSE,88.09,47,100.84,78,95.97,14628207356.580162,157089851.0,0.058000002,-11.99,2308161,1929080,1793002
3117,CCIXU,Financial Services,Shell Companies,NASDAQ,88.09,47,94.59,60,10.84,,,4.62,-13.28,0,6,10
3118,LKSPU,Financial Services,Shell Companies,NASDAQ,88.08,46,93.89,54,10.19,,,3.46,-1.66,140,240,180
3119,EVG,Financial Services,Asset Management,NYSE,88.08,46,93.54,51,10.68,146814842.4066391,13456906.0,4.44,-6.72,53628,37746,39443
3120,URBN,Consumer Cyclical,Apparel Retail,NASDAQ,88.08,46,94.77,61,68.95,6412044138.5,89678939.0,0.1251,-18.26,1246886,1175318,1475139
3121,OBAWU,Financial Services,Shell Companies,NASDAQ,88.08,46,93.76,53,10.2,,,0.04,-9.29,0,26,3254
3122,PFO,Financial Services,Asset Management,NYSE,88.06,46,91.96,44,9.08,120834489.24683762,13077326.0,0.23,-8.28,32892,30444,31392
3123,ALFUU,Financial Services,Shell Companies,NASDAQ,88.06,46,94.05,55,10.8,,,0.0,-2.61,0,12,55
3124,THC,Healthcare,Medical Care Facilities,NYSE,88.06,46,95.25,64,196.66,16398762480.59082,86137000.0,0.0317,-20.45,1463417,1532369,1325441
3125,LPAAU,Financial Services,Shell Companies,NASDAQ,88.06,46,93.62,52,10.74,,,0.5,-1.83,0,3,4
3126,ASIC,Financial Services,Insurance - Property & Casualty,NYSE,88.05,46,96.35,68,19.83,944802268.5046005,48032652.0,0.066599995,-21.62,66021,69010,88238
3127,OACCU,Financial Services,Shell Companies,NASDAQ,88.05,46,94.0,54,10.68,,,,-3.44,3,1,0
3128,CVRX,Healthcare,Medical Devices,NASDAQ,88.03,46,78.8,11,5.99,179708273.8025837,26311607.0,0.0857,-46.99,495740,352093,296964
3129,MSD,Financial Services,Asset Management,NYSE,88.01,46,92.57,47,7.3,150116121.4035244,20231283.0,0.2,-8.06,71839,78413,94049
3130,DAAQ,Financial Services,Shell Companies,NASDAQ,88.0,46,94.44,59,10.31,235750896.32602692,22910680.0,0.00029999999,-8.27,51913,51771,53200
3131,MBVI,Financial Services,Shell Companies,NASDAQ,88.0,46,94.22,57,10.12,436424995.0647354,43125000.0,0.1,-3.62,14363,24697,24776
3132,NTWOU,Financial Services,Shell Companies,NASDAQ,87.99,46,94.0,54,10.61,,,,-3.46,10,3,2
3133,TUYA,Technology,Software - Infrastructure,NYSE,87.99,46,88.9,32,2.21,1520381726.333137,613057143.0,0.0201,-24.96,912731,839020,1349192
3134,FCNCA,Financial Services,Banks - Regional,NASDAQ,87.98,46,91.92,44,1928.39,22678358790.07666,11618428.0,0.0617,-13.61,54038,65019,83685
3135,LPBBU,Financial Services,Shell Companies,NASDAQ,87.98,46,94.0,54,10.64,,,10.69,-8.83,0,0,30
3136,BEEM,Technology,Solar,NASDAQ,87.97,46,99.29,75,1.73,39314788.68236697,21136983.0,0.0934,-57.18,546371,740007,528318
3137,KFIIU,Financial Services,Shell Companies,NASDAQ,87.97,46,92.15,45,10.5,276370295.0735092,25829000.0,4.5,-14.5,15,5,13
3138,ECBK,Financial Services,Banks - Regional,NASDAQ,87.96,46,92.23,45,17.52,163792377.4193287,8773025.0,0.0234,-12.6,9102,11214,12284
3139,RM,Financial Services,Credit Services,NYSE,87.95,46,91.65,42,34.2,325415845.7050514,9208145.0,0.0456,-25.65,55072,62494,59492
3140,CEPF,Financial Services,Shell Companies,NASDAQ,87.95,46,94.54,60,10.32,589787982.5592041,57150000.0,0.0002,-3.28,74256,75408,71069
3141,BEAG,Financial Services,Shell Companies,NASDAQ,87.94,46,94.17,56,10.56,330091718.8053131,31318000.0,0.0004,-3.56,23218,92806,75101
3142,CEPV,Financial Services,Shell Companies,NASDAQ,87.94,46,94.93,62,10.27,325847500.0,31790000.0,0.02,-0.87,27110,39296,43652
3143,BCSS,Financial Services,Shell Companies,NYSE,87.93,46,94.03,55,10.14,592759977.722168,58400000.0,0.0007,-0.93,138927,75219,91269
3144,OMC,Communication Services,Advertising Agencies,NYSE,87.93,46,88.82,32,70.83,21962576767.94409,285006196.0,0.1058,-18.74,4467093,4340951,4732062
3145,KIO,Financial Services,Asset Management,NYSE,87.92,46,95.02,62,11.17,460263384.1884804,40985165.0,0.59,-12.94,202440,185880,258356
3146,GIGGU,Financial Services,Shell Companies,NASDAQ,87.92,46,93.5,51,11.0,,,0.09,-20.86,0,0,76
3147,MBVIU,Financial Services,Shell Companies,NASDAQ,87.91,46,94.03,55,10.2,0.0,0.0,0.39,-2.86,30,210,846
3148,TGS,Energy,Oil & Gas Integrated,NYSE,87.91,46,89.9,35,29.42,4418707479.631111,150552212.0,0.0191,-19.06,374809,323816,347261
3149,HSY,Consumer Defensive,Confectioners,NYSE,87.9,46,89.87,35,186.98,37716697084.903076,202843372.0,0.074499995,-21.92,1987853,1983197,1929932
3150,ANSCU,Financial Services,Shell Companies,NASDAQ,87.89,46,92.12,45,11.11,,,0.06,-6.64,50,43,26
3151,BDMD,Healthcare,Medical Devices,NASDAQ,87.88,46,109.99,89,1.67,53816647.5,30752370.0,0.044499997,-77.0,233063,229724,517126
3152,RNGTU,Financial Services,Shell Companies,NASDAQ,87.87,46,93.62,52,10.13,,,59.84,-4.43,87,99,125
3153,PGZ,Financial Services,Asset Management,NYSE,87.87,46,90.93,39,9.7,67610513.55360031,6694110.0,0.0045,-8.83,17556,21455,26807
3154,TACHU,Financial Services,Shell Companies,NASDAQ,87.87,46,94.02,55,10.45,,,0.04,-5.0,10,13,106
3155,DNMXU,Financial Services,Shell Companies,NASDAQ,87.87,46,94.46,59,10.14,,,0.08,-7.82,1220,1696,4830
3156,KVACU,Financial Services,Shell Companies,NASDAQ,87.86,46,94.0,54,11.5,,,,0.0,0,0,0
3157,LDP,Financial Services,Asset Management,NYSE,87.86,46,92.18,45,20.3,612699198.6657257,29079222.0,0.0014,-7.94,53688,54862,68733
3158,BHFAO,Financial Services,Insurance - Life,NASDAQ,87.85,46,93.66,52,16.56,,,0.96,-24.52,20466,34905,35801
3159,BSVN,Financial Services,Banks - Regional,NASDAQ,87.85,46,92.23,45,42.1,416566127.3821106,9519336.0,0.0094,-15.97,9632,11320,12044
3160,CCIX,Financial Services,Shell Companies,NASDAQ,87.85,46,94.51,59,10.78,395221740.2100563,36662500.0,0.0002,-7.55,92226,266895,165987
3161,ARRY,Technology,Solar,NASDAQ,87.85,46,103.23,82,8.97,1318292012.515915,153826378.0,0.20899999,-26.66,5354554,5324951,5134462
3162,ONCY,Healthcare,Biotechnology,NASDAQ,87.84,46,83.53,18,0.85,103354062.51877332,116128162.0,0.0563,-43.71,978814,1214314,1040454
3163,DYORU,Financial Services,Shell Companies,NASDAQ,87.83,46,94.31,57,10.16,203199996.9482422,20000000.0,0.0,-8.96,110,1600,4012
3164,HCMAU,Financial Services,Shell Companies,NASDAQ,87.82,46,94.18,56,10.32,,,0.29,-6.1,1989,3753,2525
3165,OZK,Financial Services,Banks - Regional,NASDAQ,87.82,46,91.64,42,46.73,5294544937.5,109165875.0,0.14649999,-12.91,886320,1144310,1272980
3166,AGEN,Healthcare,Biotechnology,NASDAQ,87.81,46,92.82,48,3.58,158677273.50700235,41538554.0,0.1141,-51.23,917352,1122190,880120
3167,HCMA,Financial Services,Shell Companies,NASDAQ,87.8,46,94.05,55,10.15,342393317.0817547,33733333.0,0.0004,-3.24,3829,6583,5721
3168,FULTP,Financial Services,Banks - Regional,NASDAQ,87.79,46,93.81,53,18.38,,,0.26,-11.76,12440,8846,10462
3169,CCII,Financial Services,Shell Companies,NASDAQ,87.79,46,93.68,52,10.22,354912780.7086525,34693333.0,0.04,-2.34,61263,74857,56592
3170,DMAC,Healthcare,Biotechnology,NASDAQ,87.78,46,85.01,22,6.06,340542749.6496892,53883345.0,0.132,-41.84,177289,171726,197813
3171,CRAQU,Financial Services,Shell Companies,NASDAQ,87.78,46,93.8,53,10.3,,,62.82,-10.43,0,0,32
3172,USFD,Consumer Defensive,Food Distribution,NYSE,87.77,46,83.26,18,82.38,18586708102.43158,220221656.0,0.0461,-19.34,3230440,2330943,2479680
3173,UPS,Industrials,Integrated Freight & Logistics,NYSE,87.77,46,87.04,27,98.93,85663631760.01468,850006279.0,0.022,-19.18,7115801,5839953,6331074
3174,VLT,Financial Services,Asset Management,NYSE,87.76,46,93.84,53,10.33,68554291.5894022,6498037.0,0.0015,-9.62,12642,15504,16322
3175,PSNL,Healthcare,Diagnostics & Research,NASDAQ,87.76,46,92.06,44,6.36,626232168.0373964,104721098.0,0.187,-44.7,2535989,2115666,1917921
3176,LATA,Financial Services,Shell Companies,NASDAQ,87.76,46,94.09,55,10.05,231150004.38690186,23000000.0,0.0,-1.47,730,13626,35794
3177,STEW,Financial Services,Asset Management,NYSE,87.75,45,93.74,53,17.58,1699299310.9369278,96441500.0,0.0001,-5.84,70420,77720,76210
3178,JRI,Financial Services,Asset Management,NYSE,87.75,45,90.99,40,12.45,360944832.0793133,27448277.0,0.0023999999,-12.75,156115,132471,194487
3179,BSL,Financial Services,Asset Management,NYSE,87.75,45,95.49,64,13.16,172123583.83669853,13019938.0,0.0016,-8.29,28108,37009,45255
3180,DFP,Financial Services,Asset Management,NYSE,87.75,45,91.68,43,20.43,431917035.2124195,20538137.0,0.63,-7.6,41324,46328,52826
3181,RDAG,Financial Services,Shell Companies,NASDAQ,87.74,45,94.27,57,10.27,384562504.2915344,37500000.0,0.0001,-18.75,66014,66351,43006
3182,LILAK,Communication Services,Telecom Services,NASDAQ,87.74,45,82.35,16,7.32,1574948034.5726013,201400000.0,0.035099998,-19.82,783158,660562,845219
3183,OPP,Financial Services,Asset Management,NYSE,87.74,45,92.4,46,7.65,195922630.85319138,24990131.0,0.51,-13.27,80345,85785,89113
3184,ACU,Consumer Defensive,Household & Personal Products,NYSE ARCA,87.73,45,88.1,29,40.72,158549040.31565857,3810359.0,0.0309,-13.93,21220,20666,21246
3185,FTHY,Financial Services,Asset Management,NYSE,87.73,45,93.31,50,13.41,496067613.19333076,36772989.0,0.003,-10.48,89249,95353,113231
3186,GBCI,Financial Services,Banks - Regional,NYSE,87.72,45,88.7,31,45.56,6349660207.809158,130142654.0,0.053200003,-15.61,919005,905641,937725
3187,AMTD,Financial Services,Asset Management,NYSE,87.72,45,95.22,63,1.03,85042256.28928566,80228548.0,0.0007,-37.58,16011,14627,14056
3188,CMCM,Communication Services,Internet Content & Information,NYSE,87.72,45,89.54,34,5.21,165125500.96813345,31038627.0,0.0072000003,-44.81,15316,13558,26131
3189,FFC,Financial Services,Asset Management,NYSE,87.71,45,92.15,45,15.79,777591212.0345459,48177896.0,0.19,-7.12,116653,102124,125836
3190,NMZ,Financial Services,Asset Management,NYSE,87.71,45,92.6,47,10.13,1204376096.75,117500107.0,0.0182,-5.94,726674,562251,512002
3191,EOI,Financial Services,Asset Management,NYSE,87.68,45,93.25,50,19.59,820444986.8645554,41001748.0,0.35,-9.22,71356,105075,94055
3192,DLPN,Communication Services,Advertising Agencies,NASDAQ,87.68,45,85.26,22,1.33,17893738.063661575,12513104.0,0.001,-29.26,36927,32262,23809
3193,LOVE,Consumer Cyclical,"Furnishings, Fixtures & Appliances",NASDAQ,87.67,45,95.05,63,15.29,235887204.56380844,14779900.0,0.26049998,-30.18,124144,234558,299066
3194,MIDD,Industrials,Specialty Industrial Machinery,NASDAQ,87.66,45,95.13,63,143.58,7677218472.1028595,46621841.0,0.0499,-15.26,828769,653903,594191
3195,ACGLO,Financial Services,Insurance - Diversified,NASDAQ,87.66,45,93.42,51,20.19,,,0.49,-9.05,16852,21507,24040
3196,FTF,Financial Services,Asset Management,NYSE ARCA,87.66,45,93.61,52,5.87,237987647.46530056,40405374.0,0.43,-10.38,152128,144606,167877
3197,GTES,Industrials,Specialty Industrial Machinery,NYSE,87.64,45,93.79,53,24.4,6623616529.9383545,253875680.0,0.031600002,-14.3,1951952,2069077,2272236
3198,HCWB,Healthcare,Biotechnology,NASDAQ,87.63,45,277.09,99,1.22,2215520.190311432,6734104.0,0.0208,-93.15,42730658,15683022,19454605
3199,EIG,Financial Services,Insurance - Specialty,NYSE,87.63,45,94.85,61,42.0,766385080.5898628,18242921.0,0.1232,-16.62,207405,226938,238033
3200,ORIQU,Financial Services,Shell Companies,NASDAQ,87.61,45,93.85,53,10.2,144635997.29537964,14180000.0,0.0,-4.58,20,13,16
3201,PML,Financial Services,Asset Management,NYSE,87.61,45,92.82,48,7.4,508014151.1220932,66494000.0,0.27,-7.62,444929,392979,423257
3202,PCAP,Financial Services,Shell Companies,NASDAQ,87.58,45,94.33,58,10.24,324086385.4980469,31680000.0,0.0007,-10.33,23016,34645,38343
3203,AVB,Real Estate,REIT - Residential,NYSE,87.57,45,97.09,70,180.84,25607749916.241806,139112069.0,0.0454,-13.83,1057689,967803,1017545
3204,PDM,Real Estate,REIT - Office,NYSE,87.57,45,94.48,59,7.8,1060161088.2108421,125019003.0,0.0392,-15.13,1089110,1235403,1159658
3205,EVMN,Healthcare,Biotechnology,NYSE,87.57,45,83.08,17,22.92,825541111.9079838,36018373.0,0.1427,-30.96,443278,329476,327867
3206,OKLO,Utilities,Utilities - Independent Power Producers,NYSE,87.57,45,93.6,52,62.25,12610927824.912857,173919838.0,0.1884,-67.89,13868832,14675900,12246498
3207,SDHY,Financial Services,Asset Management,NYSE,87.56,45,92.29,46,15.79,396742738.5975952,24673056.0,0.46,-8.09,97246,84458,77743
3208,OCSL,Financial Services,Asset Management,NASDAQ,87.56,45,92.68,47,12.1,1070239070.8480396,88085523.0,0.0387,-18.08,952597,1083859,1014997
3209,ACIC,Financial Services,Insurance - Property & Casualty,NASDAQ,87.55,45,88.78,32,10.85,509049786.9210768,48342811.0,0.03,-16.92,346783,221274,198026
3210,SPXC,Industrials,Building Products & Equipment,NYSE,87.54,45,88.82,32,200.99,10155151759.417084,50064839.0,0.0323,-18.52,517331,533720,511860
3211,BLZR,Financial Services,Shell Companies,NASDAQ,87.53,45,94.23,57,10.09,347187513.11302185,34375000.0,0.0,-0.79,50973,30414,79390
3212,BANR,Financial Services,Banks - Regional,NASDAQ,87.52,45,92.53,47,62.58,2230674754.6128387,33967943.0,0.0416,-10.38,273358,256539,304459
3213,IFF,Basic Materials,Specialty Chemicals,NYSE,87.51,45,93.51,51,73.1,20692347265.77437,255303473.0,0.0497,-13.44,2236863,1688544,1749552
3214,DUK,Utilities,Utilities - Regulated Electric,NYSE,87.51,45,87.97,29,120.95,96802460837.4067,779596217.0,0.0225,-10.07,3450146,3061842,3799417
3215,HUDI,Basic Materials,Steel,NASDAQ,87.51,45,97.56,71,1.24,17159019.08183813,14299182.0,0.0015,-77.29,157567,57782,38311
3216,IBCP,Financial Services,Banks - Regional,NASDAQ,87.5,45,90.54,38,32.72,711530576.0559998,20606157.0,0.0255,-12.49,175301,167560,197606
3217,BGB,Financial Services,Asset Management,NYSE,87.48,45,95.23,63,11.39,512465159.7305107,44678740.0,0.0016,-9.96,131390,133443,160656
3218,EVLV,Industrials,Security & Protection Services,NASDAQ,87.47,45,82.62,16,5.7,1266306243.359396,179617902.0,0.0484,-36.03,4296568,2999982,3381017
3219,SAR,Financial Services,Asset Management,NYSE,87.46,45,91.07,40,21.91,360330611.9943466,16267748.0,0.038900003,-14.55,121732,107687,114856
3220,AIRT,Industrials,Conglomerates,NASDAQ,87.45,45,91.3,41,21.26,57241894.84477997,2702639.0,0.0201,-20.37,1959,1569,1811
3221,TIMB,Communication Services,Telecom Services,NYSE,87.45,45,79.11,12,21.92,11365284303.938232,477733664.0,0.0225,-22.32,587838,456932,434575
3222,FCPT,Real Estate,REIT - Retail,NYSE,87.45,45,93.12,49,24.47,2762387296.863199,109749197.0,0.042,-12.95,689265,756171,731303
3223,FLL,Consumer Cyclical,Resorts & Casinos,NASDAQ,87.44,45,102.42,81,2.67,107707594.54755521,36265183.0,0.0194,-46.06,224277,160265,151887
3224,PRTC,Healthcare,Biotechnology,NASDAQ,87.44,45,93.77,53,17.39,417218762.80293274,24341819.0,0.0008,-12.7,22816,12925,9391
3225,FSS,Industrials,Pollution & Treatment Controls,NYSE,87.42,45,89.93,35,111.33,7218397064.178467,61002256.0,0.0743,-16.22,398609,467339,497385
3226,BWG,Financial Services,Asset Management,NYSE,87.42,45,92.31,46,7.89,135342205.2061348,16791836.0,0.0042,-11.74,74723,75794,85972
3227,TVA,Financial Services,Shell Companies,NASDAQ,87.42,45,93.74,53,10.48,314699993.1335449,30000000.0,0.001,-14.59,26233,41494,57054
3228,ASH,Basic Materials,Specialty Chemicals,NYSE,87.42,45,93.14,49,54.5,2518785535.9167366,45787777.0,0.1346,-16.98,1181353,909061,822666
3229,EVOXU,Financial Services,Shell Companies,NASDAQ,87.42,45,93.62,52,10.15,,,1.78,-1.46,2677,1130,882
3230,BIRD,Consumer Cyclical,Apparel Retail,NASDAQ,87.41,45,92.07,44,4.41,49062590.36446905,8761177.0,0.082600005,-81.86,535016,12379972,7512239
3231,GDO,Financial Services,Asset Management,NYSE,87.41,45,91.71,43,10.78,83089382.48421192,7519401.0,1.46,-11.28,20537,24315,26041
3232,LATAU,Financial Services,Shell Companies,NASDAQ,87.4,45,93.33,50,10.05,,,,-5.35,0,16,10
3233,APUS,Healthcare,Drug Manufacturers - Specialty & Generic,NYSE ARCA,87.4,45,83.48,18,1.51,19040038.99359691,12575983.0,0.0168,-96.25,721639,240546,188525
3234,LILA,Communication Services,Telecom Services,NASDAQ,87.39,45,82.36,16,7.18,1536682023.0484009,201400000.0,0.0183,-20.58,407013,272481,296516
3235,HNNA,Financial Services,Asset Management,NASDAQ,87.37,44,94.16,56,9.92,81078564.24871445,7902394.0,0.0008,-24.79,5670,4773,8780
3236,WAT,Healthcare,Diagnostics & Research,NYSE,87.37,44,99.18,75,329.22,34861511298.15369,98165491.0,0.038,-20.51,1436912,1075724,1060848
3237,PDYN,Technology,Software - Infrastructure,NASDAQ,87.36,44,93.3,50,6.45,288662221.05778456,47244225.0,0.1656,-50.38,1631309,1240363,1857995
3238,HSAI,Consumer Cyclical,Auto Parts,NASDAQ,87.35,44,92.35,46,22.44,3379104902.077139,156440039.0,0.0424,-27.26,1482101,1567567,1817724
3239,UDR,Real Estate,REIT - Residential,NYSE,87.35,44,97.15,70,36.92,11992636702.651806,324915653.0,0.0727,-14.1,3891964,3632621,3595656
3240,CHCO,Financial Services,Banks - Regional,NASDAQ,87.35,44,92.09,44,121.42,1735814559.8047028,14111166.0,0.0951,-9.11,90205,101928,127897
3241,ONCH,Financial Services,Shell Companies,NASDAQ,87.35,44,94.16,56,10.2,219832710.09150124,21541667.0,0.02,-4.04,7551,8373,11514
3242,ABBV,Healthcare,Drug Manufacturers - General,NYSE,87.34,44,93.54,51,210.39,356494062482.1844,1768762377.0,0.0137,-14.06,5555875,6491091,6862371
3243,EQT,Energy,Oil & Gas E&P,NYSE,87.33,44,90.15,36,56.22,35001748307.35779,625478000.0,0.0343,-17.61,6449781,7318920,8126674
3244,HALO,Healthcare,Biotechnology,NASDAQ,87.33,44,93.84,53,67.12,7596572441.399384,118474300.0,0.1557,-18.37,2122517,1606742,1571689
3245,LCNB,Financial Services,Banks - Regional,NASDAQ,87.32,44,89.41,34,15.66,232922219.8844204,14246007.0,0.0056,-12.47,20591,20637,26634
3246,JHI,Financial Services,Asset Management,NYSE,87.32,44,92.05,44,13.1,117002039.86073399,8744547.0,0.0008,-9.72,35185,22165,25255
3247,WH,Consumer Cyclical,Lodging,NYSE,87.32,44,91.88,44,79.74,6188715909.866364,74860482.0,0.0919,-13.97,1009509,1166849,1209209
3248,EMPD,Consumer Cyclical,Auto Manufacturers,NASDAQ,87.31,44,106.66,86,5.11,152448250.606143,30247669.0,0.0738,-88.41,272859,438506,641521
3249,CZNC,Financial Services,Banks - Regional,NASDAQ,87.31,44,84.27,20,20.25,387392376.5093651,17909958.0,0.0164,-16.04,41235,36865,39813
3250,IGI,Financial Services,Asset Management,NYSE,87.3,44,92.8,48,16.0,96737523.48176575,5993651.0,0.00059999997,-6.38,25491,21210,20424
3251,BDCIU,Financial Services,Shell Companies,NASDAQ,87.29,44,94.18,56,10.15,,,0.06,-3.79,210,260,366
3252,NRP,Energy,Thermal Coal,NYSE,87.29,44,83.65,19,106.9,1477288405.5740662,13250412.0,0.0423,-16.87,42638,27332,28991
3253,TXRH,Consumer Cyclical,Restaurants,NASDAQ,87.29,44,102.29,81,177.97,11693802542.000122,65925145.0,0.0479,-11.01,1526252,1214030,1125168
3254,MSLE,Healthcare,Biotechnology,NASDAQ,87.28,44,82.83,17,7.01,160191852.29197025,20831190.0,0.72,-47.67,34531,49963,84152
3255,HIG,Financial Services,Insurance - Diversified,NYSE,87.28,44,91.67,42,133.92,36190752027.61322,274130820.0,0.0001,-7.32,1357733,1422954,1456414
3256,SWK,Industrials,Tools & Accessories,NYSE,87.26,44,92.87,48,75.14,12602782526.038727,155455564.0,0.048299998,-19.52,1914318,2331142,2075205
3257,WENNU,Financial Services,Shell Companies,NASDAQ,87.26,44,94.63,60,10.4,,,0.01,-12.68,6330,8760,14694
3258,WDI,Financial Services,Asset Management,NYSE,87.26,44,91.59,42,13.43,719501909.9373894,51912116.0,0.45,-12.11,167293,181574,194610
3259,EMR,Industrials,Specialty Industrial Machinery,NYSE,87.25,44,90.09,36,133.05,79147729632.56836,560100000.0,0.0223,-19.44,3391861,2913303,2968088
3260,HIX,Financial Services,Asset Management,NYSE,87.25,44,92.32,46,3.92,353973962.3828018,90069709.0,0.45,-10.91,440842,361497,375230
3261,OSPN,Technology,Software - Infrastructure,NASDAQ,87.25,44,103.72,82,12.26,453400938.52939606,37072850.0,0.0675,-32.38,561133,504544,595500
3262,CSV,Consumer Cyclical,Personal Services,NYSE,87.2,44,86.53,25,43.22,721556016.3484497,15872328.0,0.028399998,-17.04,127246,99558,101201
3263,OMF,Financial Services,Credit Services,NYSE,87.18,44,91.34,41,53.52,6480131115.308624,115530952.0,0.028399998,-25.59,1260799,1230083,1426677
3264,PRTS,Consumer Cyclical,Auto Parts,NASDAQ,87.18,44,76.68,9,0.68,65188569.02849007,76692432.0,0.020599999,-50.0,702165,543808,592681
3265,DNUT,Consumer Defensive,Grocery Stores,NASDAQ,87.17,44,87.34,27,3.23,620582869.5601678,172384135.0,0.1849,-43.63,2845826,2295345,2192895
3266,PPT,Financial Services,Asset Management,NYSE,87.16,44,91.93,44,3.45,337353402.87579083,95567537.0,0.0027,-8.49,125169,126089,146133
3267,CEPU,Utilities,Utilities - Regulated Electric,NYSE,87.15,44,85.26,22,13.75,2116305766.6863117,149986238.0,0.0027,-25.69,346629,359686,395589
3268,IKT,Healthcare,Biotechnology,NASDAQ,87.15,44,90.73,38,1.73,271987222.60503197,132032636.0,0.2166,-23.79,644680,883720,1206182
3269,HBANM,Financial Services,Banks - Regional,NASDAQ,87.14,44,94.01,55,22.21,,,0.15,-7.61,9318,8226,9001
3270,JFR,Financial Services,Asset Management,NYSE,87.13,44,93.7,52,7.46,1212084744.0223098,160967425.0,0.0022,-13.15,563516,652538,859571
3271,BOSC,Technology,Communication Equipment,NASDAQ,87.12,44,91.18,41,4.52,32076636.844644547,7049810.0,0.0014,-32.74,58155,49001,55023
3272,BOW,Financial Services,Insurance - Property & Casualty,NYSE,87.12,44,111.17,90,28.25,888597209.5625973,32838035.0,0.041199997,-30.34,296369,209929,208909
3273,WSO,Industrials,Industrial Distribution,NYSE,87.11,44,92.24,45,403.15,17099537411.139069,40655105.0,0.0,-18.76,318034,465594,483166
3274,ULBI,Industrials,Electrical Equipment & Parts,NASDAQ,87.11,44,83.38,18,6.07,99439319.4153266,16656503.0,0.007900001,-36.24,55987,35535,52025
3275,LND,Consumer Defensive,Farm Products,NYSE,87.11,44,88.51,31,3.73,379534885.4699578,99615457.0,0.0011999999,-16.18,65646,83538,106215
3276,GBLI,Financial Services,Insurance - Property & Casualty,NASDAQ,87.1,44,94.47,59,27.86,404526734.43211555,14609127.0,0.0029,-18.06,5179,2696,3543
3277,WEA,Financial Services,Asset Management,NYSE,87.08,44,91.8,43,10.46,126249988.07373047,11865600.0,0.57,-8.57,33072,33730,35032
3278,BMEZ,Financial Services,Asset Management,NYSE,87.08,44,90.86,39,13.85,886269927.7939148,62501404.0,0.0011,-12.34,188730,180523,211344
3279,ESNT,Financial Services,Insurance - Specialty,NYSE,87.08,44,94.29,57,60.41,5934827347.883106,94009619.0,0.0286,-9.96,799073,668187,700404
3280,FITBP,Financial Services,Banks - Regional,NASDAQ,87.08,44,93.37,50,23.6,,,1.32,-7.45,10557,10502,13165
3281,AMBP,Consumer Cyclical,Packaging & Containers,NYSE,87.05,44,89.51,34,3.95,2390825256.0,597706314.0,0.0398,-21.47,1022231,1115297,1322554
3282,GDEV,Communication Services,Electronic Gaming & Multimedia,NASDAQ,87.05,44,96.35,68,16.09,326345783.9113655,18150489.0,0.0007,-61.87,4247,4135,3013
3283,HSIC,Healthcare,Medical Distribution,NASDAQ,87.05,44,90.66,38,72.72,8067584695.975365,113916757.0,0.0682,-18.56,2306920,1468226,1370600
3284,VBF,Financial Services,Asset Management,NYSE,87.03,44,92.99,49,14.85,171833338.12416744,11425089.0,0.0011,-7.07,78639,58729,62401
3285,NRO,Financial Services,Asset Management,NYSE ARCA,87.03,44,92.28,46,2.94,195154440.80587578,63361833.0,0.33,-12.76,255382,279144,270508
3286,LAFAU,Financial Services,Shell Companies,NASDAQ,87.03,44,93.81,53,10.06,137654335.72175503,13683333.0,0.32,-9.37,0,3606,3100
3287,ES,Utilities,Utilities - Regulated Electric,NYSE,87.03,44,89.36,33,67.17,25013083266.14361,376080025.0,0.028900001,-12.09,2480376,2084142,2385769
3288,MGRC,Industrials,Rental & Leasing Services,NASDAQ,87.02,44,94.18,56,111.75,2815761297.8086853,24561770.0,0.0159,-12.97,182320,252390,225966
3289,EHI,Financial Services,Asset Management,NYSE,87.02,44,91.78,43,5.97,185434417.5724697,30299742.0,0.0014,-10.9,80615,79505,83159
3290,SF,Financial Services,Capital Markets,NYSE,87.02,44,90.14,36,74.33,11765271141.0,153794394.0,0.0001,-17.25,1487502,1373957,1441792
3291,BGY,Financial Services,Asset Management,NYSE,87.01,44,91.72,43,5.59,526469978.3649993,90614455.0,0.0014,-10.27,338142,322060,363006
3292,ASPC,Financial Services,Shell Companies,NASDAQ,87.01,44,89.64,34,11.12,27209443.642544746,2337581.0,0.0759,-82.62,4477,18332,13073
3293,CMCL,Basic Materials,Gold,NYSE ARCA,87.01,44,88.12,29,23.04,461967631.2334671,19313028.0,0.1019,-40.54,210163,161841,197874
3294,ONCHU,Financial Services,Shell Companies,NASDAQ,87.0,43,94.16,56,10.3,,,0.06,-9.28,9311,7290,7166
3295,MESO,Healthcare,Biotechnology,NASDAQ,87.0,43,89.25,33,14.99,1905624816.3695717,129282554.0,0.0325,-30.28,167192,198997,227428
3296,BXMT,Real Estate,REIT - Mortgage,NYSE,86.99,43,88.76,31,18.06,3226915596.0351562,168683520.0,0.068,-12.63,1183497,1429369,1506731
3297,WMK,Consumer Defensive,Grocery Stores,NYSE,86.98,43,93.51,51,70.3,1753402158.5229034,24744597.0,0.1591,-14.09,161438,137886,150127
3298,GEL,Energy,Oil & Gas Midstream,NYSE,86.97,43,88.01,29,16.09,2004740988.4361458,122464318.0,0.0557,-13.68,325235,302938,297513
3299,WHLRD,Real Estate,REIT - Retail,NASDAQ,86.97,43,90.83,39,35.51,,,23.14,-15.45,113,547,1460
3300,USCB,Financial Services,Banks - Regional,NASDAQ,86.96,43,88.83,32,17.95,343604262.4282837,18257400.0,0.0114,-13.64,100736,68122,56017
3301,SOMN,Utilities,Utilities - Regulated Electric,NYSE,86.96,43,91.29,41,50.51,,,5.33,-6.45,36806,88772,143261
3302,VSEC,Industrials,Aerospace & Defense,NASDAQ,86.95,43,85.05,22,169.71,5416132121.218872,28055592.0,0.111999996,-27.04,472782,506534,692886
3303,CI,Healthcare,Healthcare Plans,NYSE,86.95,43,95.68,65,285.27,76201203650.40894,264532404.0,0.0271,-15.82,1865205,1615948,1701913
3304,STRR,Industrials,Conglomerates,NASDAQ,86.95,43,94.01,55,9.73,35071190.581422806,3707314.0,0.0017,-18.85,4123,4307,7908
3305,EML,Industrials,Tools & Accessories,NASDAQ,86.94,43,89.34,33,19.95,133887132.04216003,6036390.0,0.0495,-25.48,14314,13831,16592
3306,CIF,Financial Services,Asset Management,NYSE,86.94,43,92.51,47,1.62,29359256.783910036,17901986.0,0.08,-10.99,62609,67466,65353
3307,CDZI,Utilities,Utilities - Regulated Water,NASDAQ,86.94,43,82.97,17,4.12,397581108.5,83701286.0,0.120699994,-40.8,827332,808210,695170
3308,FLS,Industrials,Specialty Industrial Machinery,NYSE,86.94,43,79.8,13,65.07,9074622789.596558,127578000.0,0.0378,-29.59,2837483,2752667,2365392
3309,DGX,Healthcare,Diagnostics & Research,NYSE,86.93,43,89.56,34,186.61,20743403762.74626,110696429.0,0.0322,-12.59,750062,973820,923916
3310,NIM,Financial Services,Asset Management,NYSE,86.93,43,91.63,42,9.17,115877823.29279995,12446597.0,0.0011999999,-7.75,21757,17495,18291
3311,PMTRU,Financial Services,Shell Companies,NASDAQ,86.93,43,92.13,45,10.45,,,0.0,-15.73,50,203,238
3312,CSBR,Healthcare,Biotechnology,NASDAQ,86.92,43,97.39,71,6.2,83598692.25512981,13886826.0,0.0121,-35.62,11765,8678,9097
3313,ADPT,Healthcare,Diagnostics & Research,NASDAQ,86.92,43,82.26,16,12.83,2210213120.6772995,160044392.0,0.067600004,-38.2,2096276,1700432,1998359
3314,FMY,Financial Services,Asset Management,NYSE,86.92,43,91.38,41,11.55,49588365.47861099,4213115.0,2.39,-6.78,4164,3901,7298
3315,ENSG,Healthcare,Medical Care Facilities,NASDAQ,86.92,43,85.9,24,177.67,10020463651.638794,58445400.0,0.026500002,-18.5,653858,471069,430543
3316,BUSEP,Financial Services,Banks - Regional,NASDAQ,86.92,43,92.48,47,25.39,,,0.42,-4.73,17612,15544,18518
3317,EAD,Financial Services,Asset Management,NYSE ARCA,86.91,43,92.22,45,6.46,391191257.5574188,59092336.0,0.41,-10.03,123952,167997,179294
3318,FOR,Real Estate,Real Estate - Development,NYSE,86.91,43,88.68,31,25.52,1402230058.4950275,51008733.0,0.026099999,-16.98,129596,139755,140689
3319,TRTX,Real Estate,REIT - Mortgage,NYSE,86.91,43,90.89,39,8.1,662531327.5374069,77308209.0,0.0427,-17.77,506397,561945,662731
3320,PRK,Financial Services,Banks - Regional,NYSE ARCA,86.9,43,90.08,36,163.84,3134966557.764786,18096089.0,0.0299,-8.71,81177,82365,96481
3321,FAST,Industrials,Industrial Distribution,NASDAQ,86.9,43,89.77,35,43.26,50708706542.25502,1148035061.0,0.0241,-14.56,6641279,7135383,7463365
3322,RNP,Financial Services,Asset Management,NYSE,86.89,43,92.75,48,20.41,1023361669.6315384,48000079.0,0.0002,-11.22,70711,82710,92320
3323,VRTX,Healthcare,Biotechnology,NASDAQ,86.89,43,93.05,49,436.95,109090646193.8664,253805417.0,0.019199999,-13.97,1282616,1119258,1292991
3324,AB,Financial Services,Asset Management,NYSE,86.89,43,93.11,49,38.06,3649113747.7781525,93303853.0,0.0032,-13.72,299866,258228,315647
3325,ACGL,Financial Services,Insurance - Diversified,NASDAQ,86.89,43,92.08,44,93.98,32772744420.652405,349389588.0,0.0214,-9.1,2579308,2256819,2116769
3326,BDCI,Financial Services,Shell Companies,NASDAQ,86.87,43,94.15,56,10.03,348161619.2457619,34746667.0,0.0001,-2.24,64337,34689,27861
3327,MMT,Financial Services,Asset Management,NYSE,86.86,43,91.01,40,4.45,249355302.94481277,54924076.0,1.95,-8.62,127378,104399,112747
3328,KFY,Industrials,Staffing & Employment Services,NYSE,86.86,43,93.08,49,63.8,3516906693.5212708,51887087.0,0.0414,-18.73,383048,431109,537153
3329,API,Technology,Software - Application,NASDAQ,86.86,43,93.48,51,3.89,361873101.81925106,84549786.0,0.0128,-24.45,349029,293559,337613
3330,BRT,Real Estate,REIT - Residential,NYSE,86.85,43,94.78,61,14.28,275935208.3279419,18822320.0,0.0175,-14.44,24759,45069,55481
3331,HIW,Real Estate,REIT - Office,NYSE,86.85,43,103.0,82,25.47,2803131966.153139,110272697.0,0.0919,-22.25,1481816,1336312,1378287
3332,PIM,Financial Services,Asset Management,NYSE,86.84,43,91.58,42,3.17,158526480.05191326,48184341.0,0.0092,-9.43,91848,78052,104933
3333,BBN,Financial Services,Asset Management,NYSE,86.84,43,91.2,41,15.7,996713198.9616585,61792514.0,0.0021,-10.03,214022,161087,191028
3334,NTRSO,Financial Services,Asset Management,NASDAQ,86.84,43,93.23,50,19.04,,,0.77,-9.97,30003,27444,31592
3335,PJT,Financial Services,Capital Markets,NYSE,86.84,43,96.24,67,156.53,3993515818.9579163,25824598.0,0.1018,-19.98,333071,374607,376866
3336,CART,Consumer Cyclical,Internet Retail,NASDAQ,86.84,43,93.09,49,39.71,9483452636.272964,235029814.0,0.1028,-25.78,6307286,4284988,4163005
3337,PHK,Financial Services,Asset Management,NYSE,86.82,43,90.56,38,4.5,841102055.7975769,181272000.0,0.41,-10.71,738065,656501,774031
3338,LTM,Industrials,Airlines,NYSE,86.82,43,86.89,26,46.91,14979706822.599838,292743939.0,0.0178,-33.39,1042868,984369,1075953
3339,CRWS,Consumer Cyclical,"Furnishings, Fixtures & Appliances",NASDAQ,86.81,43,92.66,47,2.75,30488691.92977953,10697787.0,0.0021,-18.64,16977,29792,28921
3340,MEDP,Healthcare,Diagnostics & Research,NASDAQ,86.81,43,86.44,25,415.27,12109308136.0,28559689.0,0.0585,-33.97,358135,450851,395627
3341,PRU,Financial Services,Insurance - Life,NYSE,86.79,43,96.27,67,101.93,35013843188.70831,347325107.0,0.038599998,-14.89,2279472,2301544,2334226
3342,APRE,Healthcare,Biotechnology,NASDAQ,86.79,43,115.17,92,0.93,12135120.716182709,12382776.0,0.0097,-58.11,247610,296926,426670
3343,DBX,Technology,Software - Infrastructure,NASDAQ,86.77,43,103.47,82,26.82,6896653917.266619,238638547.0,0.2522,-17.22,4875462,3818217,3592050
3344,DHF,Financial Services,Asset Management,NYSE,86.77,43,93.0,49,2.4,175511256.70072675,72826245.0,0.35,-8.75,302176,259345,262299
3345,CRI,Consumer Cyclical,Apparel Retail,NYSE,86.77,43,87.68,28,33.46,1301914701.0845795,36850117.0,0.087,-24.71,1317822,1219987,1153410
3346,DAAQU,Financial Services,Shell Companies,NASDAQ,86.76,43,94.03,55,10.43,,,0.96,-10.85,10,296,976
3347,BA,Industrials,Aerospace & Defense,NYSE,86.75,43,92.36,46,220.49,187111441767.30157,788302331.0,0.002,-13.31,7980924,6611848,7183680
3348,YUM,Consumer Cyclical,Restaurants,NYSE,86.75,43,88.98,32,149.97,41880640802.77084,275621202.0,0.0278,-11.46,1687684,1643898,1672600
3349,MFIC,Financial Services,Asset Management,NASDAQ,86.74,43,89.79,35,11.02,962112320.1781311,82372628.0,0.0383,-18.43,759280,831616,1069658
3350,CRNX,Healthcare,Biotechnology,NASDAQ,86.74,43,87.9,29,36.77,3951898947.573303,105440208.0,0.1371,-36.59,1700736,1278675,1272771
3351,GGR,Consumer Cyclical,Auto Manufacturers,NASDAQ,86.71,43,99.99,77,3.97,80695787.19712687,20073579.0,0.0036000002,-52.17,9087,8702,11749
3352,PFN,Financial Services,Asset Management,NYSE,86.7,42,91.64,42,6.83,692232164.8979187,97635000.0,0.24,-10.95,487252,400624,539484
3353,PSF,Financial Services,Asset Management,NYSE,86.7,42,91.44,42,19.26,240684024.62303352,12028187.0,0.0007,-9.15,56025,48475,45815
3354,BKE,Consumer Cyclical,Apparel Retail,NYSE,86.67,42,85.2,22,48.23,2700062879.398964,51518086.0,0.1193,-21.82,406068,385902,437751
3355,NNI,Financial Services,Credit Services,NYSE,86.67,42,86.99,26,125.4,4397605636.044258,35934023.0,0.0229,-13.15,154234,136514,156086
3356,DDS,Consumer Cyclical,Department Stores,NYSE,86.66,42,86.31,24,538.69,8796315240.75,15617071.0,0.2883,-27.4,129432,98900,105414
3357,BOOM,Industrials,Conglomerates,NASDAQ,86.66,42,94.15,56,6.93,152287925.25123453,20468807.0,0.0481,-24.67,259420,342080,335580
3358,NPWR,Industrials,Specialty Industrial Machinery,NYSE,86.66,42,109.74,88,2.13,176767602.0,88383801.0,0.039,-59.04,1181524,780721,788434
3359,SIGIP,Financial Services,Insurance - Property & Casualty,NASDAQ,86.66,42,94.08,55,16.51,,,0.64,-11.73,3481,3723,4980
3360,PCAPU,Financial Services,Shell Companies,NASDAQ,86.65,42,94.38,58,10.32,,,0.03,-15.93,1032,4310,4248
3361,GE,Industrials,Aerospace & Defense,NYSE,86.65,42,90.32,37,281.53,310471110154.31616,1044829603.0,0.0121,-19.21,5398180,6347986,6145578
3362,INKT,Healthcare,Biotechnology,NASDAQ,86.65,42,86.08,24,10.72,55000164.769955635,4981899.0,0.0479,-85.89,28457,45195,379023
3363,HIO,Financial Services,Asset Management,NYSE,86.64,42,91.45,42,3.57,350916108.79162073,95099215.0,0.63,-11.85,310867,325622,361129
3364,ITP,Basic Materials,Paper & Paper Products,NYSE ARCA,86.64,42,95.15,63,0.2,3223429.7595512867,16965420.0,0.0091,-67.21,417626,2653085,1649847
3365,HON,Industrials,Conglomerates,NASDAQ,86.63,42,89.37,33,213.24,135044149627.27063,633653119.0,0.0175,-14.08,3616385,3749868,3814719
3366,ETOR,Financial Services,Capital Markets,NASDAQ,86.62,42,114.75,92,40.59,3052249799.1440964,79527090.0,0.060599998,-49.24,1716351,1382657,1215882
3367,EIC,Financial Services,Asset Management,NYSE,86.61,42,103.08,82,10.77,249098713.59175777,23433557.0,0.0034999999,-27.23,132431,143037,159562
3368,HY,Industrials,Farm & Heavy Construction Machinery,NYSE,86.61,42,90.36,37,35.74,667367349.5,17915902.0,0.0321,-19.78,103548,78759,84845
3369,NMRK,Real Estate,Real Estate Services,NASDAQ,86.61,42,87.99,29,14.37,2971639300.310463,177623394.0,0.1409,-27.55,1471429,1430173,1638529
3370,GENC,Industrials,Farm & Heavy Construction Machinery,NYSE ARCA,86.59,42,90.33,37,14.33,226021765.9582939,14657702.0,0.006,-17.64,21168,21376,26217
3371,BEAGU,Financial Services,Shell Companies,NASDAQ,86.59,42,93.87,53,10.76,,,0.06,-8.19,680,1200,722
3372,CMS,Utilities,Utilities - Regulated Electric,NYSE,86.59,42,88.17,29,71.64,22430652489.76956,308919602.0,0.0001,-10.85,2467216,2804288,2750733
3373,ACGLN,Financial Services,Insurance - Diversified,NASDAQ,86.57,42,91.55,42,16.68,,,1.47,-9.05,26576,27975,36533
3374,TAL,Consumer Defensive,Education & Training Services,NYSE,86.57,42,88.82,32,10.8,6748506189.453049,608521740.0,0.0723,-19.22,3429179,3835113,3476675
3375,JQC,Financial Services,Asset Management,NYSE,86.55,42,93.46,51,4.8,718389079.6756558,147816679.0,0.0016,-13.98,527966,680958,796421
3376,DRDBU,Financial Services,Shell Companies,NASDAQ,86.55,42,93.35,50,10.51,280800343.87922287,26666700.0,0.0,-7.44,30,10,200
3377,ALV,Consumer Cyclical,Auto Parts,NYSE,86.54,42,94.48,59,114.85,9104879373.178299,74863338.0,0.0478,-11.75,690081,823767,835556
3378,AOUT,Consumer Cyclical,Leisure,NASDAQ,86.54,42,88.64,31,8.71,118022269.75852966,12595760.0,0.0721,-35.28,34155,33111,40019
3379,XNET,Technology,Software - Infrastructure,NASDAQ,86.54,42,90.65,38,5.87,406747671.26130295,63653784.0,0.033800002,-46.78,157882,147840,216010
3380,EXR,Real Estate,REIT - Industrial,NYSE,86.54,42,91.43,42,136.9,30273692773.517212,211260936.0,0.0347,-11.79,925261,1163863,1203276
3381,PNFP,Financial Services,Banks - Regional,NYSE,86.53,42,93.7,52,94.02,14710328914.249985,150274073.0,0.028099999,-21.95,1072987,1365682,1428355
3382,PAG,Consumer Cyclical,Auto & Truck Dealerships,NYSE,86.52,42,93.81,53,162.18,11429760560.922913,65760087.0,0.1514,-14.42,270298,288169,301517
3383,SON,Consumer Cyclical,Packaging & Containers,NYSE,86.52,42,84.99,21,46.69,5097669740.615482,98868689.0,0.0721,-20.11,1267807,1465325,1245521
3384,IPEXU,Financial Services,Shell Companies,NASDAQ,86.52,42,94.58,60,10.79,,,5.06,-26.1,19,6,15
3385,LEGH,Consumer Cyclical,Residential Construction,NASDAQ,86.51,42,97.58,71,22.1,553635687.6095295,23781601.0,0.0825,-24.96,92229,75163,105251
3386,ICU,Healthcare,Biotechnology,NASDAQ,86.51,42,100.0,77,3.95,17946538.065158844,3997002.0,0.0402,-70.52,87516,105515,157345
3387,GRVY,Communication Services,Electronic Gaming & Multimedia,NASDAQ,86.5,42,93.58,52,62.66,454874987.63809204,6948900.0,0.0111,-16.17,27560,31003,29222
3388,MHH,Industrials,Staffing & Employment Services,NYSE ARCA,86.49,42,103.25,82,7.14,84317511.46744442,11875706.0,0.002,-24.68,23851,17497,15012
3389,VACH,Financial Services,Shell Companies,NASDAQ,86.49,42,79.59,12,10.36,398791239.1424179,31625000.0,0.0001,-33.93,7596,14215,19897
3390,TSQ,Communication Services,Advertising Agencies,NYSE,86.46,42,89.78,35,6.03,112038499.96254158,17105114.0,0.042600002,-35.23,80170,101460,147666
3391,BGS,Consumer Defensive,Packaged Foods,NYSE,86.46,42,74.38,7,4.17,430199264.9814019,80411079.0,0.1439,-34.64,2503255,1920508,1987849
3392,CPHC,Consumer Cyclical,Resorts & Casinos,NASDAQ,86.46,42,95.56,65,15.9,81478282.3082428,5150334.0,0.0044,-26.42,1239,1386,1349
3393,ACOG,Healthcare,Biotechnology,NASDAQ,86.45,42,97.17,70,6.02,132822032.32345963,21774104.0,0.0099,-47.83,35872,47784,51718
3394,MFIN,Financial Services,Credit Services,NASDAQ,86.45,42,99.74,76,9.53,230390677.58078384,23849967.0,0.0417,-13.36,80212,62160,63764
3395,FAX,Financial Services,Asset Management,NYSE ARCA,86.44,42,92.2,45,14.64,615523977.1807709,41282628.0,0.61,-13.37,187312,166124,187300
3396,NXPL,Technology,Software - Application,NASDAQ,86.4,42,102.42,81,6.06,18336592.33833933,2708507.0,0.021,-45.41,8884,16782,117221
3397,DBL,Financial Services,Asset Management,NYSE,86.4,42,93.13,49,14.29,287855503.49594593,19770295.0,0.26,-10.74,55432,89434,91722
3398,SCI,Consumer Cyclical,Personal Services,NYSE,86.39,42,89.9,35,77.74,10723106132.981628,137970998.0,0.0525,-12.33,1344577,1262979,1246169
3399,CASH,Financial Services,Banks - Regional,NASDAQ,86.39,42,83.17,18,79.9,1822218128.437729,21110034.0,0.11399999,-21.09,198270,204610,228706
3400,BEPC,Utilities,Utilities - Renewable,NYSE,86.37,42,86.69,25,36.32,6689756740.178444,182381589.0,5.81,-19.61,1722915,1557941,1578789
3401,KARO,Technology,Software - Application,NASDAQ,86.36,42,86.8,26,46.04,1550843683.5697174,30893300.0,0.016900001,-27.34,145705,99301,75061
3402,FSBW,Financial Services,Banks - Regional,NASDAQ,86.35,42,92.29,46,39.6,306888082.0753555,7501542.0,0.0136,-10.45,10350,14516,14060
3403,SMP,Consumer Cyclical,Auto Parts,NYSE,86.34,42,90.28,37,37.0,899436505.5710678,22263279.0,0.0421,-19.57,98028,105966,121323
3404,PAM,Industrials,Conglomerates,NYSE,86.33,42,90.76,39,79.36,4230728060.4854736,53744004.0,0.0164,-16.02,270508,248572,255811
3405,HURC,Industrials,Specialty Industrial Machinery,NASDAQ,86.32,42,93.46,51,16.63,106495423.03095245,6446454.0,0.022,-22.51,18662,19274,22124
3406,SCHW,Financial Services,Capital Markets,NYSE,86.31,42,92.55,47,90.88,155263366917.32437,1752210426.0,0.0,-15.46,10116536,11341448,10250977
3407,ZDGE,Communication Services,Internet Content & Information,NYSE ARCA,86.3,42,84.89,21,2.85,41473230.15064049,13041896.0,0.0128999995,-41.72,63005,70461,73941
3408,GRX,Financial Services,Asset Management,NYSE,86.3,42,91.78,43,9.01,136058173.745862,15050683.0,0.0002,-10.35,20726,21575,24455
3409,ETJ,Financial Services,Asset Management,NYSE,86.29,42,92.41,46,8.27,571392156.2258434,67301787.0,0.35,-9.32,117638,144999,163681
3410,MCGAU,Financial Services,Shell Companies,NASDAQ,86.29,42,94.03,55,10.29,,,0.43,-17.68,1057,779,3383
3411,WM,Industrials,Waste Management,NYSE,86.27,42,89.81,35,219.82,86487367747.4209,401575752.0,0.0154,-11.41,2081775,2028735,2035951
3412,PAI,Financial Services,Asset Management,NYSE,86.26,41,92.38,46,12.06,116319073.13622665,9510963.0,0.15,-11.71,23517,20589,17439
3413,TSI,Financial Services,Asset Management,NYSE,86.26,41,93.43,51,4.55,221511197.09005165,48364891.0,0.089700006,-10.08,123073,93964,158872
3414,AYTU,Healthcare,Drug Manufacturers - Specialty & Generic,NASDAQ,86.25,41,82.2,16,2.19,26833020.0,10733208.0,0.0545,-28.66,68874,42771,44540
3415,CAAP,Industrials,Airports & Air Services,NYSE,86.24,41,87.65,28,23.86,4118108822.8925743,163222707.0,0.0477,-21.77,227450,252920,261528
3416,CRESY,Industrials,Conglomerates,NASDAQ,86.24,41,86.88,26,10.63,788935918.0585041,70756587.0,0.0173,-25.19,249414,273124,277260
3417,ACNT,Basic Materials,Chemicals,NASDAQ,86.24,41,88.87,32,13.9,125088896.97912216,9038215.0,0.0437,-22.43,88224,84638,120366
3418,GBX,Industrials,Railroads,NYSE,86.21,41,86.57,25,47.64,1563945903.095726,30938594.0,0.116000004,-19.51,326937,544192,450977
3419,MCR,Financial Services,Asset Management,NYSE,86.21,41,92.27,45,5.94,252631913.71456861,41688435.0,0.05,-9.73,58342,79120,85678
3420,UFI,Consumer Cyclical,Textile Manufacturing,NYSE,86.21,41,102.59,81,4.04,79925195.74523735,18587254.0,0.0082,-25.46,50296,30682,27153
3421,TOWN,Financial Services,Banks - Regional,NASDAQ,86.21,41,91.45,42,33.68,3194519097.690754,91298055.0,3.14,-11.04,528773,464177,539596
3422,PLMKU,Financial Services,Shell Companies,NASDAQ,86.2,41,93.82,53,10.7,292281194.7898865,27316000.0,0.04,-13.22,0,6,1040
3423,BGT,Financial Services,Asset Management,NYSE,86.2,41,93.68,52,10.89,326878932.3377228,29824720.0,0.0078,-14.66,87817,113102,123341
3424,CAPNU,Financial Services,Shell Companies,NASDAQ,86.17,41,92.66,47,10.91,,,2.86,-7.21,0,16,12
3425,BGH,Financial Services,Asset Management,NYSE,86.17,41,93.15,49,14.07,287178481.1304159,20082411.0,0.0014,-16.75,69083,87827,85530
3426,TTAM,Basic Materials,Building Materials,NYSE,86.16,41,89.51,34,15.75,3045668006.194439,184362465.0,0.1436,-18.9,255188,211362,294383
3427,TLN,Utilities,Utilities - Independent Power Producers,NASDAQ,86.16,41,86.97,26,334.24,17655180017.839844,45695008.0,0.0616,-25.94,789605,682625,716047
3428,CRSP,Healthcare,Biotechnology,NASDAQ,86.14,41,87.12,27,48.41,5288287441.963013,96448792.0,0.27040002,-38.32,1745046,1724935,1979951
3429,CCEC,Industrials,Marine Shipping,NASDAQ,86.12,41,97.01,69,20.94,1225713106.859665,60113445.0,0.00059999997,-15.67,8776,9245,7975
3430,AXS,Financial Services,Insurance - Specialty,NYSE,86.12,41,92.43,46,99.09,7327352381.042908,73723236.0,0.0135,-10.2,525705,571748,538027
3431,NBBK,Financial Services,Banks - Regional,NASDAQ,86.11,41,85.63,23,19.17,900675418.9284325,44765178.0,0.0403,-16.14,307594,359678,323680
3432,KWR,Basic Materials,Specialty Chemicals,NYSE,86.11,41,92.39,46,137.99,2562245031.1640015,17366444.0,0.1619,-24.6,146793,174144,179136
3433,SHC,Healthcare,Diagnostics & Research,NASDAQ,86.1,41,91.13,40,15.27,4499935089.172197,285166994.0,0.051799998,-23.07,6356897,3787169,3748881
3434,BYD,Consumer Cyclical,Resorts & Casinos,NYSE,86.1,41,88.57,31,79.09,6365634514.472473,74330156.0,0.056399997,-12.08,1003130,975200,958534
3435,CKX,Energy,Oil & Gas E&P,NYSE ARCA,86.09,41,92.77,48,10.7,22296980.235114098,2053129.0,0.0007,-19.25,24970,11800,7614
3436,BALL,Consumer Cyclical,Packaging & Containers,NYSE,86.09,41,82.99,17,55.2,15580745945.59798,266246511.0,0.0274,-19.17,3147151,2604083,2460870
3437,HSPTU,Financial Services,Shell Companies,NASDAQ,86.08,41,102.46,81,10.0,,,12.52,-25.93,343,826,517
3438,BRBS,Financial Services,Banks - Regional,NYSE ARCA,86.08,41,87.58,28,3.26,309296290.9847894,89911711.0,0.0319,-31.87,215733,439041,388808
3439,NEUP,Healthcare,Biotechnology,NASDAQ,86.07,41,95.03,62,4.73,28625652.141530514,5390895.0,0.0043,-77.9,29086,36292,46855
3440,SEAT,Communication Services,Internet Content & Information,NASDAQ,86.06,41,136.39,96,9.96,98996575.6248188,10987411.0,0.1336,-77.92,160589,118599,124409
3441,BHFAN,Financial Services,Insurance - Life,NASDAQ,86.05,41,94.06,55,13.07,,,0.35,-24.89,38094,44378,48118
3442,HBANP,Financial Services,Banks - Regional,NASDAQ,86.05,41,92.34,46,16.81,,,0.49,-11.06,32514,31988,38144
3443,AMP,Financial Services,Asset Management,NYSE,86.05,41,96.52,68,470.38,41852486207.5647,89897084.0,0.0392,-14.5,547416,648068,673241
3444,SOBR,Technology,Scientific & Technical Instruments,NASDAQ,86.04,41,163.91,98,1.36,4546657.993382812,2806579.0,0.0150999995,-74.29,15564832,14124050,8539018
3445,CEPO,Financial Services,Shell Companies,NASDAQ,86.04,41,94.33,58,10.58,269560502.5291443,25500000.0,0.0046,-35.88,17341,42830,38262
3446,JHS,Financial Services,Asset Management,NYSE,86.03,41,92.24,45,11.01,130208823.85425568,11646585.0,0.56,-8.93,25824,19944,20568
3447,TEL,Technology,Electronic Components,NYSE,86.02,41,88.3,30,205.11,60188912863.004715,291895799.0,0.0301,-18.79,3022596,2757012,2463695
3448,IOR,Financial Services,Mortgage Finance,NYSE ARCA,86.02,41,93.59,52,18.0,73191204.0,4066178.0,0.00029999999,-8.58,1080,583,510
3449,POLEU,Financial Services,Shell Companies,NASDAQ,86.02,41,86.26,24,10.71,,,,-8.23,10,3,2
3450,LCII,Consumer Cyclical,Recreational Vehicles,NYSE,86.01,41,83.65,19,111.03,2885567694.2287445,24285202.0,0.1348,-30.46,400839,421896,364869
3451,AGM,Financial Services,Credit Services,NYSE,86.01,41,97.76,71,173.31,1963560207.615326,10848998.0,0.00090000004,-17.72,114575,101311,112443
3452,MCGA,Financial Services,Shell Companies,NASDAQ,86.01,41,94.53,60,10.21,239821324.46910667,23581251.0,0.0018000001,-14.06,36375,37351,30549
3453,RFI,Financial Services,Asset Management,NYSE,86.0,41,91.02,40,11.1,312424964.3230591,26748712.0,0.0002,-9.31,87959,78996,80929
3454,SRI,Consumer Cyclical,Auto Parts,NYSE,86.0,41,95.89,66,6.72,215723036.23008728,28236000.0,0.019,-30.79,195429,218026,257573
3455,PFL,Financial Services,Asset Management,NYSE,85.99,41,90.83,39,7.71,396236955.2287388,49160910.0,2.58,-11.38,185315,162078,216855
3456,WHG,Financial Services,Asset Management,NYSE,85.99,41,90.7,38,15.81,155792599.48387527,9487978.0,0.0184,-16.75,15290,11096,12236
3457,IQV,Healthcare,Diagnostics & Research,NYSE,85.98,41,96.19,67,169.12,29826700120.544434,166900000.0,0.033099998,-31.54,1973792,1664420,1595568
3458,SYBT,Financial Services,Banks - Regional,NASDAQ,85.96,41,92.63,47,69.24,2124798321.068756,29515188.0,0.057600003,-17.4,142945,151901,182669
3459,ALH,Consumer Cyclical,"Furnishings, Fixtures & Appliances",NYSE,85.95,41,93.67,52,23.83,5037208263.561398,198237241.0,0.0935,-13.28,731646,1003028,1063023
3460,VLRS,Industrials,Airlines,NYSE,85.93,41,79.45,12,6.53,882088607.4837828,114855290.0,0.0277,-39.54,586681,550043,708320
3461,HTGC,Financial Services,Asset Management,NYSE,85.91,41,96.28,67,15.53,3021965157.1199226,187118590.0,0.0673,-21.05,2087867,1879059,2065947
3462,ASO,Consumer Cyclical,Specialty Retail,NASDAQ,85.91,41,84.54,20,50.55,3490535170.1126404,64508134.0,0.1554,-19.05,1328786,1276208,1512827
3463,TOMZ,Industrials,Pollution & Treatment Controls,NASDAQ,85.9,41,112.34,90,0.78,16843241.833082616,20540539.0,0.0044,-35.0,453822,1051144,652206
3464,MCHX,Communication Services,Advertising Agencies,NASDAQ,85.9,41,93.78,53,1.62,69989536.82102847,44297174.0,0.00090000004,-29.87,9379,14033,13941
3465,PDI,Financial Services,Asset Management,NYSE,85.9,41,91.62,42,16.86,7743077249.717712,437215000.0,0.14,-16.41,2941273,2374377,2663834
3466,PCN,Financial Services,Asset Management,NYSE,85.89,41,91.98,44,11.75,890708139.8145332,73734118.0,0.35,-12.9,314984,301891,380078
3467,GHY,Financial Services,Asset Management,NYSE,85.88,41,93.86,53,11.9,490304593.39779854,40961118.0,0.34,-13.39,171245,158698,156661
3468,BHRB,Financial Services,Banks - Regional,NASDAQ,85.87,41,88.93,32,61.47,1285908663.2910156,20148992.0,0.051599998,-13.3,133377,139745,127613
3469,INVH,Real Estate,REIT - Residential,NYSE,85.86,41,97.04,69,27.93,17066825123.949173,594041956.0,0.044299997,-20.72,5552467,5390539,6122013
3470,SILO,Healthcare,Biotechnology,NASDAQ,85.86,41,95.47,64,0.4,6587970.589391291,16266594.0,0.0334,-64.6,291543,8359854,5098726
3471,VHC,Technology,Software - Infrastructure,NASDAQ,85.85,40,92.27,45,14.24,55085811.68128967,4185852.0,0.0456,-50.9,17953,21061,22006
3472,RJF,Financial Services,Asset Management,NYSE,85.84,40,95.0,62,154.11,30076298994.061493,194883034.0,0.0506,-13.26,1045022,1326890,1347902
3473,RRGB,Consumer Cyclical,Restaurants,NASDAQ,85.84,40,102.08,80,3.77,67644781.24590397,18135330.0,0.1521,-52.22,243887,247679,299203
3474,CIA,Financial Services,Insurance - Life,NYSE,85.8,40,90.24,36,5.22,264900663.78920746,50553564.0,0.0764,-18.44,87153,85701,121288
3475,AWX,Industrials,Waste Management,NYSE ARCA,85.78,40,92.71,48,2.51,9943551.414060593,3899432.0,0.0013,-53.78,6065,5525,5201
3476,MXCT,Healthcare,Medical Devices,NASDAQ,85.78,40,121.65,94,1.04,90303568.93412447,107121672.0,0.051,-57.88,1351126,894302,929459
3477,PRIM,Industrials,Engineering & Construction,NYSE,85.78,40,64.33,3,113.33,5685917353.572922,54254935.0,0.0765,-44.85,3638398,1707252,1365145
3478,ICLR,Healthcare,Diagnostics & Research,NASDAQ,85.78,40,100.39,78,116.38,9681852297.560806,77772130.0,0.040799998,-44.84,950674,1241388,1137614
3479,OESX,Industrials,Electrical Equipment & Parts,NASDAQ,85.76,40,88.69,31,9.28,40042286.90381336,4052863.0,0.0111,-50.21,33463,38451,37906
3480,PFLT,Financial Services,Asset Management,NYSE,85.74,40,92.4,46,8.48,885023639.8897247,99217896.0,0.0403,-22.06,1304510,1069550,1073292
3481,FERG,Industrials,Industrial Distribution,NYSE,85.71,40,82.27,16,223.82,46804954216.61847,193937826.0,1.37,-17.6,1407608,1365216,1370017
3482,RLX,Consumer Defensive,Tobacco,NYSE,85.71,40,91.53,42,2.16,2566734467.8367214,1222254564.0,0.0095999995,-23.94,1695711,1537910,2083654
3483,STC,Financial Services,Insurance - Property & Casualty,NYSE,85.7,40,94.66,60,66.79,2121535352.1347046,30425000.0,0.0286,-15.04,167906,180715,217893
3484,DLY,Financial Services,Asset Management,NYSE,85.68,40,92.89,48,13.9,691200788.5702171,48539382.0,0.51,-12.03,145101,195487,209946
3485,NKLR,Utilities,Utilities - Regulated Electric,NASDAQ,85.67,40,104.03,83,5.84,406339494.1897259,70300948.0,4.08,-73.34,427445,596461,612813
3486,FE,Utilities,Utilities - Regulated Electric,NYSE,85.67,40,84.76,21,43.82,25641855046.889114,578431175.0,0.0557,-16.28,6044038,5482639,5042923
3487,FNWD,Financial Services,Banks - Regional,NASDAQ,85.65,40,89.4,33,32.5,137492930.5,4330486.0,0.0416,-18.73,10228,7156,7263
3488,FCNCP,Financial Services,Banks - Regional,NASDAQ,85.64,40,91.2,41,20.6,,,0.56,-10.16,6223,7891,17208
3489,ANY,Financial Services,Capital Markets,NASDAQ,85.63,40,143.38,97,2.29,6969235.200852156,3829250.0,0.03,-81.83,287263,169261,569918
3490,GRND,Technology,Software - Application,NYSE,85.63,40,101.75,80,13.4,2674230210.0414276,177218700.0,0.1221,-46.68,2161784,1398824,1394672
3491,PCM,Financial Services,Asset Management,NYSE,85.62,40,92.54,47,5.64,73351617.28660154,12348757.0,0.71,-16.57,53744,42911,48318
3492,CPK,Utilities,Utilities - Regulated Gas,NYSE,85.61,40,90.87,39,124.77,3034681841.66597,24004761.0,0.031400003,-11.25,136690,122130,148562
3493,COLAU,Financial Services,Shell Companies,NASDAQ,85.61,40,94.58,60,10.99,85401117.5,7944290.0,0.97,-19.78,50,20,22
3494,MSA,Industrials,Security & Protection Services,NYSE,85.6,40,93.76,53,171.24,6560378978.908264,38604089.0,0.0235,-18.04,354455,273615,249725
3495,MIN,Financial Services,Asset Management,NYSE,85.6,40,92.4,46,2.45,281081651.1157937,113798238.0,0.34,-10.26,285667,262539,348741
3496,SFWL,Industrials,Integrated Freight & Logistics,NASDAQ,85.59,40,95.1,63,0.92,72597811.9266212,82497514.0,0.0011,-28.68,6075,12838,8965
3497,PLX,Healthcare,Biotechnology,NYSE ARCA,85.55,40,81.14,14,1.98,156308990.09034634,80571642.0,0.0612,-37.93,1109012,755434,871816
3498,PDO,Financial Services,Asset Management,NYSE,85.54,40,89.6,34,12.65,1893633140.124607,142485564.0,0.42,-11.23,830978,661619,793077
3499,SSD,Basic Materials,Lumber & Wood Production,NYSE,85.53,40,91.02,40,178.62,7759099503.358841,41138325.0,0.0286,-15.74,315211,315710,297420
3500,IDT,Communication Services,Telecom Services,NYSE,85.52,40,97.55,71,52.0,1342330561.2893677,25076230.0,0.024400001,-26.88,128148,118809,143129
3501,RFL,Real Estate,Real Estate Services,NYSE,85.51,40,99.08,75,1.29,66575537.71192074,52012140.0,0.0015,-59.56,73342,73080,73382
3502,SPCE,Industrials,Aerospace & Defense,NYSE,85.5,40,99.24,75,2.81,277583639.2825384,94416202.0,0.20809999,-57.68,8829333,10164544,7511862
3503,BHFAP,Financial Services,Insurance - Life,NASDAQ,85.5,40,93.49,51,15.9,,,0.49,-25.7,21396,28398,28211
3504,EPRT,Real Estate,REIT - Retail,NYSE,85.5,40,89.9,35,30.21,6790122904.508715,216245955.0,0.1087,-13.01,1454558,2129436,2182985
3505,V,Financial Services,Credit Services,NYSE,85.48,40,96.83,69,325.75,606256922252.2522,1901743800.0,0.014099999,-13.25,6862591,6899623,7124914
3506,ITGR,Healthcare,Medical Devices,NYSE,85.46,40,96.57,68,88.16,2992100505.9397507,33954839.0,0.1348,-28.78,579993,560177,651266
3507,DRI,Consumer Cyclical,Restaurants,NYSE,85.44,40,92.99,49,195.89,22475203149.343674,114535003.0,0.060300004,-14.18,995718,1126186,1364779
3508,ATNM,Healthcare,Biotechnology,NYSE ARCA,85.43,40,105.54,85,1.25,41101240.34470844,31374994.0,0.035099998,-35.73,119764,233828,187734
3509,DSL,Financial Services,Asset Management,NYSE,85.43,40,92.63,47,10.75,1275213341.1020021,114574423.0,0.0026,-15.15,530651,503270,569330
3510,CHMI,Real Estate,REIT - Mortgage,NYSE,85.42,40,86.23,24,2.4,95155400.26662016,36739538.0,0.0001,-27.49,160877,149372,198503
3511,HEPS,Consumer Cyclical,Internet Retail,NASDAQ,85.42,40,87.69,28,2.56,1007375040.1526451,357225200.0,0.0047,-23.12,384666,295892,264319
3512,MBI,Financial Services,Insurance - Specialty,NYSE,85.41,40,93.85,53,5.86,290833364.6329794,50934039.0,0.0424,-29.06,534309,321906,339563
3513,GIC,Industrials,Industrial Distribution,NYSE,85.4,40,84.28,20,28.99,1118754526.0027294,38261099.0,0.018,-25.26,124479,90589,96587
3514,PRCH,Financial Services,Insurance - Property & Casualty,NASDAQ,85.38,40,106.64,86,9.84,1200153901.1138248,109403270.0,0.2475,-49.37,2059136,2159688,1723623
3515,PCF,Financial Services,Asset Management,NYSE,85.36,40,93.59,52,5.66,106683761.43012047,18716450.0,0.0004,-13.06,51783,65961,76670
3516,MGF,Financial Services,Asset Management,NYSE,85.36,40,91.99,44,2.87,94511562.808043,32590193.0,1.42,-8.6,66981,73547,72792
3517,NFG,Energy,Oil & Gas Integrated,NYSE,85.34,40,87.69,28,81.23,7557211667.212601,95035362.0,0.0533,-16.31,803397,792629,814083
3518,EFT,Financial Services,Asset Management,NYSE,85.34,40,94.14,56,10.88,292358638.0,26578058.0,0.22,-14.13,110326,109922,129889
3519,ARDC,Financial Services,Asset Management,NYSE,85.33,40,95.6,65,12.69,308682082.74269104,23966000.0,0.08,-15.57,147575,137888,134691
3520,ASTE,Industrials,Farm & Heavy Construction Machinery,NASDAQ,85.31,40,74.06,7,47.04,1226426887.708397,22992630.0,0.0255,-28.39,294569,227273,233461
3521,HLP,Basic Materials,Steel,NASDAQ,85.31,40,103.28,82,1.03,61435254.49573994,74738750.0,0.00059999997,-43.41,568119,361729,267047
3522,GAB,Financial Services,Asset Management,NYSE,85.3,40,91.15,41,5.53,1764485324.0824242,311196702.0,0.036199998,-12.32,1328254,1217061,1227334
3523,HYI,Financial Services,Asset Management,NYSE,85.29,40,92.02,44,10.58,137878675.21289253,12814003.0,0.26,-12.78,48514,74014,69908
3524,TVACU,Financial Services,Shell Companies,NASDAQ,85.29,40,92.28,46,10.75,,,1.46,-15.49,580,346,358
3525,COLM,Consumer Cyclical,Apparel Manufacturing,NASDAQ,85.28,40,90.81,39,57.75,3223915574.5007935,51140792.0,0.1417,-19.43,605135,584588,609909
3526,USA,Financial Services,Asset Management,NYSE,85.27,39,93.95,54,5.73,1755030451.0647655,301551615.0,0.0004,-17.67,1038025,1137108,1167043
3527,PPL,Utilities,Utilities - Regulated Electric,NYSE,85.27,39,85.98,24,34.88,27010248518.498714,752165097.0,0.0583,-13.04,8230244,8112674,7723712
3528,TAYD,Industrials,Specialty Industrial Machinery,NASDAQ,85.27,39,83.59,18,51.55,167265056.57281494,3219112.0,0.0128,-42.96,27955,45165,47037
3529,DTST,Technology,Information Technology Services,NASDAQ,85.27,39,94.94,62,4.06,9232008.376018524,2167138.0,0.0137,-25.37,51796,50548,36119
3530,NXST,Communication Services,Broadcasting,NASDAQ,85.26,39,91.16,41,195.39,6192996507.315445,30538965.0,0.0653,-23.17,390453,385284,423666
3531,RCEL,Healthcare,Medical Devices,NASDAQ,85.25,39,99.51,76,4.56,126492195.8991313,30776689.0,0.1169,-38.63,338577,264332,232207
3532,BTZ,Financial Services,Asset Management,NYSE,85.24,39,90.84,39,10.0,964974899.620182,93324457.0,0.0011,-10.55,230615,239248,320337
3533,AWF,Financial Services,Asset Management,NYSE,85.24,39,92.24,45,10.07,878680382.6365871,86229678.0,0.37,-11.9,621785,460195,447093
3534,LMND,Financial Services,Insurance - Property & Casualty,NYSE,85.23,39,79.01,11,51.35,4225911473.9488564,76820789.0,0.15529999,-48.6,1672893,1740707,1845412
3535,AAP,Consumer Cyclical,Auto Parts,NYSE,85.22,39,78.06,10,47.17,3387485121.255066,60329208.0,0.30969998,-32.61,1672495,1409641,1460479
3536,LADR,Real Estate,REIT - Mortgage,NYSE,85.21,39,91.65,42,9.89,1309874571.0609055,127668084.0,0.0182,-17.03,648807,931622,917017
3537,FBK,Financial Services,Banks - Regional,NYSE,85.2,39,88.47,30,51.3,2788449708.4070053,51523462.0,0.0452,-17.74,253545,290188,322171
3538,ZBIO,Healthcare,Biotechnology,NASDAQ,85.19,39,80.59,14,18.34,1224967266.0917358,62371044.0,0.2458,-58.88,475848,507312,706665
3539,HSTM,Healthcare,Health Information Services,NASDAQ,85.17,39,103.08,82,22.7,699995877.7326965,29215188.0,0.0468,-23.39,343277,238142,277381
3540,ARCC,Financial Services,Asset Management,NASDAQ,85.16,39,94.32,58,18.9,13649614447.792387,718022845.0,0.0598,-19.3,5146257,6034812,6980973
3541,KR,Consumer Defensive,Grocery Stores,NYSE,85.15,39,89.51,34,66.02,41540218541.779526,632849161.0,0.048600003,-13.79,4722777,4705112,5708985
3542,GSBD,Financial Services,Asset Management,NYSE,85.13,39,88.36,30,8.93,1044640911.7008162,112569067.0,0.051799998,-25.76,1713484,1460044,1480552
3543,SSB,Financial Services,Banks - Regional,NYSE,85.1,39,89.03,32,92.22,9403479060.816315,97668043.0,0.0298,-14.97,784786,887012,880507
3544,LOT,Consumer Cyclical,Auto Manufacturers,NASDAQ,85.07,39,106.56,86,1.4,776762650.4657733,647302183.0,0.0061000003,-49.09,280827,160432,117581
3545,JEF,Financial Services,Capital Markets,NYSE,85.06,39,102.91,81,52.23,10830823531.278316,204432307.0,0.026199998,-26.48,2292352,2164297,2905296
3546,HNRG,Energy,Thermal Coal,NASDAQ,85.06,39,102.81,81,18.15,886522648.3496552,47130392.0,0.066,-26.52,1458801,1066783,1085916
3547,ELS,Real Estate,REIT - Residential,NYSE,85.02,39,89.49,34,61.11,12264611177.237743,193937553.0,0.041100003,-11.43,1336478,1377222,1415673
3548,ORIC,Healthcare,Biotechnology,NASDAQ,85.01,39,78.91,11,8.15,916130463.1888161,103517562.0,0.2025,-45.41,1478294,1505208,1956414
3549,NMIH,Financial Services,Insurance - Specialty,NASDAQ,85.01,39,92.75,48,37.56,2953027322.023266,75971891.0,0.0308,-13.06,550365,504628,489501
3550,HGLB,Financial Services,Asset Management,NYSE,84.99,39,91.94,44,8.03,192651878.56872368,23380083.0,0.00090000004,-24.53,64271,67330,68564
3551,JOBY,Industrials,Airports & Air Services,NYSE,84.96,39,105.82,85,10.36,10692197688.67101,983642852.0,0.1254,-50.55,36000838,28614596,26490171
3552,CATO,Consumer Cyclical,Apparel Retail,NYSE,84.96,39,95.08,63,2.94,56858107.71389365,19674085.0,0.0239,-40.24,62320,56566,57754
3553,HKD,Technology,Software - Application,NYSE,84.95,39,90.36,37,1.65,518560920.0069964,314279350.0,0.0077,-69.84,214995,235705,242205
3554,CRL,Healthcare,Diagnostics & Research,NYSE,84.94,39,84.12,19,150.85,8555551967.406006,48167730.0,0.1087,-34.09,978088,846526,868047
3555,AIV,Real Estate,REIT - Residential,NYSE,84.93,39,93.32,50,4.19,609950182.9939327,143856183.0,0.026400002,-52.76,1363359,1407119,1739729
3556,PHAR,Healthcare,Biotechnology,NASDAQ,84.91,39,72.99,6,12.92,916715453.0703354,70625230.0,0.0001,-39.46,20003,12957,17730
3557,CWK,Real Estate,Real Estate Services,NYSE,84.89,39,86.77,26,12.45,3324724067.6335955,234300505.0,0.0335,-28.45,1756677,1526105,1587487
3558,KDP,Consumer Defensive,Beverages - Non-Alcoholic,NASDAQ,84.86,39,98.24,73,28.93,39224929445.12755,1360559471.0,0.0514,-19.5,9029803,11272957,10882290
3559,CPT,Real Estate,REIT - Residential,NYSE,84.86,39,93.29,50,102.59,10282630814.27945,99090596.0,0.0657,-14.43,1191615,1180031,1184705
3560,SCYX,Healthcare,Drug Manufacturers - Specialty & Generic,NASDAQ,84.85,39,75.57,8,0.74,72769452.50986159,79442633.0,0.0154,-43.51,350133,396321,602486
3561,GNLX,Healthcare,Biotechnology,NASDAQ,84.85,39,102.28,81,2.92,139453689.05605316,44840416.0,0.0695,-65.79,205452,207834,194954
3562,TISI,Industrials,Specialty Business Services,NYSE,84.83,39,91.83,43,16.05,76570648.5,4571382.0,0.0063,-33.81,8760,7210,7746
3563,BGX,Financial Services,Asset Management,NYSE,84.82,39,93.68,52,10.9,139155608.8260889,12708275.0,0.0015,-13.83,74645,62605,81319
3564,MTRX,Industrials,Engineering & Construction,NASDAQ,84.81,39,90.06,36,11.85,342670301.58576965,28133850.0,0.0159,-26.44,328808,228109,301643
3565,FBIO,Healthcare,Biotechnology,NASDAQ,84.81,39,88.14,29,2.41,79393585.56481934,33219072.0,0.1751,-46.8,347451,364320,410112
3566,OXM,Consumer Cyclical,Apparel Manufacturing,NYSE,84.81,39,90.25,36,39.36,677081401.1050644,14887454.0,0.3668,-34.74,274508,273249,331939
3567,AX,Financial Services,Banks - Regional,NYSE,84.8,39,86.68,25,83.18,4947825743.257942,56884635.0,0.0727,-18.39,449522,443580,431770
3568,DAKT,Technology,Electronic Components,NASDAQ,84.79,39,86.33,24,19.04,1000792737.0124702,48747818.0,0.041500002,-32.65,300087,303005,423405
3569,FOXX,Technology,Consumer Electronics,NASDAQ,84.77,39,83.09,17,4.59,35376215.88613415,7005191.0,0.0034999999,-48.31,2189,7336,9201
3570,EVV,Financial Services,Asset Management,NYSE ARCA,84.75,39,91.56,42,9.19,1102770808.8031387,116203460.0,0.17,-11.72,348847,296289,335121
3571,MTG,Financial Services,Insurance - Specialty,NYSE,84.74,39,92.11,45,25.9,5657364669.0,211490268.0,0.056399997,-13.58,2183563,2070051,1996604
3572,TCBX,Financial Services,Banks - Regional,NYSE,84.73,39,88.1,29,36.97,638462884.4847527,16592071.0,0.0216,-15.67,78131,89093,82848
3573,ACAD,Healthcare,Biotechnology,NASDAQ,84.72,39,91.97,44,21.4,3835683422.6786995,171235870.0,0.1017,-24.51,2020137,1810325,1843447
3574,FCNCO,Financial Services,Banks - Regional,NASDAQ,84.71,39,92.49,47,21.35,,,0.5,-10.71,12566,11282,13267
3575,SBAC,Real Estate,REIT - Specialty,NASDAQ,84.7,39,88.47,30,199.62,23139768224.682816,106063017.0,0.045100003,-17.91,833864,1238104,1229808
3576,BFRI,Healthcare,Drug Manufacturers - Specialty & Generic,NASDAQ,84.7,39,76.43,9,0.8,13808691.413717508,12007558.0,0.0064,-32.77,298916,177818,164589
3577,APPS,Technology,Software - Application,NASDAQ,84.7,39,110.0,89,4.22,484395724.74618053,119899933.0,0.113900006,-49.03,2038245,2000128,2117013
3578,XPEL,Consumer Cyclical,Auto Parts,NASDAQ,84.68,39,81.39,15,41.49,1200283053.222599,27561035.0,0.1246,-25.79,309938,230006,264707
3579,FTEK,Industrials,Pollution & Treatment Controls,NASDAQ,84.67,39,99.72,76,1.48,47371177.88557005,31165249.0,0.0038,-59.45,241288,232062,202647
3580,FBRT,Real Estate,REIT - Mortgage,NYSE,84.67,39,95.63,65,9.04,699593763.5536232,76963009.0,0.0854,-23.65,920680,752880,946444
3581,BNTC,Healthcare,Biotechnology,NASDAQ,84.66,39,92.79,48,11.49,420650248.812953,34254907.0,0.1168,-33.0,101523,106357,136934
3582,UPXI,Communication Services,Internet Content & Information,NASDAQ,84.65,39,126.31,95,1.45,92275485.40115666,66866294.0,0.2663,-90.65,3864695,3293058,4529873
3583,PB,Financial Services,Banks - Regional,NYSE,84.64,39,90.17,36,66.5,7029129949.783943,101489023.0,0.056399997,-13.86,846937,921892,1050371
3584,BWMN,Industrials,Engineering & Construction,NASDAQ,84.63,39,91.83,43,31.16,608743919.1944046,17507734.0,0.0358,-32.01,147900,109800,161748
3585,CBNK,Financial Services,Banks - Regional,NASDAQ,84.63,39,90.14,36,30.0,513838431.57440186,16286480.0,0.0561,-17.58,52181,68200,69834
3586,KIDS,Healthcare,Medical Devices,NASDAQ,84.6,39,103.24,82,17.72,457449729.4227333,25684994.0,0.0545,-25.23,198686,182855,180345
3587,NTIC,Basic Materials,Specialty Chemicals,NASDAQ,84.6,39,90.65,38,7.9,75556328.3220911,9492001.0,0.0038,-21.24,25487,17379,12981
3588,HITI,Healthcare,Pharmaceutical Retailers,NASDAQ,84.58,38,95.01,62,2.41,220623622.7417407,87897858.0,1.21,-40.57,384444,416291,443488
3589,HFFG,Consumer Defensive,Food Distribution,NASDAQ,84.58,38,102.25,80,2.02,101068537.36502802,53475417.0,0.028800001,-54.61,203250,162706,197910
3590,DOLE,Consumer Defensive,Farm Products,NYSE,84.57,38,87.67,28,14.1,1416049928.4907293,95164645.0,0.024,-14.91,1166017,851692,810987
3591,RBA,Industrials,Specialty Business Services,NYSE,84.56,38,93.51,51,102.09,19241063772.583008,186300000.0,0.0731,-14.63,1156815,1102925,1129949
3592,ADNT,Consumer Cyclical,Auto Parts,NYSE,84.55,38,89.36,33,20.84,1786257009.7022,78413387.0,0.0683,-23.72,1212844,908704,947610
3593,SUI,Real Estate,REIT - Residential,NYSE,84.5,38,88.4,30,120.41,15519681837.43634,123230757.0,0.0274,-12.65,741292,755620,785538
3594,WU,Financial Services,Credit Services,NYSE,84.5,38,85.65,23,8.34,2833786297.932373,312435104.0,0.1697,-19.42,7482292,8882177,8683166
3595,TG,Industrials,Metal Fabrication,NYSE,84.44,38,82.88,17,7.97,358507846.5135155,34638438.0,0.012200001,-24.31,235140,191386,173908
3596,CNA,Financial Services,Insurance - Property & Casualty,NYSE,84.44,38,87.01,26,43.73,11778938492.178917,270531425.0,0.10479999,-13.78,703538,488616,472895
3597,AFYA,Consumer Defensive,Education & Training Services,NASDAQ,84.43,38,91.54,42,13.97,1251856823.7554398,89867681.0,0.071,-29.62,83168,86076,96917
3598,SYNX,Technology,Communication Equipment,NYSE ARCA,84.42,38,102.97,81,1.24,7894983.979625702,6634440.0,1.46,-45.61,151286,130978,1709135
3599,AIG,Financial Services,Insurance - Diversified,NYSE,84.41,38,91.98,44,76.11,40486547359.172195,530206221.0,0.016,-12.98,4130844,4455691,4387788
3600,BHFAM,Financial Services,Insurance - Life,NASDAQ,84.36,38,92.46,46,11.54,,,0.17,-26.31,11341,31093,29826
3601,MWA,Industrials,Specialty Industrial Machinery,NYSE,84.35,38,85.33,22,25.51,4126142484.5457554,156471079.0,0.031400003,-17.71,1202266,1281168,1183453
3602,RPAY,Technology,Software - Infrastructure,NASDAQ,84.35,38,101.13,79,3.47,293115366.92139435,82800952.0,0.073699996,-42.69,746702,2097490,1856840
3603,STWD,Real Estate,REIT - Mortgage,NYSE,84.31,38,89.69,35,17.04,6749964373.25,380279683.0,0.036199998,-19.05,3405305,2770468,3030501
3604,FRA,Financial Services,Asset Management,NYSE,84.31,38,93.45,51,11.03,394743216.2855587,35434758.0,0.0042,-17.75,110821,122643,150702
3605,KULR,Technology,Electronic Components,NYSE ARCA,84.3,38,133.85,96,3.6,133630813.1106677,46239034.0,0.20719999,-74.72,2663613,1758661,1520262
3606,SAIC,Technology,Information Technology Services,NASDAQ,84.3,38,92.54,47,92.93,4048607224.0638046,43102387.0,0.076,-25.12,476089,475703,577625
3607,SBGI,Communication Services,Broadcasting,NASDAQ,84.3,38,88.89,32,14.01,1030524477.4097109,72165581.0,0.24270001,-21.64,441359,452256,479973
3608,NCDL,Financial Services,Asset Management,NYSE,84.3,38,88.62,31,13.28,674627300.3641319,49387065.0,0.0155,-23.1,203087,203389,219975
3609,YCBD,Healthcare,Drug Manufacturers - Specialty & Generic,NYSE ARCA,84.3,38,92.71,48,0.77,8816270.964742959,10495561.0,0.0328,-69.92,367805,2609458,1761873
3610,FWONA,Communication Services,Entertainment,NASDAQ,84.29,38,95.49,64,82.07,21539559837.812073,250605708.0,0.052699998,-17.53,151893,133627,162290
3611,WTRG,Utilities,Utilities - Regulated Water,NYSE,84.28,38,89.83,35,37.01,10627728219.241669,283632983.0,0.0172,-12.65,1903576,2289825,2112547
3612,INMD,Healthcare,Medical Devices,NASDAQ,84.28,38,91.72,43,13.9,848890152.3196697,60808750.0,0.0574,-16.97,1111332,781180,910368
3613,IMMR,Technology,Software - Application,NASDAQ,84.27,38,95.16,63,6.15,221111013.67793083,33100452.0,0.1312,-24.54,649482,625747,562784
3614,PBHC,Financial Services,Banks - Regional,NASDAQ,84.27,38,92.98,49,13.49,87528377.60800171,6256496.0,0.0022,-18.24,5216,3288,3137
3615,PCYO,Utilities,Utilities - Regulated Water,NASDAQ,84.26,38,88.39,30,10.46,280087408.20152664,24103908.0,0.0189,-13.94,44567,54559,56229
3616,CHH,Consumer Cyclical,Lodging,NYSE,84.24,38,94.63,60,106.94,4848909727.244736,45495493.0,0.3252,-21.63,569058,653912,630207
3617,OPRT,Financial Services,Credit Services,NASDAQ,84.23,38,94.24,57,5.25,262767924.30063915,45738543.0,0.040900003,-34.09,423754,404804,478870
3618,AGCO,Industrials,Farm & Heavy Construction Machinery,NYSE,84.22,38,88.15,29,113.28,8496416293.012054,72408527.0,0.0309,-21.21,846346,734682,726563
3619,BMEA,Healthcare,Biotechnology,NASDAQ,84.2,38,86.98,26,1.35,111341134.84199524,72299440.0,0.2378,-56.17,1383663,1798567,1648888
3620,RSKD,Technology,Software - Application,NYSE,84.18,38,96.56,68,4.61,709902499.9864235,148205116.0,0.0184,-18.84,908972,765107,772000
3621,ARTNA,Utilities,Utilities - Regulated Water,NASDAQ,84.18,38,91.72,43,31.34,329672769.90023804,10289412.0,0.0113,-10.25,41930,43363,79078
3622,SLDP,Consumer Cyclical,Auto Parts,NASDAQ,84.18,38,81.56,15,2.88,691824863.6280584,224983692.0,0.111099996,-67.49,8431849,7781979,6176947
3623,SAFE,Real Estate,REIT - Diversified,NYSE,84.18,38,90.32,37,14.17,1083459338.4551144,71610002.0,0.0717,-17.42,417904,401278,367188
3624,GEF,Consumer Cyclical,Packaging & Containers,NYSE,84.17,38,85.65,23,62.69,3867475040.8810883,56816146.0,0.76,-18.73,184247,205712,230443
3625,EXC,Utilities,Utilities - Regulated Electric,NASDAQ,84.17,38,85.71,23,43.38,44929069359.09083,1023208142.0,0.0477,-14.35,8329015,8214868,8288267
3626,GIGM,Communication Services,Electronic Gaming & Multimedia,NASDAQ,84.17,38,93.47,51,1.45,15915219.03241396,11052235.0,0.0002,-23.28,11522,6304,5440
3627,RARE,Healthcare,Biotechnology,NASDAQ,84.13,38,100.95,78,25.0,2572538613.535446,98489224.0,0.1272,-41.0,1749250,1673600,1924810
3628,WEN,Consumer Cyclical,Restaurants,NASDAQ,84.12,38,109.46,88,8.02,1390403632.1285534,190466246.0,0.32569999,-35.94,17747209,10934553,9926057
3629,KINS,Financial Services,Insurance - Property & Casualty,NASDAQ,84.08,38,86.12,24,14.76,224625175.84480476,14482603.0,0.028499998,-34.11,179007,148892,132305
3630,GRRR,Technology,Software - Infrastructure,NASDAQ,84.06,38,93.61,52,13.15,417573281.44911003,27653859.0,0.1261,-52.87,962775,767631,670071
3631,CGBD,Financial Services,Asset Management,NASDAQ,84.05,38,90.93,39,11.2,807850895.4611092,70125943.0,0.0417,-22.71,615710,744186,780476
3632,VANI,Healthcare,Biotechnology,NASDAQ,84.05,38,88.14,29,1.17,102619778.69441223,86235104.0,0.0086,-39.06,181583,267764,255680
3633,HQY,Healthcare,Health Information Services,NASDAQ,84.03,38,94.92,62,82.17,7167147655.670837,84478406.0,0.056599997,-29.56,809521,932943,951604
3634,HYT,Financial Services,Asset Management,NYSE,84.02,38,92.64,47,8.47,1411995481.9208527,163047980.0,0.0011999999,-14.27,683272,730104,845592
3635,MPAA,Consumer Cyclical,Auto Parts,NASDAQ,84.02,38,94.63,60,10.96,223999720.70864105,19210954.0,0.0863,-39.51,41951,52310,81464
3636,RPT,Real Estate,REIT - Mortgage,NYSE,84.02,38,93.3,50,14.27,116277557.73649979,7772564.0,0.112799995,-20.46,23359,21713,23697
3637,PCG,Utilities,Utilities - Regulated Electric,NYSE,84.02,38,88.13,29,16.13,35389750706.89435,2202224728.0,0.0,-15.81,19044101,21691563,22358034
3638,EVCM,Technology,Software - Application,NASDAQ,84.01,38,77.0,9,9.49,2118932631.2895107,177020266.0,0.1182,-34.14,118406,108145,132179
3639,ICE,Financial Services,Financial Data & Stock Exchanges,NYSE,83.98,38,92.15,45,154.36,88118161112.83722,565512495.0,0.0135,-18.48,3022160,2979410,3147612
3640,LAND,Real Estate,REIT - Specialty,NASDAQ,83.98,38,86.51,25,9.4,416799835.68097305,42836573.0,0.0396,-27.69,625656,560928,544815
3641,MSDL,Financial Services,Asset Management,NYSE,83.98,38,94.17,56,15.24,1312157702.9577942,84764712.0,0.0352,-23.8,644795,704418,748113
3642,MSIF,Financial Services,Asset Management,NYSE,83.97,38,88.06,29,12.06,602802821.295021,46910724.0,0.0050999997,-33.35,303103,264877,332376
3643,SSTK,Communication Services,Internet Content & Information,NYSE,83.96,38,91.68,43,16.52,626750499.2197838,36738014.0,0.087,-44.0,291713,260767,261050
3644,KRNT,Industrials,Specialty Industrial Machinery,NASDAQ,83.94,38,90.09,36,15.05,751179089.7440262,46340477.0,0.020399999,-35.9,462176,291132,363077
3645,PAC,Industrials,Airports & Air Services,NYSE,83.93,38,87.75,28,238.45,14626142228.931885,59501820.0,0.0124,-20.63,111454,144141,136146
3646,LVS,Consumer Cyclical,Resorts & Casinos,NYSE,83.9,37,87.75,28,51.16,35192668735.19173,662637325.0,0.088599995,-27.38,5099607,4577422,4216959
3647,HCI,Financial Services,Insurance - Property & Casualty,NYSE,83.9,37,95.3,64,156.4,1943314440.0391846,12764808.0,0.025899999,-25.7,211381,219027,184360
3648,PLAG,Industrials,Conglomerates,NYSE ARCA,83.89,37,92.52,47,1.76,25903542.04653561,14232715.0,0.0063,-60.8,37207,77409,100317
3649,FPI,Real Estate,REIT - Specialty,NYSE,83.89,37,85.0,22,10.16,461469983.25227165,43617201.0,0.061,-23.18,352347,328985,382859
3650,LAW,Technology,Software - Application,NYSE,83.88,37,86.43,25,3.83,264233745.3803997,64134406.0,0.0419,-57.96,749765,427195,364567
3651,USBC,Technology,Scientific & Technical Instruments,NYSE ARCA,83.86,37,138.74,97,0.55,170783548.27459157,388144430.0,0.013300001,-89.74,9682152,3368614,2212604
3652,FUL,Basic Materials,Specialty Chemicals,NYSE,83.85,37,88.32,30,58.06,3337346757.5,54487294.0,0.057600003,-15.4,403939,469636,609799
3653,AXP,Financial Services,Credit Services,NYSE,83.85,37,92.11,45,313.48,215635624948.37198,682326443.0,0.0209,-19.1,3261451,3158790,3363454
3654,RTAC,Financial Services,Shell Companies,NASDAQ,83.84,37,94.08,55,10.4,324077383.312912,31161288.0,0.0055,-22.26,125936,103388,119947
3655,XERS,Healthcare,Drug Manufacturers - Specialty & Generic,NASDAQ,83.84,37,93.15,49,6.24,1127352655.3717446,172642055.0,0.0943,-38.1,2225990,1612993,1711698
3656,DOO,Consumer Cyclical,Recreational Vehicles,NASDAQ,83.84,37,84.26,20,55.56,4207470296.1432495,73737648.0,1.24,-32.15,262893,657484,519874
3657,FWONK,Communication Services,Entertainment,NASDAQ,83.83,37,95.83,66,89.54,23669708355.812073,250605708.0,0.038,-18.13,2197545,2061611,2084705
3658,RDY,Healthcare,Drug Manufacturers - Specialty & Generic,NYSE,83.83,37,94.19,56,13.61,11045674518.074913,834896062.0,0.0309,-15.83,3694194,2913078,2721672
3659,IRT,Real Estate,REIT - Residential,NYSE,83.82,37,94.75,61,16.0,3872792297.194412,235714682.0,0.0659,-18.41,2078219,2186539,2361069
3660,LKFN,Financial Services,Banks - Regional,NASDAQ,83.81,37,89.58,34,57.26,1533431199.2924423,24913586.0,0.1001,-17.49,221494,157574,184104
3661,PAGS,Technology,Software - Infrastructure,NYSE,83.81,37,81.14,14,8.86,2820350173.1612663,279519339.0,0.1542,-28.08,4050434,3712711,3759476
3662,BKT,Financial Services,Asset Management,NYSE,83.81,37,90.72,38,10.34,347209574.08878326,32388952.0,0.0058,-12.82,109860,103946,115744
3663,TKC,Communication Services,Telecom Services,NYSE,83.78,37,88.4,30,6.05,5780631309.8454275,870577022.0,0.005,-15.74,886544,903698,1150398
3664,RBRK,Technology,Software - Infrastructure,NYSE,83.78,37,111.9,90,63.77,12830185207.644089,205809836.0,0.0829,-38.09,3145285,3291895,3855261
3665,KRMD,Healthcare,Medical Instruments & Supplies,NASDAQ,83.77,37,86.24,24,3.9,192918591.23897552,45933000.0,0.019299999,-40.98,177838,151699,151549
3666,LVO,Communication Services,Internet Content & Information,NASDAQ,83.76,37,99.24,75,5.28,70993450.35305643,13471243.0,0.0217,-46.12,42971,76417,77246
3667,PRTH,Technology,Software - Infrastructure,NASDAQ,83.73,37,106.67,86,5.85,462848702.214941,82357422.0,0.0589,-34.2,312975,255531,286307
3668,CNK,Communication Services,Entertainment,NYSE,83.71,37,87.97,29,25.96,3160276696.1686077,116787759.0,0.15619999,-23.67,1876598,2076442,1978841
3669,AOMR,Real Estate,REIT - Mortgage,NYSE,83.71,37,88.31,30,8.31,219747178.93665314,24914647.0,0.0226,-19.63,113796,81415,86895
3670,BIT,Financial Services,Asset Management,NYSE,83.7,37,91.42,41,12.37,731543911.9658432,57062709.0,0.0019,-18.19,253030,273743,279776
3671,PLTK,Communication Services,Electronic Gaming & Multimedia,NASDAQ,83.7,37,99.77,76,3.57,1380777791.8809843,380379545.0,0.10609999,-33.15,1342570,1268713,1407416
3672,HRB,Consumer Cyclical,Personal Services,NYSE,83.69,37,111.35,90,37.25,4685057134.667564,126760207.0,0.1902,-36.92,3544098,2600249,2447781
3673,EVF,Financial Services,Asset Management,NYSE,83.68,37,93.23,50,4.93,90851445.0,18170289.0,0.46,-14.26,88384,85051,84070
3674,NNDM,Technology,Computer Hardware,NASDAQ,83.66,37,80.81,14,1.58,330549582.7582587,209208591.0,0.057800002,-31.9,2779276,2168722,2240943
3675,DCI,Industrials,Specialty Industrial Machinery,NYSE,83.65,37,85.51,23,81.94,9960024898.0,115814243.0,0.025799999,-27.38,499472,576940,599316
3676,UGI,Utilities,Utilities - Regulated Gas,NYSE,83.65,37,87.33,27,33.99,6929204706.412231,214393712.0,0.0726,-17.78,2794197,1838172,1761619
3677,RTACU,Financial Services,Shell Companies,NASDAQ,83.62,37,95.25,64,10.77,,,0.0,-24.42,3535,4701,9503
3678,OBDC,Financial Services,Asset Management,NYSE,83.6,37,92.13,45,11.21,5633066751.725494,496305424.0,0.0427,-26.18,4040799,4111153,5201371
3679,LGVN,Healthcare,Biotechnology,NASDAQ,83.52,37,76.38,9,0.67,24742562.447740078,29281138.0,0.1083,-62.78,480559,635453,6827515
3680,BJ,Consumer Defensive,Discount Stores,NYSE,83.51,37,94.48,59,96.36,11871565187.034546,127692428.0,0.071100004,-19.75,1715101,1774623,1878434
3681,BCG,Financial Services,Asset Management,NASDAQ,83.47,37,84.24,20,1.84,35529266.141667366,16602460.0,0.0161,-46.51,144947,143812,755945
3682,EDU,Consumer Defensive,Education & Training Services,NYSE,83.47,37,85.22,22,50.9,8937437551.88301,166712133.0,0.0216,-21.66,737175,839218,795649
3683,GPOR,Energy,Oil & Gas E&P,NYSE,83.44,37,87.42,27,182.78,3203627575.544403,17969641.0,0.0469,-19.05,355664,316901,338200
3684,JMM,Financial Services,Asset Management,NYSE,83.44,37,90.7,38,5.72,55354746.59759998,9462350.0,0.0004,-12.27,10769,6983,10607
3685,MBAVU,Financial Services,Shell Companies,NASDAQ,83.44,37,92.35,46,10.35,,,2.58,-38.32,20,16,10
3686,MIST,Healthcare,Biotechnology,NASDAQ,83.42,37,80.94,14,1.5,229703785.58572018,119637391.0,0.087799996,-50.98,1882658,2208489,2235543
3687,USLM,Basic Materials,Building Materials,NASDAQ,83.4,37,82.63,16,104.0,3155599704.8362427,28682056.0,0.0436,-26.47,130279,140386,146881
3688,TCRT,Healthcare,Biotechnology,NASDAQ,83.39,37,85.9,24,2.47,6198119.576713562,2402372.0,0.0054,-60.16,7596,12278,14407
3689,PZZA,Consumer Cyclical,Restaurants,NASDAQ,83.39,37,93.67,52,34.73,1024568695.8782043,32902014.0,0.16290002,-37.69,1714273,1053747,1286192
3690,ALGN,Healthcare,Medical Instruments & Supplies,NASDAQ,83.37,37,82.18,16,157.25,12087707387.635529,71618127.0,0.0608,-24.51,776601,970313,1149104
3691,IGC,Healthcare,Biotechnology,NYSE ARCA,83.37,37,89.98,36,0.29,30626787.82554823,98796089.0,0.0156,-42.0,402852,1894237,1240296
3692,PAXS,Financial Services,Asset Management,NYSE,83.37,37,89.39,33,13.91,685596036.2524261,47023048.0,0.43,-16.0,234935,170045,209595
3693,BXSL,Financial Services,Asset Management,NYSE,83.33,37,92.56,47,24.02,5625525503.539757,232652003.0,0.049000002,-26.79,2477201,2682523,2739096
3694,LUCK,Consumer Cyclical,Leisure,NYSE,83.3,37,95.32,64,8.2,1123788687.0246086,136382126.0,0.2744,-29.37,95721,67350,73024
3695,ZBRA,Technology,Communication Equipment,NASDAQ,83.27,37,106.32,86,259.35,11118801021.101532,49191705.0,0.053400002,-26.46,1120816,902415,821793
3696,MDRR,Real Estate,Real Estate Services,NASDAQ,83.27,37,91.42,41,11.15,18157774.37877655,1628500.0,0.0112,-23.21,972,1174,1204
3697,EFR,Financial Services,Asset Management,NYSE,83.26,37,92.1,45,10.36,311178932.59376335,29523618.0,0.02,-15.15,126217,125272,166445
3698,BLRX,Healthcare,Biotechnology,NASDAQ,83.26,37,107.09,86,2.98,13813191.46963191,4499411.0,0.0356,-61.65,20308,22219,20201
3699,PCRX,Healthcare,Drug Manufacturers - Specialty & Generic,NASDAQ,83.26,37,90.97,40,22.64,910904425.5899582,39347924.0,0.2718,-18.09,594612,573667,643938
3700,TACT,Technology,Computer Hardware,NASDAQ,83.26,37,98.92,74,3.58,35658688.4240067,10276279.0,0.0016,-37.19,106123,48431,54236
3701,CCEP,Consumer Defensive,Beverages - Non-Alcoholic,NASDAQ,83.24,37,88.08,29,89.36,41873425388.80517,442777049.0,0.0442,-19.42,1575885,1646678,1789107
3702,HIMS,Healthcare,Drug Manufacturers - Specialty & Generic,NYSE,83.23,37,105.3,84,25.05,6532378152.145924,231071031.0,0.3725,-64.43,26968697,31225689,37342415
3703,BCPC,Basic Materials,Specialty Chemicals,NASDAQ,83.23,37,88.23,30,159.02,5171939740.140991,32129836.0,0.0149,-13.53,169885,203378,205547
3704,WDH,Financial Services,Insurance - Diversified,NYSE,83.21,37,89.08,32,1.56,560511026.1205773,359301953.0,0.0007,-28.44,171227,169422,197969
3705,MGIH,Consumer Cyclical,Packaging & Containers,NASDAQ,83.18,37,90.25,36,1.45,16875000.0,11250000.0,0.008,-70.04,17314,11781,10680
3706,UMH,Real Estate,REIT - Residential,NYSE,83.17,36,91.06,40,14.92,1347329178.90934,85166195.0,0.0001,-14.6,924536,726858,673123
3707,VINP,Financial Services,Asset Management,NASDAQ,83.16,36,86.95,26,10.28,713100843.2434502,65422098.0,0.0054,-24.47,102139,111893,101879
3708,GNTX,Consumer Cyclical,Auto Parts,NASDAQ,83.14,36,94.97,62,22.87,4980943594.744507,212951848.0,0.0465,-22.16,1909147,2135385,2126603
3709,AIRJ,Industrials,Building Products & Equipment,NASDAQ,83.13,36,115.08,92,3.73,243078223.73496532,68472740.0,0.069299996,-44.74,752891,443803,430700
3710,FITBO,Financial Services,Banks - Regional,NASDAQ,83.13,36,91.25,41,18.7,,,0.57,-15.27,19870,15886,17462
3711,GMHS,Communication Services,Electronic Gaming & Multimedia,NASDAQ,83.12,36,99.19,75,1.04,57319213.0,57319213.0,0.004,-60.9,7089,14143,14165
3712,EVH,Healthcare,Health Information Services,NYSE,83.1,36,124.37,95,3.96,470170840.75134516,112481067.0,0.1437,-67.18,3160642,2904644,2911268
3713,NMFC,Financial Services,Asset Management,NASDAQ,83.06,36,91.87,43,8.09,782065763.9784908,94452390.0,0.0358,-26.72,596075,665078,966309
3714,NHI,Real Estate,REIT - Healthcare Facilities,NYSE,83.06,36,85.65,23,74.63,3647933509.085396,48471079.0,0.0352,-18.33,572171,403303,374796
3715,AEBI,Industrials,Farm & Heavy Construction Machinery,NASDAQ,83.03,36,96.35,68,11.99,891277178.4934711,77435027.0,0.1709,-63.67,341761,322430,370700
3716,GBAB,Financial Services,Asset Management,NYSE,83.01,36,88.83,32,13.78,395585681.91398907,27682693.0,0.33,-13.55,122512,90507,100440
3717,HBAN,Financial Services,Banks - Regional,NASDAQ,82.99,36,87.62,28,15.41,32677346763.67569,2027130587.0,0.0345,-20.81,22343638,21553942,24794229
3718,AQN,Utilities,Utilities - Diversified,NYSE,82.98,36,84.52,20,5.75,4665959491.494697,768691822.0,1.65,-19.13,4130568,3769909,4473531
3719,HRTG,Financial Services,Insurance - Property & Casualty,NYSE,82.97,36,81.33,15,23.42,678429690.6306267,30273525.0,0.043,-26.77,648643,397237,368546
3720,DIS,Communication Services,Entertainment,NYSE,82.97,36,94.35,58,102.72,187577958191.12646,1736511424.0,0.0121,-17.62,10997678,8639656,9644175
3721,IOSP,Basic Materials,Specialty Chemicals,NASDAQ,82.97,36,94.69,61,78.15,2004927192.8096771,24890467.0,0.0256,-18.21,280655,216248,258289
3722,GBR,Real Estate,Real Estate Services,NYSE ARCA,82.95,36,95.67,65,0.79,4054227.970119357,5131934.0,0.19440001,-55.62,63983,1008447,820972
3723,PXED,Consumer Defensive,Education & Training Services,NYSE,82.94,36,94.24,57,29.36,1092951034.4329643,35810977.0,0.0403,-37.64,86699,119993,106925
3724,VVR,Financial Services,Asset Management,NYSE,82.94,36,91.4,41,2.99,467932082.2882261,153925029.0,0.0017,-21.93,670127,788449,808897
3725,SFBS,Financial Services,Banks - Regional,NYSE,82.93,36,89.61,34,75.0,4344601355.539467,54662823.0,0.066599995,-17.26,213952,250624,316530
3726,RBBN,Technology,Software - Application,NASDAQ,82.89,36,98.24,73,2.57,489666601.2206209,176139067.0,0.0346,-40.09,667027,998125,835391
3727,AII,Financial Services,Insurance - Property & Casualty,NYSE,82.88,36,85.83,23,17.07,386339888.4263725,19581343.0,0.0207,-35.24,87977,79469,110905
3728,ISD,Financial Services,Asset Management,NYSE,82.87,36,90.54,38,12.95,449477603.4963112,33344037.0,0.64,-12.44,71793,85007,96082
3729,MSFT,Technology,Software - Infrastructure,NASDAQ,82.87,36,98.2,73,421.92,3083691778052.826,7428434704.0,0.0112,-24.04,33361344,34266288,33566198
3730,MCK,Healthcare,Medical Distribution,NYSE,82.82,36,83.09,17,760.57,88330803222.65625,120000000.0,0.0211,-23.87,1487710,1016426,918652
3731,GIL,Consumer Cyclical,Apparel Manufacturing,NYSE,82.81,36,87.36,27,56.49,10973822963.959919,185180953.0,0.0346,-23.35,919229,1077929,1237827
3732,REZI,Industrials,Industrial Distribution,NYSE,82.76,36,70.4,5,28.35,6018993614.25,151421223.0,0.0401,-37.4,1798640,1420543,1304776
3733,GLAD,Financial Services,Asset Management,NASDAQ,82.73,36,97.1,70,19.21,451183572.41657066,22593069.0,0.028299998,-34.88,163709,198436,219429
3734,UAL,Industrials,Airlines,NASDAQ,82.73,36,91.0,40,92.85,32320654108.54492,324569728.0,0.044299997,-22.11,5197621,7157050,7932938
3735,BABA,Consumer Cyclical,Internet Retail,NYSE,82.73,36,92.32,46,132.59,336011006472.6431,2399050495.0,0.0184,-31.18,15647658,11506596,11567835
3736,PCSC,Financial Services,Shell Companies,NASDAQ,82.69,36,90.21,36,11.08,124841397.04465866,11067500.0,0.0867,-23.43,20245,41615,63185
3737,LH,Healthcare,Diagnostics & Research,NYSE,82.69,36,88.37,30,250.4,20837839599.609375,82000000.0,0.0395,-14.75,724666,685032,640907
3738,HPQ,Technology,Computer Hardware,NYSE,82.64,36,98.09,72,20.81,20819889284.466644,917984524.0,0.1515,-29.58,17198992,16500474,17835998
3739,TULP,Communication Services,Advertising Agencies,NASDAQ,82.61,36,91.94,44,3.9,7696426.176080704,1886379.0,0.0208,-37.0,3625,3121,3349
3740,REXR,Real Estate,REIT - Industrial,NYSE,82.61,36,92.47,46,34.74,8186796279.455555,225718119.0,0.053000003,-21.72,1740897,2288142,2462365
3741,MSN,Technology,Consumer Electronics,NYSE ARCA,82.59,36,90.26,37,0.4,8627487.244745612,21042652.0,0.0226,-52.94,25031,41277,33086
3742,REFI,Real Estate,REIT - Mortgage,NASDAQ,82.59,36,90.77,39,11.26,253638447.68899155,21207228.0,0.0545,-25.92,180998,152379,179433
3743,YUMC,Consumer Cyclical,Restaurants,NYSE,82.59,36,85.6,23,45.51,16463531248.63655,351034770.0,0.013300001,-22.06,1282202,1277997,1528024
3744,MNRO,Consumer Cyclical,Auto Parts,NASDAQ,82.56,36,82.45,16,15.76,531948354.5871353,30019660.0,0.2633,-34.09,819713,774634,830532
3745,PTY,Financial Services,Asset Management,NYSE,82.52,36,92.02,44,11.91,2607377619.532342,211981917.0,0.13,-18.92,1020599,1018129,1235319
3746,PTON,Consumer Cyclical,Leisure,NASDAQ,82.52,36,101.99,80,5.29,2463724078.0259967,432991925.0,0.1348,-42.5,15331474,12977801,13612792
3747,BALY,Consumer Cyclical,Resorts & Casinos,NYSE,82.48,36,90.39,37,11.64,625861873.6776123,48743136.0,0.0867,-43.88,32777,42625,64743
3748,PETZ,Consumer Cyclical,Restaurants,NASDAQ,82.46,36,86.15,24,0.96,10013570.255351067,10323268.0,0.001,-42.86,2403,2491,3918
3749,SN,Consumer Cyclical,"Furnishings, Fixtures & Appliances",NYSE,82.45,36,86.1,24,105.63,15803580463.798447,141520379.0,0.090100005,-21.17,3497796,2018515,2120683
3750,GSM,Basic Materials,Other Industrial Metals & Mining,NASDAQ,82.44,36,80.82,14,3.96,762390895.1036739,186860517.0,0.024500001,-31.01,1416938,1044786,1217245
3751,LTRN,Healthcare,Biotechnology,NASDAQ,82.44,36,137.23,97,3.14,23739862.62190008,11304697.0,0.15529999,-45.33,369656,314518,775229
3752,FSUN,Financial Services,Banks - Regional,NASDAQ,82.43,36,87.16,27,34.48,1636039576.5895844,44121885.0,0.0325,-18.56,169565,264285,240919
3753,LBRDP,Communication Services,Telecom Services,NASDAQ,82.43,36,90.7,38,21.99,,,0.8,-13.93,19960,19723,16502
3754,KT,Communication Services,Telecom Services,NYSE,82.43,36,83.6,18,19.58,10200815359.540253,481624892.0,0.0091,-20.34,1088056,1122935,1262637
3755,ITW,Industrials,Specialty Industrial Machinery,NYSE,82.4,36,87.65,28,247.68,73294450419.6167,287700000.0,0.0312,-18.3,1148440,1282303,1277282
3756,PSFE,Technology,Software - Infrastructure,NYSE,82.4,36,92.53,47,7.71,479556551.32092476,51676354.0,0.1154,-53.23,345535,344105,343979
3757,STRT,Consumer Cyclical,Auto Parts,NASDAQ,82.4,36,81.14,14,66.91,255150844.017128,4085682.0,0.055999998,-27.66,120569,119603,99913
3758,PHUN,Technology,Software - Application,NASDAQ,82.35,36,96.09,67,2.07,40386932.0,20193466.0,0.04,-46.65,177380,165023,156858
3759,SFM,Consumer Defensive,Grocery Stores,NASDAQ,82.35,36,105.61,85,85.51,7789689624.030258,94044301.0,0.1451,-53.02,2230675,2134541,2275395
3760,BLD,Industrials,Engineering & Construction,NYSE,82.33,36,88.52,31,400.76,12045689138.476776,28142161.0,0.081499994,-28.37,757762,878740,696216
3761,ITIC,Financial Services,Insurance - Specialty,NASDAQ,82.33,36,93.75,53,235.72,449909452.56170654,1887996.0,0.031400003,-18.43,22163,22221,19200
3762,UAVS,Technology,Computer Hardware,NYSE ARCA,82.32,36,96.1,67,1.05,68090630.24245048,58197122.0,0.0648,-70.91,2028869,2377269,2619431
3763,SKYQ,Energy,Oil & Gas Integrated,NASDAQ,82.31,36,58.48,2,3.07,117154703.0617311,29962839.0,0.67480004,-84.22,1672711,8382833,9253015
3764,COOT,Consumer Defensive,Packaged Foods,NASDAQ,82.29,35,93.96,54,0.61,17715571.36393881,27898538.0,0.019,-86.44,57536,90178,492179
3765,KELYA,Industrials,Staffing & Employment Services,NASDAQ,82.29,35,95.91,66,9.6,342184901.3324261,34669190.0,0.0342,-35.74,528046,390718,394491
3766,NOAH,Financial Services,Asset Management,NYSE,82.29,35,91.86,43,10.4,710815915.3257103,65573423.0,0.0070999996,-19.0,43813,65934,116248
3767,AMH,Real Estate,REIT - Residential,NYSE,82.26,35,93.43,51,30.61,11549876371.579834,360595592.0,0.028299998,-21.53,4206075,3174325,3266755
3768,BHK,Financial Services,Asset Management,NYSE,82.21,35,89.18,33,8.77,663740588.2535095,72224224.0,0.0015,-16.95,302761,251383,274498
3769,THRM,Consumer Cyclical,Auto Parts,NASDAQ,82.18,35,95.41,64,30.17,968156643.9511795,30666983.0,0.0247,-23.58,220129,252646,246203
3770,ACIW,Technology,Software - Infrastructure,NASDAQ,82.17,35,92.76,48,41.66,4626617880.06443,101661570.0,0.061100002,-23.25,805213,758617,754516
3771,WEX,Technology,Software - Infrastructure,NYSE,82.13,35,84.38,20,141.42,4910395753.360245,34668143.0,0.065799996,-24.32,596940,612610,557472
3772,PAHC,Healthcare,Drug Manufacturers - Specialty & Generic,NASDAQ,82.11,35,59.56,2,34.37,1622588640.0,40564716.0,0.0722,-42.79,618398,380016,356501
3773,SUNE,Technology,Solar,NASDAQ,82.08,35,93.81,53,1.65,5620916.318779945,3406616.0,0.053000003,-52.31,243688,311869,1655079
3774,PRQR,Healthcare,Biotechnology,NASDAQ,82.08,35,91.85,43,1.59,166470485.64160633,105361064.0,0.0177,-48.71,501291,739997,610956
3775,VICI,Real Estate,REIT - Diversified,NYSE,82.08,35,92.33,46,27.9,31054340757.383617,1076780187.0,0.0286,-17.97,7424366,7595238,8384065
3776,TTRX,Healthcare,Biotechnology,NASDAQ,82.05,35,106.75,86,4.05,112896670.46367645,29788040.0,2.21,-84.72,23442,25187,23730
3777,UEIC,Technology,Consumer Electronics,NASDAQ,82.04,35,90.8,39,4.02,54242808.20604515,12614606.0,0.0135,-46.4,54023,49757,61926
3778,XHG,Financial Services,Insurance Brokers,NASDAQ,82.03,35,96.86,69,0.99,53352101.68940234,51547926.0,0.0008,-69.35,4994,42798,31418
3779,SJM,Consumer Defensive,Packaged Foods,NYSE,82.03,35,96.0,66,100.54,10584845660.75,106648319.0,0.0555,-15.79,2034824,1932988,1928580
3780,FUTU,Financial Services,Capital Markets,NASDAQ,82.02,35,83.9,19,134.64,20270720506.51245,140194488.0,0.0546,-33.52,2539645,1595118,1626385
3781,XRX,Industrials,Business Equipment & Supplies,NASDAQ,82.0,35,130.31,96,2.58,363567314.8383653,130779611.0,0.28059998,-62.06,10139131,8004690,6074416
3782,VTEX,Technology,Software - Application,NYSE,82.0,35,87.88,29,3.55,637618086.6858823,170486119.0,0.0425,-47.95,1439049,1228813,1320875
3783,BLW,Financial Services,Asset Management,NYSE,81.99,35,90.51,37,12.39,500671180.4004669,39084400.0,0.0032,-13.36,111110,129936,146502
3784,EHC,Healthcare,Medical Care Facilities,NYSE,81.98,35,95.13,63,106.64,10525022236.634216,99199080.0,0.0346,-16.68,966987,1044642,993319
3785,TELA,Healthcare,Medical Devices,NASDAQ,81.98,35,107.68,87,0.9,45661245.706157684,44765928.0,0.0208,-59.09,252506,227178,210133
3786,METC,Basic Materials,Coking Coal,NASDAQ,81.98,35,90.71,38,14.51,972678530.1992264,65677144.0,0.2906,-74.9,1681999,1548539,1701937
3787,CCI,Real Estate,REIT - Specialty,NYSE,81.96,35,92.72,48,86.66,39529455967.115425,436451983.0,0.028800001,-25.14,3556474,3145401,3123098
3788,META,Communication Services,Internet Content & Information,NASDAQ,81.95,35,93.16,49,614.23,1547499011212.165,2538423304.0,0.0121,-22.86,14491723,15614977,16237570
3789,TOL,Consumer Cyclical,Residential Construction,NYSE,81.95,35,82.83,17,126.22,13059148172.195435,94707000.0,0.0465,-25.03,988596,966978,1151717
3790,SMTI,Healthcare,Medical Instruments & Supplies,NASDAQ,81.93,35,104.05,83,21.06,168673532.50305176,9167040.0,0.049099997,-41.42,61777,48069,62487
3791,ACFN,Technology,Scientific & Technical Instruments,NASDAQ,81.93,35,84.26,20,16.6,42815963.294540405,2508258.0,0.0166,-49.7,11884,14154,18966
3792,ANIX,Healthcare,Biotechnology,NASDAQ,81.89,35,92.09,44,2.82,100583574.0,33527858.0,0.032899998,-48.35,109365,116501,109157
3793,FFIN,Financial Services,Banks - Regional,NASDAQ,81.87,35,91.87,43,31.1,4622274821.306038,143281930.0,0.0753,-19.72,738368,696069,752441
3794,RSG,Industrials,Waste Management,NYSE,81.87,35,91.74,43,208.32,61482874785.86455,307383629.0,0.0150999995,-19.49,2107803,1820097,1605622
3795,MNOV,Healthcare,Biotechnology,NASDAQ,81.85,35,90.62,38,1.38,68909743.22647405,49221246.0,0.004,-29.59,19653,23217,39670
3796,HUYA,Communication Services,Entertainment,NYSE,81.84,35,80.6,14,2.92,712352673.2854042,229791192.0,0.0647,-40.77,868354,707341,1067462
3797,HIFS,Financial Services,Banks - Regional,NASDAQ,81.81,35,84.23,20,262.92,623118119.4534302,2197250.0,0.1625,-22.21,25027,43595,47821
3798,KHC,Consumer Defensive,Packaged Foods,NASDAQ,81.79,35,93.96,54,22.92,28411231120.86815,1185777638.0,0.0866,-21.48,15785760,14089886,15307012
3799,SLG,Real Estate,REIT - Office,NYSE,81.79,35,98.96,74,42.45,3253945097.25,71124483.0,0.2212,-36.56,1101044,1269661,1273224
3800,CWT,Utilities,Utilities - Regulated Water,NYSE,81.76,35,90.62,38,42.47,2601821372.203064,59853262.0,0.0335,-15.8,416298,567316,528009
3801,MEGL,Financial Services,Capital Markets,NASDAQ,81.75,35,95.39,64,1.1,5621095.572441816,5064050.0,0.074499995,-58.02,30954,20104,18668
3802,PSBD,Financial Services,Asset Management,NYSE,81.74,35,93.22,50,10.65,342017738.73701096,31120814.0,0.0095,-28.88,128365,102615,96921
3803,ONC,Healthcare,Biotechnology,NASDAQ,81.73,35,88.38,30,293.27,32382829343.44226,103751217.0,0.0148,-23.87,267688,220706,220161
3804,POST,Consumer Defensive,Packaged Foods,NYSE,81.73,35,91.76,43,101.07,4625170039.613556,45322586.0,0.1346,-13.82,955193,761764,786132
3805,CBSH,Financial Services,Banks - Regional,NASDAQ,81.73,35,92.97,49,50.95,7564376639.644684,145777158.0,0.0364,-19.37,1142623,1214544,1246720
3806,AVO,Consumer Defensive,Food Distribution,NASDAQ,81.72,35,80.03,13,11.95,926670435.7148514,70846364.0,0.1236,-23.05,867224,1032138,988110
3807,HMY,Basic Materials,Gold,NYSE,81.71,35,88.07,29,15.71,11232342218.65036,631385140.0,0.0115,-39.72,4907510,5015650,5451946
3808,HCA,Healthcare,Medical Care Facilities,NYSE,81.71,35,84.78,21,423.0,96542463103.60107,221839800.0,0.027,-23.99,1251531,1154300,1124746
3809,BLIN,Technology,Software - Infrastructure,NASDAQ,81.7,35,101.84,80,0.94,12851876.33967638,12599879.0,0.0008,-53.92,30976,28325,26095
3810,FEDU,Consumer Defensive,Education & Training Services,NYSE,81.7,35,91.69,43,10.31,23730609.0,2260058.0,0.0062,-40.4,580,463,740
3811,AEON,Healthcare,Biotechnology,NYSE ARCA,81.7,35,73.04,6,0.72,23676489.272787213,26307211.0,0.0041,-50.34,69123,114794,101816
3812,MAS,Industrials,Building Products & Equipment,NYSE,81.69,35,90.45,37,65.14,14606771842.948341,203607085.0,0.0529,-17.74,3073463,3327414,3015096
3813,MSEX,Utilities,Utilities - Regulated Water,NASDAQ,81.63,35,90.51,37,50.27,960270428.8166237,18624329.0,0.0514,-19.15,106684,167104,165706
3814,DXLG,Consumer Cyclical,Apparel Retail,NASDAQ,81.62,35,112.93,91,0.71,36174938.69746286,54810511.0,0.0315,-57.99,140486,106612,155069
3815,OPXS,Industrials,Aerospace & Defense,NASDAQ,81.62,35,83.01,17,10.77,70761050.27680397,6937358.0,0.0117,-39.36,46922,42137,36972
3816,XP,Financial Services,Capital Markets,NASDAQ,81.61,35,84.19,20,17.47,9904706372.51936,516677430.0,0.0436,-24.47,5346025,4679671,5313671
3817,CCK,Consumer Cyclical,Packaging & Containers,NYSE,81.6,35,87.63,28,96.08,11307640447.04889,111746617.0,0.0535,-17.61,1187618,1201569,1157033
3818,KEQU,Consumer Cyclical,"Furnishings, Fixtures & Appliances",NASDAQ,81.59,35,98.9,74,38.64,106084867.02886963,2866384.0,0.0189,-36.54,1878,2516,4937
3819,ORLY,Consumer Cyclical,Auto Parts,NASDAQ,81.57,35,87.77,28,88.49,77369930117.37326,832292716.0,0.020299999,-18.61,5935998,5318889,5535415
3820,RWT,Real Estate,REIT - Mortgage,NYSE,81.57,35,82.92,17,5.18,697451676.5847058,125215737.0,0.0001,-25.68,1035531,1247137,1422848
3821,MOMO,Communication Services,Internet Content & Information,NASDAQ,81.57,35,93.3,50,6.05,920466311.048058,147747401.0,0.0175,-34.38,440023,591491,686180
3822,LZB,Consumer Cyclical,"Furnishings, Fixtures & Appliances",NYSE,81.56,34,92.94,48,34.3,1473825714.9477196,41248971.0,0.0545,-22.9,408807,377289,407089
3823,SFBC,Financial Services,Banks - Regional,NASDAQ,81.56,34,93.21,50,42.17,100377731.79670715,2380876.0,0.0494,-18.43,3435,5845,8145
3824,NAAS,Consumer Cyclical,Specialty Retail,NASDAQ,81.51,34,111.91,90,2.76,28751654.270032644,12055201.0,0.0078,-52.74,11615,7601,6353
3825,WMS,Industrials,Building Products & Equipment,NYSE,81.49,34,85.74,23,135.64,11154647534.28154,77895585.0,0.0388,-24.36,753258,875729,918745
3826,WRB,Financial Services,Insurance - Property & Casualty,NYSE,81.48,34,93.36,50,66.45,24451135871.369843,372276732.0,0.0,-15.84,1620233,1975587,2088064
3827,IMRN,Healthcare,Biotechnology,NASDAQ,81.44,34,119.36,93,1.0,6573903.758410215,8166340.0,0.0022,-58.16,50709,41459,33043
3828,EAT,Consumer Cyclical,Restaurants,NYSE,81.41,34,85.74,23,137.22,5947678403.080444,42887790.0,0.1658,-26.67,1318148,1326062,1242941
3829,BCO,Industrials,Security & Protection Services,NYSE,81.41,34,87.56,28,103.77,4415384411.149292,41180604.0,0.0752,-23.91,593863,473097,504940
3830,NEO,Healthcare,Diagnostics & Research,NASDAQ,81.4,34,84.78,21,8.24,1166697553.7671852,130211780.0,0.0716,-40.03,1533616,2335868,2019133
3831,EXE,Energy,Oil & Gas E&P,NASDAQ,81.39,34,90.59,38,96.69,22951616357.114807,239228849.0,0.026800001,-23.64,2456054,3087481,3613492
3832,SKWD,Financial Services,Insurance - Property & Casualty,NASDAQ,81.39,34,95.57,65,46.01,2079715643.679409,44543065.0,0.0335,-29.27,486699,414296,430251
3833,BXP,Real Estate,REIT - Office,NYSE,81.39,34,96.0,66,58.5,9430112529.514061,158675963.0,0.094,-26.26,1583761,1824287,2034174
3834,ESLA,Healthcare,Biotechnology,NASDAQ,81.37,34,74.54,7,1.11,53758186.87311268,42665228.0,0.016,-64.76,27129,125763,97773
3835,VNO,Real Estate,REIT - Office,NYSE,81.37,34,100.23,77,30.58,6049223804.25856,188097756.0,0.0005,-29.49,2022629,1846416,2105827
3836,SAFT,Financial Services,Insurance - Property & Casualty,NASDAQ,81.36,34,88.25,30,71.03,1048837695.1010284,14683434.0,0.0183,-15.64,95346,87315,92021
3837,PEG,Utilities,Utilities - Regulated Electric,NYSE,81.35,34,87.71,28,76.44,38435528367.57939,498321402.0,0.024,-16.24,3601885,2734131,2795101
3838,XBIT,Healthcare,Biotechnology,NASDAQ,81.33,34,93.86,53,2.46,74999819.42301464,30487731.0,0.0057,-31.86,26444,26121,34926
3839,ZIONP,Financial Services,Banks - Regional,NASDAQ,81.32,34,92.84,48,19.07,,,0.24,-21.84,4606,6058,5756
3840,VMC,Basic Materials,Building Materials,NYSE,81.32,34,84.87,21,267.83,36814056130.59219,129754885.0,0.045300003,-19.11,965442,957137,1216102
3841,MSB,Basic Materials,Steel,NYSE,81.3,34,88.31,30,28.31,381923499.1078186,13120010.0,0.0123000005,-33.2,66296,56615,55969
3842,AMRZ,Basic Materials,Building Materials,NYSE,81.29,34,83.84,19,49.01,29276550912.158066,553536609.0,0.0123000005,-25.67,2538138,2602062,2806677
3843,CIX,Industrials,Security & Protection Services,NYSE ARCA,81.29,34,89.5,34,22.5,292672603.75,12323057.0,0.0195,-30.34,2835,2541,2905
3844,AN,Consumer Cyclical,Auto & Truck Dealerships,NYSE,81.28,34,85.1,22,184.15,6892064165.9965515,33461495.0,0.098000005,-19.56,342682,387240,411884
3845,AEO,Consumer Cyclical,Apparel Retail,NYSE,81.28,34,77.47,10,15.29,2780133446.385071,166674664.0,0.16690001,-46.28,4115205,4593345,5153041
3846,BSBR,Financial Services,Banks - Regional,NYSE,81.27,34,82.96,17,5.33,43664988900.75073,7489706599.0,3.71,-27.19,898925,830111,981647
3847,MDBH,Financial Services,Capital Markets,NASDAQ,81.26,34,88.49,30,3.21,39933612.72665119,10300132.0,0.00029999999,-41.64,2091,5027,4796
3848,AAL,Industrials,Airlines,NASDAQ,81.25,34,95.97,66,12.31,8829491831.248407,661385137.0,0.0908,-25.39,51429782,54589670,63788008
3849,NOC,Industrials,Aerospace & Defense,NYSE,81.21,34,79.87,13,540.69,78050238505.61133,142033476.0,0.012,-30.14,708065,790818,773861
3850,MCO,Financial Services,Financial Data & Stock Exchanges,NYSE,81.19,34,90.6,38,428.9,78834971277.52844,174676438.0,0.0238,-21.57,1028173,1033734,1142156
3851,STEP,Financial Services,Asset Management,NASDAQ,81.18,34,95.92,66,53.54,6967314539.862759,124996669.0,0.061100002,-31.18,666766,856188,961353
3852,FRBA,Financial Services,Banks - Regional,NASDAQ,81.17,34,88.28,30,14.88,380436613.6482239,25061700.0,0.0076,-17.84,98508,73049,74079
3853,CRH,Basic Materials,Building Materials,NYSE,81.14,34,84.58,20,103.21,76014457999.58966,668200216.0,0.022,-21.54,4719305,4597455,5120595
3854,HOOD,Financial Services,Capital Markets,NASDAQ,81.14,34,96.21,67,77.14,69365903441.46066,900505057.0,0.040599998,-49.86,22461218,31246116,29162209
3855,VEEA,Technology,Information Technology Services,NASDAQ,81.12,34,97.17,70,0.56,27472125.40126705,50407568.0,0.013099999,-78.46,209201,210273,225262
3856,VKTX,Healthcare,Biotechnology,NASDAQ,81.12,34,89.94,35,30.27,3637589786.3318424,116105643.0,0.21079999,-29.85,1925985,2188481,2343127
3857,AS,Consumer Cyclical,Leisure,NYSE,81.1,34,86.16,24,32.84,20963046814.488037,581822024.0,0.0849,-23.2,3858463,3550631,4053000
3858,VHI,Basic Materials,Chemicals,NYSE,81.1,34,85.83,23,13.55,410100219.0921192,28302293.0,0.0218,-32.25,11766,12195,14177
3859,ARDT,Healthcare,Medical Care Facilities,NYSE,81.09,34,99.23,75,10.1,1449268764.1946726,143350031.0,0.0888,-34.75,451115,393338,385081
3860,AWK,Utilities,Utilities - Regulated Water,NYSE,81.09,34,89.62,34,124.29,24419829746.998856,195280521.0,0.066,-15.95,1838535,1905425,1893065
3861,ROL,Consumer Cyclical,Personal Services,NYSE,81.08,34,91.38,41,53.42,25917100341.583252,481462000.0,0.031,-19.23,2887012,2741457,2865764
3862,CLB,Energy,Oil & Gas Equipment & Services,NYSE,81.07,34,77.79,10,13.07,605249439.9353466,46096682.0,0.2207,-35.81,505876,454275,438951
3863,BIPC,Utilities,Utilities - Regulated Gas,NYSE,81.06,34,91.5,42,39.66,4772636151.785526,122406667.0,5.1,-23.32,1210229,1184966,1241059
3864,OMAB,Industrials,Airports & Air Services,NASDAQ,81.05,34,85.38,22,102.84,5201219429.5,48271178.0,0.0093,-23.82,53971,82853,87508
3865,MAA,Real Estate,REIT - Residential,NYSE,81.03,34,92.77,48,125.71,15049718462.477417,116384802.0,0.0293,-23.72,888902,936457,953654
3866,STZ,Consumer Defensive,Beverages - Brewers,NYSE,81.02,34,87.28,27,142.35,25521535950.187637,172198467.0,0.0343,-27.71,1819578,2042602,1971215
3867,FG,Financial Services,Insurance - Life,NYSE,81.01,34,95.9,66,28.04,3749325115.921974,132484990.0,0.1171,-23.6,846561,644120,675972
3868,HIPO,Financial Services,Insurance - Property & Casualty,NYSE,81.01,34,89.14,33,26.05,711040879.3653202,26035917.0,0.0242,-33.17,115171,105363,107868
3869,PHG,Healthcare,Medical Devices,NYSE,81.01,34,88.83,32,25.23,25904408908.40149,952018000.0,2.05,-24.55,1482105,1194631,1125453
3870,STVN,Healthcare,Medical Instruments & Supplies,NYSE,80.97,34,106.45,86,17.99,4976857216.648827,273003694.0,0.0216,-35.75,549665,585998,579661
3871,COYA,Healthcare,Biotechnology,NASDAQ,80.97,34,108.58,88,4.96,96409025.26187181,23457183.0,0.0346,-36.0,215174,175691,160938
3872,BDX,Healthcare,Medical Instruments & Supplies,NYSE,80.96,34,86.44,25,143.47,41174003988.49164,275540427.0,0.0287,-23.42,3817471,3151757,2887330
3873,SLQT,Financial Services,Insurance Brokers,NYSE,80.96,34,139.12,97,1.16,197509507.7208917,176347774.0,0.0378,-58.12,4552097,2151375,1801877
3874,ATLX,Basic Materials,Other Industrial Metals & Mining,NASDAQ,80.96,34,80.83,14,4.29,179380725.49926186,27767914.0,0.062800005,-48.0,1100423,836794,645840
3875,CARG,Consumer Cyclical,Auto & Truck Dealerships,NASDAQ,80.95,34,79.87,13,28.67,3133550623.6797867,90187098.0,0.14930001,-27.27,1518975,1103231,1167547
3876,AVNT,Basic Materials,Specialty Chemicals,NYSE,80.93,34,84.48,20,33.77,3383188004.6545563,91710167.0,0.0419,-24.7,854873,622187,709688
3877,GSIW,Financial Services,Capital Markets,NASDAQ,80.91,34,112.93,91,29.91,42401089.20655823,1412428.0,0.0182,-91.65,3041,7317,61366
3878,AON,Financial Services,Insurance Brokers,NYSE,80.9,34,93.21,50,317.22,66804735702.70834,213576949.0,0.0115,-16.74,1533526,1407538,1380795
3879,JBS,Consumer Defensive,Packaged Foods,NYSE,80.88,34,75.79,8,13.48,17251826916.541367,1070876863.0,0.0889,-27.72,7158760,5163963,5119056
3880,HEI,Industrials,Aerospace & Defense,NYSE,80.87,33,95.86,66,288.84,40811920542.68509,139518399.0,0.0099,-20.14,996830,721453,670044
3881,BOLT,Healthcare,Biotechnology,NASDAQ,80.87,33,93.3,50,4.78,8973718.036603928,1921567.0,0.0117999995,-48.27,22609,26829,23357
3882,CIK,Financial Services,Asset Management,NYSE ARCA,80.87,33,90.56,38,2.5,142086253.10136628,54859559.0,0.0019,-17.76,774906,594605,525327
3883,PRKS,Consumer Cyclical,Leisure,NYSE,80.86,33,97.6,71,36.13,1874948593.736847,47805929.0,0.3891,-36.56,1322801,1088240,1029142
3884,LINK,Technology,Electronic Components,NASDAQ,80.79,33,105.49,85,3.53,56070024.01877737,15750007.0,0.0043,-65.05,516280,185433,117152
3885,NXRT,Real Estate,REIT - Residential,NYSE,80.79,33,96.23,67,28.1,1543785577.97604,51545427.0,0.0504,-26.63,174666,181862,213891
3886,PFX,Financial Services,Asset Management,NASDAQ,80.76,33,95.85,66,41.62,78154341.34597778,1932600.0,0.0001,-22.34,5105,2095,1883
3887,LSE,Energy,Oil & Gas Equipment & Services,NASDAQ,80.74,33,88.49,30,4.62,84018374.02582169,17025000.0,0.0135,-52.76,5466,10078,10221
3888,MYO,Healthcare,Medical Devices,NYSE ARCA,80.72,33,105.97,85,0.91,31992805.034062564,38638653.0,0.105299994,-75.31,423201,328753,362092
3889,TRVG,Communication Services,Internet Content & Information,NASDAQ,80.71,33,101.0,78,3.07,245050270.80044508,70619674.0,0.002,-42.08,141174,63104,49990
3890,INEO,Consumer Cyclical,Auto Parts,NASDAQ,80.7,33,111.03,90,0.63,9480642.780797482,16545624.0,0.0043,-70.0,72252,127040,390344
3891,ANVS,Healthcare,Biotechnology,NYSE,80.7,33,93.81,53,2.06,78994858.04874516,34646868.0,0.1499,-62.55,990172,1269640,949982
3892,EBS,Healthcare,Drug Manufacturers - Specialty & Generic,NYSE,80.64,33,84.48,20,7.94,490164812.0,51596296.0,0.1891,-43.53,739954,665998,738952
3893,BANL,Energy,Oil & Gas Midstream,NASDAQ,80.64,33,88.62,31,0.43,13861316.629117012,27448152.0,0.0348,-59.05,184492,1324410,1055682
3894,GXAI,Communication Services,Electronic Gaming & Multimedia,NASDAQ,80.63,33,92.41,46,1.2,12877116.742535114,10219934.0,0.019299999,-59.46,320114,904251,1214002
3895,BRZE,Technology,Software - Application,NASDAQ,80.63,33,89.32,33,20.87,2464105729.5409584,113448702.0,0.1225,-44.6,3097723,2948081,3117976
3896,JXG,Consumer Cyclical,Apparel Manufacturing,NASDAQ,80.62,33,158.14,98,6.53,36179641.784707546,9276831.0,0.0007,-84.34,7699,4336,3481
3897,TEAD,Communication Services,Internet Content & Information,NASDAQ,80.61,33,112.33,90,0.95,102810910.25010586,96991430.0,0.1517,-73.9,426538,289432,360911
3898,WPRT,Consumer Cyclical,Auto Parts,NASDAQ,80.61,33,94.01,55,1.99,34617510.82589865,17395734.0,0.0494,-52.05,29873,41411,37860
3899,PLTR,Technology,Software - Infrastructure,NASDAQ,80.59,33,88.75,31,133.99,330349597746.61554,2397311977.0,0.0248,-35.43,51245961,49198047,46888522
3900,MLP,Real Estate,Real Estate Services,NYSE,80.58,33,88.22,30,14.95,311144966.488266,19868772.0,0.0293,-26.5,10561,13153,16470
3901,SNY,Healthcare,Drug Manufacturers - General,NASDAQ,80.55,33,90.61,38,42.69,103764277877.55963,2395850256.0,0.0036000002,-20.0,2806538,2785579,3101993
3902,PG,Consumer Defensive,Household & Personal Products,NYSE,80.54,33,90.37,37,141.57,340953458094.9679,2328598978.0,0.0117999995,-17.21,8183394,8553594,9702658
3903,LRN,Consumer Defensive,Education & Training Services,NYSE,80.53,33,90.86,39,88.29,3739209194.1775513,42524840.0,0.22649999,-48.42,705567,776069,780523
3904,LOAN,Real Estate,REIT - Mortgage,NASDAQ,80.52,33,89.54,34,4.22,48803328.55200243,11429351.0,0.0025,-27.86,37563,34831,29272
3905,UBER,Technology,Software - Application,NYSE,80.52,33,95.86,66,75.09,153585939318.69482,2035599013.0,0.028499998,-26.38,20412389,15957559,16290717
3906,MPV,Financial Services,Asset Management,NYSE,80.5,33,88.97,32,16.76,186053773.3815956,10773235.0,1.9,-20.19,12678,13739,13785
3907,UNB,Financial Services,Banks - Regional,NASDAQ,80.49,33,89.61,34,23.38,111567730.40809631,4614050.0,0.0222,-35.06,36433,15637,12298
3908,UGRO,Industrials,Farm & Heavy Construction Machinery,NASDAQ,80.44,33,65.4,3,4.63,6951101.224393845,1160451.0,0.1103,-87.49,121209,300466,6231471
3909,DGICA,Financial Services,Insurance - Property & Casualty,NASDAQ,80.44,33,94.12,56,17.08,637623633.7100754,37049603.0,0.026800001,-19.13,129963,111401,121144
3910,CCEL,Healthcare,Medical Care Facilities,NYSE ARCA,80.41,33,96.22,67,3.62,27790267.884099483,8055150.0,0.0015,-42.99,7150,10020,12982
3911,TW,Financial Services,Capital Markets,NASDAQ,80.4,33,89.79,35,110.94,23723410812.71991,218026021.0,0.0182,-25.67,1165837,1366542,1363121
3912,THCH,Consumer Cyclical,Restaurants,NASDAQ,80.4,33,91.56,42,2.01,61189769.32066548,32036529.0,0.0047999998,-38.15,6367,5199,4859
3913,XLO,Healthcare,Biotechnology,NASDAQ,80.38,33,94.42,59,8.36,46307172.490636826,5982839.0,0.032899998,-49.39,99751,54610,53361
3914,EVER,Communication Services,Internet Content & Information,NASDAQ,80.38,33,109.73,88,17.48,725152199.0,35373278.0,0.2077,-39.16,1810381,1082660,957700
3915,CHDN,Consumer Cyclical,Gambling,NASDAQ,80.37,33,87.11,27,86.73,6142388310.611725,69696908.0,0.0418,-26.79,1001932,1018544,1036510
3916,MMM,Industrials,Conglomerates,NYSE,80.37,33,91.86,43,146.22,74735369326.95668,521567261.0,0.0153,-17.58,4003826,3813822,3923347
3917,TIC,Industrials,Specialty Business Services,NYSE,80.36,33,99.23,75,8.96,2190532171.9115753,221042604.0,0.0947,-40.04,3075405,2766478,3278503
3918,MKL,Financial Services,Insurance - Property & Casualty,NYSE,80.35,33,91.64,42,1844.0,22707878897.7063,12513710.0,0.0149,-16.47,70961,72487,64636
3919,GME,Consumer Cyclical,Specialty Retail,NYSE,80.35,33,81.31,15,21.59,10886549119.834787,448375157.0,0.1512,-39.71,13267756,9594972,8076979
3920,GNSS,Technology,Scientific & Technical Instruments,NASDAQ,80.34,33,87.63,28,1.79,93137358.07293081,45212311.0,0.0247,-33.7,197218,132642,118313
3921,ASLE,Industrials,Airports & Air Services,NASDAQ,80.34,33,89.1,32,6.4,309506038.9627619,47252829.0,0.032899998,-29.82,379748,272936,317735
3922,RRR,Consumer Cyclical,Resorts & Casinos,NASDAQ,80.3,33,87.32,27,51.44,3185207713.5565567,58465634.0,0.113800004,-25.44,812063,931231,958836
3923,MRP,Real Estate,REIT - Residential,NYSE,80.3,33,83.77,19,26.71,4471670724.783806,166047927.0,0.0397,-25.81,2210560,1466530,1454664
3924,COMP,Real Estate,Real Estate Services,NYSE,80.28,33,95.57,65,7.88,6506387991.322314,746145389.0,0.050100002,-43.53,15886181,13828650,14186242
3925,LOMA,Basic Materials,Building Materials,NYSE,80.26,33,88.45,30,10.39,1285996916.0194778,116696630.0,0.036199998,-26.68,406266,353845,390641
3926,SYY,Consumer Defensive,Food Distribution,NYSE,80.24,33,89.62,34,72.57,34639549290.95801,478182608.0,0.024400001,-20.99,3603557,4891542,5010225
3927,PWP,Financial Services,Capital Markets,NASDAQ,80.24,33,85.02,22,18.33,1305566096.9676647,71031891.0,0.1441,-29.3,1431857,1150772,1001917
3928,MOLN,Healthcare,Biotechnology,NASDAQ,80.22,33,84.93,21,3.8,153387835.2321453,37411668.0,0.00059999997,-29.1,5593,3641,3850
3929,SNDL,Consumer Defensive,Beverages - Wineries & Distilleries,NASDAQ,80.2,33,93.62,52,1.43,373530485.1055145,260300000.0,0.0083,-50.52,2126048,2639432,2131945
3930,ARLO,Industrials,Building Products & Equipment,NYSE,80.18,33,84.12,19,12.32,1656299709.25,108609817.0,0.1176,-38.21,1841665,1350061,1317417
3931,CACI,Technology,Information Technology Services,NYSE,80.18,33,84.81,21,486.96,10625696576.2146,22091305.0,0.0585,-28.75,383964,335311,303302
3932,JCAP,Financial Services,Credit Services,NASDAQ,80.17,33,81.78,15,17.87,1231763239.9813538,61711588.0,0.0346,-24.92,200823,257227,314596
3933,LAZ,Financial Services,Capital Markets,NYSE,80.15,33,93.0,49,45.23,4732884075.044785,98437685.0,0.0515,-23.01,1483615,1426498,1546059
3934,CAE,Industrials,Aerospace & Defense,NYSE,80.15,33,88.78,32,25.49,8669433957.082552,321805263.0,3.77,-25.55,759807,869575,831691
3935,IRIX,Healthcare,Medical Devices,NASDAQ,80.13,33,88.26,30,1.01,17917210.002315044,17395350.0,0.0095,-38.79,44779,453966,301345
3936,ALHC,Healthcare,Healthcare Plans,NASDAQ,80.09,33,73.8,7,15.73,3706737509.480156,206733823.0,0.084300004,-34.1,8923677,5726029,4638889
3937,NTES,Communication Services,Electronic Gaming & Multimedia,NASDAQ,80.09,33,90.88,39,113.38,73965430987.44492,638128105.0,0.0064,-28.94,770873,714177,735082
3938,CHE,Healthcare,Medical Care Facilities,NYSE,80.08,33,98.78,74,434.53,5631671492.669922,13274104.0,0.0381,-25.59,229423,255551,269158
3939,WCN,Industrials,Waste Management,NYSE,80.08,33,91.26,41,156.61,38574565920.78418,254080912.0,0.0098,-20.9,1861649,1605659,1501883
3940,RNAC,Healthcare,Biotechnology,NASDAQ,80.08,33,109.8,88,7.38,254150084.8918419,29381514.0,0.1713,-52.6,186833,180154,226242
3941,REYN,Consumer Cyclical,Packaging & Containers,NASDAQ,80.06,32,91.95,44,21.15,4611590031.876978,210767377.0,0.121400006,-19.43,1532068,1246622,1153365
3942,DHY,Financial Services,Asset Management,NYSE ARCA,80.05,32,89.92,35,1.75,184425129.53570485,103609625.0,0.0147,-18.6,834142,1007944,817624
3943,AUST,Basic Materials,Gold,NYSE ARCA,80.04,32,83.5,18,1.34,18759411.435293317,13693001.0,0.060399998,-65.82,103123,86607,114170
3944,RIGL,Healthcare,Biotechnology,NASDAQ,80.03,32,89.97,35,29.01,481794180.13916016,18502080.0,0.2291,-44.47,569640,426593,385988
3945,OKTA,Technology,Software - Infrastructure,NASDAQ,79.98,32,99.91,76,82.77,14711566667.457436,175346441.0,0.0533,-35.12,2653185,3553288,3502977
3946,NTZ,Consumer Cyclical,"Furnishings, Fixtures & Appliances",NYSE,79.94,32,85.06,22,2.76,31281488.614608526,11014609.0,0.1,-38.12,4163,3327,6084
3947,STRK,Technology,Software - Application,NASDAQ,79.93,32,92.47,46,74.87,,,0.04,-42.18,150210,127496,151988
3948,CSW,Industrials,Specialty Industrial Machinery,NYSE,79.93,32,84.92,21,255.97,4530774772.834351,16686708.0,0.0999,-24.47,139693,130424,139692
3949,LEG,Consumer Cyclical,"Furnishings, Fixtures & Appliances",NYSE,79.9,32,79.66,12,9.17,1372510564.6093369,136432456.0,0.118,-29.46,3175299,3790903,2774931
3950,HVT,Consumer Cyclical,Home Improvement Retail,NYSE,79.87,32,87.38,27,20.81,357316848.8797798,16095353.0,0.0001,-24.79,110589,94083,125765
3951,WOR,Industrials,Metal Fabrication,NYSE,79.87,32,92.21,45,53.38,2697315856.038124,49546582.0,0.028800001,-24.72,170513,168714,218566
3952,MYSE,Technology,Software - Application,NASDAQ,79.86,32,79.68,12,1.81,9247918.946523428,5081274.0,0.0199,-68.63,195198,9804142,5916785
3953,YORW,Utilities,Utilities - Regulated Water,NASDAQ,79.84,32,89.55,34,29.08,480120634.78341866,16209339.0,0.026400002,-15.22,134019,168626,184909
3954,SCL,Basic Materials,Specialty Chemicals,NYSE,79.84,32,86.52,25,49.19,1202216193.321556,22713323.0,0.024,-27.66,126097,150349,155107
3955,MSI,Technology,Communication Equipment,NYSE,79.8,32,83.45,18,393.28,63740641911.129395,165995582.0,0.0172,-20.1,1445384,1021891,1063036
3956,OXSQ,Financial Services,Asset Management,NASDAQ,79.8,32,84.18,20,1.65,170219303.24569094,93527087.0,0.0473,-34.0,3147208,1823819,1705115
3957,VEL,Financial Services,Mortgage Finance,NYSE,79.8,32,83.16,18,16.97,716016316.4551792,39255281.0,0.2,-20.68,101874,83244,104048
3958,HOMB,Financial Services,Banks - Regional,NYSE,79.79,32,89.09,32,25.68,5389823245.579874,201413423.0,0.0635,-16.7,1404211,1593953,1531898
3959,EMBJ,Industrials,Aerospace & Defense,NYSE,79.78,32,80.77,14,55.76,10697069614.467087,177958235.0,0.011,-30.95,2185796,1619608,1809941
3960,KPLT,Technology,Software - Infrastructure,NASDAQ,79.78,32,90.24,36,6.76,29629114.473971844,4402543.0,0.1873,-72.23,19853,16327,18736
3961,SRTS,Healthcare,Medical Devices,NASDAQ,79.74,32,83.48,18,3.61,50703140.46404457,16462059.0,0.028499998,-39.02,141143,68031,58374
3962,AYI,Industrials,Electrical Equipment & Parts,NYSE,79.74,32,92.6,47,281.63,8892347822.375977,30315168.0,0.0309,-25.92,306100,379473,423342
3963,SUIG,Financial Services,Credit Services,NASDAQ,79.73,32,109.52,88,1.6,123652626.62867391,76802873.0,0.0117999995,-81.52,491137,377422,347773
3964,DSGR,Industrials,Industrial Distribution,NASDAQ,79.71,32,91.12,40,26.95,1265747503.377943,46195165.0,0.0591,-20.27,61153,97261,153598
3965,KRRO,Healthcare,Biotechnology,NASDAQ,79.71,32,73.21,6,10.18,173791983.3008871,14422571.0,0.0845,-81.79,108525,118058,185249
3966,MLM,Basic Materials,Building Materials,NYSE,79.7,32,84.53,20,558.66,35449898735.19287,60045900.0,0.0318,-21.42,480635,457808,503581
3967,RIVN,Consumer Cyclical,Auto Manufacturers,NASDAQ,79.69,32,81.32,15,13.79,19095560666.124016,1342866407.0,0.1306,-39.22,30059659,26965823,28002645
3968,MHO,Consumer Cyclical,Residential Construction,NYSE,79.67,32,88.19,30,121.33,3397987791.8811035,25767710.0,0.0581,-23.65,187971,238440,238398
3969,AMTM,Industrials,Specialty Business Services,NYSE,79.67,32,79.3,12,22.98,5983730034.776993,243935176.0,0.0766,-39.7,2660286,1964008,1934613
3970,HAE,Healthcare,Medical Devices,NYSE,79.65,32,90.26,37,56.29,2561500762.363243,46471350.0,0.057800002,-35.54,1093456,792338,783689
3971,CR,Industrials,Specialty Industrial Machinery,NYSE,79.63,32,90.25,36,171.88,10470448208.462036,57745686.0,0.0164,-19.8,605821,594450,545574
3972,BANF,Financial Services,Banks - Regional,NASDAQ,79.63,32,89.18,33,106.8,3792406386.734253,33575976.0,0.0435,-23.04,130614,125641,145066
3973,MITQ,Technology,Communication Equipment,NYSE ARCA,79.62,32,92.85,48,0.59,6165971.347422004,9945115.0,0.0328,-64.46,170284,457454,289236
3974,TELO,Healthcare,Biotechnology,NASDAQ,79.62,32,91.9,44,1.26,89401882.02075839,68770681.0,0.05,-59.35,95302,185580,144486
3975,IDN,Technology,Software - Application,NASDAQ,79.62,32,54.51,1,4.14,149364265.1161766,20239060.0,0.0232,-54.41,913224,572054,546690
3976,FIP,Industrials,Conglomerates,NASDAQ,79.61,32,76.82,9,4.63,574274893.0765367,118163555.0,0.2343,-41.65,1371566,1081792,1030781
3977,MSTR,Technology,Software - Application,NASDAQ,79.61,32,112.79,91,177.42,65740515025.10156,350447872.0,0.113900006,-61.2,15867351,17987920,18585162
3978,GOF,Financial Services,Asset Management,NYSE,79.59,32,91.91,44,11.13,2442736839.465637,212043120.0,0.17,-26.78,1365316,1197752,1408425
3979,RCL,Consumer Cyclical,Travel Services,NYSE,79.59,32,88.53,31,260.29,73817983125.62842,268194978.0,0.0683,-28.98,2473556,2622008,2614687
3980,RCKT,Healthcare,Biotechnology,NASDAQ,79.58,32,85.88,24,3.25,396372595.36621,109193549.0,0.2146,-56.02,2121948,2195019,3388935
3981,SMG,Basic Materials,Agricultural Inputs,NYSE,79.57,32,83.94,19,56.63,3553752818.4943085,58181937.0,0.1078,-21.73,1044421,1013767,1014780
3982,TTGT,Technology,Information Technology Services,NASDAQ,79.57,32,100.12,77,5.19,441026595.4049878,72299443.0,0.1312,-45.2,892462,643257,549868
3983,PPG,Basic Materials,Specialty Chemicals,NYSE,79.55,32,87.13,27,102.64,24432069136.047363,222900000.0,0.0347,-23.08,1601472,1948890,2119502
3984,SBH,Consumer Cyclical,Specialty Retail,NYSE,79.55,32,78.58,11,11.9,1378678856.5200157,98266492.0,0.261,-33.59,2025353,1493227,1536124
3985,ADXN,Healthcare,Biotechnology,NASDAQ,79.54,32,98.77,74,7.1,8426866.507987976,1231998.0,0.0069,-41.08,3219,4959,4431
3986,IOT,Technology,Software - Infrastructure,NYSE,79.53,32,92.77,48,29.56,17270502539.864586,580716297.0,0.1029,-38.93,4735172,5630357,6661848
3987,ENOV,Healthcare,Medical Devices,NYSE,79.53,32,97.93,72,24.29,1526560257.9100685,57562603.0,0.17790002,-35.83,1367838,1004359,953753
3988,BIO,Healthcare,Medical Devices,NYSE,79.52,32,87.02,26,247.53,6806009799.367798,26761598.0,0.0,-27.86,405517,346015,332553
3989,TMCI,Healthcare,Medical Devices,NASDAQ,79.52,32,141.88,97,2.66,130216715.74216747,64784436.0,0.0935,-65.81,612862,872500,810614
3990,SEVN,Real Estate,REIT - Mortgage,NASDAQ,79.51,32,93.7,52,8.18,189807038.1802807,22596077.0,0.020599999,-36.39,80814,113814,104656
3991,USEG,Energy,Oil & Gas E&P,NASDAQ,79.51,32,95.64,65,0.97,49704406.92629188,52320429.0,0.0908,-64.73,2009099,9416216,8916921
3992,ATGL,Technology,Software - Infrastructure,NASDAQ,79.51,32,107.94,87,16.2,296160371.2320328,16462500.0,0.006,-67.6,10655,3918,3159
3993,LII,Industrials,Building Products & Equipment,NYSE,79.45,32,92.64,47,499.99,18139483320.0,34799968.0,0.056599997,-27.48,376534,474818,459670
3994,QNCX,Healthcare,Biotechnology,NASDAQ,79.38,32,81.29,15,1.15,20864946.733632088,16300740.0,0.12020001,-97.47,772242,7993212,5854841
3995,WFC,Financial Services,Banks - Diversified,NYSE,79.37,32,84.62,20,73.42,231472731458.36856,3060189494.0,0.0,-24.9,18703990,17260483,17663470
3996,NSP,Industrials,Staffing & Employment Services,NYSE,79.36,32,101.78,80,30.23,1243933647.204155,38169182.0,0.131,-58.15,697340,884663,1032744
3997,MMLP,Energy,Oil & Gas Midstream,NASDAQ,79.33,32,92.23,45,2.66,101724179.86877918,39124686.0,0.0052,-24.86,33391,21170,20828
3998,KLTR,Technology,Software - Application,NASDAQ,79.33,32,104.55,83,1.46,207517143.24295735,150374742.0,0.0219,-37.2,529379,472196,814303
3999,COF,Financial Services,Credit Services,NYSE,79.33,32,90.57,38,187.17,117912033864.1184,622292783.0,0.013200001,-27.91,4520934,4342964,4708836
4000,GXO,Industrials,Integrated Freight & Logistics,NYSE,79.32,31,78.98,11,48.18,5937657748.510086,115048589.0,0.0497,-27.93,2110993,1386251,1319454
4001,GEN,Technology,Software - Infrastructure,NASDAQ,79.32,31,109.73,88,23.45,13736454579.153915,605663774.0,0.0535,-27.22,9835148,7394886,7593109
4002,ADSK,Technology,Software - Application,NASDAQ,79.3,31,92.62,47,236.62,51625013869.5,211145251.0,0.024500001,-28.1,1811246,1865925,1907227
4003,HIT,Technology,Software - Application,NASDAQ,79.29,31,71.67,5,1.06,102226112.97036839,65529562.0,0.040599998,-73.63,223479,161623,384583
4004,LANV,Consumer Cyclical,Luxury Goods,NYSE,79.29,31,101.84,80,1.69,229232318.20049107,139775805.0,0.0034999999,-37.17,5548,17116,88501
4005,PSHG,Industrials,Marine Shipping,NASDAQ,79.27,31,83.68,19,1.71,21507633.577124596,12432158.0,0.0399,-33.72,65462,62930,100492
4006,WY,Real Estate,REIT - Specialty,NYSE,79.25,31,86.58,25,22.68,16966133084.870668,721042609.0,0.0324,-18.59,5568737,4912512,5206347
4007,CLVT,Technology,Information Technology Services,NYSE,79.24,31,92.39,46,2.42,1777021879.511869,639216510.0,0.1597,-49.27,4712567,5293795,5361637
4008,DHI,Consumer Cyclical,Residential Construction,NYSE,79.23,31,85.34,22,135.39,41864859651.85608,283579613.0,0.0708,-26.64,2166636,2510475,2624415
4009,A,Healthcare,Diagnostics & Research,NYSE,79.2,31,89.34,33,111.7,32674480667.730446,282602317.0,0.018,-30.31,2173664,1950178,2029066
4010,TM,Consumer Cyclical,Auto Manufacturers,NYSE,79.19,31,86.58,25,190.68,222055275027.5889,1184105351.0,0.00059999997,-23.39,506027,439355,378177
4011,GCMG,Financial Services,Asset Management,NASDAQ,79.19,31,92.9,48,10.65,685952733.6690855,60383165.0,0.0349,-19.44,451535,413051,573011
4012,NX,Industrials,Building Products & Equipment,NYSE,79.17,31,79.9,13,16.61,930252600.0,45938400.0,0.076,-27.72,286132,330304,463644
4013,CDTG,Industrials,Waste Management,NASDAQ,79.17,31,104.73,84,0.33,3827574.896812439,13525000.0,0.0055,-84.51,130041,94317,120062
4014,KVUE,Consumer Defensive,Household & Personal Products,NYSE,79.13,31,92.4,46,17.11,33772952763.090073,1920008668.0,0.0364,-30.48,23356090,19023213,19750912
4015,TBBK,Financial Services,Banks - Regional,NASDAQ,79.13,31,87.05,27,54.23,2373163023.0,41634439.0,0.1248,-33.58,511036,443738,479613
4016,GERN,Healthcare,Biotechnology,NASDAQ,79.11,31,74.35,7,1.29,891714144.6829689,641520974.0,0.1283,-35.82,19645325,17711585,18549731
4017,LMNR,Consumer Defensive,Farm Products,NASDAQ,79.11,31,93.1,49,13.01,233216577.83216763,18106877.0,0.0304,-24.32,75982,66024,82610
4018,EL,Consumer Defensive,Household & Personal Products,NYSE,79.06,31,93.92,54,80.28,31186720568.88954,361794915.0,0.0375,-34.0,3301474,3667458,4575062
4019,OSK,Industrials,Farm & Heavy Construction Machinery,NYSE,79.01,31,73.5,6,120.39,8643707579.046051,62649181.0,0.051,-33.3,1022080,711863,681908
4020,LFWD,Healthcare,Medical Devices,NASDAQ,79.01,31,92.57,47,6.7,17505086.02997303,2778585.0,0.0383,-62.27,7558,7849,10055
4021,DB,Financial Services,Banks - Regional,NYSE,79.0,31,91.03,40,30.9,61355157383.01879,1913163641.0,0.0025,-23.57,2338530,2918660,3349668
4022,UFPT,Healthcare,Medical Devices,NASDAQ,78.99,31,99.49,76,213.95,1783751310.061264,7736939.0,0.1815,-22.18,279436,227575,214641
4023,CBRE,Real Estate,Real Estate Services,NYSE,78.98,31,86.03,24,129.95,42847850541.23317,292816579.0,0.0123000005,-25.43,2123933,1976174,2078122
4024,GENK,Consumer Cyclical,Restaurants,NASDAQ,78.96,31,125.42,95,2.18,12553650.259534836,5364808.0,0.1421,-58.56,65204,38321,49016
4025,VALU,Financial Services,Financial Data & Stock Exchanges,NASDAQ,78.95,31,88.23,30,33.18,326112663.8761673,9387238.0,0.0127,-19.07,1289,1769,1755
4026,SLRC,Financial Services,Asset Management,NASDAQ,78.93,31,81.04,14,13.23,735942000.1734352,54554634.0,0.0117999995,-23.08,864457,521495,448197
4027,BBAI,Technology,Information Technology Services,NYSE,78.92,31,97.73,71,4.08,2002008618.782878,478949450.0,0.2516,-56.55,42155848,35863812,34888789
4028,INSM,Healthcare,Biotechnology,NASDAQ,78.91,31,71.59,5,109.14,21967860578.112007,216752451.0,0.072399996,-48.7,5707769,3061776,2859495
4029,HGTY,Financial Services,Insurance - Property & Casualty,NYSE,78.9,31,90.76,39,10.44,1024130637.4779224,101802246.0,0.018099999,-25.43,193350,165376,178436
4030,GANX,Healthcare,Biotechnology,NASDAQ,78.87,31,87.0,26,1.75,77630351.39729333,42654038.0,0.0802,-59.68,439766,518782,650081
4031,MA,Financial Services,Credit Services,NYSE,78.86,31,92.23,45,494.2,437798138182.7422,883583855.0,0.0074,-17.88,3834309,3538483,3474703
4032,BV,Industrials,Specialty Business Services,NYSE,78.85,31,97.1,70,12.57,1208804024.887085,93200000.0,0.2357,-26.51,949494,599471,608072
4033,CPZ,Financial Services,Asset Management,NASDAQ,78.85,31,88.98,32,13.01,267783132.9001789,19632194.0,0.0029,-22.65,79770,89293,90494
4034,BDN,Real Estate,REIT - Office,NYSE,78.85,31,97.36,70,2.99,540243819.7269022,173711845.0,0.074,-35.42,1659498,2049709,2484461
4035,XRTX,Healthcare,Biotechnology,NASDAQ,78.82,31,100.02,77,2.59,4316093.670987129,1546987.0,0.0293,-63.26,43342,2571287,1546770
4036,BOX,Technology,Software - Infrastructure,NYSE,78.79,31,95.81,66,24.67,3560923128.254217,138449581.0,0.1429,-36.42,2145265,2182468,2278977
4037,TMO,Healthcare,Diagnostics & Research,NYSE,78.77,31,84.2,20,438.34,172803981225.0,371621465.0,0.012200001,-31.93,2611007,2207932,2152165
4038,PGR,Financial Services,Insurance - Property & Casualty,NYSE,78.77,31,93.73,53,199.73,113361274016.0,584336464.0,0.0137,-31.12,2756654,2611044,2821672
4039,CG,Financial Services,Asset Management,NASDAQ,78.75,31,90.08,36,48.02,18218659789.169746,359839214.0,0.0543,-31.25,3618808,3321392,3317689
4040,YALA,Technology,Software - Application,NYSE,78.75,31,90.85,39,6.56,1065839485.8440919,151828987.0,0.0278,-29.39,239398,267049,304517
4041,SMRT,Technology,Software - Application,NYSE,78.71,31,72.13,6,1.12,215978638.19952357,192838069.0,0.0156,-49.09,1639434,971758,933332
4042,CTKB,Healthcare,Medical Devices,NASDAQ,78.68,31,70.82,5,3.4,595347343.3123956,129142587.0,0.0795,-44.98,1234990,787120,778450
4043,ASPS,Real Estate,Real Estate Services,NASDAQ,78.68,31,92.7,47,6.41,76245697.82154655,11278949.0,0.0543,-59.84,17781,19603,24362
4044,BZH,Consumer Cyclical,Residential Construction,NYSE,78.66,31,96.48,68,22.12,513055907.7624321,27333825.0,0.0767,-21.92,1391377,725209,595777
4045,CRBG,Financial Services,Asset Management,NYSE,78.64,31,95.4,64,27.56,12473381290.588198,456733121.0,0.108,-24.64,10317562,7206997,6391192
4046,LOPE,Consumer Defensive,Education & Training Services,NASDAQ,78.63,31,89.32,33,157.86,4403759325.541748,26514296.0,0.0471,-29.22,299331,265457,257420
4047,TLSA,Healthcare,Biotechnology,NASDAQ,78.61,31,96.79,69,1.37,201069432.4413694,127259131.0,0.0150999995,-47.31,164375,166568,159625
4048,FORR,Industrials,Consulting Services,NASDAQ,78.57,31,104.44,83,6.6,131738382.7154932,19175893.0,0.3229,-42.96,54931,77467,98412
4049,BLFS,Healthcare,Medical Instruments & Supplies,NASDAQ,78.56,31,93.08,49,20.76,1076817471.3302994,48857415.0,0.097200006,-29.91,369300,371486,394968
4050,FDP,Consumer Defensive,Farm Products,NYSE,78.54,31,74.32,7,32.49,1751295042.6265297,47576609.0,0.0579,-25.45,477735,311735,322801
4051,NHS,Financial Services,Asset Management,NYSE ARCA,78.54,31,88.5,31,6.26,203941354.94429493,31569869.0,0.041100003,-19.74,194677,221959,331963
4052,SNN,Healthcare,Medical Devices,NYSE,78.49,31,84.92,21,29.54,12783396286.991306,426824573.0,0.0072000003,-23.85,1500410,1243010,1029138
4053,WDFC,Basic Materials,Specialty Chemicals,NASDAQ,78.49,31,88.55,31,201.37,2799396427.162628,13455402.0,0.066599995,-20.48,134785,188045,180039
4054,GTIM,Consumer Cyclical,Restaurants,NASDAQ,78.48,31,93.79,53,1.24,13302948.859312057,10557896.0,0.0058,-40.67,18962,28497,26306
4055,EQH,Financial Services,Asset Management,NYSE,78.48,31,96.37,68,42.58,11992725584.435501,281519390.0,0.0001,-24.78,4571567,4021135,4163069
4056,FRSH,Technology,Software - Application,NASDAQ,78.47,31,102.02,80,8.96,2440913673.519747,276434167.0,0.0845,-44.49,12114005,10779051,8635197
4057,BSET,Consumer Cyclical,"Furnishings, Fixtures & Appliances",NASDAQ,78.47,31,90.37,37,14.07,122098943.0904026,8647234.0,0.0378,-28.76,23076,30282,32527
4058,ULTA,Consumer Cyclical,Specialty Retail,NASDAQ,78.46,31,83.05,17,494.28,22812152744.43219,43736631.0,0.047,-30.87,697413,658177,787540
4059,BMRN,Healthcare,Biotechnology,NASDAQ,78.45,30,87.85,29,51.81,10448956983.715782,193284438.0,0.052699998,-21.83,2204129,1709736,1843203
4060,UHAL,Industrials,Rental & Leasing Services,NYSE,78.45,30,90.93,39,48.67,10034631563.623352,189977880.0,0.1873,-28.05,186919,214999,237431
4061,MDWD,Healthcare,Biotechnology,NASDAQ,78.44,30,91.36,41,16.41,212961861.42780304,12852255.0,0.1456,-27.08,75853,77117,83198
4062,NEPH,Healthcare,Medical Instruments & Supplies,NASDAQ,78.43,30,92.64,47,3.13,38215041.71292782,10856546.0,0.004,-51.25,44439,30329,37953
4063,GTN,Communication Services,Broadcasting,NYSE,78.43,30,75.45,8,4.15,444857502.31167793,102738455.0,0.0001,-35.56,1804788,1302996,1349275
4064,VRTS,Financial Services,Asset Management,NYSE,78.43,30,96.73,69,138.02,963685424.9105835,6695515.0,0.059899997,-35.82,95621,104133,107952
4065,ZKH,Consumer Cyclical,Internet Retail,NYSE,78.38,30,86.63,25,2.91,477829377.0,159276459.0,0.0002,-25.38,397300,288650,196496
4066,NSIT,Technology,Electronics & Computer Distribution,NASDAQ,78.37,30,112.62,91,88.9,2530786233.082512,30203917.0,0.0718,-40.17,846734,550244,512426
4067,GLOO,Technology,Software - Application,NASDAQ,78.37,30,89.06,32,5.99,528554211.22961664,80572289.0,1.91,-39.98,40703,112481,96398
4068,VVV,Consumer Cyclical,Auto & Truck Dealerships,NYSE,78.35,30,89.88,35,32.39,4542834997.756771,127536079.0,0.1301,-21.63,3316654,2393291,2148186
4069,FIZZ,Consumer Defensive,Beverages - Non-Alcoholic,NASDAQ,78.35,30,94.01,55,34.4,3290232042.2714996,93632103.0,0.1252,-28.17,281446,230522,245023
4070,TSLX,Financial Services,Asset Management,NYSE,78.33,30,87.19,27,17.73,1704651674.7459412,95019600.0,0.090500005,-29.56,1084541,748580,864008
4071,LNC,Financial Services,Insurance - Life,NYSE,78.32,30,87.23,27,34.37,6845432306.715908,191213197.0,0.0001,-26.59,2272880,1796033,2082890
4072,MGNI,Communication Services,Advertising Agencies,NASDAQ,78.31,30,93.67,52,12.82,2039868508.1011906,144364366.0,0.08939999,-51.89,3362738,2471842,2246993
4073,YQ,Consumer Defensive,Education & Training Services,NASDAQ,78.29,30,111.28,90,2.49,24215692.5,9686277.0,0.0002,-61.4,14793,9714,7558
4074,POLA,Industrials,Electrical Equipment & Parts,NASDAQ,78.23,30,88.52,31,1.63,6879900.457927108,3640159.0,0.044899996,-71.65,174939,296783,1777285
4075,COIN,Financial Services,Financial Data & Stock Exchanges,NASDAQ,78.21,30,100.59,78,195.43,52996238831.55429,263453161.0,0.1282,-56.05,11363720,10236226,10777666
4076,RCS,Financial Services,Asset Management,NYSE,78.21,30,93.78,53,5.42,264978473.72722626,46982000.0,1.74,-32.25,150947,152739,160637
4077,RAND,Financial Services,Asset Management,NASDAQ,78.21,30,92.54,47,10.92,32519462.733552933,2969814.0,0.0,-45.4,2677,2752,3453
4078,KTB,Consumer Cyclical,Apparel Manufacturing,NYSE,78.16,30,82.38,16,61.76,4094469682.2791214,55593613.0,0.0988,-29.01,1055079,733913,786031
4079,BHC,Healthcare,Drug Manufacturers - Specialty & Generic,NYSE,78.16,30,89.63,34,5.42,2147484953.0,373475644.0,0.021,-37.63,1605451,1605797,1623934
4080,MVO,Energy,Oil & Gas E&P,NYSE,78.14,30,94.1,56,2.13,23689999.34196472,11500000.0,0.1305,-65.97,203487,311812,324083
4081,GPN,Industrials,Specialty Business Services,NYSE,78.14,30,91.5,42,67.58,18916327404.362732,273396831.0,0.0544,-25.44,3685592,3042114,3299006
4082,NFLX,Communication Services,Entertainment,NASDAQ,78.13,30,88.58,31,87.02,368402754219.4839,4210798528.0,0.0186,-35.12,36272132,40033610,39440476
4083,YI,Healthcare,Medical Distribution,NASDAQ,78.12,30,82.94,17,5.79,53221633.877887726,8796964.0,2.28,-48.16,15248,11642,13275
4084,AZ,Technology,Software - Application,NASDAQ,78.1,30,76.06,8,5.88,318051358.31259966,44545009.0,0.0954,-52.43,886018,548009,492827
4085,ECL,Basic Materials,Specialty Chemicals,NYSE,78.06,30,86.38,25,247.62,71547042101.99164,281437502.0,0.0134000005,-19.93,1675833,1447187,1552196
4086,TOON,Communication Services,Entertainment,NYSE ARCA,78.04,30,92.15,45,0.63,37512346.66610563,58889082.0,0.0172,-32.19,270050,270936,243958
4087,GIFT,Communication Services,Internet Content & Information,NASDAQ,78.02,30,85.49,23,0.99,27427165.57976508,33652964.0,0.0013,-52.4,66445,78178,95263
4088,MGEE,Utilities,Utilities - Regulated Electric,NASDAQ,77.96,30,87.51,28,74.39,2780031329.24662,37746521.0,0.0163,-20.86,478829,282443,279665
4089,AGIO,Healthcare,Biotechnology,NASDAQ,77.96,30,86.76,26,28.17,1652716068.5578842,59471609.0,0.12060001,-38.76,843305,1184658,1094411
4090,GAME,Communication Services,Electronic Gaming & Multimedia,NASDAQ,77.9,30,100.25,77,0.39,44304882.55626604,93470215.0,0.0917,-86.41,2078795,15672935,9708505
4091,OC,Industrials,Building Products & Equipment,NYSE,77.9,30,89.5,34,114.08,9797880425.278244,80528319.0,0.0641,-28.44,1402489,1165566,1323553
4092,INSE,Consumer Cyclical,Gambling,NASDAQ,77.89,30,93.9,54,7.34,215394202.1122408,27059573.0,0.0513,-26.23,92787,98172,135703
4093,SMMT,Healthcare,Biotechnology,NASDAQ,77.84,30,89.91,35,16.87,14033020562.38349,776162645.0,0.256,-45.55,3474852,4316620,3661344
4094,DNOW,Industrials,Industrial Distribution,NYSE,77.83,30,93.1,49,13.14,2385875955.1713867,182545984.0,0.073,-23.87,4033290,3244853,3238046
4095,MAIN,Financial Services,Asset Management,NYSE,77.81,30,86.19,24,50.45,4866561771.072033,90104831.0,0.1013,-25.56,878941,728713,836184
4096,CTRM,Industrials,Marine Shipping,NASDAQ,77.79,30,90.7,38,1.91,19421331.44785261,9662354.0,0.0013,-28.03,28583,41437,44350
4097,WAL,Financial Services,Banks - Regional,NYSE,77.78,30,87.71,28,74.42,8900092985.61763,108670242.0,0.00029999999,-23.46,1234079,1073306,1352119
4098,AMT,Real Estate,REIT - Specialty,NYSE,77.75,30,88.8,32,170.63,82244102901.85287,465893069.0,0.016900001,-27.18,2875181,2959727,3131762
4099,BTCS,Financial Services,Capital Markets,NASDAQ,77.74,30,95.73,65,1.83,105523780.82366085,49775371.0,0.08189999,-78.45,1163990,960406,844948
4100,PHM,Consumer Cyclical,Residential Construction,NYSE,77.74,30,84.11,19,110.11,22391671376.468216,190486353.0,0.0466,-23.8,1920520,1969456,1957158
4101,DT,Technology,Software - Application,NYSE,77.74,30,97.11,70,38.36,12270572859.717297,301488271.0,0.042600002,-33.34,8035087,6942949,7166711
4102,GRBK,Consumer Cyclical,Residential Construction,NYSE,77.73,30,85.22,22,62.0,2851537685.4635925,43146283.0,0.0001,-23.43,218495,204895,215637
4103,BAM,Financial Services,Asset Management,NYSE,77.73,30,93.67,52,47.92,81516271639.7945,1638188794.0,0.0434,-25.24,3559439,3374039,3767077
4104,CGC,Healthcare,Drug Manufacturers - Specialty & Generic,NASDAQ,77.69,30,89.26,33,1.04,469329123.79847467,422819025.0,0.0636,-56.3,6379584,12815041,10436032
4105,OXLC,Financial Services,Asset Management,NASDAQ,77.65,30,94.66,60,9.97,993568029.7851562,97600000.0,0.044699997,-59.96,897533,927021,1277920
4106,TPB,Consumer Defensive,Tobacco,NYSE,77.64,30,98.11,72,89.56,1809314990.816986,19367534.0,0.0732,-39.03,543309,502846,504367
4107,KFS,Consumer Cyclical,Auto & Truck Dealerships,NYSE,77.63,30,90.89,39,10.76,341570640.721138,28946664.0,0.0766,-35.95,54080,78403,83238
4108,NVO,Healthcare,Drug Manufacturers - General,NYSE,77.63,30,99.22,75,44.74,204221445230.7412,4432851022.0,0.0053,-45.06,17158826,16961958,17331597
4109,T,Communication Services,Telecom Services,NYSE,77.6,30,83.72,19,24.03,174820204028.36765,6948338835.0,0.017,-19.34,34362628,36307732,39337057
4110,BRFH,Consumer Defensive,Beverages - Non-Alcoholic,NASDAQ,77.6,30,85.07,22,2.45,38905838.795607805,16143501.0,0.0026,-59.7,7447,8129,8335
4111,BILL,Technology,Software - Application,NYSE,77.56,30,93.81,53,40.07,4139515386.4019775,98960440.0,0.1784,-29.96,3175153,2137531,2093778
4112,FRPH,Real Estate,Real Estate Services,NASDAQ,77.54,30,93.97,54,21.94,405250300.19966125,19169835.0,0.0166,-22.61,105814,66574,73270
4113,TPCS,Industrials,Metal Fabrication,NASDAQ,77.5,30,96.99,69,4.0,41046460.24524498,10011332.0,0.0018000001,-36.0,27112,44154,55258
4114,JBTM,Industrials,Specialty Industrial Machinery,NYSE,77.48,30,92.43,46,125.41,7260856224.501648,52067812.0,0.0505,-26.31,679423,507924,588308
4115,RAVE,Consumer Cyclical,Restaurants,NASDAQ,77.45,29,90.92,39,2.62,39792386.92233968,14211567.0,0.0026,-30.13,111865,96201,73135
4116,XFLT,Financial Services,Asset Management,NYSE,77.45,29,99.05,74,19.11,292585920.8356781,15230918.0,0.0014,-34.78,95640,93943,126164
4117,CWCO,Utilities,Utilities - Regulated Water,NASDAQ,77.45,29,81.25,14,28.97,526726225.5027771,16000190.0,0.0251,-25.95,107061,143150,171322
4118,MCD,Consumer Cyclical,Restaurants,NYSE,77.43,29,86.05,24,276.39,195921990619.25,710505859.0,0.012999999,-19.13,4613897,3640709,3449459
4119,LOCL,Consumer Defensive,Farm Products,NYSE,77.41,29,101.3,79,1.88,34876652.287824154,22795198.0,0.075100005,-52.94,99898,2923716,1775587
4120,ASPI,Basic Materials,Chemicals,NASDAQ,77.41,29,109.99,89,5.8,677360559.268506,125903447.0,0.23030001,-59.97,4424085,4177845,4806635
4121,STKE,Financial Services,Capital Markets,NASDAQ,77.41,29,163.54,98,2.03,61618822.655023456,33671487.0,0.0038,-91.68,431316,259508,283353
4122,SIG,Consumer Cyclical,Luxury Goods,NYSE,77.4,29,81.91,15,75.99,3551751998.059067,40684443.0,0.2224,-31.04,739577,747475,963583
4123,BRNS,Healthcare,Biotechnology,NASDAQ,77.37,29,102.47,81,0.68,27368758.991739452,40848893.0,0.00029999999,-76.71,21805,19911,25483
4124,JYNT,Healthcare,Medical Care Facilities,NASDAQ,77.37,29,87.51,28,8.23,123985811.68305874,14267643.0,0.20879999,-38.9,87676,52128,68855
4125,DG,Consumer Defensive,Discount Stores,NYSE,77.36,29,77.95,10,102.38,24949439994.423218,220226320.0,0.0424,-35.3,3975655,3184321,3432775
4126,PMT,Real Estate,REIT - Mortgage,NYSE,77.35,29,80.16,13,10.28,959225982.0,87202362.0,0.058000002,-25.56,1260408,1197416,1153211
4127,BMRA,Healthcare,Medical Devices,NASDAQ,77.35,29,99.65,76,2.34,6860397.268413305,3090269.0,0.0223,-49.13,25215,19011,24003
4128,GLBE,Consumer Cyclical,Internet Retail,NASDAQ,77.31,29,82.26,16,27.89,5005428123.651051,167967391.0,0.040799998,-35.45,2292346,1473532,1318815
4129,OFIX,Healthcare,Medical Devices,NASDAQ,77.3,29,92.59,47,12.01,470912230.38036346,40421652.0,0.0374,-29.31,400392,283450,282590
4130,FLX,Industrials,Integrated Freight & Logistics,NASDAQ,77.27,29,85.57,23,2.44,187943863.81805182,73129910.0,1.57,-45.17,198846,172862,177427
4131,CARL,Healthcare,Health Information Services,NASDAQ,77.26,29,103.22,82,11.01,266412348.58511448,27184933.0,0.0563,-35.95,179424,140334,127646
4132,FCN,Industrials,Consulting Services,NYSE,77.24,29,77.27,10,143.76,4940608463.715363,30144043.0,0.0785,-24.06,732680,466663,446830
4133,SMA,Real Estate,REIT - Industrial,NYSE,77.24,29,88.21,30,29.64,1869616117.255249,57420640.0,0.086899996,-25.47,682393,623951,873784
4134,ACH,Healthcare,Medical Distribution,NYSE,77.22,29,90.9,39,2.91,273647737.02824974,76437917.0,0.1109,-69.53,1176112,873647,864516
4135,WVVIP,Consumer Defensive,Beverages - Wineries & Distilleries,NASDAQ,77.19,29,88.48,30,2.72,,,0.03,-24.02,1704,1981,2526
4136,SNAP,Communication Services,Internet Content & Information,NYSE,77.18,29,94.3,57,5.53,10075538352.288654,1657160934.0,0.105,-46.88,52022691,54196017,53205702
4137,SARO,Industrials,Aerospace & Defense,NYSE,77.18,29,90.56,38,25.25,8357088173.18573,332421972.0,0.1122,-26.77,4984164,4090521,4104822
4138,SGA,Communication Services,Broadcasting,NASDAQ,77.18,29,83.87,19,10.11,69204337.83220768,6372407.0,0.0041,-29.15,15399,10463,9749
4139,IRS,Real Estate,Real Estate Services,NYSE,77.17,29,84.17,20,13.37,1143947284.485323,82062218.0,0.0001,-30.15,204419,175566,194219
4140,MAX,Communication Services,Internet Content & Information,NYSE,77.17,29,85.73,23,8.06,492506213.48923206,54062155.0,0.0995,-42.1,553955,581665,596025
4141,NMG,Basic Materials,Other Industrial Metals & Mining,NYSE,77.17,29,83.04,17,1.92,671393220.6452847,329114330.0,4.34,-68.32,1006723,1353504,1111504
4142,SKYH,Real Estate,Real Estate - Development,NYSE,77.14,29,80.82,14,8.67,342023806.63131714,34443484.0,0.1279,-31.57,218590,139260,149588
4143,BMA,Financial Services,Banks - Regional,NYSE,77.12,29,87.92,29,70.8,4698240139.039078,63939030.0,0.021300001,-33.3,275811,298373,333276
4144,AIRI,Industrials,Aerospace & Defense,NYSE ARCA,77.11,29,80.01,13,2.71,14534403.977617264,4781054.0,0.0042,-35.01,26179,27373,42335
4145,CNNE,Consumer Cyclical,Restaurants,NYSE,77.09,29,94.73,61,13.15,627488961.5843372,44220506.0,0.1247,-40.12,557337,535892,660573
4146,AAME,Financial Services,Insurance - Life,NASDAQ,77.06,29,84.57,20,2.25,51808958.3419075,20397228.0,0.002,-39.35,7614,10008,10612
4147,ACET,Healthcare,Biotechnology,NASDAQ,77.01,29,94.7,61,7.68,79927120.33302784,9348201.0,0.074200004,-55.96,103102,133634,124572
4148,OPFI,Financial Services,Credit Services,NYSE,76.99,29,92.62,47,8.61,796718997.3250122,85393248.0,0.1122,-42.71,865668,577729,551375
4149,TDG,Industrials,Aerospace & Defense,NYSE,76.99,29,90.3,37,1148.97,67963775573.621216,55933583.0,0.024400001,-29.24,406907,378935,401851
4150,OPAL,Utilities,Utilities - Regulated Gas,NASDAQ,76.94,29,79.07,12,1.94,68911624.3009758,30357544.0,0.0556,-52.45,239429,167446,218965
4151,SONY,Technology,Consumer Electronics,NYSE,76.93,29,99.88,76,22.31,119039492914.50378,5907667254.0,0.002,-26.47,10613274,6819718,6084748
4152,PINS,Communication Services,Internet Content & Information,NYSE,76.92,29,98.27,73,19.47,11914546601.709675,560157327.0,0.18879999,-51.24,26119653,17347221,18148164
4153,CSL,Industrials,Building Products & Equipment,NYSE,76.9,29,86.77,26,330.82,14583209332.390137,40465076.0,0.0775,-24.11,372229,406543,422281
4154,KMTS,Healthcare,Medical Instruments & Supplies,NASDAQ,76.9,29,85.03,22,19.82,1228759036.114666,58373353.0,0.1175,-33.93,278442,260630,377008
4155,DLO,Technology,Software - Infrastructure,NASDAQ,76.88,29,78.81,11,11.01,4040567740.9461937,294931956.0,0.1168,-34.39,2818033,1971694,1938766
4156,NMAX,Communication Services,Broadcasting,NYSE,76.86,29,111.09,90,7.2,818737824.4049644,129138455.0,0.94089997,-73.81,1270386,2341188,1772189
4157,CLPS,Technology,Information Technology Services,NASDAQ,76.86,29,86.39,25,0.89,26857644.488515377,29841828.0,0.0013,-52.66,26497,19875,19139
4158,AGO,Financial Services,Insurance - Specialty,NYSE,76.84,29,85.51,23,74.88,3366867119.506897,44861652.0,0.0484,-18.96,600369,431223,386125
4159,III,Technology,Information Technology Services,NASDAQ,76.81,29,92.36,46,4.12,192604335.82136822,47674341.0,0.020499999,-36.12,308723,226091,249520
4160,SERV,Industrials,Specialty Industrial Machinery,NASDAQ,76.79,29,83.89,19,8.24,663802886.9382133,75690177.0,0.2917,-55.79,4842349,3720976,4075351
4161,ZTEK,Healthcare,Medical Instruments & Supplies,NASDAQ,76.78,29,121.55,94,0.69,80657666.25,107543555.0,0.00090000004,-59.88,278438,174646,126441
4162,JBLU,Industrials,Airlines,NASDAQ,76.77,29,84.67,21,4.58,1901016598.009881,372018894.0,0.21190001,-29.54,24510159,26992916,29146799
4163,ACI,Consumer Defensive,Grocery Stores,NYSE,76.76,29,90.75,38,16.4,7922448395.220085,494534842.0,0.1243,-28.01,5551796,6821455,6572925
4164,ALGS,Healthcare,Biotechnology,NASDAQ,76.75,29,78.27,10,5.71,39852156.47409296,6188223.0,0.0525,-58.29,150590,346753,225288
4165,WRD,Technology,Software - Application,NASDAQ,76.75,29,86.75,26,7.14,2514113494.2624893,334768764.0,0.048299998,-43.11,3031029,2473619,4362039
4166,GNE,Utilities,Utilities - Regulated Electric,NYSE,76.71,29,88.73,31,13.36,381223468.8419018,26400518.0,0.0202,-53.07,69531,56847,59288
4167,CLPT,Healthcare,Medical Devices,NASDAQ,76.71,29,98.83,74,11.64,384420715.96899414,29986016.0,0.1607,-61.33,673379,539316,657799
4168,WB,Communication Services,Internet Content & Information,NASDAQ,76.69,29,89.29,33,8.12,2085760080.0500107,245672572.0,0.16950001,-37.35,1259961,1154357,1195230
4169,BRC,Industrials,Security & Protection Services,NYSE,76.67,29,79.12,12,70.96,3699372381.347122,47228039.0,0.0116,-28.53,336585,287931,255371
4170,IDCC,Technology,Software - Application,NASDAQ,76.65,29,75.5,8,260.37,7226528180.100708,25845029.0,0.1263,-36.9,423872,349847,450614
4171,QCLS,Technology,Computer Hardware,NASDAQ,76.64,29,110.03,89,4.33,29607427.18020773,7853429.0,0.1735,-87.11,791808,510832,739415
4172,NAII,Consumer Defensive,Packaged Foods,NASDAQ,76.61,29,88.35,30,2.66,16491997.731250763,6176778.0,0.0011,-46.37,13903,18701,24362
4173,VTS,Energy,Oil & Gas E&P,NYSE,76.59,29,91.57,42,18.5,742898249.1631622,41712424.0,0.1424,-31.86,486805,512868,544649
4174,NGVC,Consumer Defensive,Grocery Stores,NYSE,76.59,29,95.98,66,28.39,608507154.7442551,23040786.0,0.062,-53.63,153467,127225,130811
4175,DECK,Consumer Cyclical,Footwear & Accessories,NYSE,76.57,29,84.19,20,93.56,14254615827.90184,141949971.0,0.0364,-29.88,1960578,1685552,1904159
4176,NNE,Industrials,Specialty Industrial Machinery,NASDAQ,76.55,28,99.92,76,24.92,1429683742.4863243,52083195.0,0.2143,-59.06,2904078,2409929,2230407
4177,RYN,Real Estate,REIT - Specialty,NYSE,76.52,28,86.94,26,19.82,6160210118.676001,301675323.0,0.032,-27.51,2818138,2304592,2627677
4178,CCL,Consumer Cyclical,Travel Services,NYSE,76.51,28,84.36,20,24.64,36539980878.8046,1385139577.0,0.0375,-27.59,35340466,27931998,29463565
4179,PHI,Communication Services,Telecom Services,NYSE,76.49,28,86.75,26,19.26,4491945139.457401,218799074.0,0.00090000004,-21.42,97615,97828,144949
4180,ASR,Industrials,Airports & Air Services,NYSE,76.48,28,84.1,19,296.14,9279608707.028076,30032069.0,0.0087,-22.38,78206,67082,72047
4181,SUNS,Real Estate,REIT - Mortgage,NASDAQ,76.42,28,94.26,57,7.93,103154976.82720184,13519656.0,0.0637,-32.68,101938,99312,111929
4182,CLNE,Energy,Oil & Gas Refining & Marketing,NASDAQ,76.42,28,79.2,12,2.03,486696449.5409031,220224634.0,0.0352,-34.73,1531347,1327945,1412205
4183,AZO,Consumer Cyclical,Auto Parts,NYSE,76.41,28,87.18,27,3321.15,57753561642.08984,16519000.0,0.0234,-24.31,264533,233321,191914
4184,AUNA,Healthcare,Medical Care Facilities,NYSE,76.4,28,85.59,23,4.8,375465575.39261055,74056324.0,0.0299,-33.33,258682,233094,369486
4185,MIR,Industrials,Specialty Industrial Machinery,NYSE,76.38,28,85.68,23,18.17,4646012028.82275,244655718.0,0.1308,-39.99,3303689,3607946,3707179
4186,APOG,Industrials,Building Products & Equipment,NASDAQ,76.38,28,89.24,33,34.01,777740043.430275,21220737.0,0.031600002,-31.97,159480,206920,271024
4187,LI,Consumer Cyclical,Auto Manufacturers,NASDAQ,76.36,28,96.09,67,18.51,18379065708.0,1021059206.0,0.040900003,-42.2,3613946,3018582,3291485
4188,ZBH,Healthcare,Medical Devices,NYSE,76.33,28,88.23,30,83.7,15927766497.300385,193462482.0,0.0684,-22.71,2190009,2468556,2330957
4189,LOW,Consumer Cyclical,Home Improvement Retail,NYSE,76.3,28,84.43,20,218.42,128366413366.42369,560062893.0,0.024,-25.47,2679908,2511936,2600269
4190,SLP,Healthcare,Health Information Services,NASDAQ,76.29,28,92.72,48,13.34,337027445.92622375,20205482.0,0.086,-60.78,517525,453068,348505
4191,GGG,Industrials,Specialty Industrial Machinery,NYSE,76.28,28,84.68,21,75.72,12877470245.636383,165968177.0,0.0275,-20.87,1577744,1371768,1247486
4192,BZUN,Consumer Cyclical,Internet Retail,NASDAQ,76.28,28,84.83,21,2.46,159853069.75,58128389.0,0.0125,-49.59,291548,409342,383355
4193,VREX,Healthcare,Medical Devices,NASDAQ,76.25,28,77.66,10,9.66,414299944.3344784,42146485.0,0.037100002,-33.68,678051,397983,354676
4194,MTR,Energy,Oil & Gas E&P,NYSE,76.25,28,82.57,16,4.17,7957529.264454842,1863590.0,0.0033000002,-59.98,8044,7098,12942
4195,BROS,Consumer Cyclical,Restaurants,NYSE,76.22,28,89.7,35,51.01,7231422980.016403,137192622.0,0.65709996,-34.5,5766707,4662825,4255213
4196,RHI,Industrials,Staffing & Employment Services,NYSE,76.21,28,91.07,40,25.12,2764995780.9094334,102293589.0,0.3809,-48.25,1857403,2712777,2913778
4197,IIF,Financial Services,Asset Management,NYSE,76.21,28,91.17,41,21.48,214246926.9829731,9534799.0,0.0004,-24.29,38733,35417,42704
4198,WSM,Consumer Cyclical,Specialty Retail,NYSE,76.2,28,84.35,20,168.64,21440940925.644226,117742670.0,0.0793,-24.04,1104038,1048629,1247913
4199,VLTO,Industrials,Pollution & Treatment Controls,NYSE,76.19,28,89.39,33,84.83,21327839360.028625,245599266.0,0.0179,-22.96,2080152,1962454,1977004
4200,IMCR,Healthcare,Biotechnology,NASDAQ,76.18,28,87.69,28,28.05,1504603675.0392647,50865574.0,0.2141,-31.11,231303,371374,379552
4201,SIBN,Healthcare,Medical Devices,NASDAQ,76.17,28,97.43,71,14.16,542870403.3031654,44243715.0,0.1223,-35.31,1153434,831194,737036
4202,VS,Technology,Software - Application,NASDAQ,76.15,28,92.97,49,1.16,5980046.080238104,4901677.0,0.006,-59.01,34002,171460,108444
4203,CEG,Utilities,Utilities - Independent Power Producers,NASDAQ,76.12,28,85.28,22,267.2,110003533028.37695,362294672.0,0.0318,-35.26,3754136,3025885,3051187
4204,SMID,Basic Materials,Building Materials,NASDAQ,76.11,28,88.56,31,30.7,184668075.1514206,5306554.0,0.0523,-29.68,9448,9802,9379
4205,EOSE,Industrials,Electrical Equipment & Parts,NASDAQ,76.1,28,109.71,88,7.86,2719417681.926029,339502822.0,0.3055,-60.42,39397152,31248267,25648770
4206,MCI,Financial Services,Asset Management,NYSE,76.1,28,88.21,30,17.21,353353387.85795593,20555752.0,0.0002,-25.17,52074,48914,48012
4207,ABM,Industrials,Specialty Business Services,NYSE,76.07,28,90.75,38,39.38,2353019408.6569977,58532820.0,0.0397,-25.61,397766,406615,568509
4208,BOC,Industrials,Conglomerates,NYSE,76.06,28,85.03,22,11.06,346902683.7558813,30537209.0,0.0685,-29.78,280381,196433,165546
4209,SMCI,Technology,Computer Hardware,NASDAQ,76.05,28,107.86,87,31.04,21239046000.85608,600481952.0,0.1933,-50.22,48395759,35779029,40308239
4210,PDCC,Financial Services,Asset Management,NYSE,76.04,28,100.75,78,11.48,75181029.0,6834639.0,0.0066000004,-37.61,10494,10358,8368
4211,APAM,Financial Services,Asset Management,NYSE,76.03,28,89.81,35,36.43,2699163663.638134,70993257.0,0.084300004,-24.89,689154,759938,815326
4212,INGR,Consumer Defensive,Packaged Foods,NYSE,76.01,28,85.42,22,102.62,6765569961.547852,63000000.0,0.0456,-27.62,1116340,698850,712254
4213,WOOF,Consumer Cyclical,Specialty Retail,NASDAQ,75.99,28,84.36,20,2.5,799039346.1790395,284355645.0,0.18030001,-44.51,1644629,1539529,2724725
4214,AIMD,Technology,Scientific & Technical Instruments,NASDAQ,75.99,28,99.63,76,1.7,12352219.046470404,7266011.0,0.0088,-62.22,15175,24715,23981
4215,LRE,Real Estate,Real Estate - Development,NASDAQ,75.99,28,83.45,18,1.15,17734470.64950347,13641901.0,0.0311,-61.28,9986,8308,15819
4216,WRAP,Technology,Scientific & Technical Instruments,NASDAQ,75.98,28,88.3,30,1.49,82695080.98928976,55500054.0,0.1916,-53.87,233512,406984,330186
4217,MTN,Consumer Cyclical,Resorts & Casinos,NYSE,75.97,28,88.72,31,121.56,4469097191.173935,35633051.0,0.3454,-30.74,680831,789877,904984
4218,HLN,Healthcare,Drug Manufacturers - Specialty & Generic,NYSE,75.95,28,85.9,24,8.96,40434389054.40494,4438462193.0,0.0028,-21.54,11474280,8374246,8649994
4219,DMA,Financial Services,Asset Management,NYSE,75.93,28,85.03,22,7.09,66596864.23135805,8963239.0,0.0025,-22.51,28910,29196,28920
4220,VCEL,Healthcare,Biotechnology,NASDAQ,75.93,28,88.76,31,33.03,1708742862.1256409,51068228.0,0.1286,-28.15,753098,594976,686221
4221,LW,Consumer Defensive,Packaged Foods,NYSE,75.93,28,95.23,63,44.06,5800438222.279385,138072803.0,0.0577,-34.31,1585753,1748241,3071884
4222,PATH,Technology,Software - Infrastructure,NYSE,75.92,28,88.62,31,10.27,5653116978.893967,523921872.0,0.2969,-48.24,33686235,27500891,30927577
4223,EXP,Basic Materials,Building Materials,NYSE,75.92,28,88.29,30,194.66,6614893346.176727,31432138.0,0.0738,-20.1,319234,349394,404812
4224,AMBO,Consumer Defensive,Education & Training Services,NYSE ARCA,75.91,28,99.79,76,2.46,6378518.114556313,2860322.0,0.0015,-63.56,1038948,352332,217059
4225,BBAR,Financial Services,Banks - Regional,NYSE,75.91,28,89.27,33,14.26,3028830141.607977,204236693.0,0.0471,-38.27,641429,555716,655725
4226,OTF,Financial Services,Asset Management,NYSE,75.87,28,89.04,32,11.17,5052052902.976799,462642204.0,0.0164,-48.33,2115347,1941502,2213687
4227,LAD,Consumer Cyclical,Auto & Truck Dealerships,NYSE,75.85,28,87.87,29,261.92,6704682799.086914,22805820.0,0.1705,-27.36,294460,317576,336134
4228,FENG,Communication Services,Internet Content & Information,NYSE,75.82,28,89.88,35,1.7,20418319.77271843,12010776.0,0.0014,-53.42,4009,3119,5415
4229,HAYW,Industrials,Electrical Equipment & Parts,NYSE,75.81,28,85.74,23,13.62,3163320406.8070374,216962992.0,0.0368,-23.18,3280602,2745814,2429662
4230,SRL,Financial Services,Capital Markets,NYSE,75.8,28,77.21,10,6.13,96535067.66335678,15226351.0,0.0021,-41.0,11700,14386,17718
4231,RSSS,Technology,Software - Application,NASDAQ,75.78,28,89.43,34,2.39,85554234.46188927,32905476.0,0.0007,-41.99,114844,71404,60766
4232,RYAAY,Industrials,Airlines,NASDAQ,75.77,28,86.71,26,53.36,30240318124.00779,520756299.0,0.0056,-28.12,1700996,1480375,1551249
4233,LAES,Technology,Semiconductors,NASDAQ,75.75,28,92.81,48,2.87,650500094.0763073,222773999.0,0.0955,-67.05,11668104,13883314,11319616
4234,LAB,Healthcare,Medical Devices,NASDAQ,75.72,28,96.39,68,0.98,398175473.934319,390368119.0,0.0359,-43.02,1835141,2821047,2535198
4235,CVLT,Technology,Software - Application,NASDAQ,75.71,27,106.55,86,103.9,4621268168.790985,43974387.0,0.072,-48.23,720631,1056377,1057244
4236,ARKR,Consumer Cyclical,Restaurants,NASDAQ,75.67,27,90.51,37,6.59,26685562.14390993,3606157.0,0.0043,-47.7,21440,8913,5846
4237,CARS,Communication Services,Internet Content & Information,NYSE,75.67,27,90.56,38,9.85,652947372.4202499,55903027.0,0.1498,-29.49,949687,941465,1412131
4238,HHS,Industrials,Conglomerates,NASDAQ,75.67,27,96.55,68,2.8,20909721.40500903,7414795.0,0.0082,-48.05,4365,14035,10163
4239,WYNN,Consumer Cyclical,Resorts & Casinos,NASDAQ,75.65,27,84.08,19,95.42,10629836594.140823,103786729.0,0.0916,-29.17,1833618,1490806,1641425
4240,DORM,Consumer Cyclical,Auto Parts,NASDAQ,75.64,27,97.54,71,116.16,3709350516.4944687,29882789.0,0.0615,-30.4,304175,248495,267175
4241,FMS,Healthcare,Medical Care Facilities,NYSE,75.62,27,88.68,31,21.6,11832957966.617393,537129260.0,3.37,-29.09,1191158,740549,645307
4242,QNST,Communication Services,Advertising Agencies,NASDAQ,75.62,27,85.73,23,11.28,752889936.3641462,56993939.0,0.0992,-34.15,1182110,819303,803852
4243,LPLA,Financial Services,Capital Markets,NASDAQ,75.62,27,89.43,34,299.73,24276397092.002045,79982861.0,0.0394,-25.73,884578,811772,898827
4244,UCFI,Financial Services,Shell Companies,NASDAQ,75.59,27,94.0,54,5.51,287814768.2856388,52234983.0,0.0494,-62.54,0,0,0
4245,RDHL,Healthcare,Drug Manufacturers - Specialty & Generic,NASDAQ,75.56,27,103.96,83,1.03,5243172.550492287,5191260.0,0.0015,-68.88,64968,51612,40449
4246,UPBD,Technology,Software - Application,NASDAQ,75.56,27,85.59,23,17.13,1094756214.307125,58293726.0,0.1004,-38.89,766291,836957,879494
4247,MBLY,Consumer Cyclical,Auto Parts,NASDAQ,75.54,27,112.97,91,10.02,7739690282.394631,842186141.0,0.1427,-50.35,6313578,6583102,6651163
4248,FNF,Financial Services,Insurance - Specialty,NYSE,75.54,27,89.4,33,47.93,13613988866.042175,269157540.0,0.0279,-19.05,1935038,1776746,2052575
4249,ADP,Technology,Software - Application,NASDAQ,75.51,27,96.7,68,214.48,85143402066.0,399734282.0,0.039100002,-34.99,2887437,2972002,3432591
4250,HLI,Financial Services,Capital Markets,NYSE,75.51,27,91.83,43,150.35,10622417425.669922,69486608.0,0.0228,-29.01,977301,662403,680348
4251,SORA,Consumer Cyclical,Luxury Goods,NASDAQ,75.5,27,109.9,89,2.72,63154559.05151367,24864000.0,0.0014,-80.78,11805,14361,11861
4252,BTBT,Financial Services,Capital Markets,NASDAQ,75.47,27,109.6,88,1.8,587838978.6275847,326577219.0,0.1989,-60.44,33958234,23440734,20973884
4253,CALM,Consumer Defensive,Farm Products,NASDAQ,75.44,27,92.93,48,76.88,3604884483.5117493,47376589.0,0.1353,-39.18,819269,768266,891781
4254,OZ,Real Estate,Real Estate - Development,NYSE ARCA,75.42,27,90.0,36,49.26,196562485.7725525,3896184.0,0.0344,-28.61,4406,12395,15991
4255,RICK,Consumer Cyclical,Restaurants,NASDAQ,75.4,27,94.8,61,24.07,193965527.9188156,7651500.0,0.1247,-48.79,52190,49506,66936
4256,ARL,Real Estate,Real Estate Services,NYSE,75.38,27,83.42,18,13.26,223059720.60766697,16152043.0,0.0171,-33.7,3077,2745,2907
4257,NEN,Real Estate,Real Estate Services,NYSE ARCA,75.38,27,92.53,47,59.0,209214540.0,3486909.0,0.01,-26.11,1004,958,1122
4258,AVY,Consumer Cyclical,Packaging & Containers,NYSE,75.33,27,85.89,24,156.21,12506942431.175766,76490385.0,0.0294,-21.71,689913,649494,664280
4259,BNTX,Healthcare,Biotechnology,NASDAQ,75.32,27,85.37,22,89.55,23802731066.625,252884261.0,0.047,-27.78,948625,904798,1271343
4260,DKNG,Consumer Cyclical,Gambling,NASDAQ,75.32,27,102.56,81,25.0,12651356585.013046,495742804.0,0.085,-48.75,14506880,12016063,12936166
4261,ZLAB,Healthcare,Biotechnology,NASDAQ,75.32,27,90.7,38,20.59,2089800401.659977,112354858.0,0.0499,-53.56,827900,806316,773528
4262,LKFT,Healthcare,Biotechnology,NASDAQ,75.3,27,86.22,24,27.05,1883997269.945095,65897071.0,0.0339,-28.4,181648,149929,173319
4263,OPK,Healthcare,Diagnostics & Research,NASDAQ,75.28,27,89.64,34,1.1,860805161.0383186,755092256.0,0.077199996,-31.25,1985413,2244021,2405880
4264,TLK,Communication Services,Telecom Services,NYSE,75.23,27,85.79,23,16.57,16999076217.403053,990622166.0,0.005,-29.55,634655,842491,813241
4265,SOUN,Technology,Software - Application,NASDAQ,75.22,27,98.12,72,8.41,3785347170.303626,426277829.0,0.3759,-62.07,34239936,30358608,28326133
4266,RITM,Real Estate,REIT - Mortgage,NYSE,75.21,27,87.26,27,9.13,5493736999.670826,558306597.0,0.054,-28.34,4987126,5792848,10106995
4267,KNF,Basic Materials,Building Materials,NYSE,75.21,27,84.68,21,75.9,5132251124.969902,56753855.0,0.0813,-26.44,516265,471965,621753
4268,IDXX,Healthcare,Diagnostics & Research,NASDAQ,75.2,27,85.73,23,528.79,44183154294.15735,78882997.0,0.0297,-31.32,682866,583172,559485
4269,BON,Basic Materials,Specialty Chemicals,NASDAQ,75.18,27,90.39,37,1.3,9754572.387611866,8128810.0,0.0050999997,-61.76,17700,13356,17730
4270,CVR,Industrials,Tools & Accessories,NYSE ARCA,75.16,27,82.26,16,9.82,11013904.43144989,966132.0,0.0002,-34.53,6246,4115,3593
4271,PLRX,Healthcare,Biotechnology,NASDAQ,75.15,27,88.15,29,1.15,75535891.85139275,61914664.0,0.060100004,-41.03,325451,442163,493586
4272,ATCH,Financial Services,Capital Markets,NYSE ARCA,75.15,27,83.22,18,0.22,38636807.810470045,150337774.0,0.0624,-88.54,2697325,4352065,3252325
4273,SPGI,Financial Services,Financial Data & Stock Exchanges,NYSE,75.15,27,89.05,32,403.15,124355518554.6875,296000000.0,0.010199999,-30.38,2040871,1827733,1922610
4274,BMR,Technology,Software - Application,NASDAQ,75.14,27,96.16,67,1.81,30283217.990521193,15529855.0,0.0256,-58.1,79904,117728,105896
4275,ICUI,Healthcare,Medical Instruments & Supplies,NASDAQ,75.14,27,88.77,32,118.72,3159938959.177437,24993585.0,0.0623,-25.93,300792,273090,285148
4276,TWI,Industrials,Farm & Heavy Construction Machinery,NYSE,75.14,27,86.44,25,7.57,508538490.1389885,64371960.0,0.0715,-35.3,650786,716608,1158253
4277,VWAV,Industrials,Aerospace & Defense,NASDAQ,75.11,27,77.53,10,5.59,143559764.28515196,23847137.0,0.043,-64.62,543210,643306,577764
4278,CURV,Consumer Cyclical,Apparel Retail,NYSE,75.09,27,76.88,9,1.31,155217615.3066516,99498475.0,0.1733,-78.45,325094,382494,969180
4279,RUN,Technology,Solar,NASDAQ,75.09,27,95.27,64,13.99,3485205001.170602,238549287.0,0.273,-37.66,9489600,8863856,8904840
4280,CSPI,Technology,Information Technology Services,NASDAQ,75.07,27,95.21,63,9.3,92358837.75842094,10071847.0,0.0392,-45.23,13629,11876,15561
4281,ELUT,Healthcare,Medical Devices,NASDAQ,75.05,27,89.88,35,1.03,47025076.37597418,46559482.0,0.0039,-60.98,209318,109402,123343
4282,CLPR,Real Estate,REIT - Residential,NYSE,75.05,27,85.13,22,2.92,49603726.5413661,16157566.0,0.0327,-36.66,59644,58754,69284
4283,OMSE,Energy,Oil & Gas Equipment & Services,NASDAQ,75.04,27,94.57,60,4.57,199508900.70355225,42448704.0,0.0004,-53.65,11181,9220,12920
4284,STE,Healthcare,Medical Devices,NYSE,75.04,27,89.65,34,212.11,20360596717.5291,98147009.0,0.0188,-21.28,939325,730165,802039
4285,TIPT,Financial Services,Insurance - Specialty,NASDAQ,75.0,27,90.93,39,16.6,649962268.8363075,37570075.0,0.0172,-39.44,279742,263434,279646
4286,FAMI,Consumer Defensive,Packaged Foods,NASDAQ,75.0,27,100.45,78,1.28,16301945.89536345,13815209.0,0.0088,-42.34,30746,26142,20563
4287,CCIF,Financial Services,Asset Management,NYSE,74.99,27,97.55,71,3.49,69107507.51783419,21198622.0,0.0364,-48.49,145655,122165,124359
4288,WXM,Industrials,Industrial Distribution,NASDAQ,74.98,27,118.79,93,0.58,5739068.744433939,10248337.0,0.0017,-86.26,640252,227750,146740
4289,CNH,Industrials,Farm & Heavy Construction Machinery,NYSE,74.97,27,90.04,36,10.43,13589857932.820358,1239950537.0,0.067,-26.91,15323026,15656748,16685735
4290,SPMC,Financial Services,Asset Management,NYSE,74.96,27,102.11,80,10.93,229810576.79227352,20537139.0,4.9,-45.89,32734,39258,39698
4291,ALTI,Financial Services,Asset Management,NASDAQ,74.96,27,86.14,24,3.48,428579549.8363466,110744073.0,0.0253,-36.09,144658,156546,160471
4292,OCCI,Financial Services,Asset Management,NASDAQ,74.95,27,103.22,82,3.45,100062965.90443277,29088071.0,0.0068,-49.41,364604,292028,295716
4293,EXOZ,Healthcare,Biotechnology,NASDAQ,74.94,27,94.05,55,9.76,81471682.83080101,8468990.0,0.0028,-46.96,1557,4915,4529
4294,GAP,Consumer Cyclical,Apparel Retail,NYSE,74.93,26,77.84,10,21.05,8538000570.27569,365340191.0,0.1557,-28.3,7175813,6396874,7845828
4295,RELX,Industrials,Specialty Business Services,NYSE,74.9,26,89.8,35,32.4,59562956527.176605,1773762754.0,0.0019,-42.48,2555415,2597205,3071327
4296,DNA,Healthcare,Biotechnology,NYSE,74.84,26,84.72,21,7.71,583347724.5654526,65324491.0,0.118599996,-56.14,1605282,1259134,1247648
4297,RDI,Communication Services,Entertainment,NASDAQ,74.84,26,90.2,36,1.06,37073259.49872732,34974775.0,0.0026,-35.76,24698,20736,23635
4298,NWL,Consumer Defensive,Household & Personal Products,NASDAQ,74.82,26,85.61,23,3.84,1929172068.670292,424927772.0,0.1347,-42.17,7691273,6409331,6300862
4299,CAL,Consumer Cyclical,Apparel Retail,NYSE,74.82,26,84.35,20,11.07,455501056.5,33740819.0,0.1532,-39.41,649536,593085,677039
4300,CCLD,Healthcare,Health Information Services,NASDAQ,74.81,26,68.47,4,2.11,100283355.18231225,42492949.0,0.0149,-47.38,1041189,688859,706389
4301,SW,Consumer Cyclical,Packaging & Containers,NYSE,74.8,26,84.56,20,37.48,21791482040.765663,524464078.0,0.066700004,-28.81,4651642,4932407,5518074
4302,DXCM,Healthcare,Medical Devices,NASDAQ,74.76,26,91.86,43,61.63,23387761371.488174,385872977.0,0.045300003,-31.51,6007954,5128438,4689044
4303,TMHC,Consumer Cyclical,Residential Construction,NYSE,74.73,26,84.77,21,54.79,5605659240.0,93427654.0,0.0779,-24.43,1107683,1381871,1286346
4304,WVVI,Consumer Defensive,Beverages - Wineries & Distilleries,NASDAQ,74.73,26,98.91,74,2.8,14639818.484930992,4979530.0,0.0004,-61.0,3598,3339,3075
4305,DYAI,Healthcare,Biotechnology,NASDAQ,74.72,26,81.39,15,0.72,28057800.614986897,36438703.0,0.003,-46.67,81271,61033,82688
4306,TU,Communication Services,Telecom Services,NYSE,74.66,26,90.39,37,12.21,19907198271.0,1561348884.0,12.05,-27.06,5140794,5492351,5779078
4307,ATRC,Healthcare,Medical Instruments & Supplies,NASDAQ,74.65,26,89.11,33,28.12,1330844726.3723946,50640970.0,0.0743,-34.88,991738,842542,739045
4308,JBGS,Real Estate,REIT - Diversified,NYSE,74.65,26,90.02,36,14.22,906461750.6451464,58255895.0,0.22600001,-41.48,802222,600584,662414
4309,TCRX,Healthcare,Biotechnology,NASDAQ,74.62,26,87.01,26,1.0,82342028.79676604,65350817.0,0.0239,-61.09,866983,1200397,957512
4310,HMC,Consumer Cyclical,Auto Manufacturers,NYSE,74.62,26,96.93,69,26.18,31802146452.308113,1297517183.0,0.0023999999,-24.96,1897819,1914103,1889907
4311,SITE,Industrials,Industrial Distribution,NYSE,74.6,26,83.09,17,117.5,5361295709.0,44308229.0,0.0545,-30.29,926563,833337,760920
4312,SITC,Real Estate,REIT - Retail,NYSE,74.6,26,89.49,34,5.39,291235560.7087879,52474874.0,0.0758,-58.84,479311,534532,768414
4313,VIRC,Consumer Cyclical,"Furnishings, Fixtures & Appliances",NASDAQ,74.59,26,92.44,46,6.03,95321029.67994833,15729543.0,0.0429,-35.58,36215,41931,40063
4314,MRT,Technology,Software - Application,NYSE ARCA,74.56,26,92.24,45,2.04,177834112.40487528,85910202.0,0.0029,-44.86,23212,19700,21410
4315,CRVL,Financial Services,Insurance Brokers,NASDAQ,74.55,26,97.9,72,57.11,2998971537.458992,51246950.0,0.0429,-51.28,166244,188938,217292
4316,VIPS,Consumer Cyclical,Internet Retail,NYSE,74.55,26,87.11,27,13.96,6944712026.720867,480270540.0,0.0159,-33.78,2211260,1901320,2103332
4317,SRPT,Healthcare,Biotechnology,NASDAQ,74.54,26,79.04,11,17.55,2107301294.462082,105576222.0,0.2877,-60.24,3594982,2821347,3132714
4318,CPRI,Consumer Cyclical,Luxury Goods,NYSE,74.53,26,83.39,18,17.26,2208069440.2719593,119161865.0,0.1144,-38.95,2542593,2494221,2668466
4319,RVP,Healthcare,Medical Instruments & Supplies,NYSE ARCA,74.47,26,91.3,41,0.64,20956011.643121243,29937160.0,0.0023999999,-43.86,79615,68841,64339
4320,ECC,Financial Services,Asset Management,NYSE,74.47,26,93.28,50,4.03,563209381.9401855,132208768.0,0.0001,-49.75,1114799,1076613,1442569
4321,KREF,Real Estate,REIT - Mortgage,NYSE,74.46,26,92.27,45,6.33,425025764.9550319,64300417.0,0.0949,-36.59,1068775,1320471,1622781
4322,SPPL,Industrials,Specialty Industrial Machinery,NASDAQ,74.45,26,113.25,91,2.87,26814146.993328333,9786185.0,0.00029999999,-59.0,1141071,1229530,743822
4323,MREO,Healthcare,Biotechnology,NASDAQ,74.41,26,75.24,8,0.24,39903941.5,159615766.0,0.0637,-92.13,1883523,1687004,1562586
4324,ELME,Real Estate,REIT - Residential,NYSE,74.38,26,88.57,31,2.01,186601545.82585192,88857883.0,0.0306,-88.63,1482476,1154875,1308875
4325,UA,Consumer Cyclical,Apparel Manufacturing,NYSE,74.37,26,76.75,9,4.99,2661812506.25,425890001.0,9.34,-36.89,3545312,2785629,2744085
4326,LUCD,Healthcare,Medical Devices,NASDAQ,74.36,26,79.44,12,0.99,201111020.10375476,195253423.0,0.0466,-41.76,882920,888020,753312
4327,AIFU,Financial Services,Insurance Brokers,NASDAQ,74.36,26,146.43,98,2.31,185316798.83350253,117289110.0,0.0004,-75.43,20248,14596,11189
4328,COLL,Healthcare,Drug Manufacturers - Specialty & Generic,NASDAQ,74.36,26,89.75,35,33.78,1225996821.4549904,32433779.0,0.2226,-33.49,559497,505372,558659
4329,WFG,Basic Materials,Lumber & Wood Production,NYSE,74.36,26,85.13,22,59.22,4842308364.428215,78303822.0,8.4,-24.61,162863,165797,184854
4330,ADT,Industrials,Security & Protection Services,NYSE,74.34,26,88.25,30,6.83,5425199839.936658,789694313.0,0.057600003,-23.56,21036834,12067401,11553124
4331,GDRX,Healthcare,Health Information Services,NASDAQ,74.33,26,98.51,73,2.43,988932114.9988804,338675373.0,0.0855,-58.18,2082921,1604827,1740216
4332,MRSH,Financial Services,Insurance Brokers,NYSE,74.31,26,87.93,29,161.05,78652952288.25,481794501.0,0.0124,-31.69,2970131,2892233,3078704
4333,BYSI,Healthcare,Biotechnology,NASDAQ,74.28,26,84.49,20,1.36,61268532.19214916,41119820.0,0.0643,-60.47,16846,12008,16191
4334,KYNB,Healthcare,Biotechnology,NASDAQ,74.26,26,89.5,34,6.82,28134377.62788391,4048112.0,0.028399998,-45.87,9315,9728,19925
4335,PAYC,Technology,Software - Application,NYSE,74.22,26,100.44,78,136.24,6381850675.588623,46627098.0,0.1146,-49.12,1254508,1022926,1404839
4336,KSS,Consumer Cyclical,Department Stores,NYSE,74.2,26,74.14,7,11.77,1627670689.5,112253151.0,0.31190002,-53.33,4386834,4340001,5183048
4337,MBUU,Consumer Cyclical,Recreational Vehicles,NASDAQ,74.16,26,94.05,55,26.22,590878566.6863747,19637041.0,0.0758,-33.87,456357,412375,369315
4338,PAX,Financial Services,Asset Management,NASDAQ,74.16,26,82.35,16,11.36,1973363234.3534517,159528153.0,0.1007,-36.18,1299642,948634,957026
4339,GALT,Healthcare,Biotechnology,NASDAQ,74.15,26,84.05,19,2.17,138237634.52220535,65827448.0,0.17790002,-69.57,364416,339472,346107
4340,DASH,Consumer Cyclical,Internet Retail,NASDAQ,74.12,26,88.52,31,159.2,71427366906.16077,435718722.0,0.0297,-44.24,6191791,4577837,4404134
4341,FOA,Financial Services,Credit Services,NYSE,74.09,26,92.17,45,19.81,183780995.23261833,8551931.0,0.1601,-33.03,65816,63705,89473
4342,CNM,Industrials,Industrial Distribution,NYSE,74.08,26,85.16,22,46.77,9235927086.218304,188142739.0,0.0469,-30.38,2188110,2538196,2689826
4343,IPAR,Consumer Defensive,Household & Personal Products,NASDAQ,74.07,26,86.4,25,86.16,3025795896.38842,32025781.0,0.0771,-39.58,259569,256539,267669
4344,DUO,Real Estate,Real Estate Services,NASDAQ,74.06,26,94.33,58,1.33,56280684.45050526,38548413.0,0.0064,-78.12,64165,65275,53087
4345,HCM,Healthcare,Drug Manufacturers - Specialty & Generic,NASDAQ,74.06,26,81.86,15,12.51,2257708298.9981575,171950364.0,0.003,-35.85,27199,29813,31563
4346,KMB,Consumer Defensive,Household & Personal Products,NASDAQ,74.06,26,90.76,39,95.91,32631644249.63379,331926000.0,0.132,-33.54,4331588,4702672,4806751
4347,CLAR,Consumer Cyclical,Leisure,NASDAQ,74.05,26,90.22,36,2.73,115708872.49339342,38441486.0,0.072399996,-32.26,352386,238925,244193
4348,GGAL,Financial Services,Banks - Regional,NASDAQ,74.04,26,88.92,32,40.79,7110266397.060738,169453445.0,0.2223,-37.71,945439,998846,1098129
4349,OGCP,Real Estate,REIT - Office,NYSE ARCA,74.04,26,99.26,75,5.72,1499140395.0339317,274567836.0,5.28,-34.63,2916,3392,2377
4350,CMCO,Industrials,Farm & Heavy Construction Machinery,NASDAQ,73.96,26,85.48,23,14.28,457818109.1505585,28739366.0,0.048899997,-41.48,258850,303590,392754
4351,EGAN,Technology,Software - Application,NASDAQ,73.95,26,74.73,7,6.49,204300381.6446972,27386110.0,0.0557,-59.31,342787,225199,205443
4352,FSCO,Financial Services,Asset Management,NYSE,73.95,26,90.78,39,5.07,1041688691.0399365,202269645.0,0.00090000004,-33.73,899301,1004210,1766612
4353,ANTA,Financial Services,Credit Services,NASDAQ,73.92,25,91.76,43,8.6,190260647.76141167,23992516.0,0.0043,-68.98,2494,6731,5500
4354,FPH,Real Estate,Real Estate - Development,NYSE,73.91,25,87.52,28,4.71,358526080.48516655,72429514.0,0.0070999996,-29.07,190755,187055,193345
4355,IBM,Technology,Information Technology Services,NYSE,73.91,25,84.88,21,219.3,215948036769.85596,939885280.0,0.026199998,-32.5,5974616,6309112,5814525
4356,PDD,Consumer Cyclical,Internet Retail,NASDAQ,73.9,25,89.33,33,95.83,140603100778.8155,1423396462.0,0.0312,-31.26,7181882,6645394,7215470
4357,BX,Financial Services,Asset Management,NYSE,73.9,25,89.87,35,117.89,151279362523.01767,1222261991.0,0.025999999,-37.98,4379662,5825337,7903528
4358,GOOS,Consumer Cyclical,Apparel Manufacturing,NYSE,73.89,25,79.22,12,9.57,1157771119.4903126,97128449.0,0.106000006,-37.96,618260,454226,433000
4359,BLLN,Healthcare,Diagnostics & Research,NASDAQ,73.89,25,96.9,69,82.63,4275740150.5298767,45995484.0,0.077800006,-40.43,1015342,605410,488476
4360,TRSG,Industrials,Metal Fabrication,NASDAQ,73.88,25,88.46,30,1.18,20654453.005150795,16353486.0,0.0038,-41.0,6051,4463,4360
4361,GECC,Financial Services,Asset Management,NASDAQ,73.86,25,105.5,85,6.19,84324715.53472757,13892045.0,0.0353,-45.96,106267,67225,98243
4362,KEP,Utilities,Utilities - Regulated Electric,NYSE,73.86,25,76.96,9,13.0,19849529309.81797,1283928154.0,0.0011,-44.47,915972,729210,746972
4363,CCU,Consumer Defensive,Beverages - Brewers,NYSE,73.86,25,89.23,33,11.37,2210563498.6324463,185139328.0,0.0356,-25.98,121468,146312,186529
4364,GDYN,Technology,Information Technology Services,NASDAQ,73.86,25,105.48,85,6.71,583709858.5150404,83626054.0,0.0962,-56.2,3272522,1945320,1890830
4365,CWST,Industrials,Waste Management,NASDAQ,73.86,25,90.2,36,85.18,5434833514.3377075,63609941.0,0.08930001,-28.84,650511,812133,851458
4366,CVCO,Consumer Cyclical,Residential Construction,NASDAQ,73.84,25,82.95,17,455.76,3760593986.3385315,7761163.0,0.0669,-36.08,117802,130477,143772
4367,NTNX,Technology,Software - Infrastructure,NASDAQ,73.83,25,104.99,84,46.34,12390048756.0,269348886.0,0.0548,-44.41,3221588,3231262,3388785
4368,CRDF,Healthcare,Biotechnology,NASDAQ,73.82,25,94.79,61,1.67,112126628.46196079,68369896.0,0.275,-63.38,698510,713796,662582
4369,SSYS,Technology,Computer Hardware,NASDAQ,73.77,25,89.63,34,8.56,739655319.7402954,86814000.0,0.040900003,-33.18,1182145,804091,840815
4370,TTEC,Technology,Information Technology Services,NASDAQ,73.73,25,82.62,16,2.45,131864214.36616993,48658381.0,0.3516,-56.25,606127,544682,629161
4371,AWI,Industrials,Building Products & Equipment,NYSE,73.72,25,83.88,19,155.17,6903728115.158157,42678835.0,0.024500001,-24.7,362544,407094,483090
4372,ENVX,Industrials,Electrical Equipment & Parts,NASDAQ,73.71,25,93.6,52,6.11,1440009687.6965404,217853201.0,0.28079998,-62.95,8442703,6499001,6128854
4373,HRMY,Healthcare,Biotechnology,NASDAQ,73.7,25,90.87,39,30.09,1794094015.989418,57892676.0,0.16860001,-26.38,860417,864385,791709
4374,ALRM,Technology,Software - Application,NASDAQ,73.7,25,86.99,26,42.52,2354323675.3291397,49460583.0,0.07,-30.02,533621,495873,461602
4375,BDC,Technology,Communication Equipment,NYSE,73.68,25,81.37,15,106.06,4373415810.847778,38944040.0,0.053600002,-33.71,628227,482639,419219
4376,BULL,Technology,Software - Application,NASDAQ,73.67,25,107.86,87,7.06,3738685326.5299964,531818665.0,0.0452,-61.46,10231013,13563544,12639080
4377,LSPD,Technology,Software - Application,NYSE,73.66,25,90.18,36,8.83,1353787211.4014635,137300939.0,0.039,-38.42,720086,853918,891403
4378,GROV,Consumer Defensive,Household & Personal Products,NYSE,73.64,25,88.82,32,1.21,54216215.14675617,42028075.0,0.081,-34.24,56357,59695,77137
4379,UAA,Consumer Cyclical,Apparel Manufacturing,NYSE,73.63,25,76.49,9,5.12,2738472633.321136,425890001.0,0.28219998,-37.18,11428725,8330198,9096637
4380,ARES,Financial Services,Asset Management,NYSE,73.61,25,99.17,75,123.41,41737324713.75,330592671.0,0.1321,-36.8,3171415,3341271,3797625
4381,WWW,Consumer Cyclical,Footwear & Accessories,NYSE,73.6,25,84.2,20,15.35,1369082745.8465385,81980999.0,0.1204,-53.2,1395870,1061716,1043344
4382,APWC,Industrials,Electrical Equipment & Parts,NASDAQ,73.6,25,91.76,43,1.43,60199385.87289333,41232455.0,0.0001,-38.89,5151,7477,6102
4383,JKHY,Technology,Information Technology Services,NASDAQ,73.6,25,82.92,17,136.87,10362045495.004272,71050780.0,0.0809,-29.23,1501515,1055001,1023301
4384,AKA,Consumer Cyclical,Apparel Retail,NYSE,73.53,25,88.31,30,9.96,123116977.93810368,10818715.0,0.014199999,-39.19,6042,4497,4392
4385,GRFS,Healthcare,Drug Manufacturers - General,NASDAQ,73.5,25,84.66,21,7.66,5512660286.818878,680575312.0,7.4,-31.24,607764,687254,748084
4386,SHW,Basic Materials,Specialty Chemicals,NYSE,73.47,25,85.47,23,300.1,78139099251.63324,246635621.0,0.0218,-20.95,2250221,1839600,1828802
4387,GYRO,Real Estate,Real Estate Services,NASDAQ,73.46,25,88.76,31,7.4,16450823.881948471,2199308.0,0.0005,-38.33,510,866,952
4388,DSGX,Technology,Software - Application,NASDAQ,73.45,25,88.78,32,67.7,6212524314.328476,85927027.0,3.61,-42.31,402407,542332,578387
4389,DERM,Healthcare,Drug Manufacturers - Specialty & Generic,NASDAQ,73.45,25,108.31,87,6.33,138646485.91432858,27346446.0,0.2486,-33.75,323575,225725,276093
4390,MOGU,Consumer Cyclical,Internet Retail,NYSE,73.45,25,83.09,17,2.12,18717637.57820034,8173641.0,0.0082,-73.83,13477,7575,6381
4391,ADGM,Healthcare,Medical Devices,NASDAQ,73.44,25,71.7,5,0.86,21655198.054538608,22210459.0,0.0041,-66.69,49672,177934,131968
4392,STXS,Healthcare,Medical Instruments & Supplies,NYSE ARCA,73.39,25,89.42,34,1.85,185207319.8759544,97477538.0,0.040599998,-48.47,359149,408056,419031
4393,PLMR,Financial Services,Insurance - Property & Casualty,NASDAQ,73.37,25,83.38,18,110.78,3005660497.3830414,26514295.0,0.0292,-37.0,355419,262189,250147
4394,CTAS,Industrials,Specialty Business Services,NASDAQ,73.36,25,89.64,34,168.31,66802546747.8176,400087119.0,0.0354,-26.58,2049991,1979790,2329298
4395,PTC,Technology,Software - Application,NASDAQ,73.35,25,94.09,55,141.91,16938923545.1586,115505791.0,0.0572,-35.4,1752901,1350630,1230298
4396,CLRB,Healthcare,Biotechnology,NASDAQ,73.33,25,102.92,81,3.09,13144399.495629787,4240129.0,0.0064,-85.07,5931451,1991613,1216370
4397,SEER,Healthcare,Biotechnology,NASDAQ,73.29,25,82.66,16,1.72,102973390.34257507,55065984.0,0.007900001,-28.63,386688,476132,380665
4398,CPS,Consumer Cyclical,Auto Parts,NYSE,73.29,25,78.86,11,26.86,546862733.6537933,17755284.0,0.0385,-44.02,214519,190509,207139
4399,SES,Consumer Cyclical,Auto Parts,NYSE,73.28,25,92.78,48,1.13,343064252.55169725,369283364.0,0.048699997,-69.71,13801507,10230182,8776617
4400,ONIT,Financial Services,Mortgage Finance,NYSE,73.24,25,74.51,7,35.42,328094449.383358,8432137.0,0.019,-34.53,107180,79226,72460
4401,TBCH,Technology,Consumer Electronics,NASDAQ,73.23,25,91.83,43,10.84,243924803.33288097,19847421.0,0.1396,-37.65,312447,217445,294079
4402,CRGO,Industrials,Integrated Freight & Logistics,NASDAQ,73.23,25,103.91,83,2.11,105951168.43553877,51683498.0,0.0070999996,-50.24,133240,85996,129974
4403,CYH,Healthcare,Medical Care Facilities,NYSE,73.2,25,85.93,24,2.82,393157621.10445404,140916712.0,0.0857,-36.91,1412147,1827559,1711015
4404,PAMT,Industrials,Trucking,NASDAQ,73.2,25,98.48,73,10.28,216146284.16827393,20944408.0,0.024600001,-39.42,10077,11025,15563
4405,ATR,Healthcare,Medical Instruments & Supplies,NYSE,73.2,25,85.59,23,114.67,7721619896.505096,63820316.0,0.026700001,-30.2,688996,536315,535161
4406,OKYO,Healthcare,Biotechnology,NASDAQ,73.19,25,88.56,31,1.57,85541188.6597594,52479257.0,0.0064,-53.12,49375,73611,79035
4407,BMBL,Communication Services,Internet Content & Information,NASDAQ,73.15,25,81.11,14,3.14,472160813.2333374,130431168.0,0.148,-63.66,3918507,3107745,4501413
4408,IBP,Consumer Cyclical,Residential Construction,NYSE,73.14,25,67.19,4,209.19,5926686940.88974,26940710.0,0.0736,-40.06,771210,465043,419988
4409,MORN,Financial Services,Financial Data & Stock Exchanges,NASDAQ,73.11,25,94.05,55,170.04,6719550664.547699,38028018.0,0.0634,-46.31,592502,541737,526228
4410,CULP,Consumer Cyclical,Textile Manufacturing,NASDAQ,73.1,25,92.54,47,3.14,45712648.911621094,12662784.0,0.003,-34.58,36907,44912,44321
4411,PFSI,Financial Services,Mortgage Finance,NYSE,73.08,24,87.92,29,85.69,4701278230.038643,51924875.0,0.0838,-46.56,634374,545348,589646
4412,PMEC,Industrials,Specialty Business Services,NASDAQ,73.05,24,103.93,83,0.76,27660951.739147425,38417987.0,0.0075,-68.85,82400,1052043,650398
4413,ARBE,Technology,Scientific & Technical Instruments,NASDAQ,73.01,24,119.9,93,1.05,98242444.02603209,122649743.0,0.0763,-63.54,2170523,1354844,1390336
4414,RVLV,Consumer Cyclical,Internet Retail,NYSE,72.97,24,70.88,5,18.61,1492648670.6540375,71555543.0,0.15359999,-41.26,2047512,1265847,1075212
4415,MAT,Consumer Cyclical,Leisure,NASDAQ,72.96,24,94.27,57,15.15,4471857009.758949,290569000.0,0.0838,-32.61,4659856,4704402,4530197
4416,RNW,Utilities,Utilities - Renewable,NASDAQ,72.94,24,97.52,71,5.35,2046790571.4808903,364197618.0,0.038,-35.07,1009204,791878,820810
4417,MWYN,Consumer Cyclical,"Furnishings, Fixtures & Appliances",NASDAQ,72.9,24,117.77,93,0.87,15953895.593333483,20194804.0,0.0050999997,-92.23,180632,2321397,1401736
4418,KKR,Financial Services,Asset Management,NYSE,72.89,24,90.97,40,96.97,91182698252.49698,889413785.0,0.0195,-36.98,5343635,4921808,5905631
4419,SSNC,Technology,Software - Application,NASDAQ,72.89,24,86.74,26,64.58,16559749036.117012,240834039.0,0.0274,-29.09,2396247,2589382,2696671
4420,W,Consumer Cyclical,Internet Retail,NYSE,72.86,24,75.93,8,58.22,8746088305.714943,131996499.0,0.21090001,-51.48,3991529,3981979,3733199
4421,CNVS,Communication Services,Entertainment,NASDAQ,72.85,24,95.43,64,2.54,54727804.198414326,21294866.0,0.028499998,-65.63,141729,148759,138611
4422,CMCSA,Communication Services,Telecom Services,NASDAQ,72.82,24,81.68,15,24.76,90734603985.10295,3572228557.0,0.024,-27.94,32419004,30550041,33490474
4423,ERNA,Healthcare,Biotechnology,NASDAQ,72.82,24,271.19,99,13.63,8781313.054673672,1166177.0,0.011,-86.54,9951920,3335840,2023702
4424,PGY,Technology,Software - Infrastructure,NASDAQ,72.8,24,95.16,63,13.54,1258808055.2060108,82870842.0,0.2656,-69.9,4847530,3790793,3419896
4425,RPM,Basic Materials,Specialty Chemicals,NYSE,72.8,24,85.87,24,95.24,12911309391.355225,128075684.0,0.024600001,-26.24,686177,954959,975019
4426,CCAP,Financial Services,Asset Management,NASDAQ,72.79,24,78.12,10,11.13,500933818.8013315,36969285.0,0.0177,-34.61,271599,221653,222497
4427,PCSA,Healthcare,Biotechnology,NASDAQ,72.75,24,106.3,86,2.96,7477464.592242241,2738998.0,0.0394,-84.92,63652,68787,59502
4428,SFHG,Industrials,Specialty Business Services,NASDAQ,72.73,24,91.3,41,2.53,10352999.806404114,4060000.0,0.0034999999,-51.81,9812,12300,12840
4429,AXTA,Basic Materials,Specialty Chemicals,NYSE,72.73,24,87.45,28,26.81,6234366532.228302,214018768.0,0.048499998,-24.94,2173639,2108613,2483725
4430,MDT,Healthcare,Medical Devices,NYSE,72.73,24,83.53,18,76.15,97767841967.65298,1283884964.0,0.0121,-28.38,10044309,9279469,8932141
4431,OTLY,Consumer Defensive,Packaged Foods,NASDAQ,72.72,24,83.22,18,10.11,325052245.2354431,31225000.0,0.0368,-46.34,56131,73637,67418
4432,BWIN,Financial Services,Insurance Brokers,NASDAQ,72.71,24,89.48,34,20.02,1967347301.4715729,97489954.0,0.1524,-55.67,1427888,1351329,1650819
4433,VRNS,Technology,Software - Infrastructure,NASDAQ,72.71,24,106.55,86,28.18,3350783731.954954,117447727.0,0.0744,-55.9,2446856,2662185,2444367
4434,TREX,Industrials,Building Products & Equipment,NYSE,72.68,24,89.64,34,37.44,4176728985.0684395,103898729.0,0.0947,-45.57,2506841,1981477,1914238
4435,UPC,Healthcare,Drug Manufacturers - Specialty & Generic,NASDAQ,72.67,24,82.85,17,2.76,1577346.373137951,563338.0,0.0082,-74.91,23202,11997,9376
4436,LOAR,Industrials,Aerospace & Defense,NYSE,72.66,24,92.09,44,57.4,5598743294.370197,93624471.0,0.1283,-42.41,1119511,952917,1055958
4437,RAIL,Industrials,Railroads,NASDAQ,72.65,24,82.09,16,7.94,152523543.74485397,19137208.0,0.0148,-46.71,182745,160958,203999
4438,RPC,Financial Services,Asset Management,NYSE,72.62,24,98.21,73,8.26,957920145.0,109476588.0,0.0521,-36.85,411077,562909,774519
4439,OFLX,Industrials,Specialty Industrial Machinery,NASDAQ,72.55,24,79.81,13,27.1,303839096.05067825,10094322.0,0.0179,-28.53,58464,43481,44510
4440,OTEX,Technology,Software - Application,NASDAQ,72.54,24,91.58,42,22.68,6289262126.423653,254419996.0,0.056199998,-43.16,3254197,2190335,2024339
4441,BBSI,Industrials,Staffing & Employment Services,NASDAQ,72.53,24,92.06,44,30.04,733596736.2412777,24559649.0,0.021,-39.5,252179,193816,253699
4442,SAMG,Financial Services,Asset Management,NASDAQ,72.52,24,82.81,17,12.0,102199029.93506622,7666844.0,0.0194,-29.37,32397,28809,34051
4443,BLSH,Technology,Software - Infrastructure,NYSE,72.52,24,89.84,35,35.66,6620966763.220299,151648346.0,0.18059999,-69.78,1662148,1252509,1269123
4444,PYPL,Financial Services,Credit Services,NASDAQ,72.52,24,89.06,32,44.41,40021125275.21968,882105493.0,0.0558,-44.14,18731005,14476631,15728879
4445,KTOS,Industrials,Aerospace & Defense,NASDAQ,72.51,24,70.27,5,52.09,10855531759.306885,187519984.0,0.0579,-61.13,5217327,4144389,4061531
4446,METCB,Basic Materials,Coking Coal,NASDAQ,72.5,24,86.15,24,10.02,691580308.7823105,65677144.0,1.61,-54.14,26141,23830,29232
4447,MLSS,Healthcare,Medical Instruments & Supplies,NYSE ARCA,72.49,24,104.43,83,0.33,40671397.07780126,88416079.0,0.0087,-68.57,712917,4189025,2590873
4448,CMG,Consumer Cyclical,Restaurants,NYSE,72.48,24,90.14,36,32.65,41676029813.02643,1282734000.0,0.0325,-44.11,15414283,15850294,16237522
4449,SCWO,Industrials,Pollution & Treatment Controls,NASDAQ,72.47,24,76.65,9,2.26,42133220.435500145,17777731.0,0.021300001,-79.27,66366,54652,57943
4450,ALKT,Technology,Software - Application,NASDAQ,72.47,24,94.64,60,16.61,1923134483.295765,107019174.0,0.12020001,-47.54,2106755,1738491,1743739
4451,ELTK,Technology,Electronic Components,NASDAQ,72.47,24,87.36,27,8.01,54296201.64731789,6719827.0,0.0011999999,-34.29,9383,5047,4414
4452,GPI,Consumer Cyclical,Auto & Truck Dealerships,NYSE,72.45,24,86.5,25,313.62,4257530241.424225,11898193.0,0.1183,-35.78,158058,140329,166273
4453,IFBD,Technology,Software - Application,NASDAQ,72.45,24,81.14,14,0.86,7779146.152384579,8188575.0,0.0099,-39.86,2274,3474,3152
4454,PAYX,Technology,Software - Application,NASDAQ,72.38,24,93.87,53,91.54,33654262561.6717,358290881.0,0.0636,-43.23,3373994,3258398,3838992
4455,ALAR,Technology,Software - Infrastructure,NASDAQ,72.34,24,105.26,84,7.68,60850241.13999367,7340198.0,0.0094,-57.33,49706,37675,39639
4456,BBY,Consumer Cyclical,Specialty Retail,NYSE,72.32,24,84.32,20,56.28,12515294429.295341,210695187.0,0.1146,-33.78,3198172,3228500,3870348
4457,INMB,Healthcare,Biotechnology,NASDAQ,72.31,24,104.66,84,1.55,38016917.545547724,26585258.0,0.1659,-86.68,740375,412315,462111
4458,ANF,Consumer Cyclical,Apparel Retail,NYSE,72.31,24,74.21,7,70.57,3503659631.29097,44924474.0,0.1005,-46.98,1223027,1137972,1199821
4459,HMR,Industrials,Marine Shipping,NASDAQ,72.29,24,113.8,91,1.01,48963356.52546483,58991997.0,0.0027,-64.69,139609,79576,71931
4460,TPG,Financial Services,Asset Management,NASDAQ,72.28,24,91.37,41,41.79,7159725787.150211,160460017.0,0.061300002,-40.62,2267886,2840742,3144147
4461,LTBR,Industrials,Electrical Equipment & Parts,NASDAQ,72.26,24,88.02,29,11.44,441101470.433342,32844487.0,0.1303,-63.5,885756,835275,870403
4462,ALLT,Technology,Software - Infrastructure,NASDAQ,72.22,24,85.92,24,7.13,382089400.3905978,48923099.0,0.047199998,-40.18,587442,409734,403416
4463,IFN,Financial Services,Asset Management,NYSE,72.21,24,90.14,36,11.6,516515099.85661507,42651950.0,0.0077,-31.56,155516,148002,200155
4464,VRME,Industrials,Security & Protection Services,NASDAQ,72.19,24,80.23,13,0.72,10135790.327792287,13119066.0,0.0146,-52.31,69464,66078,82194
4465,LYFT,Technology,Software - Application,NASDAQ,72.15,24,87.03,27,12.97,5483477967.268696,382123890.0,0.1887,-49.22,17918153,14443701,15891772
4466,RNXT,Healthcare,Biotechnology,NASDAQ,72.11,24,82.58,16,0.82,38925538.9936918,45052706.0,0.0108,-43.45,256659,292169,373223
4467,TENB,Technology,Software - Infrastructure,NASDAQ,72.07,24,100.18,77,21.49,2407237162.176916,110271973.0,0.1667,-39.79,3124516,3507598,3233065
4468,ATPC,Consumer Defensive,Packaged Foods,NASDAQ,72.06,24,82.62,16,2.21,2371483.505487442,1000626.0,0.0069,-98.14,73602,52717,2422726
4469,MGX,Healthcare,Biotechnology,NASDAQ,72.06,24,87.65,28,1.31,53082349.1133939,37647057.0,0.061300002,-66.84,186117,171445,214043
4470,KOSS,Technology,Consumer Electronics,NASDAQ,72.05,23,87.27,27,3.86,39380380.635536194,9466438.0,0.0399,-55.06,29027,29282,26421
4471,FLYX,Industrials,Airlines,NYSE ARCA,72.01,23,88.9,32,2.28,247036125.97480774,105121760.0,0.0002,-74.32,372192,796384,938638
4472,EEFT,Technology,Software - Infrastructure,NASDAQ,72.01,23,87.98,29,66.08,2613207007.8380127,37966104.0,0.1397,-42.16,638211,703367,664346
4473,PATK,Consumer Cyclical,Recreational Vehicles,NASDAQ,72.0,23,82.2,16,91.19,3130447972.68071,32893223.0,0.096499994,-38.59,546077,609035,501493
4474,SUZ,Basic Materials,Paper & Paper Products,NYSE,71.92,23,81.13,14,8.21,10964178918.039942,1236096850.0,0.0119,-28.83,2622478,2988782,3530931
4475,NCTY,Financial Services,Capital Markets,NASDAQ,71.92,23,96.61,68,5.66,88584371.51312542,15273167.0,0.0147,-54.76,34156,38985,33603
4476,BH,Consumer Cyclical,Restaurants,NYSE,71.91,23,78.39,11,267.44,962862964.1455078,3139020.0,0.96,-44.7,59533,77941,92550
4477,JHX,Basic Materials,Building Materials,NYSE,71.9,23,86.52,25,19.27,12171985006.618843,580170890.0,2.9,-35.4,5534197,6469339,6779201
4478,APM,Healthcare,Biotechnology,NASDAQ,71.9,23,88.88,32,0.82,6840755.666421473,8143757.0,0.002,-81.66,19696,21852,51957
4479,PRHI,Financial Services,Insurance - Property & Casualty,NASDAQ,71.89,23,87.63,28,0.67,17307102.80772245,26222882.0,0.0007,-76.33,17321,20783,28810
4480,ZH,Communication Services,Internet Content & Information,NYSE,71.87,23,88.57,31,3.12,284678265.9168565,86792155.0,0.0214,-43.78,182837,316505,441427
4481,IR,Industrials,Specialty Industrial Machinery,NYSE,71.84,23,80.14,13,70.35,29643765175.5,391336834.0,0.0596,-30.32,3698233,3770614,3539110
4482,BAER,Industrials,Security & Protection Services,NASDAQ,71.78,23,73.53,6,1.67,97407616.58805227,57637641.0,0.0383,-51.45,739306,531198,586383
4483,DQ,Technology,Semiconductor Equipment & Materials,NYSE,71.75,23,81.6,15,18.19,1261296752.3798676,67666137.0,0.0635,-50.29,850835,831905,752839
4484,SYK,Healthcare,Medical Devices,NYSE,71.75,23,89.37,33,306.76,109330515171.42007,382984253.0,0.0128999995,-24.23,3092679,2405939,2366315
4485,NU,Financial Services,Banks - Regional,NYSE,71.73,23,76.41,9,12.19,67076270452.885735,4860599241.0,0.035,-35.77,57665654,42650394,48033752
4486,IBN,Financial Services,Banks - Regional,NYSE,71.73,23,89.44,34,26.05,94934234055.4787,3583776326.0,0.0143,-24.65,7480527,7151302,7023369
4487,AURE,Financial Services,Capital Markets,NASDAQ,71.71,23,99.23,75,2.48,86479996.49047852,36800000.0,0.0015,-83.01,34299,91266,67315
4488,TMUS,Communication Services,Telecom Services,NASDAQ,71.69,23,86.41,25,185.22,209547304636.91272,1082204717.0,0.0377,-29.19,4775006,6000952,5781811
4489,UPB,Healthcare,Biotechnology,NASDAQ,71.68,23,90.79,39,9.09,494677690.133831,54419987.0,0.0856,-73.01,515170,546073,717704
4490,DLTR,Consumer Defensive,Discount Stores,NASDAQ,71.66,23,81.32,15,89.58,18350921845.461655,194725406.0,0.0789,-37.09,3984095,3697335,3492487
4491,YDDL,Industrials,Waste Management,NASDAQ,71.66,23,69.12,4,4.26,254391329.68249798,56033333.0,0.0023999999,-73.75,115686,258008,297519
4492,TAP,Consumer Defensive,Beverages - Brewers,NYSE,71.62,23,85.83,23,40.84,7954053148.981934,187551360.0,0.1573,-29.06,3359065,3257561,3098959
4493,OSIS,Technology,Electronic Components,NASDAQ,71.61,23,68.94,4,205.4,3804745528.881073,16482890.0,0.15439999,-34.11,498046,315195,320081
4494,YELP,Communication Services,Internet Content & Information,NYSE,71.61,23,78.59,11,21.65,1511962780.9402657,55833190.0,0.2518,-47.48,1429906,1107352,1176757
4495,STLA,Consumer Cyclical,Auto Manufacturers,NYSE,71.61,23,93.59,52,7.49,22426709437.9131,2897507765.0,0.025999999,-38.71,16285023,18879277,21038868
4496,RDIB,Communication Services,Entertainment,NASDAQ,71.6,23,88.67,31,9.4,226945422.20043182,22717260.0,0.0168,-45.98,1087,2263,3805
4497,HROW,Healthcare,Drug Manufacturers - Specialty & Generic,NASDAQ,71.57,23,72.04,6,31.21,1424962829.5375824,37273420.0,0.2167,-43.1,1357557,777765,776861
4498,ISRG,Healthcare,Medical Instruments & Supplies,NASDAQ,71.56,23,85.68,23,421.12,159394527805.86462,354162842.0,0.0189,-30.26,2362282,2252150,2024290
4499,BKNG,Consumer Cyclical,Travel Services,NASDAQ,71.55,23,84.67,21,154.13,128575573210.10083,774878436.0,0.0346,-34.01,7631446,7342818,7666291
4500,MLCO,Consumer Cyclical,Resorts & Casinos,NASDAQ,71.51,23,92.27,45,5.5,2085125584.4335585,388291551.0,0.0353,-45.81,2474326,1697928,1605473
4501,WINA,Consumer Cyclical,Specialty Retail,NASDAQ,71.5,23,82.73,17,351.18,1335902329.5636292,3577671.0,0.1397,-33.41,42080,64723,69976
4502,GFL,Industrials,Waste Management,NYSE,71.49,23,85.86,24,37.09,13262085763.738323,360971289.0,0.065,-27.99,2314600,2805830,2342216
4503,BOOT,Consumer Cyclical,Apparel Retail,NYSE,71.45,23,83.39,18,143.85,4967656475.135788,30420431.0,0.1232,-31.58,931344,726741,733686
4504,FISK,Real Estate,REIT - Office,NYSE ARCA,71.44,23,94.2,57,5.4,1482666340.5848293,274567836.0,0.81,-40.2,710,990,982
4505,PLBY,Consumer Cyclical,Leisure,NASDAQ,71.43,23,73.27,6,1.33,207828221.29443216,115460126.0,0.0182,-51.64,1471841,974897,964420
4506,CLBT,Technology,Software - Infrastructure,NASDAQ,71.42,23,89.85,35,12.98,3397370278.9938784,249439817.0,0.0385,-36.53,2601359,2067539,1881525
4507,NHTC,Consumer Cyclical,Internet Retail,NASDAQ,71.42,23,87.54,28,2.82,26591331.081952572,8577849.0,0.0033000002,-53.0,44901,31200,28400
4508,CBAT,Industrials,Electrical Equipment & Parts,NASDAQ,71.4,23,88.27,30,0.78,70030212.34213328,88645836.0,0.0021,-37.6,64373,75514,94596
4509,XYL,Industrials,Specialty Industrial Machinery,NYSE,71.39,23,84.15,19,108.12,27032881756.81127,237693493.0,0.028299998,-29.92,2036160,2415550,2232420
4510,CNTY,Consumer Cyclical,Resorts & Casinos,NASDAQ,71.39,23,89.26,33,1.38,42306133.5,28204089.0,0.0042,-51.58,84030,54580,67192
4511,DEO,Consumer Defensive,Beverages - Wineries & Distilleries,NYSE,71.39,23,94.72,61,81.69,46862067289.16115,555896389.0,0.0069999998,-29.83,1491719,1560216,1689939
4512,AGAE,Communication Services,Entertainment,NASDAQ,71.38,23,95.02,62,0.4,16968118.050498366,37706930.0,0.3085,-89.45,2008350,25652780,15494064
4513,SHOP,Technology,Software - Application,NASDAQ,71.38,23,77.05,9,100.28,143274050242.2531,1297654610.0,0.0178,-44.96,19889911,11504363,10190512
4514,MTH,Consumer Cyclical,Residential Construction,NYSE,71.38,23,82.63,16,59.17,4352731576.031342,66800665.0,0.0712,-30.17,882879,927109,998373
4515,TREE,Financial Services,Financial Conglomerates,NASDAQ,71.35,23,82.32,16,35.73,544167702.0,13953018.0,0.087,-53.81,338077,282192,267397
4516,OTH,Consumer Cyclical,Auto & Truck Dealerships,NYSE ARCA,71.35,23,89.67,34,2.62,59365119.62890625,24320000.0,0.0047,-32.82,52918,85699,81579
4517,ARBB,Technology,Information Technology Services,NASDAQ,71.34,23,96.16,67,4.66,7978957.086330414,1765256.0,0.0217,-66.45,217673,74921,47300
4518,HLMN,Industrials,Tools & Accessories,NASDAQ,71.32,23,80.67,14,7.21,1542207529.3568087,196209606.0,0.028199999,-33.55,1105833,1293281,1424302
4519,FDS,Financial Services,Financial Data & Stock Exchanges,NYSE,71.23,23,89.43,34,212.58,8146364330.705795,36431127.0,0.1503,-55.23,957201,913093,966378
4520,WPP,Communication Services,Advertising Agencies,NYSE,71.23,23,92.49,47,17.47,4091921937.6771946,215704907.0,0.018099999,-57.34,473660,494916,606686
4521,VST,Utilities,Utilities - Independent Power Producers,NYSE,71.22,23,82.39,16,139.68,49781640411.37695,337000000.0,0.038399998,-36.46,6085745,4440648,4447215
4522,SCVL,Consumer Cyclical,Apparel Retail,NASDAQ,71.22,23,82.03,16,15.69,493066221.8181362,27484181.0,0.1508,-40.95,312612,407120,413222
4523,PSKY,Communication Services,Entertainment,NASDAQ,71.18,23,87.02,26,9.89,12411629383.992256,1119173058.0,0.1673,-52.59,11758318,11340209,12031587
4524,TRU,Financial Services,Financial Data & Stock Exchanges,NYSE,71.09,23,86.64,25,66.26,13881600000.0,192800000.0,0.0523,-33.33,2114288,2157156,2348225
4525,EVI,Industrials,Industrial Distribution,NYSE ARCA,71.02,23,80.23,13,16.89,288980538.7537575,14412995.0,0.027999999,-51.49,43430,33693,34686
4526,ADUS,Healthcare,Medical Care Facilities,NASDAQ,70.96,23,86.39,25,90.98,1858451740.6239624,18664776.0,0.059299998,-26.89,355350,278596,259518
4527,SNOW,Technology,Software - Application,NYSE,70.9,23,98.35,73,157.47,52701963945.007324,345700000.0,0.0535,-43.89,7061207,7957889,6629835
4528,SVRE,Technology,Scientific & Technical Instruments,NASDAQ,70.89,23,119.93,93,4.84,170466124.68742418,31626369.0,0.0087,-93.21,36613,40171,48156
4529,HHH,Real Estate,Real Estate - Development,NYSE,70.86,22,90.69,38,63.79,3921509018.374214,59624589.0,0.0968,-29.95,450156,442385,513931
4530,MQ,Technology,Software - Infrastructure,NASDAQ,70.84,22,86.53,25,3.81,1768206437.5609455,424030313.0,0.0523,-45.88,4279068,3433486,3261433
4531,DKI,Communication Services,Electronic Gaming & Multimedia,NASDAQ,70.83,22,83.5,18,5.72,2139248.803158641,6366812.0,0.0466,-51.53,47920,707860,426249
4532,MAIA,Healthcare,Biotechnology,NYSE ARCA,70.78,22,83.31,18,1.26,80086372.6223464,60671492.0,0.0505,-60.5,563662,648927,709706
4533,BAH,Industrials,Consulting Services,NYSE,70.76,22,85.07,22,72.67,9290591838.96746,120594389.0,0.0731,-44.49,1787484,1449884,1726436
4534,LNN,Industrials,Farm & Heavy Construction Machinery,NYSE,70.75,22,87.96,29,105.33,1143427286.6146088,10454670.0,0.056999996,-30.23,193947,192265,183211
4535,UL,Consumer Defensive,Household & Personal Products,NYSE,70.74,22,87.19,27,56.24,127361288314.10373,2180843921.0,0.49,-24.99,3813390,4133060,4734178
4536,CRCT,Technology,Computer Hardware,NASDAQ,70.73,22,85.49,23,3.93,902564166.2349873,209898634.0,0.1095,-46.38,656970,505516,528758
4537,MAGN,Consumer Defensive,Household & Personal Products,NYSE,70.72,22,88.87,32,9.94,430047997.28393555,35600000.0,0.1025,-36.45,525485,405191,479801
4538,CBRL,Consumer Cyclical,Restaurants,NASDAQ,70.69,22,95.7,65,30.71,703833709.1542568,22351023.0,0.3625,-57.31,1004097,1018009,1049207
4539,AMCR,Consumer Cyclical,Packaging & Containers,NYSE,70.64,22,84.93,21,36.69,18461463542.796707,462345690.0,0.0844,-27.97,4807391,4198830,5612966
4540,TNXP,Healthcare,Biotechnology,NASDAQ,70.64,22,105.29,84,15.74,200154102.25757217,14205401.0,0.17459999,-77.5,476576,418998,438301
4541,DLB,Industrials,Specialty Business Services,NYSE,70.62,22,83.84,19,54.21,5500880531.595268,94598115.0,0.0913,-30.75,959180,712393,692532
4542,STN,Industrials,Engineering & Construction,NYSE,70.61,22,81.45,15,77.27,9970596450.675812,114066995.0,3.57,-32.53,426736,360508,348257
4543,WTW,Financial Services,Insurance Brokers,NASDAQ,70.61,22,84.67,21,248.38,24212681743.844727,94447976.0,0.025,-29.6,1044264,836441,714394
4544,MAN,Industrials,Staffing & Employment Services,NYSE,70.59,22,81.41,15,25.97,1387251043.733757,46489646.0,0.1664,-45.14,899567,1110399,1117819
4545,CHPT,Consumer Cyclical,Specialty Retail,NYSE,70.59,22,106.24,86,6.63,152357307.05156708,24416236.0,0.161,-62.71,438600,480936,475842
4546,LSH,Industrials,Integrated Freight & Logistics,NASDAQ,70.58,22,89.82,35,0.59,21241803.34484446,34427559.0,0.0034999999,-64.88,57944,40924,55092
4547,BTBD,Consumer Cyclical,Restaurants,NASDAQ,70.56,22,58.34,2,1.08,7016385.271955967,6154724.0,0.2617,-80.71,258175,1602735,1162737
4548,DOCU,Technology,Software - Application,NASDAQ,70.54,22,95.43,64,47.71,9306557685.865128,194291386.0,0.1022,-49.6,3238961,3339620,4073130
4549,SGLY,Industrials,Integrated Freight & Logistics,NASDAQ,70.53,22,97.65,71,0.44,3355006.38086164,7293492.0,0.0067000003,-70.07,80505,711938,441531
4550,YMM,Technology,Software - Application,NYSE,70.52,22,93.68,52,8.66,9214328288.01467,1045894194.0,0.02,-38.45,6883861,5696703,6640376
4551,JZ,Technology,Information Technology Services,NASDAQ,70.52,22,109.84,88,1.0,36854515.048184395,47249380.0,0.00090000004,-85.71,60924,55191,186494
4552,CAN,Technology,Computer Hardware,NASDAQ,70.52,22,95.78,65,0.5,380207226.6903162,745504380.0,0.0832,-77.48,8436910,9722500,9758478
4553,WFCF,Industrials,Specialty Business Services,NASDAQ,70.52,22,70.74,5,9.23,84700344.75,5056737.0,0.003,-58.33,62284,24238,15292
4554,VRDN,Healthcare,Biotechnology,NASDAQ,70.49,22,96.81,69,16.82,1712071494.3118286,103074740.0,0.1075,-50.95,5182449,3590509,3084309
4555,BGI,Consumer Cyclical,Luxury Goods,NYSE ARCA,70.49,22,86.57,25,0.69,13128441.287021637,19594688.0,0.018099999,-56.05,12500,24396,25490
4556,SPWH,Consumer Cyclical,Specialty Retail,NASDAQ,70.49,22,88.71,31,1.32,57650958.74297619,38953350.0,0.0226,-69.52,307326,1015632,760709
4557,PACB,Healthcare,Medical Devices,NASDAQ,70.44,22,67.26,4,1.12,437786799.226375,310487099.0,0.1717,-58.97,6849842,6270010,6125540
4558,CTOR,Healthcare,Drug Manufacturers - Specialty & Generic,NASDAQ,70.42,22,101.43,79,0.96,80065610.49102187,88275204.0,0.0421,-84.49,99805,118698,171581
4559,SID,Basic Materials,Steel,NYSE,70.36,22,87.22,27,1.26,1835067370.8792152,1329758969.0,0.0112,-42.73,3110862,3359617,5104368
4560,SLVM,Basic Materials,Paper & Paper Products,NYSE,70.36,22,79.32,12,37.41,1633123934.0686264,39735377.0,0.0575,-35.11,349164,335321,359028
4561,HRL,Consumer Defensive,Packaged Foods,NYSE,70.34,22,85.42,22,19.74,11247809484.963472,550284207.0,0.0774,-38.04,4563555,4834471,4668587
4562,DV,Communication Services,Advertising Agencies,NYSE,70.34,22,81.16,14,9.06,1697313994.7361364,153464189.0,0.08229999,-46.14,3235250,2480083,2693938
4563,RLI,Financial Services,Insurance - Property & Casualty,NYSE,70.34,22,85.27,22,50.82,4509575065.40662,91938331.0,0.0579,-34.21,1075260,880466,790748
4564,FULC,Healthcare,Biotechnology,NASDAQ,70.34,22,77.39,10,6.69,467099595.46115685,66633321.0,0.1148,-57.5,570244,741144,952078
4565,IMSR,Utilities,Utilities - Regulated Electric,NASDAQ,70.33,22,97.05,70,7.3,784539539.3857756,106306169.0,1.92,-76.83,3677528,2879789,2344753
4566,ALNY,Healthcare,Biotechnology,NASDAQ,70.32,22,87.37,27,286.98,39392883033.85785,133512573.0,0.050300002,-42.09,1062606,1114742,1131639
4567,MHK,Consumer Cyclical,"Furnishings, Fixtures & Appliances",NYSE,70.3,22,86.54,25,96.56,6328765156.958542,60953145.0,0.1112,-32.54,1021503,1001614,1069060
4568,ARCT,Healthcare,Biotechnology,NASDAQ,70.25,22,85.39,22,7.47,262060703.76977825,28423069.0,0.33200002,-69.09,518506,405395,470575
4569,PSEC,Financial Services,Asset Management,NASDAQ,70.23,22,74.09,7,2.18,1237488917.243944,501007653.0,0.09689999,-42.18,7506927,5713882,5253533
4570,XOS,Industrials,Farm & Heavy Construction Machinery,NASDAQ,70.22,22,109.63,88,2.13,22183428.642419457,12056211.0,0.0383,-61.96,1381653,474791,298378
4571,BCC,Basic Materials,Lumber & Wood Production,NYSE,70.21,22,78.83,11,65.99,2486858578.685669,35189736.0,0.0462,-30.94,620372,412234,440216
4572,GDTC,Healthcare,Biotechnology,NASDAQ,70.13,22,109.61,88,1.16,9229610.961459875,11832835.0,0.020599999,-68.48,29403,14197,11646
4573,RKT,Financial Services,Mortgage Finance,NYSE,70.11,22,80.42,13,13.35,44387881506.37102,2829055621.0,0.0681,-45.2,25852894,24529618,25095872
4574,CRMD,Healthcare,Biotechnology,NASDAQ,70.11,22,95.82,66,7.55,621262942.7846718,78442290.0,0.2031,-56.68,1544953,1137397,1294928
4575,NBP,Healthcare,Biotechnology,NASDAQ,70.1,22,66.3,3,1.82,254426716.51455045,115648505.0,0.0834,-73.2,1007105,1026911,1031383
4576,DFIN,Technology,Software - Application,NYSE,70.09,22,76.5,9,38.55,1070244948.8120079,24982375.0,0.0509,-41.81,388057,265689,264563
4577,ACCS,Communication Services,Advertising Agencies,NYSE ARCA,70.04,22,77.94,10,6.69,31794749.54098797,3882143.0,0.0073,-49.89,11274,9651,11802
4578,RMTI,Healthcare,Drug Manufacturers - Specialty & Generic,NASDAQ,70.03,22,79.9,13,0.79,32760347.511268318,39470299.0,0.027999999,-62.38,315198,234349,263159
4579,KMX,Consumer Cyclical,Auto & Truck Dealerships,NYSE,70.03,22,86.78,26,36.93,5721047664.740124,141820715.0,0.1157,-48.7,2690272,3432810,3345756
4580,EPAC,Industrials,Specialty Industrial Machinery,NYSE,70.02,22,86.94,26,33.65,1874614413.2790756,52776306.0,0.026099999,-27.46,347313,387427,415568
4581,PAY,Technology,Software - Infrastructure,NYSE,70.01,22,87.05,27,24.28,3351027860.9042816,125789337.0,0.0468,-39.95,714579,506129,510263
4582,HUIZ,Financial Services,Insurance Brokers,NASDAQ,70.01,22,101.33,79,1.79,17079269.018274307,10106076.0,0.0378,-60.49,16685,484821,296679
4583,FOXF,Consumer Cyclical,Auto Parts,NASDAQ,70.0,22,86.07,24,16.07,746460768.0053711,41936000.0,0.1266,-48.46,696425,516781,631971
4584,OGI,Healthcare,Drug Manufacturers - Specialty & Generic,NASDAQ,69.99,22,71.73,5,1.07,191265418.97181892,140636336.0,8.68,-52.23,1026502,877054,702554
4585,UHS,Healthcare,Medical Care Facilities,NYSE,69.98,22,87.16,27,168.64,10288758622.39302,60536351.0,0.0481,-31.54,1044051,844667,820340
4586,SLNG,Energy,Oil & Gas Integrated,NASDAQ,69.95,22,83.72,19,3.95,74571171.26635551,18596301.0,0.002,-37.89,26651,30073,50754
4587,LPX,Industrials,Building Products & Equipment,NYSE,69.92,22,87.97,29,69.86,5250345838.605347,69864880.0,0.0773,-32.08,1570060,1291473,1083892
4588,EVEX,Industrials,Aerospace & Defense,NYSE,69.91,21,99.17,75,2.99,1125023812.9633827,348304584.0,0.0673,-61.16,1342144,1328194,1359220
4589,TCOM,Consumer Cyclical,Travel Services,NASDAQ,69.91,21,87.06,27,49.61,33172871287.130783,629705222.0,0.0195,-37.19,2597526,2592175,2621939
4590,MNTK,Basic Materials,Specialty Chemicals,NASDAQ,69.89,21,105.61,85,1.53,189313720.97861898,142341139.0,0.026800001,-44.96,321691,281230,327128
4591,CDRE,Industrials,Aerospace & Defense,NYSE,69.89,21,86.56,25,29.78,1277503928.675932,42797451.0,0.069299996,-38.93,560060,457803,487866
4592,LSF,Consumer Defensive,Packaged Foods,NYSE ARCA,69.89,21,95.75,65,2.93,33321914.37904501,10925218.0,0.0106,-62.89,40552,47654,51204
4593,NEGG,Consumer Cyclical,Internet Retail,NASDAQ,69.87,21,49.38,1,20.19,535022765.4003525,20973060.0,0.236,-85.35,107953,89301,75746
4594,CRAI,Industrials,Consulting Services,NASDAQ,69.86,21,80.42,13,137.75,902110855.874176,6463038.0,0.0395,-39.39,177513,177804,187428
4595,DOX,Technology,Software - Infrastructure,NASDAQ,69.83,21,86.06,24,60.58,6857651250.0,107571000.0,0.0583,-36.51,1227936,1010105,1076209
4596,BRBI,Financial Services,Capital Markets,NASDAQ,69.77,21,86.83,26,13.68,379296975.6934147,26248926.0,7.38,-79.59,1014,3028,3356
4597,OSG,Financial Services,Insurance - Specialty,NYSE,69.75,21,111.98,90,5.66,241722983.8886032,45013592.0,0.032,-45.47,1420771,837253,745242
4598,J,Industrials,Engineering & Construction,NYSE,69.73,21,80.6,14,110.51,13984318536.005424,118080879.0,0.0427,-34.39,2120194,1215554,1115294
4599,GEHC,Healthcare,Medical Devices,NASDAQ,69.72,21,83.5,18,60.76,28871982212.707825,454891786.0,0.030199999,-32.32,5655130,5268193,4702582
4600,DOMH,Financial Services,Capital Markets,NASDAQ,69.68,21,103.78,82,3.32,82314165.21228004,22613781.0,0.0505,-60.48,308932,160094,155044
4601,MOBX,Technology,Semiconductors,NASDAQ,69.67,21,85.24,22,2.25,21289692.0,10644846.0,0.1515,-84.37,17586776,6467867,6035199
4602,PLUR,Healthcare,Biotechnology,NASDAQ,69.62,21,92.75,48,3.37,37603584.44275522,10774666.0,0.0064,-43.46,10989,6906,6693
4603,SLGN,Consumer Cyclical,Packaging & Containers,NYSE,69.56,21,83.21,18,36.63,4254666879.700035,105679758.0,0.08189999,-35.78,738615,759881,813471
4604,MBOT,Healthcare,Medical Instruments & Supplies,NASDAQ,69.56,21,78.19,10,1.85,143046641.4056282,67158044.0,0.1278,-60.39,2093072,1739197,1720852
4605,LUXE,Consumer Cyclical,Luxury Goods,NYSE,69.49,21,80.02,13,7.59,1162605856.4128036,137261608.0,0.22670001,-33.3,204011,186853,198732
4606,MFI,Technology,Software - Application,NASDAQ,69.48,21,83.96,19,10.13,533611217.52892494,51656459.0,0.0008,-83.32,4228,14209,10417
4607,ALLE,Industrials,Security & Protection Services,NYSE,69.41,21,81.51,15,125.65,11547201222.961304,85935861.0,0.0357,-31.38,1171270,1093880,996396
4608,LE,Consumer Cyclical,Apparel Retail,NASDAQ,69.4,21,82.51,16,10.97,355064877.46688175,30794873.0,0.1754,-45.26,250858,325489,447991
4609,SOFI,Financial Services,Credit Services,NASDAQ,69.4,21,84.62,20,15.61,20203173900.0,1282741200.0,0.125,-52.31,60292114,63328161,65244098
4610,TOPP,Industrials,Trucking,NYSE ARCA,69.36,21,101.52,79,0.87,19503000.18787384,19700000.0,0.0017,-77.46,31153,19604,21232
4611,CTXR,Healthcare,Biotechnology,NASDAQ,69.34,21,85.65,23,0.7,17569644.407287836,27452570.0,0.183,-71.77,733269,811426,777165
4612,NRG,Utilities,Utilities - Independent Power Producers,NYSE,69.34,21,75.4,8,127.81,29139341500.47592,210986470.0,0.031400003,-32.72,3176255,2760545,2698813
4613,ADBE,Technology,Software - Application,NASDAQ,69.33,21,92.68,47,247.6,102278765286.25488,404200000.0,0.040700004,-41.46,4366838,5063582,5616367
4614,MATV,Basic Materials,Specialty Chemicals,NYSE,69.32,21,77.79,10,8.19,508182700.87794113,55117428.0,0.020299999,-47.09,461206,398135,455009
4615,QXO,Industrials,Industrial Distribution,NYSE,69.3,21,71.11,5,16.33,13599648207.762836,724927934.0,0.1238,-40.85,15929726,16265598,12636025
4616,HDL,Consumer Cyclical,Restaurants,NASDAQ,69.29,21,94.17,56,14.82,788998797.0222473,58836600.0,0.0001,-37.26,3182,1740,1526
4617,BSY,Technology,Software - Application,NASDAQ,69.26,21,88.46,30,32.07,9952378530.32737,303796674.0,0.0846,-45.87,3035158,2314966,2463787
4618,HD,Consumer Cyclical,Home Improvement Retail,NYSE,69.23,21,82.91,17,297.51,316188992190.64075,996027658.0,0.0136,-30.28,5355790,4144203,4176732
4619,QSI,Healthcare,Medical Devices,NASDAQ,69.22,21,90.28,37,0.89,197508468.9831975,217760163.0,0.1305,-71.29,6270699,5927389,4986397
4620,PETS,Healthcare,Pharmaceutical Retailers,NASDAQ,69.21,21,85.86,24,2.23,48793127.98772693,21400495.0,0.0514,-48.38,53810,72543,78916
4621,NTRP,Consumer Cyclical,Travel Services,NASDAQ,69.2,21,76.16,9,2.42,34549304.06976557,13570033.0,0.0084,-53.46,38991,62150,82946
4622,GWRE,Technology,Software - Application,NYSE,69.18,21,87.71,28,130.14,11770904657.742065,85019176.0,0.059899997,-52.26,1244006,1372178,1364849
4623,MTD,Healthcare,Diagnostics & Research,NYSE,69.16,21,75.28,8,1031.64,22768633141.342773,20248505.0,0.0367,-32.36,246086,170075,169661
4624,HGBL,Financial Services,Capital Markets,NASDAQ,69.16,21,81.58,15,1.19,44816603.33471489,34741554.0,0.0034,-48.71,124278,74132,84127
4625,AJG,Financial Services,Insurance Brokers,NYSE,69.15,21,88.26,30,199.95,51098054285.40039,256942000.0,0.0253,-43.07,2137569,1906229,2029101
4626,DRVN,Consumer Cyclical,Auto & Truck Dealerships,NASDAQ,69.14,21,88.4,30,13.0,2205331038.286278,164454218.0,0.2384,-34.14,1324131,1614517,1891526
4627,STKS,Consumer Cyclical,Restaurants,NASDAQ,69.11,21,95.88,66,1.92,63128602.0,31564301.0,0.0558,-63.5,33866,38562,45457
4628,HSPT,Financial Services,Shell Companies,NASDAQ,69.1,21,99.53,76,8.6,45977103.97537851,5860689.0,0.001,-39.9,53702,27350,19278
4629,MH,Consumer Defensive,Education & Training Services,NYSE,69.1,21,83.2,18,11.42,2246177907.1567783,191001519.0,0.15529999,-36.56,357188,351019,368615
4630,PESI,Industrials,Waste Management,NASDAQ,69.07,21,72.68,6,9.74,204210391.0,18564581.0,0.0775,-40.97,362076,193488,201495
4631,COOK,Consumer Cyclical,"Furnishings, Fixtures & Appliances",NYSE,69.03,21,97.67,71,40.74,121357429.49986267,2768821.0,0.08270001,-63.13,8648,11816,16452
4632,CRM,Technology,Software - Application,NYSE,68.98,21,88.19,30,173.51,148738537725.68457,818053744.0,0.1047,-41.39,11539469,13076926,13084979
4633,XRAY,Healthcare,Medical Instruments & Supplies,NASDAQ,68.97,21,78.61,11,10.07,2203593513.0,200326683.0,0.11310001,-41.39,6523594,4299824,4289842
4634,DHR,Healthcare,Diagnostics & Research,NYSE,68.97,21,80.74,14,161.91,121142023109.25345,707770627.0,0.0128999995,-33.32,5223343,4892741,4572372
4635,UFPI,Basic Materials,Lumber & Wood Production,NASDAQ,68.95,21,81.45,15,80.01,4765801652.272415,56480230.0,0.028900001,-32.19,609051,468547,445110
4636,ROP,Technology,Software - Application,NASDAQ,68.95,21,86.07,24,320.9,34646948431.02081,100917359.0,0.0428,-45.05,1202335,1174218,1257631
4637,TCPC,Financial Services,Asset Management,NASDAQ,68.94,21,92.66,47,4.15,351552632.0509553,83902775.0,0.0696,-48.51,630055,771928,1083029
4638,COR,Healthcare,Medical Distribution,NYSE,68.92,21,75.24,8,257.71,50795998932.28577,194561060.0,0.028299998,-31.74,3053362,1913877,1775762
4639,RNTX,Healthcare,Biotechnology,NASDAQ,68.89,21,83.88,19,1.05,95207621.27271461,78039032.0,0.01,-56.25,1383762,989547,631350
4640,UONEK,Communication Services,Broadcasting,NASDAQ,68.87,21,85.73,23,5.11,26446921.815026283,4639811.0,5.67,-63.5,13868,13209,9199
4641,LGO,Basic Materials,Other Industrial Metals & Mining,NASDAQ,68.81,21,75.8,8,1.01,110954438.44770527,97328456.0,3.16,-62.59,1106514,1131088,1255878
4642,ACB,Healthcare,Drug Manufacturers - Specialty & Generic,NASDAQ,68.81,21,88.88,32,3.32,201621724.71487713,59126604.0,11.03,-50.19,714934,1278731,1001022
4643,FSV,Real Estate,Real Estate Services,NASDAQ,68.79,21,86.45,25,129.7,6187733145.012085,45984938.0,2.8,-38.14,220956,203068,193099
4644,RMD,Healthcare,Medical Instruments & Supplies,NYSE,68.78,21,86.13,24,201.88,29991857159.021484,145056384.0,0.090900004,-31.29,1459902,1275817,1191024
4645,SCM,Financial Services,Asset Management,NYSE,68.76,21,86.45,25,9.07,282235736.25,28947255.0,0.029000001,-41.07,159369,146816,205715
4646,USPH,Healthcare,Medical Care Facilities,NYSE,68.74,21,77.65,10,62.81,903008769.823822,15230372.0,0.078,-32.82,325605,212295,192715
4647,WWR,Basic Materials,Other Industrial Metals & Mining,NYSE ARCA,68.72,20,81.88,15,0.6,82303951.59046507,124702952.0,0.024600001,-84.0,1104614,989104,1009318
4648,PLBL,Consumer Cyclical,Department Stores,NASDAQ,68.7,20,87.32,27,7.05,2711267312.941432,366387470.0,0.0042,-47.7,4554,9794,7264
4649,ONON,Consumer Cyclical,Footwear & Accessories,NYSE,68.68,20,97.01,69,37.26,11664353195.608349,330997521.0,0.0452,-39.21,9042181,6689847,7194484
4650,SVC,Real Estate,REIT - Hotel & Motel,NASDAQ,68.61,20,101.72,80,1.66,1061419406.7816302,647206961.0,0.025999999,-46.1,9090780,13087893,11325232
4651,ZBAO,Financial Services,Insurance Brokers,NASDAQ,68.6,20,90.51,37,0.75,23161950.803628206,34061692.0,0.022,-44.03,726476,402575,286833
4652,WALD,Consumer Defensive,Household & Personal Products,NASDAQ,68.59,20,129.68,95,1.47,230867763.4840927,128259872.0,0.0197,-54.35,573801,1944637,1235280
4653,TECH,Healthcare,Biotechnology,NASDAQ,68.55,20,72.68,6,43.3,7571664893.921982,156568751.0,0.1021,-39.99,4274230,2753246,2585978
4654,KRUS,Consumer Cyclical,Restaurants,NASDAQ,68.54,20,78.4,11,50.46,696073629.3319016,12147882.0,0.2666,-47.43,253343,377051,335308
4655,HLLY,Consumer Cyclical,Auto Parts,NYSE,68.52,20,76.26,9,2.64,339442963.3244457,120369848.0,0.0232,-41.07,1022678,702116,841265
4656,SNTI,Healthcare,Biotechnology,NASDAQ,68.48,20,101.97,80,1.01,30708727.488552928,31144754.0,0.0376,-74.0,204351,208777,174032
4657,NRSN,Healthcare,Biotechnology,NASDAQ,68.47,20,90.26,37,0.83,31767835.267862678,36099813.0,0.024,-68.08,131957,139979,159529
4658,BTQ,Technology,Software - Infrastructure,NASDAQ,68.47,20,94.84,61,2.93,439476977.4758935,141310930.0,4.04,-81.69,2476940,2478906,2224296
4659,SCKT,Technology,Computer Hardware,NASDAQ,68.46,20,86.65,25,0.86,6989514.496050596,8222958.0,0.0066000004,-36.76,18094,59648,151778
4660,CCG,Communication Services,Internet Content & Information,NASDAQ,68.46,20,79.87,13,0.64,55624447.25557178,83021561.0,0.0017,-58.44,74677,82439,92009
4661,CNDT,Technology,Information Technology Services,NASDAQ,68.42,20,82.12,16,1.39,272970391.1608815,155096814.0,0.0375,-53.36,1518371,1197737,1333568
4662,SGRY,Healthcare,Medical Care Facilities,NASDAQ,68.42,20,94.78,61,13.95,1888581004.3991032,130788162.0,0.2402,-42.31,2247283,1439527,1484102
4663,JCTC,Basic Materials,Lumber & Wood Production,NASDAQ,68.37,20,94.56,60,1.91,7005024.903570414,3520113.0,0.0050999997,-52.49,43032,28104,20348
4664,TCX,Technology,Software - Infrastructure,NASDAQ,68.35,20,81.12,14,14.64,170247876.81368637,11149173.0,0.081999995,-41.84,21726,24988,30001
4665,SLM,Financial Services,Credit Services,NASDAQ,68.31,20,88.08,29,21.17,4237684468.153467,188592995.0,0.1491,-39.46,2090324,3208374,3496472
4666,MLKN,Consumer Cyclical,"Furnishings, Fixtures & Appliances",NASDAQ,68.29,20,81.65,15,14.46,1115875605.3736877,68374732.0,0.057800002,-37.62,647189,762373,907829
4667,XPEV,Consumer Cyclical,Auto Manufacturers,NYSE,68.28,20,86.15,24,15.62,14928825668.423014,955750690.0,0.065,-44.68,6278340,6167856,6861276
4668,SST,Industrials,Specialty Business Services,NYSE,68.24,20,86.94,26,3.02,31687308.856721878,8083497.0,0.15100001,-79.87,793921,2635397,4194114
4669,MMS,Industrials,Specialty Business Services,NYSE,68.23,20,82.98,17,59.36,3376768953.6354904,52540363.0,0.0809,-40.64,1009398,774982,753645
4670,ABG,Consumer Cyclical,Auto & Truck Dealerships,NYSE,68.22,20,81.66,15,179.17,3731021320.6359863,18618800.0,0.113000005,-34.73,316417,298845,276769
4671,SGI,Consumer Cyclical,"Furnishings, Fixtures & Appliances",NYSE,68.18,20,74.51,7,62.68,14578708135.913086,210340624.0,0.0717,-36.4,3598248,3127339,3002167
4672,AOS,Industrials,Specialty Industrial Machinery,NYSE,68.15,20,81.24,14,56.01,8076757156.09021,137828624.0,0.063200004,-31.59,1764356,1710778,1621261
4673,ETD,Consumer Cyclical,"Furnishings, Fixtures & Appliances",NYSE,68.15,20,82.46,16,18.84,518850836.67878723,25446339.0,0.0923,-40.02,556692,447220,423476
4674,MANH,Technology,Software - Application,NASDAQ,68.15,20,90.16,36,131.32,8461721630.818451,59164602.0,0.056599997,-46.88,574007,757342,696245
4675,OTIS,Industrials,Specialty Industrial Machinery,NYSE,68.15,20,83.19,18,71.01,28709636689.219147,383716076.0,0.0336,-29.98,4378514,3714738,3835894
4676,BBLG,Healthcare,Biotechnology,NASDAQ,68.09,20,93.72,52,1.27,2360767.002725601,1795260.0,0.004,-81.19,9715,9788,10841
4677,AEC,Energy,Uranium,NASDAQ,68.08,20,77.14,9,4.5,88924530.21204376,18184976.0,0.0047999998,-63.97,60223,46741,51744
4678,SAM,Consumer Defensive,Beverages - Brewers,NYSE,68.08,20,71.0,5,174.73,2054988606.1448364,10413442.0,0.1567,-33.93,334893,279227,231456
4679,BAX,Healthcare,Medical Instruments & Supplies,NYSE,68.07,20,91.66,42,17.3,9291277335.709625,516469008.0,0.1148,-47.06,6841883,7482071,8384172
4680,TRDA,Healthcare,Biotechnology,NASDAQ,68.06,20,45.53,0,6.38,265533019.3635559,38820616.0,0.0341,-61.22,1050184,465984,365042
4681,EVTC,Technology,Software - Infrastructure,NYSE,68.03,20,77.9,10,23.63,1479504473.5437775,61620344.0,0.044499997,-38.72,878910,478896,474604
4682,SDGR,Healthcare,Health Information Services,NASDAQ,68.01,20,94.0,54,11.95,981083114.6711082,74720724.0,0.2616,-56.75,1517940,1508290,1315426
4683,PAYO,Technology,Software - Infrastructure,NASDAQ,67.99,20,84.65,21,4.6,1727457855.1568298,334778664.0,0.0343,-39.99,5431638,3647479,3863253
4684,ESBA,Real Estate,REIT - Office,NYSE ARCA,67.98,20,89.97,35,5.28,1537579855.4151707,274567836.0,3.44,-39.66,3729,7379,5531
4685,CION,Financial Services,Asset Management,NYSE,67.97,20,82.37,16,6.73,362963339.00069237,49789210.0,0.0177,-38.43,784553,625114,710532
4686,SFIX,Consumer Cyclical,Apparel Retail,NASDAQ,67.96,20,78.58,11,3.06,487385387.28613853,136522520.0,0.16399999,-48.48,1438535,1562921,1996975
4687,CDIO,Healthcare,Biotechnology,NASDAQ,67.96,20,83.09,17,1.55,5415828.397006631,2959469.0,0.0182,-80.4,86493,72031,181012
4688,WEAV,Healthcare,Health Information Services,NYSE,67.95,20,91.05,40,5.28,472619876.45278215,79565635.0,0.0684,-53.36,1398904,1441831,1506112
4689,ESRT,Real Estate,REIT - Diversified,NYSE,67.95,20,90.36,37,5.38,984576488.5476904,172430207.0,0.0879,-38.58,1550700,1494016,1552326
4690,DXF,Financial Services,Credit Services,NYSE ARCA,67.94,20,198.63,99,1.39,1359101.4775668383,3235956.0,0.0176,-84.52,23329931,8300740,5007022
4691,PCTY,Technology,Software - Application,NASDAQ,67.93,20,94.52,59,107.12,5941536439.720154,53537000.0,0.0552,-46.96,992855,863715,791515
4692,AERO,Industrials,Airlines,NYSE,67.92,20,91.4,41,14.99,2379684522.869173,145903409.0,2.02,-34.97,227678,333566,499833
4693,FHTX,Healthcare,Biotechnology,NASDAQ,67.92,20,71.89,5,3.79,260689817.03963757,58713922.0,0.0347,-45.47,146207,133875,157115
4694,RACE,Consumer Cyclical,Auto Manufacturers,NYSE,67.92,20,86.6,25,321.2,59908411267.78131,176362009.0,0.03,-38.12,669046,566678,625643
4695,BBOT,Healthcare,Biotechnology,NASDAQ,67.82,20,87.66,28,8.51,613663537.8757668,80112735.0,11.78,-42.77,342001,457353,338912
4696,JJSF,Consumer Defensive,Packaged Foods,NASDAQ,67.81,20,80.36,13,71.4,1428447662.3814697,18753416.0,0.10560001,-44.75,313990,269903,277576
4697,CRTO,Communication Services,Advertising Agencies,NASDAQ,67.79,20,79.68,12,16.06,828532238.7299404,50244527.0,0.031600002,-47.58,489456,292695,345457
4698,RGEN,Healthcare,Medical Instruments & Supplies,NASDAQ,67.77,20,78.81,11,102.87,6964099528.757172,56407740.0,0.097600006,-41.47,1569544,1160851,1084168
4699,USNA,Consumer Defensive,Packaged Foods,NYSE,67.68,20,88.84,32,17.98,349943489.6621704,18456936.0,0.0438,-53.08,136046,112118,125073
4700,WVE,Healthcare,Biotechnology,NASDAQ,67.67,20,79.68,12,6.77,1381447777.331973,192402202.0,0.0885,-68.84,4240671,3916810,4976594
4701,ALC,Healthcare,Medical Instruments & Supplies,NYSE,67.63,20,78.87,11,63.64,30510512669.75403,487700000.0,3.55,-33.25,3077462,1958550,1764610
4702,ARE,Real Estate,REIT - Office,NYSE,67.61,20,94.4,58,44.97,8061705852.294464,174269480.0,0.0588,-49.04,2258668,2395099,2381383
4703,FSK,Financial Services,Asset Management,NYSE,67.59,20,90.46,37,10.98,3035920176.4547462,280066433.0,0.0495,-51.59,4499726,3593975,3935161
4704,JG,Technology,Software - Application,NASDAQ,67.57,20,81.15,14,6.2,41005543.72208023,5960108.0,0.0017,-51.56,2729,3236,2645
4705,REKR,Technology,Software - Infrastructure,NASDAQ,67.45,19,85.26,22,0.77,119232752.03777969,136578177.0,0.1173,-77.49,7579571,4073583,3362226
4706,NWTG,Consumer Cyclical,Leisure,NASDAQ,67.44,19,78.69,11,1.09,5845530.810646057,4752464.0,0.0099,-57.59,65605,52071,40333
4707,BIVI,Healthcare,Biotechnology,NASDAQ,67.43,19,82.92,17,1.31,11084879.19574213,7540734.0,0.0172,-89.17,107912,89920,79694
4708,ACON,Healthcare,Health Information Services,NASDAQ,67.41,19,92.3,46,3.16,7842266.109108925,2462250.0,0.080299996,-73.73,49242,124094,97680
4709,SPOT,Communication Services,Internet Content & Information,NYSE,67.41,19,87.38,27,436.94,85914227326.61844,205620061.0,0.0401,-44.34,2192057,2120315,1970889
4710,CLX,Consumer Defensive,Household & Personal Products,NYSE,67.41,19,86.55,25,90.45,11144112150.987213,120921351.0,0.078099996,-34.57,3504419,3183123,2815755
4711,TNDM,Healthcare,Medical Devices,NASDAQ,67.38,19,62.48,2,12.82,1060830266.3498726,68529089.0,0.1895,-56.76,3451315,2198925,2101591
4712,YHGJ,Consumer Cyclical,Packaging & Containers,NASDAQ,67.38,19,102.11,80,3.27,9090770.5,2597363.0,0.0047999998,-68.86,9471,5593,6296
4713,HCWC,Consumer Defensive,Packaged Foods,NYSE ARCA,67.38,19,96.16,67,0.27,6597739.060152322,22750825.0,0.0229,-72.45,204615,245628,424711
4714,TRMB,Technology,Scientific & Technical Instruments,NASDAQ,67.34,19,77.13,9,55.13,14173180177.350025,233111519.0,0.0256,-36.99,2780738,1958522,1919341
4715,AVPT,Technology,Software - Infrastructure,NASDAQ,67.32,19,91.76,43,9.93,2416995953.521858,212017196.0,0.060300004,-50.95,2886618,1883079,1779103
4716,INTU,Technology,Software - Application,NASDAQ,67.31,19,92.21,45,393.0,110282798776.48993,278274077.0,0.039,-51.7,2492963,3033787,3070606
4717,AEYE,Technology,Software - Application,NASDAQ,67.31,19,90.98,40,6.93,97759121.08059168,12437547.0,0.1166,-57.72,171874,144641,202808
4718,BTMD,Healthcare,Medical Care Facilities,NASDAQ,67.26,19,92.14,45,1.97,69861049.4993248,32046352.0,0.071100004,-58.53,237998,240796,284101
4719,TATT,Industrials,Aerospace & Defense,NASDAQ,67.26,19,75.1,8,32.08,472845825.76716614,12983137.0,0.0343,-50.26,149830,192776,208286
4720,DRIO,Healthcare,Health Information Services,NASDAQ,67.23,19,96.83,69,8.3,57016170.44226742,7300406.0,0.0098,-53.22,7581,14443,13714
4721,RDNT,Healthcare,Diagnostics & Research,NASDAQ,67.23,19,83.18,18,52.39,4554619350.360432,78271515.0,0.13319999,-38.97,1195284,893244,902772
4722,SKY,Consumer Cyclical,Residential Construction,NYSE,67.21,19,78.75,11,66.28,4068717274.840851,55858285.0,0.0749,-33.17,732837,559979,579969
4723,KNSL,Financial Services,Insurance - Property & Casualty,NYSE,67.19,19,86.58,25,311.29,7031161515.918579,23062819.0,0.102299996,-39.29,388808,307279,286557
4724,COO,Healthcare,Medical Instruments & Supplies,NASDAQ,67.19,19,81.56,15,59.61,11706863880.0,195114398.0,0.0323,-33.64,2311037,2172889,2196583
4725,SKYW,Industrials,Airlines,NASDAQ,67.18,19,84.04,19,81.25,3499226725.7669296,39660281.0,0.042,-34.44,348336,392032,405503
4726,XZO,Financial Services,Insurance - Diversified,NYSE,67.18,19,81.04,14,13.56,1226423633.791542,90913540.0,0.039300002,-44.88,307151,195807,217768
4727,BFAM,Consumer Cyclical,Personal Services,NYSE,67.15,19,81.49,15,68.58,3713504995.5986023,52606675.0,0.027999999,-48.43,2591382,1275320,1109150
4728,TWFG,Financial Services,Insurance Brokers,NASDAQ,67.14,19,91.91,44,18.16,271065475.5778656,14177064.0,0.0651,-50.72,326493,280667,291866
4729,BRSL,Consumer Cyclical,Gambling,NYSE,67.13,19,78.32,10,10.73,2408098382.646039,184528609.0,0.0252,-42.22,1899354,1428378,1279578
4730,SEGG,Consumer Cyclical,Gambling,NASDAQ,67.13,19,210.31,99,1.87,21605716.197507024,15108893.0,0.086,-92.93,3060109,4766373,3042657
4731,LMB,Industrials,Building Products & Equipment,NASDAQ,67.13,19,75.22,8,72.59,855217321.1138535,11921067.0,0.092,-52.88,504202,294364,259858
4732,RWAY,Financial Services,Asset Management,NASDAQ,67.09,19,88.52,31,6.65,277718129.2201061,42464546.0,0.099700004,-41.69,834139,780513,692615
4733,BFRG,Healthcare,Health Information Services,NASDAQ,67.06,19,75.57,8,0.59,12230371.385991275,18530865.0,0.09689999,-71.08,295978,1658599,14113729
4734,EXPO,Industrials,Engineering & Construction,NASDAQ,67.06,19,76.22,9,53.79,2985914293.6238403,48614692.0,0.0846,-34.36,526996,489815,499125
4735,CMTG,Real Estate,REIT - Mortgage,NYSE,67.03,19,76.93,9,2.11,339329419.5778427,140218764.0,0.0315,-47.12,553240,379096,456408
4736,ZSQR,Technology,Software - Infrastructure,NASDAQ,67.03,19,65.62,3,9.25,641093568.092823,51431493.0,,-56.8,174620,120286,91404
4737,WD,Financial Services,Mortgage Finance,NYSE,66.99,19,94.34,58,51.1,1874829091.9641266,34331241.0,0.036,-43.22,362772,280674,346246
4738,CSTL,Healthcare,Diagnostics & Research,NASDAQ,66.97,19,68.96,4,19.13,601442945.8460083,30329952.0,0.0495,-56.8,689930,421993,376060
4739,SKIL,Consumer Defensive,Education & Training Services,NYSE,66.95,19,98.89,74,6.57,75521519.7206955,8812313.0,0.2007,-72.64,127610,239926,181032
4740,WGO,Consumer Cyclical,Recreational Vehicles,NYSE,66.89,19,80.36,13,28.82,897438737.25,28265787.0,0.135,-42.54,530729,593226,648541
4741,BILI,Communication Services,Internet Content & Information,NASDAQ,66.87,19,74.13,7,19.07,9190717430.318968,416623647.0,0.046,-47.61,2946645,2306375,2408467
4742,SAIL,Technology,Software - Infrastructure,NASDAQ,66.87,19,99.24,75,13.5,6937131979.356106,567222587.0,0.2644,-45.89,3426886,3059498,3237943
4743,AQMS,Industrials,Waste Management,NASDAQ,66.85,19,84.07,19,4.12,16217497.543830872,3357660.0,0.0872,-89.54,64142,54460,47498
4744,GYRE,Healthcare,Biotechnology,NASDAQ,66.81,19,79.81,13,6.55,724545167.1198487,96994001.0,0.0765,-44.4,94020,67830,95660
4745,VERI,Technology,Software - Infrastructure,NASDAQ,66.78,19,87.77,28,2.07,197991319.21770287,92953666.0,0.0979,-78.03,2948988,2641239,2815429
4746,AMSF,Financial Services,Insurance - Specialty,NASDAQ,66.75,19,88.09,29,30.61,567846498.9758759,18703771.0,0.015800001,-36.94,236972,220034,225676
4747,FINW,Financial Services,Banks - Regional,NASDAQ,66.75,19,77.64,10,13.11,185442704.01009274,13706039.0,0.0098,-41.71,22417,17829,15549
4748,AIIO,Consumer Cyclical,Auto Manufacturers,NASDAQ,66.74,19,435.02,99,4.02,17013835.223005652,19783529.0,0.0226,-94.22,60075321,20359267,12306540
4749,PMN,Healthcare,Biotechnology,NASDAQ,66.73,19,80.4,13,10.39,88152421.50581932,8967693.0,0.0155,-73.86,36791,41970,40064
4750,SQNS,Technology,Semiconductors,NYSE,66.72,19,126.66,95,4.01,55345804.230195045,15995897.0,0.1145,-93.12,306111,265237,191908
4751,TNET,Industrials,Staffing & Employment Services,NYSE,66.72,19,93.3,50,40.52,1966430685.3470192,45944643.0,0.0586,-53.31,404047,401005,442835
4752,ONEW,Consumer Cyclical,Specialty Retail,NASDAQ,66.72,19,97.69,71,10.57,200407551.4329977,16617541.0,0.1586,-41.02,143278,135152,146939
4753,TCI,Real Estate,Real Estate Services,NYSE,66.69,19,82.75,17,34.7,308250833.1965103,8639317.0,0.007900001,-41.83,3161,5350,7092
4754,EP,Energy,Oil & Gas E&P,NYSE ARCA,66.69,19,86.56,25,2.61,106218487.7151413,39782204.0,0.0001,-58.64,42397,68102,78181
4755,CHYM,Technology,Software - Application,NASDAQ,66.66,19,78.29,10,17.69,7077038890.455093,384099820.0,0.0466,-60.64,7751054,4750091,5131474
4756,EDN,Utilities,Utilities - Regulated Electric,NYSE,66.64,19,79.41,12,22.43,1111808766.7458458,47574186.0,0.0392,-41.13,210345,167858,161385
4757,NICE,Technology,Software - Application,NASDAQ,66.55,19,77.16,9,89.76,5419418380.699226,58442987.0,0.0519,-50.3,1130748,734729,633221
4758,PRCT,Healthcare,Medical Devices,NASDAQ,66.53,19,97.12,70,26.12,1445738615.8871841,56918844.0,0.105500005,-60.93,1738586,1536182,1550415
4759,DCBO,Technology,Software - Application,NASDAQ,66.47,19,87.28,27,17.23,544840019.607544,25700000.0,5.91,-48.44,287853,201321,189750
4760,OMEX,Basic Materials,Other Industrial Metals & Mining,NASDAQ,66.46,19,90.11,36,1.08,71392765.65423226,58518659.0,0.0975,-75.62,1169666,11020312,7037061
4761,MCRB,Healthcare,Biotechnology,NASDAQ,66.46,19,86.46,25,7.64,74566289.95293617,9683934.0,0.0796,-74.52,49154,49548,48852
4762,CCS,Real Estate,Real Estate - Development,NYSE,66.45,19,76.49,9,48.41,1582599474.771675,28769306.0,0.089499995,-36.3,358363,282104,285904
4763,HOV,Consumer Cyclical,Residential Construction,NYSE,66.39,18,80.2,13,96.16,639721659.5541229,5938194.0,0.0732,-40.66,110264,110691,112678
4764,SCLX,Healthcare,Drug Manufacturers - General,NASDAQ,66.39,18,70.42,5,6.29,54998100.30729532,7033005.0,0.0287,-81.65,118625,85255,63147
4765,SPOK,Healthcare,Health Information Services,NASDAQ,66.39,18,90.32,37,10.85,227459546.0709858,20887010.0,0.0235,-43.81,196110,168746,171762
4766,EVO,Healthcare,Drug Manufacturers - Specialty & Generic,NASDAQ,66.38,18,82.67,16,2.7,1090427314.348639,355188058.0,0.0011999999,-43.75,80244,107841,115384
4767,RNAZ,Healthcare,Biotechnology,NASDAQ,66.33,18,73.85,7,6.6,6712205.9174079895,916968.0,0.0448,-68.56,9406,6922,7385
4768,EXFY,Technology,Software - Application,NASDAQ,66.33,18,102.27,81,1.14,98849069.67573607,96438119.0,0.0557,-56.82,851070,656260,816192
4769,PRT,Energy,Oil & Gas E&P,NYSE,66.33,18,81.45,15,2.66,32239190.960214615,12165732.0,0.0182,-37.85,88267,73355,64643
4770,FMC,Basic Materials,Agricultural Inputs,NYSE,66.33,18,84.77,21,14.17,1675606985.6990032,125045301.0,0.1348,-68.36,3278878,2919809,3463191
4771,NIU,Consumer Cyclical,Auto Manufacturers,NASDAQ,66.32,18,86.27,24,2.84,248642404.9441986,78436088.0,0.037,-49.91,257454,245284,415194
4772,HURN,Industrials,Consulting Services,NASDAQ,66.23,18,76.32,9,105.48,1944933144.9198303,16211829.0,0.0437,-43.53,337773,255571,256584
4773,OST,Technology,Electronic Components,NASDAQ,66.09,18,94.0,54,1.7,10108844.712820053,5963920.0,0.0296,-99.28,0,0,0
4774,MKTX,Financial Services,Capital Markets,NASDAQ,66.02,18,78.81,11,138.45,5243135457.706879,35539453.0,0.077199996,-39.94,602751,490870,486070
4775,GITS,Communication Services,Internet Content & Information,NASDAQ,66.0,18,67.76,4,1.36,5584796.089920044,3674208.0,0.0084,-80.82,21172,30277,36330
4776,ITRI,Technology,Scientific & Technical Instruments,NASDAQ,65.97,18,83.71,19,79.24,3630062460.6716537,44339347.0,0.1616,-44.2,702703,890037,923922
4777,CALX,Technology,Software - Infrastructure,NYSE,65.96,18,79.6,12,39.81,2757946715.816471,63782299.0,0.1314,-44.1,731194,999031,972476
4778,IH,Consumer Defensive,Education & Training Services,NYSE,65.96,18,91.1,40,1.65,85614041.41274881,51112862.0,0.00059999997,-54.17,8592,9884,9704
4779,JANX,Healthcare,Biotechnology,NASDAQ,65.92,18,91.08,40,13.89,864453229.5818424,60984354.0,0.1568,-60.7,834782,922194,1040208
4780,CNMD,Healthcare,Medical Devices,NYSE,65.9,18,89.0,32,35.49,1106813920.9027176,30109194.0,0.091000006,-41.9,431128,429369,428285
4781,LAKE,Consumer Cyclical,Apparel Manufacturing,NASDAQ,65.89,18,97.11,70,9.53,104885963.30437374,9857703.0,0.2015,-53.51,125107,110432,102743
4782,CXM,Technology,Software - Application,NYSE,65.88,18,87.46,28,5.11,1326446939.8631573,248864345.0,0.2714,-45.64,3777277,4666655,4232291
4783,ORIO,Technology,Software - Infrastructure,NASDAQ,65.88,18,85.17,22,0.95,23470049.026088715,23707120.0,0.0098,-75.2,106541,51803,50320
4784,TYL,Technology,Software - Application,NYSE,65.85,18,88.84,32,311.89,13686711977.686615,42167455.0,0.045,-49.8,892081,625703,563948
4785,EXLS,Technology,Information Technology Services,NASDAQ,65.81,18,82.86,17,27.48,4748493483.823587,152782931.0,0.0857,-43.39,2682391,2467173,2327032
4786,INFY,Technology,Information Technology Services,NYSE,65.8,18,84.07,19,12.07,51923110432.397804,4047007852.0,0.0397,-59.77,12793606,15684788,17338363
4787,BAFN,Financial Services,Banks - Regional,NASDAQ,65.74,18,88.96,32,6.49,28441227.99356842,4110004.0,0.0174,-60.31,88661,68240,49510
4788,PCOR,Technology,Software - Application,NYSE,65.73,18,77.25,10,46.33,8039430524.287842,150890216.0,0.0913,-43.72,3685635,2707685,2487015
4789,BZ,Communication Services,Internet Content & Information,NASDAQ,65.7,18,92.02,44,14.07,6380847591.039524,455124635.0,0.033299997,-44.3,3764841,3605807,4365230
4790,SPHL,Consumer Cyclical,Residential Construction,NASDAQ,65.68,18,97.25,70,2.89,6446645.634280682,2261981.0,0.0162,-88.49,9754,10838,13000
4791,DFDV,Financial Services,Asset Management,NASDAQ,65.65,18,107.2,87,4.8,131558378.36523628,29497394.0,0.2496,-91.09,932249,907966,995985
4792,LKQ,Consumer Cyclical,Auto Parts,NASDAQ,65.62,18,77.71,10,24.61,7360907067.638016,254790835.0,0.0715,-42.32,3841082,2904250,2947892
4793,MIND,Technology,Scientific & Technical Instruments,NASDAQ,65.6,18,86.85,26,6.61,62350918.513519764,9089055.0,0.0648,-54.41,134367,191549,191957
4794,AISP,Technology,Software - Infrastructure,NASDAQ,65.58,18,93.43,51,2.4,87649011.4610076,34372162.0,0.183,-66.67,535626,512675,468201
4795,LFVN,Consumer Defensive,Packaged Foods,NASDAQ,65.53,18,99.45,75,5.17,67368491.40502167,12615822.0,0.3685,-65.53,273220,224983,170416
4796,MNDO,Technology,Software - Application,NASDAQ,65.51,18,79.12,12,0.92,19983314.532500744,20185166.0,0.0002,-39.47,56267,42649,40685
4797,BYND,Consumer Defensive,Packaged Foods,NASDAQ,65.5,18,97.92,72,0.8,429280214.7476096,515342392.0,0.3109,-89.6,57897794,83135374,61443038
4798,NRDY,Technology,Software - Application,NYSE,65.47,18,84.88,21,0.82,108938018.15971613,126378213.0,0.1252,-56.84,410483,417877,516174
4799,VRSK,Industrials,Consulting Services,NASDAQ,65.45,18,84.3,20,162.55,22518723001.04492,131021840.0,0.060700003,-49.66,1868625,2019261,1889577
4800,IRTC,Healthcare,Medical Devices,NASDAQ,65.45,18,86.17,24,114.0,3965178269.6257324,32862408.0,0.0928,-46.23,543587,485152,513939
4801,STNE,Technology,Software - Infrastructure,NASDAQ,65.34,18,75.53,8,9.61,2619568105.361046,243228226.0,0.12189999,-51.83,6904801,6097893,5489862
4802,CRK,Energy,Oil & Gas E&P,NYSE,65.32,18,77.34,10,14.81,4141111343.2360687,293695832.0,0.2529,-52.49,3309413,2433974,2319990
4803,NAVI,Financial Services,Credit Services,NASDAQ,65.31,18,86.77,26,8.14,802669617.5945883,93989417.0,0.21450001,-49.35,920312,998617,998670
4804,BHVN,Healthcare,Biotechnology,NYSE,65.27,18,81.95,16,8.76,1484531309.7089863,150560990.0,0.2025,-60.27,2096362,1813564,2174862
4805,UPST,Financial Services,Credit Services,NASDAQ,65.25,18,90.42,37,29.51,2771806950.6134415,95711569.0,0.33400002,-66.2,5568749,4697439,4826681
4806,QLYS,Technology,Software - Infrastructure,NASDAQ,65.24,18,93.64,52,90.02,3320259376.9704895,35217007.0,0.1874,-42.1,889084,926931,825132
4807,BRLT,Consumer Cyclical,Luxury Goods,NASDAQ,65.19,18,78.48,11,1.21,23250200.4071877,16258882.0,0.0075,-60.97,60255,43098,52695
4808,KLC,Consumer Defensive,Education & Training Services,NYSE,65.17,18,109.99,89,4.02,464238941.11536217,118428299.0,0.12189999,-71.03,1510435,1146961,1523089
4809,FTRK,Communication Services,Entertainment,NASDAQ,65.06,18,100.32,77,0.43,8703187.260776758,21812500.0,0.0306,-95.56,18495,16188,42717
4810,NVR,Consumer Cyclical,Residential Construction,NYSE,65.06,18,79.22,12,5563.62,16125758883.955078,2699292.0,0.0507,-35.44,20648,22112,24017
4811,MOS,Basic Materials,Agricultural Inputs,NYSE,65.05,18,81.43,15,21.76,7053017200.108421,317846644.0,0.0766,-43.08,9439533,8625947,10451012
4812,FINV,Financial Services,Credit Services,NYSE,65.05,18,90.24,36,4.74,1220606008.3525429,236094002.0,0.0689,-56.51,884229,1002753,1285725
4813,ICFI,Industrials,Consulting Services,NASDAQ,65.02,18,79.16,12,61.12,1260231980.8499146,18104180.0,0.026300002,-39.91,498797,445242,408651
4814,JILL,Consumer Cyclical,Apparel Retail,NYSE,65.0,18,89.28,33,12.02,196762431.1568594,14906245.0,0.097200006,-36.06,57220,75726,90872
4815,ALG,Industrials,Farm & Heavy Construction Machinery,NYSE,64.97,18,78.44,11,147.27,1992687782.8372955,12168343.0,0.0622,-36.87,267138,187696,182079
4816,GIB,Technology,Information Technology Services,NYSE,64.94,18,83.38,18,63.11,14284541009.510223,209420044.0,7.95,-42.66,508063,539001,491442
4817,PNNT,Financial Services,Asset Management,NYSE,64.94,18,82.17,16,4.09,298403160.7888174,65296094.0,0.040900003,-45.68,838760,638276,746222
4818,KBH,Consumer Cyclical,Residential Construction,NYSE,64.92,18,79.09,12,45.07,3099952028.656006,62600000.0,0.1551,-34.41,1112564,1084968,1235634
4819,PSNYW,Consumer Cyclical,Auto Manufacturers,NASDAQ,64.9,18,88.09,29,3.14,28022959813.773365,9309953456.0,1.13,-78.19,5511,6300,7330
4820,EYE,Consumer Cyclical,Specialty Retail,NASDAQ,64.89,18,66.53,3,17.45,1839454492.971962,80115617.0,0.20899999,-41.87,3522099,2050543,1817817
4821,SBC,Industrials,Consulting Services,NASDAQ,64.89,18,70.84,5,2.97,326194685.5877497,102576943.0,0.0343,-48.35,129175,150538,105661
4822,IHT,Real Estate,REIT - Hotel & Motel,NYSE ARCA,64.87,17,93.46,51,1.12,10493510.628323793,9204834.0,0.0047,-73.58,8523,11077,9352
4823,APPF,Technology,Software - Application,NASDAQ,64.87,17,85.46,23,151.7,5890377882.983185,35358533.0,0.0971,-53.47,303376,337312,351495
4824,FRPT,Consumer Defensive,Packaged Foods,NASDAQ,64.86,17,71.57,5,49.35,2608499436.263138,49142791.0,0.14819999,-45.04,2241794,1518648,1686922
4825,COCH,Healthcare,Medical Devices,NASDAQ,64.85,17,89.58,34,0.65,49665199.83226669,76881111.0,0.028199999,-65.97,110265,136031,255475
4826,GRAB,Technology,Software - Application,NASDAQ,64.84,17,87.56,28,3.55,15214800117.015839,4090000000.0,0.066199996,-46.37,55032006,56686805,51605545
4827,WBX,Technology,Electronic Components,NYSE,64.84,17,82.91,17,2.72,48172927.0,17517428.0,0.0159,-65.26,11312,14294,16054
4828,CPRT,Industrials,Specialty Business Services,NASDAQ,64.83,17,89.13,33,32.3,32694685365.817245,963308388.0,0.038900003,-49.41,6624565,7437355,7929703
4829,WIT,Technology,Information Technology Services,NYSE,64.82,17,83.09,17,1.89,20440756122.791634,10482438781.0,0.0293,-39.62,13096540,11588493,13503778
4830,IIIV,Technology,Software - Infrastructure,NASDAQ,64.8,17,78.91,11,18.88,434245014.3425293,20541392.0,0.29770002,-44.42,452589,370163,330969
4831,GMM,Technology,Information Technology Services,NASDAQ,64.72,17,94.78,61,1.34,60334620.96693921,51568054.0,0.0015,-59.27,2421196,816005,525703
4832,LUNG,Healthcare,Medical Devices,NASDAQ,64.69,17,85.91,24,1.27,53218875.37719464,42237203.0,0.0791,-67.27,519047,448412,556011
4833,FMST,Basic Materials,Other Industrial Metals & Mining,NASDAQ,64.67,17,91.5,42,1.76,27351373.546049595,16280580.0,0.0113,-69.33,139899,146053,142605
4834,FBGL,Industrials,Engineering & Construction,NASDAQ,64.66,17,77.86,10,0.54,8626499.980688095,13500000.0,0.2867,-61.43,138304,175111,466050
4835,TOP,Financial Services,Capital Markets,NASDAQ,64.65,17,92.66,47,0.82,28245973.111450374,37068205.0,0.0152,-75.38,44926,43998,837111
4836,DPZ,Consumer Cyclical,Restaurants,NASDAQ,64.62,17,79.58,12,302.29,10759550073.025818,33261870.0,0.1086,-39.43,938970,988706,1027696
4837,LDOS,Technology,Information Technology Services,NYSE,64.58,17,73.89,7,123.69,16365947058.033356,125785466.0,0.0317,-39.89,1748287,1134859,1139119
4838,THO,Consumer Cyclical,Recreational Vehicles,NYSE,64.55,17,83.77,19,74.08,4060405867.0899506,52595933.0,0.1047,-39.69,671911,673157,751764
4839,REPL,Healthcare,Biotechnology,NASDAQ,64.54,17,147.3,98,5.22,336070573.5045295,82572619.0,0.39990002,-60.57,8943723,10424357,6968482
4840,BRIA,Consumer Cyclical,Apparel Retail,NYSE ARCA,64.52,17,86.92,26,1.63,42500001.192092896,25000000.0,0.0007,-67.07,8297,4205,4105
4841,SINT,Healthcare,Medical Devices,NASDAQ,64.51,17,82.15,16,2.27,9686058.056921482,4121727.0,0.0538,-66.52,42183,38391,35762
4842,KMPR,Financial Services,Insurance - Property & Casualty,NYSE,64.51,17,85.5,23,29.69,1783300541.1809692,58874232.0,0.0635,-55.1,1201092,842270,1030432
4843,YTRA,Consumer Cyclical,Travel Services,NASDAQ,64.42,17,76.02,8,0.91,62075051.0,62075051.0,0.00090000004,-54.5,25524,37804,42850
4844,GPC,Consumer Cyclical,Auto Parts,NYSE,64.42,17,77.81,10,92.87,14568867319.586792,139122108.0,0.056599997,-38.73,1410424,1682521,1978580
4845,HTCO,Industrials,Marine Shipping,NASDAQ,64.4,17,64.9,3,6.37,43130293.28691101,7385324.0,0.1807,-88.74,2185171,1553353,1043364
4846,XTNT,Healthcare,Medical Devices,NYSE ARCA,64.4,17,80.92,14,0.46,72835492.52840996,140068260.0,0.0002,-51.58,154212,165064,154234
4847,GBFH,Financial Services,Banks - Regional,NASDAQ,64.38,17,83.12,18,26.67,421955462.1119995,14470352.0,0.065799996,-39.39,44226,53718,63817
4848,ICG,Technology,Semiconductors,NASDAQ,64.37,17,80.82,14,1.14,77104146.13201189,60711927.0,0.0069,-65.88,51029,716749,438489
4849,ULH,Industrials,Trucking,NASDAQ,64.36,17,61.33,2,13.46,343604755.31482506,26350058.0,0.0932,-56.24,139732,89107,78368
4850,SRG,Real Estate,Real Estate Services,NYSE,64.36,17,81.7,15,2.41,152076444.2857666,56324608.0,0.1106,-47.15,205023,242007,236848
4851,TTEK,Industrials,Engineering & Construction,NASDAQ,64.34,17,76.09,8,26.18,7861003370.311958,259524699.0,0.048800003,-39.31,4120841,3309537,3061330
4852,AGYS,Technology,Software - Application,NASDAQ,64.3,17,89.38,33,67.34,2012269299.7945251,28108247.0,0.042,-53.64,272639,272859,271629
4853,CINT,Technology,Software - Infrastructure,NYSE,64.25,17,75.94,8,3.72,502185242.9427576,129096460.0,0.0114,-47.5,126004,105251,101446
4854,CCB,Financial Services,Banks - Regional,NASDAQ,64.22,17,81.13,14,68.41,1110495043.5626678,15241491.0,0.09770001,-43.02,180081,167267,157940
4855,SSTI,Technology,Software - Application,NASDAQ,64.21,17,89.15,33,6.62,90677559.0,12953937.0,0.0955,-62.02,121035,93545,105891
4856,GURE,Basic Materials,Chemicals,NASDAQ,64.18,17,79.05,11,4.0,5219010.251503229,1539531.0,0.004,-66.19,44594,69191,61442
4857,LEXX,Healthcare,Biotechnology,NASDAQ,64.14,17,71.19,5,0.59,15120342.41458726,24787446.0,0.016,-61.94,157752,197254,191988
4858,NOMD,Consumer Defensive,Packaged Foods,NYSE,64.1,17,93.14,49,9.8,1319628576.701291,139791169.0,0.0148,-48.04,2340123,1499257,1528602
4859,NCMI,Communication Services,Advertising Agencies,NASDAQ,64.07,17,79.68,12,2.8,342339144.8467312,93280419.0,0.124,-49.64,348142,413514,414436
4860,MYGN,Healthcare,Diagnostics & Research,NASDAQ,64.06,17,70.66,5,3.58,405182817.2970867,94448210.0,0.089499995,-58.32,2223332,1439730,1896014
4861,SLE,Communication Services,Internet Content & Information,NASDAQ,64.05,17,145.21,97,6.04,6208997.067996979,1467848.0,0.0295,-95.66,4546449,1525786,924101
4862,CAG,Consumer Defensive,Packaged Foods,NYSE,64.04,17,83.09,17,13.43,6760317069.032787,478437156.0,0.1103,-42.78,13567741,13854490,15454976
4863,UXIN,Consumer Cyclical,Auto & Truck Dealerships,NASDAQ,64.02,17,78.63,11,2.54,602745917.2378953,219980261.0,0.0087,-52.61,117155,159691,155085
4864,FCO,Financial Services,Asset Management,NYSE ARCA,63.96,17,86.16,24,2.56,34904242.62329912,13476542.0,2.95,-62.19,129921,181250,164172
4865,ACHR,Industrials,Aerospace & Defense,NYSE,63.95,17,95.24,64,6.05,4922195112.808182,759598009.0,0.1416,-58.62,50253239,33173383,30848819
4866,INAB,Healthcare,Biotechnology,NASDAQ,63.89,17,91.85,43,1.49,15558402.622591257,9847090.0,0.0398,-73.44,55475,59881,68741
4867,INLX,Technology,Software - Application,NYSE ARCA,63.89,17,86.82,26,6.77,31657926.874769688,4458863.0,0.0002,-53.53,1862,1177,1264
4868,EFX,Industrials,Consulting Services,NYSE,63.86,17,81.7,15,158.37,21211181411.398544,120634597.0,0.053200003,-43.65,1768987,1699539,1722127
4869,OLED,Technology,Electronic Components,NASDAQ,63.84,17,87.1,27,92.64,4289394249.25,46750891.0,0.0621,-43.24,1172767,997125,893255
4870,IIIN,Industrials,Metal Fabrication,NYSE,63.84,17,80.67,14,25.69,524114658.24624825,19433247.0,0.028199999,-38.3,186929,267216,232863
4871,VERU,Healthcare,Biotechnology,NASDAQ,63.8,17,85.8,23,2.11,35952716.95306778,16050320.0,0.045300003,-71.49,67568,60546,57133
4872,NTHI,Healthcare,Biotechnology,NASDAQ,63.73,17,99.0,74,5.5,137806133.6771679,25285530.0,0.024300002,-57.66,149724,94394,72688
4873,SANG,Technology,Software - Infrastructure,NASDAQ,63.73,17,80.68,14,3.64,139511313.86436367,33216981.0,25.27,-43.91,11571,6597,5818
4874,GDDY,Technology,Software - Infrastructure,NYSE,63.72,17,95.69,65,87.18,12078070755.405342,132696893.0,0.056700002,-54.24,1898523,2074391,2102276
4875,NCEL,Healthcare,Biotechnology,NASDAQ,63.7,17,104.13,83,3.21,17959817.679267883,5345184.0,2.66,-89.58,27038,59922,46261
4876,PBM,Healthcare,Biotechnology,NASDAQ,63.69,17,112.5,90,4.91,12819586.479930878,2293307.0,0.0188,-98.95,152540,5340013,3210434
4877,BXC,Industrials,Industrial Distribution,NYSE,63.67,17,84.89,21,50.54,407719669.30000305,7782395.0,0.0533,-42.76,174926,116312,123523
4878,ZS,Technology,Software - Infrastructure,NASDAQ,63.64,17,104.74,84,161.05,24461090432.500854,160790703.0,0.1008,-52.21,3120490,2978600,2811004
4879,RZLT,Healthcare,Biotechnology,NASDAQ,63.63,17,92.27,45,3.34,307189572.500577,95697685.0,0.2031,-70.85,1204263,1408177,2227436
4880,INO,Healthcare,Biotechnology,NASDAQ,63.61,17,102.31,81,1.3,119124258.87248611,81591956.0,0.17879999,-56.38,5513924,3309538,2686826
4881,ACVA,Consumer Cyclical,Auto & Truck Dealerships,NYSE,63.59,17,107.42,87,5.92,1119089143.9004593,174584894.0,0.060700003,-66.25,5353824,3382648,3076472
4882,SGRP,Industrials,Specialty Business Services,NASDAQ,63.57,16,101.1,79,0.68,16837094.389401972,25129991.0,0.0058999998,-51.77,93979,67933,60815
4883,TEAM,Technology,Software - Application,NASDAQ,63.56,16,104.48,83,87.46,23245135771.980972,253767862.0,0.0792,-62.36,9066017,9090929,7713191
4884,OPTT,Industrials,Specialty Industrial Machinery,NYSE ARCA,63.55,16,81.95,16,0.34,79808202.29087439,228023439.0,0.0753,-62.22,2661385,2824648,5014551
4885,ESAB,Industrials,Metal Fabrication,NYSE,63.52,16,80.15,13,88.6,6145400157.916992,60881712.0,0.0448,-35.53,579777,626855,669481
4886,TLIH,Industrials,Industrial Distribution,NASDAQ,63.51,16,108.07,87,3.48,11467696.780421734,2940435.0,0.0056,-95.03,625627,877109,531268
4887,EPC,Consumer Defensive,Household & Personal Products,NYSE,63.5,16,67.98,4,15.93,979228177.5,46081326.0,0.1216,-44.92,1136170,727246,771602
4888,INTR,Financial Services,Banks - Regional,NASDAQ,63.48,16,69.05,4,5.85,2860844665.4607224,441488373.0,0.16950001,-43.53,9473552,5221550,4343554
4889,CMMB,Healthcare,Biotechnology,NASDAQ,63.44,16,98.17,72,1.66,12744684.852663517,7200387.0,0.0072000003,-71.77,45982,40384,44694
4890,CSAN,Energy,Oil & Gas Refining & Marketing,NYSE,63.44,16,76.09,8,3.42,4085508081.0180874,979738131.0,0.0044,-45.28,2014173,1828507,2087590
4891,TEM,Healthcare,Health Information Services,NASDAQ,63.4,16,78.53,11,43.93,8953099392.217636,179564767.0,0.2805,-57.89,7585719,6129013,5490923
4892,TLRY,Healthcare,Drug Manufacturers - Specialty & Generic,NASDAQ,63.36,16,75.79,8,5.32,664999473.0361915,119604223.0,0.1244,-77.07,4227629,6271956,4866367
4893,BBW,Consumer Cyclical,Specialty Retail,NYSE,63.36,16,85.37,22,35.32,482712965.7925987,12580479.0,0.2244,-53.43,329660,327863,433676
4894,RAY,Consumer Defensive,Household & Personal Products,NASDAQ,63.36,16,111.82,90,3.7,9968990.01620388,2975818.0,0.021,-93.72,12662,10244,12550
4895,SQFT,Real Estate,REIT - Diversified,NASDAQ,63.31,16,86.99,26,2.84,5190044.2625107765,1441679.0,0.17889999,-87.65,51785,1698545,1021801
4896,AIOT,Technology,Software - Infrastructure,NASDAQ,63.29,16,90.87,39,3.23,457442226.08395314,134147277.0,0.10560001,-46.79,1117849,1387713,1547193
4897,TTAN,Technology,Software - Application,NASDAQ,63.29,16,88.16,29,58.52,6013255824.930267,95387940.0,0.1243,-55.44,1157199,1084453,1152051
4898,XGN,Healthcare,Diagnostics & Research,NASDAQ,63.25,16,110.39,89,3.64,71219261.05118608,24142122.0,0.0334,-70.24,931250,448476,382090
4899,SJT,Energy,Oil & Gas E&P,NYSE,63.2,16,84.27,20,4.24,192960413.35705423,46608797.0,0.0212,-41.27,168805,169565,166317
4900,PSN,Technology,Information Technology Services,NYSE,63.19,16,85.9,24,50.38,5261203695.427254,106978521.0,0.1417,-43.71,1273848,1240616,1331699
4901,SAP,Technology,Software - Application,NYSE,63.18,16,90.96,40,169.48,204780535869.98416,1178932294.0,0.0064999997,-45.9,3814323,3875867,3424456
4902,CLIR,Industrials,Pollution & Treatment Controls,NASDAQ,63.17,16,84.05,19,4.71,24557463.61365795,5409133.0,0.0058,-57.95,18623,48697,38829
4903,DTCX,Financial Services,Financial Data & Stock Exchanges,NASDAQ,63.17,16,97.04,69,2.26,85089743.5968976,36208403.0,0.0538,-86.29,309826,379398,495161
4904,GLIBA,Communication Services,Telecom Services,NASDAQ,63.15,16,66.55,3,25.59,1068256707.6470566,39904994.0,0.043899998,-38.88,67208,48402,45327
4905,FUFU,Financial Services,Capital Markets,NASDAQ,63.15,16,87.99,29,2.03,384969801.84400463,166653598.0,0.0058,-62.27,197206,252848,230705
4906,IDAI,Technology,Software - Application,NASDAQ,63.15,16,77.01,9,2.14,12631169.674419403,5285008.0,0.039,-59.47,57868,44149,45277
4907,GEOS,Energy,Oil & Gas Equipment & Services,NASDAQ,63.13,16,71.2,5,7.52,108621386.26716995,12931118.0,0.071100004,-74.84,342912,252354,231410
4908,DOYU,Communication Services,Internet Content & Information,NASDAQ,63.13,16,84.46,20,4.53,142142427.0412321,30178859.0,0.0139999995,-51.5,27242,18270,21406
4909,MNSO,Consumer Cyclical,Specialty Retail,NYSE,63.13,16,83.91,19,14.15,4557767838.7024355,311535735.0,0.0254,-47.08,407368,415106,421009
4910,GWRS,Utilities,Utilities - Regulated Water,NASDAQ,63.1,16,81.83,15,6.7,203358897.31760502,28763634.0,0.0248,-40.02,94441,70730,90396
4911,MSC,Consumer Cyclical,Resorts & Casinos,NYSE,63.08,16,89.64,34,2.46,481470437.5,192588175.0,0.0004,-62.9,8888,6832,9437
4912,TRAK,Technology,Software - Application,NYSE,63.08,16,101.81,80,9.7,186220886.19713974,18203411.0,0.13149999,-59.11,144610,168923,156994
4913,SENS,Healthcare,Medical Devices,NASDAQ,63.07,16,88.72,31,5.77,262580924.90261793,52202965.0,0.118599996,-56.94,1644116,957638,753027
4914,TRIP,Consumer Cyclical,Travel Services,NASDAQ,63.06,16,81.5,15,9.46,1215974193.8558683,116361169.0,0.36990002,-53.08,3680038,3202432,3701241
4915,PNR,Industrials,Specialty Industrial Machinery,NYSE,63.04,16,79.48,12,72.68,12414537610.301903,161605541.0,0.0365,-36.22,1862656,1931568,1747243
4916,NCNA,Healthcare,Biotechnology,NASDAQ,63.04,16,100.14,77,2.18,8781758.373391867,4161971.0,0.040599998,-94.55,49222,40730,45382
4917,KRKR,Communication Services,Advertising Agencies,NASDAQ,63.03,16,86.98,26,3.39,7105715.81176281,1973810.0,0.00090000004,-84.13,32929,18983,23049
4918,NCNO,Technology,Software - Application,NASDAQ,62.94,16,80.33,13,14.97,2035658182.0,114684968.0,0.1359,-55.87,2945093,3127354,2986794
4919,FKWL,Technology,Communication Equipment,NASDAQ,62.93,16,76.74,9,3.1,40537923.87430191,11784280.0,0.0017,-43.43,63513,25424,18172
4920,CPNG,Consumer Cyclical,Internet Retail,NYSE,62.93,16,77.38,10,16.12,30480189311.26482,1795064201.0,0.028800001,-52.69,28160637,21458725,21344053
4921,NRDS,Communication Services,Internet Content & Information,NASDAQ,62.92,16,69.63,4,7.77,601071897.7651463,65798783.0,0.1668,-52.16,1695005,866948,912477
4922,SPRY,Healthcare,Biotechnology,NASDAQ,62.89,16,82.27,16,7.43,867887728.1918831,99300658.0,0.38889998,-60.69,2043206,1714962,1711927
4923,AIXC,Technology,Software - Infrastructure,NASDAQ,62.88,16,88.63,31,1.28,30361022.205673456,22161330.0,0.0052,-85.47,48777,53705,55727
4924,VNT,Technology,Scientific & Technical Instruments,NYSE,62.87,16,71.94,6,28.03,4236672021.484375,140800000.0,0.0544,-41.85,2748111,1585117,1333152
4925,AIHS,Industrials,Rental & Leasing Services,NASDAQ,62.83,16,91.02,40,1.19,5377836.780950189,4557489.0,0.0372,-93.0,13519,36449,59589
4926,EHTH,Financial Services,Insurance Brokers,NASDAQ,62.83,16,96.54,68,1.76,59990523.565941095,31741018.0,0.0639,-70.12,335870,472276,535446
4927,MIRA,Healthcare,Drug Manufacturers - General,NASDAQ,62.78,16,83.97,19,0.96,41475799.38809538,42022087.0,0.0098,-60.82,117207,132072,151581
4928,FICO,Technology,Software - Application,NYSE,62.78,16,93.5,51,1098.59,26112960156.0,23190906.0,0.0757,-50.46,321446,395365,399701
4929,CIGI,Real Estate,Real Estate Services,NASDAQ,62.75,16,79.73,12,92.0,5040369724.8691635,51103821.0,2.62,-46.36,512537,289552,328347
4930,GLIBK,Communication Services,Telecom Services,NASDAQ,62.75,16,66.04,3,25.26,1047905151.5735283,39904994.0,0.0539,-38.65,1035494,603111,514962
4931,SWIM,Industrials,Building Products & Equipment,NASDAQ,62.73,16,75.77,8,4.76,645763739.5,117411589.0,0.0575,-46.91,988151,641790,756624
4932,NCLH,Consumer Cyclical,Travel Services,NYSE,62.71,16,74.58,7,15.52,7841601156.172676,459110140.0,0.1384,-42.9,28617477,22755062,22460757
4933,AXON,Industrials,Aerospace & Defense,NASDAQ,62.7,16,90.36,37,391.88,32526162841.31845,80602077.0,0.0452,-55.77,1468332,1254590,1070938
4934,ATHM,Communication Services,Internet Content & Information,NYSE,62.69,16,85.33,22,17.05,2188247309.0,115170911.0,0.0145000005,-43.01,530620,520100,627814
4935,MELI,Consumer Cyclical,Internet Retail,NASDAQ,62.65,16,78.97,11,1546.81,82764164548.81934,50697182.0,0.0202,-41.52,992960,569380,546084
4936,TRI,Industrials,Specialty Business Services,NASDAQ,62.64,16,86.25,24,82.73,40571920576.548645,436538837.0,7.27,-62.12,2720646,2078845,2193897
4937,ZKIN,Basic Materials,Steel,NASDAQ,62.63,16,86.97,26,1.35,80237229.8335681,57312308.0,0.0011999999,-65.3,8335,9688,11837
4938,ENR,Industrials,Electrical Equipment & Parts,NYSE,62.61,16,81.55,15,16.81,1291409968.8928986,68473485.0,0.108,-44.5,1360425,1107881,1193295
4939,RXRX,Healthcare,Biotechnology,NASDAQ,62.56,16,81.29,15,2.93,1762130461.9278007,530762198.0,0.34939998,-59.19,14179403,12178814,12778458
4940,VEEV,Healthcare,Health Information Services,NYSE,62.52,16,86.93,26,158.86,27146470827.668518,163198698.0,0.039,-48.84,6122530,3698210,2962672
4941,LZ,Industrials,Specialty Business Services,NASDAQ,62.48,15,87.03,27,6.0,1052200812.9635277,171647764.0,0.1083,-51.61,3889586,2923162,2744413
4942,YB,Technology,Software - Application,NASDAQ,62.47,15,74.95,8,14.22,720694359.4603815,46080201.0,0.0021,-54.13,28399,34366,42989
4943,FIS,Technology,Information Technology Services,NYSE,62.46,15,83.84,19,41.8,22478641462.257755,516869179.0,0.032,-49.48,8602824,6592698,6420462
4944,CETY,Industrials,Specialty Industrial Machinery,NASDAQ,62.41,15,98.42,73,0.73,10341190.39006257,12166106.0,0.0011,-90.62,126886,76295,112325
4945,BKKT,Technology,Software - Infrastructure,NYSE,62.39,15,88.18,29,8.28,471489534.8597946,47866956.0,0.2171,-83.37,1799381,1259633,1275868
4946,MMA,Consumer Cyclical,Leisure,NYSE ARCA,62.39,15,92.33,46,0.55,14433530.286991775,26483541.0,0.020299999,-82.08,342560,405506,384106
4947,VERX,Technology,Software - Application,NASDAQ,62.39,15,95.39,64,12.85,2415926829.2126083,161816931.0,0.1145,-69.72,1858888,1363239,1449299
4948,GLMD,Healthcare,Biotechnology,NASDAQ,62.35,15,94.06,55,0.6,4032388.603440881,6599654.0,0.0785,-74.36,205912,6278310,3776106
4949,AMBR,Technology,Software - Infrastructure,NASDAQ,62.33,15,76.64,9,1.93,199544643.10116005,93682926.0,0.0117,-84.97,28546,47978,57059
4950,MMSI,Healthcare,Medical Instruments & Supplies,NASDAQ,62.3,15,84.82,21,61.36,3655052993.1578255,59654855.0,0.0668,-38.76,974609,795333,840993
4951,YIBO,Technology,Computer Hardware,NASDAQ,62.29,15,73.05,6,0.77,62788270.87059069,59234221.0,0.0069,-71.38,38647,22952,16939
4952,SDM,Communication Services,Advertising Agencies,NASDAQ,62.28,15,94.0,54,1.85,58691250.75638294,31725000.0,0.143,-93.71,0,0,0
4953,LGIH,Consumer Cyclical,Residential Construction,NASDAQ,62.26,15,83.1,17,40.41,1084250418.3904266,23232279.0,0.20030001,-41.86,419054,441034,526144
4954,RC,Real Estate,REIT - Mortgage,NYSE,62.25,15,91.8,43,1.73,312264041.82652223,165219071.0,0.1705,-63.58,2028490,1550846,1847098
4955,GIS,Consumer Defensive,Packaged Foods,NYSE,62.18,15,83.18,18,32.99,18508064803.106583,533681218.0,0.097200006,-40.4,10327599,8818196,9706213
4956,NTSK,Technology,Software - Infrastructure,NASDAQ,62.16,15,103.49,82,11.22,4651652213.147663,400314308.0,3.15,-59.91,3610061,4074780,4748942
4957,QGEN,Healthcare,Diagnostics & Research,NYSE,62.16,15,78.75,11,32.98,6808710027.787071,206074753.0,0.0319,-42.96,2363602,2148620,2094146
4958,SVV,Consumer Cyclical,Specialty Retail,NYSE,62.15,15,77.98,10,7.13,1241128498.0951633,153986158.0,0.2002,-48.67,1357156,1090815,1158757
4959,BNGO,Healthcare,Medical Instruments & Supplies,NASDAQ,62.15,15,91.47,42,1.15,14308679.57687378,11092000.0,0.1033,-79.09,197240,146946,346796
4960,BEAT,Healthcare,Health Information Services,NASDAQ,62.14,15,92.55,47,0.96,47732332.38279045,53631835.0,0.0857,-76.0,907697,1332899,1726505
4961,JRVR,Financial Services,Insurance - Specialty,NASDAQ,62.13,15,61.42,2,4.15,191882956.8094902,46236856.0,0.0543,-42.36,837011,414383,361150
4962,EPOW,Industrials,Electrical Equipment & Parts,NASDAQ,62.13,15,75.51,8,0.66,27613955.231532454,38729250.0,0.0014,-64.52,1053324,383934,303106
4963,HELP,Healthcare,Biotechnology,NASDAQ,62.1,15,81.62,15,4.67,264937832.75503492,49894131.0,4.99,-52.49,799996,1323328,1151389
4964,ATXG,Industrials,Integrated Freight & Logistics,NASDAQ,62.08,15,84.88,21,4.85,3951976.3353095055,781023.0,0.0145000005,-82.62,27227,125135,159258
4965,OXBR,Financial Services,Insurance - Reinsurance,NASDAQ,62.06,15,99.12,75,0.97,7858333.011782169,8101374.0,0.0195,-66.08,240080,123626,795532
4966,G,Technology,Information Technology Services,NYSE,62.04,15,75.88,8,29.05,5519056528.938576,169504186.0,0.0731,-40.28,3905222,3094200,2720500
4967,AVNW,Technology,Communication Equipment,NASDAQ,61.98,15,66.21,3,16.0,204572915.45961475,12939463.0,0.054899998,-40.78,381199,253816,213411
4968,ORKT,Technology,Software - Application,NASDAQ,61.95,15,89.25,33,1.02,6073360.5772304535,5839770.0,0.0618,-71.28,111502,109350,108660
4969,GLE,Technology,Information Technology Services,NASDAQ,61.95,15,99.96,77,0.4,8399699.84292984,18300000.0,0.0115,-89.72,23871321,8001387,4862686
4970,RENT,Consumer Cyclical,Apparel Retail,NASDAQ,61.92,15,67.64,4,3.8,159010895.2817917,33546604.0,0.0326,-62.49,79324,105148,84766
4971,LITS,Healthcare,Biotechnology,NASDAQ,61.84,15,96.85,69,1.17,44361639.820325136,36361999.0,0.0021,-87.0,456835,291568,286297
4972,CDW,Technology,Information Technology Services,NASDAQ,61.8,15,73.53,6,102.07,13387284247.251778,127753451.0,0.0533,-46.92,3322392,2022344,1856238
4973,WNC,Industrials,Farm & Heavy Construction Machinery,NYSE,61.78,15,74.28,7,6.89,303834524.9562621,40673967.0,0.0752,-46.75,929201,769807,670802
4974,BCYC,Healthcare,Biotechnology,NASDAQ,61.77,15,83.66,19,4.45,335791988.25536966,69811225.0,0.0678,-52.46,357903,389637,469932
4975,INCR,Healthcare,Drug Manufacturers - Specialty & Generic,NASDAQ,61.71,15,92.23,45,0.82,45877639.33492541,54681335.0,0.0002,-53.67,14669,35616,30535
4976,AVTR,Healthcare,Medical Instruments & Supplies,NYSE,61.7,15,87.04,27,7.62,5673697677.115568,682755402.0,0.0752,-52.17,9170246,9434728,9337421
4977,TNON,Healthcare,Medical Devices,NASDAQ,61.7,15,86.77,26,0.71,8257653.119024932,11296379.0,0.0227,-71.37,100691,92057,130262
4978,ASTC,Technology,Scientific & Technical Instruments,NASDAQ,61.69,15,76.86,9,2.54,4872302.546450615,1758954.0,0.0231,-68.29,30278,108599,2534029
4979,SIGA,Healthcare,Drug Manufacturers - Specialty & Generic,NASDAQ,61.67,15,80.94,14,4.17,344275679.28028584,71724097.0,0.0696,-56.65,562095,564328,700591
4980,BR,Technology,Information Technology Services,NYSE,61.67,15,84.98,21,145.62,17290915401.5,115658297.0,0.0326,-46.45,1763680,1399083,1638152
4981,APTV,Consumer Cyclical,Auto Parts,NYSE,61.62,15,80.27,13,54.34,12261293043.763432,211620527.0,0.048600003,-38.9,4716706,3270012,3072813
4982,NTRB,Healthcare,Biotechnology,NASDAQ,61.61,15,86.72,26,3.6,45584936.25,12155983.0,0.043,-69.17,11421,8463,10686
4983,CMRC,Technology,Software - Application,NASDAQ,61.6,15,87.96,29,2.72,255787948.5310192,82512244.0,0.0854,-51.34,1190686,807078,728993
4984,ALK,Industrials,Airlines,NYSE,61.52,15,84.07,19,36.94,4550759478.522713,111428978.0,0.1354,-43.93,3198717,4200699,4719545
4985,NEOV,Industrials,Electrical Equipment & Parts,NASDAQ,61.51,15,79.14,12,2.56,112757839.12059379,42711301.0,0.099,-64.1,492996,414908,508039
4986,MYPS,Communication Services,Electronic Gaming & Multimedia,NASDAQ,61.48,15,103.03,82,0.49,59538003.31081438,128314666.0,0.034,-71.01,751055,501191,434339
4987,BHST,Consumer Defensive,Packaged Foods,NASDAQ,61.43,15,89.1,32,4.1,89991333.38853216,22667842.0,0.0034,-67.97,49549,34729,28785
4988,GETY,Communication Services,Internet Content & Information,NYSE,61.41,15,93.77,53,0.86,350249938.5720928,418959244.0,0.1697,-73.21,1886604,1194058,1615676
4989,AMPL,Technology,Software - Application,NASDAQ,61.36,15,80.65,14,6.06,847436964.2334204,132619246.0,0.0801,-58.18,3370800,2185786,1956702
4990,MRM,Consumer Cyclical,Personal Services,NASDAQ,61.27,15,72.53,6,0.94,8850185.157679439,7901951.0,0.0139999995,-78.88,28568,27759,25977
4991,STSS,Healthcare,Medical Instruments & Supplies,NASDAQ,61.26,15,100.31,77,1.88,77329142.0,38664571.0,0.0224,-89.69,301943,358331,335192
4992,ENTX,Healthcare,Biotechnology,NASDAQ,61.26,15,97.4,71,1.26,70785033.80362034,54450028.0,0.004,-60.87,120101,178740,185870
4993,SSII,Healthcare,Medical Devices,NASDAQ,61.24,15,82.44,16,3.86,774509021.4167633,200131536.0,0.0014,-67.48,42599,45023,55067
4994,HDB,Financial Services,Banks - Regional,NYSE,61.23,15,86.54,25,24.45,128397874713.09593,5131809447.0,0.0026,-38.58,7713431,7702903,9984428
4995,MLGO,Technology,Software - Infrastructure,NASDAQ,61.2,15,101.12,79,4.34,45407304.893464565,10941519.0,0.1513,-95.84,1088727,428405,338057
4996,ROOT,Financial Services,Insurance - Property & Casualty,NASDAQ,61.2,15,99.76,76,55.37,892761354.9450989,15826296.0,0.154,-66.03,368451,317853,320216
4997,OFS,Financial Services,Asset Management,NASDAQ,61.19,15,85.93,24,3.51,52118528.71551442,13398079.0,0.0318,-62.3,43646,58045,98765
4998,BCDA,Healthcare,Biotechnology,NASDAQ,61.19,15,82.64,16,1.01,12143813.076503277,10940372.0,0.0195,-65.41,630942,250370,177446
4999,PW,Real Estate,REIT - Specialty,NYSE ARCA,61.12,14,69.34,4,0.59,2313533.2324892282,3672275.0,0.0179,-69.9,77057,51235,39147
5000,ATOS,Healthcare,Biotechnology,NASDAQ,61.08,14,88.7,31,4.85,48224001.57875013,8611429.0,0.040900003,-74.94,64257,57382,66747
5001,TVRD,Healthcare,Biotechnology,NASDAQ,61.05,14,116.36,92,4.0,39214020.4895854,9381345.0,0.0594,-90.84,47321,44670,47914
5002,CBZ,Industrials,Specialty Business Services,NYSE,61.04,14,90.95,40,28.92,1658818797.5330734,53648732.0,0.099,-62.88,742942,952854,1089136
5003,FTCI,Technology,Solar,NASDAQ,61.03,14,90.93,39,4.79,70263238.5230627,16005294.0,0.10479999,-62.43,369467,201105,191425
5004,BZAI,Technology,Software - Application,NASDAQ,61.0,14,73.13,6,1.31,265962506.60818613,142225939.0,0.09819999,-80.62,16343976,12948505,11067223
5005,STEM,Utilities,Utilities - Renewable,NYSE,61.0,14,79.5,12,8.75,82045688.11327744,8956953.0,0.1283,-72.85,227831,146360,148478
5006,AMC,Communication Services,Entertainment,NYSE,60.98,14,89.18,33,1.28,918104137.5,612069425.0,0.1542,-68.63,28040820,32022046,30106696
5007,DVLT,Technology,Software - Infrastructure,NASDAQ,60.97,14,63.34,3,0.51,462003495.65836877,855561995.0,0.2151,-87.56,85875760,49084853,48756404
5008,ABT,Healthcare,Medical Devices,NYSE,60.91,14,81.85,15,84.47,146869684613.72083,1741813154.0,0.0139,-39.26,13716304,13289098,13119506
5009,XXI,Financial Services,Shell Companies,NYSE,60.86,14,100.1,77,7.91,2987245039.2007113,346548153.0,0.2245,-85.08,1177976,1191872,1689245
5010,LFT,Real Estate,REIT - Mortgage,NYSE,60.82,14,81.36,15,1.07,61878563.5894407,52439463.0,0.056700002,-59.62,146686,119628,147105
5011,QTI,Healthcare,Medical Devices,NASDAQ,60.79,14,80.56,13,5.45,84538349.77030754,12042500.0,0.0222,-88.17,111261,48857,54812
5012,LNZA,Industrials,Waste Management,NASDAQ,60.76,14,49.49,1,9.73,247800128.53158188,10089582.0,0.0073,-86.33,58128,55012,61359
5013,CHWY,Consumer Cyclical,Internet Retail,NYSE,60.72,14,77.56,10,21.28,9571069576.970634,416676964.0,0.077800006,-56.23,9023113,7762954,8193692
5014,OFAL,Industrials,Engineering & Construction,NASDAQ,60.71,14,86.83,26,0.57,10263975.182214975,14497140.0,0.0334,-94.18,460839,424159,295491
5015,ABR,Real Estate,REIT - Mortgage,NYSE,60.68,14,70.37,5,5.79,1386924280.9679976,192361203.0,0.0001,-53.97,7081385,3816548,3636585
5016,SKYX,Industrials,Electrical Equipment & Parts,NASDAQ,60.67,14,83.06,17,1.08,181580548.78994894,133515108.0,0.0466,-67.17,2908462,1721834,1469386
5017,MZTI,Consumer Defensive,Packaged Foods,NASDAQ,60.64,14,78.76,11,114.01,3117650562.8391724,27422381.0,0.1398,-40.3,433281,375257,354618
5018,ACN,Technology,Information Technology Services,NYSE,60.59,14,81.83,15,168.82,111036810259.88457,615435159.0,0.0327,-48.17,6774396,5634755,6550585
5019,BRO,Financial Services,Insurance Brokers,NYSE,60.59,14,83.83,19,56.28,19133605883.04668,338947841.0,0.0729,-50.56,4025426,3192055,3338873
5020,NEXM,Basic Materials,Other Industrial Metals & Mining,NASDAQ,60.58,14,98.71,74,2.85,116925976.90009785,35648164.0,2.13,-72.46,46572,44414,50860
5021,GOTU,Consumer Defensive,Education & Training Services,NYSE,60.57,14,88.88,32,1.87,469753921.9022169,238453764.0,0.018,-58.99,316206,328752,375729
5022,QTWO,Technology,Software - Application,NYSE,60.55,14,83.52,18,45.16,3138159271.8544655,62600423.0,0.052399997,-53.29,870632,923624,839782
5023,BIRK,Consumer Cyclical,Footwear & Accessories,NYSE,60.55,14,77.64,10,31.19,7234864271.101837,183906056.0,0.1608,-47.58,3091155,2389931,2299923
5024,WK,Technology,Software - Application,NYSE,60.48,14,77.28,10,47.4,2878360794.8187866,56119336.0,0.082600005,-51.18,1695203,1254624,1032024
5025,ZEO,Technology,Solar,NASDAQ,60.47,14,107.17,87,0.89,106638206.41402978,119683737.0,0.0187,-75.82,105585,226231,178345
5026,PEW,Industrials,Aerospace & Defense,NYSE,60.46,14,90.31,37,2.83,86142221.71266675,29400075.0,6.04,-86.78,491159,289459,376269
5027,PBH,Healthcare,Drug Manufacturers - Specialty & Generic,NYSE,60.44,14,77.22,10,46.75,2486126117.521591,47318730.0,0.0687,-47.69,990884,663544,611450
5028,IT,Technology,Information Technology Services,NYSE,60.44,14,89.98,36,146.23,10621916781.2081,66951889.0,0.1714,-67.63,2017046,1549662,1539915
5029,NUS,Consumer Defensive,Household & Personal Products,NYSE,60.4,14,76.43,9,6.12,352105407.9362259,49176734.0,0.0517,-58.14,707665,494378,510419
5030,LEN,Consumer Cyclical,Residential Construction,NYSE,60.36,14,83.2,18,82.3,21767842724.001526,246298296.0,0.0023999999,-42.94,2584233,2648177,3113234
5031,ERIE,Financial Services,Insurance Brokers,NASDAQ,60.33,14,84.44,20,213.05,11289382182.047974,52289868.0,0.0951,-44.03,215620,225250,242534
5032,BCIC,Financial Services,Asset Management,NASDAQ,60.33,14,85.88,24,7.67,103351971.0716343,12377481.0,0.0052,-43.19,93172,95020,131508
5033,AAPG,Healthcare,Biotechnology,NASDAQ,60.27,14,73.72,7,19.5,2006606782.0,93330548.0,0.19,-59.75,6882,4097,4002
5034,PEGA,Technology,Software - Application,NASDAQ,60.25,14,78.98,11,33.71,6012835438.480343,167116051.0,0.0941,-50.5,1887624,2378414,2234058
5035,OM,Healthcare,Medical Devices,NASDAQ,60.21,14,83.96,19,3.63,68495104.25750566,18537241.0,0.1532,-83.48,224935,152758,165361
5036,KAPA,Healthcare,Biotechnology,NYSE ARCA,60.2,14,77.55,10,0.48,11990271.491048276,21411199.0,0.0101,-77.25,185282,125854,121166
5037,ESTC,Technology,Software - Application,NYSE,60.19,14,93.32,50,50.6,5407927668.0,103501008.0,0.051,-47.33,1740681,1759110,1890524
5038,CXT,Industrials,Specialty Industrial Machinery,NYSE,60.15,14,80.05,13,38.21,2607244727.7924156,57542367.0,0.1486,-44.62,878737,722035,726697
5039,GGRP,Technology,Software - Infrastructure,NASDAQ,60.15,14,101.42,79,0.65,10664711.664147735,21076506.0,0.0225,-64.86,1034880,380103,243718
5040,SKYE,Healthcare,Biotechnology,NASDAQ,60.14,14,100.56,78,0.81,30314500.03776002,35126884.0,0.0583,-85.91,163419,199289,592011
5041,PASG,Healthcare,Biotechnology,NASDAQ,60.08,14,71.17,5,5.22,13504884.432368279,3207811.0,0.026500002,-73.9,94764,123904,90770
5042,RYOJ,Industrials,Consulting Services,NASDAQ,60.07,14,79.21,12,2.03,23330999.779701233,11550000.0,0.0005,-82.24,10910,15130,13054
5043,FUSE,Technology,Software - Application,NASDAQ,60.07,14,104.66,84,1.62,43698252.1240139,28939240.0,0.1857,-93.52,126593,4968667,3017778
5044,JBDI,Consumer Cyclical,Specialty Retail,NASDAQ,60.01,14,94.17,56,0.61,11683845.722466946,19029064.0,0.0027,-79.67,9847,8879,21049
5045,CLMB,Technology,Electronics & Computer Distribution,NASDAQ,59.93,14,85.08,22,19.59,374175679.60739136,18597200.0,0.0701,-45.97,162721,179323,224206
5046,NIXX,Industrials,Staffing & Employment Services,NASDAQ,59.84,14,87.22,27,0.59,16926093.32448721,26892426.0,0.075500004,-76.11,566562,775610,984196
5047,HRZN,Financial Services,Asset Management,NASDAQ,59.72,14,87.32,27,4.25,309905441.33604527,68261111.0,0.0787,-49.76,933272,991067,997714
5048,HUMA,Healthcare,Biotechnology,NASDAQ,59.63,14,111.01,89,0.93,235340241.77596474,222019108.0,0.2035,-68.26,8595376,5827018,7575429
5049,TIGR,Financial Services,Capital Markets,NASDAQ,59.62,14,83.09,17,6.16,1153246765.0100422,178521170.0,0.0425,-54.54,2606758,2331939,2515941
5050,APPN,Technology,Software - Infrastructure,NASDAQ,59.58,14,81.03,14,19.53,1609193676.0009003,73412120.0,0.14,-57.6,1116366,1023368,850613
5051,ONT,Industrials,Waste Management,NYSE,59.58,14,66.46,3,15.31,584732703.8888168,36139227.0,0.0677,-52.16,810181,465367,416350
5052,SERA,Healthcare,Medical Devices,NASDAQ,59.57,14,75.9,8,1.72,73618402.81327665,39158725.0,0.0112,-57.95,73102,40630,66194
5053,SCNX,Healthcare,Pharmaceutical Retailers,NASDAQ,59.55,14,100.3,77,0.4,16252326.642178535,40630816.0,0.051,-84.62,464483,453671,3646596
5054,SUPV,Financial Services,Banks - Regional,NYSE,59.49,14,78.35,11,7.5,749062000.3711209,93985197.0,0.0494,-55.61,806572,733040,771426
5055,RDACU,Financial Services,Shell Companies,NASDAQ,59.47,14,86.34,25,6.51,,,10.73,-67.17,632,1010,628
5056,XCH,Industrials,Specialty Industrial Machinery,NASDAQ,59.38,14,73.73,7,0.79,73375813.6562047,81528684.0,0.0005,-68.39,28037,17375,33811
5057,CLW,Basic Materials,Paper & Paper Products,NYSE,59.37,14,85.15,22,13.25,220432209.74025917,16125253.0,0.0484,-57.2,171307,181135,198943
5058,ARQQ,Technology,Software - Infrastructure,NASDAQ,59.36,13,83.15,18,13.34,234151811.23707104,15651859.0,0.094399996,-78.48,449090,405546,319262
5059,HTOO,Utilities,Utilities - Renewable,NASDAQ,59.35,13,90.77,39,2.99,8238708.717560768,3017842.0,0.0196,-78.04,67940,41630,41998
5060,FWRG,Consumer Cyclical,Restaurants,NASDAQ,59.34,13,83.07,17,11.23,745903132.0156574,61644885.0,0.105500005,-42.5,1690939,1398133,1571693
5061,PNBK,Financial Services,Banks - Regional,NASDAQ,59.34,13,79.26,12,1.07,136787503.26478922,124352273.0,0.0352,-85.68,306808,245082,387233
5062,COUR,Consumer Defensive,Education & Training Services,NYSE,59.33,13,81.28,14,5.28,978632637.7434068,169313599.0,0.15890001,-61.06,6550099,6280033,5204747
5063,AIOS,Technology,Information Technology Services,NASDAQ,59.33,13,86.96,26,14.53,61592400.74157715,3240000.0,0.0014,-87.79,404645,365901,222666
5064,FLGT,Healthcare,Diagnostics & Research,NASDAQ,59.33,13,90.22,36,15.7,453273944.1633978,28400623.0,0.1439,-49.42,633146,533255,622951
5065,MKC,Consumer Defensive,Packaged Foods,NYSE,59.32,13,81.48,15,46.35,12990503100.355568,268843195.0,0.0,-40.7,3863537,4110525,4440993
5066,ETS,Industrials,Trucking,NASDAQ,59.29,13,84.29,20,0.51,9210886.25605774,16716672.0,0.0134000005,-87.94,48386,37298,121585
5067,UTZ,Consumer Defensive,Packaged Foods,NYSE,59.28,13,82.51,16,7.04,663246787.5,88432905.0,0.0862,-52.01,2427345,1944871,1969313
5068,CPB,Consumer Defensive,Packaged Foods,NASDAQ,59.25,13,84.33,20,20.01,6213372855.413544,298146488.0,0.24129999,-44.66,6500601,7522877,8989286
5069,LDI,Financial Services,Mortgage Finance,NYSE,59.17,13,72.02,6,1.25,472953450.5456506,337823899.0,0.1505,-75.25,2269191,1923590,2299048
5070,CTSH,Technology,Information Technology Services,NASDAQ,59.15,13,75.98,8,47.13,24444640144.348145,473000000.0,0.075500004,-45.85,7252198,6669319,6262323
5071,ACM,Industrials,Engineering & Construction,NYSE,59.15,13,78.6,11,71.31,10419369734.690918,129288624.0,0.0542,-47.38,1759888,1321496,1265271
5072,AHT,Real Estate,REIT - Hotel & Motel,NYSE,59.15,13,91.88,44,2.89,19947591.78588295,6476491.0,0.00090000004,-61.72,21644,22418,28454
5073,TC,Communication Services,Advertising Agencies,NASDAQ,59.05,13,83.18,18,9.05,227095441.42274857,21984070.0,1.11,-59.71,13132,4730,3558
5074,BRAG,Consumer Cyclical,Gambling,NASDAQ,59.04,13,79.56,12,1.64,54984713.03895378,25574284.0,8.77,-65.98,58184,27488,32638
5075,CHA,Consumer Cyclical,Restaurants,NASDAQ,59.03,13,87.97,29,9.84,1999199569.1554794,190763326.0,0.0298,-72.22,454627,425392,491843
5076,NA,Technology,Semiconductors,NASDAQ,59.03,13,99.26,75,2.52,38303247.946532965,23214090.0,0.0378,-91.99,357734,187284,142680
5077,CPOP,Communication Services,Entertainment,NASDAQ,58.98,13,90.84,39,0.31,24745589.248924196,81939041.0,0.0008,-88.12,47268,196266,126559
5078,IP,Consumer Cyclical,Packaging & Containers,NYSE,58.98,13,79.59,12,30.26,17489945004.836975,529516974.0,0.1515,-46.09,6523643,7319637,7233344
5079,NOW,Technology,Software - Application,NYSE,58.96,13,91.96,44,95.07,94034663754.73022,1031308000.0,0.0378,-55.04,24609874,27701231,23040942
5080,GFAI,Industrials,Security & Protection Services,NASDAQ,58.94,13,87.94,29,0.46,15906462.866309524,31250418.0,0.031400003,-69.33,383896,363422,316721
5081,FWDI,Consumer Cyclical,Footwear & Accessories,NASDAQ,58.94,13,92.83,48,4.48,357715755.36119556,74679699.0,0.0229,-90.26,1177387,859669,905873
5082,LASE,Industrials,Specialty Industrial Machinery,NASDAQ,58.93,13,97.25,70,0.88,33453175.910704136,38319788.0,0.1415,-87.0,1538937,2147322,1918533
5083,CTM,Technology,Information Technology Services,NYSE ARCA,58.89,13,91.88,44,0.68,71243402.7350545,94612750.0,0.0512,-56.41,3138106,1502302,1435667
5084,CELH,Consumer Defensive,Beverages - Non-Alcoholic,NASDAQ,58.88,13,79.21,12,30.16,8254627458.44574,255640360.0,0.08189999,-54.81,13175887,8818589,7960857
5085,CHKP,Technology,Software - Infrastructure,NASDAQ,58.88,13,86.99,26,124.03,11979475620.879326,104232799.0,0.0631,-46.95,2111772,1792997,1428688
5086,MGPI,Consumer Defensive,Beverages - Wineries & Distilleries,NASDAQ,58.84,13,84.36,20,18.23,421013385.20495987,21371237.0,0.0643,-47.9,177059,208799,249785
5087,OWL,Financial Services,Asset Management,NYSE,58.78,13,91.67,42,9.46,7136473764.857978,675802413.0,0.2049,-55.12,30576592,31008884,31321982
5088,KROS,Healthcare,Biotechnology,NASDAQ,58.78,13,79.55,12,10.5,238839186.55123138,19787837.0,0.08140001,-53.44,380969,330236,436325
5089,TASK,Technology,Information Technology Services,NASDAQ,58.75,13,76.28,9,5.49,590221546.9454408,91578205.0,0.12979999,-70.15,958205,650118,690103
5090,BLIV,Technology,Software - Application,NASDAQ,58.74,13,83.55,18,2.33,27053357.083614826,10864802.0,0.00029999999,-55.19,900,1176,2272
5091,VIVS,Healthcare,Biotechnology,NASDAQ,58.64,13,76.32,9,1.29,4023381.3685935736,2894519.0,0.0098,-75.66,29132,45654,71648
5092,KBR,Industrials,Engineering & Construction,NYSE,58.58,13,74.18,7,30.06,4125745316.8596725,126789957.0,0.0467,-47.06,2435801,1728063,1630560
5093,TOST,Technology,Software - Infrastructure,NYSE,58.54,13,77.2,10,23.05,14521458881.474781,579698975.0,0.0556,-53.58,16168860,10985966,10775656
5094,MLCI,Financial Services,Asset Management,NASDAQ,58.53,13,74.41,7,3.45,44419409.28011322,11188768.0,1.61,-60.53,33769,29036,58959
5095,CURI,Communication Services,Broadcasting,NASDAQ,58.45,13,74.31,7,2.52,182605803.4767151,59287600.0,0.052600004,-64.76,650586,399758,426429
5096,AVAV,Industrials,Aerospace & Defense,NASDAQ,58.43,13,75.11,8,158.0,8516327058.834274,50605071.0,0.114300005,-62.19,1235531,1142517,1382638
5097,GPMT,Real Estate,REIT - Mortgage,NYSE,58.42,13,85.01,22,1.37,70441850.12099147,47919625.0,0.0057,-56.02,145877,130192,160331
5098,OWLT,Healthcare,Medical Devices,NYSE,58.42,13,92.16,45,5.55,164724182.991642,28697594.0,0.0298,-67.24,204730,218480,349632
5099,AWRE,Technology,Software - Application,NASDAQ,58.38,13,93.01,49,1.27,28120691.568539143,21631302.0,0.0043,-56.95,68818,53269,56703
5100,CTSO,Healthcare,Medical Devices,NASDAQ,58.35,13,76.44,9,0.5,38247823.4520033,62804305.0,0.0335,-64.03,107119,70493,89217
5101,FTLF,Consumer Defensive,Packaged Foods,NASDAQ,58.34,13,96.36,68,10.5,89684739.39120483,9391072.0,0.0425,-49.95,35684,37668,31474
5102,HNI,Consumer Cyclical,"Furnishings, Fixtures & Appliances",NYSE,58.33,13,74.38,7,29.9,2419681681.820984,71992908.0,0.028199999,-43.89,945522,694770,809114
5103,FLUX,Industrials,Electrical Equipment & Parts,NASDAQ,58.33,13,77.82,10,0.98,22002223.87884593,21361383.0,0.0347,-87.02,186930,134266,131084
5104,BBWI,Consumer Cyclical,Specialty Retail,NYSE,58.31,13,82.02,16,17.09,3973276987.954399,201382518.0,0.0744,-50.69,5641319,5821503,5892323
5105,BGLC,Basic Materials,Specialty Chemicals,NASDAQ,58.3,13,88.87,32,2.02,4979666.701680183,2417314.0,0.0049,-87.05,4982,3950,4888
5106,WBUY,Consumer Cyclical,Internet Retail,NASDAQ,58.28,13,95.3,64,1.19,6796569.012271881,5481104.0,0.0247,-90.84,33912,2641027,1590354
5107,YXT,Technology,Software - Application,NASDAQ,58.24,13,93.88,53,0.48,31887424.663141966,59602660.0,0.0014,-58.62,40368,6266426,3803277
5108,EBON,Technology,Computer Hardware,NASDAQ,58.21,13,93.85,53,2.22,14696640.900930405,6280616.0,0.0033000002,-62.37,3919,4649,4623
5109,ZG,Communication Services,Internet Content & Information,NASDAQ,58.2,13,81.8,15,38.06,9595947597.18853,228801810.0,0.13229999,-57.81,1313288,992919,1048629
5110,TDUP,Consumer Cyclical,Internet Retail,NASDAQ,58.16,13,91.55,42,4.1,621976899.8713293,129040846.0,0.2184,-66.61,3651930,2785630,2635948
5111,WDAY,Technology,Software - Application,NASDAQ,58.12,13,89.88,35,125.01,31917304441.5179,249685551.0,0.0923,-54.71,4295609,4929453,4828245
5112,FMFC,Consumer Cyclical,Footwear & Accessories,NASDAQ,58.09,13,98.42,73,0.41,7502999.9345541,18300000.0,0.024300002,-97.4,101872,202984,614590
5113,OLLI,Consumer Defensive,Discount Stores,NASDAQ,57.93,13,78.55,11,78.49,4986964924.202927,60661294.0,0.0731,-44.62,1536178,1408666,1509101
5114,TGLS,Basic Materials,Building Materials,NYSE,57.92,13,80.89,14,38.61,1852998338.765602,46569447.0,0.106400006,-57.26,441753,342181,475338
5115,TPET,Energy,Oil & Gas E&P,NYSE ARCA,57.86,13,73.89,7,0.41,15458709.158562124,33826498.0,0.1858,-83.6,3279791,6519093,21147884
5116,PRGS,Technology,Software - Infrastructure,NASDAQ,57.81,13,88.26,30,27.81,1256888116.0137749,42078610.0,0.13520001,-57.54,559857,898349,998281
5117,PHIO,Healthcare,Biotechnology,NASDAQ,57.8,12,79.03,11,1.07,12430459.179349065,11617251.0,0.045,-74.46,166996,146242,222845
5118,HTT,Financial Services,Credit Services,NYSE,57.79,12,82.5,16,2.19,344729383.3226967,155283504.0,0.0033000002,-56.89,72771,76113,111190
5119,TIL,Healthcare,Biotechnology,NASDAQ,57.76,12,93.33,50,8.07,55340931.285152435,6781977.0,0.081599995,-81.14,33044,27158,26876
5120,SE,Consumer Cyclical,Internet Retail,NYSE,57.69,12,92.53,47,88.23,53120784649.12987,612484522.0,0.0575,-55.73,6218699,4482979,4349173
5121,HRTX,Healthcare,Biotechnology,NASDAQ,57.66,12,76.03,8,0.85,228253035.05600166,188638866.0,0.2684,-63.04,2871314,2349708,2192432
5122,DJT,Communication Services,Internet Content & Information,NASDAQ,57.63,12,83.86,19,8.67,2473197768.559601,276953828.0,0.08979999,-68.79,3844411,3742610,3681858
5123,DOUG,Real Estate,Real Estate Services,NYSE,57.58,12,77.08,9,1.58,189993703.5774684,90906082.0,0.026600001,-50.63,569120,509523,745436
5124,XTLB,Healthcare,Biotechnology,NASDAQ,57.57,12,80.64,14,2.61,6008644.229759216,2365608.0,0.0256,-74.61,101526,3953312,2375881
5125,SNT,Industrials,Security & Protection Services,NASDAQ,57.55,12,80.98,14,2.6,61595566.367587805,23331653.0,0.00090000004,-51.31,19187,30692,25559
5126,CBUS,Healthcare,Biotechnology,NASDAQ,57.53,12,74.33,7,1.31,109847661.16495371,76283095.0,0.0723,-68.74,279416,511628,592809
5127,FNUC,Basic Materials,Other Industrial Metals & Mining,NASDAQ,57.48,12,80.11,13,2.16,54478949.62306166,26318334.0,0.0482,-70.93,499546,311188,381971
5128,GHG,Consumer Cyclical,Lodging,NYSE,57.42,12,85.05,22,1.15,123094739.38669562,100897325.0,0.9,-58.57,28515,25285,25013
5129,ARQ,Industrials,Pollution & Treatment Controls,NASDAQ,57.41,12,98.37,73,2.62,113325325.62314367,42926258.0,0.043899998,-66.79,400423,361827,981792
5130,GHI,Financial Services,Mortgage Finance,NYSE,57.41,12,87.98,29,5.26,127473175.5046463,23562510.0,0.0116,-57.82,57799,87319,139225
5131,UWMC,Financial Services,Mortgage Finance,NYSE,57.4,12,72.87,6,3.0,1094727115.4455538,323883751.0,0.115100004,-57.98,23004872,15413374,16702338
5132,MGRX,Healthcare,Health Information Services,NASDAQ,57.39,12,114.87,92,0.44,6973609.846539497,16967420.0,0.0608,-84.0,1064021,809753,8091234
5133,MTNB,Healthcare,Biotechnology,NYSE ARCA,57.33,12,87.42,27,0.56,4087149.931313038,6406191.0,0.0005,-81.88,30400,33313,28870
5134,INVZ,Consumer Cyclical,Auto Parts,NASDAQ,57.22,12,97.08,70,0.74,157031245.21990073,214523561.0,0.0962,-70.87,4978789,3133109,3091403
5135,FBIN,Industrials,Building Products & Equipment,NYSE,57.19,12,79.26,12,34.37,4551692384.019562,119844456.0,0.095699996,-46.99,3473667,2555635,2905033
5136,ELF,Consumer Defensive,Household & Personal Products,NYSE,57.14,12,80.75,14,56.43,3593919301.5826263,59052239.0,0.14930001,-62.63,3278730,2630063,2574422
5137,DTSS,Technology,Software - Infrastructure,NASDAQ,57.11,12,83.43,18,0.86,9820323.795092046,10447153.0,0.0417,-69.29,55651,139167,94972
5138,TKLF,Consumer Cyclical,Specialty Retail,NASDAQ,57.07,12,81.72,15,2.08,8643339.036128283,4232781.0,0.087299995,-51.86,10362,6757,33390
5139,GRCE,Healthcare,Biotechnology,NASDAQ,57.04,12,62.91,2,2.16,36209221.85185361,15474027.0,0.14819999,-58.3,448280,1137923,906120
5140,QNRX,Healthcare,Biotechnology,NASDAQ,56.99,12,80.06,13,5.79,10695507.800386906,1803627.0,0.0448,-86.15,14574,24718,112722
5141,VTSI,Technology,Software - Application,NASDAQ,56.99,12,69.59,4,3.21,47488914.843382835,11306885.0,0.0117,-57.03,108140,85470,74286
5142,IMA,Healthcare,Biotechnology,NASDAQ,56.98,12,93.14,49,5.68,59666597.26973534,11279130.0,0.64,-68.44,66345,699611,436297
5143,STUB,Communication Services,Internet Content & Information,NYSE,56.96,12,111.49,90,8.82,2882361664.1211376,373847166.0,0.1113,-68.38,6115566,4417215,4626397
5144,EVGN,Healthcare,Biotechnology,NASDAQ,56.96,12,84.97,21,0.73,9077823.0,12103764.0,0.014099999,-69.83,53145,53408,106447
5145,EU,Energy,Uranium,NASDAQ,56.96,12,69.9,4,1.52,324030532.68452644,195199120.0,0.1238,-63.64,3422780,2638313,2714378
5146,ALT,Healthcare,Biotechnology,NASDAQ,56.94,12,81.13,14,2.85,600557480.2483613,194355177.0,0.22129999,-63.13,3294913,4482787,4177970
5147,Z,Communication Services,Internet Content & Information,NASDAQ,56.86,12,81.06,14,37.66,9479259058.124771,228801810.0,0.0801,-59.88,3862855,3144835,3592955
5148,POOL,Industrials,Industrial Distribution,NASDAQ,56.83,12,75.57,8,175.35,6842902829.011307,36443003.0,0.11310001,-49.17,1132676,855242,809221
5149,LGPS,Industrials,Conglomerates,NYSE ARCA,56.83,12,90.55,38,0.65,16728944.117402315,23628452.0,0.02,-90.97,26795,46235,32381
5150,PD,Technology,Software - Application,NYSE,56.83,12,92.71,48,6.77,558774152.2360573,76649404.0,0.16239999,-62.39,1864589,2344659,2649895
5151,MNKD,Healthcare,Biotechnology,NASDAQ,56.66,12,95.53,65,3.09,1087504578.4272432,308950166.0,0.0971,-52.53,9522329,5537916,5979977
5152,CCC,Technology,Software - Application,NASDAQ,56.61,12,75.23,8,4.32,3011005016.8500137,586940536.0,0.0637,-58.86,11353910,12205063,11760386
5153,MLEC,Healthcare,Biotechnology,NASDAQ,56.59,12,97.37,71,8.93,6462449.923007965,726118.0,0.0232,-94.31,35335,510275,324353
5154,CVKD,Healthcare,Biotechnology,NASDAQ,56.57,12,86.91,26,5.05,18746524.699703217,3078247.0,0.0166,-68.92,65045,59211,53351
5155,GPGI,Industrials,Metal Fabrication,NYSE,56.55,12,65.35,3,12.1,4023276889.77201,289861445.0,0.1983,-54.82,4889182,3894084,4810718
5156,RGNX,Healthcare,Biotechnology,NASDAQ,56.55,12,61.34,2,5.72,544561817.9952059,51617233.0,0.1447,-64.67,2448530,1194460,1076004
5157,HDSN,Basic Materials,Specialty Chemicals,NASDAQ,56.53,12,72.87,6,4.92,220861137.0,42068788.0,0.0324,-53.23,617905,364678,393147
5158,DXC,Technology,Information Technology Services,NYSE,56.43,12,67.36,4,8.94,1600836502.8966293,169759963.0,0.1933,-48.2,8050789,4883823,3904333
5159,ISPR,Consumer Defensive,Tobacco,NASDAQ,56.33,12,91.15,41,1.7,99684363.90635872,57289864.0,0.0468,-56.07,76664,67168,115554
5160,ELBM,Basic Materials,Other Industrial Metals & Mining,NASDAQ,56.32,12,87.24,27,0.6,66807483.876938224,103738330.0,0.0128,-93.1,2017043,1087461,975056
5161,CNF,Financial Services,Mortgage Finance,NYSE,56.3,12,103.23,82,3.68,20917558.472974777,6858216.0,0.37,-58.18,11956,6045,5695
5162,PPC,Consumer Defensive,Packaged Foods,NASDAQ,56.3,12,73.74,7,27.56,6923528573.860018,237921941.0,0.022,-46.43,1518004,1310554,1218148
5163,TRIB,Healthcare,Medical Devices,NASDAQ,56.22,12,82.85,17,0.57,12353030.379691005,20250869.0,0.0382,-83.43,77782,92014,159818
5164,HWH,Consumer Cyclical,Leisure,NASDAQ,56.22,12,82.12,16,1.01,7999748.392152786,7476400.0,0.0117,-87.0,50044,28324,73120
5165,PAL,Industrials,Integrated Freight & Logistics,NASDAQ,56.18,12,64.77,3,4.92,165231935.00327873,27770074.0,0.0622,-55.15,461390,440126,366780
5166,KSCP,Industrials,Security & Protection Services,NASDAQ,56.13,12,78.91,11,2.95,48685910.02528596,16282913.0,0.1447,-70.91,438010,460876,567856
5167,VYX,Technology,Information Technology Services,NYSE,56.12,12,86.98,26,6.66,1150689963.8192654,137807175.0,0.3087,-54.6,2733019,2320399,2395417
5168,EH,Industrials,Aerospace & Defense,NASDAQ,56.09,12,82.6,16,9.44,741444051.130022,71984858.0,12.34,-54.72,518524,533771,603470
5169,JBI,Industrials,Building Products & Equipment,NYSE,56.05,12,83.49,18,4.81,710604716.5929594,136392459.0,0.0344,-55.46,2292872,1636887,1888652
5170,KG,Financial Services,Insurance - Reinsurance,NASDAQ,56.05,12,94.11,56,10.51,100653717.53957844,8479673.0,0.0375,-71.44,9533,13027,17794
5171,SWVL,Industrials,Railroads,NASDAQ,56.03,12,91.94,44,1.6,17437602.0,9964344.0,0.0037,-67.94,13116,24155,19975
5172,NWGL,Basic Materials,Lumber & Wood Production,NASDAQ,56.03,12,78.65,11,0.82,15063380.584124029,16553165.0,0.0093,-87.59,163243,96521,103640
5173,HXHX,Industrials,Integrated Freight & Logistics,NASDAQ,56.03,12,71.69,5,0.45,6325000.114738941,13750000.0,0.031600002,-78.67,80088,368549,661021
5174,GTLB,Technology,Software - Infrastructure,NASDAQ,56.01,12,92.12,45,23.66,4386770803.84576,168851843.0,0.1137,-56.25,5631732,6176630,6063220
5175,ARHS,Consumer Cyclical,Specialty Retail,NASDAQ,55.97,11,72.41,6,5.75,920718132.5179749,141540064.0,0.0616,-55.7,2093976,1486985,1408777
5176,GT,Consumer Cyclical,Auto Parts,NASDAQ,55.97,11,73.21,6,5.64,1871225553.5994816,287438631.0,0.1275,-53.12,10691140,8606323,8687072
5177,LIF,Technology,Software - Application,NASDAQ,55.95,11,80.0,13,38.53,3554311756.5898476,80688123.0,0.1314,-65.76,914314,920788,1347584
5178,WETO,Technology,Software - Infrastructure,NASDAQ,55.92,11,103.66,82,0.56,38949999.51124191,82000000.0,0.00029999999,-86.82,41423,67427,2286766
5179,FEAM,Basic Materials,Specialty Chemicals,NASDAQ,55.91,11,105.32,84,1.93,66419013.789720416,41511883.0,0.0095999995,-74.27,319454,264891,262776
5180,HTLM,Consumer Cyclical,Specialty Retail,NASDAQ,55.91,11,87.3,27,1.74,157849999.14467335,89687500.0,0.0086,-58.47,3428,4852,8585
5181,BTCT,Technology,Computer Hardware,NASDAQ,55.91,11,84.57,20,1.11,11610709.772282839,9516975.0,0.026300002,-76.83,59930,115863,95358
5182,SQFTP,Real Estate,REIT - Diversified,NASDAQ,55.9,11,92.47,46,6.43,,,1.01,-59.79,3765,5151,4345
5183,MYSZ,Technology,Software - Application,NASDAQ,55.87,11,78.75,11,0.52,2794535.039588213,4818164.0,0.0165,-68.48,33911,30047,46654
5184,PRGO,Healthcare,Drug Manufacturers - Specialty & Generic,NYSE,55.86,11,83.34,18,10.61,1620286591.9783115,138367770.0,0.1558,-62.69,2689371,2557293,3174000
5185,NKE,Consumer Cyclical,Footwear & Accessories,NYSE,55.86,11,83.06,17,41.88,65366352732.758286,1480887033.0,0.059299998,-47.76,21852154,21931871,22641072
5186,CNXC,Technology,Information Technology Services,NASDAQ,55.84,11,84.16,19,24.03,1480587154.9457932,61004826.0,0.207,-61.33,1790287,1675245,1757061
5187,RYAN,Financial Services,Insurance - Specialty,NYSE,55.81,11,88.51,31,31.81,4053647269.016556,129468136.0,0.0854,-56.12,3466140,2635180,2344578
5188,HAIN,Consumer Defensive,Packaged Foods,NASDAQ,55.77,11,92.87,48,0.78,60055210.786379576,90992740.0,0.139,-64.86,1020111,1047457,1237616
5189,LU,Financial Services,Credit Services,NYSE,55.68,11,85.34,22,1.87,1690043380.7269468,866688892.0,5.09,-59.08,941545,1235121,1511003
5190,BGSI,Consumer Cyclical,Auto & Truck Dealerships,NYSE,55.66,11,74.73,7,102.85,3212424296.0130615,27830064.0,1.93,-43.83,44629,48563,58323
5191,BMI,Technology,Scientific & Technical Instruments,NYSE,55.63,11,76.91,9,114.23,3459073658.4259796,29185570.0,0.1586,-55.39,512656,762662,596265
5192,SDEV,Financial Services,Asset Management,NYSE ARCA,55.57,11,95.29,64,1.64,43398797.14304197,26625029.0,0.1161,-98.36,115782,143590,367066
5193,MRLN,Industrials,Aerospace & Defense,NASDAQ,55.53,11,58.73,2,6.61,700420818.4916496,85105815.0,0.7,-61.12,1538789,1534516,1338893
5194,REE,Consumer Cyclical,Auto Parts,NASDAQ,55.48,11,70.84,5,0.44,13411029.377693057,28656046.0,0.0150999995,-87.79,79988,43212,39453
5195,SOS,Financial Services,Capital Markets,NYSE,55.42,11,91.02,40,1.1,10160831.27249837,8913010.0,0.073699996,-88.57,20919,46369,126827
5196,MTEK,Technology,Electronic Components,NASDAQ,55.36,11,76.07,8,1.13,11347392.003780127,9698626.0,0.0544,-73.54,135620,127910,231428
5197,CNET,Communication Services,Advertising Agencies,NASDAQ,55.34,11,90.72,38,0.73,2451351.75,3268469.0,0.0275,-73.74,11269,9446,9579
5198,DUOL,Technology,Software - Application,NASDAQ,55.32,11,98.77,74,112.06,5031590605.296364,46593117.0,0.2228,-79.44,2559793,2019684,1953840
5199,AMCI,Technology,Computer Hardware,NASDAQ,55.31,11,72.41,6,5.0,135120271.17097235,22595363.0,0.0789,-88.1,50676,46375,73403
5200,BRLS,Consumer Defensive,Packaged Foods,NASDAQ,55.28,11,93.49,51,1.38,31336429.038760185,21463307.0,0.025,-80.43,43829,547843,334781
5201,HLNE,Financial Services,Asset Management,NASDAQ,55.19,11,80.07,13,85.16,3910541096.0,43938664.0,0.099700004,-52.48,813559,910463,849433
5202,AEHL,Industrials,Building Products & Equipment,NASDAQ,55.12,11,438.85,99,3.61,6193746.246117353,5161455.0,0.0149,-92.85,54847119,18514216,11266353
5203,SLAI,Technology,Information Technology Services,NYSE,55.09,11,89.39,33,0.76,15233192.21266222,19783367.0,0.0433,-90.58,115977,191675,669399
5204,BTAI,Healthcare,Drug Manufacturers - Specialty & Generic,NASDAQ,55.07,11,87.47,28,1.14,33030995.69461012,27074586.0,0.1489,-85.89,575344,852748,950594
5205,MAMO,Consumer Cyclical,Recreational Vehicles,NASDAQ,55.04,11,90.5,37,0.99,41224540.897119045,41640950.0,0.0056,-82.29,82029,2266723,1413511
5206,HSDT,Financial Services,Asset Management,NASDAQ,55.03,11,104.59,83,2.3,122175588.13453674,55034048.0,0.0274,-99.11,226229,267149,331393
5207,FLO,Consumer Defensive,Packaged Foods,NYSE,55.01,11,76.48,9,7.18,1788068492.5814886,211856467.0,0.13939999,-59.32,11031441,6672370,6166622
5208,SLSN,Consumer Defensive,Household & Personal Products,NASDAQ,54.99,11,86.1,24,1.21,95353802.43400872,70632445.0,0.0414,-78.51,42466,41335,42369
5209,ECX,Consumer Cyclical,Auto Parts,NASDAQ,54.96,11,86.41,25,1.09,434408376.3088932,381059984.0,0.028399998,-59.63,1301861,1058073,2820344
5210,ENLV,Healthcare,Biotechnology,NASDAQ,54.95,11,74.87,8,0.72,185607512.88236046,241048724.0,0.0023,-65.71,248348,449656,617775
5211,AI,Technology,Software - Infrastructure,NYSE,54.91,11,86.86,26,8.65,1434024344.5127392,145291222.0,0.3312,-71.4,4556803,4575184,4681784
5212,SPSC,Technology,Software - Application,NASDAQ,54.84,11,82.35,16,51.17,2073166326.75531,36712702.0,0.0828,-66.59,570278,563646,616535
5213,FTHM,Real Estate,Real Estate Services,NASDAQ,54.73,11,72.58,6,0.65,27176579.630945206,32782364.0,0.015,-80.71,139303,158681,146156
5214,PTLO,Consumer Cyclical,Restaurants,NASDAQ,54.7,11,63.75,3,3.98,311238133.2055721,72380958.0,0.1442,-70.63,3128850,1919616,1685818
5215,STKH,Consumer Defensive,Packaged Foods,NASDAQ,54.66,11,90.16,36,1.54,11120196.305415392,6177887.0,0.0187,-94.64,7654,9041,10342
5216,INTA,Technology,Software - Application,NASDAQ,54.59,11,83.59,18,20.99,1914210031.5586662,77061595.0,0.092,-64.33,1187109,909199,895489
5217,AKBA,Healthcare,Drug Manufacturers - Specialty & Generic,NASDAQ,54.58,11,74.14,7,1.06,311179552.9259151,268258243.0,0.1035,-74.01,4889658,3168199,2985835
5218,OMH,Real Estate,Real Estate Services,NASDAQ,54.5,11,72.2,6,0.87,20328995.169845223,23101131.0,0.0058999998,-73.23,11710,20153,22040
5219,SPWR,Technology,Solar,NASDAQ,54.45,11,85.72,23,1.02,158549310.9651872,145458079.0,0.198,-55.07,2272972,2161127,1753920
5220,IOTR,Communication Services,Telecom Services,NASDAQ,54.43,11,69.71,4,1.97,5912327.47623229,2565001.0,0.052800003,-73.63,16622,309244,197306
5221,VRRM,Technology,Information Technology Services,NASDAQ,54.42,11,80.04,13,13.1,2172265166.8738947,151906653.0,0.0247,-49.28,2311623,1625334,1740258
5222,GLOB,Technology,Information Technology Services,NYSE,54.42,11,80.94,14,38.91,1693933962.113968,43179556.0,0.1407,-72.65,2342155,1685905,1478305
5223,AMS,Healthcare,Medical Care Facilities,NYSE ARCA,54.4,11,83.69,19,1.47,13453755.790386677,6627466.0,0.0004,-52.73,436656,316928,197181
5224,PLCE,Consumer Cyclical,Apparel Manufacturing,NASDAQ,54.38,11,88.41,30,3.24,72188610.0,22211880.0,0.3975,-66.11,198254,412641,365616
5225,STIM,Healthcare,Medical Devices,NASDAQ,54.34,11,73.79,7,1.28,115167873.20907593,69587840.0,0.31780002,-73.61,3349435,2577091,2371267
5226,FLD,Financial Services,Capital Markets,NASDAQ,54.29,11,98.68,74,1.42,69442524.6216991,50687974.0,0.0176,-74.35,140247,116695,139251
5227,TGHL,Technology,Software - Infrastructure,NASDAQ,54.29,11,101.5,79,0.36,8854933.699201375,25299811.0,0.0172,-91.53,42774,91768,63766
5228,MVIS,Technology,Scientific & Technical Instruments,NASDAQ,54.27,11,78.13,10,0.56,219078432.547113,326982727.0,0.2133,-67.63,10341726,5794225,6007917
5229,MNDR,Healthcare,Health Information Services,NASDAQ,54.2,11,104.81,84,0.99,4417252.961549759,4167220.0,0.0052,-87.55,11607619,4260383,3149107
5230,YSXT,Industrials,Specialty Business Services,NASDAQ,54.15,11,95.94,66,1.1,28161324.73409176,27882500.0,0.0001,-88.96,42447,110382,174577
5231,SPT,Technology,Software - Application,NASDAQ,54.11,11,94.18,56,6.25,444612274.3299365,60082739.0,0.1283,-75.47,1995918,1606776,1664243
5232,AMPH,Healthcare,Drug Manufacturers - Specialty & Generic,NASDAQ,54.1,11,70.16,4,16.87,837765461.0,44092919.0,0.1814,-46.03,857288,565829,571215
5233,VALN,Healthcare,Biotechnology,NASDAQ,54.07,11,85.9,24,5.68,530063144.68891144,94823458.0,0.0017,-53.63,44227,74199,106529
5234,ARBK,Financial Services,Capital Markets,NASDAQ,54.05,11,131.48,96,4.19,53124677.78483105,14634897.0,0.125,-97.96,55258,38499,29009
5235,ZVIA,Consumer Defensive,Beverages - Non-Alcoholic,NYSE,54.04,10,95.13,63,1.33,104074102.8725102,71775241.0,0.040900003,-63.66,1179671,590520,579140
5236,COSM,Healthcare,Medical Distribution,NASDAQ,54.03,10,77.08,9,0.3,17373968.0307329,52331231.0,0.0123000005,-77.27,979411,1403630,984154
5237,MBC,Consumer Cyclical,"Furnishings, Fixtures & Appliances",NYSE,54.02,10,71.88,5,7.0,973962746.9877863,127984590.0,0.1991,-50.77,4262648,2639092,2586981
5238,VSTM,Healthcare,Biotechnology,NASDAQ,53.97,10,69.0,4,4.32,429702082.97760344,87873639.0,0.19950001,-61.6,2644390,2186120,2252860
5239,HIHO,Industrials,Metal Fabrication,NASDAQ,53.96,10,87.39,27,0.77,3640007.1464853287,4666676.0,0.0154,-65.16,12542,32147,48750
5240,OPCH,Healthcare,Medical Care Facilities,NASDAQ,53.93,10,73.31,6,19.52,3220634142.9807434,157027504.0,0.101,-46.96,5360111,3607647,2838492
5241,XYF,Financial Services,Credit Services,NYSE,53.93,10,97.18,70,4.71,192580865.0,38516173.0,0.0155,-76.87,124262,136740,161426
5242,ROCK,Industrials,Building Products & Equipment,NASDAQ,53.9,10,80.86,14,35.38,1210502955.1244469,29661919.0,0.056500003,-52.88,420322,352954,364448
5243,SHAK,Consumer Cyclical,Restaurants,NYSE,53.86,10,60.07,2,60.41,2830200317.8518677,40350732.0,0.2025,-58.24,4112104,2068088,1762310
5244,PSIX,Industrials,Specialty Industrial Machinery,NASDAQ,53.84,10,47.66,1,38.75,1749759743.913269,23050450.0,0.1487,-68.18,1726057,927809,834521
5245,GAIA,Communication Services,Entertainment,NASDAQ,53.83,10,74.5,7,2.37,64804289.11151123,25314176.0,0.0301,-62.91,115429,76976,80349
5246,GO,Consumer Defensive,Grocery Stores,NASDAQ,53.82,10,85.58,23,7.4,810176642.1703949,98922672.0,0.4028,-61.88,4031257,3245422,4065955
5247,ACCL,Industrials,Consulting Services,NASDAQ,53.82,10,90.53,38,1.42,20087856.79821968,13949900.0,0.020299999,-71.6,12634,53531,39750
5248,INUV,Technology,Software - Application,NYSE ARCA,53.79,10,73.43,6,1.54,27270452.814700842,14820898.0,0.0256,-75.44,274384,253761,248894
5249,HOTH,Healthcare,Biotechnology,NASDAQ,53.76,10,81.41,15,0.63,12815521.129226983,19127643.0,0.3081,-70.21,233577,4723779,3076271
5250,AORT,Healthcare,Medical Devices,NYSE,53.75,10,59.51,2,22.77,1232283352.6000977,48496000.0,0.0482,-52.81,1225391,661503,556172
5251,OWLS,Technology,Software - Infrastructure,NASDAQ,53.7,10,95.65,65,5.88,527793777.32133245,88407671.0,4.4392,-93.47,30175,35905,29359
5252,CCOI,Communication Services,Telecom Services,NASDAQ,53.69,10,68.1,4,16.48,833793069.8468876,50077663.0,0.16049999,-69.69,2076459,1288653,1216285
5253,PEPG,Healthcare,Biotechnology,NASDAQ,53.65,10,72.12,6,1.55,121737817.74035096,69169215.0,0.0729,-80.13,962684,1117054,1588334
5254,TRUP,Financial Services,Insurance - Property & Casualty,NASDAQ,53.63,10,81.01,14,22.33,1073499842.5438232,43620472.0,0.0996,-61.42,398528,381929,386983
5255,CFND,Financial Services,Asset Management,NYSE,53.62,10,86.11,24,3.51,23548011.729063988,6766670.0,0.07,-64.11,49023,28571,23858
5256,QFIN,Financial Services,Credit Services,NASDAQ,53.59,10,90.27,37,12.79,1601037228.155342,121751884.0,0.0162,-72.79,1127360,1106653,1270314
5257,WFF,Industrials,Specialty Industrial Machinery,NASDAQ,53.53,10,118.6,93,1.85,8715771.236092567,5038018.0,0.015800001,-98.74,14516,32828,27050
5258,GOGO,Communication Services,Telecom Services,NASDAQ,53.51,10,82.93,17,3.88,595049514.0973506,135238523.0,0.2082,-76.93,1542492,1441247,1787164
5259,RH,Consumer Cyclical,Specialty Retail,NYSE,53.49,10,85.21,22,123.17,2530623949.873886,18900769.0,0.38099998,-52.07,788779,1012516,1304401
5260,INTZ,Technology,Software - Infrastructure,NASDAQ,53.49,10,81.25,14,0.74,15684180.431490898,20369066.0,0.0161,-71.97,145973,119881,138914
5261,GPK,Consumer Cyclical,Packaging & Containers,NYSE,53.47,10,89.82,35,9.64,3145282957.671624,295887387.0,0.1571,-59.43,10077814,7269034,7944914
5262,FNGR,Communication Services,Telecom Services,NASDAQ,53.47,10,77.18,10,0.85,50250672.12168193,61281308.0,0.0216,-83.65,456037,296415,257563
5263,IQ,Communication Services,Entertainment,NASDAQ,53.44,10,79.13,12,1.16,1158029728.0159652,965024735.0,0.15640001,-59.15,5357970,8632933,9451208
5264,INTS,Healthcare,Biotechnology,NASDAQ,53.43,10,79.1,12,4.63,13486398.234294891,2649587.0,0.0269,-89.36,30432,31380,29486
5265,TAOP,Technology,Software - Infrastructure,NASDAQ,53.36,10,92.43,46,1.3,12388128.923666954,9603201.0,0.0050999997,-93.53,6439,9196,22725
5266,FND,Consumer Cyclical,Home Improvement Retail,NYSE,53.35,10,76.72,9,43.49,5591710330.018425,108094150.0,0.1095,-52.94,3781780,3294933,3112008
5267,AMWD,Consumer Cyclical,"Furnishings, Fixtures & Appliances",NASDAQ,53.34,10,74.72,7,35.33,562095001.7777252,14569595.0,0.1159,-51.04,375670,217920,245612
5268,NTCL,Technology,Software - Application,NASDAQ,53.34,10,83.21,18,0.39,22178874.76583004,59942904.0,0.002,-98.72,1623568,680206,571529
5269,VIOT,Consumer Cyclical,"Furnishings, Fixtures & Appliances",NASDAQ,53.34,10,87.66,28,0.98,66648513.34203005,67321730.0,0.0062,-77.37,162757,184575,243707
5270,IMTE,Technology,Electronic Components,NASDAQ,53.32,10,85.12,22,0.53,1843842.2803863287,3446434.0,0.0248,-65.58,39503,43781,42916
5271,MNDY,Technology,Software - Application,NASDAQ,53.3,10,96.08,67,71.97,3715313922.677742,51551463.0,0.1466,-77.3,2568671,1903437,1684522
5272,LFCR,Healthcare,Drug Manufacturers - Specialty & Generic,NASDAQ,53.3,10,80.58,14,4.4,179670058.09912968,37509407.0,0.0871,-51.0,194125,265218,381449
5273,FIG,Technology,Software - Application,NYSE,53.25,10,106.57,86,22.92,10887259310.490322,526972865.0,0.2647,-83.96,24045334,19208968,16528594
5274,SUPX,Technology,Software - Infrastructure,NASDAQ,53.25,10,115.69,92,10.54,317848548.22586393,43244701.0,0.0117,-86.22,275891,354767,349558
5275,BMGL,Healthcare,Medical Care Facilities,NASDAQ,53.2,10,104.93,84,0.66,14258384.312704206,18785750.0,0.012999999,-92.98,34347,23089,27107
5276,SDHC,Real Estate,Real Estate - Development,NYSE,53.11,10,72.47,6,11.17,108514341.0,8347257.0,0.27809998,-52.47,104483,97321,164240
5277,EVGO,Consumer Cyclical,Specialty Retail,NASDAQ,53.06,10,82.81,17,1.9,617752605.0315957,313579998.0,0.3491,-63.32,4445038,3817339,4376539
5278,XPOF,Consumer Cyclical,Leisure,NYSE,52.98,10,65.29,3,4.79,234145045.61253357,41811616.0,0.2617,-57.0,689799,472113,490183
5279,ADVB,Healthcare,Diagnostics & Research,NASDAQ,52.97,10,84.14,19,4.4,10117777.9335289,1634536.0,0.0661,-82.95,516105,867031,562381
5280,BLDR,Industrials,Building Products & Equipment,NYSE,52.92,10,79.0,11,70.41,8325134566.523346,107559876.0,0.080299996,-53.38,2976818,2561202,2517453
5281,LULU,Consumer Cyclical,Apparel Retail,NASDAQ,52.91,10,74.36,7,119.14,15388871600.02771,117311118.0,0.0543,-64.98,3254168,2966129,3081325
5282,BLND,Technology,Software - Application,NYSE,52.85,10,82.8,17,1.45,334120984.1254978,242116656.0,0.0598,-67.71,5133828,3671609,4385759
5283,RXST,Healthcare,Medical Devices,NASDAQ,52.84,10,72.69,6,5.68,242170158.70211172,41396609.0,0.1417,-66.07,849475,700501,734205
5284,FOUR,Technology,Software - Infrastructure,NYSE,52.78,10,84.08,19,42.02,3377825729.175598,79328924.0,0.1926,-61.27,2126472,1704677,1960560
5285,COTY,Consumer Defensive,Household & Personal Products,NYSE,52.7,10,82.44,16,2.06,2174752127.050347,880466438.0,0.0946,-61.42,9498981,8414367,8203466
5286,OI,Consumer Cyclical,Packaging & Containers,NYSE,52.69,10,73.94,7,8.35,1424152934.4220858,153299563.0,0.1189,-50.62,2354448,2403452,2504717
5287,LUCY,Healthcare,Medical Instruments & Supplies,NASDAQ,52.69,10,81.92,15,0.93,6489680.649736643,6300661.0,0.0064999997,-81.29,111442,92810,84430
5288,REFR,Technology,Electronic Components,NASDAQ,52.66,10,81.39,15,0.8,26061165.75,34748221.0,0.0105,-70.37,52810,35730,34760
5289,SER,Healthcare,Biotechnology,NYSE ARCA,52.62,10,80.82,14,1.64,26072579.75,14898617.0,0.0328,-79.29,84608,101319,4056547
5290,ILLR,Technology,Software - Application,NASDAQ,52.6,10,65.19,3,0.2,45100550.02848083,175488522.0,0.0,-88.44,519333,1455214,889468
5291,VBIO,Healthcare,Biotechnology,NASDAQ,52.57,10,87.44,28,0.88,3013531.1326423287,3139095.0,0.0225,-84.29,380995,269551,380699
5292,WIMI,Communication Services,Advertising Agencies,NASDAQ,52.53,10,79.01,11,1.52,29416086.838333845,18385054.0,0.020499999,-73.1,467414,940081,588390
5293,KVYO,Technology,Software - Application,NYSE,52.49,9,67.7,4,14.38,4552045967.146619,299279813.0,0.0884,-61.95,10719234,6589524,5272094
5294,OPAD,Real Estate,Real Estate Services,NYSE,52.47,9,80.94,14,0.63,31702962.29970187,47317853.0,0.1291,-90.08,605100,670166,708728
5295,BETA,Industrials,Aerospace & Defense,NYSE,52.46,9,87.72,28,15.41,4292946493.0540085,229815119.0,0.0467,-60.99,2369134,1590564,1809458
5296,HKPD,Healthcare,Medical Distribution,NASDAQ,52.38,9,73.33,6,0.53,14616990.798950672,23499986.0,0.0001,-80.8,661406,231665,151901
5297,SONM,Technology,Software - Infrastructure,NASDAQ,52.34,9,105.42,84,4.77,7576287.077121735,1488465.0,0.025799999,-87.62,13164,23911,45264
5298,SIEB,Financial Services,Capital Markets,NASDAQ,52.32,9,86.52,25,1.77,72465455.93911362,40940936.0,0.0312,-69.32,19272,22597,28966
5299,YOOV,Industrials,Security & Protection Services,NASDAQ,52.32,9,70.09,4,1.28,276922277.45410633,226985468.0,0.0001,-95.88,6413846,2209945,1372055
5300,VTGN,Healthcare,Biotechnology,NASDAQ,52.31,9,99.82,76,0.62,24168393.93677318,39620317.0,0.0616,-87.94,1236879,1030976,799427
5301,BL,Technology,Software - Application,NASDAQ,52.3,9,73.26,6,27.25,1796783838.4797993,58660917.0,0.1542,-54.26,1309072,1097247,1133034
5302,ORGO,Healthcare,Drug Manufacturers - Specialty & Generic,NASDAQ,52.29,9,85.4,22,2.41,304958664.0343666,128674548.0,0.2885,-65.95,1848280,2257970,1593976
5303,LIVE,Consumer Cyclical,Home Improvement Retail,NASDAQ,52.28,9,67.27,4,10.03,40699442.0,3071656.0,0.0105,-60.54,10881,6960,5952
5304,RPID,Healthcare,Medical Devices,NASDAQ,52.28,9,75.08,8,2.07,120367320.43762207,45767040.0,0.020399999,-58.1,135209,168236,215239
5305,ACXP,Healthcare,Biotechnology,NASDAQ,52.22,9,76.05,8,1.92,5967002.004951239,2855025.0,0.0348,-90.86,118312,154204,3879630
5306,OGEN,Healthcare,Biotechnology,NYSE ARCA,52.08,9,88.46,30,0.59,2601617.5033789873,4336029.0,0.16239999,-93.85,57744,57518,148474
5307,HOWL,Healthcare,Biotechnology,NASDAQ,52.08,9,61.8,2,0.52,33045835.90759152,48596817.0,0.0196,-78.15,740888,451039,434609
5308,SRAD,Technology,Software - Application,NASDAQ,52.04,9,76.55,9,12.49,3859209661.19034,295951662.0,0.1022,-61.24,3056746,4676728,3696841
5309,ASAN,Technology,Software - Application,NYSE,52.01,9,86.99,26,6.2,1578523918.087017,238088068.0,0.3216,-67.37,6778009,7133809,6385307
5310,DFH,Consumer Cyclical,Residential Construction,NYSE,52.0,9,79.61,12,13.1,1310787358.305603,91535432.0,0.3208,-58.41,1132293,763831,801066
5311,XPON,Industrials,Electrical Equipment & Parts,NASDAQ,51.93,9,78.91,11,0.59,7343387.539622426,11438298.0,0.028399998,-89.27,132514,160291,190962
5312,SMXT,Technology,Solar,NASDAQ,51.93,9,78.0,10,0.54,33745596.89751315,56906572.0,0.0179,-78.4,85035,179591,174807
5313,THRY,Technology,Software - Application,NASDAQ,51.89,9,93.56,51,3.41,168972682.1222849,44349786.0,0.10569999,-77.99,1020600,906470,900738
5314,ABVC,Healthcare,Biotechnology,NASDAQ,51.87,9,87.52,28,1.09,27175457.03302622,25637225.0,0.014199999,-80.11,85671,121410,96632
5315,BBNX,Healthcare,Medical Devices,NASDAQ,51.86,9,79.83,13,9.46,430020339.7510624,44561695.0,0.1609,-71.08,648933,995971,1017432
5316,DEFT,Financial Services,Capital Markets,NASDAQ,51.82,9,88.07,29,0.71,282301824.2598955,387777239.0,0.0493,-85.66,5231453,6147141,7169664
5317,LVWR,Consumer Cyclical,Auto Manufacturers,NYSE,51.8,9,70.31,5,1.42,337857014.61809754,204761830.0,0.0775,-84.29,130617,126115,224035
5318,KNDI,Consumer Cyclical,Recreational Vehicles,NASDAQ,51.78,9,75.73,8,0.65,70290754.30295557,100415365.0,0.0150999995,-63.28,136622,135204,325456
5319,MMYT,Consumer Cyclical,Travel Services,NASDAQ,51.67,9,85.69,23,43.3,4538446479.755585,94867192.0,0.1145,-60.85,871265,1202668,1448377
5320,XCUR,Healthcare,Biotechnology,NASDAQ,51.61,9,72.62,6,2.84,21480092.820563316,6373915.0,0.0191,-76.05,13735,15445,18791
5321,NYXH,Healthcare,Medical Instruments & Supplies,NASDAQ,51.59,9,85.59,23,3.08,142339433.36360288,43662403.0,0.010199999,-64.35,35725,31771,44411
5322,NVX,Industrials,Electrical Equipment & Parts,NASDAQ,51.49,9,77.64,10,0.63,151829314.58077997,215360735.0,0.0194,-83.68,372007,283662,342985
5323,AGMH,Technology,Computer Hardware,NASDAQ,51.47,9,112.91,91,1.17,2071336.8836183548,2298931.0,0.0575,-93.54,91420,136466,98026
5324,WAY,Healthcare,Health Information Services,NASDAQ,51.39,9,74.73,7,17.93,4100959448.6042156,191812891.0,0.0612,-57.86,2457946,2678328,2492639
5325,SUGP,Industrials,Security & Protection Services,NASDAQ,51.39,9,71.63,5,3.66,6329279.957279205,1464772.0,0.0366,-80.11,21302,10524,7790
5326,WTF,Financial Services,Capital Markets,NASDAQ,51.33,9,70.43,5,2.83,188126145.4002838,48237472.0,0.019,-65.13,246950,86710,58088
5327,BLNE,Financial Services,Mortgage Finance,NASDAQ,51.29,9,45.72,0,1.08,58842947.16475761,30647369.0,0.06,-76.77,876712,737320,721320
5328,TDIC,Communication Services,Advertising Agencies,NASDAQ,51.19,9,114.79,92,1.04,34474110.74513769,27801702.0,0.014199999,-97.37,47640830,18747946,11277452
5329,CAI,Healthcare,Biotechnology,NASDAQ,51.14,9,70.47,5,14.55,4564999993.922796,282662545.0,0.102299996,-65.76,3930544,2471944,2568172
5330,AZTR,Healthcare,Biotechnology,NYSE ARCA,51.12,9,74.17,7,0.18,3789030.4495336413,16192438.0,0.0344,-92.5,477392,611824,14522862
5331,ERII,Industrials,Pollution & Treatment Controls,NASDAQ,51.12,9,69.4,4,8.41,470608220.56888676,51545259.0,0.0442,-54.09,1955560,1229173,1107542
5332,GP,Industrials,Farm & Heavy Construction Machinery,NASDAQ,51.1,9,97.41,71,1.09,5532253.219908357,5029321.0,0.0098,-83.02,235546,874362,530521
5333,ATHR,Technology,Software - Application,NASDAQ,51.07,9,105.17,84,3.72,48578920.0,12144730.0,0.1607,-81.11,9456,12482,13441
5334,CALC,Healthcare,Biotechnology,NASDAQ,51.06,9,102.17,80,0.66,9904495.791644096,15746416.0,0.0334,-90.83,137252,181000,227768
5335,CYN,Technology,Software - Application,NASDAQ,51.02,9,82.58,16,1.43,22181497.96511066,13608281.0,0.1361,-96.56,359381,321423,1758518
5336,NAMM,Basic Materials,Gold,NASDAQ,50.97,9,64.13,3,1.48,86627426.44855487,54482657.0,1.12,-97.31,480571,472630,565946
5337,HSCS,Healthcare,Medical Devices,NASDAQ,50.8,9,76.85,9,1.81,6146470.832955837,3184700.0,0.0093,-72.02,28277,26859,20661
5338,BSX,Healthcare,Medical Devices,NYSE,50.78,9,79.69,12,52.68,80159135257.06961,1486355179.0,0.0173,-51.89,17649911,17859220,16796642
5339,ENVB,Healthcare,Biotechnology,NASDAQ,50.77,9,80.18,13,2.25,5658774.560644627,1985535.0,0.0334,-87.39,391005,7884145,4744969
5340,NCI,Consumer Cyclical,Apparel Manufacturing,NASDAQ,50.75,9,101.01,79,1.06,21183700.250189066,18914018.0,0.006,-92.32,1256490,3967500,3364894
5341,QRHC,Industrials,Waste Management,NASDAQ,50.72,9,78.9,11,1.05,24166099.498987198,21014000.0,0.0063,-60.23,44749,38883,66889
5342,RPD,Technology,Software - Infrastructure,NASDAQ,50.72,9,99.44,75,6.5,461131270.5734644,66830618.0,0.109799996,-76.01,2126081,2160940,2247122
5343,STG,Consumer Defensive,Education & Training Services,NYSE,50.65,9,84.15,19,3.15,43257268.74995518,13425596.0,0.0005,-79.0,4257,2649,3359
5344,PONY,Technology,Information Technology Services,NASDAQ,50.65,9,73.7,7,8.29,4027601010.831702,433541553.0,0.0728,-66.73,4481819,3648863,4817391
5345,SNES,Basic Materials,Specialty Chemicals,NASDAQ,50.64,9,92.0,44,1.62,9109737.220436096,5265744.0,0.006,-74.04,240796,95285,80395
5346,SNWV,Healthcare,Medical Devices,NASDAQ,50.61,9,89.32,33,16.85,133874111.50603485,8598209.0,0.124,-63.83,138715,104465,98337
5347,NEON,Technology,Electronic Components,NASDAQ,50.61,9,96.2,67,1.64,28195309.759700656,16782923.0,0.0591,-94.52,100544,96701,104552
5348,CNCK,Financial Services,Capital Markets,NASDAQ,50.39,9,104.89,84,2.03,247387369.16966128,135927122.0,0.014199999,-78.61,5537147,2083469,1270605
5349,HUBS,Technology,Software - Application,NYSE,50.2,9,78.35,11,198.38,10107308624.035034,51217740.0,0.0904,-70.94,2664564,1934928,1644852
5350,IMNN,Healthcare,Biotechnology,NASDAQ,50.17,9,77.47,10,2.49,10834690.353964329,3983342.0,0.0365,-93.96,44555,35545,105059
5351,MDXG,Healthcare,Biotechnology,NASDAQ,50.14,9,86.03,24,3.56,536204617.3954282,148945731.0,0.0629,-55.44,1720178,1789232,1532899
5352,SDST,Industrials,Electrical Equipment & Parts,NASDAQ,50.04,8,73.22,6,2.24,23976312.95273304,9990130.0,0.069699995,-73.43,131774,229814,172338
5353,BEEP,Industrials,Infrastructure Operations,NASDAQ,50.03,8,83.96,19,1.91,74558357.4829483,41192464.0,0.0242,-59.1,47766,34902,33899
5354,YOUL,Consumer Defensive,Education & Training Services,NASDAQ,50.02,8,89.91,35,0.96,74147289.31313753,76048500.0,2.14,-82.55,23135,45035,41295
5355,TLSI,Healthcare,Medical Devices,NASDAQ,49.94,8,56.4,1,2.68,272065582.10752726,61414355.0,0.028499998,-66.29,1121656,464252,365491
5356,SRXH,Consumer Defensive,Packaged Foods,NYSE ARCA,49.93,8,90.78,39,0.12,55984463.58906627,482624700.0,0.0238,-85.52,44320204,36252241,31163814
5357,TTD,Communication Services,Advertising Agencies,NASDAQ,49.92,8,83.71,19,21.15,10850100936.013578,470108361.0,0.1984,-76.87,22073626,18335458,19230737
5358,SMR,Industrials,Specialty Industrial Machinery,NYSE,49.87,8,88.83,32,11.23,4343627667.76444,346105785.0,0.2352,-80.44,33255275,36435728,29789889
5359,MWG,Industrials,Rental & Leasing Services,NYSE ARCA,49.8,8,66.28,3,1.36,9403656.088113785,5133000.0,0.019,-77.52,495099,178686,112175
5360,SMWB,Technology,Software - Application,NYSE,49.7,8,97.69,71,3.16,300469861.477967,87600541.0,0.0109,-70.6,994737,670702,566939
5361,FVRR,Communication Services,Internet Content & Information,NYSE,49.68,8,82.85,17,10.35,411635828.7429428,35950728.0,0.1342,-69.67,750407,883285,861601
5362,BGMS,Healthcare,Biotechnology,NASDAQ,49.68,8,93.69,52,1.0,4857121.253681183,5519456.0,0.0126,-98.55,29169,112186,100861
5363,UPWK,Communication Services,Internet Content & Information,NASDAQ,49.63,8,68.82,4,8.17,1089429930.645256,123518137.0,0.2987,-64.23,7675142,4700700,4092684
5364,NVNO,Healthcare,Medical Devices,NASDAQ,49.51,8,88.51,31,9.81,6515878.464932442,655521.0,0.117,-95.01,10305,11808,13617
5365,TSCO,Consumer Cyclical,Specialty Retail,NASDAQ,49.5,8,70.46,5,30.57,16074380530.338348,524449616.0,0.0598,-52.23,14811835,11488755,9244783
5366,INBS,Healthcare,Medical Devices,NASDAQ,49.5,8,132.91,96,4.01,5137363.411639452,2176849.0,0.0136,-83.9,268103,142377,124468
5367,CURX,Healthcare,Biotechnology,NASDAQ,49.49,8,74.4,7,0.3,9154082.667904615,28340812.0,0.0067000003,-96.73,123045,119095,197421
5368,DFLI,Industrials,Electrical Equipment & Parts,NASDAQ,49.38,8,84.95,21,1.85,25147979.998981237,12148783.0,0.103999995,-92.91,538422,462657,504032
5369,GAUZ,Technology,Electronic Components,NASDAQ,49.27,8,114.07,91,0.86,9184137.308748484,18743137.0,0.0148,-91.44,1151636,410608,351489
5370,GSHD,Financial Services,Insurance Brokers,NASDAQ,49.23,8,80.11,13,37.65,967183386.3474274,23670665.0,0.11310001,-67.19,355594,412338,426610
5371,SMPL,Consumer Defensive,Packaged Foods,NASDAQ,49.21,8,80.47,13,11.55,1134972659.7487946,92575256.0,0.0728,-68.72,2341178,3625982,2971473
5372,AVD,Basic Materials,Agricultural Inputs,NYSE,49.2,8,86.61,25,2.75,86675861.03157878,28605895.0,0.0395,-53.55,242694,253374,379792
5373,IINN,Healthcare,Medical Devices,NASDAQ,49.16,8,74.75,7,0.4,18913398.20620358,43579260.0,0.0211,-75.76,259068,380272,317797
5374,PLAY,Communication Services,Entertainment,NASDAQ,49.08,8,74.22,7,10.11,358163280.12723446,34739405.0,0.6067,-71.55,1641942,1654337,1882842
5375,RECT,Consumer Cyclical,Specialty Retail,NASDAQ,49.0,8,86.66,25,1.26,19865000.069141388,14500000.0,0.087799996,-74.8,22891,4475940,2687154
5376,TWG,Consumer Defensive,Food Distribution,NASDAQ,48.98,8,82.06,16,3.16,85772750.09723377,25913218.0,0.0019,-88.01,133078,116382,77979
5377,NNOX,Healthcare,Medical Devices,NASDAQ,48.92,8,76.91,9,1.72,120391095.76732826,69590228.0,0.14649999,-70.65,1292686,1878065,1444449
5378,ANPA,Industrials,Specialty Business Services,NASDAQ,48.87,8,65.27,3,6.11,108430598.30761194,15101755.0,0.0092,-96.62,67558,31426,30387
5379,BLKB,Technology,Software - Application,NASDAQ,48.86,8,73.02,6,30.85,1722453975.0,45932106.0,0.083500005,-58.8,634544,606751,592126
5380,HERE,Consumer Cyclical,Leisure,NASDAQ,48.82,8,76.92,9,2.96,179469226.90673947,54384615.0,0.0542,-81.07,82757,80449,130775
5381,LBRDA,Communication Services,Telecom Services,NASDAQ,48.8,8,65.12,3,32.73,5184759833.9889145,143861257.0,0.019199999,-65.89,241715,209791,201025
5382,AZTA,Healthcare,Medical Instruments & Supplies,NASDAQ,48.78,8,60.39,2,16.02,885877137.6315308,46091424.0,0.18879999,-61.61,1924854,1189184,1140540
5383,MNTS,Industrials,Aerospace & Defense,NASDAQ,48.73,8,107.45,87,5.45,33742832.99574852,6180006.0,0.2515,-87.49,2815762,3429600,2324626
5384,WIX,Technology,Software - Infrastructure,NASDAQ,48.67,8,67.85,4,54.67,4672130018.404602,58314152.0,0.17559999,-71.41,2843924,2548784,2753666
5385,REED,Consumer Defensive,Beverages - Non-Alcoholic,NYSE ARCA,48.66,8,53.46,1,1.9,35343082.822728395,11820429.0,0.005,-84.17,34487,23132,37345
5386,LBRDK,Communication Services,Telecom Services,NASDAQ,48.61,8,65.01,3,32.76,5180267834.039841,143497730.0,0.0299,-66.36,1681555,2017238,1606091
5387,ZYBT,Healthcare,Drug Manufacturers - Specialty & Generic,NASDAQ,48.49,8,95.28,64,0.95,45021807.58505076,47391377.0,0.0011,-93.11,118900,56316,281238
5388,VNTG,Industrials,Marine Shipping,NYSE ARCA,48.49,8,82.86,17,0.73,24913938.332349062,31737500.0,0.00059999997,-90.46,13226,21075,27641
5389,KD,Technology,Information Technology Services,NYSE,48.47,8,78.37,11,11.32,2763982625.520767,225447192.0,0.148,-74.39,5558839,4341619,3935599
5390,ZTS,Healthcare,Drug Manufacturers - Specialty & Generic,NYSE,48.45,8,59.16,2,74.22,34724665781.56961,419228118.0,0.0363,-56.91,12376553,6355764,5441666
5391,UCL,Communication Services,Telecom Services,NASDAQ,48.35,8,70.28,5,1.01,43806086.59180999,38092250.0,0.0002,-75.89,10320,8550,7632
5392,HCKT,Technology,Information Technology Services,NASDAQ,48.35,8,65.78,3,9.46,270528640.6147213,25188887.0,0.0544,-64.02,618438,358952,353557
5393,EPAM,Technology,Information Technology Services,NYSE,48.33,8,68.11,4,93.02,5184217048.111153,52244451.0,0.1835,-58.2,2097798,1659169,1480963
5394,ALVO,Healthcare,Drug Manufacturers - Specialty & Generic,NASDAQ,48.32,8,83.62,19,3.31,1017277428.9440756,312048292.0,0.0233,-72.07,456109,405939,493207
5395,DCGO,Healthcare,Medical Care Facilities,NASDAQ,48.13,8,83.46,18,0.57,56303694.703481734,98778413.0,0.0665,-67.98,548923,903107,1104780
5396,CLRO,Technology,Communication Equipment,NASDAQ,48.1,8,79.95,13,3.11,8481056.244117737,2675412.0,0.0015,-79.83,4414,5498,6240
5397,GWAV,Industrials,Waste Management,NASDAQ,48.03,8,91.61,42,3.58,3194079.2708802223,829631.0,0.0889,-89.6,9219,8339,8475
5398,MBIO,Healthcare,Biotechnology,NASDAQ,48.03,8,72.98,6,0.61,5273923.840244651,7577477.0,0.015,-91.29,42354,38884,38736
5399,GIBO,Communication Services,Internet Content & Information,NASDAQ,48.01,8,92.06,44,1.34,42220804.28580618,32229623.0,0.0037,-99.89,9877,50709,45359
5400,ORBS,Consumer Cyclical,Packaging & Containers,NASDAQ,48.0,8,79.25,12,0.82,327300269.3178785,375775284.0,0.033,-99.01,14248378,18183259,29782193
5401,SSM,Consumer Cyclical,Auto Manufacturers,NASDAQ,47.93,8,57.8,1,3.89,6474566.391757965,1464834.0,0.0018000001,-85.97,212337,84475,51987
5402,GTBP,Healthcare,Biotechnology,NASDAQ,47.93,8,94.15,56,0.39,13358390.625,35622375.0,0.0188,-89.87,2479149,1261613,1020813
5403,CWD,Financial Services,Asset Management,NASDAQ,47.87,8,84.54,20,1.0,7046009.028805375,7053062.0,0.0286,-97.92,489019,228803,166491
5404,CHTR,Communication Services,Telecom Services,NASDAQ,47.84,8,64.94,3,140.33,21862882464.36844,141178370.0,0.3698,-67.89,3350131,3301397,2673376
5405,CRVO,Healthcare,Biotechnology,NASDAQ,47.84,8,80.39,13,3.44,36571940.491490126,9258719.0,0.0428,-73.8,49882,41637,55208
5406,KLAR,Technology,Software - Infrastructure,NYSE,47.82,8,95.75,65,15.17,5473864695.0,377507910.0,0.106300004,-68.05,8344965,5924828,6305047
5407,MYND,Consumer Defensive,Education & Training Services,NYSE ARCA,47.74,8,76.64,9,0.3,14697588.750526965,45644686.0,0.0033000002,-73.89,10900,7803,10724
5408,DSS,Consumer Cyclical,Packaging & Containers,NYSE ARCA,47.72,8,65.38,3,0.52,5553512.185835838,10042518.0,0.0113,-72.56,62254,96484,66642
5409,EVTL,Industrials,Aerospace & Defense,NYSE,47.67,8,85.75,23,2.55,357791683.95423317,127328004.0,0.09810001,-66.45,3429091,3820447,3343450
5410,NXL,Healthcare,Medical Devices,NASDAQ,47.67,8,80.24,13,0.34,7244739.352743626,20581646.0,0.0309,-83.0,95256,731728,483705
5411,JACK,Consumer Cyclical,Restaurants,NASDAQ,47.64,7,80.13,13,10.87,263432520.51127243,19103156.0,0.3434,-63.03,997987,828949,904235
5412,PAVM,Healthcare,Medical Devices,NASDAQ,47.63,7,66.47,3,6.53,52072810.1302681,7272739.0,0.0021,-77.04,16229,14383,14989
5413,JELD,Industrials,Building Products & Equipment,NYSE,47.59,7,98.42,73,1.47,146457249.8080151,86151321.0,0.1396,-78.92,1921564,2133591,2046326
5414,MNTN,Technology,Software - Application,NYSE,47.59,7,73.98,7,7.78,667835490.8977232,78018161.0,0.0358,-76.05,1162890,688756,676710
5415,FEMY,Healthcare,Medical Instruments & Supplies,NASDAQ,47.48,7,79.3,12,0.36,25967995.411947846,60390686.0,0.0334,-68.14,472929,410833,513129
5416,FRMM,Technology,Software - Application,NASDAQ,47.45,7,98.41,73,3.7,67534574.97593021,14649582.0,0.1681,-97.88,386726,2229265,1454085
5417,CERT,Healthcare,Health Information Services,NASDAQ,47.37,7,69.22,4,4.48,967481233.4066687,153325078.0,0.2292,-67.72,4003768,3426279,3896439
5418,CSGP,Real Estate,Real Estate Services,NASDAQ,47.35,7,79.77,13,32.68,13381816967.480412,408355715.0,0.048800003,-66.46,10317162,7733170,7102978
5419,VIA,Technology,Software - Application,NYSE,47.28,7,82.91,17,14.75,1406208220.2848911,81236757.0,0.1089,-73.81,794070,591600,741160
5420,EEIQ,Consumer Defensive,Education & Training Services,NASDAQ,47.1,7,70.43,5,2.82,5252150.379452944,1479479.0,0.0119,-89.87,177171,141197,2942362
5421,QTRX,Healthcare,Medical Devices,NASDAQ,47.08,7,68.26,4,2.75,133074398.57118821,47105981.0,0.103,-68.64,1857664,1246084,1084260
5422,AMIX,Healthcare,Medical Devices,NASDAQ,47.0,7,79.38,12,0.32,3993270.3319950104,11409344.0,0.0154,-87.88,105688,133722,131873
5423,RBLX,Communication Services,Electronic Gaming & Multimedia,NYSE,46.98,7,75.18,8,42.85,30006669093.700314,715978745.0,0.0305,-71.55,13919049,12114616,10846571
5424,LFS,Communication Services,Entertainment,NASDAQ,46.95,7,80.35,13,1.87,56506939.28538394,26160619.0,0.0101,-85.03,126802,66150,92020
5425,LGCL,Technology,Software - Application,NASDAQ,46.9,7,90.66,38,1.7,76808773.34363508,42790404.0,0.00059999997,-96.65,3914,5378,5396
5426,AEMD,Healthcare,Medical Devices,NASDAQ,46.89,7,90.11,36,2.1,3530497.5,1569110.0,0.0225,-94.03,65670,29966,51660
5427,PRPL,Consumer Cyclical,"Furnishings, Fixtures & Appliances",NASDAQ,46.88,7,68.31,4,0.42,54521642.23491311,108825636.0,0.0293,-66.67,539877,449855,381659
5428,CDLX,Communication Services,Advertising Agencies,NASDAQ,46.76,7,61.7,2,0.63,36867632.45594418,57605677.0,0.1729,-80.79,1142413,1260487,1394422
5429,PLNT,Consumer Cyclical,Leisure,NYSE,46.57,7,68.53,4,52.64,3644834693.6140404,79442777.0,0.09770001,-54.01,5591346,2740785,2280683
5430,ABTC,Financial Services,Capital Markets,NASDAQ,46.53,7,94.38,58,1.11,1264985774.7761035,1063013205.0,1.29,-92.42,13843357,15921502,15073297
5431,INDP,Healthcare,Biotechnology,NASDAQ,46.52,7,73.43,6,1.59,4215569.109307766,2242324.0,0.0833,-92.01,69237,73865,53459
5432,PSTV,Healthcare,Biotechnology,NASDAQ,46.45,7,90.82,39,5.25,41995604.45470333,6862027.0,0.1973,-77.66,130926,414565,347735
5433,MENS,Healthcare,Biotechnology,NASDAQ,46.42,7,87.98,29,2.01,155856715.77471828,76027668.0,0.0032,-97.0,58359,82723,132181
5434,GENI,Communication Services,Internet Content & Information,NYSE,46.41,7,84.6,20,4.24,1176291436.2954297,267338957.0,0.0727,-69.12,6853828,5191176,5665911
5435,FLUT,Consumer Cyclical,Gambling,NYSE,46.37,7,78.85,11,92.38,17565841790.400208,173592661.0,0.052199997,-70.55,3834411,3148630,3142940
5436,JFIN,Financial Services,Credit Services,NASDAQ,46.35,7,85.81,23,4.43,259031242.7189312,52329546.0,0.0089,-76.96,69386,52875,67277
5437,ICMB,Financial Services,Asset Management,NASDAQ,46.21,7,70.29,5,1.43,24390878.505832672,14432472.0,0.0187,-54.17,40598,49739,65161
5438,LPCN,Healthcare,Biotechnology,NASDAQ,46.16,7,78.69,11,2.26,19538878.66652012,8244253.0,0.0196,-81.73,106033,472347,471698
5439,DAVA,Technology,Software - Infrastructure,NYSE,46.11,7,79.88,13,3.84,218240427.25736904,52842717.0,0.0476,-82.39,398784,285771,283934
5440,ANGX,Communication Services,Entertainment,NYSE,46.08,7,85.03,22,2.7,624481401.6223316,186412364.0,0.0446,-86.75,1387709,1916989,1465541
5441,PCTTU,Industrials,Pollution & Treatment Controls,NASDAQ,46.06,7,87.17,27,6.2,,,0.6,-74.0,0,0,54
5442,NSPR,Healthcare,Medical Devices,NASDAQ,46.03,7,73.05,6,1.05,53926924.73198426,46892979.0,0.0007,-64.16,446787,492562,313859
5443,NAGE,Healthcare,Biotechnology,NASDAQ,45.98,7,71.82,5,3.65,332116849.6663799,79644327.0,0.1028,-75.15,1355641,869243,1077230
5444,DRMA,Healthcare,Biotechnology,NASDAQ,45.9,7,84.89,21,1.19,5067900.141641855,4022143.0,0.0636,-86.0,45972,71160,998666
5445,HOLO,Technology,Electronic Components,NASDAQ,45.84,7,82.86,17,1.69,40096630.0,22912360.0,0.0377,-85.7,510001,645200,814082
5446,BARK,Consumer Cyclical,Specialty Retail,NYSE,45.81,7,77.8,10,8.83,78207124.19826794,8641671.0,0.1513,-68.91,41667,66245,68037
5447,ITOC,Healthcare,Medical Devices,NASDAQ,45.8,7,83.1,17,0.3,5387800.247967243,17050000.0,0.0171,-99.06,90455,1734991,4000291
5448,NABL,Technology,Information Technology Services,NYSE,45.8,7,61.5,2,3.39,883494190.8790922,188378290.0,0.044699997,-62.5,1670768,1241359,1246397
5449,FLNA,Healthcare,Biotechnology,NASDAQ,45.78,7,65.42,3,1.18,62800262.496500015,48307896.0,0.1464,-76.31,421569,405256,462315
5450,KNRX,Technology,Software - Application,NYSE ARCA,45.75,7,66.18,3,0.75,30301420.301383197,30423113.0,0.0007,-81.25,92665,617985,428047
5451,WAI,Financial Services,Capital Markets,NASDAQ,45.71,7,81.49,15,1.95,4620163.049921036,2357226.0,0.00090000004,-97.93,247842,86454,53710
5452,NOMA,Consumer Cyclical,Leisure,NASDAQ,45.66,7,80.03,13,3.4,60561000.85013795,16775901.0,0.0058,-76.54,6671,9290,14002
5453,ATEC,Healthcare,Medical Devices,NASDAQ,45.65,7,65.0,3,7.66,1156495570.6667018,153789305.0,0.10560001,-67.11,7063270,4046793,3425194
5454,PSQH,Technology,Software - Application,NYSE,45.63,7,84.86,21,0.6,34498292.82511103,48726402.0,0.0001,-78.87,464055,377791,818531
5455,CRE,Industrials,Specialty Business Services,NASDAQ,45.52,7,90.87,39,2.4,5659297.734758854,2013985.0,0.0074,-97.65,1646804,555798,851462
5456,AVXL,Healthcare,Biotechnology,NASDAQ,45.46,7,81.26,14,2.91,298403063.41136026,92671758.0,0.21290001,-79.2,1035725,957938,1407995
5457,IVDA,Industrials,Security & Protection Services,NASDAQ,45.44,7,100.04,77,0.32,3676114.346075654,11139740.0,0.0076,-88.15,495199,464866,587123
5458,DOMO,Technology,Software - Application,NASDAQ,45.42,7,93.16,49,3.51,173362164.44505358,45146398.0,0.1084,-81.02,620182,1031180,1877488
5459,YEXT,Technology,Software - Infrastructure,NYSE,45.34,7,78.6,11,3.46,402451194.8505106,100112238.0,0.0953,-62.39,1012237,1732929,3183991
5460,NOTV,Healthcare,Diagnostics & Research,NASDAQ,45.27,7,93.33,50,0.29,10318986.710039675,34396621.0,0.086,-91.27,929155,1016601,795527
5461,VRM,Financial Services,Credit Services,NASDAQ,45.26,7,68.32,4,11.18,64196082.952775955,5206495.0,0.047399998,-68.05,6640,8460,15340
5462,HCAT,Healthcare,Health Information Services,NASDAQ,45.23,7,79.75,13,1.19,112314459.95063925,73891093.0,0.1163,-74.89,675664,607948,702046
5463,EPSM,Consumer Defensive,Beverages - Wineries & Distilleries,NASDAQ,45.18,7,88.94,32,1.37,16778792.5,13423034.0,0.0058,-99.12,42060,23673,135470
5464,ICON,Industrials,Marine Shipping,NASDAQ,45.13,7,121.58,94,1.52,4146148.8873929977,3214069.0,0.033,-90.93,194365,139465,144003
5465,PODD,Healthcare,Medical Devices,NASDAQ,44.85,7,70.42,5,147.46,10677842397.494812,69264674.0,0.044,-58.45,1978935,1388185,1223195
5466,SMTK,Technology,Semiconductor Equipment & Materials,NASDAQ,44.74,7,80.54,13,0.22,6827337.276282817,21202911.0,0.0062,-94.21,1383680,1039513,684234
5467,ZCMD,Healthcare,Health Information Services,NASDAQ,44.73,7,70.65,5,1.46,6090486.205427408,3854738.0,0.0087,-88.02,19895,10145,14151
5468,CWH,Consumer Cyclical,Auto & Truck Dealerships,NYSE,44.65,7,79.36,12,6.63,475763167.6214752,63519784.0,0.23959999,-66.24,2408662,3319690,3350006
5469,UFG,Industrials,Marine Shipping,NASDAQ,44.64,7,79.09,12,0.77,25485025.85142851,32465000.0,0.0313,-93.0,97315,94065,138179
5470,DOCS,Healthcare,Health Information Services,NYSE,44.56,6,73.17,6,18.97,4891287508.416252,188271270.0,0.115200005,-75.21,7106063,4412374,3692032
5471,ELOG,Industrials,Integrated Freight & Logistics,NASDAQ,44.54,6,84.74,21,0.86,9865956.75933361,12017000.0,0.011,-76.11,13953,12661,13424
5472,WHR,Consumer Cyclical,"Furnishings, Fixtures & Appliances",NYSE,44.37,6,62.15,2,39.99,2914447460.81266,64823121.0,0.0011999999,-64.28,4901293,3065737,2922546
5473,MVST,Consumer Cyclical,Auto Parts,NASDAQ,44.23,6,71.11,5,1.42,707230212.9781551,332032946.0,0.1029,-80.06,8475914,4818334,5248422
5474,ZENA,Technology,Software - Infrastructure,NASDAQ,44.19,6,59.84,2,1.52,158660691.35949683,77395461.0,0.0579,-78.62,3073283,2372681,2228136
5475,GDHG,Consumer Cyclical,Leisure,NASDAQ,44.18,6,89.11,33,1.75,35857449.28583622,20032095.0,0.0002,-98.06,13360,9276,6512
5476,CMPX,Healthcare,Biotechnology,NASDAQ,44.18,6,53.02,1,1.86,329560892.17853487,180087915.0,0.173,-72.97,7396953,12219437,8158490
5477,PHR,Healthcare,Health Information Services,NYSE,44.17,6,85.57,23,8.77,617960375.685854,60763065.0,0.062,-73.23,1222523,1562591,2003546
5478,CISO,Technology,Software - Infrastructure,NASDAQ,44.16,6,85.46,23,0.28,13503374.782516867,45313337.0,0.0046,-83.53,342173,353807,271940
5479,REAX,Real Estate,Real Estate Services,NASDAQ,44.11,6,67.26,4,1.71,437805868.7732506,214610724.0,7.13,-68.36,5178355,3619001,2736977
5480,MATH,Financial Services,Capital Markets,NASDAQ,44.06,6,77.65,10,0.93,41280123.44469857,43407071.0,0.00090000004,-77.7,161826,96732,70023
5481,TGE,Financial Services,Asset Management,NYSE,44.06,6,80.66,14,0.98,47007239.286482334,48461070.0,0.0061000003,-97.35,35646,36705,34527
5482,INSP,Healthcare,Medical Devices,NYSE,44.05,6,66.18,3,40.05,1275270103.4180794,28813153.0,0.13149999,-75.26,1814541,1216617,1118784
5483,UPLD,Technology,Software - Application,NASDAQ,44.03,6,100.51,78,0.73,29128294.91595018,29363201.0,0.0227,-81.33,565548,351896,421141
5484,LX,Financial Services,Credit Services,NASDAQ,43.96,6,82.76,17,1.95,344407478.516109,164788274.0,0.0446,-79.14,1284519,1444313,1625975
5485,TMDX,Healthcare,Medical Devices,NASDAQ,43.94,6,55.6,1,63.2,2344612075.674164,34560911.0,0.3435,-59.49,2623523,1467464,1285400
5486,HYFM,Industrials,Farm & Heavy Construction Machinery,NASDAQ,43.81,6,83.45,18,1.0,4907550.223683357,4764612.0,0.0094,-79.08,24066,31955,44723
5487,SLND,Industrials,Engineering & Construction,NYSE ARCA,43.77,6,89.33,33,1.2,55845446.90878534,54218882.0,0.053600002,-77.53,104225,98938,511545
5488,PMNT,Consumer Cyclical,Apparel Manufacturing,NYSE ARCA,43.77,6,68.39,4,0.21,11811492.189973593,46871000.0,0.3089,-76.87,334610,19553253,13146600
5489,GEMI,Financial Services,Capital Markets,NASDAQ,43.7,6,104.45,83,5.58,595633145.0,119126629.0,0.174,-87.84,3330827,2294412,2165937
5490,ADMA,Healthcare,Biotechnology,NASDAQ,43.51,6,70.61,5,8.27,1893583099.2328548,231772715.0,0.1016,-63.03,9540008,6936356,7932205
5491,YDES,Healthcare,Biotechnology,NASDAQ,43.46,6,81.87,15,5.18,376114443.2069979,70831346.0,0.0017,-79.28,5252,17334,19546
5492,TME,Communication Services,Internet Content & Information,NYSE,43.35,6,78.36,11,8.47,14559935312.699306,1575750614.0,0.0322,-68.28,10798418,8706769,11269481
5493,MTEX,Consumer Defensive,Food Distribution,NASDAQ,43.32,6,75.79,8,4.22,10999118.631944656,1929670.0,0.0248,-66.1,97333,45461,28428
5494,NAMI,Communication Services,Internet Content & Information,NASDAQ,43.21,6,71.17,5,0.37,29098279.30455628,79071411.0,0.0019,-90.7,9166,13858,67519
5495,WKHS,Consumer Cyclical,Auto Manufacturers,NASDAQ,43.2,6,90.54,38,2.98,38235212.62611413,10893223.0,0.040799998,-95.57,290405,248065,186955
5496,SCNI,Healthcare,Biotechnology,NASDAQ,43.17,6,75.54,8,0.54,2008157.8177482486,3535489.0,0.0208,-91.26,161967,6904555,4173755
5497,FSP,Real Estate,REIT - Office,NYSE ARCA,43.12,6,73.06,6,0.52,55992785.82495332,103690340.0,0.0429,-74.63,429781,323817,457196
5498,AUID,Technology,Software - Infrastructure,NASDAQ,43.03,6,87.86,29,1.17,20810907.61459446,16132487.0,0.056799997,-80.94,206191,184783,211816
5499,CNEY,Basic Materials,Specialty Chemicals,NASDAQ,43.02,6,118.09,93,0.76,6070447.258232832,8203307.0,0.013200001,-89.66,68367,505635,696029
5500,ZJYL,Healthcare,Medical Instruments & Supplies,NASDAQ,43.01,6,99.72,76,2.35,16593991.704230309,7827355.0,0.0097,-86.94,11024,10211,21474
5501,SKIN,Consumer Defensive,Household & Personal Products,NASDAQ,42.99,6,66.51,3,0.64,75168021.03706598,129600040.0,0.2688,-76.21,1825494,1033181,922346
5502,CSAI,Technology,Software - Infrastructure,NASDAQ,42.95,6,80.57,14,0.54,13777866.663188338,24515778.0,0.0232,-86.8,335527,223355,244857
5503,VENU,Consumer Cyclical,Restaurants,NYSE ARCA,42.94,6,86.33,24,3.74,229319809.3224156,60347319.0,0.033299997,-79.42,262359,293766,371349
5504,AIRO,Industrials,Aerospace & Defense,NASDAQ,42.88,6,72.89,6,6.37,230757728.6771164,31438382.0,0.0923,-83.7,545501,494207,590084
5505,MSGY,Industrials,Engineering & Construction,NASDAQ,42.69,6,104.18,83,0.56,6443925.128877163,14225000.0,0.0056,-97.48,1432907,631562,470405
5506,MPU,Communication Services,Entertainment,NYSE ARCA,42.59,6,72.14,6,0.5,38759539.52363187,67999193.0,0.0099,-88.74,47698,61792,51951
5507,ALZN,Healthcare,Biotechnology,NASDAQ,42.33,6,84.35,20,1.02,4071073.0695666075,3804741.0,0.0657,-87.59,38359,62703,145999
5508,PRZO,Industrials,Aerospace & Defense,NASDAQ,42.31,6,63.4,3,0.53,16490571.21090579,25928572.0,0.0631,-75.29,581261,626523,1012746
5509,CELU,Healthcare,Biotechnology,NASDAQ,42.26,6,67.45,4,0.81,25472445.541974902,28945961.0,0.0345,-81.38,153126,125932,240265
5510,SUUN,Utilities,Utilities - Renewable,NASDAQ,42.16,6,91.74,43,0.68,31573373.27848959,46568399.0,0.0155,-73.33,404352,508724,527230
5511,BCHT,Industrials,Pollution & Treatment Controls,NYSE ARCA,42.16,6,75.24,8,1.48,36828351.7728169,26305966.0,0.0011,-69.17,229669,201073,155629
5512,MKZR,Real Estate,REIT - Diversified,NASDAQ,42.05,6,69.09,4,2.35,4916000.0,1966400.0,0.0073,-86.09,24157,25702,19809
5513,GNS,Consumer Defensive,Education & Training Services,NYSE ARCA,42.02,6,71.27,5,0.25,49058905.92905328,194678195.0,0.0168,-86.98,2192102,2573397,1960256
5514,CANF,Healthcare,Biotechnology,NYSE ARCA,41.95,6,98.14,72,3.36,7520339.94956708,2142547.0,0.0087,-85.64,155860,995283,626156
5515,OPRX,Healthcare,Health Information Services,NASDAQ,41.95,6,70.11,4,5.21,120847084.0737462,18765075.0,0.122,-76.58,655741,517173,553116
5516,WING,Consumer Cyclical,Restaurants,NASDAQ,41.81,6,70.18,5,129.21,3531245097.645706,27232553.0,0.1361,-66.71,1635514,1473224,1381608
5517,LPSN,Technology,Software - Application,NASDAQ,41.77,6,75.12,8,2.22,30495615.245143652,12053603.0,0.105900005,-89.72,124918,142712,152673
5518,JSPR,Healthcare,Biotechnology,NASDAQ,41.75,6,88.16,29,0.85,25925054.367300153,27996819.0,0.09819999,-88.18,249069,449766,443273
5519,GWH,Industrials,Electrical Equipment & Parts,NYSE,41.63,6,72.12,6,0.91,22923551.7591691,29389170.0,0.0733,-93.44,1703961,870907,643562
5520,RAIN,Industrials,Pollution & Treatment Controls,NASDAQ,41.46,6,67.3,4,1.74,10399819.023810387,8188834.0,0.0029,-81.84,35315,21758,21193
5521,HCAI,Industrials,Farm & Heavy Construction Machinery,NASDAQ,41.44,6,80.45,13,5.54,13950000.0,1162500.0,0.04,-98.26,404684,2525266,1526219
5522,FRSX,Consumer Cyclical,Auto Parts,NASDAQ,41.32,6,85.93,24,2.1,4769584.262857437,2396776.0,0.023,-86.49,49991,69040,127908
5523,ZOOZ,Consumer Cyclical,Specialty Retail,NASDAQ,41.32,6,81.56,15,0.28,50422472.53493911,172679703.0,0.0002,-94.47,428629,454909,373877
5524,EUDA,Real Estate,Real Estate Services,NASDAQ,41.31,6,127.67,95,14.6,34321912.570905685,2494325.0,0.003,-83.02,47581,233460,146504
5525,GPUS,Industrials,Aerospace & Defense,NYSE ARCA,41.29,6,90.84,39,0.15,52727344.70145198,439394549.0,0.6911,-98.5,37772992,48554344,35562242
5526,YDKG,Communication Services,Advertising Agencies,NASDAQ,41.28,6,90.73,38,0.87,5639772.674539089,5529189.0,0.0376,-99.87,76087,56269,77215
5527,INM,Healthcare,Drug Manufacturers - Specialty & Generic,NASDAQ,41.26,6,82.32,16,0.64,2154140.870986581,3314063.0,0.029000001,-91.98,17782,28110,95426
5528,BTOC,Industrials,Integrated Freight & Logistics,NASDAQ,41.2,6,87.15,27,0.28,12860391.010296822,45443079.0,0.0239,-85.33,276638,247469,380231
5529,BCTX,Healthcare,Biotechnology,NASDAQ,41.09,5,68.1,4,3.02,30379540.944876194,7250487.0,0.0313,-91.88,272992,196617,209122
5530,SRFM,Industrials,Airlines,NYSE,41.06,5,88.35,30,1.18,134319028.62215936,99495575.0,0.155,-88.09,4780192,5012617,3983494
5531,NVNI,Technology,Software - Application,NASDAQ,40.81,5,75.27,8,1.16,13562873.889732957,11692133.0,0.048899997,-92.93,78338,649742,416791
5532,BNC,Industrials,Farm & Heavy Construction Machinery,NASDAQ,40.71,5,83.01,17,2.73,138124609.24725986,42895841.0,0.0354,-96.71,210531,250707,252742
5533,LNSR,Healthcare,Medical Devices,NASDAQ,40.7,5,80.79,14,5.54,68268408.30389786,12104328.0,0.1031,-61.29,65753,77244,138078
5534,GTM,Technology,Software - Application,NASDAQ,40.7,5,57.48,1,3.86,1947779870.0381994,305294645.0,0.1684,-69.14,16058189,11733883,11103099
5535,ATLN,Industrials,Staffing & Employment Services,NASDAQ,40.69,5,68.31,4,1.42,119037406.5,79358271.0,0.0128999995,-72.95,928393,656647,449508
5536,YSG,Consumer Defensive,Household & Personal Products,NYSE,40.65,5,71.3,5,2.46,275025634.1261916,93865402.0,0.0028,-78.74,88078,103029,130747
5537,RCT,Technology,Software - Application,NASDAQ,40.64,5,75.69,8,0.59,36842022.906801224,55318352.0,0.1838,-88.99,355944,6168331,3728070
5538,GIG,Financial Services,Shell Companies,NASDAQ,40.59,5,42.66,0,4.84,193333337.7578287,33333333.0,0.0019,-61.28,245339,129693,154005
5539,NFE,Energy,Oil & Gas Midstream,NASDAQ,40.28,5,88.31,30,0.7,199944251.59496963,285634650.0,0.2284,-90.5,6421737,7168699,13390135
5540,PAR,Technology,Software - Application,NYSE,40.18,5,92.47,46,14.7,593945249.8658237,41246199.0,0.3455,-79.63,1828078,1608902,1983325
5541,JUNS,Healthcare,Biotechnology,NASDAQ,40.12,5,76.72,9,0.34,12081657.071702242,36281252.0,0.0036000002,-89.79,73745,87291,127751
5542,BQ,Consumer Cyclical,Specialty Retail,NYSE ARCA,40.12,5,86.5,25,0.77,3591284.2686745524,4379615.0,0.014099999,-98.63,457421,241713,179266
5543,ANGI,Communication Services,Internet Content & Information,NASDAQ,39.98,5,62.61,2,4.98,235811930.19406128,40448016.0,0.1513,-74.36,2410643,1270674,1335470
5544,SPRC,Healthcare,Biotechnology,NASDAQ,39.83,5,86.79,26,4.82,3582768.75,573243.0,0.0545,-93.98,28064,683371,505054
5545,ACTU,Healthcare,Biotechnology,NASDAQ,39.75,5,86.98,26,2.62,78248532.96933913,23711677.0,0.0892,-78.15,144641,199903,154364
5546,CGTL,Consumer Cyclical,Specialty Retail,NASDAQ,39.72,5,35.17,0,0.5,28297500.613331795,25725000.0,0.5451,-92.19,2428487,830805,735285
5547,MIMI,Industrials,Engineering & Construction,NASDAQ,39.66,5,91.84,43,3.01,7369625.242352486,2541250.0,0.2149,-97.8,111331,1408879,911469
5548,AIFC,Technology,Software - Infrastructure,NASDAQ,39.66,5,98.65,74,1.0,137039783.44716978,139836511.0,0.118999995,-90.87,2495889,3073023,2614627
5549,DWTX,Healthcare,Biotechnology,NASDAQ,39.63,5,96.69,68,1.83,49050978.19123244,29727866.0,0.004,-80.74,119565,131048,111861
5550,BESS,Utilities,Utilities - Renewable,NYSE ARCA,39.55,5,113.09,91,3.58,16620545.875506878,7072573.0,0.0034999999,-79.09,234997,98895,89209
5551,GTEC,Consumer Cyclical,Auto Parts,NASDAQ,39.53,5,69.88,4,0.53,11990883.779242873,19033149.0,0.0112,-78.54,149475,97898,108169
5552,NIPG,Communication Services,Entertainment,NASDAQ,39.42,5,65.92,3,0.52,136858235.58946347,224357758.0,0.0002,-81.09,46442,28104,27322
5553,UK,Real Estate,Real Estate Services,NASDAQ,39.26,5,71.82,5,3.13,2101648.0353455544,677951.0,0.0172,-79.81,152547,101714,62674
5554,YRD,Financial Services,Credit Services,NYSE,39.17,5,90.96,40,2.07,173869088.0,86934544.0,0.56,-73.05,61994,76434,108400
5555,AGRZ,Consumer Defensive,Farm Products,NASDAQ,39.11,5,89.88,35,0.37,7672413.7365062535,21673485.0,0.0123000005,-94.86,127040,503653,7300102
5556,BRR,Financial Services,Capital Markets,NASDAQ,39.1,5,92.06,44,2.01,173003584.92275476,89177103.0,0.0269,-87.63,790323,842181,892992
5557,PPBT,Healthcare,Biotechnology,NASDAQ,39.09,5,84.28,20,3.94,6306543.375,1528859.0,0.0086,-86.41,9061,11870,11382
5558,TGL,Technology,Software - Application,NASDAQ,39.04,5,89.27,33,3.95,7758606.941771507,1675725.0,0.038900003,-93.19,24444,32504,44158
5559,IXHL,Healthcare,Drug Manufacturers - Specialty & Generic,NASDAQ,38.85,5,88.24,30,3.96,63999375.47389412,13973663.0,0.0657,-92.05,299062,440420,572704
5560,CTEV,Healthcare,Health Information Services,NYSE,38.85,5,60.46,2,13.87,460290303.0,17047789.0,0.12060001,-81.27,188697,118425,128981
5561,TPST,Healthcare,Biotechnology,NASDAQ,38.8,5,85.3,22,1.83,28544627.79679537,14344034.0,0.111,-85.04,142296,250328,228817
5562,FTFT,Technology,Software - Application,NASDAQ,38.69,5,79.38,12,1.2,6812706.950111389,5240544.0,0.0153,-92.56,68280,182410,114502
5563,VRAX,Healthcare,Biotechnology,NASDAQ,38.48,5,93.23,50,0.15,1269406.9003181458,7423432.0,0.7168,-87.5,6479381,20219127,17197024
5564,INLF,Industrials,Specialty Industrial Machinery,NASDAQ,38.43,5,99.33,75,4.25,59228811.97333336,13806250.0,0.0018000001,-84.82,36882,21237,88381
5565,BUR,Financial Services,Asset Management,NYSE,38.39,5,82.76,17,4.65,1125132812.3740387,218897440.0,0.053000003,-69.21,4116739,3357996,4492427
5566,WGS,Healthcare,Diagnostics & Research,NASDAQ,38.07,5,55.21,1,40.75,1210380874.3801003,29688027.0,0.26610002,-76.15,3240472,1483940,1184618
5567,FGNX,Financial Services,Asset Management,NASDAQ,37.76,5,93.77,53,6.33,42199691.24695206,6261082.0,0.056399997,-96.93,189608,107226,93957
5568,LHSW,Technology,Software - Infrastructure,NASDAQ,37.64,5,103.96,83,0.23,11387999.832630157,52000000.0,0.0081,-92.92,422178,2494746,2171331
5569,CANG,Financial Services,Capital Markets,NYSE,37.6,5,97.52,71,0.54,283051572.0119601,410219671.0,0.0475,-81.22,1211598,1528829,1439321
5570,RCON,Energy,Oil & Gas Equipment & Services,NASDAQ,37.45,5,62.73,2,0.64,75220762.89749163,90627427.0,0.0032,-91.06,31133,28584,68576
5571,FRMI,Real Estate,REIT - Specialty,NASDAQ,37.3,5,100.44,78,6.51,3334513282.1307635,637574239.0,0.069,-82.4,18570726,19176505,15867051
5572,NCL,Consumer Cyclical,"Furnishings, Fixtures & Appliances",NYSE ARCA,37.16,5,84.38,20,0.14,7898763.194594517,53733083.0,0.0054,-99.86,204643,357027,290988
5573,LCID,Consumer Cyclical,Auto Manufacturers,NASDAQ,37.13,5,71.91,5,6.04,2474228222.268463,390256808.0,0.2937,-82.08,18313597,20620732,14631533
5574,GELS,Healthcare,Drug Manufacturers - Specialty & Generic,NASDAQ,36.99,5,58.97,2,0.44,5034197.717231423,10711059.0,0.008,-87.46,335910,128076,82398
5575,FFAI,Consumer Cyclical,Auto Manufacturers,NASDAQ,36.98,5,95.19,63,0.36,122942440.2618736,303561580.0,0.19139999,-90.03,13809825,47411745,40937581
5576,CRMT,Consumer Cyclical,Auto & Truck Dealerships,NASDAQ,36.86,5,76.68,9,11.04,107516725.91643333,8302450.0,0.234,-82.4,81111,111777,154090
5577,AVX,Financial Services,Asset Management,NASDAQ,36.85,5,84.42,20,0.54,46952964.800234556,89776223.0,0.0061000003,-96.81,418626,638695,486309
5578,UONE,Communication Services,Broadcasting,NASDAQ,36.81,5,71.79,5,5.62,33229296.60279751,4514850.0,0.24520001,-70.42,138010,204663,149554
5579,XHLD,Communication Services,Broadcasting,NASDAQ,36.63,5,86.92,26,1.34,5488871.321034074,3977443.0,0.027999999,-93.75,67346,40015,39615
5580,WW,Healthcare,Medical Care Facilities,NASDAQ,36.58,5,79.17,12,10.68,101987350.09288788,9998760.0,4.23,-77.25,425011,423767,391128
5581,AARD,Healthcare,Biotechnology,NASDAQ,36.5,5,75.77,8,4.57,118681135.64834356,21816385.0,0.08,-74.53,196622,169734,238156
5582,GAMB,Consumer Cyclical,Gambling,NASDAQ,36.5,5,57.17,1,2.4,158288334.93310928,35097190.0,0.0691,-83.95,2133523,1026294,894722
5583,DCX,Consumer Cyclical,Auto Manufacturers,NASDAQ,36.42,5,108.62,88,2.29,48369646.13431692,19823625.0,0.0053,-99.93,23849,570456,352585
5584,ALDX,Healthcare,Biotechnology,NASDAQ,36.41,5,82.28,16,1.68,104355448.79053307,60321068.0,0.0949,-72.79,924053,1266351,3604938
5585,CHAI,Communication Services,Internet Content & Information,NASDAQ,36.28,5,89.33,33,1.07,23707684.50997019,19922423.0,0.99,-96.98,152311,177717,123186
5586,QDEL,Healthcare,Medical Devices,NASDAQ,36.27,5,65.46,3,10.32,736462694.206399,68190989.0,0.2339,-73.53,2773887,2802299,2454351
5587,OPTU,Communication Services,Telecom Services,NYSE,36.14,4,48.87,1,0.8,538409572.2280204,476468650.0,0.3824,-73.15,4773815,3257051,3029977
5588,BJDX,Healthcare,Medical Devices,NASDAQ,35.99,4,76.54,9,1.67,1779709.8296034336,1034715.0,0.0167,-89.99,25604,20684,22384
5589,RVSN,Industrials,Railroads,NASDAQ,35.97,4,78.45,11,6.2,15674416.109066963,2192226.0,0.052199997,-99.3,12239,11863,17175
5590,CJMB,Industrials,Integrated Freight & Logistics,NASDAQ,35.94,4,77.77,10,1.01,6415199.439499855,5627368.0,0.0555,-82.82,44790,89156,161838
5591,CLGN,Healthcare,Biotechnology,NASDAQ,35.92,4,90.83,39,0.44,5794881.600347042,14415128.0,0.0062,-91.16,39490,129406,90622
5592,NSRX,Healthcare,Drug Manufacturers - General,NYSE ARCA,35.82,4,95.99,66,2.89,36889049.46682978,11710809.0,0.0099,-71.07,72922,103377,258078
5593,HIND,Healthcare,Biotechnology,NASDAQ,35.68,4,82.66,16,1.89,14458167.278396606,7018528.0,0.032,-94.3,51978,31709,33091
5594,EXOD,Technology,Software - Infrastructure,NYSE ARCA,35.63,4,77.36,10,6.43,243875437.0583954,29813622.0,0.0433,-88.52,86494,64348,81976
5595,NCPL,Financial Services,Capital Markets,NASDAQ,35.54,4,88.16,29,0.38,3115616.0190072656,7847899.0,0.0184,-95.66,392214,317158,269156
5596,CXAI,Technology,Software - Application,NASDAQ,35.45,4,72.43,6,0.14,10162944.872564748,70089277.0,0.0381,-90.34,4374887,6210099,9535031
5597,GNTA,Healthcare,Biotechnology,NASDAQ,35.28,4,78.72,11,0.63,14767978.216274977,23591020.0,0.0029,-93.7,60551,48750,76050
5598,CABO,Communication Services,Telecom Services,NYSE,35.22,4,50.53,1,48.77,353929295.2075653,5672853.0,0.14729999,-73.02,234071,170753,158422
5599,JZXN,Consumer Cyclical,Auto & Truck Dealerships,NASDAQ,35.19,4,122.32,94,1.35,1202601.066981554,1328841.0,0.048299998,-99.34,10401133,3510661,2528794
5600,GCL,Communication Services,Electronic Gaming & Multimedia,NASDAQ,35.15,4,75.7,8,0.45,56456192.94414604,122730852.0,0.0015,-89.98,22687,27649,73239
5601,ATYR,Healthcare,Biotechnology,NASDAQ,35.13,4,55.91,1,0.5,92756444.58831263,98051212.0,0.2336,-93.14,5203014,2312118,1818468
5602,MERC,Basic Materials,Paper & Paper Products,NASDAQ,35.07,4,70.18,5,0.94,65642857.15758991,66982506.0,0.093100004,-78.97,689418,602746,522385
5603,EDHL,Communication Services,Advertising Agencies,NASDAQ,34.95,4,77.25,10,2.26,4482279.84534502,1666275.0,0.020399999,-97.95,40627,26092,135623
5604,YAAS,Technology,Software - Application,NASDAQ,34.94,4,72.47,6,0.87,12396657.32291311,12913185.0,0.61,-99.84,147516,6285255,3807945
5605,WKSP,Consumer Cyclical,Auto Parts,NASDAQ,34.93,4,66.37,3,0.79,12692156.294857502,11973733.0,0.0508,-83.87,594230,415573,390678
5606,SAGT,Technology,Software - Application,NASDAQ,34.93,4,48.62,1,0.93,27667499.148845673,17850000.0,0.0075,-80.86,275719,3861023,2428079
5607,MRNO,Real Estate,Real Estate - Development,NASDAQ,34.56,4,136.66,96,0.57,18718496.345461965,79315662.0,0.108,-95.28,34401842,11676544,8895604
5608,PASW,Consumer Cyclical,Textile Manufacturing,NASDAQ,34.54,4,84.39,20,0.15,18931599.391251802,124550000.0,0.0004,-97.22,143396,328728,277635
5609,RETO,Basic Materials,Building Materials,NASDAQ,34.51,4,67.56,4,0.56,8729104.687134862,14079201.0,0.0341,-97.14,130776,1465925,919435
5610,PROP,Energy,Oil & Gas E&P,NASDAQ,34.44,4,53.64,1,0.86,90530244.33626103,97344348.0,0.1342,-82.08,4148841,5515497,5486644
5611,AREN,Communication Services,Internet Content & Information,NYSE ARCA,34.4,4,67.03,4,1.68,126623425.48578024,47602790.0,0.0509,-83.28,101625,95911,87267
5612,SURG,Communication Services,Telecom Services,NASDAQ,34.28,4,75.66,8,0.53,13942651.904685795,25121895.0,0.0719,-84.64,188531,585197,391152
5613,NXTS,Basic Materials,Agricultural Inputs,NASDAQ,34.26,4,90.06,36,4.46,3732645.5875267982,730459.0,0.0401,-95.91,42013,29943,20481
5614,FLYE,Consumer Cyclical,Auto Manufacturers,NASDAQ,34.23,4,77.58,10,1.82,3101533.361080885,1632386.0,0.0156,-98.88,7817,9302,12331
5615,IQST,Communication Services,Telecom Services,NASDAQ,34.15,4,74.65,7,1.28,6744088.407612681,5070743.0,0.0743,-93.15,298578,659796,422895
5616,BIOX,Basic Materials,Agricultural Inputs,NASDAQ,34.15,4,75.78,8,0.43,29993468.69392553,63815891.0,0.0235,-91.69,351672,371340,772178
5617,EFOR,Technology,Information Technology Services,NYSE,34.06,4,57.28,1,17.96,833119987.487793,41000000.0,0.0885,-70.44,1307144,1544594,1369924
5618,ALIT,Technology,Software - Application,NYSE,33.91,4,98.87,74,0.79,492601973.3711012,526847029.0,0.1008,-87.07,28761831,23032400,33469314
5619,GDC,Communication Services,Electronic Gaming & Multimedia,NASDAQ,33.64,4,30.59,0,0.15,9721553.54270634,60759711.0,0.0021,-98.49,116062426,38823182,23435893
5620,FUBO,Communication Services,Broadcasting,NYSE,33.56,4,70.17,4,9.62,302597929.2998476,29435597.0,0.24620001,-83.02,1687563,2058471,1962100
5621,POM,Healthcare,Pharmaceutical Retailers,NASDAQ,33.47,4,33.84,0,0.11,8939592.430227473,119194561.0,0.26,-98.29,38835290,14148223,8987404
5622,DOGZ,Consumer Cyclical,Leisure,NASDAQ,33.46,4,83.71,19,1.18,16397043.47080779,14510658.0,0.0068,-96.25,48765,37998,53829
5623,GRI,Healthcare,Biotechnology,NASDAQ,33.36,4,82.89,17,2.03,3244089.9396295547,1445029.0,0.093,-97.47,33106,126658,91347
5624,MTVA,Healthcare,Biotechnology,NASDAQ,33.34,4,73.17,6,1.11,5629163.472379446,5164370.0,0.019,-94.17,144623,146811,151204
5625,RKDA,Consumer Defensive,Packaged Foods,NASDAQ,33.22,4,69.48,4,0.96,2200865.9878878593,2056884.0,0.0008,-85.69,39931,32667,41626
5626,CUPR,Healthcare,Medical Instruments & Supplies,NASDAQ,33.2,4,83.46,18,0.28,6006000.025570393,21450000.0,0.018099999,-97.05,1751198,3938982,2505359
5627,CRIS,Healthcare,Biotechnology,NASDAQ,32.82,4,71.62,5,0.49,22388068.17531663,39978693.0,0.0067000003,-84.35,248756,620722,485147
5628,PTLE,Consumer Cyclical,Specialty Retail,NASDAQ,32.74,4,70.28,5,5.04,34546171.0,6281122.0,0.0025,-96.52,7346,18782,241425
5629,LENZ,Healthcare,Biotechnology,NASDAQ,32.71,4,70.37,5,7.34,315425216.7968273,31354394.0,0.4979,-85.44,1037275,814721,973427
5630,AMST,Technology,Software - Application,NASDAQ,32.7,4,55.42,1,0.82,5618415.409556031,6384563.0,0.0304,-82.85,143686,570202,353761
5631,BRCB,Consumer Cyclical,Restaurants,NASDAQ,32.48,4,50.19,1,7.01,206840558.83225632,18017471.0,0.1109,-76.94,801754,469624,499356
5632,RITR,Industrials,Engineering & Construction,NASDAQ,32.45,4,82.76,17,0.49,29723225.684836507,62443750.0,0.0215,-94.15,33571,42460,525796
5633,DLXY,Energy,Oil & Gas Refining & Marketing,NASDAQ,32.42,4,68.12,4,0.5,8992500.194907188,16350000.0,0.2165,-93.02,127591,2866070,2267424
5634,SHPH,Healthcare,Drug Manufacturers - Specialty & Generic,NASDAQ,32.3,4,76.09,8,0.67,3852398.8686549664,5591290.0,0.012999999,-90.07,1764301,1651893,1090664
5635,BRTX,Healthcare,Biotechnology,NASDAQ,32.18,4,70.71,5,0.19,5243407.511617005,25478171.0,0.025799999,-90.71,1073838,1262872,5323621
5636,BRBR,Consumer Defensive,Packaged Foods,NYSE,32.18,4,53.56,1,9.69,1198824682.2921276,116277850.0,0.08979999,-85.54,8012424,4676814,4408740
5637,TVGN,Healthcare,Biotechnology,NASDAQ,31.85,4,112.57,90,7.95,31322537.47987032,4187505.0,0.0688,-89.47,32965,25908,36585
5638,FWRD,Industrials,Integrated Freight & Logistics,NASDAQ,31.81,4,38.93,0,8.76,320268783.7265396,32448712.0,0.19129999,-73.02,2914208,1361022,1156625
5639,RENX,Real Estate,Real Estate - Development,NASDAQ,31.81,4,73.74,7,2.08,5090300.038258791,2507537.0,0.083100006,-95.59,777042,945547,2628211
5640,HTCR,Technology,Software - Application,NASDAQ,31.57,4,66.89,4,2.66,4044279.564900875,1271786.0,0.0588,-92.04,62142,68237,47776
5641,FOFO,Industrials,Consulting Services,NASDAQ,31.46,4,59.18,2,2.35,19079116.415593147,7571078.0,0.00059999997,-96.54,43853,55851,46450
5642,ZSTK,Financial Services,Asset Management,NASDAQ,31.43,4,63.72,3,4.18,13367590.5,2430471.0,0.0195,-91.11,30519,18963,19611
5643,REVB,Healthcare,Biotechnology,NASDAQ,31.38,4,75.47,8,0.98,3571603.1201684475,3720420.0,0.0064,-97.55,87018,82146,79465
5644,IPDN,Industrials,Staffing & Employment Services,NASDAQ,31.34,4,62.82,2,0.66,7261582.054908752,10524032.0,0.0186,-94.67,89315,86968,73197
5645,CCTG,Industrials,Electrical Equipment & Parts,NASDAQ,31.3,3,80.26,13,0.48,2203298.3394389153,3913496.0,0.027999999,-98.16,765514,300741,200962
5646,DH,Healthcare,Health Information Services,NASDAQ,31.3,3,68.88,4,0.81,100564599.77003968,105524238.0,0.0627,-82.77,345678,263032,329269
5647,GOVX,Healthcare,Biotechnology,NASDAQ,31.23,3,89.99,36,1.23,4830591.775864363,2892570.0,0.096099995,-96.46,497138,377779,254803
5648,SHFS,Financial Services,Banks - Regional,NASDAQ,31.12,3,53.35,1,0.46,2068018.0353291035,4505486.0,0.0209,-94.99,322138,400852,285167
5649,BCAB,Healthcare,Biotechnology,NASDAQ,31.07,3,77.0,9,4.27,8032522.333236694,1659612.0,0.0684,-94.03,30074,46221,38080
5650,VTAK,Healthcare,Medical Devices,NYSE ARCA,30.64,3,71.58,5,0.76,2234752.545064509,2692473.0,0.031400003,-95.18,50892,156470,1377586
5651,PULM,Healthcare,Biotechnology,NASDAQ,30.61,3,82.82,17,1.25,4737013.829603791,3652285.0,0.0054,-86.66,17059,27203,46727
5652,CENN,Consumer Cyclical,Auto Manufacturers,NASDAQ,30.4,3,79.45,12,4.2,5934116.979467392,1465214.0,0.0629,-93.64,12943,42416,31279
5653,LHAI,Real Estate,Real Estate Services,NASDAQ,30.36,3,74.84,7,0.94,21423600.85129738,16230000.0,0.0021,-95.79,825947,319912,216267
5654,HPAI,Technology,Software - Infrastructure,NASDAQ,30.28,3,63.23,2,1.15,37119853.31385434,37646910.0,0.0036000002,-79.09,4483694,1510964,972224
5655,EHGO,Industrials,Business Equipment & Supplies,NASDAQ,30.1,3,65.25,3,1.81,3579971.871422291,2022583.0,0.0039,-91.56,22350,27019,21013
5656,EZRA,Financial Services,Insurance Brokers,NASDAQ,30.04,3,61.82,2,0.12,3613012.2480033487,21253013.0,0.0275,-96.62,2359228,1885466,2096699
5657,GRAN,Financial Services,Capital Markets,NASDAQ,29.99,3,80.63,14,1.08,22415624.406188726,24906250.0,0.0016,-83.88,15026,8455,16709
5658,NUWE,Healthcare,Medical Devices,NASDAQ,29.98,3,77.34,10,1.0,2872932.7079765797,2635718.0,0.0191,-97.69,50907,43535,62847
5659,NAKA,Financial Services,Capital Markets,NASDAQ,29.91,3,77.99,10,0.19,122133231.69830927,690018254.0,0.0577,-99.45,5253522,5886134,5039162
5660,LMFA,Financial Services,Capital Markets,NASDAQ,29.9,3,82.39,16,0.23,3810942.820334047,16216778.0,0.063200004,-95.53,607563,425537,431814
5661,VSEE,Healthcare,Health Information Services,NASDAQ,29.84,3,73.42,6,0.18,8513896.118311822,47299421.0,0.0199,-92.86,608590,603653,596476
5662,ENSC,Healthcare,Biotechnology,NASDAQ,29.7,3,58.13,1,0.28,3247236.5946998894,9277819.0,0.0069,-89.82,9860305,3473631,2398227
5663,CAPS,Basic Materials,Building Materials,NASDAQ,29.64,3,53.83,1,0.28,4237871.644615531,11453707.0,0.0233,-91.49,330782,3898840,2481018
5664,APVO,Healthcare,Biotechnology,NASDAQ,29.63,3,87.3,27,4.77,5873173.002064228,1181725.0,0.0883,-98.15,67847,36389,60157
5665,BNKK,Financial Services,Asset Management,NASDAQ,29.58,3,72.28,6,2.14,18884299.95039463,7868458.0,0.014099999,-95.44,797673,326641,214890
5666,PRFX,Healthcare,Drug Manufacturers - Specialty & Generic,NASDAQ,29.57,3,66.69,3,1.58,1638428.9883255959,844551.0,0.100200005,-91.2,23031,1020997,623918
5667,OLB,Technology,Software - Infrastructure,NASDAQ,29.47,3,86.18,24,0.44,6052782.483202368,12505749.0,0.0521,-82.4,309798,758889,616725
5668,ARAY,Healthcare,Medical Devices,NASDAQ,29.19,3,54.19,1,0.27,45206203.91273689,118963696.0,0.0763,-87.14,4871573,2424734,2105568
5669,SDA,Consumer Cyclical,Auto & Truck Dealerships,NASDAQ,29.11,3,45.25,0,0.73,108129914.70297766,102009359.0,0.0069,-80.02,192268,180072,232751
5670,BTOG,Financial Services,Financial Data & Stock Exchanges,NASDAQ,29.1,3,70.6,5,1.81,3091854.6508916616,1610341.0,0.028399998,-97.01,82719,1130876,694291
5671,CCHH,Consumer Cyclical,Restaurants,NASDAQ,29.07,3,63.42,3,0.39,9438500.156998634,21950000.0,0.0084,-97.47,57358,85962,282831
5672,GOCO,Financial Services,Insurance Brokers,NASDAQ,29.0,3,63.93,3,0.85,15184641.727618754,16686419.0,0.0495,-90.29,67076,59232,81475
5673,BOXL,Technology,Consumer Electronics,NASDAQ,28.96,3,69.6,4,0.85,3773609.775418341,4001707.0,0.023699999,-98.6,121635,223705,450683
5674,LIMN,Healthcare,Biotechnology,NASDAQ,28.87,3,76.06,8,0.18,9110159.236858293,44877633.0,0.0612,-99.47,605921,5816683,4069486
5675,VSME,Communication Services,Advertising Agencies,NASDAQ,28.82,3,79.69,12,0.89,2557007.5663855076,2779356.0,0.036199998,-98.61,118534,1355294,836808
5676,SNOA,Healthcare,Drug Manufacturers - Specialty & Generic,NASDAQ,28.49,3,59.52,2,1.09,4701597.786824703,3917998.0,0.012,-84.25,91944,310624,200684
5677,XAIR,Healthcare,Medical Devices,NASDAQ,28.48,3,79.55,12,0.5,5401553.592498779,10529344.0,0.0066000004,-91.44,319547,397449,322321
5678,ODD,Consumer Defensive,Household & Personal Products,NASDAQ,28.47,3,73.85,7,12.65,849520929.4788809,57438873.0,0.1633,-84.02,1321842,1378407,1550454
5679,JEM,Consumer Cyclical,Apparel Retail,NASDAQ,28.39,3,90.24,36,1.54,2359660.9769306183,1801268.0,0.0689,-99.03,250823,884893,687892
5680,TANH,Consumer Defensive,Household & Personal Products,NASDAQ,28.38,3,83.6,18,0.39,4857307.588202089,13682557.0,0.0273,-90.37,216334,255311,287322
5681,ICCM,Healthcare,Medical Devices,NASDAQ,28.26,3,62.58,2,0.23,19497071.324206486,81237799.0,0.0275,-83.57,540455,527948,658225
5682,ARTL,Healthcare,Biotechnology,NASDAQ,27.99,3,42.04,0,1.84,5543651.516742706,2182540.0,0.2678,-97.86,790446,1616712,4390521
5683,SXTP,Healthcare,Biotechnology,NASDAQ,27.85,3,68.08,4,1.39,4060653.4194145203,2636788.0,0.0698,-90.53,55096,138785,1448057
5684,DDC,Consumer Defensive,Packaged Foods,NYSE ARCA,27.84,3,61.01,2,1.24,65970458.17224383,44275475.0,0.0548,-94.05,103918,101059,82523
5685,ABVE,Consumer Defensive,Packaged Foods,NASDAQ,27.74,3,63.15,2,0.51,32250863.995898247,51191848.0,0.0462,-92.23,6967750,3804756,3351730
5686,OLOX,Industrials,Metal Fabrication,NASDAQ,27.68,3,75.64,8,5.59,5435977.6017689705,1199995.0,0.1301,-99.42,60413,48594,128601
5687,LXEH,Consumer Defensive,Education & Training Services,NASDAQ,27.66,3,82.89,17,1.2,2223333.656024337,1916667.0,0.0025,-96.36,90466,165243,112870
5688,GIPR,Real Estate,REIT - Diversified,NASDAQ,27.57,3,78.0,10,0.25,1487352.6043915749,5448178.0,0.1282,-87.44,165599,2141719,1352111
5689,STEX,Financial Services,Capital Markets,NASDAQ,27.45,3,70.89,5,0.96,191489163.08078802,206791753.0,0.066700004,-93.2,1062144,1421981,1723004
5690,SVRN,Industrials,Marine Shipping,NASDAQ,27.42,3,58.17,1,5.51,15513396.138702393,1875864.0,0.011,-99.65,8798,19086,173223
5691,PN,Technology,Solar,NASDAQ,27.41,3,107.4,87,4.31,14745925.104773045,2538025.0,0.0123000005,-95.07,7215848,2982635,1800624
5692,VNRX,Healthcare,Medical Devices,NYSE ARCA,27.39,3,60.62,2,2.0,18197898.75,8087955.0,0.047399998,-89.36,316166,229359,730102
5693,OCG,Consumer Cyclical,Internet Retail,NASDAQ,27.21,3,100.61,78,2.23,3871902.0,1935951.0,0.0442,-99.98,4264440,1655185,1245606
5694,XBP,Technology,Software - Infrastructure,NASDAQ,27.1,3,56.6,1,2.12,31303014.010059834,11768050.0,0.0023,-91.72,15444,15988,14126
5695,NPT,Consumer Cyclical,Specialty Retail,NASDAQ,26.94,3,47.17,0,1.48,30615299.894213676,22185000.0,0.0374,-93.39,97577,973612,748071
5696,DRCT,Communication Services,Advertising Agencies,NASDAQ,26.87,3,99.56,76,3.95,2999464.6761569977,744284.0,0.010299999,-97.71,140596,414063,256485
5697,ALP,Financial Services,Asset Management,NASDAQ,26.79,3,102.59,81,0.33,5624300.994287074,23434588.0,0.030199999,-97.61,58802856,29752372,18086941
5698,ENGN,Healthcare,Biotechnology,NASDAQ,26.74,3,21.06,0,1.72,100484199.0,66989466.0,0.0255,-85.96,6488332,2416454,1684878
5699,CREG,Utilities,Utilities - Renewable,NASDAQ,26.7,3,86.45,25,0.48,6658146.928414106,22959128.0,0.15439999,-96.73,76520860,43882143,28694570
5700,BYRN,Industrials,Aerospace & Defense,NASDAQ,26.66,3,65.05,3,4.96,120914539.41922188,22685655.0,0.17870001,-85.54,431382,697287,583836
5701,MDXH,Healthcare,Diagnostics & Research,NASDAQ,26.6,3,36.64,0,0.89,102729040.0,51364520.0,0.0005,-83.3,1780496,722602,502501
5702,GNLN,Consumer Defensive,Tobacco,NASDAQ,26.46,3,84.99,21,3.79,3142861.5358428955,629832.0,0.0574,-96.28,26241,289510,197656
5703,BURU,Industrials,Specialty Industrial Machinery,NYSE ARCA,26.45,3,73.93,7,0.2,38645448.032205686,169497579.0,0.122200005,-95.29,13300147,40344675,40134289
5704,AMZE,Technology,Software - Application,NYSE ARCA,25.99,3,95.07,63,0.17,5850962.045387983,45007402.0,0.0402,-98.55,21972859,9519743,6225337
5705,IPST,Financial Services,Capital Markets,NASDAQ,25.98,2,137.87,97,9.69,2864317.344636917,544547.0,0.049099997,-98.18,135237,381350,242927
5706,NXGL,Healthcare,Medical Instruments & Supplies,NASDAQ,25.92,2,71.56,5,0.51,5247851.29858166,8849665.0,0.016900001,-82.82,122799,293026,461339
5707,NCRA,Consumer Defensive,Packaged Foods,NASDAQ,25.84,2,80.56,13,0.21,4166414.9708177596,17075471.0,0.0378,-91.25,3392648,2984172,2065151
5708,OTLK,Healthcare,Biotechnology,NASDAQ,25.77,2,76.95,9,0.23,26684258.79275602,120743252.0,0.0448,-93.22,4232442,4982377,4353952
5709,ARAI,Technology,Scientific & Technical Instruments,NASDAQ,25.69,2,73.58,7,0.67,32266420.2704798,47731391.0,0.060900003,-98.32,1364550,19371226,11728268
5710,MSAI,Technology,Electronic Components,NASDAQ,25.37,2,72.57,6,5.77,11963082.230432987,2012293.0,1.1143,-93.99,42003,57520,47753
5711,SELX,Technology,Electronic Components,NASDAQ,25.34,2,50.92,1,0.24,10405123.687427357,43354683.0,0.0163,-87.03,198820,514290,2338866
5712,HAO,Communication Services,Advertising Agencies,NASDAQ,25.28,2,34.44,0,0.02,43393995.57380104,59443828.0,0.0008,-99.13,120696784,40702061,24485436
5713,VVOS,Healthcare,Medical Devices,NASDAQ,25.28,2,57.97,1,0.64,9053529.077131808,13614329.0,0.0517,-91.95,162578,328982,248517
5714,CODX,Healthcare,Medical Devices,NASDAQ,25.13,2,73.1,6,1.28,9114236.34693265,3602465.0,0.013099999,-97.25,1376281,540777,1745258
5715,ABTS,Financial Services,Capital Markets,NASDAQ,25.09,2,60.86,2,0.94,3227977.328848958,2961447.0,0.0257,-91.34,160278,1008386,613543
5716,IZM,Technology,Electronics & Computer Distribution,NASDAQ,24.95,2,76.69,9,0.39,4542845.851982385,12018111.0,0.014400001,-85.77,480608,292089,2326301
5717,ADIL,Healthcare,Biotechnology,NASDAQ,24.9,2,73.94,7,1.38,2041997.0250999928,1427970.0,0.0346,-92.74,100606,99915,89185
5718,SCAG,Industrials,Farm & Heavy Construction Machinery,NASDAQ,24.8,2,63.68,3,0.73,58813828.82311493,72609665.0,0.00059999997,-97.02,31659,14416,10127
5719,CYCU,Technology,Information Technology Services,NASDAQ,24.79,2,72.92,6,0.88,4738589.758821011,5509988.0,0.1295,-94.46,656984,2894048,2128354
5720,CETX,Technology,Software - Infrastructure,NASDAQ,24.73,2,68.32,4,0.8,8969499.06583178,10078089.0,0.1531,-98.12,350848,5961019,4251745
5721,ORIS,Consumer Defensive,Packaged Foods,NASDAQ,24.72,2,84.17,20,0.54,2214884.9374477565,5056815.0,0.0573,-97.97,186082,376894,965352
5722,BTM,Financial Services,Capital Markets,NASDAQ,24.58,2,61.36,2,2.93,57764167.04165268,11348559.0,0.1126,-93.92,457930,665510,466460
5723,BNBX,Financial Services,Asset Management,NASDAQ,24.38,2,69.61,4,0.44,2777059.8640491962,5667469.0,0.119799994,-96.55,54072,1682110,1022586
5724,RIME,Technology,Consumer Electronics,NASDAQ,24.29,2,49.3,1,0.66,8937515.859593749,14651665.0,0.070199996,-85.59,1053390,735260,947016
5725,WLDS,Technology,Consumer Electronics,NASDAQ,24.27,2,62.24,2,0.94,6697305.98396945,6502239.0,0.0661,-97.25,207707,5159559,3142596
5726,DSY,Consumer Defensive,Household & Personal Products,NASDAQ,24.25,2,75.88,8,2.06,9978932.846826077,4751873.0,0.026099999,-98.59,5613,8954,15252
5727,ONEG,Industrials,Engineering & Construction,NASDAQ,24.06,2,22.39,0,0.92,22399999.618530273,16000000.0,0.0150999995,-93.85,2663635,1893805,1336905
5728,EMBC,Healthcare,Medical Instruments & Supplies,NASDAQ,23.95,2,31.55,0,3.14,215952750.503721,59327677.0,0.1168,-79.81,5729572,2359964,1792620
5729,DCOY,Healthcare,Biotechnology,NASDAQ,23.95,2,65.87,3,4.41,3042856.848388672,531968.0,0.0437,-98.94,8797,20389,25617
5730,FEED,Healthcare,Medical Devices,NASDAQ,23.71,2,65.24,3,1.1,4404080.731767654,3700908.0,0.0045,-97.53,1132815,518838,3592945
5731,CLIK,Consumer Cyclical,Personal Services,NASDAQ,23.57,2,54.14,1,1.48,7276563.652237415,3263033.0,0.0191,-95.67,4783881,4337247,2733260
5732,DAIC,Technology,Information Technology Services,NASDAQ,23.36,2,75.22,8,0.18,5682904.635617733,29293322.0,0.0093,-99.76,1979066,939528,1010951
5733,MBRX,Healthcare,Biotechnology,NASDAQ,23.28,2,74.37,7,2.11,13180787.122674227,5336351.0,0.026199998,-92.62,279924,167291,150978
5734,AMOD,Technology,Software - Application,NASDAQ,23.15,2,62.9,2,0.22,11807710.88423717,50895307.0,0.0274,-91.54,5023574,2049544,1445246
5735,SLGB,Industrials,Integrated Freight & Logistics,NASDAQ,22.88,2,71.22,5,0.56,23650000.512599945,43000000.0,0.0743,-90.79,121347,653872,419003
5736,BDRX,Healthcare,Biotechnology,NASDAQ,22.74,2,84.53,20,3.3,2755334.5,648314.0,0.0631,-96.58,1942048,724386,925138
5737,VITL,Consumer Defensive,Farm Products,NASDAQ,22.54,2,53.54,1,8.48,383065160.78007317,42848454.0,0.4461,-84.04,5909884,3727534,3346332
5738,SXTC,Healthcare,Drug Manufacturers - Specialty & Generic,NASDAQ,22.45,2,71.21,5,1.58,7712478.485031128,4458080.0,0.0095999995,-99.85,24893,33201,54028
5739,CHOW,Technology,Software - Infrastructure,NYSE ARCA,22.31,2,89.21,33,0.43,14987699.514627457,35100000.0,0.0106,-98.04,206956,1480758,965793
5740,GNPX,Healthcare,Biotechnology,NASDAQ,22.3,2,63.87,3,0.83,9063138.049674034,10417400.0,0.055,-98.49,352838,981326,726351
5741,SLMT,Communication Services,Entertainment,NASDAQ,22.26,2,61.48,2,5.6,53244229.20049906,82549195.0,0.033800002,-89.42,91198,72187,74377
5742,CIIT,Industrials,Integrated Freight & Logistics,NASDAQ,22.18,2,69.23,4,1.29,5138847.78469336,3618907.0,0.2508,-92.84,28909,944809,942906
5743,AGIG,Utilities,Utilities - Renewable,NYSE ARCA,22.17,2,77.72,10,1.1,49404728.66152203,43720999.0,0.0596,-95.7,150920,236466,381492
5744,KUST,Communication Services,Entertainment,NASDAQ,22.11,2,78.64,11,3.15,1974798.75,526613.0,0.0382,-96.02,64554,58713,41582
5745,GSUN,Consumer Defensive,Education & Training Services,NASDAQ,21.97,2,71.38,5,0.43,5335358.892603517,10028870.0,0.0301,-88.62,746362,1072467,2580894
5746,SOWG,Consumer Defensive,Confectioners,NASDAQ,21.65,2,65.55,3,2.0,29077465.75622177,20053424.0,0.0011999999,-93.71,1327605,598715,402647
5747,SNGX,Healthcare,Biotechnology,NASDAQ,21.53,2,56.58,1,0.36,2988762.823999375,10306079.0,0.078600004,-94.22,1076852,1195857,861072
5748,UP,Industrials,Airports & Air Services,NYSE,21.5,2,62.21,2,5.03,217862508.29696655,36250000.0,0.1336,-92.81,240425,194208,149106
5749,SBEV,Consumer Defensive,Beverages - Wineries & Distilleries,NYSE ARCA,21.44,2,61.14,2,0.22,2714627.0,10858508.0,0.066199996,-96.16,784526,2459582,1971711
5750,IMMP,Healthcare,Biotechnology,NASDAQ,21.4,2,92.09,44,0.52,66317457.1931873,147372131.0,0.0087,-85.27,1061693,27292014,17765244
5751,NXXT,Utilities,Utilities - Renewable,NASDAQ,21.19,2,60.98,2,0.28,53606197.4838562,156743264.0,0.192,-91.86,1776941,3226777,2663458
5752,LNAI,Healthcare,Biotechnology,NASDAQ,21.14,2,65.67,3,0.26,11969469.745623976,36271119.0,0.024600001,-95.27,11792025,11995921,26716585
5753,ALBT,Real Estate,Real Estate Services,NASDAQ,21.13,2,64.29,3,0.34,3329443.649612576,8323609.0,0.1166,-92.83,380089,1719029,1269663
5754,MTEN,Industrials,Metal Fabrication,NASDAQ,20.97,2,77.46,10,1.02,5330111.1322722435,5028407.0,0.0403,-99.98,26317,33032,146221
5755,CVM,Healthcare,Biotechnology,NYSE ARCA,20.79,2,42.61,0,1.43,14378544.303307295,8457967.0,0.056199998,-89.39,1338171,520443,325178
5756,RBNE,Energy,Oil & Gas Midstream,NASDAQ,20.72,2,59.32,2,1.29,9919518.686717987,7572152.0,0.051,-98.75,317361,553540,6066150
5757,MSS,Consumer Defensive,Grocery Stores,NASDAQ,20.69,2,66.28,3,1.02,3980126.25,3184101.0,0.0324,-97.42,412480,213354,266474
5758,WCT,Technology,Software - Application,NASDAQ,20.49,2,76.1,9,2.08,6205720.561718941,2905300.0,0.0021,-91.68,10094,8438,9006
5759,BGL,Basic Materials,Gold,NASDAQ,20.4,2,68.16,4,0.95,42198897.18383789,38017024.0,0.57,-99.43,401183,464194,433470
5760,YYAI,Technology,Software - Infrastructure,NASDAQ,20.34,2,40.58,0,0.37,31480395.81981659,42142432.0,0.0625,-99.86,981386,624128,558439
5761,NXTT,Technology,Software - Application,NASDAQ,20.29,2,76.43,9,1.55,112871274.9746275,76264374.0,0.0017,-99.84,95787,168639,1730745
5762,KXIN,Consumer Cyclical,Auto & Truck Dealerships,NASDAQ,19.92,2,90.52,38,5.6,7491542.206973076,1653762.0,0.0179,-99.33,682886,235158,152063
5763,MEHA,Consumer Defensive,Packaged Foods,NASDAQ,19.56,2,65.12,3,0.09,2081722.4338778257,21912868.0,0.0121,-98.88,103756070,40164913,28281512
5764,OIO,Financial Services,Asset Management,NASDAQ,19.52,1,45.54,0,1.89,657761779.1415038,348022108.0,0.0004,-85.42,81449,120341,85819
5765,GLXG,Industrials,Staffing & Employment Services,NASDAQ,19.51,1,49.26,1,0.8,6319205.558879375,5961515.0,0.0014,-89.76,14326,14998,18557
5766,LGCB,Consumer Cyclical,Internet Retail,NASDAQ,19.46,1,44.13,0,0.41,32482396.769117117,48481188.0,0.00029999999,-86.77,767683,345541,224550
5767,KWM,Communication Services,Entertainment,NASDAQ,19.45,1,55.41,1,0.27,21227664.943260312,68476338.0,0.24,-96.82,1409446,1083705,731511
5768,WSHP,Communication Services,Internet Content & Information,NASDAQ,19.38,1,64.68,3,6.95,84311491.8973527,10963783.0,0.35,-97.22,124478,1642826,1114759
5769,CHR,Communication Services,Advertising Agencies,NASDAQ,19.24,1,77.28,10,1.74,2733645.25,1562083.0,0.033299997,-99.44,60072,61094,45745
5770,AHMA,Consumer Cyclical,Travel Services,NASDAQ,19.1,1,78.81,11,1.19,41912249.00782108,29725000.0,0.4013,-96.99,9200731,5976970,4447266
5771,AIRE,Real Estate,Real Estate Services,NASDAQ,18.96,1,42.18,0,2.16,11909747.373486757,5364751.0,0.0458,-95.2,220694,145090,112120
5772,SBFM,Healthcare,Drug Manufacturers - Specialty & Generic,NASDAQ,18.69,1,25.12,0,0.28,5151243.066066265,4905946.0,0.0274,-88.48,334068,140502,97855
5773,BYAH,Consumer Defensive,Household & Personal Products,NASDAQ,18.57,1,93.95,54,1.27,4508733.523216724,3220524.0,0.0358,-99.94,36987,22162,111353
5774,GCTK,Healthcare,Medical Instruments & Supplies,NASDAQ,18.5,1,68.63,4,0.65,2927423.243622005,3659279.0,0.3469,-95.91,11041552,8350777,5760228
5775,BNZI,Technology,Software - Application,NASDAQ,18.49,1,73.55,7,7.66,6266439.637008667,1028972.0,0.1184,-96.58,332065,151895,103917
5776,LGHL,Financial Services,Capital Markets,NASDAQ,18.34,1,87.55,28,0.8,378274.961889565,507071.0,0.0055,-98.73,195368,202812,157601
5777,SOAR,Industrials,Airports & Air Services,NYSE ARCA,18.31,1,47.22,0,0.14,7312384.393616885,38895663.0,0.15359999,-96.38,4217408,9030302,7622187
5778,AKTX,Healthcare,Biotechnology,NASDAQ,18.15,1,58.52,2,3.49,7153675.0,1144588.0,0.0466,-93.86,34014,57951,40424
5779,NCT,Industrials,Marine Shipping,NASDAQ,18.08,1,81.69,15,2.37,2582573.6517071724,1012774.0,1.0871,-98.23,33900,86603,245780
5780,SNBR,Consumer Cyclical,"Furnishings, Fixtures & Appliances",NASDAQ,17.96,1,60.01,2,1.54,65666882.00263786,23041012.0,0.2959,-88.95,1144656,3620695,2937315
5781,THH,Industrials,Specialty Business Services,NASDAQ,17.84,1,72.8,6,0.31,16164939.442053437,50046250.0,0.0054,-99.44,121481,625483,459512
5782,FRGT,Technology,Software - Application,NASDAQ,17.46,1,53.33,1,0.51,2334271.588350296,2860627.0,0.0269,-98.81,149067,186682,180735
5783,MODD,Healthcare,Medical Devices,NASDAQ,17.43,1,61.05,2,3.37,20454248.905184984,5411177.0,0.027,-89.09,16597,49602,52335
5784,ISPC,Healthcare,Diagnostics & Research,NASDAQ,17.22,1,64.6,3,4.15,6737889.129396439,1315994.0,0.1864,-96.74,285621,1590392,1159808
5785,WOK,Healthcare,Medical Devices,NASDAQ,17.18,1,48.79,1,0.66,1658803.1629228592,1295940.0,0.0602,-99.99,58303669,19454746,11681609
5786,AUUD,Technology,Software - Application,NASDAQ,17.16,1,62.51,2,1.96,3098769.7809648514,2122445.0,0.1247,-96.53,14248464,8011328,4823290
5787,ZDAI,Industrials,Engineering & Construction,NASDAQ,17.14,1,43.84,0,1.45,17535375.536978245,8043750.0,0.0011,-91.76,29475,119601,73495
5788,WGRX,Healthcare,Pharmaceutical Retailers,NASDAQ,17.0,1,60.76,2,0.08,10638883.104566544,126653372.0,0.2155,-97.33,22132778,27892186,19251559
5789,RAYA,Industrials,Electrical Equipment & Parts,NASDAQ,16.9,1,68.9,4,3.33,3890973.277482033,982569.0,0.0801,-99.95,68189,1562639,993029
5790,TOPS,Energy,Oil & Gas Midstream,NYSE ARCA,16.84,1,33.54,0,1.02,11991787.967219353,5500820.0,0.0287,-91.11,2109728,739236,595329
5791,GOSS,Healthcare,Biotechnology,NASDAQ,16.64,1,69.24,4,0.34,76745682.04045352,234696281.0,0.18200001,-91.21,3733112,5513607,8039814
5792,BIYA,Technology,Software - Application,NASDAQ,16.38,1,59.2,2,0.9,4284791.522834778,4119992.0,0.0029,-99.41,8574363,12351734,7655696
5793,CMND,Healthcare,Biotechnology,NASDAQ,16.18,1,59.2,2,0.52,5614875.677281737,10190337.0,0.19409999,-99.01,464244,9755454,5929440
5794,RDGT,Healthcare,Pharmaceutical Retailers,NASDAQ,15.98,1,59.04,2,1.35,1402294.8685641289,898907.0,0.1392,-99.82,135229,705198,584838
5795,PCLA,Communication Services,Telecom Services,NASDAQ,15.85,1,53.56,1,1.37,16824158.75,9613805.0,0.0015,-98.78,5645,5021,7263
5796,ORGN,Basic Materials,Chemicals,NASDAQ,15.75,1,50.61,1,1.43,7534050.616222739,5499307.0,0.1271,-94.98,2403746,862905,583991
5797,MDCX,Healthcare,Drug Manufacturers - General,NASDAQ,15.51,1,76.57,9,0.3,18480096.235328168,55164465.0,0.0327,-96.64,2823713,5912567,7423276
5798,DXST,Industrials,Waste Management,NASDAQ,15.23,1,64.94,3,1.78,3484999.602104187,1815104.0,0.028399998,-97.13,54217,48412,1231029
5799,GV,Consumer Defensive,Education & Training Services,NASDAQ,15.2,1,78.66,11,0.24,1020537.3152781129,5607348.0,0.0197,-94.26,10300894,5275241,21652954
5800,MASK,Technology,Software - Application,NASDAQ,14.73,1,85.76,23,1.62,3592143.9754092693,1129605.0,0.0557,-98.31,9656623,3855844,5003658
5801,IMCC,Healthcare,Drug Manufacturers - Specialty & Generic,NASDAQ,14.53,1,58.33,1,0.23,1518490.829063192,6223323.0,0.010299999,-96.77,250553,592497,643284
5802,NVVE,Consumer Cyclical,Specialty Retail,NASDAQ,14.53,1,80.97,14,0.41,1853854.5327272415,5311904.0,0.0499,-99.59,387494,901868,903286
5803,KITT,Industrials,Aerospace & Defense,NASDAQ,14.37,1,51.18,1,1.83,77427262.89784312,34877145.0,0.26770002,-97.9,354563,427343,568029
5804,DBGI,Consumer Cyclical,Apparel Retail,NASDAQ,14.33,1,59.62,2,1.12,36382131.120491266,21401253.0,0.041300002,-93.78,644728,491706,492839
5805,TDTH,Technology,Information Technology Services,NASDAQ,14.01,1,41.49,0,1.5,8918639.66249621,4718857.0,0.0072000003,-98.13,36775,136713,85467
5806,VIVK,Energy,Oil & Gas Integrated,NASDAQ,13.79,1,52.86,1,1.35,3784515.1187506914,2068041.0,0.05,-99.46,119692,439247,276795
5807,BGM,Healthcare,Drug Manufacturers - Specialty & Generic,NASDAQ,13.46,1,88.5,31,0.34,58782646.429113805,200623358.0,0.0004,-98.02,508651,257183,380564
5808,PPCB,Healthcare,Biotechnology,NASDAQ,13.21,1,53.7,1,0.07,1936732.2567290068,21859280.0,0.0127,-99.35,954109,5019453,3724505
5809,AIM,Healthcare,Biotechnology,NYSE ARCA,13.06,1,38.52,0,0.25,2770245.909138739,8147782.0,0.0311,-98.73,1692337,756939,4416753
5810,IVF,Healthcare,Medical Devices,NASDAQ,12.93,1,63.24,2,1.6,2778520.7262175083,1615419.0,0.0592,-99.42,48854,41641,52048
5811,SOPA,Communication Services,Advertising Agencies,NASDAQ,12.92,1,33.34,0,0.17,4812386.821661949,12867344.0,0.014400001,-97.29,2137577,2982705,1918657
5812,JTAI,Technology,Software - Application,NASDAQ,12.71,1,67.21,4,6.96,8745370.189119816,1238721.0,0.1047,-99.26,148204,634602,449244
5813,AZI,Consumer Cyclical,Auto & Truck Dealerships,NASDAQ,12.7,1,67.72,4,1.22,5779048.553207397,4550432.0,0.0085,-99.8,21852,81377,1204459
5814,FBLG,Healthcare,Biotechnology,NASDAQ,12.55,1,58.26,1,1.05,6042341.226133704,5208915.0,0.023699999,-95.35,617697,357115,527637
5815,SNYR,Healthcare,Medical Distribution,NASDAQ,12.51,1,54.36,1,0.29,5825854.292076498,14899883.0,0.3545,-92.75,1194440,3172060,1914848
5816,WTO,Technology,Consumer Electronics,NASDAQ,12.46,1,36.33,0,0.79,1946243.7108236551,1973878.0,0.0139999995,-99.95,254302,1060377,677944
5817,NEXR,Consumer Cyclical,Internet Retail,NASDAQ,12.33,1,56.53,1,1.44,1399862.3854336739,809169.0,0.0622,-99.29,143443,1604061,1038914
5818,CLDI,Healthcare,Biotechnology,NYSE ARCA,12.08,1,64.14,3,0.19,3213239.8060150445,15228625.0,0.025999999,-99.01,2479779,7696209,4852395
5819,DFNS,Industrials,Aerospace & Defense,NASDAQ,12.02,1,63.77,3,0.44,20075013.265188515,41997937.0,0.094399996,-98.32,1696763,2892954,2279698
5820,TRNR,Consumer Cyclical,Personal Services,NASDAQ,11.75,1,80.39,13,1.14,1738180.268851757,2057018.0,0.025799999,-99.1,113026,117555,161023
5821,IPW,Consumer Cyclical,Internet Retail,NASDAQ,11.71,1,64.5,3,0.83,1077818.7518469691,1322477.0,0.4431,-97.6,733602,1799204,1276402
5822,DEVS,Industrials,Pollution & Treatment Controls,NASDAQ,11.68,1,38.56,0,0.19,2106247.48578012,13246840.0,0.0471,-98.59,18866799,6891126,4982085
5823,PMAX,Industrials,Specialty Business Services,NASDAQ,11.56,0,104.28,83,3.19,6827025.3727173805,1715333.0,0.028199999,-96.44,6706518,2766136,1795944
5824,KALA,Healthcare,Biotechnology,NASDAQ,11.15,0,35.16,0,2.93,73429833.33643222,18589831.0,0.0011,-99.72,93410,77465,199497
5825,TNMG,Communication Services,Publishing,NASDAQ,10.88,0,47.52,1,0.63,2564850.75,2931258.0,0.0633,-97.61,42757,59972,41187
5826,VEEE,Consumer Cyclical,Recreational Vehicles,NASDAQ,10.83,0,74.51,7,6.76,3149507.4490385056,529329.0,0.0405,-94.72,719031,309463,340350
5827,CISS,Industrials,Marine Shipping,NASDAQ,10.48,0,60.08,2,3.05,1785999.5092916489,542857.0,0.0029,-99.63,28576,44790,70866
5828,HCTI,Healthcare,Health Information Services,NASDAQ,10.41,0,73.42,6,2.17,4446748.861235619,1967588.0,0.091000006,-99.97,468269,382396,474115
5829,BNRG,Utilities,Utilities - Renewable,NASDAQ,10.3,0,50.85,1,1.8,1175260.185252428,515465.0,0.0738,-99.05,1465902,547724,422938
5830,VMAR,Consumer Cyclical,Recreational Vehicles,NASDAQ,10.29,0,45.25,0,0.76,1420222.4809305668,1560684.0,0.0467,-99.79,598182,314050,214772
5831,ELAB,Healthcare,Biotechnology,NASDAQ,10.18,0,53.01,1,2.08,8812083.144887447,4450547.0,0.099,-99.33,788931,5845400,9255208
5832,NIVF,Healthcare,Medical Care Facilities,NASDAQ,10.14,0,39.8,0,0.9,687935.8416881561,568542.0,0.0394,-99.95,3036159,1026336,687125
5833,TRUG,Consumer Cyclical,Leisure,NASDAQ,9.25,0,50.55,1,1.67,1877874.651090145,934266.0,0.0381,-99.2,83432,143247,148662
5834,SLXN,Healthcare,Biotechnology,NASDAQ,9.23,0,31.51,0,0.29,2139222.652851343,4074710.0,0.0136,-98.7,604193,276564,183356
5835,PFSA,Healthcare,Medical Devices,NASDAQ,9.09,0,57.92,1,0.45,2275698.1681301594,4410268.0,0.0086,-99.89,244970,9552876,5997646
5836,JAGX,Healthcare,Biotechnology,NASDAQ,8.81,0,35.7,0,3.92,1115937.0,371979.0,0.0461,-98.75,169265,71530,47926
5837,IBG,Consumer Defensive,Beverages - Wineries & Distilleries,NASDAQ,8.72,0,58.73,2,0.83,1543499.7432940006,1815882.0,0.0215,-97.73,126941,239693,818574
5838,WHLR,Real Estate,REIT - Retail,NASDAQ,8.58,0,42.22,0,1.12,688987.4913543463,604375.0,0.0436,-99.88,230509,275593,178130
5839,VSA,Consumer Defensive,Education & Training Services,NASDAQ,8.04,0,38.82,0,0.36,3262270.6638975143,6155228.0,0.2057,-99.83,648086,9378908,13249551
5840,FCUV,Technology,Scientific & Technical Instruments,NASDAQ,7.38,0,41.47,0,0.84,1618112.0,1618112.0,0.0184,-98.41,2357806,2658965,1610069
5841,DGNX,Industrials,Consulting Services,NASDAQ,7.17,0,31.09,0,0.96,39868289.3087641,29100941.0,0.0198,-99.7,821942,849331,594129
5842,YMT,Technology,Software - Application,NASDAQ,7.02,0,57.28,1,0.12,16470297.514989913,114377071.0,0.04,-98.02,701294,8287594,7047052
5843,HKIT,Technology,Information Technology Services,NASDAQ,6.91,0,56.75,1,0.69,6762994.584826887,9661421.0,0.2564,-99.67,2181726,1138105,1480666
5844,FGL,Industrials,Engineering & Construction,NASDAQ,6.65,0,70.3,5,1.93,1895116.0,947558.0,0.23,-98.65,103453,152547,161412
5845,EZGO,Consumer Cyclical,Recreational Vehicles,NASDAQ,6.52,0,13.91,0,0.02,835389.7813275829,20884745.0,0.0019,-99.88,435308410,145251883,87187250
5846,JDZG,Consumer Defensive,Education & Training Services,NASDAQ,6.36,0,128.0,95,2.21,6731083.073105335,4314797.0,0.1221,-98.27,315368,1110042,853649
5847,PHGE,Healthcare,Biotechnology,NYSE ARCA,6.31,0,34.72,0,0.53,6339920.271636486,10111516.0,0.0089,-96.4,271877,385522,266605
5848,PMI,Healthcare,Medical Devices,NYSE ARCA,6.24,0,21.94,0,0.16,19144766.139002025,92042143.0,0.0215,-98.83,4551497,2731425,1708221
5849,UCAR,Consumer Cyclical,Auto & Truck Dealerships,NASDAQ,6.24,0,88.99,32,1.3,3221053.4596567154,2133148.0,0.22709998,-97.39,523159,19616766,16474393
5850,CHSN,Consumer Cyclical,Restaurants,NASDAQ,5.99,0,21.53,0,1.28,873624.771258831,590287.0,0.0027,-99.98,1847499,1122223,675321
5851,CTNT,Industrials,Integrated Freight & Logistics,NASDAQ,5.59,0,26.48,0,1.83,5721284.629486084,1959344.0,0.0156,-99.6,995596,1525468,916093
5852,GMEX,Technology,Consumer Electronics,NASDAQ,5.58,0,53.05,1,1.8,1733477.1236319542,858157.0,0.032,-99.83,654770,867570,707620
5853,EJH,Consumer Cyclical,Personal Services,NASDAQ,5.57,0,64.88,3,1.48,4416212.504740477,3200154.0,0.0044,-99.52,19158,17409,84891
5854,MGN,Industrials,Engineering & Construction,NASDAQ,5.56,0,66.76,4,0.16,6178999.841213226,37000000.0,0.0792,-98.15,1371413,17461714,15052558
5855,ASBP,Healthcare,Biotechnology,NASDAQ,5.48,0,50.79,1,5.61,30981.950399279594,167470.0,0.0789,-83.97,767948,921221,560690
5856,YYGH,Consumer Cyclical,Personal Services,NASDAQ,5.42,0,78.63,11,1.03,4895959.060844421,4371392.0,0.038599998,-99.4,521297,358512,969908
5857,EDBL,Consumer Defensive,Farm Products,NASDAQ,5.29,0,47.08,0,0.39,2064621.6248126328,5213691.0,0.0135,-99.38,13394317,7035065,4495257
5858,UBXG,Technology,Software - Infrastructure,NASDAQ,5.16,0,9.65,0,0.14,17771266.829199493,45450810.0,0.0025,-96.89,16483058,5788082,3484231
5859,MI,Consumer Cyclical,Internet Retail,NYSE ARCA,4.99,0,55.58,1,0.2,3899042.5412915647,18478875.0,0.0007,-97.01,201226,200395,1863937
5860,XXII,Consumer Defensive,Tobacco,NASDAQ,4.85,0,30.04,0,0.63,2820425.8892370462,4455649.0,0.16450001,-99.86,1456224,2639428,1598750
5861,ONCO,Healthcare,Biotechnology,NASDAQ,4.53,0,37.83,0,0.37,4356537.305332661,11464572.0,0.3312,-99.5,898923,13154007,9456165
5862,LZMH,Technology,Information Technology Services,NASDAQ,4.23,0,40.13,0,0.1,17238720.149844885,179570000.0,0.0052,-99.69,14879205,16604418,10009519
5863,SDOT,Consumer Defensive,Farm Products,NASDAQ,4.09,0,21.7,0,0.19,613113.0962443352,1835668.0,0.024500001,-99.17,58967250,20065703,12053178
5864,LRHC,Real Estate,Real Estate Services,NASDAQ,3.7,0,45.9,0,1.47,1690500.0150203705,1050000.0,0.0881,-99.92,304798,957119,717257
5865,PAVS,Consumer Defensive,Packaged Foods,NASDAQ,3.38,0,60.53,2,1.11,1300301.210000515,1048630.0,0.0219,-99.93,43926,300592,1296201
5866,ZNB,Communication Services,Entertainment,NASDAQ,3.29,0,76.71,9,1.72,3108408.143156767,1766141.0,0.080699995,-99.93,19576,34385,125939
5867,KIDZ,Consumer Defensive,Education & Training Services,NASDAQ,2.91,0,29.92,0,0.47,4448037.642862201,6780545.0,0.056900002,-99.85,4990178,4991679,5237399
5868,RUBI,Industrials,Marine Shipping,NASDAQ,2.84,0,37.94,0,1.85,2172834.321422577,767786.0,0.62,-99.99,84331,93187,98631
5869,CDT,Healthcare,Biotechnology,NASDAQ,2.84,0,47.29,1,1.73,9740992.305994034,4858350.0,0.0081,-99.87,41658,75282,92079
5870,INHD,Basic Materials,Steel,NASDAQ,2.37,0,43.71,0,1.4,4133885.643941641,2520662.0,0.1205,-99.99,1136324,2249877,1352027
5871,SMX,Industrials,Specialty Business Services,NASDAQ,1.98,0,20.22,0,8.19,8100136.478374481,364871.0,0.0777,-100.0,789990,477126,301289
5872,RPGL,Technology,Software - Application,NASDAQ,1.78,0,31.64,0,0.32,36564107.145382464,43789351.0,0.008,-99.69,8402304,10667611,7239346
5873,WNW,Consumer Cyclical,Internet Retail,NASDAQ,1.7,0,49.92,1,3.12,4949352.158065081,1330471.0,0.078,-99.77,115790,1027186,906796
5874,VCIG,Industrials,Consulting Services,NASDAQ,1.56,0,56.86,1,0.79,3180974.760362506,3685950.0,0.0458,-99.99,135743,210877,386840
5875,CMCT,Real Estate,REIT - Office,NASDAQ,1.12,0,77.26,10,5.49,15834948.0,2639158.0,0.0479,-99.62,36670,652655,457550
5876,ELPW,Industrials,Electrical Equipment & Parts,NASDAQ,0.95,0,28.32,0,0.95,9092161.217267036,1414022.0,0.0744,-99.99,6129590,8703080,5957746
5877,LBGJ,Industrials,Specialty Industrial Machinery,NASDAQ,0.91,0,79.43,12,0.96,3066220.9843633175,3358402.0,0.0375,-99.52,781965,330801,840063
5878,FCHL,Consumer Defensive,Education & Training Services,NASDAQ,0.86,0,26.96,0,1.76,2164311.333861828,1251047.0,1.1506,-99.95,6832532,3228563,1988911
5879,LNKS,Industrials,Electrical Equipment & Parts,NASDAQ,0.83,0,62.47,2,1.49,2281390.39105165,1606613.0,0.1374,-99.65,3508120,2405263,1680038
5880,ADTX,Healthcare,Biotechnology,NASDAQ,0.48,0,16.66,0,0.06,107631.81347988546,904469.0,0.16350001,-100.0,5631567,4660575,2894750
5881,HUBC,Technology,Software - Infrastructure,NASDAQ,0.04,0,10.4,0,0.14,316666.8362055421,1282052.0,0.1517,-100.0,43267979,15975565,9733722
