Rank,Ticker,Sector,Industry,Exchange,Relative Strength,Percentile,Relative Strength Short Term,Short Term Percentile,10D_RS,10D_RS_Percentile,1M_RS,1M_RS_Percentile,3M_RS,3M_RS_Percentile,6M_RS,6M_RS_Percentile,Price,5D_ReturnPct,10D_ReturnPct,20D_ReturnPct,50D_ReturnPct,200D_ReturnPct,200D_ReturnPct_Percentile,MarketCap,Float,ShortFloatPct,PctFrom52WkHigh,Volume,VolumeVsAvgVol30,MA5,PriceVsMA5Pct,MA10,PriceVsMA10Pct,MA21,PriceVsMA21Pct,MA50,PriceVsMA50Pct,ATR14Pct,LoDDistATR,AvgVol10,AvgVol30,AvgVol50,RevenueGrowth
2953,RILYP,Financial Services,Financial Conglomerates,NASDAQ,89.15,49.98,71.41,6.33,121.89,88.82,150.77,94.7,163.62,95.13,178.46,94.82,9.2,-9.72,-22.95,-26.55,-24.59,73.26,92.65,,,0.51,-47.49,7400,0.79,9.58,-3.97,10.04,-8.37,11.21,-17.93,12.3,-25.2,5.97,3.64,13510,9390,9114,0.104
2954,EDF,Financial Services,Asset Management,NYSE,89.15,49.98,89.79,29.65,94.4,63.88,101.31,68.0,100.61,65.85,101.08,63.61,4.72,-2.68,-6.53,-11.12,-5.9,9.44,66.07,158940465.86102152,32174183.0,0.0085,-16.75,162318,1.13,4.78,-1.26,4.88,-3.28,5.09,-7.27,5.12,-7.81,3.09,27.45,157981,143877,125150,
2955,GGG,Industrials,Specialty Industrial Machinery,NYSE,89.14,49.96,100.57,78.92,85.85,41.96,87.17,36.48,77.57,27.38,91.85,48.78,78.37,0.78,1.58,3.16,-3.5,-4.19,46.03,12632398272.0,161953824.0,0.0431,-18.1,1315900,0.6,78.31,0.08,78.03,0.44,77.39,1.27,79.12,-0.95,1.77,104.08,1393090,2176006,1889214,0.033
2956,APEI,Consumer Defensive,Education & Training Services,NASDAQ,89.13,49.94,101.57,81.91,81.82,34.37,95.69,59.21,103.48,69.85,162.37,93.04,47.77,10.17,11.85,6.49,-6.74,24.5,78.26,800326467.0122185,18301543.0,0.122,-22.44,223000,0.88,45.64,4.67,43.71,9.29,43.66,9.41,45.58,4.8,3.97,90.7,250610,252933,281696,0.055
2957,FWONK,Communication Services,Entertainment,NASDAQ,89.12,49.9,96.35,56.12,90.93,55.29,95.11,58.04,93.49,54.63,87.41,35.94,95.07,3.79,-0.01,-0.39,-6.69,-2.17,48.56,22864613066.898422,250708485.0,0.0402,-13.07,3003900,1.33,94.47,0.64,93.89,1.26,94.46,0.65,98.12,-3.11,2.7,37.37,2314160,2261903,2163340,0.183
2958,AFYA,Consumer Defensive,Education & Training Services,NASDAQ,89.12,49.9,99.48,75.29,82.45,35.4,88.01,37.89,84.2,34.61,97.62,58.72,14.15,17.14,3.06,4.27,-4.07,1.48,53.71,1081203823.1462326,88478216.0,0.28959998,-12.44,1500600,3.39,13.5,4.81,12.85,10.12,13.27,6.63,13.75,2.91,3.82,70.24,669590,442686,313192,0.057
2959,BAC,Financial Services,Banks - Diversified,NYSE,89.12,49.9,89.4,28.57,93.59,62.51,110.65,78.89,107.72,74.98,102.02,65.03,53.61,-0.22,-4.32,-14.31,-11.77,-1.45,49.65,375860224618.75,6992748365.0,0.0,-17.81,59771500,1.57,53.79,-0.33,54.43,-1.51,56.6,-5.28,60.05,-10.72,1.87,136.51,36965070,37991513,33324888,0.168
2960,CPK,Utilities,Utilities - Regulated Gas,NYSE,89.12,49.9,97.43,61.46,91.6,57.93,95.79,59.39,92.14,51.87,88.96,40.63,128.16,3.08,-0.08,-0.54,-5.77,4.18,59.41,3216942597.5959167,25254692.0,0.050100002,-9.0,123500,0.69,127.54,0.49,127.47,0.54,128.74,-0.45,131.24,-2.35,2.31,56.78,182530,179790,175370,0.047
2961,RTX,Industrials,Aerospace & Defense,NYSE,89.11,49.86,92.61,38.19,93.01,61.36,101.93,68.82,99.2,63.77,107.45,72.17,184.32,-0.37,-2.27,-6.97,-14.08,2.37,55.56,248903964162.64453,1347758144.0,0.0101,-18.76,4390300,1.13,183.38,0.51,185.15,-0.45,189.94,-2.96,203.71,-9.52,1.88,153.12,3854360,3888100,4132208,0.145
2962,TIPT,Financial Services,Asset Management,NASDAQ,89.1,49.84,96.67,57.89,82.11,34.88,89.95,41.85,87.47,38.4,81.99,29.75,17.35,0.29,2.18,-2.8,-5.7,-3.65,46.62,646108670.4058151,37239692.0,0.0345,-10.24,251700,1.18,17.29,0.35,17.23,0.7,17.38,-0.17,17.8,-2.53,1.93,38.89,257500,213206,220460,
2963,MGF,Financial Services,Asset Management,NYSE,89.09,49.82,98.76,70.58,86.24,42.89,89.61,41.16,87.07,37.93,88.04,37.01,13.87,2.36,2.36,0.51,0.87,-1.15,49.95,88319424.2732172,32590193.0,0.19,343.13,22377,1.34,13.5,2.74,13.51,2.66,13.61,1.91,13.87,0.0,1.57,280.03,12745,16653,13729,-0.073
2964,FTHY,Financial Services,Asset Management,NYSE,89.08,49.81,96.67,57.89,88.03,46.41,91.12,44.23,91.08,49.34,91.19,47.48,12.72,1.11,-0.35,-1.04,-3.57,-0.4,51.11,463707378.66499615,36772989.0,0.0034,-11.79,106092,0.85,12.68,0.32,12.71,0.08,12.79,-0.55,13.02,-2.3,1.1,57.24,148489,124456,113659,
2965,WFG,Basic Materials,Lumber & Wood Production,NYSE,89.07,49.77,92.1,36.31,95.89,66.32,93.9,55.17,94.47,56.23,83.96,31.9,64.21,-4.15,-8.85,-4.35,-3.05,9.9,66.54,5207204163.0,78303822.0,12.5,-16.6,180400,0.83,64.66,-0.7,67.3,-4.59,69.3,-7.34,68.77,-6.63,3.34,98.39,182270,218593,224678,-0.064
2966,IMNM,Healthcare,Biotechnology,NASDAQ,89.07,49.77,78.15,10.79,113.45,84.69,145.42,93.87,132.04,89.34,167.41,93.85,19.31,-7.56,-13.56,-22.67,-16.44,-9.93,39.68,2366933191.398403,113250394.0,0.1672,-35.76,2131000,1.64,19.96,-3.26,20.72,-6.81,22.57,-14.44,25.01,-22.79,6.08,67.26,1467720,1297750,1256654,
2967,D,Utilities,Utilities - Regulated Electric,NYSE,89.07,49.77,94.87,48.21,86.99,44.38,96.69,60.99,107.1,74.45,96.64,57.39,61.75,1.63,2.24,-5.07,-11.59,7.13,63.48,53923737141.03508,879525949.0,0.0254,-15.4,7018200,1.42,61.52,0.37,61.05,1.15,62.21,-0.74,64.87,-4.81,1.73,63.64,4556660,4930836,4342548,0.176
2968,GBDC,Financial Services,Asset Management,NASDAQ,89.06,49.74,95.96,54.19,90.59,53.99,90.54,43.03,89.8,43.91,91.04,46.99,12.21,-3.48,-1.61,-1.31,-2.08,-1.84,48.97,3256030916.155078,259651589.0,0.0535,-15.27,1765800,1.17,12.26,-0.41,12.42,-1.69,12.46,-2.01,12.62,-3.25,1.7,120.27,1899740,1506993,1364244,-0.14
2969,TOST,Technology,Software - Infrastructure,NYSE,89.04,49.72,95.27,50.5,89.03,48.46,99.48,64.82,81.07,30.98,70.57,20.01,30.53,4.45,1.39,-4.41,-6.35,-15.71,34.33,17218620529.174805,578000000.0,0.0623,-23.15,7635000,0.88,30.23,0.99,30.08,1.5,30.52,0.03,32.87,-7.12,3.2,32.24,8674970,8704953,9028180,0.231
2970,AIG,Financial Services,Insurance - Diversified,NYSE,89.03,49.71,100.09,77.57,87.09,44.66,90.65,43.4,88.89,40.63,91.76,48.56,77.05,2.15,2.98,3.37,-3.29,-8.71,40.86,39180385312.74433,522893169.0,0.0233,-11.73,3888800,0.81,75.57,1.96,74.99,2.75,75.13,2.56,75.92,1.49,1.97,94.74,5618510,4798130,4058864,0.005
2971,SSBI,Financial Services,Banks - Regional,NASDAQ,89.02,49.69,98.9,71.87,83.37,37.23,89.44,40.89,95.83,58.44,108.54,73.42,12.66,3.35,4.89,3.35,-3.51,7.74,64.21,82485046.20061493,6766616.0,0.0019,-9.57,0,0.0,12.46,1.61,12.42,1.93,12.44,1.77,12.69,-0.24,3.26,0.0,3400,4853,4420,-0.543
2972,SRI,Consumer Cyclical,Auto Parts,NYSE,89.01,49.67,90.97,32.73,93.3,61.98,95.14,58.09,96.41,59.29,108.33,73.1,6.49,-3.13,-4.7,-9.61,-8.59,12.48,69.05,191673707.29566288,28522874.0,0.040700004,-33.16,205100,1.3,6.55,-0.92,6.64,-2.26,6.88,-5.67,7.05,-7.94,3.71,70.62,174790,157873,148658,0.151
2973,DCH,Consumer Cyclical,Auto Parts,NYSE,88.96,49.65,97.41,61.36,83.01,36.65,100.76,67.1,81.46,31.34,105.24,69.63,5.69,4.79,4.98,-13.26,2.89,-14.18,35.54,1330585748.5402594,237604602.0,0.0795,-38.49,5458700,1.44,5.72,-0.52,5.51,3.27,5.78,-1.56,6.16,-7.63,5.11,44.72,4528700,3782443,3481050,0.924
2974,SPOK,Healthcare,Health Information Services,NASDAQ,88.96,49.65,105.15,87.95,80.6,32.18,82.9,30.95,74.52,24.63,72.4,21.5,11.06,3.66,6.86,4.05,3.88,-6.89,42.82,227798519.1116724,20918137.0,0.035,-32.77,117200,0.89,10.99,0.64,10.73,3.08,10.64,3.95,10.65,3.85,1.6,90.32,126960,130976,152596,-0.019
2975,L,Financial Services,Insurance - Property & Casualty,NYSE,88.94,49.62,97.4,61.25,87.12,44.76,95.37,58.59,97.8,61.56,103.18,66.75,107.6,2.43,2.41,-1.36,-9.48,1.13,53.05,21675470902.054443,204427720.0,0.0287,-11.08,1079900,1.06,106.29,1.23,105.66,1.84,106.69,0.85,109.78,-1.99,1.5,147.27,989000,1019273,863652,0.039
2976,CHSCP,Consumer Defensive,Farm Products,NASDAQ,88.93,49.61,98.15,65.06,87.17,44.82,88.69,39.28,87.79,38.91,91.69,48.42,26.02,-0.69,0.15,-0.12,-0.5,-2.19,48.52,,,0.14,-12.39,6670,0.39,26.08,-0.23,26.07,-0.19,26.08,-0.23,26.13,-0.42,0.78,-0.0,19447,17269,15861,0.186
2977,PHI,Communication Services,Telecom Services,NYSE,88.91,49.59,100.92,80.17,84.3,38.79,90.48,42.91,83.45,33.75,89.75,43.51,18.29,4.22,4.81,1.11,-4.67,-6.38,43.35,3793939293.6137676,216055775.0,0.006,-25.38,284100,1.41,18.14,0.83,17.73,3.16,17.83,2.58,18.24,0.27,3.0,107.41,324660,201366,165580,0.021
2978,CHSCM,Consumer Defensive,Farm Products,NASDAQ,88.87,49.57,95.43,51.34,90.86,55.0,92.34,49.61,90.78,48.21,93.1,51.22,23.22,-2.93,-3.09,-3.48,-2.84,-1.03,50.18,,,0.28,-8.58,46198,1.49,23.62,-1.69,23.72,-2.11,23.88,-2.76,23.99,-3.21,1.1,27.39,39969,30959,28899,0.186
2979,CCC,Technology,Software - Application,NASDAQ,88.86,49.55,96.34,56.08,97.88,69.33,105.95,73.9,75.38,25.34,57.98,12.35,6.57,-0.76,-4.37,-4.09,8.6,-16.84,33.35,3863805224.5374527,588994704.0,0.0863,-31.17,9822400,0.9,6.58,-0.15,6.63,-0.9,6.64,-1.05,6.86,-4.23,3.83,55.68,9266760,10862080,10602714,0.098
2980,RMNI,Technology,Software - Application,NASDAQ,88.86,49.55,87.99,25.07,94.87,64.62,103.51,71.22,101.75,67.37,83.06,30.84,4.09,-4.55,-4.32,-10.39,-17.11,3.15,57.34,395829418.6325073,93356000.0,0.048600003,-27.99,213500,0.5,4.14,-1.21,4.18,-2.15,4.32,-5.32,4.74,-13.71,3.14,23.33,357510,430253,433800,0.067
2981,PAHC,Healthcare,Drug Manufacturers - Specialty & Generic,NASDAQ,88.85,49.52,106.98,89.74,81.66,34.12,90.3,42.49,73.17,23.29,171.13,94.2,37.4,4.27,10.23,2.24,1.54,1.38,53.45,1512003763.8684425,40601603.0,0.0643,-37.75,238700,0.93,37.23,0.46,36.34,2.92,35.65,4.91,35.87,4.27,3.53,51.55,241760,255896,228496,0.048
2982,CINF,Financial Services,Insurance - Property & Casualty,NASDAQ,88.84,49.5,96.72,58.14,87.21,44.91,95.99,59.84,98.21,62.17,99.16,61.06,165.25,1.91,1.8,-2.0,-8.35,1.0,52.89,24855768919.372177,153478045.0,0.0286,-15.17,569800,0.89,162.81,1.5,162.11,1.94,164.9,0.21,168.93,-2.18,1.53,142.14,640030,637570,589048,0.316
2983,ACGL,Financial Services,Insurance - Diversified,NASDAQ,88.84,49.5,97.06,59.78,88.98,48.33,95.33,58.49,94.0,55.52,96.42,57.05,96.08,1.93,1.12,-0.12,-8.1,-0.12,51.41,31939045672.925674,341229126.0,0.025,-10.28,2281300,0.58,94.64,1.52,94.45,1.73,95.39,0.72,97.43,-1.39,1.87,101.31,3274170,3945926,2980784,-0.105
2984,NRIM,Financial Services,Banks - Regional,NASDAQ,88.81,49.48,95.25,50.41,87.41,45.31,99.3,64.54,103.66,70.1,97.7,58.9,24.65,0.45,0.12,-5.37,-6.9,-7.15,42.35,550780411.2514229,22244766.0,0.0421,-20.02,166600,1.15,24.61,0.16,24.56,0.37,25.04,-1.56,25.66,-3.94,2.23,80.1,129770,145396,138708,0.083
2985,AXSM,Healthcare,Biotechnology,NASDAQ,88.8,49.46,80.6,13.19,102.41,75.03,112.57,80.74,143.13,92.26,126.51,84.67,170.08,-6.59,-13.24,-19.44,-25.21,11.42,68.04,9389261626.5,52380818.0,0.0929,-34.63,1073600,1.46,174.74,-2.67,181.53,-6.31,195.23,-12.88,204.48,-16.82,4.12,55.27,998630,733203,720390,0.455
2986,TSLX,Financial Services,Asset Management,NYSE,88.79,49.44,97.43,61.46,90.67,54.32,88.0,37.86,77.43,27.29,82.24,30.08,17.57,-2.87,-3.2,1.15,2.07,-12.27,37.05,1717129955.2123127,95343139.0,0.0548,-24.23,515600,1.17,17.52,0.29,17.83,-1.46,17.89,-1.79,17.98,-2.28,2.31,98.42,510750,440086,460588,-0.149
2987,CWT,Utilities,Utilities - Regulated Water,NYSE,88.78,49.43,93.3,41.12,90.12,51.26,101.27,67.93,99.45,64.2,86.1,34.05,45.6,1.22,-0.87,-6.67,-11.26,8.7,65.28,2842125025.344612,61839101.0,0.0546,-15.27,502100,1.04,45.67,-0.15,45.73,-0.28,46.69,-2.33,48.58,-6.13,2.14,30.81,456180,484953,501032,0.165
2988,MBNKO,Financial Services,Banks - Regional,NASDAQ,88.77,49.4,93.07,40.31,91.92,58.88,96.44,60.61,94.59,56.52,95.4,55.5,23.6,-2.28,-4.38,-6.78,-5.21,0.06,51.72,,,0.61,-9.91,33347,1.32,23.92,-1.34,24.14,-2.24,24.7,-4.45,24.99,-5.56,1.42,77.61,39604,25178,16500,0.042
2989,AMT,Real Estate,REIT - Specialty,NYSE,88.77,49.4,97.22,60.4,85.71,41.66,86.31,35.2,82.75,32.94,82.86,30.56,166.73,3.52,0.76,-2.57,-5.98,0.64,52.33,75578718363.60278,465960048.0,0.015,-14.97,4438300,1.69,164.43,1.4,164.59,1.3,168.79,-1.22,170.81,-2.39,2.17,84.81,2808170,2632656,2505048,0.047
2990,KT,Communication Services,Telecom Services,NYSE,88.76,49.38,94.89,48.4,92.43,60.06,91.85,46.79,74.68,24.74,104.64,68.66,18.55,-0.86,-5.02,-5.36,1.09,-0.38,51.13,9020433141.392212,476263616.0,0.0104,-24.53,2252100,1.59,18.88,-1.75,19.02,-2.47,19.32,-3.99,19.15,-3.13,1.96,13.75,1837560,1416880,1555726,-0.101
2991,EVF,Financial Services,Asset Management,NYSE,88.74,49.36,97.59,62.31,87.85,46.1,90.78,43.57,87.5,38.43,86.17,34.15,4.83,-0.21,0.0,-1.37,-1.34,-2.55,48.01,88307606.96599531,18170289.0,0.54,-12.82,22245,0.36,4.85,-0.41,4.85,-0.41,4.86,-0.62,4.9,-1.43,0.7,29.79,55484,61351,56838,-0.237
2992,COLM,Consumer Cyclical,Apparel Manufacturing,NASDAQ,88.71,49.34,96.28,55.79,88.46,47.32,88.26,38.4,101.59,67.19,96.83,57.64,56.76,-1.61,-0.37,0.6,-10.25,4.35,59.69,2931834243.8143845,51193194.0,0.17459999,-17.81,973000,1.45,56.99,-0.4,57.47,-1.24,57.24,-0.84,57.61,-1.48,2.68,49.88,693160,669540,719228,0.015
2993,BUI,Financial Services,Asset Management,NYSE,88.7,49.31,95.6,52.36,86.77,43.85,93.35,53.71,100.41,65.61,99.35,61.25,25.46,4.22,1.47,-3.54,-5.35,2.75,56.58,660269250.290659,26548823.0,0.0022,-17.34,56510,0.66,25.12,1.35,24.97,1.96,25.36,0.39,26.19,-2.79,1.76,41.88,103981,85453,80438,
2994,CBT,Basic Materials,Specialty Chemicals,NYSE,88.7,49.31,91.52,34.27,90.22,51.75,95.51,58.81,111.08,78.21,91.87,48.86,75.61,-0.97,-3.87,-4.04,-16.93,16.29,72.69,3972267880.6139374,51621417.0,0.1232,-20.01,363200,0.9,76.49,-1.15,77.07,-1.89,77.91,-2.95,81.64,-7.39,2.42,45.3,439940,402543,433500,0.064
2995,CURI,Communication Services,Broadcasting,NASDAQ,88.7,49.31,103.37,85.22,90.91,55.19,78.43,26.17,63.73,16.92,85.81,33.64,2.94,0.34,-5.77,8.49,21.64,-21.91,29.25,172673666.5730238,59338028.0,0.0598,-45.35,667900,0.92,2.93,0.34,2.95,-0.34,2.88,2.08,2.79,5.38,4.01,16.97,477750,729750,1260572,0.223
2996,GENI,Communication Services,Internet Content & Information,NYSE,88.69,49.28,101.86,82.56,74.33,25.52,79.52,27.61,79.47,29.04,40.84,6.47,6.63,16.73,14.31,-1.34,-9.3,-38.61,19.55,1611114276.035421,267626957.0,0.15609999,-46.49,7391600,1.0,6.24,6.25,6.14,7.98,6.23,6.42,7.06,-6.09,6.46,112.0,8823730,7375716,7024750,0.647
2997,LTM,Industrials,Airlines,NYSE,88.67,49.25,94.1,44.78,87.59,45.62,92.98,52.36,99.72,64.65,112.09,76.49,50.44,5.66,-2.36,-0.47,-3.09,-7.89,41.73,14028289020.849838,292743939.0,0.020299999,-28.37,579000,0.74,50.47,-0.06,50.5,-0.12,51.03,-1.16,52.03,-3.06,3.43,28.9,821390,782570,778198,0.272
2998,LEA,Consumer Cyclical,Auto Parts,NYSE,88.67,49.25,94.03,44.46,88.18,46.69,97.0,61.4,112.7,79.64,110.61,75.27,118.53,-2.34,0.24,-7.28,-19.15,1.54,53.84,8045560127.814972,66574764.0,0.060500003,-21.15,640600,1.0,120.47,-1.61,120.4,-1.55,122.23,-3.03,124.04,-4.44,2.7,60.29,575020,639283,674472,0.03
2999,AB,Financial Services,Asset Management,NYSE,88.66,49.23,96.4,56.4,89.55,49.42,91.99,47.59,91.21,49.73,91.36,47.86,35.3,0.83,-0.31,-2.97,-2.72,-3.95,46.22,3257632665.0,93075219.0,0.0097,-19.97,201300,0.64,35.11,0.54,35.18,0.34,35.63,-0.93,36.1,-2.22,1.35,56.76,314720,314573,297798,
3000,HHH,Real Estate,Real Estate - Development,NYSE,88.65,49.2,107.72,90.56,79.05,30.27,79.26,27.22,90.78,48.21,77.34,25.29,71.93,-0.18,11.38,16.71,8.8,-8.32,41.13,4242470635.1548004,59719462.0,0.1268,-21.02,509700,0.65,71.95,-0.03,72.27,-0.47,67.3,6.88,66.33,8.44,4.21,53.12,981990,788113,644734,3.302
3001,SFBC,Financial Services,Banks - Regional,NASDAQ,88.65,49.2,93.29,41.07,94.15,63.5,101.45,68.24,92.09,51.79,87.21,35.63,43.77,-1.97,-4.85,-9.47,-0.35,2.75,56.58,118669264.67888641,2568043.0,0.0029,-11.05,1007,0.19,43.94,-0.39,44.45,-1.53,46.36,-5.59,46.74,-6.35,4.04,11.32,3130,5240,9738,0.102
3002,WTFC,Financial Services,Banks - Regional,NASDAQ,88.63,49.18,94.44,46.3,89.29,48.9,96.97,61.37,105.61,72.36,104.08,67.9,144.2,0.45,-0.08,-4.34,-9.12,2.41,55.67,9783914822.585709,67465967.0,0.039300002,-13.77,583200,1.2,144.37,-0.12,144.08,0.08,146.22,-1.38,152.05,-5.16,2.15,87.68,596580,487843,518542,0.102
3003,BSY,Technology,Software - Application,NASDAQ,88.61,49.14,104.8,87.52,79.44,30.76,76.09,23.86,68.1,19.47,69.39,19.19,34.82,6.32,9.15,12.57,-5.58,-11.88,37.36,9736453674.18285,302092889.0,0.086899996,-39.18,2262300,0.86,34.58,0.69,33.15,5.04,32.38,7.54,34.28,1.58,3.73,46.21,2493470,2640360,2587782,0.128
3004,SKYA,Technology,Software - Infrastructure,NASDAQ,88.61,49.14,116.15,95.26,102.59,75.26,65.67,16.52,41.85,6.67,45.25,7.6,1.69,-12.89,-10.11,30.0,23.36,-23.87,27.89,79575412.48354125,43247506.0,0.0185,-75.33,230600,0.57,1.82,-7.14,1.85,-8.65,1.69,0.0,1.44,17.36,9.86,54.01,381690,401533,378052,16.075
3005,TPG,Financial Services,Asset Management,NASDAQ,88.61,49.14,97.07,59.81,85.29,40.78,91.23,44.54,78.62,28.27,72.49,21.55,45.24,1.14,3.69,-3.6,8.46,-27.38,25.63,7447159682.805679,166715021.0,0.075100005,-35.72,3486200,1.32,44.78,1.03,44.41,1.87,45.43,-0.42,48.53,-6.78,3.16,85.44,2530130,2643160,2934258,1.102
3006,VVR,Financial Services,Asset Management,NYSE,88.59,49.11,97.68,62.58,86.67,43.74,90.45,42.79,85.45,36.06,88.69,39.39,2.87,-0.35,0.7,-1.74,-1.11,-2.44,48.07,444843349.95737815,153925029.0,0.0008,-15.84,572455,0.77,2.88,-0.35,2.88,-0.35,2.88,-0.35,2.9,-1.03,1.1,63.64,694795,747438,689407,-0.188
3007,DYNCU,Financial Services,Shell Companies,NASDAQ,88.58,49.09,98.15,65.06,89.72,49.88,91.71,46.1,89.34,42.04,87.82,36.53,10.95,0.0,-2.28,-2.28,0.92,-0.54,50.93,,,0.0,-23.43,0,0.0,10.95,0.0,10.98,-0.27,11.1,-1.35,10.95,0.0,0.17,0.0,67,31,18,
3008,MRSH,Financial Services,Insurance Brokers,NYSE,88.56,49.08,98.86,71.5,85.78,41.85,92.29,49.29,83.61,33.93,80.0,27.76,176.67,2.8,4.57,0.23,-10.07,-2.25,48.38,81154547071.01343,477211268.0,0.0123000005,-14.99,3949900,1.46,172.51,2.41,171.18,3.21,172.59,2.36,181.69,-2.76,2.0,109.88,2766010,2700623,2418400,0.062
3009,BLSH,Technology,Software - Infrastructure,NYSE,88.55,49.06,93.43,41.64,107.36,79.99,86.91,36.17,47.01,8.58,75.54,23.72,31.41,-9.72,-20.86,-7.29,43.82,-29.57,24.56,5190922814.160896,151648346.0,0.1511,-55.45,1244200,0.91,33.04,-4.93,34.41,-8.72,35.82,-12.31,31.57,-0.51,6.8,60.87,932230,1369100,1522394,0.688
3010,PSA,Real Estate,REIT - Industrial,NYSE,88.54,49.04,94.46,46.42,89.97,50.61,91.87,47.03,97.71,61.37,95.5,55.68,285.52,0.54,0.34,-2.09,-12.44,13.48,69.99,53030549387.76764,186852295.0,0.0429,-14.91,1176000,1.29,283.77,0.62,284.4,0.39,288.93,-1.18,304.05,-6.09,1.82,101.37,926450,908906,867688,0.033
3011,SWX,Utilities,Utilities - Regulated Gas,NYSE,88.54,49.04,95.49,51.73,86.39,43.21,95.38,58.61,99.14,63.65,102.53,65.71,83.51,2.14,2.62,-3.9,-8.39,5.8,61.88,5990547761.439758,72445853.0,0.0398,-11.6,653600,0.91,82.96,0.66,82.46,1.27,83.9,-0.46,87.4,-4.45,1.72,109.46,688800,719773,604228,-0.096
3012,VIV,Communication Services,Telecom Services,NYSE,88.53,49.01,103.89,86.09,82.2,34.98,85.61,34.25,97.8,61.56,132.68,86.63,12.65,11.36,8.78,6.69,0.02,14.07,70.51,18438648590.088646,1597803176.0,0.0083,-26.71,1890000,1.33,12.43,1.77,11.92,6.12,11.86,6.66,11.76,7.57,2.64,26.96,1255560,1417460,1533398,0.076
3013,OMSE,Energy,Oil & Gas Equipment & Services,NASDAQ,88.52,48.99,96.58,57.43,87.56,45.54,85.48,34.08,88.95,40.83,76.73,24.67,4.32,-2.48,2.61,-2.48,3.35,1.41,53.57,186349804.89248657,42448704.0,0.00090000004,-39.15,10500,0.34,4.41,-2.04,4.41,-2.04,4.4,-1.82,4.46,-3.14,4.38,10.56,17690,31163,27236,-0.017
3014,SHAZ,Technology,Information Technology Services,NASDAQ,88.5,48.98,64.06,3.86,130.69,91.58,145.78,93.95,187.27,96.69,103.38,67.16,39.05,-21.66,-30.76,-30.97,-2.59,,,1819176138.2186317,35803505.0,0.0919,-59.94,2375300,1.56,46.16,-15.4,49.7,-21.43,53.27,-26.69,56.35,-30.7,11.01,20.94,1489820,1525713,1732608,4.123
3015,CEG,Utilities,Utilities - Independent Power Producers,NASDAQ,88.49,48.96,104.51,87.11,78.12,29.21,90.44,42.74,71.51,21.96,89.58,42.81,285.07,10.1,8.96,-0.31,10.68,-19.43,30.95,91230603558.677,354307379.0,0.037,-30.93,6503600,1.83,282.03,1.08,271.14,5.14,268.32,6.24,273.18,4.35,5.08,33.91,4915860,3556913,3202586,0.23
3016,ACDC,Energy,Oil & Gas Equipment & Services,NASDAQ,88.48,48.94,96.55,57.15,82.64,35.84,85.63,34.32,83.51,33.84,112.02,76.44,4.7,6.82,3.52,-9.44,30.19,23.36,77.67,834122236.065136,182122762.0,0.0517,-42.82,1037600,0.82,4.73,-0.63,4.57,2.84,4.75,-1.05,4.81,-2.29,6.45,42.85,1294700,1259086,1547844,-0.008
3017,WMT,Consumer Defensive,Discount Stores,NASDAQ,88.47,48.89,101.11,80.79,85.34,40.88,83.61,31.73,89.58,42.92,107.96,72.76,110.56,6.04,2.76,4.57,-2.97,-2.71,47.87,827172400034.9705,7933746241.0,0.0183,-18.2,23751200,1.04,107.05,3.28,106.69,3.63,107.32,3.02,108.41,1.98,2.09,91.77,21972730,22801450,24688114,0.059
3018,BOSC,Technology,Communication Equipment,NASDAQ,88.47,48.89,95.36,50.99,91.21,56.55,93.46,53.84,78.87,28.46,88.15,37.36,4.43,-4.32,-6.54,-4.94,-1.56,2.07,54.87,32686921.107931137,7059810.0,0.0008,-34.08,30400,1.15,4.59,-3.49,4.63,-4.32,4.68,-5.34,4.62,-4.11,2.19,10.29,17750,26453,33832,0.289
3019,WTW,Financial Services,Insurance Brokers,NASDAQ,88.47,48.89,96.36,56.15,89.41,49.1,99.89,65.48,82.39,32.53,81.93,29.7,297.86,2.15,1.78,-5.25,-5.4,-9.26,40.24,26803768377.141235,92871937.0,0.030199999,-15.57,498000,0.96,291.45,2.2,290.88,2.4,300.44,-0.86,321.34,-7.31,2.2,126.43,554250,519696,540740,0.091
3020,AIN,Consumer Cyclical,Textile Manufacturing,NYSE,88.47,48.89,94.12,44.91,91.2,56.44,92.13,48.44,113.95,80.48,85.68,33.48,59.43,0.64,-2.0,-0.78,-19.05,19.51,75.06,1727235459.6636543,28371147.0,0.051599998,-22.82,230700,0.87,59.7,-0.45,59.78,-0.59,59.97,-0.9,61.11,-2.75,3.09,59.31,238880,264256,294206,0.058
3021,AEP,Utilities,Utilities - Regulated Electric,NASDAQ,88.47,48.89,97.79,63.16,85.54,41.29,93.64,54.41,99.62,64.53,105.88,70.44,122.32,2.15,4.04,-0.93,-4.75,9.29,65.89,65093591212.50311,544397352.0,0.047,-12.99,2769300,0.72,121.07,1.03,119.96,1.97,120.37,1.62,122.8,-0.39,1.56,50.47,3637830,3823120,3840204,0.07
3022,MCGAU,Financial Services,Shell Companies,NASDAQ,88.47,48.89,97.02,59.59,88.27,46.89,90.96,43.95,86.8,37.65,86.3,34.32,10.2,-2.11,-1.31,-2.02,-0.49,-0.78,50.51,,,1.91,-9.33,0,0.0,10.29,-0.87,10.33,-1.26,10.34,-1.35,10.36,-1.54,0.23,0.0,510,340,718,
3023,MBINN,Financial Services,Banks - Regional,NASDAQ,88.46,48.83,94.45,46.37,91.39,57.36,94.31,56.17,91.89,51.21,93.71,52.51,18.75,-1.29,-3.77,-4.48,-5.42,5.88,61.94,,,1.21,-12.01,12376,1.18,18.79,-0.21,18.9,-0.79,19.33,-3.0,19.52,-3.94,1.79,11.91,14127,10455,9247,0.371
3024,ALTG,Industrials,Industrial Distribution,NYSE,88.45,48.8,102.64,83.92,83.74,37.78,81.92,29.95,87.89,39.08,105.06,69.36,6.32,0.0,8.59,10.3,5.86,30.04,81.58,211681331.18307114,32666872.0,0.0366,-27.27,284500,1.27,6.49,-2.62,6.28,0.64,6.11,3.44,6.41,-1.4,6.11,18.13,253830,224760,200136,-0.012
3025,EP,Energy,Oil & Gas E&P,NYSE ARCA,88.45,48.8,116.72,95.52,66.34,17.75,69.48,18.81,66.42,18.49,68.62,18.76,2.96,21.31,30.97,22.82,16.08,-1.99,48.82,108582105.64574075,41602341.0,0.0001,-35.37,38300,1.03,2.75,7.64,2.48,19.35,2.44,21.31,2.69,10.04,5.18,104.43,32690,37230,33840,0.27
3026,PGP,Financial Services,Asset Management,NYSE,88.42,48.78,95.17,49.92,91.71,58.26,94.69,57.25,93.04,53.84,102.31,65.38,8.19,-0.49,-1.09,-2.86,-0.21,-1.15,49.95,97604640.88439941,11592000.0,0.22,-12.96,31881,0.58,8.3,-1.33,8.25,-0.73,8.33,-1.68,8.5,-3.65,2.03,24.03,38128,55269,56581,0.061
3027,BETA,Industrials,Aerospace & Defense,NYSE,88.39,48.75,96.32,55.97,101.62,73.93,85.43,33.99,66.42,18.49,49.61,9.11,20.5,-5.66,-11.45,3.07,20.87,-32.92,22.7,5186473318.048286,233941060.0,0.0733,-48.1,1168600,0.36,20.91,-1.96,21.75,-5.75,21.7,-5.53,22.17,-7.53,7.43,38.09,1877570,3267996,2793862,1.457
3028,LYFT,Technology,Software - Application,NASDAQ,88.39,48.75,103.05,84.67,82.53,35.61,87.91,37.7,88.08,39.31,84.55,32.42,16.13,6.05,9.36,7.39,4.47,-16.94,33.23,5852232263.980165,378540249.0,0.2021,-36.84,13505000,1.41,15.74,2.48,15.37,4.94,15.32,5.29,16.26,-0.8,2.78,142.9,8694710,9607890,10304020,0.161
3029,WTM,Financial Services,Insurance - Property & Casualty,NYSE,88.38,48.73,97.41,61.36,88.82,48.04,95.45,58.71,92.82,53.32,108.39,73.15,2059.77,2.32,1.5,-0.78,-4.21,0.92,52.69,4823372308.2052,2386721.0,0.0585,-11.71,18700,0.94,2033.78,1.28,2025.35,1.7,2039.97,0.97,2084.16,-1.17,1.53,126.1,16160,19960,20620,0.225
3030,SSTI,Technology,Software - Application,NASDAQ,88.35,48.69,133.45,97.67,58.87,12.88,62.24,14.31,85.4,35.97,59.2,12.97,8.26,-2.13,51.01,46.45,-1.2,5.09,60.96,110293463.9498291,13240512.0,0.04,-31.96,210300,0.77,8.31,-0.6,7.76,6.44,6.69,23.47,6.75,22.37,5.1,11.86,641080,272606,236458,-0.077
3031,BUSEP,Financial Services,Banks - Regional,NASDAQ,88.35,48.69,95.64,52.55,90.03,50.83,92.96,52.21,89.42,42.21,89.03,40.97,25.15,-0.75,-2.71,-3.56,-3.08,-2.75,47.85,,,1.57,-5.63,14983,1.51,25.23,-0.32,25.27,-0.47,25.62,-1.83,25.83,-2.63,1.14,17.09,16028,9896,10511,-0.009
3032,SUZ,Basic Materials,Paper & Paper Products,NYSE,88.35,48.69,95.8,53.36,90.49,53.35,95.7,59.25,78.16,27.81,92.98,51.07,8.51,2.53,-3.08,-9.76,2.53,-10.13,39.38,10468266137.0,1231560722.0,0.0113,-26.22,2854500,1.0,8.45,0.71,8.49,0.24,8.88,-4.17,8.7,-2.18,2.91,44.39,2905120,2856833,3195864,-0.128
3033,DB,Financial Services,Banks - Regional,NYSE,88.34,48.66,88.49,26.16,95.74,65.99,112.91,81.08,99.29,63.97,93.87,52.8,33.63,-4.27,-5.59,-16.65,-5.19,-9.75,39.8,65708632293.70117,1879000000.0,0.0027,-19.2,2918800,1.41,34.45,-2.38,35.2,-4.46,36.84,-8.71,38.0,-11.5,2.51,56.8,2372950,2072023,1938502,0.087
3034,SIGI,Financial Services,Insurance - Property & Casualty,NASDAQ,88.33,48.64,93.43,41.64,90.69,54.38,100.66,66.87,102.19,68.02,87.78,36.47,85.13,0.27,-0.75,-6.0,-11.54,2.18,55.19,5098520677.061371,59569119.0,0.0334,-15.21,690600,1.49,84.92,0.25,84.89,0.28,86.6,-1.7,90.28,-5.7,1.95,107.18,474570,464890,432486,0.045
3035,JXG,Consumer Cyclical,Apparel Manufacturing,NASDAQ,88.33,48.64,82.9,16.09,79.47,30.87,107.31,75.41,174.15,95.91,45.42,7.67,7.08,-11.61,1.14,-22.62,1.29,-20.45,30.25,92861050.59976101,12059877.0,0.0002,-55.05,2400,0.1,7.5,-5.6,7.42,-4.58,7.56,-6.35,7.75,-8.65,13.77,0.0,33850,23936,32604,1.667
3036,FINS,Financial Services,Asset Management,NYSE,88.32,48.6,95.84,53.47,87.58,45.58,92.65,50.94,92.55,52.88,92.98,51.07,11.89,-0.17,0.25,-3.68,-2.8,-0.31,51.18,399665539.2347517,33416851.0,0.0023,-11.6,23240,0.47,11.93,-0.34,11.91,-0.17,12.07,-1.49,12.29,-3.25,1.07,15.66,51704,49198,44476,0.181
3037,BCC,Basic Materials,Lumber & Wood Production,NYSE,88.32,48.6,95.31,50.74,88.42,47.19,93.7,54.61,85.21,35.75,89.05,41.03,74.22,-0.64,-2.47,-1.11,-4.17,0.14,51.77,2616502336.954033,34891351.0,0.0678,-19.3,282300,0.84,74.48,-0.35,75.1,-1.17,75.6,-1.83,78.61,-5.58,3.22,90.34,352300,337893,332144,0.052
3038,GYRE,Healthcare,Biotechnology,NASDAQ,88.32,48.6,95.95,54.12,96.16,66.72,86.42,35.4,74.16,24.23,91.71,48.45,6.76,-3.43,-7.78,0.3,19.86,-5.19,44.9,753900069.0870347,106033763.0,0.0582,-28.24,82800,0.5,7.07,-4.38,7.18,-5.85,7.13,-5.19,6.82,-0.88,5.25,5.63,134790,164153,120604,-0.021
3039,ADSK,Technology,Software - Application,NASDAQ,88.31,48.56,105.96,88.81,78.51,29.6,77.54,25.25,69.62,20.47,77.44,25.35,233.6,10.55,10.53,10.39,-4.75,-22.15,29.13,44308000000.0,209000000.0,0.044499997,-28.39,2275600,0.96,226.7,3.04,217.36,7.47,217.9,7.21,233.47,0.06,3.16,40.61,2165010,2368213,2120634,0.161
3040,RTAC,Financial Services,Shell Companies,NASDAQ,88.28,48.54,98.1,64.68,88.51,47.46,90.82,43.65,86.16,36.92,80.16,27.91,10.44,0.0,0.1,-0.14,0.0,-2.25,48.38,325323833.6442032,31161288.0,0.0037,-10.77,33000,0.14,10.43,0.1,10.44,0.0,10.44,0.0,10.46,-0.19,0.29,32.71,73630,236410,179904,
3041,MX,Technology,Semiconductors,NYSE,88.28,48.54,94.08,44.68,82.73,36.06,72.71,21.18,103.85,70.23,88.94,40.56,3.16,-13.19,-0.63,6.4,4.98,16.18,72.59,134357210.91731286,36510111.0,0.0369,-67.95,718000,0.56,3.41,-7.33,3.54,-10.73,3.25,-2.77,3.34,-5.39,9.29,23.84,2573990,1281486,1052898,-0.061
3042,EEA,Financial Services,Asset Management,NYSE,88.27,48.51,92.39,37.26,92.19,59.56,96.0,59.87,96.43,59.32,93.54,52.16,10.19,-1.11,-3.72,-6.12,-5.6,-1.55,49.49,70988406.32749653,6852163.0,0.00029999999,-10.85,27768,1.51,10.29,-0.97,10.38,-1.83,10.55,-3.41,10.91,-6.6,2.38,28.5,19366,18425,14287,-0.167
3043,AD,Communication Services,Telecom Services,NYSE,88.23,48.48,93.44,41.69,87.09,44.66,94.89,57.54,88.76,40.24,103.76,67.52,33.66,-1.49,-2.41,-11.54,-4.18,-0.99,50.29,2974011175.2774353,86478954.0,0.081999995,-44.66,262200,0.99,34.2,-1.58,34.07,-1.2,35.42,-4.97,35.76,-5.87,2.33,102.0,244880,265503,225602,0.895
3044,NNDM,Technology,Computer Hardware,NASDAQ,88.23,48.48,99.21,74.08,90.95,55.38,86.19,35.09,76.24,26.17,95.32,55.33,1.56,-3.7,-1.27,2.63,4.7,-13.81,35.99,343667586.92464125,210839011.0,0.048299998,-32.76,1161800,0.67,1.58,-1.27,1.58,-1.27,1.57,-0.64,1.57,-0.64,2.47,38.89,1527580,1729746,1776700,0.121
3045,SWIM,Industrials,Building Products & Equipment,NASDAQ,88.23,48.48,92.76,38.85,87.54,45.51,91.05,44.14,81.53,31.4,89.39,42.08,6.06,-3.35,-2.73,-4.27,7.83,-3.66,46.59,754111393.3086319,117646086.0,0.0608,-32.41,2825600,3.2,6.32,-4.11,6.27,-3.35,6.3,-3.81,6.66,-9.01,4.4,106.97,921860,882406,921346,0.144
3046,RCL,Consumer Cyclical,Travel Services,NYSE,88.21,48.45,106.64,89.41,70.95,22.03,83.77,31.89,87.57,38.53,95.27,55.24,281.41,4.23,17.75,9.29,-12.52,-2.23,48.42,74282139198.32324,267452084.0,0.0556,-21.04,1962100,0.67,281.06,0.12,268.71,4.73,257.49,9.29,278.58,1.02,4.25,35.98,3065590,2914933,2376006,0.065
3047,NEXT,Energy,Oil & Gas Equipment & Services,NASDAQ,88.2,48.43,92.25,36.89,85.19,40.59,96.92,61.28,97.43,60.9,91.93,49.0,6.75,6.97,1.28,-11.99,6.47,23.18,77.6,1724881610.9170842,266185433.0,0.14729999,-26.95,2485000,1.0,6.66,1.35,6.54,3.21,6.83,-1.17,6.97,-3.16,4.8,15.43,2619640,2493653,2501720,
3048,BZ,Communication Services,Internet Content & Information,NASDAQ,88.18,48.41,101.96,82.71,79.88,31.32,91.02,44.05,76.73,26.67,69.34,19.15,15.18,1.54,10.75,-4.03,-2.18,-24.36,27.57,6492637438.998184,437804280.0,0.066,-38.42,7301200,0.91,15.05,0.86,14.7,3.27,14.61,3.9,15.39,-1.36,2.85,64.73,5199860,8055653,7048910,0.141
3049,RELX,Industrials,Specialty Business Services,NYSE,88.17,48.39,102.92,84.33,85.84,41.94,85.95,34.86,73.31,23.48,70.79,20.21,35.24,5.23,5.16,4.2,-7.1,-11.09,38.34,58091532696.75188,1738226687.0,0.0039,-25.37,3622400,1.72,34.21,3.01,33.75,4.41,33.82,4.2,34.79,1.29,1.69,169.75,2134480,2101810,2211390,0.027
3050,PYXS,Healthcare,Biotechnology,NASDAQ,88.17,48.39,64.87,4.08,146.97,94.62,155.76,95.4,123.14,85.88,99.65,61.78,1.99,-9.13,-31.85,-39.14,-31.85,56.08,89.52,178493235.74985266,83408050.0,0.07,-64.14,1097100,0.88,2.08,-4.33,2.36,-15.68,2.84,-29.93,3.09,-35.6,11.32,39.06,1903510,1245210,1327488,
3051,SNA,Industrials,Tools & Accessories,NYSE,88.16,48.36,92.68,38.45,90.5,53.43,96.52,60.76,104.95,71.61,98.57,60.18,358.88,-2.4,-2.4,-4.26,-12.95,5.65,61.63,19082135727.88269,51727124.0,0.081599995,-15.16,401300,1.4,364.74,-1.61,366.02,-1.95,369.49,-2.87,385.66,-6.94,1.61,60.88,272830,285916,291410,0.042
3052,AMPY,Energy,Oil & Gas E&P,NYSE,88.13,48.34,102.52,83.7,83.25,37.02,95.65,59.16,77.97,27.64,125.41,84.24,4.58,4.57,5.53,-7.66,19.9,-3.58,46.7,180750127.53503323,41456450.0,0.1016,-32.55,573400,1.06,4.46,2.69,4.35,5.29,4.47,2.46,4.53,1.1,3.32,32.86,493920,538933,705932,-0.229
3053,RTB,Technology,Software - Application,NASDAQ,88.13,48.34,74.88,8.33,110.74,82.74,130.5,90.58,210.34,97.41,64.55,16.04,8.36,-1.3,-18.99,1.7,-50.44,13.74,70.2,133941412.21066475,14464515.0,2.28,-59.71,45600,0.33,8.73,-4.24,9.01,-7.21,8.77,-4.68,11.98,-30.22,12.86,23.26,53580,139086,106320,3.503
3054,CHNR,Basic Materials,Other Industrial Metals & Mining,NASDAQ,88.12,48.31,100.68,79.26,81.28,33.4,88.81,39.56,78.36,28.0,87.09,35.46,3.97,1.79,3.93,3.93,7.01,4.2,59.44,4849657.548199654,1256388.0,0.0054,-51.59,5300,1.19,3.94,0.76,3.96,0.25,3.88,2.32,3.95,0.51,4.89,61.76,3970,4463,7794,
3055,AWK,Utilities,Utilities - Regulated Water,NYSE,88.11,48.29,94.21,45.37,88.94,48.24,98.94,64.04,86.69,37.5,84.61,32.48,128.18,0.25,-2.55,-8.34,-6.56,0.45,52.11,25884450817.25,198728989.0,0.085200004,-11.99,2123500,1.09,128.34,-0.12,128.87,-0.54,132.73,-3.43,134.99,-5.04,1.96,73.22,1920350,1951630,2095544,0.062
3056,FELE,Industrials,Specialty Industrial Machinery,NASDAQ,88.11,48.29,95.91,53.87,87.17,44.82,92.36,49.71,96.9,60.01,95.58,55.85,96.87,0.41,0.03,-0.28,-7.84,0.34,51.98,4361460991.06134,44211464.0,0.019299999,-16.36,469900,1.54,98.28,-1.43,97.5,-0.65,96.87,0.0,100.83,-3.93,2.01,36.49,324690,305510,270548,0.06
3057,ADV,Communication Services,Advertising Agencies,NASDAQ,88.1,48.25,88.23,25.43,96.68,67.56,102.22,69.38,117.1,82.66,99.68,61.88,30.58,12.3,-9.93,-6.28,-29.25,33.83,83.23,354406429.3739319,12822230.0,0.1188,-35.55,44900,0.74,28.36,7.83,28.96,5.59,31.14,-1.8,32.34,-5.44,6.37,108.6,69300,60926,80428,0.018
3058,MSCI,Financial Services,Financial Data & Stock Exchanges,NYSE,88.1,48.25,97.73,62.86,89.64,49.63,89.04,40.08,98.75,63.17,88.95,40.58,561.67,2.99,1.01,2.57,-3.3,-0.06,51.48,38963565887.45117,72700000.0,0.022,-12.89,389200,0.74,552.05,1.74,547.82,2.53,549.58,2.2,558.91,0.49,1.99,79.29,533440,529513,568838,0.122
3059,ATHM,Communication Services,Internet Content & Information,NYSE,88.09,48.21,94.3,45.81,95.59,65.78,99.02,64.13,90.14,45.4,65.55,16.85,20.37,-2.35,-4.37,-6.0,-10.42,-8.5,40.96,2367913868.6520977,115170911.0,0.0478,-29.93,225500,0.45,20.58,-1.02,20.88,-2.44,21.14,-3.64,21.89,-6.94,2.89,3.4,388600,498930,643418,-0.319
3060,UNB,Financial Services,Banks - Regional,NASDAQ,88.09,48.21,95.33,50.85,88.82,48.04,94.45,56.6,93.78,55.24,86.0,33.85,23.0,0.0,-2.13,-3.77,-2.25,1.13,53.05,113903343.43605804,4945868.0,0.0026,-12.91,2100,0.58,22.98,0.09,23.07,-0.3,23.4,-1.71,23.65,-2.75,1.6,0.0,3210,3613,5066,0.131
3061,JATT,Financial Services,Shell Companies,NASDAQ,88.09,48.21,88.76,26.84,97.44,68.7,107.15,75.2,90.06,45.05,88.53,38.61,10.56,-2.31,-7.53,-14.56,-8.17,,,83928001.78527832,7800000.0,0.001,-55.56,200,0.01,10.61,-0.47,10.89,-3.03,11.46,-7.85,12.08,-12.58,3.35,-0.0,58240,29246,25486,
3062,WIW,Financial Services,Asset Management,NYSE,88.07,48.17,96.01,54.41,87.18,44.86,91.34,44.84,89.38,42.15,92.04,49.14,7.9,-0.88,-0.25,-3.37,-2.99,-1.36,49.76,488861224.64606285,61184135.0,0.56,-12.42,357293,1.01,7.93,-0.38,7.92,-0.25,8.0,-1.25,8.13,-2.83,1.0,63.41,363619,352229,319025,-0.0
3063,NAAS,Consumer Cyclical,Specialty Retail,NASDAQ,88.07,48.17,90.07,30.28,96.71,67.62,105.47,73.33,111.68,78.7,59.05,12.88,3.04,-8.28,-9.91,-7.44,-5.42,-15.67,34.37,56282693.786736965,17055362.0,0.0037,-28.55,13700,0.81,3.1,-1.94,3.18,-4.4,3.19,-4.7,3.24,-6.17,6.36,51.7,17090,16906,17908,-0.317
3064,AROC,Energy,Oil & Gas Equipment & Services,NYSE,88.06,48.15,91.59,34.54,85.22,40.66,98.04,62.82,120.35,84.51,132.65,86.61,30.34,-0.26,-1.11,-6.24,-13.07,22.08,77.02,5318007137.672758,175338185.0,0.0608,-28.16,1488500,0.84,30.34,0.0,30.34,0.0,30.76,-1.37,32.08,-5.42,2.9,42.08,1479610,1769356,1805802,-0.031
3065,EPM,Energy,Oil & Gas E&P,NYSE ARCA,88.04,48.13,101.6,81.96,84.63,39.38,82.65,30.73,83.38,33.66,93.85,52.75,3.64,1.96,0.28,-2.17,1.53,12.46,69.01,143816566.0151024,40172226.0,0.08270001,-27.63,323800,0.64,3.61,0.83,3.56,2.25,3.59,1.39,3.55,2.54,3.2,34.38,334700,507150,543198,0.147
3066,AGD,Financial Services,Asset Management,NYSE,88.03,48.11,91.67,34.84,94.35,63.8,96.37,60.46,99.03,63.44,103.2,66.77,11.1,-3.39,-6.41,-5.15,-5.19,4.42,59.82,296447788.4135113,26118747.0,0.68,-20.6,67652,0.75,11.22,-1.07,11.45,-3.06,11.63,-4.56,11.91,-6.8,1.92,24.43,104705,90751,89125,0.187
3067,LXEH,Consumer Defensive,Education & Training Services,NASDAQ,88.02,48.1,104.99,87.76,74.96,26.22,71.81,20.53,46.92,8.52,39.16,5.96,1.79,12.58,0.0,4.56,16.23,-25.42,26.98,3009167.290533185,1916667.0,0.0058999998,-93.5,61200,0.06,1.61,11.18,1.62,10.49,1.63,9.82,1.65,8.48,14.45,73.44,33740,994700,635560,-0.008
3068,DLY,Financial Services,Asset Management,NYSE,88.0,48.08,96.81,58.56,86.58,43.61,91.99,47.59,89.53,42.67,89.91,44.07,13.24,-0.45,1.38,-3.08,-2.62,-1.71,49.23,652364919.1522007,48539058.0,0.77,-13.24,127125,0.51,13.28,-0.3,13.25,-0.08,13.31,-0.53,13.6,-2.65,1.38,60.27,333812,250374,230340,
3069,ENSG,Healthcare,Medical Care Facilities,NASDAQ,87.99,48.06,97.44,61.52,88.8,47.97,94.86,57.48,84.67,35.15,112.62,76.87,171.49,1.1,-1.0,-0.72,-5.68,-5.32,44.79,10011756441.37445,58282434.0,0.0306,-21.33,354900,0.97,171.49,0.0,172.59,-0.64,173.61,-1.22,176.03,-2.58,2.14,77.79,368990,365573,341354,0.173
3070,SBSI,Financial Services,Banks - Regional,NYSE,87.99,48.06,94.07,44.62,88.08,46.49,94.41,56.45,103.33,69.58,102.3,65.36,30.47,-0.07,-1.39,-5.05,-4.81,-1.66,49.32,915999211.7549896,29807980.0,0.036199998,-15.83,154600,1.11,30.38,0.3,30.47,0.0,31.04,-1.84,31.67,-3.79,1.99,93.88,150890,138950,130472,0.083
3071,CI,Healthcare,Healthcare Plans,NYSE,87.98,48.01,100.4,78.39,85.55,41.35,91.35,44.9,95.37,57.88,85.83,33.69,281.03,4.88,5.85,0.04,-4.68,5.11,60.98,71484978355.02081,264240486.0,0.0277,-9.98,1552800,0.97,275.15,2.14,273.46,2.77,275.66,1.95,276.68,1.57,2.64,77.05,1834360,1594466,1695960,0.067
3072,HESM,Energy,Oil & Gas Midstream,NYSE,87.98,48.01,85.73,20.41,97.5,68.82,100.72,66.99,102.14,67.97,97.72,58.94,34.0,-10.64,-11.62,-15.42,-14.26,6.82,63.03,4845245757.75,128350881.0,0.0756,-17.95,5287200,2.88,36.38,-6.54,37.17,-8.53,38.45,-11.57,39.28,-13.44,3.81,55.64,2830100,1835880,1642838,-0.037
3073,FSCO,Financial Services,Asset Management,NYSE,87.98,48.01,97.88,63.67,89.34,48.98,91.9,47.14,76.29,26.25,74.91,23.27,4.98,-2.73,-1.39,-3.2,3.07,-9.0,40.55,1033597912.9559112,202269645.0,0.0101,-30.35,1046518,1.03,5.02,-0.8,5.07,-1.78,5.15,-3.3,5.07,-1.78,2.72,81.36,1224311,1017687,958898,
3074,NPFD,Financial Services,Asset Management,NYSE,87.97,47.98,96.51,56.91,86.03,42.46,91.74,46.27,91.19,49.62,93.49,52.04,17.56,-0.4,1.68,-2.88,-1.69,-0.82,50.44,424563949.9956894,24164141.0,0.0064,-12.64,66119,1.07,17.51,0.29,17.42,0.8,17.59,-0.17,18.04,-2.66,1.46,66.52,65131,61550,65094,0.068
3075,ELAN,Healthcare,Drug Manufacturers - Specialty & Generic,NYSE,87.95,47.96,94.19,45.25,87.93,46.24,95.96,59.73,111.28,78.4,134.75,87.38,22.54,3.54,0.85,-1.4,-14.59,1.08,52.96,11057813462.780167,499449583.0,0.1012,-19.44,4570400,0.84,22.41,0.58,22.36,0.81,22.57,-0.13,23.51,-4.13,3.07,78.1,5528840,5410610,6679608,0.102
3076,WVVIP,Consumer Defensive,Beverages - Wineries & Distilleries,NASDAQ,87.95,47.96,88.75,26.8,101.2,73.48,104.6,72.51,83.76,34.1,83.73,31.61,2.79,-5.42,-11.43,-13.08,1.45,-8.22,41.3,,,0.27,-81.39,8900,0.1,2.9,-3.79,2.98,-6.38,3.04,-8.22,2.93,-4.78,8.83,24.35,11290,87066,297852,-0.016
3077,WIA,Financial Services,Asset Management,NYSE,87.93,47.92,96.26,55.73,86.9,44.15,91.0,44.01,90.01,44.83,91.26,47.61,7.59,-0.78,-0.26,-2.54,-3.13,-1.89,48.95,178182040.36614275,23322257.0,0.49,-11.12,81574,1.68,7.6,-0.13,7.61,-0.26,7.68,-1.17,7.79,-2.57,1.06,62.25,69867,48665,39003,-0.013
3078,ABCB,Financial Services,Banks - Regional,NYSE,87.93,47.92,92.92,39.55,90.13,51.31,97.46,62.12,106.8,73.98,111.21,75.74,79.66,-0.72,-2.36,-5.63,-9.08,3.76,58.71,5465213707.996033,67107239.0,0.0591,-14.55,355300,0.78,80.06,-0.5,80.37,-0.88,81.89,-2.72,84.65,-5.89,1.8,98.17,444900,458323,401848,0.036
3079,RF,Financial Services,Banks - Regional,NYSE,87.92,47.89,91.88,35.63,89.33,48.96,102.22,69.38,108.64,75.76,104.79,68.9,27.07,0.41,-0.7,-9.62,-11.62,0.76,52.42,23087289937.585316,851929506.0,0.0859,-16.63,13190200,1.46,27.0,0.26,27.06,0.04,27.95,-3.15,29.5,-8.24,1.93,128.14,11035260,9062216,8440774,0.034
3080,VNO,Real Estate,REIT - Office,NYSE,87.92,47.89,92.42,37.41,89.21,48.83,90.41,42.71,107.88,75.16,73.54,22.27,33.81,0.74,-1.66,-1.63,-16.83,1.32,53.37,6344537223.775681,188097756.0,0.0,-19.21,1359900,1.01,33.61,0.6,33.82,-0.03,34.36,-1.6,36.69,-7.85,2.7,91.95,1417150,1347203,1355138,0.05
3081,MGY,Energy,Oil & Gas E&P,NYSE,87.91,47.86,93.42,41.57,86.05,42.5,98.7,63.72,97.09,60.36,111.15,75.66,24.48,1.7,-1.05,-11.62,-1.49,15.31,71.76,6478960137.295349,269171592.0,0.1144,-25.27,7379900,1.58,24.16,1.32,23.98,2.09,25.04,-2.24,25.81,-5.15,2.88,23.39,5593440,4679843,4212460,0.501
3082,ATNM,Healthcare,Biotechnology,NYSE ARCA,87.9,47.84,97.0,59.44,89.69,49.78,98.38,63.35,59.15,14.03,82.25,30.11,1.08,-6.09,-9.24,-17.56,29.03,-36.09,20.66,36786478.77067995,31441436.0,0.0226,-37.93,104900,0.77,1.13,-4.42,1.14,-5.26,1.19,-9.24,1.07,0.93,6.21,29.82,119310,136616,155364,
3083,PB,Financial Services,Banks - Regional,NYSE,87.9,47.84,94.14,44.98,87.39,45.23,95.9,59.64,94.94,57.11,91.82,48.71,66.69,-0.16,-0.91,-5.92,-9.4,-4.14,46.08,8097510499.90464,120176771.0,0.0424,-13.61,940800,0.86,66.87,-0.27,66.93,-0.36,68.42,-2.53,70.92,-5.96,1.95,93.85,1051690,1090126,998098,0.259
3084,GVA,Industrials,Engineering & Construction,NYSE,87.89,47.81,96.16,55.21,76.41,27.44,85.99,34.88,97.97,61.8,109.25,74.03,113.83,-2.58,2.73,-1.12,-3.33,-0.99,50.29,5327672927.211929,44426893.0,0.1377,-29.77,488300,0.83,117.65,-3.25,116.77,-2.52,115.72,-1.63,119.67,-4.88,2.97,49.69,699760,591286,696702,0.293
3085,IPM,Technology,Software - Application,NASDAQ,87.88,47.79,97.02,59.59,92.53,60.34,90.01,41.99,88.39,39.75,80.8,28.55,1.78,-0.56,-0.56,-4.81,-2.73,0.56,52.32,23203597.2470448,13035729.0,0.0053,-21.24,1300,0.19,1.77,0.56,1.78,0.0,1.81,-1.66,1.85,-3.78,3.17,17.72,5180,6826,6044,0.129
3086,VTEX,Technology,Software - Application,NYSE,87.88,47.79,105.77,88.47,79.49,30.91,84.81,32.93,82.39,32.53,90.42,45.56,3.95,6.76,9.72,11.27,-12.22,4.5,59.93,622274350.6088233,170486119.0,0.047,-14.5,454000,0.64,3.81,3.67,3.72,6.18,3.67,7.63,3.76,5.05,2.82,130.3,690890,711803,779588,0.095
3087,MDXG,Healthcare,Biotechnology,NASDAQ,87.87,47.76,100.83,79.92,87.99,46.35,88.59,39.12,75.61,25.53,50.04,9.26,4.62,-0.43,-1.91,0.43,9.22,-34.47,21.62,669838459.267807,145934300.0,0.0933,-42.03,1076300,0.96,4.6,0.43,4.63,-0.22,4.68,-1.28,4.5,2.67,3.63,83.4,1067280,1124770,1275288,-0.347
3088,DNP,Financial Services,Asset Management,NYSE,87.87,47.76,92.59,38.09,88.3,46.95,97.34,61.9,101.13,66.48,99.9,62.17,9.72,4.52,-0.66,-7.78,-9.82,3.84,58.85,3606178941.2632904,376821218.0,0.0023999999,-12.9,612487,0.68,9.63,0.93,9.62,1.04,9.88,-1.62,10.37,-6.27,2.2,37.43,1079888,902709,767743,0.043
3089,ADVB,Healthcare,Diagnostics & Research,NASDAQ,87.85,47.73,88.81,26.95,103.88,76.77,148.39,94.33,60.38,14.64,47.63,8.28,6.12,-11.43,-3.01,-30.85,-44.26,-15.93,34.13,11118855.121511936,1652133.0,0.0113,-74.74,21600,0.29,6.36,-3.77,6.44,-4.97,6.87,-10.92,7.88,-22.34,7.65,4.27,21150,75733,142416,
3090,POLEU,Financial Services,Shell Companies,NASDAQ,87.84,47.72,97.31,60.74,88.27,46.89,89.87,41.71,85.82,36.47,94.99,54.72,10.71,-0.28,-0.28,-0.28,-1.38,0.94,52.79,,,0.62,-12.64,501,5.27,10.74,-0.28,10.74,-0.28,10.74,-0.28,10.87,-1.47,0.49,-0.0,70,95,59,
3091,IGI,Financial Services,Asset Management,NYSE,87.83,47.69,95.54,52.01,89.16,48.66,89.75,41.46,89.06,41.09,90.51,45.76,15.32,-2.36,-2.73,-1.36,-1.55,-2.27,48.32,94220195.32047749,5993651.0,0.001,-9.51,12102,0.69,15.49,-1.1,15.62,-1.92,15.61,-1.86,15.69,-2.36,2.36,48.37,6370,17446,14336,
3092,AMH,Real Estate,REIT - Residential,NYSE,87.83,47.69,94.01,44.3,87.86,46.14,92.79,51.56,95.55,58.12,82.0,29.78,30.49,-0.13,-0.59,-2.37,-8.6,1.17,53.18,10888002557.295122,359815019.0,0.0467,-13.06,3089400,1.03,30.26,0.76,30.41,0.26,30.82,-1.07,32.34,-5.72,1.57,110.91,3246220,3012110,2666512,0.028
3093,EPAM,Technology,Information Technology Services,NYSE,87.8,47.67,108.74,91.51,82.76,36.08,83.88,32.03,50.73,9.94,68.14,18.56,113.86,-0.43,6.42,-0.58,6.52,-45.57,16.27,5586354219.719292,51586981.0,0.1752,-48.83,847400,0.78,109.95,3.56,109.54,3.94,112.61,1.11,109.9,3.6,4.52,150.44,1016790,1086596,1317318,0.045
3094,SKT,Real Estate,REIT - Retail,NYSE,87.78,47.64,92.77,38.9,88.12,46.55,93.48,54.0,107.62,74.85,102.65,65.89,34.61,0.46,-1.14,-5.1,-16.12,3.6,58.46,4033291198.724655,114875851.0,0.0991,-18.62,766900,0.84,34.76,-0.43,34.69,-0.23,35.29,-1.93,37.2,-6.96,1.77,45.69,1020100,910920,920810,0.115
3095,ATR,Healthcare,Medical Instruments & Supplies,NYSE,87.78,47.64,95.48,51.63,88.11,46.53,92.28,49.23,87.12,37.96,86.39,34.46,121.81,0.78,-1.27,-1.01,-10.27,1.49,53.76,7624013411.231049,63581129.0,0.0347,-17.09,602400,1.34,120.6,1.0,121.67,0.12,123.13,-1.07,128.61,-5.29,1.83,85.09,498870,450426,455514,0.063
3096,GRF,Financial Services,Asset Management,NYSE ARCA,87.77,47.61,94.58,46.82,89.76,49.96,94.06,55.44,92.55,52.88,91.41,47.95,9.85,-3.05,-3.15,-5.56,-5.38,-6.19,43.54,40313213.154556274,3967836.0,0.0011999999,-16.88,1384,0.42,9.91,-0.61,9.95,-1.01,10.13,-2.76,10.3,-4.37,1.71,-183.18,1888,3276,2859,-0.191
3097,ETX,Financial Services,Asset Management,NYSE,87.77,47.61,96.67,57.89,85.73,41.74,89.4,40.8,91.47,50.35,91.64,48.25,17.63,1.26,-0.06,-2.39,-1.98,-2.42,48.09,190683813.0246277,10902448.0,0.0018000001,-11.85,17589,0.64,17.41,1.26,17.43,1.15,17.6,0.17,17.88,-1.4,1.98,106.15,33918,27669,23981,
3098,EMN,Basic Materials,Specialty Chemicals,NYSE,87.76,47.57,92.84,39.25,89.56,49.45,93.49,54.07,88.82,40.39,96.06,56.46,63.76,-0.45,-3.67,-5.57,-4.03,3.97,59.08,7416368348.017448,114326623.0,0.0675,-23.61,1989400,1.64,64.19,-0.67,64.9,-1.76,65.62,-2.83,69.11,-7.74,2.55,61.62,1426340,1211760,1143478,0.099
3099,SBSW,Basic Materials,Other Precious Metals & Mining,NYSE,87.76,47.57,94.17,45.12,92.35,59.86,110.07,78.22,63.78,16.98,128.6,85.27,9.91,-1.0,-3.6,-17.76,20.91,-25.71,26.76,7204768544.274388,723370333.0,0.014400001,-53.45,4475800,0.83,9.92,-0.1,10.07,-1.59,10.73,-7.64,10.78,-8.07,4.5,56.09,4787660,5368613,5339190,0.643
3100,ALGM,Technology,Semiconductors,NASDAQ,87.75,47.55,93.01,39.97,84.77,39.8,90.53,42.98,133.35,89.68,123.37,83.29,36.27,-0.3,3.25,2.84,-14.07,35.84,83.85,7368472650.83844,186402046.0,0.10609999,-49.46,2574000,1.02,38.01,-4.58,37.31,-2.79,35.87,1.12,37.92,-4.35,4.7,77.73,3026540,2528866,2424920,0.275
3101,SSD,Basic Materials,Lumber & Wood Production,NYSE,87.74,47.52,94.63,47.08,84.22,38.68,85.68,34.4,99.36,64.05,92.66,50.54,171.95,-0.37,-0.78,-0.1,-9.09,3.75,58.67,7113301307.859741,40984682.0,0.0296,-19.46,269100,0.9,172.9,-0.55,173.21,-0.73,173.06,-0.64,181.73,-5.38,2.15,79.55,293380,298240,273270,0.063
3102,GCV,Financial Services,Asset Management,NYSE,87.74,47.52,90.03,30.21,95.18,65.26,100.93,67.33,104.37,70.91,105.02,69.27,4.06,-0.98,-7.52,-8.53,-6.48,7.11,63.46,83209119.4856968,20147486.0,0.001,-15.42,105310,2.4,4.11,-1.22,4.14,-1.93,4.28,-5.14,4.4,-7.73,2.81,35.0,72011,43827,43264,-0.398
3103,CEPU,Utilities,Utilities - Regulated Electric,NYSE,87.73,47.5,89.33,28.27,88.49,47.37,95.03,57.84,102.47,68.41,112.14,76.55,12.66,7.02,-5.66,-12.57,-11.96,-27.86,25.39,1751302025.5981293,149940238.0,0.0025,-31.58,240200,0.92,12.41,2.01,12.31,2.84,13.09,-3.28,13.48,-6.08,3.76,27.31,253090,259983,251506,2.247
3104,NXPI,Technology,Semiconductors,NASDAQ,87.72,47.48,96.17,55.27,87.6,45.66,86.48,35.53,114.37,80.82,90.49,45.72,231.07,-3.39,0.4,2.49,-3.68,3.46,58.13,61442323560.292786,252164174.0,0.0322,-32.03,3950700,1.19,239.26,-3.42,238.39,-3.07,233.52,-1.05,230.28,0.34,3.17,94.05,2725160,3316286,3512262,0.195
3105,BIRD,Technology,Software - Infrastructure,NASDAQ,87.71,47.47,115.31,94.95,56.06,11.41,61.07,13.65,31.46,4.3,184.45,95.33,2.88,-17.48,21.01,18.52,49.02,-17.04,33.09,39737934.55762124,11809193.0,0.1415,-88.15,582500,0.8,3.18,-9.43,2.9,-0.69,2.63,9.51,2.43,18.52,8.87,66.52,914010,726353,570944,-0.931
3106,ESE,Technology,Scientific & Technical Instruments,NYSE,87.7,47.45,88.67,26.56,91.66,58.16,97.33,61.88,123.02,85.83,142.43,89.55,254.06,-5.88,-5.32,-4.91,-15.31,27.97,80.76,7123285862.90448,25907567.0,0.0359,-29.85,305100,1.21,265.21,-4.2,266.06,-4.51,264.97,-4.12,281.35,-9.7,3.02,20.71,255960,251250,231988,0.144
3107,LKFN,Financial Services,Banks - Regional,NASDAQ,87.69,47.43,95.19,50.11,87.61,45.73,93.02,52.66,91.95,51.37,93.73,52.53,57.45,-1.12,-2.38,-5.06,-9.28,-0.6,50.87,1468352601.2139893,24857840.0,0.1192,-12.2,435500,2.23,58.0,-0.95,58.21,-1.31,59.06,-2.73,60.2,-4.57,1.89,35.92,204560,195250,174748,0.092
3108,KZIA,Healthcare,Biotechnology,NASDAQ,87.68,47.4,74.87,8.32,91.1,56.1,94.09,55.56,142.77,92.21,157.74,92.49,8.82,-6.86,-9.82,-19.89,-26.68,-18.86,31.48,105927358.96081924,11426899.0,0.0495,-49.31,252400,0.72,9.2,-4.13,9.4,-6.17,10.0,-11.8,11.89,-25.82,7.52,16.58,191160,352900,284418,3.124
3109,SABA,Financial Services,Asset Management,NYSE,87.68,47.4,95.25,50.41,89.15,48.61,91.24,44.59,90.03,44.92,93.24,51.59,7.8,-1.76,-2.26,-3.94,-3.77,-1.09,50.07,212159215.40737152,26754000.0,0.00059999997,-15.03,102133,1.56,7.86,-0.76,7.92,-1.52,7.99,-2.38,8.1,-3.7,1.44,25.79,79293,65321,56012,-0.232
3110,MIY,Financial Services,Asset Management,NYSE,87.68,47.4,91.73,35.11,91.61,58.0,95.33,58.49,97.55,61.13,94.31,53.57,11.27,-0.27,-4.09,-7.36,-6.18,1.82,54.28,323536259.70983505,28964750.0,0.0037,-12.64,65639,0.8,11.19,0.71,11.27,0.0,11.68,-3.51,12.07,-6.63,2.37,37.43,92243,81814,70986,0.039
3111,HMH,Energy,Oil & Gas Equipment & Services,NASDAQ,87.65,47.34,95.68,52.78,84.88,39.94,93.12,52.99,90.91,48.73,84.99,32.86,18.74,7.95,0.64,-7.27,0.43,,,218754489.00947,11947269.0,0.0713,-23.51,248300,1.17,18.64,0.54,18.43,1.68,18.86,-0.64,19.53,-4.05,4.91,61.96,252870,212456,207312,-0.16
3112,BDC,Technology,Communication Equipment,NYSE,87.65,47.34,94.35,46.0,82.56,35.68,88.44,38.73,74.72,24.77,103.65,67.44,107.94,-0.31,-2.58,-6.23,5.84,-8.23,41.27,4394733324.082848,39078191.0,0.16700001,-32.53,263000,0.64,110.87,-2.64,110.21,-2.06,111.81,-3.46,119.21,-9.45,3.49,26.3,347420,411350,417856,0.116
3113,TFIN,Financial Services,Banks - Regional,NYSE,87.65,47.34,91.89,35.66,84.56,39.28,95.71,59.3,117.35,82.83,100.62,63.03,62.78,2.7,3.17,-6.19,-17.28,1.14,53.09,1485762317.952034,23894537.0,0.126,-24.83,269600,1.16,62.09,1.11,61.38,2.28,62.57,0.34,69.2,-9.28,2.5,90.76,250540,232403,205390,0.119
3114,WAFDP,Financial Services,Banks - Regional,NASDAQ,87.65,47.34,93.2,40.8,90.3,52.11,93.72,54.67,92.23,52.14,93.83,52.71,15.18,-3.86,-4.71,-5.64,-5.87,-3.85,46.37,,,0.67,-13.21,15878,0.75,15.38,-1.3,15.58,-2.57,15.83,-4.11,16.04,-5.36,1.64,8.01,24757,21165,16521,0.056
3115,INVH,Real Estate,REIT - Residential,NYSE,87.64,47.3,93.57,42.37,86.16,42.67,92.12,48.37,98.1,62.04,82.7,30.43,26.48,0.3,-0.08,-2.84,-11.07,2.35,55.54,15379829345.771713,590623226.0,0.0361,-14.28,8346900,1.5,26.17,1.18,26.33,0.57,26.64,-0.6,28.22,-6.17,1.67,149.58,5574260,5550023,4794224,0.101
3116,OIA,Financial Services,Asset Management,NYSE,87.62,47.27,97.68,62.58,83.1,36.86,90.85,43.71,94.55,56.38,94.96,54.6,5.73,-0.17,4.75,-2.23,-5.61,-1.48,49.6,268418282.6288638,47931837.0,0.001,-10.47,226641,1.04,5.67,1.06,5.63,1.78,5.67,1.06,5.86,-2.22,3.2,32.68,380434,217161,181968,0.044
3117,BTT,Financial Services,Asset Management,NYSE,87.62,47.27,96.38,56.29,86.83,43.95,90.72,43.45,90.09,45.15,93.05,51.19,21.67,-1.32,0.32,-2.58,-3.85,-1.23,49.86,1395941551.3196354,63625411.0,0.0004,-6.76,179441,1.5,21.77,-0.46,21.75,-0.37,21.93,-1.19,22.25,-2.61,1.18,62.32,143254,119501,97996,0.006
3118,ALIS,Financial Services,Shell Companies,NASDAQ,87.62,47.27,92.99,39.85,92.11,59.34,93.45,53.8,90.48,46.85,89.42,42.23,9.7,-5.92,-6.19,-5.64,-4.62,-2.12,48.69,87056074.35703278,8427500.0,0.00029999999,-6.73,69400,1.14,10.53,-7.88,10.42,-6.91,10.37,-6.46,10.28,-5.64,5.38,95.82,103370,60616,49596,
3119,VTOL,Energy,Oil & Gas Equipment & Services,NYSE,87.6,47.23,92.55,37.99,93.98,63.13,96.94,61.34,94.79,56.88,119.92,81.52,40.64,0.84,-3.92,-4.94,-9.28,12.7,69.29,1193386870.2468872,29642000.0,0.0448,-19.33,154800,0.55,40.32,0.79,40.84,-0.49,41.54,-2.17,43.75,-7.11,2.64,76.38,191320,281116,263214,0.094
3120,SHW,Basic Materials,Specialty Chemicals,NYSE,87.56,47.22,96.32,55.97,85.91,42.18,89.21,40.41,88.1,39.37,89.56,42.68,321.03,0.08,0.2,1.13,-6.43,0.77,52.44,77563659196.69507,242758151.0,0.026500002,-15.02,1495200,0.9,319.03,0.63,323.15,-0.66,322.84,-0.56,337.39,-4.85,2.51,121.47,1607070,1662726,1676724,0.075
3121,MAGN,Consumer Defensive,Household & Personal Products,NYSE,87.55,47.2,94.73,47.62,91.46,57.54,87.17,36.48,104.17,70.79,75.19,23.53,11.65,2.92,-1.69,0.78,-15.82,-21.97,29.23,415452002.71606445,35600000.0,0.056799997,-24.94,461200,1.23,11.67,-0.17,11.67,-0.17,11.69,-0.34,12.2,-4.51,3.29,44.4,370000,373603,423026,0.021
3122,HLN,Healthcare,Drug Manufacturers - Specialty & Generic,NYSE,87.54,47.18,96.09,54.9,88.6,47.64,90.15,42.26,91.18,49.58,90.45,45.61,9.26,6.19,0.43,0.43,-9.33,-4.6,45.67,38699225121.1831,4397639123.0,0.005,-17.91,20283900,1.07,8.95,3.46,9.0,2.89,9.13,1.42,9.55,-3.04,1.99,97.49,18909010,18888933,14578716,0.022
3123,EXR,Real Estate,REIT - Industrial,NYSE,87.54,47.18,96.08,54.81,87.33,45.11,89.7,41.37,92.01,51.61,89.79,43.68,133.12,0.03,0.67,-1.29,-11.88,5.89,61.95,28151668603.5,211269558.0,0.0315,-16.21,2595600,1.74,132.97,0.11,132.8,0.24,134.51,-1.03,139.82,-4.79,1.95,99.18,1453770,1493636,1272042,0.038
3124,REG,Real Estate,REIT - Retail,NASDAQ,87.53,47.15,93.99,44.21,88.36,47.07,92.95,52.12,98.8,63.22,103.29,66.92,71.48,-0.45,-1.97,-4.12,-10.98,7.36,63.7,13111430885.78022,183120547.0,0.045100003,-14.56,1639700,1.23,71.33,0.21,71.95,-0.65,72.8,-1.81,74.65,-4.25,1.31,117.11,1221160,1332266,1305588,0.089
3125,TFII,Industrials,Trucking,NYSE,87.52,47.12,86.91,22.63,95.79,66.15,103.77,71.54,125.22,86.76,123.86,83.44,115.14,-4.49,-5.08,-11.86,-18.04,11.45,68.1,9772751511.316612,82193031.0,7.26,-31.34,548200,1.95,115.03,0.1,117.99,-2.42,122.69,-6.15,131.05,-12.14,3.01,99.37,416950,281843,282900,0.124
3126,INMD,Healthcare,Medical Devices,NASDAQ,87.52,47.12,94.58,46.82,87.61,45.73,97.5,62.24,94.21,55.83,90.32,45.28,14.08,0.21,-0.78,-4.67,-7.06,-1.95,48.86,810797392.2605438,57544172.0,0.0464,-15.89,365500,0.73,14.06,0.14,14.12,-0.28,14.35,-1.88,14.76,-4.61,1.24,125.6,444620,503346,470136,-0.0
3127,KEY,Financial Services,Banks - Regional,NYSE,87.52,47.12,92.59,38.09,87.64,45.8,98.48,63.49,108.46,75.57,110.54,75.18,20.1,0.25,-0.74,-7.5,-8.51,-1.35,49.78,21427941282.904552,1067128554.0,0.0001,-16.49,19644700,1.36,20.07,0.15,20.16,-0.3,20.62,-2.52,21.52,-6.6,1.9,131.09,15133440,14463530,12325206,0.101
3128,JKHY,Technology,Information Technology Services,NASDAQ,87.51,47.08,94.98,48.92,88.2,46.76,99.82,65.36,81.45,31.31,78.25,26.08,149.05,3.62,0.88,-7.66,-7.17,-18.26,32.08,9993850673.593262,70112608.0,0.07,-22.93,975400,1.01,145.37,2.53,145.57,2.39,150.65,-1.06,156.32,-4.65,2.36,102.15,792420,966153,972088,0.047
3129,SFBS,Financial Services,Banks - Regional,NYSE,87.5,47.06,90.76,32.08,92.0,59.05,99.68,65.08,100.02,65.09,91.17,47.42,38.6,-2.89,-5.98,-8.4,-13.46,8.38,64.94,4390202719.8472595,109345020.0,0.0647,-16.16,544000,0.82,39.03,-1.1,39.65,-2.65,40.63,-5.0,42.44,-9.05,2.52,112.23,640520,665056,570916,0.301
3130,FSS,Industrials,Farm & Heavy Construction Machinery,NYSE,87.5,47.06,95.76,53.24,85.14,40.46,92.29,49.29,92.55,52.88,98.19,59.55,112.61,0.39,-0.15,-0.75,0.79,0.44,52.09,7101580800.198944,61041611.0,0.0876,-16.28,367600,0.83,115.59,-2.58,114.49,-1.64,114.22,-1.41,119.17,-5.5,3.35,44.83,476580,440880,425306,0.187
3131,SDHY,Financial Services,Asset Management,NYSE,87.49,47.02,95.92,53.95,86.82,43.9,91.35,44.9,90.04,44.97,91.78,48.63,15.14,-0.85,0.07,-3.2,-4.15,-1.79,49.06,377251025.2987976,24673056.0,0.42,-11.05,118055,1.73,15.23,-0.59,15.26,-0.79,15.35,-1.37,15.7,-3.57,1.57,35.74,79685,68431,65117,
3132,VTVT,Healthcare,Biotechnology,NASDAQ,87.49,47.02,91.72,35.06,85.15,40.5,102.32,69.58,107.35,74.63,146.5,90.57,30.08,-5.56,-2.12,-5.59,-4.45,-16.47,33.63,120871577.75335693,3953928.0,0.0668,-31.64,44300,1.06,30.4,-1.05,30.54,-1.51,30.88,-2.59,32.03,-6.09,4.22,22.07,42220,41856,58556,
3133,CDLR,Industrials,Engineering & Construction,NYSE,87.49,47.02,88.28,25.63,100.08,72.22,107.95,76.11,93.58,54.82,106.79,71.46,21.51,0.42,-8.27,-15.61,1.61,16.08,72.48,2139730868.3806686,96471183.0,0.015800001,-28.32,49100,0.72,21.88,-1.69,22.17,-2.98,23.73,-9.36,23.87,-9.89,3.12,35.73,81660,68053,65920,0.213
3134,PRDO,Consumer Defensive,Education & Training Services,NASDAQ,87.47,46.98,99.75,76.27,84.55,39.26,91.04,44.1,88.08,39.31,106.91,71.55,33.43,5.06,5.52,1.8,-2.74,15.66,72.1,1996833815.5014992,62577055.0,0.076799996,-13.17,671300,0.98,32.23,3.72,31.45,6.3,31.98,4.53,32.34,3.37,3.2,112.07,729750,682803,685288,0.018
3135,STAG,Real Estate,REIT - Industrial,NYSE,87.45,46.95,95.07,49.4,91.1,56.1,90.97,43.98,97.39,60.82,99.6,61.71,35.88,0.45,-2.76,-1.65,-6.81,-0.28,51.29,6950557880.602776,192803274.0,0.053200003,-15.79,1797100,1.07,35.88,0.0,36.04,-0.44,36.45,-1.56,36.67,-2.15,1.78,116.07,1963080,1684440,1581746,0.081
3136,RDN,Financial Services,Insurance - Specialty,NYSE,87.45,46.95,94.86,48.15,84.13,38.52,98.09,62.92,101.61,67.22,97.02,57.82,34.17,9.45,1.88,-5.66,-13.35,-4.98,45.18,4309053886.884842,132301318.0,0.0505,-16.76,2619200,1.57,33.61,1.67,32.86,3.99,33.99,0.53,35.65,-4.15,2.94,84.7,2707030,1670196,1400006,0.935
3137,ZH,Communication Services,Internet Content & Information,NYSE,87.45,46.95,102.46,83.53,101.87,74.39,73.39,21.7,73.15,23.24,85.26,33.05,3.42,-2.84,-8.8,21.71,2.4,-3.66,46.59,285657297.76971745,84264687.0,0.0189,-32.82,282200,0.49,3.41,0.29,3.53,-3.12,3.35,2.09,3.19,7.21,5.72,15.33,473230,580556,411904,-0.037
3138,SCI,Consumer Cyclical,Personal Services,NYSE,87.43,46.92,95.37,51.07,89.28,48.88,96.13,60.13,87.22,38.04,91.91,48.95,76.77,0.35,-1.26,-3.28,-10.0,-0.48,50.99,10513532937.994217,136291587.0,0.04,-15.63,859200,0.9,76.8,-0.04,76.84,-0.09,78.12,-1.73,81.04,-5.27,1.79,48.15,1090190,958010,936546,0.036
3139,TM,Consumer Cyclical,Auto Manufacturers,NYSE,87.42,46.89,98.31,66.13,86.77,43.85,91.76,46.36,78.4,28.06,97.68,58.83,186.0,1.45,-0.39,-3.37,-3.55,-15.22,34.66,214917445600.2535,1184183366.0,0.00090000004,-25.27,291800,0.91,184.02,1.08,185.19,0.44,189.28,-1.73,190.68,-2.45,1.55,107.48,287940,321056,335708,0.104
3140,DASH,Consumer Cyclical,Internet Retail,NASDAQ,87.42,46.89,95.06,49.32,85.81,41.92,100.02,65.74,79.68,29.34,75.69,23.8,191.71,5.23,2.23,-4.64,-0.94,-18.16,32.17,81958302138.90927,433297937.0,0.0401,-32.85,3242700,0.82,191.5,0.11,188.21,1.86,192.09,-0.2,206.26,-7.05,3.89,48.64,3920100,3934030,4198066,0.356
3141,AVK,Financial Services,Asset Management,NYSE,87.42,46.89,93.36,41.37,90.01,50.72,93.73,54.71,96.88,59.96,95.61,55.91,11.52,1.68,-1.87,-4.34,-1.94,0.36,52.01,510800977.74687195,44148746.0,0.0014,-13.25,188546,1.05,11.59,-0.6,11.52,0.0,11.76,-2.04,12.16,-5.26,1.54,39.36,223164,179821,158038,0.04
3142,SKYH,Real Estate,Real Estate - Development,NYSE,87.4,46.85,93.07,40.31,92.43,60.06,100.47,66.47,86.06,36.8,97.62,58.72,9.54,0.74,-2.95,-7.11,-9.49,11.58,68.17,367727480.5700226,39583152.0,0.122200005,-18.43,136300,0.8,9.41,1.38,9.58,-0.42,9.82,-2.85,10.3,-7.38,2.84,44.27,228020,170836,185742,0.496
3143,NGG,Utilities,Utilities - Regulated Electric,NYSE,87.38,46.83,97.3,60.69,86.56,43.56,89.29,40.54,96.25,59.09,102.9,66.31,77.11,2.36,2.5,0.96,-2.24,3.98,59.11,76529665225.12358,1005381798.0,0.0014,-18.52,774800,0.83,76.44,0.88,75.9,1.59,76.03,1.42,78.3,-1.52,1.48,76.9,911850,933443,860336,0.02
3144,KRC,Real Estate,REIT - Office,NYSE,87.38,46.83,96.02,54.47,85.91,42.18,88.05,38.0,104.94,71.59,79.16,26.75,34.19,2.67,2.04,-0.3,-11.88,-5.44,44.62,3911471390.671402,116308988.0,0.125,-21.55,2186800,1.56,33.8,1.15,33.59,1.79,33.79,1.18,35.34,-3.25,1.97,101.13,1417760,1402976,1270098,-0.06
3145,MSLE,Healthcare,Biotechnology,NASDAQ,87.36,46.79,77.91,10.53,119.3,87.68,144.57,93.7,117.29,82.8,118.91,80.96,7.34,-13.59,-15.67,-26.92,-21.86,27.52,80.47,180339731.5,21216439.0,3.09,-45.2,121400,2.34,7.81,-6.02,8.22,-10.71,8.79,-16.5,9.3,-21.08,7.48,16.4,95770,51863,40610,
3146,LYTS,Technology,Electronic Components,NASDAQ,87.36,46.79,95.63,52.47,84.45,39.1,81.39,29.4,110.93,78.08,96.8,57.55,20.44,-2.39,-2.39,4.34,-9.85,11.31,67.95,791803390.0,37261336.0,0.081199996,-25.29,403800,1.02,20.87,-2.06,20.89,-2.15,20.57,-0.63,21.55,-5.15,3.04,40.18,318150,394233,398312,0.513
3147,STNE,Technology,Software - Infrastructure,NASDAQ,87.34,46.74,117.07,95.65,67.87,19.02,78.08,25.78,79.77,29.51,94.2,53.36,11.6,23.14,26.64,12.62,5.84,-1.81,49.03,2202188329.5826263,230595632.0,0.0887,-40.94,7176200,1.03,11.16,3.94,10.24,13.28,9.98,16.23,10.05,15.42,4.86,24.84,8450980,6939643,6060244,0.016
3148,TOL,Consumer Cyclical,Residential Construction,NYSE,87.34,46.74,94.45,46.37,83.34,37.16,85.5,34.11,102.76,68.76,105.73,70.22,134.83,-1.12,-0.8,1.77,-10.23,-3.02,47.46,12588201726.242065,92147000.0,0.0519,-19.92,1164800,1.08,135.74,-0.67,135.95,-0.82,135.22,-0.29,141.92,-5.0,2.71,99.3,1194740,1074033,1001356,-0.097
3149,KRG,Real Estate,REIT - Retail,NYSE,87.34,46.74,91.46,34.15,89.39,49.06,95.6,58.99,110.32,77.57,108.37,73.12,24.08,-1.47,-2.55,-7.21,-16.53,5.5,61.39,4952793054.948013,203066551.0,0.1021,-19.52,2096600,0.96,24.1,-0.08,24.36,-1.15,24.92,-3.37,25.88,-6.96,1.9,78.75,2241850,2176656,2376880,-0.08
3150,LMT,Industrials,Aerospace & Defense,NYSE,87.34,46.74,94.33,45.91,91.61,58.0,92.68,51.03,85.1,35.65,103.36,67.12,507.89,0.47,-3.02,-4.19,-10.22,9.06,65.59,116643955318.91098,230790753.0,0.0125,-26.61,1111900,0.98,505.85,0.4,509.39,-0.29,520.28,-2.38,548.72,-7.44,1.99,107.91,1082940,1131463,1106602,0.105
3151,AHRT,Real Estate,REIT - Diversified,NYSE,87.33,46.7,94.73,47.62,85.37,40.95,91.19,44.36,102.39,68.29,82.1,29.98,6.05,-1.31,2.21,-2.15,-12.27,-1.81,49.03,449795757.41023254,74592992.0,0.045300003,-17.46,932100,0.84,6.02,0.5,5.97,1.34,6.03,0.33,6.34,-4.57,2.86,63.59,1833980,1105623,921102,0.039
3152,FFIN,Financial Services,Banks - Regional,NASDAQ,87.3,46.69,94.11,44.84,88.64,47.72,93.76,54.81,97.73,61.4,87.78,36.47,31.43,-1.01,-2.3,-4.3,-10.22,3.21,57.5,4607979568.75042,143327507.0,0.0837,-13.94,1169200,1.45,31.78,-1.1,31.86,-1.35,32.35,-2.84,33.29,-5.59,1.99,48.06,911220,805593,736304,0.098
3153,CTRE,Real Estate,REIT - Healthcare Facilities,NYSE,87.29,46.66,92.0,36.12,90.08,51.09,97.88,62.62,102.06,67.81,107.76,72.58,35.79,-0.33,-3.08,-6.83,-14.57,2.54,55.99,8577442943.422596,236293199.0,0.082100004,-17.95,2871500,1.18,36.13,-0.94,36.4,-1.68,36.99,-3.24,38.42,-6.85,1.64,86.86,3108560,2438113,2401890,0.435
3154,PMA,Industrials,Engineering & Construction,NASDAQ,87.29,46.66,93.71,43.03,91.08,56.02,75.43,23.29,90.63,47.43,56.71,11.72,1.25,-3.85,-1.57,2.46,0.0,11.61,68.19,200459253.10850143,162975000.0,0.00090000004,-53.7,4600,0.1,1.23,1.63,1.28,-2.34,1.27,-1.57,1.31,-4.58,5.5,29.08,8520,47083,170070,-0.623
3155,IBOC,Financial Services,Banks - Regional,NASDAQ,87.28,46.64,95.01,49.09,87.17,44.82,91.65,45.94,98.13,62.11,97.73,58.96,68.4,-1.04,-1.43,-3.72,-9.88,-0.94,50.32,4343455110.007874,62191514.0,0.044299997,-12.82,386500,1.03,68.96,-0.81,69.08,-0.98,69.82,-2.03,71.26,-4.01,1.52,74.09,383180,376860,347384,-0.0
3156,JMM,Financial Services,Asset Management,NYSE,87.26,46.62,96.91,58.97,84.9,39.99,89.35,40.71,87.6,38.61,88.59,38.84,5.56,0.36,1.09,-2.12,-2.82,-3.76,46.52,52799912.27807999,9462350.0,0.0043,-12.99,1892,0.21,5.53,0.54,5.52,0.72,5.56,0.0,5.67,-1.94,1.89,37.97,12129,9223,8989,-0.01
3157,SPAI,Industrials,Aerospace & Defense,NASDAQ,87.25,46.6,94.1,44.78,88.1,46.5,75.5,23.36,74.97,25.02,92.38,49.77,4.26,-5.85,-3.94,-6.88,14.96,2.77,56.61,90003851.59356308,20362862.0,0.0385,-52.93,423100,1.38,4.38,-2.74,4.36,-2.29,4.42,-3.62,4.67,-8.78,9.57,9.81,706410,305530,393544,13.362
3158,VBF,Financial Services,Asset Management,NYSE,87.24,46.59,96.64,57.73,86.26,42.95,89.16,40.32,88.89,40.63,90.87,46.59,14.21,-0.14,-0.56,-1.41,-2.11,-3.61,46.68,161779258.49666977,11425089.0,0.0047999998,-10.4,40738,0.56,14.16,0.35,14.19,0.14,14.28,-0.49,14.46,-1.73,1.13,80.89,38553,73117,65950,-0.042
3159,BNTX,Healthcare,Biotechnology,NASDAQ,87.22,46.56,90.96,32.67,95.68,65.93,94.29,56.11,78.82,28.38,85.89,33.76,92.06,-4.95,-7.25,-4.5,-0.96,-0.48,50.99,24341703448.707443,251204366.0,0.0348,-25.76,1205700,1.21,95.52,-3.62,96.89,-4.99,97.37,-5.45,98.82,-6.84,3.41,13.37,882850,992703,1282572,-0.595
3160,FMY,Financial Services,Asset Management,NYSE,87.22,46.56,96.55,57.15,85.43,41.14,91.59,45.74,87.75,38.85,91.15,47.34,11.06,-0.18,1.04,-3.01,-3.1,-1.79,49.06,46639181.76425934,4213115.0,1.33,-10.52,2831,0.74,10.95,1.0,11.03,0.27,11.2,-1.25,11.38,-2.81,2.28,102.84,3453,3841,3454,-0.27
3161,H,Consumer Cyclical,Lodging,NYSE,87.2,46.54,93.5,41.93,85.76,41.79,90.29,42.46,107.94,75.19,107.26,72.04,159.43,-0.94,0.25,-1.21,-14.22,-2.87,47.74,14974216775.22461,94236736.0,0.2868,-22.93,842300,1.08,158.27,0.73,159.25,0.11,159.07,0.23,167.59,-4.87,2.74,80.6,758390,779593,811114,-0.066
3162,TKO,Communication Services,Entertainment,NYSE,87.18,46.52,96.08,54.81,80.65,32.24,85.35,33.81,87.74,38.8,92.43,49.87,181.63,3.18,-1.85,-3.83,-2.66,-13.88,35.89,12836846720.710419,73111098.0,0.1257,-19.97,857700,0.78,177.87,2.11,178.69,1.65,184.45,-1.53,187.2,-2.98,3.02,54.75,1009270,1092973,1137358,0.182
3163,FHN,Financial Services,Banks - Regional,NYSE,87.16,46.5,95.22,50.28,87.06,44.59,97.47,62.17,97.15,60.42,103.04,66.6,23.31,1.13,0.56,-5.21,-8.92,-2.52,48.03,11095861076.506329,473777158.0,0.0001,-12.24,5273700,1.05,23.28,0.13,23.22,0.39,23.59,-1.19,24.4,-4.47,1.84,123.46,5475550,5043063,4951152,0.09
3164,DTM,Energy,Oil & Gas Midstream,NYSE,87.15,46.48,93.4,41.52,85.57,41.44,94.11,55.66,111.11,78.27,110.55,75.2,123.76,3.06,-0.79,-3.77,-8.33,6.94,63.18,12343850816.0,102015296.0,0.070700005,-19.05,636300,0.72,122.83,0.76,121.96,1.48,123.88,-0.1,128.18,-3.45,2.23,43.04,838280,880750,972236,0.11
3165,APO,Financial Services,Asset Management,NYSE,87.15,46.48,90.93,32.59,87.0,44.4,92.36,49.71,84.25,34.72,81.78,29.44,115.3,0.84,-4.47,-9.86,-3.33,-20.22,30.47,67333729006.76583,590543159.0,0.0434,-24.78,4234100,1.49,115.23,0.06,116.63,-1.14,121.52,-5.12,127.95,-9.89,3.06,45.04,3201850,2846066,3197972,0.638
3166,CSL,Industrials,Building Products & Equipment,NYSE,87.13,46.43,95.59,52.31,80.25,31.79,87.94,37.79,86.71,37.52,89.89,43.96,321.25,-1.22,2.27,-2.57,-3.63,-1.34,49.81,13079452416.782501,39714133.0,0.0695,-25.79,477800,0.76,325.11,-1.19,325.13,-1.19,324.07,-0.87,347.01,-7.42,3.53,76.79,441950,626066,546756,0.083
3167,MMT,Financial Services,Asset Management,NYSE,87.13,46.43,95.57,52.18,87.06,44.59,90.73,43.47,88.23,39.51,92.08,49.23,4.18,-2.56,-0.95,-3.68,-1.69,-3.48,46.83,236188738.82529688,54673317.0,1.13,-13.99,164749,0.57,4.24,-1.42,4.26,-1.88,4.28,-2.34,4.33,-3.46,1.55,0.0,371004,291588,287460,0.021
3168,TR,Consumer Defensive,Confectioners,NYSE,87.13,46.43,96.2,55.47,87.46,45.42,90.89,43.86,89.05,41.03,106.31,71.06,37.59,-0.42,-0.21,-1.77,-4.77,3.55,58.33,2855444623.598694,75163056.0,0.078200005,-16.58,146200,0.87,37.44,0.4,37.6,-0.03,37.74,-0.4,39.07,-3.79,1.71,102.42,197480,168683,157266,-0.006
3169,PSBD,Financial Services,Asset Management,NYSE,87.13,46.43,96.24,55.64,85.77,41.83,87.89,37.64,82.38,32.51,81.88,29.61,9.69,-1.82,-2.32,-1.65,3.3,-6.19,43.54,299462443.2010155,30651221.0,0.0197,-26.09,87000,0.76,9.66,0.31,9.76,-0.72,9.84,-1.52,9.86,-1.72,2.57,88.39,121150,113890,115276,
3170,IDA,Utilities,Utilities - Regulated Electric,NYSE,87.11,46.39,97.52,61.87,82.98,36.54,93.0,52.49,100.34,65.5,103.79,67.54,134.08,1.68,5.0,-1.01,-6.58,8.58,65.15,7680844501.626205,57842043.0,0.1146,-13.45,817900,1.33,132.66,1.07,131.56,1.92,131.8,1.73,136.24,-1.59,1.81,104.85,755900,616583,561384,0.042
3171,ACV,Financial Services,Asset Management,NYSE,87.1,46.36,91.97,36.0,90.08,51.09,95.67,59.19,104.23,70.83,101.31,63.82,24.28,1.29,-2.65,-5.97,-5.57,0.47,52.14,251895753.68107605,10396028.0,0.65,-16.4,53059,1.81,24.4,-0.49,24.37,-0.37,24.97,-2.76,25.88,-6.18,2.49,9.94,42585,29295,32717,
3172,STRO,Healthcare,Biotechnology,NASDAQ,87.1,46.36,79.1,11.71,88.51,47.46,111.61,80.01,191.66,96.83,321.28,98.15,15.32,-4.07,-2.48,-14.08,-34.31,53.51,89.02,254356244.97112083,16570439.0,0.12560001,-65.06,500000,1.72,14.98,2.27,15.51,-1.23,15.89,-3.59,19.5,-21.44,7.13,84.24,241890,290466,289268,-0.846
3173,CTOR,Healthcare,Drug Manufacturers - Specialty & Generic,NASDAQ,87.09,46.34,93.54,42.19,120.21,88.19,89.09,40.19,55.73,12.07,72.52,21.57,0.83,-14.8,-20.48,-8.24,55.78,-39.93,19.03,100471031.63925469,105758982.0,0.0172,-63.11,56400,0.58,0.87,-4.6,0.95,-12.63,0.97,-14.43,0.85,-2.35,11.14,10.82,101820,97043,111962,
3174,RBC,Industrials,Tools & Accessories,NYSE,87.07,46.32,93.36,41.37,88.35,47.05,87.44,36.87,112.53,79.51,129.03,85.42,490.99,-3.44,-2.55,2.7,-10.77,8.85,65.42,16322240274.906921,31659245.0,0.0175,-26.46,264100,0.89,506.81,-3.12,505.4,-2.85,498.5,-1.51,515.69,-4.79,2.41,4.65,250250,295136,279586,0.192
3175,CTRM,Industrials,Marine Shipping,NASDAQ,87.06,46.3,83.45,17.02,90.63,54.17,101.41,68.15,88.27,39.6,75.02,23.36,1.92,-4.95,-10.28,-20.33,1.59,-14.29,35.48,19324708.0,9662354.0,0.001,-27.82,14400,0.28,1.95,-1.54,2.01,-4.48,2.14,-10.28,2.21,-13.12,4.19,12.43,34750,50660,49102,0.425
3176,PPT,Financial Services,Asset Management,NYSE,87.05,46.29,95.47,51.55,87.32,45.08,89.94,41.82,88.78,40.29,91.27,47.63,3.23,-1.52,-1.22,-1.94,-2.95,-2.12,48.69,312505844.1671939,95567537.0,0.0008,-13.64,174698,1.38,3.26,-0.92,3.26,-0.92,3.27,-1.22,3.34,-3.29,1.15,26.94,178599,127053,129859,-0.191
3177,ESLT,Industrials,Aerospace & Defense,NASDAQ,87.04,46.27,89.33,28.27,101.64,73.98,96.75,61.03,101.94,67.6,148.05,90.92,665.09,-4.4,-10.09,-8.13,-13.52,20.45,75.73,32627141512.875,46862592.0,0.0086,-34.54,60200,0.8,686.18,-3.07,695.12,-4.32,717.5,-7.3,745.02,-10.73,2.8,14.42,86920,74983,79418,0.159
3178,KEEL,Technology,Information Technology Services,NASDAQ,87.02,46.25,80.37,12.93,108.4,80.94,107.41,75.45,169.32,95.65,154.92,92.13,3.15,-8.43,-19.23,-8.43,-0.94,24.51,78.29,2235614956.7643547,617573212.0,0.18100001,-57.26,31286100,1.0,3.4,-7.35,3.5,-10.0,3.61,-12.74,3.56,-11.52,6.96,41.04,23711760,31296866,34252230,-0.5
3179,ERC,Financial Services,Asset Management,NYSE ARCA,87.02,46.25,94.38,46.1,88.22,46.81,94.37,56.33,91.86,51.14,93.91,52.95,8.54,0.47,-1.16,-5.29,-3.16,-1.06,50.09,237896219.63798904,28053801.0,0.87,-12.68,57364,0.79,8.52,0.23,8.53,0.12,8.7,-1.84,8.95,-4.58,1.53,53.55,95416,72378,63931,-0.047
3180,F,Consumer Cyclical,Auto Manufacturers,NYSE,87.01,46.2,91.04,32.96,89.77,50.01,99.28,64.5,104.0,70.53,100.37,62.57,12.25,-0.16,-2.78,-11.74,-18.96,-5.91,43.96,48249909091.84703,3987595667.0,0.0,-31.1,58938000,1.25,12.18,0.57,12.26,-0.08,12.85,-4.67,13.55,-9.59,2.41,84.75,42974590,47032866,45217896,-0.038
3181,BRX,Real Estate,REIT - Retail,NYSE,87.01,46.2,93.33,41.19,86.98,44.34,92.11,48.3,103.93,70.43,107.35,72.1,27.08,-0.67,-1.24,-4.88,-13.5,9.79,66.4,8405232547.940002,306872316.0,0.0932,-17.59,2707400,0.81,27.16,-0.29,27.34,-0.95,27.61,-1.92,28.7,-5.64,1.66,75.49,3786500,3348003,2853030,0.043
3182,GS,Financial Services,Capital Markets,NYSE,87.01,46.2,87.92,24.86,92.45,60.16,105.83,73.83,123.81,86.17,113.15,77.31,882.59,-1.57,-4.41,-13.45,-9.57,0.23,51.85,262799665293.6123,291171408.0,0.0239,-23.52,1753500,0.87,892.6,-1.12,902.8,-2.24,935.34,-5.64,990.2,-10.87,2.22,29.68,1973860,2025550,1975850,0.425
3183,FE,Utilities,Utilities - Regulated Electric,NYSE,87.0,46.15,97.57,62.2,83.83,37.98,92.9,51.89,95.15,57.53,102.19,65.18,44.85,3.36,3.84,-3.03,-7.81,4.45,59.87,25069207212.761593,578431175.0,0.069299996,-14.31,5644800,1.28,44.13,1.63,43.73,2.56,44.47,0.85,45.88,-2.24,1.52,64.44,5003120,4397650,4389616,0.088
3184,RTACU,Financial Services,Shell Companies,NASDAQ,87.0,46.15,97.4,61.25,87.97,46.28,89.83,41.59,86.17,36.94,78.56,26.35,10.68,-0.56,-0.65,-0.65,-1.11,-3.26,47.17,,,0.0,-14.83,800,0.37,10.72,-0.37,10.73,-0.47,10.73,-0.47,10.75,-0.65,0.27,-0.0,960,2150,2660,
3185,RFL,Real Estate,Real Estate Services,NYSE,87.0,46.15,69.07,5.2,105.08,78.09,129.88,90.33,151.78,93.7,77.72,25.58,1.48,-1.33,-22.51,-37.29,-25.63,20.33,75.63,80079991.85635757,51999996.0,0.0366,-62.63,148500,0.67,1.49,-0.67,1.63,-9.2,1.87,-20.86,2.03,-27.09,12.49,10.82,361260,220160,170258,-0.506
3186,KBDC,Financial Services,Asset Management,NYSE,87.0,46.15,95.96,54.19,88.39,47.13,86.32,35.22,88.61,40.11,92.76,50.7,12.51,-1.96,-0.65,-0.42,-4.55,-7.45,42.1,836699057.7382851,66037810.0,0.0083,-21.17,419909,1.14,12.58,-0.56,12.62,-0.87,12.64,-1.03,12.92,-3.17,1.83,82.84,406960,368136,389454,
3187,MEGI,Financial Services,Asset Management,NYSE,86.99,46.1,92.85,39.31,88.4,47.15,95.98,59.8,100.49,65.71,103.61,67.41,13.48,0.6,-1.1,-6.58,-9.05,7.7,64.1,694834598.7545586,52047534.0,0.24,-15.17,108739,0.73,13.44,0.3,13.44,0.3,13.74,-1.89,14.37,-6.19,2.04,46.6,185813,149154,138702,
3188,LNN,Industrials,Farm & Heavy Construction Machinery,NYSE,86.97,46.06,98.41,66.86,81.25,33.35,88.24,38.33,86.24,37.02,75.27,23.58,114.6,1.98,1.63,-2.31,2.27,-4.06,46.12,1162811984.2335129,10168885.0,0.111099996,-22.57,186900,1.12,114.28,0.28,113.68,0.81,115.08,-0.42,115.42,-0.71,2.58,97.23,135510,166303,144996,-0.051
3189,ARI,Real Estate,REIT - Mortgage,NYSE,86.97,46.06,93.81,43.4,85.07,40.26,91.86,46.93,93.13,54.12,109.53,74.35,6.24,-0.64,-0.32,-6.59,-5.45,1.48,53.71,794914952.145484,128212093.0,0.0368,-44.48,3151500,1.13,6.23,0.16,6.23,0.16,6.35,-1.73,6.62,-5.74,1.84,34.78,3539790,2778353,2964446,5.249
3190,VST,Utilities,Utilities - Independent Power Producers,NYSE,86.97,46.06,106.39,89.24,73.94,25.05,82.56,30.56,80.2,30.12,88.74,39.69,156.14,11.73,13.19,6.36,9.51,-3.67,46.56,46995641437.88826,335635195.0,0.0335,-28.08,11296300,1.88,153.65,1.62,146.37,6.67,143.88,8.52,143.47,8.83,4.46,13.28,9199420,5999986,5491552,-0.055
3191,FRA,Financial Services,Asset Management,NYSE,86.97,46.06,95.45,51.42,88.14,46.58,91.39,45.15,86.2,36.99,85.35,33.2,10.25,-2.47,-1.82,-3.62,-2.17,-2.94,47.65,371710603.30962753,35434758.0,0.0018000001,-21.4,163731,1.03,10.34,-0.87,10.43,-1.73,10.52,-2.57,10.65,-3.76,1.3,15.05,191673,158477,156630,-0.206
3192,GLRE,Financial Services,Insurance - Reinsurance,NASDAQ,86.95,46.02,96.15,55.16,86.27,43.0,94.43,56.49,98.52,62.67,125.72,84.29,14.97,1.91,0.27,-0.33,-14.21,3.74,58.64,489205108.0,33166448.0,0.032,-22.8,117600,0.87,14.78,1.29,14.75,1.49,14.9,0.47,15.29,-2.09,2.26,121.1,116580,134746,133700,-0.103
3193,FRMM,Technology,Software - Application,NASDAQ,86.94,45.99,83.3,16.76,87.15,44.78,69.47,18.79,137.58,90.7,44.42,7.38,4.49,-4.26,-13.82,-0.88,-15.12,-34.93,21.42,63750917.83300018,13198948.0,0.3752,-83.4,158700,1.41,4.73,-5.07,4.78,-6.07,4.77,-5.87,5.31,-15.44,5.71,50.72,85790,112650,141150,
3194,GEG,Financial Services,Asset Management,NASDAQ,86.94,45.99,97.87,63.6,81.98,34.67,83.98,32.17,88.52,40.0,87.84,36.6,2.15,-0.46,0.0,-3.15,-1.83,-11.16,38.23,67731139.97139359,31357008.0,0.0539,-24.03,2600,0.14,2.16,-0.46,2.16,-0.46,2.16,-0.46,2.17,-0.92,1.33,-0.0,8120,18413,13326,0.883
3195,ARQT,Healthcare,Biotechnology,NASDAQ,86.94,45.99,93.55,42.25,98.79,70.53,91.65,45.94,114.93,81.2,117.49,80.28,24.49,-3.16,-6.78,4.75,-12.1,-12.57,36.87,3162409719.580929,125691961.0,0.1566,-22.91,2605900,0.87,24.58,-0.37,25.56,-4.19,25.48,-3.89,25.42,-3.66,5.09,89.81,2306490,2997073,2516078,0.593
3196,IR,Industrials,Specialty Industrial Machinery,NYSE,86.93,45.96,100.69,79.29,82.14,34.92,86.28,35.17,84.88,35.33,93.6,52.33,78.0,3.65,4.31,6.72,-7.79,-1.54,49.53,29515116445.62197,387999429.0,0.0397,-22.74,4044100,0.89,77.81,0.24,76.84,1.51,74.83,4.24,78.66,-0.84,2.71,73.11,4847090,4550690,4329368,0.085
3197,TVACU,Financial Services,Shell Companies,NASDAQ,86.92,45.94,98.05,64.45,89.78,50.05,92.72,51.3,88.1,39.37,89.79,43.68,10.7,0.0,0.47,-0.65,-0.09,-2.64,47.94,,,0.39,-15.88,0,0.0,10.7,0.0,10.68,0.19,10.71,-0.09,10.72,-0.19,0.13,0.0,920,950,584,
3198,AEMD,Healthcare,Medical Devices,NASDAQ,86.91,45.92,190.33,98.7,78.39,29.46,11.75,1.38,18.15,1.95,40.6,6.36,6.01,-9.35,-11.23,285.26,126.79,-57.97,11.73,4586827.064361572,711136.0,0.105399996,-85.16,24700,0.0,6.23,-3.53,6.33,-5.06,5.26,14.26,3.74,60.7,7.68,2.17,78110,5409870,3272682,
3199,NYT,Communication Services,Publishing,NYSE,86.9,45.9,98.35,66.38,81.39,33.73,88.29,38.44,101.26,66.76,120.71,82.01,66.6,4.91,6.01,0.41,-13.97,-4.78,45.43,10112480965.24961,161283586.0,0.0859,-23.54,2096600,0.7,64.32,3.54,63.82,4.36,65.93,1.02,66.68,-0.12,3.96,45.88,2704850,3014246,2770370,0.113
3200,PLMKU,Financial Services,Shell Companies,NASDAQ,86.9,45.9,98.52,68.06,87.97,46.28,89.05,40.09,94.16,55.81,88.97,40.69,10.76,0.0,0.0,0.19,-0.46,-12.73,36.81,,,0.26,-15.48,0,0.0,10.76,0.0,10.76,0.0,10.75,0.09,10.79,-0.28,0.01,-0.02,0,216,144,
3201,AX,Financial Services,Banks - Regional,NYSE,86.88,45.87,93.69,42.9,87.41,45.31,97.45,62.08,98.39,62.41,109.29,74.09,88.46,0.97,-0.14,-5.61,-9.9,1.09,52.99,5045358994.883858,56734049.0,0.0804,-16.34,333200,0.87,88.52,-0.07,87.93,0.6,89.69,-1.37,94.95,-6.84,2.4,66.44,373970,381936,351640,0.181
3202,EQX,Basic Materials,Gold,NYSE ARCA,86.86,45.85,92.96,39.7,94.83,64.54,94.07,55.48,74.35,24.33,142.66,89.63,11.12,2.77,-5.2,-8.85,24.36,-20.81,30.01,12970478221.604479,1167459822.0,3.36,-41.35,9116700,0.74,11.16,-0.36,11.23,-0.98,11.69,-4.88,11.84,-6.08,4.51,43.84,10936040,12373090,13907100,1.693
3203,KHC,Consumer Defensive,Packaged Foods,NYSE,86.86,45.85,91.38,33.82,92.86,61.12,94.82,57.44,98.43,62.47,80.41,28.11,22.48,0.09,-5.78,-7.83,-17.31,-3.53,46.76,26313429823.31821,1185823758.0,0.109799996,-19.97,31306400,1.49,22.1,1.72,22.63,-0.66,23.54,-4.5,24.41,-7.91,2.38,90.65,15672980,20997150,18428548,-0.014
3204,FOF,Financial Services,Asset Management,NYSE,86.83,45.81,94.9,48.53,86.96,44.28,92.95,52.12,95.45,57.99,99.03,60.86,12.44,0.24,1.3,-3.94,-5.26,0.52,52.24,347819300.0,27825544.0,0.0005,-17.29,58666,0.83,12.42,0.16,12.38,0.48,12.49,-0.4,13.04,-4.6,1.4,80.33,84196,71072,61469,
3205,REGCP,Real Estate,REIT - Retail,NASDAQ,86.83,45.81,94.2,45.29,88.65,47.76,92.49,50.29,91.05,49.23,91.83,48.73,21.86,0.6,-1.75,-5.43,-4.95,-2.94,47.65,,,0.66,-11.68,3305,0.78,21.89,-0.14,21.86,0.0,22.39,-2.37,22.86,-4.37,1.39,-0.0,7190,4260,3868,0.089
3206,JLL,Real Estate,Real Estate Services,NYSE,86.77,45.79,87.95,24.97,92.03,59.1,102.35,69.61,95.34,57.85,108.4,73.17,303.14,-1.6,-6.55,-11.4,-10.84,-9.95,39.66,14115623245.106506,46007703.0,0.0214,-23.03,457500,1.16,302.53,0.2,307.32,-1.36,323.06,-6.17,349.63,-13.3,3.13,111.79,522630,395830,368482,0.108
3207,DOX,Technology,Software - Infrastructure,NASDAQ,86.76,45.76,103.84,86.0,82.26,35.06,84.36,32.56,61.86,15.82,72.05,21.17,60.25,3.24,5.19,0.98,7.09,-22.36,28.98,6170251566.604614,106164000.0,0.104499996,-29.64,952100,0.97,58.81,2.45,58.06,3.77,58.9,2.29,58.99,2.14,2.29,155.63,981840,983310,1066516,0.027
3208,BOBS,Consumer Cyclical,Specialty Retail,NYSE,86.76,45.76,92.44,37.53,81.84,34.41,90.61,43.25,100.09,65.21,67.72,18.32,14.27,2.81,4.24,-6.12,-15.31,,,1854449553.6015205,130687076.0,0.20979999,-39.25,595000,0.7,14.38,-0.76,14.11,1.13,14.48,-1.45,16.33,-12.61,5.32,30.29,840420,854036,932914,0.088
3209,MHO,Consumer Cyclical,Residential Construction,NYSE,86.73,45.74,89.51,28.89,86.61,43.67,91.72,46.15,106.85,74.1,90.28,45.14,130.17,-3.77,-5.51,-6.42,-15.74,1.97,54.63,3407141118.6761627,25283031.0,0.074,-20.46,198800,0.98,131.91,-1.32,134.19,-3.0,137.28,-5.18,144.53,-9.94,2.91,93.32,187240,203323,203858,-0.085
3210,BR,Technology,Information Technology Services,NYSE,86.71,45.71,99.62,75.83,86.35,43.15,86.83,36.0,67.61,19.19,64.1,15.78,165.21,2.52,1.57,-1.8,4.41,-25.53,26.92,17717401194.85547,112900032.0,0.0294,-30.8,1071200,1.08,160.0,3.26,160.99,2.62,163.75,0.89,168.41,-1.9,2.11,166.48,820300,992693,1154556,0.075
3211,BCDA,Healthcare,Biotechnology,NASDAQ,86.71,45.71,98.51,67.96,75.96,27.21,89.02,40.02,54.71,11.64,64.56,16.05,1.06,3.92,-0.93,-3.64,37.66,-16.54,33.61,15744332.702501297,15138782.0,0.0651,-41.11,162400,0.56,1.07,-0.93,1.05,0.95,1.09,-2.75,1.04,1.92,5.66,16.67,126880,287843,276298,
3212,UHT,Real Estate,REIT - Healthcare Facilities,NYSE,86.7,45.68,92.12,36.38,88.46,47.32,94.71,57.26,98.8,63.22,101.74,64.59,37.54,3.05,-2.95,-6.95,-14.39,-2.21,48.48,508969793.2346039,13898684.0,0.0438,-18.92,147700,1.07,37.16,1.02,37.51,0.08,38.54,-2.59,39.85,-5.8,2.31,56.6,211190,138670,124594,0.007
3213,WFC,Financial Services,Banks - Diversified,NYSE,86.7,45.68,94.96,48.8,87.56,45.54,100.9,67.31,95.87,58.47,91.29,47.68,82.03,2.22,-0.18,-8.3,-1.63,-10.35,39.02,243280737352.6864,3023999336.0,0.0,-16.09,16700600,1.18,81.14,1.1,81.03,1.23,83.92,-2.25,85.73,-4.32,2.15,132.06,13609560,14161800,13150806,0.095
3214,NBIX,Healthcare,Drug Manufacturers - Specialty & Generic,NASDAQ,86.68,45.66,91.48,34.23,81.91,34.52,95.83,59.5,115.12,81.4,94.24,53.48,141.25,0.38,1.66,-9.78,-21.87,-2.59,47.95,14554128991.079163,101649181.0,0.0634,-24.11,1237200,0.97,143.52,-1.58,141.74,-0.35,145.22,-2.73,152.83,-7.58,2.56,25.19,1521930,1280323,1350826,0.395
3215,EDIT,Healthcare,Biotechnology,NASDAQ,86.66,45.63,95.65,52.63,92.58,60.42,97.08,61.49,92.67,53.06,147.53,90.8,2.84,12.7,3.27,7.17,9.23,21.37,76.37,402379674.1241598,153580035.0,0.19540001,-37.4,6067000,2.04,2.75,3.27,2.65,7.17,2.69,5.58,2.84,0.0,6.92,76.34,2653200,2979930,2762650,2.323
3216,NWTG,Consumer Cyclical,Leisure,NASDAQ,86.66,45.63,111.44,93.21,65.64,17.17,87.86,37.58,59.09,14.01,67.08,17.87,1.14,7.55,18.38,-11.63,4.59,-30.91,23.78,6898463.321775913,5654478.0,0.0081,-41.24,29700,0.38,1.17,-2.56,1.11,2.7,1.13,0.88,1.19,-4.2,13.2,6.64,111220,78090,77662,-0.364
3217,CCXI,Financial Services,Shell Companies,NASDAQ,86.65,45.6,80.71,13.3,95.52,65.63,113.7,81.71,136.6,90.51,87.92,36.76,11.04,-4.99,-9.73,-13.82,-18.34,,,667842987.2512817,55700000.0,0.1014,-43.93,2903800,1.3,11.65,-5.24,11.83,-6.68,12.2,-9.51,13.75,-19.71,6.11,11.86,2706290,2236503,2515660,
3218,BMRN,Healthcare,Biotechnology,NASDAQ,86.65,45.6,86.81,22.47,95.11,65.14,107.13,75.14,95.3,57.78,87.05,35.41,54.89,-6.07,-10.53,-16.21,-10.56,-10.24,39.19,11068547598.694023,193573759.0,0.052199997,-22.67,3098900,1.5,56.21,-2.35,57.91,-5.21,61.23,-10.35,63.6,-13.69,2.82,63.99,2333370,2071836,2169072,0.199
3219,AEE,Utilities,Utilities - Regulated Electric,NYSE,86.64,45.57,95.98,54.28,82.94,36.47,92.72,51.3,96.5,59.44,99.47,61.48,101.84,2.21,2.66,-2.96,-6.74,5.59,61.57,27667715180.826843,276843251.0,0.0498,-13.93,2769100,1.44,100.9,0.93,100.25,1.59,101.47,0.36,104.76,-2.79,1.38,90.16,2614690,1917236,1782740,-0.062
3220,HGBL,Financial Services,Capital Markets,NASDAQ,86.64,45.57,97.12,60.0,89.29,48.9,92.51,50.37,70.43,20.93,77.29,25.21,1.28,1.59,-3.76,-8.57,6.67,2.4,55.63,44684882.72861004,34639445.0,0.0023999999,-22.42,21600,0.2,1.29,-0.78,1.29,-0.78,1.33,-3.76,1.24,3.23,4.02,0.0,68630,108976,222432,-0.143
3221,TFC,Financial Services,Banks - Regional,NYSE,86.59,45.53,92.44,37.53,89.13,48.56,98.4,63.4,102.11,67.9,105.45,69.86,46.18,-0.22,-2.12,-8.25,-10.84,-4.94,45.27,56744537364.626816,1221626188.0,0.0216,-17.83,9388700,1.21,46.16,0.04,46.46,-0.6,47.74,-3.27,49.78,-7.23,1.92,125.12,8265320,7757596,7112344,0.082
3222,WWD,Industrials,Aerospace & Defense,NASDAQ,86.59,45.53,92.09,36.28,86.38,43.18,94.51,56.74,114.73,81.07,138.91,88.67,323.45,-3.79,-0.75,-2.8,-16.0,5.99,62.06,19580774540.090332,59045820.0,0.0202,-28.27,452700,0.63,328.97,-1.68,329.56,-1.85,327.29,-1.17,341.91,-5.4,2.61,40.83,661020,723266,694508,0.212
3223,ELWT,Communication Services,Telecom Services,NASDAQ,86.58,45.5,84.43,18.57,96.99,68.04,99.18,64.28,99.51,64.25,88.6,38.89,5.99,-5.67,-13.13,-16.6,-29.36,14.97,71.34,42035703.96868706,6619796.0,0.0047,-38.37,0,0.0,6.14,-2.44,6.43,-6.84,6.8,-11.91,7.35,-18.5,7.85,0.0,6760,9790,10598,-0.464
3224,PIM,Financial Services,Asset Management,NYSE,86.58,45.5,95.49,51.73,86.58,43.61,90.77,43.55,88.29,39.63,90.99,46.89,2.99,-0.33,-0.66,-2.85,-3.11,-2.1,48.73,144071180.04952168,48184341.0,0.0002,-13.08,18982,0.24,2.99,0.0,3.0,-0.33,3.01,-0.66,3.08,-2.92,1.37,80.55,99318,79669,66467,-0.132
3225,ZTR,Financial Services,Asset Management,NYSE,86.57,45.47,92.74,38.73,87.61,45.73,96.43,60.58,97.75,61.45,101.92,64.87,6.07,2.02,-0.33,-7.4,-8.58,3.65,58.55,299461670.52737236,49993603.0,0.69,-14.63,137835,1.0,6.04,0.5,6.02,0.83,6.16,-1.46,6.47,-6.18,1.74,38.48,178573,138147,124574,
3226,IVT,Real Estate,REIT - Retail,NYSE,86.57,45.47,91.25,33.45,87.5,45.47,94.02,55.38,109.67,76.99,104.98,69.19,29.59,-2.57,-2.41,-6.86,-16.62,7.01,63.27,2370544272.6535892,77978431.0,0.083500005,-20.5,504100,0.75,29.76,-0.57,30.04,-1.5,30.44,-2.79,31.88,-7.18,1.79,85.14,753690,670400,656540,0.126
3227,LKFT,Healthcare,Biotechnology,NASDAQ,86.56,45.44,98.64,69.07,87.7,45.87,79.48,27.57,84.38,34.8,83.95,31.86,29.51,2.25,-2.8,10.07,6.46,-8.81,40.76,1923284812.8569221,65484670.0,0.085200004,-20.24,505000,1.59,29.54,-0.1,29.5,0.03,29.0,1.76,28.44,3.76,3.35,85.98,321560,317786,302124,-0.815
3228,DPG,Financial Services,Asset Management,NYSE,86.54,45.42,92.86,39.36,87.04,44.49,96.48,60.67,101.46,67.0,105.76,70.27,12.91,1.81,0.35,-6.58,-9.89,7.29,63.6,461842777.4236393,35997099.0,0.0008,-14.79,39907,0.49,12.93,-0.15,12.85,0.47,13.14,-1.75,13.85,-6.79,1.62,14.38,96770,81630,69148,
3229,SID,Basic Materials,Steel,NYSE,86.54,45.42,109.8,92.31,82.54,35.63,94.64,57.08,60.72,14.83,76.2,24.18,1.23,9.82,11.82,-10.87,19.42,-24.54,27.4,1538268934.2568393,1326093947.0,0.0054,-44.09,11221500,1.23,1.22,0.82,1.15,6.96,1.17,5.13,1.08,13.89,6.33,25.69,11791020,9114403,7079414,0.057
3230,BCRX,Healthcare,Drug Manufacturers - Specialty & Generic,NASDAQ,86.52,45.37,89.12,27.74,86.27,43.0,92.04,47.98,103.06,69.24,118.37,80.64,8.29,2.09,-2.7,0.0,-13.01,11.88,68.5,2087721827.3457813,255535105.0,0.1375,-26.11,5121500,0.99,8.18,1.34,8.27,0.24,8.38,-1.07,9.11,-9.0,3.75,51.49,5803660,5153696,4399694,0.336
3231,EAD,Financial Services,Asset Management,NYSE ARCA,86.52,45.37,95.68,52.78,85.74,41.75,90.57,43.15,88.46,39.9,92.65,50.48,6.02,0.17,0.0,-4.25,-2.53,-4.21,45.96,356326798.4780655,59092336.0,0.003,-14.73,409284,1.49,6.01,0.17,6.01,0.17,6.09,-1.15,6.22,-3.22,1.42,93.33,318838,274226,269005,-0.096
3232,SVRA,Healthcare,Biotechnology,NASDAQ,86.52,45.37,87.85,24.7,87.75,45.97,95.19,58.17,127.9,87.59,143.97,90.03,4.83,-4.26,-4.73,-9.21,-8.52,-20.17,30.5,985699877.9939709,204927212.0,0.2466,-31.05,2514600,1.25,4.79,0.84,4.93,-2.03,5.11,-5.48,5.33,-9.38,5.54,72.88,3019210,2009276,1822172,
3233,MSD,Financial Services,Asset Management,NYSE,86.52,45.37,94.05,44.56,87.4,45.26,92.4,49.93,91.26,49.87,93.54,52.16,6.67,-1.48,-1.99,-4.99,-5.65,-3.11,47.35,135751909.7017622,20231283.0,0.63,-15.99,47984,0.62,6.68,-0.15,6.73,-0.89,6.84,-2.49,7.01,-4.85,1.87,24.02,73148,77716,63577,-0.061
3234,DRD,Basic Materials,Gold,NYSE,86.51,45.32,94.84,48.07,90.9,55.14,96.4,60.53,76.09,26.01,124.69,83.84,24.1,-0.58,-3.37,-8.62,22.89,-19.93,30.71,2111078301.6191368,86875653.0,0.0337,-38.79,218800,0.84,24.14,-0.17,24.32,-0.9,25.15,-4.17,25.33,-4.86,3.03,71.16,235070,259683,284964,0.498
3235,NVA,Basic Materials,Other Industrial Metals & Mining,NYSE ARCA,86.5,45.31,95.79,53.33,99.54,71.55,108.02,76.16,97.37,60.79,147.51,90.78,5.12,-6.06,-0.97,-16.07,16.89,-23.58,28.08,2847218340.3382874,494308720.0,0.0348,-68.55,337700,0.61,5.57,-8.08,5.51,-7.08,5.71,-10.33,5.54,-7.58,8.49,4.6,630340,549633,417960,
3236,ODFL,Industrials,Trucking,NASDAQ,86.49,45.29,94.3,45.81,87.29,45.03,89.98,41.92,116.86,82.59,122.15,82.72,181.65,1.99,3.84,0.61,-18.34,15.9,72.27,37423722252.63693,207356622.0,0.0494,-27.93,1566000,0.83,179.03,1.46,177.47,2.36,177.41,2.39,192.54,-5.66,2.58,125.02,1874050,1885943,1775664,0.104
3237,SMMT,Healthcare,Biotechnology,NASDAQ,86.48,45.27,106.54,89.37,89.07,48.54,103.02,70.54,63.92,17.08,108.85,73.64,17.17,2.88,4.82,1.0,34.14,-3.65,46.62,13366293912.01189,797749602.0,0.2626,-41.26,6173200,0.88,17.29,-0.69,16.75,2.51,17.03,0.82,15.38,11.64,7.27,30.05,8893260,7052110,6379868,
3238,KEN,Utilities,Utilities - Independent Power Producers,NYSE,86.45,45.26,89.28,28.12,95.53,65.65,95.49,58.77,101.08,66.38,164.18,93.27,59.53,0.25,-6.63,-8.63,-6.74,-3.13,47.33,3152037021.992214,52108397.0,0.0031,-37.94,14900,1.03,60.96,-2.35,61.74,-3.58,63.35,-6.03,65.13,-8.6,2.74,0.0,13730,14516,16702,0.934
3239,CWCO,Utilities,Utilities - Regulated Water,NASDAQ,86.44,45.24,105.04,87.82,77.9,29.06,79.94,27.91,77.68,27.46,91.44,48.01,30.33,5.28,9.53,8.71,3.44,-13.89,35.85,482787873.64157677,16012865.0,0.0477,-22.47,81800,0.89,30.29,0.13,29.1,4.23,28.56,6.2,29.24,3.73,2.49,64.98,105780,92043,90744,-0.021
3240,AGCO,Industrials,Farm & Heavy Construction Machinery,NYSE,86.42,45.22,91.24,33.4,92.79,60.97,101.03,67.46,92.94,53.57,103.36,67.12,108.13,-3.29,-6.95,-11.32,-6.64,3.0,57.09,8026336503.433975,70031729.0,0.060599998,-24.79,916300,0.8,112.85,-4.18,114.21,-5.32,117.66,-8.1,112.94,-4.26,3.8,52.55,868220,1143690,1086262,-0.01
3241,LXU,Basic Materials,Chemicals,NYSE,86.4,45.2,94.08,44.68,86.94,44.23,100.01,65.7,92.52,52.82,154.9,92.11,10.13,3.79,0.4,-12.9,-11.61,16.71,72.96,709895364.7216187,71997504.0,0.0688,-41.17,581000,0.78,10.11,0.2,9.95,1.81,10.47,-3.25,10.49,-3.43,3.68,13.41,663690,748960,816460,0.111
3242,FGBIP,Financial Services,Banks - Regional,NASDAQ,86.4,45.2,90.35,31.05,92.4,59.98,93.62,54.35,104.46,71.02,87.28,35.81,16.89,-1.99,-4.87,-6.24,-12.63,19.18,74.75,,,0.2,-21.3,6973,1.14,17.07,-1.05,17.17,-1.63,17.51,-3.54,18.39,-8.16,1.21,34.27,9557,6119,5485,1.768
3243,NNI,Financial Services,Credit Services,NYSE,86.38,45.17,97.59,62.31,84.83,39.9,90.0,41.96,89.9,44.4,101.07,63.59,125.96,1.93,0.74,0.14,-8.51,-8.41,41.03,4431999083.3311615,35779438.0,0.0444,-12.76,152900,1.06,124.74,0.98,124.28,1.35,125.36,0.48,127.19,-0.97,1.64,116.02,128350,144073,145208,-0.305
3244,RLI,Financial Services,Insurance - Property & Casualty,NYSE,86.38,45.17,93.12,40.48,86.23,42.87,95.7,59.25,88.91,40.7,83.17,31.0,56.3,0.21,0.27,-6.85,-14.0,-9.96,39.62,5133781493.968964,91773000.0,0.1037,-16.12,1408400,1.99,55.98,0.57,55.95,0.63,57.8,-2.6,61.01,-7.72,2.25,84.54,855590,708140,693368,0.152
3245,ECHO,Communication Services,Telecom Services,NASDAQ,86.37,45.14,101.48,81.71,84.82,39.87,80.37,28.34,120.82,84.72,260.04,97.52,93.36,5.79,3.3,1.64,11.29,-10.15,39.33,27409393297.0,290815844.0,0.2344,-36.6,4969600,1.48,96.7,-3.45,93.04,0.34,93.16,0.21,90.41,3.26,3.49,15.36,4049940,3365320,3565880,-0.04
3246,IRS,Real Estate,Real Estate Services,NYSE,86.36,45.12,90.32,30.98,88.11,46.53,93.07,52.84,91.47,50.35,97.33,58.3,13.85,4.92,-6.42,-11.05,-10.36,-10.93,38.51,1130249277.595067,84599499.0,0.0178,-27.64,60000,0.32,13.88,-0.22,13.95,-0.72,14.72,-5.91,14.84,-6.67,3.67,31.46,193020,184890,159638,0.041
3247,MCN,Financial Services,Asset Management,NYSE,86.36,45.12,94.98,48.92,88.5,47.42,92.14,48.51,88.46,39.9,95.04,54.79,5.26,0.0,-1.13,-5.04,-3.69,-2.32,48.26,110425657.00502396,20993470.0,0.23,-17.68,22086,0.39,5.25,0.19,5.26,0.0,5.36,-1.87,5.48,-4.01,1.47,38.89,58338,57342,57421,
3248,DIN,Consumer Cyclical,Restaurants,NYSE,86.35,45.08,93.07,40.31,85.52,41.27,86.42,35.4,114.34,80.79,98.63,60.22,29.47,3.73,1.59,5.13,-18.44,-12.03,37.24,378761768.9658165,12659150.0,0.1723,-25.73,647800,1.24,29.55,-0.27,28.91,1.94,28.52,3.33,31.8,-7.33,4.76,64.87,823370,523710,415886,0.044
3249,TYG,Financial Services,Asset Management,NYSE,86.35,45.08,92.06,36.23,88.52,47.52,97.47,62.17,91.97,51.44,104.75,68.83,38.96,3.23,-3.61,-10.31,-6.63,6.23,62.35,967994015.5029297,25400000.0,0.0019,-23.88,153749,0.97,38.69,0.7,38.61,0.91,40.48,-3.75,41.68,-6.53,2.27,44.7,203034,158018,142568,-0.029
3250,ACNT,Basic Materials,Specialty Chemicals,NASDAQ,86.35,45.08,89.85,29.78,94.99,64.85,99.4,64.72,98.48,62.52,91.11,47.18,13.69,-1.86,-6.49,-7.37,-11.16,-12.58,36.84,124060171.93420029,9009453.0,0.018099999,-23.6,15100,0.52,13.72,-0.22,14.02,-2.35,14.43,-5.13,14.9,-8.12,2.07,67.0,25720,28810,40060,0.376
3251,COF,Financial Services,Credit Services,NYSE,86.34,45.03,96.24,55.64,84.17,38.61,96.57,60.85,88.43,39.83,88.89,40.35,199.4,2.53,1.42,-3.72,-4.12,-17.23,32.94,119460720748.90137,613500000.0,0.018099999,-23.2,5091500,1.44,196.2,1.63,196.17,1.65,199.83,-0.22,210.01,-5.05,2.16,148.04,3508470,3524480,3373398,11.11
3252,CANG,Financial Services,Capital Markets,NYSE,86.34,45.03,168.12,98.5,50.12,9.2,32.29,4.47,21.26,2.51,18.57,1.89,3.56,39.61,75.37,97.78,128.21,-77.03,6.17,109528655.0197277,41021967.0,0.030199999,-85.53,1016800,1.41,3.11,14.47,2.72,30.88,2.38,49.58,2.12,67.92,9.47,91.95,1067640,721236,607212,
3253,MIN,Financial Services,Asset Management,NYSE,86.33,45.0,95.87,53.63,85.62,41.48,88.39,38.63,88.84,40.47,87.45,35.96,13.75,-0.36,-0.36,-2.06,-3.71,-5.8,44.1,265149885.85788345,113798238.0,1.02,413.06,26408,0.57,13.83,-0.58,13.86,-0.79,13.92,-1.22,14.22,-3.31,1.4,5.19,38557,46422,38156,-0.023
3254,SBGI,Communication Services,Broadcasting,NASDAQ,86.33,45.0,96.63,57.65,83.82,37.94,91.85,46.79,88.08,39.31,107.74,72.5,13.14,5.04,3.14,-4.92,-5.82,-12.94,36.65,898913507.8697205,72318060.0,0.2913,-26.51,672600,1.41,12.84,2.34,12.78,2.82,13.18,-0.3,13.61,-3.45,3.1,46.67,534980,478026,491958,0.071
3255,GAB,Financial Services,Asset Management,NYSE,86.32,44.96,94.67,47.32,86.4,43.24,92.32,49.5,92.36,52.38,94.05,53.11,5.2,0.0,-1.33,-4.37,-4.03,-8.56,40.91,1799308082.206688,343379420.0,0.0,-17.55,888634,0.86,5.22,-0.38,5.24,-0.76,5.31,-2.07,5.45,-4.59,1.81,74.24,1087033,1035221,890508,0.366
3256,LOMA,Basic Materials,Building Materials,NYSE,86.32,44.96,99.31,74.54,78.82,29.97,84.86,33.01,97.06,60.28,98.1,59.4,10.01,10.85,7.29,-0.79,-12.96,-20.68,30.11,1068941112.9935074,116696630.0,0.0174,-24.17,616100,1.42,9.63,3.95,9.42,6.26,9.52,5.15,9.86,1.52,3.43,160.38,596060,433163,441702,0.021
3257,FTF,Financial Services,Asset Management,NYSE ARCA,86.32,44.96,94.77,47.82,85.94,42.26,92.49,50.29,89.9,44.4,90.78,46.38,5.33,-0.37,-0.37,-5.44,-4.75,-2.97,47.57,216976853.7559719,40405374.0,0.32,-16.98,252085,1.17,5.35,-0.37,5.35,-0.37,5.45,-2.2,5.58,-4.48,1.56,0.0,287698,215609,208235,-0.048
3258,CBU,Financial Services,Banks - Regional,NYSE,86.31,44.93,93.29,41.07,88.76,47.89,95.2,58.19,105.04,71.71,98.67,60.3,59.1,-1.38,-2.7,-5.01,-7.56,0.28,51.95,3193259202.1930504,52615905.0,0.0541,-16.89,333400,1.18,59.74,-1.07,60.01,-1.52,60.99,-3.1,62.53,-5.49,1.86,48.28,283740,282253,251316,0.12
3259,JLS,Financial Services,Asset Management,NYSE,86.29,44.91,96.81,58.56,84.96,40.07,88.88,39.68,88.15,39.42,94.22,53.4,16.25,-0.31,0.62,-2.43,-4.23,-3.89,46.3,89597621.06266785,5476627.0,0.00090000004,-14.38,33344,1.35,16.26,-0.06,16.25,0.0,16.34,-0.55,16.63,-2.29,1.42,17.39,36474,24684,27182,
3260,RQI,Financial Services,Asset Management,NYSE,86.28,44.88,93.68,42.87,86.67,43.74,90.84,43.66,91.98,51.48,102.49,65.61,11.12,2.49,-0.36,-5.2,-11.0,4.73,60.37,1487764082.0258074,134517543.0,0.00090000004,-18.05,765647,1.08,11.03,0.82,11.01,1.0,11.28,-1.42,11.83,-6.0,1.72,124.42,800444,707611,617676,0.043
3261,HERZ,Financial Services,Asset Management,NASDAQ,86.28,44.88,91.64,34.72,91.24,56.7,95.12,58.08,101.43,66.92,101.6,64.4,14.77,-4.46,-5.14,-7.92,-3.0,-17.26,32.92,30830837.461209297,2017725.0,0.0038,-47.81,4500,0.17,15.0,-1.53,15.18,-2.7,15.53,-4.89,15.67,-5.74,2.91,2.33,18880,26353,25218,1.943
3262,HBANZ,Financial Services,Banks - Regional,NASDAQ,86.28,44.88,97.21,60.35,85.62,41.48,86.38,35.33,84.7,35.17,88.82,40.0,19.0,1.99,-1.04,-0.68,-2.15,,,,,0.68,-14.53,8558,0.77,18.68,1.71,18.77,1.23,18.96,0.21,19.18,-0.94,1.62,185.15,13995,11171,10637,0.476
3263,REGCO,Real Estate,REIT - Retail,NASDAQ,86.27,44.83,94.54,46.69,88.37,47.08,91.71,46.1,89.76,43.61,90.3,45.2,20.8,0.68,-2.35,-4.98,-4.75,-3.36,46.94,,,0.76,-14.19,0,0.0,20.77,0.14,20.68,0.58,21.2,-1.89,21.64,-3.88,1.44,0.0,3760,3613,3170,0.089
3264,GEN,Technology,Software - Infrastructure,NASDAQ,86.27,44.83,86.41,21.77,85.42,41.11,111.36,79.65,99.96,64.95,67.9,18.43,22.75,2.25,-1.39,-24.09,-17.3,-16.35,33.75,13162928696.674301,598587032.0,0.0654,-28.12,10698000,0.99,22.44,1.38,21.98,3.5,25.63,-11.24,27.61,-17.6,6.05,39.21,16033180,10831873,8672362,0.063
3265,MTX,Basic Materials,Specialty Chemicals,NYSE,86.26,44.8,92.14,36.48,85.38,41.01,93.17,53.26,102.28,68.14,105.97,70.57,64.7,-0.74,-2.49,-6.8,-12.11,7.37,63.72,2067883669.1597443,31128762.0,0.047399998,-23.29,168600,0.91,65.68,-1.49,65.9,-1.82,66.88,-3.26,70.17,-7.8,1.95,15.88,173120,185156,212552,0.037
3266,BPRE,Financial Services,Asset Management,NYSE,86.26,44.8,105.54,88.32,80.22,31.76,75.93,23.7,78.78,28.34,96.88,57.7,13.01,3.09,5.77,9.41,10.64,-15.84,34.24,,,0.24,-28.77,1072559,1.15,12.86,1.17,12.68,2.6,12.34,5.43,12.21,6.55,2.18,63.52,969505,930315,900651,
3267,ICL,Basic Materials,Agricultural Inputs,NYSE,86.25,44.78,92.82,39.12,89.2,48.8,94.84,57.46,78.27,27.9,78.72,26.43,5.0,0.6,-3.47,-12.59,-0.97,3.17,57.41,6505220490.203002,1290718361.0,0.0052,-28.26,1387100,1.16,5.05,-0.99,5.06,-1.19,5.27,-5.12,5.39,-7.24,2.24,8.94,1116580,1191036,1170068,0.165
3268,SEG,Real Estate,Real Estate Services,NYSE,86.24,44.75,87.71,24.46,90.83,54.88,102.43,69.72,105.98,72.78,96.98,57.78,22.36,-1.67,-5.45,-13.5,-15.17,11.91,68.56,286677404.9298096,12809536.0,0.0866,-24.48,109800,1.45,22.46,-0.45,22.77,-1.8,23.72,-5.73,25.65,-12.83,3.22,18.07,101840,75646,79816,-0.148
3269,PFGC,Consumer Defensive,Food Distribution,NYSE,86.24,44.75,95.51,51.86,81.37,33.67,87.43,36.84,105.12,71.74,89.24,41.71,94.72,3.14,4.87,0.39,-18.8,3.34,57.81,14741250037.476448,157072459.0,0.0502,-19.37,1214900,0.85,93.68,1.11,92.73,2.15,92.23,2.7,100.13,-5.4,2.07,102.68,1272920,1429600,1583950,0.073
3270,IBN,Financial Services,Banks - Regional,NYSE,86.23,44.71,95.71,53.04,86.16,42.67,92.42,50.01,86.03,36.74,80.58,28.22,27.9,1.42,0.07,-3.29,-5.47,-5.97,43.81,98487786183.88225,3589204966.0,0.0114,-15.53,6360100,1.41,27.79,0.4,27.65,0.9,28.05,-0.53,29.16,-4.32,1.37,99.63,4632560,4510883,4821626,0.114
3271,TLPH,Healthcare,Drug Manufacturers - Specialty & Generic,NASDAQ,86.23,44.71,85.27,19.64,109.19,81.49,127.08,89.37,166.43,95.35,105.88,70.44,1.08,-3.57,-7.69,-12.9,-17.56,-1.82,48.99,58653549.23249388,51905796.0,0.0167,-31.21,242900,1.68,1.11,-2.7,1.13,-4.42,1.16,-6.9,1.22,-11.48,4.03,114.75,211030,144926,214214,
3272,SPH,Utilities,Utilities - Regulated Gas,NYSE,86.23,44.71,98.69,69.69,82.72,36.03,85.7,34.44,88.37,39.72,90.42,45.56,17.14,4.58,4.0,-1.44,-4.27,-2.81,47.77,1112095496.3797512,66712387.0,0.0057,-17.6,175300,0.85,16.93,1.24,16.72,2.51,16.81,1.96,17.33,-1.1,1.97,20.72,201670,206310,215494,0.005
3273,BRT,Real Estate,REIT - Residential,NYSE,86.22,44.68,95.69,52.88,83.89,38.19,89.91,41.78,95.37,57.88,87.67,36.28,13.53,1.58,0.59,-3.23,-8.8,-1.6,49.43,249950587.68453312,18793277.0,0.0304,-14.42,51500,0.87,13.45,0.59,13.44,0.67,13.6,-0.51,13.96,-3.08,2.16,48.0,67650,59160,52878,-0.001
3274,HEPS,Consumer Cyclical,Internet Retail,NASDAQ,86.21,44.65,101.84,82.46,76.94,28.04,88.05,38.0,97.03,60.23,91.08,47.11,2.65,6.85,12.29,0.38,-7.34,-19.45,30.93,871629508.4405899,357225200.0,0.0714,-20.42,172000,0.35,2.52,5.16,2.51,5.58,2.54,4.33,2.66,-0.38,4.12,36.65,318970,495683,363628,0.362
3275,MUJ,Financial Services,Asset Management,NYSE,86.21,44.65,93.24,40.92,87.06,44.59,91.86,46.93,96.12,58.88,96.29,56.88,11.12,-1.94,-1.16,-5.97,-7.13,-4.1,46.1,600991617.5442524,53185098.0,0.0057,-12.3,129721,0.85,11.2,-0.71,11.22,-0.89,11.45,-2.88,11.82,-5.92,1.83,19.65,189722,153414,123666,0.02
3276,EVER,Communication Services,Internet Content & Information,NASDAQ,86.2,44.63,94.86,48.15,73.76,24.85,103.13,70.68,115.95,82.1,62.22,14.59,20.74,3.8,14.84,-11.71,-22.7,-22.7,28.73,689778921.0,35373278.0,0.2719,-27.81,672100,0.81,19.69,5.33,19.46,6.58,20.86,-0.58,23.22,-10.68,5.82,111.87,775270,834480,785302,0.246
3277,DUK,Utilities,Utilities - Regulated Electric,NYSE,86.18,44.6,97.16,60.19,82.33,35.2,89.9,41.75,91.43,50.22,95.6,55.88,116.84,2.73,3.19,-2.12,-8.69,3.75,58.67,88987409145.57397,779702193.0,0.0271,-13.12,4254300,1.06,115.19,1.43,114.47,2.07,115.93,0.78,119.51,-2.23,1.27,132.85,4369670,4011140,4306478,0.011
3278,HWM,Industrials,Aerospace & Defense,NYSE,86.18,44.6,89.55,29.0,89.38,49.02,92.67,51.0,114.72,81.05,124.36,83.7,222.56,-2.55,-2.97,-2.35,-18.37,9.54,66.14,92230801250.5934,398801399.0,0.0249,-28.21,2653800,0.75,227.55,-2.19,228.41,-2.56,227.97,-2.37,253.58,-12.23,2.56,51.5,2339540,3519160,2955104,0.241
3279,INR,Energy,Oil & Gas E&P,NYSE,86.16,44.58,95.37,51.07,83.07,36.79,99.27,64.46,78.31,27.96,100.5,62.83,13.35,4.87,-0.22,-13.2,8.01,-7.99,41.7,240668578.63545227,18642028.0,0.17909999,-31.84,279000,0.94,13.31,0.3,13.01,2.61,13.37,-0.15,13.91,-4.03,3.74,22.01,256950,296153,277618,1.296
3280,LAW,Technology,Software - Application,NYSE,86.15,44.56,104.83,87.59,81.0,32.96,79.55,27.64,76.1,26.06,77.29,25.21,4.36,2.35,2.59,7.39,3.32,-48.03,15.25,271364606.55578375,64919765.0,0.049200002,-52.14,170200,0.92,4.24,2.83,4.22,3.32,4.21,3.56,4.23,3.07,3.64,66.13,143000,185906,204770,0.132
3281,PCAR,Industrials,Farm & Heavy Construction Machinery,NASDAQ,86.14,44.53,90.87,32.4,88.77,47.91,101.28,67.95,101.5,67.06,111.67,76.07,109.66,-0.25,-0.91,-10.53,-17.87,-0.89,50.37,57731708205.673836,526364953.0,0.0271,-21.24,3775200,1.11,108.98,0.62,109.94,-0.25,113.95,-3.76,122.56,-10.53,2.3,167.46,3561780,3409116,3292816,0.005
3282,JBIO,Healthcare,Biotechnology,NASDAQ,86.14,44.53,78.85,11.36,91.21,56.55,140.18,92.77,156.4,94.32,183.38,95.23,14.15,2.76,-3.94,-26.07,-26.87,-16.91,33.25,897995097.1618567,63597387.0,0.21129999,-49.46,1667200,1.74,13.9,1.8,14.03,0.86,15.55,-9.0,18.99,-25.49,6.87,99.73,858380,959816,894264,
3283,MCO,Financial Services,Financial Data & Stock Exchanges,NYSE,86.14,44.53,93.86,43.66,90.55,53.69,93.13,53.04,94.3,56.05,82.57,30.3,458.69,2.53,-1.85,-1.86,-4.88,-8.21,41.32,76435156561.40918,173180984.0,0.0191,-16.13,526700,0.68,450.03,1.92,453.52,1.14,461.72,-0.66,478.43,-4.13,2.19,100.42,917160,773320,751640,0.151
3284,PDT,Financial Services,Asset Management,NYSE,86.13,44.47,95.73,53.14,85.67,41.59,89.4,40.8,92.16,51.92,95.19,54.99,11.89,1.54,0.34,-2.48,-6.59,0.26,51.9,579401937.366128,49185225.0,0.36,-12.89,101241,0.7,11.8,0.76,11.75,1.19,11.91,-0.17,12.28,-3.18,1.6,63.16,165654,144828,136342,0.032
3285,VANI,Healthcare,Biotechnology,NASDAQ,86.13,44.47,92.77,38.9,87.88,46.18,94.33,56.24,98.45,62.49,91.3,47.72,1.23,0.82,0.0,-1.6,-2.38,-11.51,37.85,110950129.60049248,90203356.0,0.0146,-35.94,260700,1.26,1.24,-0.81,1.24,-0.81,1.24,-0.81,1.32,-6.82,4.21,77.24,131810,207573,195466,
3286,OGG,Basic Materials,Gold,NYSE,86.13,44.47,99.93,77.04,86.2,42.78,83.97,32.13,64.91,17.62,118.79,80.88,2.79,0.0,2.2,-1.06,22.91,-25.99,26.58,859404304.4698186,305837837.0,14.32,-41.81,1167800,0.78,2.8,-0.36,2.8,-0.36,2.76,1.09,2.8,-0.36,4.43,32.37,2019740,1504376,1783938,3.771
3287,TLN,Utilities,Utilities - Independent Power Producers,NASDAQ,86.13,44.47,110.77,92.89,69.98,21.06,81.41,29.44,101.88,67.54,101.8,64.7,359.22,11.18,19.74,15.3,13.61,-3.5,46.8,15172420480.34668,47300000.0,0.0633,-20.15,1440800,1.5,352.66,1.86,332.18,8.14,313.47,14.59,320.9,11.94,4.89,18.32,1358040,960343,927648,1.112
3288,BKU,Financial Services,Banks - Regional,NYSE,86.11,44.41,92.75,38.8,87.41,45.31,93.85,55.04,103.11,69.34,111.73,76.16,42.61,-0.26,-1.8,-5.67,-7.45,-3.98,46.19,3090055037.7042503,71232249.0,0.066,-18.23,1005400,1.04,42.88,-0.63,42.86,-0.58,43.65,-2.38,45.35,-6.04,1.99,74.31,963070,969250,798526,0.042
3289,DOV,Industrials,Specialty Industrial Machinery,NYSE,86.11,44.41,94.65,47.2,83.02,36.67,85.75,34.52,97.53,61.08,106.08,70.79,188.96,0.48,0.57,0.85,-4.31,-2.98,47.54,25547492209.059143,134680225.0,0.0357,-20.45,664600,0.52,190.02,-0.56,189.83,-0.46,188.92,0.02,196.4,-3.79,2.09,58.57,1113990,1288220,1157052,0.069
3290,FSI,Basic Materials,Specialty Chemicals,NYSE ARCA,86.11,44.41,102.78,84.14,74.39,25.6,77.59,25.3,90.96,48.91,98.88,60.68,6.05,0.83,4.31,6.14,19.33,-13.57,36.18,77273615.33616066,12772498.0,0.0093,-38.83,9500,0.83,6.17,-1.94,6.02,0.5,5.91,2.37,5.59,8.23,2.9,22.8,12500,11430,16200,-0.331
3291,NRXP,Healthcare,Biotechnology,NASDAQ,86.07,44.37,84.52,18.69,92.44,60.11,113.06,81.23,150.9,93.5,93.38,51.83,2.89,1.4,-4.62,-15.0,-10.53,21.94,76.84,125774201.89629817,43295767.0,0.2354,-42.83,645600,1.03,2.9,-0.34,2.91,-0.69,3.12,-7.37,3.28,-11.89,4.68,62.9,657210,629046,886576,
3292,HIG,Financial Services,Insurance - Diversified,NYSE,86.07,44.37,96.05,54.7,84.11,38.47,96.31,60.3,91.98,51.48,100.41,62.67,129.48,2.97,3.02,-5.35,-10.73,-5.6,44.38,34143416678.73575,270872002.0,0.0001,-11.36,1619700,0.95,127.09,1.88,125.97,2.79,129.44,0.03,134.82,-3.96,1.9,97.45,1917070,1704020,1584852,0.081
3293,HYT,Financial Services,Asset Management,NYSE,86.05,44.34,96.2,55.47,84.13,38.52,88.03,37.91,88.44,39.85,88.41,38.14,7.83,0.38,1.16,-3.11,-3.85,-5.47,44.58,1533955425.6949768,195657576.0,0.0021,-18.01,573353,0.54,7.81,0.26,7.81,0.26,7.89,-0.76,8.08,-3.09,1.16,77.06,1094495,1063125,982497,0.147
3294,RPC,Financial Services,Asset Management,NYSE,86.05,44.34,99.77,76.4,77.78,28.95,82.27,30.31,82.77,32.97,64.34,15.91,7.98,6.4,7.84,1.01,-4.67,-18.34,31.97,840016900.1842117,110238440.0,0.048299998,-30.43,671800,1.16,7.87,1.4,7.65,4.31,7.77,2.7,8.28,-3.62,3.34,95.71,588500,580800,578332,0.113
3295,PCF,Financial Services,Asset Management,NYSE,86.04,44.31,93.02,40.05,89.3,48.94,91.43,45.22,87.0,37.82,87.18,35.58,5.05,-1.17,-5.25,-7.01,-2.28,-7.03,42.61,95641061.99891567,18716450.0,0.0023,-20.47,87941,0.66,5.06,-0.2,5.12,-1.37,5.23,-3.44,5.29,-4.54,2.02,68.69,180354,133448,112288,-0.358
3296,MELI,Consumer Cyclical,Internet Retail,NASDAQ,86.01,44.3,99.7,76.09,84.74,39.75,95.19,58.17,79.49,29.1,77.28,25.15,1856.66,10.18,5.85,-2.6,-0.36,-7.06,42.54,86010169371.63574,50696802.0,0.0163,-23.53,274900,0.47,1828.92,1.52,1774.82,4.61,1806.37,2.78,1862.28,-0.3,3.11,28.53,585120,589316,553178,0.498
3297,VMRK,Real Estate,REIT - Residential,NYSE,86.0,44.27,92.87,39.41,86.48,43.39,95.06,57.91,99.93,64.88,89.06,41.1,59.98,0.87,-0.58,-6.65,-11.85,2.26,55.34,46264254293.21594,773779120.0,0.027,-16.11,6726600,1.13,59.76,0.37,60.04,-0.1,61.33,-2.2,63.55,-5.62,1.93,79.57,5081520,5946233,5545848,0.033
3298,HR,Real Estate,REIT - Healthcare Facilities,NYSE,86.0,44.27,90.05,30.27,89.01,48.39,93.76,54.81,109.31,76.47,100.33,62.54,17.19,-1.38,-3.59,-8.95,-20.21,5.9,61.97,6053731729.722515,346521578.0,0.0861,-22.01,8502800,1.99,17.13,0.35,17.48,-1.66,17.98,-4.39,18.85,-8.81,1.98,105.88,4869970,4271640,3931822,-0.043
3299,AVNW,Technology,Communication Equipment,NASDAQ,85.99,44.25,99.27,74.4,82.06,34.82,85.03,33.38,83.14,33.54,93.89,52.89,20.42,1.44,2.36,3.03,4.56,-2.16,48.57,264735830.42671967,12801539.0,0.08140001,-24.43,96000,0.59,20.72,-1.45,20.33,0.44,20.23,0.94,20.5,-0.39,2.63,5.59,101390,164056,158240,0.048
3300,ASND,Healthcare,Biotechnology,NASDAQ,85.97,44.23,88.61,26.42,91.24,56.7,112.94,81.1,111.82,78.86,115.82,79.23,222.69,-2.03,-3.47,-14.75,-11.65,11.35,68.02,14994675581.233154,65803642.0,0.0713,-21.07,924100,1.09,226.61,-1.73,227.19,-1.98,235.89,-5.6,246.53,-9.67,3.13,45.46,790250,845123,714066,1.147
3301,UPS,Industrials,Integrated Freight & Logistics,NYSE,85.94,44.2,93.29,41.07,86.33,43.11,95.96,59.73,105.62,72.41,99.78,61.98,94.13,0.26,2.26,-5.84,-8.54,-3.26,47.17,79139699901.62273,850781582.0,0.0343,-23.1,6724600,1.45,93.14,1.06,93.52,0.65,96.03,-1.98,100.24,-6.1,2.12,105.11,4792460,4622750,4749828,0.076
3302,BNL,Real Estate,REIT - Diversified,NYSE,85.94,44.2,90.1,30.37,91.24,56.7,100.21,66.02,109.45,76.67,107.39,72.12,18.24,-0.05,-1.97,-9.75,-16.35,10.79,67.54,3797387100.971489,204600604.0,0.1409,-21.04,2865200,1.48,18.42,-0.98,18.46,-1.19,18.88,-3.39,19.97,-8.66,1.7,98.21,1917650,1937113,2175060,0.083
3303,OBDC,Financial Services,Asset Management,NYSE,85.93,44.17,93.94,44.0,88.38,47.1,89.28,40.49,84.09,34.45,84.61,32.48,10.17,-2.59,-3.05,-5.33,-2.7,-9.08,40.43,5079368554.75948,493142569.0,0.038599998,-25.08,3045500,0.86,10.14,0.3,10.31,-1.36,10.55,-3.6,10.81,-5.92,2.0,108.14,4733070,3541330,3885354,-0.174
3304,GPOR,Energy,Oil & Gas E&P,NYSE,85.93,44.17,98.42,66.96,79.44,30.76,89.85,41.67,73.15,23.24,96.15,56.66,164.64,7.36,1.69,-6.61,4.98,-18.2,32.14,2774512460.7220154,17969641.0,0.085200004,-27.08,434400,1.57,160.03,2.88,156.29,5.34,161.0,2.26,166.83,-1.31,2.7,47.18,294310,277020,298228,-0.162
3305,HOV,Consumer Cyclical,Residential Construction,NYSE,85.92,44.13,90.91,32.52,80.86,32.7,88.25,38.37,104.22,70.81,91.44,48.01,110.0,-4.36,-2.6,-2.9,-17.23,6.75,62.89,680885153.5179291,5859597.0,0.095,-25.92,194800,1.73,112.75,-2.44,113.07,-2.72,114.52,-3.95,122.42,-10.15,4.13,42.07,106480,112580,125676,-0.118
3306,DSU,Financial Services,Asset Management,NYSE,85.92,44.13,94.8,47.91,85.56,41.41,91.13,44.27,89.76,43.61,91.22,47.54,8.82,-1.12,-1.01,-4.85,-4.16,-5.06,45.05,578511700.7601852,64782943.0,0.0134000005,-16.32,270117,0.85,8.87,-0.56,8.91,-1.01,9.0,-2.0,9.18,-3.92,1.12,40.58,391931,318403,291842,-0.018
3307,TSI,Financial Services,Asset Management,NYSE,85.92,44.13,96.44,56.58,84.38,38.94,87.92,37.75,85.82,36.47,86.24,34.23,4.22,-1.4,-0.24,-2.13,-2.85,-8.02,41.62,273332714.36950684,63713920.0,0.0032,-15.26,139545,0.9,4.24,-0.47,4.26,-0.94,4.27,-1.17,4.32,-2.31,1.22,77.78,152494,154788,164824,0.082
3308,LAKE,Consumer Cyclical,Apparel Manufacturing,NASDAQ,85.9,44.09,90.69,31.95,92.45,60.16,77.09,24.86,91.35,50.03,81.6,29.32,10.09,-0.39,-3.81,4.67,-7.52,27.08,80.02,101994927.96620941,9931346.0,0.142,-43.94,159200,2.1,10.73,-5.96,10.48,-3.72,10.36,-2.61,11.18,-9.75,6.17,20.9,108070,75740,70030,-0.045
3309,AWF,Financial Services,Asset Management,NYSE,85.9,44.09,95.03,49.18,86.19,42.73,90.86,43.77,87.59,38.58,92.15,49.35,9.51,-1.14,-1.29,-4.35,-3.76,-5.38,44.71,830391809.0082035,86229678.0,0.68,-14.56,302536,1.03,9.56,-0.52,9.61,-1.04,9.73,-2.26,9.88,-3.74,1.1,28.58,347413,294427,291474,-0.046
3310,BAH,Industrials,Consulting Services,NYSE,85.89,44.06,101.16,80.97,88.91,48.17,83.44,31.54,63.08,16.47,71.88,21.07,72.87,3.41,-1.29,-3.71,4.64,-12.57,36.87,8101192748.009697,120284973.0,0.0683,-33.21,2187800,1.26,69.13,5.41,69.85,4.32,73.65,-1.06,74.15,-1.73,3.51,147.51,1999820,1742330,1737370,-0.042
3311,PPL,Utilities,Utilities - Regulated Electric,NYSE,85.88,44.05,99.91,76.93,79.46,30.84,88.96,39.88,86.75,37.57,96.46,57.15,34.1,4.09,6.66,-0.32,-3.69,1.84,54.33,24683470210.65385,752544841.0,0.054,-14.98,9090500,1.25,33.5,1.79,32.99,3.36,33.13,2.93,34.08,0.06,1.55,79.25,8267610,7262710,7554598,0.042
3312,DXR,Healthcare,Medical Instruments & Supplies,NASDAQ,85.87,44.02,95.29,50.61,93.38,62.12,90.67,43.42,87.92,39.14,82.83,30.53,10.46,-4.74,-8.17,-3.51,-0.66,-18.91,31.35,62001938.211868286,5838224.0,0.0008,-29.13,3500,0.1,10.5,-0.38,10.88,-3.86,11.09,-5.68,10.66,-1.88,6.83,14.0,16080,35130,21588,0.255
3313,DBL,Financial Services,Asset Management,NYSE,85.87,44.02,94.62,47.01,86.44,43.33,90.58,43.19,88.32,39.65,88.01,36.92,13.28,-2.06,-2.06,-5.0,-4.12,-6.88,42.84,270479639.07390594,19771903.0,2.28,-15.9,168172,1.68,13.34,-0.45,13.44,-1.19,13.62,-2.5,13.84,-4.05,1.39,184.14,142487,100135,78753,
3314,FOR,Real Estate,Real Estate - Development,NYSE,85.86,43.97,91.55,34.45,86.73,43.78,89.67,41.32,106.71,73.83,99.06,60.95,25.91,-0.46,-2.96,-2.3,-10.56,2.78,56.63,1313474874.75,51008733.0,0.0395,-19.18,205800,1.2,25.8,0.43,25.96,-0.19,26.3,-1.48,27.67,-6.36,2.96,82.28,186710,171290,144884,0.042
3315,PAI,Financial Services,Asset Management,NYSE,85.86,43.97,95.46,51.48,85.94,42.26,89.51,40.99,87.94,39.19,89.05,41.03,11.34,-0.09,-1.56,-3.21,-3.44,-5.18,44.95,108234760.02844334,9510963.0,0.47,-12.43,31489,1.38,11.34,0.0,11.39,-0.44,11.51,-1.48,11.69,-2.99,0.68,50.75,20028,22852,20509,0.025
3316,BLW,Financial Services,Asset Management,NYSE,85.86,43.97,96.04,54.63,84.47,39.16,90.87,43.82,89.04,41.0,87.51,36.02,11.78,0.68,1.73,-3.96,-4.28,-7.07,42.5,458241040.5205765,39099064.0,0.0061000003,-16.81,85106,0.4,11.75,0.26,11.67,0.94,11.84,-0.51,12.23,-3.68,1.55,79.45,289520,210883,184710,-0.084
3317,ORKT,Technology,Software - Application,NASDAQ,85.86,43.97,95.71,53.04,81.3,33.47,69.01,18.51,73.8,23.98,79.82,27.58,1.02,0.0,-2.39,-2.86,12.09,9.91,66.56,5927366.46646142,5839770.0,0.0163,-59.04,111200,0.99,1.0,2.0,1.0,2.0,1.03,-0.97,1.02,0.0,12.0,49.04,112130,112203,139744,0.609
3318,CPZ,Financial Services,Asset Management,NASDAQ,85.85,43.92,96.09,54.9,86.17,42.71,88.52,38.94,82.34,32.39,86.01,33.87,12.54,0.56,-1.26,-2.75,-2.68,-7.63,41.97,246384038.44454384,19632194.0,0.0014,-22.73,69993,1.07,12.54,0.0,12.55,-0.08,12.69,-1.18,12.96,-3.24,1.42,16.89,73329,65403,63011,
3319,OPP,Financial Services,Asset Management,NYSE,85.85,43.92,94.55,46.74,85.72,41.7,91.12,44.23,91.8,51.03,92.86,50.89,6.9,-0.14,-0.29,-4.8,-6.47,-2.15,48.61,173681398.73351097,24990130.0,0.54,-19.58,133751,1.1,6.92,-0.29,6.92,-0.29,7.02,-1.71,7.25,-4.83,1.65,43.94,121665,121875,108221,
3320,ACFN,Technology,Scientific & Technical Instruments,NASDAQ,85.84,43.9,95.18,50.01,99.03,70.88,102.32,69.58,82.81,33.01,89.65,43.19,19.01,-1.76,-8.61,-9.35,1.39,26.56,79.66,48210261.44029999,2534714.0,0.018099999,-35.67,28500,0.5,18.79,1.17,19.45,-2.26,20.27,-6.22,19.68,-3.4,5.47,64.47,38660,57323,59760,-0.294
3321,KIO,Financial Services,Asset Management,NYSE,85.83,43.86,94.08,44.68,86.2,42.78,92.18,48.74,91.65,50.82,89.98,44.33,10.2,-0.78,-0.97,-5.8,-5.02,-2.3,48.29,424196473.3845997,40985165.0,1.27,-18.53,421692,1.9,10.26,-0.58,10.29,-0.87,10.49,-2.76,10.72,-4.85,1.48,66.35,271479,222226,207435,
3322,NKTX,Healthcare,Biotechnology,NASDAQ,85.83,43.86,77.08,9.94,112.68,84.22,111.57,79.96,108.94,76.06,152.18,91.74,2.22,-13.28,-22.11,-21.0,4.23,24.02,77.93,184433840.24033618,71624791.0,0.0612,-40.32,720200,1.19,2.38,-6.72,2.51,-11.55,2.69,-17.47,2.6,-14.62,7.25,37.27,563210,605490,590292,
3323,MARPS,Energy,Oil & Gas Midstream,NASDAQ,85.83,43.86,92.46,37.64,86.08,42.54,93.5,54.12,96.98,60.18,99.16,61.06,4.27,1.67,-2.29,-7.17,-8.49,5.29,61.14,8140000.343322754,2000000.0,0.0016,-34.21,1000,0.17,4.2,1.67,4.26,0.23,4.39,-2.73,4.53,-5.74,3.21,7.29,6810,5880,4524,0.099
3324,PDO,Financial Services,Asset Management,NYSE,85.82,43.83,97.22,60.4,83.33,37.14,90.02,42.0,91.25,49.86,92.63,50.4,12.07,2.03,3.52,-2.28,-4.9,-4.89,45.31,1753903360.2762222,144831000.0,0.42,-15.3,1048757,0.84,11.98,0.75,11.88,1.6,11.94,1.09,12.33,-2.11,2.09,109.0,1286565,1248431,1049575,
3325,ESTA,Healthcare,Medical Devices,NASDAQ,85.81,43.81,82.49,15.47,89.5,49.32,103.46,71.13,148.36,93.03,128.6,85.27,60.61,-3.85,-7.58,-15.1,-34.07,-18.56,31.76,1909109064.701477,29801891.0,0.1839,-37.89,560100,1.57,64.06,-5.39,64.25,-5.67,67.12,-9.7,73.03,-17.01,4.75,27.81,421840,357200,431024,0.317
3326,LOPE,Consumer Defensive,Education & Training Services,NASDAQ,85.8,43.79,104.83,87.59,81.91,34.52,84.28,32.48,71.01,21.6,84.96,32.81,160.3,4.29,6.03,6.0,0.62,-3.39,46.92,4060671939.2328033,26065037.0,0.0856,-28.13,321500,0.98,156.45,2.46,152.88,4.85,152.14,5.36,149.96,6.9,2.84,116.43,300210,328430,316906,0.067
3327,TTGT,Technology,Information Technology Services,NASDAQ,85.8,43.79,105.97,88.84,75.88,27.08,80.12,28.06,66.6,18.63,67.37,18.1,4.1,10.81,9.33,7.61,-9.29,-26.26,26.4,258227591.371274,72332660.0,0.1449,-38.81,600200,1.72,3.78,8.47,3.77,8.75,3.8,7.89,3.9,5.13,4.49,141.09,490980,349930,357788,-0.032
3328,BCS,Financial Services,Banks - Diversified,NYSE,85.78,43.76,87.42,23.97,93.4,62.18,106.94,75.01,115.05,81.34,108.5,73.33,22.95,-2.92,-6.06,-12.44,-10.91,-6.58,43.2,79145529450.99979,3338065479.0,1.92,-20.01,7019600,1.47,23.38,-1.84,23.87,-3.85,24.66,-6.93,26.16,-12.27,2.25,75.41,5712430,4776760,4023656,0.156
3329,GLU,Financial Services,Asset Management,NYSE ARCA,85.77,43.75,92.18,36.62,89.37,48.99,94.89,57.54,95.05,57.32,100.69,63.07,17.52,-0.4,-4.11,-7.19,-6.12,-1.68,49.28,104557874.32142258,5991855.0,0.00059999997,-19.23,30706,3.78,17.58,-0.34,17.66,-0.79,18.11,-3.26,18.69,-6.26,2.04,40.48,10430,8123,8228,0.224
3330,PFO,Financial Services,Asset Management,NYSE,85.76,43.73,94.17,45.12,87.6,45.66,91.34,44.84,90.34,46.35,92.53,50.08,8.5,-1.39,-2.86,-4.52,-4.56,-3.94,46.25,112595772.37025642,13077326.0,1.99,-13.97,55649,2.08,8.53,-0.35,8.58,-0.93,8.7,-2.3,8.86,-4.06,1.06,22.23,34044,26731,27460,0.01
3331,JGH,Financial Services,Asset Management,NYSE,85.75,43.71,94.03,44.46,86.84,43.99,91.73,46.2,91.42,50.19,94.3,53.54,11.49,-0.78,-1.37,-5.47,-5.69,-0.37,51.15,325978455.12166214,28125837.0,0.0023999999,-16.13,59233,0.87,11.54,-0.43,11.57,-0.69,11.76,-2.3,12.1,-5.04,1.6,0.0,76183,68424,63516,
3332,BTZ,Financial Services,Asset Management,NYSE,85.74,43.7,95.58,52.25,85.27,40.73,89.53,41.05,89.2,41.36,91.86,48.8,9.43,0.96,0.32,-2.43,-3.42,-5.95,43.85,874450151.4098635,93324457.0,0.0026,-15.65,303758,0.74,9.38,0.53,9.37,0.64,9.48,-0.53,9.78,-3.58,1.3,98.25,433235,411988,371653,-0.087
3333,LAD,Consumer Cyclical,Auto & Truck Dealerships,NYSE,85.69,43.68,85.79,20.55,92.35,59.86,108.92,77.09,97.74,61.42,80.91,28.66,288.87,-5.62,-6.7,-21.11,-32.3,-15.5,34.52,6765743369.806274,21983116.0,0.1336,-34.27,278200,0.95,295.9,-2.38,298.62,-3.27,316.13,-8.62,349.78,-17.41,4.52,46.42,326310,294303,282024,0.022
3334,NTGR,Technology,Communication Equipment,NASDAQ,85.67,43.66,104.25,86.76,82.23,35.03,77.2,24.96,74.3,24.31,97.91,59.14,23.2,1.31,4.88,10.58,1.8,-4.88,45.33,640337720.2448368,27179021.0,0.0913,-37.06,363800,1.1,23.17,0.13,22.7,2.2,22.37,3.71,22.39,3.62,2.8,52.31,303610,331796,333752,-0.012
3335,ZBH,Healthcare,Medical Devices,NYSE,85.66,43.65,94.24,45.5,86.83,43.95,91.94,47.3,86.47,37.29,91.07,47.07,88.88,0.93,-0.64,-3.6,-8.27,0.79,52.5,16840230736.43557,190737689.0,0.059299998,-16.84,2507600,1.24,89.38,-0.56,89.71,-0.93,91.93,-3.32,95.51,-6.94,2.61,67.75,2021220,2016753,2130038,0.048
3336,CXT,Industrials,Business Equipment & Supplies,NYSE,85.65,43.63,96.54,57.05,86.63,43.7,98.06,62.88,88.84,40.47,77.28,25.15,48.18,0.25,2.16,-4.35,-7.01,3.28,57.68,2807840338.8547363,57561304.0,0.19229999,-30.17,655400,1.21,48.81,-1.29,48.14,0.08,48.06,0.25,49.6,-2.86,3.57,50.6,486250,540680,541606,0.22
3337,WFRD,Energy,Oil & Gas Equipment & Services,NASDAQ,85.64,43.61,87.53,24.22,93.63,62.59,98.34,63.29,96.52,59.46,148.11,90.95,76.9,-1.96,-8.59,-14.48,-6.28,-1.62,49.41,5714763603.466644,71685443.0,0.0659,-32.04,944500,0.92,79.06,-2.73,80.07,-3.96,82.41,-6.69,87.77,-12.38,3.81,22.2,877420,1027116,930302,-0.082
3338,VZLA,Basic Materials,Other Industrial Metals & Mining,NYSE ARCA,85.64,43.61,90.26,30.8,96.04,66.59,94.11,55.66,71.97,22.44,79.5,27.25,3.47,-7.47,-11.93,-13.25,11.22,-35.38,21.14,1281755270.6730518,355056872.0,0.1016,-51.74,3584100,0.73,3.51,-1.14,3.67,-5.45,3.83,-9.4,3.81,-8.92,5.28,43.63,4642780,4923216,5108504,
3339,NFG,Energy,Oil & Gas Integrated,NYSE,85.63,43.57,96.33,56.03,84.41,39.05,91.73,46.2,83.47,33.79,94.63,54.21,78.21,2.56,-0.26,-4.32,-2.67,-0.89,50.37,7264296945.575462,95045099.0,0.0627,-19.42,839000,1.04,77.4,1.05,77.13,1.4,78.55,-0.43,80.46,-2.8,1.94,11.89,930930,809863,725584,0.011
3340,FULTP,Financial Services,Banks - Regional,NASDAQ,85.63,43.57,94.91,48.59,86.32,43.06,88.51,38.88,89.46,42.31,91.43,47.98,16.72,-3.27,-3.03,-3.74,-5.4,-7.03,42.61,,,0.37,-17.51,9902,1.24,17.08,-2.11,17.11,-2.28,17.28,-3.24,17.35,-3.63,1.96,3.05,9730,8006,10858,0.137
3341,GE,Industrials,Aerospace & Defense,NYSE,85.62,43.55,90.04,30.24,88.27,46.89,96.39,60.5,106.32,73.22,101.38,64.03,305.62,-2.02,-4.28,-5.57,-12.7,0.02,51.7,321187848991.1684,1037562513.0,0.0152,-21.4,6387500,1.49,306.81,-0.39,311.95,-2.03,314.53,-2.83,337.16,-9.35,2.59,114.04,4320800,4275170,3969148,0.211
3342,MNTN,Technology,Software - Application,NYSE,85.61,43.53,90.25,30.78,90.3,52.11,98.96,64.08,71.56,22.01,56.83,11.8,10.42,0.77,-4.49,-10.71,9.0,-11.54,37.78,739803307.7516279,74803163.0,0.084,-43.99,854700,1.05,10.1,3.17,10.26,1.56,10.86,-4.05,11.53,-9.63,4.97,59.86,928560,813390,967724,0.206
3343,HYI,Financial Services,Asset Management,NYSE,85.6,43.51,94.87,48.21,85.32,40.86,89.41,40.83,88.08,39.31,90.29,45.16,9.71,-1.82,-1.02,-4.0,-4.8,-3.7,46.55,125320945.91829205,12814003.0,0.93,-16.94,31400,0.47,9.74,-0.31,9.8,-0.92,9.92,-2.12,10.13,-4.15,1.25,45.46,75400,66896,61634,
3344,GECC,Financial Services,Asset Management,NASDAQ,85.59,43.5,92.55,37.99,81.8,34.33,86.84,36.03,77.98,27.68,63.25,15.19,5.06,-0.39,-3.98,-11.66,3.2,-13.15,36.46,69726544.73507404,13889750.0,0.0381,-42.5,25200,0.43,5.02,0.8,5.11,-0.98,5.32,-4.89,5.45,-7.16,3.84,56.62,44850,58160,56816,-0.237
3345,RMCO,Financial Services,Asset Management,NASDAQ,85.58,43.47,92.76,38.85,85.14,40.46,95.92,59.67,85.05,35.54,124.0,83.48,2.5,-1.57,-3.17,-5.9,11.24,9.19,65.75,38235223.87060356,15172708.0,0.0011999999,-50.0,5700,0.63,2.5,0.0,2.52,-0.79,2.57,-2.72,2.7,-7.41,4.45,35.95,4750,9013,11858,0.38
3346,CSR,Real Estate,REIT - Residential,NYSE,85.58,43.47,99.16,73.86,85.45,41.19,90.85,43.71,82.02,32.18,97.06,57.93,54.91,1.03,0.92,-3.48,-1.68,-11.44,37.95,915468382.5,16797585.0,0.080299996,-21.12,349000,1.02,54.89,0.04,54.78,0.24,55.37,-0.83,54.37,0.99,1.93,77.2,281330,343340,259398,-0.04
3347,EPAC,Industrials,Specialty Industrial Machinery,NYSE,85.56,43.44,94.98,48.92,85.66,41.56,86.9,36.14,81.98,32.11,78.9,26.56,34.91,-0.06,-3.03,-1.27,-3.8,-6.13,43.64,1822545672.2280579,51137646.0,0.0494,-22.42,321500,0.75,35.45,-1.52,35.32,-1.16,35.35,-1.24,36.28,-3.78,2.58,27.71,446280,428780,372952,0.056
3348,RPM,Basic Materials,Specialty Chemicals,NYSE,85.56,43.44,96.37,56.21,81.77,34.23,84.78,32.89,85.32,35.86,89.76,43.57,99.43,0.21,0.73,0.12,-8.25,-3.97,46.2,12660909481.628418,127643000.0,0.033299997,-18.35,1978900,1.29,98.11,1.35,98.91,0.53,99.34,0.09,105.16,-5.45,2.76,121.5,1458500,1529616,1304058,0.072
3349,AEXA,Financial Services,Shell Companies,NYSE,85.53,43.4,93.63,42.54,89.99,50.65,93.64,54.41,95.24,57.68,88.5,38.38,10.83,-2.61,-3.22,-4.83,-4.24,-2.78,47.82,550003134.0196705,49460714.0,0.006,-9.67,567600,6.01,10.95,-1.1,11.05,-1.99,11.13,-2.7,11.36,-4.67,1.47,56.5,130200,94370,75062,
3350,CMP,Basic Materials,Other Industrial Metals & Mining,NYSE,85.53,43.4,91.4,33.91,84.25,38.72,101.21,67.87,118.34,83.49,125.03,84.04,23.08,5.82,1.45,-7.94,-21.28,17.7,73.67,931975434.828865,41980874.0,0.0692,-33.1,588300,1.49,22.64,1.94,22.41,2.99,23.19,-0.47,24.96,-7.53,2.93,106.33,373200,393530,451644,0.003
3351,IONQ,Technology,Computer Hardware,NYSE,85.53,43.4,92.48,37.75,85.96,42.31,70.99,19.87,68.59,19.87,95.33,55.37,39.45,-10.32,-12.29,7.08,23.32,-18.63,31.68,17732787848.576385,405135656.0,0.1004,-53.39,22905700,1.0,42.16,-6.43,43.26,-8.81,41.23,-4.32,41.25,-4.36,6.84,22.99,21813380,22856866,21613846,2.868
3352,KMB,Consumer Defensive,Household & Personal Products,NASDAQ,85.52,43.36,94.12,44.91,82.84,36.26,87.29,36.62,91.42,50.19,77.94,25.79,97.74,3.6,0.53,-0.75,-12.63,0.85,52.61,31382158228.670135,332579038.0,0.18030001,-20.59,6287400,1.41,96.15,1.65,96.87,0.9,97.56,0.18,103.31,-5.39,1.9,102.93,3951510,4474890,4060306,0.006
3353,IOR,Financial Services,Mortgage Finance,NYSE ARCA,85.52,43.36,91.73,35.11,90.36,52.5,93.01,52.57,95.58,58.19,89.85,43.81,17.37,-1.31,-4.72,-6.11,-18.45,-1.03,50.18,69125026.0,4066178.0,0.0058,-19.4,0,0.0,17.22,0.87,17.66,-1.64,17.91,-3.02,19.21,-9.58,1.8,-0.0,220,243,252,
3354,BGH,Financial Services,Asset Management,NYSE,85.5,43.32,93.52,42.0,84.91,40.01,91.78,46.44,89.51,42.52,90.94,46.79,12.91,-1.22,-1.53,-6.7,-6.1,-7.78,41.82,263682058.72824955,20082411.0,0.0016,-16.44,87513,0.96,12.97,-0.46,13.03,-0.92,13.31,-3.01,13.71,-5.84,2.21,15.77,109551,90933,87260,
3355,ACEL,Consumer Cyclical,Gambling,NYSE,85.5,43.32,94.33,45.91,81.98,34.67,88.55,39.02,95.24,57.68,93.61,52.36,11.1,4.82,0.54,-3.73,-9.98,-0.54,50.93,882299048.4195709,81392900.0,0.0431,-20.71,380800,1.1,10.94,1.46,10.89,1.93,11.13,-0.27,11.63,-4.56,2.28,79.1,428180,344646,330206,0.096
3356,IQMX,Technology,Computer Hardware,NASDAQ,85.49,43.3,91.95,35.93,89.76,49.96,88.59,39.12,104.25,70.84,92.26,49.51,10.17,0.49,-2.68,-0.59,-2.96,-0.29,51.23,4908093345.897484,474211900.0,2.29,-32.65,285400,0.81,10.48,-2.96,10.41,-2.31,10.15,0.2,10.14,0.3,5.21,33.02,205850,352036,355952,0.277
3357,ACGLO,Financial Services,Insurance - Diversified,NASDAQ,85.48,43.27,96.02,54.47,87.82,46.06,86.44,35.46,86.47,37.29,90.34,45.32,18.22,-0.55,-3.29,-0.76,-4.63,-5.48,44.54,,,1.14,-17.41,63626,1.5,18.33,-0.6,18.4,-0.98,18.44,-1.19,18.67,-2.41,1.85,91.95,46282,42287,34936,-0.105
3358,TRMB,Technology,Scientific & Technical Instruments,NASDAQ,85.48,43.27,103.5,85.53,82.04,34.78,82.58,30.58,62.67,16.17,84.96,32.81,59.85,4.03,3.74,5.3,2.76,-26.0,26.55,13408574679.589985,233111519.0,0.044299997,-29.1,1963800,0.61,59.44,0.69,58.45,2.4,58.23,2.78,58.53,2.26,2.71,78.19,2379930,3231806,3045946,0.11
3359,NIM,Financial Services,Asset Management,NYSE,85.47,43.24,94.5,46.54,85.77,41.83,88.93,39.81,91.87,51.17,92.28,49.55,8.68,-0.34,-1.25,-3.13,-5.67,-3.63,46.66,108907723.75,12446597.0,0.001,-12.68,57190,1.5,8.67,0.12,8.69,-0.12,8.82,-1.59,9.06,-4.19,2.06,33.6,59269,38086,27653,0.012
3360,ATOM,Technology,Semiconductor Equipment & Materials,NASDAQ,85.47,43.24,87.64,24.36,94.71,64.43,83.6,31.69,136.6,90.51,143.02,89.7,4.13,-11.94,-4.84,1.47,-7.5,77.25,92.99,183803239.30864906,39024042.0,0.1717,-66.6,530100,1.2,4.46,-7.4,4.41,-6.35,4.26,-3.05,4.59,-10.02,5.98,12.16,433910,441570,478576,
3361,NUVB,Healthcare,Biotechnology,NYSE,85.45,43.19,79.79,12.41,101.86,74.34,122.83,87.56,137.14,90.63,142.48,89.59,4.95,-10.97,-13.61,-21.18,-24.89,-47.56,15.41,1804773370.7399907,351123233.0,0.2728,-49.23,9289800,1.74,4.96,-0.2,5.29,-6.43,5.63,-12.08,6.21,-20.29,5.59,117.45,6566720,5335560,5517782,5.556
3362,IPWR,Technology,Semiconductors,NASDAQ,85.45,43.19,83.01,16.29,83.85,38.05,93.45,53.8,101.1,66.41,66.78,17.62,3.69,-7.05,-5.38,-23.44,10.15,19.03,74.58,66560355.884661674,16434655.0,0.0428,-60.32,135800,0.77,3.9,-5.38,3.94,-6.35,4.09,-9.78,4.38,-15.75,6.54,16.58,93020,176183,191954,3.549
3363,VNT,Technology,Scientific & Technical Instruments,NYSE,85.45,43.19,101.38,81.56,80.34,31.91,84.63,32.79,70.43,20.93,90.13,44.83,32.2,1.61,4.17,3.01,-0.08,-14.76,34.95,4280431979.370117,135200000.0,0.1154,-33.2,1310800,1.0,32.17,0.09,31.8,1.26,31.69,1.61,32.47,-0.83,2.52,51.82,1344230,1314496,1444976,-0.022
3364,SVV,Consumer Cyclical,Specialty Retail,NYSE,85.45,43.19,93.64,42.63,85.69,41.61,89.37,40.76,90.28,46.01,73.52,22.25,9.28,0.32,0.22,-3.73,-6.73,1.87,54.37,1417419633.75,153234555.0,0.2383,-33.14,1879200,1.48,9.23,0.54,9.27,0.11,9.3,-0.22,10.13,-8.39,3.49,58.59,1358760,1270666,1655180,0.074
3365,GNL,Real Estate,REIT - Diversified,NYSE,85.44,43.15,88.41,26.0,93.34,62.06,97.37,61.97,98.26,62.25,111.01,75.56,7.96,-3.4,-7.76,-12.33,-10.26,1.6,54.05,1908372320.25,231317857.0,0.0,-20.68,3539000,1.39,8.1,-1.73,8.24,-3.4,8.56,-7.01,8.82,-9.75,1.92,85.25,3283540,2546576,2638868,-0.1
3366,BRW,Financial Services,Asset Management,NYSE,85.42,43.13,95.0,49.04,85.27,40.73,90.55,43.07,90.25,45.86,89.89,43.96,6.02,-0.99,-0.17,-5.35,-6.11,-2.99,47.52,308932658.7367058,50895000.0,0.0015,-22.32,207216,0.86,6.0,0.33,6.03,-0.17,6.13,-1.79,6.31,-4.6,1.69,83.51,298171,242297,234934,-0.307
3367,GHY,Financial Services,Asset Management,NYSE,85.41,43.12,94.91,48.59,84.97,40.11,89.03,40.06,88.77,40.26,90.77,46.35,10.86,-1.18,-0.73,-3.47,-4.83,-4.99,45.15,445247347.97237206,40961118.0,0.55,-16.2,128263,0.65,10.85,0.09,10.92,-0.55,11.06,-1.81,11.31,-3.98,1.62,51.22,219846,197595,180899,
3368,PFD,Financial Services,Asset Management,NYSE,85.4,43.08,93.36,41.37,87.3,45.04,91.63,45.84,91.57,50.63,93.45,51.98,10.53,-2.05,-3.39,-5.21,-5.3,-4.84,45.38,137393828.93685246,12852557.0,0.67,-13.19,40340,1.07,10.57,-0.38,10.65,-1.13,10.81,-2.59,11.05,-4.71,1.34,49.58,39704,37684,36252,0.012
3369,RIV,Financial Services,Asset Management,NYSE,85.4,43.08,94.45,46.37,85.97,42.34,90.81,43.62,94.56,56.44,95.22,55.08,10.25,-1.35,-0.87,-3.37,-5.74,-3.39,46.92,322337331.87690544,30728059.0,0.040700004,-15.64,91431,0.79,10.39,-1.35,10.39,-1.35,10.46,-2.01,10.77,-4.83,1.53,19.13,72863,116257,141276,
3370,GIGM,Communication Services,Electronic Gaming & Multimedia,NASDAQ,85.4,43.08,97.45,61.58,81.9,34.47,78.39,26.11,84.16,34.56,87.08,35.44,1.38,-4.17,0.0,2.99,3.76,-8.0,41.67,15804695.470287204,11052235.0,0.0002,-19.77,1300,0.38,1.39,-0.72,1.4,-1.43,1.39,-0.72,1.41,-2.13,4.45,65.12,3150,3440,4704,1.449
3371,FHB,Financial Services,Banks - Regional,NASDAQ,85.38,43.03,93.77,43.23,85.35,40.9,91.53,45.53,101.99,67.72,98.65,60.24,24.96,0.24,-0.64,-2.77,-10.01,-2.12,48.69,3073670979.3706512,121681352.0,0.1504,-18.38,2658200,1.25,24.98,-0.08,24.94,0.08,25.25,-1.15,26.08,-4.29,1.8,108.03,2268360,2128700,1966614,0.059
3372,GEL,Energy,Oil & Gas Midstream,NYSE,85.38,43.03,94.29,45.72,83.81,37.9,91.24,44.59,78.46,28.09,96.11,56.58,14.34,4.82,0.07,-9.58,-2.48,-4.33,45.88,1717111191.2105312,122214318.0,0.039100002,-23.07,215500,0.71,14.2,0.99,14.05,2.06,14.6,-1.78,15.3,-6.27,2.61,34.73,273290,303393,279878,0.41
3373,RAND,Financial Services,Asset Management,NASDAQ,85.38,43.03,95.38,51.13,82.38,35.25,88.21,38.3,75.2,25.18,69.94,19.56,10.02,1.42,2.14,-7.99,1.78,-20.05,30.61,30262403.413816452,2969814.0,0.0002,-42.71,1200,0.64,9.98,0.4,9.95,0.7,10.24,-2.15,10.26,-2.34,2.87,-0.0,970,1886,3286,-0.13
3374,BDN,Real Estate,REIT - Office,NYSE,85.37,43.0,92.55,37.99,85.44,41.17,86.87,36.08,91.69,50.84,79.28,26.92,2.74,1.49,-2.37,-5.0,-3.7,2.17,55.14,478813987.29231,172235249.0,0.0791,-33.17,2718600,1.52,2.69,1.86,2.71,1.11,2.78,-1.44,2.91,-5.84,2.41,121.06,1672470,1787440,1856642,0.141
3375,WHLRD,Real Estate,REIT - Retail,NASDAQ,85.35,42.98,95.41,51.23,89.3,48.94,89.51,40.99,92.4,52.55,91.17,47.42,35.3,-2.62,-3.29,-2.08,-1.94,-7.03,42.61,,,4.87,-15.95,490,1.24,36.14,-2.32,36.2,-2.49,36.2,-2.49,36.05,-2.08,2.2,0.0,169,396,311,-0.139
3376,WERN,Industrials,Trucking,NASDAQ,85.34,42.97,87.44,24.01,91.74,58.37,107.72,75.79,131.82,89.25,98.47,59.97,33.0,-3.41,-1.04,-14.15,-9.6,10.72,67.35,2120192373.0821228,59977156.0,0.11359999,-30.51,1034000,1.26,33.5,-1.49,33.56,-1.67,34.77,-5.09,36.64,-9.93,3.54,50.45,767260,823496,898428,0.24
3377,BHVN,Healthcare,Biotechnology,NYSE,85.33,42.94,80.29,12.86,95.7,65.96,103.21,70.77,112.1,79.09,65.63,16.95,11.93,-9.21,-9.55,-6.72,-11.17,9.95,66.61,1943933444.184411,151043781.0,0.1732,-35.74,2698600,0.92,12.35,-3.4,12.78,-6.65,13.03,-8.44,13.96,-14.54,6.56,60.03,1940540,2933696,2806752,
3378,NNY,Financial Services,Asset Management,NYSE,85.33,42.94,96.61,57.5,83.85,38.05,86.47,35.5,93.75,55.15,93.57,52.25,7.9,1.15,1.28,0.0,-4.46,-5.28,44.86,147877777.88910866,18886051.0,0.00029999999,-11.63,40214,0.6,7.88,0.25,7.8,1.28,7.82,1.02,8.02,-1.5,1.68,37.64,88131,66967,57642,-0.016
3379,YETI,Consumer Cyclical,Leisure,NYSE,85.32,42.91,91.04,32.96,88.32,47.01,85.02,33.35,114.68,81.02,98.36,59.82,39.6,-4.28,-5.69,0.33,-22.49,-11.15,38.26,2983052014.559555,72988796.0,0.1455,-26.65,1421000,0.83,40.14,-1.35,41.13,-3.72,41.21,-3.91,43.65,-9.28,3.54,42.06,1544890,1717136,1796220,0.085
3380,BXP,Real Estate,REIT - Office,NYSE,85.32,42.91,90.86,32.33,86.85,44.01,91.67,46.02,99.52,64.28,78.11,25.96,59.32,-1.53,-3.64,-5.84,-17.77,-9.63,39.91,9651541182.0121,159661556.0,0.103199996,-21.89,1875600,1.38,59.67,-0.59,60.51,-1.97,61.82,-4.04,65.27,-9.12,2.31,82.5,1299460,1357333,1320966,0.037
3381,NTIC,Basic Materials,Specialty Chemicals,NASDAQ,85.3,42.88,95.45,51.42,86.25,42.92,89.93,41.8,88.86,40.52,88.33,37.77,7.66,-0.65,-2.42,-3.04,-3.89,-2.19,48.52,73122578.488698,9496439.0,0.0013,-23.63,1700,0.18,7.7,-0.52,7.74,-1.03,7.82,-2.05,7.97,-3.89,1.39,9.4,3850,9656,7810,0.126
3382,AWI,Industrials,Building Products & Equipment,NYSE,85.29,42.87,97.63,62.4,83.76,37.82,87.86,37.58,76.63,26.53,91.87,48.86,163.1,0.26,0.6,0.23,-6.35,-11.89,37.33,6893911970.758545,42262826.0,0.0419,-20.86,319900,0.91,163.38,-0.17,163.21,-0.07,162.3,0.49,171.24,-4.75,2.2,89.33,324110,351390,364642,0.112
3383,RFI,Financial Services,Asset Management,NYSE,85.28,42.85,92.71,38.59,87.7,45.87,91.89,47.1,91.69,50.84,94.12,53.19,10.3,-1.44,-2.65,-6.02,-10.49,0.84,52.58,280729576.49474716,26761638.0,0.0011999999,-14.88,118344,1.25,10.38,-0.77,10.45,-1.44,10.65,-3.29,11.04,-6.7,1.48,32.79,117844,94301,94936,-0.489
3384,HON,Industrials,Conglomerates,NASDAQ,85.27,42.83,94.77,47.82,84.66,39.5,83.86,32.0,88.26,39.57,101.75,64.62,206.6,-3.37,-2.45,2.19,-14.06,0.27,51.92,67821994480.90347,316940010.0,0.0234,-20.62,2120300,0.74,211.14,-2.15,211.47,-2.3,208.92,-1.11,218.67,-5.52,1.89,60.6,2126640,2855083,2936296,0.043
3385,UE,Real Estate,REIT - Retail,NYSE,85.26,42.82,91.59,34.54,85.9,42.13,89.51,40.99,103.97,70.49,105.25,69.66,19.29,-1.38,-2.58,-5.85,-15.19,2.71,56.44,2487016076.516884,126244466.0,0.0509,-19.99,932700,1.07,19.48,-0.98,19.61,-1.63,19.87,-2.92,20.78,-7.17,1.63,44.57,974210,872346,833436,0.076
3386,GAME,Communication Services,Electronic Gaming & Multimedia,NASDAQ,85.25,42.78,99.76,76.34,87.45,45.39,87.52,37.11,64.49,17.49,60.92,13.84,3.14,1.29,0.32,-9.51,13.77,-16.31,33.81,39723766.17601204,12897327.0,0.0881,-54.36,122900,0.87,3.06,2.61,3.07,2.28,3.21,-2.18,3.17,-0.95,5.96,64.17,97910,141640,181131,1.372
3387,CRI,Consumer Cyclical,Apparel Retail,NYSE,85.25,42.78,97.22,60.4,77.19,28.27,80.3,28.25,102.91,68.92,103.5,67.31,32.52,2.55,7.47,7.72,-15.32,3.99,59.14,1159706339.7516823,36711185.0,0.191,-26.82,1776200,1.16,32.54,-0.06,31.93,1.85,30.93,5.14,33.96,-4.24,3.52,65.58,1362690,1532730,1418858,0.052
3388,SORA,Consumer Cyclical,Luxury Goods,NASDAQ,85.25,42.78,108.61,91.43,76.7,27.73,73.72,21.91,45.04,7.77,56.7,11.7,2.25,-6.25,7.14,1.35,33.93,-33.23,22.5,55446720.474243164,24864000.0,0.001,-67.81,77700,0.29,2.15,4.65,2.19,2.74,2.2,2.27,2.22,1.35,8.1,82.29,715390,268973,226970,-0.319
3389,AYI,Industrials,Electrical Equipment & Parts,NYSE,85.25,42.78,91.82,35.39,82.1,34.87,95.23,58.25,98.12,62.09,87.24,35.67,300.43,0.38,-2.91,-5.0,-9.98,-17.04,33.09,9242899784.059326,29935547.0,0.0418,-20.97,249800,0.71,303.49,-1.01,306.06,-1.84,306.52,-1.99,327.65,-8.31,3.45,44.48,533640,353470,311488,0.029
3390,TRC,Industrials,Conglomerates,NYSE,85.24,42.71,97.46,61.61,82.47,35.47,81.46,29.54,92.4,52.55,105.17,69.56,16.4,-0.55,0.86,1.74,-3.76,3.93,59.02,442611230.0427017,27021444.0,0.095699996,-23.04,61900,0.46,16.29,0.68,16.34,0.37,16.24,0.99,16.34,0.37,2.0,82.17,94730,135976,157262,0.717
3391,ABUS,Healthcare,Biotechnology,NASDAQ,85.24,42.71,82.7,15.75,95.62,65.83,106.02,74.01,98.03,61.87,113.71,77.67,4.18,-8.33,-14.34,-18.36,-2.56,-5.64,44.3,881570518.5643282,198105743.0,0.13859999,-23.3,4854800,0.71,4.41,-5.22,4.58,-8.73,4.81,-13.1,4.84,-13.64,4.63,67.16,11216860,6879286,5559468,-0.906
3392,ALV,Consumer Cyclical,Auto Parts,NYSE,85.24,42.71,92.91,39.52,87.96,46.25,93.32,53.64,95.74,58.38,94.93,54.56,111.03,-1.8,-2.54,-8.37,-10.38,-6.22,43.48,8191582609.698875,73237217.0,0.0722,-15.99,970400,1.37,111.7,-0.6,112.81,-1.58,115.3,-3.7,119.02,-6.71,2.61,134.79,807790,708710,635768,0.033
3393,CAF,Financial Services,Asset Management,NYSE,85.24,42.71,89.34,28.32,92.52,60.31,95.72,59.33,111.38,78.46,105.2,69.61,17.36,-1.31,-6.87,-5.6,-10.56,1.58,53.96,236231311.87177658,13353946.0,0.5,-18.92,3129,0.31,17.61,-1.42,17.75,-2.2,18.11,-4.14,18.7,-7.17,2.1,15.41,7582,9984,12488,
3394,SPE,Financial Services,Asset Management,NYSE,85.23,42.67,93.99,44.21,87.6,45.66,90.26,42.42,87.65,38.69,91.41,47.95,12.53,-0.63,-3.24,-5.15,-2.47,-7.44,42.11,139421034.69565964,11021426.0,0.42,-20.09,56722,1.43,12.6,-0.56,12.66,-1.03,12.87,-2.64,13.11,-4.42,1.54,15.56,46992,39594,34134,0.176
3395,RA,Financial Services,Asset Management,NYSE,85.22,42.65,93.86,43.66,86.2,42.78,91.76,46.36,92.7,53.09,94.72,54.37,11.58,0.0,-1.11,-5.16,-7.46,-2.33,48.23,641507001.5898056,55254696.0,0.28,-14.79,478400,1.76,11.54,0.35,11.57,0.09,11.79,-1.78,12.22,-5.24,1.18,95.14,355320,271873,228386,
3396,AMX,Communication Services,Telecom Services,NYSE,85.21,42.62,93.88,43.77,84.71,39.63,89.65,41.27,107.74,75.02,124.8,83.96,22.14,6.8,0.41,-2.98,-10.98,9.94,66.59,63634748236.465454,2988950000.0,0.0058999998,-22.21,2918200,1.06,22.05,0.41,21.76,1.75,22.23,-0.4,23.07,-4.03,2.34,34.81,2867760,2758683,2881188,0.031
3397,RMI,Financial Services,Asset Management,NYSE,85.21,42.62,92.62,38.23,86.9,44.15,91.29,44.65,97.5,61.05,98.43,59.93,13.69,-3.66,-1.65,-5.66,-9.11,-0.65,50.78,87847140.01769829,6374974.0,3.29,-16.32,24290,1.19,13.74,-0.36,13.76,-0.51,14.08,-2.77,14.76,-7.25,3.67,25.85,40929,20413,22531,
3398,ORI,Financial Services,Insurance - Property & Casualty,NYSE,85.21,42.62,95.13,49.72,84.04,38.4,96.93,61.3,91.93,51.32,98.93,60.76,38.55,2.83,1.61,-5.61,-12.9,-8.25,41.26,9188937342.877663,241432922.0,0.0589,-17.56,1037600,0.72,38.02,1.39,37.87,1.8,38.97,-1.08,40.77,-5.45,1.81,127.27,1621410,1450460,1303578,0.134
3399,ABT,Healthcare,Medical Devices,NYSE,85.2,42.58,94.64,47.13,84.63,39.38,90.53,42.98,69.11,20.16,69.48,19.23,98.49,1.86,-2.55,-4.71,-8.81,-20.03,30.62,168712371360.0,1730383296.0,0.0128999995,-27.17,13909200,1.54,98.6,-0.11,99.17,-0.69,100.98,-2.47,106.29,-7.34,2.21,59.39,9364100,9003106,8478818,0.13
3400,CHA,Consumer Cyclical,Restaurants,NASDAQ,85.2,42.58,98.14,64.98,83.77,37.84,88.82,39.59,76.27,26.2,56.75,11.75,11.33,1.71,-1.22,-8.26,0.18,-9.0,40.55,2094581232.1554794,190763326.0,0.0715,-35.84,582500,0.48,11.22,0.98,11.31,0.18,11.69,-3.08,11.22,0.98,3.59,56.59,682620,1212536,922840,0.025
3401,NNN,Real Estate,REIT - Retail,NYSE,85.19,42.54,91.07,33.02,87.43,45.37,94.2,55.84,100.98,66.31,97.5,58.63,40.27,0.17,-2.21,-8.16,-16.49,5.55,61.45,7790662993.29784,190248177.0,0.0448,-19.46,3076200,1.43,40.39,-0.3,40.73,-1.13,41.55,-3.08,44.12,-8.73,1.75,96.65,2834270,2144373,1814432,0.077
3402,FWRD,Industrials,Integrated Freight & Logistics,NASDAQ,85.19,42.54,105.49,88.26,70.73,21.8,87.27,36.57,49.95,9.73,87.78,36.47,16.32,5.29,10.64,-0.61,11.86,-34.75,21.54,537453509.2654495,33780862.0,0.096499994,-47.66,646700,1.17,15.59,4.68,15.36,6.25,15.48,5.43,16.59,-1.63,5.13,140.96,522150,551820,553110,0.088
3403,SIGIP,Financial Services,Insurance - Property & Casualty,NASDAQ,85.18,42.52,95.66,52.68,85.16,40.53,86.99,36.26,86.76,37.59,86.88,35.2,15.0,-0.5,-1.94,-2.22,-3.11,-6.31,43.4,,,0.06,-19.35,11292,1.22,15.05,-0.33,15.05,-0.33,15.19,-1.25,15.37,-2.41,1.66,64.29,11149,9233,7923,0.045
3404,WEA,Financial Services,Asset Management,NYSE,85.17,42.5,94.94,48.72,85.48,41.22,91.73,46.2,89.88,44.34,90.78,46.38,9.79,0.0,-0.81,-5.3,-4.38,-4.77,45.45,116876164.52636719,11865600.0,0.46,-14.27,23099,0.54,9.81,-0.2,9.85,-0.61,9.95,-1.61,10.17,-3.74,1.44,31.92,38639,42796,36699,0.024
3405,TAC,Utilities,Utilities - Independent Power Producers,NYSE,85.13,42.46,101.82,82.4,79.24,30.51,83.8,31.95,90.64,47.55,93.53,52.11,12.89,5.48,9.52,5.83,4.14,4.06,59.18,3906305120.6588745,316300000.0,0.0433,-27.91,1259300,0.68,12.74,1.18,12.31,4.71,12.15,6.09,12.26,5.14,2.84,49.12,1336770,1843170,1844468,0.125
3406,SR,Utilities,Utilities - Regulated Gas,NYSE,85.13,42.46,96.81,58.56,84.68,39.56,93.28,53.47,86.28,37.06,103.41,67.21,77.99,2.03,1.56,-3.29,-2.74,-2.7,47.89,4583607108.899391,59112807.0,0.0668,-18.17,399800,0.75,77.79,0.26,77.23,0.98,78.41,-0.54,80.08,-2.61,1.91,53.15,443780,529563,505044,0.192
3407,PPLC,Utilities,Utilities - Regulated Electric,NYSE,85.13,42.46,98.73,70.19,81.05,33.16,86.38,35.33,84.89,35.35,89.71,43.32,45.86,2.64,3.52,-0.5,-2.93,,,,,,-12.76,1862163,11.08,45.31,1.21,44.91,2.12,45.11,1.66,46.04,-0.39,1.21,54.26,301126,168048,189353,0.042
3408,ELS,Real Estate,REIT - Residential,NYSE,85.13,42.46,94.42,46.23,86.46,43.36,88.46,38.78,92.18,52.02,93.29,51.72,58.5,1.53,-0.86,-2.09,-12.73,-1.15,49.95,11304264056.75,194064619.0,0.0642,-15.22,2548600,1.52,58.39,0.19,58.49,0.02,59.26,-1.28,61.87,-5.45,1.54,110.05,1885380,1680226,1526052,0.064
3409,TSLA,Consumer Cyclical,Auto Manufacturers,NASDAQ,85.12,42.42,98.66,69.36,82.79,36.16,83.75,31.86,90.02,44.87,99.85,62.08,375.0,5.9,-0.78,3.15,25.7,-22.07,29.17,1463662754278.7854,3949547394.0,0.0195,-24.82,28313500,0.74,376.56,-0.41,367.41,2.07,367.59,2.02,353.27,6.15,2.95,62.98,36746770,38162436,36399732,0.255
3410,XEL,Utilities,Utilities - Regulated Electric,NASDAQ,85.11,42.39,97.63,62.4,80.35,31.93,90.63,43.33,94.31,56.07,98.52,60.04,73.36,3.98,5.46,-1.93,-6.09,4.09,59.26,44598890401.51631,624634306.0,0.075,-12.91,6920700,1.17,72.28,1.49,71.23,2.99,71.94,1.97,74.78,-1.9,1.65,74.34,5967930,5921203,5511098,-0.051
3411,BLLN,Healthcare,Diagnostics & Research,NASDAQ,85.11,42.39,83.42,17.0,115.01,85.59,96.76,61.06,123.39,86.03,70.43,19.92,95.41,-9.79,-23.61,-3.15,-28.0,-7.01,42.66,4997107396.201706,47187038.0,0.1004,-36.58,386300,0.62,101.21,-5.73,108.12,-11.76,107.76,-11.46,105.18,-9.29,8.24,55.95,587720,625860,712124,0.644
3412,ORLY,Consumer Cyclical,Auto Parts,NASDAQ,85.08,42.37,97.54,61.99,82.66,35.88,82.56,30.56,77.31,27.23,87.65,36.24,86.01,1.15,-0.27,0.58,-5.1,-5.48,44.54,68680772475.17621,808960792.0,0.032,-18.26,7773600,1.26,84.91,1.3,85.37,0.75,85.31,0.82,87.98,-2.24,2.14,77.32,5420650,6171120,5741992,0.081
3413,ABOS,Healthcare,Biotechnology,NASDAQ,85.07,42.34,81.1,13.74,99.25,71.14,124.89,88.44,100.47,65.66,160.51,92.79,2.1,1.45,-6.04,-26.57,-0.47,-2.33,48.23,147527258.6413145,72317285.0,0.0556,-41.67,505200,1.0,2.08,0.96,2.15,-2.33,2.41,-12.86,2.6,-19.23,8.04,47.36,747950,507216,448718,
3414,AGX,Industrials,Engineering & Construction,NYSE,85.07,42.34,92.76,38.85,76.81,27.86,92.66,50.97,156.06,94.25,214.31,96.69,398.66,5.03,10.41,0.59,-19.03,22.8,77.38,5385074066.471008,14029842.0,0.0952,-50.52,336300,0.8,398.85,-0.05,384.97,3.56,385.45,3.43,459.27,-13.2,4.39,76.35,334630,420026,367754,0.615
3415,CMRC,Technology,Software - Application,NASDAQ,85.04,42.29,113.33,94.09,84.71,39.63,86.63,35.71,79.09,28.66,60.19,13.4,3.22,-0.62,2.22,4.55,-2.42,-23.7,27.98,269291720.75,82858991.0,0.097200006,-41.93,914400,0.84,3.25,-0.92,3.22,0.0,3.3,-2.42,2.82,14.18,5.11,24.32,650880,1088443,1177924,0.001
3416,WDFC,Basic Materials,Specialty Chemicals,NASDAQ,85.04,42.29,94.61,46.95,81.01,33.0,85.4,33.92,110.57,77.87,92.65,50.48,203.9,0.78,3.4,2.44,-8.32,1.95,54.51,2724750967.2611084,13421096.0,0.057600003,-31.78,130700,1.09,203.69,0.1,202.88,0.5,197.9,3.03,211.74,-3.7,2.07,92.24,113420,120220,112498,0.243
3417,NGS,Energy,Oil & Gas Equipment & Services,NYSE,85.04,42.29,91.43,34.02,81.74,34.19,96.52,60.76,117.96,83.24,129.35,85.49,33.18,1.31,-0.36,-9.93,-6.24,3.23,57.56,427836089.8325348,12898285.0,0.0378,-25.62,57200,0.52,33.45,-0.81,32.99,0.58,34.2,-2.98,35.33,-6.09,3.17,11.4,104750,110160,118272,0.242
3418,UTG,Financial Services,Asset Management,NYSE ARCA,85.04,42.29,95.75,53.21,82.43,35.34,91.34,44.84,94.69,56.73,105.79,70.31,36.19,4.78,3.55,-3.73,-2.79,4.85,60.54,3249611052.3620605,92109160.0,0.0017,-17.56,243530,0.66,35.98,0.58,35.18,2.87,35.7,1.37,37.28,-2.92,2.01,60.57,408413,370777,327798,-0.038
3419,PHK,Financial Services,Asset Management,NYSE,85.03,42.25,95.14,49.77,83.87,38.13,90.78,43.57,92.79,53.24,92.52,50.04,4.19,1.21,1.45,-4.38,-6.76,-5.04,45.1,776834367.8517342,187189000.0,1.07,-16.2,3030861,2.05,4.15,0.96,4.13,1.45,4.2,-0.24,4.39,-4.56,2.32,102.94,1873826,1480022,1178715,0.199
3420,BGSF,Industrials,Staffing & Employment Services,NYSE,85.01,42.24,89.66,29.33,79.8,31.26,94.57,56.87,101.47,67.02,140.17,89.07,4.77,-4.22,-4.6,-8.62,-11.01,2.14,55.06,52544444.61480141,10679765.0,0.0034,-29.33,3900,0.38,4.78,-0.21,4.89,-2.45,4.99,-4.41,5.26,-9.32,3.05,48.04,11390,10243,8860,-0.051
3421,IRMD,Healthcare,Medical Devices,NASDAQ,85.0,42.22,96.75,58.32,85.72,41.7,82.75,30.8,105.02,71.67,116.63,79.74,85.88,0.68,0.8,4.9,-8.68,-11.06,38.37,1092009050.9113998,12786991.0,0.0844,-20.41,91600,0.7,85.61,0.32,85.84,0.05,84.54,1.59,86.62,-0.85,2.65,57.05,142000,130133,131008,0.003
3422,AXS,Financial Services,Insurance - Specialty,NYSE,84.98,42.19,96.73,58.18,81.33,33.55,91.31,44.72,100.25,65.41,93.89,52.89,97.5,2.08,3.41,-0.95,-7.56,-8.48,40.99,6994860429.193085,73723236.0,0.0274,-18.74,602600,0.91,95.9,1.67,95.2,2.42,96.56,0.97,98.82,-1.34,1.87,145.22,736780,661513,657662,0.074
3423,DSL,Financial Services,Asset Management,NYSE,84.98,42.19,94.68,47.38,85.31,40.83,89.76,41.47,88.48,39.95,89.88,43.91,9.9,-0.9,-0.5,-4.24,-4.97,-3.35,46.96,1141128110.5705404,114571095.0,0.0011999999,-19.77,1411681,1.89,9.88,0.2,9.93,-0.3,10.05,-1.49,10.31,-3.98,1.32,131.93,940328,746649,653815,
3424,FLC,Financial Services,Asset Management,NYSE,84.96,42.16,94.09,44.74,85.86,42.01,90.45,42.79,90.3,46.11,92.78,50.74,15.45,-1.15,-1.78,-4.4,-5.42,-5.95,43.85,164172087.70551968,10456821.0,2.9288,-14.59,35438,0.94,15.5,-0.32,15.59,-0.9,15.79,-2.15,16.2,-4.63,1.27,30.51,44053,37861,28972,0.008
3425,FFC,Financial Services,Asset Management,NYSE,84.96,42.16,92.8,38.98,87.1,44.71,91.86,46.93,92.08,51.75,92.91,50.92,14.62,-2.34,-3.11,-5.34,-6.99,-5.83,44.05,719777746.0237503,48177896.0,1.01,-14.0,193456,1.44,14.77,-1.02,14.89,-1.81,15.13,-3.37,15.57,-6.1,1.44,38.05,162755,134338,117783,0.012
3426,AIRJ,Industrials,Building Products & Equipment,NASDAQ,84.93,42.14,84.3,18.35,88.31,46.98,102.98,70.47,94.57,56.49,69.8,19.41,3.69,-6.82,-8.89,-13.38,-8.21,10.15,66.78,287521790.07596207,73347394.0,0.1376,-45.33,1087100,1.25,3.78,-2.38,3.88,-4.9,4.06,-9.11,4.7,-21.49,4.65,75.83,816030,869736,1267086,
3427,GD,Industrials,Aerospace & Defense,NYSE,84.92,42.12,91.42,33.99,88.39,47.13,94.21,55.88,98.24,62.2,92.83,50.83,329.9,-0.85,-1.9,-6.87,-13.4,-1.51,49.58,89308223506.73996,270557195.0,0.0111,-17.53,1508000,1.18,329.93,-0.01,331.74,-0.55,342.33,-3.63,364.9,-9.59,1.86,128.93,1431490,1275646,1113450,0.081
3428,ES,Utilities,Utilities - Regulated Electric,NYSE,84.89,42.09,94.93,48.67,83.51,37.47,93.66,54.5,98.42,62.44,94.37,53.71,65.69,2.15,2.96,-3.66,-11.1,1.2,53.19,24295521633.0,376674754.0,0.0317,-14.21,3314400,1.33,65.08,0.94,64.47,1.89,65.65,0.06,68.59,-4.23,1.65,79.31,2857460,2495810,2397232,0.023
3429,WAL,Financial Services,Banks - Regional,NYSE,84.89,42.09,94.89,48.4,84.53,39.25,90.87,43.82,90.99,49.02,91.66,48.3,75.5,-0.26,-1.0,-4.77,-5.97,-11.22,38.13,8333123692.665527,109100864.0,0.0,-22.35,1387200,1.17,75.67,-0.22,75.91,-0.54,77.14,-2.13,79.03,-4.47,2.73,98.93,1319340,1185096,1081312,0.136
3430,UPC,Healthcare,Drug Manufacturers - Specialty & Generic,NASDAQ,84.89,42.09,86.04,21.06,134.62,92.43,106.83,74.85,111.99,79.01,72.17,21.28,4.18,-3.02,-10.68,7.73,28.42,12.09,68.75,22609755.0,5024390.0,0.0152,-76.73,12600,0.05,4.31,-3.02,4.42,-5.43,4.51,-7.32,4.93,-15.21,8.5,42.22,61200,242323,980398,-0.013
3431,DGICB,Financial Services,Insurance - Property & Casualty,NASDAQ,84.85,42.05,85.07,19.33,83.27,37.06,139.52,92.62,138.61,90.98,106.04,70.67,18.0,6.76,3.39,-29.61,-17.15,7.89,64.43,618036031.1401176,37119282.0,0.0069,-39.98,1600,0.65,17.3,4.05,17.1,5.26,19.49,-7.64,21.97,-18.07,8.33,3.34,4440,2446,2896,-0.024
3432,EHI,Financial Services,Asset Management,NYSE,84.85,42.05,95.08,49.47,84.79,39.84,89.07,40.14,89.78,43.76,92.32,49.63,5.35,-1.47,-0.56,-3.59,-4.62,-4.5,45.77,165133588.12078285,30299742.0,0.00090000004,-18.57,171296,1.05,5.39,-0.74,5.4,-0.93,5.45,-1.83,5.57,-3.95,1.24,45.21,159799,162949,154129,0.025
3433,HIO,Financial Services,Asset Management,NYSE,84.84,42.0,94.44,46.3,84.45,39.1,89.63,41.21,90.97,48.95,93.59,52.31,3.24,-0.92,-0.61,-4.53,-4.93,-3.8,46.46,312876413.72225285,95099215.0,0.39,-16.71,575855,1.04,3.26,-0.61,3.27,-0.92,3.32,-2.41,3.4,-4.71,1.35,-0.0,632945,551928,469325,-0.017
3434,KYIV,Communication Services,Telecom Services,NASDAQ,84.84,42.0,87.32,23.87,91.73,58.33,102.36,69.63,112.74,79.72,90.01,44.45,12.2,-1.69,-7.58,-12.04,-7.01,-10.29,39.14,2888354189.0850677,230883624.0,0.0521,-26.28,261800,0.68,12.48,-2.24,12.57,-2.94,12.96,-5.86,13.25,-7.92,3.0,21.83,400330,386876,381070,0.194
3435,CCL,Consumer Cyclical,Travel Services,NYSE,84.84,42.0,109.33,91.84,67.95,19.08,76.03,23.77,81.84,31.83,101.04,63.55,26.13,4.23,19.92,16.29,-5.55,-14.69,35.06,34637157230.79684,1344610129.0,0.038399998,-23.21,23677700,0.94,26.04,0.35,24.93,4.81,23.51,11.14,25.15,3.9,3.75,63.31,30345350,25107966,21920810,0.035
3436,TCBI,Financial Services,Banks - Regional,NASDAQ,84.83,41.95,91.72,35.06,88.03,46.41,94.79,57.39,97.46,60.97,107.16,71.91,90.58,-2.62,-3.81,-7.15,-8.05,-2.06,48.76,4076156930.3112717,43474369.0,0.1454,-16.84,863600,1.61,92.84,-2.43,93.57,-3.2,95.04,-4.69,97.24,-6.85,1.86,19.01,665910,536926,479430,0.086
3437,FGBI,Financial Services,Banks - Regional,NASDAQ,84.83,41.95,100.83,79.92,88.81,48.01,97.01,61.41,102.02,67.77,103.55,67.35,8.48,3.54,7.34,3.29,-9.19,68.51,92.06,137439878.08008003,16539094.0,0.074200004,-23.01,29800,1.28,8.45,0.36,8.31,2.05,8.29,2.29,8.54,-0.7,4.92,98.21,22290,23200,21284,1.768
3438,AIR,Industrials,Aerospace & Defense,NYSE,84.83,41.95,78.45,11.01,101.04,73.35,116.48,83.88,126.44,87.23,135.09,87.48,101.58,1.68,-15.74,-18.39,-24.98,22.81,77.41,4120308655.474098,40194211.0,0.041100003,-34.04,487300,0.85,102.0,-0.41,104.93,-3.19,111.97,-9.28,127.13,-20.1,5.38,65.54,926180,571050,494968,0.241
3439,GTY,Real Estate,REIT - Retail,NYSE,84.82,41.91,88.43,26.07,87.48,45.44,98.79,63.89,107.04,74.33,111.71,76.13,27.9,0.22,-2.82,-12.61,-18.53,6.18,62.28,1746502159.0508995,61932699.0,0.1535,-24.25,784300,1.14,27.88,0.07,28.11,-0.75,29.06,-3.99,31.07,-10.2,1.9,111.14,724420,690970,610588,0.109
3440,GSK,Healthcare,Drug Manufacturers - General,NYSE,84.82,41.91,91.14,33.15,92.25,59.67,91.23,44.54,97.05,60.25,126.82,84.84,46.54,-1.36,-6.26,-3.28,-11.76,-1.73,49.18,94225319432.59268,2003515243.0,0.0073,-24.57,7730500,2.08,46.75,-0.45,47.74,-2.51,48.88,-4.79,50.05,-7.01,1.85,82.28,5280760,3711850,3549388,0.053
3441,JRS,Financial Services,Asset Management,NYSE,84.81,41.89,90.18,30.64,87.98,46.31,94.29,56.11,100.0,65.05,97.05,57.89,7.21,-2.04,-3.61,-7.57,-15.02,1.08,52.96,214382137.0243206,28892471.0,0.0007,-18.99,63097,1.02,7.26,-0.69,7.31,-1.37,7.52,-4.12,7.93,-9.08,1.81,61.13,91349,61583,56429,-0.064
3442,TCMD,Healthcare,Medical Devices,NASDAQ,84.79,41.87,91.01,32.83,85.38,41.01,90.41,42.71,145.13,92.57,142.9,89.69,22.12,1.89,-3.36,-0.9,-19.27,-23.51,28.15,500615529.24116135,22652286.0,0.1263,-41.44,368800,1.33,22.18,-0.27,22.3,-0.81,22.41,-1.29,23.84,-7.21,2.93,70.95,241570,276306,320422,0.086
3443,IART,Healthcare,Medical Devices,NASDAQ,84.78,41.85,79.24,11.9,103.33,76.03,102.93,70.32,140.4,91.5,75.53,23.69,13.41,-16.66,-15.55,-13.71,-18.68,6.01,62.12,986155399.8142853,77772506.0,0.120699994,-34.55,1459600,1.44,13.14,2.05,14.71,-8.84,15.19,-11.72,16.3,-17.73,6.4,67.61,1223520,1012770,885072,0.008
3444,CCU,Consumer Defensive,Beverages - Brewers,NYSE,84.78,41.85,95.53,51.97,84.73,39.7,90.31,42.52,81.87,31.91,82.75,30.45,11.09,7.36,1.46,-4.81,-4.31,-10.13,39.38,1960625511.7700195,185139328.0,0.030299999,-27.8,58800,0.44,10.94,1.37,10.8,2.69,11.07,0.18,11.55,-3.98,2.8,90.11,122880,132870,125952,0.048
3445,JFU,Technology,Information Technology Services,NASDAQ,84.77,41.82,101.06,80.65,75.3,26.66,74.89,22.83,68.22,19.61,106.74,71.37,2.74,-2.49,2.62,-0.72,36.32,-57.52,11.9,31317069.450513363,11773334.0,0.0044,-71.1,8100,1.84,2.62,4.58,2.68,2.24,2.65,3.4,2.6,5.38,5.82,6.27,4190,4413,165252,-0.176
3446,LBRT,Energy,Oil & Gas Equipment & Services,NYSE,84.75,41.8,92.94,39.6,79.47,30.87,94.15,55.73,131.54,89.19,168.93,93.94,18.85,2.06,3.34,-9.2,10.79,8.98,65.51,3151226155.806381,163191416.0,0.14729999,-45.33,5497800,1.45,19.46,-3.13,19.03,-0.95,19.15,-1.57,19.65,-4.07,4.97,32.02,4510940,3789646,3909320,0.14
3447,CNP,Utilities,Utilities - Regulated Electric,NYSE,84.74,41.79,96.75,58.32,79.9,31.38,88.57,39.06,96.99,60.21,99.93,62.21,38.42,3.25,4.35,-1.79,-9.97,3.92,58.98,24893040286.596436,658720288.0,0.0907,-15.11,6532500,0.97,38.21,0.55,37.55,2.32,37.87,1.45,39.16,-1.89,1.54,55.8,7165130,6752260,6503414,0.107
3448,DNLI,Healthcare,Biotechnology,NASDAQ,84.72,41.77,82.28,15.13,95.93,66.41,102.24,69.44,116.43,82.33,117.31,80.11,18.67,-9.06,-8.79,-12.76,-21.72,10.8,67.57,3196948060.0,159847403.0,0.11310001,-31.61,2366500,1.36,19.4,-3.76,20.04,-6.84,20.35,-8.26,22.51,-17.06,4.61,42.96,2010520,1743723,1550708,
3449,ELUT,Healthcare,Medical Devices,NASDAQ,84.7,41.75,92.84,39.25,85.1,40.39,74.44,22.55,76.05,25.95,91.73,48.48,0.83,3.38,-0.36,3.38,-6.02,41.13,85.72,34501309.47308123,44289230.0,0.0002,-40.07,115300,0.37,0.81,2.47,0.8,3.75,0.81,2.47,0.85,-2.35,6.41,18.79,834160,309900,206786,-0.116
3450,NPCT,Financial Services,Asset Management,NYSE,84.67,41.73,93.12,40.48,87.06,44.59,91.36,44.98,87.85,38.98,95.6,55.88,8.99,-2.07,-3.23,-6.64,-5.59,-4.19,46.03,263108239.030838,28755000.0,0.008,-18.3,107214,1.02,9.06,-0.77,9.13,-1.53,9.33,-3.64,9.5,-5.37,1.8,61.67,119021,105103,103866,
3451,PAXS,Financial Services,Asset Management,NYSE,84.67,41.73,95.52,51.91,84.33,38.87,90.07,42.09,91.09,49.39,89.86,43.86,13.24,-0.08,1.15,-4.06,-3.34,-5.93,43.93,631365296.1883545,47152000.0,0.27,-20.05,290559,0.94,13.23,0.08,13.22,0.15,13.29,-0.38,13.68,-3.22,1.62,112.0,270235,308551,263851,
3452,EXE,Energy,Oil & Gas E&P,NASDAQ,84.65,41.71,95.94,54.04,80.56,32.1,91.2,44.39,78.23,27.86,84.26,32.17,88.86,3.37,0.27,-8.27,-3.32,-16.84,33.35,20458850363.40464,239228849.0,0.0414,-29.82,2976100,0.96,87.43,1.64,86.35,2.91,88.47,0.44,92.68,-4.12,2.29,40.36,2945550,3090476,2937362,-0.106
3453,EFC,Real Estate,REIT - Mortgage,NYSE,84.64,41.68,89.75,29.51,90.22,51.75,95.7,59.25,98.49,62.55,92.35,49.7,11.64,-0.43,-4.89,-9.77,-10.88,-7.07,42.5,1493804823.4066544,128887386.0,0.0752,-17.56,1828200,1.19,11.6,0.34,11.79,-1.27,12.16,-4.28,12.78,-8.92,2.05,50.39,2038760,1530863,1370944,0.338
3454,CDE,Basic Materials,Gold,NYSE,84.64,41.68,87.22,23.54,100.29,72.56,110.04,78.15,86.53,37.37,144.87,90.22,16.87,-3.93,-10.93,-17.06,15.31,-7.46,42.06,18153331907.829567,1027934998.0,0.050100002,-39.25,49853800,1.43,17.05,-1.06,17.53,-3.76,18.72,-9.88,19.07,-11.54,4.81,66.61,35928290,34947296,37125332,1.259
3455,MDGL,Healthcare,Biotechnology,NASDAQ,84.63,41.64,88.74,26.77,90.07,51.04,103.05,70.59,111.73,78.75,117.66,80.37,476.91,-4.56,-7.07,-10.54,-12.79,-19.31,31.06,11538200383.383606,23104126.0,0.114700004,-22.45,374400,1.59,490.82,-2.83,500.08,-4.63,513.99,-7.21,518.72,-8.06,3.52,64.61,266520,235296,294958,0.712
3456,XLO,Healthcare,Biotechnology,NASDAQ,84.63,41.64,98.35,66.38,86.32,43.06,94.88,57.49,87.33,38.22,77.48,25.41,9.01,1.12,0.11,0.9,-0.99,-3.8,46.46,59287180.0360775,6580153.0,0.0701,-28.41,20800,2.09,9.03,-0.22,9.01,0.0,9.0,0.11,9.07,-0.66,3.21,81.29,7840,9976,10888,1.312
3457,FBK,Financial Services,Banks - Regional,NYSE,84.63,41.64,95.05,49.23,86.41,43.28,93.47,53.91,98.53,62.7,94.46,53.82,52.91,1.57,0.19,-3.69,-11.05,-5.8,44.1,2669832040.447296,49978138.0,0.060300004,-15.55,439500,0.77,52.77,0.27,52.45,0.88,53.21,-0.56,56.63,-6.57,1.77,96.92,490680,571806,461994,1.302
3458,HRI,Industrials,Rental & Leasing Services,NYSE,84.62,41.61,86.29,21.42,88.18,46.69,98.18,63.09,111.79,78.8,71.74,20.97,123.86,-6.07,-5.41,-12.8,-12.96,-18.28,32.05,4625908743.040527,33431444.0,0.0975,-34.24,411200,0.52,131.38,-5.72,131.0,-5.45,135.34,-8.48,148.4,-16.54,6.48,35.02,601170,789376,622598,0.202
3459,FEDU,Consumer Defensive,Education & Training Services,NYSE,84.61,41.58,104.66,87.31,74.54,25.75,82.63,30.68,74.16,24.23,87.26,35.71,10.41,15.03,10.74,-0.19,20.21,-5.36,44.73,21144446.162670135,2261438.0,0.0078,-29.33,16600,8.06,10.03,3.79,9.92,4.94,10.0,4.1,9.49,9.69,8.24,158.63,5600,2060,2330,-0.062
3460,MFM,Financial Services,Asset Management,NYSE,84.61,41.58,93.85,43.57,85.12,40.42,88.42,38.7,95.0,57.25,93.88,52.84,4.93,1.23,-1.0,-2.95,-6.96,-4.02,46.15,201407510.09085798,41187631.0,0.11,-13.05,621848,1.16,4.88,1.02,4.88,1.02,4.98,-1.0,5.18,-4.83,2.2,92.12,867074,537608,431838,0.002
3461,JHI,Financial Services,Asset Management,NYSE,84.6,41.56,93.7,42.95,85.56,41.41,90.2,42.35,90.54,47.06,92.65,50.48,12.01,-1.95,-1.55,-5.17,-5.9,-5.39,44.69,106508585.12862396,8744547.0,0.0004,-15.84,27494,1.03,12.06,-0.41,12.14,-1.07,12.3,-2.36,12.7,-5.43,1.29,51.45,27859,26819,22101,0.022
3462,DAIO,Technology,Electronic Components,NASDAQ,84.58,41.53,94.43,46.26,79.27,30.6,73.79,22.08,107.63,74.89,80.2,27.94,2.85,-3.06,-1.04,5.17,-4.04,-4.68,45.58,30978968.65828085,10395627.0,0.0007,-36.53,17900,0.81,2.91,-2.06,2.91,-2.06,2.86,-0.35,2.91,-2.06,4.84,0.0,20780,22233,31268,-0.134
3463,DORM,Consumer Cyclical,Auto Parts,NASDAQ,84.58,41.53,93.87,43.72,84.7,39.58,91.55,45.59,103.03,69.17,78.52,26.28,121.67,-0.99,-0.76,-3.92,-13.89,-3.83,46.41,3651881478.6297607,29675618.0,0.0796,-25.81,218800,1.0,123.52,-1.5,123.47,-1.46,123.6,-1.56,128.81,-5.54,2.94,15.07,268600,218343,260130,0.007
3464,NVST,Healthcare,Medical Instruments & Supplies,NYSE,84.57,41.5,87.51,24.18,89.05,48.5,102.39,69.68,104.14,70.75,122.13,82.68,22.72,-1.9,-5.61,-12.18,-19.92,1.97,54.63,3768091306.0900955,160617709.0,0.0714,-25.31,2268800,0.84,23.17,-1.94,23.35,-2.7,23.95,-5.14,26.05,-12.78,2.7,70.16,2430030,2685376,2833120,0.071
3465,TGS,Energy,Oil & Gas Integrated,NYSE,84.57,41.5,90.97,32.73,83.46,37.36,93.66,54.5,99.24,63.91,102.72,66.01,26.39,5.77,-2.91,-14.15,-11.35,-16.3,33.84,3765310856.5786667,150552212.0,0.0078,-27.4,197800,0.85,26.25,0.53,26.04,1.34,27.47,-3.93,28.34,-6.88,3.27,47.52,247920,231943,228566,0.154
3466,MHH,Industrials,Staffing & Employment Services,NYSE ARCA,84.56,41.46,88.61,26.42,88.66,47.8,90.87,43.82,96.1,58.82,83.03,30.78,6.66,-8.39,-7.76,-10.72,-16.23,-8.77,40.77,85889955.295609,12012581.0,0.0099,-20.43,9700,1.31,6.87,-3.06,7.05,-5.53,7.2,-7.5,7.45,-10.6,4.75,0.0,6970,7380,9894,-0.156
3467,DHF,Financial Services,Asset Management,NYSE,84.56,41.46,94.06,44.59,84.5,39.19,89.55,41.09,89.3,41.8,90.84,46.52,2.17,-1.45,-1.0,-4.87,-5.06,-5.65,44.27,162202472.2073393,72736534.0,0.07,-16.86,637804,1.68,2.2,-1.36,2.2,-1.36,2.22,-2.25,2.29,-5.24,1.34,-0.0,437450,380423,364442,-0.067
3468,RKLB,Industrials,Aerospace & Defense,NASDAQ,84.55,41.42,94.97,48.85,95.02,64.93,81.63,29.7,103.43,69.76,157.98,92.54,68.4,-2.92,-7.08,10.39,16.72,-3.01,47.48,47265259136.08351,639410989.0,0.0731,-54.7,22956500,1.13,72.46,-5.6,71.83,-4.78,69.1,-1.01,70.46,-2.92,6.06,16.66,21573220,20359146,19425914,0.62
3469,JBSS,Consumer Defensive,Packaged Foods,NASDAQ,84.55,41.42,92.87,39.41,81.53,33.88,91.99,47.59,107.4,74.67,107.73,72.47,68.39,2.66,2.0,-3.46,-17.02,-3.63,46.66,801237278.8657608,11693481.0,0.085200004,-25.73,88100,0.7,68.13,0.38,67.59,1.18,67.95,0.65,73.89,-7.44,2.25,28.55,121860,126540,140918,0.042
3470,ISBA,Financial Services,Banks - Regional,NASDAQ,84.55,41.42,99.73,76.17,80.66,32.31,86.59,35.66,84.57,34.98,115.85,79.28,38.46,2.07,3.59,-0.43,-3.65,-30.61,23.98,290812630.6114845,7628873.0,0.0421,-34.63,33727,0.64,38.16,0.79,38.0,1.21,38.11,0.92,39.0,-1.38,2.68,57.64,30282,53100,58144,0.083
3471,ERIC,Technology,Communication Equipment,NASDAQ,84.53,41.39,94.65,47.2,85.22,40.66,88.96,39.88,97.24,60.58,119.01,81.06,9.5,3.04,1.6,-3.48,-1.31,1.28,53.3,30311719114.412796,3262833072.0,0.0215,-31.01,9388800,1.18,9.38,1.28,9.32,1.93,9.6,-1.04,9.79,-2.96,2.03,62.33,7579300,7954436,8369002,-0.061
3472,WH,Consumer Cyclical,Lodging,NYSE,84.52,41.37,100.02,77.39,75.69,26.97,82.24,30.27,84.7,35.17,98.4,59.92,73.36,2.62,5.94,7.58,-2.33,-5.07,45.03,5327616516.322311,74211122.0,0.1069,-18.8,1298000,1.08,72.25,1.54,71.78,2.2,70.01,4.79,72.01,1.87,2.85,92.9,1082000,1203490,1206558,-0.055
3473,CCS,Real Estate,Real Estate - Development,NYSE,84.51,41.35,87.44,24.01,87.5,45.47,89.52,41.02,98.85,63.28,89.63,43.08,56.76,-5.65,-8.45,-4.7,-18.04,-3.32,47.02,1702260929.0306854,28432620.0,0.0926,-25.32,334400,1.23,57.99,-2.12,59.52,-4.64,60.41,-6.04,64.93,-12.58,3.73,118.62,223310,270940,249936,-0.073
3474,CE,Basic Materials,Chemicals,NYSE,84.51,41.35,95.56,52.09,88.56,47.57,85.76,34.55,79.73,29.44,122.86,83.06,44.81,1.38,-5.78,-1.99,2.0,6.14,62.24,4849804889.222786,109748926.0,0.101,-36.62,2564500,1.38,44.65,0.36,44.97,-0.36,45.73,-2.01,45.24,-0.95,4.3,63.26,1639480,1855070,1828496,0.087
3475,MOLN,Healthcare,Biotechnology,NASDAQ,84.5,41.32,87.69,24.43,96.79,67.77,94.54,56.8,87.65,38.69,96.36,56.97,3.81,-2.56,-11.4,-8.85,-3.05,-13.21,36.4,149773479.95776486,38305237.0,0.16,-28.92,0,0.0,3.85,-1.04,3.91,-2.56,4.03,-5.46,4.16,-8.41,3.21,0.0,1080,1253,1204,
3476,YUMC,Consumer Cyclical,Restaurants,NYSE,84.5,41.32,96.3,55.88,83.53,37.51,85.06,33.42,81.86,31.87,94.56,54.05,41.78,2.0,1.93,-1.21,-8.31,-12.1,37.17,13528966177.995815,338393355.0,0.0178,-28.45,2350700,1.62,40.66,2.75,40.77,2.48,41.22,1.36,44.29,-5.67,1.74,66.11,1501720,1450770,1483336,0.126
3477,OEC,Basic Materials,Specialty Chemicals,NYSE,84.49,41.29,96.7,58.06,82.77,36.1,82.23,30.24,79.87,29.64,80.86,28.61,5.82,3.19,-3.32,0.52,-18.6,16.3,72.7,327266425.05383015,56522699.0,0.043,-32.64,421800,1.02,5.78,0.69,5.77,0.87,5.83,-0.17,6.14,-5.21,4.51,53.38,422760,414273,427170,0.074
3478,WM,Industrials,Waste Management,NYSE,84.48,41.27,95.62,52.42,83.86,38.1,89.28,40.49,94.08,55.64,89.9,44.02,210.1,4.06,1.03,-1.74,-10.81,-1.64,49.38,81721768148.96606,399715184.0,0.0145000005,-15.33,2241900,0.99,207.61,1.2,206.42,1.78,209.33,0.37,216.86,-3.12,1.5,78.31,2191540,2259893,2172764,0.04
3479,BANF,Financial Services,Banks - Regional,NASDAQ,84.46,41.26,96.01,54.41,83.95,38.28,88.62,39.17,90.6,47.28,90.01,44.45,106.9,0.39,0.07,-3.08,-5.33,-3.3,47.1,3630016768.4585114,33586387.0,0.0416,-17.1,157500,1.11,107.07,-0.16,106.79,0.1,107.87,-0.9,110.29,-3.07,2.03,96.5,163440,142366,130270,0.087
3480,BAM,Financial Services,Asset Management,NYSE,84.45,41.24,95.08,49.47,84.03,38.37,89.86,41.69,84.6,35.06,83.44,31.23,45.17,1.37,1.32,-4.38,-3.68,-10.79,38.58,71636733302.83743,1597251633.0,0.0493,-23.87,3797900,1.28,44.89,0.62,44.77,0.89,45.4,-0.51,48.84,-7.51,2.26,113.42,3743280,2961016,2826916,0.608
3481,BIT,Financial Services,Asset Management,NYSE,84.42,41.22,95.09,49.55,83.91,38.24,87.84,37.46,88.32,39.65,88.83,40.07,11.21,-0.53,0.18,-3.73,-5.56,-5.94,43.89,645949848.4658432,57062709.0,0.0045,-16.72,468668,1.01,11.21,0.0,11.21,0.0,11.37,-1.41,11.68,-4.02,1.45,86.15,517556,461905,431715,
3482,ITRG,Basic Materials,Other Precious Metals & Mining,NYSE ARCA,84.41,41.2,94.26,45.61,88.79,47.95,86.65,35.73,71.94,22.39,113.25,77.38,2.54,-1.17,-6.27,-7.97,24.51,-42.4,17.52,535584926.082232,202873070.0,0.0235,-47.84,1404500,0.77,2.6,-2.31,2.61,-2.68,2.69,-5.58,2.68,-5.22,4.67,25.29,1537550,1814096,2220372,0.159
3483,SOMN,Utilities,Utilities - Regulated Electric,NYSE,84.41,41.2,97.55,62.08,81.04,33.13,85.32,33.77,87.34,38.24,90.47,45.66,46.04,2.17,2.84,-1.51,-6.55,-3.94,46.25,,,0.75,-14.72,129380,0.22,45.54,1.1,45.2,1.86,45.58,1.01,46.8,-1.62,1.13,107.11,1046558,590946,374255,0.001
3484,PRMB,Consumer Defensive,Beverages - Non-Alcoholic,NYSE,84.4,41.17,90.24,30.76,84.52,39.22,89.82,41.56,106.17,73.03,80.76,28.49,19.34,1.52,0.05,-5.93,-15.55,22.02,76.96,7061521767.39234,361943705.0,0.32759997,-26.21,8201100,1.73,19.39,-0.26,19.33,0.05,19.93,-2.96,21.76,-11.12,3.62,87.14,4684180,4727036,4682080,0.038
3485,PSF,Financial Services,Asset Management,NYSE,84.4,41.17,93.65,42.7,85.37,40.95,90.06,42.06,92.09,51.79,91.41,47.95,18.02,-0.44,-1.96,-4.45,-5.61,-5.36,44.73,219634697.37303352,12028187.0,0.0025,-14.43,48078,0.8,18.08,-0.33,18.11,-0.5,18.4,-2.07,18.9,-4.66,1.34,45.56,82877,60035,49213,
3486,NXP,Financial Services,Asset Management,NYSE,84.39,41.12,94.32,45.89,83.0,36.62,89.73,41.42,92.41,52.6,92.18,49.42,13.02,-2.25,0.54,-5.48,-7.92,-4.73,45.52,837478783.4961414,63015710.0,0.0005,-11.13,307965,1.0,13.14,-0.91,13.17,-1.14,13.33,-2.33,13.78,-5.52,1.96,11.73,455906,308038,241851,0.16
3487,LNT,Utilities,Utilities - Regulated Electric,NASDAQ,84.39,41.12,95.52,51.91,81.32,33.51,90.3,42.49,99.38,64.11,100.6,62.99,65.5,2.81,3.46,-2.6,-8.34,3.72,58.6,16679785161.434464,259284699.0,0.1125,-16.89,2651800,1.0,64.96,0.83,64.3,1.87,65.02,0.74,67.42,-2.85,1.64,59.53,3441570,2646406,2600138,0.01
3488,ENB,Energy,Oil & Gas Midstream,NYSE,84.39,41.12,92.22,36.74,82.51,35.57,86.27,35.15,104.84,71.44,102.83,66.19,46.54,0.58,-1.71,-3.48,-14.44,3.84,58.85,102459944805.5864,2228843639.0,0.0078,-20.38,3943900,0.72,46.2,0.74,46.41,0.28,47.32,-1.65,49.43,-5.85,1.52,66.53,4428780,5446730,5525508,0.971
3489,ACGLN,Financial Services,Insurance - Diversified,NASDAQ,84.38,41.08,95.52,51.91,85.37,40.95,86.83,36.0,86.47,37.29,91.69,48.42,15.01,-1.15,-1.86,-2.4,-6.41,-6.15,43.61,,,0.66,-17.12,88868,1.29,15.12,-0.73,15.17,-1.05,15.21,-1.31,15.56,-3.53,2.01,86.22,62116,69018,57115,-0.105
3490,ARDC,Financial Services,Asset Management,NYSE,84.38,41.08,93.84,43.5,84.52,39.22,89.81,41.54,89.71,43.37,86.65,34.81,11.38,-0.87,-1.13,-5.6,-5.74,-6.22,43.48,275369334.5146179,23966000.0,0.35,-18.66,99159,0.92,11.4,-0.18,11.44,-0.52,11.67,-2.49,11.98,-5.01,1.41,37.5,129945,108218,100367,
3491,USLM,Basic Materials,Building Materials,NASDAQ,84.37,41.05,97.31,60.74,83.04,36.72,92.25,49.07,75.38,25.34,106.88,71.51,109.05,-2.07,-0.34,-5.9,-3.45,-14.37,35.36,3184695237.914955,28688363.0,0.0937,-22.9,77900,0.55,110.58,-1.38,111.06,-1.81,112.75,-3.28,115.45,-5.54,2.9,7.59,111610,141000,146872,0.083
3492,SGHC,Consumer Cyclical,Gambling,NYSE,84.37,41.05,86.04,21.06,86.46,43.36,100.58,66.74,115.97,82.12,100.5,62.83,11.54,1.58,-3.67,-15.06,-22.19,-1.74,49.14,5715863865.0,508076788.0,0.176,-27.24,1905800,0.72,11.41,1.14,11.5,0.35,12.24,-5.72,12.95,-10.89,3.67,75.53,2949130,2663140,2551870,0.181
3493,ECVT,Basic Materials,Specialty Chemicals,NYSE,84.36,41.02,95.9,53.81,82.9,36.37,85.19,33.57,103.03,69.17,145.69,90.33,10.21,2.51,0.69,1.39,-15.13,6.47,62.47,1107820175.232336,109468398.0,0.048899997,-32.32,1604900,1.27,10.28,-0.68,10.12,0.89,10.23,-0.2,10.41,-1.92,2.39,34.84,1169830,1266153,1290652,0.42
3494,MSDL,Financial Services,Asset Management,NYSE,84.36,41.02,93.03,40.14,86.91,44.18,88.49,38.82,89.54,42.73,82.42,30.2,13.57,-1.02,-2.22,-4.29,-4.81,-9.31,40.19,1137942278.2015095,84105122.0,0.0546,-24.23,448615,0.99,13.49,0.59,13.62,-0.37,13.91,-2.44,14.4,-5.76,1.84,85.89,594171,452600,452574,-0.108
3495,VIVO,Technology,Software - Infrastructure,NASDAQ,84.35,40.98,73.71,7.57,97.08,68.18,110.91,79.21,118.83,83.76,86.79,35.08,3.22,2.22,-20.79,-19.9,1.58,19.7,75.18,107498341.44374251,31993555.0,0.0661,-53.06,422500,1.15,3.3,-2.42,3.51,-8.26,3.7,-12.97,3.94,-18.27,8.15,57.17,484750,368503,422214,
3496,VGI,Financial Services,Asset Management,NYSE,84.35,40.98,92.91,39.52,85.86,42.01,91.52,45.48,90.14,45.4,94.38,53.75,6.65,-0.75,-2.06,-6.6,-5.84,-5.7,44.2,76363384.5,11313094.0,0.0047,-17.29,53292,1.13,6.68,-0.45,6.7,-0.75,6.85,-2.92,7.06,-5.81,1.69,71.34,56419,46973,43509,
3497,ADMA,Healthcare,Biotechnology,NASDAQ,84.33,40.96,107.84,90.71,78.91,30.12,71.92,20.65,56.82,12.71,56.74,11.74,10.33,4.03,8.51,10.01,18.6,-47.24,15.54,2177131149.4103622,223984680.0,0.13319999,-49.51,3902800,1.34,10.1,2.28,9.99,3.4,9.61,7.49,9.54,8.28,4.29,67.74,3262020,2912673,2664516,0.02
3498,GAU,Basic Materials,Gold,NYSE ARCA,84.32,40.93,99.42,75.07,82.93,36.43,84.97,33.24,70.94,21.52,114.52,78.4,2.1,7.69,5.0,-2.78,20.0,-17.97,32.35,520567612.85473347,261591764.0,0.0125,-41.99,4250000,1.6,2.02,3.96,1.99,5.53,2.05,2.44,2.1,0.0,4.73,130.94,2756780,2657606,2785228,1.167
3499,WEC,Utilities,Utilities - Regulated Electric,NYSE,84.32,40.93,96.58,57.43,80.86,32.7,88.05,38.0,92.17,51.96,95.31,55.29,103.61,1.85,2.69,-1.65,-6.09,2.27,55.37,33103037625.67392,325849383.0,0.048299998,-13.59,1860700,0.71,102.57,1.01,102.09,1.49,102.85,0.74,105.56,-1.85,1.5,74.5,2777210,2636620,2583656,0.026
3500,BKT,Financial Services,Asset Management,NYSE,84.31,40.91,94.51,46.56,83.13,36.9,88.2,38.28,89.22,41.43,89.02,40.89,9.52,-0.73,-0.1,-4.05,-5.22,-6.17,43.58,312553374.44459534,32388952.0,0.0013,-16.05,93784,0.49,9.53,-0.1,9.54,-0.21,9.66,-1.45,10.0,-4.8,1.11,87.44,216738,190376,166245,0.45
3501,WPRT,Consumer Cyclical,Auto Parts,NASDAQ,84.3,40.89,93.38,41.46,86.04,42.49,84.12,32.32,72.47,22.8,77.83,25.68,1.86,-4.12,-8.82,5.68,10.71,10.71,67.33,35711979.82942128,18995734.0,0.0253,-27.06,22900,0.45,1.86,0.0,1.92,-3.12,1.93,-3.63,1.87,-0.53,3.92,68.63,35100,50983,60764,-0.783
3502,HYFT,Healthcare,Biotechnology,NASDAQ,84.29,40.84,102.67,83.97,78.78,29.94,72.56,21.13,80.66,30.66,105.87,70.4,1.43,7.52,5.15,8.33,10.0,-14.37,35.36,63129636.69252157,47111668.0,0.015700001,-52.17,394800,1.51,1.46,-2.05,1.41,1.42,1.37,4.38,1.36,5.15,7.91,30.93,379310,261016,211970,0.213
3503,MNDY,Technology,Software - Application,NASDAQ,84.29,40.84,102.5,83.63,81.98,34.67,77.8,25.57,66.87,18.74,33.2,4.55,88.91,10.71,3.38,4.39,-1.48,-39.55,19.12,3331200706.210373,42274119.0,0.1714,-57.76,842100,0.75,83.63,6.31,81.57,9.0,85.37,4.15,88.73,0.2,4.99,119.32,1130440,1130056,1296118,0.219
3504,ROP,Technology,Software - Application,NASDAQ,84.29,40.84,95.57,52.18,84.63,39.38,93.13,53.04,72.86,23.08,67.29,18.01,364.23,0.71,0.31,-6.03,-10.52,-17.36,32.82,35042558400.051636,98900874.0,0.060500003,-30.13,870200,1.07,360.56,1.02,357.23,1.96,366.69,-0.67,388.12,-6.16,2.53,107.02,754930,815890,777528,0.085
3505,NBB,Financial Services,Asset Management,NYSE,84.29,40.84,93.85,43.57,84.04,38.4,90.55,43.07,90.36,46.47,92.79,50.76,14.12,-1.26,-0.35,-6.32,-5.92,-5.64,44.3,420344944.9066038,29394751.0,0.0050999997,-15.04,66780,0.82,14.13,-0.07,14.16,-0.28,14.46,-2.35,14.91,-5.3,1.82,38.89,88308,80986,71243,
3506,BKV,Energy,Oil & Gas E&P,NYSE,84.29,40.84,98.54,68.19,78.47,29.51,89.3,40.58,94.01,55.56,112.12,76.54,23.94,11.14,3.73,-4.09,2.7,-10.44,38.94,2360573959.7022247,109437830.0,0.2343,-27.03,1746300,0.79,22.61,5.88,22.13,8.18,22.83,4.86,24.13,-0.79,3.74,26.77,1714050,2209113,1728474,0.188
3507,NBHC,Financial Services,Banks - Regional,NYSE,84.28,40.79,91.25,33.45,88.26,46.85,95.57,58.91,103.68,70.11,99.74,61.93,38.18,-2.53,-4.57,-8.15,-9.61,-1.51,49.58,1685510681.8970413,44285618.0,0.052800003,-19.25,559600,1.19,38.0,0.47,38.74,-1.45,39.89,-4.29,41.14,-7.19,2.02,97.4,679150,469990,431876,0.221
3508,HOS,Industrials,Marine Shipping,NYSE,84.27,40.77,84.36,18.48,93.73,62.75,100.42,66.35,111.87,78.89,122.07,82.64,7.63,-2.05,-8.07,-15.22,-15.88,24.27,78.08,2481930049.89624,327000000.0,3.27,-31.45,2338900,0.85,7.65,-0.26,7.76,-1.68,8.18,-6.72,9.18,-16.88,4.58,42.94,2935550,2741823,2202254,-0.113
3509,FC,Consumer Defensive,Education & Training Services,NYSE,84.27,40.77,96.45,56.66,78.9,30.1,91.97,47.47,87.88,39.06,105.91,70.47,18.25,4.64,5.67,1.9,-13.67,8.12,64.63,195722818.22834587,11293873.0,0.0856,-31.93,60300,1.03,17.69,3.17,17.41,4.82,17.54,4.05,19.14,-4.65,2.99,49.54,46440,58416,64158,0.01
3510,MSN,Technology,Consumer Electronics,NYSE ARCA,84.22,40.73,87.94,24.94,106.52,79.14,116.28,83.68,74.67,24.72,90.9,46.69,0.4,2.56,-13.04,-23.08,5.26,-4.76,45.47,8206633.978982449,21042652.0,0.0219,-52.94,77300,0.22,0.39,2.56,0.4,0.0,0.44,-9.09,0.43,-6.98,8.21,60.87,171880,353756,306830,-0.371
3511,ALLT,Technology,Software - Infrastructure,NASDAQ,84.22,40.73,97.68,62.58,95.06,65.01,88.14,38.22,89.09,41.17,76.93,24.87,8.08,-3.81,-6.26,8.17,9.19,-9.42,40.1,415625097.4661102,49303094.0,0.0419,-32.21,277300,0.95,8.28,-2.42,8.39,-3.69,8.22,-1.7,7.92,2.02,3.47,39.29,235320,292603,285116,0.153
3512,SO,Utilities,Utilities - Regulated Electric,NYSE,84.21,40.7,96.97,59.25,80.21,31.74,88.24,38.33,91.61,50.73,92.53,50.08,86.15,3.21,3.93,-1.82,-9.57,3.5,58.23,96308388917.77167,1150362966.0,0.0252,-14.57,5989300,0.94,84.91,1.46,83.96,2.61,84.9,1.47,88.23,-2.36,1.46,95.18,6770920,6389120,6114262,0.001
3513,WPC,Real Estate,REIT - Diversified,NYSE,84.21,40.7,91.65,34.73,87.74,45.95,92.07,48.1,97.53,61.08,102.29,65.34,63.13,-1.1,-2.88,-7.9,-14.27,3.25,57.61,14698744268.313866,227816879.0,0.048299998,-18.25,1896600,1.17,63.66,-0.83,64.18,-1.64,65.34,-3.38,68.21,-7.45,1.64,85.92,1760730,1620973,1407488,0.184
3514,GMED,Healthcare,Medical Devices,NYSE,84.19,40.68,94.17,45.12,84.97,40.11,87.1,36.37,94.22,55.86,118.52,80.73,73.33,-1.45,-1.27,-0.31,-9.94,-15.77,34.29,10150200493.532578,134261914.0,0.061,-27.68,1888400,1.23,75.14,-2.41,75.0,-2.23,74.73,-1.87,79.22,-7.43,2.3,46.75,1641570,1532153,1468944,0.059
3515,VUZI,Technology,Consumer Electronics,NASDAQ,84.17,40.66,95.86,53.58,86.09,42.55,82.97,31.04,75.13,25.14,87.84,36.6,2.54,-12.11,-7.3,0.0,18.69,-17.26,32.92,251554407.01007366,84414230.0,0.23719999,-54.8,1411900,1.64,2.82,-9.93,2.83,-10.25,2.76,-7.97,2.7,-5.93,8.8,13.42,1177490,860533,956066,-0.141
3516,GDO,Financial Services,Asset Management,NYSE,84.15,40.63,95.72,53.09,82.77,36.1,87.17,36.48,87.95,39.21,93.33,51.8,9.59,-0.72,0.1,-2.5,-3.65,-9.79,39.74,73314159.75,7519401.0,0.17,-21.0,14907,0.27,9.65,-0.62,9.62,-0.31,9.66,-0.72,9.87,-2.84,1.58,42.14,65290,54950,54184,
3517,PHUN,Technology,Software - Application,NASDAQ,84.15,40.63,99.97,77.17,87.04,44.49,89.9,41.75,81.38,31.25,82.61,30.36,2.06,3.0,5.1,1.98,-1.9,6.19,62.3,40925350.0,20462675.0,0.026400002,-34.23,55200,0.67,2.04,0.98,2.02,1.98,2.01,2.49,2.06,0.0,2.44,79.55,55970,82930,84716,0.756
3518,GOODN,Real Estate,REIT - Diversified,NASDAQ,84.14,40.61,88.2,25.32,91.09,56.07,92.99,52.43,93.32,54.41,90.33,45.31,20.02,-3.75,-9.21,-10.39,-11.83,-8.18,41.38,,,0.09,-16.27,4924,1.21,20.22,-0.99,20.7,-3.29,21.49,-6.84,22.47,-10.9,2.35,44.67,6132,4064,3312,0.113
3519,DFP,Financial Services,Asset Management,NYSE,84.12,40.58,93.5,41.93,85.28,40.76,90.58,43.19,92.51,52.8,93.9,52.93,18.71,-1.89,-1.37,-4.72,-8.16,-4.51,45.76,392278424.5346775,20538137.0,0.04,-15.38,91718,1.02,18.85,-0.74,18.89,-0.95,19.15,-2.3,19.89,-5.93,1.35,31.76,99751,90360,71626,
3520,MDU,Utilities,Utilities - Regulated Gas,NYSE,84.12,40.58,95.01,49.09,84.31,38.82,91.36,44.98,96.52,59.46,104.98,69.19,18.81,1.84,0.91,-2.23,-5.3,0.18,51.8,3914603504.547119,210349456.0,0.10609999,-18.15,1376600,0.7,18.79,0.11,18.69,0.64,18.7,0.59,19.45,-3.29,1.75,51.52,1955640,1962546,1785906,0.069
3521,NRDS,Communication Services,Internet Content & Information,NASDAQ,84.12,40.58,107.69,90.5,70.04,21.16,84.59,32.74,77.62,27.44,90.42,45.56,9.79,14.24,19.39,5.04,1.87,-31.87,23.26,551656998.9354267,63923174.0,0.1858,-39.72,1321300,1.81,9.04,8.3,8.81,11.12,8.93,9.63,9.37,4.48,3.91,196.08,751300,731396,748538,0.056
3522,LDP,Financial Services,Asset Management,NYSE,84.11,40.54,93.13,40.53,85.96,42.31,90.6,43.22,92.92,53.48,93.13,51.29,18.92,-2.52,-2.07,-5.4,-5.79,-5.48,44.54,565009292.3342743,29079222.0,0.0014,-14.2,154385,1.68,19.11,-0.99,19.17,-1.3,19.42,-2.57,20.0,-5.4,1.5,21.16,109368,91839,83763,
3523,OZKAP,Financial Services,Banks - Regional,NASDAQ,84.1,40.53,94.24,45.5,85.41,41.07,87.66,37.23,90.27,45.97,91.11,47.18,14.89,0.88,-1.39,-3.19,-8.07,-4.36,45.83,,,0.11,-16.44,29400,0.61,14.81,0.54,14.81,0.54,15.06,-1.13,15.65,-4.86,1.8,93.04,47370,47973,37748,-0.021
3524,NUV,Financial Services,Asset Management,NYSE,84.09,40.5,94.89,48.4,81.94,34.59,89.08,40.17,92.94,53.57,93.43,51.93,8.24,-0.12,1.35,-4.7,-8.77,-4.66,45.61,1739247353.7095213,210054035.0,0.0011,-11.02,1390941,1.15,8.21,0.37,8.21,0.37,8.36,-1.44,8.7,-5.29,1.92,94.63,1963514,1205381,918276,0.062
3525,HBANP,Financial Services,Banks - Regional,NASDAQ,84.09,40.5,93.53,42.1,88.2,46.76,90.27,42.44,85.75,36.35,89.57,42.73,15.18,-0.98,-4.84,-5.48,-4.01,-6.0,43.78,,,0.71,-18.39,164858,1.96,15.53,-2.25,15.44,-1.68,15.81,-3.98,15.91,-4.59,3.63,47.17,94265,84235,68655,0.476
3526,EMD,Financial Services,Asset Management,NYSE,84.07,40.48,90.97,32.73,85.55,41.35,93.59,54.29,95.91,58.54,101.26,63.74,9.22,-1.07,-2.43,-8.38,-9.95,-7.3,42.2,539450495.5174971,58130443.0,0.0025,-18.41,271786,1.18,9.24,-0.22,9.34,-1.28,9.62,-4.16,10.06,-8.35,2.23,43.78,275878,230956,199681,-0.04
3527,SBI,Financial Services,Asset Management,NYSE,84.05,40.45,94.05,44.56,83.47,37.38,89.66,41.31,92.37,52.42,93.32,51.77,7.0,-0.14,-0.14,-5.11,-7.09,-4.86,45.34,98717038.38318634,14082316.0,0.69,-12.61,69314,0.98,6.98,0.29,6.97,0.43,7.11,-1.55,7.37,-5.02,1.71,83.48,109861,70960,62104,-0.021
3528,COCH,Healthcare,Medical Devices,NASDAQ,84.05,40.45,91.59,34.54,90.96,55.41,82.45,30.48,76.64,26.56,68.62,18.76,0.66,-0.45,-8.1,-7.32,2.33,-10.23,39.22,52337933.34868193,77194595.0,0.0114,-65.08,30700,0.52,0.66,0.0,0.67,-1.49,0.7,-5.71,0.71,-7.04,4.7,32.26,67510,59166,80656,-0.346
3529,BMEA,Healthcare,Biotechnology,NASDAQ,84.04,40.4,87.09,23.11,93.56,62.44,113.79,81.75,65.08,17.69,125.87,84.34,1.37,5.38,-8.05,-19.41,12.3,-2.14,48.64,91820287.42099762,72299440.0,0.2224,-54.18,1706400,0.87,1.3,5.38,1.3,5.38,1.51,-9.27,1.5,-8.67,8.61,59.32,1383960,1958196,1738436,
3530,GROY,Basic Materials,Gold,NYSE ARCA,84.04,40.4,96.58,57.43,85.94,42.26,87.73,37.31,65.13,17.73,113.97,77.9,3.03,1.34,-3.19,-7.62,16.09,-25.92,26.63,688091730.1784384,231680715.0,0.042,-44.45,1558800,0.93,2.96,2.36,3.0,1.0,3.16,-4.11,3.17,-4.42,3.86,136.92,1279410,1683123,2011710,0.761
3531,POR,Utilities,Utilities - Regulated Electric,NYSE,84.04,40.4,92.46,37.64,85.72,41.7,93.55,54.2,101.12,66.45,105.92,70.51,45.35,1.32,-1.5,-5.49,-8.76,-0.7,50.62,5239424727.272415,117607740.0,0.0731,-16.97,1838600,1.25,44.65,1.57,44.82,1.18,45.97,-1.35,47.69,-4.91,2.35,68.53,2135640,1470360,1319666,0.009
3532,HIX,Financial Services,Asset Management,NYSE,84.04,40.4,92.33,37.11,85.88,42.08,92.64,50.89,91.55,50.57,93.24,51.59,3.48,-1.42,-1.97,-7.7,-7.26,-4.31,45.91,318846766.4241133,90069709.0,1.39,-20.73,374832,0.94,3.51,-0.85,3.52,-1.14,3.62,-3.87,3.74,-6.95,1.93,44.68,492423,399844,382448,-0.026
3533,BKD,Healthcare,Medical Care Facilities,NYSE,84.03,40.34,88.91,27.28,80.77,32.48,100.29,66.17,120.62,84.65,138.08,88.41,10.89,0.46,-1.63,-10.74,-26.72,0.93,52.74,2593555274.7286034,238817252.0,0.1912,-36.28,5022100,1.09,10.79,0.93,10.87,0.18,11.26,-3.29,12.12,-10.15,2.98,55.38,5189200,4593226,4864340,-0.089
3534,GBR,Real Estate,Real Estate Services,NYSE ARCA,84.03,40.34,97.31,60.74,77.49,28.61,89.57,41.11,71.37,21.84,80.2,27.94,0.72,-15.29,1.41,-15.29,5.88,-11.11,38.31,3951589.082116127,5131934.0,0.0049,-45.04,10400,0.11,0.74,-2.7,0.75,-4.0,0.74,-2.7,0.74,-2.7,9.52,14.58,148610,98790,69864,0.025
3535,CASY,Consumer Cyclical,Specialty Retail,NASDAQ,84.03,40.34,93.5,41.93,81.02,33.05,83.5,31.56,116.08,82.17,121.24,82.36,642.28,3.68,7.25,2.33,-25.88,15.28,71.73,22832513126.85913,36960167.0,0.045500003,-30.78,480000,0.68,626.28,2.55,616.4,4.2,608.39,5.57,726.96,-11.65,2.61,29.54,597230,702226,532504,0.243
3536,PCN,Financial Services,Asset Management,NYSE,84.03,40.34,94.71,47.5,83.1,36.86,90.48,42.91,88.15,39.42,88.69,39.39,10.76,0.47,0.47,-5.59,-5.1,-6.94,42.76,822761161.3378525,75691000.0,0.73,-20.24,569547,1.05,10.73,0.28,10.71,0.47,10.93,-1.56,11.31,-4.86,2.02,80.33,619584,544171,467732,0.271
3537,CMPR,Industrials,Specialty Business Services,NASDAQ,84.02,40.29,85.83,20.65,92.0,59.05,102.74,70.13,140.92,91.68,124.07,83.53,74.28,-1.0,-5.51,-11.65,-23.91,1.77,54.24,1827184701.332611,24349476.0,0.1512,-30.31,103800,0.53,74.58,-0.4,76.31,-2.66,78.97,-5.94,86.59,-14.22,3.69,62.34,211130,194630,205434,0.087
3538,GFI,Basic Materials,Gold,NYSE,84.02,40.29,87.05,22.99,96.28,66.92,106.06,74.08,75.55,25.5,130.86,86.02,35.86,0.2,-10.13,-19.72,13.75,-16.43,33.65,31859187439.45793,894418540.0,0.0076,-41.82,4172200,1.1,35.68,0.5,36.26,-1.1,39.62,-9.49,40.78,-12.06,4.5,34.07,4497120,3796303,3819254,0.789
3539,EVI,Industrials,Industrial Distribution,NYSE ARCA,84.0,40.26,112.67,93.74,89.96,50.57,71.47,20.35,61.19,15.22,85.45,33.32,19.06,-1.19,-2.85,23.37,25.48,-19.17,31.14,248426894.0706482,12878532.0,0.026600001,-40.12,68100,1.19,19.2,-0.73,19.47,-2.11,18.6,2.47,16.27,17.15,5.61,40.24,54820,57386,81314,0.108
3540,NRGV,Utilities,Utilities - Renewable,NYSE,83.99,40.24,82.11,14.89,98.38,69.9,115.4,82.97,134.01,89.87,212.55,96.64,3.31,-14.91,-23.02,-21.38,31.87,-30.75,23.91,716447916.2049437,181839570.0,0.2001,-50.19,3342000,0.86,3.73,-11.26,3.89,-14.91,4.12,-19.66,3.8,-12.89,8.17,9.25,3349690,3888586,4470118,1.041
3541,MMD,Financial Services,Asset Management,NYSE,83.99,40.24,93.65,42.7,83.4,37.27,88.63,39.2,93.0,53.69,93.82,52.7,13.65,0.44,-0.36,-5.29,-8.46,-4.61,45.65,258029679.92172432,18779453.0,0.28,-13.72,132342,1.34,13.69,-0.29,13.62,0.22,13.9,-1.8,14.45,-5.54,2.06,31.5,147994,98414,82976,0.07
3542,DOLE,Consumer Defensive,Farm Products,NYSE,83.97,40.21,95.49,51.73,82.14,34.92,88.12,38.13,89.0,40.96,97.06,57.93,13.02,3.01,0.93,-3.43,-9.31,-13.17,36.43,1204349789.25,94458807.0,0.049200002,-21.42,848900,0.87,12.82,1.56,12.84,1.4,12.99,0.23,13.3,-2.11,1.76,117.94,858110,971216,1036388,0.029
3543,PFN,Financial Services,Asset Management,NYSE,83.96,40.17,94.45,46.37,82.99,36.58,91.84,46.69,92.91,53.43,91.22,47.54,6.3,0.32,1.78,-5.8,-8.76,-5.95,43.85,626512475.0785828,98819000.0,1.03,-17.65,621446,1.07,6.27,0.48,6.26,0.64,6.37,-1.1,6.68,-5.69,2.03,78.21,603944,581371,484116,0.14
3544,XIFR,Utilities,Utilities - Renewable,NYSE,83.96,40.17,90.48,31.36,87.8,46.02,100.64,66.84,110.43,77.68,94.63,54.21,10.34,-0.86,-1.24,-9.93,-6.68,11.78,68.43,979777032.3753357,94300000.0,0.0515,-21.96,1135700,1.31,10.33,0.1,10.39,-0.48,10.72,-3.54,11.27,-8.25,2.5,42.6,1059410,866110,828418,0.061
3545,USAS,Basic Materials,Other Industrial Metals & Mining,NYSE ARCA,83.96,40.17,85.79,20.55,91.47,57.58,101.14,67.68,81.42,31.29,183.59,95.25,4.24,-3.64,-9.4,-16.7,15.85,-23.33,28.38,1494656679.6793785,338157614.0,0.0659,-59.62,3431700,0.9,4.35,-2.53,4.43,-4.29,4.69,-9.59,4.92,-13.82,5.9,52.0,3426640,3795073,4327842,0.721
3546,RCI,Communication Services,Telecom Services,NYSE,83.96,40.17,90.16,30.56,81.57,33.94,89.02,40.02,88.85,40.49,91.86,48.8,31.04,1.04,-3.78,-13.99,-9.99,-12.8,36.77,16655145279.524082,540225278.0,14.08,-24.55,1527000,1.18,30.7,1.11,30.92,0.39,33.02,-6.0,34.48,-9.98,2.75,67.84,1599300,1294566,1214484,0.077
3547,ARES,Financial Services,Asset Management,NYSE,83.94,40.13,90.67,31.9,86.4,43.24,89.02,40.02,80.01,29.87,67.1,17.91,116.26,-0.27,-3.21,-10.06,-5.71,-27.4,25.59,26736472304.265152,227447653.0,0.1499,-35.84,2742600,1.27,116.89,-0.54,117.65,-1.18,121.92,-4.64,131.48,-11.58,3.38,61.29,2106350,2152413,2229042,0.096
3548,PERI,Communication Services,Advertising Agencies,NASDAQ,83.93,40.09,95.66,52.68,80.73,32.43,93.48,54.0,83.86,34.23,98.1,59.4,8.74,-0.23,0.69,-3.74,-9.43,-11.45,37.92,351074556.5,41302889.0,0.0347,-22.45,216000,0.42,8.6,1.63,8.61,1.51,8.74,0.0,9.23,-5.31,2.31,24.74,271660,518530,449922,-0.046
3549,SHMD,Industrials,Specialty Industrial Machinery,NASDAQ,83.93,40.09,108.26,91.1,68.76,19.91,67.97,17.86,91.95,51.37,143.08,89.74,3.97,-10.69,9.67,22.91,9.67,-21.7,29.35,304535461.21916294,66637954.0,0.0626,-62.72,976000,0.78,4.39,-9.57,4.45,-10.79,3.93,1.02,4.1,-3.17,12.38,12.21,2703560,1248123,1023094,-0.375
3550,FLNT,Communication Services,Advertising Agencies,NASDAQ,83.93,40.09,79.77,12.37,107.16,79.82,118.97,85.65,118.09,83.35,127.72,85.05,2.82,-9.62,-18.26,-7.54,-20.79,38.92,84.86,94189116.88285732,31607086.0,0.0033000002,-37.19,62600,1.66,2.82,0.0,2.98,-5.37,3.19,-11.6,3.5,-19.43,8.21,38.89,43290,37720,37450,0.084
3551,RDY,Healthcare,Drug Manufacturers - Specialty & Generic,NYSE,83.92,40.06,97.33,60.86,75.66,26.93,77.3,25.03,83.7,34.03,87.01,35.35,12.2,-0.41,-0.81,4.18,3.74,-13.35,36.33,10204110656.25,832988625.0,0.0422,-22.14,3834400,1.23,12.31,-0.89,12.4,-1.61,12.23,-0.25,12.18,0.16,2.35,73.32,3661690,3120743,2854604,-0.056
3552,FIEE,Technology,Communication Equipment,NASDAQ,83.91,40.04,90.18,30.64,89.48,49.26,98.48,63.49,78.27,27.9,323.74,98.17,3.65,-0.82,-3.44,-8.98,14.06,33.21,83.02,31299955.31068039,8528598.0,0.0101,-65.53,4500,0.31,3.66,-0.27,3.67,-0.54,3.77,-3.18,3.92,-6.89,3.56,38.46,4270,14580,226842,106.246
3553,NIPG,Communication Services,Entertainment,NASDAQ,83.89,40.03,98.04,64.36,82.41,35.3,54.69,10.51,16.99,1.76,44.06,7.29,11.35,1.79,-17.75,-16.61,25.97,-65.61,9.4,82638443.02642822,7478592.0,0.32,-78.98,0,0.0,11.26,0.8,11.4,-0.44,12.58,-9.78,12.35,-8.1,8.2,-0.0,5560,19473,33324,0.423
3554,VRDN,Healthcare,Biotechnology,NASDAQ,83.88,40.0,84.07,18.0,84.68,39.56,97.72,62.46,92.73,53.14,63.72,15.49,18.34,-3.42,-11.23,-17.72,-7.75,-42.54,17.37,2197869975.382429,113292269.0,0.17809999,-46.52,2443800,1.42,18.65,-1.66,19.39,-5.42,20.65,-11.19,21.87,-16.14,5.06,80.89,1994070,1724766,1719024,2.787
3555,AGI,Basic Materials,Gold,NYSE,83.88,40.0,92.93,39.56,87.37,45.17,88.52,38.94,68.14,19.51,132.29,86.51,32.22,1.03,-5.51,-9.67,12.86,-16.01,34.02,13587900550.656166,418604465.0,1.83,-41.85,2727000,0.78,32.25,-0.09,32.58,-1.1,34.01,-5.26,34.22,-5.84,3.52,72.34,3230270,3475436,4172128,0.356
3556,ARL,Real Estate,Real Estate Services,NYSE,83.87,39.98,94.17,45.12,79.2,30.37,92.44,50.07,111.48,78.56,89.58,42.81,15.6,-6.7,-0.89,-0.95,6.19,-4.0,46.17,259078784.50763702,16152043.0,0.0215,-36.17,1700,0.34,15.81,-1.33,16.07,-2.92,15.92,-2.01,15.53,0.45,5.78,75.38,3100,4963,6618,0.09
3557,AUNA,Healthcare,Medical Care Facilities,NYSE,83.86,39.96,97.82,63.27,84.39,38.97,92.18,48.74,79.94,29.71,88.6,38.89,5.1,2.41,0.2,-1.54,-1.92,10.63,67.23,374724995.20246315,74056324.0,0.0292,-24.67,57200,0.5,5.08,0.39,5.05,0.99,5.11,-0.2,5.19,-1.73,2.18,45.04,112070,115430,156618,0.132
3558,MAX,Communication Services,Internet Content & Information,NYSE,83.85,39.95,95.04,49.2,73.02,23.92,99.57,65.0,122.27,85.49,88.81,39.96,10.68,10.33,13.02,-9.03,-22.61,-16.56,33.57,509626333.757411,52975711.0,0.1009,-27.35,2098200,2.47,9.86,8.32,9.64,10.79,10.22,4.5,11.68,-8.56,4.93,190.01,1112040,847810,819178,0.259
3559,SLDB,Healthcare,Biotechnology,NASDAQ,83.83,39.93,76.72,9.65,90.04,50.89,127.28,89.46,134.3,89.97,165.22,93.5,6.82,-2.29,-8.82,-24.81,-15.17,14.81,71.18,734492870.0742044,107225238.0,0.18129998,-40.44,1308100,1.06,6.9,-1.16,7.04,-3.12,7.85,-13.12,8.67,-21.34,6.49,41.81,1333040,1230003,1093866,
3560,PEP,Consumer Defensive,Beverages - Non-Alcoholic,NASDAQ,83.82,39.91,94.53,46.64,81.34,33.59,86.78,35.92,83.78,34.12,97.9,59.12,128.34,2.18,0.15,-6.08,-9.61,-10.74,38.63,171826197403.5563,1364891558.0,0.0211,-25.16,23983800,2.55,125.86,1.97,126.75,1.25,129.96,-1.25,135.03,-4.95,1.95,171.45,10323860,9389823,8367890,0.064
3561,NRK,Financial Services,Asset Management,NYSE,83.79,39.9,92.42,37.41,85.48,41.22,90.55,43.07,97.97,61.8,97.36,58.38,9.22,-0.54,-2.02,-5.48,-9.59,-1.95,48.86,816522415.4901352,87235304.0,0.0083,-15.41,391923,0.78,9.22,0.0,9.22,0.0,9.49,-2.85,9.89,-6.77,2.13,66.18,707322,504144,411952,-0.018
3562,BCO,Industrials,Security & Protection Services,NYSE,83.78,39.88,94.21,45.37,91.36,57.25,93.03,52.72,92.72,53.12,96.11,56.58,102.36,2.39,-3.3,-6.34,-15.9,-13.38,36.29,4192228776.074524,41181028.0,0.2051,-24.94,416400,0.96,102.5,-0.14,102.81,-0.44,105.41,-2.89,109.13,-6.2,3.14,60.68,449820,432820,440490,0.071
3563,TXRH,Consumer Cyclical,Restaurants,NASDAQ,83.75,39.85,90.36,31.07,82.51,35.57,99.49,64.85,97.89,61.72,81.83,29.54,162.76,3.87,0.75,-10.1,-21.88,-6.24,43.44,10249174145.575958,65640926.0,0.029000001,-24.75,1416000,1.21,160.78,1.23,159.24,2.21,165.14,-1.44,185.99,-12.49,2.5,24.31,1474030,1174933,1029690,0.111
3564,YUM,Consumer Cyclical,Restaurants,NYSE,83.75,39.85,96.08,54.81,80.18,31.69,87.85,37.52,89.73,43.45,96.66,57.42,143.0,4.62,4.12,-0.62,-5.4,-5.63,44.34,37147294357.67517,272901085.0,0.041199997,-15.95,2597700,1.17,139.26,2.69,138.39,3.33,139.26,2.69,145.47,-1.7,1.78,118.11,2144870,2227633,2386634,0.122
3565,JHS,Financial Services,Asset Management,NYSE,83.75,39.85,93.77,43.23,85.55,41.35,89.12,40.25,87.64,38.66,89.66,43.22,10.12,-2.69,-2.88,-4.57,-5.45,-8.0,41.67,120425690.67712784,11646585.0,0.81,-16.29,6852,0.55,10.21,-0.88,10.31,-1.84,10.4,-2.69,10.61,-4.62,0.88,44.03,14635,12535,11897,-0.013
3566,HCAT,Healthcare,Health Information Services,NASDAQ,83.74,39.8,96.29,55.83,85.0,40.16,77.67,25.43,110.86,78.03,40.43,6.33,1.75,2.94,0.57,1.16,-18.98,-25.53,26.92,131698666.75,75256381.0,0.033099998,-51.59,560700,1.35,1.76,-0.57,1.75,0.0,1.76,-0.57,1.78,-1.69,4.23,54.05,327540,416453,644986,-0.127
3567,PMM,Financial Services,Asset Management,NYSE,83.74,39.8,93.18,40.7,83.49,37.41,89.54,41.07,97.65,61.26,94.13,53.24,5.63,0.54,0.36,-4.35,-9.64,-4.43,45.81,242008697.13491106,42833397.0,0.001,-14.7,249899,1.37,5.59,0.72,5.55,1.44,5.67,-0.71,5.97,-5.7,2.49,71.2,309369,182659,148495,
3568,TVGN,Healthcare,Biotechnology,NASDAQ,83.73,39.77,102.63,83.88,80.56,32.1,52.43,9.7,35.56,5.25,23.86,2.74,7.06,5.06,-10.06,-3.16,18.86,-62.84,10.11,45450549.32419777,6511540.0,0.0215,-81.9,30200,3.92,6.72,5.06,6.77,4.28,7.23,-2.35,6.99,1.0,7.76,217.29,7070,7696,8378,
3569,OC,Industrials,Building Products & Equipment,NYSE,83.73,39.77,88.24,25.51,86.92,44.2,97.8,62.54,104.1,70.69,84.97,32.84,117.2,0.09,-2.92,-8.07,-14.06,4.36,59.74,9356202168.127487,79048683.0,0.0342,-26.71,1143900,0.98,117.5,-0.26,118.56,-1.15,122.36,-4.22,135.81,-13.7,3.89,92.08,1184110,1166460,1026368,0.003
3570,BHFAP,Financial Services,Insurance - Life,NASDAQ,83.71,39.75,93.53,42.1,89.16,48.66,85.59,34.2,85.46,36.08,90.92,46.77,13.39,-2.51,-6.0,-2.73,-0.68,-4.82,45.4,,,0.71,-25.4,29131,0.7,13.54,-1.11,13.8,-2.97,13.8,-2.97,13.67,-2.05,2.03,58.82,46693,41684,40694,0.867
3571,PHM,Consumer Cyclical,Residential Construction,NYSE,83.69,39.71,91.91,35.72,83.15,36.92,84.96,33.21,93.05,53.88,97.69,58.86,113.53,-2.42,-3.93,-2.26,-14.01,-4.57,45.7,22044986272.140038,190486353.0,0.0617,-21.43,2324700,1.39,114.33,-0.7,116.16,-2.26,117.41,-3.3,123.4,-8.0,2.78,94.71,1801650,1678226,1518116,-0.096
3572,MGIH,Consumer Cyclical,Packaging & Containers,NASDAQ,83.69,39.71,94.18,45.2,86.11,42.57,88.5,38.85,99.66,64.6,82.33,30.13,1.46,-0.34,-2.67,-5.19,-7.59,13.88,70.33,16762500.10728836,11250000.0,0.0324,-41.13,4200,0.3,1.48,-1.35,1.48,-1.35,1.51,-3.31,1.53,-4.58,4.19,16.36,14400,13880,347808,-0.233
3573,AMTX,Basic Materials,Specialty Chemicals,NASDAQ,83.69,39.71,96.57,57.34,82.83,36.23,97.61,62.36,63.0,16.38,112.63,76.89,1.73,0.0,-2.26,-14.78,22.7,16.89,73.19,124131703.74478865,72169594.0,0.1372,-54.47,621300,0.82,1.75,-1.14,1.77,-2.26,1.88,-7.98,1.82,-4.95,6.4,13.54,586640,756156,789688,0.2
3574,INKT,Healthcare,Biotechnology,NASDAQ,83.68,39.68,91.44,34.05,94.07,63.3,88.66,39.22,68.14,19.51,104.02,67.81,11.0,-13.59,-10.57,-9.32,5.97,-5.09,45.01,63481342.738695145,5103002.0,0.0224,-35.02,10600,0.58,11.75,-6.38,12.06,-8.79,12.02,-8.49,11.61,-5.25,6.27,5.8,26810,18126,14436,
3575,FERG,Industrials,Industrial Distribution,NYSE,83.65,39.66,94.87,48.21,86.2,42.78,90.15,42.26,85.66,36.27,106.69,71.32,216.73,-2.15,-1.56,-1.92,-3.83,-3.84,46.39,43203795641.832504,193452717.0,0.0337,-20.21,1582700,1.12,220.28,-1.61,221.94,-2.35,220.1,-1.53,230.78,-6.09,2.61,75.06,1517430,1417566,2632316,0.046
3576,MUC,Financial Services,Asset Management,NYSE,83.64,39.65,92.74,38.73,85.41,41.07,89.78,41.52,94.64,56.62,94.16,53.29,9.69,-0.82,-2.32,-5.33,-8.25,-5.21,44.88,917351388.4630108,94183923.0,0.0028,-13.17,1680574,2.33,9.72,-0.31,9.72,-0.31,9.94,-2.52,10.29,-5.83,1.82,102.02,1009667,722229,587413,0.073
3577,BBN,Financial Services,Asset Management,NYSE,83.62,39.62,93.73,43.13,82.5,35.53,88.26,38.4,90.71,47.87,93.46,52.0,14.35,-0.42,-0.07,-5.47,-7.54,-8.83,40.72,891048056.5943947,61792514.0,0.0034999999,-17.77,244274,0.92,14.33,0.14,14.36,-0.07,14.65,-2.05,15.24,-5.84,1.4,84.83,319887,265669,212753,
3578,LADR,Real Estate,REIT - Mortgage,NYSE,83.62,39.62,93.95,44.07,80.18,31.69,87.46,36.92,86.43,37.23,89.61,43.0,8.85,1.49,-0.1,-6.09,-7.43,-14.67,35.12,1093578897.3414183,126865303.0,0.0542,-22.91,2489100,1.78,8.67,2.08,8.72,1.49,8.98,-1.45,9.32,-5.04,2.21,102.26,1759320,1401853,1271242,0.022
3579,HTD,Financial Services,Asset Management,NYSE,83.61,39.59,91.38,33.82,84.76,39.78,93.98,55.35,97.85,61.63,99.66,61.82,22.31,0.72,-1.06,-9.87,-12.26,0.93,52.74,788358106.25,35431825.0,0.003,-15.33,120375,1.43,22.26,0.22,22.26,0.22,23.08,-3.34,24.3,-8.19,2.08,45.3,119037,84155,70981,0.055
3580,TECX,Healthcare,Biotechnology,NASDAQ,83.61,39.59,77.37,10.14,89.84,50.21,107.21,75.29,130.9,88.91,138.79,88.6,22.75,0.35,-5.68,-20.48,-19.98,16.31,72.72,440642727.5379791,19549366.0,0.22950001,-42.45,167700,0.67,22.7,0.22,23.0,-1.09,25.25,-9.9,29.63,-23.22,6.2,82.19,321240,251543,235010,
3581,TSN,Consumer Defensive,Farm Products,NYSE,83.59,39.56,96.66,57.83,79.79,31.24,85.87,34.68,89.86,44.21,102.54,65.74,52.34,3.71,2.35,-0.23,-13.45,-8.15,41.43,18254980242.957397,351801512.0,0.0344,-24.67,3757600,1.04,51.92,0.81,51.35,1.93,51.81,1.02,54.38,-3.75,1.69,70.11,3111100,3622013,3410842,-0.001
3582,ZIONP,Financial Services,Banks - Regional,NASDAQ,83.57,39.54,96.42,56.46,82.67,35.91,84.99,33.28,81.65,31.63,83.05,30.81,17.4,-3.84,-1.14,-2.81,-3.11,-11.2,38.19,,,0.28,-21.87,6429,1.15,17.51,-0.63,17.66,-1.47,17.75,-1.97,17.87,-2.63,2.93,35.34,4202,5585,5140,0.352
3583,DUOT,Technology,Software - Application,NASDAQ,83.57,39.54,81.62,14.25,94.06,63.28,80.31,28.27,88.26,39.57,91.75,48.54,7.8,-12.36,-18.32,-3.7,4.28,-18.24,32.1,286714455.084775,31472499.0,0.2401,-48.95,809700,1.18,8.78,-11.16,8.87,-12.06,8.73,-10.65,9.12,-14.47,6.35,18.18,606490,684890,945674,0.295
3584,REYN,Consumer Cyclical,Packaging & Containers,NASDAQ,83.54,39.51,94.43,46.26,82.27,35.08,87.24,36.53,106.28,73.17,87.14,35.55,21.98,0.18,1.81,1.9,-13.72,-4.93,45.29,4704854653.911697,210790982.0,0.1181,-19.55,1652100,1.05,22.15,-0.77,22.01,-0.14,22.01,-0.14,23.58,-6.79,2.32,50.4,1387680,1572726,1432250,0.006
3585,ENTA,Healthcare,Biotechnology,NASDAQ,83.54,39.51,91.98,36.06,88.78,47.93,100.88,67.27,106.29,73.19,144.36,90.12,12.1,-5.76,0.83,-4.72,-2.81,-21.38,29.62,376855805.90925217,29078380.0,0.106800005,-29.45,282900,1.02,12.44,-2.73,12.54,-3.51,12.49,-3.12,13.07,-7.42,4.78,69.12,336000,277010,251620,-0.216
3586,NUW,Financial Services,Asset Management,NYSE,83.53,39.47,94.72,47.55,83.35,37.18,88.49,38.82,91.9,51.24,94.51,53.96,12.98,-2.11,0.15,-3.57,-6.82,-6.82,42.9,239470824.9791565,17951336.0,0.00090000004,-11.7,151049,1.48,13.07,-0.69,13.06,-0.61,13.17,-1.44,13.58,-4.42,1.92,32.18,136804,102308,79460,
3587,DMC,Consumer Defensive,Farm Products,NYSE,83.53,39.47,95.27,50.5,82.8,36.19,88.11,38.09,70.85,21.34,110.08,74.77,29.6,0.14,-2.98,-7.38,0.24,-19.09,31.19,1398828291.656971,47146218.0,0.1066,-32.08,580400,1.35,29.7,-0.34,30.0,-1.33,30.61,-3.3,30.82,-3.96,2.5,52.8,395320,430916,399454,0.031
3588,UTSI,Technology,Communication Equipment,NASDAQ,83.51,39.44,96.11,54.98,82.45,35.4,77.09,24.86,89.46,42.31,90.19,44.88,2.26,-0.44,0.44,-1.74,-2.59,-5.83,44.05,21266806.49054289,9494110.0,0.0013,-37.74,7900,0.55,2.28,-0.88,2.31,-2.16,2.28,-0.88,2.35,-3.83,6.07,29.17,2800,14243,11612,-0.273
3589,MNR,Energy,Oil & Gas E&P,NYSE,83.51,39.44,90.34,31.03,79.67,31.1,94.18,55.78,99.98,65.0,99.31,61.22,10.67,3.69,1.43,-15.12,-17.92,7.19,63.5,1717895880.8914356,166948094.0,0.0208,-28.96,296400,0.29,10.57,0.95,10.43,2.3,10.9,-2.11,11.95,-10.71,2.27,4.13,485140,1023533,745334,0.636
3590,AERO,Industrials,Airlines,NYSE,83.49,39.41,99.24,74.23,77.44,28.54,81.06,28.96,75.43,25.42,71.02,20.55,15.78,5.76,1.28,3.82,4.64,-25.92,26.63,2245453514.60196,145903409.0,0.0078,-31.54,362600,0.98,15.95,-1.07,15.78,0.0,15.57,1.35,15.38,2.6,4.84,36.63,342290,370360,332012,0.126
3591,ISRG,Healthcare,Medical Instruments & Supplies,NASDAQ,83.48,39.39,106.35,89.22,78.87,30.04,71.76,20.5,71.13,21.7,83.45,31.25,415.41,3.53,3.98,15.24,17.65,-27.44,25.55,140427081367.6112,358278038.0,0.0231,-31.21,2533300,1.13,406.62,2.16,407.31,1.99,396.12,4.87,384.68,7.99,2.62,70.76,1969560,2240940,2413604,0.185
3592,LGIH,Consumer Cyclical,Residential Construction,NASDAQ,83.48,39.39,83.29,16.74,85.55,41.35,86.94,36.2,118.35,83.52,75.15,23.51,44.98,-5.72,-8.19,-7.64,-22.52,1.15,53.13,1118401896.8801422,23232279.0,0.2143,-32.11,490700,1.57,46.05,-2.32,47.15,-4.6,48.47,-7.2,53.51,-15.94,4.86,91.41,328790,312646,319012,0.057
3593,CMI,Industrials,Specialty Industrial Machinery,NYSE,83.46,39.36,90.79,32.15,85.64,41.53,94.59,56.95,124.83,86.6,137.38,88.19,520.4,0.66,-0.13,-5.39,-13.81,3.75,58.67,72730902780.12482,137664487.0,0.0304,-29.46,1005800,0.89,524.94,-0.86,522.26,-0.36,528.51,-1.53,570.43,-8.77,2.47,65.22,1021220,1124993,1055642,0.094
3594,AAL,Industrials,Airlines,NASDAQ,83.45,39.35,90.36,31.07,84.15,38.57,87.85,37.52,110.15,77.45,90.58,45.92,12.8,-2.51,-4.12,-0.39,-13.75,-18.88,31.44,8565890888.166354,661969951.0,0.1393,-31.88,67162000,1.0,12.88,-0.62,13.19,-2.96,13.15,-2.66,13.86,-7.65,3.54,44.09,61260320,67336083,62201804,0.163
3595,PENN,Consumer Cyclical,Resorts & Casinos,NASDAQ,83.44,39.32,90.81,32.19,77.16,28.24,89.02,40.02,117.99,83.28,91.08,47.11,15.76,8.54,1.74,-7.89,-25.66,8.24,64.77,1980163610.440815,134066591.0,0.16620001,-29.52,3448800,1.09,15.45,2.01,15.19,3.75,16.06,-1.87,17.45,-9.68,4.13,70.61,3566760,3159823,2938954,0.052
3596,BHFAN,Financial Services,Insurance - Life,NASDAQ,83.44,39.32,93.43,41.64,88.66,47.8,85.62,34.28,85.77,36.38,89.58,42.81,10.95,-2.84,-6.09,-2.84,-0.57,-6.36,43.37,,,0.8,-24.22,38547,0.59,11.04,-0.82,11.28,-2.93,11.31,-3.18,11.19,-2.14,2.37,68.33,53754,65494,68622,0.867
3597,SLM,Financial Services,Credit Services,NASDAQ,83.42,39.28,90.61,31.74,82.59,35.75,99.88,65.46,91.32,49.96,74.09,22.64,22.67,0.27,-1.65,-11.38,-11.32,-15.64,34.39,4277000000.0,188000000.0,0.109799996,-27.01,2817300,1.33,22.67,0.0,22.8,-0.57,23.98,-5.46,25.55,-11.27,2.92,46.87,2424520,2118040,2054918,0.081
3598,SUI,Real Estate,REIT - Residential,NYSE,83.42,39.28,95.69,52.88,81.38,33.69,83.61,31.73,85.41,35.99,93.99,53.07,111.8,1.64,1.62,-1.74,-11.73,-5.52,44.48,13489455987.75,121800957.0,0.0633,-18.9,1439300,1.21,111.45,0.31,111.11,0.62,112.27,-0.42,116.81,-4.29,1.56,67.18,1198860,1188693,1514756,0.002
3599,TJX,Consumer Cyclical,Apparel Retail,NYSE,83.42,39.28,101.3,81.32,77.48,28.58,74.01,22.28,92.06,51.69,102.62,65.83,138.75,3.86,5.41,9.75,-13.88,-9.42,40.1,146572177804.18298,1104704446.0,0.0168,-18.38,8080000,0.9,136.33,1.78,134.17,3.41,130.78,6.09,139.22,-0.34,2.08,77.45,8294930,8932440,8028226,0.054
3600,LFS,Communication Services,Entertainment,NASDAQ,83.41,39.25,100.74,79.43,70.71,21.72,72.29,21.01,76.34,26.28,50.13,9.31,2.23,6.19,4.94,2.76,0.9,-40.85,18.5,55983727.40435815,26160619.0,0.0121,-82.15,89600,0.53,2.26,-1.33,2.18,2.29,2.17,2.76,2.24,-0.45,5.42,74.47,388000,170006,1078012,0.1
3601,BOH,Financial Services,Banks - Regional,NYSE,83.39,39.21,88.95,27.39,87.25,44.96,96.39,60.5,106.4,73.32,108.91,73.75,67.71,-1.47,-4.81,-10.7,-14.18,-1.93,48.91,2733123386.7227783,39450396.0,0.0001,-21.55,553900,1.29,67.74,-0.04,68.76,-1.53,71.45,-5.23,75.02,-9.74,2.51,111.81,563730,428376,381060,0.129
3602,NMFC,Financial Services,Asset Management,NASDAQ,83.39,39.21,95.33,50.85,84.82,39.87,81.81,29.86,74.81,24.84,86.06,33.99,6.81,-3.13,-2.85,-2.43,1.94,-15.64,34.39,655499592.0046091,94452390.0,0.040599998,-30.79,472200,0.89,6.84,-0.44,6.91,-1.45,6.97,-2.3,7.13,-4.49,2.15,61.46,638550,527946,527876,-0.264
3603,BHK,Financial Services,Asset Management,NYSE,83.39,39.21,93.49,41.86,83.56,37.55,90.39,42.65,89.17,41.32,89.23,41.66,8.18,-0.37,-0.97,-5.81,-6.63,-7.16,42.32,590071915.590271,72224224.0,0.011,-19.17,436501,1.06,8.12,0.74,8.2,-0.24,8.36,-2.15,8.69,-5.87,1.47,112.5,503910,410086,365480,0.173
3604,WCN,Industrials,Waste Management,NYSE,83.39,39.21,94.07,44.62,83.04,36.72,88.75,39.45,90.7,47.82,80.47,28.12,154.69,2.67,-0.8,-2.98,-10.29,-11.12,38.28,38696382954.628174,251569244.0,0.0156,-13.94,1707600,1.32,154.52,0.11,154.45,0.16,155.88,-0.76,161.76,-4.37,1.81,75.89,1656200,1298060,1238180,0.064
3605,DHI,Consumer Cyclical,Residential Construction,NYSE,83.38,39.17,93.02,40.05,81.39,33.73,80.7,28.65,93.04,53.84,94.69,54.32,135.82,-0.9,-3.23,0.18,-7.43,-6.9,42.8,37759671045.0,279701267.0,0.0466,-22.85,2974500,1.02,134.82,0.74,136.81,-0.72,138.18,-1.71,143.03,-5.04,2.89,94.37,3496280,2907373,2528524,0.0
3606,STE,Healthcare,Medical Devices,NYSE,83.37,39.15,95.95,54.12,81.44,33.8,86.86,36.04,81.12,31.05,82.63,30.38,210.76,0.68,0.95,-0.8,-9.98,-16.42,33.67,20332672284.79721,97500110.0,0.0287,-21.78,498400,0.77,209.74,0.49,209.86,0.43,209.68,0.52,222.46,-5.26,1.74,76.44,609790,651310,681166,0.073
3607,ZDGE,Communication Services,Internet Content & Information,NYSE ARCA,83.33,39.13,96.18,55.32,86.21,42.84,94.38,56.37,82.91,33.19,86.39,34.46,2.93,-2.01,-2.98,-4.56,0.0,-8.99,40.59,47055234.0,15685078.0,0.0064,-37.66,73200,0.77,2.96,-1.01,2.97,-1.35,3.01,-2.66,2.98,-1.68,3.64,9.36,70310,95596,83338,0.03
3608,REFI,Real Estate,REIT - Mortgage,NASDAQ,83.29,39.11,92.86,39.36,85.26,40.69,87.66,37.23,83.83,34.18,90.3,45.2,9.64,-2.92,-4.97,-5.77,2.16,-12.3,37.02,257748739.5110607,25621146.0,0.056799997,-28.54,206300,0.95,9.78,-1.43,9.95,-3.12,10.17,-5.21,10.07,-4.27,2.51,31.03,218860,217533,202616,-0.075
3609,DAIC,Technology,Information Technology Services,NASDAQ,83.29,39.11,89.47,28.81,90.71,54.46,60.34,13.32,11.63,1.01,24.2,2.82,2.63,-7.07,-22.87,-5.4,297.28,-91.16,3.04,6522369.840821266,2337767.0,0.044,-96.78,283700,0.05,2.57,2.33,2.76,-4.71,2.96,-11.15,2.33,12.88,14.6,91.13,418920,6056683,9868276,-0.902
3610,RFM,Financial Services,Asset Management,NYSE,83.27,39.08,91.4,33.91,85.55,41.35,91.52,45.48,97.23,60.55,94.28,53.51,12.81,-1.23,-2.4,-7.38,-11.35,-4.18,46.06,79491087.0,6114699.0,0.68,-14.77,16300,0.66,12.87,-0.47,12.87,-0.47,13.21,-3.03,13.9,-7.84,1.79,43.6,31590,24780,19044,
3611,TG,Industrials,Metal Fabrication,NYSE,83.26,39.06,95.08,49.47,79.24,30.51,85.75,34.52,80.19,30.1,100.18,62.42,7.13,2.59,1.13,-3.65,-4.42,-5.31,44.81,244824129.96670628,34825622.0,0.035099998,-32.29,174800,1.06,7.07,0.85,7.03,1.42,7.01,1.71,7.5,-4.93,2.23,37.67,155840,165276,172368,0.208
3612,SMRT,Technology,Software - Application,NYSE,83.26,39.06,96.57,57.34,72.85,23.76,74.69,22.73,63.05,16.43,116.32,79.54,1.16,-3.33,-2.52,0.0,16.58,-44.5,16.68,231405691.99523568,192838069.0,0.0464,-47.27,722900,1.0,1.19,-2.52,1.19,-2.52,1.18,-1.69,1.26,-7.94,3.18,13.57,560690,721580,1022262,0.04
3613,BHFAO,Financial Services,Insurance - Life,NASDAQ,83.25,39.03,93.53,42.1,89.16,48.66,85.44,34.01,85.9,36.58,91.15,47.34,13.7,-2.25,-5.65,-2.7,-1.19,-4.68,45.58,,,0.1,-24.64,32609,0.8,13.8,-0.72,14.08,-2.7,14.09,-2.77,14.0,-2.14,2.02,57.91,42430,40583,43354,0.867
3614,THRM,Consumer Cyclical,Auto Parts,NASDAQ,83.24,39.02,86.61,22.09,88.52,47.52,102.54,69.86,103.59,70.05,83.58,31.38,29.93,-5.16,-5.89,-16.79,-25.64,-14.08,35.66,962131271.2479897,30739019.0,0.0915,-38.1,2695100,2.12,30.97,-3.36,31.41,-4.71,33.17,-9.77,36.19,-17.3,5.67,40.08,3137480,1268516,913684,0.11
3615,PGZ,Financial Services,Asset Management,NYSE,83.22,38.98,91.45,34.09,86.97,44.31,91.44,45.25,95.32,57.82,96.27,56.84,8.8,-1.46,-3.3,-6.83,-11.6,-2.69,47.9,61050282.43391991,6694110.0,0.0014,-16.82,15878,0.78,8.91,-1.23,8.94,-1.57,9.13,-3.61,9.56,-7.95,1.49,53.26,22447,20409,20025,
3616,MRTN,Industrials,Trucking,NASDAQ,83.22,38.98,89.57,29.07,85.9,42.13,95.33,58.49,122.07,85.37,109.03,73.83,12.79,-2.22,-0.39,-7.72,-14.42,13.04,69.58,1089366676.9205818,81661669.0,0.09810001,-30.79,901900,1.24,12.94,-1.16,12.96,-1.31,13.25,-3.47,14.03,-8.84,2.58,57.58,765900,728543,677378,-0.028
3617,PUMP,Energy,Oil & Gas Equipment & Services,NYSE,83.22,38.98,82.54,15.53,84.67,39.53,104.96,72.88,143.95,92.43,187.54,95.46,9.04,0.44,-5.14,-21.39,-11.46,-0.77,50.53,1138577766.8143272,122823917.0,0.1681,-51.14,4644000,1.21,9.34,-3.21,9.23,-2.06,9.85,-8.22,10.75,-15.91,5.19,14.91,3831300,3830703,3480590,-0.062
3618,GRBK,Consumer Cyclical,Residential Construction,NYSE,83.2,38.93,89.22,27.97,85.76,41.79,88.79,39.54,98.5,62.58,93.21,51.52,63.64,-4.21,-6.12,-5.72,-11.03,-0.69,50.68,2867093152.869873,43010696.0,0.00029999999,-23.49,588400,1.45,65.46,-2.78,66.43,-4.2,66.99,-5.0,69.57,-8.52,2.89,34.85,362740,405353,344228,-0.087
3619,OZK,Financial Services,Banks - Regional,NASDAQ,83.2,38.93,91.55,34.45,85.89,42.1,92.55,50.48,95.88,58.49,94.49,53.9,44.86,-3.19,-3.73,-8.02,-12.98,-2.33,48.23,5093147036.953079,109037618.0,0.16319999,-15.98,2373200,1.74,45.26,-0.88,45.83,-2.12,46.93,-4.41,48.98,-8.41,2.39,139.81,1890350,1364690,1189090,-0.021
3620,MLP,Real Estate,Real Estate Services,NYSE,83.2,38.93,92.83,39.19,78.88,30.08,85.59,34.2,88.79,40.33,89.03,40.97,15.17,-3.87,-5.54,-5.66,-14.82,-10.29,39.14,311987325.80756664,19859155.0,0.0398,-23.85,58400,3.58,15.54,-2.38,15.78,-3.87,15.95,-4.89,16.16,-6.13,3.27,175.5,18140,16296,18474,-0.196
3621,RLTY,Financial Services,Asset Management,NYSE,83.17,38.89,89.04,27.6,88.94,48.24,92.28,49.23,97.47,61.0,97.45,58.54,13.51,-1.82,-5.66,-8.84,-15.05,-0.05,51.49,231270873.70418167,16722406.0,0.44,-17.67,135695,2.14,13.66,-1.1,13.8,-2.1,14.23,-5.06,14.96,-9.69,1.94,64.92,91569,63436,55883,
3622,HYFM,Industrials,Farm & Heavy Construction Machinery,NASDAQ,83.17,38.89,103.81,85.96,74.84,26.15,67.09,17.29,40.95,6.47,38.69,5.74,0.96,0.84,0.0,-1.03,72.04,-46.67,15.79,4963902.552118063,4819323.0,0.1026,-72.41,120200,1.6,0.99,-3.03,0.97,-1.03,0.97,-1.03,1.12,-14.29,6.61,53.6,37450,75263,3311144,-0.409
3623,NTLA,Healthcare,Biotechnology,NASDAQ,83.16,38.85,97.44,61.52,77.68,28.84,94.59,56.95,80.64,30.58,113.51,77.55,12.6,3.96,3.62,5.62,16.67,36.51,84.09,1717953288.2524548,140126693.0,0.41970003,-55.4,13963300,2.94,12.34,2.11,12.11,4.05,12.06,4.48,12.14,3.79,5.98,111.51,6371950,4749060,4239906,-0.462
3624,IQI,Financial Services,Asset Management,NYSE,83.16,38.85,91.59,34.54,84.33,38.87,92.35,49.63,96.8,59.87,94.57,54.11,8.85,0.8,-1.01,-8.55,-9.93,-6.09,43.67,472781122.98907566,52883797.0,0.0124,-15.07,262421,0.96,8.82,0.34,8.78,0.8,9.22,-4.01,9.65,-8.29,2.92,85.24,368312,272190,225758,0.009
3625,VELO,Technology,Computer Hardware,NASDAQ,83.16,38.85,75.91,9.06,118.56,87.25,115.73,83.28,108.52,75.63,109.49,74.32,8.98,-14.23,-18.51,-13.98,6.4,-17.08,33.01,360070115.4680424,32149118.0,0.29459998,-71.72,1473500,1.18,9.68,-7.23,10.28,-12.65,10.46,-14.15,11.84,-24.16,8.9,21.26,1927520,1248313,1442880,0.523
3626,PSHG,Industrials,Marine Shipping,NASDAQ,83.15,38.81,95.68,52.78,82.61,35.79,78.81,26.7,78.67,28.31,94.57,54.11,1.67,-4.57,-5.11,-1.76,-11.64,-24.77,27.34,21010347.731373787,12432158.0,0.0344,-35.27,36700,0.59,1.68,-0.6,1.72,-2.91,1.75,-4.57,1.74,-4.02,4.36,13.73,50310,61773,52404,0.91
3627,EVV,Financial Services,Asset Management,NYSE ARCA,83.15,38.81,94.6,46.91,82.7,35.98,88.04,37.95,88.75,40.23,89.6,42.91,8.42,-0.59,0.12,-4.64,-5.61,-8.38,41.07,979595203.2624817,116203460.0,0.37,-17.69,601185,0.88,8.4,0.24,8.41,0.12,8.53,-1.29,8.82,-4.54,1.27,84.0,974398,682619,589163,-0.034
3628,MDAI,Healthcare,Medical Devices,NASDAQ,83.13,38.77,99.19,73.96,85.3,40.81,82.07,30.09,74.56,24.67,97.49,58.61,1.64,-1.2,1.23,5.13,9.33,5.81,61.9,52827814.0377599,31823985.0,0.0767,-44.78,97100,0.81,1.66,-1.2,1.64,0.0,1.63,0.61,1.62,1.23,4.03,30.24,126300,119513,144878,-0.304
3629,DSWL,Technology,Electronic Components,NASDAQ,83.13,38.77,95.64,52.55,84.36,38.9,88.06,38.04,102.05,67.79,98.23,59.65,3.1,0.98,-0.96,0.0,-4.02,1.83,54.31,48767682.66954589,15885239.0,0.0004,-23.65,21500,2.19,3.05,1.64,3.07,0.98,3.09,0.32,3.12,-0.64,4.08,79.1,7600,9803,8636,-0.134
3630,EXC,Utilities,Utilities - Regulated Electric,NASDAQ,83.12,38.74,96.12,55.04,79.46,30.84,88.7,39.31,90.74,48.02,93.65,52.46,41.73,3.11,3.81,-3.83,-10.42,-1.77,49.09,41962243604.297165,1030253967.0,0.037100002,-17.61,7570400,0.9,41.29,1.07,40.86,2.13,41.52,0.51,43.2,-3.4,1.59,94.74,9960390,8406490,7730790,0.099
3631,ATAT,Consumer Cyclical,Lodging,NASDAQ,83.12,38.74,94.29,45.72,80.97,32.91,83.64,31.81,79.99,29.8,101.71,64.54,31.61,-2.11,-2.29,-3.77,-10.53,-23.16,28.51,4457878579.579468,138185952.0,0.026400002,-26.78,892900,0.99,32.03,-1.31,32.29,-2.11,32.34,-2.26,33.72,-6.26,2.53,38.78,950590,904310,936924,0.414
3632,BTU,Energy,Thermal Coal,NYSE,83.11,38.72,94.3,45.81,84.2,38.65,102.51,69.83,83.53,33.85,105.92,70.51,25.0,1.05,-2.65,-13.88,20.45,-18.33,32.01,3024338934.8983765,121900000.0,0.13939999,-39.23,2550800,1.06,25.12,-0.48,24.97,0.12,25.94,-3.62,26.03,-3.96,4.32,8.81,1801600,2395790,2297676,0.127
3633,PFL,Financial Services,Asset Management,NYSE,83.1,38.7,94.89,48.4,81.9,34.47,88.91,39.74,89.67,43.17,91.51,48.12,6.97,0.87,1.6,-5.03,-7.4,-8.85,40.7,348588180.952549,49941000.0,1.23,-19.89,359540,1.19,6.91,0.87,6.9,1.01,7.02,-0.71,7.33,-4.91,1.9,158.92,360704,302118,238022,-0.092
3634,HBANM,Financial Services,Banks - Regional,NASDAQ,83.09,38.68,92.67,38.4,85.19,40.59,87.71,37.27,85.55,36.18,89.32,41.85,19.2,-2.17,-4.24,-5.88,-6.04,-8.82,40.74,,,0.03,-18.68,7747,0.31,19.37,-0.88,19.66,-2.34,19.87,-3.37,20.28,-5.33,1.97,7.42,35754,24608,21194,0.476
3635,IGC,Healthcare,Biotechnology,NYSE ARCA,83.08,38.67,97.33,60.86,86.52,43.49,83.97,32.13,72.35,22.71,92.66,50.54,0.28,3.7,0.0,0.0,16.67,-6.67,43.13,28178867.019727528,104366170.0,0.0177,-37.78,626400,0.84,0.28,0.0,0.28,0.0,0.28,0.0,0.28,0.0,4.59,-0.0,801060,745273,801590,-0.192
3636,VHC,Technology,Software - Infrastructure,NASDAQ,83.07,38.65,101.8,82.36,73.28,24.24,68.14,17.98,59.55,14.24,83.52,31.33,12.3,31.13,0.57,6.31,-4.28,-32.6,22.91,43974172.39921951,4196009.0,0.0377,-57.59,40900,0.4,11.57,6.31,10.83,13.57,11.39,7.99,12.52,-1.76,8.72,89.54,31580,102306,71472,
3637,MAMA,Consumer Defensive,Packaged Foods,NASDAQ,83.06,38.62,86.43,21.84,79.76,31.21,101.57,68.37,129.04,88.08,129.78,85.6,13.4,4.61,0.22,-10.79,-26.33,-4.69,45.55,609616788.5582657,47147469.0,0.083000004,-36.19,753900,0.93,12.95,3.47,12.98,3.24,13.43,-0.22,15.45,-13.27,3.5,149.3,695450,809346,681196,0.55
3638,BFS,Real Estate,REIT - Retail,NYSE,83.06,38.62,91.47,34.2,81.58,33.98,88.58,39.09,101.66,67.27,99.66,61.82,29.72,-0.87,-0.44,-6.13,-14.96,-0.25,51.32,745467762.3884697,24717101.0,0.0007,-22.64,95100,0.7,29.78,-0.2,29.93,-0.7,30.24,-1.72,32.25,-7.84,2.05,80.23,135710,136706,122592,0.084
3639,CLDX,Healthcare,Biotechnology,NASDAQ,83.06,38.62,80.54,13.09,92.66,60.65,121.9,87.03,121.27,85.05,132.4,86.56,29.3,-8.95,-6.93,-23.1,-21.89,14.45,70.86,2485459657.843361,78529532.0,0.1353,-35.09,3950400,2.2,31.0,-5.48,31.38,-6.63,34.12,-14.13,37.87,-22.63,7.31,31.29,2094970,1793280,1429132,-0.97
3640,AQB,Consumer Defensive,Farm Products,NASDAQ,83.04,38.58,96.12,55.04,75.08,26.38,96.35,60.4,80.73,30.73,92.97,51.02,0.97,7.03,10.56,-8.11,5.98,14.59,71.02,4761163.761359453,5147204.0,0.026199998,-55.81,85600,1.1,0.92,5.43,0.93,4.3,1.01,-3.96,1.14,-14.91,11.2,64.43,60720,77730,634000,
3641,BMA,Financial Services,Banks - Regional,NYSE,83.04,38.58,83.27,16.69,87.36,45.14,99.13,64.23,122.07,85.37,98.86,60.63,65.9,0.86,-7.18,-16.4,-27.42,-23.94,27.83,4127264581.6264343,63939030.0,0.0208,-37.92,243100,0.82,66.74,-1.26,66.69,-1.18,71.3,-7.57,76.84,-14.24,4.38,32.6,403590,294846,310182,0.012
3642,BFRI,Healthcare,Drug Manufacturers - Specialty & Generic,NASDAQ,83.03,38.55,70.22,5.68,123.21,89.11,155.32,95.38,104.79,71.37,111.84,76.24,0.92,-11.63,-23.42,-37.05,-21.45,19.97,75.37,15075144.1725353,14852359.0,0.0324,-44.58,231600,0.36,0.94,-2.13,1.02,-9.8,1.15,-20.0,1.29,-28.68,9.5,43.46,347020,642206,612804,0.329
3643,GIB,Technology,Information Technology Services,NYSE,83.02,38.53,99.48,75.29,80.99,32.94,82.71,30.76,69.04,20.08,71.59,20.87,69.68,-1.83,2.26,0.9,-6.32,-24.38,27.55,14534623322.885193,207075407.0,14.52,-26.81,482600,1.1,69.91,-0.33,69.16,0.75,69.69,-0.01,72.02,-3.25,2.44,61.71,491530,437463,415858,0.025
3644,MHF,Financial Services,Asset Management,NYSE,83.02,38.53,93.89,43.86,81.33,33.55,87.9,37.65,93.18,54.17,91.8,48.68,6.21,3.16,1.64,-4.98,-7.73,-5.54,44.43,139121149.58662987,22223825.0,0.88,-16.87,154008,1.49,6.21,0.0,6.13,1.31,6.26,-0.8,6.56,-5.34,3.14,82.07,161560,103356,85722,-0.001
3645,GUG,Financial Services,Asset Management,NYSE,83.01,38.5,93.08,40.37,83.37,37.23,92.0,47.7,96.59,59.58,95.43,55.53,13.87,-0.5,0.58,-8.3,-8.01,-3.31,47.07,458423141.11909676,32980083.0,0.3,-15.74,136750,1.03,13.86,0.07,13.93,-0.43,14.19,-2.26,14.74,-5.9,1.96,25.79,176395,133305,123897,
3646,FAX,Financial Services,Asset Management,NYSE ARCA,83.0,38.48,89.73,29.49,86.51,43.44,92.99,52.43,90.18,45.54,93.27,51.69,12.75,-0.7,-5.76,-10.51,-9.06,-6.72,43.08,532545885.4519272,41282628.0,1.86,-22.11,182863,0.92,12.79,-0.31,12.98,-1.77,13.44,-5.13,13.95,-8.6,2.16,21.74,304096,198132,171369,-0.157
3647,UDR,Real Estate,REIT - Residential,NYSE,83.0,38.48,92.53,37.89,82.47,35.47,87.41,36.79,97.88,61.69,83.34,31.14,33.57,-0.33,0.06,-4.07,-14.81,-2.41,48.12,10688460813.00309,321264222.0,0.0425,-20.07,4745100,1.21,33.58,-0.03,33.68,-0.33,34.03,-1.35,35.92,-6.54,1.72,74.6,3806070,3919140,3612258,-0.001
3648,SPCB,Industrials,Security & Protection Services,NASDAQ,82.99,38.44,84.98,19.18,80.91,32.81,96.07,60.0,103.46,69.81,95.63,55.97,8.86,-6.34,-6.44,-10.05,-13.81,-9.96,39.62,59099052.36167908,6280452.0,0.013099999,-31.16,75500,1.09,9.15,-3.17,9.22,-3.9,9.5,-6.74,10.17,-12.88,4.58,61.62,56810,69423,79734,0.133
3649,ASM,Basic Materials,Other Precious Metals & Mining,NYSE ARCA,82.99,38.44,82.97,16.19,91.78,58.53,114.37,82.17,90.57,47.18,164.71,93.4,5.46,-0.91,-7.61,-23.31,3.61,-14.95,34.8,942696786.4473219,169855271.0,0.0432,-54.46,2571000,0.74,5.5,-0.73,5.57,-1.97,5.95,-8.24,6.57,-16.89,4.87,60.21,2535670,3456870,3816246,0.228
3650,SRTA,Healthcare,Medical Care Facilities,NASDAQ,82.98,38.41,81.91,14.67,94.38,63.84,97.99,62.77,103.57,69.99,92.56,50.14,4.47,-7.45,-15.18,-12.87,-8.21,-12.87,36.69,418447994.0673704,88466806.0,0.0625,-31.23,1135400,1.35,4.69,-4.69,4.9,-8.78,5.12,-12.7,5.47,-18.28,4.41,7.61,956140,838110,942982,0.607
3651,PTY,Financial Services,Asset Management,NYSE,82.98,38.41,95.55,52.03,81.84,34.41,88.96,39.88,85.94,36.62,85.23,33.01,10.94,-0.64,1.77,-4.71,-3.83,-7.34,42.17,2449598137.1358013,221883890.0,0.54,-25.53,1572655,0.89,10.89,0.46,10.9,0.37,11.06,-1.08,11.38,-3.87,2.19,108.49,1858565,1773698,1601167,0.191
3652,DMO,Financial Services,Asset Management,NYSE,82.95,38.38,93.93,43.98,83.53,37.51,87.6,37.17,89.15,41.27,92.83,50.83,9.38,-0.53,-0.95,-3.97,-7.35,-6.75,43.02,108900526.78862762,11427128.0,0.46,-22.35,112790,1.69,9.4,-0.21,9.45,-0.74,9.55,-1.78,9.89,-5.16,1.42,67.6,94159,66709,59001,-0.087
3653,TTAN,Technology,Software - Application,NASDAQ,82.93,38.37,107.13,89.94,67.97,19.11,61.57,13.96,85.56,36.19,57.03,11.9,72.93,8.3,21.59,30.21,-13.41,-32.87,22.81,6472031258.993988,96467903.0,0.1727,-34.51,3403400,0.95,70.52,3.42,66.72,9.31,62.06,17.52,77.85,-6.32,5.1,31.18,2114750,3575303,2589164,0.209
3654,ATO,Utilities,Utilities - Regulated Gas,NYSE,82.91,38.33,96.22,55.53,81.53,33.88,89.15,40.29,90.83,48.36,100.94,63.36,160.66,2.74,2.71,-2.52,-9.03,-1.95,48.86,26559930565.582718,168988553.0,0.028900001,-16.54,2138000,2.04,158.97,1.06,157.95,1.72,159.33,0.83,164.86,-2.55,1.28,110.97,1147220,1047850,1055784,0.048
3655,BCBP,Financial Services,Banks - Regional,NASDAQ,82.91,38.33,91.16,33.17,85.44,41.17,87.13,36.41,109.9,77.24,104.15,68.0,8.31,-3.71,-5.03,-4.37,-19.55,0.55,52.3,261390487.0,30751822.0,0.0618,-29.04,266700,0.72,8.38,-0.84,8.5,-2.24,8.56,-2.92,8.74,-4.92,2.24,48.28,329250,370583,296446,-0.808
3656,STRR,Industrials,Staffing & Employment Services,NASDAQ,82.91,38.33,92.41,37.36,83.13,36.9,90.36,42.56,104.79,71.37,84.26,32.17,9.82,-0.51,-3.44,-6.03,-9.66,-10.32,39.07,36008574.12443733,3689403.0,0.0029,-17.89,4500,1.17,9.88,-0.61,9.88,-0.61,10.02,-2.0,10.29,-4.57,4.59,4.44,2490,3853,3878,0.546
3657,RITM,Real Estate,REIT - Mortgage,NYSE,82.9,38.3,92.4,37.31,85.38,41.01,91.11,44.19,80.39,30.34,84.96,32.81,8.62,-1.49,-2.76,-8.2,-11.23,-14.32,35.45,4863725261.311538,558407031.0,0.0519,-29.05,9137100,1.46,8.65,-0.35,8.73,-1.26,9.01,-4.33,9.48,-9.07,2.68,95.15,8257590,6251956,5698482,0.097
3658,AMBA,Technology,Semiconductor Equipment & Materials,NASDAQ,82.88,38.29,87.3,23.77,95.86,66.26,91.65,45.94,94.93,57.07,80.77,28.51,62.89,-10.54,-9.98,-7.34,-9.11,-13.28,36.37,3030277726.5037766,44140971.0,0.15630001,-34.96,1404800,0.82,66.61,-5.58,68.3,-7.92,67.44,-6.75,71.91,-12.54,5.65,57.09,1088180,1712976,1642278,0.132
3659,SF,Financial Services,Capital Markets,NYSE,82.87,38.24,92.26,36.93,85.35,40.9,98.36,63.3,90.03,44.92,100.92,63.34,70.11,-0.33,0.29,-12.02,-14.05,-16.32,33.78,10612401681.191711,151001734.0,0.0001,-21.95,1138700,0.86,70.17,-0.09,70.17,-0.09,73.03,-4.0,78.26,-10.41,2.61,60.04,1491130,1322883,1183928,0.127
3660,SACH,Real Estate,REIT - Mortgage,NYSE ARCA,82.87,38.24,94.87,48.21,85.8,41.9,82.01,30.02,73.58,23.77,96.8,57.55,0.86,-5.27,-5.69,-6.37,12.51,-11.39,37.98,43974397.338201046,47954632.0,0.0075,-40.69,181900,1.17,0.89,-3.37,0.9,-4.44,0.92,-6.52,0.87,-1.15,3.13,-7.43,122860,156030,144758,-0.913
3661,CLM,Financial Services,Asset Management,NYSE ARCA,82.87,38.24,96.41,56.41,82.69,35.96,85.2,33.59,92.98,53.63,94.17,53.31,6.46,2.22,1.25,0.2,-7.82,-9.96,39.62,1900742285.6344652,297921983.0,12.28,-24.27,1244826,0.59,6.45,0.16,6.42,0.62,6.39,1.1,6.66,-3.0,1.27,36.4,1735422,2104884,2222172,-0.338
3662,CLWT,Industrials,Pollution & Treatment Controls,NASDAQ,82.87,38.24,81.5,14.08,95.46,65.54,108.84,76.97,112.45,79.44,88.91,40.48,1.31,-2.24,-9.66,-15.48,-12.67,10.08,66.74,9931362.0073843,7411464.0,0.0023999999,-51.12,96700,6.86,1.3,0.77,1.34,-2.24,1.44,-9.03,1.54,-14.94,4.36,70.0,16280,14090,17014,-0.092
3663,BHFAM,Financial Services,Insurance - Life,NASDAQ,82.86,38.2,94.88,48.29,87.04,44.49,84.08,32.25,83.95,34.3,90.2,44.93,9.69,-2.91,-4.63,-1.02,0.51,-5.9,43.99,,,0.05,-24.74,73681,1.17,9.77,-0.82,10.0,-3.1,9.93,-2.42,9.77,-0.82,2.45,75.88,85598,62959,72297,0.867
3664,CVV,Industrials,Specialty Industrial Machinery,NASDAQ,82.84,38.19,73.02,7.06,88.07,46.47,132.29,91.0,157.52,94.4,102.37,65.45,4.19,-4.12,-4.56,-33.17,-32.85,40.6,85.57,30098708.4596653,6951203.0,0.0399,-53.96,64700,0.71,4.26,-1.64,4.27,-1.87,4.49,-6.68,6.15,-31.87,4.67,71.53,45090,91630,123034,-0.426
3665,LOVE,Consumer Cyclical,"Furnishings, Fixtures & Appliances",NASDAQ,82.83,38.16,91.83,35.44,82.97,36.53,87.49,37.01,98.72,63.1,93.89,52.89,14.59,-2.54,-0.75,2.31,-11.9,0.41,52.04,212024462.34894848,14423433.0,0.22780001,-24.19,404800,1.41,14.64,-0.34,14.94,-2.34,14.62,-0.21,15.81,-7.72,4.15,85.78,198730,287420,251720,0.004
3666,AJG,Financial Services,Insurance Brokers,NYSE,82.83,38.16,95.19,50.11,84.65,39.45,95.87,59.56,86.14,36.87,69.07,19.01,234.05,0.96,3.05,-3.81,-12.73,-6.79,42.96,57961263666.45813,256341000.0,0.0252,-25.25,1891300,1.3,228.87,2.26,229.26,2.09,234.57,-0.22,247.01,-5.25,2.63,133.4,1565460,1458883,1420286,0.309
3667,DIBS,Communication Services,Internet Content & Information,NASDAQ,82.82,38.14,89.36,28.41,79.38,30.68,93.54,54.17,104.7,71.27,159.08,92.64,3.94,1.55,-2.72,-8.37,-5.74,-33.45,22.38,135133477.21883917,33615293.0,0.0506,-40.53,77400,0.72,4.01,-1.75,3.99,-1.25,4.11,-4.14,4.42,-10.86,5.78,61.44,80710,108063,107102,0.053
3668,KTF,Financial Services,Asset Management,NYSE,82.81,38.1,92.24,36.83,85.06,40.21,88.36,38.58,94.01,55.56,94.78,54.42,8.0,-1.23,-3.26,-5.09,-7.8,-5.59,44.4,317300002.7432518,39172838.0,0.63,-14.62,255247,0.83,8.05,-0.62,8.07,-0.87,8.22,-2.68,8.52,-6.1,1.22,30.7,287944,306161,260038,-0.028
3669,ARE,Real Estate,REIT - Office,NYSE,82.81,38.1,90.5,31.42,83.08,36.82,85.25,33.65,77.19,27.18,65.45,16.74,45.6,-3.04,-8.31,-6.6,-13.92,0.83,52.56,8152153087.672413,172095277.0,0.0546,-45.91,2981600,1.57,46.0,-0.87,46.93,-2.83,49.48,-7.84,49.76,-8.36,3.32,92.58,2080740,1902046,2031510,-0.119
3670,CIK,Financial Services,Asset Management,NYSE ARCA,82.81,38.1,95.31,50.74,83.74,37.78,86.48,35.53,82.86,33.07,85.11,32.93,2.3,-0.86,-1.29,-3.76,-4.15,-12.31,37.0,127274173.21772933,54859559.0,0.0016,-24.34,146180,0.27,2.32,-0.86,2.32,-0.86,2.34,-1.71,2.38,-3.36,1.49,0.0,551018,533899,497099,-0.033
3671,ADBE,Technology,Software - Application,NASDAQ,82.8,38.07,96.98,59.3,83.95,38.28,84.22,32.39,68.17,19.54,66.78,17.62,241.05,-0.1,0.89,-3.13,-8.5,-32.26,23.02,94481775970.45898,397500000.0,0.0521,-33.72,5802200,1.1,237.68,1.42,236.93,1.74,243.49,-1.0,257.99,-6.57,3.4,121.76,4314240,5276280,4910048,0.129
3672,RIOT,Financial Services,Capital Markets,NASDAQ,82.79,38.04,75.21,8.5,113.22,84.54,103.25,70.85,108.24,75.44,123.28,83.26,16.84,-14.13,-28.28,-19.62,-7.68,16.14,72.52,7403858615.770092,375258935.0,0.1478,-44.46,30589900,1.87,18.67,-9.8,19.91,-15.42,21.21,-20.6,20.72,-18.73,8.08,35.62,16572090,16386146,19018596,0.139
3673,BMHL,Financial Services,Capital Markets,NASDAQ,82.79,38.04,69.37,5.35,104.3,77.27,119.48,86.0,148.36,93.03,84.43,32.34,3.94,-5.06,-22.9,-32.15,-29.64,7.8,64.31,114789624.90536213,25520147.0,0.0019,-37.95,3900,1.1,4.33,-9.01,4.49,-12.25,5.0,-21.2,5.48,-28.1,10.64,26.25,7650,3556,2398,-0.315
3674,RNP,Financial Services,Asset Management,NYSE,82.77,38.02,90.94,32.62,86.86,44.03,90.1,42.15,90.2,45.68,92.61,50.36,18.15,-2.0,-4.47,-7.45,-10.74,-1.54,49.53,889441496.8290386,48000079.0,0.001,-18.54,141495,1.07,18.26,-0.6,18.5,-1.89,18.97,-4.32,19.67,-7.73,1.51,51.17,160139,132723,120941,-0.009
3675,VMO,Financial Services,Asset Management,NYSE,82.71,38.0,92.01,36.16,83.31,37.09,91.58,45.67,95.4,57.93,95.68,56.12,8.55,1.42,-0.58,-7.64,-10.23,-5.4,44.67,573920236.2759476,67440684.0,0.0049,-15.35,490954,1.22,8.44,1.3,8.43,1.42,8.81,-2.95,9.26,-7.67,2.46,76.19,569455,403585,309207,-0.004
3676,TOVX,Healthcare,Biotechnology,NYSE ARCA,82.7,37.99,95.29,50.61,82.56,35.68,82.91,30.97,71.62,22.06,69.82,19.43,0.23,0.0,0.0,-4.17,4.55,21.05,76.13,10555313.831479132,45892668.0,0.0346,-73.26,522100,1.03,0.23,0.0,0.23,0.0,0.23,0.0,0.23,0.0,6.21,-0.0,534720,506953,517064,
3677,NMI,Financial Services,Asset Management,NYSE,82.69,37.97,89.96,30.03,86.14,42.62,91.46,45.32,94.55,56.38,99.4,61.35,9.23,-1.7,-4.94,-8.81,-14.38,-4.05,46.13,112207034.93925095,12078260.0,0.003,-18.17,60992,1.38,9.24,-0.11,9.37,-1.49,9.6,-3.85,10.11,-8.7,2.1,20.59,66049,44189,36383,0.129
3678,CPT,Real Estate,REIT - Residential,NYSE,82.68,37.95,93.04,40.19,81.67,34.13,88.3,38.47,96.88,59.96,86.02,33.89,96.76,0.14,0.41,-4.57,-15.95,-6.98,42.71,11105698078.92366,115732578.0,0.0433,-19.24,1018900,0.92,96.71,0.05,96.87,-0.11,98.26,-1.53,103.42,-6.44,1.79,84.14,1174850,1112640,1032854,-0.008
3679,IIIN,Industrials,Metal Fabrication,NYSE,82.67,37.93,97.78,63.11,79.89,31.36,88.13,38.19,73.62,23.81,74.18,22.68,29.5,1.58,1.27,-3.02,-3.37,-6.69,43.09,572229770.9815807,19358247.0,0.0535,-24.42,107800,0.77,29.72,-0.74,29.46,0.14,29.71,-0.71,30.66,-3.78,2.34,28.99,128470,140586,160312,0.099
3680,SPGI,Financial Services,Financial Data & Stock Exchanges,NYSE,82.67,37.93,94.96,48.8,86.12,42.59,88.1,38.07,87.94,39.19,77.48,25.41,402.73,3.75,-0.13,-1.87,-3.81,-16.38,33.72,113872392761.23047,294800000.0,0.0223,-22.92,1648000,0.85,394.25,2.15,394.55,2.07,401.46,0.32,414.29,-2.79,2.06,106.76,2159450,1935196,1926544,0.104
3681,NTES,Communication Services,Electronic Gaming & Multimedia,NASDAQ,82.66,37.9,98.06,64.5,83.16,36.95,82.55,30.53,89.86,44.21,82.58,30.32,119.6,-0.84,1.74,3.43,-7.36,-11.24,38.11,75053129114.05998,640330430.0,0.0085,-23.55,490800,0.78,119.17,0.36,119.59,0.01,118.38,1.03,122.05,-2.01,2.09,38.73,653780,626010,723578,0.079
3682,EIM,Financial Services,Asset Management,NYSE ARCA,82.65,37.89,92.81,39.03,83.27,37.06,88.04,37.95,92.79,53.24,93.26,51.64,8.72,-3.11,-0.91,-5.92,-8.28,-6.28,43.42,464408293.0002909,51372599.0,0.49,-13.32,295458,1.23,8.82,-1.13,8.86,-1.58,8.98,-2.9,9.3,-6.24,1.95,41.26,320135,240281,202995,-0.556
3683,PRTA,Healthcare,Biotechnology,NASDAQ,82.64,37.86,95.71,53.04,76.82,27.89,93.01,52.57,82.88,33.12,112.08,76.47,8.61,0.82,3.49,-4.55,0.58,-6.51,43.27,429177085.0148487,51336974.0,0.2005,-27.03,642400,1.32,8.35,3.11,8.44,2.01,8.54,0.82,8.86,-2.82,5.22,55.67,589550,484873,452444,-0.771
3684,AXIL,Technology,Consumer Electronics,NYSE ARCA,82.64,37.86,92.39,37.26,83.37,37.23,88.61,39.15,85.12,35.68,90.62,46.01,5.72,-7.51,-7.51,-4.74,-4.1,-27.07,25.81,42065314.41015053,6817717.0,0.002,-41.99,16500,0.82,6.03,-5.14,6.11,-6.38,6.09,-6.08,6.1,-6.23,5.77,6.06,18800,20046,25632,0.489
3685,ODD,Consumer Defensive,Household & Personal Products,NASDAQ,82.61,37.83,115.06,94.9,80.66,32.31,86.11,34.99,60.42,14.69,31.4,4.15,19.55,3.33,8.19,22.11,30.59,-53.21,13.47,871754053.004879,46124554.0,0.3073,-67.68,681900,0.46,19.29,1.35,18.81,3.93,18.46,5.9,15.8,23.73,5.35,72.6,736830,1496473,1218352,-0.251
3686,AVO,Consumer Defensive,Food Distribution,NASDAQ,82.61,37.83,88.51,26.22,93.27,61.93,102.12,69.2,92.86,53.38,108.66,73.51,11.79,-8.03,-9.03,-10.95,-8.39,-10.68,38.66,1123160392.0313225,87678404.0,0.088,-24.08,2730300,2.99,12.51,-5.76,12.78,-7.75,12.77,-7.67,12.84,-8.18,3.93,191.99,1036820,912986,813974,0.258
3687,RCS,Financial Services,Asset Management,NYSE,82.59,37.8,98.11,64.74,78.51,29.6,78.74,26.61,80.21,30.13,82.08,29.93,5.04,-0.2,3.07,0.6,-0.22,-18.71,31.59,237203470.8366394,47346000.0,1.4,-36.52,90651,0.54,5.03,0.2,5.01,0.6,4.98,1.2,5.1,-1.18,1.42,55.7,171635,167958,151109,-0.089
3688,PMO,Financial Services,Asset Management,NYSE,82.59,37.8,93.7,42.95,81.63,34.07,87.27,36.57,94.68,56.71,93.43,51.93,9.33,2.08,0.65,-3.98,-8.28,-6.99,42.68,258416603.3003378,28058263.0,0.0005,-14.17,224286,1.73,9.21,1.3,9.17,1.74,9.39,-0.64,9.86,-5.38,2.14,75.04,223058,129616,102113,0.022
3689,PRME,Healthcare,Biotechnology,NASDAQ,82.56,37.77,104.63,87.25,71.71,22.56,89.77,41.5,73.02,23.14,116.27,79.53,3.58,19.73,16.61,6.87,18.15,-1.65,49.36,540503034.339489,181376856.0,0.22649999,-48.41,7721200,2.0,3.43,4.37,3.21,11.53,3.19,12.23,3.26,9.82,9.01,18.59,5811080,3858643,3396032,0.035
3690,CRF,Financial Services,Asset Management,NYSE ARCA,82.55,37.75,95.85,53.52,83.05,36.76,85.56,34.16,91.79,50.99,94.38,53.75,6.17,1.82,0.33,-0.52,-8.29,-9.63,39.91,1042013653.1548691,170263672.0,0.1035,-25.21,930014,0.64,6.17,0.0,6.15,0.33,6.15,0.33,6.4,-3.59,1.42,65.25,1165321,1461503,1561578,-0.324
3691,AEBI,Industrials,Farm & Heavy Construction Machinery,NASDAQ,82.55,37.75,92.5,37.82,83.63,37.65,87.85,37.52,93.91,55.44,86.86,35.16,11.03,2.8,-1.69,-8.01,-15.57,-15.96,34.09,846651412.9286842,77603247.0,0.1911,-30.89,383600,0.95,11.07,-0.36,10.93,0.91,11.44,-3.58,12.14,-9.14,4.74,42.11,488780,401970,404844,0.787
3692,RMM,Financial Services,Asset Management,NYSE,82.51,37.7,90.64,31.79,85.31,40.83,91.85,46.79,96.67,59.71,95.92,56.32,12.59,0.0,-2.48,-8.33,-10.89,-3.23,47.25,252272440.56895065,19739628.0,1.52,-16.07,71541,0.88,12.63,-0.32,12.57,0.16,13.0,-3.15,13.7,-8.1,2.04,46.25,125754,81528,64486,
3693,RMMZ,Financial Services,Asset Management,NYSE,82.51,37.7,90.86,32.33,83.84,38.0,90.64,43.37,94.26,55.98,95.31,55.29,12.93,-1.82,-2.71,-8.49,-10.76,-7.76,41.87,112197853.87039185,8455000.0,0.0014,-15.43,24470,0.84,13.09,-1.22,13.1,-1.3,13.49,-4.15,14.14,-8.56,1.87,8.27,40677,29142,21487,
3694,BIPC,Utilities,Utilities - Regulated Gas,NYSE,82.51,37.7,99.49,75.35,77.63,28.8,80.11,28.03,85.08,35.63,89.6,42.91,37.13,3.37,7.53,1.34,-13.09,-16.78,33.41,4508521817.756905,123015597.0,8.55,-28.21,1150500,0.95,37.1,0.08,36.27,2.37,36.08,2.91,37.75,-1.64,2.34,39.19,1102960,1216620,1135028,0.085
3695,ORBS,Consumer Cyclical,Packaging & Containers,NASDAQ,82.48,37.65,100.98,80.38,76.78,27.8,63.91,15.28,36.82,5.46,57.09,11.94,0.91,-19.2,-11.36,-2.67,57.14,-60.3,10.85,498541769.6546316,429777400.0,0.0621,-92.97,30436400,2.06,1.05,-13.33,1.1,-17.27,1.04,-12.5,0.89,2.25,14.67,22.47,17264010,14806663,14313450,-0.727
3696,RYTM,Healthcare,Biotechnology,NASDAQ,82.48,37.65,85.48,20.02,87.1,44.71,99.81,65.32,103.57,69.99,88.23,37.55,89.64,-4.04,-8.82,-12.29,-15.85,-20.06,30.59,6391538898.1319275,68852082.0,0.1506,-26.64,1008500,1.47,90.83,-1.31,93.57,-4.2,96.72,-7.32,104.18,-13.96,3.98,73.71,863190,686016,675362,0.469
3697,GRFS,Healthcare,Drug Manufacturers - General,NASDAQ,82.48,37.65,97.78,63.11,79.85,31.28,85.66,34.35,71.78,22.21,88.99,40.78,7.41,1.51,2.92,-3.14,-9.08,-16.74,33.46,4975035426.226934,680579407.0,8.45,-25.15,368100,0.65,7.43,-0.27,7.38,0.41,7.39,0.27,7.69,-3.64,2.04,85.85,482350,562563,503882,-0.009
3698,FT,Financial Services,Asset Management,NYSE,82.46,37.62,93.46,41.71,82.44,35.36,89.29,40.54,92.44,52.66,97.3,58.22,7.09,0.57,-0.28,-5.54,-8.88,-6.01,43.76,177933807.60258865,25131894.0,0.19,-15.09,75377,1.15,7.08,0.14,7.06,0.42,7.19,-1.39,7.51,-5.59,1.36,62.13,73237,65739,61365,
3699,BCE,Communication Services,Telecom Services,NYSE,82.45,37.6,89.62,29.29,83.67,37.69,89.2,40.39,82.48,32.63,93.79,52.64,19.96,0.2,-6.29,-12.98,-9.4,-9.15,40.31,18398733942.533558,932525817.0,7.87,-24.74,4507500,1.06,19.79,0.86,20.09,-0.65,21.26,-6.11,22.17,-9.97,2.03,69.26,4760350,4235080,3920420,0.015
3700,HIHO,Industrials,Metal Fabrication,NASDAQ,82.44,37.59,95.5,51.82,86.27,43.0,85.14,33.5,66.5,18.61,59.22,13.0,0.87,-3.33,-6.45,-4.4,-15.61,11.15,67.88,4164008.289691448,4626676.0,0.00029999999,-60.63,8700,0.25,0.89,-2.25,0.89,-2.25,0.9,-3.33,0.94,-7.45,4.93,-0.0,22620,34560,66516,0.292
3701,NEE,Utilities,Utilities - Regulated Electric,NYSE,82.4,37.57,94.45,46.37,81.83,34.38,93.17,53.26,95.56,58.14,106.07,70.77,77.37,1.34,2.31,-6.15,-11.88,-0.61,50.84,160237063473.99747,2085605358.0,0.0,-21.65,11781500,0.94,77.08,0.38,76.5,1.14,78.38,-1.29,81.84,-5.46,1.78,68.15,14312210,12509960,11742384,0.124
3702,HYPD,Healthcare,Biotechnology,NASDAQ,82.39,37.52,90.87,32.4,97.57,68.97,91.84,46.69,55.0,11.8,139.97,88.94,3.37,-8.06,-19.3,-6.27,43.8,-8.31,41.15,56704795.62996197,15202358.0,0.082399994,-70.46,310000,0.54,3.68,-8.42,3.77,-10.61,3.73,-9.65,3.32,1.51,8.22,36.08,461450,569756,512316,
3703,BLBD,Industrials,Farm & Heavy Construction Machinery,NASDAQ,82.39,37.52,90.12,30.41,78.59,29.74,94.64,57.08,128.37,87.76,122.85,83.05,56.19,1.06,1.1,-9.44,-22.3,8.64,65.2,1772049433.1245422,31347063.0,0.1539,-32.62,274700,0.52,56.55,-0.64,56.53,-0.6,58.47,-3.9,62.17,-9.62,3.42,45.33,477420,525726,562734,0.299
3704,PAX,Financial Services,Asset Management,NASDAQ,82.39,37.52,103.7,85.83,74.39,25.6,79.3,27.32,72.85,23.05,86.85,35.15,11.26,11.05,10.94,4.74,6.94,-25.25,27.12,1647831184.0266867,161393847.0,0.095699996,-36.74,926800,0.81,10.98,2.55,10.55,6.73,10.43,7.96,10.92,3.11,2.8,96.72,1193530,1146036,1186740,0.349
3705,ASGI,Financial Services,Asset Management,NYSE,82.39,37.52,89.01,27.5,84.66,39.5,96.49,60.71,103.21,69.47,111.59,76.01,19.06,1.36,-0.83,-10.99,-15.99,-4.19,46.03,804852056.5416908,42183022.0,1.65,-26.55,139359,0.46,19.13,-0.37,19.06,0.0,19.54,-2.46,21.67,-12.04,2.02,2.6,245665,304805,241393,
3706,OTLY,Consumer Defensive,Packaged Foods,NASDAQ,82.39,37.52,84.15,18.1,102.33,74.94,110.81,79.07,68.08,19.44,102.75,66.06,10.38,-0.48,-14.43,-17.16,-31.98,-6.65,43.15,336674327.98678017,31912258.0,0.029000001,-36.8,68700,1.19,10.46,-0.76,10.87,-4.51,11.7,-11.28,13.17,-21.18,3.83,12.58,67730,57900,77424,0.152
3707,VFS,Consumer Cyclical,Auto Manufacturers,NASDAQ,82.38,37.47,97.88,63.67,87.73,45.92,86.68,35.82,74.0,24.08,110.51,75.11,3.07,0.33,-1.92,1.99,2.33,-10.5,38.88,7112189381.153784,2339536010.0,0.0544,-41.91,199100,0.53,3.06,0.33,3.1,-0.97,3.14,-2.23,3.14,-2.23,3.39,57.73,326610,375843,351120,0.417
3708,FMN,Financial Services,Asset Management,NYSE,82.37,37.45,91.69,34.96,83.97,38.33,88.7,39.31,94.01,55.56,94.87,54.52,9.88,0.0,-2.76,-6.03,-10.64,-7.46,42.06,77874262.25825977,7818701.0,0.002,-15.99,97352,2.08,9.94,-0.6,9.92,-0.4,10.17,-2.85,10.64,-7.14,1.6,25.24,91845,46821,36423,-0.223
3709,GATX,Industrials,Rental & Leasing Services,NYSE,82.32,37.44,89.06,27.63,93.87,62.96,95.63,59.1,89.53,42.67,106.77,71.42,162.78,-3.61,-11.23,-7.61,-10.04,-4.73,45.52,6038224026.643005,35305058.0,0.1145,-20.81,219100,0.9,168.06,-3.14,172.01,-5.37,176.01,-7.52,176.86,-7.96,3.01,79.51,274570,242343,228326,0.348
3710,IRT,Real Estate,REIT - Residential,NYSE,82.31,37.42,94.16,45.04,80.47,32.0,85.11,33.49,91.48,50.4,84.62,32.51,14.64,0.97,1.44,-2.69,-12.26,-8.88,40.66,3420220089.770809,235714682.0,0.0935,-17.71,4895100,1.25,14.61,0.21,14.57,0.48,14.67,-0.2,15.66,-6.51,1.95,108.32,4280380,3922756,3487454,0.03
3711,RYAM,Basic Materials,Chemicals,NYSE,82.29,37.41,82.2,15.01,103.54,76.37,100.44,66.39,96.91,60.05,150.71,91.47,6.93,-5.59,-20.8,-17.01,-16.81,21.37,76.37,481626753.21873474,67644208.0,0.0752,-41.52,1435300,1.67,6.91,0.29,7.46,-7.1,8.03,-13.7,8.39,-17.4,5.64,97.26,1096450,860773,921128,0.106
3712,TRT,Technology,Semiconductor Equipment & Materials,NASDAQ,82.28,37.39,62.76,3.49,109.19,81.49,173.06,96.71,211.45,97.42,164.43,93.32,5.66,-9.15,-22.04,-43.57,-37.8,9.8,66.43,63969738.09542084,10384698.0,0.0,-73.53,182800,0.53,5.99,-5.51,6.19,-8.56,8.35,-32.22,9.73,-41.83,14.05,18.87,448700,348150,296548,0.399
3713,PEG,Utilities,Utilities - Regulated Electric,NYSE,82.26,37.37,99.04,73.03,73.78,24.89,83.93,32.09,89.37,42.13,89.57,42.73,71.84,5.82,7.93,-0.88,-6.76,-7.87,41.75,33920737682.064377,498321402.0,0.025,-18.02,5603000,1.42,70.41,2.03,68.87,4.31,69.45,3.44,72.12,-0.39,1.82,56.64,5018810,3955596,3421574,-0.089
3714,ARQQ,Technology,Software - Infrastructure,NASDAQ,82.25,37.36,85.05,19.31,92.43,60.06,107.44,75.49,66.42,18.49,54.89,10.75,18.43,-23.05,-20.29,-10.45,18.98,-27.7,25.47,428447373.4246845,17402411.0,0.1919,-70.27,828900,2.45,22.54,-18.23,23.41,-21.27,21.91,-15.88,21.55,-14.48,10.09,33.35,258370,338080,316472,8.299
3715,NI,Utilities,Utilities - Regulated Gas,NYSE,82.24,37.33,96.54,57.05,78.25,29.36,86.43,35.45,94.14,55.76,103.17,66.72,40.53,2.61,3.6,-2.15,-8.95,0.9,52.67,18909054889.35013,479560100.0,0.0394,-17.64,4013300,0.74,40.14,0.97,39.71,2.06,40.12,1.02,41.24,-1.72,1.65,59.96,5334340,5445226,5818568,0.046
3716,CRNT,Technology,Communication Equipment,NASDAQ,82.24,37.33,95.7,52.96,82.59,35.75,77.96,25.7,85.81,36.43,97.06,57.93,2.08,-0.95,-2.35,2.46,0.48,-2.8,47.78,198991522.2536316,91280512.0,0.0072000003,-36.78,269600,0.87,2.13,-2.35,2.1,-0.95,2.09,-0.48,2.12,-1.89,3.23,0.0,295560,309900,352934,0.142
3717,OCFC,Financial Services,Banks - Regional,NASDAQ,82.22,37.31,89.81,29.71,81.79,34.28,94.65,57.13,96.7,59.75,99.05,60.92,16.42,-1.5,-2.67,-12.38,-15.91,-15.77,34.29,1621706841.1810055,96645219.0,0.052800003,-20.33,1664900,1.57,16.65,-1.38,16.69,-1.62,17.37,-5.47,18.42,-10.86,2.38,63.99,1182700,1060173,1047272,0.322
3718,JD,Consumer Cyclical,Internet Retail,NASDAQ,82.21,37.29,96.5,56.87,85.76,41.79,85.67,34.37,84.07,34.41,91.28,47.66,26.91,2.05,0.6,-0.41,-16.43,-3.3,47.1,34815890927.31476,1350500000.0,0.0178,-25.54,6654700,1.08,26.52,1.47,26.5,1.55,26.78,0.49,28.64,-6.04,1.88,54.42,6508460,6133426,7225018,-0.029
3719,CWEN,Utilities,Utilities - Renewable,NYSE,82.2,37.27,95.06,49.32,77.86,29.04,85.86,34.66,89.55,42.77,108.09,72.92,29.95,2.78,2.6,-5.19,-1.22,-4.63,45.64,6022764189.002457,205274852.0,0.0792,-28.25,1432100,1.16,29.97,-0.07,29.65,1.01,30.1,-0.5,31.31,-4.34,2.43,38.43,1207940,1238690,1202296,0.227
3720,EMA,Utilities,Utilities - Regulated Electric,NYSE,82.19,37.23,90.67,31.9,85.21,40.63,91.46,45.32,98.7,63.05,99.24,61.15,45.85,-3.82,-4.0,-7.34,-14.3,-3.13,47.33,14752414125.061035,307150000.0,16.18,-17.37,2256500,4.21,46.84,-2.11,47.31,-3.09,48.11,-4.7,49.84,-8.01,1.69,58.06,859770,536563,549108,0.012
3721,CRSP,Healthcare,Biotechnology,NASDAQ,82.19,37.23,89.67,29.35,91.01,55.7,92.32,49.5,79.04,28.62,96.32,56.93,50.44,-9.02,-9.44,-3.48,5.88,-9.7,39.82,5359673785.298256,96692653.0,0.2258,-35.73,2863400,1.77,53.91,-6.44,54.46,-7.38,54.68,-7.75,54.89,-8.11,6.37,13.07,1607160,1617996,1575424,10.414
3722,LOB,Financial Services,Banks - Regional,NYSE,82.19,37.23,87.46,24.1,89.72,49.88,99.91,65.53,107.31,74.58,104.22,68.18,34.57,-5.0,-7.24,-11.72,-19.0,-4.96,45.21,1697683195.72464,46283620.0,0.0714,-22.37,391500,1.77,35.71,-3.19,36.2,-4.5,37.33,-7.39,39.66,-12.83,2.69,57.98,256050,221463,215824,0.122
3723,NCA,Financial Services,Asset Management,NYSE,82.19,37.23,92.59,38.09,83.59,37.6,90.46,42.84,93.51,54.67,95.23,55.11,8.2,-2.38,-0.85,-6.82,-8.38,-4.2,45.99,278887133.06700706,33121987.0,0.0008,-16.33,188110,1.4,8.28,-0.97,8.33,-1.56,8.49,-3.42,8.8,-6.82,2.01,18.3,206021,134327,102496,0.01
3724,NTST,Real Estate,REIT - Retail,NYSE,82.16,37.18,87.2,23.51,88.69,47.83,95.97,59.76,103.15,69.38,106.05,70.7,17.43,0.23,-5.63,-11.66,-19.6,3.17,57.41,1704005879.1623726,97260607.0,0.16219999,-22.43,1432400,0.94,17.45,-0.11,17.66,-1.3,18.22,-4.34,19.5,-10.62,2.1,117.69,2014510,1521360,1671300,0.269
3725,BWG,Financial Services,Asset Management,NYSE,82.16,37.18,92.72,38.64,83.43,37.31,88.94,39.84,88.91,40.7,94.02,53.09,6.95,0.29,-1.84,-6.18,-7.42,-9.17,40.29,115695747.79804802,16791836.0,0.0015,-20.75,129209,1.28,6.93,0.29,6.95,0.0,7.1,-2.11,7.38,-5.83,1.91,145.77,138760,101063,83996,
3726,PTA,Financial Services,Asset Management,NYSE,82.15,37.16,93.43,41.64,83.35,37.18,86.53,35.62,89.83,44.08,91.39,47.88,17.05,-2.79,-1.45,-4.16,-7.36,-6.34,43.39,958441770.1540604,55273458.0,0.0008,-17.63,261857,0.96,17.14,-0.53,17.26,-1.22,17.53,-2.74,18.08,-5.7,1.79,29.54,318375,271861,222263,
3727,BANC,Financial Services,Banks - Regional,NYSE,82.14,37.14,92.32,37.07,84.89,39.96,92.33,49.57,107.2,74.54,103.32,67.0,17.35,-0.8,-2.14,-5.09,-6.06,-10.23,39.22,2810510022.738743,158427850.0,0.0837,-20.88,3021700,1.17,17.45,-0.57,17.49,-0.8,17.88,-2.96,18.44,-5.91,2.37,77.78,2466200,2580236,2654448,
3728,KBR,Industrials,Engineering & Construction,NYSE,82.12,37.12,97.07,59.81,82.64,35.84,84.8,32.91,78.38,28.03,70.87,20.29,35.18,0.37,1.06,-3.05,-1.65,-11.51,37.85,4316560142.800541,126067755.0,0.0875,-26.91,2081000,1.43,34.49,2.0,34.72,1.32,35.41,-0.65,36.5,-3.62,3.22,134.97,1782880,1454976,1461826,0.016
3729,VOYG,Industrials,Aerospace & Defense,NYSE,82.11,37.11,86.0,21.01,98.99,70.82,92.8,51.6,72.79,23.03,69.9,19.52,28.18,-5.78,-9.39,-14.53,24.58,4.53,60.02,1887628844.424591,61029060.0,0.19139999,-46.22,1770100,0.8,29.79,-5.4,30.44,-7.42,32.58,-13.51,34.72,-18.84,8.48,41.0,2172890,2204040,2021692,0.155
3730,VKQ,Financial Services,Asset Management,NYSE,82.1,37.09,90.48,31.36,84.26,38.75,91.37,45.04,96.76,59.82,95.82,56.22,8.52,0.35,-2.74,-8.36,-11.64,-6.23,43.45,475885441.5088234,55335514.0,0.0109,-15.73,417634,1.35,8.49,0.35,8.51,0.12,8.85,-3.73,9.32,-8.58,2.97,75.18,431783,309901,252510,0.027
3731,EONR,Energy,Oil & Gas E&P,NYSE ARCA,82.08,37.07,90.96,32.67,91.74,58.37,103.3,70.91,98.61,62.82,136.69,87.91,0.49,-3.0,-6.01,-21.01,-4.53,26.96,79.92,27186706.668135166,55824861.0,0.0521,-68.99,421400,0.61,0.48,2.08,0.49,0.0,0.53,-7.55,0.51,-3.92,5.73,67.68,484800,691716,603330,-0.237
3732,TYL,Technology,Software - Application,NYSE,82.07,37.06,98.54,68.19,80.52,32.03,83.61,31.73,64.47,17.43,61.19,13.98,331.15,0.29,1.32,-1.29,-0.7,-27.68,25.49,13219803469.958862,40952274.0,0.095699996,-36.86,822600,0.93,329.11,0.62,326.02,1.57,333.02,-0.56,336.99,-1.73,3.12,62.48,585950,882156,844008,0.082
3733,INFQ,Technology,Software - Infrastructure,NYSE,82.06,37.02,83.26,16.67,94.17,63.54,85.71,34.47,57.1,12.95,98.92,60.75,11.16,-16.47,-21.96,-13.89,26.39,,,2963445147.833107,225357052.0,2.52,-47.56,8219800,1.03,12.23,-8.75,13.05,-14.48,13.23,-15.65,12.78,-12.68,7.0,23.03,6514400,7947423,8579440,1.565
3734,FPF,Financial Services,Asset Management,NYSE,82.06,37.02,91.9,35.7,82.72,36.03,89.41,40.83,90.82,48.34,93.79,52.64,15.72,0.0,-2.24,-7.38,-8.12,-8.69,40.88,965046515.3295565,60847827.0,0.0013,-18.8,339574,1.61,15.74,-0.13,15.83,-0.69,16.23,-3.14,16.91,-7.04,1.58,68.55,268187,210822,167043,
3735,LSF,Consumer Defensive,Packaged Foods,NYSE ARCA,82.06,37.02,77.56,10.25,92.11,59.34,114.27,82.07,115.28,81.52,61.23,14.0,3.08,-10.98,-12.5,-22.61,-26.67,40.0,85.32,38727379.06697464,11192884.0,0.012200001,-47.71,13400,0.55,3.2,-3.75,3.33,-7.51,3.54,-12.99,3.9,-21.03,8.21,28.85,22130,24320,32096,2.444
3736,HBAN,Financial Services,Banks - Regional,NASDAQ,82.05,36.99,93.0,39.91,81.28,33.4,92.02,47.85,98.67,62.96,94.93,54.56,15.37,1.18,0.39,-7.22,-7.83,-10.56,38.83,30972959128.43458,2020414826.0,0.025999999,-21.02,23990500,0.84,15.3,0.46,15.32,0.33,15.69,-2.04,16.48,-6.74,2.08,118.75,27794620,28714856,25830138,0.476
3737,NMZ,Financial Services,Asset Management,NYSE,82.03,36.97,93.07,40.31,81.97,34.62,86.81,35.95,92.85,53.35,92.37,49.75,9.03,1.46,-0.66,-4.68,-10.45,-6.93,42.78,1927540999.2218685,215367714.0,0.0007,-16.16,1565382,1.14,8.93,1.12,8.91,1.35,9.14,-1.2,9.63,-6.23,2.27,53.75,1854768,1378579,1079759,-0.013
3738,O,Real Estate,REIT - Retail,NYSE,82.02,36.96,90.94,32.62,84.37,38.92,91.54,45.56,95.89,58.52,100.52,62.86,54.17,1.2,-1.75,-8.61,-16.22,0.52,52.24,51218783136.9599,946218033.0,0.049099997,-20.27,12317000,1.51,53.93,0.45,54.27,-0.18,55.81,-2.94,59.29,-8.64,1.44,130.82,9442280,8169540,7096200,0.096
3739,CCJ,Energy,Uranium,NYSE,82.01,36.92,89.91,29.9,80.94,32.88,92.51,50.37,80.89,30.87,139.14,88.74,87.12,1.67,-1.13,-10.57,3.02,-3.19,47.28,37098699284.13412,435532979.0,3.25,-35.58,3430300,1.12,88.37,-1.41,87.62,-0.57,90.33,-3.55,94.78,-8.08,3.8,39.85,3366070,3059713,3031728,-0.072
3740,BKE,Consumer Cyclical,Apparel Retail,NYSE,82.01,36.92,101.53,81.83,78.2,29.29,74.63,22.66,77.46,27.33,108.79,73.61,43.31,1.45,4.26,7.5,-3.76,-16.69,33.51,2209883497.2017365,51512434.0,0.1254,-26.18,449300,0.92,43.35,-0.09,43.1,0.49,41.81,3.59,43.07,0.56,2.17,89.36,442920,488343,456138,0.046
3741,DMRC,Technology,Software - Application,NASDAQ,82.01,36.92,113.23,94.02,63.62,15.7,49.2,8.67,76.09,26.01,76.32,24.27,6.25,-7.54,26.52,25.75,-1.88,-22.84,28.57,143408151.370543,22548451.0,0.26479998,-64.22,154700,0.91,6.3,-0.79,5.89,6.11,5.44,14.89,6.08,2.8,9.07,28.21,211490,170740,149954,-0.078
3742,BMR,Technology,Software - Application,NASDAQ,81.99,36.87,114.9,94.87,65.09,16.83,61.94,14.16,57.79,13.25,70.24,19.71,1.54,20.31,18.46,16.67,29.41,-22.61,28.79,19567617.15189576,15529855.0,0.0276,-51.88,48900,0.92,1.47,4.76,1.37,12.41,1.33,15.79,1.3,18.46,5.71,34.12,65730,53353,55666,-0.172
3743,PXLW,Technology,Semiconductors,NASDAQ,81.99,36.87,87.29,23.71,100.1,72.28,86.76,35.89,76.59,26.48,66.75,17.57,6.04,-12.08,-15.64,-12.21,3.42,-5.18,44.95,42527234.05921316,6049393.0,0.013200001,-60.83,38000,1.47,6.58,-8.21,6.77,-10.78,6.88,-12.21,6.77,-10.78,5.17,19.22,21020,25816,31990,-0.597
3744,CARR,Industrials,Building Products & Equipment,NYSE,81.99,36.87,93.71,43.03,80.19,31.73,84.48,32.65,102.28,68.14,91.03,46.97,55.83,1.1,1.75,-1.43,-6.83,5.02,60.84,45781592028.6044,830580423.0,0.0234,-27.27,4950400,0.76,55.56,0.49,55.55,0.5,55.46,0.67,58.72,-4.92,2.27,114.17,5611800,6497366,6187460,0.039
3745,PZG,Basic Materials,Gold,NYSE ARCA,81.98,36.83,83.68,17.33,96.93,67.96,95.01,57.83,87.64,38.66,202.98,96.28,1.13,-7.38,-14.39,-13.74,6.6,-5.04,45.1,103458461.31106973,86215381.0,0.004,-58.3,223900,0.76,1.17,-3.42,1.21,-6.61,1.27,-11.02,1.36,-16.91,5.06,0.0,274510,295803,432288,
3746,WDI,Financial Services,Asset Management,NYSE,81.98,36.83,93.01,39.97,82.67,35.91,87.49,37.01,90.85,48.48,93.44,51.97,11.68,-1.02,-1.43,-4.65,-7.71,-6.82,42.9,615158594.4029007,51912116.0,0.17,-22.13,576587,1.59,11.74,-0.51,11.78,-0.85,11.95,-2.26,12.39,-5.73,1.31,72.01,419978,362869,306933,
3747,EOT,Financial Services,Asset Management,NYSE,81.96,36.81,91.21,33.3,82.78,36.13,89.16,40.32,94.77,56.86,93.62,52.4,15.13,-2.07,-2.13,-6.78,-11.88,-5.61,44.36,242655018.95769596,15624921.0,0.09,-15.94,109346,1.92,15.3,-1.11,15.31,-1.18,15.62,-3.14,16.53,-8.47,1.86,9.02,78064,56871,44424,
3748,OGS,Utilities,Utilities - Regulated Gas,NYSE,81.95,36.79,93.38,41.46,81.64,34.1,92.71,51.22,87.3,38.16,103.24,66.83,72.36,0.91,0.57,-7.42,-8.57,-4.33,45.88,4561479494.717789,62856270.0,0.0797,-20.29,1340000,2.19,72.66,-0.41,72.25,0.15,73.89,-2.07,77.17,-6.23,1.69,73.56,700950,611670,561730,-0.029
3749,RJET,Industrials,Airlines,NASDAQ,81.92,36.77,92.12,36.38,86.32,43.06,84.91,33.11,85.43,36.03,103.31,66.97,17.31,-3.78,-7.53,0.58,-4.1,-13.71,36.12,825895951.423645,46819500.0,0.0585,-35.17,79500,1.0,17.47,-0.92,17.86,-3.08,17.91,-3.35,18.81,-7.97,4.44,54.6,61380,79140,87506,0.408
3750,SEB,Industrials,Conglomerates,NYSE ARCA,81.92,36.77,96.18,55.32,78.59,29.74,83.66,31.83,99.87,64.77,140.5,89.15,4063.59,2.84,3.01,-5.45,-11.39,-8.3,41.19,3854435290.6604004,957795.0,0.08,-32.15,6600,0.55,4044.26,0.48,4025.6,0.94,4117.24,-1.3,4198.75,-3.22,3.2,27.5,8800,12006,14872,0.178
3751,AZIO,Technology,Software - Infrastructure,NASDAQ,81.9,36.74,78.56,11.09,108.03,80.7,68.78,18.41,91.2,49.67,71.11,20.59,1.06,-10.92,-18.15,-10.17,-32.05,154.81,97.13,20502451.88864708,17374960.0,0.0757,-78.41,94000,0.15,1.14,-7.02,1.19,-10.92,1.22,-13.11,1.3,-18.46,6.91,40.98,164560,616846,619286,1.543
3752,SINT,Healthcare,Medical Devices,NASDAQ,81.86,36.71,117.78,95.78,64.53,16.42,58.19,12.09,44.63,7.6,81.9,29.64,2.11,-0.94,12.83,13.44,39.74,-41.55,18.15,14728620.394231796,6664534.0,0.0155,-54.53,29200,0.45,2.17,-2.76,2.11,0.0,1.93,9.33,1.75,20.57,8.12,23.35,137880,64386,137442,1.993
3753,HEI,Industrials,Aerospace & Defense,NYSE,81.86,36.71,90.18,30.64,85.22,40.66,89.71,41.39,100.17,65.27,83.01,30.75,295.91,-3.42,-3.4,-5.31,-16.7,-9.35,40.16,42269628848.27301,139757405.0,0.0134000005,-21.48,506600,1.04,299.79,-1.29,302.88,-2.3,303.8,-2.6,331.13,-10.64,2.39,55.5,473000,487553,481152,0.231
3754,ONL,Real Estate,REIT - Office,NYSE,81.86,36.71,82.79,15.94,91.32,57.1,93.54,54.17,101.49,67.04,106.72,71.36,2.2,-9.84,-11.99,-13.71,-16.31,10.49,67.04,137477765.63618708,57044714.0,0.0346,-27.87,303300,1.19,2.31,-4.76,2.4,-8.33,2.44,-9.84,2.62,-16.03,3.4,13.39,217700,255043,280456,-0.074
3755,CNXC,Technology,Information Technology Services,NASDAQ,81.85,36.67,99.56,75.62,85.63,41.51,77.35,25.07,60.98,15.03,57.73,12.24,27.07,0.22,-7.89,0.26,1.92,-32.33,22.98,1518214670.7000732,60948000.0,0.1657,-45.17,1885700,0.95,25.77,5.04,25.82,4.84,27.38,-1.13,27.1,-0.11,9.04,71.53,2562050,1991566,1639300,-0.012
3756,AVA,Utilities,Utilities - Diversified,NYSE,81.82,36.66,93.79,43.33,81.32,33.51,87.98,37.84,96.54,59.51,96.21,56.72,35.48,1.17,1.23,-4.44,-13.37,-2.38,48.16,2957312542.317009,83752830.0,0.069,-18.44,830400,1.15,35.27,0.6,35.15,0.94,35.75,-0.76,37.13,-4.44,1.68,77.03,723960,720263,713016,0.005
3757,GRO,Basic Materials,Other Industrial Metals & Mining,NYSE ARCA,81.75,36.63,89.34,28.32,85.59,41.46,92.96,52.21,80.0,29.83,119.53,81.29,2.14,1.42,-7.76,-11.93,2.88,9.18,65.73,133184368.15765142,61946215.0,0.0064999997,-46.37,153300,0.8,2.2,-2.73,2.21,-3.17,2.3,-6.96,2.32,-7.76,6.17,41.62,189800,192710,191364,
3758,LINE,Real Estate,REIT - Industrial,NASDAQ,81.75,36.63,89.38,28.5,87.31,45.06,87.58,37.16,107.07,74.4,83.89,31.82,34.44,1.38,-3.34,-6.47,-21.13,7.05,63.36,7818337728.840351,227674365.0,0.0731,-24.72,1409600,1.37,34.48,-0.12,34.55,-0.32,35.8,-3.8,38.27,-10.01,2.79,103.91,1310230,1027343,961612,0.008
3759,FURY,Basic Materials,Gold,NYSE ARCA,81.74,36.59,90.14,30.51,83.64,37.67,90.57,43.15,75.73,25.68,95.62,55.93,0.52,-1.14,-4.95,-12.48,-2.81,-14.36,35.4,97537818.2108903,190132195.0,0.0026,-49.02,252800,1.05,0.51,1.96,0.52,0.0,0.55,-5.45,0.58,-10.34,4.15,69.54,223950,240413,266598,
3760,VERU,Healthcare,Biotechnology,NASDAQ,81.74,36.59,91.39,33.86,82.16,34.95,75.46,23.31,70.99,21.58,57.83,12.3,2.42,-4.72,-3.59,-3.2,9.5,4.31,59.6,42796303.03739548,17050320.0,0.09729999,-66.98,147600,0.65,2.48,-2.42,2.52,-3.97,2.47,-2.02,2.54,-4.72,4.84,25.61,256490,226723,239188,
3761,INDO,Energy,Oil & Gas E&P,NYSE ARCA,81.74,36.59,95.87,53.63,83.81,37.9,93.96,55.33,77.98,27.68,93.53,52.11,2.81,4.46,-2.43,-11.36,-2.09,-3.44,46.85,41082863.97392273,15386840.0,0.0438,-66.94,117100,0.55,2.76,1.81,2.73,2.93,2.85,-1.4,2.89,-2.77,3.32,42.88,135680,212903,186646,0.664
3762,TDS,Communication Services,Telecom Services,NYSE,81.73,36.56,94.72,47.55,82.28,35.11,85.38,33.89,72.87,23.09,102.25,65.3,34.13,-3.04,-6.06,-8.74,0.64,-11.27,38.08,4073955169.7387695,115116000.0,0.00059999997,-30.52,2597100,1.62,35.03,-2.57,34.9,-2.21,35.93,-5.01,35.18,-2.98,3.16,34.28,1840550,1606190,1438074,0.036
3763,AWP,Financial Services,Asset Management,NYSE,81.72,36.53,88.27,25.6,87.79,46.01,92.38,49.82,96.63,59.66,99.91,62.19,9.96,-2.26,-6.57,-9.44,-16.54,-4.98,45.18,314110495.8763962,30855647.0,2.49,-21.64,172069,1.22,10.06,-0.99,10.25,-2.83,10.56,-5.68,11.12,-10.43,1.85,62.94,172256,141008,129215,-0.107
3764,OTEX,Technology,Software - Application,NASDAQ,81.72,36.53,99.82,76.6,79.24,30.51,81.05,28.94,73.48,23.67,70.59,20.02,23.24,3.75,2.56,2.79,-9.18,-27.97,25.28,5391957472.576981,242662360.0,0.0661,-41.75,1283800,1.0,22.76,2.11,22.57,2.97,22.87,1.62,23.74,-2.11,2.82,79.3,1149640,1288626,1477970,0.029
3765,MUX,Basic Materials,Other Precious Metals & Mining,NYSE,81.71,36.49,88.71,26.66,94.56,64.04,97.38,61.99,83.41,33.72,157.35,92.41,17.32,-1.93,-7.18,-11.41,3.4,-10.49,38.9,1088500946.7961388,61358566.0,0.21059999,-41.68,731900,0.59,17.63,-1.76,17.88,-3.13,18.44,-6.07,19.11,-9.37,4.65,48.43,1609080,1238686,1189688,0.268
3766,APAM,Financial Services,Asset Management,NYSE,81.71,36.49,87.29,23.71,87.39,45.23,98.78,63.86,89.31,41.88,83.76,31.65,33.65,-7.04,-5.95,-15.24,-14.97,-12.43,36.96,2476355658.8723717,70996433.0,0.0686,-27.68,1429800,1.36,34.34,-2.01,35.24,-4.51,36.09,-6.76,39.38,-14.55,2.92,64.1,1477980,1050923,947996,0.089
3767,RAPP,Healthcare,Biotechnology,NASDAQ,81.71,36.49,73.45,7.39,93.09,61.49,135.37,91.66,141.19,91.71,200.66,96.13,29.85,-9.08,-11.76,-31.32,-27.09,-3.24,47.22,1543461372.7691345,47978286.0,0.074200004,-43.6,236800,0.56,31.24,-4.45,32.3,-7.59,36.65,-18.55,42.67,-30.04,8.5,15.76,406090,425793,366000,
3768,LGCY,Consumer Defensive,Education & Training Services,NYSE ARCA,81.7,36.46,92.63,38.28,81.45,33.82,79.91,27.88,91.54,50.52,130.17,85.72,10.1,5.21,-5.08,-1.08,-17.42,-3.53,46.76,122750819.06242752,12813238.0,0.0087,-31.29,72600,1.14,9.87,2.33,9.65,4.66,10.0,1.0,10.56,-4.36,5.89,98.09,98010,63660,55192,0.12
3769,TNL,Consumer Cyclical,Travel Services,NYSE,81.69,36.43,92.19,36.67,80.3,31.84,87.75,37.36,99.57,64.38,122.15,82.72,62.61,-0.56,-0.35,-3.32,-18.69,-10.83,38.56,3855868675.989151,61282085.0,0.1495,-22.7,673100,0.97,62.59,0.03,62.93,-0.51,63.51,-1.42,68.28,-8.3,2.68,37.52,679930,696693,689662,0.044
3770,GBAB,Financial Services,Asset Management,NYSE,81.69,36.43,92.77,38.9,82.19,34.96,87.42,36.82,89.15,41.27,90.87,46.59,12.48,0.32,-1.65,-6.54,-7.42,-10.29,39.14,348736104.90660095,27699452.0,0.15,-21.01,115644,0.78,12.48,0.0,12.49,-0.08,12.79,-2.42,13.3,-6.17,1.55,87.98,192654,147554,131970,
3771,DTE,Utilities,Utilities - Regulated Electric,NYSE,81.68,36.41,95.06,49.32,76.88,27.96,88.45,38.76,95.22,57.63,97.22,58.15,127.1,3.11,4.89,-4.52,-10.63,2.08,54.89,25896559552.01561,208088069.0,0.028499998,-18.39,1296300,0.74,126.41,0.55,124.18,2.35,126.06,0.83,132.41,-4.01,1.71,45.49,1972430,1760246,1580540,-0.015
3772,PRG,Industrials,Rental & Leasing Services,NYSE,81.67,36.39,82.79,15.94,82.04,34.78,102.51,69.83,138.42,90.93,97.04,57.86,30.9,-0.8,-5.04,-16.82,-27.53,4.44,59.86,1234780623.0,39831633.0,0.09810001,-35.26,1123800,1.67,30.87,0.1,31.25,-1.12,33.39,-7.46,37.75,-18.15,4.17,68.37,719930,672753,627888,0.223
3773,SONM,Financial Services,Capital Markets,NASDAQ,81.66,36.38,103.49,85.49,70.56,21.6,53.51,10.08,70.22,20.76,33.25,4.58,3.8,-8.44,-3.92,19.72,22.03,-32.95,22.65,6072937.086439133,1488465.0,0.0168,-77.61,6500,0.37,3.95,-3.8,4.09,-7.09,3.75,1.33,3.58,6.15,10.74,44.09,13670,17510,15508,
3774,CNDT,Technology,Information Technology Services,NASDAQ,81.65,36.36,96.16,55.21,92.16,59.48,90.45,42.79,70.03,20.67,65.35,16.65,1.57,-4.27,-3.68,-0.63,-3.68,-23.79,27.93,256609316.29209518,155520800.0,0.0399,-43.93,1093400,0.99,1.62,-3.09,1.61,-2.48,1.61,-2.48,1.64,-4.27,5.0,31.82,1190850,1104320,1056774,-0.119
3775,WLDN,Industrials,Engineering & Construction,NASDAQ,81.63,36.34,92.38,37.21,80.33,31.89,78.41,26.13,73.74,23.93,88.19,37.45,74.71,1.4,-6.18,-8.81,10.34,-32.92,22.7,1120167986.0853958,15232091.0,0.1375,-45.47,259600,1.38,73.83,1.19,74.86,-0.2,77.69,-3.84,80.74,-7.47,3.34,82.61,186670,188423,227862,0.332
3776,MDRR,Real Estate,Real Estate Services,NASDAQ,81.62,36.33,86.36,21.67,91.62,58.06,92.48,50.19,88.98,40.93,88.36,37.95,10.51,2.2,-11.42,-12.4,-10.34,-17.78,32.56,16952684.75151062,1628500.0,0.0061000003,-27.62,300,0.08,10.23,2.74,10.53,-0.19,11.09,-5.23,11.53,-8.85,3.91,1.22,1050,3560,4574,-0.266
3777,NEA,Financial Services,Asset Management,NYSE,81.61,36.3,92.47,37.7,81.18,33.3,88.31,38.5,93.81,55.32,94.83,54.48,9.99,-0.89,0.2,-6.91,-9.94,-8.85,40.7,3048466571.5509987,302127505.0,0.0091,-16.05,4081319,1.75,9.96,0.3,9.93,0.6,10.19,-1.96,10.74,-6.98,2.34,85.63,3268751,2330523,1741472,-0.014
3778,ADT,Industrials,Security & Protection Services,NYSE,81.61,36.3,95.16,49.85,81.31,33.49,90.4,42.68,79.02,28.59,79.16,26.75,6.5,4.33,2.2,-7.28,-11.59,-18.07,32.25,4565995300.0,730559248.0,0.0563,-26.85,9187800,1.17,6.32,2.85,6.27,3.67,6.56,-0.91,7.05,-7.8,2.82,120.17,7668930,7866860,7732406,0.02
3779,AXP,Financial Services,Credit Services,NYSE,81.58,36.26,93.95,44.07,81.06,33.19,90.57,43.15,97.25,60.6,93.26,51.64,308.1,1.99,0.8,-3.93,-7.06,-17.5,32.73,204470310411.38718,675309833.0,0.020599999,-20.49,5299800,1.69,304.74,1.1,305.05,1.0,309.98,-0.61,325.28,-5.28,1.75,141.6,3455540,3142413,2836542,0.128
3780,PAYP,Technology,Software - Infrastructure,NASDAQ,81.58,36.26,93.16,40.63,86.82,43.9,101.06,67.53,71.65,22.1,105.3,69.7,15.45,2.05,-6.76,-15.3,4.11,,,10102975625.861921,677143135.0,0.0156,-37.93,625900,0.84,15.3,0.98,15.57,-0.77,16.66,-7.26,16.02,-3.56,3.67,68.77,696540,748663,779908,0.27
3781,BBIO,Healthcare,Biotechnology,NASDAQ,81.58,36.26,86.57,22.01,88.83,48.07,101.75,68.63,113.83,80.37,129.7,85.57,65.04,-2.79,-1.87,-10.29,-22.15,-14.76,34.95,13146904048.25,195492997.0,0.123100005,-30.38,3362000,1.25,66.38,-2.02,66.28,-1.87,67.55,-3.72,74.87,-13.13,3.72,55.36,2897960,2697150,2489598,1.204
3782,NZF,Financial Services,Asset Management,NYSE,81.57,36.23,91.73,35.11,82.79,36.16,86.39,35.36,93.54,54.72,95.63,55.97,10.82,-0.55,-2.26,-5.25,-10.48,-8.22,41.3,2152401374.051569,196386986.0,0.0034999999,-16.9,1365169,1.08,10.82,0.0,10.82,0.0,11.1,-2.52,11.68,-7.36,2.25,81.99,1840536,1263588,967849,-0.018
3783,KROS,Healthcare,Biotechnology,NASDAQ,81.53,36.21,100.04,77.45,78.86,30.02,81.34,29.31,69.57,20.39,67.25,17.99,11.64,3.37,0.78,4.21,16.75,-42.55,17.34,225236848.8728752,19827188.0,0.0779,-48.38,245700,1.33,11.35,2.56,11.35,2.56,11.32,2.83,11.04,5.43,4.45,125.5,180530,184286,196540,
3784,SRRK,Healthcare,Biotechnology,NASDAQ,81.51,36.18,77.93,10.56,95.95,66.48,124.65,88.26,113.61,80.21,120.83,82.08,42.2,-8.58,-13.19,-24.2,-13.98,-3.87,46.34,5700769217.666634,121785282.0,0.1989,-31.67,3303900,1.64,43.41,-2.79,45.71,-7.68,48.23,-12.5,51.6,-18.22,5.66,45.23,1818230,2012016,1665824,
3785,EDUC,Communication Services,Publishing,NASDAQ,81.51,36.18,94.63,47.08,82.37,35.23,92.12,48.37,98.51,62.62,89.93,44.11,1.3,0.0,0.0,-0.76,-6.47,-2.26,48.35,11082452.79349804,8524964.0,0.0031,-24.86,18000,0.36,1.3,0.0,1.3,0.0,1.3,0.0,1.34,-2.99,2.91,79.25,10280,49836,78944,-0.331
3786,DERM,Healthcare,Drug Manufacturers - Specialty & Generic,NASDAQ,81.51,36.18,85.33,19.73,87.52,45.49,91.46,45.32,101.8,67.44,65.36,16.68,5.95,-11.46,-5.85,-16.08,-3.25,-24.4,27.53,186563254.71836329,28224395.0,0.1847,-37.73,250100,1.5,6.27,-5.1,6.4,-7.03,6.76,-11.98,6.94,-14.27,6.87,15.9,160380,166296,192154,0.233
3787,CAG,Consumer Defensive,Packaged Foods,NYSE,81.5,36.14,90.2,30.7,87.04,44.49,88.78,39.51,81.19,31.1,72.61,21.66,13.57,2.8,-7.5,-7.69,-11.45,-17.3,32.86,6378217703.213763,477411517.0,0.1092,-33.22,18226000,1.35,13.36,1.57,13.61,-0.29,14.27,-4.91,15.02,-9.65,3.4,82.48,18581300,13499933,12300846,-0.014
3788,POET,Technology,Semiconductors,NASDAQ,81.5,36.14,86.98,22.75,96.72,67.64,87.88,37.62,100.73,66.0,102.66,65.91,7.04,-7.85,-9.16,-7.37,10.52,3.83,58.8,1348122498.9183578,173058088.0,0.132,-66.17,11921000,1.44,7.55,-6.75,7.57,-7.0,7.66,-8.09,7.94,-11.34,6.48,48.2,8094660,8294163,9695086,1.123
3789,ANIX,Healthcare,Biotechnology,NASDAQ,81.49,36.11,96.12,55.04,83.9,38.22,84.28,32.48,94.55,56.38,77.72,25.58,2.91,5.05,4.68,5.82,-16.38,-11.82,37.43,102553217.55766726,34763802.0,0.032,-46.7,259600,0.72,2.96,-1.69,2.89,0.69,2.81,3.56,3.13,-7.03,5.08,33.82,322110,359833,300980,
3790,ISD,Financial Services,Asset Management,NYSE,81.47,36.09,94.89,48.4,80.79,32.53,85.68,34.4,85.85,36.5,89.33,41.9,11.59,-1.02,0.26,-4.69,-5.09,-13.93,35.83,390125226.54012966,33344037.0,0.46,-21.64,123374,0.69,11.59,0.0,11.64,-0.43,11.79,-1.7,12.06,-3.9,1.68,56.41,180277,178245,166833,
3791,SNY,Healthcare,Drug Manufacturers - General,NASDAQ,81.47,36.09,92.88,39.46,83.16,36.95,88.57,39.06,85.24,35.79,88.73,39.65,40.23,-1.08,-1.73,-5.83,-10.3,-11.87,37.37,96933661869.51657,2428198054.0,0.0044,-23.63,2995700,1.08,39.88,0.88,40.43,-0.49,41.49,-3.04,43.02,-6.49,1.85,87.16,3467990,2765006,2826166,0.146
3792,ADC,Real Estate,REIT - Retail,NYSE,81.44,36.04,91.25,33.45,82.81,36.21,89.5,40.96,95.11,57.43,97.22,58.15,65.82,1.21,-1.64,-7.57,-17.22,-5.4,44.67,8194108601.182022,124379310.0,0.0,-19.81,1718800,1.08,65.65,0.26,66.17,-0.53,67.44,-2.4,71.18,-7.53,1.52,139.24,1785730,1587603,1587824,0.168
3793,ERH,Financial Services,Asset Management,NYSE ARCA,81.44,36.04,93.89,43.86,80.85,32.66,90.47,42.88,93.13,54.12,99.72,61.89,10.53,3.13,1.84,-6.58,-9.0,-4.36,45.83,90706297.51304245,8832161.0,0.45,-19.43,33286,1.14,10.4,1.25,10.32,2.03,10.56,-0.28,11.08,-4.96,1.82,64.45,34088,29236,28141,-0.06
3794,GF,Financial Services,Asset Management,NYSE,81.44,36.04,90.08,30.31,87.02,44.44,92.97,52.29,88.87,40.54,94.34,53.63,10.26,-3.93,-5.09,-9.92,-8.56,-7.76,41.87,172046185.36044598,16307695.0,0.0001,-17.85,21783,0.9,10.41,-1.44,10.55,-2.75,10.8,-5.0,11.2,-8.39,2.04,7.16,23328,24329,24617,-0.054
3795,KNSL,Financial Services,Insurance - Property & Casualty,NYSE,81.42,36.01,94.87,48.21,84.71,39.63,94.08,55.52,70.63,21.15,73.19,22.01,339.65,1.53,-0.25,-6.36,-9.77,-14.75,34.99,7510502318.805695,22778425.0,0.1084,-29.97,207300,1.0,333.79,1.76,330.49,2.77,344.18,-1.32,361.51,-6.05,2.87,95.37,243500,207716,216076,0.168
3796,RDNW,Consumer Cyclical,Auto & Truck Dealerships,NASDAQ,81.41,35.99,80.46,13.05,91.53,57.75,85.29,33.73,119.3,83.97,163.71,93.22,4.81,-9.33,-20.89,-13.64,-27.45,-14.87,34.88,207599011.29595184,38587176.0,0.123100005,-43.74,57100,0.82,4.98,-3.41,5.42,-11.25,5.61,-14.26,5.92,-18.75,9.38,33.25,73910,69866,71656,-0.01
3797,SBAC,Real Estate,REIT - Specialty,NASDAQ,81.4,35.97,94.02,44.36,81.9,34.47,86.12,35.01,81.88,31.96,96.33,56.95,170.01,7.59,2.34,-6.29,-8.11,-8.75,40.8,16813905136.659393,106088110.0,0.0496,-24.26,1114200,1.19,166.08,2.37,164.09,3.61,171.55,-0.9,178.87,-4.95,2.96,59.8,915840,938210,983524,0.023
3798,TAP,Consumer Defensive,Beverages - Brewers,NYSE,81.4,35.97,97.77,63.04,77.04,28.16,81.84,29.89,77.49,27.34,79.96,27.73,37.92,2.18,4.32,-1.35,-10.29,-17.74,32.59,6872692084.182449,186453933.0,0.2765,-30.83,3807500,0.78,37.03,2.4,36.7,3.32,37.42,1.34,39.6,-4.24,2.54,110.96,3552800,4862470,4013644,-0.033
3799,SUIG,Financial Services,Credit Services,NASDAQ,81.36,35.94,110.19,92.53,87.67,45.83,51.75,9.55,57.71,13.22,69.57,19.29,1.36,-13.92,-8.72,38.07,56.32,-30.96,23.74,125956708.9813261,76802872.0,0.0148,-71.13,1861500,1.8,1.56,-12.82,1.57,-13.38,1.37,-0.73,1.12,21.43,12.83,34.4,1112440,1032180,796890,-0.617
3800,OXSQ,Financial Services,Asset Management,NASDAQ,81.35,35.93,96.45,56.66,85.79,41.88,83.98,32.17,82.45,32.61,92.6,50.31,1.28,-0.78,0.79,-1.88,-5.79,-11.54,37.78,137865948.91845584,107707775.0,0.0425,-37.56,829300,0.66,1.27,0.79,1.28,0.0,1.28,0.0,1.33,-3.76,1.84,127.27,1064180,1249536,1524910,-0.013
3801,CBRE,Real Estate,Real Estate Services,NYSE,81.34,35.91,92.0,36.12,83.93,38.25,88.62,39.17,84.05,34.38,90.65,46.12,131.08,0.42,-3.99,-5.01,-11.3,-18.9,31.37,37523167645.06821,289575298.0,0.0148,-24.78,2252700,1.11,129.66,1.1,130.3,0.6,135.1,-2.98,142.81,-8.21,3.18,123.26,2208850,2023600,1779472,0.155
3802,KREF,Real Estate,REIT - Mortgage,NYSE,81.33,35.89,92.24,36.83,77.57,28.74,88.58,39.09,90.69,47.77,74.22,22.73,6.37,2.74,3.38,-9.11,-10.62,-16.73,33.48,360840150.7417145,58577948.0,0.1494,-30.04,986700,1.17,6.22,2.41,6.22,2.41,6.47,-1.55,6.99,-8.87,4.06,89.02,1054880,841190,818100,
3803,EVH,Healthcare,Health Information Services,NYSE,81.33,35.89,92.25,36.89,70.84,21.9,85.42,33.96,121.13,84.93,43.84,7.19,3.96,16.81,12.5,-5.04,20.0,-0.75,50.56,391185303.41287136,113059335.0,0.1258,-53.19,2882600,1.23,3.8,4.21,3.67,7.9,3.74,5.88,4.0,-1.0,5.6,54.12,2370550,2340583,2806276,0.469
3804,XBIT,Healthcare,Biotechnology,NASDAQ,81.32,35.86,97.7,62.7,79.33,30.65,81.3,29.22,79.62,29.29,80.72,28.41,2.2,0.0,1.85,1.38,-2.22,-12.0,37.26,66768132.63452196,30487731.0,0.013300001,-36.05,13000,0.28,2.18,0.92,2.18,0.92,2.18,0.92,2.23,-1.35,1.53,148.94,32140,46090,38570,
3805,KMRK,Consumer Cyclical,Leisure,NASDAQ,81.31,35.84,109.34,91.88,74.66,25.9,54.23,10.28,46.43,8.32,194.52,95.83,1.14,6.05,20.63,21.02,8.57,11.76,68.4,24264999.496936798,21100000.0,0.0019,-82.7,63200,0.47,1.13,0.88,1.09,4.59,1.03,10.68,1.1,3.64,10.23,68.59,371960,133310,105310,-0.15
3806,NXE,Energy,Uranium,NYSE,81.29,35.82,86.0,21.01,85.5,41.24,95.99,59.84,83.96,34.32,143.3,89.84,8.67,-2.25,-6.47,-15.08,-2.91,-5.04,45.1,6034554909.0,670506101.0,8.89,-37.89,7360600,1.69,9.03,-3.99,9.04,-4.09,9.34,-7.17,9.95,-12.86,4.36,34.4,4957340,4364816,4710680,
3807,ZOOZ,Industrials,Electrical Equipment & Parts,NASDAQ,81.29,35.82,95.38,51.13,90.41,52.94,90.36,42.56,45.96,8.06,34.38,4.86,6.5,-13.22,-14.59,-15.8,28.21,-18.75,31.55,60873020.03614426,8009608.0,0.0017,-86.51,8100,0.25,7.06,-7.93,7.3,-10.96,7.39,-12.04,6.53,-0.46,6.58,72.47,10680,32136,22540,
3808,APC,Energy,Oil & Gas Refining & Marketing,NASDAQ,81.27,35.79,89.39,28.53,85.92,42.22,93.95,55.29,98.03,61.87,92.79,50.76,16.28,8.32,-2.92,-13.13,-16.46,,,737338456.5,47570223.0,0.067600004,-25.05,77600,0.47,16.02,1.62,15.74,3.43,17.05,-4.52,18.06,-9.86,4.91,41.32,214470,164710,165688,0.274
3809,FTW,Energy,Oil & Gas E&P,NYSE,81.25,35.78,87.33,23.89,84.65,39.45,88.68,39.26,103.23,69.52,91.12,47.23,9.52,-4.42,-7.21,-9.85,-14.73,-5.47,44.58,293482727.7510071,29825480.0,6.58,-44.65,189100,1.96,9.67,-1.55,9.88,-3.64,10.09,-5.65,10.6,-10.19,2.23,23.58,130350,96706,95664,0.263
3810,XBP,Technology,Software - Infrastructure,NASDAQ,81.22,35.75,105.75,88.44,79.21,30.41,67.58,17.6,50.97,10.06,33.08,4.5,3.21,2.23,-4.75,13.83,-5.59,-50.23,14.44,44805587.81996918,14156584.0,0.0042,-62.46,7700,0.35,3.16,1.58,3.19,0.63,3.15,1.9,3.02,6.29,6.5,28.75,10290,22240,19930,0.047
3811,NXT,Technology,Solar,NASDAQ,81.22,35.75,96.72,58.14,73.9,25.01,76.1,23.87,107.62,74.85,145.69,90.33,85.26,7.27,6.61,4.81,-8.0,-3.88,46.32,12790798999.041748,151729520.0,0.0796,-47.73,1838900,0.88,85.33,-0.08,82.34,3.55,81.87,4.14,87.72,-2.8,4.18,56.96,2029330,2079183,2294848,0.082
3812,CVNA,Consumer Cyclical,Auto & Truck Dealerships,NYSE,81.2,35.72,91.51,34.25,84.13,38.52,91.06,44.16,83.68,33.99,103.4,67.19,63.2,0.25,-1.53,-10.07,-4.7,-29.81,24.42,45909070114.10158,719916415.0,0.1163,-35.1,7685800,1.07,63.47,-0.43,63.21,-0.02,65.06,-2.86,68.68,-7.98,4.77,58.99,8317640,7175013,8541094,0.524
3813,ISOU,Energy,Uranium,NYSE ARCA,81.2,35.72,86.17,21.24,86.13,42.6,103.91,71.75,87.57,38.53,126.6,84.74,9.26,4.04,-1.91,-16.35,-0.75,9.98,66.62,598401449.7386703,65256428.0,14.52,-31.81,153200,0.85,9.6,-3.54,9.37,-1.17,9.79,-5.41,10.39,-10.88,6.49,28.28,155450,179343,152006,
3814,SOGP,Communication Services,Internet Content & Information,NASDAQ,81.17,35.7,89.3,28.18,78.72,29.88,82.64,30.71,85.74,36.33,275.66,97.75,10.52,-3.04,-8.68,-11.37,-11.67,-14.51,35.29,45281599.977716446,4188862.0,0.042600002,-59.32,4500,0.47,10.87,-3.22,11.24,-6.41,11.45,-8.12,11.87,-11.37,5.06,3.75,7220,9496,14496,0.245
3815,PCQ,Financial Services,Asset Management,NYSE,81.16,35.68,90.85,32.28,83.24,36.99,89.19,40.38,93.31,54.38,92.43,49.87,7.69,-0.65,-3.03,-7.73,-9.83,-9.13,40.35,147292564.34440613,18981000.0,1.2,-16.32,424789,1.71,7.71,-0.26,7.71,-0.26,7.97,-3.51,8.36,-8.01,2.03,41.03,390538,248516,202843,1.937
3816,KEQU,Consumer Cyclical,"Furnishings, Fixtures & Appliances",NASDAQ,81.11,35.66,93.69,42.9,81.76,34.22,80.47,28.48,83.82,34.15,78.07,25.91,33.82,-0.27,-1.34,-2.08,-7.65,-11.67,37.56,98905053.07820511,2895347.0,0.0188,-27.38,5500,1.24,33.87,-0.15,33.98,-0.47,34.38,-1.63,35.77,-5.45,1.66,82.04,3730,4443,3868,-0.067
3817,FCNCO,Financial Services,Banks - Regional,NASDAQ,81.1,35.64,90.6,31.69,85.7,41.63,86.66,35.76,86.06,36.8,89.64,43.14,18.39,-3.21,-5.93,-6.36,-9.3,-9.84,39.71,,,0.27,-21.51,36400,1.69,18.72,-1.76,18.93,-2.85,19.38,-5.11,19.92,-7.68,1.9,25.76,21710,21553,18978,0.085
3818,RFMZ,Financial Services,Asset Management,NYSE,81.1,35.64,88.99,27.44,84.94,40.03,91.64,45.9,97.21,60.52,94.31,53.57,11.34,-4.06,-4.55,-10.28,-12.75,-7.14,42.38,287594260.3884039,24351757.0,0.5,-17.23,158208,1.6,11.57,-1.99,11.6,-2.24,11.97,-5.26,12.58,-9.86,2.03,13.01,153000,98860,81184,
3819,HUBS,Technology,Software - Application,NYSE,81.09,35.61,102.35,83.29,76.42,27.46,78.26,25.95,61.37,15.37,48.87,8.8,231.84,6.62,4.64,3.71,-7.68,-40.47,18.76,10697796039.658173,49866201.0,0.085,-53.91,1891700,1.17,220.87,4.97,214.1,8.29,221.14,4.84,230.14,0.74,5.37,103.09,1415420,1619863,1819378,0.198
3820,AKR,Real Estate,REIT - Retail,NYSE,81.07,35.6,89.86,29.81,84.96,40.07,89.6,41.14,96.97,60.14,99.4,61.35,18.18,-2.68,-4.37,-7.77,-18.82,-8.13,41.47,2558508495.605793,137332722.0,0.21190001,-21.06,1293300,0.97,18.34,-0.87,18.62,-2.36,18.96,-4.11,19.99,-9.05,1.68,65.41,1294680,1336140,1391220,0.134
3821,UPXI,Communication Services,Internet Content & Information,NASDAQ,81.06,35.58,102.64,83.92,84.4,39.01,70.04,19.13,36.37,5.36,40.82,6.46,1.08,-6.9,-7.69,8.65,36.02,-48.08,15.23,96059891.05654407,82102474.0,0.1917,-86.06,2562600,0.56,1.12,-3.57,1.15,-6.09,1.13,-4.42,1.01,6.93,7.76,71.55,2949760,4540726,3514998,-0.266
3822,ALG,Industrials,Farm & Heavy Construction Machinery,NYSE,81.05,35.55,93.91,43.94,81.79,34.28,91.17,44.33,78.8,28.36,80.83,28.58,155.39,-0.62,-2.29,-7.11,-0.99,-10.11,39.4,1959647007.7928925,12170965.0,0.059899997,-29.33,168900,0.9,159.56,-2.61,158.49,-1.96,162.71,-4.5,164.49,-5.53,3.39,55.27,172260,187263,175840,0.076
3823,NBH,Financial Services,Asset Management,NYSE ARCA,81.05,35.55,90.14,30.51,83.78,37.86,88.52,38.94,94.48,56.27,93.61,52.36,8.88,-2.09,-4.16,-8.1,-12.95,-8.2,41.34,271005228.55160713,29618059.0,0.0021,-17.16,313777,2.4,8.98,-1.11,9.04,-1.77,9.31,-4.62,9.75,-8.92,2.09,16.14,183137,130689,109653,0.018
3824,TNDM,Healthcare,Medical Devices,NASDAQ,81.04,35.53,91.23,33.36,78.61,29.78,101.34,68.04,76.67,26.62,105.92,70.51,15.68,-5.0,2.99,-14.39,-15.68,-28.98,24.84,1148048665.5,69578707.0,0.2401,-47.12,2899000,1.42,16.14,-2.85,16.22,-3.33,16.62,-5.66,19.39,-19.13,6.6,53.65,2282370,2040923,2107610,0.058
3825,IMCR,Healthcare,Biotechnology,NASDAQ,81.01,35.51,86.63,22.17,86.21,42.84,95.82,59.48,94.56,56.44,85.32,33.16,29.09,-4.75,-7.03,-13.37,-12.96,-19.22,31.1,1530023863.921608,51498617.0,0.1676,-28.55,424500,1.05,29.47,-1.29,30.04,-3.16,31.15,-6.61,33.6,-13.42,3.9,37.95,469330,404950,415084,0.183
3826,NSSC,Industrials,Security & Protection Services,NASDAQ,81.0,35.5,96.99,59.36,81.02,33.05,83.11,31.23,81.0,30.93,125.0,84.02,35.16,-2.85,-1.46,-0.51,-2.86,-17.21,32.98,1293744300.7960358,35768437.0,0.0759,-32.08,426900,1.07,35.88,-2.01,35.75,-1.65,35.84,-1.9,36.82,-4.51,2.41,53.08,314760,399120,401066,0.1
3827,WAFD,Financial Services,Banks - Regional,NASDAQ,80.99,35.48,86.89,22.6,82.48,35.5,94.76,57.34,111.88,78.92,106.67,71.28,29.74,-0.8,-3.79,-12.79,-18.23,-8.66,40.9,2279554759.5336914,74011520.0,0.088199995,-24.69,1016600,0.79,30.02,-0.93,30.25,-1.69,31.44,-5.41,34.38,-13.5,2.57,66.67,1323480,1287963,972126,0.056
3828,RVP,Healthcare,Medical Instruments & Supplies,NYSE ARCA,80.98,35.46,93.21,40.85,82.5,35.53,85.89,34.73,86.61,37.45,79.77,27.51,0.66,-4.35,-2.94,-5.71,-1.49,-19.51,30.9,20956011.643121243,29937160.0,0.0050999997,-42.11,115500,5.14,0.69,-4.35,0.69,-4.35,0.69,-4.35,0.7,-5.71,3.79,-0.0,33910,22456,28416,-0.311
3829,PRZO,Industrials,Aerospace & Defense,NASDAQ,80.97,35.45,102.1,82.93,72.34,23.35,81.88,29.93,42.13,6.74,52.59,9.99,0.67,11.71,14.78,-16.19,68.26,-41.91,17.88,17789110.16717255,29162475.0,0.0482,-64.74,2646700,3.36,0.63,6.35,0.61,9.84,0.65,3.08,0.67,0.0,6.13,119.3,463580,788616,2593980,1.953
3830,CYTK,Healthcare,Biotechnology,NASDAQ,80.96,35.43,83.51,17.07,89.77,50.01,108.48,76.64,131.29,89.12,119.68,81.34,62.01,-5.5,-5.56,-15.77,-20.9,-1.13,50.02,9119936008.667099,139023418.0,0.192,-29.78,2594600,1.16,62.56,-0.88,64.08,-3.23,66.89,-7.3,72.18,-14.09,3.57,100.16,2535710,2237513,2078300,-0.571
3831,KTB,Consumer Cyclical,Apparel Manufacturing,NYSE,80.94,35.4,92.47,37.7,78.56,29.69,82.92,31.0,110.51,77.78,110.56,75.23,66.34,4.44,3.0,0.27,-21.55,5.79,61.87,3536635700.1631165,54653620.0,0.1525,-25.43,681700,0.91,65.21,1.73,64.72,2.5,65.67,1.02,73.0,-9.12,2.9,125.06,629950,747793,743696,0.186
3832,BTGO,Financial Services,Capital Markets,NYSE,80.94,35.4,102.05,82.84,87.01,44.43,77.13,24.92,32.81,4.57,54.98,10.79,7.18,-2.45,-9.91,-3.1,53.09,,,867486703.8120289,117545622.0,0.028099999,-70.69,1610900,0.85,7.28,-1.37,7.32,-1.91,7.44,-3.49,6.69,7.32,7.01,41.71,1002400,1902190,1811504,0.796
3833,MMU,Financial Services,Asset Management,NYSE,80.93,35.38,92.25,36.89,80.8,32.56,87.54,37.14,92.8,53.27,94.64,54.25,8.95,0.67,-0.67,-6.42,-10.2,-9.78,39.76,490662969.07045937,54336986.0,0.0007,-16.43,278758,1.04,8.95,0.0,8.92,0.34,9.15,-2.19,9.63,-7.06,1.88,65.42,402715,268458,207759,-0.003
3834,TLSI,Healthcare,Medical Devices,NASDAQ,80.87,35.36,88.55,26.26,84.46,39.13,98.28,63.17,76.0,25.87,79.4,27.16,4.13,-0.48,-10.41,-12.13,-5.71,-44.34,16.75,266002282.56998062,61574600.0,0.0717,-48.05,275500,0.75,4.27,-3.28,4.28,-3.5,4.58,-9.83,4.88,-15.37,8.87,30.04,258360,367873,300128,0.017
3835,ALLY,Financial Services,Credit Services,NYSE,80.86,35.35,90.27,30.82,79.59,31.05,94.33,56.24,102.23,68.09,104.66,68.71,37.83,0.48,-2.35,-10.29,-11.31,-15.46,34.54,11532210315.21281,304199693.0,0.0493,-20.0,4381500,1.18,37.67,0.42,37.84,-0.03,39.21,-3.52,41.58,-9.02,2.03,106.67,4089620,3708883,3310820,0.11
3836,CMS,Utilities,Utilities - Regulated Electric,NYSE,80.83,35.31,95.7,52.96,76.07,27.25,86.08,34.96,90.65,47.62,96.62,57.37,65.34,2.67,4.09,-3.46,-11.42,-3.32,47.02,19690535949.991295,308919602.0,0.0,-18.69,3205800,0.87,64.65,1.07,63.9,2.25,64.71,0.97,67.59,-3.33,1.5,82.83,4661200,3699073,3727316,-0.005
3837,CRWS,Consumer Cyclical,"Furnishings, Fixtures & Appliances",NASDAQ,80.83,35.31,88.14,25.24,85.91,42.18,90.62,43.29,100.85,66.13,90.9,46.69,2.43,-2.41,-4.71,-8.65,-16.41,-0.74,50.6,26685511.965236187,10760287.0,0.004,-22.61,35500,0.44,2.46,-1.22,2.48,-2.02,2.53,-3.95,2.72,-10.66,3.26,63.06,67770,79886,97978,0.083
3838,BCSF,Financial Services,Asset Management,NYSE,80.83,35.31,92.97,39.75,83.25,37.02,82.46,30.5,88.89,40.63,91.08,47.11,10.78,-2.8,-3.06,-1.83,-11.6,-12.84,36.73,716797014.7226858,64868507.0,0.030199999,-26.67,524200,0.98,10.84,-0.55,10.98,-1.82,11.05,-2.44,11.5,-6.26,2.09,110.76,545740,537273,486694,-0.121
3839,MYI,Financial Services,Asset Management,NYSE,80.81,35.27,90.88,32.47,83.41,37.29,88.56,39.03,92.66,53.03,93.85,52.75,9.47,-2.77,-3.27,-7.73,-11.05,-8.03,41.6,649385072.6962929,66467251.0,0.0055,-17.36,2398961,3.25,9.58,-1.15,9.61,-1.46,9.85,-3.86,10.3,-8.06,2.05,51.47,1145066,738892,562523,0.063
3840,FCPT,Real Estate,REIT - Retail,NYSE,80.81,35.27,88.95,27.39,84.18,38.63,92.31,49.4,92.98,53.63,91.87,48.86,21.25,-0.79,-3.49,-11.33,-18.06,-2.99,47.52,2365250465.5625076,109756406.0,0.0494,-20.89,1525800,1.29,21.27,-0.09,21.54,-1.35,22.25,-4.49,23.76,-10.56,1.81,101.21,1324860,1183576,978346,0.077
3841,PDC,Technology,Software - Application,NASDAQ,80.79,35.25,93.86,43.66,77.6,28.76,61.75,13.98,76.02,25.91,168.15,93.89,3.3,-4.35,-8.33,11.11,-7.56,-34.26,21.71,28074917.7895298,8114138.0,0.0004,-62.63,16400,0.49,3.34,-1.2,3.34,-1.2,3.29,0.3,3.17,4.1,13.66,22.18,24500,33726,39380,-0.386
3842,ZTO,Industrials,Integrated Freight & Logistics,NYSE,80.75,35.23,94.03,44.46,81.53,33.88,88.52,38.94,102.94,68.98,112.1,76.5,19.9,2.63,2.21,-4.56,-16.74,-4.95,45.24,14614499718.0,749461524.0,0.0247,-24.05,1854600,0.67,19.72,0.91,19.61,1.48,19.97,-0.35,21.34,-6.75,2.04,91.16,2517900,2771093,2464706,0.23
3843,NAZ,Financial Services,Asset Management,NYSE,80.74,35.2,89.37,28.46,84.25,38.72,90.76,43.52,94.76,56.84,97.78,59.0,10.61,-1.85,-3.89,-10.6,-11.63,-7.06,42.54,139193884.54384804,12828929.0,0.004,-20.94,64420,1.47,10.78,-1.58,10.72,-1.03,11.18,-5.1,11.76,-9.78,4.11,20.63,76482,43790,32100,0.023
3844,ASPC,Financial Services,Shell Companies,NASDAQ,80.74,35.2,97.57,62.2,83.7,37.71,92.99,52.43,82.08,32.26,82.87,30.58,10.77,-1.1,-0.37,-1.37,-0.37,-22.01,29.2,25308988.70228958,2337581.0,0.042600002,-83.17,2400,0.31,10.8,-0.28,10.82,-0.46,10.85,-0.74,10.84,-0.65,0.37,-0.0,3130,7806,26166,
3845,KOSS,Technology,Consumer Electronics,NASDAQ,80.74,35.2,95.16,49.85,88.15,46.61,70.29,19.28,79.6,29.27,78.38,26.15,3.69,-6.35,-12.14,8.53,1.65,-13.79,36.03,36540449.68693113,9466438.0,0.0473,-35.26,35500,0.72,3.8,-2.89,3.9,-5.38,3.73,-1.07,3.65,1.1,7.61,28.5,41080,49433,35630,0.058
3846,BURL,Consumer Cyclical,Apparel Retail,NYSE,80.72,35.15,99.62,75.83,75.61,26.9,71.82,20.55,102.44,68.38,112.89,77.14,276.84,0.55,8.64,16.3,-25.41,-0.69,50.68,17295535561.263885,62815195.0,0.0921,-26.83,1006800,0.57,274.6,0.82,270.66,2.28,255.78,8.23,294.72,-6.07,3.24,103.5,1430050,1754390,1416490,0.11
3847,MKL,Financial Services,Insurance - Property & Casualty,NYSE,80.72,35.15,96.69,57.99,78.78,29.94,84.61,32.76,85.69,36.31,90.19,44.88,1767.82,2.42,1.88,-0.78,-12.27,-18.41,31.84,21523587903.91626,12389958.0,0.0227,-19.92,69000,0.93,1739.62,1.62,1734.49,1.92,1755.5,0.7,1799.0,-1.73,1.58,164.02,85610,74450,71284,0.127
3848,MYN,Financial Services,Asset Management,NYSE,80.72,35.15,91.23,33.36,83.1,36.86,86.48,35.53,94.47,56.23,92.96,50.99,8.65,-3.46,-3.03,-5.25,-10.87,-8.19,41.36,342903204.2923355,38313208.0,0.0021,-15.69,641021,1.71,8.8,-1.7,8.81,-1.82,8.95,-3.35,9.35,-7.49,2.12,38.13,535972,373960,296704,0.065
3849,RRX,Industrials,Specialty Industrial Machinery,NYSE,80.7,35.11,95.43,51.34,76.89,27.98,81.77,29.79,117.52,83.04,132.95,86.8,160.01,2.2,6.13,2.46,-14.51,15.25,71.69,10646041452.1344,66591867.0,0.056399997,-35.43,1335300,1.13,162.33,-1.43,159.08,0.58,155.44,2.94,165.63,-3.39,3.32,49.39,1070960,1186753,1289576,0.042
3850,INGR,Consumer Defensive,Packaged Foods,NYSE,80.7,35.11,95.13,49.72,81.8,34.33,86.35,35.26,75.89,25.77,85.0,32.87,95.11,0.21,-0.57,-5.13,-5.7,-11.11,38.31,6011889233.543594,63063979.0,0.080299996,-22.98,937400,1.41,95.66,-0.57,95.53,-0.44,96.59,-1.53,100.17,-5.05,1.87,59.04,757330,665366,660602,0.009
3851,MQY,Financial Services,Asset Management,NYSE,80.67,35.07,91.59,34.54,82.08,34.85,86.32,35.22,93.07,53.97,93.5,52.07,9.91,-0.5,-2.36,-5.37,-11.36,-8.52,40.95,721209511.939765,71833617.0,0.0015,-17.0,2969224,2.66,9.91,0.0,9.95,-0.4,10.18,-2.65,10.69,-7.3,1.89,130.67,1659592,1117344,826048,0.071
3852,AZN,Healthcare,Drug Manufacturers - General,NYSE,80.67,35.07,94.99,48.99,82.99,36.58,81.44,29.49,85.21,35.75,115.0,78.68,158.78,0.68,-3.51,-0.54,-8.38,-12.2,37.09,243337101453.82257,1550905742.0,0.0013,-25.35,3488700,1.19,158.19,0.37,160.7,-1.19,162.47,-2.27,162.33,-2.19,1.94,66.9,2605790,2921056,3487046,0.064
3853,BOOM,Industrials,Conglomerates,NASDAQ,80.65,35.05,90.85,32.28,82.22,35.01,93.83,54.97,85.81,36.43,60.3,13.43,5.78,2.66,-0.69,-12.02,6.64,-9.69,39.85,119137508.1178751,20540949.0,0.0101,-37.17,83800,0.83,5.84,-1.03,5.78,0.0,5.99,-3.51,6.63,-12.82,3.77,32.13,122590,101533,137902,0.009
3854,ELME,Real Estate,REIT - Residential,NYSE,80.62,35.03,104.66,87.31,79.24,30.51,67.18,17.32,55.5,11.95,71.6,20.89,1.75,-0.57,2.94,5.42,7.36,-34.17,21.81,156389873.2325852,88857883.0,0.0274,-90.1,1537900,1.42,1.75,0.0,1.74,0.57,1.71,2.34,1.67,4.79,1.59,0.0,1925230,1084926,855244,0.017
3855,HSY,Consumer Defensive,Confectioners,NYSE,80.61,35.01,92.83,39.19,80.65,32.24,86.03,34.9,82.92,33.22,94.99,54.72,162.54,2.03,-2.6,-6.77,-10.92,-12.2,37.09,32186281485.371155,200925657.0,0.0736,-32.13,1578300,1.09,160.98,0.97,161.4,0.71,166.02,-2.1,174.37,-6.78,1.87,61.08,1494450,1451190,1373242,0.066
3856,OWL,Financial Services,Asset Management,NYSE,80.59,34.97,91.67,34.84,79.88,31.32,85.89,34.73,68.36,19.77,53.34,10.16,9.27,3.58,0.22,-11.12,-1.07,-35.92,20.78,6209889999.501915,683908596.0,0.1754,-46.51,21451300,1.07,9.1,1.87,9.13,1.53,9.6,-3.44,10.74,-13.69,3.7,81.58,19219430,19967060,20414674,0.071
3857,TGE,Financial Services,Asset Management,NYSE,80.59,34.97,116.7,95.5,60.34,13.63,71.24,20.11,57.81,13.27,43.56,7.14,1.08,-22.86,29.65,20.81,25.73,-1.82,48.99,53791788.39324117,48461070.0,0.006,-66.36,222300,0.03,1.12,-3.57,1.1,-1.82,0.98,10.2,0.95,13.68,17.19,13.47,20831790,6954010,4184876,-0.247
3858,ACP,Financial Services,Asset Management,NYSE,80.59,34.97,90.66,31.87,82.02,34.71,89.83,41.59,90.58,47.22,93.26,51.64,4.36,-1.36,-2.24,-9.04,-10.93,-6.65,43.15,559599228.6663265,125470678.0,0.0,-24.96,980916,0.98,4.39,-0.68,4.42,-1.36,4.51,-3.33,4.78,-8.79,1.66,55.22,1084221,999203,785654,-0.069
3859,VLT,Financial Services,Asset Management,NYSE,80.59,34.97,92.88,39.46,81.11,33.25,87.51,37.06,90.3,46.11,90.0,44.4,9.03,-0.11,-0.77,-6.32,-7.76,-11.21,38.16,59056972.02292633,6511243.0,0.0004,-20.79,42570,1.46,9.04,-0.11,9.06,-0.33,9.25,-2.38,9.59,-5.84,1.23,36.13,28647,29115,27873,-0.084
3860,IIF,Financial Services,Asset Management,NYSE,80.58,34.92,91.34,33.71,84.71,39.63,88.91,39.74,84.92,35.41,83.84,31.74,20.87,-1.88,-4.75,-6.58,-7.82,-18.22,32.12,199654283.7668724,9386661.0,0.0019,-25.44,17943,0.79,21.17,-1.42,21.39,-2.43,21.8,-4.27,22.58,-7.57,1.37,12.58,18324,22578,26358,-0.387
3861,CWST,Industrials,Waste Management,NASDAQ,80.58,34.92,92.44,37.53,82.71,35.99,89.31,40.62,93.64,54.93,69.34,19.15,84.05,7.66,0.26,-6.55,-7.11,-14.66,35.14,5267486393.784592,63640046.0,0.1084,-22.15,638700,1.17,83.2,1.02,81.85,2.69,85.19,-1.34,89.06,-5.63,3.37,47.66,656920,547816,532064,0.169
3862,PFLT,Financial Services,Asset Management,NYSE,80.57,34.88,93.26,40.97,82.41,35.3,80.4,28.41,75.19,25.15,89.76,43.57,6.68,-4.16,-4.57,-4.54,-2.79,-17.9,32.44,678650423.7794495,99217896.0,0.0401,-31.49,739500,0.97,6.74,-0.89,6.85,-2.48,6.96,-4.02,7.11,-6.05,1.96,61.2,841700,758656,847066,0.041
3863,NLY,Real Estate,REIT - Mortgage,NYSE,80.57,34.88,85.51,20.1,89.6,49.52,97.45,62.08,102.4,68.33,103.83,67.58,18.27,-2.3,-7.91,-13.77,-17.7,-7.89,41.73,13943717177.0,753714442.0,0.0,-25.49,21306600,1.78,18.28,-0.05,18.8,-2.82,19.74,-7.45,21.14,-13.58,2.53,110.48,17888050,11985480,9792294,4.794
3864,WW,Healthcare,Medical Care Facilities,NASDAQ,80.57,34.88,97.74,62.92,64.11,16.0,58.32,12.25,77.39,27.26,35.66,5.1,14.96,9.04,6.93,1.25,15.08,-45.68,16.19,147381720.11146545,9998760.0,0.1713,-61.02,96100,0.35,15.07,-0.73,15.1,-0.93,15.25,-1.9,15.61,-4.16,9.85,8.82,353700,270890,255602,-0.142
3865,FCNCP,Financial Services,Banks - Regional,NASDAQ,80.56,34.85,91.45,34.09,84.5,39.19,87.95,37.81,87.86,39.01,93.03,51.14,17.94,-0.99,-5.05,-7.43,-10.32,-7.7,41.94,,,0.33,-21.45,41800,2.23,18.03,-0.5,18.22,-1.54,18.7,-4.06,19.26,-6.85,1.59,49.0,28910,18786,16776,0.085
3866,NEWT,Financial Services,Banks - Regional,NASDAQ,80.55,34.83,89.69,29.39,83.5,37.45,93.01,52.57,114.6,80.94,101.35,63.9,11.05,-1.69,-2.21,-7.65,-23.76,-3.79,46.49,322931301.39492035,28884731.0,0.1427,-29.57,302200,1.17,11.1,-0.45,11.15,-0.9,11.41,-3.16,12.21,-9.5,2.48,138.39,252000,257916,258046,0.147
3867,BMRA,Healthcare,Medical Devices,NASDAQ,80.52,34.82,90.74,32.03,102.84,75.54,89.22,40.43,59.4,14.16,65.7,17.02,1.89,-15.63,-23.17,-15.25,18.87,-18.18,32.15,9841792.002450943,4598968.0,0.0088,-41.12,6600,0.05,2.03,-6.9,2.16,-12.5,2.31,-18.18,2.0,-5.5,8.73,18.18,17650,143613,89052,0.168
3868,MAA,Real Estate,REIT - Residential,NYSE,80.5,34.8,91.53,34.33,79.16,30.32,86.06,34.93,90.99,49.02,82.06,29.88,116.19,-0.16,-0.91,-6.66,-15.42,-10.36,39.01,13373850593.911995,116021957.0,0.039,-19.54,1431500,1.19,115.83,0.31,116.84,-0.56,119.18,-2.51,126.25,-7.97,1.85,104.19,1320200,1200356,1089706,0.01
3869,GNTX,Consumer Cyclical,Auto Parts,NASDAQ,80.47,34.78,91.38,33.82,80.14,31.64,85.02,33.35,94.42,56.19,86.27,34.3,21.15,-3.11,-3.5,-6.22,-11.27,-8.35,41.1,4651887932.406137,210683331.0,0.081599995,-23.51,2741600,1.15,21.48,-1.54,21.75,-2.76,22.01,-3.91,22.75,-7.03,2.05,75.98,2527170,2384563,2298524,-0.01
3870,PML,Financial Services,Asset Management,NYSE,80.46,34.75,92.41,37.36,81.03,33.1,87.33,36.67,91.32,49.96,92.58,50.22,6.55,1.08,-0.91,-6.56,-9.65,-9.0,40.55,435535712.682724,66494000.0,0.6,-18.23,793853,1.01,6.52,0.46,6.52,0.46,6.69,-2.09,7.02,-6.7,2.18,98.0,1228705,789198,601181,0.971
3871,DAKT,Technology,Electronic Components,NASDAQ,80.46,34.75,95.22,50.28,77.64,28.82,84.96,33.21,93.51,54.67,100.09,62.31,17.89,1.59,3.95,-5.59,-8.68,-4.94,45.27,863743949.9698639,48092650.0,0.044699997,-36.72,279400,0.42,17.86,0.17,17.58,1.76,17.68,1.19,19.02,-5.94,2.44,50.49,393450,661650,566932,0.071
3872,GLPI,Real Estate,REIT - Specialty,NASDAQ,80.46,34.75,93.54,42.19,78.88,30.08,82.89,30.93,88.25,39.55,93.76,52.58,38.26,1.78,-0.7,-4.73,-15.15,-9.62,39.93,10961867309.021751,290920043.0,0.0401,-23.4,3254700,0.8,37.94,0.84,38.1,0.42,39.07,-2.07,40.89,-6.43,1.72,98.97,3059130,4072296,3559502,0.09
3873,OSK,Industrials,Farm & Heavy Construction Machinery,NYSE,80.45,34.72,88.19,25.29,83.32,37.11,99.91,65.53,96.09,58.79,106.84,71.48,127.35,-2.65,-2.17,-13.82,-10.5,-1.2,49.9,8263865780.479523,61739749.0,0.0373,-29.44,625100,1.03,130.92,-2.73,131.15,-2.9,136.92,-6.99,146.17,-12.88,3.6,44.51,643030,608720,631280,0.067
3874,ADAMZ,Real Estate,REIT - Mortgage,NASDAQ,80.43,34.69,87.31,23.83,90.04,50.89,89.35,40.71,94.57,56.49,93.75,52.56,15.86,-4.83,-10.3,-8.56,-14.7,-9.5,40.01,,,0.0,-22.41,21258,1.42,16.37,-3.12,16.67,-4.86,17.05,-6.98,17.63,-10.04,2.24,59.11,13065,15005,12363,1.298
3875,GEHC,Healthcare,Medical Devices,NASDAQ,80.43,34.69,94.36,46.05,82.92,36.4,82.38,30.42,74.54,24.65,89.38,42.05,64.22,0.38,-3.25,-0.03,-10.68,-22.41,28.92,29038909554.611115,451686252.0,0.0424,-28.46,4954900,1.39,64.74,-0.8,65.29,-1.64,65.0,-1.2,68.75,-6.59,2.27,62.11,3779100,3566726,3394172,0.058
3876,LNSR,Healthcare,Medical Devices,NASDAQ,80.41,34.65,87.04,22.91,88.65,47.76,87.91,37.7,57.02,12.88,42.18,6.74,6.45,-1.83,-8.83,-19.88,22.86,-46.29,16.02,82929588.75,12285865.0,0.0381,-50.15,24800,0.38,6.62,-2.57,6.69,-3.59,7.05,-8.51,7.33,-12.01,3.53,35.16,37230,64663,122740,0.184
3877,PCM,Financial Services,Asset Management,NYSE,80.41,34.65,94.57,46.78,80.54,32.07,86.15,35.06,89.27,41.7,88.5,38.38,4.98,-0.8,1.22,-3.79,-8.3,-9.33,40.17,62685652.36759186,12413000.0,0.48,-26.33,92317,1.05,5.0,-0.4,4.99,-0.2,5.01,-0.6,5.25,-5.14,1.74,69.42,55041,87720,73342,-0.015
3878,ITRI,Technology,Scientific & Technical Instruments,NASDAQ,80.41,34.65,90.08,30.31,87.77,45.99,92.97,52.29,68.23,19.63,77.74,25.6,84.23,-2.33,-7.97,-9.96,-17.69,-12.48,36.93,3787992095.568596,43786753.0,0.1996,-40.68,393800,0.69,86.5,-2.62,87.07,-3.26,89.74,-6.14,95.49,-11.79,3.11,37.44,617100,571590,615520,-0.072
3879,GBCI,Financial Services,Banks - Regional,NYSE,80.35,34.61,91.81,35.35,82.88,36.34,91.39,45.15,101.97,67.67,98.06,59.3,42.98,-0.19,-2.31,-5.67,-11.23,-3.76,46.52,5717606836.361233,130211953.0,0.083500005,-21.25,1571600,1.52,43.26,-0.65,43.36,-0.88,44.01,-2.34,46.13,-6.83,1.96,82.04,1097000,1035763,1006894,0.415
3880,MHD,Financial Services,Asset Management,NYSE,80.35,34.61,90.22,30.71,84.04,38.4,88.68,39.26,93.84,55.37,94.37,53.71,10.1,-1.56,-4.36,-8.01,-11.55,-9.05,40.47,538622889.3019104,52141616.0,0.0047999998,-16.39,1597260,1.87,10.16,-0.59,10.23,-1.27,10.55,-4.27,11.03,-8.43,2.11,56.19,1336046,855545,628617,0.112
3881,AGIO,Healthcare,Biotechnology,NASDAQ,80.34,34.58,90.14,30.51,90.21,51.67,104.74,72.69,101.95,67.62,99.23,61.12,31.92,-1.72,-2.98,-5.11,-8.83,30.5,81.82,1898519802.0510788,59701882.0,0.1279,-30.61,2078600,2.01,31.7,0.69,32.35,-1.33,32.97,-3.18,33.08,-3.51,3.97,59.98,1242140,1034520,1092934,2.593
3882,ENPH,Technology,Solar,NASDAQ,80.33,34.56,88.5,26.2,72.81,23.72,79.47,27.53,112.03,79.06,73.83,22.48,32.91,0.27,0.27,-10.72,-6.16,-1.02,50.21,4411286584.286499,131798220.0,0.2174,-55.37,5094200,1.11,33.45,-1.61,32.82,0.27,34.1,-3.49,36.71,-10.35,4.54,84.95,4716870,4606680,4427410,-0.196
3883,ELMD,Healthcare,Medical Devices,NYSE ARCA,80.33,34.56,88.78,26.88,83.37,37.23,84.08,32.25,157.03,94.35,97.8,59.02,27.8,-2.46,-0.22,4.32,-30.78,-2.87,47.74,232867091.66127205,8287085.0,0.026600001,-41.35,107000,1.01,28.14,-1.21,28.18,-1.35,27.5,1.09,32.92,-15.55,3.24,46.67,90400,106293,95042,0.116
3884,PNI,Financial Services,Asset Management,NYSE,80.25,34.53,90.02,30.17,83.97,38.33,88.26,38.4,92.85,53.35,93.16,51.33,6.02,-2.43,-4.6,-8.09,-11.33,-9.04,40.5,147848151.36671066,23885000.0,0.18,-16.39,161571,1.7,6.09,-1.15,6.13,-1.79,6.3,-4.44,6.58,-8.51,1.66,10.0,109557,94895,80921,0.982
3885,PHG,Healthcare,Medical Devices,NYSE,80.24,34.52,93.34,41.25,82.67,35.91,84.52,32.69,89.91,44.45,98.55,60.13,24.3,2.06,-1.02,-1.22,-6.9,-5.3,44.84,23380065204.8118,977427472.0,3.64,-27.33,1635100,1.87,24.07,0.96,24.34,-0.16,24.55,-1.02,25.8,-5.81,1.66,81.92,1134320,875503,870554,0.005
3886,TTWO,Communication Services,Electronic Gaming & Multimedia,NASDAQ,80.2,34.49,94.81,47.96,78.36,29.44,88.12,38.13,93.01,53.72,79.75,27.49,209.37,2.82,3.15,-3.5,-15.04,-15.37,34.63,37906544410.52336,186980443.0,0.044499997,-21.27,2710000,1.0,204.42,2.42,203.98,2.64,207.6,0.85,223.2,-6.2,2.56,105.37,2200730,2702926,2535094,0.02
3887,RECT,Consumer Cyclical,Specialty Retail,NASDAQ,80.2,34.49,97.86,63.55,86.0,42.38,79.56,27.66,54.84,11.65,54.49,10.52,1.23,-2.38,-4.87,-4.28,20.69,-15.97,34.08,19817919.55703497,15482750.0,0.0026,-72.36,2900,0.8,1.25,-1.6,1.29,-4.65,1.29,-4.65,1.23,0.0,5.71,56.91,2860,3610,23502,0.235
3888,SAIA,Industrials,Trucking,NASDAQ,80.19,34.47,94.95,48.75,83.23,36.97,85.34,33.79,108.54,75.66,119.91,81.49,341.26,-0.91,2.41,-1.37,-13.48,6.55,62.63,9341585039.932251,26605107.0,0.0471,-31.02,419100,1.17,342.98,-0.5,338.38,0.85,342.22,-0.28,351.04,-2.79,3.54,55.54,364840,358003,428768,0.171
3889,MPA,Financial Services,Asset Management,NYSE,80.18,34.45,91.27,33.52,81.36,33.65,86.21,35.11,92.7,53.09,93.32,51.77,9.7,-0.41,-1.92,-6.39,-11.19,-9.44,40.06,126129393.23606491,12949630.0,0.0007,-18.28,77501,1.8,9.69,0.1,9.69,0.1,9.94,-2.41,10.51,-7.71,1.84,106.14,57610,43176,34554,0.036
3890,LPTH,Technology,Electronic Components,NASDAQ,80.17,34.42,87.97,25.01,90.48,53.27,91.8,46.51,130.76,88.77,266.29,97.56,9.74,-10.23,-3.18,0.62,3.73,27.49,80.44,773200219.408329,70036252.0,0.16440001,-48.57,3641400,1.11,10.57,-7.85,10.39,-6.26,10.04,-2.99,11.28,-13.65,5.6,36.65,2340790,3270453,2963754,0.733
3891,OFRM,Consumer Defensive,Packaged Foods,NYSE,80.17,34.42,95.08,49.47,74.06,25.2,72.65,21.15,85.0,35.48,69.56,19.28,16.33,1.74,-1.03,2.77,3.35,,,681088362.8273067,41990653.0,0.2576,-39.52,276600,0.7,16.44,-0.67,16.25,0.49,16.34,-0.06,16.82,-2.91,3.75,81.68,494910,396263,419980,0.423
3892,NCDL,Financial Services,Asset Management,NYSE,80.17,34.42,91.34,33.71,83.85,38.05,85.3,33.75,83.88,34.27,94.98,54.66,10.89,-2.59,-3.88,-6.74,-8.78,-12.09,37.2,544245478.9076042,49387065.0,0.0139,-27.74,316982,1.34,10.89,0.0,11.07,-1.63,11.39,-4.39,11.75,-7.32,2.46,85.9,289048,236736,204095,
3893,NLOP,Real Estate,REIT - Office,NYSE,80.14,34.37,89.19,27.85,80.6,32.18,90.98,44.0,91.06,49.26,113.78,77.77,9.69,-0.51,-2.42,-11.43,-17.95,-10.62,38.72,144585375.39067268,14814075.0,0.062,-67.98,99200,0.65,9.65,0.41,9.78,-0.92,10.22,-5.19,10.97,-11.67,2.59,53.85,172870,151730,131804,-0.769
3894,SHEN,Communication Services,Telecom Services,NASDAQ,80.14,34.37,93.1,40.4,77.34,28.45,77.98,25.73,78.05,27.73,114.0,77.95,11.52,3.32,-3.92,-3.84,-9.36,2.86,56.77,601260405.7920456,55364680.0,0.078099996,-33.6,922900,0.93,11.38,1.23,11.37,1.32,11.63,-0.95,12.19,-5.5,4.84,71.7,870600,987283,772584,0.055
3895,YMM,Technology,Software - Application,NYSE,80.14,34.37,97.73,62.86,80.91,32.81,76.58,24.4,80.88,30.85,73.63,22.31,8.33,1.96,2.08,2.33,-13.59,-23.44,28.25,8544955644.775394,1045894194.0,0.0222,-40.8,7641300,1.24,8.34,-0.12,8.27,0.73,8.22,1.34,8.65,-3.7,2.31,62.45,7751970,6144216,6654608,0.044
3896,RHLD,Industrials,Specialty Business Services,NYSE,80.13,34.33,85.66,20.3,92.17,59.5,101.5,68.27,143.56,92.38,219.47,96.79,116.19,-1.53,-8.87,-9.45,-8.46,-46.61,15.82,906369285.0862122,7819595.0,0.081499994,-50.81,117300,0.92,115.67,0.45,118.44,-1.9,121.21,-4.14,127.5,-8.87,4.36,82.28,112150,127840,149348,2.957
3897,AOMR,Real Estate,REIT - Mortgage,NYSE,80.12,34.31,89.35,28.36,81.35,33.63,91.86,46.93,95.25,57.72,98.48,59.99,7.27,0.0,-2.55,-10.25,-16.33,-6.62,43.18,182375220.3168826,24914647.0,0.048499998,-23.47,132300,0.84,7.27,0.0,7.34,-0.95,7.64,-4.84,8.12,-10.47,3.1,62.06,146450,157570,152608,0.194
3898,DX,Real Estate,REIT - Mortgage,NYSE,80.12,34.31,87.13,23.22,86.01,42.4,95.07,57.94,97.17,60.44,99.84,62.06,10.7,-3.43,-5.64,-13.6,-14.32,-11.99,37.29,2726673765.28426,247429551.0,0.067,-28.33,11380600,1.63,10.79,-0.83,11.03,-2.99,11.55,-7.36,12.19,-12.22,2.92,108.92,8709980,6996420,6178650,
3899,BKTI,Technology,Communication Equipment,NYSE ARCA,80.11,34.28,94.19,45.25,83.97,38.33,84.63,32.79,105.68,72.48,143.81,90.0,73.35,-2.2,-2.03,2.86,-7.01,-6.17,43.58,286360486.93130493,3769389.0,0.0582,-29.84,32500,0.78,75.57,-2.94,75.17,-2.42,73.97,-0.84,75.28,-2.56,2.68,1.53,44010,41676,39386,0.106
3900,VRSK,Industrials,Consulting Services,NASDAQ,80.08,34.26,97.63,62.4,75.83,27.06,78.69,26.52,79.73,29.44,63.89,15.59,175.49,4.22,4.06,0.06,-17.45,-18.87,31.47,21329967882.087402,130156012.0,0.041199997,-29.6,1380700,1.15,167.31,4.89,167.57,4.73,171.97,2.05,180.59,-2.82,2.52,137.88,1197620,1204643,1273656,0.044
3901,IIM,Financial Services,Asset Management,NYSE,80.08,34.26,89.4,28.57,82.9,36.37,91.14,44.3,97.09,60.36,95.21,55.05,10.76,0.65,-2.71,-10.43,-12.35,-7.48,42.03,514349857.79356956,47101635.0,0.004,-18.3,203468,0.96,10.77,-0.09,10.71,0.47,11.3,-4.78,11.97,-10.11,2.67,83.48,353836,211408,164189,0.018
3902,OXLC,Financial Services,Asset Management,NASDAQ,80.06,34.23,92.99,39.85,85.66,41.56,92.9,51.89,69.33,20.24,63.7,15.46,8.53,-5.22,-4.8,-8.63,0.81,-22.2,29.09,873449476.9017715,98030246.0,0.0589,-50.15,1125263,1.16,8.7,-1.95,8.84,-3.51,8.98,-5.01,9.08,-6.06,2.29,92.31,1190666,969328,955517,-0.102
3903,HOUR,Consumer Cyclical,Internet Retail,NASDAQ,80.06,34.23,98.13,64.88,79.21,30.41,78.82,26.75,84.04,34.36,122.73,83.0,1.84,-5.65,4.32,-1.02,3.73,-6.8,42.92,65471665.703537464,35199820.0,0.0072000003,-42.14,6900,0.39,1.82,1.1,1.86,-1.08,1.82,1.1,1.85,-0.54,6.44,59.11,33590,17660,15846,0.252
3904,AOS,Industrials,Specialty Industrial Machinery,NYSE,80.05,34.19,94.27,45.65,79.55,30.96,81.4,29.42,81.68,31.67,83.75,31.63,56.56,-0.19,-1.98,-0.26,-8.28,-15.44,34.56,7712811517.75,135908573.0,0.1114,-30.91,1614900,1.1,56.5,0.11,57.06,-0.88,57.17,-1.07,59.67,-5.21,2.4,126.87,1434130,1467416,1471350,-0.007
3905,FGC,Financial Services,Asset Management,NASDAQ,80.05,34.19,92.16,36.55,83.52,37.49,80.7,28.65,48.83,9.24,23.87,2.76,6.52,-1.58,-15.32,-19.01,-5.37,-59.38,11.15,35364075.011577606,5095688.0,0.0625,-79.5,104077,1.07,6.99,-6.72,6.97,-6.46,7.4,-11.89,7.5,-13.07,11.28,1.36,58187,97642,104373,0.169
3906,CARS,Communication Services,Internet Content & Information,NYSE,80.04,34.17,86.61,22.09,88.75,47.86,102.83,70.19,95.57,58.17,80.66,28.3,9.74,-2.6,-8.2,-14.64,-24.55,-24.5,27.45,536933107.1252232,53532714.0,0.1676,-28.85,1037500,1.53,9.69,0.52,10.05,-3.08,10.68,-8.8,11.43,-14.79,5.02,74.67,859400,677926,668006,0.007
3907,LEO,Financial Services,Asset Management,NYSE,80.03,34.15,90.82,32.23,82.46,35.44,88.33,38.55,93.69,55.04,95.28,55.25,5.47,-1.97,-3.01,-7.6,-10.9,-9.86,39.69,348205883.36483,62290854.0,0.0016,-16.49,262856,1.33,5.5,-0.55,5.53,-1.08,5.67,-3.53,5.94,-7.91,1.68,65.12,299015,198098,222957,0.01
3908,NRO,Financial Services,Asset Management,NYSE ARCA,80.02,34.13,88.86,27.09,85.09,40.33,89.07,40.14,91.98,51.48,93.2,51.46,2.53,-1.94,-5.24,-7.96,-14.96,-5.18,44.95,162839906.5801413,63361833.0,0.33,-22.15,237979,1.11,2.54,-0.39,2.57,-1.56,2.65,-4.53,2.8,-9.64,2.17,72.74,268617,215312,203997,0.285
3909,PDI,Financial Services,Asset Management,NYSE,80.01,34.12,95.65,52.63,77.34,28.45,83.86,32.0,86.84,37.74,90.52,45.78,14.33,1.27,3.39,-3.43,-7.37,-9.05,40.47,6863277302.985237,476616492.0,0.17,-28.21,2677373,0.63,14.33,0.0,14.18,1.06,14.26,0.49,14.85,-3.5,1.72,44.64,4037247,4221879,4045491,
3910,HPI,Financial Services,Asset Management,NYSE,80.0,34.1,89.87,29.84,82.35,35.21,89.3,40.58,93.06,53.92,92.61,50.36,13.79,-0.79,-3.57,-8.89,-12.22,-10.5,38.88,379108912.27960587,26792150.0,3.89,-21.69,121075,1.09,13.91,-0.86,13.95,-1.15,14.35,-3.9,15.18,-9.16,2.38,30.43,127087,110619,82941,0.012
3911,LRN,Consumer Defensive,Education & Training Services,NYSE,79.99,34.08,96.23,55.57,80.77,32.48,80.75,28.69,74.18,24.26,88.34,37.8,81.36,4.95,1.65,-0.11,-16.73,23.12,77.53,3278656146.6838837,41559845.0,0.2766,-47.53,766900,1.12,79.7,2.08,78.48,3.67,79.67,2.12,81.75,-0.48,2.63,70.21,620200,685596,878244,-0.027
3912,STEP,Financial Services,Asset Management,NASDAQ,79.98,34.07,94.81,47.96,81.02,33.05,94.08,55.52,67.44,19.1,78.68,26.39,43.91,-1.79,0.83,-11.01,2.79,-28.73,24.99,3725218857.558872,82288907.0,0.0744,-43.56,1154500,1.03,44.92,-2.25,44.33,-0.95,46.03,-4.61,47.7,-7.95,4.06,57.67,1151450,1121850,1215160,0.04
3913,MRCY,Industrials,Aerospace & Defense,NASDAQ,79.95,34.03,87.91,24.82,86.41,43.28,83.25,31.42,121.57,85.2,108.17,72.94,78.52,-6.6,-5.6,-2.37,-12.92,12.74,69.34,5165492710.986832,60863586.0,0.095699996,-38.87,395300,0.62,81.78,-3.99,82.09,-4.35,83.05,-5.45,91.33,-14.03,3.74,36.73,550100,638470,702668,0.061
3914,MGEE,Utilities,Utilities - Regulated Electric,NASDAQ,79.95,34.03,93.66,42.78,77.98,29.1,90.68,43.43,89.78,43.76,82.91,30.65,70.73,0.97,3.27,-7.47,-11.34,-8.53,40.93,2671321164.4574356,37746521.0,0.0636,-19.57,200700,1.05,70.55,0.26,70.05,0.97,72.1,-1.9,76.16,-7.13,2.31,64.78,230420,191833,180738,0.011
3915,MDA,Industrials,Aerospace & Defense,NYSE,79.95,34.03,86.93,22.68,89.17,48.69,76.9,24.64,91.48,50.4,101.2,63.68,27.33,-5.66,-13.18,-5.37,-4.97,,,4846089423.373215,162130797.0,3.65,-44.64,1691500,1.34,29.19,-6.37,29.67,-7.89,29.91,-8.63,30.92,-11.61,5.02,18.96,1273430,1262176,1240864,0.336
3916,NAD,Financial Services,Asset Management,NYSE,79.93,34.0,91.21,33.3,79.69,31.11,86.38,35.33,93.7,55.05,94.12,53.19,10.08,-0.88,-0.4,-7.26,-12.46,-11.56,37.74,2402821098.3453627,233737467.0,0.0023999999,-18.12,2902244,1.53,10.08,0.0,10.06,0.2,10.36,-2.7,11.06,-8.86,2.61,89.4,2762194,1891698,1363482,-0.006
3917,CBUS,Healthcare,Biotechnology,NASDAQ,79.92,33.99,95.62,52.42,88.01,46.39,91.31,44.72,118.16,83.44,80.34,28.04,1.59,-2.45,6.0,0.32,-18.04,-7.02,42.65,130693531.3555336,76428964.0,0.060599998,-62.06,149100,1.18,1.63,-2.45,1.6,-0.62,1.58,0.63,1.67,-4.79,7.92,15.88,171420,126110,136252,0.065
3918,BRCC,Consumer Defensive,Packaged Foods,NYSE,79.91,33.97,101.95,82.7,70.55,21.58,61.92,14.15,97.76,61.49,60.25,13.41,9.56,6.94,5.75,14.9,-8.08,-24.13,27.72,128916782.11700821,14244948.0,0.0588,-48.46,91700,0.9,9.39,1.81,9.24,3.46,9.18,4.14,9.02,5.99,4.58,69.95,76560,101890,128757,0.128
3919,NXST,Communication Services,Broadcasting,NASDAQ,79.87,33.95,94.66,47.27,78.48,29.54,81.28,29.19,85.48,36.11,97.04,57.86,162.11,2.21,0.36,-4.62,-16.87,-17.51,32.7,4788226085.008316,30808301.0,0.11359999,-36.25,379000,1.0,157.92,2.65,159.51,1.63,162.71,-0.37,175.15,-7.45,3.34,97.79,341120,379846,365794,0.622
3920,GXO,Industrials,Integrated Freight & Logistics,NYSE,79.86,33.94,98.2,65.39,76.74,27.77,81.11,29.01,85.18,35.73,107.78,72.62,46.36,0.87,4.96,2.05,-10.03,-13.0,36.6,5339714155.735302,114684579.0,0.0655,-30.65,1255800,0.97,46.26,0.22,45.64,1.58,45.74,1.36,46.87,-1.09,2.82,74.86,1205420,1289640,1449392,0.043
3921,CRWV,Technology,Software - Infrastructure,NASDAQ,79.85,33.92,88.94,27.36,85.42,41.11,85.89,34.73,58.14,13.55,123.09,83.16,81.58,-7.89,-9.49,-8.46,34.13,-1.71,49.23,49428711786.08052,551536602.0,0.17639999,-46.75,42122500,1.53,87.75,-7.03,87.3,-6.55,86.14,-5.29,88.26,-7.57,5.97,19.51,24807240,27569976,29106364,1.125
3922,AFB,Financial Services,Asset Management,NYSE,79.83,33.9,89.58,29.12,81.9,34.47,87.51,37.06,95.72,58.34,93.89,52.89,9.37,-1.47,-3.59,-8.1,-13.18,-9.14,40.33,275663940.62612915,28744936.0,0.9,-18.52,222275,1.59,9.45,-0.85,9.47,-1.06,9.77,-4.09,10.36,-9.56,1.76,54.71,230627,139869,106745,0.07
3923,UBER,Technology,Software - Application,NYSE,79.82,33.89,95.64,52.55,77.84,29.02,84.87,33.04,76.22,26.15,80.7,28.39,70.24,3.48,1.47,-3.2,-1.35,-11.44,37.95,139118771087.98975,2042560121.0,0.0232,-30.66,14500000,0.83,69.07,1.69,68.89,1.96,69.95,0.41,73.06,-3.86,2.19,145.7,14996530,17465293,18212536,0.122
3924,CRE,Industrials,Specialty Business Services,NASDAQ,79.81,33.86,87.15,23.27,84.3,38.79,68.27,18.1,81.87,31.91,30.61,3.98,3.0,10.7,-0.33,5.26,24.22,-21.63,29.4,5437759.596034288,2013985.0,0.008,-68.75,2568400,13.75,2.72,10.29,2.7,11.11,2.8,7.14,2.92,2.74,9.52,120.78,317800,186726,1430288,0.574
3925,HLNE,Financial Services,Asset Management,NASDAQ,79.81,33.86,93.83,43.44,77.43,28.52,89.0,39.96,63.05,16.43,67.73,18.35,85.66,-3.29,0.37,-9.96,-2.75,-35.02,21.35,4803356154.203941,55185617.0,0.1019,-44.97,642800,1.02,86.35,-0.8,86.42,-0.88,88.27,-2.96,95.92,-10.7,3.78,53.31,658240,632416,652556,0.565
3926,NHS,Financial Services,Asset Management,NYSE ARCA,79.8,33.84,93.78,43.29,80.32,31.88,84.47,32.62,84.91,35.4,85.82,33.66,5.42,0.0,-0.37,-6.35,-6.52,-13.6,36.15,227695516.3150077,41855793.0,0.0015,-30.06,188569,0.74,5.42,0.0,5.42,0.0,5.53,-1.99,5.73,-5.41,1.38,73.68,301556,255838,218055,0.029
3927,LMNR,Consumer Defensive,Farm Products,NASDAQ,79.79,33.81,91.03,32.91,77.48,28.58,88.09,38.05,88.47,39.93,79.15,26.73,12.05,1.09,0.67,-9.47,-10.41,-17.47,32.77,217402759.77991295,18132007.0,0.0673,-21.91,133000,0.89,12.04,0.08,12.0,0.42,12.4,-2.82,13.3,-9.4,3.17,76.03,154730,149986,115342,-0.077
3928,RIVN,Consumer Cyclical,Auto Manufacturers,NASDAQ,79.79,33.81,88.0,25.1,83.03,36.69,94.13,55.7,104.53,71.07,109.05,73.88,14.33,-2.91,-6.28,-10.72,-12.25,-36.17,20.65,20704407285.1575,1447860630.0,0.1359,-36.84,26200800,1.11,14.42,-0.62,14.7,-2.52,15.09,-5.04,15.58,-8.02,4.07,54.82,27555550,23556236,23158952,0.272
3929,CRMD,Healthcare,Biotechnology,NASDAQ,79.77,33.79,89.21,27.93,79.95,31.49,78.73,26.57,89.83,44.08,81.02,28.73,7.32,-1.35,-5.79,-8.04,1.81,-39.1,19.37,560419694.02001,77944324.0,0.21069999,-43.78,1018300,1.16,7.27,0.69,7.51,-2.53,7.66,-4.44,7.84,-6.63,3.19,59.94,888530,879380,1104160,1.565
3930,PINS,Communication Services,Internet Content & Information,NYSE,79.75,33.77,100.65,79.16,73.67,24.73,72.91,21.33,81.29,31.2,62.02,14.49,20.53,5.5,9.67,9.32,-16.0,-21.28,29.71,10907189029.638765,566313027.0,0.1592,-42.04,12798000,0.89,20.04,2.45,19.44,5.61,19.1,7.49,21.29,-3.57,3.48,60.2,11911230,14333400,13024846,0.182
3931,DDL,Consumer Defensive,Grocery Stores,NYSE,79.74,33.74,91.46,34.15,91.97,59.0,84.93,33.16,84.24,34.7,105.43,69.8,2.06,-3.74,-8.44,-4.63,-14.17,-18.9,31.37,470112826.70276785,218657119.0,0.0165,-39.59,254000,1.03,2.09,-1.44,2.13,-3.29,2.18,-5.5,2.26,-8.85,2.91,16.67,184740,246516,288896,-0.988
3932,DPZ,Consumer Cyclical,Restaurants,NASDAQ,79.74,33.74,98.72,70.05,75.12,26.46,79.04,26.9,69.59,20.42,77.84,25.71,308.65,4.63,5.33,-2.12,-13.73,-27.22,25.71,9845785809.16809,33081735.0,0.1122,-30.22,916800,1.12,301.9,2.24,299.03,3.22,301.13,2.5,326.19,-5.38,2.48,109.0,729390,817043,783644,0.043
3933,JPC,Financial Services,Asset Management,NYSE,79.7,33.72,91.62,34.62,81.26,33.37,85.88,34.7,91.62,50.75,93.54,52.16,6.65,-3.48,-2.21,-6.29,-11.91,-11.62,37.65,2592815030.1049805,375226496.0,0.0056,-19.88,2758774,1.26,6.71,-0.89,6.77,-1.77,6.89,-3.48,7.23,-8.02,2.21,67.96,2845877,2191265,1742759,
3934,MTH,Consumer Cyclical,Residential Construction,NYSE,79.69,33.7,88.49,26.16,80.65,32.24,80.24,28.16,98.67,62.96,86.65,34.81,60.63,-5.81,-6.01,-1.4,-14.7,-6.95,42.73,4161365738.6022263,65174093.0,0.1031,-28.99,1042600,1.2,61.93,-2.1,63.08,-3.88,63.67,-4.77,67.68,-10.42,3.59,71.75,870060,866290,808396,-0.138
3935,EIC,Financial Services,Asset Management,NYSE,79.67,33.69,90.38,31.1,80.94,32.88,86.36,35.29,83.5,33.82,76.13,24.16,9.04,-2.06,-3.93,-8.59,-8.69,-16.1,33.99,215823060.86391926,23433557.0,0.0029,-31.46,270366,2.03,9.09,-0.55,9.18,-1.53,9.44,-4.24,9.78,-7.57,1.63,88.22,207376,133305,113883,-0.204
3936,AIFF,Technology,Software - Application,NASDAQ,79.64,33.67,106.65,89.45,64.26,16.15,53.87,10.14,60.65,14.79,93.03,51.14,1.21,-17.12,1.68,13.08,13.08,-9.7,39.82,21338829.98445177,15690316.0,0.020299999,-61.59,273300,0.05,1.27,-4.72,1.47,-17.69,1.29,-6.2,1.18,2.54,15.47,16.03,15223660,5573943,3395502,0.719
3937,HIMS,Healthcare,Drug Manufacturers - Specialty & Generic,NYSE,79.63,33.65,92.18,36.62,80.68,32.34,78.5,26.26,100.0,65.05,70.21,19.66,28.06,-4.23,-4.17,2.26,12.24,-21.09,29.8,6766088977.0,233313413.0,0.2726,-57.03,15034100,1.56,29.15,-3.74,29.17,-3.81,28.79,-2.54,29.37,-4.46,6.11,33.25,9113520,9628826,11129786,0.382
3938,VVV,Consumer Cyclical,Auto & Truck Dealerships,NYSE,79.62,33.64,97.19,60.28,70.29,21.37,77.49,25.19,103.07,69.27,91.79,48.66,30.84,0.19,8.78,2.09,-22.22,4.37,59.77,3900053286.0897694,127536079.0,0.1148,-24.93,2366700,0.85,30.67,0.55,30.13,2.36,29.24,5.47,31.95,-3.47,3.23,48.11,3039510,2770856,2581370,0.241
3939,BBSI,Industrials,Staffing & Employment Services,NASDAQ,79.61,33.61,95.25,50.41,79.0,30.17,87.87,37.6,98.34,62.38,65.12,16.5,32.18,2.78,1.84,-2.07,-21.28,-11.15,38.26,739415347.3469925,24235180.0,0.051,-29.32,187400,0.87,31.36,2.61,31.1,3.47,32.14,0.12,33.35,-3.51,3.03,48.24,275970,214296,243408,0.038
3940,SLSR,Basic Materials,Other Precious Metals & Mining,NYSE ARCA,79.61,33.61,83.82,17.52,84.47,39.16,95.21,58.21,90.5,46.96,158.05,92.56,6.73,-2.89,-7.17,-15.56,-8.31,-15.77,34.29,1184537825.4731064,167071622.0,6.32,-41.38,138300,0.88,6.98,-3.58,7.0,-3.86,7.22,-6.79,7.79,-13.61,4.24,3.5,134700,157513,149020,
3941,MUA,Financial Services,Asset Management,NYSE,79.6,33.59,91.93,35.85,81.94,34.59,84.48,32.65,93.93,55.45,92.98,51.07,9.23,-2.94,-3.25,-4.98,-8.85,-9.68,39.87,639841904.4017496,67139761.0,0.00090000004,-18.03,367582,0.8,9.35,-1.28,9.41,-1.91,9.55,-3.35,9.8,-5.82,1.67,64.2,556598,459366,403647,-0.021
3942,OFLX,Industrials,Specialty Industrial Machinery,NASDAQ,79.59,33.57,99.14,73.71,73.86,24.96,78.57,26.36,85.38,35.93,96.7,57.44,26.25,1.47,5.7,4.29,-7.98,-3.48,46.83,265783497.48986435,10094322.0,0.028900001,-30.78,50700,1.54,26.19,0.23,25.8,1.74,25.65,2.34,26.91,-2.45,2.9,69.63,36210,32923,35112,-0.058
3943,FMS,Healthcare,Medical Care Facilities,NYSE,79.58,33.55,89.94,29.98,86.26,42.95,90.11,42.2,91.11,49.47,85.93,33.8,20.88,-6.2,-6.58,-6.07,-16.01,-7.61,41.99,11841880982.5,532219370.0,4.46,-24.46,1467500,1.83,21.78,-4.13,22.14,-5.69,22.31,-6.41,23.07,-9.49,2.44,127.63,1042350,803593,809660,0.014
3944,SOHU,Communication Services,Electronic Gaming & Multimedia,NASDAQ,79.57,33.54,92.43,37.45,84.88,39.94,83.29,31.45,77.98,27.68,107.15,71.87,12.53,-2.26,-4.93,-7.19,-7.19,-16.24,33.9,374314224.26548004,30065400.0,5.5796003,-27.57,31400,0.37,12.55,-0.16,12.77,-1.88,13.07,-4.13,13.65,-8.21,3.25,17.19,41020,84103,72794,0.073
3945,KVYO,Technology,Software - Application,NYSE,79.55,33.52,104.17,86.56,70.71,21.72,75.68,23.52,68.31,19.72,64.66,16.14,17.57,8.52,9.06,8.93,-9.29,-45.01,16.47,4701685873.646619,299279813.0,0.15630001,-47.32,6886800,1.04,16.8,4.58,16.24,8.19,16.25,8.12,17.5,0.4,5.02,104.25,5706620,6593370,6637412,0.264
3946,AAON,Industrials,Building Products & Equipment,NASDAQ,79.52,33.5,98.28,65.85,78.49,29.55,71.26,20.16,114.16,80.64,94.09,53.14,85.95,4.46,1.99,12.32,1.4,14.45,70.86,6865914242.738609,82453639.0,0.0709,-42.88,870800,0.78,85.75,0.23,85.34,0.71,81.46,5.51,82.48,4.21,5.02,39.66,1098380,1115606,1182714,1.012
3947,MCFT,Consumer Cyclical,Recreational Vehicles,NASDAQ,79.5,33.48,86.33,21.55,81.43,33.79,88.82,39.59,104.64,71.16,105.26,69.68,19.5,-1.81,-4.27,-5.2,-20.8,-1.02,50.21,489221366.3847332,24339371.0,0.0506,-31.43,193800,0.74,19.63,-0.66,19.83,-1.66,19.88,-1.91,22.48,-13.26,3.56,37.43,192000,260883,228810,0.634
3948,SSYS,Technology,Computer Hardware,NASDAQ,79.5,33.48,98.8,70.89,81.08,33.2,76.47,24.24,76.09,26.01,72.43,21.53,8.05,-5.63,0.37,6.34,4.95,-10.06,39.46,762006883.2941055,87587000.0,0.0467,-37.16,653900,0.97,8.43,-4.51,8.41,-4.28,8.1,-0.62,8.19,-1.71,3.63,20.54,691390,674700,724164,-0.003
3949,VGM,Financial Services,Asset Management,NYSE,79.48,33.45,88.67,26.56,82.99,36.58,91.73,46.2,97.07,60.32,95.39,55.48,8.73,-0.23,-3.75,-10.78,-12.88,-10.31,39.09,482664494.512146,54231968.0,0.0053,-18.11,549573,1.74,8.74,-0.11,8.76,-0.34,9.2,-5.11,9.77,-10.64,2.95,50.56,517667,316679,239645,0.038
3950,CHKP,Technology,Software - Infrastructure,NASDAQ,79.48,33.45,99.33,74.63,79.25,30.57,78.25,25.92,70.32,20.84,61.31,14.04,134.74,3.07,-1.14,3.24,-3.53,-28.76,24.96,13308818265.072815,102100634.0,0.081,-36.04,1133200,1.03,131.39,2.55,130.35,3.37,133.21,1.15,131.89,2.16,3.27,115.48,847020,1097680,1069648,0.013
3951,NCEL,Healthcare,Biotechnology,NASDAQ,79.46,33.42,94.0,44.27,72.03,22.92,76.17,23.92,91.21,49.73,48.21,8.48,3.11,6.87,7.61,-7.99,-11.65,19.62,75.11,16461964.249145508,5776128.0,1.87,-84.29,7300,1.19,2.96,5.07,2.96,5.07,3.08,0.97,3.24,-4.01,7.9,89.59,4610,6156,8536,
3952,PWP,Financial Services,Capital Markets,NASDAQ,79.42,33.37,100.44,78.46,70.09,21.22,81.37,29.38,71.02,21.62,99.04,60.9,15.2,-3.52,10.07,0.2,2.78,-11.63,37.62,1223060502.6465454,77311032.0,0.10479999,-41.37,1837700,0.94,15.5,-1.94,15.5,-1.94,14.54,4.54,15.82,-3.92,5.73,45.94,3042940,1945073,1632498,0.008
3953,ICU,Healthcare,Biotechnology,NASDAQ,79.42,33.37,98.08,64.62,92.45,60.16,85.82,34.61,100.86,66.14,86.87,35.18,3.49,-6.93,1.45,11.5,7.38,42.45,86.2,20668084.542161465,4406841.0,0.0278,-52.52,209100,1.55,3.73,-6.43,3.67,-4.9,3.48,0.29,3.31,5.44,13.07,34.86,326320,135066,110756,0.82
3954,NDMO,Financial Services,Asset Management,NYSE,79.42,33.37,91.66,34.76,80.11,31.58,85.38,33.89,91.64,50.79,92.84,50.86,8.77,-1.57,-1.46,-6.41,-11.49,-7.84,41.77,540728874.5998125,60484217.0,0.0001,-18.95,480378,1.33,8.8,-0.34,8.78,-0.11,8.98,-2.34,9.48,-7.49,2.2,88.04,514487,362475,286687,
3955,XZO,Financial Services,Insurance - Diversified,NYSE,79.42,33.37,96.73,58.18,80.37,31.96,92.03,47.9,75.21,25.2,71.78,20.99,15.89,10.04,1.53,0.7,-3.4,-23.31,28.41,1297237184.8349495,90085918.0,0.1342,-35.41,271300,0.72,15.19,4.61,14.97,6.15,15.63,1.66,15.98,-0.56,5.16,104.96,468440,375846,300188,0.069
3956,ALGT,Industrials,Airlines,NASDAQ,79.42,33.37,90.64,31.79,78.84,29.98,88.86,39.65,133.43,89.7,129.82,85.64,76.42,1.27,-0.55,0.46,-20.14,-10.24,39.19,2121683182.2356415,27337755.0,0.1035,-38.19,621700,1.28,76.6,-0.23,76.69,-0.35,77.62,-1.55,82.1,-6.92,4.55,66.12,468740,486606,515362,0.369
3957,LPA,Real Estate,Real Estate - Development,NYSE ARCA,79.4,33.31,96.87,58.85,67.48,18.68,86.9,36.14,72.26,22.63,79.28,26.92,2.94,1.03,4.26,-2.97,1.38,-0.68,50.72,94778918.95230174,31698635.0,0.0198,-37.82,7600,0.04,3.04,-3.29,2.96,-0.68,3.04,-3.29,3.08,-4.55,7.84,-0.0,443550,170056,113414,0.261
3958,CMG,Consumer Cyclical,Restaurants,NYSE,79.4,33.31,93.6,42.47,81.6,34.0,98.71,63.74,76.93,26.85,71.9,21.09,32.68,1.11,2.09,-9.55,-4.56,-13.18,36.41,40948927252.34985,1265418000.0,0.036,-23.68,71969000,4.47,31.51,3.71,31.69,3.12,32.96,-0.85,34.53,-5.36,3.76,180.59,23290670,16089440,17464058,0.093
3959,OTLK,Healthcare,Biotechnology,NASDAQ,79.39,33.29,76.04,9.16,87.59,45.62,68.23,18.02,285.71,98.55,30.62,4.0,0.56,-1.91,-14.02,-14.67,-43.6,-71.94,7.64,144364398.24506676,243447554.0,0.1402,-77.94,3999400,0.83,0.58,-3.45,0.6,-6.67,0.63,-11.11,0.73,-23.29,7.23,22.22,5138890,4794156,12141658,-0.994
3960,DEI,Real Estate,REIT - Office,NYSE,79.38,33.26,92.82,39.12,76.51,27.53,82.42,30.46,97.14,60.39,75.08,23.44,9.9,1.96,4.45,-5.34,-17.62,-3.81,46.43,1644705270.8275528,167485267.0,0.277,-36.21,2477900,1.15,9.81,0.92,9.68,2.27,9.91,-0.1,10.8,-8.33,3.1,107.49,2570180,2151916,1934120,0.016
3961,NAC,Financial Services,Asset Management,NYSE,79.38,33.26,88.82,26.97,83.82,37.94,86.51,35.58,95.74,58.38,95.92,56.32,10.0,-2.63,-5.39,-7.41,-14.06,-10.3,39.11,1599222048.9793167,156326698.0,0.0032,-18.37,1733207,1.32,10.04,-0.4,10.18,-1.77,10.46,-4.4,11.11,-9.99,2.4,54.17,1648260,1308573,958450,-0.005
3962,DMB,Financial Services,Asset Management,NYSE,79.34,33.23,89.81,29.71,82.3,35.15,88.41,38.67,93.47,54.61,95.19,54.99,9.24,-1.39,-3.95,-9.13,-12.23,-10.98,38.44,174488606.13441467,18405972.0,0.57,-18.09,143958,1.59,9.36,-1.28,9.39,-1.6,9.66,-4.35,10.14,-8.88,2.07,26.12,138845,90555,78475,-0.0
3963,NEOV,Industrials,Electrical Equipment & Parts,NASDAQ,79.34,33.23,92.39,37.26,72.62,23.58,124.77,88.34,51.1,10.13,74.83,23.17,2.6,3.17,8.56,-29.16,31.98,-20.0,30.68,179990400.5360291,59013247.0,0.0924,-63.53,1045100,0.57,2.85,-8.77,2.64,-1.52,3.01,-13.62,3.17,-17.98,11.43,23.55,1630660,1833996,1749054,-0.997
3964,TSHA,Healthcare,Biotechnology,NASDAQ,79.33,33.2,81.05,13.7,88.88,48.11,100.56,66.69,124.64,86.48,213.13,96.66,4.43,-6.54,-7.52,-14.15,-21.03,-19.31,31.06,1508609350.63869,325833545.0,0.1603,-39.32,3914600,1.04,4.47,-0.89,4.66,-4.94,4.86,-8.85,5.53,-19.89,5.38,44.09,4586780,3780860,3343820,
3965,PEGA,Technology,Software - Application,NASDAQ,79.32,33.19,104.01,86.32,74.4,25.63,77.32,25.05,56.98,12.87,81.46,29.22,35.49,3.08,3.77,-0.55,15.07,-41.65,18.09,5578259834.022408,164404945.0,0.137,-47.89,953500,0.44,34.58,2.63,34.04,4.26,35.02,1.34,34.26,3.59,3.6,108.65,1564490,2152656,1989904,0.094
3966,SHIM,Industrials,Engineering & Construction,NASDAQ,79.31,33.17,84.57,18.72,89.2,48.8,99.39,64.69,105.98,72.78,192.54,95.73,3.08,4.05,-7.78,-10.47,-19.79,12.0,68.68,130207846.39209127,41335823.0,0.0136,-54.46,32200,0.19,3.11,-0.96,3.08,0.0,3.25,-5.23,3.61,-14.68,5.89,60.63,99210,173473,142712,-0.17
3967,MC,Financial Services,Capital Markets,NYSE,79.29,33.15,89.49,28.85,80.91,32.81,91.35,44.9,93.11,54.06,91.45,48.05,56.27,-1.19,-2.34,-12.42,-12.91,-17.22,32.96,4172235871.1523056,74080893.0,0.081999995,-28.06,1140600,1.31,56.17,0.18,57.02,-1.32,58.84,-4.37,63.9,-11.94,3.34,89.5,1006050,868676,887332,0.12
3968,KGC,Basic Materials,Gold,NYSE,79.28,33.12,86.17,21.24,85.29,40.78,101.29,67.97,81.72,31.69,141.09,89.27,23.34,-2.99,-4.42,-19.32,0.69,-18.04,32.27,28540952749.81907,1186240789.0,2.05,-40.32,6693900,0.86,23.59,-1.06,23.96,-2.59,26.04,-10.37,27.6,-15.43,4.32,33.71,7923020,7827830,8260250,0.295
3969,CHCT,Real Estate,REIT - Healthcare Facilities,NYSE,79.28,33.12,89.61,29.26,82.03,34.74,85.71,34.47,104.62,71.14,104.84,68.96,13.68,-2.91,-4.4,-6.49,-25.37,-7.15,42.35,390265324.760828,28653842.0,0.038599998,-28.62,411400,1.02,13.57,0.81,13.93,-1.79,14.22,-3.8,14.83,-7.75,2.08,86.42,424890,402946,398730,0.074
3970,SGML,Basic Materials,Other Industrial Metals & Mining,NASDAQ,79.28,33.12,86.81,22.47,89.19,48.78,88.94,39.84,96.92,60.08,206.09,96.44,9.56,14.7,-4.21,-5.06,2.03,-21.58,29.44,1023245982.3465614,112568313.0,0.0563,-60.95,1535300,0.66,9.56,0.0,9.43,1.38,9.56,0.0,10.7,-10.65,6.72,31.15,2814970,2318326,2089514,2.239
3971,ANIP,Healthcare,Drug Manufacturers - Specialty & Generic,NASDAQ,79.27,33.09,94.66,47.27,79.39,30.71,79.03,26.88,93.6,54.88,91.67,48.35,71.98,-1.34,-2.78,0.73,-11.98,-13.12,36.51,1658000014.369995,22970352.0,0.1321,-25.79,419700,1.05,72.04,-0.08,72.73,-1.03,73.42,-1.96,74.7,-3.64,3.14,30.97,352660,399066,402964,0.259
3972,CPSH,Technology,Electronic Components,NASDAQ,79.26,33.07,88.24,25.51,81.1,33.22,76.95,24.69,98.34,62.38,157.13,92.39,3.6,-5.01,-6.98,-8.63,2.56,11.46,68.12,73990838.66617584,19268448.0,0.0777,-74.98,208600,1.04,3.67,-1.91,3.71,-2.96,3.84,-6.25,3.97,-9.32,4.35,70.32,174100,201176,210164,0.029
3973,TMUS,Communication Services,Telecom Services,NASDAQ,79.24,33.06,96.84,58.71,74.42,25.66,80.04,27.97,83.03,33.37,82.67,30.4,171.31,5.92,3.6,-3.3,-5.08,-11.52,37.82,175531982096.61322,1072671613.0,0.0379,-25.85,4338200,0.9,166.63,2.81,165.28,3.65,168.82,1.47,174.91,-2.06,2.13,92.91,4107420,4800660,4621670,0.079
3974,IFN,Financial Services,Asset Management,NYSE,79.21,33.04,90.88,32.47,83.71,37.74,87.33,36.67,80.7,30.71,78.93,26.59,10.28,-1.63,-5.34,-7.22,-8.6,-18.02,32.31,454313728.86730576,43309222.0,0.006,-33.55,594643,3.46,10.44,-1.53,10.55,-2.56,10.78,-4.64,11.18,-8.05,1.53,95.4,257414,172091,161108,-0.124
3975,TPR,Consumer Cyclical,Luxury Goods,NYSE,79.2,33.01,94.63,47.08,75.24,26.53,82.25,30.28,98.51,62.62,137.65,88.31,115.82,-2.87,3.3,-0.04,-22.55,-6.79,42.96,23552145553.0056,199391678.0,0.0938,-29.72,2846900,0.9,116.21,-0.34,115.68,0.12,115.4,0.36,127.7,-9.3,2.69,115.97,2798650,3172696,3241574,0.089
3976,AXR,Real Estate,Real Estate - Development,NYSE,79.2,33.01,87.76,24.55,84.12,38.48,90.9,43.88,92.48,52.72,107.33,72.09,20.72,-5.52,-8.44,-9.8,-11.07,9.63,66.26,114697252.33504486,5324849.0,0.010199999,-28.58,7900,0.84,21.04,-1.52,21.68,-4.43,22.27,-6.96,22.56,-8.16,3.8,36.81,10720,9383,10518,-0.661
3977,GIII,Consumer Cyclical,Apparel Manufacturing,NASDAQ,79.19,32.99,89.23,28.0,80.84,32.62,83.19,31.35,115.02,81.32,102.62,65.83,26.77,-2.9,-1.04,-2.9,-26.47,-10.62,38.72,1173530059.9433975,42876508.0,0.2852,-28.69,807300,0.95,26.97,-0.74,27.11,-1.25,27.39,-2.26,30.7,-12.8,2.6,33.06,673510,853620,675460,-0.096
3978,ARLO,Industrials,Building Products & Equipment,NYSE,79.16,32.96,91.74,35.16,83.75,37.8,85.17,33.54,75.3,25.24,99.2,61.1,12.15,-4.86,-6.68,-6.54,-16.26,-13.52,36.21,1375297996.3841476,107613304.0,0.1388,-39.07,1870400,1.34,12.45,-2.41,12.53,-3.03,12.96,-6.25,13.53,-10.2,4.21,66.48,1475100,1396690,1379976,0.205
3979,ALH,Consumer Cyclical,"Furnishings, Fixtures & Appliances",NYSE,79.16,32.96,91.8,35.32,81.55,33.92,82.91,30.97,92.81,53.29,93.63,52.42,21.24,0.05,-0.61,0.47,-18.21,3.91,58.96,4234207593.135956,198789096.0,0.09,-24.76,1320700,1.24,21.31,-0.33,21.45,-0.98,21.43,-0.89,23.29,-8.8,3.08,62.6,1261540,1062466,1392016,0.066
3980,AZ,Technology,Software - Application,NASDAQ,79.15,32.94,96.45,56.66,82.28,35.11,85.21,33.61,57.91,13.33,94.49,53.9,5.83,3.37,2.64,1.75,7.76,2.64,56.31,272523833.24921465,44026467.0,0.1079,-33.18,491300,1.16,6.03,-3.32,5.78,0.87,5.76,1.22,6.21,-6.12,6.22,19.32,468180,425320,502014,4.09
3981,AGNC,Real Estate,REIT - Mortgage,NASDAQ,79.14,32.91,84.6,18.77,89.02,48.43,96.81,61.16,104.99,71.64,104.29,68.27,8.68,-3.02,-8.61,-13.72,-17.54,-8.88,40.66,10420381873.90747,1185481447.0,0.0919,-28.79,43548400,1.16,8.66,0.23,8.95,-3.02,9.42,-7.86,10.08,-13.89,2.74,113.48,43050780,37427146,28870346,
3982,RVLV,Consumer Cyclical,Internet Retail,NYSE,79.14,32.91,99.12,73.58,76.33,27.41,81.76,29.77,91.5,50.42,102.24,65.27,21.63,1.88,4.59,5.62,-16.2,-25.39,27.0,1475022465.0,71085420.0,0.1224,-31.72,622000,0.77,21.19,2.08,21.22,1.93,21.01,2.95,22.42,-3.52,3.23,100.2,638370,805076,858440,0.124
3983,SRPT,Healthcare,Biotechnology,NASDAQ,79.14,32.91,92.67,38.4,87.0,44.4,110.19,78.43,74.77,24.8,86.63,34.77,18.21,3.64,-0.98,-11.26,17.18,-13.45,36.24,1848472867.5,105627021.0,0.2886,-28.08,3515100,1.14,17.6,3.47,17.99,1.22,19.11,-4.71,19.01,-4.21,4.66,119.12,2455880,3090223,2958394,-0.343
3984,XXI,Consumer Defensive,Education & Training Services,NYSE,79.11,32.87,103.06,84.71,80.87,32.72,63.14,14.74,43.22,6.97,55.51,11.12,6.32,-6.37,-4.68,15.96,45.29,-44.76,16.61,2287798959.542195,346636211.0,3.65,-75.34,1225100,0.53,6.5,-2.77,6.57,-3.81,6.26,0.96,5.74,10.1,6.89,44.8,1412910,2297156,1969612,
3985,WAFU,Consumer Defensive,Education & Training Services,NASDAQ,79.1,32.86,97.58,62.26,84.25,38.72,72.08,20.85,87.5,38.43,91.45,48.05,1.45,2.11,-7.05,5.84,-5.84,-6.45,43.32,6395310.760311842,4410559.0,0.2025,-52.61,164500,0.12,1.46,-0.68,1.46,-0.68,1.44,0.69,1.43,1.4,7.49,36.82,60240,1378370,1934632,-0.027
3986,COIN,Financial Services,Financial Data & Stock Exchanges,NASDAQ,79.04,32.84,93.36,41.37,93.94,63.04,76.52,24.3,58.04,13.46,71.27,20.69,172.0,-9.13,-13.66,-0.16,7.44,-29.83,24.41,48282156909.0,263836923.0,0.114700004,-57.23,11032800,1.17,181.48,-5.22,186.0,-7.53,185.87,-7.46,174.25,-1.29,5.62,1.96,7761030,9399133,9632248,-0.173
3987,MWH,Utilities,Utilities - Renewable,NASDAQ,79.03,32.82,95.94,54.04,69.96,21.04,72.4,21.05,82.86,33.07,98.72,60.37,25.69,4.3,2.55,4.86,7.67,,,5110264730.5,202386722.0,0.1864,-46.92,1387800,1.01,25.66,0.12,25.02,2.68,25.41,1.1,26.99,-4.82,4.85,120.41,1389050,1372100,1645034,0.775
3988,STZ,Consumer Defensive,Beverages - Brewers,NYSE,78.99,32.81,99.12,73.58,72.52,23.45,79.39,27.4,75.52,25.48,91.14,47.29,123.63,9.42,8.25,-0.15,-5.42,-6.49,43.28,19275762314.63698,170778434.0,0.056900002,-26.67,5266100,2.0,116.77,5.87,114.92,7.58,117.87,4.89,125.98,-1.87,2.51,229.89,3029070,2637280,2241418,-0.033
3989,NVG,Financial Services,Asset Management,NYSE,78.97,32.79,89.77,29.57,81.8,34.33,86.89,36.11,95.29,57.75,95.5,55.68,10.57,-0.38,-3.38,-8.09,-13.35,-10.47,38.92,2311447555.6629343,215821433.0,0.0034,-22.22,1882697,1.46,10.55,0.19,10.57,0.0,10.99,-3.82,11.66,-9.35,2.73,74.51,2169159,1293869,980291,-0.023
3990,OSS,Technology,Computer Hardware,NASDAQ,78.95,32.76,73.02,7.06,90.37,52.6,86.87,36.08,150.2,93.34,180.98,95.03,7.65,-14.72,-17.83,-14.14,-29.62,4.08,59.23,215981521.99443817,24940130.0,0.19370002,-63.36,1036900,1.32,8.19,-6.59,8.55,-10.53,8.8,-13.07,10.53,-27.35,5.8,28.15,954060,782786,847822,0.623
3991,ARR,Real Estate,REIT - Mortgage,NYSE,78.95,32.76,87.17,23.33,85.09,40.33,94.64,57.08,99.23,63.87,104.15,68.0,13.47,-2.46,-4.54,-13.57,-15.15,-12.19,37.12,1923705916.7392807,141553046.0,0.0,-30.24,5646600,1.27,13.47,0.0,13.71,-1.75,14.35,-6.13,15.34,-12.19,2.87,80.22,5101340,4458926,3973032,
3992,AQN,Utilities,Utilities - Diversified,NYSE,78.94,32.74,94.24,45.5,76.46,27.5,85.5,34.11,84.96,35.45,95.64,56.01,5.08,0.99,2.53,-5.22,-13.64,-14.63,35.18,3926499591.0764337,769901895.0,4.52,-28.55,5996100,1.29,5.07,0.2,5.04,0.79,5.12,-0.78,5.44,-6.62,1.93,61.21,4876030,4647783,4227818,0.031
3993,BMM,Basic Materials,Other Industrial Metals & Mining,NASDAQ,78.93,32.71,83.97,17.82,90.24,51.88,95.17,58.14,100.17,65.27,151.4,91.6,4.82,-0.41,-7.66,-13.31,-6.41,,,516974576.92907286,104863001.0,3.88,-44.15,149100,0.38,4.94,-2.43,4.98,-3.21,5.2,-7.31,5.39,-10.58,6.3,-0.0,227190,388613,335986,
3994,TDF,Financial Services,Asset Management,NYSE,78.93,32.71,90.0,30.13,84.15,38.57,87.91,37.7,89.56,42.83,98.21,59.59,9.41,-2.28,-5.14,-7.74,-10.59,-13.35,36.33,238218922.0,25075676.0,0.0005,-22.87,61545,1.36,9.52,-1.16,9.61,-2.08,9.86,-4.56,10.33,-8.91,2.29,23.24,51294,45408,47300,-0.013
3995,SRE,Utilities,Utilities - Diversified,NYSE,78.91,32.69,94.84,48.07,76.93,28.02,87.1,36.37,94.6,56.55,100.86,63.28,80.08,2.6,3.01,-3.87,-9.08,-5.8,44.1,51252707480.249054,653900348.0,0.019,-20.74,3516300,0.91,79.26,1.03,78.53,1.97,79.72,0.45,82.57,-3.02,1.57,71.48,3429710,3863410,3957222,-0.001
3996,AIRI,Industrials,Aerospace & Defense,NYSE ARCA,78.9,32.67,97.14,60.05,72.26,23.17,75.89,23.67,73.21,23.36,85.46,33.34,2.6,-1.89,1.17,-0.76,-4.06,-12.16,37.15,13004467.016787052,4781054.0,0.028099999,-34.18,3600,0.29,2.6,0.0,2.6,0.0,2.62,-0.76,2.6,0.0,4.67,0.0,12890,12370,18624,-0.052
3997,PHR,Healthcare,Health Information Services,NYSE,78.86,32.66,100.01,77.37,68.95,20.06,76.99,24.74,69.45,20.34,40.11,6.24,10.66,2.9,6.6,4.82,-4.31,-35.59,20.95,625054387.1374512,62070944.0,0.0617,-56.03,695100,0.98,10.37,2.8,10.28,3.7,10.21,4.41,11.04,-3.44,3.47,78.3,612710,706236,755060,0.104
3998,TWAV,Financial Services,Asset Management,NASDAQ,78.83,32.64,99.44,75.16,79.22,30.45,59.34,12.81,49.72,9.65,59.59,13.18,1.42,-10.13,-7.19,19.33,29.09,-37.17,20.16,6087234.03336823,3877219.0,0.0056,-55.76,129200,1.97,1.65,-13.94,1.61,-11.8,1.48,-4.05,1.4,1.43,12.42,11.34,83390,65493,55034,-0.118
3999,SERA,Healthcare,Medical Devices,NASDAQ,78.82,32.62,96.86,58.78,83.45,37.33,81.68,29.72,72.55,22.84,60.55,13.62,2.02,-0.98,-4.27,-1.46,-1.46,-43.1,17.09,82449380.55402517,39449466.0,0.0068,-48.86,13400,0.64,2.05,-1.46,2.04,-0.98,2.05,-1.46,2.04,-0.98,5.01,9.87,10560,21020,25460,0.765
4000,DSM,Financial Services,Asset Management,NYSE,78.82,32.62,90.39,31.12,81.01,33.0,86.53,35.62,92.93,53.52,95.48,55.65,5.12,-1.35,-3.03,-7.75,-11.86,-10.94,38.49,256040610.89500284,49428691.0,0.0016,-18.73,160347,0.86,5.15,-0.58,5.17,-0.97,5.31,-3.58,5.58,-8.24,1.88,51.85,316074,186091,172196,0.031
4001,NVR,Consumer Cyclical,Residential Construction,NYSE,78.78,32.59,93.86,43.66,78.66,29.82,79.8,27.8,80.16,30.0,83.38,31.16,6002.55,-2.02,-3.74,-1.41,-5.94,-18.88,31.44,15972771371.240234,2664860.0,0.0747,-26.8,38300,0.93,5988.97,0.23,6102.57,-1.64,6162.66,-2.6,6251.27,-3.98,2.48,90.51,39060,40970,37606,-0.109
4002,AZO,Consumer Cyclical,Auto Parts,NYSE,78.77,32.57,97.55,62.08,74.67,25.92,75.83,23.64,72.02,22.51,86.46,34.56,2910.54,3.25,1.7,1.01,-7.37,-14.2,35.5,45155501663.81836,16173000.0,0.0345,-31.1,172400,0.48,2851.03,2.09,2856.56,1.89,2861.97,1.7,2947.04,-1.24,3.26,74.69,306120,360273,300230,0.056
4003,EVN,Financial Services,Asset Management,NYSE,78.76,32.56,88.14,25.24,82.68,35.94,88.92,39.78,94.65,56.66,91.18,47.46,9.2,0.0,-5.64,-10.93,-11.11,-10.63,38.7,370484278.619442,39922876.0,2.9,-18.29,534647,3.52,9.17,0.33,9.27,-0.76,9.74,-5.54,10.24,-10.16,2.62,62.35,306224,152074,123668,0.059
4004,NAN,Financial Services,Asset Management,NYSE,78.73,32.54,89.64,29.3,81.17,33.29,86.87,36.08,94.96,57.15,92.81,50.79,9.57,-3.92,-3.63,-8.17,-13.4,-10.06,39.46,332002287.40517044,33569492.0,0.0054,-18.9,335041,1.96,9.72,-1.54,9.77,-2.05,10.0,-4.3,10.56,-9.38,2.11,69.21,231864,170871,137272,-0.019
4005,TWI,Industrials,Farm & Heavy Construction Machinery,NYSE,78.72,32.52,93.0,39.91,82.55,35.65,85.1,33.47,81.46,31.34,87.76,36.41,6.82,0.29,-3.54,-7.34,-10.85,-13.12,36.51,451151025.707428,64542352.0,0.0535,-41.71,817400,1.35,6.93,-1.59,6.93,-1.59,7.07,-3.54,7.14,-4.48,4.06,68.56,616850,603383,595284,0.052
4006,PPTA,Basic Materials,Other Precious Metals & Mining,NASDAQ,78.71,32.51,85.59,20.22,92.99,61.3,91.67,46.02,65.85,18.15,138.58,88.51,20.11,-3.92,-14.13,-15.04,16.51,-27.14,25.76,2549452360.155424,125095803.0,0.1273,-46.19,1168600,1.21,20.29,-0.89,21.08,-4.6,22.27,-9.7,23.36,-13.91,5.17,71.13,1024860,965493,1102194,
4007,ELA,Consumer Cyclical,Luxury Goods,NYSE ARCA,78.7,32.48,82.0,14.79,75.57,26.85,93.09,52.9,183.64,96.43,192.84,95.75,12.07,-0.98,-4.36,-11.7,-43.12,-17.16,32.99,315715864.19828796,25963476.0,0.067,-59.33,58600,0.51,12.11,-0.33,12.2,-1.07,12.63,-4.43,14.62,-17.44,3.25,25.45,85000,114436,125966,0.035
4008,BX,Financial Services,Asset Management,NYSE,78.7,32.48,88.8,26.91,82.22,35.01,89.31,40.62,79.15,28.71,75.22,23.54,112.68,0.39,-3.86,-10.15,-12.03,-23.33,28.38,83882356489.5,750625114.0,0.026300002,-33.72,6470800,1.51,112.25,0.38,113.26,-0.51,119.15,-5.43,130.87,-13.9,3.06,70.19,5540020,4283570,4228598,0.286
4009,MIRM,Healthcare,Biotechnology,NASDAQ,78.68,32.46,81.56,14.16,85.12,40.42,109.58,77.73,139.46,91.21,139.55,88.86,81.35,-3.06,-8.96,-19.14,-24.37,4.64,60.17,5384827614.605736,64932203.0,0.1245,-37.42,664300,0.89,81.12,0.28,84.02,-3.18,89.51,-9.12,95.71,-15.0,4.32,77.4,915630,744520,731938,0.379
4010,VFC,Consumer Cyclical,Apparel Manufacturing,NYSE,78.65,32.44,102.09,82.91,73.65,24.69,69.82,18.94,95.89,58.52,133.95,87.08,14.53,0.83,6.14,15.13,-2.97,-20.59,30.19,5633618358.106213,393134570.0,0.1007,-34.76,8987600,1.13,14.39,0.97,14.35,1.25,13.68,6.21,13.92,4.38,3.49,76.9,10013970,7927160,7588458,-0.052
4011,RYAN,Financial Services,Insurance Brokers,NYSE,78.63,32.42,95.09,49.55,78.67,29.83,87.95,37.81,78.9,28.49,58.01,12.38,37.79,-1.56,2.86,-2.28,-18.45,-27.76,25.42,4598666810.8090515,122077702.0,0.113900006,-36.15,2488300,1.21,37.87,-0.21,37.86,-0.18,38.39,-1.56,40.96,-7.74,3.83,68.76,1950540,2060333,1948226,0.074
4012,CTEV,Healthcare,Health Information Services,NYSE,78.63,32.42,82.35,15.31,69.21,20.38,113.68,81.68,93.09,54.01,56.88,11.84,24.33,14.17,4.15,-33.78,3.97,-40.69,18.64,401993810.72310066,16947463.0,0.0922,-66.98,245200,1.51,24.37,-0.16,23.16,5.05,27.71,-12.2,31.75,-23.37,8.86,31.54,205800,161966,146828,0.066
4013,HWKN,Basic Materials,Specialty Chemicals,NASDAQ,78.62,32.38,99.93,77.04,71.89,22.75,73.73,21.94,81.82,31.8,90.03,44.5,127.79,0.47,0.92,4.21,-7.66,-11.0,38.4,2743199201.4169617,20875117.0,0.078200005,-31.35,172500,0.94,131.18,-2.58,129.21,-1.1,126.1,1.34,126.13,1.32,2.83,5.53,164870,182686,168394,0.076
4014,TRSG,Industrials,Metal Fabrication,NASDAQ,78.62,32.38,80.09,12.61,90.36,52.5,92.0,47.7,99.89,64.84,80.66,28.3,1.17,-5.97,-16.71,-19.59,-21.22,1.57,53.91,18642973.806061506,16353486.0,0.0064,-33.14,3400,0.08,1.16,0.86,1.21,-3.31,1.34,-12.69,1.41,-17.02,10.7,46.32,128430,44446,27964,0.109
4015,TOUR,Consumer Cyclical,Travel Services,NASDAQ,78.61,32.36,97.83,63.36,80.85,32.66,81.69,29.73,71.21,21.73,83.24,31.05,4.98,0.0,-1.58,-2.54,-3.68,-11.81,37.46,53971144.07148695,10863757.0,13.2,-47.58,1400,0.24,5.0,-0.4,5.02,-0.8,5.06,-1.58,5.02,-0.8,3.23,12.44,4890,5723,6334,0.03
4016,NVMI,Technology,Semiconductor Equipment & Materials,NASDAQ,78.55,32.33,90.52,31.49,82.13,34.9,83.36,31.51,108.82,75.92,157.56,92.44,354.59,-8.28,-3.33,-3.13,-3.36,9.84,66.5,12599056340.01648,31806161.0,0.0699,-42.44,399700,0.79,383.16,-7.46,381.14,-6.97,367.98,-3.64,375.99,-5.69,3.81,64.56,265120,505550,505390,0.159
4017,NPB,Financial Services,Banks - Regional,NYSE,78.55,32.33,93.27,41.01,76.07,27.25,85.93,34.81,95.25,57.72,108.22,72.97,15.69,5.66,2.21,-7.71,-9.31,-7.33,42.18,530831287.8919258,34581842.0,0.021,-20.4,300100,1.16,15.5,1.23,15.22,3.09,15.86,-1.07,16.62,-5.6,3.04,219.23,238460,258616,229620,0.098
4018,VSEC,Industrials,Aerospace & Defense,NASDAQ,78.52,32.29,84.65,18.86,85.88,42.08,96.42,60.57,101.71,67.32,130.26,85.8,169.97,5.73,-5.8,-11.77,-8.11,-3.18,47.3,4694708481.901001,28064972.0,0.0825,-31.42,553700,1.39,168.24,1.03,169.37,0.35,176.39,-3.64,200.04,-15.03,4.82,93.97,443650,398523,395466,0.65
4019,RSI,Consumer Cyclical,Gambling,NYSE,78.52,32.29,83.12,16.47,72.64,23.59,103.5,71.19,153.07,93.82,124.16,83.58,20.32,1.85,3.99,-22.91,-33.96,4.21,59.46,2313683229.9347706,115626347.0,0.082600005,-41.15,2219400,0.67,20.42,-0.49,20.15,0.84,22.09,-8.01,24.36,-16.58,5.54,46.22,2819960,3314423,3055356,0.463
4020,NMT,Financial Services,Asset Management,NYSE,78.52,32.29,85.03,19.27,84.73,39.7,90.11,42.2,97.49,61.03,99.26,61.17,10.19,-2.86,-7.45,-12.05,-17.04,-7.63,41.97,105604799.85558414,10252893.0,0.0014,-25.62,28202,0.64,10.19,0.0,10.27,-0.78,10.75,-5.21,11.72,-13.05,3.0,45.72,66630,43980,31222,0.054
4021,OTF,Financial Services,Asset Management,NYSE,78.51,32.26,90.88,32.47,80.84,32.62,84.77,32.86,73.18,23.33,77.39,25.3,9.39,-3.69,-5.34,-8.63,-1.84,-20.61,30.18,4389415991.663229,458185389.0,0.0125,-37.4,2157600,0.97,9.4,-0.11,9.63,-2.49,9.93,-5.44,10.38,-9.54,2.22,100.87,2237810,2229876,2567378,0.058
4022,ACIU,Healthcare,Biotechnology,NASDAQ,78.49,32.23,94.62,47.01,85.99,42.35,99.27,64.46,70.54,21.1,109.65,74.45,2.55,-9.25,-4.14,-5.2,12.33,-15.84,34.24,270938380.21790886,99426932.0,0.0748,-36.25,231900,1.28,2.61,-2.3,2.62,-2.67,2.66,-4.14,2.62,-2.67,6.45,30.42,237540,180593,206764,10.572
4023,RM,Financial Services,Credit Services,NYSE,78.49,32.23,100.28,78.08,70.75,21.86,83.16,31.29,103.54,69.91,102.62,65.83,33.92,9.45,11.58,3.57,-19.21,-14.12,35.59,293380242.1612778,9225794.0,0.0509,-23.43,122300,1.65,32.9,3.1,31.75,6.83,31.81,6.63,32.42,4.63,2.72,134.16,86930,74180,94120,0.06
4024,GLOB,Technology,Information Technology Services,NYSE,78.45,32.2,105.29,88.13,75.1,26.43,72.81,21.26,48.47,9.08,60.37,13.48,37.05,0.19,6.37,0.95,-2.88,-46.68,15.77,1515602349.7132263,43179556.0,0.26389998,-48.61,840500,0.88,35.79,3.52,35.29,4.99,36.18,2.4,37.58,-1.41,4.58,144.31,819040,957076,1346886,0.0
4025,NKX,Financial Services,Asset Management,NYSE,78.45,32.2,88.89,27.21,81.63,34.07,87.61,37.19,94.93,57.07,91.32,47.78,10.4,-1.61,-4.24,-10.32,-13.37,-12.37,36.98,593179546.2176418,56332342.0,0.0019,-21.21,472175,1.6,10.47,-0.67,10.54,-1.33,10.95,-5.02,11.59,-10.27,1.83,52.63,465047,294255,234527,0.017
4026,TKC,Communication Services,Telecom Services,NYSE,78.43,32.18,94.65,47.2,77.19,28.27,82.16,30.17,87.34,38.24,100.15,62.4,5.12,1.99,-0.19,-2.85,-5.19,-11.59,37.69,4387708157.670122,870577022.0,0.0058,-28.69,1311400,0.52,5.13,-0.19,5.09,0.59,5.14,-0.39,5.27,-2.85,1.88,20.74,2480780,2506606,2198294,0.025
4027,AYTU,Healthcare,Drug Manufacturers - Specialty & Generic,NASDAQ,78.41,32.16,89.53,28.95,89.75,49.93,81.11,29.01,80.45,30.43,119.01,81.06,2.05,-1.91,-11.26,0.0,-1.44,-19.61,30.86,22494084.834568977,10866708.0,0.033299997,-33.22,5600,0.14,2.05,0.0,2.11,-2.84,2.11,-2.84,2.21,-7.24,5.16,0.0,29190,41440,38328,0.064
4028,GHI,Financial Services,Mortgage Finance,NYSE,78.34,32.14,87.0,22.84,85.85,41.96,92.96,52.21,68.32,19.74,52.84,10.08,5.1,-7.27,-10.04,-16.9,-0.44,-16.55,33.6,130300685.24361134,23562510.0,0.0086,-51.15,84700,1.87,5.3,-3.77,5.48,-6.93,5.68,-10.21,5.87,-13.12,4.06,19.34,57520,45396,58350,
4029,BMN,Financial Services,Asset Management,NYSE,78.33,32.12,87.93,24.9,82.32,35.18,88.42,38.7,89.42,42.21,93.58,52.29,21.7,-1.94,-6.26,-11.27,-14.36,-14.04,35.73,136785279.25,6147653.0,0.8,-22.39,81131,2.87,22.01,-1.41,22.1,-1.81,23.12,-6.14,24.41,-11.1,3.67,45.26,55873,28271,19324,
4030,HAPN,Financial Services,Banks - Regional,NASDAQ,78.33,32.12,88.59,26.34,76.64,27.68,89.35,40.71,112.62,79.59,106.28,71.04,15.33,-0.45,-0.13,-8.2,-17.27,-21.98,29.22,1774966809.5273361,115407464.0,0.0636,-29.26,3464800,2.23,15.34,-0.07,15.17,1.05,15.7,-2.36,17.43,-12.05,3.47,105.2,1994320,1552933,1405974,0.065
4031,VSNT,Communication Services,Entertainment,NASDAQ,78.29,32.09,88.86,27.09,77.07,28.17,83.08,31.17,79.31,28.87,92.27,49.52,31.77,3.02,-4.03,-13.94,-12.99,-30.17,24.18,4305922287.64484,139170078.0,0.044499997,-46.15,2092800,1.18,31.33,1.4,31.51,0.83,33.52,-5.22,36.22,-12.29,3.04,96.81,1833880,1771606,1759392,-0.037
4032,SUPN,Healthcare,Drug Manufacturers - Specialty & Generic,NASDAQ,78.28,32.06,93.72,43.1,79.55,30.96,81.43,29.47,93.24,54.25,112.44,76.73,42.14,-0.09,-2.66,1.08,-9.51,-18.14,32.19,2467539242.530094,58224143.0,0.10520001,-29.39,684200,1.06,42.63,-1.15,42.96,-1.91,42.63,-1.15,44.39,-5.07,3.43,69.24,702920,643766,804172,0.324
4033,NPKI,Industrials,Building Products & Equipment,NYSE,78.28,32.06,88.4,25.94,76.96,28.09,92.03,47.9,106.73,73.86,138.79,88.6,11.48,-2.96,-1.71,-12.96,-4.73,-6.21,43.51,1001087647.0209446,84909894.0,0.0339,-30.42,909700,1.1,11.7,-1.88,11.64,-1.37,12.14,-5.44,12.92,-11.15,3.5,57.3,801600,830166,819818,0.196
4034,MAZE,Healthcare,Biotechnology,NASDAQ,78.28,32.06,93.56,42.3,76.59,27.61,85.45,34.04,102.36,68.25,130.65,85.97,25.88,-2.89,-1.26,4.27,-5.1,-37.95,19.89,1468164527.1922607,55549168.0,0.115100004,-51.76,903000,1.16,26.28,-1.52,26.52,-2.41,25.64,0.94,26.87,-3.68,7.61,42.15,755040,778403,609058,
4035,PBH,Healthcare,Drug Manufacturers - Specialty & Generic,NYSE,78.26,32.03,98.05,64.45,72.44,23.38,77.72,25.52,68.42,19.81,74.74,23.1,47.87,6.92,4.86,1.12,-8.28,-22.47,28.86,2144170786.2034378,47374522.0,0.1221,-32.64,558500,0.96,46.55,2.84,46.37,3.23,46.51,2.92,49.57,-3.43,2.76,85.37,582060,581373,571630,0.065
4036,SLRC,Financial Services,Asset Management,NASDAQ,78.25,32.0,94.02,44.36,79.74,31.19,82.23,30.24,79.81,29.59,99.67,61.85,11.5,-1.46,-1.54,-4.25,-8.62,-18.66,31.65,630106033.1054707,54554634.0,0.0231,-29.71,416400,1.15,11.47,0.26,11.57,-0.61,11.79,-2.46,12.15,-5.35,1.58,60.39,376190,361710,363844,-0.094
4037,VSECU,Industrials,Aerospace & Defense,NASDAQ,78.25,32.0,85.43,19.92,81.63,34.07,91.21,44.45,88.7,40.16,103.04,66.6,44.09,0.62,-5.68,-11.34,-9.96,,,,,0.41,-35.26,10167,0.39,44.8,-1.58,45.13,-2.3,46.41,-5.0,51.56,-14.49,2.53,-0.22,18856,25748,35429,0.65
4038,CXM,Technology,Software - Application,NYSE,78.24,31.98,94.14,44.98,76.8,27.83,78.73,26.57,77.26,27.21,66.13,17.31,5.42,3.83,2.26,-0.37,-15.97,-30.87,23.82,1207290923.7168312,232171340.0,0.108100004,-34.5,2552600,0.66,5.24,3.44,5.12,5.86,5.32,1.88,6.23,-13.0,3.95,139.95,2706100,3847986,3374142,0.008
4039,TEX,Industrials,Farm & Heavy Construction Machinery,NYSE,78.22,31.96,84.2,18.17,83.88,38.16,96.06,59.98,105.08,71.72,109.72,74.53,52.35,-4.71,-7.54,-12.22,-18.7,-2.19,48.52,6481952895.355225,114300000.0,0.0719,-29.91,1648400,1.33,55.37,-5.45,55.06,-4.92,56.97,-8.11,61.47,-14.84,4.47,34.63,1688830,1236140,1207598,0.505
4040,WMS,Industrials,Building Products & Equipment,NYSE,78.21,31.93,91.62,34.62,79.21,30.41,83.52,31.59,97.27,60.64,104.22,68.18,126.21,-0.51,-2.04,-0.75,-8.61,-14.68,35.11,9596837623.209274,75405342.0,0.0385,-29.62,907600,1.18,127.81,-1.25,128.5,-1.78,127.97,-1.38,135.61,-6.93,3.14,83.48,719260,767606,743282,0.206
4041,SHAK,Consumer Cyclical,Restaurants,NYSE,78.21,31.93,108.02,90.87,70.95,22.03,77.1,24.9,51.31,10.26,93.2,51.46,67.31,11.83,17.16,9.09,6.76,-21.47,29.48,2464088907.5226173,40408149.0,0.1104,-37.36,2012500,1.43,63.89,5.35,60.93,10.47,59.75,12.65,65.93,2.09,3.99,142.4,1628030,1408520,1538080,0.172
4042,NABL,Technology,Information Technology Services,NYSE,78.21,31.93,111.42,93.19,74.04,25.18,76.47,24.24,67.35,19.03,65.87,17.08,4.5,3.69,11.94,16.58,0.45,-41.1,18.33,799070370.1230869,188905524.0,0.0695,-48.48,2005500,0.69,4.42,1.81,4.28,5.14,4.12,9.22,4.03,11.66,4.38,25.36,1878300,2910726,2753710,0.059
4043,MTRX,Industrials,Engineering & Construction,NASDAQ,78.2,31.89,98.61,68.83,68.61,19.72,77.1,24.9,87.61,38.63,83.11,30.87,10.63,1.63,8.47,2.61,-4.23,-9.38,40.14,290840940.32524204,28291921.0,0.0477,-33.44,501500,0.98,10.51,1.14,10.14,4.83,10.08,5.46,10.78,-1.39,3.65,87.66,599060,512313,384310,0.13
4044,BBAR,Financial Services,Banks - Regional,NYSE,78.19,31.88,82.17,14.98,79.56,31.0,94.05,55.42,127.84,87.58,97.5,58.63,12.69,2.09,-5.93,-17.28,-32.37,-29.29,24.68,2528450282.7130346,204236693.0,0.013200001,-43.52,930500,1.42,12.98,-2.23,12.84,-1.17,13.67,-7.17,14.95,-15.12,4.74,44.89,707380,653926,694226,0.051
4045,ALK,Industrials,Airlines,NYSE,78.17,31.84,92.05,36.21,72.34,23.35,76.53,24.32,91.83,51.09,82.08,29.93,39.52,0.08,-1.27,-1.47,-13.79,-24.0,27.78,4410242187.909851,111566970.0,0.1159,-34.82,3809300,1.38,39.54,-0.05,39.65,-0.33,40.1,-1.45,42.75,-7.56,3.8,51.93,3287120,2762870,2597948,0.097
4046,PHIN,Consumer Cyclical,Auto Parts,NYSE,78.17,31.84,87.02,22.88,77.6,28.76,91.33,44.81,119.45,84.02,121.57,82.45,58.46,-2.62,-2.47,-11.44,-28.51,-2.21,48.48,2190224855.9157715,36638088.0,0.161,-32.75,451600,1.08,59.53,-1.8,60.03,-2.62,61.08,-4.29,67.33,-13.17,2.99,48.07,466920,417700,404432,0.056
4047,ACIC,Financial Services,Insurance - Property & Casualty,NASDAQ,78.17,31.84,101.25,81.15,71.9,22.77,79.24,27.18,80.64,30.58,98.13,59.45,9.83,6.27,8.38,5.13,-11.04,-17.97,32.35,441024590.00362206,47269517.0,0.0784,-24.73,269300,1.05,9.47,3.8,9.36,5.02,9.28,5.93,9.58,2.61,2.19,157.62,262210,255833,270216,-0.045
4048,HSLV,Basic Materials,Silver,NYSE ARCA,78.17,31.84,87.37,23.92,86.84,43.99,93.76,54.81,60.28,14.63,86.26,34.28,4.74,-9.2,-10.06,-16.99,13.4,,,1068497944.5,203523418.0,4.27,-31.99,723600,1.04,5.04,-5.95,5.15,-7.96,5.32,-10.9,5.29,-10.4,5.88,21.54,737240,693086,622776,
4049,KAI,Industrials,Specialty Industrial Machinery,NYSE,78.15,31.78,89.26,28.06,79.66,31.08,87.34,36.7,86.14,36.87,92.82,50.8,260.55,-1.13,-5.05,-8.97,-14.0,-9.52,39.98,3174644764.5403137,11809117.0,0.1333,-26.41,195300,1.19,263.61,-1.16,265.39,-1.82,268.23,-2.86,295.45,-11.81,3.16,86.66,152280,163703,149488,0.226
4050,GBLI,Financial Services,Insurance - Property & Casualty,NASDAQ,78.15,31.78,87.08,23.09,86.03,42.46,100.59,66.77,82.56,32.68,87.82,36.53,23.24,-5.68,-7.15,-20.21,-14.37,-12.0,37.26,356498956.484951,14640614.0,0.0016,-23.8,3400,0.43,23.99,-3.13,24.27,-4.24,25.89,-10.24,27.01,-13.96,4.77,1.8,7680,7833,6502,0.051
4051,PPSI,Industrials,Electrical Equipment & Parts,NASDAQ,78.15,31.78,93.63,42.54,75.69,26.97,68.25,18.07,96.95,60.1,66.84,17.69,3.08,-8.88,-5.81,3.7,10.79,-17.87,32.48,36738569.824894905,11099266.0,0.0128,-51.03,60400,0.58,3.17,-2.84,3.25,-5.23,3.24,-4.94,3.07,0.33,5.33,73.14,88690,103276,106484,-0.4
4052,YALA,Technology,Software - Application,NYSE,78.14,31.74,96.58,57.43,78.61,29.78,79.44,27.48,68.14,19.51,91.33,47.81,5.38,0.56,-2.36,-1.1,0.37,-23.69,28.0,807730236.903173,151828987.0,0.0233,-31.29,214700,0.71,5.39,-0.19,5.4,-0.37,5.44,-1.1,5.46,-1.47,1.87,39.72,270540,302476,312170,-0.023
4053,TDG,Industrials,Aerospace & Defense,NYSE,78.12,31.71,92.29,37.01,77.1,28.21,80.8,28.75,81.93,32.05,81.77,29.42,1089.3,-0.72,-1.45,-3.33,-13.86,-14.69,35.06,60272417599.40491,55276525.0,0.025799999,-25.54,424300,1.13,1094.38,-0.46,1097.69,-0.76,1100.72,-1.04,1164.89,-6.49,2.17,7.62,350290,375060,411758,0.225
4054,SABS,Healthcare,Biotechnology,NASDAQ,78.12,31.71,79.93,12.5,90.34,52.36,96.12,60.12,101.2,66.63,141.23,89.37,2.89,-5.56,-13.73,-15.5,-16.95,-27.57,25.51,271139378.37542725,90986368.0,0.040900003,-43.88,1135400,1.99,2.96,-2.36,3.07,-5.86,3.26,-11.35,3.54,-18.36,7.03,63.97,887880,571456,498968,
4055,TELO,Healthcare,Biotechnology,NASDAQ,78.12,31.71,93.8,43.37,81.61,34.02,81.45,29.51,80.67,30.68,74.36,22.86,1.15,-1.71,-4.96,-2.54,-4.96,-18.44,31.81,81154444.47261,68774956.0,0.0176,-45.0,131500,1.13,1.17,-1.71,1.18,-2.54,1.19,-3.36,1.17,-1.71,7.2,60.34,198360,115873,90310,
4056,ASUR,Technology,Software - Application,NASDAQ,78.11,31.67,88.9,27.26,86.55,43.55,89.68,41.35,82.67,32.83,85.43,33.29,7.35,-4.3,-7.08,-12.4,-12.91,-17.04,33.09,221793234.0825348,28879328.0,0.044,-27.94,93200,0.92,7.55,-2.65,7.63,-3.67,7.97,-7.78,8.38,-12.29,3.51,73.68,108730,101726,109026,0.232
4057,TLS,Technology,Software - Infrastructure,NASDAQ,78.11,31.67,98.01,64.11,73.0,23.9,85.36,33.85,97.82,61.59,96.4,57.01,4.37,3.31,7.37,-6.62,-1.13,-19.22,31.1,313147150.18647337,74736789.0,0.0572,-47.73,675700,0.94,4.33,0.92,4.21,3.8,4.18,4.55,4.4,-0.68,3.79,51.29,631280,719956,618618,0.327
4058,VMET,Basic Materials,Other Precious Metals & Mining,NASDAQ,78.1,31.64,87.17,23.33,76.56,27.59,82.82,30.87,78.36,28.0,97.94,59.15,8.58,0.35,-6.02,-12.36,-0.23,,,926139129.4790974,108829507.0,0.0114,-42.8,248800,0.86,8.56,0.23,8.72,-1.61,9.12,-5.92,9.67,-11.27,4.09,31.36,217220,288116,325638,3.919
4059,WGS,Healthcare,Diagnostics & Research,NASDAQ,78.08,31.63,80.7,13.27,96.48,67.26,91.85,46.79,69.61,20.45,58.35,12.52,67.73,-4.55,-23.45,-19.33,6.35,-51.77,13.9,2179729412.476593,29822541.0,0.3777,-60.36,734600,1.03,71.43,-5.18,75.05,-9.75,84.28,-19.64,82.04,-17.44,9.71,49.2,771450,712240,747036,0.114
4060,OMCL,Healthcare,Health Information Services,NASDAQ,78.06,31.61,97.74,62.92,78.16,29.25,79.64,27.71,119.24,83.96,96.31,56.91,34.83,4.16,5.45,8.0,-15.87,-25.64,26.85,1528091273.004692,45478909.0,0.0875,-36.67,509500,0.9,34.75,0.23,34.31,1.52,33.48,4.03,34.7,0.37,2.88,39.91,514380,564263,656456,0.075
4061,REAL,Consumer Cyclical,Luxury Goods,NASDAQ,78.05,31.59,97.69,62.66,69.65,20.71,84.52,32.69,108.77,75.89,124.8,83.96,9.62,7.49,8.21,0.73,-17.71,-38.04,19.84,1082872877.086153,121671115.0,0.1571,-44.69,5397100,2.1,9.33,3.11,9.09,5.83,9.31,3.33,10.42,-7.68,4.25,79.49,2851330,2573313,2996934,0.166
4062,HPF,Financial Services,Asset Management,NYSE,78.02,31.57,88.7,26.61,80.92,32.85,89.06,40.11,92.64,52.98,92.97,51.02,13.22,-1.78,-3.57,-10.89,-14.54,-11.78,37.48,295533807.5908642,21650829.0,0.99,-22.83,87913,1.07,13.33,-0.83,13.42,-1.49,13.9,-4.89,14.85,-10.98,2.25,40.29,84721,82273,60854,0.013
4063,BRO,Financial Services,Insurance Brokers,NYSE,78.02,31.57,96.37,56.21,75.46,26.74,86.95,36.23,74.37,24.36,65.6,16.9,63.75,3.21,5.67,-3.89,-14.66,-19.89,30.73,20046506436.81251,334610357.0,0.0544,-33.97,4322200,1.92,61.46,3.73,61.16,4.23,63.07,1.08,67.84,-6.03,2.56,123.37,2435520,2245970,2132504,0.324
4064,STAA,Healthcare,Medical Instruments & Supplies,NASDAQ,77.99,31.54,100.05,77.48,68.48,19.6,84.83,32.98,113.48,80.12,113.75,77.7,22.38,0.0,17.3,-4.44,-6.24,-10.98,38.44,1126735286.0488586,50143984.0,0.1927,-37.61,639600,0.64,22.39,-0.04,22.07,1.4,21.75,2.9,22.97,-2.57,4.41,32.42,825010,1004576,1001104,1.11
4065,ARBB,Technology,Information Technology Services,NASDAQ,77.98,31.53,95.26,50.45,68.49,19.62,78.34,26.01,75.82,25.72,55.11,10.87,4.15,-9.78,-1.19,-10.17,1.74,-38.61,19.55,8120177.431652069,1765256.0,0.0081,-61.11,8800,2.76,4.39,-5.47,4.43,-6.32,4.42,-6.11,4.37,-5.03,5.7,16.49,3850,3186,6492,0.82
4066,ELTK,Technology,Electronic Components,NASDAQ,77.97,31.51,92.94,39.6,79.04,30.25,78.81,26.7,83.38,33.66,76.48,24.38,7.77,-0.77,-4.31,-4.07,-10.28,-12.7,36.82,53564989.77991438,6720827.0,0.0016,-32.96,1100,0.1,7.9,-1.65,7.96,-2.39,8.14,-4.55,8.25,-5.82,2.83,9.09,1910,10723,9926,-0.079
4067,RYN,Real Estate,REIT - Specialty,NYSE,77.95,31.49,91.87,35.59,79.53,30.93,88.15,38.24,89.88,44.34,81.95,29.72,18.6,2.09,-2.41,-7.1,-15.06,-11.31,38.01,5374065116.541922,297567291.0,0.0465,-31.16,6172500,1.53,18.15,2.48,18.36,1.31,19.19,-3.07,20.18,-7.83,2.45,147.02,4514010,4040696,3637870,2.721
4068,ABEO,Healthcare,Biotechnology,NASDAQ,77.95,31.49,83.13,16.49,92.69,60.71,90.44,42.74,119.07,83.89,89.75,43.51,4.96,-1.0,-8.66,-9.49,-20.39,-2.94,47.65,287635617.50768423,57184017.0,0.29549998,-35.16,1625500,1.22,5.04,-1.59,5.13,-3.31,5.34,-7.12,5.91,-16.07,4.03,10.0,1185390,1329906,1440506,27.45
4069,PPC,Consumer Defensive,Packaged Foods,NASDAQ,77.94,31.45,97.58,62.26,71.52,22.45,78.63,26.46,67.84,19.28,70.88,20.31,28.5,13.1,4.55,-4.78,-4.84,-27.74,25.45,6547984410.0,238108524.0,0.026800001,-36.44,1541800,1.08,28.0,1.79,27.54,3.49,28.48,0.07,29.04,-1.86,4.12,31.53,1623340,1429326,1546444,-0.028
4070,SGRY,Healthcare,Medical Care Facilities,NASDAQ,77.94,31.45,92.4,37.31,81.34,33.59,81.27,29.17,87.42,38.34,65.77,17.07,13.64,3.1,-3.94,-3.4,-16.88,-13.12,36.51,1743831183.2469177,130918260.0,0.2011,-41.81,1314900,0.58,13.48,1.19,13.8,-1.16,13.95,-2.22,14.35,-4.95,5.38,40.18,1470710,2251326,2311766,0.027
4071,ATTT,Consumer Defensive,Household & Personal Products,NASDAQ,77.93,31.42,85.82,20.62,90.61,54.11,71.95,20.7,61.58,15.57,80.8,28.55,2.63,-4.36,-18.32,-3.84,-9.62,52.91,88.92,15803058.67,5874743.0,0.0075,-68.99,14700,0.05,2.69,-2.23,2.73,-3.66,2.73,-3.66,2.8,-6.07,11.0,34.57,90640,320790,195426,1.96
4072,PICS,Technology,Software - Infrastructure,NASDAQ,77.93,31.42,117.76,95.76,60.54,13.69,68.44,18.16,64.48,17.46,66.63,17.47,11.98,42.11,35.37,13.99,-1.24,,,1177950785.6434898,129587543.0,0.0431,-39.95,616000,1.14,11.45,4.63,9.93,20.64,9.81,22.12,10.69,12.07,6.52,11.52,762720,539743,550162,0.67
4073,ACRE,Real Estate,REIT - Mortgage,NYSE,77.89,31.4,85.94,20.94,83.83,37.98,85.74,34.5,89.36,42.1,113.86,77.85,3.66,-5.43,-8.47,-13.07,-14.64,-21.41,29.54,212492658.557127,55481113.0,0.038900003,-37.86,650600,1.31,3.72,-1.61,3.83,-4.44,4.01,-8.73,4.26,-14.08,3.5,62.49,750340,498050,498398,-0.588
4074,LOAR,Industrials,Aerospace & Defense,NYSE,77.88,31.38,88.62,26.46,82.03,34.74,85.61,34.25,87.78,38.88,76.28,24.26,61.62,-0.48,-5.82,-4.85,-7.35,-8.74,40.83,5782452544.485809,93688471.0,0.14829999,-26.14,899100,1.28,61.59,0.05,62.36,-1.19,63.54,-3.02,68.57,-10.14,3.93,77.59,662880,705046,679082,0.394
4075,IPHA,Healthcare,Biotechnology,NASDAQ,77.86,31.36,79.01,11.57,91.91,58.8,96.77,61.1,89.7,43.31,77.92,25.77,1.48,-6.92,-12.94,-21.28,-18.68,-15.43,34.57,174252534.92845488,111700347.0,0.0007,-45.39,18400,0.38,1.55,-4.52,1.6,-7.5,1.73,-14.45,1.93,-23.32,7.32,9.23,57210,48270,199514,0.165
4076,MGRX,Healthcare,Health Information Services,NASDAQ,77.83,31.34,103.28,84.94,80.53,32.04,64.61,15.72,49.56,9.55,36.33,5.21,0.43,-10.19,-6.9,12.21,-21.88,-39.41,19.17,9424963.552836,21567422.0,0.026300002,-84.36,555800,0.96,0.44,-2.27,0.44,-2.27,0.44,-2.27,0.44,-2.27,11.68,13.94,804720,578376,16253520,-0.591
4077,VKI,Financial Services,Asset Management,NYSE ARCA,77.83,31.34,87.38,23.94,82.46,35.44,89.34,40.67,98.8,63.22,95.44,55.56,7.53,0.8,-5.4,-11.35,-14.69,-10.57,38.79,340831356.2002697,44436943.0,0.003,-21.56,904591,3.86,7.64,-1.44,7.63,-1.31,8.02,-6.11,8.48,-11.2,3.23,41.06,470389,234333,166661,0.002
4078,NPV,Financial Services,Asset Management,NYSE,77.82,31.31,91.35,33.75,77.78,28.95,82.39,30.43,91.74,50.94,94.96,54.6,9.4,0.97,-1.57,-5.5,-12.81,-11.82,37.43,182715807.78503418,19562720.0,0.0011,-20.41,65789,0.57,9.36,0.43,9.32,0.86,9.55,-1.57,10.14,-7.3,2.0,66.41,128868,114432,110075,0.067
4079,VERX,Technology,Software - Application,NASDAQ,77.8,31.3,102.29,83.19,73.19,24.07,73.83,22.11,64.18,17.2,43.47,7.06,12.77,3.82,9.33,4.07,-4.13,-36.21,20.63,1948237976.928749,162217980.0,0.0695,-51.88,1360000,0.97,12.34,3.48,11.93,7.04,12.09,5.62,12.65,0.95,4.08,91.1,1446270,1406670,1836270,0.105
4080,HD,Consumer Cyclical,Home Improvement Retail,NYSE,77.79,31.28,93.19,40.75,74.77,26.01,81.31,29.25,85.92,36.59,84.81,32.71,295.47,4.61,1.13,-3.34,-12.01,-12.5,36.89,282196516803.5142,997689626.0,0.0117999995,-25.69,8908100,1.82,286.39,3.17,287.0,2.95,295.1,0.13,317.29,-6.88,2.26,189.25,5885240,4883683,4482430,0.057
4081,AISP,Technology,Software - Infrastructure,NASDAQ,77.78,31.25,111.56,93.26,62.0,14.58,55.61,10.89,56.85,12.75,48.31,8.56,2.29,3.15,21.16,13.93,33.92,-23.67,28.03,73011867.49870491,34439562.0,0.12189999,-68.19,2362700,1.26,2.14,7.01,2.02,13.37,1.98,15.66,2.01,13.93,8.96,43.84,5207510,1882246,1268638,0.921
4082,ADNT,Consumer Cyclical,Auto Parts,NYSE,77.78,31.25,95.49,51.73,72.74,23.71,80.47,28.48,82.68,32.86,104.71,68.82,17.62,0.28,3.65,-6.57,-18.35,-10.01,39.53,1334547851.7457962,77096932.0,0.10609999,-35.51,937400,0.95,17.45,0.97,17.35,1.56,17.8,-1.01,18.82,-6.38,4.25,62.81,1035920,982623,1012072,0.05
4083,CASH,Financial Services,Banks - Regional,NASDAQ,77.76,31.21,89.69,29.39,80.25,31.79,89.45,40.91,97.18,60.47,118.82,80.91,72.09,-2.21,-1.92,-8.95,-18.83,-4.23,45.94,1536397834.501419,20773362.0,0.1594,-28.81,278100,1.13,72.73,-0.88,72.62,-0.73,74.83,-3.66,80.54,-10.49,2.29,85.87,238280,245800,215206,-0.135
4084,TSCO,Consumer Cyclical,Specialty Retail,NASDAQ,77.76,31.21,102.02,82.79,69.85,20.94,74.71,22.75,54.25,11.41,76.65,24.6,33.48,5.52,6.49,-0.12,8.75,-33.59,22.22,16199137938.834415,521040137.0,0.0864,-42.48,10958200,1.12,32.16,4.1,31.97,4.72,32.37,3.43,33.53,-0.15,2.98,117.17,10967840,9789040,10340004,0.023
4085,AIIR,Consumer Defensive,Tobacco,NASDAQ,77.76,31.21,103.76,85.91,79.21,30.41,80.84,28.79,56.67,12.6,87.28,35.81,7.5,-2.47,0.4,-2.34,28.64,-26.47,26.12,1148328916.3332539,155389572.0,0.0007,-50.98,9900,0.35,7.62,-1.57,7.59,-1.19,7.51,-0.13,7.26,3.31,9.39,21.3,72170,28100,20482,
4086,MDLN,Healthcare,Medical Instruments & Supplies,NASDAQ,77.74,31.18,98.83,71.14,75.76,27.02,74.82,22.78,79.74,29.47,99.95,62.25,35.74,2.29,3.12,10.34,-10.83,-14.19,35.52,31242477408.472687,877351218.0,0.09810001,-29.75,10191300,1.17,35.63,0.31,35.25,1.39,34.01,5.09,35.0,2.11,3.15,64.77,9804630,8737590,8320970,0.116
4087,RDZN,Technology,Software - Application,NASDAQ,77.73,31.16,85.85,20.72,84.59,39.32,78.58,26.4,83.85,34.22,80.6,28.24,1.12,-8.57,-12.84,-2.61,-3.45,-32.93,22.67,103901379.296592,85165063.0,0.0385,-56.25,312700,0.82,1.19,-5.88,1.25,-10.4,1.22,-8.2,1.31,-14.5,9.31,19.18,431850,379240,328126,0.49
4088,DYN,Healthcare,Biotechnology,NASDAQ,77.72,31.14,81.88,14.63,80.85,32.66,99.29,64.52,149.47,93.19,151.49,91.61,16.37,3.48,-0.85,-11.13,-34.78,-17.53,32.69,2838545715.580945,186746431.0,0.1601,-40.05,6279500,1.79,15.68,4.4,15.89,3.02,16.73,-2.15,21.76,-24.77,4.76,130.94,3514030,3517510,2832756,
4089,KVHI,Communication Services,Telecom Services,NASDAQ,77.72,31.14,85.2,19.47,84.99,40.14,93.17,53.26,115.37,81.6,152.5,91.79,6.61,-2.79,-10.55,-7.42,-24.54,-5.97,43.81,127168147.77213669,18140962.0,0.07,-49.15,100400,0.92,6.82,-3.08,6.99,-5.44,7.09,-6.77,7.57,-12.68,3.96,30.6,87080,109023,134148,0.267
4090,BRN,Energy,Oil & Gas E&P,NYSE ARCA,77.71,31.11,94.77,47.82,76.46,27.5,84.27,32.45,80.39,30.34,79.39,27.13,0.95,1.06,-2.06,-6.86,-4.04,-11.21,38.16,14107649.074573517,14395560.0,0.0053,-32.14,111700,0.3,0.95,0.0,0.94,1.06,0.97,-2.06,0.98,-3.06,6.02,87.5,1032670,374010,241290,0.059
4091,HRL,Consumer Defensive,Packaged Foods,NYSE,77.7,31.09,88.6,26.38,73.31,24.28,81.19,29.12,99.32,64.01,74.09,22.64,19.42,-2.71,-2.12,-6.81,-24.73,-14.71,35.0,11144603700.0,550350800.0,0.0714,-26.99,10088700,1.72,19.84,-2.12,19.86,-2.22,20.22,-3.96,22.2,-12.52,2.33,11.04,6129210,5865943,5059890,-0.024
4092,TII,Basic Materials,Other Industrial Metals & Mining,NYSE ARCA,77.7,31.09,73.89,7.65,125.36,89.96,128.84,90.02,101.23,66.71,173.36,94.35,2.1,-13.93,-28.08,-29.53,8.25,-16.83,33.37,241512001.10369968,98980326.0,2.52,-62.83,419300,1.46,2.35,-10.64,2.49,-15.66,2.73,-23.08,2.69,-21.93,8.95,2.66,275330,288076,360250,0.573
4093,SIFY,Communication Services,Telecom Services,NASDAQ,77.66,31.05,87.82,24.63,88.44,47.24,94.89,57.54,125.74,86.95,154.12,92.03,12.73,-2.82,-5.07,-10.29,-9.14,12.06,68.74,964104756.044774,72434615.0,0.036,-28.68,32400,1.0,13.12,-2.97,13.2,-3.56,13.48,-5.56,14.33,-11.17,3.33,40.13,33780,32356,31398,0.152
4094,CDIO,Healthcare,Biotechnology,NASDAQ,77.66,31.05,95.08,49.47,70.19,21.31,62.85,14.54,63.3,16.64,58.99,12.87,1.86,-3.12,-2.62,-6.06,17.72,-42.41,17.5,5800559.352894783,2959469.0,0.0018000001,-76.49,57300,1.78,1.97,-5.58,1.94,-4.12,1.96,-5.1,1.91,-2.62,6.14,8.76,31090,32246,40268,-0.283
4095,BKNG,Consumer Cyclical,Travel Services,NASDAQ,77.63,31.03,91.09,33.06,73.63,24.66,87.52,37.11,80.37,30.28,84.39,32.3,159.97,-0.19,1.63,-8.02,-20.34,-25.32,27.04,123221172203.35785,774878436.0,0.026199998,-28.9,7778200,0.96,158.16,1.14,160.42,-0.28,164.5,-2.75,186.64,-14.29,3.54,100.95,7594500,8099443,7095358,0.081
4096,ELDN,Healthcare,Biotechnology,NASDAQ,77.62,31.01,79.1,11.71,92.71,60.78,98.86,63.94,124.3,86.29,133.74,87.06,2.42,-0.62,-9.7,-12.95,-26.89,47.56,87.75,202340269.25496674,81261152.0,0.1017,-47.39,834500,0.91,2.46,-1.63,2.5,-3.2,2.62,-7.63,3.06,-20.92,6.3,39.33,731350,918766,907868,
4097,HBNB,Real Estate,Real Estate Services,NASDAQ,77.58,31.0,87.3,23.77,84.21,38.67,89.64,41.22,103.24,69.55,117.49,80.28,4.41,-3.29,-6.57,-11.8,-20.54,-41.28,18.27,1113994210.9257622,234032386.0,0.0002,-57.72,3200,0.31,4.57,-3.5,4.65,-5.16,4.81,-8.32,5.16,-14.53,8.62,2.63,22370,10356,7736,8.926
4098,MIDD,Industrials,Specialty Industrial Machinery,NASDAQ,77.57,30.98,91.33,33.67,79.25,30.57,82.62,30.64,104.48,71.05,90.82,46.47,105.4,2.64,-2.43,-0.3,-20.76,-11.26,38.1,4728901021.129234,45222349.0,0.0557,-29.05,567000,0.97,105.25,0.14,105.24,0.15,107.93,-2.34,114.58,-8.01,2.52,63.62,542280,582950,599312,0.099
4099,BEAM,Healthcare,Biotechnology,NASDAQ,77.56,30.96,89.44,28.7,78.43,29.49,86.51,35.58,101.1,66.41,117.38,80.18,24.6,0.86,-0.24,0.94,-5.46,-7.41,42.14,2530547792.5,103287665.0,0.3875,-35.7,2425900,1.27,24.95,-1.4,24.66,-0.24,24.54,0.24,26.53,-7.27,5.34,52.5,1815920,1910803,1813860,-0.942
4100,TOON,Communication Services,Entertainment,NYSE ARCA,77.54,30.95,90.12,30.41,71.52,22.45,68.73,18.35,73.43,23.6,87.98,36.79,0.55,-2.81,-5.46,-9.18,-3.65,-29.43,24.62,34896502.25245297,62204105.0,0.0201,-57.36,356800,1.11,0.56,-1.79,0.57,-3.51,0.58,-5.17,0.61,-9.84,5.12,31.98,402640,322723,293078,-0.434
4101,JEF,Financial Services,Capital Markets,NYSE,77.5,30.92,87.05,22.99,80.71,32.36,93.03,52.72,98.6,62.79,80.79,28.52,44.4,-1.88,-3.98,-17.67,-18.82,-26.7,26.02,10598488179.305878,230552271.0,0.0423,-33.33,2426600,1.04,45.06,-1.46,45.76,-2.97,47.33,-6.19,51.25,-13.37,3.48,56.91,2739020,2327040,2169872,0.085
4102,EDN,Utilities,Utilities - Regulated Electric,NYSE,77.5,30.92,84.43,18.57,79.15,30.3,87.32,36.64,90.86,48.55,94.12,53.19,20.15,0.5,-8.41,-19.63,-20.92,-36.4,20.56,948629294.2473564,47574186.0,0.080699995,-45.1,236500,2.3,20.41,-1.27,20.52,-1.8,22.17,-9.11,23.28,-13.45,5.1,13.63,186940,102810,103198,0.104
4103,VTN,Financial Services,Asset Management,NYSE,77.49,30.89,90.6,31.69,78.11,29.19,84.81,32.93,94.32,56.12,96.15,56.66,9.28,-2.73,-0.75,-6.56,-14.53,-14.78,34.92,141220523.39823532,14664644.0,0.0029,-23.31,85566,1.38,9.44,-1.69,9.38,-1.07,9.63,-3.63,10.3,-9.9,2.46,43.8,88526,62135,46587,-0.172
4104,ATEC,Healthcare,Medical Devices,NASDAQ,77.49,30.89,106.72,89.5,73.52,24.51,70.68,19.57,64.99,17.65,73.88,22.5,10.35,4.55,4.33,17.08,7.25,-48.28,15.17,1542506688.083825,153789305.0,0.1078,-55.56,2643600,1.19,10.38,-0.29,10.26,0.88,10.24,1.07,9.8,5.61,4.14,67.67,2155060,2226500,2219454,0.151
4105,CXDO,Communication Services,Telecom Services,NASDAQ,77.43,30.86,92.16,36.55,76.99,28.13,75.61,23.44,110.08,77.38,98.06,59.3,5.92,-0.17,0.85,3.68,-11.38,-14.57,35.23,196862439.33706284,33253790.0,0.0551,-47.28,245900,0.88,5.95,-0.5,5.94,-0.34,5.83,1.54,6.17,-4.05,3.32,30.51,198100,279386,313654,0.489
4106,UFPI,Basic Materials,Lumber & Wood Production,NASDAQ,77.42,30.85,91.93,35.85,77.2,28.3,82.79,30.83,79.4,28.97,83.94,31.84,76.45,-0.82,-2.99,-4.68,-12.46,-16.98,33.18,4255709114.8197556,55161491.0,0.0551,-35.21,482100,1.08,77.42,-1.25,77.91,-1.87,79.41,-3.73,84.25,-9.26,3.01,82.66,446490,446433,438120,0.026
4107,ERIE,Financial Services,Insurance Brokers,NASDAQ,77.41,30.82,94.77,47.82,75.89,27.11,86.68,35.82,67.15,18.89,68.02,18.5,226.54,2.67,4.15,-5.14,-8.25,-18.3,32.03,11560766724.628784,52289868.0,0.0953,-31.46,319300,1.24,221.72,2.17,220.98,2.52,229.82,-1.43,242.85,-6.72,3.14,119.89,157130,257483,260524,0.028
4108,IDXX,Healthcare,Diagnostics & Research,NASDAQ,77.41,30.82,95.21,50.22,77.26,28.35,76.78,24.51,82.32,32.36,91.74,48.51,513.14,-0.89,-0.05,1.3,-9.94,-26.73,25.99,40839343877.260254,78781116.0,0.0278,-33.36,696700,1.38,516.14,-0.58,520.24,-1.36,516.09,-0.57,540.25,-5.02,2.39,57.19,498770,505750,556140,0.097
4109,TRUP,Financial Services,Insurance - Property & Casualty,NASDAQ,77.4,30.8,102.43,83.44,66.97,18.23,79.76,27.78,66.09,18.26,66.91,17.74,25.82,8.95,15.17,3.28,-0.12,-32.05,23.14,1028570726.4320221,43620472.0,0.111499995,-45.04,489600,1.07,24.66,4.7,24.04,7.4,24.43,5.69,26.83,-3.76,3.93,137.88,467540,456656,516358,0.111
4110,BBWI,Consumer Cyclical,Specialty Retail,NYSE,77.39,30.77,97.04,59.67,71.42,22.35,80.3,28.25,84.57,34.98,67.34,18.05,17.71,7.99,5.42,1.49,-9.18,-7.81,41.79,3238423619.0897846,201645313.0,0.0805,-35.36,7600100,1.12,17.39,1.84,16.79,5.48,17.04,3.93,18.3,-3.22,3.78,73.21,7374740,6802993,6633824,-0.023
4111,BA,Industrials,Aerospace & Defense,NYSE,77.39,30.77,89.59,29.18,82.94,36.47,86.78,35.92,85.25,35.81,93.12,51.27,187.75,-2.36,-4.6,-8.33,-12.27,-12.3,37.02,152984019141.5857,790370020.0,0.0001,-26.18,11354100,1.46,190.43,-1.41,190.06,-1.22,196.6,-4.5,210.37,-10.75,3.28,56.84,10370170,7767250,6884620,0.08
4112,ALGN,Healthcare,Medical Instruments & Supplies,NASDAQ,77.37,30.74,89.27,28.08,80.66,32.31,85.36,33.85,94.97,57.17,102.94,66.38,141.03,-2.97,-3.16,-6.43,-21.68,-10.57,38.79,10211268716.713562,71039852.0,0.062800005,-29.64,1344500,1.45,141.35,-0.23,143.32,-1.6,146.5,-3.73,157.61,-10.52,2.84,74.39,946090,928786,914978,0.043
4113,ONON,Consumer Cyclical,Footwear & Accessories,NYSE,77.37,30.74,109.36,91.9,69.5,20.59,59.5,12.88,79.55,29.19,72.61,21.66,34.04,12.72,11.75,26.78,-10.21,-29.92,24.35,10310523715.042791,334214703.0,0.0916,-33.36,13770400,1.27,32.62,4.35,31.24,8.96,29.52,15.31,30.8,10.52,3.73,108.18,10621300,10811726,10234872,0.135
4114,INGN,Healthcare,Medical Devices,NASDAQ,77.34,30.71,105.9,88.64,66.31,17.68,70.71,19.62,86.56,37.42,89.4,42.12,5.94,-0.67,13.58,14.67,-7.62,-11.48,37.9,158433866.3220353,26538337.0,0.0525,-34.94,454400,1.26,5.89,0.85,5.69,4.39,5.42,9.59,5.64,5.32,4.07,82.72,431910,359983,319500,0.03
4115,FUL,Basic Materials,Specialty Chemicals,NYSE,77.34,30.71,93.89,43.86,74.45,25.68,78.81,26.7,83.09,33.5,98.66,60.27,50.44,0.42,0.88,-2.34,-9.14,-14.76,34.95,2702221814.8683586,53829119.0,0.0744,-26.5,1370600,1.5,50.32,0.24,50.03,0.82,50.33,0.22,54.67,-7.74,3.8,82.38,1161700,912576,812434,0.052
4116,ULS,Industrials,Specialty Business Services,NYSE,77.33,30.68,95.96,54.19,70.44,21.54,78.51,26.28,97.56,61.15,117.58,80.34,70.65,6.24,7.35,-0.63,-23.37,-7.71,41.93,13301149528.264732,201563115.0,0.0793,-34.3,2140200,2.17,68.08,3.77,66.83,5.72,66.75,5.84,72.82,-2.98,3.12,185.09,1281170,984163,971394,0.052
4117,NHI,Real Estate,REIT - Healthcare Facilities,NYSE,77.32,30.66,91.53,34.33,78.12,29.21,85.23,33.64,88.82,40.39,102.77,66.1,64.58,-0.77,-2.47,-6.7,-16.33,-12.84,36.73,3227537782.4292603,49110434.0,0.0419,-29.33,401100,1.03,64.96,-0.58,65.31,-1.12,66.55,-2.96,69.75,-7.41,1.77,93.85,416010,388256,373408,0.338
4118,LWLG,Basic Materials,Specialty Chemicals,NASDAQ,77.3,30.65,89.24,28.02,87.85,46.1,85.61,34.25,151.7,93.69,507.65,98.75,5.11,-6.07,-3.22,-0.97,-4.49,70.9,92.39,878753324.0949297,154167255.0,0.1691,-72.69,3203100,1.13,5.48,-6.75,5.33,-4.13,5.22,-2.11,5.93,-13.83,6.99,25.2,3391980,2839453,2916196,0.279
4119,ALC,Healthcare,Medical Instruments & Supplies,NYSE,77.29,30.62,92.16,36.55,79.44,30.76,82.99,31.06,76.82,26.78,87.73,36.35,63.13,-1.27,-2.21,-5.14,-9.36,-20.67,30.13,30821583188.62915,483400000.0,12.98,-27.97,1191000,0.72,63.48,-0.55,64.13,-1.56,65.06,-2.97,69.11,-8.65,1.5,74.12,1866310,1652196,1727626,0.087
4120,MITQ,Technology,Communication Equipment,NYSE ARCA,77.29,30.62,92.48,37.75,86.15,42.63,78.84,26.8,86.43,37.23,73.28,22.06,0.57,4.0,-11.59,-3.05,6.92,-11.59,37.69,5752384.984166205,9952223.0,0.0091,-49.11,7600,0.04,0.57,0.0,0.58,-1.72,0.6,-5.0,0.58,-1.72,8.97,39.11,206690,174890,114690,-0.227
4121,INDP,Healthcare,Biotechnology,NASDAQ,77.26,30.59,104.5,87.07,142.72,93.9,88.13,38.19,69.91,20.59,63.21,15.14,2.37,11.79,-40.75,-7.42,30.22,16.75,73.0,317116746.3683739,133242324.0,0.0223,-60.23,506900,0.43,2.42,-2.07,2.65,-10.57,3.06,-22.55,2.0,18.5,21.46,15.73,517080,1182366,1049744,
4122,DIT,Consumer Defensive,Food Distribution,NYSE ARCA,77.26,30.59,91.25,33.45,81.92,34.56,76.07,23.82,77.18,27.15,113.62,77.62,63.55,-5.94,-5.94,-1.9,2.65,-8.97,40.62,65942813.89703369,976063.0,0.0028,-33.52,2071,4.94,66.59,-4.57,67.08,-5.26,66.46,-4.38,67.15,-5.36,1.82,0.0,907,419,361,0.133
4123,AKTX,Healthcare,Biotechnology,NASDAQ,77.25,30.56,76.13,9.23,88.84,48.1,66.32,16.89,122.81,85.76,26.21,3.2,8.13,-8.03,-19.18,-25.28,-1.45,-21.83,29.3,19926639.410204887,2285165.0,0.0095999995,-81.61,61900,0.85,8.56,-5.02,9.02,-9.87,9.62,-15.49,9.01,-9.77,12.14,-0.0,41880,72640,66272,
4124,SKYX,Industrials,Electrical Equipment & Parts,NASDAQ,77.25,30.56,86.48,21.94,86.52,43.49,89.77,41.5,87.73,38.77,73.45,22.16,1.11,-2.63,-8.26,-15.91,4.72,-49.55,14.74,159808565.81636167,135430994.0,0.0313,-66.26,937800,1.19,1.14,-2.63,1.15,-3.48,1.23,-9.76,1.22,-9.02,5.12,17.59,593050,789753,833008,0.096
4125,ESOA,Industrials,Engineering & Construction,NASDAQ,77.21,30.52,85.23,19.55,80.18,31.69,86.36,35.29,132.97,89.57,149.33,91.2,10.46,-4.56,-5.34,-7.83,-25.17,30.18,81.67,205437587.0807476,18659181.0,0.0373,-47.54,68000,0.58,10.84,-3.51,10.95,-4.47,10.97,-4.65,12.05,-13.2,3.43,47.39,108280,117810,145666,0.255
4126,LDOS,Technology,Information Technology Services,NYSE,77.21,30.52,95.63,52.47,81.29,33.44,78.43,26.17,56.66,12.58,80.11,27.83,119.22,-2.25,-3.35,-7.67,4.58,-34.85,21.5,14809980498.133255,125785466.0,0.0478,-42.06,1673200,1.31,117.33,1.61,119.95,-0.61,124.11,-3.94,130.38,-8.56,3.12,191.29,1222460,1278720,1377768,0.072
4127,FEBO,Technology,Consumer Electronics,NASDAQ,77.14,30.49,105.92,88.69,64.22,16.1,71.55,20.4,70.63,21.15,92.46,49.94,0.77,19.2,16.49,2.67,8.3,-42.11,17.67,7024687.394499779,11062500.0,0.013099999,-47.26,3000,0.02,0.73,5.48,0.7,10.0,0.7,10.0,0.74,4.05,7.73,0.0,94150,129123,81124,-0.359
4128,OMAB,Industrials,Airports & Air Services,NASDAQ,77.14,30.49,87.0,22.84,83.32,37.11,88.79,39.54,90.48,46.85,104.06,67.87,90.43,-3.98,-10.52,-7.85,-14.99,-13.72,36.1,4546662373.669556,48271178.0,0.0099,-33.01,246800,1.7,93.19,-2.96,96.04,-5.84,97.57,-7.32,101.37,-10.79,3.36,72.82,221260,145483,113986,0.026
4129,SUPV,Financial Services,Banks - Regional,NYSE,77.11,30.47,83.75,17.38,75.24,26.53,87.76,37.37,99.88,64.8,89.42,42.23,7.12,4.4,-4.56,-18.44,-24.26,-40.22,18.9,644738463.9683776,93985197.0,0.044699997,-47.45,544000,0.95,7.18,-0.84,7.1,0.28,7.66,-7.05,8.2,-13.17,4.85,43.43,733790,570153,612198,0.023
4130,CHRW,Industrials,Integrated Freight & Logistics,NASDAQ,77.09,30.45,89.48,28.82,80.82,32.57,85.83,34.63,127.46,87.44,132.74,86.66,141.34,-7.71,-3.32,-7.27,-18.3,-14.14,35.57,18429780554.400696,116851258.0,0.0497,-32.8,2456500,1.38,141.98,-0.45,145.61,-2.93,149.27,-5.31,147.98,-4.49,4.5,114.04,2490420,1777203,1837704,0.193
4131,ORCL,Technology,Software - Infrastructure,NYSE,77.08,30.42,91.82,35.39,72.26,23.17,69.18,18.68,57.36,13.05,79.37,27.09,135.69,-1.72,-2.76,-11.28,15.25,-28.64,25.04,431382622754.1073,3031501149.0,0.0273,-57.93,42225400,1.32,141.76,-4.28,139.17,-2.5,143.01,-5.12,145.47,-6.72,4.32,17.56,28470680,31945563,29767484,0.296
4132,SAM,Consumer Defensive,Beverages - Brewers,NYSE,77.08,30.42,98.59,68.68,72.33,23.32,77.56,25.28,68.62,19.89,102.06,65.08,171.17,3.18,2.96,0.97,-8.5,-14.7,35.02,1723856567.5,10291681.0,0.2441,-35.28,264500,1.11,168.98,1.3,166.64,2.72,168.5,1.58,175.92,-2.7,3.01,51.42,194870,239270,217940,-0.033
4133,UNIT,Real Estate,REIT - Specialty,NASDAQ,77.03,30.39,74.98,8.42,96.26,66.86,105.6,73.51,124.85,86.61,144.61,90.17,7.4,-6.8,-17.13,-25.03,-28.64,3.93,59.02,1951510076.140771,242725135.0,0.1879,-42.8,3002300,1.22,7.87,-5.97,8.18,-9.54,8.9,-16.85,9.46,-21.78,5.17,28.78,3387090,2467710,2379632,2.025
4134,MF,Communication Services,Advertising Agencies,NASDAQ,77.03,30.39,99.07,73.28,85.7,41.63,106.35,74.38,13.53,1.15,40.34,6.31,10.68,-27.64,-22.89,-13.52,56.37,-78.42,5.89,25761513.578704834,1818032.0,0.0063,-87.21,161600,1.48,12.31,-13.24,13.72,-22.16,13.61,-21.53,13.42,-20.42,18.67,64.18,66430,109143,216552,-0.326
4135,PEPG,Healthcare,Biotechnology,NASDAQ,77.02,30.37,84.47,18.63,93.0,61.32,130.58,90.62,100.91,66.16,64.61,16.09,2.38,7.69,-11.19,-21.19,39.18,-56.09,12.35,157911696.77846932,69259517.0,0.0789,-69.49,844600,1.1,2.35,1.28,2.39,-0.42,2.65,-10.19,2.76,-13.77,7.45,56.41,996350,767623,890060,
4136,TRU,Financial Services,Financial Data & Stock Exchanges,NYSE,76.99,30.34,86.24,21.34,79.93,31.45,95.89,59.6,86.49,37.36,83.7,31.55,64.59,3.88,-4.37,-16.06,-22.74,-25.47,26.97,12155103736.877441,191600000.0,0.0608,-27.52,3136800,1.17,63.62,1.52,64.1,0.76,69.21,-6.68,76.37,-15.42,4.31,78.65,3257170,2691920,2323168,0.149
4137,RYAAY,Industrials,Airlines,NASDAQ,76.99,30.34,94.74,47.7,76.92,28.01,79.47,27.53,96.11,58.86,94.67,54.29,54.04,-0.26,0.0,2.82,-5.81,-24.34,27.58,28511711180.65541,517923916.0,0.0049,-27.21,2427400,1.64,55.13,-1.98,55.08,-1.89,54.32,-0.52,55.72,-3.02,2.58,5.73,1425340,1477380,1309002,0.011
4138,GGAL,Financial Services,Banks - Regional,NASDAQ,76.94,30.32,82.97,16.19,80.54,32.07,92.39,49.88,105.58,72.28,92.41,49.81,36.76,1.91,-7.03,-17.7,-24.96,-29.73,24.51,6081684037.623825,169453445.0,0.17979999,-41.2,1111700,1.32,37.23,-1.26,37.21,-1.21,39.74,-7.5,42.69,-13.89,4.1,16.59,1108760,844286,860778,-0.079
4139,BTCT,Technology,Computer Hardware,NASDAQ,76.93,30.29,80.47,13.07,99.8,71.79,76.27,24.05,44.08,7.35,51.74,9.82,1.05,-2.78,-15.32,-19.23,90.91,-42.62,17.31,19522404.195260525,16976004.0,0.2447,-66.35,555600,0.13,1.12,-6.25,1.12,-6.25,1.21,-13.22,1.16,-9.48,10.2,28.0,1077620,4290533,13350420,0.004
4140,NEPH,Healthcare,Medical Instruments & Supplies,NASDAQ,76.93,30.29,79.51,12.24,99.74,71.72,105.73,73.72,86.61,37.45,75.06,23.42,3.29,-10.35,-20.53,-27.21,1.54,-34.59,21.57,39856641.2285614,10860120.0,0.0069,-48.75,135600,4.3,3.35,-1.79,3.63,-9.37,3.99,-17.54,4.1,-19.76,9.34,58.6,55090,31526,32930,0.362
4141,MNDO,Technology,Software - Application,NASDAQ,76.92,30.26,88.71,26.66,82.25,35.05,84.06,32.21,79.97,29.75,73.76,22.4,0.92,-8.0,-9.8,-8.0,-14.02,-20.69,30.09,20387017.467499256,20185166.0,0.001,-28.68,65200,1.79,0.97,-5.15,0.99,-7.07,1.01,-8.91,1.01,-8.91,4.5,48.28,24520,36480,41160,-0.03
4142,DBD,Technology,Software - Application,NYSE,76.92,30.26,91.3,33.6,76.91,27.99,83.35,31.49,108.59,75.71,136.65,87.86,63.02,-0.25,0.88,-3.45,-16.16,-8.09,41.51,2164773932.299515,33946588.0,0.18100001,-31.56,242500,1.0,64.59,-2.43,63.12,-0.16,63.63,-0.96,67.57,-6.73,3.13,21.77,254920,243230,261002,0.017
4143,VICI,Real Estate,REIT - Diversified,NYSE,76.9,30.22,91.93,35.85,76.65,27.69,80.24,28.16,82.05,32.2,86.64,34.78,22.79,0.26,-2.06,-6.08,-14.39,-13.36,36.31,24939406359.272243,1101077562.0,0.028299998,-30.06,17081700,1.62,22.67,0.53,22.89,-0.44,23.49,-2.98,24.72,-7.81,1.57,80.91,10407670,10539946,10329170,0.057
4144,NOA,Energy,Oil & Gas Equipment & Services,NYSE,76.9,30.22,89.52,28.91,82.72,36.03,94.1,55.61,81.6,31.54,82.03,29.83,11.88,-1.9,-4.88,-12.0,-9.21,-7.52,42.01,327811237.1334686,26913894.0,2.71,-31.17,79200,0.7,12.09,-1.74,12.1,-1.82,12.5,-4.96,13.22,-10.14,2.53,43.23,79360,113736,111352,0.251
4145,KKR,Financial Services,Asset Management,NYSE,76.86,30.19,88.34,25.83,82.57,35.72,87.4,36.76,76.54,26.45,74.34,22.84,89.56,-1.84,-6.36,-11.21,-9.62,-31.04,23.7,81047519236.09995,897635601.0,0.0197,-38.17,6522800,1.58,90.03,-0.52,91.58,-2.21,95.52,-6.24,102.44,-12.57,2.91,59.44,5011710,4118676,4488268,0.078
4146,VCV,Financial Services,Asset Management,NYSE,76.86,30.19,88.59,26.34,79.72,31.15,87.47,36.95,93.04,53.84,92.54,50.11,8.81,-2.54,-2.87,-10.51,-15.27,-13.94,35.81,440559787.05506706,49114802.0,0.0049,-22.58,413191,1.6,8.87,-0.68,8.95,-1.56,9.31,-5.37,9.95,-11.46,2.21,56.62,454129,258789,189423,-0.033
4147,PTCT,Healthcare,Biotechnology,NASDAQ,76.84,30.17,89.3,28.18,75.91,27.15,89.84,41.64,107.15,74.53,109.14,73.95,62.56,-2.45,0.45,-7.14,-16.02,-20.38,30.33,5296422418.509354,83460802.0,0.1582,-31.15,1227500,1.06,63.32,-1.2,63.91,-2.11,64.83,-3.5,68.56,-8.75,3.26,44.66,1173090,1153240,1133528,1.015
4148,AGO,Financial Services,Insurance - Specialty,NYSE,76.83,30.15,95.44,51.38,74.14,25.3,83.2,31.36,88.88,40.57,90.91,46.74,70.72,3.59,3.39,-3.22,-15.71,-20.72,30.07,3011256425.4455566,43979208.0,0.0774,-23.46,332200,0.66,69.38,1.93,69.07,2.39,70.14,0.83,73.87,-4.26,2.03,130.75,482820,503216,450120,-0.005
4149,TSSI,Technology,Information Technology Services,NASDAQ,76.8,30.13,102.38,83.36,80.97,32.91,67.95,17.83,65.58,17.93,107.95,72.74,9.97,1.32,-2.16,11.77,15.13,32.05,82.55,288963270.34116745,28219070.0,0.1967,-54.2,656800,0.73,10.2,-2.25,10.0,-0.3,9.4,6.06,9.47,5.28,5.85,29.13,795100,898703,934596,-0.201
4150,EFSCP,Financial Services,Banks - Regional,NASDAQ,76.79,30.12,88.92,27.3,78.32,29.42,84.1,32.28,93.78,55.24,92.35,49.7,16.46,-4.3,-3.05,-7.22,-16.04,-13.11,36.55,,,0.0034999999,-31.64,2900,0.46,16.3,0.98,16.54,-0.48,17.0,-3.18,18.33,-10.2,3.94,66.28,9590,6306,4118,0.012
4151,GLOO,Technology,Software - Application,NASDAQ,76.77,30.1,104.26,86.8,80.47,32.0,46.67,7.97,43.23,6.99,97.96,59.2,3.82,-10.54,-19.92,27.12,22.04,-40.22,18.9,377107878.44510365,91531041.0,1.81,-61.72,473600,0.44,4.01,-4.74,4.25,-10.12,4.22,-9.48,3.7,3.24,8.57,16.8,848320,1085400,701726,1.88
4152,CLSK,Financial Services,Capital Markets,NASDAQ,76.73,30.08,78.63,11.12,98.27,69.78,92.07,48.1,97.67,61.3,88.0,36.9,10.63,-15.1,-25.46,-16.95,-11.49,-11.64,37.6,3271849451.239237,256817073.0,0.42810002,-54.98,25943100,1.53,11.93,-10.9,12.57,-15.43,13.2,-19.47,12.79,-16.89,7.6,32.79,15980180,16994406,18733852,-0.305
4153,RNAC,Healthcare,Biotechnology,NASDAQ,76.73,30.08,78.11,10.72,85.91,42.18,91.98,47.52,99.18,63.72,69.15,19.07,6.82,-5.54,-10.5,-19.1,-8.09,-5.54,44.43,222679394.7595253,30255352.0,0.13,-38.0,214400,1.61,6.95,-1.87,7.1,-3.94,7.57,-9.91,8.46,-19.39,6.16,76.16,166670,133300,131894,
4154,TBLA,Communication Services,Internet Content & Information,NASDAQ,76.72,30.04,89.79,29.65,78.1,29.16,86.82,35.98,134.27,89.95,96.22,56.75,3.51,5.72,1.74,-5.9,-32.11,-12.47,36.94,872601940.6928053,270155398.0,0.038399998,-38.53,2563300,1.25,3.31,6.04,3.35,4.78,3.52,-0.28,3.82,-8.12,3.9,175.37,2182680,2044633,2504092,0.024
4155,SAMG,Financial Services,Asset Management,NASDAQ,76.72,30.04,99.77,76.4,70.61,21.63,71.68,20.45,63.59,16.82,81.58,29.3,10.19,-2.86,0.69,4.09,4.29,-28.12,25.25,82441581.9816227,7821782.0,0.038,-36.94,89400,0.92,10.39,-1.92,10.43,-2.3,10.02,1.7,9.95,2.41,4.03,24.35,89050,97433,84762,0.004
4156,USAU,Basic Materials,Gold,NASDAQ,76.69,30.02,87.64,24.36,88.22,46.81,86.91,36.17,83.83,34.18,107.59,72.3,13.89,-5.19,-10.73,-7.83,7.51,-26.39,26.23,239169758.0236292,16528663.0,0.1095,-41.52,118100,0.77,14.14,-1.77,14.53,-4.4,14.97,-7.21,15.22,-8.74,4.06,47.91,132060,153353,184052,
4157,MFIC,Financial Services,Asset Management,NASDAQ,76.68,30.0,91.92,35.78,78.5,29.57,80.08,28.0,79.3,28.85,95.25,55.17,8.53,-2.4,-3.94,-5.75,-9.41,-18.37,31.92,710052043.9332008,82372628.0,0.0334,-31.76,456500,0.8,8.52,0.12,8.66,-1.5,8.86,-3.72,9.15,-6.78,1.98,88.98,672290,568193,603146,-0.16
4158,GERN,Healthcare,Biotechnology,NASDAQ,76.65,29.98,87.05,22.99,82.5,35.53,98.88,63.99,88.96,40.88,117.57,80.32,1.22,0.83,-3.17,-10.95,-12.86,-8.27,41.24,770968121.4355195,642473409.0,0.1287,-39.3,10156100,0.98,1.21,0.83,1.22,0.0,1.27,-3.94,1.4,-12.86,4.04,101.45,9755820,10407960,11080516,0.172
4159,MNKD,Healthcare,Biotechnology,NASDAQ,76.62,29.96,91.01,32.83,74.82,26.13,85.54,34.13,98.43,62.47,53.17,10.14,3.42,-13.42,3.95,-9.76,-11.17,-41.44,18.24,1221869023.8675642,321544484.0,0.092700005,-47.47,4539700,1.0,3.64,-6.04,3.61,-5.26,3.58,-4.47,3.83,-10.7,7.08,37.17,5962040,4540036,4497696,0.429
4160,MMS,Industrials,Specialty Business Services,NYSE,76.62,29.96,104.84,87.62,70.91,21.96,72.48,21.09,67.86,19.29,75.65,23.76,58.77,9.79,11.69,3.96,-6.41,-32.21,23.06,2756636301.841606,52357763.0,0.112799995,-41.23,1119600,1.57,55.23,6.41,54.07,8.69,55.22,6.43,56.8,3.47,3.05,169.7,831490,713663,673092,-0.051
4161,BCIC,Financial Services,Asset Management,NASDAQ,76.59,29.93,95.18,50.01,78.75,29.92,75.15,22.97,72.19,22.6,65.24,16.57,6.89,1.47,-1.57,-1.58,-0.97,-35.55,21.01,85323360.62660408,12383652.0,0.0050999997,-48.96,26900,0.52,6.89,0.0,6.86,0.44,6.96,-1.01,7.22,-4.57,2.18,33.33,35780,51786,53714,0.201
4162,AA,Basic Materials,Aluminum,NYSE,76.59,29.93,90.51,31.45,80.35,31.93,87.84,37.46,92.3,52.25,155.64,92.19,42.83,1.83,0.35,-11.33,0.08,-16.0,34.05,11071001419.096928,263909445.0,0.045500003,-49.24,4267700,1.13,42.78,0.12,42.51,0.75,44.23,-3.17,47.5,-9.83,2.99,77.67,3746330,3774756,4318284,0.314
4163,WRN,Basic Materials,Other Industrial Metals & Mining,NYSE ARCA,76.57,29.89,83.73,17.35,93.49,62.31,96.41,60.55,86.04,36.77,130.9,86.03,2.04,-5.12,-13.19,-14.64,0.99,-26.35,26.3,493062443.77883863,226175426.0,0.0087,-52.11,1615600,1.41,2.12,-3.77,2.18,-6.42,2.28,-10.53,2.36,-13.56,4.66,10.53,1058040,1148353,1053280,
4164,CAE,Industrials,Aerospace & Defense,NASDAQ,76.57,29.89,91.85,35.53,80.43,31.98,81.54,29.64,74.93,24.95,82.0,29.78,23.15,-3.7,-5.97,-2.24,-11.74,-23.22,28.46,7727596508.475409,321849081.0,6.88,-32.39,541400,0.59,23.55,-1.7,23.92,-3.22,24.04,-3.7,24.93,-7.14,2.37,32.86,740570,916643,815028,0.068
4165,JRI,Financial Services,Asset Management,NYSE,76.55,29.85,87.63,24.32,82.4,35.26,88.92,39.78,93.27,54.3,93.81,52.68,10.51,-2.41,-5.91,-12.01,-15.81,-13.15,36.46,394561205.4914532,36198277.0,0.0013,-25.99,219995,1.02,10.64,-1.22,10.73,-2.05,11.17,-5.91,11.83,-11.16,1.88,76.09,278159,216503,183725,
4166,VRTS,Financial Services,Asset Management,NYSE,76.55,29.85,88.84,27.03,77.45,28.56,94.57,56.87,93.02,53.75,73.69,22.33,131.59,-0.9,1.36,-13.32,-20.41,-14.69,35.06,886182132.7313232,6622690.0,0.1238,-32.52,121600,0.89,132.56,-0.73,131.93,-0.26,133.43,-1.38,151.46,-13.12,3.12,37.47,134470,136003,135196,-0.044
4167,SEVN,Real Estate,REIT - Mortgage,NASDAQ,76.55,29.85,90.47,31.32,76.78,27.8,80.67,28.61,85.85,36.5,78.71,26.41,6.92,1.62,-5.34,-5.72,-9.66,-15.93,34.13,152932090.5,22656606.0,0.047199998,-36.57,114200,0.61,6.84,1.17,6.97,-0.72,7.17,-3.49,7.43,-6.86,2.55,68.02,199200,185730,163186,-0.506
4168,GLSI,Healthcare,Biotechnology,NASDAQ,76.52,29.82,84.23,18.24,97.08,68.18,85.86,34.66,106.86,74.14,187.95,95.5,15.14,-12.74,-16.35,0.53,18.28,16.37,72.74,249235965.1208496,14678208.0,0.2131,-55.6,129100,1.03,16.04,-5.61,17.08,-11.36,17.15,-11.72,16.41,-7.74,9.22,42.29,114580,124960,123576,
4169,EIX,Utilities,Utilities - Regulated Electric,NYSE,76.44,29.8,89.37,28.46,72.85,23.76,82.32,30.37,116.48,82.38,112.42,76.7,54.3,2.59,5.05,-2.74,-29.81,-4.57,45.7,20737625093.438187,384813979.0,0.0529,-33.47,7799000,1.13,53.69,1.14,52.94,2.57,53.56,1.38,61.4,-11.56,2.47,47.71,5681810,6881583,5574672,-0.041
4170,APWC,Industrials,Electrical Equipment & Parts,NASDAQ,76.39,29.78,93.53,42.1,68.32,19.41,78.18,25.87,80.37,30.28,70.96,20.45,1.32,0.0,-0.75,-5.04,-10.2,-27.87,25.37,54426842.76272833,41232455.0,0.0015,-42.11,900,0.16,1.32,0.0,1.33,-0.75,1.34,-1.49,1.42,-7.04,2.87,26.42,2010,5506,7976,0.077
4171,DNUT,Consumer Defensive,Grocery Stores,NASDAQ,76.39,29.78,92.75,38.8,74.37,25.57,78.43,26.17,84.45,34.88,90.96,46.82,3.01,3.79,1.01,-5.94,-7.67,-33.99,21.93,501415018.2008743,173500000.0,0.1996,-41.1,2293000,1.09,2.95,2.03,2.92,3.08,3.01,0.0,3.19,-5.64,3.29,116.25,2039020,2105316,2593218,-0.128
4172,UVV,Consumer Defensive,Tobacco,NYSE,76.36,29.75,93.55,42.25,73.62,24.63,79.8,27.8,88.16,39.45,90.15,44.86,43.18,3.6,1.1,-4.74,-21.2,-15.93,34.13,1050748664.3966255,24899257.0,0.0992,-27.28,435400,1.27,42.61,1.34,42.25,2.2,43.23,-0.12,45.52,-5.14,2.07,70.56,367840,343743,345128,-0.118
4173,RMIX,Basic Materials,Building Materials,NASDAQ,76.33,29.73,75.11,8.48,80.65,32.24,93.84,55.0,149.49,93.21,101.62,64.43,11.35,-10.77,-8.39,-18.7,-33.78,,,897996911.1028347,73485834.0,5.41,-55.49,593400,1.22,11.6,-2.16,12.18,-6.81,12.74,-10.91,15.54,-26.96,6.48,43.54,563740,486663,401846,1.462
4174,FUTU,Financial Services,Capital Markets,NASDAQ,76.32,29.72,96.64,57.73,78.23,29.34,81.56,29.65,54.9,11.7,110.14,74.83,108.76,2.19,-0.47,-4.18,6.75,-32.89,22.77,14323670582.256226,140194488.0,0.0759,-46.3,886000,0.86,108.7,0.06,109.76,-0.91,110.69,-1.74,112.41,-3.25,4.07,24.87,1352330,1029220,1204888,0.356
4175,RERE,Consumer Cyclical,Internet Retail,NYSE,76.31,29.7,91.82,35.39,79.88,31.32,79.99,27.94,79.43,29.01,123.19,83.19,3.7,0.0,-5.85,-7.04,-12.53,-29.11,24.72,806226782.7553167,221490868.0,0.0221,-42.81,299300,0.52,3.72,-0.54,3.76,-1.6,3.86,-4.15,4.09,-9.54,2.59,10.44,388330,578926,841374,0.324
4176,WULF,Financial Services,Capital Markets,NASDAQ,76.28,29.65,77.79,10.38,90.37,52.6,89.84,41.64,154.51,94.11,309.27,98.09,13.65,-8.45,-16.21,-15.43,-9.54,9.03,65.53,7729024692.525133,498968677.0,0.2855,-54.26,45854200,1.61,14.66,-6.89,14.9,-8.39,15.62,-12.61,16.21,-15.79,6.81,58.06,28405790,28472006,30193364,-0.06
4177,NMS,Financial Services,Asset Management,NYSE,76.28,29.65,90.3,30.9,77.28,28.39,81.48,29.57,94.42,56.19,95.44,55.56,9.74,-2.31,-2.31,-5.87,-17.9,-13.78,36.05,64032511.92294502,6409661.0,0.0037,-22.08,11160,0.27,9.81,-0.71,9.79,-0.51,10.04,-2.99,10.64,-8.46,1.97,14.12,28926,41548,38571,
4178,HNRG,Utilities,Utilities - Independent Power Producers,NASDAQ,76.28,29.65,91.67,34.84,70.74,21.83,78.56,26.31,83.73,34.06,78.53,26.3,14.5,7.25,-0.28,-7.05,5.84,-24.79,27.33,635963875.1397419,47143357.0,0.1001,-41.3,2616400,3.42,14.08,2.98,14.1,2.84,14.52,-0.14,15.26,-4.98,5.2,18.57,941880,765726,802088,-0.013
4179,MWA,Industrials,Specialty Industrial Machinery,NYSE,76.28,29.65,91.17,33.21,73.73,24.81,85.08,33.45,83.41,33.72,101.29,63.79,21.56,0.28,0.42,-8.99,-14.12,-11.29,38.03,3381682183.317112,156125679.0,0.0552,-30.45,1829600,1.26,21.67,-0.51,21.58,-0.09,22.04,-2.18,23.84,-9.56,1.98,100.84,1567240,1446446,1286378,0.041
4180,CVM,Healthcare,Biotechnology,NYSE ARCA,76.28,29.65,121.32,96.48,74.5,25.72,64.68,15.77,21.19,2.49,76.53,24.44,1.95,-6.7,13.37,28.29,71.05,-60.29,10.87,40630558.96355009,17588987.0,0.0363,-81.78,385500,1.76,2.31,-15.58,2.09,-6.7,1.82,7.14,1.64,18.9,12.64,12.17,421900,218520,217142,
4181,HTLM,Consumer Cyclical,Specialty Retail,NASDAQ,76.27,29.59,97.32,60.81,75.68,26.95,69.07,18.58,74.11,24.2,59.12,12.92,1.75,-4.37,-1.69,-1.69,-7.89,-30.16,24.21,170406247.86168337,89687500.0,0.0058999998,-58.23,1100,0.13,1.83,-4.37,1.83,-4.37,1.82,-3.85,1.83,-4.37,7.06,0.0,19780,8746,6358,0.044
4182,FRPH,Real Estate,Real Estate Services,NASDAQ,76.27,29.59,88.75,26.8,79.0,30.17,85.63,34.32,90.35,46.42,78.07,25.91,19.83,-3.22,-5.93,-10.88,-13.44,-11.2,38.19,388773190.1631832,19170275.0,0.0423,-22.96,149000,1.45,20.07,-1.2,20.49,-3.22,21.02,-5.66,21.7,-8.62,1.97,58.76,87630,102703,104418,0.023
4183,FSV,Real Estate,Real Estate Services,NASDAQ,76.26,29.56,93.53,42.1,75.46,26.74,81.35,29.34,80.8,30.8,79.11,26.7,128.22,-0.23,1.18,-5.5,-9.75,-16.4,33.7,5639077613.331299,43669770.0,3.7,-32.42,82000,0.39,128.26,-0.03,128.39,-0.13,130.38,-1.66,137.01,-6.42,2.36,81.17,148530,211290,205748,0.024
4184,AAUC,Basic Materials,Gold,NYSE,76.26,29.56,84.89,19.04,86.0,42.38,90.52,42.94,89.06,41.09,156.94,92.33,19.63,-3.25,-10.98,-12.68,15.27,-15.68,34.35,2800892702.4570026,139347893.0,0.0308,-39.04,238200,0.53,19.86,-1.16,20.51,-4.29,21.34,-8.01,21.84,-10.12,4.2,26.69,436170,445340,636100,0.454
4185,INAB,Healthcare,Biotechnology,NASDAQ,76.23,29.54,114.25,94.52,67.99,19.13,60.38,13.33,71.91,22.35,48.9,8.83,1.38,-1.43,15.97,25.45,28.97,14.05,70.49,13801735.964957833,9858383.0,0.0072000003,-49.45,22200,0.48,1.4,-1.43,1.35,2.22,1.21,14.05,1.14,21.05,6.34,57.14,54800,46063,58622,
4186,IMXI,Technology,Software - Infrastructure,NASDAQ,76.22,29.52,97.39,61.19,63.88,15.89,84.92,33.14,87.32,38.2,108.48,73.28,12.43,8.18,17.6,-11.66,-3.79,-19.08,31.21,347735833.68489265,30211627.0,0.0709,-22.07,621000,1.11,12.03,3.33,11.78,5.52,12.29,1.14,12.99,-4.31,4.08,49.33,672030,561023,685484,-0.186
4187,SGA,Communication Services,Broadcasting,NASDAQ,76.21,29.5,95.49,51.73,78.01,29.12,80.32,28.29,71.44,21.89,93.21,51.52,8.4,3.32,-2.44,-2.97,0.19,-20.42,30.3,53852160.05776596,6357988.0,0.0032,-36.32,4200,0.33,8.36,0.48,8.34,0.72,8.55,-1.75,8.82,-4.76,2.45,77.74,8180,12890,13666,-0.065
4188,CHDN,Consumer Cyclical,Gambling,NASDAQ,76.2,29.48,90.3,30.9,75.02,26.33,81.33,29.29,78.58,28.22,81.2,28.93,76.16,1.79,-4.09,-7.96,-13.97,-33.64,22.17,5300703692.858261,69700243.0,0.0672,-35.65,1881700,1.61,76.39,-0.3,76.41,-0.33,79.19,-3.83,84.28,-9.63,3.88,104.02,1324870,1167560,1148194,0.049
4189,RRR,Consumer Cyclical,Resorts & Casinos,NASDAQ,76.2,29.48,88.8,26.91,75.0,26.31,84.29,32.51,103.69,70.13,95.26,55.2,50.37,2.94,-2.44,-7.46,-22.86,-17.89,32.46,2974849750.5532265,59130385.0,0.1607,-26.99,649200,0.56,50.9,-1.04,50.3,0.14,51.43,-2.06,56.56,-10.94,4.16,39.11,1077630,1169030,997726,-0.03
4190,LPX,Industrials,Building Products & Equipment,NYSE,76.19,29.44,93.25,40.94,74.31,25.48,75.27,23.12,79.77,29.51,76.8,24.75,65.06,0.79,-1.84,-1.0,-11.26,-18.52,31.77,4552013884.305344,69923410.0,0.1183,-35.16,1144600,1.01,65.42,-0.55,65.47,-0.63,65.86,-1.21,69.62,-6.55,3.69,66.27,1145240,1137270,1161246,-0.121
4191,NINE,Energy,Oil & Gas Equipment & Services,NYSE ARCA,76.19,29.44,80.28,12.83,80.31,31.86,105.51,73.37,125.24,86.81,94.47,53.86,7.82,5.39,-9.39,-23.71,-29.87,,,105461923.60177517,13949990.0,0.028900001,-40.89,40000,0.84,7.85,-0.38,7.88,-0.76,8.89,-12.04,9.93,-21.25,7.84,-0.0,44230,47720,72154,-0.037
4192,HPS,Financial Services,Asset Management,NYSE,76.19,29.44,87.67,24.39,79.91,31.4,86.61,35.68,91.88,51.19,94.19,53.34,11.72,-2.25,-5.1,-10.81,-15.66,-12.86,36.7,390851648.8785534,32168861.0,0.5,-25.26,174554,1.29,11.83,-0.93,11.97,-2.09,12.42,-5.64,13.26,-11.61,2.45,69.65,152605,135631,102827,0.011
4193,RFIL,Industrials,Electrical Equipment & Parts,NASDAQ,76.18,29.4,80.98,13.59,69.99,21.09,91.82,46.62,141.84,91.93,182.0,95.1,8.38,4.1,0.84,-17.76,-21.39,38.97,84.88,91150621.86057091,10851265.0,0.0829,-62.42,171400,0.62,8.49,-1.3,8.24,1.7,8.46,-0.95,10.37,-19.19,3.93,45.55,257260,274843,248854,0.211
4194,TIMB,Communication Services,Telecom Services,NYSE,76.17,29.39,96.43,56.51,74.72,25.93,79.27,27.24,90.18,45.54,126.08,84.51,18.7,7.1,2.02,-2.5,-1.84,-8.08,41.55,8470195987.896328,475053058.0,0.020299999,-33.73,875100,1.62,18.77,-0.37,18.28,2.3,18.6,0.54,18.36,1.85,3.32,28.97,711350,541430,557694,0.055
4195,FCN,Industrials,Consulting Services,NYSE,76.12,29.37,96.64,57.73,72.12,22.98,85.28,33.69,83.61,33.93,95.37,55.43,140.5,-0.86,7.7,-6.53,-17.56,-20.41,30.31,3766218661.4723206,27611575.0,0.1766,-25.78,652700,1.41,138.05,1.77,136.51,2.92,139.43,0.77,147.44,-4.71,3.53,43.71,567540,461833,453920,0.053
4196,MIR,Industrials,Specialty Industrial Machinery,NYSE,76.11,29.35,100.18,77.82,70.22,21.33,74.43,22.53,66.07,18.25,81.48,29.25,16.22,13.03,3.31,2.4,11.32,-31.13,23.65,3551860236.003227,243278092.0,0.2354,-46.43,5826900,1.46,15.69,3.38,15.12,7.28,15.56,4.24,15.5,4.65,4.46,48.37,4290700,3997940,3924018,0.197
4197,SMG,Basic Materials,Agricultural Inputs,NYSE,76.1,29.34,87.85,24.7,74.15,25.34,88.54,38.99,100.08,65.18,101.93,64.89,50.43,0.82,-1.37,-10.2,-27.51,-11.28,38.05,2853957858.1311264,58220274.0,0.1058,-33.06,1258400,1.21,49.69,1.49,49.74,1.39,51.96,-2.94,57.38,-12.11,3.51,94.99,1323100,1038886,1013688,0.011
4198,CPB,Consumer Defensive,Packaged Foods,NASDAQ,76.06,29.32,90.75,32.06,73.82,24.94,78.44,26.22,81.29,31.2,64.73,16.24,19.37,-0.62,-1.17,-6.32,-14.56,-27.89,25.35,5851364926.948515,298234693.0,0.2495,-39.54,11706200,1.34,19.24,0.68,19.41,-0.21,19.97,-3.0,21.52,-9.99,3.18,84.54,8808950,8730310,7389674,-0.079
4199,GIS,Consumer Defensive,Packaged Foods,NYSE,75.99,29.29,87.92,24.86,79.88,31.32,85.46,34.07,82.88,33.12,67.17,17.95,32.59,2.9,-6.43,-9.37,-14.06,-28.57,25.06,17115334581.985382,534687144.0,0.1091,-36.42,16556900,1.54,32.05,1.68,32.51,0.25,34.35,-5.12,36.79,-11.42,3.19,82.81,12385060,10759730,9677408,-0.028
4200,CARG,Communication Services,Internet Content & Information,NASDAQ,75.99,29.29,87.68,24.41,77.79,28.97,96.76,61.06,90.23,45.79,100.82,63.21,29.24,-1.65,-5.65,-12.19,-21.12,-24.29,27.64,2673985850.3346024,89073478.0,0.17040001,-29.06,2811900,2.06,29.22,0.07,30.03,-2.63,31.73,-7.85,34.28,-14.7,4.43,57.84,1853430,1362890,1173168,0.131
4201,PJT,Financial Services,Capital Markets,NYSE,75.98,29.27,83.31,16.8,84.64,39.41,100.36,66.26,87.88,39.06,83.89,31.82,135.8,-3.21,-8.96,-20.93,-17.62,-18.89,31.41,3545584670.8341064,25564818.0,0.093100004,-30.58,860700,1.91,137.94,-1.55,141.85,-4.27,148.81,-8.74,164.0,-17.2,3.47,55.1,495500,450506,436130,0.195
4202,LUNR,Industrials,Aerospace & Defense,NASDAQ,75.96,29.25,85.92,20.92,87.92,46.21,87.29,36.62,82.43,32.57,190.44,95.63,13.7,-2.49,-12.74,-6.29,20.28,-8.3,41.19,2374384618.3374157,161412958.0,0.275,-70.7,9298800,1.24,14.43,-5.06,14.58,-6.04,14.67,-6.61,15.42,-11.15,7.64,28.65,8574260,7475336,8831854,3.098
4203,CWK,Real Estate,Real Estate Services,NYSE,75.96,29.25,89.0,27.48,77.55,28.71,84.11,32.29,88.59,40.09,101.49,64.18,11.83,-1.91,-3.66,-6.7,-12.37,-26.89,25.94,2797787417.267235,234713708.0,0.078600004,-32.01,4505000,1.97,11.79,0.34,11.86,-0.25,12.25,-3.43,13.24,-10.65,4.42,130.05,3248480,2281490,2069290,0.112
4204,AEYE,Technology,Software - Application,NASDAQ,75.94,29.22,92.44,37.53,89.39,49.06,86.05,34.91,67.06,18.84,57.31,12.02,6.84,-1.44,-5.0,-8.8,19.58,-37.87,19.92,86982145.03899002,12569674.0,0.0361,-58.27,87300,0.59,6.87,-0.44,6.83,0.15,7.13,-4.07,6.96,-1.72,4.94,11.84,64660,147526,143728,0.087
4205,VALN,Healthcare,Biotechnology,NASDAQ,75.93,29.2,91.77,35.25,84.41,39.05,85.18,33.55,62.03,15.91,63.46,15.31,5.69,-3.56,-8.52,-14.95,12.23,-29.54,24.58,544286627.2166328,94823458.0,0.002,-53.28,11300,0.38,5.79,-1.73,5.98,-4.85,6.28,-9.39,6.25,-8.96,3.97,34.57,25220,29906,92514,-0.277
4206,HII,Industrials,Aerospace & Defense,NYSE,75.91,29.19,93.88,43.77,77.23,28.32,82.3,30.33,74.08,24.17,118.69,80.8,265.02,-3.39,-0.37,-5.91,-5.04,-20.32,30.38,10581711083.629211,39404598.0,0.0345,-42.39,449900,0.91,264.89,0.05,264.66,0.14,270.4,-1.99,291.69,-9.14,2.82,81.94,586600,495580,501052,0.109
4207,BC,Consumer Cyclical,Recreational Vehicles,NYSE,75.87,29.17,85.72,20.39,78.71,29.87,88.13,38.19,101.02,66.33,114.48,78.34,62.35,-2.91,-5.76,-10.78,-22.09,-16.37,33.73,4239695733.8146057,64797428.0,0.0001,-30.91,861900,1.09,64.19,-2.87,64.78,-3.75,66.45,-6.17,73.58,-15.26,3.15,34.07,744330,791173,748888,0.077
4208,STI,Industrials,Electrical Equipment & Parts,NASDAQ,75.86,29.15,79.78,12.39,80.14,31.64,84.47,32.62,84.74,35.22,93.11,51.24,5.78,-6.17,-12.69,-18.59,-4.62,-18.82,31.52,45202813.522895336,8512771.0,0.0162,-87.43,64200,0.2,5.58,3.58,6.04,-4.3,6.47,-10.66,6.99,-17.31,11.52,35.29,157000,314676,236836,30.229
4209,KWY,Financial Services,Asset Management,NYSE,75.86,29.15,97.41,61.36,70.96,22.06,76.01,23.74,64.44,17.4,87.23,35.65,9.49,1.71,3.72,-1.35,6.99,-25.86,26.67,269940774.6558838,28625744.0,0.0856,-42.52,41877,0.97,9.45,0.42,9.35,1.5,9.47,0.21,9.7,-2.16,3.23,37.49,48087,43379,51525,0.332
4210,SLGN,Consumer Cyclical,Packaging & Containers,NYSE,75.84,29.12,90.44,31.2,75.11,26.45,87.4,36.76,94.14,55.76,81.23,28.97,35.8,2.96,0.99,-7.18,-15.63,-10.98,38.44,3685131924.5194244,105682020.0,0.0987,-27.75,1786600,1.38,35.18,1.76,35.24,1.59,36.57,-2.11,39.31,-8.93,2.88,116.42,1348460,1297306,1195418,0.068
4211,FPH,Real Estate,Real Estate - Development,NYSE,75.83,29.1,90.14,30.51,75.91,27.15,85.04,33.4,85.06,35.56,83.42,31.21,4.48,-2.18,-3.24,-10.4,-16.26,-18.4,31.89,325999609.54081535,71806082.0,0.0105,-30.76,282700,1.84,4.54,-1.32,4.62,-3.03,4.78,-6.28,4.99,-10.22,3.08,29.03,150970,153796,165862,0.86
4212,VC,Consumer Cyclical,Auto Parts,NASDAQ,75.82,29.09,87.23,23.56,79.79,31.24,84.27,32.45,93.38,54.49,93.67,52.5,86.15,-2.5,-4.12,-14.33,-18.98,-12.79,36.79,2369753142.7152176,26695429.0,0.17819999,-32.14,579900,1.14,88.12,-2.24,88.01,-2.11,92.2,-6.56,98.89,-12.88,3.1,37.09,543000,509773,453596,-0.009
4213,BLIV,Technology,Software - Application,NASDAQ,75.81,29.07,100.71,79.35,77.26,28.35,75.32,23.19,76.28,26.22,67.92,18.45,2.3,1.77,-0.65,-2.13,4.55,-40.87,18.46,24989044.08192587,10864802.0,0.0004,-46.82,0,0.0,2.3,0.0,2.33,-1.29,2.28,0.88,2.26,1.77,4.73,0.0,8280,6223,4382,-0.625
4214,NMCO,Financial Services,Asset Management,NYSE,75.79,29.05,86.73,22.35,80.25,31.79,85.27,33.67,94.56,56.44,95.56,55.76,8.51,-2.07,-6.16,-10.39,-17.11,-11.61,37.67,499150565.65611744,57307757.0,0.033099998,-22.64,1514799,2.07,8.61,-1.16,8.7,-2.18,9.11,-6.59,9.69,-12.18,2.56,82.62,995489,731806,509789,0.083
4215,PTN,Healthcare,Biotechnology,NASDAQ,75.78,29.04,85.21,19.5,66.53,17.93,74.83,22.8,69.81,20.54,183.18,95.21,9.01,-0.55,-8.34,-25.04,11.51,-47.16,15.59,16616160.734125137,1780939.0,0.2134,-70.94,32500,0.3,9.35,-3.64,9.35,-3.64,10.14,-11.14,9.99,-9.81,9.67,16.07,22360,109360,76668,
4216,SKIL,Consumer Defensive,Education & Training Services,NYSE,75.77,29.01,93.14,40.57,85.64,41.53,63.32,14.81,70.45,20.95,47.6,8.27,6.14,9.64,0.33,46.54,-16.91,-20.67,30.13,51963535.58715439,9100444.0,0.1671,-66.72,57000,0.68,5.91,3.89,5.87,4.6,5.73,7.16,6.85,-10.36,6.69,32.84,40530,84266,69730,-0.029
4217,GANX,Healthcare,Biotechnology,NASDAQ,75.77,29.01,88.34,25.83,84.45,39.1,73.78,22.05,74.51,24.6,107.98,72.83,1.62,-6.1,-12.23,-5.56,-4.44,-43.83,16.9,74630590.15487194,43643619.0,0.0677,-62.67,361500,0.86,1.67,-2.99,1.7,-4.71,1.75,-7.43,1.82,-10.99,6.37,9.7,561030,419070,452674,
4218,BN,Financial Services,Asset Management,NYSE,75.74,28.98,92.4,37.31,75.47,26.76,79.17,27.1,87.3,38.16,97.66,58.81,36.77,0.63,0.38,-3.19,-11.64,-18.37,31.92,82418411483.36241,2232351451.0,5.18,-25.82,6121600,1.2,36.96,-0.51,36.74,0.08,37.12,-0.94,40.06,-8.21,1.88,81.16,5867640,5104250,4773592,0.085
4219,GOLF,Consumer Cyclical,Leisure,NYSE,75.74,28.98,88.23,25.43,79.18,30.33,87.93,37.77,117.74,83.16,113.08,77.26,79.14,-5.12,-3.91,-7.19,-22.6,-3.2,47.27,4885582019.719025,58405044.0,0.1291,-33.86,421800,1.24,81.94,-3.42,82.48,-4.05,82.77,-4.39,87.29,-9.34,2.83,40.58,324910,339390,384372,0.138
4220,LOW,Consumer Cyclical,Home Improvement Retail,NYSE,75.71,28.95,93.59,42.44,72.29,23.26,76.31,24.09,78.13,27.78,92.61,50.36,188.85,3.55,0.19,-3.94,-12.44,-20.24,30.45,101438568347.40099,561054019.0,0.0186,-35.56,4125100,1.26,182.87,3.27,184.52,2.35,189.48,-0.33,202.67,-6.82,2.45,191.12,3330180,3269053,3117036,0.083
4221,TAOX,Financial Services,Capital Markets,NASDAQ,75.69,28.94,90.83,32.25,88.91,48.17,70.97,19.84,56.29,12.42,92.22,49.48,3.81,-13.21,-14.77,0.26,17.96,-24.25,27.67,33001096.07814789,7483242.0,0.0627,-61.9,608200,2.63,4.23,-9.93,4.32,-11.81,4.23,-9.93,3.92,-2.81,10.59,92.94,209790,231430,183982,21.369
4222,CX,Basic Materials,Building Materials,NYSE,75.68,28.92,89.36,28.41,76.74,27.77,88.33,38.55,115.16,81.42,124.75,83.88,9.56,1.7,0.53,-10.05,-18.05,-17.39,32.8,13751336491.780125,1442952453.0,1.69,-30.07,3994000,0.61,9.63,-0.73,9.59,-0.31,9.89,-3.34,10.57,-9.56,3.09,40.68,6840410,6509456,6789342,0.122
4223,EXOD,Technology,Software - Infrastructure,NYSE ARCA,75.67,28.9,90.57,31.58,86.6,43.65,56.99,11.56,35.37,5.2,30.14,3.84,6.31,-8.55,-20.63,5.7,23.97,-59.32,11.2,221389878.8356743,30203258.0,0.0529,-80.41,56800,0.65,6.77,-6.79,7.04,-10.37,6.98,-9.6,6.86,-8.02,9.83,37.08,62010,87873,95192,0.016
4224,FWRG,Consumer Cyclical,Restaurants,NASDAQ,75.66,28.87,95.48,51.63,68.66,19.82,75.27,23.12,75.93,25.84,65.33,16.63,10.96,7.14,7.24,-2.06,-16.97,-32.39,22.95,652300419.1168594,61712435.0,0.1185,-41.77,2998700,2.24,10.63,3.1,10.42,5.18,10.49,4.48,11.64,-5.84,3.93,148.71,1592430,1340873,1275868,0.152
4225,CSHR,Financial Services,Capital Markets,NASDAQ,75.66,28.87,85.9,20.89,91.62,58.06,78.11,25.81,51.0,10.09,58.5,12.62,4.63,-6.09,-20.72,-11.81,15.17,,,652312009.4149199,131780209.0,0.0113,-55.61,247200,0.72,4.84,-4.34,4.97,-6.84,5.23,-11.47,5.33,-13.13,5.97,10.85,311580,344826,312642,-0.489
4226,CCI,Real Estate,REIT - Specialty,NYSE,75.66,28.87,93.96,44.13,73.43,24.39,75.94,23.72,79.73,29.44,83.13,30.96,68.89,4.19,1.86,-5.39,-11.63,-16.85,33.31,28267260405.869568,425455439.0,0.0275,-31.45,4722500,1.38,68.04,1.25,67.5,2.06,70.1,-1.73,72.61,-5.12,2.6,79.3,3468030,3431893,3348962,-0.049
4227,CNEY,Basic Materials,Specialty Chemicals,NASDAQ,75.63,28.82,89.01,27.5,99.3,71.22,51.52,9.41,119.53,84.06,44.0,7.24,0.51,-9.03,-11.53,-5.17,-9.19,-16.96,33.21,3042452.044269085,5623756.0,0.031600002,-80.57,291000,1.21,0.52,-1.92,0.55,-7.27,0.55,-7.27,0.58,-12.07,14.31,68.49,597170,240360,188880,0.082
4228,NOAH,Financial Services,Asset Management,NYSE,75.63,28.82,89.91,29.9,80.72,32.39,80.27,28.21,84.39,34.82,86.26,34.28,7.62,-2.06,-4.75,-6.73,-11.4,-10.32,39.07,534750491.15137196,68645763.0,0.0046,-38.8,79700,0.79,7.72,-1.3,7.8,-2.31,7.96,-4.27,8.31,-8.3,2.33,11.25,111550,100946,109178,-0.015
4229,PII,Consumer Cyclical,Recreational Vehicles,NYSE,75.63,28.82,89.38,28.5,74.24,25.42,86.66,35.76,121.23,85.01,101.42,64.13,52.81,0.84,0.82,-8.85,-20.67,-21.66,29.37,3056288221.943268,56903524.0,0.1266,-32.28,907700,1.08,52.95,-0.26,52.72,0.17,54.25,-2.65,60.91,-13.3,3.14,48.84,830390,840170,811392,0.088
4230,DRS,Industrials,Aerospace & Defense,NASDAQ,75.6,28.79,91.54,34.4,81.53,33.88,76.84,24.57,87.26,38.09,95.84,56.23,35.87,-2.42,-4.58,-1.21,-22.77,7.27,63.57,9821607548.377934,266891515.0,0.0128,-29.1,1087000,1.16,36.37,-1.37,36.58,-1.94,36.78,-2.47,39.61,-9.44,2.44,75.55,831660,936813,898108,0.101
4231,VMC,Basic Materials,Building Materials,NYSE,75.59,28.77,93.74,43.16,73.62,24.63,81.3,29.22,88.72,40.18,92.42,49.84,246.26,0.93,1.89,-1.73,-13.1,-15.14,34.71,31495407984.985657,129578739.0,0.0494,-25.62,1434300,1.17,245.57,0.28,245.04,0.5,245.87,0.16,262.04,-6.02,2.73,83.27,1348750,1223110,1113896,0.025
4232,EARN,Financial Services,Asset Management,NYSE,75.58,28.75,83.67,17.32,85.15,40.5,88.03,37.91,84.57,34.98,84.34,32.27,3.55,-10.8,-13.25,-16.06,-15.33,-20.32,30.38,151402271.88224792,37568800.0,0.019299999,-37.94,567300,1.29,3.66,-3.01,3.88,-8.51,4.02,-11.69,4.15,-14.46,4.29,111.68,642330,441230,430472,-0.193
4233,IRIX,Healthcare,Medical Devices,NASDAQ,75.58,28.75,123.46,96.69,47.9,8.65,54.2,10.24,85.78,36.39,77.61,25.48,0.9,42.86,42.86,32.35,4.65,-10.0,39.56,11241543.428731918,17564912.0,0.014400001,-45.45,706200,0.96,0.76,18.42,0.69,30.43,0.67,34.33,0.73,23.29,7.3,167.39,2083620,733483,483528,-0.074
4234,EPRT,Real Estate,REIT - Retail,NYSE,75.57,28.72,86.93,22.68,80.12,31.6,87.77,37.39,91.44,50.26,98.16,59.49,25.05,-2.15,-4.2,-12.86,-20.75,-13.98,35.78,5601470721.098396,216273004.0,0.0912,-27.87,2805700,1.25,25.42,-1.46,25.68,-2.45,26.44,-5.26,28.62,-12.47,1.81,94.79,2160460,2235740,1946614,0.181
4235,APLD,Technology,Information Technology Services,NASDAQ,75.55,28.71,84.61,18.79,82.57,35.72,81.61,29.69,114.28,80.67,228.72,96.99,23.85,-1.28,-11.86,-7.49,2.71,-14.36,35.4,7592939044.226389,299170185.0,0.2092,-52.98,55283900,2.9,24.62,-3.13,24.78,-3.75,25.61,-6.87,27.1,-11.99,6.38,80.56,25483800,19060593,18052778,4.066
4236,IE,Basic Materials,Copper,NYSE ARCA,75.52,28.68,92.36,37.16,82.65,35.86,83.01,31.1,54.34,11.46,114.66,78.49,9.66,-3.4,-3.3,-6.67,10.65,-37.92,19.91,1666122236.9932623,159590259.0,0.0859,-55.17,2092900,0.97,10.12,-4.55,10.23,-5.57,10.05,-3.88,10.39,-7.03,6.74,21.51,2022400,2154860,2098442,-0.322
4237,LEN,Consumer Cyclical,Residential Construction,NYSE,75.52,28.68,92.74,38.73,73.33,24.31,68.38,18.15,74.5,24.58,72.66,21.74,77.6,-4.88,-4.13,0.26,-7.63,-26.53,26.09,19225840694.897095,240895142.0,0.0022,-41.99,6013200,1.14,76.78,1.07,79.21,-2.03,79.17,-1.98,82.48,-5.92,4.13,77.05,6705610,5260076,4038328,-0.087
4238,NPCE,Healthcare,Medical Devices,NASDAQ,75.5,28.66,82.67,15.7,88.18,46.69,91.32,44.78,112.99,79.84,119.91,81.49,12.39,-5.78,-11.31,-10.67,-9.16,-25.32,27.04,435918273.2531643,34324274.0,0.0321,-36.79,142600,1.07,12.75,-2.82,13.28,-6.7,13.79,-10.15,14.13,-12.31,4.64,19.14,140720,133133,166394,0.171
4239,EEFT,Technology,Software - Infrastructure,NASDAQ,75.49,28.64,90.77,32.12,77.08,28.19,88.37,38.6,87.69,38.72,77.82,25.67,63.66,0.03,-1.04,-10.0,-23.92,-17.35,32.84,2417768469.0,38075094.0,0.1458,-29.09,1010200,1.6,63.49,0.27,63.83,-0.27,66.01,-3.56,69.25,-8.07,2.98,107.69,679250,631226,660938,0.032
4240,WKHS,Consumer Cyclical,Auto Manufacturers,NASDAQ,75.47,28.62,98.97,72.48,64.91,16.67,63.4,14.84,46.63,8.4,28.19,3.47,2.92,-0.68,0.34,-3.95,-4.89,-45.72,16.15,32457897.762669325,10928585.0,0.2258,-79.38,58600,0.67,2.94,-0.68,2.93,-0.34,2.96,-1.35,3.1,-5.81,4.33,35.59,49130,88073,93444,3.749
4241,GROV,Consumer Defensive,Household & Personal Products,NYSE,75.46,28.61,97.24,60.49,71.28,22.26,74.25,22.46,69.31,20.22,89.23,41.66,1.03,0.98,-1.9,-1.9,-5.5,-14.17,35.55,44409086.211084366,42701046.0,0.090100005,-34.39,74500,0.7,1.04,-0.96,1.05,-1.9,1.04,-0.96,1.04,-0.96,4.94,0.0,98480,106943,77602,-0.169
4242,PODC,Communication Services,Internet Content & Information,NASDAQ,75.45,28.58,81.7,14.34,80.58,32.13,88.2,38.28,182.24,96.36,93.42,51.9,2.19,-5.19,-2.67,-13.44,-37.25,-1.35,49.78,71093832.71487808,30252696.0,0.0152,-57.88,103200,1.45,2.24,-2.23,2.21,-0.9,2.26,-3.1,2.67,-17.98,11.19,106.12,78240,71296,78242,0.075
4243,SCKT,Technology,Computer Hardware,NASDAQ,75.45,28.58,111.62,93.31,55.21,11.15,49.42,8.73,47.4,8.71,74.66,23.03,0.62,14.81,26.53,14.81,29.17,-41.51,18.2,5887093.332079828,8291681.0,0.0058,-77.78,398300,0.04,0.75,-17.33,0.61,1.64,0.56,10.71,0.67,-7.46,18.32,17.61,32365130,10851886,11992236,-0.25
4244,CPRT,Industrials,Specialty Business Services,NASDAQ,75.44,28.56,91.76,35.21,71.73,22.59,78.56,26.31,62.74,16.25,65.15,16.52,27.48,0.7,-2.0,-10.63,-10.84,-29.66,24.53,25214714267.379356,926330452.0,0.045700002,-40.12,12051300,1.22,27.16,1.18,27.23,0.92,28.58,-3.85,30.28,-9.25,2.44,147.6,9382810,9913033,10180324,0.024
4245,YAAS,Technology,Software - Application,NASDAQ,75.41,28.52,70.08,5.58,103.04,75.77,112.36,80.61,38.78,5.94,27.83,3.39,1.01,-11.74,-25.91,-32.33,71.45,-36.96,20.23,18228978.3954674,15714637.0,0.01,-79.72,26000,0.03,1.13,-10.62,1.16,-12.93,1.27,-20.47,1.93,-47.67,8.42,11.75,20390,1033503,675848,4.443
4246,CRK,Energy,Oil & Gas E&P,NYSE,75.41,28.52,96.75,58.32,69.09,20.16,83.95,32.11,60.8,14.88,73.06,21.98,13.71,6.78,-0.8,-9.74,8.72,-36.38,20.58,3752470525.034855,293620548.0,0.32709998,-51.21,2385900,0.85,13.4,2.31,13.05,5.06,13.41,2.24,13.82,-0.8,4.31,11.85,2428390,2821786,2541934,-0.252
4247,GFUZ,Industrials,Specialty Industrial Machinery,NASDAQ,75.41,28.52,105.18,88.03,72.95,23.86,72.81,21.26,94.67,56.7,91.08,47.11,8.71,19.81,4.44,6.09,8.33,-15.59,34.47,800515136.0,,4.84,-41.35,644500,4.35,7.8,11.67,7.67,13.56,7.9,10.25,8.02,8.6,6.22,116.36,143160,148190,172100,
4248,FLG,Financial Services,Banks - Regional,NYSE,75.4,28.49,84.23,18.24,81.8,34.33,91.21,44.45,105.87,72.65,110.62,75.3,11.35,-2.91,-8.39,-14.47,-19.33,-15.05,34.76,4856586102.027325,415092836.0,0.0001,-26.49,7410600,1.48,11.5,-1.3,11.71,-3.07,12.24,-7.27,13.13,-13.56,2.38,88.89,6366620,5019303,4612914,0.153
4249,AMSC,Industrials,Specialty Industrial Machinery,NASDAQ,75.39,28.47,98.52,68.06,70.34,21.42,70.38,19.42,78.57,28.21,109.99,74.69,30.95,4.92,1.74,7.99,16.18,0.98,52.86,1453748722.5175266,48442143.0,0.0841,-56.09,1064400,1.48,30.91,0.13,30.16,2.62,29.76,4.0,30.21,2.45,4.5,56.66,756820,720483,708568,0.3
4250,MFA,Real Estate,REIT - Mortgage,NYSE,75.38,28.46,85.84,20.69,81.38,33.69,87.79,37.41,94.83,56.9,105.43,69.8,7.18,-2.65,-7.66,-11.98,-17.83,-13.28,36.37,773322735.340497,101087938.0,0.049200002,-31.16,3236400,1.67,7.25,-0.97,7.41,-3.1,7.74,-7.24,8.22,-12.65,2.68,88.39,2557330,1941793,1765650,0.202
4251,SNN,Healthcare,Medical Devices,NYSE,75.35,28.44,95.47,51.55,75.03,26.35,77.2,24.96,84.23,34.67,99.9,62.17,26.96,2.63,2.25,-1.23,-16.47,-15.62,34.45,11057199832.490257,418516268.0,0.0116,-28.13,1051700,0.63,26.81,0.56,26.7,0.97,26.99,-0.11,28.33,-4.84,1.65,112.67,1252300,1667700,1558018,0.046
4252,AAP,Consumer Cyclical,Auto Parts,NYSE,75.34,28.41,92.96,39.7,69.65,20.71,72.07,20.83,87.2,38.02,117.05,79.91,42.4,9.45,2.34,-2.1,-27.43,6.53,62.58,2336272018.432617,60400000.0,0.27629998,-34.97,1595100,0.92,40.63,4.36,40.21,5.45,41.48,2.22,46.44,-8.7,3.92,93.33,1778340,1725430,1987332,-0.005
4253,HCKT,Technology,Information Technology Services,NASDAQ,75.34,28.41,103.88,86.05,66.37,17.81,72.23,20.94,53.34,10.99,58.38,12.54,10.98,0.09,7.54,1.5,-0.59,-42.81,17.14,268183464.2968912,24877873.0,0.056599997,-46.91,207800,1.05,10.81,1.57,10.48,4.77,10.57,3.88,10.79,1.76,3.32,98.82,189220,197080,243366,-0.12
4254,BON,Basic Materials,Specialty Chemicals,NASDAQ,75.33,28.38,97.83,63.36,78.47,29.51,65.49,16.39,68.2,19.58,71.22,20.65,1.17,-0.77,-3.55,1.48,4.2,-31.55,23.44,9312443.283144236,8168810.0,0.0014,-50.0,1600,0.2,1.16,0.86,1.18,-0.85,1.17,0.0,1.15,1.74,5.62,30.43,7730,7833,7668,0.019
4255,CNL,Basic Materials,Gold,NASDAQ,75.33,28.38,82.98,16.23,85.09,40.33,98.68,63.69,74.35,24.33,145.42,90.28,11.63,-3.57,-10.74,-20.61,-6.51,-16.63,33.54,1124969046.5235605,92742707.0,14.61,-47.06,175400,1.01,11.95,-2.68,12.18,-4.52,12.75,-8.78,13.98,-16.81,5.12,47.01,158040,173300,135070,
4256,LMAT,Healthcare,Medical Instruments & Supplies,NASDAQ,75.3,28.36,93.59,42.44,77.31,28.42,77.73,25.55,94.98,57.21,119.09,81.09,79.64,-0.69,-1.46,1.07,-22.88,-5.53,44.47,1805756511.78257,22869257.0,0.093100004,-32.51,272900,1.02,79.59,0.06,80.75,-1.37,80.39,-0.93,82.46,-3.42,2.65,62.99,267650,267046,344836,0.096
4257,AEVA,Technology,Software - Infrastructure,NASDAQ,75.29,28.34,81.73,14.37,83.62,37.64,77.98,25.73,92.49,52.75,92.55,50.12,13.69,-4.2,-12.36,-8.55,-2.14,-4.2,45.99,1028857004.0343819,69705758.0,0.15720001,-56.26,1844300,1.27,14.33,-4.47,14.36,-4.67,14.71,-6.93,17.25,-20.64,6.45,36.22,1348020,1457436,1651998,0.113
4258,VEL,Financial Services,Mortgage Finance,NYSE,75.28,28.32,87.98,25.04,74.39,25.6,91.59,45.74,81.94,32.08,96.14,56.63,14.91,2.05,-3.18,-17.72,-15.86,-23.66,28.05,576034463.6543922,39481457.0,0.2947,-30.31,204200,1.13,14.75,1.08,14.9,0.07,15.8,-5.63,17.11,-12.86,3.07,94.93,220570,180600,152634,0.227
4259,IRON,Healthcare,Biotechnology,NASDAQ,75.27,28.3,81.8,14.51,84.71,39.63,99.39,64.69,99.12,63.6,105.91,70.47,60.77,-4.46,-8.53,-18.03,-17.51,-24.08,27.75,2476722448.455963,38392844.0,0.2189,-38.92,846800,1.39,62.29,-2.44,63.65,-4.52,66.37,-8.44,73.88,-17.74,4.35,96.56,710810,610930,502844,
4260,CLX,Consumer Defensive,Household & Personal Products,NYSE,75.27,28.3,91.53,34.33,72.86,23.8,78.65,26.48,79.36,28.95,79.11,26.7,83.44,3.46,2.0,-6.0,-15.27,-12.09,37.2,9724062554.912567,120931005.0,0.081,-35.27,2740900,0.82,82.32,1.36,82.01,1.74,83.99,-0.65,94.18,-11.4,2.8,73.26,2808700,3328493,3044878,-0.02
4261,LE,Consumer Cyclical,Apparel Retail,NASDAQ,75.26,28.27,93.89,43.86,69.59,20.67,68.13,17.96,81.11,31.02,84.19,32.13,10.39,-0.95,0.48,0.58,-15.6,-30.5,24.01,304009343.53297997,29544154.0,0.1349,-48.15,225900,1.17,10.49,-0.95,10.41,-0.19,10.38,0.1,11.39,-8.78,3.48,5.54,170700,193423,180782,0.027
4262,CMCSA,Communication Services,Telecom Services,NASDAQ,75.25,28.26,89.21,27.93,77.53,28.67,88.51,38.88,74.22,24.27,91.91,48.95,21.21,-0.74,-2.67,-14.42,-12.48,-19.37,31.01,76544089796.65207,3548636573.0,0.0254,-35.45,44699900,1.49,21.17,0.19,21.3,-0.42,22.29,-4.85,24.16,-12.21,2.55,85.2,30171290,29917780,27296578,-0.012
4263,BIVI,Healthcare,Biotechnology,NASDAQ,75.2,28.23,67.18,4.62,88.14,46.58,107.46,75.55,89.95,44.54,67.33,18.03,1.28,-12.93,-20.5,-32.98,1.59,-9.22,40.28,12676756.931219101,8682710.0,0.1232,-66.23,362200,0.92,1.4,-8.57,1.47,-12.93,1.62,-20.99,1.68,-23.81,7.03,33.33,220810,393990,5827506,
4264,MCD,Consumer Cyclical,Restaurants,NYSE,75.2,28.23,92.52,37.87,73.61,24.6,77.5,25.21,78.38,28.03,91.46,48.08,236.9,2.19,-0.05,-6.38,-12.13,-23.52,28.11,164094994191.67987,707641531.0,0.019199999,-30.68,11357000,1.91,233.03,1.66,233.2,1.59,241.27,-1.81,255.44,-7.26,2.03,139.05,6232650,5935600,5338574,0.037
4265,MNRO,Consumer Cyclical,Auto Parts,NASDAQ,75.19,28.21,98.24,65.63,73.66,24.7,71.28,20.2,93.35,54.46,96.55,57.25,13.74,-2.0,-1.72,9.31,5.93,-30.82,23.85,443324380.34103394,31264060.0,0.4378,-42.53,816100,0.9,13.77,-0.22,13.78,-0.29,13.34,3.0,12.73,7.93,4.69,77.61,740390,903420,1059740,-0.046
4266,IP,Consumer Cyclical,Packaging & Containers,NYSE,75.17,28.19,86.06,21.09,80.65,32.24,85.36,33.85,80.25,30.15,73.33,22.1,31.88,-1.97,-8.6,-7.03,-24.38,-13.57,36.18,16930349179.52321,529569895.0,0.1595,-36.56,7814800,1.45,31.97,-0.28,32.79,-2.78,33.84,-5.79,37.3,-14.53,3.12,70.3,5815770,5398540,4833084,-0.022
4267,CENX,Basic Materials,Aluminum,NASDAQ,75.11,28.17,84.98,19.18,87.21,44.91,103.15,70.71,103.88,70.26,204.28,96.34,36.38,1.08,-4.56,-17.99,-14.72,0.47,52.14,3526141062.1637535,98993295.0,0.1412,-48.35,1823300,1.04,36.43,-0.14,36.61,-0.63,38.61,-5.78,43.2,-15.79,3.43,63.38,2029580,1744800,1954436,0.197
4268,IBM,Technology,Information Technology Services,NYSE,75.07,28.16,92.99,39.85,76.23,27.34,79.63,27.68,70.79,21.3,81.24,28.99,226.61,0.44,-0.2,-3.17,0.79,-23.18,28.48,209756800014.5668,942134390.0,0.026500002,-31.84,8921900,1.58,222.53,1.83,222.43,1.88,229.86,-1.41,231.75,-2.22,2.54,153.08,5744840,5651380,5683232,0.011
4269,DOO,Consumer Cyclical,Recreational Vehicles,NASDAQ,75.06,28.14,92.62,38.23,76.72,27.74,86.98,36.24,95.34,57.85,94.25,53.49,54.39,-0.49,-1.5,-10.06,-10.76,-23.45,28.24,3985128295.5965805,71150302.0,3.92,-33.58,375600,1.18,55.43,-1.88,55.88,-2.67,57.21,-4.93,61.0,-10.84,3.26,19.19,283450,317480,274520,0.185
4270,AVTX,Healthcare,Biotechnology,NASDAQ,75.01,28.12,74.84,8.28,90.17,51.48,109.03,77.17,161.24,94.77,148.24,90.96,13.43,-10.17,-14.57,-21.83,-29.35,-27.8,25.4,803913522.8350697,53629989.0,0.24139999,-44.66,990400,0.92,14.04,-4.34,14.66,-8.39,15.51,-13.41,17.73,-24.25,6.77,72.54,1023010,1070966,942800,
4271,GSIT,Technology,Semiconductors,NASDAQ,75.0,28.09,84.02,17.9,86.24,42.89,81.77,29.79,93.01,53.72,113.54,77.57,4.93,-9.71,-10.53,-7.16,-6.1,-17.0,33.16,215267334.65322447,38372073.0,0.12100001,-72.84,772100,1.64,5.43,-9.21,5.46,-9.71,5.37,-8.19,5.78,-14.71,5.19,11.73,367260,470216,508252,0.005
4272,OTIS,Industrials,Specialty Industrial Machinery,NYSE,75.0,28.09,93.78,43.29,75.76,27.02,79.37,27.38,74.05,24.12,78.05,25.88,66.11,2.53,-0.85,-2.62,-9.34,-22.79,28.63,24381872324.66063,380669339.0,0.0482,-30.09,4656100,1.0,65.65,0.7,65.49,0.95,66.99,-1.31,69.76,-5.23,2.39,68.47,4859420,4651116,4003040,0.073
4273,NICM,Basic Materials,Other Industrial Metals & Mining,NASDAQ,75.0,28.09,87.9,24.8,77.71,28.87,88.54,38.99,71.7,22.15,78.73,26.45,5.43,-0.18,-4.74,-15.81,-4.23,,,104242920.25178719,19127142.0,2.37,-48.77,2300,0.75,5.41,0.37,5.48,-0.91,5.69,-4.57,6.05,-10.25,3.35,16.47,2650,3070,3076,13.998
4274,ANNX,Healthcare,Biotechnology,NASDAQ,74.97,28.05,88.89,27.21,75.0,26.31,94.27,56.02,139.6,91.27,205.57,96.39,4.0,-2.91,5.26,-3.38,-17.7,-22.63,28.77,794336582.3078051,189579134.0,0.1835,-44.29,3213900,1.01,4.09,-2.2,4.06,-1.48,4.04,-0.99,4.68,-14.53,6.28,57.75,3645130,3174973,2935890,
4275,PUK,Financial Services,Insurance - Life,NYSE,74.97,28.05,88.23,25.43,81.34,33.59,89.01,39.98,90.6,47.28,105.43,69.8,23.88,-3.36,-5.61,-10.2,-17.81,-21.02,29.87,30247745863.012825,1231084503.0,0.00059999997,-29.83,3531300,3.05,24.22,-1.4,24.62,-3.01,25.44,-6.13,26.9,-11.23,1.89,86.26,1459460,1158783,1140688,-0.018
4276,SRL,Financial Services,Capital Markets,NYSE,74.93,28.02,94.64,47.13,68.58,19.69,82.05,30.05,71.87,22.33,90.86,46.54,5.06,-0.2,1.2,-10.28,2.22,-29.03,24.78,76131755.0,15226351.0,0.0007,-51.3,1000,0.16,5.04,0.4,5.1,-0.78,5.24,-3.44,5.53,-8.5,5.73,10.34,7190,6156,13358,0.026
4277,BNT,Financial Services,Insurance - Diversified,NYSE,74.92,28.01,91.92,35.78,74.78,26.03,78.19,25.9,87.29,38.14,98.23,59.65,36.62,0.74,0.08,-3.51,-14.24,-18.61,31.72,10129888205.24617,274374017.0,9.41,-26.55,11600,0.61,36.9,-0.76,36.68,-0.16,37.09,-1.27,40.17,-8.84,1.74,64.28,16660,18886,16682,0.389
4278,SMSI,Technology,Software - Application,NASDAQ,74.91,27.99,90.46,31.29,77.2,28.3,64.73,15.81,63.27,16.6,88.57,38.79,2.54,-4.51,-5.93,-9.61,4.1,-5.93,43.93,14813182.533092499,5589880.0,0.0231,-45.38,7200,0.44,2.61,-2.68,2.64,-3.79,2.72,-6.62,2.81,-9.61,2.9,0.0,13070,16446,22854,-0.018
4279,STRT,Consumer Cyclical,Auto Parts,NASDAQ,74.89,27.98,89.66,29.33,74.97,26.26,85.28,33.69,102.79,68.79,120.98,82.21,64.3,-2.24,-2.25,-9.54,-28.46,-19.88,30.74,262213867.56129456,3985013.0,0.088199995,-30.86,85100,1.1,65.37,-1.64,65.77,-2.24,67.23,-4.36,74.55,-13.75,2.81,43.65,57800,77206,83732,-0.001
4280,PROK,Healthcare,Biotechnology,NASDAQ,74.88,27.96,93.99,44.21,72.73,23.67,85.91,34.77,58.61,13.73,107.15,71.87,1.66,-2.92,-1.19,-9.78,7.79,-29.96,24.32,352943512.2308109,205199713.0,0.138,-52.3,1133400,0.75,1.63,1.84,1.63,1.84,1.72,-3.49,1.68,-1.19,6.66,117.65,1248760,1506960,1353042,-0.321
4281,LOAN,Real Estate,REIT - Mortgage,NASDAQ,74.86,27.93,88.99,27.44,78.1,29.16,84.99,33.28,83.22,33.55,86.36,34.37,3.53,-2.95,-6.92,-10.8,-13.35,-21.33,29.68,43202946.453003645,11429351.0,0.0013,-39.14,85500,2.33,3.65,-3.29,3.66,-3.55,3.75,-5.87,3.89,-9.25,3.18,53.38,60380,36696,31154,-0.11
4282,ROAD,Industrials,Engineering & Construction,NASDAQ,74.86,27.93,89.99,30.11,67.47,18.64,79.1,27.0,81.23,31.14,107.16,71.91,88.33,-2.02,-1.69,-8.1,-15.09,-19.06,31.23,5169296053.322525,56755555.0,0.0805,-41.5,566000,0.95,90.5,-2.4,90.98,-2.91,93.14,-5.16,103.01,-14.25,4.61,41.01,688050,596790,661438,0.282
4283,NOC,Industrials,Aerospace & Defense,NYSE,74.85,27.91,91.22,33.33,81.35,33.63,81.16,29.06,76.21,26.13,100.46,62.77,484.48,0.51,-4.81,-6.64,-9.04,-13.73,36.09,67906126428.0,142063026.0,0.015800001,-37.41,1087300,1.19,479.03,1.14,488.16,-0.75,505.72,-4.2,531.87,-8.91,2.45,110.71,1100220,915606,814384,0.051
4284,SAH,Consumer Cyclical,Auto & Truck Dealerships,NYSE,74.83,27.89,83.27,16.69,75.59,26.88,95.6,58.99,128.74,87.93,95.54,55.73,61.51,-3.53,-1.55,-19.18,-45.11,-1.66,49.32,1986358067.5484314,31614802.0,0.22719999,-45.89,363300,1.09,61.7,-0.31,61.98,-0.76,65.74,-6.43,74.39,-17.31,4.88,50.32,381330,332503,319810,0.076
4285,SRTS,Healthcare,Medical Devices,NASDAQ,74.8,27.88,95.94,54.04,77.27,28.37,88.7,39.31,64.75,17.57,89.18,41.49,2.97,0.68,2.06,-4.81,4.21,-22.45,28.89,49056936.13398886,16462059.0,0.0153,-45.9,19100,0.6,2.96,0.34,2.97,0.0,3.03,-1.98,3.1,-4.19,3.73,45.16,22440,31980,31604,-0.687
4286,BRID,Consumer Defensive,Packaged Foods,NASDAQ,74.77,27.86,95.73,53.14,72.69,23.63,70.59,19.53,76.76,26.73,82.03,29.83,5.9,5.55,0.0,1.03,-7.67,-19.84,30.76,50739492.26501465,9076832.0,0.0043,-31.55,3000,0.92,5.56,6.12,5.62,4.98,5.77,2.25,6.02,-1.99,2.19,317.13,1830,3273,3246,-0.095
4287,GNLX,Healthcare,Biotechnology,NASDAQ,74.76,27.84,94.38,46.1,66.64,18.04,70.75,19.66,81.88,31.96,79.33,27.03,2.5,-0.79,2.88,0.81,-11.66,-40.48,18.71,115828055.01104116,45245335.0,0.0932,-70.71,259100,0.94,2.54,-1.57,2.52,-0.79,2.51,-0.4,2.61,-4.21,4.61,69.39,232910,275036,313200,
4288,BGIN,Technology,Computer Hardware,NASDAQ,74.75,27.83,112.64,93.72,69.72,20.82,56.33,11.17,47.23,8.65,64.81,16.3,2.19,-6.01,17.74,15.87,21.67,-22.34,29.0,262475375.56736112,113135941.0,0.0017,-66.31,24100,0.05,2.28,-3.95,2.25,-2.67,2.04,7.35,1.98,10.61,14.6,37.53,1320860,444890,307680,-0.845
4289,LZB,Consumer Cyclical,"Furnishings, Fixtures & Appliances",NYSE,74.71,27.79,90.6,31.69,73.29,24.26,77.84,25.61,102.39,68.29,87.28,35.81,29.55,0.37,-1.2,-4.24,-27.25,-23.4,28.29,1199179985.1304874,40052771.0,0.0587,-34.19,804300,1.02,29.66,-0.37,29.68,-0.44,29.97,-1.4,33.69,-12.29,2.53,69.6,686320,786030,732218,-0.034
4290,IREN,Financial Services,Capital Markets,NASDAQ,74.71,27.79,80.87,13.4,93.95,63.07,87.74,37.33,91.55,50.57,246.5,97.26,35.71,-12.15,-22.62,-18.17,21.84,-10.55,38.85,16455888479.065643,394058648.0,0.2171,-53.54,55259600,1.39,39.58,-9.78,40.67,-12.2,42.89,-16.74,41.79,-14.55,6.77,19.45,38357510,39728423,41907786,-0.267
4291,BMI,Technology,Scientific & Technical Instruments,NYSE,74.71,27.79,94.08,44.68,75.38,26.68,76.82,24.55,73.17,23.29,55.1,10.86,127.66,-0.55,-2.25,2.12,-4.1,-29.08,24.73,3703649343.8830795,28986847.0,0.1926,-37.42,408100,1.09,125.62,1.62,126.2,1.16,127.65,0.01,131.02,-2.56,3.14,101.96,387640,373640,360196,-0.066
4292,BHM,Real Estate,REIT - Residential,NYSE ARCA,74.69,27.76,95.01,49.09,73.45,24.41,77.36,25.09,73.15,23.24,95.91,56.3,8.01,1.14,0.05,-2.92,-4.29,-5.69,44.23,32905305.22025299,4108028.0,0.001,-39.77,400,0.17,8.05,-0.5,8.01,0.0,8.11,-1.23,8.3,-3.49,4.19,-0.0,2480,2340,3086,0.134
4293,GDS,Technology,Information Technology Services,NASDAQ,74.68,27.74,91.22,33.33,86.48,43.39,79.22,27.16,73.96,24.04,123.7,83.38,30.44,2.15,-8.64,-2.0,2.91,-15.28,34.64,5524410729.259605,200377613.0,0.1086,-37.38,2771600,1.87,29.99,1.5,30.67,-0.75,31.34,-2.87,32.09,-5.14,5.49,33.48,2168850,1480883,1653210,0.065
4294,WEN,Consumer Cyclical,Restaurants,NASDAQ,74.66,27.72,83.94,17.74,75.22,26.5,91.49,45.42,85.07,35.6,67.25,17.99,6.22,-0.48,-4.45,-16.4,-18.0,-22.34,29.0,1166899949.7795582,190669930.0,0.35900003,-38.54,5624200,0.87,6.14,1.3,6.28,-0.96,6.69,-7.03,7.51,-17.18,3.56,94.84,5611190,6477680,7787778,0.017
4295,ASMB,Healthcare,Biotechnology,NASDAQ,74.66,27.72,80.78,13.35,75.58,26.86,109.19,77.3,89.5,42.46,132.49,86.6,22.82,-0.7,-3.55,-25.08,-9.12,-35.28,21.19,458927852.4806824,20360596.0,0.137,-42.53,288400,0.83,22.65,0.75,23.05,-1.0,24.77,-7.87,28.64,-20.32,4.3,75.35,250070,347716,315318,0.389
4296,PDYN,Technology,Software - Infrastructure,NASDAQ,74.65,27.69,90.91,32.52,79.45,30.81,78.56,26.31,61.7,15.75,76.94,24.89,5.12,-3.85,-5.01,-9.06,6.0,15.84,72.24,262974254.53577042,49338510.0,0.1471,-52.27,831400,1.02,5.23,-2.1,5.25,-2.48,5.45,-6.06,5.73,-10.65,4.51,23.8,862010,813800,851942,4.698
4297,CYH,Healthcare,Medical Care Facilities,NYSE,74.63,27.68,89.06,27.63,80.92,32.85,84.21,32.37,88.96,40.88,91.04,46.99,2.73,-0.73,-5.21,-5.54,0.74,-16.26,33.87,383545455.07431006,141009357.0,0.103999995,-38.37,1137400,0.96,2.73,0.0,2.8,-2.5,2.87,-4.88,2.91,-6.19,4.37,33.53,1126900,1181420,1175942,-0.098
4298,LEVI,Consumer Cyclical,Apparel Manufacturing,NYSE,74.62,27.66,89.56,29.03,81.02,33.05,85.29,33.73,99.19,63.74,106.27,71.02,19.05,-4.37,-3.4,-5.32,-22.78,-10.56,38.83,7646980989.919445,384850562.0,0.0809,-25.88,13688900,4.02,19.85,-4.03,19.81,-3.84,19.86,-4.08,21.26,-10.4,3.06,80.59,5578710,3404016,2849404,0.08
4299,CAMP,Healthcare,Biotechnology,NASDAQ,74.6,27.63,88.99,27.44,83.78,37.86,97.55,62.28,117.49,82.98,152.93,91.83,3.7,-3.65,-3.65,-14.75,13.15,-42.01,17.73,251012800.0,62753200.0,0.0216,-52.26,278300,0.8,3.9,-5.13,3.91,-5.37,4.01,-7.73,4.18,-11.48,8.64,59.47,433820,346873,302286,0.188
4300,FVN,Financial Services,Shell Companies,NASDAQ,74.6,27.63,87.05,22.99,81.05,33.16,87.5,37.04,91.7,50.87,91.75,48.54,8.84,-7.92,-9.24,-14.01,-5.25,-16.13,33.97,60469770.864486694,7554000.0,0.0053,-59.6,12200,0.19,8.8,0.45,9.16,-3.49,9.44,-6.36,10.47,-15.57,9.27,28.07,15200,62950,92222,
4301,PRQR,Healthcare,Biotechnology,NASDAQ,74.57,27.59,82.76,15.88,88.59,47.62,100.43,66.38,77.8,27.54,101.79,64.67,1.57,-3.68,-8.19,-19.07,-9.25,-28.96,24.85,230729615.97418404,141119032.0,0.0224,-49.35,1163100,1.71,1.63,-3.68,1.64,-4.27,1.75,-10.29,1.92,-18.23,5.4,35.41,750330,678410,799704,1.204
4302,HLI,Financial Services,Capital Markets,NYSE,74.57,27.59,94.6,46.91,73.54,24.52,81.18,29.1,73.02,23.14,79.78,27.53,125.53,-2.22,-1.54,-7.68,-9.27,-27.91,25.33,8831557196.949005,69886500.0,0.0478,-38.52,930700,1.12,126.39,-0.68,127.28,-1.37,130.07,-3.49,129.53,-3.09,3.3,45.71,770800,833540,888396,-0.155
4303,MP,Basic Materials,Other Industrial Metals & Mining,NYSE,74.57,27.59,86.35,21.62,78.26,29.39,78.76,26.63,67.6,19.18,100.42,62.7,46.14,0.11,-6.41,-10.09,21.1,-14.51,35.29,8365431805.769165,178101588.0,0.205,-53.98,5460800,1.08,46.96,-1.75,46.89,-1.6,48.35,-4.57,51.5,-10.41,4.93,37.82,5292950,5039680,5976476,1.197
4304,DTST,Technology,Information Technology Services,NASDAQ,74.54,27.56,105.88,88.61,65.42,17.0,67.76,17.7,77.0,26.93,83.88,31.79,3.28,-2.96,15.09,9.7,11.95,-34.92,21.44,7761290.003939152,2337738.0,0.0017,-36.31,7900,0.45,3.33,-1.5,3.32,-1.2,3.1,5.81,3.1,5.81,7.32,25.0,32730,17640,18664,0.093
4305,MYSE,Technology,Software - Application,NASDAQ,74.52,27.54,77.52,10.23,78.22,29.32,119.89,86.2,123.82,86.18,150.38,91.39,1.75,-0.85,-5.65,-34.27,-26.88,-15.62,34.45,8833931.247785091,5196430.0,0.0395,-69.67,65500,0.56,1.69,3.55,1.75,0.0,2.03,-13.79,2.37,-26.16,5.23,120.22,32080,116413,106720,-0.526
4306,KRKR,Communication Services,Advertising Agencies,NASDAQ,74.5,27.52,99.39,74.92,73.27,24.21,75.59,23.43,55.43,11.93,61.67,14.3,3.05,1.77,-0.72,-3.08,11.42,-23.68,28.01,5921430.0,1973810.0,0.0015,-58.08,3300,1.02,3.05,0.0,3.04,0.33,3.08,-0.97,3.08,-0.97,5.32,80.07,1700,3223,6724,0.337
4307,MARA,Financial Services,Capital Markets,NASDAQ,74.5,27.52,79.5,12.22,95.06,65.01,84.37,32.57,84.04,34.36,73.49,22.21,9.91,-11.6,-23.3,-13.3,-1.39,-2.65,47.92,4338140928.476215,386299297.0,0.3098,-57.74,47788100,1.11,10.73,-7.64,11.28,-12.15,11.81,-16.09,11.19,-11.44,7.39,36.88,35188260,43226106,45014096,-0.267
4308,ASIX,Basic Materials,Chemicals,NYSE,74.49,27.49,97.54,61.99,71.73,22.59,78.71,26.55,88.08,39.31,102.99,66.45,16.7,4.51,6.03,-0.83,-16.2,3.42,58.03,437959218.3797569,27001186.0,0.02,-37.52,266100,0.99,16.55,0.91,16.22,2.96,16.36,2.08,16.97,-1.59,3.09,26.16,275270,268873,284292,0.027
4309,KEP,Utilities,Utilities - Regulated Electric,NYSE,74.47,27.48,92.21,36.71,71.27,22.25,76.76,24.49,69.24,20.19,103.26,66.86,10.92,-0.46,0.65,-8.16,-4.04,-35.42,21.07,14225923848.364056,1283928154.0,0.0042,-53.35,1287200,1.44,11.12,-1.8,11.07,-1.36,11.22,-2.67,11.61,-5.94,2.13,38.77,717720,896263,946312,-0.001
4310,CC,Basic Materials,Specialty Chemicals,NYSE,74.46,27.46,89.17,27.79,74.12,25.25,80.89,28.82,101.58,67.16,152.1,91.68,13.83,2.6,-2.54,-8.23,-15.64,18.7,74.36,2061678396.1264544,150377709.0,0.14649999,-51.76,2722900,1.45,13.9,-0.5,13.9,-0.5,14.29,-3.22,15.07,-8.23,3.43,24.25,2038820,1876716,2293706,-0.015
4311,HDL,Consumer Cyclical,Restaurants,NASDAQ,74.45,27.44,95.07,49.4,72.15,23.03,70.34,19.33,70.7,21.2,71.6,20.89,11.9,11.4,1.32,-1.24,-10.19,-30.0,24.3,665441970.6888199,58836600.0,0.0001,-35.7,0,0.0,11.78,1.02,11.62,2.41,11.75,1.28,12.69,-6.23,1.84,0.0,350,596,682,0.1
4312,CNM,Industrials,Industrial Distribution,NYSE,74.44,27.42,93.02,40.05,73.92,25.04,75.0,22.89,73.04,23.18,81.03,28.76,40.37,-2.44,-3.0,-1.18,-4.72,-25.06,27.16,7626738443.561554,184443500.0,0.0553,-32.33,2060200,0.77,41.27,-2.18,41.59,-2.93,41.81,-3.44,43.48,-7.15,2.91,52.01,2106710,2670620,2353490,0.025
4313,LMRI,Healthcare,Medical Devices,NASDAQ,74.44,27.42,93.21,40.85,71.05,22.11,80.73,28.67,74.42,24.42,49.7,9.15,10.33,2.28,4.55,-7.69,0.29,-41.77,18.0,991493723.0002441,96074976.0,0.082399994,-46.89,492100,1.27,10.54,-1.99,10.37,-0.39,10.71,-3.55,11.26,-8.26,4.66,47.82,415400,388013,445088,0.051
4314,DH,Healthcare,Health Information Services,NASDAQ,74.43,27.39,103.02,84.56,82.92,36.4,73.33,21.67,40.96,6.49,33.44,4.64,0.97,3.21,-4.36,-6.21,32.33,-61.97,10.43,99592820.23209089,106744713.0,0.0405,-72.13,491900,0.49,0.97,0.0,0.95,2.11,0.97,0.0,0.86,12.79,4.96,20.8,517520,1013236,698380,-0.091
4315,MINE,Basic Materials,Gold,NYSE ARCA,74.42,27.37,89.52,28.91,81.11,33.25,81.21,29.14,53.3,10.96,63.4,15.29,2.53,-7.33,-7.66,-16.23,3.69,,,177917020.80282593,67138496.0,0.61,-48.16,511700,2.55,2.59,-2.32,2.67,-5.24,2.8,-9.64,2.86,-11.54,6.92,91.35,215470,200703,193830,
4316,SER,Healthcare,Biotechnology,NYSE ARCA,74.42,27.37,85.98,20.99,79.73,31.16,102.2,69.33,61.64,15.66,44.52,7.44,2.01,3.08,-6.07,-19.6,-2.9,-26.91,25.9,49784928.04895115,25400473.0,0.0054,-65.52,59300,0.74,2.01,0.0,2.02,-0.5,2.16,-6.94,2.38,-15.55,7.44,13.37,123760,80213,72266,
4317,BRIA,Consumer Cyclical,Apparel Retail,NYSE ARCA,74.41,27.34,97.66,62.48,74.15,25.34,73.12,21.45,69.29,20.21,76.09,24.11,1.4,0.0,1.45,-6.67,9.38,-15.41,34.59,34999999.40395355,25000000.0,0.0018000001,-39.13,1300,0.3,1.39,0.72,1.39,0.72,1.41,-0.71,1.39,0.72,7.27,20.65,3920,4303,4598,-0.34
4318,HLLY,Consumer Cyclical,Auto Parts,NYSE,74.38,27.33,91.97,36.0,73.05,23.96,80.37,28.34,78.53,28.18,103.06,66.63,2.44,2.52,0.41,-6.87,-12.23,-41.63,18.1,283687884.21439004,121234143.0,0.043899998,-45.54,3445900,2.67,2.35,3.83,2.38,2.52,2.49,-2.01,2.78,-12.23,5.12,120.07,1322390,1290586,1183512,0.032
4319,LZM,Basic Materials,Other Industrial Metals & Mining,NYSE,74.37,27.31,83.41,16.98,84.27,38.77,90.25,42.4,67.91,19.33,99.4,61.35,3.33,-11.2,-14.4,-17.78,10.63,-15.91,34.17,346171035.87507963,89914557.0,0.0004,-47.97,1745600,4.62,3.72,-10.48,3.78,-11.9,3.84,-13.28,3.97,-16.12,6.25,57.63,513420,378063,393620,4.124
4320,UPBD,Technology,Software - Application,NASDAQ,74.36,27.29,88.73,26.74,72.94,23.84,89.32,40.64,99.46,64.22,86.74,35.0,15.69,2.61,1.38,-11.6,-23.2,-3.05,47.44,927543524.6542168,58299405.0,0.1596,-34.57,1605400,1.61,15.5,1.23,15.44,1.62,16.21,-3.21,17.69,-11.31,3.63,75.44,1229100,995503,1016328,0.005
4321,CRNC,Technology,Software - Application,NASDAQ,74.33,27.28,97.44,61.52,73.09,23.97,76.57,24.37,95.06,57.36,76.46,24.36,8.34,2.96,5.17,2.46,4.91,-25.67,26.8,365912786.0315895,45230257.0,0.1359,-38.18,959100,1.49,8.16,2.21,8.01,4.12,8.06,3.47,8.32,0.24,3.88,66.48,712110,643810,684630,0.118
4322,BYD,Consumer Cyclical,Resorts & Casinos,NYSE,74.3,27.26,89.91,29.9,74.61,25.84,83.31,31.48,92.39,52.49,97.12,58.05,70.0,5.95,-2.56,-8.2,-22.7,-18.36,31.95,4886076591.5,72655414.0,0.0964,-23.42,1059000,0.95,69.24,1.1,68.64,1.98,71.6,-2.23,77.13,-9.24,2.83,41.95,1293530,1110473,985078,0.0
4323,TNC,Industrials,Specialty Industrial Machinery,NYSE,74.28,27.24,91.28,33.55,74.36,25.55,81.86,29.92,98.09,62.0,90.64,46.06,65.94,-1.14,-0.41,-4.43,-21.49,-10.43,38.95,1144349264.1873093,17049303.0,0.11359999,-28.27,134800,0.76,67.03,-1.63,67.24,-1.93,67.34,-2.08,70.21,-6.08,2.94,42.36,149460,176666,211684,0.017
4324,BFRG,Healthcare,Health Information Services,NASDAQ,74.23,27.23,106.98,89.74,89.69,49.78,57.42,11.74,60.95,14.99,82.85,30.55,0.69,10.19,-9.54,42.39,25.59,-38.76,19.48,11458739.778677762,18541651.0,0.0063,-66.18,1334800,0.12,0.66,4.55,0.65,6.15,0.6,15.0,0.57,21.05,22.11,13.11,7004440,11249610,6800936,5.476
4325,TXT,Industrials,Aerospace & Defense,NYSE,74.21,27.21,89.2,27.9,76.44,27.48,81.47,29.55,89.68,43.22,98.39,59.88,73.22,-5.12,-3.68,-7.53,-14.49,-18.1,32.22,13287709574.823692,171986917.0,0.0495,-27.91,2056300,1.08,74.96,-2.32,75.97,-3.62,77.75,-5.83,81.75,-10.43,2.3,80.08,1890120,1896226,1707954,0.03
4326,LGPS,Industrials,Conglomerates,NYSE ARCA,74.19,27.19,87.26,23.63,89.65,49.67,90.06,42.06,119.49,84.04,56.66,11.65,0.72,-1.64,-9.2,-11.82,-27.38,-25.55,26.9,17708152.5,23610870.0,0.0121,-55.0,28600,0.01,0.72,0.0,0.73,-1.37,0.77,-6.49,0.87,-17.24,11.94,52.36,563900,2991066,1809976,0.174
4327,PTON,Consumer Cyclical,Leisure,NASDAQ,74.16,27.18,94.25,45.56,75.26,26.6,80.04,27.97,95.03,57.29,70.96,20.45,4.92,-1.01,2.71,0.0,-25.34,-20.65,30.16,2159249294.403261,438871801.0,0.14649999,-44.09,11369500,1.26,4.91,0.2,4.93,-0.2,4.92,0.0,5.3,-7.17,3.93,62.11,8687830,9053256,8915126,0.001
4328,FIG,Technology,Software - Application,NYSE,74.15,27.16,99.65,75.96,74.93,26.2,75.39,23.24,63.58,16.8,34.25,4.85,22.63,4.91,6.04,2.21,-8.6,-42.68,17.19,11385091084.443405,533009867.0,0.1776,-68.34,10545500,0.78,21.91,3.29,21.4,5.75,22.06,2.58,24.25,-6.68,4.46,116.89,9194450,13509506,16503254,0.482
4329,ATMU,Consumer Cyclical,Auto Parts,NYSE,74.12,27.14,89.16,27.78,76.15,27.29,83.53,31.61,91.97,51.44,128.8,85.38,42.62,-4.42,-4.84,-6.14,-15.42,-20.19,30.49,3728915646.1524467,81595527.0,0.0424,-35.91,1083600,1.46,44.92,-5.12,44.53,-4.29,44.61,-4.46,47.63,-10.52,3.47,126.5,759810,741853,724058,0.164
4330,NEN,Real Estate,Real Estate Services,NYSE ARCA,74.12,27.14,92.81,39.03,71.95,22.81,78.18,25.87,79.89,29.65,74.19,22.71,49.75,-4.33,-0.5,-8.04,-12.08,-20.44,30.27,169957754.35938263,3467818.0,0.04,-32.31,0,0.0,49.45,0.61,50.23,-0.96,51.62,-3.62,53.72,-7.39,2.32,0.0,360,800,862,0.143
4331,CSBR,Healthcare,Biotechnology,NASDAQ,74.11,27.1,96.02,54.47,68.11,19.19,74.26,22.48,76.69,26.65,72.19,21.32,4.98,2.05,0.61,-2.35,-8.79,-31.02,23.72,68757731.6564269,13918569.0,0.01,-40.07,2800,0.22,4.96,0.4,4.93,1.01,5.0,-0.4,5.07,-1.78,3.94,50.91,12660,12923,11828,0.088
4332,BBUC,Industrials,Conglomerates,NYSE,74.11,27.1,95.77,53.28,67.53,18.75,73.83,22.11,82.01,32.15,97.0,57.79,26.24,3.27,4.67,-0.53,-17.53,-26.94,25.87,5259315636.769909,205442014.0,0.0454,-31.4,345200,0.98,26.01,0.88,25.7,2.1,25.75,1.9,27.42,-4.3,2.52,120.96,311320,352466,335810,-0.03
4333,COUR,Consumer Defensive,Education & Training Services,NYSE,74.1,27.07,95.94,54.04,66.84,18.15,72.33,21.04,68.67,19.92,75.89,23.97,5.27,3.74,4.15,0.76,-14.72,-30.38,24.09,1437520327.1781425,286358632.0,0.1001,-52.57,9729000,1.52,5.14,2.53,5.01,5.19,5.1,3.33,5.54,-4.87,4.54,83.68,9263150,6396020,6264756,0.596
4334,ACAD,Healthcare,Biotechnology,NASDAQ,74.1,27.07,76.47,9.45,82.56,35.68,110.87,79.14,103.57,69.99,93.58,52.29,19.58,-1.56,-11.72,-29.42,-25.66,-27.91,25.33,3437495215.5586777,172305518.0,0.0887,-36.76,2006600,0.96,19.81,-1.16,20.05,-2.34,23.48,-16.61,26.48,-26.06,5.04,26.36,2643980,2085506,1977318,0.164
4335,LFWD,Healthcare,Medical Devices,NASDAQ,74.06,27.05,85.49,20.06,83.01,36.65,91.2,44.39,89.93,44.49,64.08,15.76,6.43,7.89,-7.75,-9.82,-9.44,-17.56,32.67,16567293.329917908,2832016.0,0.0372,-36.96,5000,0.97,6.36,1.1,6.52,-1.38,6.78,-5.16,7.13,-9.82,6.32,81.15,5870,5166,5626,0.157
4336,HGLB,Financial Services,Asset Management,NYSE,74.05,27.03,86.53,21.98,83.06,36.77,83.59,31.66,81.26,31.18,91.45,48.05,6.33,-5.38,-9.7,-11.79,-10.54,-22.73,28.69,158527785.45052767,23590445.0,0.001,-40.51,159762,1.68,6.54,-3.21,6.61,-4.24,6.9,-8.26,7.17,-11.72,2.68,5.9,146876,94845,86555,
4337,STN,Industrials,Engineering & Construction,NYSE,73.98,27.0,95.31,50.74,73.59,24.59,75.12,22.94,61.47,15.44,80.14,27.89,67.87,1.09,-0.58,-2.85,-5.0,-27.44,25.55,7581359624.333328,112399703.0,7.72,-40.74,393700,1.12,67.28,0.88,67.55,0.47,68.83,-1.39,71.3,-4.81,2.27,135.74,389190,352220,372504,0.115
4338,TV,Communication Services,Telecom Services,NYSE,73.98,27.0,86.72,22.33,76.54,27.57,76.18,23.94,90.78,48.21,124.95,83.99,2.24,-0.44,-6.28,-5.49,-20.57,-23.29,28.43,1206967379.8942566,527060000.0,1.35,-35.82,512300,0.36,2.27,-1.32,2.29,-2.18,2.34,-4.27,2.58,-13.18,3.76,59.32,885580,1423036,1169454,-0.03
4339,ZURA,Healthcare,Biotechnology,NASDAQ,73.9,26.97,82.87,16.04,89.71,49.84,142.63,93.31,150.63,93.43,216.08,96.74,4.13,-0.24,-0.72,-23.23,-22.22,-3.28,47.14,393857765.86457014,95829137.0,0.1302,-44.49,2696100,1.46,4.06,1.72,4.07,1.47,4.41,-6.35,5.2,-20.58,7.14,76.27,2306980,1852610,1648888,
4340,BFAM,Consumer Cyclical,Personal Services,NYSE,73.9,26.97,98.26,65.73,71.25,22.21,73.18,21.52,69.64,20.49,72.29,21.44,68.89,6.26,3.84,7.19,-16.68,-32.21,23.06,3125304867.4562225,48635306.0,0.062,-37.29,926000,1.03,66.12,4.19,65.25,5.58,65.65,4.94,69.86,-1.39,3.05,84.59,723830,899083,816716,0.065
4341,GLDG,Basic Materials,Gold,NYSE ARCA,73.89,26.95,88.3,25.68,81.85,34.43,81.42,29.45,61.56,15.54,107.45,72.17,0.9,-5.26,-8.16,-13.46,7.14,-31.82,23.31,201911217.40787888,214799168.0,0.028800001,-60.35,282900,0.51,0.9,0.0,0.93,-3.23,0.97,-7.22,1.01,-10.89,4.21,105.66,454670,553816,652562,
4342,GDTC,Healthcare,Biotechnology,NASDAQ,73.88,26.92,101.08,80.71,66.34,17.75,58.24,12.22,69.34,20.26,61.99,14.44,0.94,5.0,3.85,16.67,3.85,-32.98,22.64,10980115.559185266,11934908.0,0.001,-74.46,23200,1.47,0.96,-2.08,0.93,1.08,0.9,4.44,0.9,4.44,12.2,34.89,21760,15776,20476,3.856
4343,EVCM,Technology,Software - Application,NASDAQ,73.88,26.92,106.65,89.45,69.69,20.78,57.49,11.75,89.64,43.06,94.33,53.6,9.06,-8.39,8.89,38.74,-25.25,-24.31,27.62,1579387225.1083126,176665246.0,0.12810001,-37.13,93100,0.55,9.13,-0.77,8.83,2.6,8.23,10.09,9.11,-0.55,6.83,9.7,140550,168770,158414,0.027
4344,TUYA,Technology,Software - Infrastructure,NYSE,73.86,26.88,93.95,44.07,73.58,24.57,72.15,20.9,65.24,17.83,100.99,63.47,1.7,-1.16,-1.16,-6.59,0.0,-23.17,28.49,1036146942.5921311,613104679.0,0.0083,-37.04,187200,0.3,1.71,-0.58,1.71,-0.58,1.73,-1.73,1.77,-3.95,3.29,17.86,289530,628476,596288,0.16
4345,HLMN,Industrials,Tools & Accessories,NASDAQ,73.86,26.88,93.41,41.54,71.99,22.85,76.32,24.11,83.37,33.64,89.1,41.28,7.01,1.01,0.0,0.43,-12.16,-21.06,29.83,1369596785.5386972,194544999.0,0.0304,-35.39,2011000,1.11,7.0,0.14,7.02,-0.14,7.08,-0.99,7.79,-10.01,2.99,114.36,1552200,1807520,1667554,0.098
4346,WY,Real Estate,REIT - Specialty,NYSE,73.86,26.88,86.3,21.44,74.98,26.28,85.95,34.86,87.92,39.14,88.51,38.42,19.17,3.12,-4.82,-12.82,-20.87,-16.18,33.94,13311993425.109863,720736000.0,0.045300003,-30.92,19320800,2.51,18.66,2.73,19.02,0.79,20.35,-5.8,22.51,-14.84,2.81,133.51,10440200,7698470,6801182,-0.009
4347,PAC,Industrials,Airports & Air Services,NYSE,73.85,26.84,89.77,29.57,74.52,25.73,79.26,27.22,84.76,35.25,98.22,59.61,196.69,0.04,-6.96,-3.85,-9.35,-26.29,26.36,11953915274.829712,59501820.0,0.0088,-34.53,130200,0.81,203.64,-3.41,206.04,-4.54,205.28,-4.18,208.95,-5.87,3.64,41.9,220610,160913,143676,0.037
4348,NA,Technology,Semiconductors,NASDAQ,73.85,26.84,96.2,55.47,82.43,35.34,83.62,31.78,44.86,7.7,53.44,10.19,2.14,-0.47,-7.56,-9.7,17.58,-31.41,23.5,48414611.249358416,22006641.0,0.0806,-64.15,20400,0.04,2.17,-1.38,2.19,-2.28,2.26,-5.31,2.1,1.9,5.98,23.42,25580,516046,317436,-0.665
4349,CRUS,Technology,Semiconductors,NASDAQ,73.83,26.81,92.73,38.68,77.49,28.61,77.7,25.47,95.96,58.59,135.82,87.64,113.2,-5.8,-4.71,-2.82,-15.57,-6.55,43.22,6072744774.602005,50117561.0,0.082600005,-37.26,905600,1.03,117.45,-3.62,118.77,-4.69,118.97,-4.85,118.51,-4.48,2.81,190.58,686440,877663,853420,0.129
4350,RDDT,Communication Services,Internet Content & Information,NYSE,73.81,26.8,97.04,59.67,77.71,28.87,76.86,24.59,99.52,64.28,89.65,43.19,156.47,4.64,2.46,0.73,-12.09,-32.9,22.74,28447748086.02951,192396510.0,0.1369,-40.62,4573600,1.01,151.28,3.43,148.67,5.25,152.48,2.62,154.41,1.33,4.32,66.16,4062110,4512020,6373282,0.611
4351,PIPR,Financial Services,Capital Markets,NYSE,73.78,26.78,86.89,22.6,80.08,31.53,88.31,38.5,82.69,32.87,105.09,69.42,64.38,-2.13,-9.43,-15.41,-12.55,-23.95,27.81,4619010262.893723,70670291.0,0.040999997,-32.28,855200,1.07,64.96,-0.89,66.53,-3.23,70.07,-8.12,73.17,-12.01,3.98,61.23,1071270,798283,675784,0.249
4352,PNNT,Financial Services,Asset Management,NYSE,73.77,26.76,92.64,38.32,76.53,27.54,75.49,23.33,59.8,14.36,72.75,21.82,3.21,-3.31,-4.18,-7.26,-0.5,-34.88,21.47,212212305.5,65296094.0,0.0422,-51.87,309286,0.57,3.22,-0.31,3.26,-1.53,3.37,-4.75,3.48,-7.76,2.6,59.83,474978,541419,535233,-0.162
4353,MRP,Real Estate,REIT - Residential,NYSE,73.75,26.75,80.4,12.97,82.79,36.16,93.47,53.91,88.52,40.0,99.55,61.58,22.63,-7.22,-13.6,-20.99,-16.62,-14.02,35.74,4086439584.8176117,166047927.0,0.0589,-32.43,5788100,2.29,22.95,-1.39,24.17,-6.37,26.08,-13.23,27.83,-18.68,4.84,88.49,4432400,2530740,1928062,0.321
4354,DRVN,Consumer Cyclical,Auto & Truck Dealerships,NASDAQ,73.73,26.72,89.82,29.74,74.73,25.95,81.16,29.06,91.61,50.73,72.94,21.92,11.77,1.38,-2.24,-4.31,-21.38,-21.01,29.89,1926964301.2278442,164979816.0,0.16860001,-31.97,1032100,0.92,11.71,0.51,11.78,-0.08,12.03,-2.16,12.7,-7.32,3.03,47.66,957250,1127370,1013594,0.068
4355,RDAC,Financial Services,Shell Companies,NASDAQ,73.73,26.72,96.24,55.64,73.75,24.84,68.29,18.11,65.52,17.91,54.71,10.6,5.43,0.74,1.12,-2.34,-16.33,-47.84,15.29,32730665.0,5951030.0,0.0174,-77.37,12600,0.01,5.53,-1.81,5.45,-0.37,5.5,-1.27,5.84,-7.02,5.56,6.62,15400,887106,895528,
4356,MXCT,Healthcare,Medical Devices,NASDAQ,73.72,26.7,80.69,13.25,90.38,52.71,94.58,56.9,106.65,73.73,45.63,7.79,1.02,-6.42,-14.29,-14.29,0.99,-32.0,23.17,110430645.83338094,103206206.0,0.0115,-45.31,476800,1.22,1.06,-3.77,1.1,-7.27,1.15,-11.3,1.21,-15.7,5.33,103.02,353190,389286,555660,-0.145
4357,RYET,Consumer Defensive,Education & Training Services,NASDAQ,73.71,26.68,100.57,78.92,66.46,17.86,65.62,16.5,71.97,22.44,88.2,37.47,0.92,12.06,9.52,12.2,-11.54,-26.4,26.2,32060803.973294735,37280004.0,0.0021,-54.68,27100,0.06,0.91,1.1,0.88,4.55,0.84,9.52,0.93,-1.08,8.28,5.25,93490,467073,287550,1.762
4358,BGDE,Financial Services,Capital Markets,NASDAQ,73.7,26.65,74.64,8.17,109.54,81.83,115.07,82.73,78.52,28.15,83.06,30.84,5.09,-3.6,-18.43,-18.04,7.84,11.87,68.48,30983933.141574383,5664339.0,0.0421,-87.28,58800,0.98,5.29,-3.78,5.34,-4.68,5.77,-11.79,6.2,-17.9,8.31,42.57,70110,59870,63124,-0.355
4359,PULM,Healthcare,Biotechnology,NASDAQ,73.7,26.65,93.57,42.37,75.27,26.62,62.17,14.29,66.79,18.73,29.44,3.67,1.53,-0.84,-8.56,4.59,-8.56,-35.57,20.99,5734087.641569972,3652285.0,0.0153,-72.17,13100,0.36,1.5,2.0,1.53,0.0,1.53,0.0,1.54,-0.65,7.92,90.8,15960,35946,26282,
4360,FBIN,Industrials,Building Products & Equipment,NYSE,73.7,26.65,91.6,34.6,74.01,25.08,78.48,26.23,99.74,64.67,66.05,17.27,39.31,2.05,3.47,-1.08,-19.51,-21.57,29.46,4599954323.344578,119293417.0,0.0738,-39.37,2675300,1.23,38.88,1.11,38.72,1.52,39.23,0.2,43.46,-9.55,3.55,105.98,2193630,2176500,2374838,-0.041
4361,GLIBK,Communication Services,Telecom Services,NASDAQ,73.67,26.61,95.73,53.14,74.85,26.17,84.13,32.34,54.3,11.42,93.26,51.64,23.59,0.4,-0.76,-8.25,1.03,-35.86,20.85,927392051.4264717,39904994.0,0.0837,-42.71,381500,1.19,23.56,0.13,23.45,0.6,24.12,-2.2,24.84,-5.03,3.07,49.68,318910,320393,358706,0.0
4362,SPXC,Industrials,Building Products & Equipment,NYSE,73.6,26.6,86.99,22.8,73.78,24.89,80.25,28.19,97.44,60.93,111.18,75.71,168.58,-0.67,-2.26,-9.83,-10.16,-17.03,33.13,8669361323.980103,50085860.0,0.035099998,-32.86,513200,0.87,172.98,-2.54,171.77,-1.86,176.19,-4.32,193.89,-13.05,3.21,23.63,692800,588826,528316,0.229
4363,EQ,Healthcare,Biotechnology,NASDAQ,73.58,26.58,65.84,4.27,79.1,30.28,125.44,88.74,246.5,98.05,261.55,97.54,1.44,-6.49,-16.28,-40.5,-36.84,25.22,78.82,89405393.50352693,63408082.0,0.1005,-59.32,645000,1.04,1.42,1.41,1.52,-5.26,1.76,-18.18,2.05,-29.76,8.78,79.1,743750,618153,578538,
4364,HUYA,Communication Services,Entertainment,NYSE,73.55,26.56,97.56,62.15,78.55,29.67,68.55,18.25,70.91,21.43,95.5,55.68,2.24,-2.18,-3.86,9.8,-7.82,-21.82,29.32,525242003.0106561,228366093.0,0.0167,-54.56,595100,0.57,2.28,-1.75,2.29,-2.18,2.22,0.9,2.25,-0.44,3.55,25.13,706380,1036636,1097122,0.11
4365,KMPR,Financial Services,Insurance - Property & Casualty,NYSE,73.52,26.55,100.48,78.62,69.2,20.35,79.81,27.83,61.49,15.49,63.68,15.41,27.47,5.9,9.01,1.67,-9.75,-30.42,24.06,1511301539.9317474,58874232.0,0.099700004,-46.14,1049900,1.16,26.25,4.65,25.85,6.27,26.34,4.29,27.05,1.55,3.15,143.47,892170,902866,891474,-0.091
4366,INEO,Consumer Cyclical,Auto Parts,NASDAQ,73.5,26.53,89.49,28.85,87.41,45.31,73.36,21.68,90.01,44.83,68.26,18.61,0.55,-13.49,-10.95,0.0,-13.49,5.01,60.81,9475986.072669983,16170624.0,0.0028,-54.17,12700,0.18,0.56,-1.79,0.59,-6.78,0.56,-1.79,0.58,-5.17,13.55,26.85,67620,71380,110456,-0.206
4367,TRAK,Technology,Software - Application,NYSE,73.49,26.51,93.86,43.66,72.08,22.96,66.95,17.15,73.55,23.76,51.86,9.86,7.81,-6.47,-5.33,-0.77,-11.13,-39.38,19.19,147247743.13728333,18201204.0,0.1155,-50.57,67300,0.75,7.97,-2.01,8.11,-3.7,8.15,-4.17,8.19,-4.64,3.54,57.95,83800,89576,79224,-0.032
4368,FTAI,Industrials,Aerospace & Defense,NASDAQ,73.48,26.5,88.41,26.0,72.85,23.76,78.91,26.86,99.41,64.13,150.38,91.39,171.06,2.24,-1.99,-5.01,-13.14,2.1,54.94,17155165284.355133,102707091.0,0.0936,-47.12,1938500,1.39,171.41,-0.2,170.25,0.48,178.08,-3.94,194.85,-12.21,4.43,35.75,1397700,1394993,1454066,0.409
4369,PRVA,Healthcare,Health Information Services,NASDAQ,73.43,26.48,93.85,43.57,73.63,24.66,80.69,28.62,109.08,76.17,92.64,50.43,20.19,0.8,4.13,-0.88,-16.29,-14.59,35.21,2593004304.646534,127734207.0,0.056900002,-29.94,1556400,1.21,20.3,-0.54,20.04,0.75,20.01,0.9,20.99,-3.81,2.93,16.88,1341130,1285413,1263840,0.214
4370,NG,Basic Materials,Gold,NYSE ARCA,73.42,26.46,83.93,17.69,85.79,41.88,87.05,36.31,60.71,14.81,157.66,92.46,6.28,-2.18,-12.04,-17.48,8.46,-36.82,20.3,2874013105.3907604,438780614.0,0.0935,-56.39,7133400,1.3,6.48,-3.09,6.57,-4.41,6.98,-10.03,7.51,-16.38,5.52,37.53,4594480,5493933,5362312,
4371,ORN,Industrials,Engineering & Construction,NYSE,73.42,26.46,93.66,42.78,64.71,16.52,76.51,24.27,122.79,85.72,123.77,83.39,9.06,-1.41,6.34,0.0,-0.22,-12.97,36.62,376606204.7238636,40495290.0,0.081499994,-47.93,454100,0.98,9.21,-1.63,8.91,1.68,8.98,0.89,9.33,-2.89,3.93,70.28,562490,464756,488202,0.081
4372,BCAX,Healthcare,Biotechnology,NASDAQ,73.41,26.42,74.28,7.94,96.61,67.46,119.04,85.7,146.37,92.72,148.56,91.03,17.26,-5.16,-12.74,-25.28,-33.33,-1.93,48.91,1158359102.4391212,65703866.0,0.2356,-44.3,1253600,1.86,17.03,1.35,17.85,-3.31,20.12,-14.21,22.85,-24.46,7.17,113.96,819520,672753,674274,
4373,ORA,Utilities,Utilities - Renewable,NYSE,73.41,26.42,88.22,25.37,75.89,27.11,77.07,24.84,91.24,49.83,103.09,66.68,88.64,-1.14,-4.21,-8.29,-5.93,-19.74,30.81,5710605978.794754,61496941.0,0.1142,-39.45,827500,0.92,91.17,-2.78,91.22,-2.83,93.13,-4.82,100.64,-11.92,3.24,42.49,707080,897503,857158,0.106
4374,BTCS,Financial Services,Capital Markets,NASDAQ,73.4,26.4,91.17,33.21,90.49,53.35,67.44,17.53,34.01,4.8,62.35,14.71,1.28,-13.51,-21.47,-3.03,29.29,-59.75,11.01,75034872.87773716,52471941.0,0.059,-79.19,1220900,0.65,1.4,-8.57,1.46,-12.33,1.46,-12.33,1.33,-3.76,8.7,53.88,1288120,1890816,1955488,-0.119
4375,CTM,Technology,Information Technology Services,NYSE ARCA,73.39,26.37,96.82,58.64,68.26,19.32,64.82,15.86,61.03,15.06,61.01,13.9,0.61,-2.39,-2.08,-0.97,-7.83,-42.26,17.57,59712209.72804761,94781286.0,0.0629,-55.15,409500,0.77,0.63,-3.17,0.62,-1.61,0.62,-1.61,0.63,-3.17,4.36,18.82,367940,529413,792798,-0.011
4376,GSHD,Financial Services,Insurance Brokers,NASDAQ,73.39,26.37,86.06,21.09,72.26,23.17,105.74,73.75,80.6,30.53,48.36,8.6,45.38,-3.74,3.97,-19.59,-35.82,-38.21,19.73,1083265615.5977821,23802805.0,0.124,-43.17,525300,1.11,44.84,1.2,45.03,0.78,49.15,-7.67,59.52,-23.76,6.26,89.23,487440,474846,437618,0.207
4377,BRSL,Consumer Cyclical,Gambling,NYSE,73.38,26.35,93.66,42.78,68.38,19.47,75.09,22.91,69.94,20.62,83.21,31.02,9.99,1.01,2.57,-6.29,-1.52,-34.18,21.8,1800012266.4606762,182742355.0,0.0539,-45.74,1993300,0.9,10.0,-0.1,9.97,0.2,10.2,-2.06,10.75,-7.07,3.2,62.5,2328060,2222840,2188638,-0.074
4378,UAA,Consumer Cyclical,Apparel Manufacturing,NYSE,73.37,26.33,95.18,50.01,73.35,24.32,82.97,31.04,103.07,69.27,101.32,63.85,4.88,5.17,8.44,-1.81,-30.88,7.73,64.17,2023159514.495862,429545541.0,0.374,-40.12,12050600,1.25,4.8,1.67,4.61,5.86,4.74,2.95,5.21,-6.33,4.07,75.54,11626410,9673900,9414208,-0.032
4379,BHF,Financial Services,Insurance - Life,NASDAQ,73.35,26.3,87.99,25.07,78.39,29.46,77.67,25.43,103.77,70.18,102.64,65.88,48.99,-2.12,-8.36,-3.64,-22.11,-24.53,27.43,2876728407.5867043,57511563.0,0.1557,-26.66,835600,0.87,49.7,-1.43,50.58,-3.14,50.53,-3.05,53.89,-9.09,3.26,22.53,693320,957750,1017232,0.867
4380,GRRR,Technology,Software - Infrastructure,NASDAQ,73.35,26.3,77.47,10.2,89.07,48.54,81.73,29.75,71.81,22.23,69.82,19.43,11.94,-12.08,-16.85,-13.23,12.11,-2.77,47.83,362300499.0288105,27509529.0,0.1929,-49.17,1756300,2.6,12.26,-2.61,13.03,-8.37,13.28,-10.09,13.75,-13.16,6.07,122.75,670880,674993,847276,1.38
4381,VIPS,Consumer Cyclical,Internet Retail,NYSE,73.35,26.3,96.32,55.97,72.06,22.94,73.22,21.53,78.28,27.93,91.09,47.15,12.72,2.25,2.83,1.11,-15.82,-30.78,23.89,5862914963.722229,475500000.0,0.0216,-38.31,3719200,1.22,12.66,0.47,12.55,1.35,12.46,2.09,13.51,-5.85,2.21,35.62,2846290,3037893,2856410,-0.043
4382,CLRO,Technology,Communication Equipment,NASDAQ,73.33,26.26,86.31,21.48,77.29,28.41,102.59,69.9,154.32,94.05,41.81,6.67,4.11,-17.8,19.83,-15.61,-8.67,-23.46,28.22,10915680.755882263,2675412.0,0.0292,-75.09,108600,0.1,4.06,1.23,4.36,-5.73,4.35,-5.52,5.09,-19.25,18.4,40.98,3182000,1075386,2416096,
4383,HIVE,Financial Services,Capital Markets,NASDAQ,73.32,26.24,79.46,12.14,95.11,65.14,89.23,40.44,96.79,59.85,83.59,31.41,2.56,-12.33,-22.42,-14.38,0.79,-9.54,39.97,817346472.471425,274277338.0,2.53,-67.35,10799100,0.86,2.82,-9.22,2.92,-12.33,3.06,-16.34,2.95,-13.22,6.92,33.87,10244270,12514993,17496506,0.735
4384,GOF,Financial Services,Asset Management,NYSE,73.32,26.24,94.68,47.38,71.45,22.39,77.46,25.15,82.06,32.23,79.67,27.45,8.74,1.86,3.68,-2.73,-12.41,-17.28,32.88,1853256820.2671814,212043120.0,0.57,-42.0,3227644,1.09,8.69,0.58,8.61,1.51,8.65,1.04,9.28,-5.82,1.86,89.72,2762244,2971314,2931174,
4385,CTRI,Utilities,Utilities - Regulated Gas,NYSE,73.29,26.22,95.89,53.73,67.03,18.28,68.08,17.91,93.56,54.75,135.68,87.63,20.81,1.31,2.06,2.77,-14.36,-20.36,30.35,2111137422.8242607,100963053.0,0.055999998,-51.59,2012400,1.14,20.88,-0.34,20.58,1.12,20.16,3.22,21.49,-3.16,3.68,75.84,1914090,1765446,1942518,0.329
4386,LAZ,Financial Services,Capital Markets,NYSE,73.28,26.2,89.35,28.36,74.23,25.39,84.63,32.79,81.48,31.36,93.43,51.93,35.82,-1.7,-0.83,-14.45,-10.87,-25.62,26.86,3515042102.3004456,97450572.0,0.1164,-39.03,1645600,0.97,35.87,-0.14,36.03,-0.58,36.96,-3.08,40.79,-12.18,3.75,72.27,1485130,1688020,1589036,0.001
4387,GLIBA,Communication Services,Telecom Services,NASDAQ,73.27,26.17,95.49,51.73,70.71,21.72,85.59,34.2,54.51,11.56,92.57,50.18,23.59,0.51,0.55,-9.62,-1.54,-35.93,20.77,924199654.9509811,39904994.0,0.106400006,-43.66,20200,0.53,23.51,0.34,23.42,0.73,24.15,-2.32,25.12,-6.09,3.07,61.01,31330,37820,38096,0.0
4388,MOGU,Consumer Cyclical,Internet Retail,NYSE,73.27,26.17,96.45,56.66,76.28,27.36,74.08,22.38,71.44,21.89,98.34,59.78,1.87,0.27,-0.27,0.81,-7.21,-25.99,26.58,15220925.097062945,8183293.0,0.001,-46.11,2200,0.63,1.86,0.54,1.86,0.54,1.87,0.0,1.91,-2.09,4.99,107.12,6150,3486,3346,-0.285
4389,BEPC,Utilities,Utilities - Renewable,NYSE,73.27,26.17,93.55,42.25,69.13,20.21,76.35,24.12,79.18,28.8,109.04,73.86,29.38,3.12,3.52,-4.76,-7.41,-20.52,30.21,5294536191.900585,185642921.0,7.9,-34.97,1886600,1.03,29.08,1.03,28.66,2.51,29.22,0.55,31.4,-6.43,2.52,48.65,2013520,1826820,1822162,0.13
4390,RLX,Consumer Defensive,Tobacco,NYSE,73.26,26.13,95.19,50.11,72.23,23.09,72.11,20.87,78.83,28.41,89.21,41.58,1.72,1.78,0.58,-3.37,-11.34,-24.89,27.28,2090055351.0653114,1222254564.0,0.0216,-33.85,1079700,0.27,1.72,0.0,1.71,0.58,1.72,0.0,1.81,-4.97,2.51,34.71,1553410,3986240,3559532,0.155
4391,LAR,Basic Materials,Other Industrial Metals & Mining,NYSE,73.21,26.12,81.4,13.98,88.49,47.37,101.14,67.68,119.82,84.19,208.58,96.51,5.26,-5.05,-7.39,-17.94,-4.88,-2.95,47.6,900908962.4404907,164100000.0,0.0405,-56.35,1308200,0.81,5.46,-3.66,5.48,-4.01,5.68,-7.39,6.22,-15.43,4.05,46.98,1207260,1624530,1816476,
4392,ROCK,Industrials,Building Products & Equipment,NASDAQ,73.19,26.1,86.78,22.43,75.41,26.7,90.22,42.37,80.34,30.22,59.48,13.14,37.48,-5.66,-5.59,-15.81,-13.04,-24.95,27.23,1190926093.1104965,29661919.0,0.1067,-50.08,691300,2.0,39.44,-4.97,39.76,-5.73,41.55,-9.8,44.7,-16.15,4.73,23.7,339460,345076,333120,0.646
4393,LONA,Healthcare,Biotechnology,NASDAQ,73.16,26.07,87.8,24.59,61.89,14.53,109.91,78.03,133.88,89.81,201.25,96.16,5.75,31.28,15.23,-16.18,-18.32,-17.5,32.73,45412417.277335644,9421663.0,0.0032,-59.54,134600,0.39,5.55,3.6,4.53,26.93,5.6,2.68,6.82,-15.69,17.51,23.34,918840,341500,225108,
4394,PXED,Consumer Defensive,Education & Training Services,NYSE,73.16,26.07,92.22,36.74,69.93,21.02,77.5,25.21,84.16,34.56,74.65,23.0,26.15,3.65,1.44,-2.39,-12.95,-19.04,31.27,905149633.3615723,36047376.0,0.1538,-44.46,83100,1.03,25.35,3.16,25.41,2.91,26.02,0.5,27.42,-4.63,3.58,91.24,89550,80403,93920,0.0
4395,OSG,Financial Services,Insurance - Specialty,NYSE,73.15,26.05,100.19,77.87,54.79,10.89,71.26,20.16,86.93,37.77,60.92,13.84,4.77,10.93,15.22,-4.41,-16.61,-42.46,17.47,207236831.3035555,45051486.0,0.041500002,-54.05,841900,1.52,4.64,2.8,4.4,8.41,4.5,6.0,4.7,1.49,3.89,118.46,518520,555116,524822,0.51
4396,HUIZ,Financial Services,Insurance Brokers,NASDAQ,73.1,26.02,88.38,25.9,75.92,27.18,78.57,26.36,52.03,10.5,56.77,11.78,1.3,-4.41,-5.8,-18.24,9.24,-58.33,11.62,13441081.51370573,10106076.0,0.1243,-68.79,10700,0.23,1.3,0.0,1.32,-1.52,1.4,-7.14,1.42,-8.45,4.54,20.31,18720,45543,2365698,-0.093
4397,GENK,Consumer Cyclical,Restaurants,NASDAQ,73.1,26.02,86.1,21.12,67.5,18.7,76.67,24.42,70.74,21.23,46.6,8.1,1.6,-4.76,-5.88,-13.51,-20.99,-35.22,21.23,8637340.956744194,5364808.0,0.056799997,-50.31,13700,0.38,1.6,0.0,1.64,-2.44,1.68,-4.76,1.83,-12.57,7.14,35.0,17940,35926,237734,0.013
4398,UA,Consumer Cyclical,Apparel Manufacturing,NYSE,73.09,26.0,94.34,45.95,74.77,26.01,83.6,31.69,104.68,71.24,101.74,64.59,4.74,4.64,7.0,-2.07,-31.4,9.72,66.37,1971614098.733448,429545541.0,11.31,-40.05,2679723,1.0,4.66,1.72,4.5,5.33,4.63,2.38,5.09,-6.88,3.87,70.93,3257786,2691812,2753129,-0.032
4399,CATX,Healthcare,Medical Devices,NYSE ARCA,73.08,25.97,95.2,50.18,69.9,20.95,79.39,27.4,75.39,25.37,137.39,88.21,2.71,-0.37,8.4,-2.17,-5.57,-1.45,49.65,315058588.7913649,114151663.0,0.2386,-56.01,3254400,1.52,2.57,5.45,2.6,4.23,2.7,0.37,2.95,-8.14,7.91,158.67,2148530,2137403,1729176,-0.721
4400,DTI,Energy,Oil & Gas Equipment & Services,NASDAQ,73.08,25.97,81.11,13.77,93.56,62.44,89.36,40.74,76.39,26.31,107.08,71.76,2.01,-12.99,-17.96,-22.69,-12.23,-26.1,26.48,80796291.61408997,35282224.0,0.0075,-57.14,996800,5.17,2.29,-12.23,2.32,-13.36,2.41,-16.6,2.45,-17.96,4.23,47.1,178730,192713,208318,-0.034
4401,HFFG,Consumer Defensive,Food Distribution,NASDAQ,73.02,25.94,95.96,54.19,69.84,20.92,70.23,19.22,63.62,16.87,73.79,22.41,1.61,-3.01,3.87,-4.73,6.62,-33.2,22.52,90632589.81486511,55602816.0,0.0036000002,-42.19,88300,1.15,1.61,0.0,1.61,0.0,1.61,0.0,1.68,-4.17,4.39,70.71,62220,76520,193582,0.028
4402,KBH,Consumer Cyclical,Residential Construction,NYSE,73.02,25.94,85.44,19.97,73.03,23.94,76.37,24.16,91.72,50.9,84.83,32.75,44.37,-4.66,-6.88,-7.08,-21.88,-21.65,29.39,2781600000.0,60800000.0,0.2338,-34.33,1279400,0.81,44.91,-1.2,46.09,-3.73,47.26,-6.12,51.8,-14.34,3.27,67.49,1333380,1575153,1286858,-0.2
4403,NXB,Consumer Cyclical,Auto & Truck Dealerships,NYSE ARCA,73.01,25.91,93.63,42.54,74.14,25.3,82.54,30.52,61.62,15.62,84.76,32.67,2.01,2.55,-3.37,-13.36,3.93,-14.1,35.63,48022928.61076534,25142895.0,0.0067000003,-48.46,8800,0.19,1.97,2.03,1.99,1.01,2.09,-3.83,2.1,-4.29,8.13,12.23,25530,46673,49236,0.884
4404,TMDX,Healthcare,Medical Devices,NASDAQ,73.01,25.91,93.84,43.5,82.85,36.28,80.62,28.59,55.99,12.2,89.05,41.03,79.0,0.46,-5.84,-7.1,1.28,-38.12,19.78,2766903131.782913,34675145.0,0.35819998,-49.36,949400,1.26,80.63,-2.02,81.73,-3.34,84.07,-6.03,85.7,-7.82,5.02,37.86,770700,756390,819938,0.207
4405,AKTS,Healthcare,Biotechnology,NASDAQ,73.0,25.88,75.85,8.99,74.97,26.26,107.45,75.52,113.9,80.44,84.32,32.24,17.74,-4.21,-9.63,-25.9,-20.77,,,1030073146.9405861,55619499.0,0.20120001,-48.11,500800,1.17,18.13,-2.15,18.71,-5.18,20.49,-13.42,22.96,-22.74,5.72,73.87,323000,426566,368322,1.114
4406,IMTE,Technology,Electronic Components,NASDAQ,72.99,25.87,99.91,76.93,71.67,22.55,58.34,12.27,55.74,12.09,68.09,18.53,0.49,5.16,0.41,5.39,9.89,-27.34,25.66,1550895.2589153051,3446434.0,0.0047999998,-63.43,24600,0.26,0.46,6.52,0.47,4.26,0.48,2.08,0.48,2.08,6.43,44.44,12940,92983,320592,
4407,WU,Financial Services,Credit Services,NYSE,72.98,25.85,94.23,45.44,70.0,21.1,80.45,28.46,87.28,38.11,100.75,63.15,6.33,5.15,4.98,-4.86,-18.98,-25.59,26.88,1871273886.0,311878981.0,0.18020001,-38.84,10239400,1.16,6.14,3.09,6.09,3.94,6.26,1.12,6.65,-4.81,2.88,164.71,8126850,8805073,10461090,-0.013
4408,JL,Consumer Cyclical,Apparel Manufacturing,NASDAQ,72.96,25.83,92.78,38.94,72.72,23.64,78.77,26.66,86.28,37.06,107.19,72.0,4.74,2.11,-2.31,-4.28,-16.44,-20.85,29.95,17247399.228497505,3761701.0,0.0057,-42.34,0,0.0,4.65,1.94,4.65,1.94,4.66,1.72,4.85,-2.27,5.53,0.76,2720,13663,13564,-0.026
4409,KULR,Technology,Electronic Components,NYSE ARCA,72.92,25.82,92.6,38.15,65.38,16.96,58.2,12.12,71.54,21.98,42.77,6.86,2.46,-4.65,-1.6,4.68,1.65,-22.4,28.95,122642857.71363544,46280322.0,0.1512,-59.0,912700,1.45,2.57,-4.28,2.53,-2.77,2.46,0.0,2.57,-4.28,4.15,-0.0,603840,630513,816574,-0.43
4410,BULL,Technology,Software - Application,NASDAQ,72.91,25.8,73.97,7.7,88.42,47.19,111.77,80.09,81.78,31.75,49.61,9.11,5.95,-15.36,-18.04,-36.02,-15.12,-30.57,23.99,3961333563.7503433,539691210.0,0.0806,-58.98,21302000,1.31,6.76,-11.98,6.92,-14.02,7.64,-22.12,8.07,-26.27,7.45,69.98,17643410,16237933,15670400,0.519
4411,PSEC,Financial Services,Asset Management,NASDAQ,72.9,25.78,82.79,15.94,88.06,46.45,87.52,37.11,77.44,27.31,90.65,46.12,1.82,-11.22,-15.16,-15.16,-13.05,-13.01,36.58,1067633698.0,533816849.0,0.052600004,-41.85,5780200,1.11,1.88,-3.19,2.0,-9.0,2.08,-12.5,2.15,-15.35,3.68,74.73,7659230,5218066,4780074,-0.067
4412,BL,Technology,Software - Application,NASDAQ,72.89,25.77,99.06,73.22,66.27,17.65,70.87,19.79,61.6,15.61,54.77,10.66,29.25,6.44,4.88,1.74,-9.81,-49.43,14.82,1593213641.8307877,58125270.0,0.1489,-50.9,971600,1.03,28.26,3.5,27.62,5.9,28.09,4.13,29.9,-2.17,3.53,110.13,911850,940190,1008826,0.092
4413,TTAM,Basic Materials,Building Materials,NYSE,72.88,25.75,87.63,24.32,71.94,22.8,83.92,32.08,97.23,60.55,100.47,62.8,13.11,-4.1,-2.82,-10.43,-17.67,-22.43,28.91,2465071548.0701456,184373341.0,0.13069999,-33.01,258700,1.03,13.36,-1.87,13.53,-3.1,13.73,-4.52,14.7,-10.82,3.56,40.74,202080,250220,258852,0.096
4414,SAFE,Real Estate,REIT - Diversified,NYSE,72.85,25.73,86.42,21.8,75.42,26.71,87.74,37.33,100.63,65.86,93.55,52.2,12.1,2.63,-0.8,-14.48,-24.89,-6.98,42.71,854044366.5156937,70816280.0,0.0919,-30.66,734400,1.33,12.04,0.5,11.97,1.09,12.67,-4.5,14.15,-14.49,2.89,57.16,729970,551733,439546,0.2
4415,NFLX,Communication Services,Entertainment,NASDAQ,72.84,25.72,94.39,46.15,72.73,23.67,74.07,22.36,59.9,14.44,85.88,33.74,71.57,5.48,-0.21,-5.84,-2.8,-24.18,27.7,279233784506.69165,4163939676.0,0.0228,-42.68,46060600,1.36,68.9,3.88,69.26,3.34,72.21,-0.89,75.38,-5.05,2.16,119.52,36612300,33959456,32696628,0.134
4416,NUCL,Energy,Uranium,NASDAQ,72.83,25.7,91.63,34.67,63.72,15.78,73.72,21.91,58.84,13.85,114.73,78.55,6.05,-0.98,-0.98,-5.76,7.65,,,175408197.06229115,29579798.0,0.064899996,-57.45,209900,0.83,6.13,-1.31,6.19,-2.26,6.21,-2.58,6.72,-9.97,5.29,59.37,185570,253013,322124,
4417,AMPX,Industrials,Electrical Equipment & Parts,NYSE,72.82,25.68,91.1,33.1,72.3,23.29,68.23,18.02,85.33,35.88,271.06,97.62,9.39,-2.29,-3.1,-1.68,11.26,0.43,52.08,1412599587.2050667,146080618.0,0.1576,-61.24,5095300,0.98,9.46,-0.74,9.55,-1.68,9.52,-1.37,10.16,-7.58,5.89,56.07,6654940,5179150,5510552,1.259
4418,ADUR,Industrials,Pollution & Treatment Controls,NASDAQ,72.82,25.68,79.62,12.31,87.71,45.91,89.65,41.27,96.1,58.82,102.01,65.01,11.18,-7.76,-10.99,-13.8,-11.76,-5.09,45.01,435245237.2555847,35443424.0,8.32,-38.54,356200,1.15,11.71,-4.53,12.03,-7.07,12.36,-9.55,13.86,-19.34,4.75,74.35,285740,311083,339770,-1.0
4419,NFGC,Basic Materials,Gold,NYSE ARCA,72.8,25.64,88.6,26.38,83.57,37.57,77.86,25.64,61.35,15.31,95.03,54.76,1.54,-4.35,-11.49,-8.88,12.41,-44.4,16.71,622659231.2127596,384357549.0,6.12,-57.1,755200,0.79,1.57,-1.91,1.62,-4.94,1.69,-8.88,1.71,-9.94,5.43,47.86,693250,959803,1220454,
4420,VIP,Financial Services,Capital Markets,NASDAQ,72.8,25.64,74.52,8.09,95.83,66.21,114.11,81.92,115.17,81.43,92.04,49.14,1.38,-9.8,-20.23,-24.59,-29.23,-18.34,31.97,28013450.688477516,18429902.0,0.0255,-58.93,96500,0.71,1.46,-5.48,1.53,-9.8,1.68,-17.86,1.8,-23.33,7.04,30.88,119830,136306,163800,-0.737
4421,ZJK,Industrials,Tools & Accessories,NASDAQ,72.79,25.61,82.64,15.61,88.56,47.57,79.07,26.95,74.91,24.91,63.33,15.23,1.8,-10.0,-16.67,-16.67,5.88,-10.0,39.56,118996162.18356192,64322249.0,0.0033000002,-55.56,10100,0.86,1.9,-5.26,1.97,-8.63,2.07,-13.04,2.02,-10.89,6.81,0.0,5180,11753,70874,0.366
4422,INO,Healthcare,Biotechnology,NASDAQ,72.79,25.61,86.48,21.94,71.82,22.7,75.69,23.55,72.18,22.58,63.69,15.43,1.09,-9.92,-9.92,-14.84,4.81,-52.19,13.67,119941117.4287355,103397518.0,0.21370001,-59.93,3208400,1.11,1.14,-4.39,1.16,-6.03,1.19,-8.4,1.12,-2.68,7.27,12.61,2570880,2881203,4529076,
4423,CALM,Consumer Defensive,Farm Products,NASDAQ,72.75,25.58,84.58,18.74,74.04,25.18,77.04,24.8,94.28,56.01,79.58,27.33,64.83,-1.53,-5.33,-12.05,-30.66,-23.34,28.35,3114196483.180313,46710613.0,0.1279,-32.16,1569300,1.22,64.52,0.48,65.98,-1.74,69.72,-7.01,76.63,-15.4,4.0,108.67,1870200,1281626,1097132,-0.415
4424,IPGP,Technology,Semiconductor Equipment & Materials,NASDAQ,72.73,25.57,93.49,41.86,73.41,24.36,72.98,21.38,105.72,72.53,152.14,91.73,77.74,-7.08,0.41,-0.75,-3.08,2.48,55.83,3567386054.3276367,42443616.0,0.2193,-50.11,301900,0.68,81.99,-5.18,80.58,-3.52,78.78,-1.32,80.16,-3.02,3.8,21.34,436540,446260,502196,0.111
4425,SEDG,Technology,Solar,NASDAQ,72.72,25.55,89.19,27.85,67.23,18.46,86.69,35.84,141.5,91.79,136.67,87.88,32.47,5.18,1.75,-11.65,-16.83,11.73,68.35,2035887010.708084,61525748.0,0.2199,-60.04,2742000,0.92,33.43,-2.87,32.56,-0.28,33.81,-3.96,33.97,-4.42,6.34,95.67,2485100,2966036,3361064,0.196
4426,SYK,Healthcare,Medical Devices,NYSE,72.69,25.53,93.66,42.78,70.35,21.44,74.0,22.26,78.96,28.54,83.49,31.28,276.97,1.47,3.0,2.9,-21.12,-21.16,29.75,105647521250.4071,383573046.0,0.0209,-29.44,2982400,1.02,278.24,-0.46,276.34,0.23,275.96,0.37,305.37,-9.3,2.38,80.4,2609450,2934373,2714406,0.094
4427,TLK,Communication Services,Telecom Services,NYSE,72.67,25.52,90.57,31.58,73.19,24.07,82.81,30.85,73.47,23.66,91.77,48.59,12.88,3.7,-3.16,-14.08,-10.37,-33.17,22.53,12371908258.428223,985809408.0,0.0057,-45.24,1067400,1.34,12.84,0.31,12.92,-0.31,13.66,-5.71,14.34,-10.18,2.17,42.97,994390,799436,744878,0.064
4428,SFM,Consumer Defensive,Grocery Stores,NASDAQ,72.62,25.5,88.6,26.38,68.58,19.69,72.04,20.79,70.92,21.45,61.34,14.08,66.01,2.37,0.9,-8.57,-16.61,-19.14,31.17,6011674497.577667,93247625.0,0.1618,-42.27,1689600,0.82,65.17,1.29,64.73,1.98,67.67,-2.45,76.4,-13.6,3.6,85.79,2343020,2055566,1929174,0.047
4429,MESO,Healthcare,Biotechnology,NASDAQ,72.6,25.48,85.41,19.88,91.88,58.73,91.8,46.51,106.79,73.93,96.44,57.08,13.75,-3.98,-11.18,-11.29,-2.69,-29.41,24.66,1826120895.0649738,129696087.0,0.0349,-36.05,239000,1.07,13.92,-1.22,14.31,-3.91,14.78,-6.97,15.73,-12.59,3.51,70.52,238580,223483,207134,3.907
4430,COHN,Financial Services,Capital Markets,NYSE ARCA,72.6,25.48,95.85,53.52,72.19,23.08,80.8,28.75,96.03,58.69,204.09,96.33,10.77,12.42,6.53,-1.37,-18.25,-17.92,32.43,31579325.737771988,3228970.0,0.0075,-66.96,7500,0.39,10.38,3.76,10.01,7.59,10.18,5.8,11.01,-2.18,3.37,107.48,12830,19310,20298,0.168
4431,SLSN,Consumer Defensive,Household & Personal Products,NASDAQ,72.59,25.45,103.05,84.67,62.47,14.88,50.93,9.18,43.55,7.15,50.24,9.33,0.84,1.2,3.7,1.2,-9.68,-58.82,11.39,57930576.39469296,70647045.0,0.018099999,-79.95,32900,1.45,0.82,2.44,0.82,2.44,0.82,2.44,0.9,-6.67,6.72,88.61,32730,22726,22518,-0.247
4432,BABA,Consumer Cyclical,Internet Retail,NYSE,72.58,25.43,92.6,38.15,82.02,34.71,76.52,24.3,74.96,24.99,89.86,43.86,105.7,-1.63,-4.46,-2.63,-8.11,-28.79,24.94,263327797997.15247,2487744939.0,0.0168,-44.25,11561000,1.34,107.72,-1.88,107.98,-2.11,109.47,-3.44,116.38,-9.18,2.85,31.49,7534700,8596863,10411446,0.086
4433,MKC,Consumer Defensive,Packaged Foods,NYSE,72.55,25.42,89.11,27.73,76.8,27.83,83.62,31.78,75.65,25.6,70.24,19.71,45.94,4.08,-3.93,-10.1,-11.64,-31.32,23.56,12019109784.258224,269064479.0,0.0,-36.56,6153200,1.68,45.36,1.28,46.21,-0.58,48.02,-4.33,51.24,-10.34,3.05,59.88,4798760,3670650,3205148,0.174
4434,ALB,Basic Materials,Specialty Chemicals,NYSE,72.54,25.38,84.21,18.2,77.38,28.48,89.65,41.27,91.79,50.99,193.7,95.81,102.1,-2.79,-5.68,-16.11,-10.04,-29.42,24.65,12342148479.482574,118005057.0,0.0004,-53.8,3903700,1.6,104.03,-1.86,105.57,-3.29,110.01,-7.19,121.73,-16.13,3.43,45.38,2144440,2433720,2375778,0.311
4435,LBTYA,Communication Services,Telecom Services,NASDAQ,72.54,25.38,86.99,22.8,73.1,24.0,82.22,30.22,86.22,37.01,107.71,72.44,8.93,0.11,-5.2,-15.91,-15.19,-20.13,30.53,3042501114.742916,341087566.0,0.0848,-33.95,5010400,1.71,9.02,-1.0,9.13,-2.19,9.66,-7.56,10.2,-12.45,3.47,64.52,3976830,2927203,2670826,-0.077
4436,FSLR,Technology,Solar,NASDAQ,72.54,25.38,90.86,32.33,67.67,18.86,80.23,28.12,97.89,61.72,88.13,37.32,178.85,3.92,3.89,-13.67,-10.23,-33.01,22.6,18765299748.274353,107469788.0,0.128,-44.27,2068800,0.91,177.91,0.53,176.44,1.37,187.76,-4.75,205.6,-13.01,4.03,56.7,2164000,2281353,2416350,-0.037
4437,VKTX,Healthcare,Biotechnology,NASDAQ,72.54,25.38,76.38,9.36,96.29,66.94,95.61,59.03,101.44,66.96,100.57,62.9,27.73,-9.11,-24.54,-13.69,-17.05,-21.2,29.73,3763118278.0649815,125688651.0,0.20459999,-35.74,8688500,1.3,28.77,-3.61,30.74,-9.79,31.91,-13.1,32.89,-15.69,11.73,20.9,7785680,6707656,4742372,
4438,ONEW,Consumer Cyclical,Specialty Retail,NASDAQ,72.52,25.34,88.28,25.63,77.54,28.69,86.45,35.48,91.93,51.32,71.14,20.61,9.62,-0.31,-2.83,-12.39,-24.25,-8.29,41.22,163656373.4940567,16665619.0,0.1013,-44.55,100600,0.97,9.7,-0.82,9.71,-0.93,9.88,-2.63,11.12,-13.49,5.79,46.69,90920,104073,108048,-0.04
4439,PLRZ,Healthcare,Biotechnology,NASDAQ,72.46,25.32,76.42,9.4,101.49,73.8,103.24,70.83,128.44,87.78,95.61,55.91,8.87,-14.05,-15.6,-21.02,-24.19,-5.94,43.89,23338883.606204987,2428604.0,0.023699999,-51.26,10300,0.18,9.31,-4.73,9.93,-10.67,10.48,-15.36,11.01,-19.44,8.56,22.39,12480,56183,61572,
4440,SITC,Real Estate,REIT - Retail,NYSE,72.45,25.3,103.19,84.82,65.95,17.39,59.09,12.62,64.94,17.63,79.37,27.09,3.17,-9.43,4.97,12.01,-7.87,-34.24,21.73,179465663.38355064,52475339.0,0.1296,-64.58,1248906,0.94,3.24,-2.16,3.23,-1.86,3.07,3.26,3.05,3.93,4.02,39.24,1954977,1334691,1192642,-0.693
4441,MWG,Industrials,Rental & Leasing Services,NYSE ARCA,72.44,25.29,112.72,93.77,63.73,15.81,58.47,12.32,49.7,9.63,63.93,15.62,1.43,0.0,10.0,13.49,16.26,-43.03,17.11,7353094.050290108,5142024.0,0.0088,-76.36,800,0.3,1.4,2.14,1.36,5.15,1.33,7.52,1.28,11.72,3.86,67.1,2930,2680,18092,0.08
4442,LBTYK,Communication Services,Telecom Services,NASDAQ,72.43,25.27,87.19,23.47,73.23,24.13,82.07,30.09,83.74,34.08,103.03,66.57,8.75,-0.46,-5.2,-15.87,-14.63,-21.38,29.62,2984516202.5,341087566.0,0.0885,-33.31,2509000,1.43,8.83,-0.91,8.93,-2.02,9.42,-7.11,9.96,-12.15,3.35,61.46,1677360,1757416,1602510,-0.077
4443,TGLS,Basic Materials,Building Materials,NYSE,72.42,25.25,97.3,60.69,64.16,16.04,71.04,19.91,76.63,26.53,63.85,15.57,37.84,7.96,9.24,-0.8,-15.32,-24.25,27.67,1541226834.304535,44364616.0,0.1011,-43.92,509800,1.5,36.34,4.13,35.66,6.11,36.04,4.99,39.19,-3.44,4.01,54.1,422540,340680,302798,0.156
4444,NC,Energy,Thermal Coal,NYSE,72.39,25.24,88.25,25.57,69.25,20.42,76.14,23.9,98.89,63.34,102.4,65.48,36.53,0.44,-3.15,-8.31,-22.8,-24.54,27.4,273567693.75,7546695.0,0.0182,-38.52,39200,1.7,36.39,0.38,36.75,-0.6,37.4,-2.33,40.4,-9.58,3.03,85.81,25550,22996,20488,0.06
4445,CORZ,Technology,Software - Infrastructure,NASDAQ,72.38,25.22,80.38,12.95,84.17,38.61,80.5,28.51,115.0,81.29,134.74,87.36,15.36,-6.06,-15.23,-11.57,-15.23,-1.54,49.53,5257206393.825531,319587000.0,0.22209999,-49.57,15703800,1.35,16.21,-5.24,16.35,-6.06,17.01,-9.7,18.24,-15.79,5.98,57.74,11625830,11662330,11940514,1.088
4446,COSM,Healthcare,Medical Distribution,NASDAQ,72.36,25.2,106.84,89.59,119.07,87.57,73.86,22.14,51.8,10.41,71.15,20.64,0.31,-18.65,-17.37,24.11,71.58,-35.52,21.06,38240833.26014078,100633773.0,0.0353,-76.52,2385100,0.63,0.34,-8.82,0.36,-13.89,0.34,-8.82,0.27,14.81,16.59,31.11,3885500,3799263,3466288,0.288
4447,AXON,Industrials,Aerospace & Defense,NASDAQ,72.35,25.19,81.79,14.49,76.63,27.66,84.07,32.23,89.19,41.34,55.27,11.02,417.31,-1.16,-6.22,-12.85,-21.44,-29.77,24.46,33579485986.08383,81237415.0,0.053200003,-45.38,1570900,1.48,413.42,0.94,418.63,-0.32,440.64,-5.29,520.73,-19.86,3.84,112.29,1056500,1058743,1000810,0.353
4448,OM,Healthcare,Medical Devices,NASDAQ,72.32,25.17,112.98,93.92,60.87,13.9,64.53,15.64,63.53,16.79,49.09,8.93,4.09,9.07,30.67,25.08,-12.23,10.54,67.11,74436770.1570549,18797164.0,0.064,-74.69,241000,1.27,4.1,-0.24,3.63,12.67,3.38,21.01,3.92,4.34,6.91,21.24,299090,190456,170004,0.007
4449,SFD,Consumer Defensive,Packaged Foods,NASDAQ,72.31,25.14,89.41,28.61,71.45,22.39,79.48,27.57,92.06,51.69,117.95,80.42,18.88,1.61,-0.68,-8.31,-29.98,-13.97,35.79,7426453988.996567,393767431.0,0.121400006,-36.65,3377000,1.63,18.75,0.69,18.82,0.32,19.35,-2.43,21.49,-12.15,2.01,110.57,1903580,2074473,1882948,-0.023
4450,NYAX,Technology,Software - Infrastructure,NASDAQ,72.31,25.14,88.4,25.94,73.25,24.16,77.06,24.82,105.61,72.36,118.74,80.84,45.43,-5.84,1.52,-4.17,-33.21,-2.3,48.29,1831528811.0,37378139.0,0.0028,-40.89,33400,1.13,47.82,-5.0,46.93,-3.2,45.71,-0.61,51.25,-11.36,3.86,19.09,32890,29643,29052,0.282
4451,VLRS,Industrials,Airlines,NYSE,72.3,25.11,87.63,24.32,72.65,23.61,82.15,30.14,103.08,69.31,116.88,79.81,6.28,-2.03,-6.69,-2.94,-16.93,-33.83,22.05,746034364.9897194,114951370.0,0.0108,-41.85,289100,0.84,6.41,-2.03,6.54,-3.98,6.56,-4.27,7.02,-10.54,4.15,26.85,310810,346133,409164,0.239
4452,VYX,Technology,Information Technology Services,NYSE,72.3,25.11,86.89,22.6,73.15,24.02,90.05,42.04,76.67,26.62,57.63,12.17,6.9,0.88,-2.4,-14.5,-20.32,-33.46,22.35,925068290.2652569,138069898.0,0.38639998,-46.35,3712400,1.17,6.78,1.77,6.81,1.32,7.15,-3.5,7.87,-12.33,5.03,106.58,2999160,3167316,2804114,-0.208
4453,SNDX,Healthcare,Biotechnology,NASDAQ,72.28,25.09,84.51,18.66,79.24,30.51,91.81,46.57,127.57,87.48,154.49,92.06,16.9,-7.24,-5.95,-10.2,-12.07,-18.63,31.68,1559536509.0020428,88610027.0,0.2354,-33.96,2142400,1.24,17.35,-2.59,17.8,-5.06,17.9,-5.59,19.05,-11.29,4.97,60.67,1644090,1729966,1580194,0.918
4454,TRN,Industrials,Railroads,NYSE,72.27,25.07,84.82,18.95,80.72,32.39,86.35,35.26,111.08,78.21,111.63,76.05,25.4,-1.55,-8.76,-10.44,-30.79,-8.04,41.58,2081763602.3187065,79669486.0,0.0916,-33.7,588200,0.85,25.9,-1.93,26.31,-3.46,27.26,-6.82,28.67,-11.41,3.25,68.97,871620,692476,712202,-0.042
4455,CCAP,Financial Services,Asset Management,NASDAQ,72.26,25.05,91.33,33.67,72.17,23.06,75.21,23.01,76.45,26.36,89.64,43.14,9.09,-0.87,-1.61,-5.08,-14.07,-28.9,24.88,333462967.62319565,36969285.0,0.028800001,-40.1,214000,0.73,9.04,0.55,9.12,-0.33,9.31,-2.36,9.99,-9.01,2.07,42.46,287620,291980,263530,-0.155
4456,ADSE,Industrials,Electrical Equipment & Parts,NASDAQ,72.25,25.04,81.76,14.43,86.61,43.67,93.47,53.91,92.21,52.1,88.07,37.11,9.43,-9.76,-13.88,-16.62,-21.94,-22.86,28.55,796219603.212471,75185986.0,0.0027,-30.15,38500,1.75,9.93,-5.04,10.38,-9.15,10.83,-12.93,11.35,-16.92,6.39,63.9,31020,22013,21114,-0.497
4457,ARMP,Healthcare,Biotechnology,NYSE ARCA,72.23,25.02,87.87,24.74,55.71,11.26,81.84,29.89,73.19,23.34,379.38,98.5,3.86,16.62,6.63,-26.2,-15.54,-37.34,20.11,130880565.37081003,37181979.0,0.0856,-76.38,70300,0.25,3.74,3.21,3.68,4.89,4.07,-5.16,4.61,-16.27,8.42,83.08,95130,283816,213176,0.157
4458,EVR,Financial Services,Capital Markets,NYSE,72.21,25.0,92.99,39.85,69.98,21.06,79.54,27.63,94.7,56.75,112.59,76.85,266.75,2.99,3.82,-5.95,-12.19,-21.44,29.51,10063631065.366821,38457778.0,0.030199999,-31.38,515200,1.03,265.82,0.35,262.86,1.48,265.52,0.46,285.12,-6.44,2.91,70.93,537060,502483,513292,0.188
4459,GBX,Industrials,Railroads,NYSE,72.2,24.98,86.12,21.15,79.28,30.61,82.63,30.68,87.91,39.1,96.07,56.48,38.63,-3.64,-9.49,-9.45,-23.84,-14.98,34.78,1255532514.532257,30939686.0,0.1317,-34.74,353300,0.86,39.72,-2.74,40.45,-4.5,41.61,-7.16,44.12,-12.44,3.11,84.9,376250,411783,379228,-0.316
4460,MLM,Basic Materials,Building Materials,NYSE,72.2,24.98,92.69,38.49,70.36,21.47,77.89,25.67,82.48,32.63,93.65,52.46,481.57,0.5,0.31,-4.16,-15.33,-23.71,27.96,34250516576.897766,71019382.0,0.045700002,-32.27,703800,0.84,483.47,-0.39,483.05,-0.31,490.57,-1.83,514.37,-6.38,2.72,72.88,796520,833410,741628,0.21
4461,NMRK,Real Estate,Real Estate Services,NASDAQ,72.17,24.95,86.43,21.84,72.52,23.45,82.82,30.87,89.83,44.08,102.35,65.42,12.52,-1.03,-4.43,-11.64,-15.59,-27.75,25.44,2292542062.416765,181228627.0,0.042,-36.88,1820200,0.92,12.51,0.08,12.55,-0.24,13.27,-5.65,14.43,-13.24,3.82,108.75,1947490,1979256,1744722,0.17
4462,FNF,Financial Services,Insurance - Specialty,NYSE,72.14,24.92,88.93,27.34,74.76,25.98,81.07,28.99,90.47,46.81,83.04,30.8,39.77,1.69,-2.57,-8.42,-24.7,-26.32,26.32,10529249937.867245,268192827.0,0.0279,-31.91,2327600,0.84,39.23,1.38,39.76,0.03,41.32,-3.75,45.04,-11.7,2.81,95.6,3122000,2777780,2291540,0.105
4463,BANL,Energy,Oil & Gas Midstream,NASDAQ,72.14,24.92,77.1,9.97,74.11,25.24,88.04,37.95,72.03,22.54,69.79,19.39,4.79,5.51,-9.28,-20.83,0.54,-18.41,31.84,9775763.721630096,2111396.0,0.0321,-70.78,13700,0.44,4.6,4.13,4.63,3.46,5.15,-6.99,7.65,-37.39,6.95,84.1,10920,31053,133664,0.492
4464,BARK,Consumer Cyclical,Specialty Retail,NYSE,72.14,24.92,90.24,30.76,67.61,18.82,69.18,18.68,65.82,18.13,48.07,8.45,8.21,-3.64,1.36,-14.48,-7.34,-34.32,21.68,73351669.80620289,9033457.0,0.098500006,-60.53,45500,0.91,8.16,0.61,8.24,-0.36,8.55,-3.98,9.5,-13.58,4.14,35.35,41000,50256,53562,-0.234
4465,MITT,Real Estate,REIT - Mortgage,NYSE,72.13,24.89,88.56,26.29,72.29,23.26,82.6,30.61,93.45,54.59,99.65,61.78,5.69,-0.35,-2.65,-10.18,-17.2,-26.4,26.2,183188023.27923775,31803475.0,0.0001,-38.62,624300,1.56,5.67,0.35,5.72,-0.52,5.93,-4.05,6.27,-9.25,2.67,125.01,523300,401163,364264,0.537
4466,FENG,Communication Services,Internet Content & Information,NYSE,72.1,24.87,94.59,46.87,68.63,19.76,69.87,18.96,67.28,18.96,77.27,25.1,1.4,0.0,-3.45,-5.41,-4.11,-29.65,24.54,16815086.113640785,12010776.0,0.0008,-51.56,2600,1.31,1.41,-0.71,1.41,-0.71,1.43,-2.1,1.47,-4.76,1.89,0.0,1220,1986,2480,0.158
4467,NVO,Healthcare,Drug Manufacturers - General,NYSE,72.08,24.85,87.17,23.33,75.27,26.62,92.59,50.64,89.8,43.91,60.78,13.71,38.18,2.09,-1.14,-13.25,-25.03,-16.64,33.53,164789448880.1519,4415580124.0,0.0083,-40.49,11808300,0.89,37.77,1.09,38.0,0.47,39.86,-4.21,43.55,-12.33,2.5,70.1,13323900,13326200,13870136,0.021
4468,SYM,Industrials,Specialty Industrial Machinery,NASDAQ,72.07,24.84,96.46,56.74,81.78,34.25,77.01,24.77,62.99,16.35,124.42,83.77,42.06,-2.57,-4.5,2.34,4.26,-28.71,25.01,5620919771.143158,129873381.0,0.3168,-52.14,1967400,1.21,43.13,-2.48,42.79,-1.71,42.95,-2.07,42.27,-0.5,3.89,36.82,1338010,1623336,1681540,0.217
4469,PHIO,Healthcare,Biotechnology,NASDAQ,72.05,24.82,90.96,32.67,77.83,29.0,72.13,20.89,51.23,10.23,68.62,18.76,0.97,-2.7,-4.61,-3.66,-1.12,-9.07,40.45,11442992.401186109,11617251.0,0.012999999,-76.85,66000,0.5,0.99,-2.02,1.0,-3.0,1.01,-3.96,1.06,-8.49,5.52,-0.0,112840,133160,145500,
4470,CTGO,Basic Materials,Gold,NYSE ARCA,72.03,24.8,86.69,22.26,84.73,39.7,84.93,33.16,61.3,15.29,98.44,59.95,16.28,-3.38,-10.2,-13.77,5.17,-42.47,17.45,557790736.085289,33440691.0,0.089499995,-52.65,359300,0.94,16.63,-2.1,16.93,-3.84,17.87,-8.9,18.65,-12.71,5.05,17.01,364300,382036,378734,
4471,SLVM,Basic Materials,Paper & Paper Products,NYSE,72.02,24.79,89.08,27.68,78.51,29.6,75.57,23.41,75.03,25.07,79.22,26.84,32.65,-0.21,-7.96,-5.51,-13.47,-31.37,23.53,1291412674.4392052,39760243.0,0.106300004,-42.52,392200,1.17,32.64,0.03,33.17,-1.57,34.32,-4.87,35.76,-8.7,3.89,113.42,451620,336650,307448,0.015
4472,GORO,Basic Materials,Gold,NYSE ARCA,72.01,24.77,83.84,17.57,81.0,32.96,85.56,34.16,112.61,79.56,109.29,74.09,3.19,0.0,-9.37,-10.64,54.85,-21.04,29.85,551027839.0880334,169026945.0,0.98,-51.37,1648400,1.13,3.27,-2.45,3.28,-2.74,3.42,-6.73,3.21,-0.62,5.53,45.34,1146700,1462626,1433220,2.935
4473,CHGG,Consumer Defensive,Education & Training Services,NYSE,71.99,24.75,94.73,47.62,67.02,18.26,69.36,18.74,68.18,19.56,108.45,73.23,0.74,4.23,1.37,1.37,-28.85,-22.11,29.15,82160337.73884058,111027482.0,0.0581,-52.87,585000,0.55,0.73,1.37,0.72,2.78,0.73,1.37,0.8,-7.5,5.6,48.28,584380,1065793,1098374,-0.507
4474,DSY,Consumer Defensive,Household & Personal Products,NASDAQ,71.98,24.74,90.4,31.15,82.3,35.15,70.01,19.09,60.56,14.78,21.83,2.41,3.47,-0.29,-3.61,-8.92,8.78,-44.21,16.76,16916667.608095646,4751873.0,0.038599998,-83.94,7600,0.45,3.51,-1.14,3.54,-1.98,3.57,-2.8,3.81,-8.92,3.28,-0.0,5550,16796,731462,-0.173
4475,HYPR,Healthcare,Medical Devices,NASDAQ,71.97,24.72,108.27,91.11,54.52,10.77,56.8,11.44,75.49,25.45,114.87,78.63,0.94,7.8,18.09,19.59,5.5,-14.55,35.24,94807509.4286167,106048669.0,0.0478,-57.66,10940800,12.75,0.89,5.62,0.86,9.3,0.82,14.63,0.86,9.3,7.14,147.6,1740250,858080,745850,0.448
4476,ATCH,Financial Services,Capital Markets,NYSE ARCA,71.96,24.7,92.75,38.8,71.77,22.66,73.55,21.81,65.75,18.08,86.08,34.01,0.18,-11.44,-8.72,-2.2,2.3,-35.74,20.87,28545682.894568205,151838744.0,0.0482,-70.64,961100,0.12,0.18,0.0,0.19,-5.26,0.19,-5.26,0.19,-5.26,8.17,27.18,2968380,7700093,5123348,1.368
4477,BUDA,Consumer Defensive,Beverages - Non-Alcoholic,NYSE ARCA,71.93,24.69,89.29,28.16,74.91,26.18,91.75,46.31,94.73,56.76,99.74,61.93,7.49,-10.83,-0.13,-4.95,-6.02,,,96888995.33938026,12566666.0,0.00059999997,-37.58,2500,0.46,7.47,0.27,7.69,-2.6,7.71,-2.85,8.08,-7.3,6.47,47.49,5850,5413,9790,0.264
4478,CSV,Consumer Cyclical,Personal Services,NYSE,71.9,24.67,98.93,72.09,68.55,19.65,72.01,20.75,74.87,24.89,99.95,62.25,33.73,6.1,5.47,4.78,-17.04,-21.42,29.52,510933433.23864746,15882296.0,0.044499997,-35.26,285900,1.61,32.97,2.31,32.21,4.72,31.99,5.44,33.97,-0.71,3.21,42.42,236100,177623,189658,0.008
4479,SGI,Consumer Cyclical,"Furnishings, Fixtures & Appliances",NYSE,71.88,24.65,93.71,43.03,69.91,20.98,76.82,24.55,80.43,30.41,96.74,57.46,62.34,-0.65,0.05,-5.7,-8.62,-30.14,24.23,14267922823.383698,230239189.0,0.0934,-36.75,3408100,0.95,62.22,0.19,62.45,-0.18,63.65,-2.06,64.89,-3.93,3.2,83.65,2780410,3571730,3400694,-0.03
4480,DSS,Consumer Cyclical,Packaging & Containers,NYSE ARCA,71.85,24.64,94.68,47.38,79.94,31.48,89.58,41.12,53.56,11.19,82.22,30.07,0.61,-6.0,-9.75,-21.26,24.69,-35.68,20.92,6407126.598927498,10042518.0,0.0704,-67.2,34800,0.01,0.63,-3.17,0.65,-6.15,0.69,-11.59,0.62,-1.61,7.94,20.65,26440,4092483,2465246,-0.318
4481,SYPR,Consumer Cyclical,Auto Parts,NASDAQ,71.84,24.61,100.78,79.65,63.39,15.49,67.48,17.55,69.23,20.17,150.9,91.55,1.89,7.39,6.78,2.72,2.16,-15.63,34.42,41447578.30201411,23026433.0,0.0037,-60.13,20400,0.79,1.87,1.07,1.8,5.0,1.79,5.59,1.85,2.16,3.78,70.0,16970,25940,26872,-0.035
4482,SCM,Financial Services,Asset Management,NYSE,71.84,24.61,89.27,28.08,73.86,24.96,77.93,25.68,67.91,19.33,72.63,21.7,7.24,-3.08,-4.94,-10.62,5.41,-35.64,20.94,211036328.8243065,28479937.0,0.0256,-46.57,83800,0.59,7.29,-0.69,7.38,-1.9,7.64,-5.24,8.05,-10.06,2.6,106.2,103210,142000,164606,-0.132
4483,LKQ,Consumer Cyclical,Auto Parts,NASDAQ,71.83,24.59,89.76,29.54,73.16,24.04,78.03,25.76,71.05,21.65,81.15,28.87,22.01,-3.38,-4.3,-6.86,-15.62,-23.5,28.19,5768447367.774727,253002086.0,0.0766,-40.72,4753000,1.48,22.33,-1.43,22.69,-3.0,23.1,-4.72,24.04,-8.44,2.61,134.08,3017810,3220126,3472414,-0.03
4484,JYNT,Healthcare,Medical Care Facilities,NASDAQ,71.82,24.57,83.21,16.59,83.85,38.05,80.94,28.84,84.27,34.74,83.12,30.91,7.12,-4.69,-14.11,-11.33,-14.63,-20.89,29.94,102962164.0873518,14143154.0,0.1029,-33.27,80600,0.86,7.18,-0.84,7.48,-4.81,7.93,-10.21,8.19,-13.06,3.89,48.71,90670,93203,83588,0.144
4485,KNDI,Consumer Cyclical,Recreational Vehicles,NASDAQ,71.81,24.54,101.52,81.79,66.87,18.2,62.64,14.41,62.7,16.23,66.48,17.42,0.64,-24.71,10.34,6.67,-3.03,-27.27,25.69,82340598.58177334,100415365.0,0.0148,-52.59,248900,0.07,0.71,-9.86,0.74,-13.51,0.65,-1.54,0.65,-1.54,15.96,39.16,10257560,3472630,2115848,0.574
4486,AON,Financial Services,Insurance Brokers,NYSE,71.81,24.54,88.22,25.37,73.26,24.19,83.07,31.15,92.78,53.21,83.64,31.49,277.12,0.42,0.37,-9.96,-26.36,-20.44,30.27,57157200780.7218,212125434.0,0.0176,-27.52,1976500,0.97,272.62,1.65,274.18,1.07,285.49,-2.93,321.22,-13.73,2.4,106.5,1765760,2039760,1633190,0.022
4487,AGBK,Financial Services,Banks - Regional,NYSE,71.81,24.54,101.63,82.01,63.3,15.41,72.06,20.8,67.29,18.99,64.23,15.84,6.51,19.45,12.05,-3.84,-9.08,,,872703637.897253,159835830.0,0.0403,-46.68,337000,1.6,6.38,2.04,6.04,7.78,6.15,5.85,6.31,3.17,5.03,67.25,293180,210630,256294,-0.152
4488,PTHS,Healthcare,Biotechnology,NYSE ARCA,71.79,24.51,83.6,17.22,71.75,22.61,75.24,23.05,104.9,71.51,102.18,65.16,20.5,0.74,-8.48,-8.6,-20.36,-20.02,30.65,78866462.86044502,3828469.0,0.0454,-45.33,67900,1.72,20.81,-1.49,20.98,-2.29,21.58,-5.0,24.44,-16.12,6.22,0.0,30640,39516,57270,
4489,RBA,Industrials,Specialty Business Services,NYSE,71.78,24.49,95.18,50.01,68.18,19.26,70.38,19.42,93.38,54.49,86.97,35.3,84.03,2.99,1.9,4.33,-26.77,-18.76,31.53,15254243488.311768,186300000.0,0.114700004,-29.58,3563400,2.08,81.93,2.56,81.73,2.81,82.64,1.68,86.62,-2.99,2.58,137.0,1719240,1709743,1949626,0.111
4490,PLRX,Healthcare,Biotechnology,NASDAQ,71.74,24.47,86.27,21.37,83.0,36.62,79.12,27.02,73.44,23.63,83.6,31.44,1.0,-4.76,-12.28,-11.5,-4.76,-18.7,31.62,64087455.64818871,61920249.0,0.061,-48.72,568000,1.45,1.02,-1.96,1.05,-4.76,1.09,-8.26,1.1,-9.09,3.94,48.28,393140,390570,403658,
4491,INFY,Technology,Information Technology Services,NYSE,71.73,24.46,96.74,58.24,71.04,22.1,72.84,21.32,62.7,16.23,73.82,22.45,10.7,-5.73,1.9,-1.92,-15.08,-45.94,16.09,44715792736.851654,4050343559.0,0.0357,-64.33,31359300,1.77,10.72,-0.19,10.74,-0.37,10.86,-1.47,11.54,-7.28,3.29,164.71,22020440,17716426,17583994,0.029
4492,GTM,Technology,Software - Application,NASDAQ,71.68,24.44,104.48,87.0,73.25,24.16,76.08,23.84,33.93,4.75,59.48,13.14,3.83,-0.52,-2.3,0.79,9.43,-62.71,10.19,1080018281.764967,291110046.0,0.1552,-68.89,5889400,1.09,3.73,2.68,3.72,2.96,3.85,-0.52,3.89,-1.54,4.69,72.92,5204540,5394860,6054308,0.012
4493,MOS,Basic Materials,Agricultural Inputs,NYSE,71.67,24.42,82.22,15.06,85.42,41.11,93.47,53.91,76.11,26.08,77.27,25.1,19.73,-8.45,-16.72,-22.32,-12.04,-14.84,34.9,6698061164.205948,317895646.0,0.129,-45.19,13096300,1.55,20.6,-4.22,21.39,-7.76,23.17,-14.85,23.27,-15.21,5.22,9.7,8988880,8434743,8388376,-0.06
4494,IFBD,Technology,Software - Application,NASDAQ,71.65,24.41,77.9,10.51,99.23,71.12,85.41,33.94,97.59,61.2,89.88,43.91,0.84,-11.39,-25.66,-14.98,-23.64,-11.39,37.98,7066740.0258645415,8188575.0,0.0017,-61.38,69800,0.08,0.83,1.2,0.96,-12.5,0.98,-14.29,0.99,-15.15,31.65,15.05,1471420,878050,530058,-0.458
4495,MCHX,Communication Services,Advertising Agencies,NASDAQ,71.62,24.39,87.88,24.75,72.02,22.89,81.3,29.22,89.21,41.4,86.68,34.87,1.36,5.43,3.82,-4.9,-22.73,-19.05,31.24,57195876.40864372,44337890.0,0.0031,-33.33,41200,0.82,1.33,2.26,1.32,3.03,1.32,3.03,1.59,-14.47,8.04,45.75,29610,50263,38954,-0.056
4496,THO,Consumer Cyclical,Recreational Vehicles,NYSE,71.58,24.37,89.44,28.7,72.24,23.12,75.93,23.7,75.67,25.62,76.48,24.38,66.11,-4.26,-6.8,-8.19,-15.32,-36.47,20.52,3589778965.0645294,51614361.0,0.1461,-46.18,1213700,1.46,67.27,-1.72,68.82,-3.94,70.06,-5.64,74.45,-11.2,3.7,52.28,865700,829900,714304,-0.084
4497,IVR,Real Estate,REIT - Mortgage,NYSE,71.55,24.34,82.13,14.91,80.28,31.83,87.81,37.42,99.05,63.48,105.39,69.73,5.68,-2.41,-9.27,-16.23,-20.61,-22.84,28.57,622390004.15802,109000000.0,0.0955,-40.21,4211400,1.23,5.69,-0.18,5.91,-3.89,6.2,-8.39,6.76,-15.98,2.99,94.2,4044030,3429303,3031038,
4498,OSIS,Technology,Electronic Components,NASDAQ,71.55,24.34,92.78,38.94,75.25,26.57,74.58,22.64,73.77,23.96,114.68,78.51,193.36,-1.66,-3.94,-3.92,-9.65,-26.9,25.92,3137060443.57959,15941968.0,0.16530001,-37.97,158800,0.71,196.12,-1.41,195.42,-1.05,198.46,-2.57,210.01,-7.93,2.75,42.72,173210,222723,246992,-0.041
4499,FND,Consumer Cyclical,Home Improvement Retail,NYSE,71.55,24.34,91.63,34.67,67.17,18.4,70.93,19.82,77.9,27.59,64.72,16.22,46.5,1.02,0.17,-0.79,-16.61,-25.3,27.09,4844228686.58987,106489965.0,0.122200005,-39.97,3335100,1.32,46.26,0.52,46.37,0.28,46.81,-0.66,51.71,-10.08,3.95,86.84,2418570,2518896,2512366,0.03
4500,LUMN,Communication Services,Telecom Services,NASDAQ,71.54,24.31,87.73,24.5,73.27,24.21,83.17,31.31,82.98,33.29,138.59,88.52,5.56,-0.54,-5.12,-18.36,-10.9,-32.11,23.12,5924288652.5,1030311070.0,0.0799,-53.47,17080400,1.28,5.75,-3.3,5.67,-1.94,6.13,-9.3,6.25,-11.04,4.75,34.05,13029670,13319783,13499862,-0.093
4501,ORC,Real Estate,REIT - Mortgage,NYSE,71.52,24.28,80.92,13.48,81.24,33.33,92.0,47.7,92.99,53.67,94.55,54.02,5.02,-4.02,-11.46,-19.55,-19.73,-20.09,30.56,1008751406.0067201,197407315.0,0.082200006,-40.24,11471000,1.85,5.05,-0.59,5.28,-4.92,5.65,-11.15,6.09,-17.57,3.51,96.61,8629970,6201776,5391144,
4502,AMS,Healthcare,Medical Care Facilities,NYSE ARCA,71.52,24.28,88.42,26.04,69.1,20.17,73.58,21.85,73.61,23.79,59.72,13.27,1.33,-6.99,-8.9,-9.52,-13.07,-36.06,20.68,9376499.778032303,6650000.0,0.0011,-48.45,3700,0.42,1.36,-2.21,1.4,-5.0,1.42,-6.34,1.46,-8.9,2.58,29.17,10500,8853,11770,0.192
4503,EXP,Basic Materials,Building Materials,NYSE,71.49,24.26,87.04,22.91,73.31,24.28,78.88,26.83,86.0,36.71,78.93,26.59,167.3,-3.33,-5.71,-8.84,-20.19,-22.8,28.61,5256523710.722733,30675325.0,0.0785,-31.86,410400,0.92,169.5,-1.3,171.96,-2.71,176.43,-5.17,192.05,-12.89,2.71,62.42,465490,444060,421700,0.026
4504,BV,Industrials,Specialty Business Services,NYSE,71.47,24.24,92.88,39.46,66.58,17.96,79.28,27.27,98.53,62.7,80.5,28.16,10.46,2.95,5.55,-4.91,-21.47,-17.83,32.5,951927975.2731323,92600000.0,0.2909,-30.27,1249300,1.31,10.37,0.87,10.27,1.85,10.51,-0.48,11.1,-5.77,3.14,60.8,1088530,952390,1120280,0.013
4505,SQFTP,Real Estate,REIT - Diversified,NASDAQ,71.44,24.22,92.31,37.03,76.87,27.94,83.25,31.42,46.2,8.2,41.05,6.52,6.15,-2.69,-11.51,-9.23,5.49,-59.14,11.28,,,0.43,-61.54,0,0.0,6.26,-1.76,6.42,-4.21,6.57,-6.39,6.63,-7.24,4.76,-0.0,4930,5560,5354,-0.129
4506,SPHL,Consumer Cyclical,Residential Construction,NASDAQ,71.43,24.21,79.34,12.0,98.63,70.29,57.14,11.61,80.66,30.66,44.81,7.52,2.28,-1.3,-27.16,-4.6,-11.63,-24.25,27.67,5315655.134280682,2261981.0,0.016900001,-90.92,12700,0.03,2.34,-2.56,2.47,-7.69,2.42,-5.79,2.52,-9.52,12.75,17.2,38990,455556,283316,0.384
4507,RYM,Consumer Defensive,Tobacco,NASDAQ,71.42,24.16,85.51,20.1,76.96,28.09,85.44,34.01,76.52,26.43,98.39,59.88,19.52,-2.4,-11.83,-15.72,7.43,-31.63,23.39,42710909.63127136,2179128.0,0.0171,-63.62,28300,1.97,19.51,0.05,20.3,-3.84,21.39,-8.74,21.92,-10.95,6.38,49.77,14200,14400,13230,10.274
4508,ACI,Consumer Defensive,Grocery Stores,NYSE,71.42,24.16,97.53,61.94,70.03,21.13,65.75,16.57,75.2,25.18,79.29,26.97,12.34,5.29,3.26,5.47,2.32,-26.76,25.97,5754896470.25,489778423.0,0.1707,-38.3,12421300,1.57,11.76,4.93,11.71,5.38,11.99,2.92,12.1,1.98,2.8,153.43,7523620,7893540,7506978,0.002
4509,LWAY,Consumer Defensive,Packaged Foods,NASDAQ,71.42,24.16,83.48,17.05,78.7,29.85,90.96,43.95,114.04,80.55,95.43,55.53,21.09,-0.05,-3.74,-15.06,-32.83,-10.75,38.61,320414090.03936005,15106747.0,0.084300004,-35.52,119800,0.86,21.01,0.38,21.16,-0.33,22.56,-6.52,25.23,-16.41,3.5,6.77,143700,139316,152978,0.241
4510,ARVN,Healthcare,Biotechnology,NASDAQ,71.42,24.16,88.64,26.52,76.96,28.09,89.72,41.41,73.65,23.84,104.0,67.77,7.51,1.08,-3.59,-13.78,-8.64,-35.7,20.9,478102067.3348465,64521198.0,0.0889,-48.24,1016600,1.26,7.43,1.08,7.49,0.27,7.9,-4.94,8.56,-12.27,4.42,78.28,700320,804120,847978,10.147
4511,SE,Consumer Cyclical,Internet Retail,NYSE,71.41,24.12,85.0,19.21,85.86,42.01,94.1,55.61,82.34,32.39,59.79,13.3,92.89,-2.5,-7.78,-13.74,-14.28,-23.84,27.91,58302403144.50354,612484522.0,0.0334,-51.99,5372500,1.41,95.22,-2.45,96.58,-3.82,100.38,-7.46,109.48,-15.15,2.88,23.96,4341750,3808976,4199288,0.481
4512,OKYO,Healthcare,Biotechnology,NASDAQ,71.4,24.11,92.44,37.53,70.98,22.08,74.0,22.26,63.43,16.73,76.37,24.31,1.39,3.73,0.72,-2.8,-15.24,-31.53,23.46,77144906.19145131,52479527.0,0.001,-56.56,27500,0.37,1.44,-3.47,1.39,0.0,1.38,0.72,1.48,-6.08,6.03,47.7,48160,74306,68894,
4513,PAR,Technology,Software - Application,NYSE,71.32,24.08,94.27,45.65,60.54,13.69,80.11,28.03,61.48,15.47,28.88,3.57,15.43,7.23,10.69,-12.43,-11.12,-58.44,11.52,589418589.0,41362708.0,0.2539,-61.94,1052600,1.15,14.72,4.82,14.29,7.98,15.23,1.31,17.11,-9.82,4.77,123.69,869120,914706,934968,0.187
4514,SNDL,Consumer Defensive,Beverages - Wineries & Distilleries,NASDAQ,71.32,24.08,87.27,23.65,79.03,30.23,73.6,21.87,68.24,19.67,81.61,29.34,1.22,-3.17,-12.86,-8.96,1.67,-36.46,20.54,305189847.66719127,246120843.0,0.0077,-57.79,1387800,1.09,1.24,-1.61,1.29,-5.43,1.33,-8.27,1.32,-7.58,3.48,23.53,1302410,1269320,1439336,-0.037
4515,JACK,Consumer Cyclical,Restaurants,NASDAQ,71.3,24.06,84.76,18.93,81.73,34.17,92.01,47.8,87.28,38.11,53.84,10.34,12.45,-1.74,-6.6,-15.08,-24.41,-35.89,20.8,237466515.56199646,19073616.0,0.32729998,-47.82,635100,1.2,12.36,0.73,12.83,-2.96,13.29,-6.32,15.34,-18.84,4.7,58.12,483600,530553,674448,-0.018
4516,SLNH,Financial Services,Capital Markets,NASDAQ,71.19,24.03,76.03,9.13,83.49,37.41,103.88,71.71,83.73,34.06,88.67,39.29,0.95,-10.38,-24.0,-18.1,-16.67,-36.24,20.61,261711928.07928622,244590575.0,0.1094,-81.52,12480900,1.7,1.02,-6.86,1.09,-12.84,1.15,-17.39,1.18,-19.49,6.69,31.46,6719080,7344033,8666872,1.446
4517,INTU,Technology,Software - Application,NASDAQ,71.19,24.03,101.83,82.41,63.24,15.35,71.97,20.72,48.25,9.03,57.68,12.21,303.88,7.96,10.16,-2.39,-8.35,-54.09,13.09,75114691291.62598,267236000.0,0.030199999,-55.91,5627500,1.52,290.27,4.69,281.67,7.89,295.17,2.95,320.49,-5.18,3.58,109.85,3756050,3701760,3838124,0.137
4518,GLXY,Financial Services,Capital Markets,NASDAQ,71.16,24.0,79.11,11.76,85.06,40.21,79.4,27.44,84.1,34.47,75.06,23.42,20.08,-12.75,-20.27,-16.76,9.99,-16.31,33.81,4480382455.756668,194292392.0,0.18100001,-56.27,7894100,1.56,21.87,-8.18,22.56,-10.99,23.53,-14.66,23.04,-12.85,7.29,24.99,4886180,5075393,5839178,-0.038
4519,MSGY,Industrials,Engineering & Construction,NASDAQ,71.16,24.0,194.86,98.73,27.91,3.37,26.65,3.47,37.56,5.58,14.61,1.41,4.27,-17.41,116.75,128.34,49.51,-80.52,5.38,9315751.834571362,2119625.0,0.15529999,-91.91,51700,0.01,4.57,-6.56,4.93,-13.39,3.41,25.22,2.76,54.71,43.78,4.49,10946020,3674670,3136581,0.21
4520,MBUU,Consumer Cyclical,Recreational Vehicles,NASDAQ,71.12,23.97,86.33,21.55,71.57,22.51,81.06,28.96,87.24,38.07,75.76,23.86,22.02,-3.55,-5.98,-12.13,-21.1,-25.15,27.14,452786596.6838951,19677818.0,0.0735,-37.03,293200,1.09,22.63,-2.7,22.95,-4.05,23.46,-6.14,26.28,-16.21,3.46,41.98,233890,269350,233626,0.427
4521,OZ,Real Estate,Real Estate - Development,NYSE ARCA,71.11,23.96,86.36,21.67,74.08,25.22,82.31,30.35,73.09,23.21,75.69,23.8,40.15,-3.07,-8.77,-16.22,-10.78,-37.8,19.98,165794945.58540344,4053666.0,0.0308,-41.81,37700,2.23,40.74,-1.45,41.35,-2.9,43.83,-8.4,46.01,-12.74,3.28,48.64,27930,16930,13554,1.681
4522,XYL,Industrials,Specialty Industrial Machinery,NYSE,71.1,23.94,92.23,36.78,73.55,24.54,80.54,28.54,81.86,31.87,80.53,28.19,101.99,1.1,-0.65,-4.28,-16.17,-25.31,27.07,23766622807.24356,233486812.0,0.060399998,-33.89,2234700,0.85,102.52,-0.52,101.92,0.07,104.6,-2.5,110.5,-7.7,2.32,54.51,2501740,2637296,2230182,0.015
4523,AIRG,Technology,Communication Equipment,NASDAQ,71.07,23.92,72.42,6.69,93.37,62.09,100.98,67.38,115.92,82.04,139.32,88.77,3.98,-6.35,-24.19,-25.88,-29.06,-1.0,50.25,60392080.48906994,13100234.0,0.0126,-48.03,89200,1.46,4.22,-5.69,4.58,-13.1,4.96,-19.76,5.21,-23.61,8.12,12.38,87590,60903,63102,0.006
4524,NERV,Healthcare,Biotechnology,NASDAQ,71.06,23.91,77.29,10.08,81.5,33.84,97.22,61.77,115.41,81.66,238.86,97.17,3.22,-0.31,-6.67,-22.6,-21.27,-20.3,30.4,156611992.15393138,47747559.0,0.0531,-74.16,143300,1.02,3.3,-2.42,3.33,-3.3,3.54,-9.04,4.09,-21.27,6.98,40.05,85190,141156,185056,
4525,AMTM,Industrials,Specialty Business Services,NYSE,71.04,23.87,93.8,43.37,74.33,25.52,72.24,20.98,68.57,19.86,95.06,54.81,18.97,2.65,-2.22,-3.02,-12.98,-35.06,21.33,4431961857.319,244319846.0,0.0795,-50.22,3412000,1.9,18.53,2.37,18.51,2.49,19.16,-0.99,20.48,-7.37,3.2,143.48,2040100,1798186,2112630,-0.02
4526,ALLR,Healthcare,Biotechnology,NASDAQ,71.04,23.87,81.87,14.59,78.58,29.71,78.69,26.52,85.29,35.83,101.15,63.65,0.98,-5.58,-9.91,-21.44,-15.34,-4.66,45.61,16547152.353054047,15910724.0,0.0069999998,-46.74,63500,0.58,1.0,-2.0,1.0,-2.0,1.08,-9.26,1.25,-21.6,8.33,36.75,93320,109950,96936,
4527,CSPI,Technology,Information Technology Services,NASDAQ,71.04,23.87,92.55,37.99,72.24,23.12,70.35,19.34,70.49,20.99,67.05,17.85,7.43,-2.62,-1.85,-4.13,-5.71,-43.89,16.88,76310484.3804574,10080645.0,0.0113,-50.47,5600,0.54,7.57,-1.85,7.61,-2.37,7.65,-2.88,7.81,-4.87,4.83,0.0,7460,10340,11166,-0.068
4528,TLSA,Healthcare,Biotechnology,NASDAQ,71.03,23.84,104.05,86.38,68.45,19.57,64.9,15.91,66.91,18.78,75.84,23.96,1.13,-0.88,8.65,17.71,17.71,-25.66,26.83,142530227.32681882,127259131.0,0.0477,-51.5,449900,0.74,1.11,1.8,1.07,5.61,1.0,13.0,1.02,10.78,8.15,21.71,567330,610690,836698,
4529,TYRA,Healthcare,Biotechnology,NASDAQ,71.0,23.81,80.0,12.53,82.45,35.4,100.7,66.94,149.66,93.26,219.92,96.83,19.97,-4.95,-10.89,-15.17,-35.81,-21.72,29.34,1404683854.7526474,68755939.0,0.2382,-50.87,792300,0.67,20.39,-2.06,21.0,-4.9,22.74,-12.18,25.04,-20.25,6.28,37.48,836630,1176666,953810,
4530,ICG,Technology,Computer Hardware,NASDAQ,71.0,23.81,111.65,93.34,70.4,21.5,83.79,31.93,44.22,7.4,76.61,24.52,1.01,17.44,21.54,4.23,24.69,-43.89,16.88,57069211.23525149,60711927.0,0.0064,-55.7,14500,0.33,0.99,2.02,0.94,7.45,0.94,7.45,0.93,8.6,10.74,55.3,62600,44080,115092,-0.871
4531,QURE,Healthcare,Biotechnology,NASDAQ,71.0,23.81,51.96,1.63,115.33,85.78,193.29,97.54,182.19,96.34,86.36,34.37,22.54,-3.55,-41.18,-49.31,-43.75,-6.04,43.73,1627335962.013153,69366412.0,0.1449,-68.48,1817600,0.66,23.0,-2.0,26.44,-14.75,35.36,-36.26,41.94,-46.26,14.06,26.51,5487510,2741433,2111004,0.11
4532,NBTX,Healthcare,Biotechnology,NASDAQ,70.97,23.77,60.67,3.19,114.32,85.22,165.73,96.21,232.63,97.9,374.65,98.45,22.9,-17.92,-31.56,-39.1,-39.5,3.48,58.18,1311174807.5,50919410.0,0.0047,-59.92,116600,0.78,24.72,-7.36,28.01,-18.24,31.78,-27.94,36.68,-37.57,8.98,20.67,170680,150280,155692,-0.792
4533,LASR,Technology,Semiconductors,NASDAQ,70.97,23.77,83.32,16.85,78.25,29.36,75.32,23.19,167.9,95.43,333.72,98.27,38.31,-4.06,-5.69,-2.49,-35.14,1.59,54.01,2341068299.8939056,57690197.0,0.0506,-55.94,1182000,1.13,39.66,-3.4,39.61,-3.28,39.62,-3.31,46.57,-17.74,4.1,17.07,868790,1046433,1219416,0.338
4534,CENN,Consumer Cyclical,Auto Manufacturers,NASDAQ,70.94,23.73,94.54,46.69,66.58,17.96,59.3,12.77,41.48,6.59,23.75,2.69,3.9,-1.81,-11.94,-6.92,12.07,-59.04,11.3,9279738.591085434,2456452.0,0.0221,-90.15,13900,0.81,3.79,2.9,3.97,-1.76,4.23,-7.8,3.96,-1.52,6.41,48.0,8910,17056,12666,-0.029
4535,OPNW,Technology,Information Technology Services,NASDAQ,70.94,23.73,77.81,10.43,146.25,94.46,73.07,21.43,63.13,16.53,83.62,31.46,5.28,-4.69,-45.82,2.07,-10.56,-7.29,42.22,72399745.27862549,13407360.0,,-72.92,59100,0.1,5.77,-8.49,6.49,-18.64,6.86,-23.03,6.16,-14.29,43.43,6.11,256815,601711,362664,
4536,COOT,Consumer Defensive,Packaged Foods,NASDAQ,70.92,23.7,95.34,50.89,74.33,25.52,60.25,13.27,61.2,15.25,66.79,17.65,0.45,1.12,-7.01,-3.01,19.0,-26.19,26.43,13771420.76104045,30068604.0,0.0502,-90.0,51400,0.01,0.45,0.0,0.46,-2.17,0.46,-2.17,0.46,-2.17,10.24,43.41,54140,3687250,2229444,0.098
4537,AMPG,Technology,Communication Equipment,NASDAQ,70.92,23.7,72.4,6.67,76.95,28.06,73.77,22.01,221.13,97.61,63.69,15.43,2.82,-8.74,-18.02,-18.26,-38.83,-8.14,41.44,91633853.91739583,30043887.0,0.1607,-72.11,943200,1.06,2.96,-4.73,3.07,-8.14,3.24,-12.96,3.84,-26.56,4.95,28.64,743330,888900,1548396,-0.268
4538,CELC,Healthcare,Biotechnology,NASDAQ,70.91,23.67,75.03,8.43,80.77,32.48,91.74,46.27,194.14,96.89,458.42,98.7,67.87,-9.66,-14.49,-20.61,-18.48,-32.91,22.72,3527990492.1358337,48931908.0,0.3483,-55.06,2590800,2.29,70.12,-3.21,74.18,-8.51,78.69,-13.75,86.22,-21.28,7.51,91.11,1659110,1129680,994086,
4539,ESRT,Real Estate,REIT - Diversified,NYSE,70.86,23.66,100.86,80.04,64.73,16.54,65.32,16.3,79.8,29.56,70.64,20.06,4.58,10.9,10.1,8.91,-20.38,-28.9,24.88,721963159.5389729,173132649.0,0.08189999,-43.03,6141500,1.3,4.38,4.57,4.22,8.53,4.19,9.31,4.46,2.69,3.38,116.13,5072240,4717453,3693714,0.032
4540,BRUN,Technology,Software - Infrastructure,NASDAQ,70.85,23.64,63.73,3.77,91.4,57.4,102.44,69.75,181.6,96.31,107.68,72.42,12.1,-23.85,-27.63,-26.49,-22.63,-0.66,50.75,1312337669.1032314,79487441.0,2.22,-71.19,5719600,2.3,14.37,-15.8,15.39,-21.38,15.8,-23.42,17.78,-31.95,11.63,21.33,2762860,2488293,2405434,2.697
4541,WOOF,Consumer Cyclical,Specialty Retail,NASDAQ,70.83,23.63,89.58,29.12,71.3,22.28,71.53,20.37,76.2,26.11,84.63,32.54,2.24,1.82,-2.18,-7.82,-19.71,-23.29,28.43,627258408.2190471,286419357.0,0.2117,-42.27,2106900,0.75,2.21,1.36,2.23,0.45,2.31,-3.03,2.57,-12.84,3.16,84.85,2489780,2812333,2272342,0.0
4542,JLHL,Industrials,Building Products & Equipment,NASDAQ,70.82,23.61,63.21,3.64,86.37,43.17,79.63,27.68,204.93,97.27,142.66,89.63,4.28,7.81,-26.08,-29.02,-25.57,18.89,74.49,88572541.89170265,22198632.0,0.069699995,-92.61,83700,0.16,4.15,3.13,4.42,-3.17,5.08,-15.75,6.15,-30.41,11.95,31.08,236610,527100,1081436,0.216
4543,QUBT,Technology,Computer Hardware,NASDAQ,70.77,23.59,84.83,18.99,80.16,31.66,67.84,17.73,57.33,13.03,70.84,20.27,7.45,-11.2,-18.67,-4.73,2.05,-31.59,23.43,1851517392.0555801,226346861.0,0.3231,-68.8,8009700,1.15,7.81,-4.61,8.19,-9.04,8.33,-10.56,8.43,-11.63,5.58,28.87,6792230,6944120,7536926,90.0
4544,MPAA,Consumer Cyclical,Auto Parts,NASDAQ,70.76,23.56,90.09,30.34,67.27,18.5,75.2,22.99,103.15,69.38,86.15,34.12,10.55,2.03,-0.09,-3.83,-25.07,-17.96,32.38,199366664.6542883,18933207.0,0.0908,-41.78,66100,0.55,10.6,-0.47,10.56,-0.09,10.64,-0.85,11.6,-9.05,2.99,110.86,116250,121013,124050,-0.108
4545,HSAI,Consumer Cyclical,Auto Parts,NASDAQ,70.76,23.56,91.41,33.95,77.38,28.48,75.27,23.12,57.57,13.16,103.24,66.83,15.61,-2.01,-4.64,-10.29,-4.41,-33.74,22.14,19334777785.30799,1257137688.0,0.0725,-46.81,1031500,0.87,15.83,-1.39,15.84,-1.45,16.38,-4.7,17.32,-9.87,3.65,31.62,793840,1185846,1389986,0.219
4546,STWD,Real Estate,REIT - Mortgage,NYSE,70.76,23.56,84.52,18.69,76.29,27.39,83.77,31.89,84.2,34.61,91.3,47.72,12.75,-3.26,-8.14,-15.55,-20.15,-22.28,29.05,4830704868.104124,370168950.0,0.0548,-34.38,7971900,1.51,12.87,-0.93,13.27,-3.92,13.96,-8.67,14.91,-14.49,2.6,99.51,7107320,5288576,5088320,0.134
4547,CNTN,Healthcare,Biotechnology,NASDAQ,70.75,23.51,89.61,29.26,71.41,22.33,63.09,14.73,78.2,27.83,153.83,92.01,2.08,-4.81,-9.96,-3.26,7.77,-10.34,39.04,179283062.25,79681361.0,0.0861,-69.81,1345800,1.69,2.25,-7.56,2.35,-11.49,2.27,-8.37,2.16,-3.7,10.15,14.21,853890,797340,765864,
4548,XPER,Technology,Software - Application,NYSE,70.75,23.51,85.79,20.55,72.98,23.87,80.35,28.31,106.2,73.12,86.78,35.05,5.25,-4.55,-3.67,-8.06,-30.46,-10.1,39.42,264830985.08776188,48771822.0,0.103,-40.0,382100,0.93,5.34,-1.69,5.43,-3.31,5.52,-4.89,6.11,-14.08,2.83,47.14,381250,411680,448128,0.081
4549,POST,Consumer Defensive,Packaged Foods,NYSE,70.75,23.51,92.28,36.98,68.97,20.1,75.29,23.16,74.43,24.45,86.14,34.1,74.23,1.92,0.12,-7.54,-23.89,-26.38,26.25,3288606729.5091553,45322586.0,0.1531,-36.71,591000,0.64,73.07,1.59,73.25,1.34,75.41,-1.56,79.93,-7.13,2.43,89.34,737290,919153,972718,-0.018
4550,HOVR,Industrials,Aerospace & Defense,NASDAQ,70.72,23.48,86.63,22.17,88.45,47.28,76.05,23.79,76.01,25.88,132.29,86.51,1.53,-8.38,-12.57,-5.56,-3.77,-9.47,40.04,112267402.65484536,66825837.0,0.0466,-63.4,655100,1.27,1.61,-4.97,1.65,-7.27,1.67,-8.38,1.76,-13.07,4.98,26.24,443030,517076,698780,
4551,ROOT,Financial Services,Insurance - Property & Casualty,NASDAQ,70.71,23.46,89.69,29.39,69.27,20.45,78.03,25.76,71.66,22.11,55.38,11.09,48.56,5.09,1.57,-8.01,-14.14,-34.27,21.69,732124426.3960876,15826296.0,0.1421,-46.64,317100,1.6,47.43,2.38,46.96,3.41,49.04,-0.98,52.3,-7.15,3.25,75.56,190230,197666,241548,0.016
4552,STC,Financial Services,Insurance - Property & Casualty,NYSE,70.69,23.44,79.4,12.06,79.74,31.19,91.36,44.98,96.85,59.89,93.96,53.03,51.88,2.41,-13.14,-21.41,-25.53,-25.79,26.71,1573419335.1634102,30522199.0,0.047399998,-34.0,420000,1.35,51.28,1.17,53.02,-2.15,58.86,-11.86,63.98,-18.91,4.14,72.16,406660,311033,260704,0.243
4553,FLYE,Consumer Cyclical,Auto Manufacturers,NASDAQ,70.67,23.42,136.38,97.78,43.07,7.34,54.81,10.57,41.53,6.62,14.79,1.48,2.32,74.44,56.76,28.18,40.18,-65.53,9.42,2260854.594432354,1632386.0,0.0074,-89.45,132409300,18.05,1.52,52.63,1.46,58.9,1.55,49.68,1.67,38.92,14.04,113.62,13255030,7335956,4405564,-0.484
4554,NN,Technology,Software - Infrastructure,NASDAQ,70.67,23.42,75.57,8.75,74.61,25.84,72.45,21.07,85.87,36.53,144.35,90.1,11.6,-15.7,-19.72,-21.78,-11.52,-30.91,23.78,1907388344.7641258,136436939.0,0.13260001,-52.5,6929800,2.56,12.98,-10.63,13.55,-14.39,14.27,-18.71,15.37,-24.53,8.57,83.47,3373440,2705466,2859798,-0.043
4555,UAVS,Technology,Computer Hardware,NYSE ARCA,70.65,23.39,84.3,18.35,86.39,43.21,77.84,25.61,51.82,10.44,66.64,17.48,0.83,-13.54,-17.0,-16.16,23.88,-19.42,30.97,60389476.410189986,62905706.0,0.051799998,-71.58,930300,0.99,0.89,-6.74,0.93,-10.75,0.95,-12.63,0.96,-13.54,5.08,0.0,541180,936630,1628026,-0.36
4556,WAVE,Utilities,Utilities - Renewable,NASDAQ,70.58,23.38,87.92,24.86,72.26,23.17,71.81,20.53,115.47,81.7,86.46,34.56,5.78,-0.34,-5.09,1.58,-18.53,-7.77,41.84,36439638.71209717,6239664.0,0.0007,-46.83,5800,0.33,5.83,-0.86,5.89,-1.87,5.9,-2.03,6.39,-9.55,7.31,21.31,8100,17416,15522,
4557,YI,Healthcare,Medical Distribution,NASDAQ,70.55,23.36,85.49,20.06,75.98,27.23,66.78,17.05,58.21,13.56,101.26,63.74,3.14,-5.14,-12.53,-8.99,-11.8,-14.91,34.83,28326224.33168316,8796964.0,0.0021,-71.89,3000,0.18,3.15,-0.32,3.31,-5.14,3.44,-8.72,3.54,-11.3,7.8,28.57,11130,16730,12414,-0.283
4558,GELS,Healthcare,Drug Manufacturers - Specialty & Generic,NASDAQ,70.54,23.34,91.3,33.6,63.8,15.84,60.45,13.38,50.65,9.93,54.51,10.54,0.55,1.1,-0.18,-30.24,-4.69,-38.86,19.46,5580462.035230994,10711059.0,0.0307,-72.64,18600,0.0,0.55,0.0,0.55,0.0,0.59,-6.78,0.59,-6.78,14.3,12.72,75780,6018960,3624376,0.489
4559,FER,Industrials,Engineering & Construction,NASDAQ,70.5,23.33,85.24,19.59,77.76,28.92,79.45,27.49,90.75,48.08,110.85,75.43,50.29,-5.01,-9.19,-9.39,-19.59,-23.51,28.15,38625206354.69673,720082155.0,0.0087,-32.76,2748400,1.6,51.57,-2.48,53.1,-5.29,54.25,-7.3,59.04,-14.82,2.29,74.64,2336360,1720616,1571568,0.052
4560,AS,Consumer Cyclical,Leisure,NYSE,70.49,23.31,92.82,39.12,69.58,20.65,69.9,19.0,87.74,38.8,103.34,67.04,27.45,1.37,2.54,0.15,-23.88,-28.16,25.22,15808104436.469498,581822024.0,0.0945,-35.8,6633800,0.94,27.4,0.18,27.4,0.18,27.26,0.7,30.38,-9.64,2.84,90.94,5521920,7071306,6979164,0.321
4561,SCYX,Healthcare,Drug Manufacturers - Specialty & Generic,NASDAQ,70.46,23.29,87.94,24.94,79.19,30.35,79.13,27.05,62.85,16.31,133.67,87.03,4.22,-21.42,-5.17,-10.21,11.94,-15.87,34.21,50941996.94135761,9949609.0,0.0471,-53.73,344200,0.89,4.8,-12.08,4.8,-12.08,4.66,-9.44,4.93,-14.4,10.96,23.78,1034020,385703,339264,-0.828
4562,ZNTL,Healthcare,Biotechnology,NASDAQ,70.43,23.28,71.82,6.51,111.34,83.23,152.91,95.03,171.82,95.78,231.64,97.04,2.51,-3.65,-8.73,-30.08,-46.25,79.29,93.13,238573221.47427654,94671914.0,0.0596,-63.88,1272400,1.06,2.61,-3.83,2.64,-4.92,2.91,-13.75,3.6,-30.28,7.34,65.12,1739690,1201666,1177408,
4563,DECK,Consumer Cyclical,Footwear & Accessories,NYSE,70.4,23.26,95.14,49.77,68.43,19.54,66.99,17.18,92.45,52.68,98.55,60.13,82.56,3.76,4.93,3.36,-20.26,-17.0,33.16,10774708899.874641,136181857.0,0.078,-32.49,3052900,0.93,80.79,2.19,79.63,3.68,79.48,3.88,86.26,-4.29,2.49,126.26,3180580,3299750,2909432,0.057
4564,CGTX,Healthcare,Biotechnology,NASDAQ,70.39,23.24,87.86,24.72,70.73,21.8,63.93,15.31,81.74,31.72,128.96,85.4,0.89,0.45,-5.89,-8.67,-0.67,-41.88,17.9,87961716.18360579,95093746.0,0.087799996,-56.59,452700,1.15,0.93,-4.3,0.93,-4.3,0.97,-8.25,0.99,-10.1,5.55,-8.09,405380,394120,460100,
4565,PMN,Healthcare,Biotechnology,NASDAQ,70.37,23.23,68.82,5.08,98.42,69.95,112.14,80.44,114.3,80.7,99.23,61.12,9.15,-2.45,-20.92,-31.72,-34.92,7.02,63.29,84296310.7790966,8967693.0,0.0269,-66.61,35300,0.87,9.25,-1.08,9.9,-7.58,11.63,-21.32,13.1,-30.15,10.49,38.54,32920,40756,35722,
4566,LEGN,Healthcare,Biotechnology,NASDAQ,70.36,23.21,88.63,26.5,68.4,19.51,62.61,14.36,80.8,30.8,65.66,16.98,18.71,-3.16,-1.84,-2.5,-0.74,-14.64,35.16,3611649770.0568466,194488413.0,0.17799999,-50.11,2150100,1.03,18.78,-0.37,18.97,-1.37,18.6,0.59,19.76,-5.31,4.54,72.94,1965350,2091010,2188770,0.519
4567,RSSS,Technology,Software - Application,NASDAQ,70.34,23.19,91.58,34.48,71.98,22.83,76.25,24.01,71.4,21.87,81.21,28.95,2.03,-4.69,-4.25,-4.69,-9.38,-29.76,24.48,72589741.56985903,33762669.0,0.0023,-46.44,37100,0.85,2.07,-1.93,2.1,-3.33,2.09,-2.87,2.16,-6.02,3.2,61.54,29750,43726,36828,-0.029
4568,CALX,Technology,Software - Infrastructure,NYSE,70.32,23.18,99.5,75.37,65.44,17.03,67.22,17.33,67.39,19.06,88.11,37.28,36.08,3.38,8.45,3.29,1.49,-34.03,21.92,2191776543.5578804,62963989.0,0.1242,-49.34,1346100,1.23,35.21,2.47,34.52,4.52,34.75,3.83,36.76,-1.85,3.08,72.97,1102230,1090080,977038,0.213
4569,BOLT,Healthcare,Biotechnology,NASDAQ,70.3,23.15,96.98,59.3,67.55,18.78,69.65,18.89,69.06,20.11,68.37,18.63,3.65,3.99,1.67,-2.14,-5.19,-29.26,24.7,6645890.341855288,1926345.0,0.0095999995,-49.31,10500,0.34,3.54,3.11,3.55,2.82,3.63,0.55,3.7,-1.35,6.58,84.48,16300,31266,29448,-0.997
4570,KYTX,Healthcare,Biotechnology,NASDAQ,70.3,23.15,79.26,11.92,78.53,29.64,99.38,64.65,101.46,67.0,208.3,96.49,6.18,-5.21,-11.59,-15.92,-12.59,-14.05,35.71,384666208.7047291,61843444.0,0.1665,-54.79,1317000,1.45,6.21,-0.48,6.48,-4.63,6.84,-9.65,7.61,-18.79,7.04,50.53,956020,906476,819916,
4571,SAR,Financial Services,Asset Management,NYSE,70.25,23.13,85.19,19.46,73.5,24.48,73.88,22.16,81.02,30.95,96.12,56.61,14.97,-9.1,-12.3,-11.43,-17.73,-26.72,26.0,265013488.31874084,16080916.0,0.0481,-39.22,301400,1.78,15.66,-4.41,16.13,-7.19,16.7,-10.36,17.58,-14.85,3.81,85.86,215600,169040,152514,-0.048
4572,ACHR,Industrials,Aerospace & Defense,NYSE,70.23,23.11,84.9,19.06,83.85,38.05,77.03,24.79,52.22,10.58,57.02,11.89,4.72,-6.16,-17.34,-13.39,5.36,-42.16,17.65,3765430949.1903305,770026800.0,0.141,-67.72,28893800,1.21,4.73,-0.21,4.95,-4.65,5.24,-9.92,5.59,-15.56,5.33,43.74,23968190,23893686,30678506,
4573,EBON,Technology,Computer Hardware,NASDAQ,70.18,23.09,94.76,47.77,75.54,26.81,72.67,21.17,63.91,17.07,52.7,10.04,2.02,0.5,0.5,-6.48,1.0,-41.79,17.96,13095084.599586487,6280616.0,0.0022,-64.17,1800,0.42,2.0,1.0,2.01,0.5,2.05,-1.46,2.08,-2.88,7.6,0.0,2640,4256,6342,0.095
4574,RGC,Healthcare,Drug Manufacturers - Specialty & Generic,NASDAQ,70.13,23.08,127.32,97.12,50.24,9.23,28.56,3.84,20.6,2.39,808.2,98.92,7.63,20.54,23.66,35.4,35.04,-61.48,10.55,3372414444.264647,494488909.0,0.0145000005,-88.94,223700,1.29,7.23,5.53,6.73,13.37,6.27,21.69,5.94,28.45,6.65,112.27,167150,174010,176316,
4575,AN,Consumer Cyclical,Auto & Truck Dealerships,NYSE,70.11,23.06,84.33,18.4,72.28,23.22,93.62,54.35,88.19,39.46,92.94,50.96,157.07,-4.8,-3.57,-24.2,-31.7,-24.89,27.28,5371058764.725861,33060806.0,0.119799994,-33.39,698500,1.14,159.11,-1.28,160.31,-2.02,172.76,-9.08,192.08,-18.23,3.89,44.87,627720,614956,534638,-0.006
4576,OXBR,Financial Services,Insurance - Reinsurance,NASDAQ,70.09,23.04,68.11,4.9,119.32,87.73,116.43,83.83,126.65,87.28,44.5,7.41,1.01,-10.62,-32.67,-27.34,-26.81,-19.2,31.12,9115206.27880776,8138577.0,0.003,-52.67,9500,0.48,1.08,-6.48,1.17,-13.68,1.32,-23.48,1.34,-24.63,14.5,20.49,25100,19903,43248,0.416
4577,PDD,Consumer Cyclical,Internet Retail,NASDAQ,70.07,23.03,94.93,48.67,73.45,24.41,72.21,20.92,69.85,20.57,86.44,34.52,78.26,2.3,0.08,0.54,-11.39,-28.54,25.08,107295621396.08485,1423396462.0,0.0328,-43.86,5023100,0.79,77.69,0.73,77.64,0.8,78.19,0.09,83.2,-5.94,2.09,31.76,4982020,6370316,6243880,0.081
4578,RPT,Real Estate,REIT - Mortgage,NYSE,70.06,23.0,86.92,22.65,71.33,22.3,80.18,28.1,73.03,23.16,85.44,33.3,10.83,0.65,-1.1,-13.43,-10.86,-30.34,24.11,86275463.36499786,7772564.0,0.037100002,-39.63,39500,2.0,10.89,-0.55,10.83,0.0,11.29,-4.07,12.14,-10.79,2.78,102.37,20700,19726,35566,0.096
4579,WBTN,Communication Services,Internet Content & Information,NASDAQ,70.06,23.0,90.74,32.03,79.49,30.91,80.38,28.38,79.33,28.91,92.41,49.81,9.91,-8.75,-9.08,-3.97,9.87,-23.06,28.53,1424966235.0,135711070.0,0.16139999,-47.87,627500,1.4,10.17,-2.56,10.55,-6.07,10.66,-7.04,9.9,0.1,4.41,54.92,501780,446743,451078,-0.028
4580,DJT,Communication Services,Internet Content & Information,NASDAQ,70.04,22.98,89.97,30.07,83.72,37.75,78.38,26.07,65.21,17.8,56.64,11.64,8.2,-6.71,-9.89,-6.61,-16.75,-49.04,14.96,2476456682.1995277,277941271.0,0.0892,-54.37,3164500,0.97,8.52,-3.76,8.78,-6.61,8.83,-7.13,9.07,-9.59,4.39,38.89,3383430,3267193,3788298,0.89
4581,ALLO,Healthcare,Biotechnology,NASDAQ,70.01,22.96,76.28,9.33,86.51,43.44,98.41,63.42,105.45,72.12,149.32,91.18,1.4,-9.09,-16.17,-20.45,-22.65,-1.41,49.71,518236321.5,345490881.0,0.1909,-68.61,7977800,1.45,1.46,-4.11,1.53,-8.5,1.63,-14.11,1.85,-24.32,5.36,66.67,5132360,5498873,5428978,
4582,MGM,Consumer Cyclical,Resorts & Casinos,NYSE,70.0,22.94,75.85,8.99,74.13,25.27,93.04,52.76,115.78,81.87,103.01,66.51,30.01,-1.51,-10.92,-26.32,-34.52,-19.54,30.88,7798345525.680599,255851235.0,0.1599,-41.83,5342900,1.24,30.24,-0.76,30.87,-2.79,34.86,-13.91,39.72,-24.45,4.38,31.18,6134640,4318540,3530550,0.01
4583,EVAX,Healthcare,Biotechnology,NASDAQ,69.99,22.92,92.63,38.28,83.81,37.9,73.23,21.56,66.76,18.69,132.94,86.78,3.05,-4.09,-6.44,-1.61,7.39,-35.11,21.28,28868746.03017783,9021483.0,0.0070999996,-74.9,64000,1.3,3.14,-2.87,3.2,-4.69,3.19,-4.39,3.14,-2.87,4.18,23.53,38860,49140,252316,
4584,BIRK,Consumer Cyclical,Footwear & Accessories,NYSE,69.99,22.92,94.11,44.84,67.47,18.64,64.29,15.51,92.34,52.31,81.86,29.57,33.12,0.45,4.18,7.92,-20.25,-22.2,29.09,5503656681.67511,165126204.0,0.1438,-34.71,1250200,0.59,33.48,-1.08,33.24,-0.36,32.06,3.31,34.62,-4.33,3.16,81.13,1900800,2108126,2556316,0.133
4585,CW,Industrials,Aerospace & Defense,NYSE,69.97,22.88,83.82,17.52,76.69,27.71,81.36,29.35,109.57,76.85,130.46,85.9,507.29,-6.91,-6.74,-9.33,-25.3,-8.47,41.02,20152910565.191895,36934444.0,0.0239,-37.23,503300,1.17,531.23,-4.51,535.09,-5.2,547.34,-7.32,609.73,-16.8,3.2,35.01,411750,428963,402490,0.054
4586,SHOE,Consumer Cyclical,Apparel Retail,NASDAQ,69.97,22.88,94.68,47.38,69.18,20.34,61.32,13.81,70.19,20.74,90.04,44.54,13.06,4.3,0.12,7.78,-15.21,-27.39,25.61,341972390.6260395,27183815.0,0.4884,-41.25,1016600,0.74,12.78,2.19,12.78,2.19,12.81,1.95,13.86,-5.77,3.55,112.29,1128880,1375163,1033794,-0.072
4587,BRSP,Real Estate,REIT - Mortgage,NYSE,69.97,22.88,88.3,25.68,68.84,20.01,76.26,24.02,93.03,53.79,108.61,73.43,3.9,1.83,-0.7,-9.55,-18.78,-24.8,27.31,482057118.56022835,126524180.0,0.0369,-36.74,3866500,2.17,3.81,2.36,3.84,1.56,3.98,-2.01,4.38,-10.96,3.11,123.76,2093310,1783806,1559820,-0.035
4588,VRM,Financial Services,Credit Services,NASDAQ,69.94,22.84,96.05,54.7,68.7,19.87,78.63,26.46,34.52,4.92,59.45,13.12,8.96,-4.07,-7.96,-12.67,28.18,-63.9,9.84,47024870.41941357,5207627.0,0.0292,-67.71,17700,0.38,9.04,-0.88,9.35,-4.17,9.63,-6.96,9.51,-5.78,5.23,44.78,6440,46683,33200,-0.042
4589,BCTX,Healthcare,Biotechnology,NASDAQ,69.93,22.83,96.13,55.1,87.06,44.59,76.81,24.52,51.98,10.48,54.49,10.52,3.92,-4.62,-8.41,8.89,15.29,-56.2,12.31,35147139.14812946,8699787.0,0.0911,-73.3,48700,0.33,4.03,-2.73,4.11,-4.62,4.0,-2.0,3.76,4.26,7.0,18.23,113120,148270,325978,
4590,CINT,Technology,Software - Infrastructure,NYSE,69.92,22.81,95.47,51.55,65.02,16.77,60.58,13.47,65.11,17.71,87.73,36.35,3.06,-2.55,1.66,0.33,-6.99,-34.89,21.45,410843677.3123808,127988683.0,0.0011999999,-47.24,74300,0.89,3.15,-2.86,3.08,-0.65,3.1,-1.29,3.34,-8.38,5.78,16.96,76460,83216,83780,0.219
4591,WGO,Consumer Cyclical,Recreational Vehicles,NYSE,69.91,22.8,85.68,20.32,72.33,23.32,82.33,30.39,83.89,34.28,87.24,35.67,24.65,-6.52,-8.36,-12.56,-21.58,-41.18,18.3,743471864.3325462,28268893.0,0.1099,-50.86,910100,1.5,25.07,-1.68,25.89,-4.79,26.73,-7.78,29.12,-15.35,3.63,58.05,694610,605513,554686,-0.099
4592,HUN,Basic Materials,Chemicals,NYSE,69.87,22.78,88.49,26.16,73.7,24.77,71.2,20.07,96.9,60.01,109.77,74.59,8.5,-1.96,-3.3,-9.96,-28.25,-13.8,36.02,1495979547.648857,175378616.0,0.08140001,-47.17,3991300,1.52,8.65,-1.73,8.62,-1.39,8.89,-4.39,9.48,-10.34,3.85,27.51,2963200,2618880,2784406,0.141
4593,ESBA,Real Estate,REIT - Office,NYSE ARCA,69.83,22.76,99.79,76.48,62.86,15.12,64.28,15.49,82.59,32.71,69.32,19.11,4.43,9.65,10.75,8.97,-20.36,-28.1,25.27,1078744005.028689,280193255.0,0.18,-44.14,2533,0.37,4.24,4.48,4.11,7.79,4.09,8.31,4.35,1.84,4.88,113.39,8793,6884,6488,0.032
4594,LHX,Industrials,Aerospace & Defense,NYSE,69.81,22.74,91.82,35.39,71.24,22.2,74.97,22.84,81.16,31.07,110.46,75.03,236.92,-0.62,-0.47,-4.61,-19.99,-16.56,33.57,44058379282.16382,186214616.0,0.0275,-37.53,1203000,0.76,236.39,0.22,236.9,0.01,241.62,-1.95,259.24,-8.61,1.97,98.19,1437810,1591800,1662532,0.084
4595,MAIA,Healthcare,Biotechnology,NYSE ARCA,69.81,22.74,85.32,19.69,78.17,29.27,84.77,32.86,85.51,36.13,74.84,23.2,1.15,-1.71,-8.0,-12.21,-4.17,-5.74,44.16,73472919.27290249,61741946.0,0.0376,-63.95,677100,1.12,1.18,-2.54,1.18,-2.54,1.26,-8.73,1.32,-12.88,5.62,30.94,627800,605273,504868,
4596,FABC,Technology,Semiconductors,NASDAQ,69.76,22.71,88.35,25.86,66.75,18.11,59.79,13.06,67.29,18.99,51.43,9.75,2.24,-2.18,-3.03,-5.08,-5.08,-29.78,24.44,16388453.818875074,7003613.0,0.21620001,-71.46,106000,0.8,2.31,-3.03,2.32,-3.45,2.29,-2.18,2.53,-11.46,6.63,33.65,94690,133110,173858,
4597,DLHC,Industrials,Specialty Business Services,NASDAQ,69.75,22.7,101.84,82.46,61.4,14.18,64.12,15.37,82.6,32.75,111.85,76.25,4.25,15.49,12.73,5.99,-21.3,-24.65,27.36,58696794.51432705,14493035.0,0.0108,-47.53,11400,0.84,4.15,2.41,3.87,9.82,3.88,9.54,4.26,-0.23,4.87,24.14,17940,13553,14466,-0.469
4598,OGI,Healthcare,Drug Manufacturers - Specialty & Generic,NASDAQ,69.73,22.68,85.34,19.76,75.24,26.53,73.3,21.62,49.21,9.43,88.47,38.33,0.95,-3.16,-13.55,-11.12,2.26,-52.69,13.53,137377516.78200984,144152692.0,8.98,-57.59,369900,0.69,0.95,0.0,1.0,-5.0,1.04,-8.65,1.1,-13.64,4.93,51.22,555900,539713,1029464,0.494
4599,ANGI,Communication Services,Internet Content & Information,NASDAQ,69.72,22.66,119.5,96.14,56.85,11.85,53.19,9.94,54.5,11.54,50.29,9.4,6.28,7.17,21.71,35.05,2.95,-50.9,14.18,245365326.285491,40556251.0,0.1196,-61.92,846600,1.0,6.09,3.12,5.88,6.8,5.49,14.39,5.15,21.94,5.93,91.36,791770,843783,852030,-0.109
4600,ALT,Healthcare,Biotechnology,NASDAQ,69.7,22.65,82.04,14.85,82.85,36.28,89.99,41.94,70.22,20.76,74.43,22.88,2.6,-5.8,-14.47,-20.97,-10.96,-33.33,22.46,532005891.8292811,194517701.0,0.26639998,-59.63,4929500,1.26,2.67,-2.62,2.79,-6.81,3.03,-14.19,3.07,-15.31,4.91,39.15,4109330,3914570,4242144,
4601,ZJYL,Healthcare,Medical Instruments & Supplies,NASDAQ,69.62,22.63,97.63,62.4,61.51,14.26,57.95,11.95,46.55,8.34,33.21,4.57,2.12,6.0,6.0,2.91,7.61,-49.28,14.84,142907054.53505516,73663428.0,0.0011,-82.33,13200,0.14,2.03,4.43,1.98,7.07,2.0,6.0,2.32,-8.62,6.57,82.52,12690,95530,920732,-0.097
4602,SLDP,Consumer Cyclical,Auto Parts,NASDAQ,69.59,22.61,101.04,80.6,66.3,17.66,66.89,17.13,54.37,11.47,103.31,66.97,2.42,2.54,2.98,-2.02,21.0,-48.4,15.1,531662206.5511551,228181212.0,0.1234,-72.69,3796000,1.33,2.36,2.54,2.35,2.98,2.4,0.83,2.36,2.54,4.36,66.35,2762640,2844010,3016226,
4603,CG,Financial Services,Asset Management,NASDAQ,69.57,22.6,87.99,25.07,72.59,23.51,79.12,27.02,73.26,23.43,88.15,37.36,38.39,-4.95,-2.61,-10.87,-13.5,-34.16,21.83,14189171907.61586,356332798.0,0.0727,-42.96,4629000,1.39,38.84,-1.16,39.35,-2.44,40.14,-4.36,44.74,-14.19,3.19,106.81,3410010,3324983,3785224,-0.329
4604,JBLU,Industrials,Airlines,NASDAQ,69.54,22.58,82.02,14.82,74.8,26.08,83.09,31.2,100.18,65.3,114.29,78.26,3.92,-5.54,-9.89,-10.71,-31.47,-18.33,32.01,1565845587.1332936,377312181.0,0.2949,-40.79,30279800,1.6,4.03,-2.73,4.14,-5.31,4.28,-8.41,4.86,-19.34,4.1,80.89,19292960,18900803,21391184,0.145
4605,PW,Real Estate,REIT - Specialty,NYSE ARCA,69.53,22.56,92.86,39.36,62.98,15.16,59.43,12.87,87.8,38.94,72.87,21.87,6.96,0.14,3.26,3.11,-21.44,-31.09,23.67,2441348.0350112915,367120.0,0.0216,-46.13,4600,0.23,6.97,-0.14,6.99,-0.43,6.95,0.14,7.4,-5.95,5.99,14.38,12220,19900,17094,1.545
4606,YTRA,Consumer Cyclical,Travel Services,NASDAQ,69.52,22.55,89.84,29.77,78.58,29.71,81.78,29.82,63.03,16.4,89.53,42.59,0.9,-3.85,-10.0,-10.89,3.69,-46.75,15.74,56439338.85728657,63990178.0,0.0007,-55.0,10800,0.34,0.89,1.12,0.92,-2.17,0.98,-8.16,0.96,-6.25,5.67,49.02,17310,32090,35162,-0.104
4607,IBP,Consumer Cyclical,Residential Construction,NYSE,69.47,22.53,86.85,22.51,70.71,21.72,76.99,24.74,80.47,30.45,118.32,80.62,187.83,-2.53,-4.31,-6.7,-18.29,-28.86,24.9,5129781161.0,26579177.0,0.13159999,-46.18,652300,1.44,189.84,-1.06,192.4,-2.38,197.07,-4.69,221.13,-15.06,4.62,107.01,443210,451973,389420,0.023
4608,AMRC,Industrials,Engineering & Construction,NYSE,69.46,22.51,91.63,34.67,68.03,19.14,73.14,21.47,82.5,32.66,108.5,73.33,21.01,0.05,-3.05,-7.81,13.51,-29.07,24.75,1144638155.0754776,53066211.0,0.1999,-53.24,565600,0.93,21.74,-3.36,21.32,-1.45,22.28,-5.7,23.28,-9.75,5.7,37.57,526780,609276,707050,0.091
4609,JMIA,Consumer Cyclical,Internet Retail,NYSE,69.42,22.5,91.87,35.59,75.07,26.36,80.53,28.52,79.43,29.01,136.79,87.98,6.48,-6.76,-3.57,-10.99,13.29,-49.81,14.65,924690829.9148426,133625841.0,0.04,-55.98,1695300,1.18,6.75,-4.0,6.76,-4.14,6.95,-6.76,6.71,-3.43,4.28,79.32,1084450,1436993,1643938,0.139
4610,QNRX,Healthcare,Biotechnology,NASDAQ,69.4,22.48,78.41,10.98,90.99,55.53,95.98,59.8,43.43,7.07,63.27,15.21,4.55,-3.6,-28.68,-34.06,6.43,-67.96,8.59,8977628.038617134,2008418.0,0.0631,-89.11,49000,0.04,4.6,-1.09,4.88,-6.76,5.92,-23.14,5.69,-20.04,11.63,47.23,52180,1131943,688956,
4611,BTDR,Technology,Software - Application,NASDAQ,69.37,22.46,79.41,12.1,81.74,34.19,84.88,33.07,81.59,31.53,85.22,32.99,9.72,-8.65,-20.0,-15.7,9.21,-11.72,37.55,2995040464.3120384,271782245.0,0.2999,-65.04,9481000,0.93,10.6,-8.3,10.76,-9.67,11.41,-14.81,10.92,-10.99,7.92,33.11,9743200,10176213,12559118,0.471
4612,ABTC,Financial Services,Capital Markets,NASDAQ,69.36,22.45,94.16,45.04,52.11,9.73,38.47,6.01,17.89,1.91,68.72,18.81,7.75,-5.26,-19.27,-3.49,49.33,-70.97,7.95,619695774.2971096,72819713.0,0.1596,-93.01,1030900,0.66,8.33,-6.96,8.5,-8.82,8.81,-12.03,8.03,-3.49,7.91,27.74,946750,1566116,1600414,1.213
4613,INLX,Technology,Software - Application,NYSE ARCA,69.35,22.43,100.31,78.15,62.46,14.85,67.88,17.75,58.26,13.58,62.79,14.91,5.4,4.85,4.85,0.75,0.0,-33.58,22.25,22699720.557352066,4494994.0,0.0007,-54.04,53700,6.0,5.11,5.68,5.17,4.45,5.26,2.66,5.37,0.56,8.61,191.4,12630,8956,5752,-0.016
4614,LCII,Consumer Cyclical,Recreational Vehicles,NYSE,69.34,22.41,85.41,19.88,72.28,23.22,84.25,32.42,87.45,38.38,110.99,75.52,80.19,-2.34,-4.02,-14.14,-23.91,-33.14,22.55,2013235835.3157349,24311507.0,0.1225,-49.77,429800,1.24,81.58,-1.7,82.91,-3.28,85.43,-6.13,95.77,-16.27,2.92,64.96,411310,346170,310934,-0.125
4615,STOK,Healthcare,Biotechnology,NASDAQ,69.33,22.4,82.38,15.33,75.53,26.8,92.06,48.04,109.98,77.32,202.5,96.19,23.95,-7.92,-5.3,-18.37,-18.76,-25.06,27.16,1653162374.1925774,64526242.0,0.17950001,-40.45,692300,0.76,24.71,-3.08,25.17,-4.85,26.75,-10.47,29.51,-18.84,5.37,23.7,1126460,912833,936790,-0.325
4616,PALI,Healthcare,Biotechnology,NASDAQ,69.32,22.38,78.31,10.91,98.57,70.21,146.05,94.02,117.44,82.93,193.13,95.78,1.45,1.4,-7.64,-27.86,-26.02,-20.77,30.04,250949613.49184132,174270558.0,0.1737,-49.3,2083900,0.66,1.46,-0.68,1.45,0.0,1.63,-11.04,1.88,-22.87,6.9,70.0,3250890,3157146,2523022,
4617,HDSN,Basic Materials,Specialty Chemicals,NASDAQ,69.31,22.36,93.14,40.57,71.44,22.36,75.15,22.97,76.99,26.89,76.98,24.94,5.17,-1.52,-1.15,-3.36,-11.47,-26.67,26.04,220123101.61277533,42088547.0,0.0682,-46.42,292200,0.67,5.22,-0.96,5.19,-0.39,5.21,-0.77,5.45,-5.14,2.45,47.46,338260,433963,545684,0.075
4618,LRE,Real Estate,Real Estate - Development,NASDAQ,69.28,22.34,87.3,23.77,72.56,23.48,88.31,38.5,82.01,32.15,81.28,29.04,1.07,-1.39,-4.05,-16.8,-17.44,-23.93,27.86,15006091.425248265,13641901.0,0.036199998,-43.39,12200,0.6,1.08,-0.93,1.09,-1.83,1.13,-5.31,1.23,-13.01,5.09,36.7,11770,20196,16304,0.038
4619,SPWH,Consumer Cyclical,Specialty Retail,NASDAQ,69.28,22.34,93.74,43.16,70.35,21.44,74.42,22.51,55.88,12.15,72.66,21.74,1.13,1.8,-3.42,-8.87,-1.74,-18.71,31.59,44229855.26335895,39141465.0,0.011,-66.27,258600,0.5,1.14,-0.88,1.14,-0.88,1.16,-2.59,1.18,-4.24,3.79,70.0,223330,519660,427848,0.006
4620,ABVX,Healthcare,Biotechnology,NASDAQ,69.26,22.3,79.27,11.95,82.96,36.5,101.06,67.53,360.6,98.8,611.31,98.83,89.05,-6.36,-6.13,-23.2,-25.07,-22.52,28.82,8105779002.301598,87271525.0,0.0795,-40.17,2102700,1.57,89.78,-0.81,92.94,-4.19,99.49,-10.49,111.41,-20.07,5.01,110.78,1389630,1335786,1150708,-0.068
4621,DY,Industrials,Engineering & Construction,NYSE,69.26,22.3,89.33,28.27,65.8,17.23,74.51,22.59,116.45,82.36,136.1,87.75,277.21,2.69,1.88,-6.33,-25.47,-19.5,30.92,8256561978.75,30160957.0,0.0538,-51.06,508200,0.79,279.65,-0.87,274.46,1.0,281.36,-1.47,331.4,-16.35,3.87,72.19,569670,647366,630008,0.456
4622,ONDS,Technology,Communication Equipment,NASDAQ,69.26,22.3,89.03,27.57,82.62,35.81,77.61,25.34,100.23,65.38,335.05,98.32,6.85,-3.79,-9.87,-5.52,0.74,-25.7,26.78,4215871407.481489,582302699.0,0.4096,-55.17,60636100,0.99,7.22,-5.12,7.34,-6.68,7.35,-6.8,7.96,-13.94,5.72,16.59,52619290,61010630,65848776,12.354
4623,SMXT,Technology,Solar,NASDAQ,69.24,22.26,176.07,98.58,34.5,5.0,28.2,3.77,40.06,6.27,51.38,9.69,4.66,119.81,111.82,92.56,7.87,-52.06,13.77,10243184.807027578,4742215.0,0.0101,-69.42,330500,1.65,3.4,37.06,2.85,63.51,2.49,87.15,3.15,47.94,10.1,156.38,555070,200343,128551,1.141
4624,SNTG,Financial Services,Credit Services,NASDAQ,69.2,22.25,94.65,47.2,69.17,20.3,64.51,15.61,86.12,36.84,86.03,33.91,1.69,-2.87,-0.59,-3.43,-1.17,-21.4,29.57,4965425.196492672,2805325.0,0.0086,-50.13,5600,0.47,1.72,-1.74,1.72,-1.74,1.73,-2.31,1.76,-3.98,7.18,24.74,15720,11936,19760,-0.359
4625,FLY,Industrials,Aerospace & Defense,NASDAQ,69.19,22.21,89.14,27.76,73.38,24.34,64.1,15.34,51.67,10.34,99.59,61.69,20.67,-9.54,-10.48,-1.1,15.86,-16.15,33.96,3903876270.3121567,167404645.0,0.1096,-66.75,3521800,1.13,22.18,-6.81,22.83,-9.46,22.2,-6.89,22.92,-9.82,8.52,34.66,3927460,3114426,3104076,6.569
4626,AMRN,Healthcare,Drug Manufacturers - General,NASDAQ,69.19,22.21,83.89,17.64,79.55,30.96,85.0,33.3,80.4,30.37,94.21,53.38,11.99,-5.74,-10.72,-14.6,-15.32,-13.12,36.51,258968504.14908028,20969109.0,0.0254,-42.63,61600,1.05,12.1,-0.91,12.58,-4.69,13.21,-9.24,13.73,-12.67,3.07,37.98,70180,58610,67168,-0.42
4627,DOUG,Real Estate,Real Estate Services,NYSE,69.19,22.21,90.17,30.6,67.21,18.43,72.78,21.23,79.03,28.61,69.62,19.36,1.56,2.63,1.96,-9.3,-9.3,-36.84,20.28,140880228.8160045,90890473.0,0.0272,-48.51,574900,1.09,1.54,1.3,1.54,1.3,1.6,-2.5,1.75,-10.86,4.12,62.22,575400,525230,475114,0.045
4628,LOBO,Consumer Cyclical,Auto Manufacturers,NASDAQ,69.16,22.18,81.58,14.21,80.09,31.54,72.82,21.28,95.53,58.08,76.65,24.6,0.5,-2.34,-9.42,-14.38,-29.68,-28.16,25.22,6845478.711853564,14441938.0,0.0031,-66.22,127600,0.02,0.51,-1.96,0.53,-5.66,0.55,-9.09,0.61,-18.03,21.17,14.17,265150,6095336,3671358,0.206
4629,IMTX,Healthcare,Biotechnology,NASDAQ,69.06,22.16,81.19,13.86,81.29,33.44,95.24,58.29,93.39,54.53,140.71,89.2,7.37,-12.68,-11.52,-15.77,-18.02,-28.24,25.2,1155388357.6577034,152225077.0,0.0404,-40.61,604700,0.8,7.53,-2.12,8.03,-8.22,8.36,-11.84,8.92,-17.38,6.04,78.59,934460,760506,678074,0.93
4630,CUVL,Healthcare,Biotechnology,NASDAQ,69.05,22.14,86.62,22.12,69.8,20.88,76.99,24.74,88.36,39.7,76.97,24.91,5.6,-1.06,-3.11,-4.76,-17.55,-32.8,22.84,304080235.52019405,50427898.0,1.03,-37.22,13800,0.67,5.77,-2.95,5.77,-2.95,5.82,-3.78,6.35,-11.81,3.56,35.13,7780,20506,14520,-0.038
4631,SOFI,Financial Services,Credit Services,NASDAQ,69.05,22.14,87.05,22.99,74.01,25.08,79.18,27.13,72.31,22.7,87.31,35.84,15.61,-1.45,-7.08,-9.3,2.36,-42.69,17.18,20368064600.713974,1291570324.0,0.14829999,-52.31,49710400,1.13,15.74,-0.83,15.87,-1.64,16.47,-5.22,17.41,-10.34,3.44,67.03,42458030,43906160,46609484,0.426
4632,SPMC,Financial Services,Asset Management,NYSE,69.04,22.11,89.69,29.39,76.21,27.33,79.35,27.35,79.0,28.57,60.89,13.8,8.22,0.0,-3.29,-12.94,-15.07,-26.95,25.85,173333444.54227352,20537139.0,4.54,-54.84,11300,0.52,8.28,-0.72,8.3,-0.96,8.72,-5.73,9.21,-10.75,3.88,15.68,19170,21640,26744,-0.353
4633,DOYU,Communication Services,Internet Content & Information,NASDAQ,69.04,22.11,88.93,27.34,76.29,27.39,70.99,19.87,65.68,18.01,61.73,14.34,4.1,-5.53,-11.83,-9.69,-11.83,-42.01,17.73,134295916.79383945,30178859.0,0.0050999997,-45.97,26700,0.91,4.26,-3.76,4.4,-6.82,4.55,-9.89,4.52,-9.29,4.02,30.34,29420,29430,28828,-0.069
4634,MZTI,Consumer Defensive,Packaged Foods,NASDAQ,69.02,22.07,95.32,50.81,66.41,17.83,68.93,18.48,61.97,15.86,72.21,21.36,102.19,2.51,1.04,0.71,-7.26,-38.07,19.82,2716273196.685791,27291000.0,0.33150002,-42.02,528400,1.19,100.37,1.81,100.22,1.97,101.21,0.97,106.87,-4.38,2.54,78.72,398460,445596,402448,-0.022
4635,RDCM,Communication Services,Telecom Services,NASDAQ,69.02,22.07,92.98,39.79,68.84,20.01,71.66,20.44,96.88,59.96,89.49,42.49,10.26,0.98,-0.39,3.01,-19.34,-23.49,28.2,172237898.6914816,16738377.0,0.045500003,-38.71,32200,0.37,10.33,-0.68,10.28,-0.19,10.26,0.0,10.21,0.49,2.1,18.54,42970,86556,138244,-0.334
4636,EFX,Industrials,Consulting Services,NYSE,69.0,22.05,87.96,24.99,71.55,22.48,82.63,30.68,72.42,22.76,76.38,24.32,145.54,4.16,-2.19,-13.39,-21.97,-32.99,22.62,16447885440.0,117484896.0,0.0765,-40.44,1959400,1.13,142.61,2.05,142.47,2.15,152.74,-4.71,170.11,-14.44,3.39,80.36,2369600,1733560,1497430,0.106
4637,TSQ,Communication Services,Advertising Agencies,NYSE,68.99,22.03,80.64,13.23,77.52,28.66,81.02,28.9,98.88,63.31,103.97,67.71,4.43,1.84,-9.78,-15.78,-24.14,-8.01,41.63,82953960.92740917,18231639.0,0.0155,-44.42,171100,2.29,4.49,-1.34,4.58,-3.28,4.87,-9.03,5.42,-18.27,5.7,31.66,97860,74670,80294,-0.001
4638,RAVE,Consumer Cyclical,Restaurants,NASDAQ,68.98,22.01,81.0,13.61,64.57,16.44,87.0,36.28,110.16,77.47,79.39,27.13,2.24,-3.03,-2.18,-24.58,-25.58,-21.4,29.57,32828718.956807613,14211567.0,0.0104,-37.78,43000,0.53,2.29,-2.18,2.3,-2.61,2.57,-12.84,2.88,-22.22,6.41,-0.0,83450,80470,57242,0.088
4639,SWAG,Communication Services,Advertising Agencies,NASDAQ,68.94,22.0,82.66,15.66,73.0,23.9,79.3,27.32,105.47,72.17,95.19,54.99,1.43,7.89,-6.94,-16.08,-29.48,-20.28,30.42,27400197.833282948,18639590.0,0.0002,-59.14,4000,0.23,1.42,0.7,1.43,0.0,1.51,-5.3,1.71,-16.37,5.84,35.9,26460,17680,28126,0.024
4640,ATHR,Technology,Software - Application,NASDAQ,68.93,21.98,82.24,15.07,77.12,28.22,73.94,22.21,81.2,31.11,45.17,7.59,2.9,-19.61,-19.39,-8.16,-17.09,-52.58,13.59,42221304.13355613,12238059.0,0.056799997,-57.73,8100,0.68,3.15,-7.94,3.39,-14.45,3.44,-15.7,3.46,-16.18,15.13,-0.46,11700,11866,12120,-0.04
4641,PTLO,Consumer Cyclical,Restaurants,NASDAQ,68.91,21.96,94.18,45.2,63.21,15.32,75.65,23.47,66.27,18.4,72.25,21.39,3.9,10.48,8.03,-4.88,-18.07,-15.4,34.61,254540559.088408,72518678.0,0.1552,-41.7,2356600,1.54,3.71,5.12,3.62,7.73,3.73,4.56,4.26,-8.45,4.43,127.38,1951720,1527510,1451062,0.056
4642,RDACU,Financial Services,Shell Companies,NASDAQ,68.9,21.95,59.92,3.04,118.02,86.96,102.23,69.41,98.61,62.82,42.6,6.81,5.7,-42.71,-42.71,-42.71,-25.0,-48.65,15.01,,,1.9,-71.26,0,0.0,5.86,-2.73,7.9,-27.85,8.98,-36.53,8.88,-35.81,5.33,0.0,200,66,158,
4643,SUNS,Real Estate,REIT - Mortgage,NASDAQ,68.89,21.93,82.44,15.41,76.99,28.13,76.96,24.7,88.92,40.75,80.12,27.86,5.99,-4.62,-13.44,-14.03,-20.37,-30.65,23.96,83798273.622056,13515851.0,0.027,-42.68,83900,1.02,6.03,-0.66,6.32,-5.22,6.71,-10.73,7.06,-15.16,4.6,14.51,107700,81983,83864,0.012
4644,BKSY,Industrials,Specialty Business Services,NYSE,68.88,21.92,88.83,27.0,86.9,44.15,81.34,29.31,74.86,24.87,195.35,95.88,21.16,0.05,-8.68,1.98,2.67,9.92,66.57,897072627.442318,40924846.0,0.1754,-59.98,1070300,1.12,21.79,-2.89,21.95,-3.6,21.94,-3.56,24.14,-12.34,6.48,53.97,961790,952336,956950,0.501
4645,ECC,Financial Services,Asset Management,NYSE,68.85,21.9,83.64,17.27,79.65,31.06,82.02,30.03,70.86,21.38,65.33,16.63,3.1,-10.66,-11.93,-16.44,-14.93,-35.32,21.18,460217193.15395737,133010748.0,0.01,-54.74,1050099,1.11,3.27,-5.2,3.38,-8.28,3.51,-11.68,3.67,-15.53,3.27,49.3,1122059,949743,885291,-0.218
4646,STKS,Consumer Cyclical,Restaurants,NASDAQ,68.84,21.87,88.31,25.72,73.73,24.81,71.11,19.96,77.55,27.36,56.09,11.39,1.52,-1.3,-6.75,-2.56,-14.12,-19.15,31.16,49434875.6267395,31689024.0,0.054,-47.77,34100,1.54,1.53,-0.65,1.58,-3.8,1.59,-4.4,1.66,-8.43,5.08,25.9,21890,22126,22486,-0.033
4647,LAES,Technology,Semiconductors,NASDAQ,68.84,21.87,90.39,31.12,63.05,15.24,63.19,14.78,66.22,18.35,60.9,13.81,2.25,-4.66,-3.02,-5.46,0.0,-46.43,15.94,533085410.9387398,224930564.0,0.0507,-74.17,3797600,0.8,2.36,-4.66,2.34,-3.85,2.33,-3.43,2.45,-8.16,4.33,51.28,3650840,4776696,6882102,1.311
4648,IMDX,Healthcare,Diagnostics & Research,NASDAQ,68.83,21.85,76.23,9.31,77.83,29.0,79.66,27.73,114.64,80.99,82.99,30.73,3.28,-5.48,-16.96,-17.59,-24.94,-39.37,19.2,112571538.83249855,32724284.0,0.061,-61.46,227300,0.84,3.45,-4.93,3.48,-5.75,3.74,-12.3,4.11,-20.19,12.74,47.87,354960,271843,249352,-0.539
4649,CDZI,Industrials,Pollution & Treatment Controls,NASDAQ,68.82,21.83,87.47,24.14,74.59,25.82,81.17,29.09,70.52,21.04,103.18,66.75,3.52,-4.86,-5.12,-9.97,18.12,-34.21,21.78,324313190.7896519,84677075.0,0.1675,-49.43,1614900,1.57,3.61,-2.49,3.65,-3.56,3.65,-3.56,3.64,-3.3,6.53,17.39,1363430,1026543,936830,-0.763
4650,BYRN,Industrials,Aerospace & Defense,NASDAQ,68.77,21.81,126.77,97.07,36.58,5.56,32.97,4.62,28.12,3.45,30.22,3.85,4.73,35.92,30.66,33.99,9.24,-72.74,7.37,81448544.36641026,23404754.0,0.088999994,-84.55,2733800,6.54,3.92,20.66,3.65,29.59,3.64,29.95,3.86,22.54,6.25,412.56,621330,418056,456656,-0.425
4651,KRRO,Healthcare,Biotechnology,NASDAQ,68.77,21.81,89.23,28.0,67.33,18.53,105.24,73.12,82.91,33.19,100.85,63.26,10.58,8.96,10.55,-18.99,5.06,34.26,83.35,141955232.49564934,14725646.0,0.118,-81.07,167200,0.97,10.09,4.86,9.87,7.19,10.9,-2.94,11.91,-11.17,5.93,63.74,126870,172993,141936,
4652,ABG,Consumer Cyclical,Auto & Truck Dealerships,NYSE,68.74,21.78,84.23,18.24,74.27,25.43,88.75,39.45,85.93,36.61,79.1,26.66,168.96,-5.33,-6.1,-19.08,-31.94,-28.68,25.02,3157383249.6158447,17951917.0,0.1247,-34.7,271400,1.1,170.84,-1.1,174.38,-3.11,184.49,-8.42,201.9,-16.32,3.92,69.71,260350,245756,241726,0.003
4653,MDWD,Healthcare,Biotechnology,NASDAQ,68.73,21.77,89.45,28.76,75.09,26.41,77.46,25.15,70.86,21.38,89.32,41.85,12.42,-8.68,-10.2,-9.41,-13.45,-33.83,22.05,174546964.46985626,12910278.0,0.1604,-37.99,104400,1.06,13.09,-5.12,13.44,-7.59,13.49,-7.93,13.5,-8.0,3.52,-0.0,65840,98576,88006,-0.458
4654,YHGJ,Consumer Cyclical,Packaging & Containers,NASDAQ,68.71,21.74,94.35,46.0,65.88,17.28,60.32,13.3,73.74,23.93,51.41,9.71,2.65,-7.67,1.92,0.0,-10.77,-37.65,20.03,7246642.670918465,2597363.0,0.0068,-74.25,0,0.0,2.72,-2.57,2.66,-0.38,2.69,-1.49,2.91,-8.93,7.65,-0.0,9570,4423,4180,-0.285
4655,HDB,Financial Services,Banks - Regional,NYSE,68.71,21.74,92.7,38.53,70.95,22.03,69.94,19.06,74.06,24.14,70.92,20.36,22.01,-4.1,-3.59,0.78,-8.41,-38.67,19.51,114816259592.80429,5139492337.0,0.0069999998,-41.23,13688500,1.23,22.2,-0.86,22.44,-1.92,22.66,-2.87,23.03,-4.43,2.48,54.97,9918710,11088370,9752260,0.166
4656,SPRC,Healthcare,Biotechnology,NASDAQ,68.67,21.72,81.53,14.14,68.29,19.39,48.37,8.42,63.36,16.67,21.14,2.27,4.43,-2.64,-17.81,-10.51,-51.27,-66.29,9.17,108905702.11904097,23073243.0,0.0189,-89.87,6000,0.23,4.5,-1.56,4.66,-4.94,4.73,-6.34,5.76,-23.09,8.39,24.23,11510,26563,60542,
4657,CIM,Real Estate,REIT - Mortgage,NYSE,68.64,21.69,82.14,14.94,75.28,26.65,81.96,29.98,92.66,53.03,102.13,65.13,9.01,-3.84,-9.45,-15.69,-25.72,-19.39,30.98,775171453.8401146,83711818.0,0.0414,-36.46,1935800,1.44,9.12,-1.21,9.39,-4.05,9.95,-9.45,10.71,-15.87,3.16,70.16,1761400,1348590,1142024,0.081
4658,CNVS,Communication Services,Entertainment,NASDAQ,68.64,21.69,83.95,17.78,66.03,17.48,75.69,23.55,83.66,33.96,75.94,24.02,1.93,-1.03,-5.39,-13.45,-20.58,-9.39,40.12,45403348.37654436,23771387.0,0.0178,-45.63,97600,0.86,1.93,0.0,1.96,-1.53,2.05,-5.85,2.34,-17.52,4.07,38.18,112220,113976,119950,1.752
4659,MTZ,Industrials,Engineering & Construction,NYSE,68.63,21.65,86.62,22.12,66.61,17.98,79.17,27.1,131.11,89.04,179.38,94.9,216.66,1.4,2.22,-6.69,-24.62,-0.7,50.62,17340246833.468994,80304948.0,0.0854,-50.92,1417800,0.96,220.73,-1.84,215.81,0.39,219.19,-1.15,244.64,-11.44,4.71,68.54,1405260,1474113,1583176,0.234
4660,ALMU,Technology,Semiconductors,NASDAQ,68.63,21.65,83.22,16.63,70.93,21.98,68.01,17.88,81.61,31.57,98.77,60.43,11.93,-5.17,-10.7,-9.89,-20.78,-17.72,32.63,253411787.54958248,19314923.0,0.253,-62.47,749900,1.31,12.83,-7.01,12.79,-6.72,12.95,-7.88,14.37,-16.98,6.95,26.54,402050,574553,543808,-0.558
4661,CGC,Healthcare,Drug Manufacturers - Specialty & Generic,NASDAQ,68.63,21.65,86.63,22.17,76.6,27.63,76.91,24.66,70.85,21.34,84.5,32.38,0.85,-3.97,-8.83,-8.92,-4.83,-42.77,17.16,370157965.625,423037675.0,0.066199996,-64.29,4153900,1.85,0.87,-2.3,0.89,-4.49,0.91,-6.59,0.96,-11.46,3.89,120.95,2150200,2244690,2964438,0.125
4662,GEVO,Basic Materials,Specialty Chemicals,NASDAQ,68.6,21.62,89.39,28.53,69.64,20.69,81.45,29.51,73.53,23.72,86.37,34.41,1.35,2.27,-3.57,-14.56,-6.9,-37.5,20.05,323880592.09297943,247237104.0,0.1014,-54.55,4166500,1.53,1.31,3.05,1.32,2.27,1.44,-6.25,1.53,-11.76,4.71,94.38,2647350,2724700,2823828,0.071
4663,TRTX,Real Estate,REIT - Mortgage,NYSE,68.58,21.6,83.0,16.26,72.29,23.26,82.95,31.01,96.37,59.25,95.03,54.76,5.97,-5.84,-6.39,-17.16,-24.52,-26.31,26.35,471361705.0102315,76769009.0,0.0695,-36.29,1383700,1.35,6.03,-1.0,6.17,-3.24,6.57,-9.13,7.16,-16.62,3.58,70.1,1389000,1026790,997246,-0.116
4664,CAVA,Consumer Cyclical,Restaurants,NYSE,68.55,21.58,89.54,28.98,66.16,17.58,68.13,17.96,79.58,29.2,111.87,76.27,54.31,-0.17,1.5,0.57,-16.91,-4.57,45.7,6355425215.356789,116806198.0,0.13350001,-45.02,4315200,1.25,53.51,1.5,53.23,2.03,52.9,2.67,60.54,-10.29,3.82,104.13,3424120,3459790,3479664,0.313
4665,ASR,Industrials,Airports & Air Services,NYSE,68.53,21.56,89.2,27.9,66.63,18.01,75.66,23.49,79.33,28.91,98.53,60.08,230.39,-0.43,-3.32,-8.27,-15.29,-27.21,25.73,7039817404.270721,30032069.0,0.039300002,-39.61,43800,0.66,234.95,-1.94,236.94,-2.76,241.8,-4.72,255.17,-9.71,3.12,58.51,87460,66143,61184,0.099
4666,TMS,Financial Services,Financial Conglomerates,NASDAQ,68.53,21.56,85.11,19.39,81.03,33.1,60.86,13.58,59.66,14.31,90.1,44.72,6.73,-15.13,-26.37,-3.03,22.59,-34.53,21.59,563828145.0521507,73993196.0,1.21,-49.02,86694,0.5,7.24,-7.04,7.49,-10.15,7.61,-11.56,7.27,-7.43,12.57,46.68,90289,172896,136907,0.203
4667,CLB,Energy,Oil & Gas Equipment & Services,NYSE,68.52,21.53,88.76,26.84,71.76,22.64,80.97,28.87,70.94,21.52,105.19,69.6,10.16,4.1,-3.15,-18.91,3.03,-37.3,20.14,455174660.14071274,45884542.0,0.2289,-50.1,517600,0.89,10.2,-0.39,10.06,0.99,10.82,-6.1,11.53,-11.88,4.07,33.85,730480,584726,574928,-0.043
4668,WIT,Technology,Information Technology Services,NYSE,68.45,21.52,95.48,51.63,61.1,14.01,63.61,15.02,63.78,16.98,70.4,19.89,1.67,-5.11,1.83,0.0,-15.23,-44.81,16.57,17016712535.373512,9893437356.0,0.0458,-45.95,9032200,0.91,1.69,-1.18,1.67,0.0,1.68,-0.6,1.81,-7.73,3.29,109.09,10001620,9971926,8082064,0.106
4669,UEC,Energy,Uranium,NYSE ARCA,68.44,21.5,84.36,18.48,70.14,21.26,82.21,30.2,73.22,23.38,134.23,87.2,9.14,-2.35,-3.48,-17.06,1.11,-26.23,26.42,4608937479.025273,495584665.0,0.1457,-55.06,10898600,1.13,9.47,-3.48,9.41,-2.87,9.8,-6.73,10.79,-15.29,6.27,24.44,11325550,9676593,9024192,
4670,IHT,Real Estate,REIT - Hotel & Motel,NYSE ARCA,68.4,21.48,78.82,11.3,86.98,44.34,87.7,37.26,110.35,77.6,67.47,18.17,1.15,-14.81,-18.44,-14.18,-31.55,-12.09,37.2,14816431.668752074,11224569.0,0.0084,-39.47,129300,1.8,1.22,-5.74,1.3,-11.54,1.34,-14.18,1.44,-20.14,10.5,41.42,31240,71696,52784,0.021
4671,TTI,Energy,Oil & Gas Equipment & Services,NYSE,68.4,21.48,87.45,24.05,63.01,15.2,78.57,26.36,131.95,89.3,160.84,92.84,6.12,4.97,1.49,-10.26,-16.28,-32.15,23.1,888436674.0,148072779.0,0.0789,-51.2,3402300,1.62,6.08,0.66,5.99,2.17,6.15,-0.49,7.01,-12.7,3.12,36.7,2377830,2101903,1978998,0.068
4672,MATW,Industrials,Conglomerates,NASDAQ,68.37,21.45,90.29,30.85,67.37,18.56,73.17,21.5,95.73,58.36,103.0,66.48,19.31,3.93,0.47,-3.64,-31.32,-23.52,28.11,602102135.7465134,31213173.0,0.2635,-37.57,954500,0.86,19.39,-0.41,19.26,0.26,19.61,-1.53,21.56,-10.44,3.16,31.18,1049600,1105026,974974,-0.296
4673,CDRE,Industrials,Aerospace & Defense,NYSE,68.36,21.43,86.6,22.06,73.1,24.0,79.47,27.53,72.65,22.96,74.5,22.89,24.83,-0.72,-5.27,-13.69,-18.43,-39.78,19.06,1070518350.0,42820734.0,0.0735,-49.08,679400,1.44,25.06,-0.92,25.34,-2.01,26.3,-5.59,29.49,-15.8,3.7,44.69,503360,473353,443556,0.318
4674,ADCT,Healthcare,Drug Manufacturers - Specialty & Generic,NYSE,68.33,21.42,128.36,97.21,64.01,15.96,54.71,10.53,28.47,3.51,150.56,91.43,1.59,47.22,23.26,43.24,44.55,-57.37,11.94,144264494.741233,127667695.0,0.0498,-68.07,5538300,3.38,1.33,19.55,1.27,25.2,1.2,32.5,1.16,37.07,7.61,223.01,1637860,1639416,1594496,0.022
4675,RKT,Financial Services,Mortgage Finance,NYSE,68.27,21.4,88.86,27.09,65.69,17.2,76.3,24.07,80.08,29.94,88.21,37.5,11.76,-1.75,-1.42,-10.84,-14.16,-38.36,19.61,33130215785.60707,2831642421.0,0.0645,-51.72,42994600,1.24,11.63,1.12,11.72,0.34,12.24,-3.92,13.22,-11.04,4.87,103.03,38686380,34774696,31136362,0.919
4676,REFR,Technology,Electronic Components,NASDAQ,68.24,21.38,111.99,93.47,86.89,44.1,36.09,5.43,40.06,6.27,60.37,13.48,0.62,-10.14,-16.22,58.97,58.97,-57.53,11.88,25453484.44505024,34867786.0,0.012,-77.04,105300,0.03,0.7,-11.43,0.72,-13.89,0.62,0.0,0.52,19.23,18.55,26.09,179530,3445356,2113196,-0.335
4677,LZ,Industrials,Specialty Business Services,NASDAQ,68.22,21.37,97.29,60.67,70.18,21.28,75.54,23.39,87.74,38.8,66.78,17.62,5.93,3.4,4.87,0.25,-29.63,-41.97,17.76,959082930.8669147,171264812.0,0.1001,-52.18,3541900,1.31,5.79,2.42,5.69,4.22,5.84,1.54,6.09,-2.63,3.81,68.67,2821880,2708160,2970788,0.066
4678,WLK,Basic Materials,Specialty Chemicals,NYSE,68.2,21.35,86.7,22.3,74.03,25.13,76.73,24.46,75.3,25.24,119.84,81.43,62.31,-0.26,-6.67,-13.0,-13.15,-12.49,36.91,8115080798.0,127796548.0,0.16309999,-49.84,1166600,1.4,63.07,-1.21,63.8,-2.34,66.74,-6.64,72.14,-13.63,3.81,64.48,1184640,833473,944516,0.108
4679,ALKT,Technology,Software - Application,NASDAQ,68.15,21.33,85.1,19.36,67.43,18.61,95.11,58.04,76.65,26.58,69.86,19.47,14.33,2.07,1.06,-24.82,-21.82,-36.96,20.23,1485424138.915615,106941980.0,0.090100005,-42.19,2137800,1.12,14.13,1.42,13.89,3.17,16.18,-11.43,18.25,-21.48,5.74,34.04,1814310,1916570,1669278,0.159
4680,EBS,Healthcare,Drug Manufacturers - Specialty & Generic,NYSE,68.14,21.29,102.39,83.39,67.5,18.7,61.17,13.71,79.16,28.76,101.25,63.7,6.81,6.91,0.59,16.01,-7.35,-45.17,16.4,324560212.9681549,51273336.0,0.19389999,-51.56,1147300,0.97,6.88,-1.02,6.79,0.29,6.67,2.1,6.11,11.46,5.88,4.99,1082560,1178903,1301766,0.663
4681,DNN,Energy,Uranium,NYSE ARCA,68.14,21.29,76.44,9.41,78.21,29.3,99.25,64.39,91.83,51.09,143.22,89.77,2.36,-7.09,-10.27,-26.93,-12.27,-13.87,35.91,2326512033.247534,905257624.0,3.36,-46.73,57198800,2.17,2.57,-8.17,2.58,-8.53,2.74,-13.87,3.05,-22.62,5.45,15.56,31608880,26316163,26460216,-0.436
4682,DLPN,Communication Services,Advertising Agencies,NASDAQ,68.14,21.29,89.28,28.12,74.42,25.66,79.05,26.93,68.37,19.79,102.45,65.52,1.0,-5.66,-8.26,-9.91,-2.91,-32.89,22.77,13424845.557099104,13033831.0,0.003,-46.81,6900,0.86,1.04,-3.85,1.06,-5.66,1.07,-6.54,1.11,-9.91,5.07,0.0,7090,8023,10828,0.025
4683,GNSS,Technology,Scientific & Technical Instruments,NASDAQ,68.14,21.29,88.71,26.66,68.4,19.51,70.15,19.18,75.92,25.81,83.71,31.58,1.41,-0.7,-5.37,-9.03,-16.07,-37.05,20.18,66035915.221612215,45542009.0,0.0187,-42.91,152700,1.95,1.43,-1.4,1.44,-2.08,1.49,-5.37,1.57,-10.19,5.52,25.69,73530,78490,83934,-0.26
4684,CSGP,Real Estate,Real Estate Services,NASDAQ,68.11,21.25,100.97,80.35,58.3,12.53,59.34,12.81,46.67,8.42,48.19,8.47,29.81,7.54,7.0,1.09,-0.07,-54.3,13.03,11094309619.384651,405197588.0,0.0369,-65.03,9467400,1.37,28.02,6.39,27.73,7.5,28.71,3.83,30.19,-1.26,3.32,225.25,5603210,6890010,6574268,0.184
4685,RKTO,Technology,Software - Infrastructure,NASDAQ,68.1,21.23,84.35,18.44,64.33,16.24,43.97,7.32,83.46,33.77,60.93,13.87,0.65,-6.51,-15.0,0.16,-14.89,-40.73,18.58,17378511.88229066,24897581.0,0.0865,-73.47,261600,0.69,0.69,-5.8,0.71,-8.45,0.73,-10.96,0.74,-12.16,8.07,32.43,285990,376420,453088,
4686,ARQ,Industrials,Pollution & Treatment Controls,NASDAQ,68.07,21.22,97.68,62.58,60.94,13.91,67.29,17.42,55.75,12.1,45.27,7.62,2.11,11.64,4.98,-5.38,8.76,-34.06,21.86,84716859.51873064,43668483.0,0.013099999,-71.37,168200,0.77,2.03,3.94,1.99,6.03,2.04,3.43,2.12,-0.47,5.08,102.67,242370,219640,227468,0.045
4687,OPXS,Industrials,Aerospace & Defense,NASDAQ,68.06,21.19,92.24,36.83,70.33,21.39,73.95,22.23,88.92,40.75,91.84,48.75,10.0,-4.21,-4.31,-4.67,-9.09,-26.58,26.06,72730671.52250957,6959873.0,0.0061000003,-43.69,18000,0.54,10.23,-2.25,10.38,-3.66,10.41,-3.94,10.71,-6.63,2.87,10.45,12050,33393,30462,-0.124
4688,OLED,Technology,Electronic Components,NASDAQ,68.06,21.19,91.68,34.92,64.82,16.6,72.07,20.83,59.74,14.34,69.86,19.47,72.9,-5.8,-0.74,-9.6,-8.47,-36.59,20.4,3694354655.201683,45966835.0,0.1033,-52.47,1080500,1.42,77.99,-6.53,77.34,-5.74,77.56,-6.01,81.91,-11.0,3.75,43.52,671800,762770,776998,-0.114
4689,WSC,Industrials,Rental & Leasing Services,NASDAQ,68.04,21.17,82.84,16.0,70.73,21.8,74.57,22.61,112.39,79.36,75.78,23.87,16.85,-2.15,-5.07,-9.82,-29.89,-9.79,39.74,3134603435.1622696,181190958.0,0.1148,-43.4,3028100,1.08,17.09,-1.4,17.34,-2.83,17.8,-5.34,20.46,-17.64,4.08,58.15,2868240,2804850,2938888,0.039
4690,SAFX,Utilities,Utilities - Renewable,NASDAQ,68.03,21.15,73.11,7.16,81.92,34.56,73.51,21.76,93.89,55.4,119.68,81.34,0.32,-3.03,-22.52,-22.89,-11.6,-15.12,34.73,136632677.19976807,415296896.0,0.024300002,-75.76,1556700,0.41,0.31,3.23,0.33,-3.03,0.39,-17.95,0.39,-17.95,11.61,56.54,3705130,3799743,4014852,-0.895
4691,SFHG,Industrials,Specialty Business Services,NASDAQ,68.02,21.13,87.0,22.84,73.78,24.89,74.67,22.7,70.12,20.7,60.17,13.38,2.11,-2.31,-11.34,-8.66,-13.52,-56.27,12.26,8525999.612808228,4060000.0,0.0044,-57.37,12400,0.83,2.09,0.96,2.18,-3.21,2.23,-5.38,2.31,-8.66,4.16,0.0,6990,14923,230416,-0.06
4692,VS,Technology,Software - Application,NASDAQ,67.96,21.12,86.7,22.3,72.51,23.43,70.75,19.66,103.38,69.66,62.81,14.93,1.07,0.0,-0.93,2.07,-15.75,-17.05,33.05,6740721.146993637,6212646.0,0.0013,-56.68,6700,0.49,1.07,0.0,1.06,0.94,1.08,-0.93,1.2,-10.83,5.89,15.88,11170,13756,11902,-0.247
4693,CIFR,Technology,Information Technology Services,NASDAQ,67.95,21.1,73.75,7.59,90.58,53.9,89.89,41.72,135.0,90.16,256.24,97.47,13.5,-12.68,-25.41,-15.31,-23.69,-16.72,33.49,6520132658.452166,415030722.0,0.2134,-55.21,57201800,1.69,14.95,-9.7,15.7,-14.01,16.52,-18.28,17.11,-21.1,8.23,55.65,32796670,33836483,35311534,-0.43
4694,SYNX,Technology,Communication Equipment,NYSE ARCA,67.92,21.08,87.18,23.4,80.9,32.76,63.51,14.89,74.41,24.4,83.33,31.11,0.86,-12.14,-14.75,7.62,-13.9,12.55,69.14,6700784.33672905,6634440.0,0.0013,-55.9,10000,0.22,0.91,-5.49,0.97,-11.34,0.93,-7.53,0.96,-10.42,9.19,-1.26,18790,44816,39396,1.741
4695,SQNS,Technology,Semiconductors,NYSE,67.92,21.08,92.32,37.07,63.56,15.64,64.18,15.42,58.59,13.67,26.68,3.22,2.76,0.73,-3.16,-6.12,10.4,-44.8,16.59,42002160.88470745,15000772.0,0.0136,-72.91,55700,1.51,2.78,-0.72,2.77,-0.36,2.85,-3.16,2.84,-2.82,5.95,12.17,30710,36840,39926,-0.084
4696,CABA,Healthcare,Biotechnology,NASDAQ,67.9,21.04,73.59,7.54,72.16,23.04,97.32,61.85,101.75,67.37,169.39,94.04,1.95,3.17,-9.51,-28.83,-25.57,-18.41,31.84,339090890.0,169545445.0,0.2167,-53.9,5942300,1.02,2.0,-2.5,1.99,-2.01,2.28,-14.47,2.7,-27.78,7.81,52.53,5263400,5817493,5151576,
4697,CURX,Healthcare,Biotechnology,NASDAQ,67.9,21.04,105.89,88.62,51.49,9.51,42.17,6.81,34.02,4.81,59.82,13.32,4.76,-4.23,6.97,10.44,22.68,-36.53,20.46,7402097.190969944,1568241.0,0.0047,-71.9,14400,0.55,4.84,-1.65,4.89,-2.66,4.65,2.37,4.53,5.08,8.96,58.6,35080,26070,24485,
4698,ARKO,Consumer Cyclical,Specialty Retail,NASDAQ,67.88,21.02,84.16,18.13,66.19,17.61,67.94,17.81,140.65,91.56,136.99,88.09,4.12,0.24,-2.6,-7.83,-46.43,-15.1,34.75,467814465.12909126,112185721.0,0.100600004,-52.94,813100,0.96,4.19,-1.67,4.18,-1.44,4.27,-3.51,4.85,-15.05,3.16,7.67,591590,851283,995320,0.222
4699,LIF,Technology,Software - Application,NASDAQ,67.82,21.0,93.72,43.1,64.66,16.49,70.02,19.11,86.18,36.96,75.12,23.49,41.88,3.92,1.5,0.77,-24.25,-35.13,21.26,3511803779.5708237,81480369.0,0.1187,-62.79,621600,1.07,42.03,-0.36,41.19,1.68,41.3,1.4,45.94,-8.84,3.81,70.28,596810,583036,774338,0.378
4700,MLYS,Healthcare,Biotechnology,NASDAQ,67.8,20.99,80.18,12.73,80.6,32.18,92.61,50.7,91.05,49.23,123.83,83.41,22.38,-5.65,-15.83,-23.62,-15.07,-39.23,19.34,2089054618.3559895,88406885.0,0.1243,-53.03,2245300,1.6,22.67,-1.28,23.82,-6.05,26.11,-14.29,26.51,-15.58,5.96,68.97,1477400,1406833,1154884,
4701,PCG,Utilities,Utilities - Regulated Electric,NYSE,67.78,20.95,86.7,22.3,67.26,18.48,78.77,26.66,99.57,64.38,98.75,60.42,12.67,4.11,3.26,-9.32,-28.16,-18.4,31.89,36989159365.670334,3002366906.0,0.0,-33.87,47028300,0.88,12.53,1.12,12.34,2.67,12.75,-0.63,15.01,-15.59,2.87,33.02,37643880,53168076,42268622,0.001
4702,IRTC,Healthcare,Medical Devices,NASDAQ,67.78,20.95,87.76,24.55,71.83,22.72,77.46,25.15,71.63,22.08,77.29,25.21,102.6,-7.61,-7.4,-9.11,-16.2,-41.09,18.34,3638126731.6455917,32963003.0,0.0936,-51.6,668300,1.29,106.85,-3.98,109.62,-6.4,110.64,-7.27,117.66,-12.8,3.75,49.34,464670,519493,592338,0.201
4703,ELVA,Industrials,Electrical Equipment & Parts,NASDAQ,67.78,20.95,83.17,16.54,68.97,20.1,81.22,29.15,149.46,93.17,173.71,94.37,5.79,-9.95,-9.39,-12.14,-24.51,-14.6,35.19,328234598.06568146,49507480.0,9.73,-54.69,749100,2.1,6.33,-8.53,6.34,-8.68,6.41,-9.67,7.07,-18.1,4.98,6.93,361320,357330,485408,0.034
4704,TIL,Healthcare,Biotechnology,NASDAQ,67.76,20.92,86.64,22.21,67.71,18.89,67.02,17.22,61.54,15.52,68.57,18.71,6.56,-9.33,-7.87,-10.87,-9.14,-41.79,17.96,48965872.5170846,6781977.0,0.0402,-70.15,54500,3.43,6.9,-4.93,7.03,-6.69,7.13,-7.99,7.34,-10.63,3.94,58.09,16660,15890,12616,
4705,YB,Technology,Software - Application,NASDAQ,67.72,20.89,92.55,37.99,69.21,20.38,70.84,19.76,62.58,16.14,75.81,23.92,12.24,-5.26,0.91,-10.26,-8.86,-34.45,21.64,596277781.6039782,46080201.0,0.0005,-49.84,94000,2.38,12.47,-1.84,12.41,-1.37,12.54,-2.39,13.21,-7.34,4.02,140.24,45860,39423,31194,0.301
4706,CLGN,Healthcare,Biotechnology,NASDAQ,67.72,20.89,107.55,90.33,63.21,15.32,55.44,10.82,48.86,9.3,16.86,1.68,3.97,11.2,-3.64,12.15,27.24,-73.88,7.09,6542240.732129097,1890821.0,0.0347,-85.19,57300,0.08,3.54,12.15,3.7,7.3,3.78,5.03,3.46,14.74,10.06,165.3,27150,746746,451175,-0.397
4707,UNCY,Healthcare,Biotechnology,NASDAQ,67.72,20.89,79.16,11.84,74.29,25.47,76.23,23.97,79.52,29.16,114.21,78.23,4.07,-10.55,-15.38,-23.35,-14.14,-26.8,25.95,117549178.6957345,27855257.0,0.15439999,-53.43,1176100,1.36,4.18,-2.63,4.4,-7.5,4.68,-13.03,5.03,-19.09,5.58,17.62,1007740,865350,817398,
4708,KD,Technology,Information Technology Services,NYSE,67.7,20.84,95.87,53.63,67.74,18.92,74.98,22.86,50.55,9.89,44.5,7.41,11.88,-1.98,1.19,-6.31,-15.2,-56.13,12.33,2517979211.6801805,217818263.0,0.1442,-61.67,5354500,1.33,11.6,2.41,11.55,2.86,12.1,-1.82,12.76,-6.9,4.67,118.08,4941990,4029046,4139184,-0.033
4709,CIGI,Real Estate,Real Estate Services,NASDAQ,67.7,20.84,88.62,26.46,73.81,24.92,71.73,20.49,69.01,20.06,74.83,23.17,86.44,-5.5,-6.28,-5.21,-14.59,-40.74,18.57,4588100986.997406,51103821.0,4.55,-49.6,228600,0.84,87.75,-1.49,89.04,-2.92,90.26,-4.23,97.04,-10.92,3.13,43.68,251880,271740,245690,0.167
4710,MOMO,Communication Services,Internet Content & Information,NASDAQ,67.64,20.81,85.83,20.65,74.64,25.88,75.73,23.58,79.75,29.49,87.12,35.5,4.68,-2.9,-6.59,-7.14,-20.27,-26.28,26.38,677960398.3440342,143635684.0,0.0293,-37.47,797500,0.76,4.71,-0.64,4.8,-2.5,4.88,-4.1,5.35,-12.52,2.59,20.65,1172700,1053486,812500,-0.051
4711,JBTM,Industrials,Specialty Industrial Machinery,NYSE,67.64,20.81,88.26,25.58,70.78,21.88,78.28,25.97,88.08,39.31,89.31,41.8,105.36,-1.4,-4.78,-6.26,-25.3,-31.6,23.41,5633822247.042259,51876817.0,0.0911,-38.09,584600,1.08,107.35,-1.85,108.08,-2.52,110.01,-4.23,116.32,-9.42,3.06,65.12,559360,541000,604124,0.049
4712,RXST,Healthcare,Medical Devices,NASDAQ,67.6,20.79,89.77,29.57,61.38,14.16,78.87,26.81,59.89,14.41,70.97,20.49,4.85,2.11,2.54,-18.62,-20.88,-59.68,11.04,194656430.9400444,41593256.0,0.1009,-63.31,938300,1.19,4.75,2.11,4.75,2.11,5.08,-4.53,5.91,-17.94,4.27,82.07,767120,789600,821150,0.003
4713,OPAL,Industrials,Engineering & Construction,NASDAQ,67.59,20.77,85.04,19.29,71.56,22.5,78.82,26.75,84.85,35.3,102.99,66.45,1.68,-4.0,-8.7,-7.69,-18.45,-18.45,31.79,52706275.908877134,30290963.0,0.1301,-41.46,221700,0.69,1.74,-3.45,1.76,-4.55,1.83,-8.2,2.03,-17.24,5.97,9.97,485230,320480,264960,0.037
4714,PDCC,Financial Services,Asset Management,NYSE,67.53,20.75,87.73,24.5,72.56,23.48,76.43,24.19,69.94,20.62,66.4,17.4,7.85,-7.86,-9.46,-11.02,-11.78,-39.83,19.05,58113122.26126099,6935568.0,0.0045,-53.13,4700,2.08,8.28,-5.19,8.47,-7.32,8.67,-9.46,8.7,-9.77,2.97,0.0,2570,2256,3444,
4715,GIL,Consumer Cyclical,Apparel Manufacturing,NYSE,67.48,20.74,88.19,25.29,65.33,16.93,77.6,25.32,81.82,31.8,98.1,59.4,41.9,-0.05,3.13,-14.37,-17.89,-33.02,22.59,7592865768.0,185191848.0,0.074,-43.15,1368800,0.79,41.31,1.43,41.75,0.36,44.17,-5.14,50.35,-16.78,4.43,69.0,2169720,1741280,1582104,0.723
4716,BDTX,Healthcare,Biotechnology,NASDAQ,67.46,20.71,89.09,27.7,78.87,30.04,80.18,28.1,53.44,11.11,112.44,76.73,1.81,-3.72,-4.23,-7.65,9.04,-28.74,24.97,108587581.00811756,57453747.0,0.1288,-63.36,785000,1.33,1.85,-2.16,1.86,-2.69,1.91,-5.24,1.99,-9.05,4.68,47.26,591590,590963,592980,
4717,FBRT,Real Estate,REIT - Mortgage,NYSE,67.46,20.71,81.49,14.06,74.96,26.22,78.9,26.85,77.75,27.5,81.79,29.45,6.26,-3.25,-11.62,-15.99,-14.32,-33.85,22.02,520694756.7360344,83045416.0,0.10560001,-43.4,1498500,0.65,6.2,0.97,6.36,-1.57,6.91,-9.41,7.47,-16.2,4.45,59.25,1772510,2319270,1997398,0.142
4718,ITP,Basic Materials,Paper & Paper Products,NYSE ARCA,67.45,20.69,88.24,25.51,68.4,19.51,67.33,17.44,73.25,23.41,75.23,23.56,0.15,0.0,-6.25,-6.25,-11.76,-37.5,20.05,2375158.8101121783,16965420.0,0.0231,-61.54,1104600,4.02,0.14,7.14,0.15,0.0,0.15,0.0,0.17,-11.76,7.14,93.33,197940,274906,436216,0.021
4719,PRIM,Industrials,Engineering & Construction,NYSE,67.42,20.67,106.88,89.67,56.83,11.82,59.56,12.95,62.09,15.93,143.86,90.02,82.66,8.41,14.53,13.4,10.69,-33.76,22.12,4290480359.143753,54254935.0,0.13859999,-59.78,1323100,1.02,81.89,0.94,77.8,6.25,76.5,8.05,78.02,5.95,4.71,113.23,1444020,1292973,1255004,-0.107
4720,COO,Healthcare,Medical Instruments & Supplies,NASDAQ,67.36,20.65,85.33,19.73,68.04,19.16,70.08,19.16,86.48,37.34,80.39,28.09,54.3,-5.42,-1.95,0.24,-25.68,-34.38,21.66,10821737752.524605,190155294.0,0.060300004,-39.55,5846900,1.23,55.83,-2.74,56.17,-3.33,55.32,-1.84,65.7,-17.35,2.56,42.4,4603650,4740643,3543780,0.006
4721,HAYW,Industrials,Electrical Equipment & Parts,NYSE,67.33,20.63,82.64,15.61,72.86,23.8,78.15,25.83,87.45,38.38,90.99,46.89,11.44,-6.54,-8.63,-11.18,-24.98,-28.46,25.13,2630282735.882801,212119582.0,0.0462,-35.48,4799900,1.4,12.08,-5.3,12.24,-6.54,12.56,-8.92,13.83,-17.28,2.88,16.68,3872600,3428560,2924124,0.063
4722,HGV,Consumer Cyclical,Resorts & Casinos,NYSE,67.33,20.63,84.36,18.48,66.93,18.21,77.72,25.52,96.97,60.14,102.18,65.16,34.56,-0.78,-1.48,-11.84,-32.79,-23.78,27.94,2709463742.1390533,77724145.0,0.1545,-37.62,889800,0.81,34.56,0.0,34.98,-1.2,36.03,-4.08,40.76,-15.21,3.42,41.43,1152650,1097830,1131918,0.062
4723,DPRO,Industrials,Aerospace & Defense,NASDAQ,67.32,20.6,87.46,24.1,89.06,48.51,79.29,27.29,65.36,17.86,92.59,50.26,4.57,-16.83,-17.95,-16.45,20.26,-39.31,19.29,206869459.48728943,39142756.0,0.1075,-68.26,803600,0.45,4.89,-6.54,5.32,-14.1,5.43,-15.84,5.05,-9.5,8.11,5.4,1519200,1777063,1339740,0.26
4724,CSIQ,Technology,Solar,NASDAQ,67.3,20.59,85.89,20.87,63.01,15.2,75.39,23.24,95.68,58.28,88.07,37.11,11.02,-2.22,0.64,-15.43,-19.68,-55.0,12.81,759764592.8193903,67896749.0,0.3419,-68.14,1885400,0.95,11.24,-1.96,11.18,-1.43,11.57,-4.75,13.32,-17.27,5.28,72.15,1732400,1981033,1851288,-0.287
4725,CHWY,Consumer Cyclical,Internet Retail,NYSE,67.28,20.57,92.68,38.45,66.33,17.7,78.37,26.05,58.6,13.71,68.12,18.54,18.91,6.72,3.22,-10.29,-18.84,-41.74,18.03,7303018144.994616,401927249.0,0.1026,-52.37,10655600,1.08,18.33,3.16,18.27,3.5,19.35,-2.27,21.61,-12.49,4.11,120.2,8447820,9840540,8448070,0.073
4726,OWLS,Technology,Software - Infrastructure,NASDAQ,67.23,20.55,96.95,59.17,67.41,18.59,63.72,15.11,54.43,11.51,33.65,4.7,5.39,-0.83,-1.1,0.94,1.13,-10.61,38.75,482300427.4296522,88333411.0,2.22,-94.01,24000,0.95,5.43,-0.74,5.46,-1.28,5.48,-1.64,5.44,-0.92,3.52,47.39,11560,25383,24556,0.008
4727,SPIR,Industrials,Specialty Business Services,NYSE,67.18,20.53,80.17,12.68,87.21,44.91,84.58,32.72,87.57,38.53,153.22,91.85,10.38,-5.38,-15.33,-7.98,-1.52,31.73,82.38,434568147.6309147,39115046.0,0.102,-59.97,642500,0.99,10.8,-3.89,11.11,-6.57,11.45,-9.34,12.47,-16.76,6.67,33.21,622890,646230,614864,-0.059
4728,INSM,Healthcare,Biotechnology,NASDAQ,67.18,20.53,80.98,13.59,84.33,38.87,92.26,49.14,69.34,20.26,108.75,73.58,100.48,-7.47,-17.33,-21.06,-2.56,-42.53,17.4,24266553213.162712,218381503.0,0.0557,-52.77,5251800,2.12,104.48,-3.83,109.63,-8.35,116.5,-13.75,119.66,-16.03,5.14,73.59,3323240,2477190,2717310,2.961
4729,HTT,Financial Services,Credit Services,NYSE,67.16,20.5,87.55,24.24,74.8,26.08,70.23,19.22,76.78,26.76,72.67,21.77,2.24,-5.49,-7.82,-11.81,-5.88,-41.51,18.2,358704885.3546066,155283504.0,0.0038,-55.64,130900,1.6,2.27,-1.32,2.33,-3.86,2.41,-7.05,2.48,-9.68,2.82,110.73,77610,81606,79446,-0.939
4730,FIGR,Financial Services,Capital Markets,NASDAQ,67.15,20.49,79.32,11.99,89.04,48.48,103.45,71.1,70.74,21.23,75.35,23.61,27.6,-3.29,-15.49,-24.53,10.53,-34.61,21.56,6401500842.228058,224377872.0,0.0791,-64.62,4762800,1.03,27.82,-0.79,28.7,-3.83,31.89,-13.45,32.76,-15.75,6.65,44.12,4795200,4630253,4635242,1.208
4731,VRCA,Healthcare,Biotechnology,NASDAQ,67.1,20.47,83.98,17.85,68.62,19.74,73.25,21.58,83.66,33.96,94.35,53.66,4.18,-7.42,-4.13,-15.56,-19.31,-46.55,15.84,75243089.02595615,17178787.0,0.023,-57.44,37200,0.49,4.24,-1.42,4.4,-5.0,4.52,-7.52,4.88,-14.34,7.27,42.76,41880,76000,71812,-0.539
4732,BWXT,Industrials,Aerospace & Defense,NYSE,67.06,20.44,91.67,34.84,65.38,16.96,75.12,22.94,80.32,30.18,128.19,85.15,142.22,3.97,2.55,-6.73,-9.52,-19.04,31.27,12356140278.721619,91621980.0,0.0442,-41.19,1624300,1.33,139.93,1.64,138.43,2.74,142.58,-0.25,154.17,-7.75,3.93,39.75,1511160,1225820,1150384,0.18
4733,PRKS,Consumer Cyclical,Leisure,NYSE,67.06,20.44,83.13,16.49,71.58,22.53,85.07,33.44,102.72,68.69,74.18,22.68,32.09,2.92,-1.78,-15.35,-31.08,-7.41,42.14,1471778848.6287918,45341309.0,0.32840002,-42.38,607600,0.84,33.12,-3.11,32.66,-1.75,33.95,-5.48,39.49,-18.74,4.73,36.22,689860,721393,690486,-0.014
4734,SITE,Industrials,Industrial Distribution,NYSE,67.06,20.44,89.33,28.27,66.19,17.61,71.25,20.13,70.37,20.89,99.58,61.66,87.74,-1.93,-4.82,-7.43,-6.45,-31.76,23.34,3909776621.819458,43655390.0,0.0952,-47.95,1223300,1.2,88.36,-0.7,89.37,-1.82,90.38,-2.92,94.66,-7.31,3.7,100.75,1031600,1021636,923412,0.047
4735,GPGI,Industrials,Metal Fabrication,NYSE,67.05,20.4,94.0,44.27,62.21,14.76,75.74,23.59,77.13,27.01,88.91,40.48,12.4,2.9,3.94,-3.88,-7.02,-36.63,20.39,3739581947.2157097,289890082.0,0.1698,-53.7,1634300,0.92,12.85,-3.5,12.32,0.65,12.38,0.16,13.12,-5.49,5.23,45.61,1766050,1784800,1584942,
4736,GEMI,Financial Services,Capital Markets,NASDAQ,67.03,20.39,90.79,32.15,83.47,37.38,54.0,10.18,47.91,8.92,25.04,2.99,4.47,-11.83,-20.88,1.82,9.96,-60.86,10.7,605475793.231678,129652202.0,0.2078,-83.29,1882800,0.71,4.61,-3.04,4.93,-9.33,5.0,-10.6,4.55,-1.76,8.63,67.37,2018170,2640003,2659046,0.366
4737,XPL,Basic Materials,Other Industrial Metals & Mining,NYSE ARCA,67.01,20.37,81.23,13.88,77.63,28.8,70.99,19.87,87.92,39.14,113.78,77.77,0.56,-1.75,-11.11,-6.67,-21.13,-16.42,33.67,53970143.232763946,94684463.0,0.001,-42.86,15800,0.08,0.57,-1.75,0.58,-3.45,0.6,-6.67,0.68,-17.65,5.61,31.82,95830,198186,157134,
4738,RGTI,Technology,Computer Hardware,NASDAQ,67.0,20.35,86.36,21.67,73.56,24.55,70.7,19.59,65.63,17.96,97.65,58.79,14.14,-9.48,-14.3,-6.73,6.96,-40.49,18.66,5089973391.75,333768747.0,0.1876,-75.68,17157600,1.08,14.86,-4.85,15.4,-8.18,15.57,-9.18,16.17,-12.55,5.83,48.49,14252020,15888330,17225100,1.853
4739,VERA,Healthcare,Biotechnology,NASDAQ,66.99,20.34,82.33,15.25,76.62,27.64,89.95,41.85,107.4,74.67,124.51,83.79,29.73,-4.07,-10.83,-11.52,-8.55,-41.96,17.79,2192166656.197996,72063335.0,0.2691,-46.96,1731300,0.73,29.93,-0.67,31.03,-4.19,32.55,-8.66,32.74,-9.19,5.82,57.23,1872410,2384846,2309306,
4740,CREX,Technology,Software - Application,NASDAQ,66.97,20.31,82.76,15.88,69.8,20.88,83.57,31.64,91.96,51.41,135.15,87.49,2.37,-4.44,-5.95,-18.28,-22.3,-13.82,35.96,33816265.0,13526506.0,0.0032,-46.38,36500,1.21,2.45,-3.27,2.47,-4.05,2.58,-8.14,2.78,-14.75,4.52,56.0,21270,30186,30990,0.65
4741,CRML,Basic Materials,Other Industrial Metals & Mining,NASDAQ,66.97,20.31,85.74,20.45,88.66,47.8,71.46,20.34,78.6,28.24,185.13,95.38,6.83,-5.14,-16.4,1.64,33.14,-9.3,40.22,1032627964.4084868,146888753.0,0.35740003,-78.76,4633200,0.53,7.16,-4.61,7.31,-6.57,7.28,-6.18,7.03,-2.84,9.76,19.5,5544580,8770516,8414548,5.577
4742,HUCK,Technology,Software - Application,NASDAQ,66.95,20.29,85.87,20.79,70.04,21.16,73.51,21.76,54.15,11.36,40.77,6.41,3.09,-4.78,-8.85,-18.25,-14.88,-64.19,9.7,150515717.44285893,47036161.0,0.2007,-80.15,1098800,0.87,3.14,-1.59,3.23,-4.33,3.5,-11.71,3.69,-16.26,5.54,26.27,845700,1257530,1112146,-0.037
4743,PL,Industrials,Aerospace & Defense,NYSE,66.94,20.27,87.11,23.15,74.48,25.7,87.42,36.82,140.94,91.69,412.77,98.63,17.19,6.51,-2.44,3.0,-11.71,-10.38,38.98,6367339807.5,363847989.0,0.0968,-66.79,19133800,1.56,17.67,-2.72,17.15,0.23,16.87,1.9,19.6,-12.3,5.68,51.2,11818560,12227883,9339818,0.581
4744,CMMB,Healthcare,Biotechnology,NASDAQ,66.91,20.25,61.38,3.25,110.5,82.56,112.58,80.77,61.12,15.17,57.55,12.11,1.39,6.92,-36.82,-46.54,-4.79,-26.46,26.15,10478553.415648937,7327660.0,0.0115,-61.17,20600,0.15,1.4,-0.71,1.49,-6.71,2.02,-31.19,2.11,-34.12,16.9,12.77,187630,136846,116036,
4745,WSO,Industrials,Industrial Distribution,NYSE,66.88,20.24,84.97,19.13,76.82,27.89,77.56,25.28,86.31,37.15,93.57,52.25,282.23,-6.28,-11.86,-9.22,-11.81,-16.85,33.31,12271290199.536682,41252194.0,0.0,-38.51,644400,1.29,289.07,-2.37,298.04,-5.3,306.19,-7.83,311.6,-9.43,3.17,35.69,526400,498700,506686,0.021
4746,FBLG,Healthcare,Biotechnology,NASDAQ,66.87,20.22,83.94,17.74,71.22,22.17,78.16,25.85,24.44,2.89,14.65,1.43,1.11,-7.88,-18.38,-35.84,69.47,-78.57,5.87,8626309.30634427,6956701.0,0.099700004,-90.26,71900,0.31,1.16,-4.31,1.24,-10.48,1.35,-17.78,1.31,-15.27,10.88,49.7,149490,228913,240316,
4747,ZTS,Healthcare,Drug Manufacturers - Specialty & Generic,NYSE,66.85,20.21,98.38,66.65,63.41,15.52,65.07,16.0,50.94,10.04,79.83,27.59,73.08,5.76,4.0,0.3,-6.22,-39.28,19.31,28797553832.226685,413223602.0,0.0476,-50.72,6176200,1.35,71.41,2.34,70.88,3.1,71.68,1.95,73.99,-1.23,2.55,103.68,4402720,4583430,5413492,-0.002
4748,ANNA,Energy,Oil & Gas E&P,NASDAQ,66.83,20.18,85.76,20.49,71.49,22.43,88.72,39.36,76.6,26.5,84.65,32.57,2.55,-3.41,-7.61,-26.51,-10.21,-17.48,32.75,109309803.12347412,40940000.0,0.0696,-76.03,252400,1.04,2.66,-4.14,2.65,-3.77,2.9,-12.07,2.83,-9.89,6.29,18.71,128380,241770,221728,1.535
4749,AACG,Consumer Defensive,Education & Training Services,NASDAQ,66.83,20.18,82.39,15.36,72.47,23.39,77.82,25.58,89.32,41.95,86.05,33.97,0.74,-5.13,-10.84,-19.57,-17.78,-14.94,34.81,33270352.445868015,43208251.0,0.0005,-50.67,7300,1.28,0.76,-2.63,0.79,-6.33,0.82,-9.76,0.88,-15.91,9.75,-0.0,3670,5713,276950,-0.117
4750,TROO,Financial Services,Credit Services,NASDAQ,66.76,20.16,79.89,12.48,82.96,36.5,103.56,71.27,110.55,77.82,204.07,96.31,1.58,-11.24,-12.22,-25.12,-4.24,-17.28,32.88,210115489.01503038,122160166.0,0.040700004,-70.08,134000,0.49,1.64,-3.66,1.69,-6.51,1.88,-15.96,1.96,-19.39,9.49,20.0,136160,271693,284990,0.27
4751,RILY,Financial Services,Financial Conglomerates,NASDAQ,66.75,20.14,78.89,11.42,78.96,30.13,94.94,57.66,100.09,65.21,127.84,85.12,5.16,2.18,-10.1,-21.58,-21.34,2.58,56.1,195370814.66724634,40199755.0,0.17469999,-54.09,1081400,1.74,4.97,3.82,5.09,1.38,5.61,-8.02,6.51,-20.74,5.91,81.97,811340,621643,611760,0.104
4752,HIND,Healthcare,Biotechnology,NASDAQ,66.74,20.11,94.53,46.64,67.62,18.84,61.99,14.2,60.76,14.86,39.34,6.04,2.03,5.73,-1.46,-3.33,2.01,-44.84,16.56,13405388.245731354,7018528.0,0.0047999998,-69.05,8000,0.48,1.99,2.01,1.99,2.01,2.0,1.5,2.11,-3.79,5.11,48.21,10250,16673,13704,-0.46
4753,ISPR,Consumer Defensive,Tobacco,NASDAQ,66.74,20.11,101.37,81.52,60.2,13.61,63.7,15.07,76.63,26.53,59.17,12.95,1.46,8.96,13.18,2.1,-2.67,-50.0,14.56,79701169.70460522,57754471.0,0.0311,-62.27,7900,0.32,1.38,5.8,1.35,8.15,1.35,8.15,1.46,0.0,7.94,43.13,22620,24616,23658,0.325
4754,TATT,Industrials,Aerospace & Defense,NASDAQ,66.71,20.09,83.06,16.34,75.25,26.57,80.8,28.75,91.64,50.79,93.23,51.57,32.97,-5.34,-11.82,-12.89,-18.81,-17.74,32.59,457404423.17977524,12998137.0,0.19319999,-48.88,183200,1.53,33.45,-1.43,34.58,-4.66,36.36,-9.32,37.86,-12.92,4.03,42.95,128410,119786,149850,0.228
4755,HROW,Healthcare,Drug Manufacturers - Specialty & Generic,NASDAQ,66.7,20.07,81.78,14.47,69.15,20.25,84.94,33.19,97.31,60.68,102.0,64.97,30.52,-0.29,-7.79,-16.57,-21.1,-34.22,21.76,1142629650.8394241,37487850.0,0.2223,-44.36,566000,1.03,30.51,0.03,31.0,-1.55,32.59,-6.35,36.49,-16.36,3.85,44.2,558160,549993,552000,0.109
4756,CPRI,Consumer Cyclical,Luxury Goods,NYSE,66.68,20.05,98.13,64.88,67.74,18.92,55.28,10.76,71.24,21.78,94.46,53.82,14.68,1.38,-3.36,13.98,-7.26,-41.86,17.91,1657655722.469637,114796106.0,0.1304,-48.07,3722300,0.71,14.54,0.96,14.59,0.62,14.54,0.96,14.47,1.45,5.11,55.95,3399900,5237573,4883608,-0.035
4757,MEC,Industrials,Metal Fabrication,NYSE,66.68,20.05,74.65,8.18,70.5,21.57,82.59,30.6,173.54,95.9,123.86,83.44,15.27,-2.61,-8.94,-19.21,-39.88,-11.89,37.33,419225455.258646,25500331.0,0.095699996,-60.6,581400,1.09,15.99,-4.5,16.1,-5.16,16.9,-9.64,20.09,-23.99,6.94,27.36,596290,533743,588354,0.232
4758,TBBK,Financial Services,Banks - Regional,NASDAQ,66.65,20.02,87.58,24.26,69.91,20.98,75.4,23.27,92.02,51.64,86.69,34.91,49.33,0.8,-1.32,-1.93,-27.02,-28.37,25.16,1990804203.3021584,40786809.0,0.1105,-39.58,567900,0.93,48.61,1.48,48.84,1.0,49.6,-0.54,59.82,-17.54,2.69,110.94,515720,607390,514978,0.004
4759,GDEV,Communication Services,Electronic Gaming & Multimedia,NASDAQ,66.62,20.01,96.5,56.87,64.29,16.19,75.23,23.03,59.37,14.15,91.93,49.0,11.11,0.91,1.93,-6.95,-5.93,-34.8,21.52,194968772.38728714,18119774.0,0.00029999999,-73.67,1900,1.0,11.26,-1.33,11.09,0.18,11.27,-1.42,11.55,-3.81,5.1,0.0,1540,1893,5368,-0.22
4760,SANA,Healthcare,Biotechnology,NASDAQ,66.59,19.99,81.97,14.76,75.49,26.78,91.01,44.03,79.66,29.3,91.87,48.86,2.79,-3.46,-5.74,-9.71,-11.99,-36.01,20.73,865152272.3341806,299360637.0,0.2333,-57.4,4514100,1.19,2.81,-0.71,2.86,-2.45,2.99,-6.69,3.39,-17.7,6.29,74.1,3667050,3780483,3278128,
4761,CRH,Basic Materials,Building Materials,NYSE,66.56,19.97,88.57,26.31,66.85,18.18,74.18,22.43,82.05,32.2,98.28,59.74,81.88,0.22,-2.48,-6.59,-17.55,-33.45,22.38,54513414455.56976,665284511.0,0.020299999,-37.76,8797600,1.63,82.31,-0.52,82.93,-1.27,85.05,-3.73,91.2,-10.22,2.75,67.91,6373640,5413453,5077836,0.056
4762,DUKR,Industrials,Aerospace & Defense,NASDAQ,66.54,19.96,90.83,32.25,70.1,21.23,70.83,19.72,56.34,12.45,133.51,86.93,4.99,-5.94,-6.03,-7.08,-3.48,-26.07,26.5,18226203.5481081,3425978.0,0.0309,-64.86,21800,1.59,5.2,-4.04,5.26,-5.13,5.32,-6.2,5.42,-7.93,5.7,31.63,10430,13730,13266,0.042
4763,ASTE,Industrials,Farm & Heavy Construction Machinery,NASDAQ,66.53,19.93,86.6,22.06,68.95,20.06,78.49,26.25,102.93,68.97,124.36,83.7,38.78,-4.67,-4.46,-7.05,-23.74,-14.35,35.43,965690460.0,22992630.0,0.033,-40.97,212500,0.95,40.57,-4.41,40.68,-4.67,41.01,-5.44,42.88,-9.56,3.46,17.15,230070,223716,257726,0.236
4764,CPNG,Consumer Cyclical,Internet Retail,NYSE,66.53,19.93,98.83,71.14,60.45,13.65,63.55,14.96,62.81,16.29,78.32,26.12,15.41,11.67,11.02,5.04,1.65,-33.58,22.25,24769710773.572594,1797511702.0,0.0616,-52.94,27720400,1.6,14.52,6.13,14.18,8.67,14.38,7.16,15.38,0.2,3.01,163.84,18689360,17272586,17219634,0.039
4765,OCUL,Healthcare,Biotechnology,NASDAQ,66.52,19.91,71.27,6.21,85.06,40.21,93.11,52.96,87.54,38.47,84.7,32.61,7.51,3.02,-23.52,-29.28,-10.17,-40.21,18.93,1528526449.6576805,219615868.0,0.1609,-54.32,3900700,1.22,7.26,3.44,7.64,-1.7,8.99,-16.46,9.67,-22.34,8.34,71.84,5164040,3195543,3081564,0.001
4766,IMUX,Healthcare,Biotechnology,NASDAQ,66.45,19.89,63.29,3.67,82.86,36.32,105.52,73.41,150.09,93.29,116.14,79.46,7.56,-12.5,-18.88,-36.15,-42.07,31.94,82.48,108609957.84049511,13644467.0,0.1392,-56.63,588800,1.42,7.81,-3.2,8.47,-10.74,9.57,-21.0,12.73,-40.61,9.13,44.9,494920,415193,320874,
4767,KC,Technology,Software - Application,NASDAQ,66.43,19.87,84.83,18.99,79.24,30.51,72.99,21.4,60.05,14.54,128.7,85.34,8.74,-4.27,-10.27,-11.72,-11.72,-22.72,28.72,2694326985.0,299369665.0,0.0366,-52.81,1993800,1.64,9.12,-4.17,9.17,-4.69,9.5,-8.0,10.47,-16.52,3.65,43.85,1190760,1214283,1446774,0.308
4768,ASLE,Industrials,Airports & Air Services,NASDAQ,66.42,19.86,85.85,20.72,71.06,22.13,73.42,21.72,76.89,26.82,88.82,40.0,4.92,-1.6,-10.38,-8.38,-20.13,-29.91,24.38,240542883.69936848,47726763.0,0.0746,-42.66,726800,1.45,4.94,-0.4,5.1,-3.53,5.28,-6.82,5.59,-11.99,3.14,67.9,544840,499876,483502,-0.339
4769,IDR,Basic Materials,Gold,NYSE ARCA,66.32,19.84,83.82,17.52,80.12,31.6,80.8,28.75,79.98,29.78,129.11,85.44,26.31,-6.87,-11.71,-13.99,-5.12,-42.65,17.26,437435329.1404724,15826170.0,0.1014,-51.9,301100,1.44,27.15,-3.09,27.99,-6.0,28.8,-8.65,30.66,-14.19,5.23,47.94,200760,208690,223618,0.132
4770,ASPS,Real Estate,Real Estate Services,NASDAQ,66.3,19.82,96.93,59.04,64.87,16.62,72.83,21.3,73.99,24.06,80.68,28.37,5.7,-7.62,6.15,-2.56,11.55,-15.18,34.68,72746710.91306114,11420206.0,0.0502,-60.31,12200,1.14,6.07,-6.1,6.01,-5.16,5.83,-2.23,5.67,0.53,7.99,48.28,16140,10680,13564,0.17
4771,ENVB,Healthcare,Biotechnology,NASDAQ,66.28,19.81,103.38,85.25,63.62,15.7,52.72,9.81,33.94,4.76,24.06,2.79,1.52,4.11,-1.62,4.11,14.29,-70.08,8.09,6624308.405370712,4475884.0,0.0052,-88.53,64900,1.09,1.5,1.33,1.48,2.7,1.5,1.33,1.48,2.7,5.48,72.04,56380,59603,95376,
4772,WB,Communication Services,Internet Content & Information,NASDAQ,66.27,19.79,92.45,37.6,69.28,20.48,68.24,18.05,72.38,22.73,84.7,32.61,6.44,1.42,-1.38,-2.57,-19.6,-32.28,23.0,1555107362.0166702,245672572.0,0.1826,-49.57,812500,0.79,6.44,0.0,6.44,0.0,6.52,-1.23,7.03,-8.39,1.84,50.6,890940,1026920,1077752,0.02
4773,SES,Consumer Cyclical,Auto Parts,NYSE,66.25,19.77,136.6,97.82,40.02,6.47,38.85,6.06,43.79,7.21,76.5,24.41,0.78,-4.17,47.83,48.39,54.24,-59.48,11.11,328589345.4591274,371287400.0,0.1603,-79.09,37293900,1.64,0.8,-2.5,0.7,11.43,0.63,23.81,0.58,34.48,10.59,106.57,30374050,22727420,19444042,0.438
4774,CLBT,Technology,Software - Infrastructure,NASDAQ,66.23,19.76,92.08,36.25,65.96,17.42,69.52,18.83,94.66,56.68,68.83,18.88,11.34,1.8,-0.26,0.13,-24.75,-40.97,18.41,2782345457.4967957,251341060.0,0.0669,-43.24,1056900,0.41,11.24,0.89,11.14,1.8,11.33,0.09,12.19,-6.97,3.26,50.03,2423860,2551030,3419486,0.158
4775,CRTO,Communication Services,Advertising Agencies,NASDAQ,66.22,19.74,84.57,18.72,77.9,29.06,83.09,31.2,98.59,62.77,79.59,27.35,15.29,0.39,-7.67,-11.97,-32.43,-21.59,29.42,721734021.6406975,48997559.0,0.0348,-39.54,227000,0.87,14.84,3.03,15.22,0.46,16.14,-5.27,17.36,-11.92,3.35,103.12,356880,261713,420014,-0.113
4776,WXM,Industrials,Industrial Distribution,NASDAQ,66.19,19.72,86.78,22.43,61.14,14.06,65.15,16.12,34.52,4.92,44.54,7.47,3.4,-13.04,-14.14,-18.47,6.58,-36.8,20.32,30522127.042584658,8117587.0,0.0084,-90.74,3900,0.09,3.57,-4.76,3.67,-7.36,3.84,-11.46,4.18,-18.66,7.56,97.22,6650,45140,921508,-0.734
4777,ALTI,Financial Services,Asset Management,NASDAQ,66.17,19.71,79.08,11.65,73.42,24.37,83.8,31.95,82.64,32.79,85.31,33.11,2.69,-9.73,-12.09,-17.23,-24.65,-44.88,16.52,334852735.02650857,115069665.0,0.0317,-50.6,154600,0.87,2.84,-5.28,2.94,-8.5,3.06,-12.09,3.57,-24.65,4.62,24.14,106030,176983,193768,0.108
4778,NCLH,Consumer Cyclical,Travel Services,NYSE,66.14,19.69,96.98,59.3,57.61,12.22,66.01,16.75,78.51,28.12,88.89,40.35,15.49,5.81,9.16,6.31,-25.35,-32.77,22.86,6952104146.089636,459187846.0,0.2343,-38.36,22895000,1.15,15.21,1.84,14.91,3.89,14.64,5.81,16.37,-5.38,4.12,108.05,24701150,19873133,17977998,0.049
4779,QTRX,Healthcare,Medical Devices,NASDAQ,66.03,19.67,103.53,85.59,60.09,13.51,56.0,11.08,78.87,28.46,50.71,9.5,3.21,-5.87,0.94,28.4,-5.03,-51.29,13.96,172146761.56123996,47293065.0,0.1185,-63.4,606100,0.74,3.49,-8.02,3.5,-8.29,3.19,0.63,3.06,4.9,8.18,56.72,673500,817950,837136,0.344
4780,AIRO,Industrials,Aerospace & Defense,NASDAQ,66.03,19.67,85.81,20.6,71.99,22.85,61.91,14.12,48.74,9.14,40.65,6.38,6.15,-5.96,-14.7,-11.38,-1.52,-23.41,28.27,207953497.8450508,31555917.0,0.1283,-72.63,481800,1.2,6.42,-4.21,6.62,-7.1,6.92,-11.13,7.54,-18.44,4.95,36.12,360120,399903,474672,0.759
4781,OGCP,Real Estate,REIT - Office,NYSE ARCA,66.0,19.63,92.19,36.67,61.42,14.2,65.51,16.41,77.14,27.05,67.52,18.23,4.1,-0.73,2.5,-3.87,-23.73,-36.55,20.44,1092753721.221311,280193255.0,0.84,-49.69,0,0.0,4.06,0.99,4.05,1.23,4.11,-0.24,4.41,-7.03,2.25,0.0,520,370,820,0.032
4782,SARO,Industrials,Aerospace & Defense,NYSE,66.0,19.63,82.9,16.09,71.78,22.68,81.32,29.27,84.98,35.46,80.5,28.16,20.33,-3.97,-8.34,-14.04,-29.24,-29.06,24.77,6965853770.07851,330919431.0,0.116000004,-41.04,3505400,0.91,20.72,-1.88,21.28,-4.46,22.18,-8.34,24.81,-18.06,3.25,72.46,4052440,3838273,3616858,0.046
4783,PUSA,Industrials,Aerospace & Defense,NASDAQ,65.99,19.61,66.89,4.52,101.87,74.39,68.7,18.3,177.9,96.16,226.16,96.97,2.55,-20.31,-32.18,-30.52,-8.44,-36.72,20.35,425336011.55281067,134600000.0,,-69.09,1715500,1.88,2.8,-8.93,3.21,-20.56,3.42,-25.44,3.47,-26.51,14.64,56.24,1732220,912500,882768,
4784,BLRX,Healthcare,Biotechnology,NASDAQ,65.97,19.59,81.84,14.53,74.58,25.8,69.93,19.03,86.29,37.1,66.96,17.76,2.21,-5.96,-12.3,-14.01,-19.64,-27.3,25.68,11798371.350288391,4978216.0,0.0301,-51.54,18400,0.74,2.28,-3.07,2.35,-5.96,2.43,-9.05,2.61,-15.33,5.95,30.43,17160,24976,18184,-0.033
4785,AGMB,Healthcare,Biotechnology,NASDAQ,65.91,19.57,73.08,7.12,69.04,20.14,104.18,72.0,88.01,39.25,68.46,18.68,9.22,6.59,-12.85,-33.86,-25.65,,,421562686.6652727,49247975.0,0.021300001,-48.26,225200,1.21,8.82,4.54,9.51,-3.05,10.8,-14.63,12.62,-26.94,10.08,71.02,214990,186430,157814,
4786,CCIF,Financial Services,Asset Management,NYSE,65.85,19.56,91.46,34.15,64.44,16.35,70.59,19.53,64.33,17.35,61.36,14.1,2.28,-5.0,1.79,-10.13,-11.59,-41.6,18.12,52349175.51885843,21367010.0,0.0007,-60.21,104968,0.81,2.36,-3.39,2.38,-4.2,2.41,-5.39,2.55,-10.59,4.92,44.61,148606,130388,127733,
4787,VGAS,Utilities,Utilities - Renewable,NASDAQ,65.82,19.54,90.13,30.45,59.6,13.29,64.98,15.95,43.86,7.22,62.83,14.94,1.09,0.0,-3.54,-16.15,6.86,-58.24,11.65,48559089.46700406,44549622.0,0.017,-67.59,21600,1.4,1.09,0.0,1.1,-0.91,1.2,-9.17,1.26,-13.49,9.07,20.23,16860,15440,204248,
4788,AHG,Healthcare,Medical Distribution,NASDAQ,65.81,19.51,124.64,96.89,41.61,6.82,43.1,7.14,76.02,25.91,120.22,81.68,1.14,11.76,50.0,56.16,-21.92,-11.63,37.62,985209783.1245807,856704177.0,0.86,-54.4,8200,0.04,1.17,-2.56,0.99,15.15,0.87,31.03,1.02,11.76,9.81,26.82,612030,213206,135092,-0.129
4789,PMT,Real Estate,REIT - Mortgage,NYSE,65.81,19.51,85.25,19.62,70.72,21.77,80.56,28.57,76.51,26.41,89.75,43.51,7.49,1.67,-6.63,-13.96,-18.58,-33.57,22.29,680178440.2325306,87202362.0,0.1412,-45.76,3767500,1.95,7.5,-0.13,7.55,-0.79,8.03,-6.72,8.57,-12.6,3.29,73.06,2562890,1930270,1691612,0.061
4790,NEUP,Healthcare,Biotechnology,NASDAQ,65.81,19.51,89.5,28.87,66.99,18.25,64.19,15.45,53.88,11.29,74.53,22.93,3.35,-4.56,-8.22,-10.19,-11.84,-13.88,35.89,18777329.134819508,5411334.0,0.0046,-84.35,16500,0.89,3.43,-2.33,3.51,-4.56,3.62,-7.46,3.75,-10.67,2.15,13.86,10950,18536,32242,
4791,MAIR,Industrials,Building Products & Equipment,NYSE,65.8,19.47,87.16,23.29,64.24,16.14,65.32,16.3,94.89,57.03,90.48,45.69,24.0,-1.28,-1.52,-3.65,-24.15,,,12563134663.82077,501722612.0,0.0668,-46.07,3211400,1.24,24.55,-2.24,24.67,-2.72,24.49,-2.0,26.75,-10.28,3.74,73.63,2826920,2583523,2818570,0.209
4792,INVE,Industrials,Building Products & Equipment,NASDAQ,65.78,19.46,89.04,27.6,67.31,18.51,65.24,16.22,74.38,24.37,98.08,59.34,2.37,-0.84,0.0,-10.23,-6.69,-33.98,21.95,56954017.23869848,24235753.0,0.0099,-55.28,180500,1.3,2.37,0.0,2.38,-0.42,2.46,-3.66,2.62,-9.54,3.8,44.44,167920,138993,191644,0.127
4793,CRVO,Healthcare,Biotechnology,NASDAQ,65.77,19.44,119.51,96.16,48.14,8.7,57.36,11.69,48.58,9.1,45.56,7.77,3.28,11.95,30.16,32.26,32.26,-56.84,12.11,45659669.63162613,15119096.0,0.1004,-67.2,340000,1.57,3.23,1.55,3.01,8.97,2.74,19.71,2.71,21.03,5.79,78.95,328000,216256,273946,
4794,EYE,Consumer Cyclical,Specialty Retail,NASDAQ,65.75,19.42,93.99,44.21,62.5,14.93,70.75,19.66,70.16,20.72,107.18,71.97,16.74,2.07,2.01,-2.28,-23.74,-41.53,18.17,1296736703.0374508,79069313.0,0.2814,-44.24,2129100,0.96,16.64,0.6,16.5,1.45,16.61,0.78,18.22,-8.12,3.61,39.67,1864730,2224853,2243584,0.025
4795,RLMD,Healthcare,Biotechnology,NASDAQ,65.73,19.41,71.52,6.35,87.11,44.74,98.62,63.64,286.99,98.57,819.83,98.93,3.17,-13.39,-16.8,-22.11,-38.33,-27.13,25.78,384011435.42717075,106669846.0,0.144,-60.38,1886000,1.48,3.36,-5.65,3.56,-10.96,3.88,-18.3,4.38,-27.63,6.15,35.9,1312990,1270946,1230778,
4796,RCKT,Healthcare,Biotechnology,NASDAQ,65.72,19.38,80.2,12.79,68.16,19.24,99.21,64.33,92.22,52.11,89.37,42.02,2.63,1.54,-2.23,-24.43,-16.24,-18.58,31.74,281022962.0386472,109774597.0,0.1658,-51.74,3455900,1.8,2.56,2.73,2.58,1.94,2.96,-11.15,3.31,-20.54,7.37,56.76,2200210,1916523,1743658,
4797,BEEM,Technology,Solar,NASDAQ,65.72,19.38,81.85,14.54,70.94,22.0,83.62,31.78,50.76,9.96,70.26,19.77,1.09,-3.54,-9.92,-21.01,11.34,-33.54,22.31,25575645.842075944,22633315.0,0.0671,-73.02,310100,0.77,1.1,-0.91,1.12,-2.68,1.23,-11.38,1.26,-13.49,4.08,67.42,293550,404543,1182790,0.21
4798,RMCF,Consumer Defensive,Confectioners,NASDAQ,65.7,19.36,107.65,90.44,53.33,10.29,48.49,8.47,43.28,7.02,118.96,80.99,1.05,22.09,20.69,15.38,20.69,-33.12,22.57,8306836.514988542,9439587.0,0.0178,-64.88,46100,0.56,0.95,10.53,0.89,17.98,0.88,19.32,0.99,6.06,7.35,103.7,167500,82350,4303254,-0.041
4799,BW,Industrials,Specialty Industrial Machinery,NYSE,65.67,19.33,73.36,7.31,80.72,32.39,96.77,61.1,293.97,98.6,1433.19,98.98,5.5,-5.01,-10.86,-23.29,-30.73,12.24,68.86,849100847.7871685,148965066.0,0.20459999,-75.03,7752000,1.53,5.68,-3.17,5.78,-4.84,6.47,-14.99,7.67,-28.29,7.34,38.37,5806120,5081776,5258372,1.303
4800,BOOT,Consumer Cyclical,Apparel Retail,NYSE,65.67,19.33,84.63,18.81,65.45,17.05,71.17,20.01,80.96,30.91,94.52,53.97,121.6,0.51,-3.49,-13.56,-19.41,-36.38,20.58,3691116703.5401917,30284844.0,0.1266,-42.16,589200,0.88,122.6,-0.82,122.58,-0.8,126.41,-3.81,144.88,-16.07,3.63,34.43,656550,666933,692062,0.177
4801,UIS,Technology,Information Technology Services,NYSE,65.64,19.31,85.86,20.75,69.16,20.27,69.04,18.54,112.02,79.04,63.78,15.52,2.31,0.0,-2.12,-4.15,-33.24,-17.79,32.55,166248375.3138578,72915955.0,0.088199995,-53.61,776700,1.23,2.3,0.43,2.3,0.43,2.37,-2.53,2.6,-11.15,4.05,74.81,720610,632096,650862,-0.02
4802,LMND,Financial Services,Insurance - Property & Casualty,NYSE,65.63,19.28,89.93,29.97,65.08,16.8,78.38,26.07,103.47,69.83,134.52,87.28,46.91,0.32,3.6,-5.44,-0.99,-43.22,17.04,3598168761.2576485,77396615.0,0.1533,-53.04,1544900,1.48,46.64,0.58,45.85,2.31,46.99,-0.17,49.99,-6.16,3.75,64.72,1045550,1043046,1119250,0.794
4803,GPK,Consumer Cyclical,Packaging & Containers,NYSE,65.63,19.28,85.75,20.47,69.28,20.48,71.13,19.99,70.94,21.52,48.67,8.7,8.58,-4.24,-8.14,-7.56,-23.39,-42.52,17.42,2597891178.8495436,295887387.0,0.09020001,-55.73,8019300,1.18,8.62,-0.46,8.89,-3.49,9.21,-6.84,10.34,-17.02,4.02,107.25,7149450,6813953,5892744,-0.007
4804,ASTS,Technology,Communication Equipment,NASDAQ,65.6,19.26,88.73,26.74,75.63,26.91,78.82,26.75,75.85,25.73,136.84,88.03,56.93,-0.19,-6.76,-4.97,7.35,-24.93,27.26,17522685105.97109,299789305.0,0.2184,-57.47,18857600,1.76,59.52,-4.35,59.57,-4.43,60.06,-5.21,63.0,-9.63,7.13,23.89,12512900,10734766,10975656,26.266
4805,FISK,Real Estate,REIT - Office,NYSE ARCA,65.59,19.24,93.02,40.05,64.89,16.65,66.7,17.01,77.81,27.56,67.47,18.17,4.16,8.33,4.0,-2.46,-22.62,-31.79,23.32,1075942075.15082,280193255.0,1.39,-49.02,0,0.0,4.04,2.97,3.94,5.58,4.09,1.71,4.46,-6.73,1.55,0.0,2280,1573,1052,0.032
4806,AMBO,Consumer Defensive,Education & Training Services,NYSE ARCA,65.57,19.23,85.55,20.16,74.03,25.13,71.17,20.01,70.93,21.48,70.5,19.97,1.84,-1.08,-14.58,-11.45,-15.6,-47.43,15.5,5237249.4974377155,2860322.0,0.0027,-72.74,0,0.0,1.84,0.0,1.91,-3.66,2.01,-8.46,2.03,-9.36,4.11,-0.0,5060,4103,13810,-0.135
4807,GNLN,Consumer Defensive,Tobacco,NASDAQ,65.52,19.21,98.39,66.71,62.45,14.83,40.8,6.52,26.66,3.24,20.82,2.22,2.83,-1.91,-5.35,9.69,68.45,-84.95,4.43,1679680.9941985607,631459.0,0.020499999,-92.55,9900,0.39,3.01,-5.98,2.95,-4.07,2.8,1.07,2.6,8.85,12.71,41.72,36280,25260,45402,-0.896
4808,XRTX,Healthcare,Biotechnology,NASDAQ,65.47,19.19,92.46,37.64,63.61,15.67,73.52,21.78,61.58,15.57,55.62,11.16,1.85,6.94,7.56,-12.32,-10.19,-38.33,19.63,3113592.3857462406,1816565.0,0.043,-73.76,9639300,12.22,1.75,5.71,1.73,6.94,1.82,1.65,2.02,-8.42,5.61,125.17,991090,788916,476828,
4809,XNET,Technology,Software - Infrastructure,NASDAQ,65.45,19.18,92.7,38.53,72.6,23.54,72.51,21.1,81.11,31.02,102.39,65.46,4.81,3.66,-3.99,-1.64,-8.03,-31.38,23.51,300217521.9315052,63740450.0,0.0347,-56.39,196400,0.93,4.78,0.63,4.8,0.21,4.88,-1.43,4.98,-3.41,3.12,56.72,202710,211256,218774,-0.014
4810,KYNB,Healthcare,Biotechnology,NASDAQ,65.42,19.16,78.08,10.69,78.53,29.64,93.25,53.43,79.15,28.71,75.98,24.04,5.96,-8.31,-14.86,-25.27,-12.09,-30.7,23.94,25549972.208307266,4049124.0,0.0254,-50.87,15000,0.58,6.09,-2.13,6.42,-7.17,6.98,-14.61,7.27,-18.02,5.57,18.09,25930,25803,21096,
4811,BTBT,Financial Services,Capital Markets,NASDAQ,65.4,19.14,79.1,11.71,79.58,31.03,71.87,20.61,64.16,17.17,54.37,10.48,1.36,-16.05,-24.02,-12.82,12.4,-39.01,19.41,587832608.1703655,360633503.0,0.1577,-70.11,16785100,0.66,1.5,-9.33,1.58,-13.92,1.61,-15.53,1.54,-11.69,8.34,43.23,17893030,25536183,27429584,0.256
4812,NXRT,Real Estate,REIT - Residential,NYSE,65.39,19.13,86.63,22.17,66.0,17.47,73.78,22.05,84.17,34.58,77.64,25.52,19.66,4.24,-2.58,-10.95,-25.51,-25.93,26.6,477015010.65929604,25549813.0,0.13949999,-39.25,585000,0.69,19.32,1.76,19.37,1.5,20.48,-4.0,22.43,-12.35,4.32,35.34,969470,847346,629642,0.024
4813,CPS,Consumer Cyclical,Auto Parts,NYSE,65.37,19.11,87.14,23.24,63.73,15.81,69.95,19.08,86.32,37.17,124.76,83.9,21.67,-0.91,-2.48,-8.57,-25.63,-37.75,19.99,387901809.284317,17769208.0,0.0379,-54.84,375500,1.49,21.92,-1.14,21.8,-0.6,22.52,-3.77,25.53,-15.12,4.81,53.74,278980,252846,233810,0.022
4814,ATPC,Consumer Defensive,Packaged Foods,NASDAQ,65.36,19.09,87.37,23.92,63.37,15.47,61.43,13.88,73.85,24.01,59.25,13.02,2.11,4.46,-5.8,-10.97,-7.86,-65.41,9.45,2062290.29478693,1000626.0,0.023,-97.13,11200,0.67,2.08,1.44,2.1,0.48,2.2,-4.09,2.34,-9.83,5.16,27.56,8740,16593,153988,-0.934
4815,ATHE,Healthcare,Biotechnology,NASDAQ,65.35,19.08,69.32,5.3,86.32,43.06,94.44,56.54,112.42,79.42,101.37,63.98,3.07,-12.03,-18.57,-25.3,-30.86,-0.65,50.78,62533645.16430044,18125694.0,0.0014,-47.88,34400,1.79,3.29,-6.69,3.44,-10.76,3.63,-15.43,4.17,-26.38,9.96,9.81,26520,19246,17584,-0.79
4816,ALOY,Basic Materials,Other Industrial Metals & Mining,NASDAQ,65.34,19.06,75.8,8.95,78.14,29.24,73.73,21.94,86.64,37.48,141.95,89.47,7.58,-6.54,-11.03,-13.77,1.2,-7.11,42.42,563681711.7756338,69418931.0,4.48,-71.82,2069700,1.11,7.97,-4.89,8.15,-6.99,8.37,-9.44,10.06,-24.65,6.66,18.81,1614290,1866426,2390034,0.827
4817,FOUR,Technology,Software - Infrastructure,NYSE,65.25,19.04,91.89,35.66,61.59,14.31,78.35,26.03,72.27,22.65,58.77,12.76,39.52,11.07,3.56,-8.16,-29.49,-38.32,19.65,2855987395.819702,78960120.0,0.1909,-51.2,2434100,1.13,38.15,3.59,37.5,5.39,39.44,0.2,43.39,-8.92,4.29,79.61,2276090,2150723,2086048,0.341
4818,CELH,Consumer Defensive,Beverages - Non-Alcoholic,NASDAQ,65.21,19.03,90.47,31.32,69.41,20.54,65.03,15.99,61.17,15.21,63.73,15.51,27.4,-0.04,-3.62,2.89,-5.12,-35.98,20.75,6768687507.25,253035047.0,0.1233,-58.95,5503100,0.79,27.18,0.81,27.43,-0.11,27.8,-1.44,29.28,-6.42,3.98,65.14,6101210,6932193,9496082,0.106
4819,EQPT,Industrials,Rental & Leasing Services,NASDAQ,65.19,19.01,87.89,24.77,60.6,13.73,64.98,15.95,60.17,14.59,58.1,12.44,15.66,-10.41,-4.04,-11.12,-12.81,,,4687455315.5,253375963.0,0.107200004,-55.89,10802800,3.09,17.93,-12.66,17.85,-12.27,17.85,-12.27,18.65,-16.03,8.99,103.7,3941020,3491496,3059450,0.263
4820,MYGN,Healthcare,Diagnostics & Research,NASDAQ,65.14,18.98,106.62,89.39,61.96,14.55,56.18,11.14,97.96,61.78,73.01,21.96,4.2,3.45,1.45,25.0,-16.67,-35.88,20.83,434249384.6512556,95649645.0,0.1001,-51.11,2259600,1.11,4.38,-4.11,4.29,-2.1,4.07,3.19,3.58,17.32,6.48,55.12,1829330,2033760,2355468,-0.105
4821,XFOR,Healthcare,Biotechnology,NASDAQ,65.14,18.98,77.56,10.25,67.06,18.3,83.06,31.12,119.64,84.11,132.73,86.65,2.79,-1.41,-7.0,-17.94,-30.25,-22.5,28.84,280585275.1257038,99146743.0,0.0832,-42.24,836500,0.81,2.82,-1.06,2.88,-3.12,3.17,-11.99,3.72,-25.0,6.05,53.32,1019410,1032790,901574,3.463
4822,KRUS,Consumer Cyclical,Restaurants,NASDAQ,65.12,18.94,91.01,32.83,57.69,12.27,68.49,18.23,66.74,18.68,77.01,24.95,39.93,-3.53,2.62,-2.92,-16.46,-27.92,25.3,504582674.2486572,12149836.0,0.2348,-50.61,205100,0.82,40.37,-1.09,40.09,-0.4,38.74,3.07,44.0,-9.25,4.61,56.44,274700,250100,210190,0.162
4823,MMYT,Consumer Cyclical,Travel Services,NASDAQ,65.12,18.94,83.2,16.57,70.65,21.65,84.17,32.36,75.37,25.31,52.95,10.09,43.53,-8.84,-7.13,-11.31,-23.83,-49.61,14.72,4196897397.97451,94058662.0,0.1375,-54.94,1828000,1.89,43.99,-1.05,45.61,-4.56,47.02,-7.42,53.96,-19.33,4.6,65.98,1391220,965850,819816,0.062
4824,MIAX,Financial Services,Capital Markets,NYSE,65.12,18.94,76.1,9.21,78.85,30.0,95.74,59.35,94.08,55.64,107.71,72.44,30.7,-9.04,-13.86,-27.83,-33.84,-31.2,23.63,3275611776.4242325,99230898.0,0.0867,-46.27,2209200,1.2,31.8,-3.46,32.89,-6.66,35.94,-14.58,40.34,-23.9,5.03,76.43,2206550,1841876,1600738,0.183
4825,BMBL,Communication Services,Internet Content & Information,NASDAQ,65.07,18.91,90.01,30.15,66.45,17.85,76.54,24.34,60.91,14.96,85.78,33.58,2.57,0.59,-4.29,-13.93,-13.64,-25.87,26.66,335199512.52580833,131968314.0,0.15560001,-56.99,2661300,1.24,2.53,1.58,2.56,0.39,2.73,-5.86,2.78,-7.55,4.24,81.7,2119510,2147110,2507148,-0.152
4826,VNDA,Healthcare,Biotechnology,NASDAQ,65.05,18.89,83.82,17.52,73.2,24.1,75.52,23.38,84.23,34.67,115.27,78.86,4.53,-5.82,-9.04,-10.12,-10.3,-32.89,22.77,279942247.7294054,60462687.0,0.1475,-54.43,966300,0.99,4.56,-0.66,4.78,-5.23,4.94,-8.3,5.13,-11.7,4.23,94.03,1432670,980463,1009034,-0.039
4827,MFI,Technology,Software - Application,NASDAQ,65.04,18.88,99.73,76.17,66.34,17.75,76.06,23.81,42.33,6.81,95.31,55.29,9.3,-2.41,-3.13,0.22,8.9,-50.48,14.32,475171326.348567,50176485.0,0.00059999997,-78.66,0,0.0,9.32,-0.21,9.43,-1.38,9.4,-1.06,8.95,3.91,2.72,-0.0,3260,12480,16524,-0.204
4828,UPWK,Communication Services,Internet Content & Information,NASDAQ,65.03,18.86,101.02,80.5,61.61,14.34,65.97,16.69,59.43,14.18,62.85,14.96,8.57,2.76,6.2,1.9,-10.07,-58.4,11.56,1005472112.0734262,124903365.0,0.2191,-62.48,2574300,0.95,8.35,2.63,8.26,3.75,8.35,2.63,8.68,-1.27,3.11,105.09,2472620,2700710,3209372,-0.017
4829,NWCL,Industrials,Specialty Industrial Machinery,NASDAQ,65.0,18.84,80.07,12.58,64.99,16.75,91.38,45.08,92.39,52.49,90.2,44.93,7.52,-5.41,-2.34,-29.19,-29.72,-27.48,25.52,2209909548.3748474,276584432.0,,-35.17,76300,0.12,8.07,-6.82,7.83,-3.96,8.56,-12.15,9.77,-23.03,11.53,0.0,253500,635723,468794,
4830,LCTX,Healthcare,Biotechnology,NYSE ARCA,64.96,18.83,96.39,56.36,58.39,12.58,66.73,17.03,73.46,23.64,157.06,92.36,1.03,14.44,8.42,0.98,-2.83,-38.69,19.49,235203943.32893515,252907464.0,0.1933,-50.72,2009800,1.43,0.96,7.29,0.96,7.29,0.99,4.04,1.05,-1.9,6.59,147.37,1665630,1407453,1195858,-0.613
4831,PLG,Basic Materials,Other Precious Metals & Mining,NYSE ARCA,64.94,18.81,89.03,27.57,69.67,20.74,76.55,24.36,53.72,11.23,85.32,33.16,1.27,0.0,-3.79,-13.01,1.6,-52.26,13.65,161135239.90039253,127885112.0,0.0596,-68.56,944400,0.86,1.27,0.0,1.28,-0.78,1.34,-5.22,1.43,-11.19,3.82,41.18,858600,1099773,1109010,
4832,NRG,Utilities,Utilities - Independent Power Producers,NYSE,64.84,18.79,93.97,44.15,57.33,12.08,71.45,20.31,77.03,26.96,107.15,71.87,106.32,9.69,8.66,-4.77,-14.11,-31.27,23.59,20018345001.752632,210210483.0,0.037100002,-44.03,5012800,1.66,102.11,4.12,99.77,6.57,102.82,3.4,111.92,-5.0,4.11,43.21,3577290,3026376,3134434,0.11
4833,TDOC,Healthcare,Health Information Services,NYSE,64.83,18.76,82.45,15.43,74.23,25.39,80.15,28.07,129.76,88.44,70.37,19.85,5.54,-2.29,-9.77,-9.03,-39.65,-23.37,28.31,1002895792.4546523,181684021.0,0.1528,-43.97,4668500,1.33,5.64,-1.77,5.74,-3.48,6.03,-8.13,6.33,-12.48,3.93,55.17,3911830,3522916,4311328,-0.04
4834,WWR,Basic Materials,Other Industrial Metals & Mining,NYSE ARCA,64.83,18.76,82.78,15.91,73.72,24.79,80.43,28.44,45.31,7.85,60.44,13.53,0.45,-13.46,-13.46,-22.41,15.38,-48.28,15.17,65568063.60391021,128564833.0,0.0376,-88.0,2450800,2.93,0.48,-6.25,0.5,-10.0,0.53,-15.09,0.54,-16.67,6.35,105.0,808660,835286,4191018,
4835,BNKK,Consumer Defensive,Beverages - Non-Alcoholic,NASDAQ,64.83,18.76,103.89,86.09,55.06,11.04,50.38,9.0,29.95,3.9,41.05,6.52,1.43,-18.75,0.7,5.15,48.49,-63.71,9.91,13769801.5,7868458.0,0.0274,-91.52,91900,0.21,1.55,-7.74,1.69,-15.38,1.53,-6.54,1.3,10.0,16.0,13.11,1096960,432806,308794,24.883
4836,CATO,Consumer Cyclical,Apparel Retail,NYSE,64.73,18.73,87.94,24.94,65.87,17.27,65.15,16.12,88.4,39.79,80.24,27.99,2.38,-0.42,-2.06,-1.65,-27.66,-22.73,28.69,47788679.498951435,19911949.0,0.0228,-48.37,37800,0.38,2.39,-0.42,2.4,-0.83,2.41,-1.24,2.78,-14.39,2.58,97.67,44490,99946,119870,-0.062
4837,ZVIA,Consumer Defensive,Beverages - Non-Alcoholic,NYSE,64.72,18.71,83.94,17.74,70.33,21.39,68.09,17.93,93.67,55.0,48.8,8.77,1.19,-1.65,-10.53,-4.03,-27.44,-54.58,12.92,87285187.1117897,72136516.0,0.0214,-57.19,401600,1.04,1.2,-0.83,1.22,-2.46,1.28,-7.03,1.36,-12.5,5.15,16.32,341860,387556,412790,0.011
4838,NTRP,Consumer Cyclical,Travel Services,NASDAQ,64.71,18.69,116.41,95.36,64.65,16.47,46.83,8.02,54.92,11.73,81.37,29.1,1.91,-0.52,2.14,30.82,16.11,-54.52,12.95,29417897.669361353,15086101.0,0.010299999,-63.27,197700,2.16,1.91,0.0,1.9,0.53,1.82,4.95,1.62,17.9,8.59,18.28,78880,91383,86544,9.457
4839,SIGA,Healthcare,Drug Manufacturers - Specialty & Generic,NASDAQ,64.7,18.68,99.79,76.48,60.7,13.81,53.9,10.16,57.05,12.92,72.55,21.62,3.28,-2.09,0.92,8.61,-1.8,-40.86,18.48,242852048.30254745,71849716.0,0.0802,-63.35,676100,0.97,3.34,-1.8,3.38,-2.96,3.24,1.23,3.15,4.13,5.03,78.79,703310,697820,676826,-0.495
4840,SLND,Industrials,Engineering & Construction,NYSE ARCA,64.67,18.65,117.8,95.8,41.44,6.79,39.13,6.13,30.94,4.12,28.06,3.4,0.78,16.77,23.81,36.36,33.33,-79.47,5.67,36471623.098486364,54435257.0,0.0347,-85.39,523400,0.06,0.71,9.86,0.68,14.71,0.63,23.81,0.64,21.88,12.09,102.88,26205000,8805813,5420366,-0.474
4841,HOLO,Technology,Software - Application,NASDAQ,64.67,18.65,86.55,22.0,71.9,22.77,61.45,13.9,46.16,8.17,46.01,7.93,1.46,-8.18,-14.12,-8.75,-5.81,-50.84,14.22,35743280.288944244,22912360.0,0.0476,-74.16,144900,0.59,1.5,-2.67,1.56,-6.41,1.61,-9.32,1.66,-12.05,4.45,23.1,162200,247446,291510,0.339
4842,AREC,Industrials,Waste Management,NASDAQ,64.63,18.63,79.17,11.85,71.48,22.41,84.12,32.32,66.36,18.45,97.31,58.25,1.65,-8.33,-12.23,-24.66,-2.01,-26.51,26.11,191478572.7993698,106971272.0,0.1309,-76.79,1835200,1.18,1.7,-2.94,1.76,-6.25,1.89,-12.7,2.23,-26.01,5.54,49.22,1445870,1556476,1934766,
4843,LQDA,Healthcare,Drug Manufacturers - Specialty & Generic,NASDAQ,64.61,18.61,38.36,0.66,160.51,95.98,148.79,94.4,258.34,98.2,166.15,93.64,28.02,0.11,-60.51,-58.7,-67.73,-18.85,31.5,2546900701.082596,88928099.0,0.1716,-70.07,5237600,1.49,27.38,2.34,40.79,-31.31,54.8,-48.87,67.25,-58.33,23.15,25.9,8190960,3522846,2749884,18.427
4844,BCYC,Healthcare,Biotechnology,NASDAQ,64.59,18.59,93.24,40.92,65.65,17.18,67.59,17.63,58.92,13.92,63.52,15.32,3.81,7.02,2.14,-0.52,-1.3,-44.54,16.66,236575911.9900484,69992871.0,0.0853,-58.4,337700,0.72,3.74,1.87,3.7,2.97,3.71,2.7,3.95,-3.54,6.07,82.2,556630,471383,405294,-0.785
4845,PAPL,Financial Services,Mortgage Finance,NYSE ARCA,64.55,18.57,81.1,13.74,79.02,30.21,69.03,18.53,79.84,29.6,27.0,3.27,0.82,-12.46,-18.61,-13.47,-32.62,-66.59,9.09,23578027.5119645,25271197.0,0.0116,-86.83,113900,1.09,0.89,-7.87,0.93,-11.83,0.93,-11.83,1.01,-18.81,10.44,11.69,186340,104563,87816,-0.167
4846,TCOM,Consumer Cyclical,Travel Services,NASDAQ,64.55,18.57,90.48,31.36,68.38,19.47,63.01,14.63,61.02,15.04,78.51,26.26,37.96,-2.06,-5.19,-1.91,-17.48,-47.44,15.48,23985472002.06539,629705222.0,0.019,-51.94,2102100,0.55,38.24,-0.73,38.7,-1.91,39.37,-3.58,42.63,-10.95,2.12,47.25,2915910,3820306,3211852,0.055
4847,ARKR,Consumer Cyclical,Restaurants,NASDAQ,64.51,18.54,89.75,29.51,65.49,17.07,68.73,18.35,71.85,22.31,84.02,32.0,4.55,0.89,-0.22,-8.45,-21.01,-24.42,27.52,16227706.5,3606157.0,0.003,-52.11,1600,0.16,4.52,0.66,4.52,0.66,4.6,-1.09,5.11,-10.96,2.83,93.33,8080,10206,8174,-0.065
4848,AUST,Basic Materials,Gold,NYSE ARCA,64.49,18.53,83.82,17.52,70.75,21.86,71.55,20.4,58.52,13.65,78.96,26.63,0.97,0.0,-11.01,-17.09,5.43,-45.2,16.39,13556071.120586634,13693001.0,0.0106,-75.26,16800,0.44,0.98,-1.02,1.0,-3.0,1.07,-9.35,1.15,-15.65,5.74,8.97,24570,38380,85770,
4849,SFIX,Consumer Cyclical,Apparel Retail,NASDAQ,64.48,18.51,99.36,74.74,43.57,7.44,59.33,12.78,83.03,33.37,80.21,27.98,2.73,5.0,23.53,-4.21,-35.69,-47.7,15.37,348705609.05441546,133603687.0,0.15560001,-52.48,5152000,1.54,2.68,1.87,2.57,6.23,2.72,0.37,3.16,-13.61,6.88,37.26,4526910,3338053,2591138,0.042
4850,LVS,Consumer Cyclical,Resorts & Casinos,NYSE,64.47,18.5,83.93,17.69,66.7,18.07,71.83,20.57,75.52,25.48,109.73,74.55,36.1,-1.61,-6.6,-15.26,-25.17,-45.13,16.43,23466213599.825928,647701184.0,0.1442,-48.76,7051700,1.19,36.21,-0.3,37.17,-2.88,39.06,-7.58,42.93,-15.91,2.51,90.54,5562720,5948136,5389494,-0.007
4851,AMRZ,Basic Materials,Building Materials,NYSE,64.45,18.48,86.46,21.9,61.96,14.55,69.15,18.64,84.08,34.43,98.85,60.61,36.5,-2.01,-1.96,-9.74,-26.03,-31.91,23.2,20378448577.443466,546925644.0,0.0179,-44.65,3152400,0.78,36.93,-1.16,37.32,-2.2,38.09,-4.17,42.67,-14.46,2.75,71.19,3446030,4038393,4060020,0.086
4852,GRAB,Technology,Software - Application,NASDAQ,64.43,18.46,91.98,36.06,66.09,17.54,68.25,18.07,73.67,23.86,79.5,27.25,3.11,-0.32,0.0,3.32,-7.16,-36.92,20.27,12601209847.858429,4091302000.0,0.0619,-52.88,65514100,0.92,3.1,0.32,3.11,0.0,3.04,2.3,3.34,-6.89,3.97,72.83,72877710,71153983,58755068,0.219
4853,WYNN,Consumer Cyclical,Resorts & Casinos,NASDAQ,64.39,18.45,83.6,17.22,66.04,17.5,72.54,21.12,78.32,27.98,95.33,55.37,75.29,-2.6,-6.11,-14.85,-23.77,-40.72,18.6,7813658566.253761,102973891.0,0.1024,-44.11,2244500,1.0,75.99,-0.92,77.65,-3.04,81.12,-7.19,90.89,-17.16,3.56,48.91,2449250,2247530,1965906,0.069
4854,MMLP,Energy,Oil & Gas Midstream,NASDAQ,64.34,18.42,82.93,16.14,80.73,32.43,69.14,18.63,70.41,20.9,89.44,42.28,1.87,-14.22,-16.14,-14.61,-21.6,-16.78,33.41,85291818.09185457,39124686.0,0.0061000003,-42.81,20400,1.17,1.99,-6.03,2.09,-10.53,2.15,-13.02,2.27,-17.62,6.72,39.77,29680,17456,15768,0.182
4855,GGR,Consumer Cyclical,Auto Manufacturers,NASDAQ,64.34,18.42,93.02,40.05,65.89,17.32,54.01,10.2,79.8,29.56,81.19,28.9,2.8,-10.26,-7.59,10.24,-0.71,-22.65,28.75,64235453.75718284,20073579.0,0.0058,-55.34,14000,0.93,3.07,-8.79,3.08,-9.09,2.92,-4.11,2.71,3.32,6.69,10.68,10820,15113,46468,0.073
4856,PSQL,Technology,Computer Hardware,NASDAQ,64.29,18.4,83.07,16.36,64.8,16.59,69.9,19.0,90.86,48.55,91.2,47.5,7.18,14.7,-2.18,-7.83,-29.68,,,1284376871.0418081,212293691.0,0.05,-70.92,2110800,1.91,6.7,7.16,6.6,8.79,7.16,0.28,9.24,-22.29,7.59,22.02,1199820,1107620,826716,
4857,CCLD,Healthcare,Health Information Services,NASDAQ,64.21,18.38,85.96,20.95,66.64,18.04,67.09,17.29,72.62,22.91,117.15,79.94,1.94,-4.9,-5.83,-4.9,-19.83,-39.56,19.1,85837594.36949396,42493859.0,0.0167,-49.61,493800,1.66,2.02,-3.96,2.03,-4.43,2.07,-6.28,2.29,-15.28,3.42,22.58,206050,296636,345594,0.164
4858,TULP,Consumer Defensive,Farm Products,NASDAQ,64.2,18.36,83.59,17.17,67.09,18.31,79.04,26.9,76.2,26.11,84.83,32.75,2.73,1.11,-7.14,-19.71,-18.99,-18.99,31.29,13043605.730358362,4830965.0,0.0011,-50.63,500,0.26,2.71,0.74,2.76,-1.09,3.09,-11.65,3.29,-17.02,6.88,122.43,3310,1916,1634,-0.059
4859,BRLS,Consumer Defensive,Packaged Foods,NASDAQ,64.19,18.35,75.5,8.68,72.93,23.82,76.38,24.17,56.43,12.52,44.79,7.5,0.96,-25.5,-28.28,-32.8,24.81,-47.2,15.56,25970602.288760185,21463307.0,0.0124,-77.46,73800,3.64,1.16,-17.24,1.24,-22.58,1.3,-26.15,1.18,-18.64,13.66,38.13,11690,20266,1025004,0.076
4860,EGG,Industrials,Consulting Services,NYSE ARCA,64.14,18.33,139.48,97.85,39.51,6.39,45.58,7.72,107.63,74.89,108.51,73.37,4.5,-16.04,68.54,63.64,14.8,4.65,60.21,149528720.81336975,27845200.0,0.0121,-65.57,8000,0.03,4.88,-7.79,4.69,-4.05,3.66,22.95,3.36,33.93,16.04,0.0,729520,248583,173566,-0.591
4861,OPTU,Communication Services,Telecom Services,NYSE,64.13,18.3,93.72,43.1,54.27,10.71,57.81,11.9,44.23,7.42,67.38,18.11,0.99,4.78,-5.1,2.28,29.87,-41.94,17.82,349391312.23385334,381431560.0,0.3635,-63.87,1756600,0.89,0.97,2.06,0.98,1.02,1.01,-1.98,0.94,5.32,8.35,83.42,1684330,1974230,2110348,-0.058
4862,DKNG,Consumer Cyclical,Gambling,NASDAQ,64.13,18.3,83.94,17.74,67.22,18.45,67.4,17.49,74.7,24.75,57.51,12.07,19.87,2.69,-6.58,-16.2,-19.06,-41.92,17.85,9229080828.072876,496454048.0,0.078200005,-46.27,16639900,1.19,19.39,2.48,19.81,0.3,21.47,-7.45,23.19,-14.32,5.77,73.23,17733400,14024830,13504480,-0.046
4863,RC,Real Estate,REIT - Mortgage,NYSE,64.04,18.28,83.37,16.95,61.16,14.09,71.94,20.69,63.94,17.1,55.12,10.9,1.32,21.1,-4.26,-19.84,-7.59,-39.33,19.25,186665820.17230797,165190992.0,0.1145,-65.08,2921200,1.97,1.18,11.86,1.2,10.0,1.4,-5.71,1.59,-16.98,7.65,99.02,1970720,1485650,1352174,
4864,PAAI,Communication Services,Internet Content & Information,NYSE ARCA,64.03,18.25,95.68,52.78,95.15,65.2,44.92,7.59,30.98,4.15,41.83,6.69,1.14,-10.24,-35.23,7.55,-1.72,-72.92,7.31,55228355.89082301,47610653.0,0.038,-80.84,869300,0.19,1.08,5.56,1.25,-8.8,1.34,-14.93,1.25,-8.8,20.11,47.98,679880,4522140,2767080,-0.507
4865,SVC,Real Estate,REIT - Hotel & Motel,NASDAQ,64.03,18.25,84.66,18.89,62.5,14.93,65.93,16.67,83.23,33.57,58.78,12.79,6.22,-2.35,-4.01,-9.46,-23.4,-33.73,22.16,826270548.2611847,129509488.0,0.0403,-53.06,1649600,1.11,6.37,-2.35,6.42,-3.12,6.54,-4.89,7.34,-15.26,3.66,35.11,1276460,1492183,1522214,-0.164
4866,MLTX,Healthcare,Biotechnology,NASDAQ,64.0,18.23,73.17,7.21,89.78,50.05,101.81,68.73,164.69,95.25,222.37,96.87,10.58,-7.76,-12.71,-19.73,-42.44,-20.99,29.9,971067262.8637505,85106685.0,0.1449,-54.57,3717300,2.12,11.02,-3.99,11.33,-6.62,12.0,-11.83,14.5,-27.03,6.16,89.04,2050210,1750546,1592446,
4867,FCUV,Technology,Scientific & Technical Instruments,NASDAQ,63.98,18.21,93.71,43.03,47.74,8.63,65.34,16.33,14.66,1.33,12.71,1.25,4.44,-1.22,-6.13,-19.57,148.04,-94.56,2.05,3081536.985845566,702745.0,0.0421,-97.89,28900,0.14,4.38,1.37,4.48,-0.89,4.83,-8.07,7.28,-39.01,9.15,51.68,27440,212516,2546438,18.11
4868,KAZR,Industrials,Engineering & Construction,NASDAQ,63.94,18.2,86.22,21.31,80.79,32.53,74.23,22.45,86.4,37.19,130.07,85.67,2.15,-11.52,-20.96,-8.51,25.73,-12.96,36.64,45752338.84445429,17942094.0,0.1546,-56.12,161800,0.57,2.34,-8.12,2.56,-16.02,2.4,-10.42,2.24,-4.02,12.03,15.47,200850,282420,223132,0.121
4869,NSLR,Financial Services,Asset Management,NASDAQ,63.9,18.18,77.68,10.29,69.92,21.0,81.96,29.98,98.17,62.13,159.5,92.71,7.36,-1.47,-8.34,-24.44,-24.59,-22.28,29.05,196960773.1948099,26473222.0,0.019199999,-50.87,150100,0.36,7.44,-1.08,7.59,-3.03,7.99,-7.88,9.29,-20.78,4.11,36.32,282050,415350,350958,0.791
4870,PLBY,Consumer Cyclical,Apparel Manufacturing,NASDAQ,63.87,18.16,86.3,21.44,62.6,15.0,61.18,13.73,58.06,13.49,105.58,70.03,0.99,-2.28,-6.89,-13.8,-16.36,-46.36,15.99,124599990.9496994,119807688.0,0.045500003,-64.0,920900,1.74,1.02,-2.94,1.02,-2.94,1.06,-6.6,1.14,-13.16,4.11,63.97,521940,528976,664774,0.109
4871,CLPT,Healthcare,Medical Devices,NASDAQ,63.86,18.15,67.61,4.76,87.67,45.83,98.25,63.14,107.99,75.22,73.8,22.43,10.49,-8.38,-28.2,-22.18,-25.81,-26.13,26.45,332496062.66356087,30504227.0,0.1468,-65.15,717900,1.02,10.92,-3.94,12.02,-12.73,13.06,-19.68,14.11,-25.66,10.99,26.89,921390,702093,680082,0.181
4872,AMSF,Financial Services,Insurance - Specialty,NASDAQ,63.83,18.13,94.13,44.94,60.97,13.93,65.59,16.47,80.17,30.03,74.67,23.04,24.74,4.48,3.82,2.02,-16.22,-33.93,21.97,437265611.048378,18536058.0,0.0734,-43.06,538600,0.97,23.9,3.51,23.8,3.95,24.2,2.23,25.66,-3.59,2.34,110.34,536320,555770,502446,0.134
4873,CYD,Consumer Cyclical,Auto Manufacturers,NYSE,63.81,18.11,79.12,11.8,70.86,21.92,80.76,28.71,111.43,78.51,142.44,89.57,29.07,-9.89,-6.83,-19.03,-35.57,-18.26,32.08,1198710448.4742088,37518323.0,0.0226,-52.72,339400,2.2,30.65,-5.15,31.46,-7.6,33.09,-12.15,38.68,-24.84,6.13,51.62,236280,153950,142300,0.062
4874,FIS,Technology,Information Technology Services,NYSE,63.79,18.1,89.79,29.65,65.99,17.45,72.73,21.21,62.85,16.31,64.33,15.89,34.34,3.75,-1.86,-9.82,-25.79,-46.35,16.01,16729499239.265697,515705917.0,0.0422,-50.33,9121400,1.42,33.52,2.45,33.67,1.99,35.1,-2.17,38.8,-11.49,2.77,100.75,7159180,6401093,6468098,0.291
4875,QBTS,Technology,Computer Hardware,NASDAQ,63.78,18.08,80.45,13.02,70.68,21.68,72.03,20.77,70.52,21.04,116.1,79.43,14.6,-11.84,-16.48,-12.36,-9.77,-45.56,16.28,5986712097.339279,379626628.0,0.2034,-68.77,16712500,1.06,15.4,-5.19,16.08,-9.2,16.58,-11.94,17.97,-18.75,6.11,33.61,14753400,15804263,16081804,-0.006
4876,EVLV,Industrials,Security & Protection Services,NASDAQ,63.76,18.06,87.72,24.47,70.37,21.48,72.29,21.01,79.72,29.39,104.9,69.08,4.58,-2.76,-6.53,-7.85,-17.48,-36.48,20.51,822012374.5769739,179871410.0,0.0626,-48.01,3228900,1.51,4.6,-0.43,4.65,-1.51,4.83,-5.18,5.21,-12.09,3.55,12.31,2164700,2138920,2068854,0.344
4877,WINA,Consumer Cyclical,Specialty Retail,NASDAQ,63.75,18.05,90.3,30.9,61.16,14.09,66.28,16.87,85.98,36.67,87.82,36.53,295.14,-1.44,0.79,-4.81,-11.45,-26.93,25.88,1069352798.3799438,3592169.0,0.1453,-42.72,66400,0.74,295.49,-0.12,297.9,-0.93,297.03,-0.64,323.29,-8.71,3.21,44.38,70460,89553,71650,0.076
4878,DRUG,Healthcare,Biotechnology,NASDAQ,63.74,18.03,80.56,13.13,72.13,23.0,98.09,62.92,121.27,85.05,170.72,94.17,52.0,5.67,-2.82,-20.0,-26.82,-38.1,19.8,500009238.54377365,9864061.0,0.1224,-57.98,67900,0.6,50.55,2.87,50.5,2.97,55.71,-6.66,67.35,-22.79,6.41,81.25,172160,113653,133550,
4879,TMQ,Basic Materials,Other Industrial Metals & Mining,NYSE ARCA,63.73,18.01,81.86,14.57,91.3,57.01,89.15,40.29,74.43,24.45,132.14,86.45,2.81,-8.17,-13.54,-15.11,-3.77,-39.57,19.08,560406120.2436426,181361209.0,0.0635,-75.11,1480500,1.17,2.95,-4.75,3.04,-7.57,3.16,-11.08,3.41,-17.6,4.98,35.71,1221160,1268016,1259118,
4880,XRAY,Healthcare,Medical Instruments & Supplies,NASDAQ,63.71,18.0,81.53,14.14,74.63,25.87,85.63,34.32,94.25,55.96,86.78,35.05,8.69,-0.57,-8.81,-17.24,-38.8,-21.36,29.65,1728398120.1294937,199353876.0,0.1376,-41.12,6200100,1.3,8.6,1.05,8.82,-1.47,9.39,-7.45,10.75,-19.16,3.61,86.1,5358560,4753866,4603178,-0.041
4881,JBGS,Real Estate,REIT - Diversified,NYSE,63.69,17.98,93.85,43.57,57.73,12.29,64.33,15.54,78.73,28.32,80.98,28.7,11.02,6.27,5.86,-2.13,-23.02,-33.57,22.29,618559110.3393297,58575671.0,0.2902,-49.86,1573100,1.46,10.82,1.85,10.53,4.65,10.83,1.75,11.55,-4.59,3.36,67.45,1091330,1081113,1038832,0.01
4882,TRDA,Healthcare,Biotechnology,NASDAQ,63.68,17.96,81.66,14.31,69.71,20.8,79.41,27.46,71.68,22.13,156.2,92.24,5.53,-2.64,-11.09,-13.86,-15.57,-49.64,14.7,209479283.67594814,38936669.0,0.1094,-66.38,361500,1.08,5.48,0.91,5.81,-4.82,6.28,-11.94,6.83,-19.03,7.28,69.5,365250,333536,329790,-0.539
4883,BLIN,Technology,Software - Infrastructure,NASDAQ,63.65,17.94,79.19,11.88,71.22,22.17,77.3,25.03,104.77,71.34,68.75,18.84,0.76,-8.43,-10.59,-16.48,-33.91,-20.83,29.99,10205902.020040452,12599879.0,0.0041,-53.09,76600,1.45,0.82,-7.32,0.82,-7.32,0.84,-9.52,0.95,-20.0,9.49,83.17,94140,52840,55108,0.02
4884,ETOR,Financial Services,Capital Markets,NASDAQ,63.65,17.94,82.41,15.37,63.91,15.91,71.98,20.74,89.08,41.15,84.44,32.36,25.26,-2.02,-5.78,-15.86,-29.89,-30.24,24.14,2021578633.8674355,79527090.0,0.066599995,-42.86,794200,0.77,25.61,-1.37,25.74,-1.86,27.21,-7.17,29.87,-15.43,3.62,33.91,1007930,1031000,1231470,-0.246
4885,MBLY,Consumer Cyclical,Auto Parts,NASDAQ,63.63,17.91,84.19,18.15,78.61,29.78,74.67,22.7,80.37,30.28,56.16,11.42,7.06,-3.95,-8.19,-14.01,-11.86,-30.72,23.93,6308392042.024166,850187598.0,0.22649999,-55.34,7042400,1.33,7.34,-3.81,7.48,-5.61,7.72,-8.55,8.23,-14.22,4.82,55.88,6139350,5303950,4901334,0.004
4886,ACM,Industrials,Engineering & Construction,NYSE,63.62,17.9,93.49,41.86,60.64,13.75,66.65,16.98,61.46,15.42,73.41,22.15,59.46,-0.23,1.61,-5.45,-19.18,-37.83,19.96,7678028695.862484,128696425.0,0.0622,-56.12,1411300,0.74,59.46,0.0,59.5,-0.07,61.12,-2.72,64.86,-8.33,3.58,80.72,1672790,1919620,2022128,-0.142
4887,IQ,Communication Services,Entertainment,NASDAQ,63.59,17.87,97.44,61.52,69.17,20.3,61.26,13.8,61.08,15.12,65.36,16.68,1.01,2.75,-2.88,7.79,-17.89,-45.41,16.32,957304521.4745718,965024735.0,0.1588,-59.76,5237500,0.57,1.01,0.0,1.01,0.0,1.01,0.0,1.08,-6.48,4.03,49.12,5306880,9125993,8019968,-0.051
4888,LUCY,Healthcare,Medical Instruments & Supplies,NASDAQ,63.59,17.87,90.32,30.98,78.04,29.14,67.24,17.35,53.14,10.92,56.01,11.31,0.9,-2.61,-3.55,6.41,32.11,-35.0,21.39,7676794.792255402,8606272.0,0.0184,-56.1,138900,0.32,0.9,0.0,0.92,-2.17,0.9,0.0,0.85,5.88,4.22,7.89,134300,432346,4464898,0.745
4889,FKWL,Technology,Communication Equipment,NASDAQ,63.58,17.85,90.45,31.25,63.48,15.58,64.13,15.39,52.12,10.54,77.27,25.1,2.21,-7.53,-6.75,-7.92,-4.33,-47.38,15.53,28164430.43622017,11784280.0,0.0063,-59.67,14000,1.35,2.3,-3.91,2.35,-5.96,2.37,-6.75,2.39,-7.53,2.55,70.89,10910,10336,12254,0.212
4890,ELVR,Basic Materials,Other Industrial Metals & Mining,NASDAQ,63.56,17.82,65.33,4.18,88.51,47.46,118.63,85.41,142.73,92.16,212.12,96.61,34.48,-5.84,-19.5,-35.48,-33.6,-30.08,24.25,715721347.1431732,19302085.0,2.75,-66.46,37200,0.75,36.3,-5.01,38.0,-9.26,42.37,-18.62,52.47,-34.29,4.91,40.14,47210,49440,47646,0.775
4891,RGP,Industrials,Consulting Services,NASDAQ,63.56,17.82,73.56,7.5,79.36,30.66,81.37,29.38,97.59,61.2,73.94,22.56,2.99,-21.93,-20.27,-23.14,-25.36,-40.48,18.71,133985708.75328016,34443626.0,0.0249,-44.32,1702000,4.28,3.61,-17.17,3.7,-19.19,3.85,-22.34,4.05,-26.17,6.88,53.47,493660,397893,360588,-0.238
4892,NKE,Consumer Cyclical,Footwear & Accessories,NYSE,63.55,17.79,89.87,29.84,65.26,16.88,61.91,14.12,67.73,19.26,64.89,16.39,34.74,-1.17,-3.47,-5.13,-18.77,-39.26,19.32,50157642225.951996,1480887033.0,0.08979999,-52.01,43696600,1.05,34.31,1.25,35.01,-0.77,35.65,-2.55,38.1,-8.82,3.35,78.3,59605080,41425523,35345024,-0.043
4893,UONEK,Communication Services,Broadcasting,NASDAQ,63.55,17.79,93.43,41.64,56.32,11.55,65.22,16.19,64.23,17.26,70.68,20.11,3.86,6.04,4.32,-12.47,-22.18,-64.59,9.58,16127278.348428011,4517445.0,1.09,-64.59,22800,3.3,3.62,6.63,3.63,6.34,3.85,0.26,4.38,-11.87,6.61,47.06,10340,6910,11890,-0.064
4894,SPRB,Healthcare,Biotechnology,NASDAQ,63.54,17.76,85.21,19.5,159.65,95.88,169.09,96.53,149.19,93.14,327.61,98.24,45.54,1.72,-7.1,-16.21,9.87,-42.16,17.65,131371131.59876251,2874013.0,0.1462,-81.03,50800,0.53,44.77,1.72,46.07,-1.15,49.71,-8.39,51.52,-11.61,6.92,69.79,65940,96403,80456,
4895,MBC,Consumer Cyclical,"Furnishings, Fixtures & Appliances",NYSE,63.53,17.75,86.39,21.72,61.79,14.48,68.96,18.5,76.33,26.26,65.16,16.54,6.93,-1.14,-2.53,-6.73,-18.28,-38.18,19.75,1428503235.918727,203490490.0,0.096499994,-50.34,2996300,1.0,6.99,-0.86,7.01,-1.14,7.01,-1.14,8.05,-13.91,4.99,69.44,2914560,3000770,2525746,0.115
4896,IMRX,Healthcare,Biotechnology,NASDAQ,63.4,17.73,78.66,11.16,67.9,19.04,79.14,27.06,90.88,48.6,163.35,93.14,3.74,-7.2,-13.82,-18.16,-7.77,-33.81,22.1,263318437.2460451,64697402.0,0.3168,-55.9,1922000,2.61,3.91,-4.35,4.02,-6.97,4.24,-11.79,4.6,-18.7,4.8,77.93,745730,736016,688776,
4897,FG,Financial Services,Insurance - Life,NYSE,63.39,17.71,81.57,14.19,69.57,20.64,77.51,25.24,101.24,66.72,82.34,30.15,19.53,-11.15,-9.67,-16.25,-33.11,-35.34,21.16,2870099791.2695637,130935209.0,0.12109999,-44.72,1479600,2.07,20.81,-6.15,21.33,-8.44,22.08,-11.55,24.03,-18.73,4.46,32.13,774520,714813,674414,0.042
4898,PRCT,Healthcare,Medical Devices,NASDAQ,63.39,17.71,90.92,32.57,57.99,12.4,60.51,13.41,53.78,11.27,58.47,12.59,17.9,5.17,2.29,-10.81,0.11,-44.17,16.8,976727354.3548737,56918844.0,0.1337,-53.03,1180400,0.91,17.66,1.36,17.62,1.59,18.46,-3.03,19.85,-9.82,5.37,39.52,1457860,1302240,1417288,0.193
4899,PTLE,Consumer Cyclical,Specialty Retail,NASDAQ,63.37,17.68,94.84,48.07,82.3,35.15,86.07,34.95,91.07,49.29,39.34,6.04,7.17,-1.1,1.27,2.43,-28.87,-13.82,35.96,47359659.64039421,6281122.0,0.0011999999,-80.08,12900,0.32,7.17,0.0,7.17,0.0,7.16,0.14,7.84,-8.55,6.68,56.35,33850,39700,28124,-0.413
4900,ZG,Communication Services,Internet Content & Information,NASDAQ,63.36,17.66,93.48,41.8,59.69,13.36,64.35,15.56,53.37,11.02,61.13,13.96,29.9,5.24,3.42,-6.21,-12.88,-56.01,12.45,6318986293.182987,224874954.0,0.2022,-60.82,1361400,1.44,28.49,4.95,28.4,5.28,30.0,-0.33,33.13,-9.75,4.09,173.36,1034690,947670,1114254,0.179
4901,SUPX,Technology,Software - Infrastructure,NASDAQ,63.33,17.65,89.42,28.64,55.89,11.3,56.8,11.44,51.34,10.28,53.92,10.38,6.87,1.18,-1.72,-15.91,18.24,-50.58,14.31,287539826.27359915,43239071.0,0.018099999,-91.02,604200,0.79,6.74,1.93,6.82,0.73,7.34,-6.4,7.57,-9.25,9.64,61.88,508060,765643,584120,2.838
4902,ABTS,Financial Services,Capital Markets,NASDAQ,63.3,17.63,94.76,47.77,56.66,11.71,58.8,12.44,49.57,9.56,34.16,4.83,1.23,1.82,-2.22,-13.42,18.46,-76.8,6.21,3799474.1218179464,3214445.0,0.020399999,-88.5,25800,0.32,1.21,1.65,1.21,1.65,1.28,-3.91,1.31,-6.11,5.85,69.44,13170,80700,177378,0.688
4903,XENE,Healthcare,Biotechnology,NASDAQ,63.26,17.62,71.02,6.09,68.8,19.93,112.86,81.02,138.91,91.09,142.7,89.65,36.16,-7.12,-4.99,-38.5,-42.69,-18.0,32.32,3681873268.9700317,96840432.0,0.066599995,-50.23,2269400,1.05,36.95,-2.14,37.18,-2.74,43.34,-16.57,54.18,-33.26,4.7,64.7,2448610,2164786,1569284,
4904,DTCX,Financial Services,Financial Data & Stock Exchanges,NASDAQ,63.25,17.6,82.31,15.22,67.8,18.98,60.24,13.25,63.88,17.03,67.22,17.96,1.77,-4.84,-11.06,-11.94,-1.67,-47.16,15.59,73462837.30277753,40143626.0,0.0198,-68.71,233300,1.15,1.82,-2.75,1.82,-2.75,1.94,-8.76,2.04,-13.24,6.36,52.44,126840,202063,209724,-0.008
4905,PRT,Energy,Oil & Gas E&P,NYSE,63.24,17.58,85.39,19.84,64.67,16.5,70.44,19.44,62.63,16.15,77.76,25.62,1.79,-6.77,-10.02,-15.49,-16.09,-50.34,14.39,22871576.10198927,12165732.0,0.0076,-55.36,27800,0.98,1.84,-2.72,1.89,-5.29,1.96,-8.67,2.08,-13.94,3.15,71.03,32880,28273,27428,-0.546
4906,PACK,Consumer Cyclical,Packaging & Containers,NYSE,63.23,17.57,81.74,14.4,68.8,19.93,71.25,20.13,145.31,92.59,79.97,27.74,3.9,-4.18,-7.58,-2.01,-33.22,-28.31,25.18,350751415.0956764,85758289.0,0.060599998,-50.06,635200,1.26,3.97,-1.76,4.12,-5.34,4.06,-3.94,4.64,-15.95,4.58,72.71,552070,503023,520030,0.14
4907,MYND,Consumer Defensive,Education & Training Services,NYSE ARCA,63.22,17.55,76.78,9.7,69.51,20.6,69.63,18.88,74.93,24.95,48.73,8.74,0.29,-21.33,-16.43,-20.27,-26.25,-43.7,16.92,16432087.61295247,45644686.0,0.0047999998,-69.44,5700,0.01,0.32,-9.38,0.33,-12.12,0.34,-14.71,0.38,-23.68,18.28,-9.43,1259000,428000,277308,-0.178
4908,BTQ,Technology,Software - Infrastructure,NASDAQ,63.21,17.53,89.32,28.22,58.53,12.66,54.73,10.54,63.09,16.49,51.3,9.64,2.79,-6.38,0.0,2.57,-11.71,-56.27,12.26,466245757.3113651,147080677.0,5.05,-82.56,3012700,1.29,3.09,-9.71,2.98,-6.38,2.85,-2.11,3.28,-14.94,7.14,12.54,1790280,2335213,2045180,
4909,YELP,Communication Services,Internet Content & Information,NYSE,63.19,17.52,91.84,35.48,61.77,14.44,73.91,22.2,79.52,29.16,79.42,27.18,19.37,6.96,5.44,-7.54,-30.62,-38.12,19.78,990853731.8799572,54263621.0,0.316,-43.84,1970200,1.41,18.53,4.53,18.32,5.73,19.21,0.83,21.85,-11.35,4.44,108.14,1450270,1401026,1275926,0.014
4910,MAMO,Consumer Cyclical,Recreational Vehicles,NASDAQ,63.18,17.5,99.07,73.28,62.67,15.04,64.96,15.92,52.5,10.73,35.33,5.05,0.96,-2.23,2.66,-2.23,-4.46,-81.72,5.08,40350079.795473814,41640950.0,0.0069,-82.83,4600,0.13,0.95,1.05,0.97,-1.03,0.96,0.0,1.0,-4.0,7.02,29.66,20300,35480,39706,-0.211
4911,CDNL,Industrials,Engineering & Construction,NASDAQ,63.16,17.48,69.33,5.33,65.92,17.37,92.41,49.97,203.96,97.22,185.86,95.41,25.06,-15.74,-9.01,-26.53,-57.37,4.16,59.36,658710016.5676498,21435406.0,0.1377,-74.0,568800,0.96,27.86,-10.05,28.27,-11.35,30.13,-16.83,39.09,-35.89,8.84,45.14,631850,593600,678870,1.139
4912,VNTG,Industrials,Marine Shipping,NYSE ARCA,63.14,17.46,94.02,44.36,70.91,21.96,56.54,11.27,61.36,15.34,49.82,9.2,0.64,1.9,-14.4,7.0,-2.87,-29.76,24.48,19561648.17088604,30660890.0,0.0005,-91.64,117300,0.42,0.64,0.0,0.66,-3.03,0.65,-1.54,0.64,0.0,12.98,-2.41,332950,276180,174826,0.13
4913,MBI,Financial Services,Insurance - Specialty,NYSE,63.14,17.46,92.63,38.28,59.57,13.27,63.73,15.12,94.1,55.67,99.14,60.98,4.58,6.76,3.39,-0.65,-15.03,-36.65,20.37,224472358.46530724,51016444.0,0.062800005,-41.8,274100,0.64,4.47,2.46,4.39,4.33,4.46,2.69,4.75,-3.58,2.82,123.76,343920,427646,477130,-0.25
4914,DEFT,Financial Services,Capital Markets,NASDAQ,63.13,17.43,86.11,21.13,69.67,20.74,66.65,16.98,34.56,4.95,44.17,7.34,0.48,-5.7,-9.77,-13.67,23.08,-55.56,12.59,205689398.14656377,388093225.0,0.044099998,-79.22,1759000,0.67,0.51,-5.88,0.5,-4.0,0.52,-7.69,0.53,-9.43,8.08,12.89,2489770,2622150,2618814,-0.407
4915,GOOS,Consumer Cyclical,Apparel Manufacturing,NYSE,63.1,17.42,95.64,52.55,61.42,14.2,60.25,13.27,68.08,19.44,91.24,47.57,7.81,0.64,2.76,2.36,-15.57,-39.32,19.27,748080250.0381737,97660609.0,0.1293,-46.54,1072300,1.33,7.66,1.96,7.68,1.69,7.63,2.36,8.11,-3.7,2.76,157.93,732720,806220,848826,0.103
4916,MGPI,Consumer Defensive,Beverages - Wineries & Distilleries,NASDAQ,63.09,17.4,92.13,36.43,57.96,12.39,71.2,20.07,67.17,18.91,70.28,19.79,13.77,6.91,8.08,-8.87,-26.58,-41.45,18.22,273338120.414752,21371237.0,0.0689,-48.56,409700,1.42,13.08,5.28,13.05,5.52,13.57,1.47,15.71,-12.35,4.17,134.08,287470,288843,244880,-0.145
4917,SMID,Basic Materials,Building Materials,NASDAQ,63.07,17.37,85.62,20.27,66.14,17.57,67.27,17.37,75.36,25.29,85.32,33.16,22.2,-2.46,-7.58,-8.38,-24.1,-37.04,20.2,117709209.97296524,5304606.0,0.0622,-47.33,5400,0.39,22.25,-0.22,22.87,-2.93,23.63,-6.05,25.63,-13.38,3.63,-0.0,12980,13736,14594,-0.108
4918,WDH,Financial Services,Insurance - Diversified,NYSE,63.07,17.37,96.62,57.57,63.49,15.61,58.9,12.53,62.37,16.03,94.37,53.71,1.02,0.0,0.0,-0.97,-11.3,-46.75,15.74,370081001.31028867,359301953.0,0.0014,-49.75,286000,0.35,1.02,0.0,1.03,-0.97,1.03,-0.97,1.02,0.0,3.11,31.53,283610,810550,574116,0.728
4919,IXHL,Healthcare,Drug Manufacturers - Specialty & Generic,NASDAQ,63.05,17.35,92.24,36.83,61.6,14.33,58.59,12.34,46.93,8.53,24.58,2.89,3.2,-1.54,-5.88,-1.54,9.97,-75.65,6.52,40268253.14853954,12544627.0,0.057800002,-78.58,47600,0.58,3.19,0.31,3.22,-0.62,3.35,-4.48,3.32,-3.61,4.73,46.29,61220,82116,86938,
4920,SRAD,Technology,Software - Application,NASDAQ,63.04,17.33,91.33,33.67,62.47,14.88,56.55,11.29,64.23,17.26,67.1,17.91,12.44,4.89,-4.97,-2.05,-16.79,-45.58,16.24,3480391612.8579597,295951662.0,0.1244,-55.33,1579800,0.74,12.1,2.81,12.12,2.64,12.55,-0.88,12.84,-3.12,5.18,77.52,1802580,2134463,2515140,0.189
4921,USAR,Basic Materials,Other Industrial Metals & Mining,NASDAQ,63.02,17.31,73.56,7.5,79.91,31.4,78.34,26.01,79.67,29.32,99.03,60.86,12.63,-8.48,-17.88,-21.26,-3.37,-8.74,40.83,5101587312.340385,375392734.0,0.1043,-71.28,19863300,1.52,13.37,-5.53,13.84,-8.74,14.87,-15.06,16.66,-24.19,6.15,27.03,12913950,13043426,13109520,
4922,TME,Communication Services,Internet Content & Information,NYSE,63.02,17.31,92.96,39.7,66.74,18.1,55.64,10.91,55.6,12.02,53.62,10.28,7.96,2.45,-4.56,0.76,-18.02,-54.06,13.12,12614381446.796373,1629765093.0,0.0515,-66.63,4493400,0.65,7.9,0.76,7.99,-0.38,8.01,-0.62,8.49,-6.24,2.78,45.18,5833930,6942746,9003474,0.058
4923,SRFM,Industrials,Airlines,NYSE,62.99,17.28,115.82,95.18,61.78,14.46,31.67,4.28,31.69,4.37,36.74,5.33,0.93,-17.7,0.87,60.9,32.29,-49.18,14.89,129128965.94008327,132848730.0,0.1301,-84.93,4615600,0.65,0.94,-1.06,1.05,-11.43,0.84,10.71,0.78,19.23,15.85,3.39,8772730,7076360,5086192,0.076
4924,IVA,Healthcare,Biotechnology,NASDAQ,62.97,17.27,83.6,17.22,67.51,18.73,83.14,31.25,82.62,32.77,111.48,75.96,3.32,-4.05,1.84,-19.81,-26.39,-21.14,29.77,840945504.0433459,236220651.0,0.0218,-58.41,2173200,1.01,3.44,-3.49,3.45,-3.77,3.61,-8.03,4.23,-21.51,8.64,55.79,3380030,2145946,1545730,-0.767
4925,TMDE,Energy,Oil & Gas Midstream,NYSE ARCA,62.95,17.25,85.8,20.59,81.04,33.13,65.46,16.37,77.88,27.58,98.8,60.5,0.65,-0.92,-9.01,-16.54,-18.64,1.89,54.41,15387944.932579994,23565000.0,0.0072000003,-86.37,58400,0.46,0.65,0.0,0.66,-1.52,0.69,-5.8,0.72,-9.72,4.0,65.38,61010,126293,115382,-0.107
4926,PLBL,Consumer Cyclical,Department Stores,NASDAQ,62.93,17.23,91.17,33.21,59.28,13.12,63.31,14.79,82.93,33.24,65.09,16.47,5.64,2.73,-1.23,-0.35,1.08,-52.0,13.81,2070089240.441432,366387470.0,0.0414,-52.0,145600,0.65,5.69,-0.88,5.62,0.36,5.67,-0.53,5.81,-2.93,8.16,27.17,186650,223016,223294,-0.346
4927,LEU,Energy,Uranium,NYSE,62.92,17.22,84.71,18.91,65.09,16.83,77.23,25.0,57.28,13.01,100.26,62.51,142.09,2.14,-3.55,-14.34,-11.02,-45.72,16.15,2848504438.545105,20453108.0,0.2766,-69.39,904600,1.21,144.76,-1.84,142.8,-0.5,146.67,-3.12,167.35,-15.09,5.64,41.32,696590,750190,686204,0.14
4928,MB,Consumer Cyclical,Restaurants,NASDAQ,62.91,17.2,88.68,26.58,58.57,12.74,59.79,13.06,48.67,9.11,82.05,29.85,3.8,-5.94,-5.24,-13.24,-7.99,-38.03,19.85,67076051.47242546,17155000.0,0.0121,-80.76,3700,0.24,3.89,-2.31,3.94,-3.55,4.04,-5.94,4.52,-15.93,3.89,0.0,8250,15430,676546,-0.12
4929,GRCE,Healthcare,Biotechnology,NASDAQ,62.87,17.18,91.09,33.06,64.29,16.19,70.33,19.31,59.95,14.49,134.17,87.16,2.04,0.0,-5.56,-9.73,-1.92,-40.0,19.0,43544373.69570017,21035930.0,0.09689999,-60.62,52600,0.38,2.07,-1.45,2.09,-2.39,2.13,-4.23,2.13,-4.23,3.89,50.45,106980,137076,148154,
4930,TE,Industrials,Electrical Equipment & Parts,NYSE,62.85,17.17,74.3,7.95,67.87,19.02,87.37,36.72,180.11,96.23,184.2,95.31,3.44,-7.77,-9.71,-24.89,-7.53,-46.5,15.9,1154348000.466776,294476525.0,0.29639998,-72.46,24043900,1.21,3.72,-7.53,3.73,-7.77,4.02,-14.43,4.48,-23.21,7.45,46.85,19409150,19798816,25349314,0.884
4931,EMPD,Consumer Cyclical,Recreational Vehicles,NASDAQ,62.84,17.15,99.2,74.01,60.69,13.8,61.55,13.94,52.42,10.64,70.67,20.09,3.15,2.94,7.51,4.3,4.65,-28.41,25.15,88141150.65266895,28160111.0,0.2048,-61.16,84300,0.32,3.14,0.32,3.08,2.27,3.06,2.94,3.0,5.0,5.02,50.61,129370,264996,330758,-0.579
4932,TU,Communication Services,Telecom Services,NYSE,62.79,17.13,86.16,21.22,63.03,15.22,65.6,16.49,70.33,20.85,77.5,25.44,8.04,-1.83,-5.63,-11.55,-26.71,-32.17,23.08,12662999939.918518,1575000000.0,10.76,-48.56,5778000,0.88,7.96,1.01,8.14,-1.23,8.51,-5.52,9.14,-12.04,2.51,74.47,7053730,6583140,7531882,-0.022
4933,GPI,Consumer Cyclical,Auto & Truck Dealerships,NYSE,62.79,17.13,87.19,23.47,63.68,15.74,72.24,20.98,74.52,24.63,76.85,24.81,236.61,-7.83,-4.51,-16.05,-33.77,-41.29,18.26,2978648650.339508,11922225.0,0.156,-48.7,286200,1.05,239.49,-1.2,242.99,-2.63,253.0,-6.48,263.66,-10.26,4.24,65.92,314880,271990,246048,-0.056
4934,PLUT,Financial Services,Capital Markets,NASDAQ,62.78,17.09,85.6,20.24,64.95,16.7,77.44,25.12,83.58,33.89,86.12,34.07,2.19,-10.61,-3.52,-18.59,-26.56,-35.4,21.11,40677501.463890076,15350000.0,0.0001,-45.25,6800,1.28,2.39,-8.37,2.35,-6.81,2.43,-9.88,2.59,-15.44,19.02,14.4,15200,5306,3358,-0.204
4935,FLWS,Consumer Cyclical,Specialty Retail,NASDAQ,62.78,17.09,82.3,15.19,67.47,18.64,65.0,15.97,83.69,34.02,71.01,20.54,2.73,6.64,-2.85,-10.2,-30.53,-34.06,21.86,164313842.08729935,64185096.0,0.3659,-61.55,416500,1.06,2.61,4.6,2.6,5.0,2.72,0.37,3.4,-19.71,6.25,70.29,335830,394736,325464,-0.129
4936,NEON,Technology,Electronic Components,NASDAQ,62.76,17.06,98.07,64.55,61.73,14.41,44.77,7.52,32.34,4.48,41.85,6.71,0.88,-2.22,0.0,7.32,17.33,-56.22,12.3,15440289.440095246,16782923.0,0.029000001,-77.66,23700,0.45,0.9,-2.22,0.9,-2.22,0.87,1.15,0.89,-1.12,7.14,15.91,48070,52160,70760,-0.204
4937,POOL,Industrials,Industrial Distribution,NASDAQ,62.76,17.06,87.48,24.16,64.31,16.22,73.6,21.87,70.98,21.57,71.61,20.92,158.14,-1.57,-2.21,-10.03,-17.72,-30.47,24.03,5866123314.198105,36340747.0,0.108100004,-49.15,1051800,1.29,158.26,-0.08,160.46,-1.45,164.77,-4.02,179.98,-12.13,2.71,127.0,776410,814476,733644,0.022
4938,BIDU,Communication Services,Internet Content & Information,NASDAQ,62.74,17.03,87.3,23.77,69.0,20.12,70.37,19.37,82.96,33.27,100.84,63.23,83.92,-1.95,-4.72,-7.36,-20.28,-32.22,23.03,28704516246.030968,340423581.0,0.0337,-49.23,2578800,1.03,85.52,-1.87,86.11,-2.54,88.4,-5.07,95.39,-12.02,2.51,50.36,2225020,2504790,2765346,-0.042
4939,TROX,Basic Materials,Chemicals,NYSE,62.7,17.01,78.81,11.27,64.02,15.99,70.48,19.47,94.98,57.21,165.27,93.52,3.78,-1.05,-6.2,-17.65,-37.14,-11.49,37.87,627621124.6311271,159700029.0,0.16620001,-64.31,2305100,1.01,3.84,-1.56,3.9,-3.08,4.12,-8.25,5.0,-24.4,5.08,62.45,2005720,2283043,2494910,0.187
4940,JBI,Industrials,Building Products & Equipment,NYSE,62.7,17.01,91.02,32.88,59.3,13.13,68.86,18.45,70.69,21.18,64.69,16.17,4.24,1.68,2.91,-7.22,-17.67,-37.46,20.1,574394681.1046124,136435790.0,0.0588,-58.91,2557600,1.13,4.26,-0.47,4.23,0.24,4.32,-1.85,4.78,-11.3,4.25,60.99,2079260,2272696,2017258,0.024
4941,BNTC,Healthcare,Biotechnology,NASDAQ,62.66,16.98,75.84,8.97,69.23,20.4,91.93,47.22,86.8,37.65,99.42,61.41,8.75,-8.66,-9.23,-28.4,-27.39,-23.91,27.88,313246863.51195526,34882726.0,0.1096,-47.79,234900,1.39,8.99,-2.67,9.39,-6.82,10.29,-14.97,11.72,-25.34,9.22,17.35,198140,168530,175970,
4942,RBLX,Communication Services,Electronic Gaming & Multimedia,NYSE,62.63,16.97,96.95,59.17,70.14,21.26,66.44,16.93,62.77,16.27,59.08,12.9,45.52,5.86,-6.78,1.43,-9.2,-44.45,16.69,31518265753.884174,714375941.0,0.0376,-67.93,14560400,1.24,45.24,0.62,44.1,3.22,46.41,-1.92,42.17,7.94,5.51,52.04,13275380,11701903,13739186,0.359
4943,PSN,Technology,Information Technology Services,NYSE,62.6,16.95,90.91,32.52,65.33,16.93,67.8,17.71,75.44,25.43,67.36,18.08,43.02,4.9,1.37,-6.23,6.7,-29.91,24.38,4356592119.043259,106805394.0,0.1429,-51.93,1250100,1.02,42.01,2.4,41.82,2.87,43.65,-1.44,45.76,-5.99,3.72,131.09,1349600,1221813,1320276,-0.005
4944,LI,Consumer Cyclical,Auto Manufacturers,NASDAQ,62.57,16.93,89.92,29.94,67.75,18.94,63.67,15.06,56.08,12.33,79.21,26.81,10.9,-1.98,-7.47,-6.44,-21.01,-35.88,20.83,10447063706.28931,977274473.0,0.056599997,-56.52,1781300,0.61,10.86,0.37,11.12,-1.98,11.5,-5.22,12.1,-9.92,3.22,37.03,2923430,2911470,2906760,-0.151
4945,KTTA,Healthcare,Biotechnology,NASDAQ,62.55,16.92,81.95,14.73,65.89,17.32,65.15,16.12,56.25,12.4,74.23,22.75,0.44,-9.82,-14.2,-18.33,-2.0,-61.98,10.41,15905277.61446476,33414448.0,0.0082,-78.64,56200,0.33,0.45,-2.22,0.47,-6.38,0.49,-10.2,0.5,-12.0,7.26,-3.13,85670,172710,188942,
4946,TEAD,Communication Services,Internet Content & Information,NASDAQ,62.51,16.89,106.18,89.0,43.92,7.54,43.0,7.08,80.77,30.76,55.31,11.07,0.55,2.04,20.35,14.58,-30.03,-25.78,26.73,54818427.05435562,98065162.0,0.0736,-69.78,377400,0.23,0.55,0.0,0.52,5.77,0.5,10.0,0.57,-3.51,12.35,44.16,4481890,1623396,1051798,-0.171
4947,PLUG,Industrials,Electrical Equipment & Parts,NASDAQ,62.51,16.89,81.47,14.03,74.74,25.97,88.51,38.88,79.72,29.39,136.86,88.04,1.73,-8.47,-11.73,-18.01,-8.95,-21.36,29.65,2654670994.8882685,1397195278.0,0.2316,-62.23,53959500,1.14,1.83,-5.46,1.87,-7.49,1.98,-12.63,2.09,-17.22,5.16,22.4,48393450,47264850,54410036,0.025
4948,AVAV,Industrials,Aerospace & Defense,NASDAQ,62.49,16.87,90.65,31.84,75.7,27.0,62.09,14.26,47.79,8.89,62.25,14.62,137.6,-1.93,-13.21,-6.44,-3.18,-43.38,16.99,7156571627.861938,50820702.0,0.1176,-67.07,1238700,0.62,140.02,-1.73,142.52,-3.45,149.56,-8.0,157.24,-12.49,4.81,27.94,1436990,2012513,1682214,0.057
4949,ALXO,Healthcare,Biotechnology,NASDAQ,62.48,16.85,69.63,5.41,68.45,19.57,115.64,83.17,163.8,95.15,179.59,94.95,1.18,-9.23,-12.92,-37.89,-39.33,-18.62,31.71,168697940.29613662,138276997.0,0.050300002,-55.64,1806000,1.53,1.17,0.85,1.26,-6.35,1.5,-21.33,1.79,-34.08,10.28,82.4,1535130,1183226,1144920,
4950,WETH,Technology,Electronic Components,NASDAQ,62.46,16.83,81.01,13.63,78.28,29.4,79.21,27.14,79.16,28.76,115.82,79.23,0.94,-8.33,-9.66,-22.08,-17.47,-37.3,20.14,13381534.0,13381534.0,0.0019,-74.46,62500,0.96,0.98,-4.08,1.0,-6.0,1.05,-10.48,1.11,-15.32,8.63,36.97,74370,64843,87420,0.127
4951,AFJK,Financial Services,Shell Companies,NASDAQ,62.46,16.83,96.91,58.97,48.67,8.87,44.84,7.57,48.82,9.21,244.31,97.21,12.1,-3.89,-0.7,-3.97,1.68,-66.42,9.14,38344279.43292618,3166332.0,0.0019,-90.72,1700,0.08,12.21,-0.9,12.23,-1.06,12.2,-0.82,12.16,-0.49,2.13,-0.0,2090,20423,21642,
4952,YDKG,Communication Services,Advertising Agencies,NASDAQ,62.45,16.8,90.64,31.79,74.55,25.77,68.16,18.0,51.2,10.21,35.7,5.13,0.86,-7.53,-4.44,-2.27,-11.34,-5.49,44.5,5142145.809547842,5529189.0,0.01,-99.77,5000,0.19,0.9,-4.44,0.93,-7.53,0.89,-3.37,0.97,-11.34,7.72,-0.0,56900,26546,26454,0.689
4953,FTLF,Consumer Defensive,Packaged Foods,NASDAQ,62.43,16.78,87.19,23.47,60.72,13.85,59.92,13.13,79.59,29.24,56.61,11.62,8.7,-6.25,-6.25,-5.64,-15.12,-48.46,15.06,86585686.34768677,9391072.0,0.0164,-58.53,23400,1.96,9.05,-3.87,9.15,-4.92,9.23,-5.74,9.69,-10.22,3.39,67.8,9390,11926,11210,0.646
4954,FBYD,Industrials,Conglomerates,NASDAQ,62.43,16.78,103.69,85.82,46.1,8.17,54.52,10.39,118.79,83.7,155.63,92.18,8.81,3.4,30.52,32.68,-14.22,-51.11,14.03,415098405.0334873,48464498.0,0.054,-69.64,57500,0.4,8.59,2.56,8.41,4.76,7.56,16.53,8.76,0.57,7.75,30.74,109880,142736,122256,1.204
4955,TOMZ,Industrials,Pollution & Treatment Controls,NASDAQ,62.42,16.75,92.69,38.49,54.31,10.73,64.19,15.45,90.76,48.12,62.18,14.54,1.57,15.44,10.56,-3.68,3.29,-32.03,23.15,11236756.221173167,8142577.0,0.0042,-52.85,19700,0.17,1.53,2.61,1.45,8.28,1.49,5.37,1.63,-3.68,10.51,66.67,56050,113920,79486,1.179
4956,OXM,Consumer Cyclical,Apparel Manufacturing,NYSE,62.4,16.72,81.73,14.37,67.13,18.33,77.62,25.37,85.43,36.03,101.46,64.15,25.48,0.39,-2.26,-17.67,-34.52,-26.32,26.32,373408375.39100647,14978274.0,0.3754,-48.61,687600,1.15,25.29,0.75,25.31,0.67,27.2,-6.32,32.6,-21.84,4.22,79.02,639410,598616,463870,-0.022
4957,NAMM,Basic Materials,Gold,NASDAQ,62.4,16.72,82.33,15.25,59.47,13.23,60.42,13.36,59.71,14.33,100.38,62.62,1.11,-14.62,-5.13,-16.85,-15.91,6.73,62.85,70374031.02734995,55852406.0,0.3,-85.04,541600,0.32,1.18,-5.93,1.14,-2.63,1.23,-9.76,1.32,-15.91,14.63,36.94,4212660,1675263,1226352,0.397
4958,HAIN,Consumer Defensive,Packaged Foods,NASDAQ,62.4,16.72,91.69,34.96,62.02,14.59,73.01,21.42,47.62,8.83,51.29,9.61,0.55,7.84,5.77,-14.06,12.24,-53.39,13.41,47321178.14426947,91002269.0,0.0677,-66.46,1292800,0.59,0.53,3.77,0.51,7.84,0.55,0.0,0.6,-8.33,6.75,80.77,829010,2196750,1669164,-0.276
4959,ELBM,Basic Materials,Other Industrial Metals & Mining,NASDAQ,62.37,16.69,88.7,26.61,73.5,24.48,66.62,16.95,51.04,10.11,53.63,10.29,0.5,0.6,-4.55,-6.85,1.0,-45.74,16.13,53293270.237009406,106800138.0,0.0094,-94.25,460900,1.32,0.5,0.0,0.51,-1.96,0.53,-5.66,0.56,-10.71,4.71,21.21,339870,349286,374234,
4960,OFIX,Healthcare,Medical Devices,NASDAQ,62.35,16.67,92.04,36.19,69.26,20.44,68.57,18.26,77.16,27.12,85.32,33.16,9.0,-2.28,-1.75,3.57,-26.05,-41.79,17.96,370259412.93530273,40732608.0,0.0695,-47.03,588100,1.45,9.24,-2.6,9.38,-4.05,9.15,-1.64,9.74,-7.6,4.67,33.33,505800,404866,392718,0.038
4961,LINC,Consumer Defensive,Education & Training Services,NASDAQ,62.32,16.65,83.59,17.17,64.2,16.09,74.17,22.41,142.89,92.23,167.04,93.8,23.24,4.83,-2.68,-4.68,-46.5,-2.52,48.03,695017600.0496864,31721479.0,0.1041,-58.75,443800,0.58,22.57,2.97,22.26,4.4,23.6,-1.53,27.52,-15.55,4.88,75.82,738930,771203,938436,0.224
4962,WRAP,Technology,Scientific & Technical Instruments,NASDAQ,62.27,16.63,88.42,26.04,83.45,37.33,91.85,46.79,115.89,82.01,66.8,17.66,1.47,2.8,2.8,-9.26,-9.82,-35.53,21.04,90811430.30743933,61776482.0,0.2007,-54.49,721100,1.17,1.51,-2.65,1.46,0.68,1.51,-2.65,1.62,-9.26,6.24,76.26,524630,616693,673018,1.028
4963,JZXN,Consumer Cyclical,Auto & Truck Dealerships,NASDAQ,62.27,16.63,88.13,25.22,68.9,20.04,47.0,8.07,55.14,11.85,20.56,2.16,1.14,5.56,-1.72,-1.72,-10.24,-40.31,18.87,58209417.424368024,51512759.0,0.0005,-93.8,50100,0.03,1.14,0.0,1.13,0.88,1.13,0.88,1.24,-8.06,6.62,13.25,227540,1746973,1175092,6.304
4964,NKTR,Healthcare,Biotechnology,NASDAQ,62.19,16.6,60.35,3.1,89.65,49.67,110.22,78.46,134.41,89.99,331.55,98.25,40.8,-13.17,-31.29,-42.25,-42.28,-12.89,36.67,1487951741.0376892,34142994.0,0.1852,-62.57,1749500,1.13,41.35,-1.33,49.1,-16.9,57.82,-29.44,67.07,-39.17,11.28,38.91,2347480,1541610,1161864,-0.093
4965,USNA,Consumer Defensive,Packaged Foods,NYSE,62.18,16.59,93.88,43.77,61.11,14.03,65.23,16.2,93.34,54.43,76.11,24.14,14.66,2.02,2.81,-1.15,-35.33,-26.41,26.18,273822228.2414093,18476534.0,0.069,-46.2,210000,1.08,14.77,-0.74,14.67,-0.07,14.64,0.14,14.98,-2.14,3.15,58.42,154990,193820,214292,-0.053
4966,BSX,Healthcare,Medical Devices,NYSE,62.16,16.57,91.19,33.27,63.86,15.86,60.6,13.5,47.21,8.63,60.37,13.48,42.04,-2.75,-5.91,-2.46,-8.69,-56.03,12.43,61737175596.251236,1449229526.0,0.0321,-60.21,22873400,1.16,42.16,-0.28,42.96,-2.14,43.49,-3.33,46.6,-9.79,2.6,59.44,17085040,19762563,19858818,0.075
4967,AWRE,Technology,Software - Application,NASDAQ,62.15,16.55,84.93,19.11,63.4,15.51,66.19,16.82,63.89,17.05,64.85,16.36,1.04,-2.8,-7.96,-14.75,-6.31,-49.51,14.77,23993901.220053792,21812637.0,0.0082,-63.38,50000,1.47,1.07,-2.8,1.1,-5.45,1.15,-9.57,1.2,-13.33,7.14,26.92,34390,34080,35164,-0.165
4968,DWTX,Healthcare,Biotechnology,NASDAQ,62.08,16.54,83.17,16.54,54.74,10.87,67.65,17.68,49.06,9.36,40.0,6.2,1.41,-1.4,-1.4,-25.0,-8.44,-78.14,5.96,49629128.67671299,33992553.0,0.0061000003,-80.42,62500,0.89,1.47,-4.08,1.42,-0.7,1.56,-9.62,1.9,-25.79,10.29,0.0,67820,70243,67568,
4969,RAIL,Industrials,Railroads,NASDAQ,62.07,16.51,82.73,15.84,68.67,19.84,71.41,20.27,70.93,21.48,88.04,37.01,6.17,-6.09,-16.85,-7.36,-22.97,-31.9,23.24,226259835.12722015,32791280.0,0.0318,-58.59,205000,0.8,6.54,-5.66,6.72,-8.18,6.96,-11.35,7.22,-14.54,4.78,37.29,186190,255573,232062,-0.046
4970,HUDI,Basic Materials,Steel,NASDAQ,62.07,16.51,88.89,27.21,59.5,13.25,56.65,11.35,58.87,13.89,86.43,34.5,0.71,2.16,-3.28,-7.93,-0.28,-45.12,16.45,9808639.70413959,14319182.0,0.0438,-57.49,3100,0.14,0.7,1.43,0.71,0.0,0.74,-4.05,0.79,-10.13,7.05,59.91,22000,22906,1362282,-0.165
4971,WLFC,Industrials,Rental & Leasing Services,NASDAQ,62.05,16.49,68.78,5.06,82.41,35.3,94.95,57.7,113.63,80.24,122.35,82.85,40.01,-16.3,-24.32,-28.8,-42.06,-10.14,39.35,1091506014.3980713,23899848.0,0.221,-50.93,286500,1.36,42.52,-5.9,46.77,-14.45,50.93,-21.44,55.34,-27.7,5.77,5.19,305200,211363,227100,0.004
4972,BLNK,Industrials,Engineering & Construction,NASDAQ,62.04,16.47,83.04,16.31,69.29,20.5,62.03,14.22,56.82,12.71,63.99,15.71,0.48,-10.17,-14.67,-11.34,1.49,-38.92,19.44,81310618.15553236,144938716.0,0.098400004,-81.89,3005400,2.45,0.52,-7.69,0.54,-11.11,0.55,-12.73,0.56,-14.29,5.76,36.18,1218200,1225803,1205036,-0.245
4973,URG,Energy,Uranium,NYSE ARCA,62.02,16.45,77.8,10.4,70.87,21.93,80.55,28.56,71.84,22.28,111.98,76.4,1.01,-4.72,-10.62,-24.63,-14.41,-30.82,23.85,417756887.02837944,397863720.0,0.146,-57.02,8769600,1.34,1.07,-5.61,1.08,-6.48,1.16,-12.93,1.28,-21.09,5.37,18.42,7216210,6553623,6405280,0.377
4974,RR,Industrials,Specialty Industrial Machinery,NASDAQ,61.95,16.44,92.68,38.45,59.44,13.2,55.31,10.77,53.94,11.31,73.54,22.27,1.6,-8.57,-2.44,-1.23,18.52,-54.8,12.85,378171252.4329332,225101943.0,0.24350001,-78.47,4647300,0.96,1.66,-3.61,1.65,-3.03,1.66,-3.61,1.68,-4.76,5.65,11.06,4259140,4827920,5148756,0.167
4975,MLCI,Financial Services,Asset Management,NASDAQ,61.94,16.42,90.92,32.57,64.51,16.4,70.83,19.72,60.06,14.56,68.4,18.64,3.05,-9.76,-9.5,-5.28,-1.33,-62.92,10.06,38041812.26704407,11188768.0,0.0076,-64.86,10100,0.58,3.21,-4.98,3.33,-8.41,3.28,-7.01,3.18,-4.09,5.32,0.0,15070,17386,28666,-0.576
4976,JRVR,Financial Services,Insurance - Specialty,NASDAQ,61.93,16.4,91.46,34.15,59.6,13.29,68.35,18.13,65.71,18.03,104.6,68.58,3.62,4.93,2.55,-5.73,-23.27,-41.79,17.96,161409143.0610652,46249038.0,0.045900002,-49.72,344800,1.12,3.51,3.13,3.48,4.02,3.64,-0.55,3.98,-9.05,3.15,114.18,328090,308626,281760,-0.077
4977,AHMA,Consumer Cyclical,Travel Services,NASDAQ,61.9,16.39,85.85,20.72,59.45,13.22,62.94,14.59,68.79,19.94,16.43,1.59,1.24,-7.46,-8.15,-29.94,-10.79,-82.8,4.79,39237001.5591383,29725000.0,0.0173,-96.86,23400,0.02,1.3,-4.62,1.33,-6.77,1.36,-8.82,1.43,-13.29,7.39,-0.0,28090,970723,600728,0.046
4978,GILT,Technology,Communication Equipment,NASDAQ,61.89,16.37,88.82,26.97,70.6,21.62,63.61,15.02,78.04,27.71,161.29,92.89,9.32,-5.28,-6.99,-2.31,-10.9,-21.08,29.82,772607439.1408625,77029657.0,0.0374,-55.47,1245000,2.04,9.44,-1.27,9.7,-3.92,9.78,-4.7,10.34,-9.86,4.04,61.1,812050,609650,601228,0.169
4979,RH,Consumer Cyclical,Specialty Retail,NYSE,61.88,16.35,81.64,14.29,65.62,17.14,75.24,23.05,103.97,70.49,64.62,16.1,113.67,-5.68,-6.21,-15.18,-35.47,-33.52,22.33,2280688315.806175,18933159.0,0.5339,-52.52,886400,1.07,116.79,-2.67,119.47,-4.85,124.06,-8.37,147.16,-22.76,4.24,42.93,785160,826993,783362,0.026
4980,LPL,Technology,Consumer Electronics,NYSE,61.88,16.35,88.1,25.18,63.32,15.42,65.8,16.59,71.71,22.17,118.49,80.67,2.85,-5.94,-1.72,-9.52,2.15,-31.33,23.55,3119999885.559082,1000000000.0,0.0073,-51.11,3406100,1.42,3.02,-5.63,3.0,-5.0,3.02,-5.63,3.18,-10.38,3.63,0.0,2635740,2398400,2553320,0.004
4981,INDI,Technology,Semiconductors,NASDAQ,61.8,16.32,74.02,7.75,75.93,27.19,83.67,31.84,98.52,62.67,83.79,31.69,2.61,-9.55,-14.59,-21.3,-13.46,-31.27,23.59,688472389.1421053,231808883.0,0.287,-56.86,7897600,1.58,2.82,-7.45,2.88,-9.38,3.02,-13.58,3.47,-24.78,5.5,69.65,4873200,4982850,6272700,0.24
4982,OCCI,Financial Services,Asset Management,NASDAQ,61.79,16.3,83.34,16.93,68.22,19.28,72.95,21.37,61.2,15.25,56.26,11.53,2.06,-8.44,-9.25,-19.81,-10.77,-48.41,15.08,65500454.79023409,29372401.0,0.0049,-63.15,94903,0.53,2.13,-3.29,2.2,-6.36,2.31,-10.82,2.41,-14.52,3.85,50.33,177140,180616,192920,-0.102
4983,AENT,Communication Services,Entertainment,NASDAQ,61.79,16.3,83.96,17.8,67.38,18.58,77.86,25.64,80.83,30.83,121.05,82.25,4.52,2.49,-7.38,-17.97,-22.74,-42.2,17.6,228798579.6367836,50957370.0,0.1076,-48.64,45500,0.14,4.56,-0.88,4.61,-1.95,4.94,-8.5,5.25,-13.9,5.58,67.42,31710,324680,200070,0.177
4984,SST,Industrials,Specialty Business Services,NYSE,61.78,16.27,80.17,12.68,102.66,75.34,103.68,71.41,66.45,18.56,42.64,6.82,2.27,-14.02,-26.3,-40.89,30.46,-50.11,14.5,21249770.178328514,8708922.0,0.1117,-72.94,45900,0.05,2.34,-2.99,2.52,-9.92,2.97,-23.57,2.57,-11.67,15.73,2.8,91440,977110,687636,-0.613
4985,LII,Industrials,Building Products & Equipment,NYSE,61.75,16.25,89.02,27.54,64.47,16.39,66.32,16.89,93.81,55.32,79.66,27.43,361.54,0.3,-1.32,-2.61,-15.61,-26.38,26.25,12313968080.61676,34560675.0,0.0792,-38.44,486000,1.0,360.61,0.26,361.67,-0.04,362.98,-0.4,388.48,-6.93,2.82,106.71,481300,488230,514076,0.03
4986,IMA,Healthcare,Biotechnology,NASDAQ,61.72,16.24,82.43,15.39,67.53,18.75,71.05,19.92,73.69,23.88,60.45,13.55,4.26,-6.99,-8.58,-14.89,-23.52,-31.07,23.69,52320996.915278435,11374130.0,0.0031,-53.19,30100,1.92,4.55,-6.37,4.59,-7.19,4.76,-10.5,5.18,-17.76,4.15,147.19,11080,15646,13344,
4987,EPSM,Consumer Defensive,Beverages - Wineries & Distilleries,NASDAQ,61.71,16.2,91.25,33.45,68.36,19.44,53.57,10.09,43.95,7.27,29.18,3.64,1.26,2.44,-11.27,-8.03,-5.97,-46.38,15.96,16778792.5,13423034.0,0.0072000003,-97.03,184500,0.35,1.24,1.61,1.26,0.0,1.31,-3.82,1.39,-9.35,13.85,63.04,53380,528863,323426,-0.616
4988,GHG,Consumer Cyclical,Lodging,NYSE,61.71,16.2,88.32,25.77,66.34,17.75,66.13,16.8,62.23,15.97,58.39,12.57,0.96,-6.8,-5.88,-6.8,-15.79,-44.19,16.78,94843485.25944203,100897325.0,0.0027,-58.37,82700,5.78,0.96,0.0,0.99,-3.03,1.01,-4.95,1.06,-9.43,4.46,44.33,24960,14310,12186,-0.187
4989,CHRS,Healthcare,Biotechnology,NASDAQ,61.71,16.2,80.23,12.82,69.46,20.57,86.26,35.13,87.15,37.99,138.83,88.62,1.07,-7.76,-8.55,-20.15,-24.11,-21.32,29.7,179221115.4029739,154500966.0,0.1524,-59.1,2135100,1.58,1.08,-0.93,1.12,-4.46,1.22,-12.3,1.29,-17.05,8.22,109.18,1552590,1352586,1341504,0.395
4990,SMPL,Consumer Defensive,Packaged Foods,NASDAQ,61.66,16.17,95.91,53.87,52.66,9.96,59.26,12.75,61.05,15.09,41.05,6.52,10.11,2.33,7.21,-1.27,-1.37,-48.52,15.05,869377058.0624714,88441207.0,0.1376,-60.6,2621800,1.13,9.95,1.61,9.79,3.27,9.86,2.54,10.52,-3.9,2.91,81.55,2218500,2321233,2136344,-0.063
4991,NUS,Consumer Defensive,Household & Personal Products,NYSE,61.65,16.15,97.91,63.79,58.92,12.93,62.98,14.61,52.77,10.81,80.34,28.04,4.77,4.84,3.25,-2.25,-8.69,-52.16,13.71,224399289.2390318,48676634.0,0.1,-59.13,571400,1.08,4.71,1.27,4.65,2.58,4.68,1.92,4.79,-0.42,3.04,41.38,481020,530626,553980,-0.171
4992,ONIT,Financial Services,Mortgage Finance,NYSE,61.62,16.14,80.2,12.79,70.41,21.52,79.28,27.27,83.54,33.87,102.93,66.36,27.44,-0.4,-11.51,-20.65,-32.31,-38.36,19.61,227744217.11219788,8354520.0,0.0502,-49.28,222500,2.37,27.43,0.04,28.31,-3.07,30.76,-10.79,34.11,-19.55,4.71,149.97,155990,93933,85142,0.147
4993,KNF,Basic Materials,Building Materials,NYSE,61.59,16.11,84.47,18.63,57.5,12.15,67.94,17.81,92.93,53.52,98.5,60.02,52.27,3.26,-2.06,-8.59,-31.42,-28.85,24.92,2856421626.069412,56753855.0,0.103,-45.71,1483800,1.38,51.67,1.16,52.0,0.52,53.73,-2.72,60.93,-14.21,4.86,112.47,1150790,1077990,1020018,0.126
4994,RNTX,Healthcare,Biotechnology,NASDAQ,61.59,16.11,93.42,41.57,58.8,12.85,63.52,14.91,58.47,13.63,116.68,79.77,0.77,-9.74,3.36,-1.54,1.45,-45.85,16.11,69099892.54972935,86267032.0,0.0078,-64.68,477600,1.2,0.8,-3.75,0.79,-2.53,0.78,-1.28,0.79,-2.53,8.27,37.67,411780,397836,424458,
4995,CAR,Industrials,Rental & Leasing Services,NASDAQ,61.57,16.09,87.12,23.19,60.57,13.71,79.49,27.59,71.22,21.75,362.77,98.4,110.0,3.66,6.24,-13.21,-28.96,-15.77,34.29,3928930403.0022583,35325754.0,0.48419997,-87.02,340900,0.78,110.41,-0.37,108.49,1.39,112.13,-1.9,128.63,-14.48,5.15,56.32,401400,435320,398030,-0.013
4996,ZKH,Consumer Cyclical,Internet Retail,NYSE,61.56,16.07,70.69,5.88,94.91,64.72,87.63,37.21,81.78,31.75,86.7,34.94,2.06,-27.21,-27.97,-28.97,-29.21,-36.02,20.71,432290174.14461327,157770136.0,0.0002,-47.18,108200,0.48,2.39,-13.81,2.61,-21.07,2.75,-25.09,2.85,-27.72,7.07,0.0,161960,227080,302806,0.128
4997,IH,Consumer Defensive,Education & Training Services,NYSE,61.55,16.05,93.21,40.85,58.23,12.51,60.55,13.45,62.68,16.19,72.13,21.27,1.15,0.88,1.77,-4.17,-17.86,-45.13,16.43,58274982.10874534,51118406.0,0.0001,-62.78,1200,0.12,1.15,0.0,1.15,0.0,1.16,-0.86,1.23,-6.5,2.89,15.02,2260,10360,7534,-0.134
4998,MPT,Real Estate,REIT - Healthcare Facilities,NYSE,61.54,16.03,81.44,14.0,71.26,22.23,71.09,19.94,89.27,41.7,96.86,57.67,3.19,-5.34,-11.39,-13.08,-31.26,-34.04,21.89,1952843988.609314,597200000.0,0.32560003,-50.7,18865400,1.66,3.26,-2.15,3.37,-5.34,3.48,-8.33,3.84,-16.93,4.05,69.61,12132130,11339846,9992600,0.019
4999,RTO,Industrials,Specialty Business Services,NYSE,61.54,16.03,86.94,22.72,65.91,17.35,71.18,20.04,91.39,50.13,115.11,78.78,20.25,2.27,-1.46,-9.68,-30.55,-30.45,24.05,10039797525.097736,503247977.0,0.0067000003,-41.59,2091100,1.04,20.0,1.25,20.08,0.85,20.95,-3.34,22.6,-10.4,2.15,78.03,2437980,2008686,1927300,0.067
5000,RGNX,Healthcare,Biotechnology,NASDAQ,61.52,16.0,90.7,31.99,62.86,15.12,95.25,58.33,106.7,73.81,86.16,34.13,8.09,9.03,11.74,-5.49,-15.9,-44.55,16.64,490478005.22808456,66013192.0,0.1271,-50.03,2258800,1.61,7.66,5.61,7.56,7.01,7.82,3.45,9.12,-11.29,6.22,129.19,1600610,1403066,1367878,4.057
5001,ELOG,Industrials,Integrated Freight & Logistics,NASDAQ,61.47,15.98,116.29,95.3,38.04,5.99,42.69,7.01,49.62,9.6,45.31,7.64,0.73,39.39,48.78,19.12,-19.0,-56.86,12.09,6377504.113197327,12832000.0,0.0223,-76.21,31700,0.04,0.6,21.67,0.55,32.73,0.55,32.73,0.67,8.96,9.41,114.97,97900,721946,434502,-0.018
5002,LPCN,Healthcare,Biotechnology,NASDAQ,61.47,15.98,86.75,22.39,56.98,11.91,68.45,18.18,64.19,17.22,49.66,9.13,1.93,-6.76,-7.66,-14.22,-6.76,-54.59,12.9,16900718.256883383,8244253.0,0.0123000005,-84.4,2287300,0.63,2.07,-6.76,2.1,-8.1,2.15,-10.23,2.16,-10.65,9.72,21.33,10838880,3635183,2198680,-0.695
5003,ZUMZ,Consumer Cyclical,Apparel Retail,NASDAQ,61.45,15.95,88.24,25.51,57.84,12.34,70.56,19.51,81.96,32.09,121.78,82.5,14.21,5.42,5.73,-14.96,-27.31,-50.42,14.34,203743846.18518353,15330613.0,0.1363,-55.17,345200,0.96,13.89,2.3,13.76,3.27,13.92,2.08,16.66,-14.71,4.4,76.71,341930,359940,305600,-0.025
5004,WBX,Industrials,Electrical Equipment & Parts,NYSE,61.45,15.95,82.71,15.8,75.77,27.05,103.31,70.93,124.77,86.56,56.89,11.85,2.74,4.18,-6.48,-16.46,-13.84,-6.48,43.3,66701041.0,24254924.0,0.0064,-65.01,8000,0.48,2.73,0.37,2.74,0.0,2.91,-5.84,3.04,-9.87,6.54,25.11,18430,16586,17224,-0.375
5005,UONE,Communication Services,Broadcasting,NASDAQ,61.44,15.92,93.61,42.49,54.22,10.67,53.28,9.99,51.17,10.19,47.26,8.2,4.35,8.75,1.64,-6.65,-15.04,-62.82,10.13,17979431.186163425,4517445.0,0.096499994,-74.32,33600,5.43,4.11,5.84,4.11,5.84,4.24,2.59,4.66,-6.65,3.74,122.81,6690,6186,5500,-0.064
5006,OLN,Basic Materials,Chemicals,NYSE,61.43,15.91,88.24,25.51,64.74,16.55,67.33,17.44,81.05,30.96,106.19,70.96,15.61,-2.19,-4.0,-9.82,-28.84,-21.39,29.59,1812321547.5191307,113982490.0,0.1314,-48.75,5779600,1.59,15.98,-2.32,15.92,-1.95,16.43,-4.99,17.44,-10.49,3.87,36.45,5615640,3644126,3481034,-0.009
5007,MLCO,Consumer Cyclical,Resorts & Casinos,NASDAQ,61.4,15.89,81.57,14.19,65.59,17.12,69.06,18.56,68.45,19.82,81.87,29.59,4.17,0.72,-10.71,-16.77,-26.71,-47.81,15.3,1593222645.7277398,380244063.0,0.0356,-56.24,1339000,0.72,4.2,-0.71,4.36,-4.36,4.56,-8.55,5.06,-17.59,3.94,12.17,1838940,1864080,1704708,-0.057
5008,PMEC,Industrials,Specialty Business Services,NASDAQ,61.39,15.86,94.39,46.15,64.39,16.29,49.44,8.75,47.42,8.73,53.56,10.24,0.54,3.45,-11.76,14.89,28.57,-49.53,14.75,19247410.99238366,38417987.0,0.0088,-77.87,11700,0.05,0.54,0.0,0.54,0.0,0.55,-1.82,0.5,8.0,13.31,-0.0,38180,238083,219310,0.068
5009,ALGS,Healthcare,Biotechnology,NASDAQ,61.39,15.86,86.45,21.88,68.81,19.96,67.61,17.65,61.58,15.57,79.84,27.61,5.31,-3.45,-4.32,-0.38,24.94,-50.28,14.43,34594851.08178902,6244558.0,0.13149999,-61.21,37400,0.8,5.39,-1.48,5.48,-3.1,5.38,-1.3,5.87,-9.54,7.86,55.12,34680,46866,84512,27.785
5010,AIB,Technology,Software - Infrastructure,NYSE ARCA,61.34,15.84,97.53,61.94,65.58,17.1,55.99,11.06,69.04,20.08,51.28,9.6,1.43,-5.92,0.7,4.38,-8.33,,,124606323.15310502,75979466.0,0.01,-77.23,1214200,0.48,1.55,-7.74,1.57,-8.92,1.48,-3.38,1.51,-5.3,14.14,39.58,5516360,2535240,2026074,-0.386
5011,FINW,Financial Services,Banks - Regional,NASDAQ,61.3,15.82,84.1,18.06,60.11,13.53,75.4,23.27,73.91,24.02,91.73,48.48,10.82,-3.31,-4.08,-19.55,-23.26,-40.71,18.62,155069536.65916443,13882680.0,0.0126,-45.52,26400,0.76,10.95,-1.19,11.11,-2.61,11.84,-8.61,13.07,-17.21,4.46,4.14,30670,34750,31738,0.557
5012,FULC,Healthcare,Biotechnology,NASDAQ,61.27,15.8,98.52,68.06,59.21,13.08,62.62,14.38,36.78,5.45,111.9,76.35,3.75,1.9,-0.92,-1.32,3.59,-69.46,8.3,281536882.69576406,76297257.0,0.0953,-76.18,2631700,1.84,3.7,1.35,3.71,1.08,3.75,0.0,3.78,-0.79,1.87,128.57,1541560,1427930,1603088,
5013,TIGR,Financial Services,Capital Markets,NASDAQ,61.27,15.8,87.18,23.4,66.8,18.13,66.8,17.08,48.9,9.31,73.82,22.45,4.32,1.17,-8.09,-11.84,-9.81,-51.79,13.86,748156653.5177765,179845356.0,0.0579,-61.94,960000,0.46,4.37,-1.14,4.45,-2.92,4.63,-6.7,4.81,-10.19,4.13,11.22,2098350,2106736,2221178,0.324
5014,AARD,Healthcare,Biotechnology,NASDAQ,61.26,15.77,78.13,10.74,84.73,39.7,85.45,34.04,72.63,22.93,39.21,5.98,4.71,-10.63,-15.14,-5.99,-11.47,-65.8,9.33,109201943.41111374,21884158.0,0.029000001,-73.75,316000,2.42,4.98,-5.42,5.11,-7.83,5.25,-10.29,5.99,-21.37,9.49,31.32,123650,130346,130448,
5015,ADTN,Technology,Communication Equipment,NASDAQ,61.23,15.76,92.65,38.33,54.8,10.91,57.72,11.84,98.58,62.74,169.06,93.97,7.49,5.94,7.93,4.32,-10.08,-13.81,35.99,573629102.171731,81481407.0,0.175,-62.51,1836500,1.06,7.41,1.08,7.18,4.32,7.17,4.46,7.59,-1.32,4.09,55.48,1936890,1726380,2023276,0.061
5016,SIDU,Industrials,Aerospace & Defense,NASDAQ,61.21,15.74,73.43,7.37,99.92,72.05,108.87,77.03,73.69,23.88,250.43,97.32,1.58,-11.24,-23.67,-21.0,-5.95,36.21,83.95,183217834.2678404,101225326.0,0.16549999,-76.73,3838700,1.03,1.7,-7.06,1.81,-12.71,1.91,-17.28,2.1,-24.76,7.36,32.68,4133860,3728130,4497620,-0.538
5017,BGMS,Industrials,Building Products & Equipment,NASDAQ,61.2,15.72,88.89,27.21,88.6,47.64,62.03,14.22,46.73,8.47,30.27,3.87,0.82,-8.89,-13.68,-3.53,-6.82,-41.01,18.38,5828058.688420057,6622794.0,0.0171,-87.76,17000,0.14,0.86,-4.65,0.88,-6.82,0.91,-9.89,0.9,-8.89,6.71,18.18,10290,122610,84548,
5018,XBIO,Healthcare,Biotechnology,NASDAQ,61.19,15.71,69.82,5.46,79.02,30.21,133.13,91.21,77.14,27.05,108.99,73.8,2.12,-5.36,-14.17,-47.91,-14.52,-1.4,49.72,5248725.462346315,2343181.0,0.01,-84.78,13600,0.11,2.18,-2.75,2.24,-5.36,2.71,-21.77,3.19,-33.54,9.91,9.52,23810,128933,106874,0.12
5019,PATK,Consumer Cyclical,Recreational Vehicles,NASDAQ,61.18,15.69,85.4,19.86,59.63,13.33,69.27,18.73,74.47,24.53,93.19,51.42,65.07,-2.24,-3.97,-13.08,-24.45,-40.37,18.81,2157062727.8605957,32118264.0,0.2245,-56.18,540300,0.94,66.08,-1.53,67.13,-3.07,69.02,-5.72,77.73,-16.29,3.17,56.78,572640,573866,530536,-0.006
5020,UPST,Financial Services,Credit Services,NASDAQ,61.17,15.67,87.28,23.67,59.74,13.42,63.58,14.99,64.42,17.37,61.59,14.24,24.19,5.4,-1.83,-3.63,-9.06,-49.17,14.91,2183180837.7745075,95711569.0,0.325,-56.19,4206000,0.97,23.85,1.43,23.52,2.85,24.4,-0.86,27.22,-11.13,4.23,76.74,4413310,4346460,4538878,0.423
5021,BROS,Consumer Cyclical,Restaurants,NYSE,61.16,15.65,85.03,19.27,56.98,11.91,66.27,16.85,101.89,67.56,78.88,26.55,39.78,3.03,3.3,-8.43,-38.43,-38.64,19.53,5334170406.082855,137940798.0,0.3978,-46.26,6050300,1.41,38.78,2.58,38.48,3.38,39.74,0.1,47.04,-15.43,3.32,139.96,4200530,4276466,4398520,0.325
5022,LRMR,Healthcare,Biotechnology,NASDAQ,61.16,15.65,70.97,6.06,71.38,22.31,88.48,38.8,85.67,36.29,146.92,90.62,2.7,-11.76,-18.67,-29.87,-25.62,-26.03,26.53,307493497.48281956,103882937.0,0.2066,-57.94,1190400,0.97,2.81,-3.91,2.97,-9.09,3.4,-20.59,3.79,-28.76,7.38,45.15,1257370,1225390,1169806,
5023,GLND,Energy,Oil & Gas E&P,NASDAQ,61.15,15.61,125.27,96.94,107.77,80.42,24.95,3.2,31.08,4.23,67.93,18.46,2.61,-40.68,-51.21,112.2,42.62,,,163113624.45408726,43730194.0,1.74,-88.65,2351000,0.1,3.15,-17.14,4.01,-34.91,2.96,-11.82,2.18,19.72,42.42,9.03,22374890,23965650,15107672,
5024,AVEX,Industrials,Aerospace & Defense,NYSE,61.15,15.61,82.94,16.15,67.79,18.96,59.21,12.73,58.66,13.76,88.53,38.61,14.21,0.57,-14.81,-10.69,-1.04,,,1001981303.2038498,69197606.0,0.0799,-66.44,1273200,0.95,14.6,-2.67,14.89,-4.57,15.61,-8.97,17.45,-18.57,6.51,28.11,1568870,1340643,1382894,0.995
5025,Z,Communication Services,Internet Content & Information,NASDAQ,61.15,15.61,93.02,40.05,57.91,12.37,62.8,14.51,52.82,10.84,59.41,13.1,29.17,5.12,3.66,-6.66,-14.21,-57.7,11.83,6163822454.826805,224874954.0,0.078099996,-63.26,9135400,2.23,27.79,4.97,27.71,5.27,29.34,-0.58,32.47,-10.16,4.05,182.72,4519830,4095550,4017476,0.179
5026,KRMD,Healthcare,Medical Instruments & Supplies,NASDAQ,61.04,15.56,87.13,23.22,63.29,15.39,66.07,16.77,90.17,45.47,103.13,66.69,3.0,-0.66,-8.26,-4.76,-26.29,-48.28,15.17,136668831.68131828,46171902.0,0.025999999,-54.6,235900,0.96,2.99,0.33,3.02,-0.66,3.12,-3.85,3.31,-9.37,5.0,33.33,234040,246373,260516,0.182
5027,XPOF,Consumer Cyclical,Leisure,NYSE,61.04,15.56,107.83,90.67,46.69,8.37,53.48,10.06,75.41,25.39,77.5,25.44,4.96,6.44,32.27,22.77,-27.27,-35.58,20.97,198429291.9473648,42219000.0,0.4748,-46.38,1071300,1.34,4.8,3.33,4.54,9.25,4.18,18.66,4.86,2.06,5.67,92.5,949670,797320,934248,-0.134
5028,RIBB,Financial Services,Shell Companies,NASDAQ,61.04,15.56,67.81,4.83,74.8,26.08,96.51,60.73,92.18,52.02,90.83,46.49,7.1,-15.48,-19.46,-36.32,-34.38,-31.5,23.48,38155830.34285545,4793446.0,0.0002,-61.56,700,0.02,7.21,-1.53,7.82,-9.21,8.17,-13.1,9.77,-27.33,11.11,57.07,6980,40576,24642,
5029,MATH,Financial Services,Capital Markets,NASDAQ,61.02,15.52,96.08,54.81,64.01,15.96,54.47,10.36,45.55,7.94,51.42,9.73,0.94,-10.76,-6.3,0.75,1.41,-61.44,10.56,52767165.140036345,47537986.0,0.0022,-77.07,19000,0.13,1.05,-10.48,1.05,-10.48,1.02,-7.84,0.92,2.17,7.89,36.42,48700,150110,105238,0.011
5030,TMC,Basic Materials,Other Industrial Metals & Mining,NASDAQ,61.0,15.5,79.11,11.76,70.44,21.54,63.8,15.17,54.95,11.76,82.95,30.7,3.43,-8.78,-14.25,-14.46,-0.58,-56.53,12.2,1671903459.9520168,441135482.0,0.103,-69.78,5459700,1.12,3.64,-5.77,3.73,-8.04,3.84,-10.68,4.13,-16.95,6.78,51.61,4153270,4867390,5626432,
5031,CCM,Healthcare,Medical Care Facilities,NYSE,61.0,15.5,73.54,7.47,71.19,22.15,80.08,28.0,85.96,36.65,72.21,21.36,3.1,5.44,-12.92,-21.52,-29.71,-25.3,27.09,13763262.241247177,4341723.0,0.0097,-55.46,7300,0.35,3.14,-1.27,3.23,-4.02,3.54,-12.43,4.22,-26.54,11.31,28.51,7430,21026,54974,0.574
5032,MLGO,Technology,Software - Infrastructure,NASDAQ,60.95,15.47,82.51,15.49,58.65,12.77,59.85,13.1,61.7,15.75,38.82,5.83,3.04,-6.46,-5.0,-17.17,-22.94,-52.43,13.64,34684616.06477165,10941519.0,0.076,-73.5,49400,1.02,3.11,-2.25,3.16,-3.8,3.32,-8.43,3.77,-19.36,5.76,22.84,45970,48520,41714,-0.273
5033,IVDA,Industrials,Security & Protection Services,NASDAQ,60.94,15.46,87.81,24.6,63.1,15.26,60.07,13.2,49.59,9.58,18.44,1.86,0.26,-13.33,-13.33,-7.14,8.33,-72.92,7.31,3630517.725533098,12519027.0,0.09060001,-85.39,232400,0.72,0.28,-7.14,0.29,-10.34,0.29,-10.34,0.31,-16.13,7.97,0.0,176010,323053,6126178,-0.475
5034,WTF,Financial Services,Capital Markets,NASDAQ,60.89,15.44,89.6,29.23,64.17,16.05,73.23,21.56,64.76,17.58,81.44,29.15,2.35,-8.56,0.0,-9.62,-18.83,-33.62,22.19,120593680.0,48237472.0,0.0275,-62.88,2200,0.81,2.38,-1.26,2.44,-3.69,2.48,-5.24,2.69,-12.64,7.44,54.31,2390,2710,3726,0.029
5035,BILI,Communication Services,Internet Content & Information,NASDAQ,60.85,15.42,92.54,37.93,64.42,16.34,64.42,15.59,61.83,15.81,88.91,40.48,14.85,0.47,0.27,-4.01,-19.86,-40.07,18.96,5948271929.587209,411930201.0,0.0864,-59.2,1832300,0.55,14.77,0.54,14.85,0.0,15.01,-1.07,16.29,-8.84,2.34,64.81,2397210,3355526,3005468,0.082
5036,SOUN,Technology,Software - Application,NASDAQ,60.85,15.42,84.33,18.4,67.96,19.09,65.34,16.33,56.07,12.3,62.27,14.65,5.52,-8.76,-9.51,-12.1,-3.16,-49.91,14.62,2593615088.006138,444112161.0,0.4047,-75.1,16907400,0.85,5.72,-3.5,5.84,-5.48,5.99,-7.85,6.55,-15.73,3.98,31.87,16057220,19939056,24390366,0.45
5037,FBIO,Healthcare,Biotechnology,NASDAQ,60.83,15.39,78.9,11.46,65.95,17.39,76.7,24.44,128.62,87.88,87.0,35.32,2.09,0.97,-8.33,-18.68,-37.61,-40.96,18.43,67702514.83582044,33350993.0,0.1981,-53.86,265300,0.93,2.06,1.46,2.12,-1.42,2.3,-9.13,2.59,-19.31,4.31,77.78,279450,285530,469042,0.14
5038,VTSI,Technology,Software - Application,NASDAQ,60.77,15.37,87.18,23.4,64.59,16.45,65.16,16.15,51.68,10.36,84.39,32.3,2.64,-4.35,-8.97,-10.51,-9.9,-40.0,19.0,31581750.528190613,11319624.0,0.0047999998,-58.03,28000,1.16,2.74,-3.65,2.76,-4.35,2.84,-7.04,2.98,-11.41,3.77,10.05,32000,24143,31184,-0.174
5039,CTXR,Healthcare,Biotechnology,NASDAQ,60.66,15.35,83.57,17.12,70.67,21.67,67.06,17.27,46.07,8.1,70.96,20.45,0.49,-9.44,-14.21,-16.41,-14.06,-54.3,13.03,14604767.38399446,27452570.0,0.20629999,-77.63,132400,0.6,0.5,-2.0,0.53,-7.55,0.55,-10.91,0.6,-18.33,6.91,29.54,170350,220856,553456,
5040,FLO,Consumer Defensive,Packaged Foods,NYSE,60.66,15.35,90.51,31.45,58.4,12.6,61.33,13.83,72.46,22.78,60.34,13.45,5.94,6.83,2.24,-0.75,-18.71,-42.06,17.71,1181159854.6620684,212057418.0,0.23629999,-54.76,8497200,1.04,5.74,3.48,5.69,4.39,5.84,1.71,6.46,-8.05,3.58,131.54,7698340,8131453,7339210,
5041,TRON,Consumer Cyclical,Leisure,NASDAQ,60.65,15.32,77.0,9.88,74.56,25.78,74.4,22.5,46.09,8.12,232.72,97.07,1.24,-10.14,-15.65,-19.48,-15.07,-16.78,33.41,668878694.4057903,474382064.0,0.0334,-73.33,750100,0.82,1.31,-5.34,1.36,-8.82,1.43,-13.29,1.57,-21.02,5.89,27.4,590590,913636,1000056,0.168
5042,FUFU,Financial Services,Capital Markets,NASDAQ,60.56,15.31,91.85,35.53,64.15,16.02,50.13,8.94,42.66,6.86,60.84,13.76,1.3,-6.47,-9.09,4.0,3.17,-50.19,14.46,233375283.62564254,166696634.0,0.0049,-67.98,38600,0.45,1.39,-6.47,1.4,-7.14,1.37,-5.11,1.36,-4.41,8.42,36.55,62340,86240,142346,-0.629
5043,AIOS,Technology,Information Technology Services,NASDAQ,60.55,15.28,85.7,20.36,64.4,16.3,58.17,12.05,57.97,13.35,25.29,3.08,11.48,-4.25,-7.61,-9.61,-11.01,-67.39,8.91,36676799.01123047,3240000.0,0.0092,-87.24,15500,0.26,11.6,-1.03,12.2,-5.9,13.02,-11.83,13.19,-12.96,8.33,46.04,31530,58650,47430,
5044,ITOC,Healthcare,Medical Devices,NASDAQ,60.55,15.28,81.06,13.71,67.14,18.35,59.84,13.08,56.0,12.23,29.91,3.79,4.02,-12.15,-16.8,-17.35,0.5,-49.45,14.79,29145449.762791395,117050000.0,0.00059999997,249.57,4600,0.09,4.07,-1.23,4.29,-6.29,4.63,-13.17,4.66,-13.73,12.06,4.13,18566,51640,63261,0.495
5045,PNBK,Financial Services,Banks - Regional,NASDAQ,60.53,15.26,84.92,19.09,68.64,19.79,73.86,22.14,77.05,26.99,79.65,27.41,0.86,-8.51,-7.53,-9.47,-18.1,-55.21,12.74,117188147.70128489,126008760.0,0.0128,-57.0,355400,1.85,0.92,-6.52,0.94,-8.51,0.95,-9.47,1.03,-16.5,4.9,-0.0,114390,192243,201780,1.44
5046,KTCC,Technology,Computer Hardware,NASDAQ,60.48,15.24,78.99,11.56,59.14,13.02,69.89,18.98,130.2,88.64,89.97,44.29,2.17,-0.46,-0.91,-9.21,-44.92,-16.86,33.29,25008904.514467478,11065887.0,0.0026,-50.9,28800,0.67,2.2,-1.36,2.16,0.46,2.26,-3.98,2.98,-27.18,4.74,19.44,14890,43180,31566,-0.077
5047,TCX,Technology,Software - Infrastructure,NASDAQ,60.46,15.22,93.36,41.37,55.2,11.12,63.95,15.32,48.81,9.2,76.7,24.65,9.66,1.9,-5.29,-11.46,3.54,-58.89,11.37,105000035.51907349,11182112.0,0.1337,-61.62,44800,0.68,9.44,2.33,9.54,1.26,10.0,-3.4,10.82,-10.72,4.83,57.89,47310,65543,84998,0.021
5048,DTSS,Technology,Software - Infrastructure,NASDAQ,60.4,15.21,78.32,10.92,83.5,37.45,54.84,10.61,59.33,14.11,65.73,17.03,0.62,-25.24,-29.56,-9.2,-26.82,-30.89,23.81,12102474.96640706,14424881.0,0.019199999,-72.93,76900,0.01,0.68,-8.82,0.77,-19.48,0.79,-21.52,0.75,-17.33,14.55,11.08,358700,6430790,4043278,-0.648
5049,TPB,Consumer Defensive,Tobacco,NYSE,60.34,15.18,78.36,10.94,58.57,12.74,73.29,21.6,81.92,32.03,83.96,31.9,57.04,3.11,-5.12,-20.63,-25.28,-47.61,15.39,1077609579.9389954,19367534.0,0.1566,-61.17,546200,1.28,57.19,-0.26,58.25,-2.08,62.7,-9.03,74.23,-23.16,5.56,27.12,526730,425656,385246,0.226
5050,RWT,Real Estate,REIT - Mortgage,NYSE,60.34,15.18,80.09,12.61,68.26,19.32,63.9,15.25,82.7,32.89,99.67,61.85,3.33,-8.77,-9.51,-4.06,-25.59,-33.39,22.43,443411881.3661995,125612432.0,0.0,-52.22,3163400,0.48,3.42,-2.63,3.59,-7.24,3.65,-8.77,4.1,-18.78,4.73,44.42,3976570,6546216,4546050,
5051,PSFE,Technology,Software - Infrastructure,NYSE,60.29,15.16,84.38,18.52,69.8,20.88,71.31,20.24,78.52,28.15,79.29,26.97,5.74,5.51,-10.03,-8.16,-33.56,-28.52,25.09,281441387.10848236,52215472.0,0.1142,-57.53,227800,0.67,5.61,2.32,5.74,0.0,6.08,-5.59,6.62,-13.29,5.68,58.27,312840,341833,371094,0.045
5052,AORT,Healthcare,Medical Devices,NYSE,60.24,15.14,85.56,20.18,64.88,16.64,77.22,24.99,57.57,13.16,97.7,58.9,21.21,-3.28,-7.9,-13.96,-23.01,-54.44,12.98,1087751264.4713688,48756221.0,0.0809,-56.04,602200,1.0,21.92,-3.24,22.28,-4.8,23.31,-9.01,25.54,-16.95,4.41,34.2,503060,602286,673530,0.113
5053,ALNY,Healthcare,Biotechnology,NASDAQ,60.19,15.12,85.9,20.89,65.05,16.79,65.74,16.54,69.73,20.52,82.81,30.5,224.53,-2.88,-10.04,-9.28,-21.66,-43.9,16.85,29400539570.30121,133809118.0,0.0716,-54.69,1771700,1.18,222.5,0.91,235.58,-4.69,240.8,-6.76,236.84,-5.2,4.28,63.85,1321590,1502836,1870622,0.669
5054,FOXX,Technology,Consumer Electronics,NASDAQ,60.09,15.11,90.58,31.62,57.82,12.3,55.94,10.99,52.45,10.66,115.52,79.0,2.49,-4.23,0.81,-7.78,6.87,-47.13,15.61,18394757.52528429,7074907.0,0.0041,-68.48,0,0.0,2.52,-1.19,2.53,-1.58,2.52,-1.19,2.61,-4.6,7.97,-0.0,6410,6750,10864,-0.499
5055,BXMT,Real Estate,REIT - Mortgage,NYSE,60.08,15.09,83.58,17.13,63.36,15.46,68.48,18.21,83.13,33.52,100.37,62.57,11.21,-0.8,-5.93,-13.54,-28.93,-37.49,20.08,1837125077.6057224,168543591.0,0.0883,-45.77,3806600,1.38,11.11,0.9,11.41,-1.75,12.06,-7.05,12.98,-13.64,3.35,74.64,3501300,2748820,2788296,-0.731
5056,MENS,Healthcare,Biotechnology,NASDAQ,60.07,15.07,94.83,48.02,70.05,21.18,61.84,14.05,46.75,8.5,35.05,4.98,2.1,3.45,-2.33,4.48,-6.25,-33.86,22.0,165740321.3153944,76027668.0,0.0058999998,-96.67,39300,0.87,2.08,0.96,2.05,2.44,2.08,0.96,2.12,-0.94,8.95,53.19,32760,45096,41886,
5057,HE,Utilities,Utilities - Regulated Electric,NYSE,60.05,15.06,82.65,15.64,63.42,15.54,73.55,21.81,93.76,55.17,116.54,79.67,8.82,-1.23,-3.82,-15.76,-32.57,-22.77,28.65,1539894915.19738,173021908.0,0.15010001,-49.25,3302300,1.14,8.85,-0.34,8.92,-1.12,9.45,-6.67,10.77,-18.11,2.96,65.03,2970750,2905740,2605046,0.259
5058,MOB,Industrials,Aerospace & Defense,NASDAQ,60.04,15.03,75.58,8.77,76.54,27.57,71.43,20.29,81.42,31.29,113.81,77.8,3.94,-8.8,-20.88,-19.92,-9.22,-40.48,18.71,54172819.62086201,12867653.0,0.0292,-64.25,82700,0.63,4.12,-4.37,4.34,-9.22,4.65,-15.27,5.19,-24.08,6.93,14.66,116510,130770,134450,0.19
5059,BGS,Consumer Defensive,Packaged Foods,NYSE,60.04,15.03,80.3,12.88,64.97,16.73,70.29,19.28,78.44,28.07,113.49,77.53,2.62,-10.58,-10.47,-16.04,-27.52,-34.47,21.62,218339237.33441305,81167001.0,0.1724,-58.93,2308800,1.0,2.56,2.34,2.76,-5.07,2.87,-8.71,3.16,-17.09,5.25,79.93,2637860,2308230,2335586,-0.097
5060,REZI,Industrials,Industrial Distribution,NYSE,60.0,15.01,86.38,21.7,68.73,19.89,74.51,22.59,91.34,50.0,131.18,86.09,17.2,-5.34,-6.01,-8.66,-30.71,-30.81,23.87,2786399444.225178,151847378.0,0.098500006,-45.43,4343700,2.01,18.12,-5.08,18.15,-5.23,18.47,-6.88,20.38,-15.6,4.03,59.18,2114510,2166393,2426580,0.02
5061,AVBP,Healthcare,Biotechnology,NASDAQ,59.97,14.98,53.27,1.83,110.4,82.45,104.87,72.83,121.49,85.16,130.18,85.74,16.71,-42.24,-44.49,-41.78,-44.37,-24.08,27.75,1393929521.401287,49307729.0,0.1886,-53.36,2154200,1.53,21.08,-20.73,25.19,-33.66,27.22,-38.61,29.02,-42.42,16.7,33.32,3098570,1407530,1010396,
5062,GURE,Basic Materials,Chemicals,NASDAQ,59.97,14.98,84.05,17.95,66.22,17.63,62.81,14.53,60.82,14.91,88.02,36.95,2.9,-0.34,-10.49,-9.37,-8.52,-32.4,22.93,5476863.585409641,1813531.0,0.0014,-75.49,2400,0.02,2.98,-2.68,3.05,-4.92,3.26,-11.04,3.28,-11.59,14.29,24.14,100400,135073,85100,0.545
5063,WYFI,Technology,Information Technology Services,NASDAQ,59.95,14.96,70.27,5.73,82.93,36.43,78.74,26.61,138.13,90.86,74.91,23.27,15.75,-9.9,-22.26,-15.0,-23.47,-5.91,43.96,696546767.5955048,38848118.0,0.4149,-66.4,1764700,1.17,17.06,-7.68,17.78,-11.42,18.25,-13.7,20.93,-24.75,7.86,36.33,1205520,1504496,2025454,0.557
5064,AGNT,Real Estate,Real Estate Services,NASDAQ,59.87,14.94,101.85,82.51,46.13,8.18,54.3,10.31,51.15,10.15,61.59,14.24,4.01,12.64,13.6,6.93,5.88,-58.18,11.66,609980485.9876084,167117937.0,0.148,-67.2,2144500,1.2,3.83,4.7,3.71,8.09,3.77,6.37,4.03,-0.5,5.39,120.33,1736500,1785616,1595462,0.107
5065,AGIG,Utilities,Utilities - Renewable,NYSE ARCA,59.82,14.92,83.76,17.4,73.69,24.75,67.05,17.25,44.11,7.37,19.81,2.04,0.94,-2.08,-26.56,-20.34,2.17,-45.35,16.33,44150321.0,44150321.0,0.026400002,-85.97,81000,0.59,0.95,-1.05,1.06,-11.32,1.13,-16.81,1.04,-9.62,11.02,19.31,126210,137593,145972,3.044
5066,NIU,Consumer Cyclical,Auto Manufacturers,NASDAQ,59.82,14.92,88.56,26.29,72.6,23.54,63.03,14.64,60.87,14.93,80.91,28.66,1.88,1.62,-12.56,-9.18,-26.27,-38.96,19.43,147459845.0659876,78436088.0,0.0446,-66.84,95300,0.45,1.9,-1.05,1.91,-1.57,2.0,-6.0,2.07,-9.18,4.98,32.06,225270,211610,201700,0.147
5067,CIA,Financial Services,Insurance - Life,NYSE,59.78,14.89,87.77,24.57,58.19,12.48,61.08,13.68,103.64,70.08,103.7,67.46,3.53,1.73,-2.22,0.86,-27.96,-40.77,18.53,179276600.38811874,50643108.0,0.092,-46.02,140600,1.18,3.52,0.28,3.54,-0.28,3.55,-0.56,3.83,-7.83,4.55,68.44,107610,119513,135550,-0.072
5068,MDXH,Healthcare,Diagnostics & Research,NASDAQ,59.77,14.88,95.06,49.32,57.87,12.35,52.88,9.88,14.34,1.28,74.9,23.24,0.58,0.87,-0.17,-14.05,45.25,-81.56,5.13,54483323.21106076,95417382.0,0.0183,-89.12,59200,0.28,0.59,-1.69,0.57,1.75,0.61,-4.92,0.62,-6.45,7.34,11.74,199060,213696,7196532,0.023
5069,ASTI,Technology,Solar,NASDAQ,59.7,14.86,71.74,6.47,68.48,19.6,74.04,22.33,98.63,62.89,211.07,96.58,2.24,-2.61,-21.95,-20.71,-19.71,-47.04,15.63,22675955.048299313,9816431.0,0.0921,-77.3,324100,1.08,2.38,-5.88,2.5,-10.4,2.69,-16.73,2.95,-24.07,8.75,30.1,338260,300766,312140,4.613
5070,TOYO,Technology,Solar,NASDAQ,59.68,14.84,91.87,35.59,56.65,11.69,49.04,8.62,75.08,25.12,247.02,97.27,4.36,2.35,0.23,-0.46,-7.23,-30.24,24.14,186681797.87120438,42718948.0,0.1013,-74.99,331600,0.73,4.39,-0.68,4.35,0.23,4.35,0.23,4.71,-7.43,4.07,28.18,362020,452026,678584,0.35
5071,ACET,Healthcare,Biotechnology,NASDAQ,59.67,14.83,64.64,4.03,86.98,44.34,104.25,72.11,80.0,29.83,71.8,21.0,5.74,-13.55,-30.59,-39.77,-30.84,-27.38,25.63,60849685.0,9361490.0,0.0292,-67.09,487600,1.82,6.23,-7.87,6.71,-14.46,7.93,-27.62,8.51,-32.55,12.32,26.87,496870,268280,194914,
5072,BGSI,Consumer Cyclical,Auto & Truck Dealerships,NYSE,59.58,14.81,90.97,32.73,57.48,12.14,59.12,12.63,61.74,15.77,67.74,18.36,78.07,-0.76,-1.26,-4.13,-29.08,-51.21,13.99,2182711928.0130615,27830064.0,5.69,-57.36,61600,1.12,77.7,0.48,78.27,-0.26,80.81,-3.39,88.29,-11.58,2.99,45.87,42270,54903,59118,0.299
5073,MIND,Technology,Scientific & Technical Instruments,NASDAQ,59.53,14.79,100.94,80.27,59.71,13.38,51.13,9.34,54.45,11.52,71.06,20.57,4.61,0.44,1.77,17.9,-3.35,-41.57,18.14,40991640.130319595,9089055.0,0.0456,-68.21,103200,1.09,4.51,2.22,4.45,3.6,4.3,7.21,4.51,2.22,5.92,113.61,67230,95023,95326,-0.585
5074,RBBN,Technology,Software - Application,NASDAQ,59.51,14.78,85.73,20.41,64.19,16.07,64.27,15.47,63.68,16.88,74.82,23.14,1.72,0.0,-5.49,-12.24,-21.46,-40.48,18.71,316517329.62921524,178823352.0,0.0537,-57.95,1267100,1.13,1.76,-2.27,1.76,-2.27,1.8,-4.44,1.94,-11.34,5.65,10.29,1499350,1121130,941532,-0.128
5075,GLUE,Healthcare,Biotechnology,NASDAQ,59.45,14.76,71.91,6.52,76.41,27.44,116.31,83.72,182.41,96.39,201.89,96.18,10.32,-8.35,-11.95,-27.93,-52.13,-33.59,22.22,895790710.5,85313401.0,0.22940001,-59.95,1886600,1.47,10.23,0.88,10.95,-5.75,11.94,-13.57,13.85,-25.49,6.35,76.29,1488380,1284620,1390902,-0.613
5076,DOMH,Financial Services,Capital Markets,NASDAQ,59.43,14.74,90.44,31.2,61.0,13.95,53.26,9.97,71.82,22.26,60.0,13.33,2.15,1.9,-6.52,6.97,-3.59,-43.96,16.83,54305767.271205425,24243646.0,0.0671,-71.49,175200,0.72,2.13,0.94,2.22,-3.15,2.27,-5.29,2.4,-10.42,9.44,29.58,190050,241903,225072,-0.569
5077,NPWR,Industrials,Specialty Industrial Machinery,NYSE,59.4,14.73,72.33,6.62,76.84,27.93,83.91,32.05,59.9,14.44,54.79,10.68,1.24,-12.68,-23.93,-31.87,-8.82,-46.55,15.84,122988145.3242737,88480681.0,0.0571,-76.15,590900,1.0,1.29,-3.88,1.41,-12.06,1.61,-22.98,1.67,-25.75,6.85,29.41,538260,592110,755366,
5078,LAB,Healthcare,Medical Devices,NASDAQ,59.38,14.71,88.41,26.0,68.83,19.98,59.6,12.97,63.39,16.69,61.83,14.39,0.67,-8.22,-9.46,-2.9,-22.99,-58.9,11.35,290508321.66392326,392578808.0,0.0109,-61.05,1906400,1.4,0.71,-5.63,0.72,-6.94,0.72,-6.94,0.72,-6.94,5.97,75.0,1045760,1357473,1434968,-0.076
5079,EIKN,Healthcare,Biotechnology,NASDAQ,59.35,14.68,75.72,8.88,59.63,13.33,75.89,23.67,67.19,18.94,70.23,19.67,7.5,1.21,-9.53,-18.57,-16.76,,,397029665.76753616,54165030.0,0.1337,-56.9,847100,1.37,7.48,0.27,7.66,-2.09,8.28,-9.42,9.63,-22.12,7.5,55.08,564110,619760,567762,
5080,QNTM,Healthcare,Biotechnology,NASDAQ,59.35,14.68,86.22,21.31,67.93,19.06,62.63,14.39,54.56,11.59,30.55,3.96,3.11,-9.2,-22.25,-5.47,9.89,-65.02,9.53,22117807.167904377,6429595.0,0.0324,-83.52,77300,0.41,3.21,-3.12,3.47,-10.37,3.54,-12.15,3.37,-7.72,9.4,3.42,181640,188633,237978,
5081,APTV,Consumer Cyclical,Auto Parts,NYSE,59.33,14.66,92.74,38.73,56.09,11.43,57.39,11.7,75.61,25.53,75.79,23.89,44.21,0.55,1.45,-3.24,-23.74,-43.53,16.95,9040355421.833992,207633331.0,0.048699997,-50.29,3493100,0.78,44.12,0.2,43.94,0.61,44.12,0.2,46.59,-5.11,2.97,64.74,2864590,4462366,4572240,0.023
5082,GT,Consumer Cyclical,Auto Parts,NASDAQ,59.26,14.64,81.88,14.63,61.75,14.43,71.69,20.47,77.42,27.28,70.47,19.96,4.75,-5.57,-6.31,-14.26,-34.75,-46.45,15.92,1393429931.009861,287898737.0,0.2174,-55.27,9474000,1.0,4.72,0.64,4.88,-2.66,5.07,-6.31,5.77,-17.68,4.48,70.47,8824610,9434663,9289954,-0.048
5083,CLNE,Energy,Oil & Gas Refining & Marketing,NASDAQ,59.17,14.63,86.94,22.72,68.14,19.23,67.54,17.57,89.86,44.21,98.83,60.56,1.52,-3.18,-7.32,-4.4,-19.58,-31.84,23.28,343894210.78603506,220445015.0,0.047199998,-51.13,1269300,0.8,1.55,-1.94,1.56,-2.56,1.63,-6.75,1.67,-8.98,3.34,0.0,883200,1587720,1763182,0.037
5084,OPFI,Financial Services,Credit Services,NYSE,59.14,14.6,83.99,17.86,58.23,12.51,76.45,24.21,85.03,35.51,80.5,28.16,6.09,2.35,-2.4,-19.76,-36.03,-43.3,17.02,508693216.7125983,85208247.0,0.041100003,-47.9,807300,0.97,6.07,0.33,6.08,0.16,6.54,-6.88,7.26,-16.12,2.98,71.51,580420,836466,957046,-0.139
5085,IIIV,Technology,Software - Infrastructure,NASDAQ,59.14,14.6,92.72,38.64,55.94,11.34,61.4,13.86,74.49,24.55,69.98,19.6,15.46,6.92,2.18,-0.39,-27.93,-40.31,18.87,257321996.62820816,18019748.0,0.5678,-54.49,449800,0.78,14.94,3.48,14.62,5.75,14.88,3.9,16.42,-5.85,4.28,78.62,438050,577236,559204,0.022
5086,IONR,Basic Materials,Other Industrial Metals & Mining,NASDAQ,59.09,14.58,89.35,28.36,67.34,18.54,69.1,18.61,77.15,27.1,75.83,23.94,2.97,3.12,-6.31,2.06,-7.76,-33.26,22.48,234979635.53378248,80197826.0,0.0025,-63.78,56400,0.61,3.0,-1.0,3.06,-2.94,3.09,-3.88,3.17,-6.31,6.15,19.16,93090,92393,83172,
5087,BNAI,Technology,Software - Infrastructure,NASDAQ,59.07,14.55,57.55,2.56,138.78,93.4,117.1,84.32,184.85,96.53,787.99,98.9,5.29,-13.14,-18.43,-35.8,-54.48,205.78,98.02,45913540.534529686,7626834.0,0.098400004,-93.87,159500,1.14,5.65,-6.37,5.85,-9.57,6.55,-19.24,10.44,-49.33,8.37,40.65,120940,139773,126004,31.017
5088,MIRA,Healthcare,Drug Manufacturers - General,NASDAQ,59.07,14.55,84.15,18.1,64.37,16.26,61.23,13.77,66.89,18.76,64.1,15.78,0.7,-2.77,-16.31,-10.9,-16.51,-56.87,12.07,30676124.311507702,42022087.0,0.0154,-71.43,142500,0.12,0.72,-2.78,0.78,-10.26,0.79,-11.39,0.77,-9.09,9.41,28.85,152200,1154106,731974,
5089,BLDP,Industrials,Electrical Equipment & Parts,NASDAQ,59.05,14.53,81.18,13.85,63.48,15.58,71.11,19.96,97.37,60.79,123.25,83.21,1.94,-3.96,-8.92,-12.61,-22.4,-25.67,26.8,719735930.5586905,351090706.0,0.0596,-70.47,3101700,1.18,2.02,-3.96,2.05,-5.37,2.11,-8.06,2.32,-16.38,4.16,24.78,2281650,2632056,3050826,0.154
5090,OGEN,Healthcare,Biotechnology,NYSE ARCA,59.04,14.51,86.14,21.19,63.26,15.37,55.98,11.04,55.68,12.05,48.45,8.63,0.46,-4.17,-8.0,-8.0,-8.0,-47.73,15.34,2124654.251351595,4336029.0,0.17889999,-68.28,45800,1.45,0.49,-6.12,0.48,-4.17,0.49,-6.12,0.51,-9.8,6.37,-0.0,26130,31586,31570,
5091,IONS,Healthcare,Biotechnology,NASDAQ,59.02,14.49,82.28,15.13,51.76,9.6,70.07,19.14,74.44,24.47,132.85,86.71,43.3,-1.59,-1.16,-22.19,-19.87,-45.58,16.24,7235665532.026291,166184322.0,0.1665,-50.08,3349200,0.86,43.7,-0.92,44.31,-2.28,46.0,-5.87,52.97,-18.26,3.73,31.54,3215860,3891896,3283544,-0.407
5092,CFND,Financial Services,Asset Management,NYSE,58.97,14.48,87.27,23.65,67.68,18.88,68.86,18.45,59.22,14.07,49.78,9.18,2.69,-11.22,-10.33,-13.5,-15.14,-44.88,16.52,20033461.08679676,6568348.0,0.04,-68.87,144400,1.84,2.91,-7.56,2.97,-9.43,3.04,-11.51,2.91,-7.56,6.26,29.69,32050,78603,85514,
5093,TRIP,Consumer Cyclical,Travel Services,NASDAQ,58.91,14.46,91.96,35.95,57.21,12.02,63.81,15.19,93.72,55.09,72.03,21.15,8.96,6.92,5.16,1.47,-38.55,-35.4,21.11,997366427.2448006,117199342.0,0.35919997,-49.72,3911700,0.96,8.68,3.23,8.54,4.92,8.67,3.34,9.89,-9.4,4.19,88.0,3298580,4079496,3934208,-0.072
5094,PLNT,Consumer Cyclical,Leisure,NYSE,58.89,14.44,93.17,40.67,50.75,9.33,64.87,15.87,53.53,11.14,65.38,16.7,44.03,5.21,8.13,-11.9,-21.64,-60.47,10.83,3203358462.6045647,75533093.0,0.1378,-61.47,2507700,1.02,42.77,2.95,42.18,4.39,45.02,-2.2,49.15,-10.42,4.82,56.96,2587440,2452843,2327740,0.045
5095,WVVI,Consumer Defensive,Beverages - Wineries & Distilleries,NASDAQ,58.85,14.43,86.4,21.73,63.33,15.44,65.74,16.54,77.22,27.19,65.42,16.72,1.87,5.06,1.08,-14.22,-26.38,-33.45,22.38,9809672.272465467,4979529.0,0.0016,-53.25,5300,0.54,1.91,-2.09,1.86,0.54,1.92,-2.6,2.15,-13.02,8.63,61.95,11250,9843,17854,-0.016
5096,IOTR,Communication Services,Telecom Services,NASDAQ,58.77,14.41,82.56,15.56,64.97,16.73,70.9,19.81,86.47,37.29,64.19,15.81,1.96,1.03,1.03,-14.78,-36.98,-28.99,24.82,9484554.531927586,4863874.0,0.0029,-73.76,5200,0.1,1.93,1.55,1.96,0.0,1.96,0.0,2.37,-17.3,6.65,3.84,2380,51803,35788,0.41
5097,NCTY,Financial Services,Capital Markets,NASDAQ,58.76,14.39,86.18,21.27,52.24,9.76,57.7,11.82,49.42,9.5,57.55,12.11,3.47,3.58,-2.8,-7.22,-20.41,-57.79,11.82,50401308.471720695,15273124.0,0.0507,-70.09,63800,0.34,3.37,2.97,3.39,2.36,3.64,-4.67,4.21,-17.58,8.32,48.51,122120,189790,237674,-0.808
5098,NYC,Real Estate,Real Estate Services,NYSE,58.76,14.39,82.1,14.88,66.09,17.54,70.23,19.22,80.5,30.47,66.84,17.69,5.66,-8.19,-12.92,-10.3,-41.1,-30.04,24.29,20595245.0440979,3163632.0,0.0034,-59.48,10300,0.57,6.17,-8.27,6.21,-8.86,6.15,-7.97,6.84,-17.25,7.65,0.0,11920,18080,28198,-0.401
5099,ILAG,Industrials,Building Products & Equipment,NASDAQ,58.72,14.36,80.58,13.17,77.55,28.71,78.39,26.11,82.35,32.44,78.36,26.13,2.64,-5.04,-15.17,-10.81,-22.81,-20.48,30.23,6023149.398073196,2076948.0,0.0017,-63.28,1400,0.35,2.83,-6.71,2.82,-6.38,2.88,-8.33,3.06,-13.73,5.62,6.74,4100,3983,2734,-0.279
5100,ESAB,Industrials,Metal Fabrication,NYSE,58.65,14.34,85.24,19.59,59.14,13.02,63.16,14.76,69.54,20.37,80.04,27.79,64.88,-3.15,-4.26,-6.17,-24.8,-42.66,17.22,4343304188.111961,62135967.0,0.0941,-52.79,2511600,2.46,69.04,-6.03,68.43,-5.19,67.93,-4.49,76.13,-14.78,5.26,62.75,1218250,1022543,910958,0.129
5101,PODD,Healthcare,Medical Devices,NASDAQ,58.58,14.33,93.13,40.53,57.64,12.24,58.8,12.44,56.85,12.75,63.56,15.36,134.47,2.81,-0.96,-0.16,-21.19,-53.57,13.35,9133254635.631775,69354199.0,0.08270001,-62.11,1557400,0.88,134.17,0.22,133.42,0.79,135.85,-1.02,142.69,-5.76,2.79,42.85,1812400,1774760,1786948,0.235
5102,AZTR,Healthcare,Biotechnology,NYSE ARCA,58.54,14.31,79.1,11.71,62.34,14.78,60.75,13.55,35.54,5.23,32.93,4.45,0.13,2.33,-20.96,-26.67,3.12,-55.1,12.78,7999693.900652826,60603742.0,0.0128,-88.07,275200,0.36,0.13,0.0,0.14,-7.14,0.16,-18.75,0.15,-13.33,9.67,0.0,844180,759426,1779886,
5103,WD,Financial Services,Mortgage Finance,NYSE,58.49,14.29,83.22,16.63,59.93,13.5,66.42,16.92,74.41,24.4,64.26,15.87,34.39,-0.41,-7.83,-14.73,-30.78,-40.34,18.82,1166045599.5515442,34325745.0,0.0629,-61.79,744200,1.4,34.1,0.85,35.14,-2.13,37.11,-7.33,40.36,-14.79,4.44,83.74,616010,530013,503592,-0.1
5104,OWLT,Healthcare,Medical Devices,NYSE,58.39,14.28,87.97,25.01,68.27,19.35,70.6,19.56,71.23,21.77,71.51,20.79,4.66,-7.36,-8.09,-0.64,-7.72,-66.83,9.03,147861683.94792223,29221677.0,0.0273,-72.49,151700,0.8,4.88,-4.51,5.01,-6.99,4.93,-5.48,5.19,-10.21,6.21,34.57,122270,188873,209046,0.299
5105,FUBO,Communication Services,Broadcasting,NYSE,58.38,14.26,93.01,39.97,61.88,14.5,65.09,16.03,42.12,6.72,32.23,4.3,9.35,5.29,-3.91,-18.05,5.77,-71.25,7.85,261569034.21119308,30204277.0,0.20889999,-82.25,978800,0.81,8.94,4.59,9.07,3.09,9.85,-5.08,10.03,-6.78,4.72,58.88,1074960,1205790,1401730,0.38
5106,OKUR,Healthcare,Biotechnology,NASDAQ,58.35,14.24,66.84,4.5,73.23,24.13,86.55,35.65,112.71,79.67,157.97,92.53,2.3,-9.45,-21.5,-29.66,-41.77,-23.59,28.06,103412426.4885521,40395480.0,0.0378,-57.25,519600,1.67,2.46,-6.5,2.58,-10.85,2.81,-18.15,3.43,-32.94,10.56,69.98,604790,311513,246138,
5107,NNE,Industrials,Specialty Industrial Machinery,NASDAQ,58.35,14.24,84.06,17.96,61.64,14.39,58.89,12.5,50.79,9.99,69.59,19.32,15.26,-2.99,-10.34,-12.1,2.55,-53.8,13.28,838765034.3747349,53698146.0,0.3489,-74.93,2544900,1.33,15.78,-3.3,15.94,-4.27,16.27,-6.21,17.5,-12.8,5.96,48.37,1898140,1911683,1895090,
5108,LOCL,Consumer Defensive,Farm Products,NYSE,58.3,14.21,95.91,53.87,58.52,12.63,68.74,18.38,62.32,16.0,51.03,9.56,1.07,0.94,0.94,-10.08,5.94,-54.27,13.05,25602760.68895054,23381516.0,0.064899996,-73.22,25700,0.63,1.09,-1.83,1.07,0.0,1.11,-3.6,1.08,-0.93,6.13,30.47,32110,40990,32866,0.144
5109,NB,Basic Materials,Other Industrial Metals & Mining,NASDAQ,58.29,14.2,84.64,18.84,62.05,14.62,65.83,16.62,68.56,19.84,110.44,75.01,3.41,-0.58,-3.67,-10.5,-11.66,-40.49,18.66,506098220.2727914,145849630.0,0.074200004,-72.89,2829300,1.2,3.46,-1.45,3.48,-2.01,3.57,-4.48,4.16,-18.03,4.27,54.9,2296860,2362626,3022172,
5110,LHAI,Real Estate,Real Estate Services,NASDAQ,58.28,14.17,95.56,52.09,77.5,28.64,71.84,20.59,43.13,6.96,20.23,2.09,1.03,3.0,-0.96,-7.21,28.75,-91.95,2.85,17191199.369430542,16530000.0,0.0559,-93.42,39100,0.01,1.07,-3.74,1.04,-0.96,1.08,-4.63,0.96,7.29,8.5,0.0,55450,3576466,2199158,0.128
5111,LMB,Industrials,Building Products & Equipment,NASDAQ,58.28,14.17,96.62,57.57,54.99,10.99,53.05,9.91,71.93,22.36,88.21,37.5,50.95,2.54,-0.74,5.46,-24.7,-35.01,21.37,585324371.5098953,11921067.0,0.086899996,-55.68,260100,0.72,50.46,0.97,49.89,2.12,50.5,0.89,49.71,2.49,4.33,39.67,254670,361520,407028,0.219
5112,CTMX,Healthcare,Biotechnology,NASDAQ,58.27,14.14,76.73,9.66,72.03,22.92,98.52,63.53,91.09,49.39,228.93,97.02,2.47,-6.08,-10.18,-26.27,-22.08,-38.25,19.7,557822154.571703,217899284.0,0.20120001,-69.91,4502000,1.15,2.54,-2.76,2.62,-5.73,2.78,-11.15,3.15,-21.59,6.07,26.69,2929150,3918486,3381378,-0.924
5113,SDHC,Real Estate,Real Estate - Development,NYSE,58.27,14.14,86.86,22.53,62.05,14.62,63.91,15.28,83.4,33.69,67.72,18.32,10.21,0.69,-2.76,-2.02,-32.11,-49.1,14.94,84596238.07970428,8392484.0,0.23879999,-56.53,73000,1.37,10.09,1.19,10.15,0.59,10.27,-0.58,11.9,-14.2,4.43,101.74,39510,53263,49882,0.219
5114,APYX,Healthcare,Medical Devices,NASDAQ,58.23,14.11,73.96,7.68,74.28,25.45,76.74,24.47,124.94,86.65,164.94,93.46,2.36,-5.6,-16.61,-18.34,-38.54,-32.38,22.96,107416256.64137006,42124023.0,0.0055,-53.54,231400,1.43,2.52,-6.35,2.56,-7.81,2.77,-14.8,3.1,-23.87,8.12,10.43,228230,161593,147826,0.221
5115,BKKT,Technology,Software - Infrastructure,NYSE,58.2,14.1,80.57,13.15,82.52,35.6,76.58,24.4,51.71,10.38,46.51,8.07,7.03,-8.82,-22.58,-11.35,2.63,-33.43,22.41,349288299.5,45069458.0,0.2604,-85.1,1617000,1.26,7.39,-4.87,7.71,-8.82,8.06,-12.78,7.86,-10.56,8.84,35.4,1165660,1278743,1372536,-0.701
5116,JBDI,Consumer Cyclical,Specialty Retail,NASDAQ,58.19,14.08,76.57,9.56,71.76,22.64,64.52,15.62,73.39,23.58,62.27,14.65,0.95,-2.55,-18.38,-22.98,-21.07,-48.1,15.22,9324253.301475525,9514544.0,0.0201,-79.17,7200,0.37,0.98,-3.06,1.04,-8.65,1.11,-14.41,1.24,-23.39,9.33,33.84,15750,19546,19432,0.109
5117,REAX,Real Estate,Real Estate Services,NASDAQ,58.15,14.06,88.77,26.86,53.94,10.52,71.2,20.07,59.62,14.29,62.02,14.49,17.08,6.22,10.34,-7.83,3.52,-55.87,12.5,357646330.41443634,21794414.0,1.26,-62.04,717600,0.84,16.59,2.95,16.43,3.96,17.16,-0.47,19.81,-13.78,6.65,121.49,547230,856826,821656,0.296
5118,FVRR,Communication Services,Internet Content & Information,NYSE,58.13,14.05,92.41,37.36,56.09,11.43,63.04,14.66,65.5,17.9,47.38,8.22,8.64,0.93,1.41,-3.25,-6.19,-56.63,12.15,307019215.74858856,35950728.0,0.096,-64.57,381500,0.71,8.55,1.05,8.56,0.93,8.69,-0.58,8.99,-3.89,2.79,85.04,574850,540146,664208,-0.1
5119,OMEX,Basic Materials,Other Industrial Metals & Mining,NASDAQ,58.06,14.03,85.87,20.79,52.98,10.11,52.28,9.63,39.41,6.1,63.23,15.17,0.66,-4.93,-6.55,-11.59,1.86,-69.77,8.18,38971080.81272954,58691389.0,0.0908,-85.1,257900,1.0,0.67,-1.49,0.68,-2.94,0.71,-7.04,0.78,-15.38,6.65,15.96,243550,256816,314928,-0.423
5120,CAN,Technology,Computer Hardware,NASDAQ,58.05,14.01,81.38,13.96,80.1,31.56,58.21,12.15,34.27,4.9,57.67,12.19,0.29,-13.24,-24.94,-4.53,27.71,-64.11,9.76,256166528.63750994,731904380.0,0.0995,-86.94,9261300,0.64,0.32,-9.38,0.34,-14.71,0.35,-17.14,0.31,-6.45,10.96,15.73,7567200,14526636,17860242,-0.682
5121,GRAN,Financial Services,Capital Markets,NASDAQ,58.02,14.0,99.64,75.91,57.65,12.25,50.89,9.13,58.83,13.82,24.65,2.91,1.17,19.39,8.33,8.33,-21.48,-67.5,8.83,23485984.540430903,24985090.0,0.0208,-80.2,5214600,16.27,1.03,13.59,1.02,14.71,1.03,13.59,1.21,-3.31,14.15,119.59,539470,320550,193582,-0.118
5122,ENOV,Healthcare,Medical Devices,NYSE,57.98,13.98,82.57,15.57,65.5,17.08,69.41,18.76,84.3,34.78,86.5,34.64,17.43,-3.43,-4.6,-5.32,-42.4,-34.87,21.49,1024786934.7789993,57669494.0,0.19600001,-49.15,2305100,1.2,17.94,-2.84,18.11,-3.75,18.21,-4.28,22.17,-21.38,4.4,95.25,1516540,1921363,1605162,0.032
5123,MYPS,Communication Services,Electronic Gaming & Multimedia,NASDAQ,57.94,13.96,82.34,15.28,73.47,24.44,70.23,19.22,108.84,75.94,45.53,7.74,4.23,-10.38,-5.16,-13.5,-28.55,-35.71,20.89,59460075.85886669,12012137.0,0.0041,-57.32,54000,1.42,4.59,-7.84,4.64,-8.84,4.7,-10.0,5.23,-19.12,7.74,18.32,54147,37905,34801,-0.073
5124,WBUY,Consumer Cyclical,Internet Retail,NASDAQ,57.87,13.95,87.11,23.15,61.57,14.29,61.87,14.08,41.67,6.64,49.23,8.97,0.73,-12.12,-7.34,-18.21,-29.62,-59.33,11.17,4297185.423615456,5481104.0,0.024,-85.28,66300,0.02,0.75,-2.67,0.81,-9.88,0.84,-13.1,0.86,-15.12,12.74,31.18,4027310,2769620,1696092,
5125,ATER,Consumer Cyclical,"Furnishings, Fixtures & Appliances",NASDAQ,57.86,13.93,91.79,35.3,68.27,19.35,85.03,33.38,135.71,90.35,61.55,14.21,0.61,-0.16,-9.78,-28.94,62.4,-11.48,37.9,11768325.535962582,17966910.0,0.0465,-67.38,61600,0.02,0.63,-3.17,0.63,-3.17,0.67,-8.96,0.56,8.93,8.85,74.07,161930,3637446,2275892,-0.92
5126,BATL,Energy,Oil & Gas E&P,NYSE ARCA,57.85,13.9,79.49,12.19,70.28,21.35,80.37,28.34,87.6,38.61,217.69,96.76,1.03,-1.9,-8.04,-24.82,-32.24,-14.88,34.87,59000618.0111444,57282155.0,0.113199994,-96.53,4066100,0.95,1.03,0.0,1.04,-0.96,1.14,-9.65,1.26,-18.25,4.99,19.44,2465310,4275586,4453690,0.124
5127,JYD,Industrials,Integrated Freight & Logistics,NASDAQ,57.85,13.9,101.11,80.79,52.67,9.98,51.63,9.47,16.16,1.56,49.39,9.02,0.9,2.27,-10.89,10.02,-9.18,-75.61,6.56,6979375.070160627,8298900.0,0.0027,-87.67,38100,0.42,0.87,3.45,0.89,1.12,0.88,2.27,0.9,0.0,11.9,34.56,17900,90493,103706,0.086
5128,FAC,Industrials,Electrical Equipment & Parts,NASDAQ,57.84,13.87,82.89,16.05,50.63,9.28,39.39,6.18,52.85,10.86,89.8,43.72,5.08,-19.3,-15.89,-3.42,8.55,-50.68,14.26,642139470.0,107023245.0,2.05,-79.94,228500,0.58,5.41,-6.1,5.86,-13.31,5.76,-11.81,5.51,-7.8,8.47,25.57,332380,396990,360802,
5129,KLAR,Financial Services,Credit Services,NYSE,57.84,13.87,92.49,37.79,53.38,10.32,61.84,14.05,75.41,25.39,38.38,5.66,13.46,8.11,4.58,-2.46,-27.71,-56.27,12.26,4743292512.442852,379160066.0,0.133,-69.92,4674400,0.77,13.11,2.67,12.8,5.16,13.28,1.36,15.32,-12.14,3.44,93.0,4557170,6044773,6420542,0.266
5130,DRMA,Healthcare,Biotechnology,NASDAQ,57.82,13.85,82.28,15.13,62.1,14.68,64.88,15.89,56.17,12.39,34.04,4.8,1.07,-3.6,-8.55,-10.83,-9.32,-50.0,14.56,5475503.829513073,4955207.0,0.0294,-81.77,7000,0.21,1.11,-3.6,1.11,-3.6,1.14,-6.14,1.24,-13.71,5.64,33.14,17690,33066,891046,
5131,XTLB,Healthcare,Biotechnology,NASDAQ,57.81,13.82,76.76,9.68,75.56,26.83,79.07,26.95,73.43,23.6,45.88,7.9,1.99,-6.57,-17.43,-21.03,-32.77,-39.33,19.25,5308120.290925741,2457463.0,0.0039,-80.64,13600,1.75,2.07,-3.86,2.14,-7.01,2.28,-12.72,2.53,-21.34,8.65,11.62,13560,7763,8922,
5132,NAK,Basic Materials,Other Industrial Metals & Mining,NYSE ARCA,57.81,13.82,72.91,6.97,81.58,33.98,92.62,50.77,70.28,20.82,126.63,84.79,1.15,-14.18,-19.01,-21.23,-16.67,-47.96,15.27,747621834.5836446,562121662.0,0.0523,-61.41,2725600,0.69,1.25,-8.0,1.33,-13.53,1.35,-14.81,1.51,-23.84,7.89,22.05,3956630,3932336,3787950,
5133,TANH,Consumer Defensive,Household & Personal Products,NASDAQ,57.8,13.8,98.11,64.74,40.39,6.52,58.25,12.24,65.22,17.81,22.64,2.56,17.48,25.94,20.55,-26.37,-15.35,-67.63,8.76,9874824.484530449,667669.0,0.1292,-82.16,45200,0.39,16.01,9.18,15.54,12.48,16.19,7.97,17.96,-2.67,12.41,103.22,40890,116159,75418,-0.169
5134,BQ,Consumer Cyclical,Specialty Retail,NYSE ARCA,57.78,13.78,87.9,24.8,68.58,19.69,48.87,8.57,52.51,10.74,28.08,3.42,0.76,-2.95,-10.52,-9.23,-2.45,-62.52,10.24,5918450.325952649,7379614.0,0.0069,-98.65,77600,1.31,0.76,0.0,0.78,-2.56,0.81,-6.17,0.87,-12.64,5.99,57.14,53200,59283,2522746,-0.031
5135,MRKR,Healthcare,Biotechnology,NASDAQ,57.76,13.76,72.22,6.61,86.74,43.8,86.67,35.79,86.84,37.74,105.51,69.94,0.95,-9.52,-20.17,-20.83,-14.41,-25.78,26.73,17506782.55496335,16673127.0,0.0168,-61.38,96900,1.38,1.02,-6.86,1.06,-10.38,1.13,-15.93,1.19,-20.17,7.82,0.0,83600,70036,73140,
5136,KTOS,Industrials,Aerospace & Defense,NASDAQ,57.75,13.75,85.56,20.18,67.15,18.37,62.74,14.46,57.42,13.07,92.45,49.91,41.93,-2.08,-10.83,-10.75,-4.44,-44.38,16.73,8076485653.653442,187519984.0,0.0616,-68.71,5369300,1.31,42.53,-1.41,43.09,-2.69,45.3,-7.44,50.77,-17.41,4.89,11.7,4977450,4113616,4029750,0.305
5137,EGAN,Technology,Software - Application,NASDAQ,57.71,13.73,87.1,23.13,66.08,17.52,56.65,11.35,68.01,19.38,92.21,49.45,5.31,-10.76,-8.29,3.31,-21.57,-49.76,14.67,153626508.2949133,26171467.0,0.1,-66.71,189800,0.57,5.54,-4.15,5.66,-6.18,5.57,-4.67,6.43,-17.42,5.3,49.75,345640,334993,237072,-0.047
5138,DUO,Real Estate,Real Estate Services,NASDAQ,57.57,13.71,102.95,84.41,50.95,9.36,35.65,5.31,31.06,4.2,58.61,12.67,0.63,13.06,5.86,22.01,3.61,-62.38,10.32,27509529.82497263,42452978.0,0.0105,-84.63,91600,0.04,0.62,1.61,0.62,1.61,0.58,8.62,0.61,3.28,10.77,64.84,183920,2379466,1438986,-0.431
5139,ARBE,Technology,Scientific & Technical Instruments,NASDAQ,57.57,13.71,79.41,12.1,74.14,25.3,67.96,17.85,63.1,16.5,56.35,11.57,0.57,-4.39,-16.02,-25.43,-5.35,-52.03,13.79,78609519.40343392,128237394.0,0.0721,-80.21,1505200,0.3,0.59,-3.39,0.6,-5.0,0.65,-12.31,0.69,-17.39,6.72,33.96,1534100,5025886,3433980,1.566
5140,MEDS,Healthcare,Medical Distribution,NASDAQ,57.5,13.68,188.98,98.67,56.41,11.57,11.44,1.31,18.97,2.06,20.76,2.21,3.4,-16.26,-2.86,281.17,13.33,-86.01,4.19,11767289.653465033,3197633.0,0.20040001,-95.34,14028200,1.11,3.28,3.66,3.42,-0.58,3.27,3.98,2.32,46.55,19.88,76.91,8761710,12641783,7712560,-0.772
5141,PFSI,Financial Services,Mortgage Finance,NYSE,57.49,13.66,85.38,19.81,59.16,13.05,67.4,17.49,71.98,22.47,69.88,19.49,61.34,-0.98,-6.01,-12.13,-28.43,-53.95,13.23,3220997464.0,51951572.0,0.1018,-61.75,952500,1.57,61.99,-1.05,62.64,-2.08,65.09,-5.76,70.78,-13.34,3.2,98.33,654440,608073,637794,0.018
5142,TZOO,Communication Services,Internet Content & Information,NASDAQ,57.48,13.65,81.17,13.83,56.92,11.87,65.52,16.44,123.5,86.08,76.77,24.72,5.36,2.29,-2.72,-9.0,-28.15,-25.35,27.02,53154176.15918827,10202337.0,0.0493,-56.74,35000,0.65,5.37,-0.19,5.42,-1.11,5.57,-3.77,6.31,-15.06,4.29,69.57,54390,54036,61198,-0.029
5143,FINV,Financial Services,Credit Services,NYSE,57.37,13.63,86.2,21.28,55.01,11.02,58.92,12.57,73.35,23.53,70.89,20.34,3.14,3.97,0.32,-7.65,-36.82,-35.54,21.02,684672628.3156786,236094002.0,0.0477,-57.94,1379200,1.12,2.98,5.37,3.02,3.97,3.17,-0.95,3.79,-17.15,3.07,170.98,539660,1228096,956294,-0.049
5144,ATS,Industrials,Specialty Industrial Machinery,NYSE,57.34,13.61,84.88,19.03,59.73,13.4,63.66,15.04,83.08,33.46,102.2,65.2,17.68,-1.94,-6.41,-7.09,-33.28,-36.56,20.42,1791797106.8994637,98126894.0,7.23,-50.64,219500,0.81,18.09,-2.27,18.28,-3.28,18.75,-5.71,20.08,-11.95,2.73,74.56,216780,270630,277522,-0.058
5145,DQ,Technology,Semiconductor Equipment & Materials,NYSE,57.28,13.6,87.07,23.05,55.17,11.1,51.1,9.3,47.39,8.67,91.0,46.92,10.72,-3.86,-6.38,-8.45,-10.44,-67.49,8.85,744327507.0,67666137.0,0.1082,-70.7,265300,0.37,10.95,-2.1,11.1,-3.42,11.43,-6.21,12.69,-15.52,3.98,28.14,495120,710433,875622,-0.167
5146,XTNT,Healthcare,Medical Devices,NYSE ARCA,57.27,13.58,86.43,21.84,63.66,15.72,57.41,11.72,66.26,18.38,72.07,21.2,0.32,-8.57,-15.79,-5.88,-25.58,-58.44,11.52,47697906.90170884,140287960.0,0.0047999998,-66.32,57300,0.02,0.33,-3.03,0.34,-5.88,0.34,-5.88,0.36,-11.11,8.48,0.0,157460,3391010,2141308,-0.35
5147,ABAT,Industrials,Waste Management,NASDAQ,57.25,13.56,81.86,14.57,62.6,15.0,72.23,20.94,66.42,18.49,116.89,79.82,2.05,-10.09,-8.89,-19.92,0.0,-48.36,15.13,312245298.17836475,142577758.0,0.16,-82.16,3339000,0.88,2.13,-3.76,2.19,-6.39,2.25,-8.89,2.4,-14.58,5.61,43.45,4461610,3776976,3553798,1.966
5148,UUUU,Energy,Uranium,NYSE ARCA,57.18,13.55,74.95,8.39,64.37,16.26,81.12,29.04,71.48,21.94,170.45,94.14,9.94,-7.19,-12.19,-27.07,-7.45,-34.04,21.89,2682124335.5751038,249965000.0,0.2123,-64.37,11486100,1.59,10.6,-6.23,10.81,-8.05,11.51,-13.64,13.07,-23.95,5.37,41.23,8128960,7206313,7293804,4.961
5149,NVNO,Healthcare,Medical Devices,NASDAQ,57.16,13.53,78.16,10.82,63.69,15.76,83.15,31.26,58.92,13.92,45.81,7.89,8.18,1.68,-10.07,-26.48,-21.39,-27.01,25.83,5628090.865055084,694826.0,0.0136,-76.74,6700,0.26,8.18,0.0,8.28,-1.21,8.86,-7.67,10.05,-18.61,7.57,19.38,24460,25303,22258,
5150,ROL,Consumer Cyclical,Personal Services,NYSE,57.14,13.51,91.89,35.66,54.41,10.74,60.53,13.43,69.65,20.5,84.4,32.32,32.26,5.53,6.12,-6.66,-16.34,-45.68,16.19,14511345311.223038,481145404.0,0.0622,-51.22,13659100,1.87,30.67,5.18,30.51,5.74,31.93,1.03,34.61,-6.79,3.07,115.23,9412370,7318000,6424474,0.079
5151,BAK,Basic Materials,Chemicals,NYSE,57.13,13.5,103.34,85.16,46.94,8.41,52.7,9.79,69.94,20.62,106.59,71.19,1.82,17.42,19.74,-13.74,-19.47,-35.0,21.39,350228726.42567253,225954024.0,0.0478,-66.27,6090100,2.9,1.68,8.33,1.59,14.47,1.71,6.43,1.88,-3.19,6.37,129.39,1999950,2101950,2222354,0.216
5152,FLD,Financial Services,Capital Markets,NASDAQ,57.1,13.48,101.76,82.3,52.64,9.94,41.91,6.77,21.95,2.62,46.01,7.93,0.55,6.77,1.85,5.54,22.67,-79.56,5.62,29684242.5399462,54869209.0,0.0217,-87.03,159500,0.48,0.56,-1.79,0.54,1.85,0.54,1.85,0.51,7.84,9.39,58.09,89500,332576,358072,-0.255
5153,DKS,Consumer Cyclical,Specialty Retail,NYSE,57.08,13.46,92.82,39.12,55.01,11.02,56.38,11.19,86.64,37.48,96.41,57.03,134.63,1.34,1.04,2.08,-34.02,-35.15,21.25,13407493920.887512,98526556.0,0.1367,-44.91,2335100,0.7,134.78,-0.11,134.63,0.0,131.41,2.45,154.71,-12.98,3.54,95.49,2691250,3314576,3704962,0.532
5154,IBIO,Healthcare,Biotechnology,NASDAQ,57.06,13.45,69.27,5.25,75.16,26.48,71.28,20.2,100.81,66.09,163.25,93.12,0.92,-17.12,-23.33,-25.2,-32.35,-53.54,13.36,56136773.69311416,49678561.0,0.0771,-75.92,684800,0.99,1.05,-12.38,1.1,-16.36,1.17,-21.37,1.3,-29.23,9.24,23.53,797090,694726,695238,-1.0
5155,OCGN,Healthcare,Biotechnology,NASDAQ,57.03,13.43,83.31,16.8,56.54,11.64,71.87,20.61,78.95,28.52,152.08,91.66,0.98,-2.3,-2.3,-4.68,-17.9,-30.21,24.17,345892602.5519824,339110401.0,0.31440002,-64.04,11996000,1.54,1.02,-3.92,1.02,-3.92,1.02,-3.92,1.2,-18.33,6.25,32.63,6492970,7784706,6237198,0.084
5156,USGO,Basic Materials,Other Industrial Metals & Mining,NASDAQ,57.02,13.41,74.66,8.2,67.15,18.37,81.81,29.86,60.25,14.61,106.58,71.17,6.03,-10.0,-16.6,-27.0,-17.74,-38.22,19.72,91512998.45228958,14035736.0,0.097600006,-66.46,82300,0.94,6.39,-5.63,6.62,-8.91,7.15,-15.66,8.06,-25.19,7.25,-0.0,81630,87253,90102,
5157,AVX,Technology,Software - Infrastructure,NASDAQ,57.01,13.39,107.82,90.64,52.46,9.85,44.16,7.37,25.77,3.1,20.01,2.08,4.99,-26.94,-8.44,33.24,66.33,-66.19,9.21,45863773.189061165,7397383.0,0.0049,-90.33,422600,1.23,5.91,-15.57,6.26,-20.29,5.11,-2.35,4.07,22.6,17.67,12.48,351330,344713,219300,5.232
5158,RZLV,Technology,Software - Infrastructure,NASDAQ,57.01,13.39,77.1,9.97,70.02,21.12,70.25,19.26,67.89,19.31,83.12,30.91,1.9,-10.8,-14.8,-17.39,-15.18,-25.49,26.95,858749897.7865705,416868894.0,0.1504,-73.2,24715800,1.59,2.08,-8.65,2.11,-9.95,2.2,-13.64,2.42,-21.49,5.75,36.6,12659900,15496636,14969644,19.704
5159,HTZ,Industrials,Rental & Leasing Services,NASDAQ,57.0,13.36,99.97,77.17,40.51,6.59,37.74,5.88,27.14,3.32,110.38,74.98,1.96,13.29,11.68,-4.39,17.37,-61.94,10.44,627354448.2806146,356451393.0,0.6707,-76.04,22078400,1.34,1.93,1.55,1.81,8.29,1.85,5.95,2.0,-2.0,6.41,47.73,21136850,16486806,31785368,0.097
5160,CDXS,Healthcare,Biotechnology,NASDAQ,56.97,13.35,85.11,19.39,59.87,13.46,61.84,14.05,84.53,34.93,110.18,74.89,1.36,0.0,-0.73,-5.56,-7.48,-18.07,32.25,148927841.96649253,109505765.0,0.0372,-54.36,887200,1.06,1.38,-1.45,1.37,-0.73,1.38,-1.45,1.47,-7.48,5.25,14.0,731990,835870,952418,-0.027
5161,PHAR,Healthcare,Biotechnology,NASDAQ,56.95,13.33,82.34,15.28,62.83,15.09,69.6,18.85,79.78,29.54,122.54,82.95,9.53,-4.22,-8.72,-11.8,-20.65,-42.66,17.22,690086709.0,70778124.0,0.00029999999,-55.34,5100,0.18,9.68,-1.55,9.93,-4.03,10.38,-8.19,10.95,-12.97,4.64,20.12,23330,27833,27624,-0.032
5162,APRE,Healthcare,Biotechnology,NASDAQ,56.94,13.32,68.06,4.88,79.56,31.0,81.04,28.92,56.05,12.29,73.47,22.19,0.56,-22.93,-28.46,-29.28,-10.14,-40.0,19.0,8750839.429941177,12591136.0,0.0484,-66.86,239400,0.82,0.63,-11.11,0.69,-18.84,0.73,-23.29,0.73,-23.29,10.24,17.43,392290,290210,343628,
5163,BCHT,Industrials,Pollution & Treatment Controls,NYSE ARCA,56.92,13.3,93.13,40.53,58.56,12.72,45.64,7.75,59.49,14.23,44.56,7.49,1.44,0.7,-11.11,8.27,4.35,-65.3,9.46,39458949.0,26305966.0,0.0039,-70.0,111600,0.97,1.47,-2.04,1.48,-2.7,1.54,-6.49,1.41,2.13,8.58,32.37,181370,114513,97984,0.165
5164,PLTK,Communication Services,Electronic Gaming & Multimedia,NASDAQ,56.9,13.28,92.44,37.53,54.66,10.84,61.45,13.9,101.1,66.41,84.06,32.03,2.3,5.99,5.99,3.6,-42.93,-42.63,17.3,831491670.942411,381418186.0,0.0874,-47.96,962900,0.84,2.25,2.22,2.2,4.55,2.24,2.68,2.51,-8.37,3.68,11.81,900800,1152350,1451768,0.05
5165,ZENA,Technology,Software - Infrastructure,NASDAQ,56.87,13.27,85.09,19.34,56.32,11.55,64.56,15.67,40.15,6.31,48.47,8.65,1.32,-2.22,-9.59,-15.92,6.45,-64.32,9.65,118215980.50449574,88884193.0,0.1454,-81.43,1414300,0.83,1.32,0.0,1.35,-2.22,1.42,-7.04,1.6,-17.5,5.8,13.07,1656800,1697910,3727472,3.163
5166,NAMS,Healthcare,Biotechnology,NASDAQ,56.81,13.25,82.38,15.33,63.87,15.87,65.82,16.6,93.53,54.7,121.6,82.46,21.26,-12.0,-6.51,-2.74,-23.83,-39.45,19.15,2712172401.990658,116903979.0,0.1533,-49.63,1665000,0.98,22.33,-4.79,23.01,-7.61,22.63,-6.05,25.1,-15.3,6.21,26.52,1520530,1692320,1466942,-0.807
5167,WING,Consumer Cyclical,Restaurants,NASDAQ,56.79,13.22,104.91,87.69,46.23,8.22,52.07,9.6,54.92,11.73,65.97,17.18,118.5,13.55,21.12,7.22,-14.78,-53.98,13.19,2911955725.3124695,27242546.0,0.18280001,-60.87,1211000,0.93,112.22,5.6,108.03,9.69,106.56,11.2,112.12,5.69,4.36,60.67,1273740,1304873,1281682,0.064
5168,VYGR,Healthcare,Biotechnology,NASDAQ,56.79,13.22,74.78,8.23,64.23,16.12,72.93,21.35,72.41,22.75,98.55,60.13,2.37,-11.57,-15.36,-25.71,-21.0,-40.75,18.55,150963975.53817272,61617948.0,0.0694,-57.3,932200,1.58,2.44,-2.87,2.56,-7.42,2.82,-15.96,3.1,-23.55,6.21,27.18,805990,589190,532762,-0.391
5169,ASBP,Consumer Cyclical,Auto Parts,NASDAQ,56.77,13.2,103.42,85.33,59.13,13.0,62.04,14.24,14.8,1.34,5.25,0.52,8.3,2.22,-4.6,-8.99,47.95,-92.94,2.47,12314450.085476875,1402557.0,0.0249,-55.76,78500,2.33,8.67,-4.27,8.48,-2.12,8.58,-3.26,8.2,1.22,6.89,8.75,28660,33623,31216,
5170,INTZ,Technology,Software - Infrastructure,NASDAQ,56.67,13.17,86.32,21.51,72.48,23.41,74.03,22.31,62.09,15.93,54.59,10.58,0.68,-4.23,-6.85,-17.07,-10.53,-46.87,15.67,16385094.651085138,22757075.0,0.0178,-70.04,47900,0.27,0.7,-2.86,0.7,-2.86,0.74,-8.11,0.74,-8.11,9.03,-0.0,56550,179976,190824,-0.224
5171,DRIO,Healthcare,Health Information Services,NASDAQ,56.67,13.17,77.32,10.09,73.2,24.1,71.93,20.67,58.59,13.67,49.07,8.9,5.43,-11.85,-19.79,-17.48,-23.52,-52.95,13.52,63304647.633820534,9799481.0,0.0082,-67.19,38700,1.64,5.96,-8.89,6.25,-13.12,6.59,-17.6,6.97,-22.09,6.9,0.0,19930,23620,26046,-0.036
5172,MSB,Basic Materials,Steel,NYSE,56.66,13.14,82.97,16.19,61.09,14.0,71.59,20.42,72.57,22.88,86.25,34.25,18.36,-3.87,-5.31,-18.33,-18.33,-45.67,16.21,247968183.99511337,13120010.0,0.011,-56.68,79900,1.81,18.66,-1.61,19.12,-3.97,19.95,-7.97,21.92,-16.24,6.52,92.72,64780,44073,39748,-0.558
5173,RNA,Healthcare,Biotechnology,NASDAQ,56.66,13.14,80.03,12.55,53.15,10.23,68.77,18.4,74.47,24.53,86.49,34.62,8.26,1.47,0.85,-20.19,-26.12,,,134108243.73011398,17105643.0,11.64,-50.75,645600,1.69,8.0,3.25,8.15,1.35,8.83,-6.46,11.13,-25.79,5.13,68.47,342930,382046,290272,-0.219
5174,HUBG,Industrials,Integrated Freight & Logistics,NASDAQ,56.64,13.12,73.85,7.61,67.56,18.79,80.99,28.89,112.33,79.34,99.83,62.03,26.43,-12.34,-11.99,-25.62,-44.37,-39.05,19.39,1820540020.6938553,61153510.0,0.0846,-50.38,2518400,1.84,27.88,-5.2,28.99,-8.83,31.14,-15.13,36.83,-28.24,4.75,19.11,1525440,1372236,1361070,-0.053
5175,EOCN,Healthcare,Biotechnology,NASDAQ,56.63,13.1,87.19,23.47,56.66,11.71,58.22,12.18,47.64,8.85,61.37,14.11,3.62,6.31,0.0,-10.17,-19.2,-46.83,15.7,3856324.6279377937,1068234.0,0.0107,-72.58,14800,0.57,3.5,3.43,3.52,2.84,3.58,1.12,4.05,-10.62,6.92,79.89,7420,26170,29576,
5176,QXO,Industrials,Industrial Distribution,NYSE,56.59,13.08,83.21,16.59,57.23,12.04,59.51,12.9,61.82,15.79,112.07,76.45,11.12,-7.72,-9.3,-9.52,-17.01,-48.99,14.98,12512138385.888428,1037490709.0,0.1185,-59.72,36043200,1.83,11.7,-4.96,11.84,-6.08,11.92,-6.71,13.17,-15.57,5.86,53.73,24732090,19740970,18726496,0.703
5177,RDHL,Healthcare,Drug Manufacturers - Specialty & Generic,NASDAQ,56.58,13.07,95.06,49.32,46.39,8.28,57.06,11.57,58.09,13.51,44.42,7.38,0.58,20.42,11.15,-11.49,-15.37,-51.02,14.1,4443842.0,8887684.0,0.039300002,-73.15,15722500,3.63,0.51,13.73,0.5,16.0,0.54,7.41,0.6,-3.33,7.78,321.2,1709620,4331976,2609822,
5178,BBW,Consumer Cyclical,Specialty Retail,NYSE,56.57,13.05,87.04,22.91,54.86,10.95,60.12,13.22,64.62,17.54,64.77,16.27,25.9,1.93,3.19,-7.27,-26.43,-51.21,13.99,314882196.0207653,12319335.0,0.2741,-64.12,278300,0.34,25.73,0.66,25.57,1.29,25.74,0.62,30.73,-15.72,3.79,63.15,381690,812706,649054,-0.072
5179,YSG,Consumer Defensive,Household & Personal Products,NYSE,56.54,13.03,88.21,25.34,57.55,12.17,54.92,10.64,70.51,21.01,55.23,11.0,2.51,-8.06,1.21,-3.46,-25.74,-42.17,17.62,247633459.2000692,93800549.0,0.0044,-72.3,55100,0.62,2.59,-3.09,2.61,-3.83,2.61,-3.83,2.86,-12.24,7.73,5.16,69250,89176,86424,0.051
5180,BUR,Financial Services,Asset Management,NYSE,56.53,13.02,84.26,18.3,51.84,9.65,63.08,14.71,51.61,10.33,38.76,5.79,3.44,-9.95,-5.23,-21.46,-17.51,-62.39,10.31,801523964.5922685,219595601.0,0.0708,-71.29,2265500,1.13,3.55,-3.1,3.7,-7.03,3.88,-11.34,4.13,-16.71,5.75,75.84,2266350,2008756,1820122,-0.372
5181,ERII,Industrials,Pollution & Treatment Controls,NASDAQ,56.48,12.99,90.13,30.45,56.71,11.75,63.57,14.98,61.09,15.14,63.8,15.55,6.84,2.09,0.15,-5.91,-15.97,-51.39,13.95,345573802.7763963,51044875.0,0.0762,-62.66,1149900,1.12,6.85,-0.15,6.79,0.74,6.94,-1.44,7.58,-9.76,3.06,71.67,857110,1022963,1010792,-0.572
5182,SMR,Industrials,Specialty Industrial Machinery,NYSE,56.48,12.99,78.9,11.46,56.97,11.89,68.73,18.35,39.83,6.21,46.79,8.12,7.32,-6.03,-13.58,-28.31,-3.56,-54.45,12.97,3180518795.5,410389522.0,0.20639999,-87.25,43226000,1.21,7.69,-4.81,7.82,-6.39,8.31,-11.91,8.97,-18.39,6.27,32.68,32234880,35828710,35157822,-0.991
5183,JSPR,Healthcare,Biotechnology,NASDAQ,56.46,12.96,87.84,24.67,80.9,32.76,76.91,24.66,40.12,6.29,40.92,6.49,0.56,-6.35,-4.27,-20.11,-6.67,-69.89,8.16,18800126.885667264,33274561.0,0.1778,-79.18,362200,0.99,0.57,-1.75,0.59,-5.08,0.6,-6.67,0.67,-16.42,10.51,33.98,383040,364653,521838,
5184,LUCK,Consumer Cyclical,Leisure,NYSE,56.46,12.96,85.43,19.92,55.62,11.24,58.73,12.4,70.95,21.55,87.5,35.99,5.07,-3.24,-2.31,-8.48,-27.19,-42.33,17.54,721175220.5994987,136328020.0,0.2034,-52.53,56700,0.62,5.22,-2.87,5.27,-3.8,5.36,-5.41,6.01,-15.64,4.53,30.45,52310,91770,78384,0.009
5185,OCG,Consumer Cyclical,Internet Retail,NASDAQ,56.43,12.93,104.58,87.18,46.91,8.38,35.74,5.35,31.34,4.27,15.56,1.56,1.67,3.73,9.15,10.6,1.21,-97.72,1.34,3353279.7969703674,1938312.0,0.0553,-99.99,33200,0.51,1.68,-0.6,1.6,4.37,1.57,6.37,1.62,3.09,7.96,67.71,88220,64576,72708,8.961
5186,AIOT,Technology,Software - Application,NASDAQ,56.35,12.92,83.81,17.47,62.57,14.98,63.89,15.22,93.58,54.82,59.35,13.07,2.64,-5.71,-6.71,-10.51,-34.0,-50.75,14.24,377174821.89953136,134225918.0,0.113900006,-55.1,1917300,1.27,2.72,-2.94,2.74,-3.65,2.85,-7.37,3.1,-14.84,4.65,56.98,1892910,1513743,1954944,0.064
5187,XPON,Industrials,Electrical Equipment & Parts,NASDAQ,56.32,12.9,74.71,8.22,55.99,11.36,55.05,10.68,33.95,4.78,68.03,18.51,4.03,-6.28,-15.51,-22.35,17.15,-62.18,10.37,4003402.018193245,953191.0,0.18030001,-81.03,11400,0.03,4.13,-2.42,4.31,-6.5,4.62,-12.77,4.74,-14.98,10.07,44.34,24550,413463,3188264,-0.321
5188,QDEL,Healthcare,Medical Devices,NASDAQ,56.25,12.88,94.86,48.15,53.73,10.48,59.76,13.02,70.63,21.15,39.22,5.99,12.41,19.56,16.09,2.14,-24.79,-57.13,12.04,738557380.1813393,68575427.0,0.2821,-65.12,2517000,1.58,12.04,3.07,11.35,9.34,11.17,11.1,13.26,-6.41,5.78,96.12,2048040,1590700,1635990,0.028
5189,AIV,Real Estate,REIT - Residential,NYSE,56.25,12.88,72.81,6.91,66.51,17.9,77.16,24.94,82.19,32.32,86.13,34.08,1.78,-10.55,-18.35,-27.05,-32.06,-39.35,19.22,280307205.52202153,145236898.0,0.013099999,-77.78,3739700,1.77,1.84,-3.26,1.96,-9.18,2.12,-16.04,2.39,-25.52,4.21,66.67,2563010,2109376,1602902,-0.039
5190,MGX,Healthcare,Biotechnology,NASDAQ,56.2,12.85,82.47,15.46,69.36,20.52,70.46,19.46,64.19,17.22,70.31,19.81,0.99,-10.14,-13.65,-14.4,-17.93,-43.58,16.94,38532646.379458904,37777105.0,0.0467,-74.94,354500,2.27,1.01,-1.98,1.07,-7.48,1.11,-10.81,1.16,-14.66,5.4,56.07,156030,156440,150784,
5191,CHTR,Communication Services,Telecom Services,NASDAQ,56.14,12.83,83.46,17.03,59.19,13.07,70.83,19.72,48.02,8.97,84.13,32.08,109.67,-1.53,-6.7,-21.98,-24.47,-46.5,15.9,12509070880.91906,114457597.0,0.3875,-61.47,3411300,1.14,108.47,1.11,109.96,-0.26,121.04,-9.39,138.12,-20.6,4.73,66.64,2958770,2985896,2866694,-0.017
5192,IQST,Communication Services,Telecom Services,NASDAQ,56.14,12.83,107.58,90.38,45.19,7.9,49.14,8.65,28.96,3.62,29.86,3.75,1.05,0.48,5.5,8.88,-2.31,-65.64,9.38,11243334.457694769,10915859.0,0.0624,-83.99,285400,0.95,1.02,2.94,1.02,2.94,1.01,3.96,1.02,2.94,4.46,106.87,256640,299660,580214,0.511
5193,TNYA,Healthcare,Biotechnology,NASDAQ,56.08,12.8,78.5,11.04,69.45,20.55,63.47,14.87,87.87,39.03,91.13,47.26,0.54,-3.89,-12.26,-16.18,-25.99,-22.4,28.95,126465729.12026644,224230012.0,0.1243,-77.02,3635500,1.43,0.55,-1.82,0.57,-5.26,0.62,-12.9,0.67,-19.4,6.01,58.59,3476080,2539570,2385078,
5194,LIDR,Technology,Software - Infrastructure,NASDAQ,56.03,12.78,82.6,15.59,61.63,14.37,60.42,13.36,65.9,18.16,120.59,81.92,1.04,-10.68,-12.92,-18.36,2.45,-55.34,12.68,52272829.502550244,46672169.0,0.060500003,-74.0,399100,0.08,1.08,-3.7,1.14,-8.77,1.18,-11.86,1.23,-15.45,3.98,21.76,444560,5275026,3527298,8.182
5195,BHR,Real Estate,REIT - Hotel & Motel,NYSE,56.02,12.77,78.77,11.24,66.7,18.07,65.11,16.07,70.9,21.41,93.11,51.24,1.49,-9.7,-12.87,-19.46,-37.39,-47.72,15.35,114007665.58758044,68679318.0,0.0324,-53.29,536900,1.04,1.54,-3.25,1.6,-6.88,1.71,-12.87,1.9,-21.58,3.69,72.73,565560,515740,432032,-0.045
5196,CMCT,Real Estate,REIT - Office,NASDAQ,56.0,12.75,136.16,97.75,29.44,3.77,21.73,2.61,12.62,1.11,1.23,0.07,3.78,4.42,76.64,37.96,33.1,-98.82,1.0,12225340.846592188,3217195.0,0.0126,-99.74,28100,0.02,3.93,-3.82,3.21,17.76,2.84,33.1,3.65,3.56,18.16,14.57,3456230,1167650,714296,-0.095
5197,CLVT,Technology,Information Technology Services,NYSE,55.93,12.73,82.25,15.09,62.94,15.14,64.59,15.71,68.08,19.44,68.16,18.58,1.63,1.87,-11.41,-16.41,-24.19,-53.3,13.43,946040446.9920874,639216510.0,0.1374,-58.31,4542700,1.08,1.5,8.67,1.6,1.87,1.75,-6.86,1.89,-13.76,5.92,176.3,3860400,4215546,4435754,-0.055
5198,FMC,Basic Materials,Agricultural Inputs,NYSE,55.85,12.72,83.65,17.3,58.84,12.87,77.68,25.45,46.38,8.3,65.99,17.2,8.92,4.21,-6.16,-25.5,-10.1,-31.25,23.62,1312808216.9302988,155546005.0,0.2825,-72.12,4146800,0.99,8.9,0.22,8.96,-0.45,9.8,-8.98,10.52,-15.21,5.25,21.34,5191180,4206836,3871396,-0.175
5199,MNSO,Consumer Cyclical,Specialty Retail,NYSE,55.83,12.7,90.18,30.64,53.51,10.39,50.26,8.97,63.28,16.62,76.26,24.24,9.07,-0.66,1.57,0.11,-30.23,-52.64,13.55,2583513351.107641,292583621.0,0.0347,-60.74,747800,0.73,8.93,1.57,9.0,0.78,8.96,1.23,10.26,-11.6,2.64,66.11,894020,1022960,878774,0.17
5200,LULU,Consumer Cyclical,Apparel Retail,NASDAQ,55.78,12.68,85.24,19.59,61.5,14.24,60.49,13.4,57.13,12.97,72.1,21.23,92.68,-3.32,-8.82,-4.34,-22.14,-55.75,12.56,10457668860.141945,110710025.0,0.13069999,-58.99,4429200,0.62,93.15,-0.5,95.66,-3.12,97.78,-5.22,109.93,-15.69,3.48,71.24,5091000,7133756,5361410,-0.043
5201,GWAV,Industrials,Waste Management,NASDAQ,55.77,12.67,75.35,8.58,52.69,9.99,92.36,49.71,47.53,8.8,39.26,6.01,2.34,-5.26,-2.9,-48.12,-23.53,-57.84,11.8,1912299.5103838444,829631.0,0.028199999,-90.25,13400,0.27,2.37,-1.27,2.39,-2.09,2.66,-12.03,3.61,-35.18,10.79,0.0,32400,49836,46880,0.455
5202,SNAL,Communication Services,Electronic Gaming & Multimedia,NASDAQ,55.66,12.65,76.04,9.16,65.74,17.22,59.01,12.58,93.03,53.79,74.61,22.96,2.27,-4.22,-11.33,-11.33,-53.67,-46.9,15.65,19434110.553274155,8955811.0,0.0379,-78.98,12700,0.43,2.28,-0.44,2.35,-3.4,2.47,-8.1,2.99,-24.08,6.59,27.41,13620,29520,88114,-0.113
5203,GYRO,Real Estate,Real Estate Services,NASDAQ,55.65,12.63,88.52,26.23,57.83,12.32,58.17,12.05,62.4,16.05,74.29,22.8,4.7,0.21,-4.67,-5.81,-14.55,-49.19,14.87,10028844.354154587,2199308.0,0.0002,-54.37,0,0.0,4.63,1.51,4.66,0.86,4.85,-3.09,5.12,-8.2,2.92,0.0,2590,2710,2316,-0.018
5204,NIO,Consumer Cyclical,Auto Manufacturers,NYSE,55.6,12.62,84.6,18.77,60.67,13.77,60.97,13.63,80.33,30.2,130.96,86.07,3.41,0.29,-6.06,-4.75,-28.36,-31.66,23.38,8444097577.389166,2505667022.0,0.0728,-56.62,39721100,1.08,3.44,-0.87,3.46,-1.45,3.56,-4.21,4.06,-16.01,3.14,46.67,31105020,36904536,32905908,0.691
5205,AEC,Energy,Uranium,NASDAQ,55.56,12.6,79.27,11.95,65.39,16.98,77.38,25.1,58.93,13.95,88.67,39.29,3.24,-3.57,-10.0,-21.17,-23.4,-33.88,21.98,68627918.58154678,19949976.0,0.0032,-74.06,70200,1.85,3.39,-4.42,3.42,-5.26,3.6,-10.0,4.01,-19.2,6.59,18.73,32140,37906,42636,
5206,NGEN,Healthcare,Biotechnology,NASDAQ,55.48,12.58,84.26,18.3,69.8,20.88,75.82,23.63,38.96,5.97,109.06,73.91,1.75,-0.57,-13.37,-18.98,10.06,-61.28,10.61,191390283.6637528,107522633.0,9.14,-72.22,288900,0.53,1.77,-1.13,1.82,-3.85,1.97,-11.17,1.94,-9.79,6.36,26.96,468600,547053,509270,
5207,BGM,Healthcare,Drug Manufacturers - Specialty & Generic,NASDAQ,55.46,12.57,119.8,96.23,37.51,5.86,35.92,5.36,36.08,5.31,4.69,0.42,9.96,27.37,33.33,20.29,15.68,-92.39,2.72,124727398.77767563,13354111.0,0.0002,-96.8,1400,0.24,9.54,4.4,8.51,17.04,8.09,23.11,8.34,19.42,11.61,50.15,10951,5928,7181,0.698
5208,EXOZ,Healthcare,Biotechnology,NASDAQ,55.4,12.55,78.3,10.88,60.67,13.77,61.78,14.01,50.05,9.8,87.78,36.47,5.27,-8.51,-16.81,-14.59,19.77,-57.15,12.01,53688124.59252691,9304701.0,0.0041,-71.36,22000,3.15,5.52,-4.53,5.76,-8.51,6.03,-12.6,6.1,-13.61,8.77,0.0,6040,6980,6352,
5209,FUN,Consumer Cyclical,Leisure,NYSE,55.36,12.53,77.47,10.2,58.67,12.79,64.54,15.66,86.3,37.12,81.91,29.68,11.41,4.87,-7.98,-16.53,-37.82,-18.96,31.31,1186869258.2305756,102316312.0,0.2522,-58.31,3662700,1.46,11.77,-3.06,11.52,-0.95,12.12,-5.86,14.53,-21.47,5.83,43.56,3311810,2514040,2416244,-0.07
5210,CLIR,Industrials,Pollution & Treatment Controls,NASDAQ,55.35,12.52,79.55,12.27,69.14,20.24,74.64,22.68,50.85,10.01,70.35,19.82,3.11,-12.39,-10.12,-23.02,-22.64,-45.44,16.3,22139166.98984742,6307455.0,0.0029,-72.23,13800,0.69,3.3,-5.76,3.44,-9.59,3.62,-14.09,3.99,-22.06,10.68,0.0,17480,19923,17918,3.211
5211,LANV,Consumer Cyclical,Luxury Goods,NYSE,55.32,12.5,84.82,18.95,55.89,11.3,50.54,9.06,68.31,19.72,74.0,22.6,0.93,-11.52,-9.81,-8.92,-26.27,-48.39,15.11,138378048.28300595,139775805.0,0.0033000002,-59.74,33200,1.03,0.94,-1.06,1.0,-7.0,1.03,-9.71,1.07,-13.08,6.85,125.56,20050,32286,49474,-0.129
5212,CHR,Communication Services,Advertising Agencies,NASDAQ,55.3,12.48,89.43,28.66,47.22,8.5,43.47,7.24,51.81,10.43,15.1,1.51,1.57,0.64,-1.87,-5.99,-18.65,-65.11,9.52,3869997.394080043,2345453.0,0.041100003,-96.26,3635400,24.15,1.55,1.29,1.59,-1.26,1.59,-1.26,1.74,-9.77,8.64,73.68,380210,150506,105734,-0.147
5213,PMI,Healthcare,Medical Devices,NYSE ARCA,55.23,12.47,165.79,98.49,27.07,3.22,19.83,2.36,8.01,0.66,28.76,3.54,9.68,124.07,98.77,119.5,120.0,-91.69,2.92,13517305.01066494,2338634.0,0.1499,-98.58,258100,0.52,8.1,19.51,6.27,54.39,5.72,69.23,5.2,86.15,10.34,82.92,389800,500086,1923502,0.386
5214,IBO,Healthcare,Biotechnology,NYSE ARCA,55.22,12.45,70.62,5.86,74.03,25.13,70.37,19.37,66.67,18.66,113.31,77.45,4.11,-24.31,-27.26,-26.37,-23.96,-49.97,14.58,45452373.7466197,8543679.0,0.044899996,-60.88,17600,0.78,4.69,-12.37,5.14,-20.04,5.84,-29.62,5.8,-29.14,15.32,7.94,12960,22561,14600,-0.571
5215,NATR,Consumer Defensive,Packaged Foods,NASDAQ,55.19,12.43,85.46,20.01,56.24,11.52,60.04,13.17,95.21,57.58,147.37,90.72,12.57,-0.16,-2.63,-7.64,-38.89,-43.48,16.97,219064220.6439209,17595520.0,0.0646,-55.33,115100,0.82,12.51,0.48,12.63,-0.48,12.92,-2.71,14.58,-13.79,2.36,63.94,113460,140623,179080,0.019
5216,IZEA,Communication Services,Advertising Agencies,NASDAQ,55.19,12.43,79.82,12.44,60.19,13.59,69.7,18.91,74.83,24.85,118.63,80.79,2.35,-5.06,-7.5,-20.78,-30.0,-49.24,14.86,42669901.53047323,17416286.0,0.0078,-59.89,143300,3.57,2.42,-2.89,2.47,-4.86,2.58,-8.91,2.92,-19.52,6.53,143.32,58550,40103,56720,-0.364
5217,BCG,Financial Services,Asset Management,NASDAQ,55.11,12.4,79.49,12.19,58.04,12.43,62.76,14.49,63.6,16.83,77.77,25.64,1.04,-6.61,-10.3,-17.06,-26.92,-53.96,13.21,17230732.147301912,17060131.0,0.00090000004,-69.77,30700,1.26,1.03,0.97,1.08,-3.7,1.16,-10.34,1.31,-20.61,6.17,140.31,18980,24460,40462,0.123
5218,SEED,Basic Materials,Agricultural Inputs,NASDAQ,54.98,12.39,71.22,6.18,73.48,24.46,81.5,29.6,76.51,26.41,90.89,46.64,0.7,2.94,-23.91,-33.33,-28.57,-44.88,16.52,8975119.715666771,12128540.0,0.0023,-71.89,16700,0.42,0.77,-9.09,0.81,-13.58,0.89,-21.35,0.97,-27.84,12.86,0.0,90620,39830,198050,-0.319
5219,CRDF,Healthcare,Biotechnology,NASDAQ,54.83,12.37,89.53,28.95,69.12,20.19,59.13,12.65,34.93,5.06,55.15,10.95,1.06,-10.17,-17.19,-12.4,30.86,-58.75,11.4,87130679.25095665,77795249.0,0.16149999,-67.98,541000,0.73,1.1,-3.64,1.15,-7.83,1.23,-13.82,1.08,-1.85,6.33,14.89,461970,737520,756110,-0.141
5220,BSEM,Healthcare,Biotechnology,NASDAQ,54.82,12.34,67.47,4.7,84.06,38.44,90.85,43.71,65.33,17.85,75.33,23.59,2.64,-14.01,-31.96,-36.77,-19.76,-37.74,20.01,50972209.826123714,18671139.0,1.2,-68.57,252900,1.52,2.6,1.54,3.12,-15.38,3.67,-28.07,3.61,-26.87,16.36,64.85,167860,166180,148842,-0.279
5221,INTS,Healthcare,Biotechnology,NASDAQ,54.82,12.34,86.48,21.94,62.99,15.17,67.01,17.2,62.44,16.07,46.24,8.0,3.68,14.64,-5.4,-8.91,-15.01,-64.1,9.77,11231183.946817875,3264879.0,0.01,-91.54,19200,1.09,3.58,2.79,3.54,3.95,3.76,-2.13,4.05,-9.14,7.67,35.44,20290,17610,26804,
5222,BBAI,Technology,Information Technology Services,NYSE,54.8,12.32,81.11,13.77,58.53,12.66,56.0,11.08,52.76,10.78,67.08,17.87,2.42,-11.68,-13.57,-14.18,-6.56,-61.34,10.58,1270660452.1781583,479494493.0,0.3149,-74.23,24929800,1.54,2.55,-5.1,2.63,-7.98,2.74,-11.68,2.93,-17.41,5.26,62.82,16737760,16174530,18424870,0.132
5223,COLL,Healthcare,Drug Manufacturers - Specialty & Generic,NASDAQ,54.7,12.3,85.32,19.69,53.94,10.52,56.11,11.11,91.86,51.14,87.14,35.55,22.11,1.24,-2.34,-3.53,-39.07,-54.77,12.86,682602244.0503044,30999193.0,0.2082,-56.47,532900,0.59,21.96,0.68,22.09,0.09,22.35,-1.07,25.65,-13.8,3.64,40.39,764490,900140,862922,0.063
5224,STLA,Consumer Cyclical,Auto Manufacturers,NYSE,54.68,12.29,90.16,30.56,55.44,11.21,61.08,13.68,56.96,12.83,81.3,29.07,4.52,-3.62,1.12,-14.39,-24.79,-60.83,10.72,12764141785.455317,2900941252.0,0.0513,-63.01,29249900,1.14,4.53,-0.22,4.53,-0.22,4.76,-5.04,5.15,-12.23,4.33,61.31,32628050,25714546,24423920,0.131
5225,ECX,Consumer Cyclical,Auto Parts,NASDAQ,54.66,12.27,74.95,8.39,76.09,27.28,68.7,18.3,71.28,21.82,69.93,19.54,0.83,-15.31,-24.55,-21.7,-22.43,-53.89,13.24,337186157.9189014,392990869.0,0.0344,-69.26,422600,0.36,0.84,-1.19,0.95,-12.63,1.01,-17.82,1.05,-20.95,8.49,0.0,1302470,1174923,981430,0.475
5226,IPST,Financial Services,Capital Markets,NASDAQ,54.63,12.25,88.31,25.72,54.2,10.64,47.83,8.22,9.41,0.76,10.15,0.98,3.01,2.03,-1.31,-19.95,34.98,-94.44,2.08,2222460.1849479675,721578.0,0.0145000005,-99.11,38100,0.16,3.03,-0.66,3.15,-4.44,3.1,-2.9,4.03,-25.31,15.92,24.84,535560,244310,3125586,0.607
5227,BIOX,Basic Materials,Agricultural Inputs,NASDAQ,54.6,12.22,84.38,18.52,63.96,15.94,57.25,11.65,32.53,4.53,27.41,3.35,0.33,-6.02,-11.59,-22.46,1.55,-76.57,6.27,21825035.20887661,63815891.0,0.0087,-84.93,55100,0.13,0.34,-2.94,0.35,-5.71,0.37,-10.81,0.39,-15.38,9.29,29.37,102990,412513,326848,-0.234
5228,CELZ,Healthcare,Biotechnology,NASDAQ,54.6,12.22,84.08,18.04,51.14,9.43,38.05,5.93,30.7,4.07,92.49,49.98,0.86,-8.63,-11.3,-9.45,24.34,-59.22,11.25,7185595.84415251,7592557.0,0.0128,-86.24,40300,0.05,0.9,-4.44,0.94,-8.51,0.93,-7.53,1.02,-15.69,8.9,-0.13,139950,888290,8604798,
5229,ONT,Industrials,Waste Management,NYSE,54.6,12.22,76.46,9.43,65.62,17.14,75.37,23.21,77.14,27.05,93.03,51.14,13.71,7.7,-18.49,-24.5,-32.23,-47.53,15.44,446342460.3796234,35117424.0,0.1355,-55.63,697700,1.06,13.87,-1.15,13.82,-0.8,15.85,-13.5,16.78,-18.3,8.95,43.18,913200,658423,768546,-0.204
5230,MLEC,Healthcare,Biotechnology,NASDAQ,54.59,12.19,64.0,3.84,77.75,28.9,76.03,23.77,72.05,22.56,67.02,17.81,4.19,-12.89,-28.38,-43.3,-42.0,-14.31,35.47,3449060.5,726118.0,0.0156,-81.96,10700,0.47,4.69,-10.66,4.86,-13.79,5.63,-25.58,6.45,-35.04,13.65,-0.0,18620,22786,17312,
5231,HTOO,Utilities,Utilities - Renewable,NASDAQ,54.58,12.17,87.31,23.83,56.47,11.61,65.09,16.03,60.8,14.88,53.81,10.33,1.92,-11.52,-4.48,-20.99,-25.49,-51.76,13.91,16159957.566806316,7516259.0,0.0025,-64.57,23400,0.26,2.06,-6.8,2.07,-7.25,2.11,-9.0,2.24,-14.29,9.11,5.72,24250,90510,58904,3.663
5232,LODE,Basic Materials,Other Precious Metals & Mining,NYSE ARCA,54.5,12.15,70.81,5.96,59.25,13.1,80.29,28.22,107.41,74.69,83.59,31.41,2.21,-1.78,-13.67,-25.08,-18.75,-40.11,18.94,173081829.34810925,75913084.0,0.103199996,-55.62,1782700,1.38,2.24,-1.34,2.31,-4.33,2.5,-11.6,2.96,-25.34,6.76,73.68,1403490,1290783,1190572,-0.196
5233,GRI,Healthcare,Biotechnology,NASDAQ,54.49,12.14,86.41,21.77,61.88,14.5,44.35,7.42,29.2,3.7,17.22,1.71,1.68,-14.29,-19.62,-13.4,14.29,-82.35,4.96,4284785.483393669,2186115.0,0.053600002,-97.38,54500,0.13,1.86,-9.68,1.93,-12.95,1.94,-13.4,1.87,-10.16,9.12,0.0,47990,404916,411588,
5234,WRD,Technology,Software - Application,NASDAQ,54.42,12.1,76.94,9.81,71.83,22.72,70.85,19.77,62.53,16.12,79.47,27.22,4.51,-13.27,-22.11,-20.81,-21.97,-49.44,14.81,1654284658.1709952,329210871.0,0.0438,-63.64,6825100,2.54,4.94,-8.7,5.15,-12.43,5.44,-17.1,5.75,-21.57,5.1,8.7,3514280,2688013,2647464,0.822
5235,GDHG,Consumer Cyclical,Leisure,NASDAQ,54.42,12.1,90.59,31.64,62.46,14.85,51.17,9.36,40.59,6.38,38.41,5.68,1.18,0.0,0.85,-10.61,-15.71,-55.52,12.62,23437550.290315747,20032095.0,0.0007,-84.85,23100,0.05,1.18,0.0,1.17,0.85,1.17,0.85,1.25,-5.6,3.4,0.0,65550,451440,273570,-0.482
5236,AIMD,Technology,Scientific & Technical Instruments,NASDAQ,54.42,12.1,78.61,11.11,68.64,19.79,64.38,15.57,80.36,30.25,70.88,20.31,1.21,-6.92,-15.97,-15.38,-8.33,-42.65,17.26,9990651.099974036,7384073.0,0.0153,-72.75,62000,0.25,1.28,-5.47,1.29,-6.2,1.36,-11.03,1.41,-14.18,9.35,33.59,87420,247103,233218,-0.967
5237,BLDR,Industrials,Building Products & Equipment,NYSE,54.33,12.06,83.09,16.44,54.85,10.92,57.55,11.77,64.46,17.42,64.04,15.72,53.81,-6.17,-7.67,-8.75,-20.59,-48.15,15.2,6052300706.25,107596457.0,0.098900005,-59.08,2769400,0.84,55.09,-2.32,56.45,-4.68,57.93,-7.11,64.52,-16.6,4.21,76.36,2190310,3309266,2795416,-0.088
5238,MSAI,Technology,Electronic Components,NASDAQ,54.33,12.06,87.08,23.09,51.73,9.56,43.0,7.08,47.49,8.78,31.18,4.07,4.44,-6.67,-8.78,-4.76,-1.81,-74.67,6.78,10377573.671722412,2205648.0,0.62369996,-95.38,2800,0.31,4.58,-3.06,4.68,-5.13,4.73,-6.13,5.04,-11.9,5.5,24.58,5350,9136,15790,0.195
5239,PEW,Industrials,Aerospace & Defense,NYSE,54.27,12.04,78.67,11.19,65.96,17.42,65.45,16.35,56.03,12.27,55.01,10.82,1.88,-7.39,-12.96,-18.97,-23.89,-40.32,18.84,56960933.79195857,29513438.0,0.103599995,-64.05,400700,1.96,1.94,-3.09,2.02,-6.93,2.1,-10.48,2.32,-18.97,4.1,0.0,228840,204086,227830,0.094
5240,FLX,Industrials,Integrated Freight & Logistics,NASDAQ,54.24,12.02,109.46,92.0,33.92,4.79,52.75,9.83,66.06,18.23,84.63,32.54,1.55,2.65,55.0,3.33,-27.23,-50.95,14.14,103113170.65902591,73129910.0,0.76,-65.17,192500,0.96,1.49,4.03,1.46,6.16,1.27,22.05,1.69,-8.28,12.71,30.46,170300,200290,174660,-0.082
5241,LVO,Communication Services,Internet Content & Information,NASDAQ,54.15,12.0,83.89,17.64,41.02,6.69,65.1,16.05,101.53,67.07,77.33,25.27,2.73,5.81,16.17,-30.71,-37.81,-42.65,17.26,36062006.63918972,13711789.0,0.0182,-62.03,106900,0.92,2.7,1.11,2.56,6.64,2.94,-7.14,3.54,-22.88,9.85,122.71,83950,116430,93428,0.007
5242,STG,Consumer Defensive,Education & Training Services,NYSE,54.1,11.99,85.88,20.84,52.82,10.04,63.9,15.25,66.43,18.53,49.2,8.95,2.69,-7.24,-7.88,-9.12,-23.58,-55.54,12.61,36400791.58194733,12772208.0,0.0081,-68.46,400,0.08,2.76,-2.54,2.84,-5.28,2.89,-6.92,3.02,-10.93,2.05,14.51,1150,5180,12124,-0.246
5243,VNET,Technology,Information Technology Services,NASDAQ,54.03,11.97,73.23,7.26,72.73,23.67,63.74,15.14,74.0,24.08,103.43,67.26,5.17,-6.85,-25.29,-18.97,-17.81,-40.91,18.45,1460468161.170373,284691643.0,0.2492,-64.3,4955400,1.15,5.31,-2.64,5.6,-7.68,6.08,-14.97,6.55,-21.07,7.9,24.48,5407030,4294503,4736254,0.142
5244,ACON,Healthcare,Health Information Services,NASDAQ,53.99,11.95,88.46,26.1,61.19,14.11,56.73,11.41,52.08,10.53,53.6,10.26,2.31,-5.33,-12.17,-9.06,14.64,-62.74,10.17,6860043.309861183,2882371.0,0.026400002,-80.8,31600,0.71,2.33,-0.86,2.39,-3.35,2.51,-7.97,2.46,-6.1,7.5,5.78,33230,44593,55624,0.305
5245,PHAT,Healthcare,Biotechnology,NASDAQ,53.96,11.94,83.04,16.31,53.41,10.34,67.62,17.66,81.88,31.96,135.42,87.61,7.13,0.71,0.71,-14.81,-38.75,-59.33,11.17,559834469.4522514,80900934.0,0.1321,-61.06,1334400,1.04,6.87,3.78,7.07,0.85,7.45,-4.3,8.33,-14.41,5.38,117.21,1350070,1287663,1494628,0.88
5246,CNF,Financial Services,Mortgage Finance,NYSE,53.89,11.92,93.19,40.75,47.5,8.6,48.79,8.52,51.25,10.24,52.22,9.94,1.98,-1.0,5.88,-1.0,-16.46,-68.06,8.57,32536355.99575138,16858216.0,0.0013,-69.49,3000,0.47,1.92,3.12,1.95,1.54,1.91,3.66,2.09,-5.26,8.95,67.74,11320,6370,6556,
5247,AHT,Real Estate,REIT - Hotel & Motel,NYSE,53.83,11.9,73.23,7.26,65.3,16.9,82.83,30.9,72.47,22.8,50.36,9.44,2.16,-1.82,-14.96,-31.21,-32.71,-43.01,17.12,14751175.734897137,6469814.0,0.0004,-64.18,15300,0.8,2.22,-2.7,2.32,-6.9,2.59,-16.6,2.96,-27.03,5.26,-0.0,19850,19056,28810,-0.095
5248,NPT,Basic Materials,Chemicals,NASDAQ,53.81,11.88,80.88,13.43,73.9,25.01,65.17,16.17,41.53,6.62,67.35,18.06,2.45,-4.59,-15.64,-15.34,-16.21,-54.03,13.17,54131401.26943588,22185000.0,0.00029999999,-89.05,5600,0.26,2.38,2.94,2.55,-3.92,2.74,-10.58,3.17,-22.71,7.77,52.55,19070,21770,25384,-0.358
5249,MRNO,Real Estate,Real Estate - Development,NASDAQ,53.81,11.88,99.82,76.6,69.13,20.21,31.01,4.2,21.04,2.47,14.68,1.44,0.26,-13.91,-15.31,26.83,29.35,-69.34,8.31,21364647.50818062,79718832.0,0.096,-91.07,81129200,5.0,0.25,4.0,0.28,-7.14,0.26,0.0,0.24,8.33,17.5,8.79,13583340,16216153,9840222,-0.149
5250,FLUT,Consumer Cyclical,Gambling,NYSE,53.64,11.85,86.35,21.62,54.06,10.56,63.88,15.21,59.02,14.0,43.41,7.01,81.58,6.68,-0.38,-17.33,-24.31,-63.27,9.98,12982459796.940552,173539102.0,0.0983,-68.19,3696400,1.22,76.84,6.17,76.95,6.02,85.34,-4.41,93.47,-12.72,5.16,129.06,3036950,3019203,3229952,0.033
5251,STUB,Communication Services,Internet Content & Information,NYSE,53.57,11.84,94.29,45.72,42.29,7.06,47.29,8.15,75.63,25.58,33.32,4.6,6.14,9.84,13.91,3.19,-28.02,-55.41,12.66,2067106657.757698,382089966.0,0.0975,-71.43,4406800,0.67,5.76,6.6,5.6,9.64,5.72,7.34,6.71,-8.49,4.82,111.41,6158110,6618646,6687958,0.332
5252,ICON,Industrials,Marine Shipping,NASDAQ,53.52,11.82,85.17,19.44,66.51,17.9,55.33,10.79,40.68,6.39,24.68,2.92,0.85,-9.57,-15.84,-5.56,-12.37,-71.81,7.68,3523731.7139327526,3632713.0,0.0056,-91.98,21100,1.1,0.91,-6.59,0.93,-8.6,0.95,-10.53,0.98,-13.27,7.14,-0.0,12190,19193,19802,1.07
5253,SPPL,Industrials,Specialty Industrial Machinery,NASDAQ,53.51,11.8,85.79,20.55,49.64,9.06,46.92,8.05,111.83,78.88,52.41,9.96,1.9,-4.52,-4.04,9.2,-42.77,-58.7,11.44,20110610.82829833,9786185.0,0.0013,-72.86,1100,0.02,2.0,-5.0,2.01,-5.47,2.07,-8.21,2.24,-15.18,8.83,0.0,20320,50840,82382,0.026
5254,LNZA,Industrials,Waste Management,NASDAQ,53.47,11.79,99.98,77.26,48.65,8.85,58.38,12.29,19.63,2.13,102.89,66.28,6.04,9.22,1.17,2.72,11.85,-54.55,12.93,79058544.02068806,13089163.0,0.0669,-86.27,50200,0.86,5.95,1.51,5.89,2.55,5.93,1.85,6.08,-0.66,4.89,74.52,46730,58543,63562,-0.008
5255,PNR,Industrials,Specialty Industrial Machinery,NYSE,53.41,11.77,86.75,22.39,53.83,10.49,60.13,13.23,58.66,13.76,80.74,28.46,52.3,-1.1,-1.38,-7.81,-21.46,-49.15,14.93,8569941641.957611,161605541.0,0.0452,-53.73,2517000,0.75,52.65,-0.66,52.93,-1.19,54.43,-3.91,60.03,-12.88,2.43,91.92,2271800,3363800,3152174,-0.17
5256,NEXM,Basic Materials,Other Industrial Metals & Mining,NASDAQ,53.4,11.75,73.08,7.12,67.17,18.4,66.8,17.08,56.1,12.35,41.76,6.66,1.69,-12.44,-21.4,-28.69,-18.36,-52.12,13.72,66305585.54995108,35648164.0,3.86,-74.6,48700,1.39,1.79,-5.59,1.89,-10.58,2.07,-18.36,2.22,-23.87,8.5,20.89,41560,34976,33494,
5257,AAPG,Healthcare,Biotechnology,NASDAQ,53.4,11.75,85.52,20.12,62.2,14.73,65.99,16.74,58.94,13.96,86.89,35.22,14.55,-8.49,-4.46,-12.72,-20.54,-50.36,14.38,1434921072.4549675,93388942.0,0.00029999999,-63.83,12000,1.69,15.11,-3.71,15.29,-4.84,15.54,-6.37,16.78,-13.29,5.55,11.77,7540,7100,6670,0.293
5258,LUD,Basic Materials,Steel,NYSE ARCA,53.37,11.72,83.07,16.36,64.45,16.37,67.27,17.37,63.17,16.55,65.58,16.87,3.54,1.43,-11.5,-16.61,-14.29,-51.17,14.02,86675798.48527908,22690000.0,0.0062,-85.37,2600,0.6,3.88,-8.76,3.88,-8.76,4.05,-12.59,4.18,-15.31,8.79,12.85,5300,4330,7806,-0.177
5259,BDMD,Healthcare,Medical Devices,NASDAQ,53.36,11.7,80.76,13.33,48.75,8.89,59.2,12.71,56.36,12.48,90.22,44.98,0.79,6.18,1.28,-26.85,-23.3,-43.17,17.06,24116442.026565075,32112440.0,0.0029,-78.65,67000,1.16,0.77,2.6,0.77,2.6,0.87,-9.2,1.03,-23.3,14.37,17.62,50280,57970,55652,0.246
5260,LFMD,Healthcare,Health Information Services,NASDAQ,53.34,11.69,80.88,13.43,61.46,14.23,60.93,13.61,82.66,32.81,70.94,20.4,2.65,-7.02,-8.93,-12.54,-27.2,-17.96,32.38,132220993.84020352,48255837.0,0.1834,-62.78,929900,1.18,2.73,-2.93,2.82,-6.03,3.01,-11.96,3.2,-17.19,5.88,19.27,701020,790460,876226,-0.035
5261,LUCD,Healthcare,Medical Devices,NASDAQ,53.33,11.66,72.15,6.59,68.69,19.86,68.06,17.9,80.89,30.87,94.64,54.25,0.65,2.36,-22.43,-19.15,-29.27,-41.96,17.79,119724848.79322171,190948730.0,0.0864,-60.1,2507600,1.74,0.62,4.84,0.69,-5.8,0.76,-14.47,0.88,-26.14,11.05,65.41,2105800,1438900,1258148,0.267
5262,TKLF,Consumer Cyclical,Specialty Retail,NASDAQ,53.33,11.66,85.35,19.78,64.76,16.57,63.53,14.93,67.42,19.08,63.01,15.07,1.58,5.33,-6.56,-8.41,-21.98,-42.55,17.34,8374717.5,5583145.0,0.3808,-58.2,16200,1.19,1.53,3.27,1.55,1.94,1.63,-3.07,1.76,-10.23,7.32,86.42,18200,13566,18010,0.63
5263,MDBH,Financial Services,Capital Markets,NASDAQ,53.31,11.64,70.58,5.81,72.02,22.89,80.42,28.42,82.9,33.15,86.78,35.05,2.05,-15.98,-20.54,-27.79,-32.79,-39.53,19.13,25052717.795505524,10438632.0,0.0001,-57.29,1300,0.41,2.15,-4.65,2.34,-12.39,2.49,-17.67,2.79,-26.52,6.59,37.04,4900,3150,2748,
5264,JOBY,Industrials,Airports & Air Services,NYSE,53.27,11.61,84.14,18.08,53.67,10.46,52.4,9.67,57.59,13.18,68.69,18.79,5.75,-3.52,-8.73,-8.87,-13.53,-59.56,11.07,5927950573.671953,996294246.0,0.1859,-71.22,30339300,1.25,5.8,-0.86,5.94,-3.2,6.11,-5.89,6.91,-16.79,4.2,28.95,21554900,24189836,26296256,2574.933
5265,ATXG,Industrials,Integrated Freight & Logistics,NASDAQ,53.27,11.61,84.64,18.84,58.88,12.91,56.71,11.37,48.29,9.05,66.05,17.27,3.17,-4.75,-13.15,-7.85,-10.2,-54.06,13.12,3863754.6862978935,1177974.0,0.0001,-80.79,400,0.07,3.27,-3.06,3.38,-6.21,3.51,-9.69,3.65,-13.15,6.6,-0.0,10510,5433,18336,3.16
5266,SNOA,Healthcare,Drug Manufacturers - Specialty & Generic,NASDAQ,53.27,11.61,88.84,27.03,62.17,14.71,64.73,15.81,37.04,5.54,63.33,15.23,1.16,-7.2,-7.2,-11.45,5.45,-67.51,8.8,5937647.045665979,4788425.0,0.0421,-74.78,89000,1.72,1.21,-4.13,1.24,-6.45,1.26,-7.94,1.28,-9.38,4.93,35.0,41960,51636,126186,0.596
5267,MNY,Communication Services,Internet Content & Information,NASDAQ,53.25,11.57,81.92,14.7,56.75,11.79,54.49,10.38,66.25,18.36,104.98,69.19,0.66,-5.71,-5.04,-21.43,-30.53,-52.52,13.62,29579515.35316229,44082735.0,0.0027,-58.75,8800,0.31,0.67,-1.49,0.68,-2.94,0.72,-8.33,0.82,-19.51,6.67,22.73,17970,28440,21700,-0.126
5268,HERE,Consumer Cyclical,Leisure,NASDAQ,53.23,11.56,91.63,34.67,46.35,8.27,52.86,9.86,32.18,4.43,57.46,12.04,1.66,-1.19,-0.6,-11.7,-11.7,-67.51,8.8,92453848.09326053,54384615.0,0.0115,-80.36,5300,0.26,1.69,-1.78,1.68,-1.19,1.75,-5.14,1.82,-8.79,4.4,34.21,8240,20503,19604,-0.793
5269,AHCO,Healthcare,Medical Devices,NASDAQ,53.09,11.54,96.63,57.65,48.98,8.92,54.82,10.59,90.14,45.4,119.78,81.41,6.07,6.78,8.89,3.68,-43.79,-39.17,19.36,747091288.877111,133409161.0,0.096099995,-54.8,3036900,1.14,5.81,4.48,5.73,5.93,5.77,5.2,6.1,-0.49,3.63,113.34,2295410,2668490,3437638,0.127
5270,WSHP,Communication Services,Internet Content & Information,NASDAQ,52.99,11.52,82.54,15.53,45.22,7.94,44.05,7.34,30.12,3.95,36.27,5.2,4.77,-11.83,-17.19,-8.8,-1.65,-96.33,1.73,58234148.55164766,11717133.0,0.191,-98.09,93100,0.61,4.91,-2.85,5.39,-11.5,5.46,-12.64,5.24,-8.97,13.59,26.22,153250,151940,378676,-0.807
5271,SSII,Healthcare,Medical Devices,NASDAQ,52.95,11.51,79.4,12.06,60.12,13.55,65.51,16.41,57.03,12.9,59.2,12.97,2.63,-4.36,-10.85,-20.3,-31.69,-54.06,13.12,535029126.7381954,200385435.0,0.0011,-73.7,63700,0.99,2.71,-2.95,2.8,-6.07,3.04,-13.49,3.38,-22.19,7.45,10.21,64120,64616,55768,0.394
5272,SNT,Industrials,Security & Protection Services,NASDAQ,52.93,11.48,91.54,34.4,51.78,9.61,50.5,9.05,44.16,7.39,64.74,16.25,1.55,0.65,-3.13,-6.63,-7.74,-60.05,10.91,35930744.72996807,23331653.0,0.0001,-70.97,3300,0.29,1.55,0.0,1.57,-1.27,1.59,-2.52,1.69,-8.28,6.27,0.0,9070,11220,10882,0.082
5273,GMHS,Communication Services,Electronic Gaming & Multimedia,NASDAQ,52.93,11.48,75.25,8.53,59.37,13.18,66.08,16.79,70.24,20.79,68.96,18.93,0.59,-11.28,-18.17,-21.33,-32.03,-41.0,18.4,34648702.31254697,56801150.0,0.0045,-60.67,23500,0.08,0.6,-1.67,0.64,-7.81,0.7,-15.71,0.74,-20.27,7.25,95.83,120670,309980,194096,-0.204
5274,AEON,Healthcare,Biotechnology,NYSE ARCA,52.92,11.46,110.3,92.57,27.93,3.39,34.11,5.01,27.8,3.4,112.83,77.08,0.31,6.9,19.23,6.9,27.57,-71.3,7.83,13917299.11168605,49882790.0,0.0785,-78.62,1133900,0.09,0.29,6.9,0.28,10.71,0.28,10.71,0.27,14.81,11.98,48.46,13516740,13156020,9609644,
5275,ARDX,Healthcare,Biotechnology,NASDAQ,52.9,11.44,83.32,16.85,53.64,10.43,55.65,10.92,82.95,33.25,107.17,71.95,3.27,-3.25,-5.22,-9.67,-34.6,-42.43,17.48,862346468.3195829,258187572.0,0.1013,-61.07,6538200,1.52,3.31,-1.21,3.36,-2.68,3.43,-4.66,3.82,-14.4,3.81,72.29,4448420,4290323,4652044,0.238
5276,GIFT,Communication Services,Internet Content & Information,NASDAQ,52.89,11.42,80.43,13.0,53.1,10.19,74.58,22.64,65.44,17.88,94.33,53.6,0.57,12.3,-3.36,-24.84,-35.47,-44.71,16.63,19483847.222301006,35425176.0,0.0007,-55.81,79900,0.41,0.58,-1.72,0.58,-1.72,0.63,-9.52,0.76,-25.0,19.64,8.93,514550,195520,152504,0.04
5277,CLNN,Consumer Defensive,Packaged Foods,NASDAQ,52.84,11.41,85.49,20.06,63.17,15.29,56.15,11.12,96.49,59.42,124.03,83.5,3.88,-3.48,-7.84,6.3,-17.8,-41.92,17.85,57993041.39555931,14213981.0,0.0937,-71.26,82300,0.64,3.93,-1.27,4.02,-3.48,4.02,-3.48,4.28,-9.35,7.36,38.5,95780,128310,108986,2.333
5278,AMTD,Financial Services,Asset Management,NYSE,52.71,11.39,74.51,8.06,60.46,13.66,65.98,16.72,81.53,31.4,89.57,42.73,0.58,-24.42,-17.49,-22.82,-23.43,-45.33,16.35,70613048.3704949,94910009.0,0.0001,-64.85,135400,7.15,0.7,-17.14,0.72,-19.44,0.73,-20.55,0.75,-22.67,12.66,83.07,44540,18943,16462,-0.826
5279,PONY,Technology,Information Technology Services,NASDAQ,52.69,11.37,81.6,14.23,63.72,15.78,55.46,10.86,46.21,8.24,95.57,55.81,5.76,-7.69,-18.76,-13.12,-24.8,-63.86,9.88,2641567925.904312,435184160.0,0.0674,-76.59,3537000,0.91,6.03,-4.48,6.33,-9.0,6.6,-12.73,7.25,-20.55,5.82,14.93,4472350,3872436,3943724,0.688
5280,ATOS,Healthcare,Biotechnology,NASDAQ,52.63,11.36,104.49,87.04,53.22,10.26,48.35,8.4,25.53,3.09,48.35,8.58,2.42,6.61,18.05,3.42,4.76,-77.9,5.99,23351556.463469982,9979298.0,0.0764,-87.49,100800,1.7,2.42,0.0,2.22,9.01,2.27,6.61,2.39,1.26,7.17,17.28,79670,59430,59942,
5281,QS,Consumer Cyclical,Auto Parts,NASDAQ,52.6,11.34,83.25,16.65,52.97,10.09,58.4,12.3,59.86,14.38,74.62,22.98,4.58,-0.22,-7.29,-11.58,-7.66,-59.93,10.96,2811213102.916651,615145076.0,0.1936,-75.98,21926800,1.78,4.59,-0.22,4.62,-0.87,4.86,-5.76,5.37,-14.71,4.71,83.44,13271000,12306550,14375812,
5282,RENX,Real Estate,Real Estate - Development,NASDAQ,52.59,11.32,85.87,20.79,69.52,20.62,50.9,9.16,39.41,6.1,31.97,4.27,1.73,-18.4,-15.2,-4.42,0.58,-65.81,9.31,5279186.967618108,2646209.0,0.0842,-94.76,73800,0.53,1.89,-8.47,2.05,-15.61,1.89,-8.47,1.93,-10.36,12.76,22.65,177520,139626,114032,2.034
5283,NCMI,Communication Services,Advertising Agencies,NASDAQ,52.52,11.31,85.53,20.14,52.32,9.8,59.54,12.92,92.72,53.12,74.65,23.0,2.21,4.25,0.45,-10.16,-45.16,-41.67,18.07,197876399.95205617,93780289.0,0.1285,-51.54,982400,0.79,2.16,2.31,2.2,0.45,2.25,-1.78,2.69,-17.84,5.49,41.18,1710630,1247943,1328482,0.127
5284,AMST,Technology,Software - Application,NASDAQ,52.47,11.29,80.95,13.53,59.1,12.97,55.36,10.81,41.18,6.51,64.21,15.82,0.89,-6.61,-15.24,-13.59,-1.87,-66.54,9.1,6156859.924383938,6549851.0,0.0056,-77.18,42700,0.39,0.92,-3.26,0.96,-7.29,1.0,-11.0,1.02,-12.75,5.98,18.79,60970,110253,116244,0.419
5285,NKLR,Utilities,Utilities - Regulated Electric,NASDAQ,52.46,11.27,71.52,6.35,60.82,13.88,83.22,31.39,55.33,11.87,58.08,12.4,3.27,-6.03,-9.92,-37.71,-33.13,-35.25,21.21,387858186.0261812,110500908.0,0.0533,-85.07,246600,0.5,3.44,-4.94,3.43,-4.66,3.9,-16.15,4.93,-33.67,8.11,37.69,271980,494260,468938,
5286,NAGE,Consumer Defensive,Packaged Foods,NASDAQ,52.41,11.26,83.34,16.93,57.33,12.08,57.97,11.97,49.3,9.46,60.77,13.69,2.66,-0.75,-11.63,-12.5,-17.39,-59.2,11.27,220761542.56158257,79126002.0,0.077800006,-66.54,635100,1.31,2.71,-1.85,2.81,-5.34,2.92,-8.9,3.06,-13.07,3.92,47.95,685740,486133,555070,-0.043
5287,XPEV,Consumer Cyclical,Auto Manufacturers,NYSE,52.33,11.24,85.02,19.24,58.54,12.69,54.28,10.29,64.26,17.29,80.66,28.3,9.55,1.38,-6.83,-7.64,-26.88,-51.91,13.84,8861284752.5,957976730.0,0.06,-66.18,5031300,0.78,9.47,0.84,9.59,-0.42,10.03,-4.79,11.01,-13.26,2.58,73.06,6067040,6464406,7131562,0.08
5288,IVVD,Healthcare,Biotechnology,NASDAQ,52.27,11.21,80.41,12.98,66.51,17.9,59.2,12.71,52.13,10.56,149.35,91.21,0.7,-14.32,-23.33,-9.79,28.91,-69.57,8.24,242291697.08290768,294758746.0,0.1145,-77.2,10440900,1.58,0.78,-10.26,0.83,-15.66,0.84,-16.67,0.81,-13.58,13.62,31.46,9714190,6615136,5460478,0.212
5289,APP,Communication Services,Advertising Agencies,NASDAQ,52.27,11.21,82.21,15.03,53.98,10.54,54.62,10.44,83.04,33.41,103.61,67.41,280.12,-0.42,-10.35,-10.93,-29.88,-61.17,10.67,90105698732.70242,335939521.0,0.0376,-62.04,6124800,1.19,278.08,0.73,288.68,-2.97,306.37,-8.57,320.71,-12.66,5.17,62.3,5555680,5151160,5942688,0.528
5290,ANVS,Healthcare,Biotechnology,NYSE,52.26,11.19,78.9,11.46,56.12,11.47,46.68,7.99,77.75,27.5,77.99,25.83,1.17,0.0,-12.03,-1.68,-31.18,-67.95,8.62,50361287.38139427,42679059.0,0.1548,-78.73,804500,0.68,1.19,-1.68,1.24,-5.65,1.2,-2.5,1.51,-22.52,7.33,35.0,742880,1175396,931476,
5291,AQMS,Industrials,Waste Management,NASDAQ,52.25,11.17,79.41,12.1,58.1,12.47,53.64,10.13,44.49,7.55,47.89,8.38,2.07,-13.39,-16.87,-6.76,-24.73,-61.74,10.5,8303026.958124161,3563531.0,0.052600004,-94.75,21900,0.59,2.12,-2.36,2.33,-11.16,2.34,-11.54,2.58,-19.77,8.49,45.53,50250,37106,36020,
5292,TGEN,Industrials,Electrical Equipment & Parts,NYSE ARCA,52.2,11.16,75.33,8.57,58.04,12.43,55.45,10.84,68.98,20.03,88.73,39.65,2.47,-6.79,-18.21,-18.48,-17.67,-50.99,14.12,79997731.17893505,30187822.0,0.0461,-79.54,254100,1.63,2.62,-5.73,2.78,-11.15,2.94,-15.99,3.22,-23.29,10.53,46.14,181500,156083,167990,-0.212
5293,ABVC,Healthcare,Biotechnology,NASDAQ,52.18,11.14,95.27,50.5,58.42,12.62,54.65,10.48,59.57,14.28,62.21,14.57,0.98,-3.92,-10.09,0.41,-2.97,-55.25,12.71,26961420.50542164,26694476.0,0.0231,-71.18,45200,0.37,0.99,-1.01,1.02,-3.92,1.06,-7.55,0.98,0.0,8.13,6.27,92190,123316,116108,
5294,MEGL,Financial Services,Capital Markets,NASDAQ,52.17,11.12,58.96,2.87,83.54,37.54,86.28,35.17,83.8,34.13,75.53,23.69,0.7,-30.07,-37.5,-45.31,-38.33,-41.18,18.3,64505814.30842996,70421194.0,0.00059999997,-63.16,19800,1.6,0.79,-11.39,0.94,-25.53,1.05,-33.33,1.14,-38.6,13.95,101.39,19980,12396,12076,0.267
5295,EU,Energy,Uranium,NASDAQ,52.15,11.11,78.66,11.16,60.15,13.56,56.88,11.48,41.76,6.66,75.01,23.33,1.01,-2.88,-17.21,-12.17,-4.72,-62.31,10.34,198166586.71438456,194280971.0,0.20959999,-75.84,3553400,0.53,1.06,-4.72,1.1,-8.18,1.08,-6.48,1.16,-12.93,11.03,8.97,3106630,6752220,5615464,3.284
5296,BRCB,Consumer Cyclical,Restaurants,NASDAQ,52.13,11.09,87.75,24.52,51.75,9.58,67.58,17.6,37.97,5.76,57.53,12.09,7.16,2.43,-0.42,-18.17,-10.61,-68.44,8.45,154565293.56715488,22207657.0,0.0925,-72.96,322400,0.92,7.13,0.42,7.12,0.56,7.31,-2.05,8.03,-10.83,4.69,44.62,248490,350766,358198,0.25
5297,EQS,Financial Services,Asset Management,NYSE,52.08,11.07,77.22,10.03,54.1,10.61,56.45,11.22,68.01,19.38,92.15,49.35,0.8,-4.76,-15.79,-18.37,-33.88,-53.49,13.38,12290692.413401604,13966696.0,0.0001,-65.07,31900,1.97,0.82,-2.44,0.89,-10.11,0.93,-13.98,1.02,-21.57,8.13,-0.0,17920,16156,12918,-0.109
5298,FOA,Financial Services,Credit Services,NYSE,52.06,11.06,75.44,8.65,58.71,12.82,69.25,18.71,100.45,65.65,91.53,48.16,13.05,0.62,-9.31,-16.61,-47.38,-42.33,17.54,124442406.0,9217956.0,0.1094,-56.19,78600,1.11,13.2,-1.14,13.25,-1.51,14.04,-7.05,17.63,-25.98,5.5,73.88,69690,70976,62432,-0.648
5299,EVGN,Healthcare,Biotechnology,NASDAQ,52.04,11.04,83.33,16.89,61.13,14.05,55.21,10.73,50.46,9.86,62.94,15.01,0.4,-9.09,-4.76,-16.67,-16.67,-60.78,10.73,6794605.12302047,15801407.0,0.0036000002,-73.33,88300,0.03,0.41,-2.44,0.41,-2.44,0.45,-11.11,0.52,-23.08,15.54,32.18,7290850,2564290,1803712,-0.607
5300,DFH,Consumer Cyclical,Residential Construction,NYSE,52.03,11.02,73.56,7.5,55.56,11.22,63.34,14.83,80.03,29.9,60.86,13.78,9.6,-11.85,-13.44,-20.13,-37.74,-46.37,15.97,973252518.5,90535118.0,0.48790002,-63.79,1416000,1.4,9.89,-2.93,10.42,-7.87,11.2,-14.29,12.96,-25.93,6.9,63.39,1118480,1009176,878586,-0.076
5301,VTGN,Healthcare,Biotechnology,NASDAQ,52.01,11.01,91.24,33.4,33.31,4.62,24.43,3.12,24.1,2.86,46.32,8.04,0.25,-10.71,-16.67,4.17,4.17,-67.95,8.62,12425535.1329014,44376911.0,0.0612,-95.14,959100,0.05,0.26,-3.85,0.28,-10.71,0.26,-3.85,0.26,-3.85,20.57,19.44,2458250,21094200,15557032,5.049
5302,ACCS,Communication Services,Advertising Agencies,NYSE ARCA,51.95,10.99,86.34,21.59,51.96,9.68,59.65,12.98,67.51,19.14,76.51,24.42,4.6,-3.77,-3.36,-8.37,-32.35,-47.43,15.5,18026601.98600006,3827304.0,0.006,-59.44,10800,0.54,4.73,-2.75,4.74,-2.95,4.86,-5.35,5.28,-12.88,3.48,25.0,6570,19826,24180,-0.001
5303,LOT,Consumer Cyclical,Auto Manufacturers,NASDAQ,51.92,10.97,75.24,8.52,61.63,14.37,68.47,18.2,56.32,12.44,74.51,22.91,0.77,-6.1,-12.4,-23.76,-10.88,-42.54,17.37,551800495.6676453,646893910.0,0.0042,-65.93,71600,0.22,0.79,-2.53,0.83,-7.23,0.89,-13.48,0.98,-21.43,9.22,21.13,72030,319293,329154,0.068
5304,GNTA,Industrials,Conglomerates,NASDAQ,51.66,10.96,79.35,12.02,39.54,6.41,47.78,8.2,108.05,75.28,30.67,4.03,0.71,-11.69,5.65,-17.54,-45.38,-51.03,14.08,35921559.439915895,48216858.0,0.0026,-92.9,53600,0.9,0.74,-4.05,0.73,-2.74,0.74,-4.05,1.0,-29.0,10.24,0.0,50860,59520,54184,
5305,NCNA,Healthcare,Biotechnology,NASDAQ,51.62,10.94,81.14,13.8,59.12,12.98,49.92,8.88,35.33,5.18,36.19,5.18,1.13,-3.42,-14.39,-15.67,-6.61,-68.26,8.5,4536548.52892077,4161971.0,0.0257,-84.35,34600,0.16,1.1,2.73,1.18,-4.24,1.25,-9.6,1.37,-17.52,11.25,23.6,471760,217040,143584,
5306,OLMA,Healthcare,Biotechnology,NASDAQ,51.55,10.92,76.09,9.2,64.92,16.69,85.15,33.52,98.25,62.23,190.41,95.61,7.82,-5.44,-13.5,-26.85,-30.12,-72.0,7.63,719667850.9526882,87497607.0,0.22309999,-78.43,1400200,1.21,8.03,-2.62,8.3,-5.78,9.07,-13.78,10.17,-23.11,6.34,52.41,1133010,1155736,1093724,
5307,BTOC,Industrials,Integrated Freight & Logistics,NASDAQ,51.4,10.91,79.06,11.61,58.94,12.95,65.86,16.64,56.97,12.85,33.07,4.48,0.22,-9.58,-9.96,-25.17,-9.58,-60.97,10.68,10315578.846324205,45443079.0,0.0073,-76.72,126600,2.43,0.22,0.0,0.23,-4.35,0.25,-12.0,0.27,-18.52,12.14,14.97,100050,52116,111618,-0.153
5308,CNTY,Consumer Cyclical,Resorts & Casinos,NASDAQ,51.39,10.89,71.99,6.54,66.62,18.0,66.87,17.12,61.26,15.27,74.74,23.1,0.86,-18.1,-22.52,-25.86,-26.5,-36.76,20.34,29263198.606632233,28137692.0,0.0076,-68.5,260300,4.9,0.99,-13.13,1.03,-16.5,1.08,-20.37,1.17,-26.5,5.48,21.21,81210,53173,63160,0.008
5309,IBG,Consumer Defensive,Beverages - Wineries & Distilleries,NASDAQ,51.37,10.87,89.19,27.85,49.86,9.15,37.48,5.78,35.71,5.26,8.82,0.88,0.9,0.78,-6.74,-10.0,9.36,-92.77,2.56,3587443.800625086,4220522.0,0.0125,-96.36,19000,0.76,0.9,0.0,0.91,-1.1,0.95,-5.26,0.95,-5.26,8.88,62.56,20640,24906,160368,
5310,ATLX,Basic Materials,Other Industrial Metals & Mining,NASDAQ,51.27,10.86,75.47,8.67,57.57,12.19,67.36,17.47,57.64,13.2,86.95,35.26,2.31,-6.3,-13.35,-25.65,-9.96,-42.09,17.69,72540532.63348699,30099805.0,0.0946,-72.0,189900,0.75,2.44,-5.33,2.48,-6.85,2.71,-14.76,2.96,-21.96,7.61,8.53,321340,252056,221614,
5311,DBVT,Healthcare,Biotechnology,NASDAQ,51.22,10.84,70.8,5.94,69.17,20.3,78.82,26.75,87.07,37.93,144.14,90.07,9.55,-14.81,-17.67,-26.37,-30.44,-58.04,11.71,663051655.3373995,62848497.0,0.0215,-63.53,603300,1.65,10.06,-5.07,10.8,-11.57,11.53,-17.17,12.95,-26.25,6.19,32.16,476230,365450,350378,-0.533
5312,VEEA,Technology,Information Technology Services,NASDAQ,51.2,10.82,143.12,98.0,34.48,4.98,14.78,1.71,23.33,2.77,79.32,27.01,3.87,11.53,27.3,133.13,24.04,-73.49,7.21,207173134.73343658,62214156.0,0.64769995,-79.28,1822600,0.13,4.51,-14.19,3.66,5.74,3.68,5.16,3.0,29.0,23.02,29.19,15574790,14146096,8552112,1.416
5313,GLXG,Industrials,Staffing & Employment Services,NASDAQ,51.17,10.81,88.74,26.77,51.03,9.38,34.49,5.08,43.88,7.24,55.73,11.24,1.02,1.09,-6.42,4.19,0.99,-52.11,13.74,5901899.906853437,5961515.0,0.0117,-80.53,74300,0.75,0.99,3.03,1.01,0.99,1.0,2.0,1.03,-0.97,9.74,87.56,162150,98506,198918,0.022
5314,THCH,Consumer Cyclical,Restaurants,NASDAQ,51.03,10.79,87.3,23.77,52.64,9.94,60.58,13.47,70.07,20.69,74.69,23.08,1.15,-12.5,0.35,-14.82,-35.83,-46.03,16.08,37162372.57066548,32036529.0,0.0029,-64.62,2100,0.3,1.18,-2.54,1.24,-7.26,1.29,-10.85,1.4,-17.86,9.37,-4.64,10300,7066,9330,-0.217
5315,LAC,Basic Materials,Other Industrial Metals & Mining,NYSE,51.01,10.77,75.92,9.08,58.67,12.79,67.03,17.23,59.48,14.21,98.22,59.61,2.36,-8.17,-16.61,-21.85,-12.92,-50.32,14.41,925759487.3387635,363042943.0,0.09729999,-77.57,8841600,0.98,2.48,-4.84,2.57,-8.17,2.74,-13.87,2.95,-20.0,4.78,35.49,7848790,9039293,9372214,
5316,KPLT,Technology,Software - Infrastructure,NASDAQ,51.0,10.76,67.45,4.68,65.89,17.32,111.61,80.01,76.73,26.67,78.11,25.96,4.47,-0.67,-22.53,-51.23,-29.61,-30.16,24.21,383517726.9816327,84849055.0,0.0031,-72.18,229600,0.85,4.37,2.29,4.49,-0.45,6.67,-32.98,6.61,-32.38,14.33,96.8,315320,270983,198772,
5317,GMTL,Basic Materials,Other Precious Metals & Mining,NYSE ARCA,50.99,10.74,62.64,3.42,63.11,15.27,75.68,23.52,57.82,13.29,135.35,87.58,7.35,-15.03,-28.85,-35.36,-20.71,,,336238577.9388008,38961596.0,2.0,-66.91,106800,0.55,8.1,-9.26,8.6,-14.53,9.74,-24.54,11.06,-33.54,9.81,9.71,262280,192936,191650,
5318,UTI,Consumer Defensive,Education & Training Services,NYSE,50.97,10.73,83.86,17.58,53.13,10.21,58.12,12.02,113.51,80.17,116.69,79.79,20.31,6.73,-1.74,-1.41,-50.51,-22.75,28.67,1067745530.542242,55095231.0,0.1259,-60.44,1469400,0.82,19.68,3.2,19.35,4.96,20.03,1.4,23.83,-14.77,5.09,61.96,1668920,1787710,1839272,0.072
5319,OKLO,Utilities,Utilities - Independent Power Producers,NYSE,50.96,10.71,81.88,14.63,54.09,10.59,54.06,10.23,52.03,10.5,104.23,68.2,34.57,-4.34,-9.72,-13.31,-6.16,-58.46,11.49,6672452906.811714,186017650.0,0.2052,-82.17,16283200,1.61,36.36,-4.92,36.72,-5.86,37.45,-7.69,40.36,-14.35,5.59,45.0,9922960,10125836,10079416,
5320,EVEX,Industrials,Aerospace & Defense,NYSE,50.95,10.69,74.09,7.82,62.77,15.07,59.97,13.15,54.86,11.68,56.68,11.68,1.67,-6.7,-20.1,-20.48,-25.11,-65.21,9.5,606366222.7434247,348486333.0,0.1249,-67.64,1005900,1.01,1.7,-1.76,1.83,-8.74,1.97,-15.23,2.28,-26.75,6.22,28.89,1168520,999570,971666,
5321,ARAY,Healthcare,Medical Devices,NASDAQ,50.92,10.68,99.78,76.44,47.32,8.57,43.3,7.17,33.7,4.68,34.12,4.81,0.24,-11.11,9.09,0.0,4.35,-73.63,7.15,33443006.10238275,119439307.0,0.047399998,-88.57,2461100,0.18,0.27,-11.11,0.27,-11.11,0.25,-4.0,0.27,-11.11,16.37,25.45,41098820,14014113,8927764,-0.209
5322,AVD,Basic Materials,Agricultural Inputs,NYSE,50.85,10.66,77.97,10.63,56.57,11.65,56.21,11.16,72.76,22.99,56.25,11.51,1.71,-2.29,-11.4,-23.32,-28.75,-56.04,12.4,51331099.96133995,29500632.0,0.0069999998,-69.19,191100,0.7,1.72,-0.58,1.75,-2.29,1.96,-12.76,2.15,-20.47,5.35,21.87,284960,274076,292482,-0.097
5323,DXF,Financial Services,Credit Services,NYSE ARCA,50.81,10.63,93.52,42.0,68.35,19.42,41.84,6.76,34.2,4.85,27.18,3.32,0.5,2.04,-7.41,8.7,16.28,-76.53,6.29,1488539.787002921,3235956.0,0.0116,-85.67,378100,0.76,0.48,4.17,0.49,2.04,0.49,2.04,0.49,2.04,7.71,25.93,104100,496546,1148904,-0.532
5324,RCAT,Industrials,Aerospace & Defense,NASDAQ,50.81,10.63,74.79,8.25,59.74,13.42,67.89,17.76,57.43,13.08,113.92,77.87,5.91,-6.64,-13.09,-26.86,-12.7,-26.58,26.06,977371931.3639765,152714362.0,0.2667,-68.53,6431100,0.82,6.23,-5.14,6.35,-6.93,6.84,-13.6,8.16,-27.57,4.86,27.83,6147540,7835020,8497416,5.272
5325,EVGO,Consumer Cyclical,Specialty Retail,NASDAQ,50.81,10.63,87.05,22.99,53.03,10.14,49.45,8.77,56.76,12.65,60.46,13.56,1.27,0.79,-4.51,-4.51,-18.06,-58.36,11.58,195567692.9242468,141715720.0,0.3006,-75.34,3390100,0.82,1.32,-3.79,1.32,-3.79,1.37,-7.3,1.45,-12.41,5.92,26.62,3385300,4135406,3815722,-0.157
5326,POLA,Industrials,Electrical Equipment & Parts,NASDAQ,50.79,10.59,76.48,9.46,61.01,13.96,57.82,11.92,68.65,19.91,72.9,21.88,1.08,-3.57,-16.92,-14.96,-27.52,-41.94,17.82,4998809.89616096,4309319.0,0.0802,-81.22,56500,0.37,1.14,-5.26,1.18,-8.47,1.24,-12.9,1.44,-25.0,7.8,-0.0,243070,150696,330882,-0.624
5327,TARA,Healthcare,Biotechnology,NASDAQ,50.77,10.58,70.24,5.69,66.34,17.75,84.91,33.11,80.65,30.62,110.47,75.04,2.65,-3.99,-20.9,-30.08,-30.45,-49.72,14.69,151751442.58002687,56204237.0,0.076,-66.11,1215500,0.95,2.63,0.76,2.87,-7.67,3.28,-19.21,3.67,-27.79,8.98,56.74,2125640,1285320,915618,
5328,TURB,Technology,Solar,NASDAQ,50.58,10.56,80.96,13.55,58.73,12.83,64.32,15.52,66.0,18.21,85.28,33.07,0.98,-9.44,-12.68,-20.49,-34.8,7.47,63.81,13581455.219678521,12575421.0,0.0505,-84.92,276800,0.08,1.04,-5.77,1.06,-7.55,1.08,-9.26,1.19,-17.65,9.9,50.52,1561100,3522976,2217414,1.69
5329,PETS,Healthcare,Pharmaceutical Retailers,NASDAQ,50.46,10.54,74.03,7.78,62.38,14.81,76.87,24.61,66.3,18.41,66.9,17.71,1.28,-6.57,-17.95,-24.71,-35.35,-64.44,9.62,29483323.350119352,21678914.0,0.035099998,-68.78,143300,1.21,1.31,-2.29,1.36,-5.88,1.49,-14.09,1.71,-25.15,3.85,20.29,134140,118013,109800,-0.199
5330,LIVE,Consumer Cyclical,Home Improvement Retail,NASDAQ,50.4,10.53,86.99,22.8,53.06,10.18,65.29,16.25,61.63,15.64,76.75,24.7,7.73,4.04,-0.51,-5.73,-20.55,-50.61,14.29,23344585.307064056,3071656.0,0.0029,-65.95,500,0.09,7.57,2.11,7.59,1.84,7.73,0.0,8.79,-12.06,3.73,-0.0,2480,5623,8458,-0.032
5331,CWH,Consumer Cyclical,Auto & Truck Dealerships,NYSE,50.3,10.51,76.04,9.16,52.27,9.78,63.47,14.87,58.83,13.82,48.99,8.87,4.48,-10.58,-13.68,-26.44,-25.95,-55.2,12.76,321054611.95163727,63827952.0,0.1838,-73.88,3161200,1.49,4.62,-3.03,4.88,-8.2,5.31,-15.63,5.98,-25.08,7.94,74.47,2643490,2119113,2014962,-0.021
5332,YMAT,Basic Materials,Specialty Chemicals,NASDAQ,50.24,10.48,71.37,6.29,43.89,7.52,57.35,11.67,78.85,28.42,22.86,2.59,1.3,-12.16,-9.09,-37.8,-24.86,-59.81,10.99,5794599.045338273,4010103.0,0.0252,-90.0,32400,0.01,1.36,-4.41,1.43,-9.09,1.51,-13.91,1.74,-25.29,17.77,8.66,164890,2590700,1574442,
5333,WHR,Consumer Cyclical,"Furnishings, Fixtures & Appliances",NYSE,50.24,10.48,78.85,11.36,57.1,12.0,58.23,12.2,49.55,9.53,62.65,14.84,29.16,-4.33,-11.58,-18.75,-24.16,-59.85,10.98,1976193112.3597755,65199378.0,0.00059999997,-69.25,3423400,1.17,29.77,-2.05,30.38,-4.02,31.97,-8.79,36.93,-21.04,4.55,51.96,3176930,2927393,2678266,-0.068
5334,OI,Consumer Cyclical,Packaging & Containers,NYSE,50.11,10.46,88.71,26.66,46.41,8.3,55.69,10.94,68.26,19.69,72.29,21.44,6.17,9.2,5.29,-6.94,-19.87,-57.88,11.78,860494568.5458646,153659747.0,0.15689999,-63.51,6026700,1.67,5.77,6.93,5.75,7.3,6.0,2.83,6.61,-6.66,3.83,173.41,4209210,3600693,3373156,-0.022
5335,TLRY,Healthcare,Drug Manufacturers - Specialty & Generic,NASDAQ,50.06,10.44,82.8,15.97,55.08,11.06,56.47,11.24,48.45,9.06,78.46,26.21,3.59,0.56,-11.79,-13.29,-10.03,-67.83,8.71,533493513.50703645,147782141.0,0.1392,-84.53,9296900,2.37,3.68,-2.45,3.78,-5.03,3.93,-8.65,4.3,-16.51,4.58,127.83,4877060,3927416,4110156,0.255
5336,AAME,Financial Services,Insurance - Life,NASDAQ,50.03,10.43,87.46,24.1,52.62,9.91,51.7,9.51,56.9,12.8,101.41,64.1,1.21,-6.92,-7.63,-6.92,-22.44,-62.42,10.29,25904479.17095375,20397228.0,0.0056,-62.65,12500,0.18,1.25,-3.2,1.28,-5.47,1.31,-7.63,1.38,-12.32,4.6,53.85,15720,71016,77646,0.208
5337,ALMS,Healthcare,Biotechnology,NASDAQ,50.0,10.41,62.35,3.39,57.59,12.2,82.06,30.07,323.09,98.68,353.22,98.39,6.97,-3.33,-4.39,-29.6,-73.58,-38.26,19.68,886631374.8060937,129435239.0,0.081099994,-77.77,2853100,0.69,6.87,1.46,7.05,-1.13,7.69,-9.36,16.09,-56.68,5.77,89.44,2242280,4128940,2833654,-0.377
5338,GPCR,Healthcare,Biotechnology,NASDAQ,49.92,10.39,60.07,3.05,73.89,24.99,91.63,45.84,118.81,83.73,148.05,90.92,25.67,-11.42,-28.73,-35.09,-45.79,-60.47,10.83,1973143748.6305103,71309857.0,0.1268,-72.95,939200,0.69,27.02,-5.0,29.9,-14.15,33.61,-23.62,43.0,-40.3,7.21,31.32,1637630,1365560,1072538,
5339,GBFH,Financial Services,Banks - Regional,NASDAQ,49.9,10.38,82.7,15.75,52.99,10.13,55.13,10.69,81.99,32.13,75.7,23.82,17.6,-0.85,-6.83,-11.69,-41.37,-50.95,14.14,260280078.4400711,14516457.0,0.073699996,-58.32,85800,1.14,17.66,-0.34,18.11,-2.82,18.81,-6.43,19.92,-11.65,3.79,77.86,68040,75230,98132,0.145
5340,SNGX,Healthcare,Biotechnology,NASDAQ,49.89,10.36,91.29,33.57,48.59,8.83,42.3,6.85,25.3,3.05,72.69,21.8,0.35,-2.78,-10.26,-2.78,-2.78,-74.64,6.8,5484944.45068717,14824174.0,0.0093,-82.23,120200,0.56,0.36,-2.78,0.36,-2.78,0.37,-5.41,0.38,-7.89,2.86,0.0,137290,212993,224634,
5341,LTBR,Industrials,Electrical Equipment & Parts,NASDAQ,49.88,10.34,79.66,12.34,53.38,10.32,58.1,12.0,46.62,8.38,80.1,27.81,6.01,-4.3,-10.7,-18.12,-21.34,-57.07,12.06,225163926.87536335,35236922.0,0.1464,-80.82,1312200,1.63,6.4,-6.09,6.42,-6.39,6.61,-9.08,7.55,-20.4,5.95,25.15,794580,806026,829104,
5342,MMA,Consumer Cyclical,Leisure,NYSE ARCA,49.78,10.33,77.4,10.16,56.16,11.51,61.55,13.94,54.13,11.34,40.81,6.44,0.34,-8.27,-17.51,-14.85,-20.0,-69.56,8.26,9851877.485624224,26483541.0,0.028099999,-80.35,123600,0.27,0.36,-5.56,0.38,-10.53,0.4,-15.0,0.42,-19.05,8.15,-0.0,281770,462686,7642046,
5343,MTEN,Industrials,Metal Fabrication,NASDAQ,49.75,10.31,94.29,45.72,37.94,5.94,27.07,3.52,38.39,5.87,7.49,0.76,1.02,3.55,0.99,2.51,7.37,-99.33,0.69,7715804.027144909,7639410.0,0.0177,-99.91,1860600,0.61,1.01,0.99,1.01,0.99,1.02,0.0,1.05,-2.86,7.62,25.74,7869270,3071246,3256958,0.17
5344,PASG,Healthcare,Biotechnology,NASDAQ,49.73,10.29,78.95,11.52,68.55,19.65,65.14,16.09,45.45,7.88,126.44,84.66,3.78,-10.02,-21.25,-24.17,-16.37,-60.58,10.77,13257376.83175087,3217810.0,0.0376,-81.1,15800,0.65,3.98,-5.03,4.27,-11.48,4.6,-17.83,4.57,-17.29,7.54,56.17,17890,24323,20234,
5345,FICO,Technology,Software - Application,NYSE,49.68,10.28,70.15,5.63,59.32,13.15,66.86,17.1,81.93,32.05,58.32,12.48,707.43,6.9,-17.4,-26.36,-48.48,-59.54,11.1,14281436143.75,21597635.0,0.1082,-62.5,1503500,1.71,687.1,2.96,701.16,0.89,829.88,-14.76,979.37,-27.77,7.83,50.1,1788150,879763,681460,0.257
5346,ODYS,Technology,Scientific & Technical Instruments,NASDAQ,49.67,10.26,72.45,6.72,65.12,16.85,79.25,27.19,93.81,55.32,103.35,67.07,2.57,-8.87,-18.15,-25.72,-38.95,-23.51,28.15,47227402.08830118,16806905.0,0.0014,-77.26,66500,2.21,2.7,-4.81,2.84,-9.51,3.09,-16.83,3.57,-28.01,9.18,8.48,34000,30120,29302,0.16
5347,BRAG,Consumer Cyclical,Gambling,NASDAQ,49.65,10.24,74.17,7.87,61.35,14.13,64.14,15.41,63.33,16.65,63.34,15.26,1.12,-3.88,-19.2,-14.89,-30.31,-48.85,14.99,37276086.28121853,31063404.0,6.75,-62.42,3500,0.16,1.16,-3.45,1.22,-8.2,1.32,-15.15,1.43,-21.68,6.1,14.63,13120,21243,20620,-0.122
5348,FIP,Industrials,Conglomerates,NASDAQ,49.63,10.23,75.53,8.7,57.31,12.05,63.53,14.93,69.38,20.29,100.73,63.11,2.66,2.31,-13.92,-19.39,-29.07,-42.25,17.59,317317957.08258677,118181737.0,0.26790002,-60.24,2594700,1.95,2.71,-1.85,2.78,-4.32,2.93,-9.22,3.43,-22.45,7.64,14.76,1365950,1331693,1443872,0.527
5349,RARE,Healthcare,Biotechnology,NASDAQ,49.56,10.21,82.14,14.94,47.21,8.47,49.5,8.78,106.38,73.29,81.25,29.0,15.29,3.66,3.52,6.18,-38.84,-54.36,13.0,1500522673.3860693,98588873.0,0.17379999,-61.67,5396500,0.9,14.87,2.82,14.84,3.03,14.55,5.09,20.28,-24.61,5.6,100.44,4565340,6013986,4493396,0.281
5350,SRG,Real Estate,Real Estate Services,NYSE,49.54,10.19,79.62,12.31,54.23,10.69,56.9,11.51,76.08,25.97,69.43,19.21,1.63,-4.12,-10.44,-14.66,-33.47,-51.78,13.88,101947537.25708008,56324608.0,0.1094,-62.79,191700,1.13,1.71,-4.68,1.72,-5.23,1.82,-10.44,2.05,-20.49,4.86,31.53,159130,169536,151296,-0.56
5351,PLAY,Communication Services,Entertainment,NASDAQ,49.52,10.18,85.32,19.69,44.43,7.72,48.96,8.6,53.32,10.97,61.6,14.28,6.97,8.4,5.29,-14.69,-32.0,-59.02,11.32,235106847.0,34830644.0,0.3621,-68.46,2050500,0.7,6.78,2.8,6.62,5.29,6.92,0.72,8.63,-19.24,5.28,146.74,1931600,2933860,2311206,-0.024
5352,CRBP,Healthcare,Biotechnology,NASDAQ,49.49,10.16,59.5,3.01,72.6,23.54,84.52,32.69,81.81,31.78,108.65,73.48,5.27,-16.88,-29.26,-36.04,-40.92,-35.1,21.3,118562128.30343533,19341293.0,0.1633,-74.37,1346000,1.15,5.7,-7.54,6.24,-15.54,6.97,-24.39,8.86,-40.52,8.44,31.49,865870,1174566,894900,
5353,VITL,Consumer Defensive,Farm Products,NASDAQ,49.46,10.14,86.98,22.75,55.86,11.27,51.69,9.5,59.45,14.2,32.67,4.4,9.44,5.77,-6.49,-3.63,-31.03,-71.73,7.71,388959607.33478355,42931522.0,0.3508,-79.09,1811600,1.06,9.28,1.72,9.36,0.85,10.04,-5.98,10.69,-11.69,6.07,48.9,1750970,1709846,1640960,-0.101
5354,KLXE,Energy,Oil & Gas Equipment & Services,NASDAQ,49.44,10.13,75.89,9.03,59.86,13.45,61.35,13.85,105.26,71.94,107.63,72.34,1.26,-10.64,-14.29,-18.18,-40.0,-20.25,30.44,29513299.518021464,21386449.0,0.1463,-72.0,391300,0.47,1.33,-5.26,1.41,-10.64,1.46,-13.7,1.61,-21.74,8.9,17.83,695180,828166,743196,0.052
5355,FLYX,Industrials,Airlines,NYSE ARCA,49.41,10.11,99.66,76.01,41.91,6.91,35.53,5.28,38.18,5.79,78.02,25.85,1.31,8.26,5.65,19.09,7.38,-58.15,11.68,65189685.0,52151748.0,0.0004,-85.25,501200,1.89,1.25,4.8,1.25,4.8,1.22,7.38,1.22,7.38,6.29,169.84,188490,265886,300954,0.217
5356,PZZA,Consumer Cyclical,Restaurants,NASDAQ,49.38,10.09,83.33,16.89,48.43,8.78,53.03,9.9,73.49,23.69,87.59,36.14,19.46,-0.71,-3.76,-9.32,-36.38,-51.09,14.05,639286142.0608978,32902014.0,0.2865,-65.09,1422700,0.98,19.47,-0.05,19.66,-1.02,20.11,-3.23,22.77,-14.54,3.28,47.03,1414480,1448106,1590016,-0.088
5357,SKYQ,Energy,Oil & Gas Integrated,NASDAQ,49.24,10.08,86.78,22.43,98.45,70.02,132.39,91.01,56.35,12.47,178.29,94.8,2.52,-0.79,-13.4,-21.0,-44.12,10.14,66.76,21730139.736967087,8833390.0,0.0864,-87.04,851800,0.29,2.5,0.8,2.53,-0.4,2.73,-7.69,2.96,-14.86,8.59,13.87,700010,2988276,2451584,
5358,EVO,Healthcare,Drug Manufacturers - Specialty & Generic,NASDAQ,49.19,10.06,84.47,18.63,47.13,8.43,57.58,11.8,49.0,9.35,77.61,25.48,1.57,-4.85,2.61,-11.3,-18.65,-46.78,15.72,568622597.2731369,355389118.0,0.00029999999,-63.23,94400,0.65,1.61,-2.48,1.62,-3.09,1.62,-3.09,1.81,-13.26,4.32,58.95,129910,144826,111910,-0.162
5359,ONCY,Healthcare,Biotechnology,NASDAQ,49.17,10.04,68.91,5.16,61.52,14.28,73.74,21.96,72.85,23.05,106.62,71.21,0.54,-15.62,-20.59,-29.87,-28.0,-46.53,15.87,80331617.54198253,127510505.0,0.0691,-61.97,1084900,1.04,0.59,-8.47,0.63,-14.29,0.69,-21.74,0.77,-29.87,8.2,-0.0,944510,1042360,894532,
5360,PPBT,Healthcare,Biotechnology,NASDAQ,48.95,10.03,88.4,25.94,46.3,8.23,58.87,12.48,21.32,2.54,47.94,8.41,1.44,-5.26,-2.7,-17.24,4.35,-79.66,5.55,2456569.1544849873,1626867.0,0.0498,-89.79,9600,0.0,1.49,-3.36,1.5,-4.0,1.54,-6.49,1.57,-8.28,7.75,25.08,19160,2656010,1626668,
5361,SERV,Industrials,Integrated Freight & Logistics,NASDAQ,48.79,10.0,90.86,32.33,49.33,9.0,43.62,7.31,44.24,7.44,79.62,27.38,4.45,-6.32,-1.33,0.68,1.83,-56.63,12.15,400155124.9592266,86707507.0,0.3859,-76.13,2893100,0.99,4.67,-4.71,4.63,-3.89,4.51,-1.33,4.77,-6.71,5.64,27.9,2726670,2929670,3825554,4.044
5362,STXS,Healthcare,Medical Instruments & Supplies,NYSE ARCA,48.79,10.0,78.41,10.98,56.85,11.85,56.92,11.53,61.52,15.51,74.26,22.76,1.11,-7.5,-13.95,-14.62,-16.54,-52.56,13.6,118238564.7841866,100202178.0,0.065799996,-69.08,560300,1.08,1.15,-3.48,1.2,-7.5,1.26,-11.9,1.34,-17.16,4.83,37.33,523540,518606,572302,-0.128
5363,HRTX,Healthcare,Biotechnology,NASDAQ,48.78,9.98,110.58,92.72,38.49,6.09,43.61,7.29,31.4,4.28,56.18,11.46,0.36,0.0,24.14,12.5,-26.53,-72.31,7.54,66448306.31839207,189852307.0,0.291,-77.22,1892500,0.83,0.36,0.0,0.34,5.88,0.32,12.5,0.35,2.86,10.71,25.93,2658650,2278176,2619584,0.013
5364,AIXI,Technology,Software - Application,NASDAQ,48.77,9.96,120.65,96.39,54.52,10.77,33.56,4.81,9.44,0.79,110.11,74.79,1.93,58.85,2.66,-37.74,-76.83,-81.26,5.19,238038.52247476578,131513.0,0.01,-96.44,58441800,7.25,1.68,14.88,1.58,22.15,1.92,0.52,1.74,10.92,27.66,20.6,21308330,8057633,10906695,-0.978
5365,SKIN,Consumer Defensive,Household & Personal Products,NASDAQ,48.75,9.94,78.9,11.46,62.62,15.03,64.66,15.76,64.09,17.13,61.74,14.36,0.57,-9.68,-13.79,-17.54,-11.65,-62.81,10.15,81988680.06944048,130140763.0,0.1521,-67.61,397700,1.21,0.6,-5.0,0.62,-8.06,0.65,-12.31,0.66,-13.64,7.46,47.06,272700,329030,382576,-0.078
5366,NBP,Healthcare,Biotechnology,NASDAQ,48.74,9.93,81.74,14.4,54.73,10.86,67.28,17.4,55.59,12.0,112.53,76.84,1.37,2.24,-5.52,-18.93,-14.91,-67.3,8.93,156703726.48082018,115648505.0,0.0541,-79.82,250100,0.5,1.37,0.0,1.37,0.0,1.48,-7.43,1.67,-17.96,4.74,46.15,929340,502100,405606,
5367,QNC,Technology,Software - Infrastructure,NYSE ARCA,48.65,9.91,74.89,8.35,56.13,11.49,47.91,8.23,64.28,17.32,67.04,17.83,1.54,-11.49,-18.52,-9.94,-20.62,,,348877282.62392163,219419670.0,10.0,-65.32,339200,0.28,1.59,-3.14,1.7,-9.41,1.75,-12.0,1.95,-21.03,11.83,5.49,1266130,1204023,903094,
5368,ACR,Real Estate,REIT - Mortgage,NYSE,48.52,9.9,76.96,9.86,49.39,9.03,63.06,14.68,80.43,30.41,94.47,53.86,10.21,-6.07,-6.84,-25.26,-44.21,-56.03,12.43,170830124.1214199,15672489.0,0.0179,-58.51,32600,0.67,10.39,-1.73,10.48,-2.58,11.75,-13.11,13.44,-24.03,5.99,8.18,52030,48926,42868,-0.148
5369,SCOR,Technology,Software - Application,NASDAQ,48.47,9.88,75.75,8.91,63.24,15.35,64.58,15.69,91.93,51.32,106.15,70.94,4.06,-10.38,-15.59,-19.12,-45.94,-43.14,17.07,64381538.76458359,15184326.0,0.0046,-56.53,81100,1.97,4.18,-2.87,4.46,-8.97,4.74,-14.35,5.44,-25.37,7.32,80.77,32850,41120,37366,-0.113
5370,IHRT,Communication Services,Broadcasting,NASDAQ,48.46,9.86,73.23,7.26,56.68,11.74,77.71,25.48,116.49,82.4,174.57,94.5,1.97,-6.19,-12.83,-27.57,-43.87,-55.23,12.73,300290994.77710724,154789168.0,0.075,-69.97,1013400,1.57,2.0,-1.5,2.09,-5.74,2.31,-14.72,2.75,-28.36,6.68,15.2,688550,644293,652638,0.047
5371,NMG,Basic Materials,Other Industrial Metals & Mining,NYSE,48.38,9.85,74.03,7.78,63.49,15.61,64.11,15.36,56.56,12.55,76.02,24.07,1.07,-8.55,-20.74,-20.74,-18.32,-57.2,11.99,388739294.82017934,329440095.0,6.51,-82.34,265900,0.58,1.12,-4.46,1.17,-8.55,1.27,-15.75,1.35,-20.74,5.15,36.27,657670,457330,420794,
5372,FBGL,Industrials,Engineering & Construction,NASDAQ,48.37,9.83,85.22,19.52,54.52,10.77,59.17,12.68,81.16,31.07,82.4,30.18,3.58,-5.29,-4.02,-12.47,-36.07,-58.71,11.42,5143499.92275238,1350000.0,0.0088,-74.43,41000,0.12,3.62,-1.1,3.76,-4.79,3.85,-7.01,4.08,-12.25,18.4,27.33,42612,354174,224415,2.267
5373,TTEC,Technology,Information Technology Services,NASDAQ,48.33,9.81,104.28,86.84,43.06,7.32,41.07,6.57,61.08,15.12,81.19,28.9,1.46,-2.01,19.67,14.96,-42.52,-60.11,10.89,68028396.96493864,49295940.0,0.2084,-63.41,483400,1.23,1.41,3.55,1.35,8.15,1.29,13.18,1.55,-5.81,4.94,55.45,433600,392920,469956,-0.113
5374,CMCM,Communication Services,Internet Content & Information,NYSE,48.31,9.8,80.05,12.57,51.94,9.66,58.8,12.44,44.64,7.62,90.91,46.74,2.39,-7.88,-9.62,-28.4,-14.77,-64.36,9.64,83804294.38003707,31038627.0,0.002,-73.88,15700,1.45,2.55,-6.27,2.63,-9.13,2.77,-13.72,2.98,-19.8,7.83,-2.67,9850,10793,8566,-0.099
5375,HXHX,Industrials,Integrated Freight & Logistics,NASDAQ,48.3,9.78,71.54,6.38,62.73,15.06,73.5,21.73,65.92,18.2,64.83,16.34,0.34,-16.25,-14.32,-29.18,-24.21,-2.9,47.71,5711360.168457031,14720000.0,0.0042,-79.27,28182300,12.35,0.34,0.0,0.38,-10.53,0.4,-15.0,0.46,-26.09,17.48,82.45,6093760,2282800,2443932,-0.065
5376,LXEO,Healthcare,Biotechnology,NASDAQ,48.23,9.76,77.17,10.01,51.23,9.48,73.32,21.65,66.78,18.71,130.2,85.78,3.21,-11.33,-5.31,-26.38,-25.52,-68.99,8.38,289771181.2714391,82088154.0,0.2932,-70.79,2546100,1.7,3.35,-4.18,3.36,-4.46,3.72,-13.71,4.33,-25.87,9.48,32.52,2449420,1494283,1259412,
5377,HIT,Technology,Software - Application,NASDAQ,48.18,9.75,78.83,11.32,53.65,10.44,62.71,14.44,59.56,14.26,107.66,72.4,0.75,1.49,-12.3,-19.55,-30.65,-44.93,16.49,51210273.66801739,65402649.0,0.030299999,-81.34,88600,0.3,0.78,-3.85,0.81,-7.41,0.84,-10.71,0.95,-21.05,11.28,68.58,763760,290840,206704,-0.135
5378,DXLG,Consumer Cyclical,Apparel Retail,NASDAQ,47.99,9.73,63.12,3.62,64.41,16.32,77.61,25.34,73.53,23.72,50.62,9.48,0.37,-19.57,-28.85,-43.08,-38.33,-60.64,10.75,23845026.896634698,55453550.0,0.0197,-76.58,116500,1.04,0.39,-5.13,0.43,-13.95,0.53,-30.19,0.57,-35.09,11.0,24.56,142710,112070,80564,-0.034
5379,SOC,Energy,Oil & Gas Drilling,NYSE,47.98,9.7,89.59,29.18,33.3,4.6,39.68,6.26,26.03,3.14,76.8,24.75,3.86,17.33,-2.77,-21.54,-11.47,-50.39,14.36,673462195.8901892,191869572.0,0.3107,-81.39,14772100,1.82,3.62,6.63,3.57,8.12,4.09,-5.62,4.42,-12.67,8.09,48.03,9356330,8098850,8821410,
5380,ACXP,Healthcare,Biotechnology,NASDAQ,47.98,9.7,87.32,23.87,50.78,9.35,48.21,8.33,39.35,6.08,47.95,8.43,1.25,-0.79,-8.09,-10.71,-10.07,-62.46,10.27,5458127.178027153,4297738.0,0.0298,-85.01,74300,0.85,1.29,-3.1,1.3,-3.85,1.34,-6.72,1.4,-10.71,5.01,15.98,92620,87236,134834,
5381,GRNQ,Industrials,Consulting Services,NASDAQ,47.98,9.7,70.91,6.03,60.19,13.59,67.58,17.6,62.01,15.89,172.13,94.3,8.87,18.74,-21.64,-24.57,-17.87,-49.89,14.63,15372424.450172424,1812786.0,0.0125,-72.11,137200,1.21,8.58,3.38,8.67,2.31,9.85,-9.95,11.31,-21.57,15.16,78.08,57480,113553,73098,-0.293
5382,MTR,Energy,Oil & Gas E&P,NYSE,47.89,9.66,79.08,11.65,53.55,10.41,51.63,9.47,58.6,13.71,91.02,46.95,2.07,-14.81,-13.03,-16.19,-28.62,-51.97,13.83,4603067.353317738,1863590.0,0.0026,-64.49,26900,2.45,2.31,-10.39,2.37,-12.66,2.4,-13.75,2.56,-19.14,5.21,46.36,6310,10970,9636,-0.284
5383,PMCB,Healthcare,Biotechnology,NASDAQ,47.8,9.65,76.5,9.52,49.8,9.11,48.24,8.35,70.53,21.08,65.96,17.15,0.4,-1.61,-12.93,-10.15,-32.13,-53.66,13.29,4295333.087088823,10735649.0,0.0069,-73.51,214100,0.7,0.4,0.0,0.41,-2.44,0.42,-4.76,0.49,-18.37,7.73,43.67,158560,307646,235894,
5384,HUMA,Healthcare,Biotechnology,NASDAQ,47.79,9.63,71.76,6.49,56.74,11.77,43.24,7.16,56.02,12.25,43.55,7.11,0.45,-11.13,-21.44,-21.16,-28.48,-59.73,11.03,145010614.91639823,277798105.0,0.115200005,-82.35,5449700,1.18,0.48,-6.25,0.51,-11.76,0.54,-16.67,0.61,-26.23,6.9,41.84,4540820,4636770,6337424,0.349
5385,TNXP,Healthcare,Biotechnology,NASDAQ,47.74,9.61,62.71,3.45,56.11,11.46,78.28,25.97,56.89,12.78,62.92,14.99,7.28,-21.13,-24.95,-40.72,-23.45,-57.4,11.92,152815621.22296143,17151024.0,0.1657,-70.49,1091600,1.88,7.9,-7.85,8.79,-17.18,10.03,-27.42,11.47,-36.53,7.99,20.64,818650,580023,539332,5.779
5386,SAIQ,Industrials,Aerospace & Defense,NASDAQ,47.68,9.6,51.71,1.59,91.2,56.44,71.9,20.64,91.47,50.35,90.87,46.59,5.51,92.66,-48.5,-33.61,-48.38,-46.87,15.67,55080030.35984337,29772989.0,,-57.45,5853400,2.18,4.62,19.26,6.48,-14.97,8.6,-35.93,9.79,-43.72,38.41,91.58,7969940,2685803,1616368,
5387,LRHC,Real Estate,Real Estate Services,NASDAQ,47.61,9.58,100.81,79.82,97.1,68.21,95.36,58.57,8.67,0.71,1.93,0.15,1.27,-30.98,-51.71,-52.26,32.02,-98.4,1.15,888636.807404995,569639.0,0.0218,-99.83,3817600,8.52,1.49,-14.77,1.93,-34.2,2.27,-44.05,1.72,-26.16,17.38,49.84,742790,448116,1010964,-0.256
5388,ARRY,Technology,Solar,NASDAQ,47.46,9.55,81.37,13.93,45.17,7.87,54.6,10.43,69.08,20.12,98.17,59.51,3.75,-3.6,-4.58,-17.58,-22.04,-60.48,10.8,627611610.5039787,153826378.0,0.2911,-69.34,5531300,0.87,3.92,-4.34,3.94,-4.82,4.08,-8.09,4.58,-18.12,5.32,65.12,6422050,6367630,6676456,-0.056
5389,ASPI,Basic Materials,Specialty Chemicals,NASDAQ,47.46,9.55,77.65,10.28,42.07,6.97,50.33,8.98,58.01,13.41,58.94,12.83,2.83,4.81,-4.07,-21.17,-20.06,-53.45,13.4,446130308.95864964,153309380.0,0.1858,-80.47,4958400,1.13,2.88,-1.74,2.79,1.43,2.99,-5.35,3.62,-21.82,7.45,37.97,5188880,4396690,3948722,3.276
5390,BTMD,Healthcare,Medical Care Facilities,NASDAQ,47.45,9.53,78.14,10.77,56.51,11.62,51.09,9.27,78.24,27.88,69.09,19.03,1.17,0.86,-4.88,-10.69,-42.65,-57.91,11.75,32979226.666272998,28677589.0,0.063,-64.11,147200,0.75,1.14,2.63,1.18,-0.85,1.26,-7.14,1.49,-21.48,6.52,144.19,127730,195390,234122,-0.095
5391,TREE,Financial Services,Insurance Brokers,NASDAQ,47.43,9.51,87.62,24.28,45.82,8.12,54.58,10.41,85.23,35.78,80.73,28.44,25.35,3.26,4.15,-5.73,-35.76,-51.58,13.93,345934774.470932,14039561.0,0.0646,-63.22,303600,0.79,24.7,2.63,24.57,3.17,25.4,-0.2,28.38,-10.68,4.4,139.01,281530,383596,446934,0.253
5392,ENGN,Healthcare,Biotechnology,NASDAQ,47.38,9.5,91.92,35.78,52.72,10.01,52.7,9.79,26.4,3.18,120.71,82.01,1.78,-10.1,-7.29,0.56,-0.56,-79.52,5.63,130011656.87470436,67016316.0,0.0221,-85.47,1460600,2.02,1.83,-2.73,1.9,-6.32,1.9,-6.32,1.85,-3.78,5.09,110.41,905870,722630,726532,
5393,CCOI,Communication Services,Telecom Services,NASDAQ,47.36,9.48,103.2,84.85,37.63,5.89,43.08,7.12,38.39,5.87,61.51,14.16,9.56,16.16,25.13,5.17,-24.51,-55.93,12.49,433285128.5137253,51215736.0,0.1858,-79.08,2101300,0.96,9.23,3.58,8.46,13.0,8.71,9.76,9.79,-2.35,7.79,59.06,2089740,2183956,2059648,-0.042
5394,NYXH,Healthcare,Medical Devices,NASDAQ,47.35,9.46,91.35,33.75,44.08,7.59,55.02,10.66,30.56,4.05,49.43,9.03,1.35,1.5,6.3,-10.0,-2.88,-72.16,7.56,138502696.576836,101840217.0,0.003,-80.36,87900,0.2,1.39,-2.88,1.41,-4.26,1.44,-6.25,1.51,-10.6,7.41,20.0,211620,442053,316104,4.728
5395,LU,Financial Services,Credit Services,NYSE,47.27,9.45,71.33,6.26,66.84,18.15,58.6,12.35,47.6,8.82,61.5,14.15,0.95,-20.42,-29.85,-21.74,-38.1,-64.53,9.6,884022653.3092213,866688892.0,6.67,-76.83,3323400,2.04,1.0,-5.0,1.11,-14.41,1.17,-18.8,1.31,-27.48,8.83,45.28,2195800,1630136,1369022,-0.113
5396,YRD,Financial Services,Credit Services,NYSE,47.2,9.42,95.32,50.81,49.26,8.98,42.51,6.91,35.08,5.11,39.7,6.11,1.01,10.26,2.64,1.61,-5.61,-76.46,6.31,83726458.67883897,87488461.0,0.0073,-85.13,32100,0.55,0.99,2.02,0.98,3.06,0.99,2.02,1.06,-4.72,5.27,18.79,84940,58426,57276,-0.461
5397,RUN,Technology,Solar,NASDAQ,47.2,9.42,83.8,17.44,47.59,8.62,56.61,11.32,81.63,31.59,90.07,44.67,7.59,-0.65,-2.44,-12.05,-19.85,-58.43,11.54,1839215011.8699331,238549287.0,0.3538,-66.18,8678100,1.13,7.66,-0.91,7.72,-1.68,8.11,-6.41,8.9,-14.72,5.07,84.49,7956040,7653166,8187712,0.528
5398,AKBA,Healthcare,Drug Manufacturers - Specialty & Generic,NASDAQ,47.12,9.39,80.94,13.51,56.44,11.59,67.41,17.52,64.51,17.52,64.64,16.12,0.81,-6.43,-11.32,-13.94,-35.32,-50.9,14.18,239696904.5676911,277106245.0,0.075100005,-74.69,7445500,0.99,0.87,-6.9,0.88,-7.95,0.91,-10.99,0.95,-14.74,5.59,-11.04,6396220,7541543,7242748,-0.214
5399,BEAT,Healthcare,Health Information Services,NASDAQ,47.12,9.39,109.78,92.28,32.87,4.53,39.45,6.19,47.48,8.77,47.71,8.3,0.49,16.71,29.02,19.27,-3.74,-84.23,4.55,24511889.519346893,56349171.0,0.0428,-87.75,3504300,0.24,0.54,-9.26,0.46,6.52,0.43,13.95,0.47,4.26,15.86,3.86,43536600,14778113,9048776,
5400,METC,Basic Materials,Coking Coal,NASDAQ,47.09,9.36,76.95,9.84,52.21,9.75,62.27,14.33,58.11,13.53,64.25,15.86,8.49,1.92,-7.11,-25.85,-11.84,-41.73,18.05,516471297.83608437,63683270.0,0.65480006,-85.31,3373200,1.53,8.21,3.41,8.4,1.07,9.21,-7.82,10.63,-20.13,6.18,66.67,2043910,2210370,2263082,-0.053
5401,BLND,Technology,Software - Application,NYSE,47.09,9.36,79.19,11.88,44.77,7.8,59.55,12.93,67.05,18.83,44.53,7.45,1.05,0.0,-1.87,-26.06,-41.99,-66.02,9.24,243608711.80329967,236513319.0,0.0588,-70.95,1407000,0.75,1.03,1.94,1.05,0.0,1.17,-10.26,1.41,-25.53,6.38,74.63,1443090,1869496,2172646,0.07
5402,CISO,Technology,Software - Infrastructure,NASDAQ,46.96,9.33,78.68,11.21,56.78,11.8,50.13,8.94,45.96,8.06,50.92,9.53,0.19,-3.96,-17.45,-18.49,-23.32,-54.67,12.88,9469336.435374916,45525655.0,0.0031,-87.16,189800,1.17,0.2,-5.0,0.21,-9.52,0.23,-17.39,0.24,-20.83,8.12,-6.48,149250,161733,169538,-0.137
5403,UAMY,Basic Materials,Other Industrial Metals & Mining,NYSE,46.9,9.31,71.7,6.44,58.38,12.57,66.7,17.01,71.46,21.92,162.04,92.96,3.72,-9.93,-18.6,-24.54,-24.24,-22.82,28.6,591260633.1932082,148185622.0,0.2326,-81.13,6485900,1.16,3.9,-4.62,4.08,-8.82,4.41,-15.65,5.04,-26.19,5.86,27.54,4713290,5580950,6241788,-0.247
5404,BRAI,Technology,Computer Hardware,NASDAQ,46.83,9.3,77.23,10.04,59.34,13.17,53.58,10.11,49.96,9.75,40.0,6.2,4.34,-18.27,-21.52,-21.38,-22.5,,,954188519.224926,206088228.0,0.0064,-86.85,32300,0.81,4.55,-4.62,4.99,-13.03,5.29,-17.96,5.45,-20.37,8.95,30.88,45710,39916,40636,
5405,REVB,Healthcare,Biotechnology,NASDAQ,46.76,9.28,81.37,13.93,52.57,9.9,56.88,11.48,41.37,6.56,16.77,1.66,0.77,-3.37,-11.03,-22.52,-19.79,-78.33,5.93,3043329.8183016777,3983416.0,0.0001,-88.61,65000,2.07,0.78,-1.28,0.81,-4.94,0.88,-12.5,0.98,-21.43,7.81,0.0,50570,31460,36700,
5406,SPRU,Technology,Solar,NYSE,46.71,9.26,76.88,9.75,63.45,15.56,54.01,10.2,67.44,19.1,134.47,87.25,1.56,-1.27,-22.0,-8.24,-21.61,-69.29,8.35,30418454.70621419,19252186.0,0.0585,-76.89,100700,0.65,1.59,-1.89,1.68,-7.14,1.73,-9.83,1.87,-16.58,9.42,20.42,77220,156020,124184,-0.087
5407,SPRY,Healthcare,Biotechnology,NASDAQ,46.67,9.25,86.68,22.24,40.41,6.55,48.4,8.43,65.19,17.78,59.39,13.08,4.56,10.68,9.88,-9.88,-21.78,-56.53,12.2,404750703.08126783,99447343.0,0.3345,-65.32,1584900,1.09,4.32,5.56,4.26,7.04,4.32,5.56,5.15,-11.46,6.04,127.04,1408000,1453320,1644522,1.142
5408,MTVA,Healthcare,Biotechnology,NASDAQ,46.64,9.23,78.11,10.72,68.28,19.37,59.39,12.83,58.0,13.4,24.52,2.87,1.34,-12.99,-17.79,-23.43,-6.94,-84.45,4.5,10145675.288683891,6588101.0,0.0381,-90.98,112000,1.43,1.47,-8.84,1.55,-13.55,1.6,-16.25,1.58,-15.19,6.15,12.13,64490,78333,80248,
5409,AFJKU,Financial Services,Shell Companies,NASDAQ,46.62,9.21,93.39,41.5,46.68,8.34,46.31,7.9,111.35,78.43,343.53,98.34,13.5,20.64,3.85,3.85,15.29,-73.0,7.25,,,3.9,-83.12,0,0.0,13.34,1.2,13.02,3.69,13.01,3.77,12.35,9.31,5.34,0.0,2580,893,828,
5410,RPGL,Technology,Software - Application,NASDAQ,46.6,9.19,184.71,98.65,17.66,1.81,22.29,2.67,4.36,0.38,2.47,0.23,40.0,52.67,172.33,72.41,28.87,-98.85,0.98,37533745.784015656,1009243.0,0.0026,-99.94,29400,1.27,36.64,9.17,26.4,51.52,23.96,66.94,27.47,45.61,13.94,71.36,47560,23218,26530,3.414
5411,VSME,Communication Services,Advertising Agencies,NASDAQ,46.6,9.19,81.95,14.73,40.42,6.57,54.66,10.49,67.08,18.87,21.96,2.44,0.81,-10.44,0.99,-11.41,-33.2,-52.62,13.57,2571515.119777322,2765070.0,0.1543,-98.49,46500,0.03,0.88,-7.95,0.91,-10.99,0.93,-12.9,1.06,-23.58,10.11,36.65,1266210,1389796,871304,0.009
5412,MNTS,Industrials,Aerospace & Defense,NASDAQ,46.37,9.16,74.18,7.89,56.61,11.67,36.51,5.56,46.68,8.44,45.64,7.8,3.38,-10.11,-21.12,-15.92,-18.75,-61.28,10.61,81484218.54783726,21963401.0,0.0847,-90.19,380100,0.61,3.55,-4.79,3.74,-9.63,3.97,-14.86,4.2,-19.52,6.72,22.03,678800,620760,876336,-0.869
5413,BGLC,Basic Materials,Specialty Chemicals,NASDAQ,46.36,9.15,81.02,13.66,47.22,8.5,50.07,8.9,48.85,9.27,51.19,9.58,1.25,4.08,-15.61,-15.61,-8.16,-70.47,8.06,3725471.284049034,2933442.0,0.0050999997,-78.77,1100,0.15,1.28,-2.34,1.28,-2.34,1.39,-10.07,1.46,-14.38,8.68,0.92,14320,7310,10630,-0.966
5414,MGN,Industrials,Engineering & Construction,NASDAQ,46.32,9.13,82.74,15.86,35.4,5.26,50.63,9.08,17.88,1.89,7.57,0.78,3.39,-8.87,-11.02,-41.75,61.43,-94.05,2.23,4575665.47704792,1233333.0,0.0297,-99.95,62500,0.06,3.58,-5.31,3.68,-7.88,4.01,-15.46,3.69,-8.13,14.2,2.08,114200,999530,1463404,-0.084
5415,PASW,Consumer Cyclical,Textile Manufacturing,NASDAQ,46.24,9.11,81.91,14.67,51.27,9.5,55.14,10.71,46.14,8.15,38.48,5.7,0.12,-8.73,-11.54,-20.14,-0.86,-81.09,5.22,15639625.0,125117000.0,0.0041,-88.99,287800,0.02,0.12,0.0,0.12,0.0,0.13,-7.69,0.13,-7.69,7.38,101.61,202450,12783056,7841764,-0.474
5416,AIFC,Technology,Software - Infrastructure,NASDAQ,46.24,9.11,79.85,12.45,53.48,10.38,43.48,7.26,31.62,4.33,27.78,3.37,0.44,-12.0,-18.52,-13.73,18.92,-66.41,9.15,69918255.5,139836511.0,0.0797,-85.81,791100,1.15,0.46,-4.35,0.48,-8.33,0.5,-12.0,0.5,-12.0,9.25,49.12,727920,688093,818066,-0.622
5417,ARBK,Financial Services,Capital Markets,NASDAQ,46.15,9.08,73.42,7.35,50.33,9.25,48.34,8.38,50.44,9.85,23.92,2.77,2.07,-8.0,-15.61,-28.5,-26.6,-56.6,12.18,32928518.25,14634897.0,0.0004,-98.99,15400,0.96,2.2,-5.91,2.23,-7.17,2.49,-16.87,2.74,-24.45,10.4,13.93,14830,16090,15900,-0.552
5418,SLI,Basic Materials,Other Industrial Metals & Mining,NYSE ARCA,46.14,9.06,69.28,5.26,54.65,10.82,56.5,11.26,52.48,10.69,114.22,78.25,1.61,-10.06,-21.84,-29.07,-16.58,-68.49,8.43,429404444.23351717,246784162.0,3.87,-74.84,1569800,0.84,1.69,-4.73,1.76,-8.52,1.95,-17.44,2.2,-26.82,6.82,22.77,2520050,1869136,1785732,
5419,CANF,Healthcare,Biotechnology,NYSE ARCA,46.1,9.05,78.3,10.88,51.13,9.41,47.25,8.14,59.3,14.1,36.67,5.3,2.0,-9.5,-7.83,-7.41,-37.5,-60.0,10.93,4670752.603030443,2142547.0,0.0279,-84.38,68300,0.09,2.11,-5.21,2.15,-6.98,2.19,-8.68,2.75,-27.27,3.57,56.0,38720,741026,458328,0.0
5420,NCRA,Consumer Defensive,Packaged Foods,NASDAQ,45.9,9.03,88.29,25.65,29.85,3.84,23.68,2.9,10.77,0.91,19.44,1.96,1.6,-5.88,-14.44,-13.98,-48.72,-93.73,2.32,3563986.8395739794,2186495.0,0.0425,-97.78,11700,0.0,1.62,-1.23,1.69,-5.33,1.85,-13.51,1.96,-18.37,8.24,-0.0,27610,2346626,1814182,-0.461
5421,BODI,Communication Services,Internet Content & Information,NASDAQ,45.89,9.01,76.91,9.8,46.63,8.32,56.8,11.44,141.48,91.76,194.62,95.85,4.6,-3.16,-4.17,-17.12,-53.63,-59.29,11.22,35840901.67578125,7284736.0,0.0538,-72.73,44700,1.71,4.83,-4.76,4.76,-3.36,4.91,-6.31,6.27,-26.63,5.66,65.31,18790,26150,44028,-0.224
5422,RMSG,Technology,Software - Application,NASDAQ,45.89,9.01,90.98,32.77,36.83,5.63,36.37,5.53,20.49,2.37,139.48,88.82,0.31,5.54,2.01,-4.39,-10.03,-80.57,5.35,4688914.165078104,16168670.0,0.0198,-92.05,580500,0.37,0.3,3.33,0.3,3.33,0.3,3.33,0.34,-8.82,9.91,52.09,2440030,1563566,1487632,
5423,GFAI,Industrials,Security & Protection Services,NASDAQ,45.87,8.98,70.08,5.58,54.96,10.97,54.46,10.34,49.79,9.68,62.98,15.03,0.26,-17.42,-20.5,-29.09,-19.24,-67.92,8.66,9669147.743606716,31393337.0,0.020399999,-78.86,166600,1.44,0.27,-3.7,0.3,-13.33,0.32,-18.75,0.34,-23.53,9.18,41.92,143590,115350,179722,0.064
5424,SXTP,Healthcare,Biotechnology,NASDAQ,45.84,8.97,83.77,17.42,49.92,9.16,37.68,5.86,49.33,9.48,39.04,5.89,0.97,-22.16,-15.39,4.62,-34.7,-67.95,8.62,4888613.269689083,3516988.0,0.0618,-88.75,93100,0.52,1.2,-19.17,1.23,-21.14,1.1,-11.82,1.1,-11.82,17.59,5.86,402740,180356,146484,-0.325
5425,LASE,Industrials,Specialty Industrial Machinery,NASDAQ,45.67,8.95,72.69,6.82,44.23,7.65,33.34,4.72,62.48,16.1,38.37,5.64,0.74,-10.36,-16.31,4.79,-22.98,-71.05,7.92,50538391.814368844,60670338.0,0.1319,-84.58,1276800,0.3,0.78,-5.13,0.82,-9.76,0.82,-9.76,1.08,-31.48,5.97,13.59,912740,4230413,3205418,-0.305
5426,STFS,Communication Services,Advertising Agencies,NASDAQ,45.65,8.93,80.63,13.22,49.38,9.02,59.66,13.0,256.64,98.17,42.83,6.89,3.71,5.4,8.32,-9.95,-22.38,-8.17,41.39,55457283.848991394,15193776.0,0.0117,-82.32,914700,3.16,3.77,-1.59,3.68,0.82,3.61,2.77,3.9,-4.87,12.03,13.44,698340,289840,402312,0.331
5427,KRMN,Industrials,Aerospace & Defense,NYSE,45.64,8.92,78.87,11.41,51.21,9.46,51.42,9.4,55.63,12.04,116.06,79.39,31.69,-0.63,-9.25,-7.85,-30.49,-55.77,12.54,4524700710.227844,132533708.0,0.113000005,-73.23,2657700,0.71,32.71,-3.12,33.01,-4.0,34.12,-7.12,44.02,-28.01,6.71,38.56,3102820,3763360,3225722,0.582
5428,GRSD,Consumer Cyclical,Gambling,NASDAQ,45.5,8.9,85.62,20.27,42.09,7.0,42.8,7.02,32.28,4.45,46.31,8.02,1.52,3.4,-3.18,-15.56,-18.28,-70.54,8.04,53752170.30051613,35597464.0,0.0465,-82.1,129300,0.72,1.52,0.0,1.52,0.0,1.6,-5.0,1.8,-15.56,4.28,92.31,163430,180836,251454,-0.046
5429,CNCK,Financial Services,Capital Markets,NASDAQ,45.44,8.88,66.66,4.45,62.2,14.73,73.16,21.48,94.87,56.98,40.46,6.34,1.32,-8.33,-21.43,-32.31,-30.89,-41.07,18.36,271958734.0008429,191520241.0,0.0075,-85.82,54700,1.06,1.38,-4.35,1.44,-8.33,1.66,-20.48,1.89,-30.16,9.4,-0.0,67550,51546,91632,0.361
5430,BIOA,Healthcare,Drug Manufacturers - Specialty & Generic,NASDAQ,45.28,8.87,64.74,4.05,52.73,10.03,72.73,21.21,229.49,97.87,254.56,97.44,6.21,-8.81,-13.87,-28.21,-72.01,-53.62,13.33,303378574.61789846,45896909.0,0.0753,-76.07,906900,1.16,6.35,-2.2,6.7,-7.31,7.45,-16.64,9.32,-33.37,7.0,50.57,981050,784496,1008470,0.016
5431,ONMD,Healthcare,Health Information Services,NASDAQ,45.13,8.85,70.07,5.55,74.8,26.08,77.66,25.4,72.3,22.68,103.86,67.62,4.82,-12.36,-31.63,-27.74,-25.04,-63.21,10.01,31395919.162299156,5824846.0,0.0287,-88.58,28300,0.53,5.04,-4.37,5.45,-11.56,6.06,-20.46,6.3,-23.49,12.07,17.19,94256,53512,57593,0.884
5432,WORX,Healthcare,Health Information Services,NASDAQ,45.12,8.83,101.25,81.15,37.95,5.96,51.61,9.45,22.5,2.67,21.68,2.36,4.2,13.12,20.0,-16.83,-36.36,-89.2,3.56,372624.3585629463,89789.0,0.033,-96.45,2051200,26.15,5.37,-21.79,4.55,-7.69,3.83,9.66,4.86,-13.58,22.27,37.42,233020,78450,47354,0.034
5433,PCT,Industrials,Pollution & Treatment Controls,NASDAQ,45.1,8.82,66.39,4.38,54.07,10.58,61.76,14.0,67.29,18.99,55.57,11.14,3.93,-8.39,-19.14,-32.59,-33.61,-55.74,12.57,881972089.076314,200904810.0,0.38549998,-74.63,10465800,2.11,4.04,-2.72,4.3,-8.6,4.98,-21.08,6.02,-34.72,9.03,92.94,7267540,4948673,4714704,1.735
5434,FLNA,Healthcare,Biotechnology,NASDAQ,45.09,8.8,92.02,36.18,41.13,6.71,41.61,6.71,48.04,8.98,72.54,21.6,0.81,-16.49,5.19,0.0,-6.9,-62.84,10.11,44926343.625525,48307896.0,0.1314,-83.73,610800,0.15,0.86,-5.81,0.87,-6.9,0.82,-1.22,0.88,-7.95,16.75,22.11,1236850,3977520,2503000,
5435,XTIA,Industrials,Aerospace & Defense,NASDAQ,45.07,8.78,71.16,6.13,51.15,9.45,48.21,8.33,68.96,20.0,124.72,83.86,0.81,4.55,-15.97,-22.6,-44.1,-40.81,18.52,29627896.796094418,38477789.0,0.1007,-74.61,601300,0.62,0.77,5.19,0.81,0.0,0.9,-10.0,1.18,-31.36,10.15,21.89,815830,968163,850222,56.223
5436,MKZR,Real Estate,REIT - Diversified,NASDAQ,45.05,8.77,88.86,27.09,46.31,8.25,41.62,6.72,33.46,4.62,54.82,10.71,1.33,-3.62,-3.48,-8.9,5.56,-67.48,8.86,3715307.1949539185,2774688.0,0.0058,-77.83,8000,0.59,1.36,-2.21,1.36,-2.21,1.38,-3.62,1.43,-6.99,5.91,-0.0,21260,13586,69400,0.236
5437,UK,Real Estate,Real Estate Services,NASDAQ,45.01,8.75,86.13,21.17,52.01,9.7,46.57,7.95,31.02,4.18,36.76,5.35,1.85,-8.42,-11.69,-9.45,-6.57,-76.76,6.25,7179913.825571775,3682007.0,0.00059999997,-83.87,36400,2.32,1.94,-4.64,1.98,-6.57,2.0,-7.5,2.07,-10.63,12.12,98.12,27350,15676,31294,
5438,BESS,Utilities,Utilities - Renewable,NYSE ARCA,44.99,8.73,73.12,7.17,54.19,10.63,59.91,13.12,72.61,22.89,31.51,4.18,2.25,-3.43,-13.46,-24.75,-11.76,-76.8,6.21,16395393.223873615,7097573.0,0.0374,-86.86,44500,0.64,2.19,2.74,2.33,-3.43,2.59,-13.13,2.92,-22.95,12.54,28.35,105280,70030,72020,
5439,DOGZ,Consumer Cyclical,Leisure,NASDAQ,44.82,8.72,86.74,22.36,42.31,7.07,39.8,6.29,30.83,4.1,9.73,0.96,0.84,-5.1,-7.88,-10.21,-7.72,-91.53,2.95,12914485.412423372,14510658.0,0.0021,-94.65,18100,1.4,0.86,-2.33,0.88,-4.55,0.89,-5.62,0.97,-13.4,4.21,84.81,9550,12936,842556,-0.052
5440,ABR,Real Estate,REIT - Mortgage,NYSE,44.79,8.7,66.77,4.47,55.35,11.19,66.24,16.83,53.37,11.02,77.22,25.04,3.09,-16.71,-24.08,-35.76,-37.14,-57.24,11.97,664146622.4050632,186558043.0,0.0,-75.16,7969200,1.51,3.37,-8.31,3.65,-15.34,4.07,-24.08,4.64,-33.41,6.52,4.96,6811170,5292686,4875620,-0.248
5441,JAGU,Energy,Uranium,NYSE ARCA,44.74,8.68,69.19,5.21,60.71,13.83,60.04,13.17,48.75,9.16,62.63,14.83,1.12,-8.94,-23.29,-28.66,-29.11,,,24030595.78549719,20193777.0,0.0077,-79.64,174200,1.04,1.16,-3.45,1.23,-8.94,1.41,-20.57,1.54,-27.27,12.5,21.43,288940,167456,138208,
5442,CRGO,Technology,Software - Application,NASDAQ,44.73,8.67,71.18,6.16,51.12,9.4,57.18,11.64,54.22,11.39,70.96,20.45,0.83,-7.78,-18.63,-30.83,-32.52,-65.84,9.29,50615427.568983436,52073485.0,0.0013,-80.42,69600,1.01,0.88,-5.68,0.93,-10.75,1.02,-18.63,1.19,-30.25,9.5,38.04,79380,68843,204718,0.034
5443,FSP,Real Estate,REIT - Office,NYSE ARCA,44.72,8.65,85.97,20.97,41.99,6.94,39.67,6.24,46.74,8.48,48.92,8.85,0.33,-10.81,3.13,-5.71,-31.25,-63.33,9.96,34323865.0039078,104011708.0,0.0076,-80.59,884900,0.98,0.32,3.12,0.34,-2.94,0.34,-2.94,0.4,-17.5,6.28,48.28,1000240,903196,653030,-0.013
5444,GOGO,Communication Services,Telecom Services,NASDAQ,44.71,8.63,84.07,18.0,48.24,8.72,49.64,8.8,50.56,9.91,64.53,16.02,2.26,4.15,-0.88,-12.74,-41.75,-50.11,14.5,285921574.60465956,135507862.0,0.17809999,-77.24,2036300,1.11,2.21,2.26,2.21,2.26,2.36,-4.24,2.77,-18.41,5.27,96.52,1676130,1840340,1882266,-0.014
5445,OCS,Healthcare,Biotechnology,NASDAQ,44.7,8.62,76.81,9.72,52.39,9.82,66.97,17.17,51.15,10.15,115.88,79.33,8.66,-1.14,-7.97,-23.43,-20.11,-59.25,11.23,537663849.0972176,61588073.0,0.029000001,-74.88,452000,1.83,8.63,0.35,8.87,-2.37,9.6,-9.79,11.27,-23.16,5.94,56.35,363870,246690,245756,0.188
5446,FRMI,Real Estate,REIT - Specialty,NASDAQ,44.69,8.59,68.53,5.0,42.81,7.24,49.4,8.72,55.95,12.17,33.94,4.75,3.66,-9.63,-19.56,-32.1,-37.54,-56.64,12.13,2581083546.8153973,640467348.0,0.1301,-88.7,24662400,1.45,3.99,-8.27,4.13,-11.38,4.58,-20.09,5.32,-31.2,7.62,86.04,16062340,16965980,18143070,
5447,LYEL,Healthcare,Biotechnology,NASDAQ,44.69,8.59,70.9,6.01,58.32,12.55,65.87,16.65,74.8,24.82,155.22,92.16,8.79,-6.59,-13.14,-27.95,-32.23,-73.63,7.15,226917611.26878166,24505141.0,0.056599997,-80.47,194700,1.47,8.86,-0.79,9.27,-5.18,10.21,-13.91,12.6,-30.24,5.97,110.51,139300,132800,147228,-0.5
5448,MBIO,Healthcare,Biotechnology,NASDAQ,44.59,8.57,73.13,7.19,54.22,10.67,47.93,8.27,51.37,10.29,51.36,9.66,0.42,-10.71,-20.72,-19.81,-28.1,-61.74,10.5,3569005.2194095254,7577506.0,0.0087,-77.3,101100,3.5,0.45,-6.67,0.47,-10.64,0.49,-14.29,0.54,-22.22,5.83,40.82,32270,28920,27598,
5449,NEGG,Consumer Cyclical,Internet Retail,NASDAQ,44.55,8.55,76.23,9.31,46.94,8.41,45.23,7.65,29.22,3.72,283.7,97.85,11.58,-6.08,-18.05,-19.81,-10.92,-78.69,5.82,240991255.19943237,20974000.0,0.229,-87.97,41300,0.84,11.79,-1.78,12.42,-6.76,13.26,-12.67,15.42,-24.9,6.82,39.24,40140,49143,60978,-0.081
5450,AEHL,Industrials,Building Products & Equipment,NASDAQ,44.5,8.53,133.11,97.64,27.11,3.25,20.66,2.49,49.9,9.7,5.2,0.46,11.35,11.71,26.67,48.75,39.09,-92.7,2.58,190148560.0,19014856.0,0.0034,-97.29,24500,0.01,11.26,0.8,10.29,10.3,9.11,24.59,7.33,54.84,13.62,22.64,73680,3093096,1969875,-0.386
5451,LCFY,Communication Services,Internet Content & Information,NASDAQ,44.43,8.52,68.16,4.92,57.02,11.95,49.88,8.85,61.04,15.07,90.89,46.64,1.78,-25.74,-31.01,-19.82,-27.35,-50.15,14.48,5264095.92922473,2244817.0,0.0015,-75.52,28000,0.22,2.03,-12.32,2.25,-20.89,2.32,-23.28,2.42,-26.45,14.8,53.16,370470,128443,80580,0.47
5452,DGNX,Industrials,Consulting Services,NASDAQ,44.27,8.5,87.51,24.18,63.6,15.66,61.98,14.18,10.91,0.93,10.89,1.05,1.21,0.83,-13.57,-18.24,-21.94,-97.83,1.29,37249203.6474154,29100941.0,0.0499,-99.62,310800,0.77,1.28,-5.47,1.28,-5.47,1.35,-10.37,1.38,-12.32,9.68,4.27,441880,402686,880302,0.033
5453,EJH,Consumer Cyclical,Personal Services,NASDAQ,44.18,8.48,98.02,64.18,38.4,6.04,32.29,4.47,39.33,6.06,5.08,0.45,1.31,-26.82,4.05,13.91,16.96,-94.22,2.16,4768229.490519047,3200154.0,0.0034,-95.06,34000,0.17,1.32,-0.76,1.38,-5.07,1.3,0.77,1.33,-1.5,18.22,4.19,552270,197656,568568,-0.003
5454,GAIA,Communication Services,Entertainment,NASDAQ,44.15,8.47,90.55,31.53,41.5,6.81,41.39,6.66,52.8,10.82,62.21,14.57,1.4,0.72,5.26,-4.11,-23.91,-62.96,10.05,35341851.90628111,25425793.0,0.0074,-78.09,99200,1.12,1.4,0.0,1.38,1.45,1.34,4.48,1.49,-6.04,5.71,87.5,80270,88470,116716,-0.053
5455,ICMB,Financial Services,Asset Management,NASDAQ,44.11,8.45,77.34,10.13,45.16,7.84,44.15,7.35,34.61,4.98,70.56,19.99,0.68,-18.07,-20.93,-20.93,-10.05,-75.97,6.41,11401653.189687252,14432472.0,0.029000001,-78.21,28500,0.75,0.72,-5.56,0.78,-12.82,0.83,-18.07,0.83,-18.07,8.2,35.85,52850,37940,36310,-0.311
5456,ZSQR,Technology,Software - Infrastructure,NASDAQ,44.09,8.43,118.84,96.02,25.2,2.96,23.58,2.87,35.75,5.28,110.49,75.08,4.95,25.32,33.42,56.65,-6.43,-66.23,9.19,210411577.60635352,53000397.0,11.1,-76.88,407300,0.9,4.37,13.27,4.24,16.75,3.49,41.83,3.71,33.42,12.33,88.45,537790,454950,414718,
5457,LGO,Basic Materials,Other Industrial Metals & Mining,NASDAQ,44.04,8.42,63.04,3.57,68.13,19.21,60.81,13.56,41.3,6.54,81.05,28.78,0.46,-4.17,-33.33,-33.33,-20.69,-51.06,14.07,53852689.16340977,114580190.0,6.26,-82.96,2767800,2.92,0.47,-2.13,0.49,-6.12,0.59,-22.03,0.65,-29.23,12.27,35.44,2141330,947683,834452,0.685
5458,TTD,Communication Services,Advertising Agencies,NASDAQ,43.93,8.4,87.12,23.19,45.74,8.05,48.43,8.45,50.99,10.08,43.57,7.16,12.34,1.98,-2.3,-11.67,-35.36,-66.88,8.99,5649901402.6214905,472795104.0,0.2417,-78.12,15868400,0.67,12.06,2.32,12.15,1.56,13.09,-5.73,14.03,-12.05,3.5,61.4,18502450,23661613,26258654,0.03
5459,APUS,Healthcare,Drug Manufacturers - Specialty & Generic,NYSE ARCA,43.9,8.38,130.21,97.34,34.66,5.01,12.92,1.51,34.85,5.03,90.96,46.82,5.51,34.39,11.99,153.92,-4.17,-63.75,9.89,4859360.003176212,1509118.0,0.0128,-90.77,1101100,0.14,5.5,0.18,5.53,-0.36,3.76,46.54,3.98,38.44,37.68,14.45,14033200,7706790,4688162,
5460,BOXL,Technology,Consumer Electronics,NASDAQ,43.89,8.36,62.76,3.49,56.03,11.39,62.93,14.58,27.77,3.39,36.54,5.27,3.3,-26.01,-31.11,-41.8,20.88,-86.11,4.17,4003138.3666992188,844544.0,0.1251,-96.03,20500,0.4,3.9,-15.38,4.29,-23.08,4.63,-28.73,5.01,-34.13,14.71,12.36,30880,51196,1620820,-0.16
5461,CAPR,Healthcare,Biotechnology,NASDAQ,43.89,8.36,79.29,11.97,46.68,8.34,45.94,7.82,139.32,91.15,303.24,98.07,8.01,-10.4,-6.53,-3.49,21.92,-71.2,7.89,520343940.4608679,58138989.0,0.3737,-80.16,2513400,0.61,8.12,-1.35,8.46,-5.32,8.63,-7.18,7.57,5.81,9.32,28.13,4905490,4149300,7507892,
5462,SPRO,Healthcare,Biotechnology,NASDAQ,43.85,8.33,84.23,18.24,50.06,9.18,42.2,6.82,60.5,14.76,147.47,90.77,1.14,-9.52,-8.8,1.79,-4.2,-50.86,14.2,69299447.46222353,58234827.0,0.0202,-62.99,718900,1.0,1.17,-2.56,1.19,-4.2,1.18,-3.39,1.2,-5.0,7.95,11.03,600900,715600,675634,
5463,PLCE,Consumer Cyclical,Apparel Manufacturing,NASDAQ,43.81,8.32,75.79,8.93,55.21,11.15,47.92,8.25,61.45,15.41,58.51,12.63,1.92,-7.25,-13.51,-20.99,-20.66,-55.86,12.52,44251763.5420692,22237067.0,0.4386,-79.92,106800,0.47,1.93,-0.52,2.02,-4.95,2.11,-9.0,2.36,-18.64,6.03,51.85,108820,226823,214222,-0.189
5464,ONEG,Industrials,Engineering & Construction,NASDAQ,43.77,8.3,91.98,36.06,55.91,11.32,56.92,11.53,24.85,2.94,120.91,82.15,0.97,-3.1,-4.06,-5.92,-7.71,-13.48,36.22,16000000.0,16000000.0,0.0023,-93.51,11400,0.33,0.95,2.11,0.98,-1.02,1.0,-3.0,1.02,-4.9,3.86,80.15,40740,34683,38442,-0.117
5465,COE,Consumer Defensive,Education & Training Services,NYSE ARCA,43.68,8.28,79.68,12.35,49.17,8.97,34.87,5.16,49.98,9.78,84.5,32.38,10.79,1.22,-6.74,1.79,-36.27,-67.41,8.9,63557392.24167824,6007315.0,0.0095999995,-80.78,20900,0.37,10.51,2.66,10.97,-1.64,11.15,-3.23,14.6,-26.1,6.28,51.68,40250,56660,40604,0.588
5466,CMTG,Real Estate,REIT - Mortgage,NYSE,43.67,8.27,78.71,11.22,43.34,7.4,49.77,8.83,73.3,23.46,83.56,31.35,1.24,2.48,-4.62,-19.48,-40.1,-62.54,10.22,173533576.07096767,141084206.0,0.0396,-65.75,1029600,1.11,1.22,1.64,1.24,0.0,1.35,-8.15,1.56,-20.51,5.07,79.55,849640,927653,858244,
5467,IMSR,Utilities,Utilities - Regulated Electric,NASDAQ,43.57,8.25,67.18,4.62,50.66,9.3,59.15,12.67,46.94,8.55,53.56,10.24,3.4,-11.23,-22.02,-35.36,-26.72,-56.07,12.38,400435302.4491677,105935266.0,0.119899996,-89.21,2135200,1.52,3.7,-8.11,3.86,-11.92,4.2,-19.05,4.9,-30.61,8.47,27.77,1413740,1405416,1497272,
5468,EH,Industrials,Aerospace & Defense,NASDAQ,43.5,8.23,83.97,17.82,45.16,7.84,41.14,6.61,34.63,5.0,64.57,16.07,4.08,0.0,-10.13,-7.9,-17.41,-70.15,8.07,313999788.5535517,75845362.0,0.17860001,-79.33,765800,1.13,4.1,-0.49,4.2,-2.86,4.4,-7.27,4.86,-16.05,4.26,40.25,742770,678956,667290,-0.471
5469,PAL,Industrials,Integrated Freight & Logistics,NASDAQ,43.3,8.22,73.08,7.12,45.8,8.1,58.2,12.12,90.13,45.34,85.13,32.96,3.51,0.29,-7.14,-29.66,-48.15,-64.0,9.79,99868404.27479887,28052923.0,0.1584,-68.0,692200,0.85,3.5,0.29,3.53,-0.57,3.98,-11.81,5.01,-29.94,6.5,87.23,760010,811473,823360,-0.053
5470,FNUC,Basic Materials,Other Industrial Metals & Mining,NASDAQ,43.26,8.2,69.75,5.45,58.54,12.69,48.53,8.48,44.46,7.54,55.12,10.9,1.12,-13.18,-25.83,-21.13,-23.81,-69.48,8.28,45950777.852920055,35899046.0,0.0375,-84.93,186100,0.5,1.18,-5.08,1.28,-12.5,1.38,-18.84,1.55,-27.74,8.0,55.78,337120,372956,357688,
5471,YCBD,Healthcare,Drug Manufacturers - Specialty & Generic,NYSE ARCA,43.22,8.18,74.58,8.13,51.58,9.53,63.71,15.09,60.74,14.84,66.2,17.33,0.4,-12.42,-13.94,-17.36,-19.22,-73.84,7.12,5109500.522671491,11205045.0,0.048499998,-84.37,74000,0.11,0.42,-4.76,0.44,-9.09,0.46,-13.04,0.49,-18.37,7.73,64.67,68530,684780,482600,0.206
5472,AZI,Consumer Cyclical,Auto & Truck Dealerships,NASDAQ,43.17,8.17,85.7,20.36,33.11,4.57,33.48,4.78,30.54,4.03,2.4,0.22,1.12,-4.27,-7.44,-8.2,-3.45,-95.52,1.89,74975572.00361824,66350064.0,0.0047,-99.05,25700,0.42,1.13,-0.88,1.15,-2.61,1.18,-5.08,1.25,-10.4,4.18,21.37,43140,61720,3076836,-0.63
5473,GTBP,Healthcare,Biotechnology,NASDAQ,43.12,8.15,80.18,12.73,46.14,8.2,44.83,7.55,55.37,11.89,35.44,5.06,5.96,-3.87,-12.74,-3.56,-24.79,-67.56,8.78,11006711.727921009,1804379.0,0.1423,-50.25,31500,0.35,6.16,-3.25,6.4,-6.88,7.15,-16.64,7.26,-17.91,8.79,30.53,39060,89745,61147,
5474,FLNC,Utilities,Utilities - Renewable,NASDAQ,43.07,8.14,76.18,9.28,41.4,6.77,58.69,12.39,97.34,60.72,122.52,82.92,7.45,-1.59,-0.13,-23.12,-37.34,-62.68,10.2,1089474923.7944012,143163588.0,0.36540002,-77.77,6243400,0.82,7.68,-2.99,7.68,-2.99,8.04,-7.34,10.41,-28.43,5.79,75.31,6187300,7641593,7808006,0.079
5475,BLNE,Financial Services,Mortgage Finance,NASDAQ,43.01,8.12,72.04,6.56,45.43,7.96,55.95,11.02,44.0,7.29,103.23,66.81,0.73,-13.97,-23.65,-32.13,-22.68,-63.89,9.86,28416990.92323041,32928148.0,0.0525,-81.09,237300,0.65,0.78,-6.41,0.82,-10.98,0.92,-20.65,0.98,-25.51,7.66,35.76,262260,366823,365258,0.601
5476,QTI,Healthcare,Medical Devices,NASDAQ,42.98,8.1,89.58,29.12,38.53,6.11,40.49,6.44,33.54,4.63,62.68,14.86,2.6,2.77,2.77,0.0,-4.06,-53.65,13.31,39079520.19667816,14636524.0,0.0188,-92.93,20000,0.65,2.61,-0.38,2.56,1.56,2.58,0.78,2.74,-5.11,8.24,28.02,23830,30816,29882,1.032
5477,INTJ,Industrials,Consulting Services,NASDAQ,42.93,8.07,90.27,30.82,39.91,6.44,38.06,5.94,28.62,3.57,83.21,31.02,2.81,-2.43,0.9,0.36,-14.87,-75.31,6.66,4397249.838709831,1537500.0,0.0108,-77.56,45800,4.81,2.91,-3.44,2.94,-4.42,2.86,-1.75,3.05,-7.87,8.62,37.17,14400,9523,9466,0.035
5478,DAVA,Technology,Software - Infrastructure,NYSE,42.93,8.07,85.69,20.34,36.0,5.43,60.71,13.53,37.68,5.68,47.03,8.15,1.97,2.6,15.88,-30.39,-37.06,-71.2,7.89,101458014.37223661,52842717.0,0.0421,-80.06,140500,0.23,1.92,2.6,1.85,6.49,2.26,-12.83,2.73,-27.84,9.64,47.37,494520,623566,455728,-0.084
5479,MBOT,Healthcare,Medical Devices,NASDAQ,42.93,8.07,71.64,6.41,53.05,10.16,57.15,11.62,67.46,19.13,86.74,35.0,1.07,-10.83,-18.32,-26.71,-35.93,-48.56,15.03,77903328.79835844,67158044.0,0.105500005,-69.08,561900,0.94,1.1,-2.73,1.17,-8.55,1.29,-17.05,1.47,-27.21,7.01,13.33,868830,596133,684036,
5480,YOUL,Consumer Defensive,Education & Training Services,NASDAQ,42.92,8.04,76.4,9.38,62.07,14.64,51.02,9.22,32.35,4.5,60.06,13.36,0.38,-4.48,-22.89,-15.6,9.71,-75.38,6.61,32082458.58615786,81016310.0,0.0138,-82.16,45500,0.79,0.39,-2.56,0.41,-7.32,0.44,-13.64,0.46,-17.39,14.59,18.04,41220,57476,214852,0.177
5481,UPLD,Technology,Software - Application,NASDAQ,42.84,8.01,90.1,30.37,47.19,8.45,32.56,4.53,44.88,7.74,32.59,4.37,3.55,-3.53,0.85,10.59,-21.46,-75.68,6.49,11030322.486403942,2957191.0,0.0378,-87.09,33000,0.82,3.69,-3.79,3.56,-0.28,3.55,0.0,4.13,-14.04,8.61,49.07,36350,40380,37212,-0.079
5482,PSQH,Technology,Software - Application,NYSE,42.84,8.01,66.39,4.38,52.39,9.82,40.62,6.5,21.62,2.57,43.55,7.11,3.73,-23.41,-29.76,-24.03,0.81,-75.62,6.54,17517688.88909912,3727168.0,0.0232,-90.05,71000,1.68,4.08,-8.58,4.56,-18.2,4.85,-23.09,4.87,-23.41,10.24,52.38,33540,42263,225752,1.078
5483,DCGO,Healthcare,Medical Care Facilities,NASDAQ,42.83,7.99,85.43,19.92,45.9,8.14,45.0,7.62,75.92,25.81,50.32,9.41,0.34,-13.96,-0.29,-7.12,-47.85,-61.91,10.46,36603497.00172722,98928369.0,0.0287,-79.39,481100,0.77,0.36,-5.56,0.37,-8.11,0.36,-5.56,0.45,-24.44,8.99,26.17,500640,621810,774880,-0.087
5484,GLAS,Healthcare,Drug Manufacturers - Specialty & Generic,NYSE,42.82,7.97,50.68,1.48,68.83,19.98,85.92,34.78,127.93,87.63,107.46,72.21,4.41,-17.11,-38.32,-44.74,-53.13,-53.13,13.48,517391330.87960243,94242505.0,0.35,-68.34,4895400,3.66,5.11,-13.7,5.69,-22.5,6.85,-35.62,8.41,-47.56,12.18,39.09,2380110,1336316,938452,-0.012
5485,FLL,Consumer Cyclical,Resorts & Casinos,NASDAQ,42.8,7.95,59.26,2.97,57.08,11.99,64.65,15.74,82.56,32.68,78.23,26.07,1.22,-14.08,-30.29,-40.49,-46.96,-57.64,11.85,50935826.67579651,36644480.0,0.0201,-63.8,670600,3.38,1.32,-7.58,1.43,-14.69,1.67,-26.95,1.95,-37.44,8.9,64.47,269960,198220,172462,0.056
5486,CCTG,Industrials,Electrical Equipment & Parts,NASDAQ,42.75,7.93,75.55,8.72,51.69,9.55,51.54,9.43,70.46,20.97,20.41,2.13,0.48,6.44,-7.88,-19.77,-28.51,-75.31,6.66,6165404.392195702,13580186.0,0.0016,-98.16,75000,0.31,0.48,0.0,0.47,2.13,0.51,-5.88,0.61,-21.31,12.69,90.27,598710,243403,307548,0.05
5487,WVE,Healthcare,Biotechnology,NASDAQ,42.75,7.93,72.75,6.87,50.19,9.21,51.09,9.27,62.12,15.95,74.89,23.23,3.47,-10.57,-12.37,-25.7,-40.28,-78.29,5.94,744842095.8624065,197048175.0,0.1104,-84.03,2664300,0.78,3.61,-3.88,3.67,-5.45,4.04,-14.11,4.78,-27.41,6.92,41.67,3642030,3395593,3385332,-0.739
5488,AIRS,Healthcare,Medical Care Facilities,NASDAQ,42.72,7.9,64.13,3.92,49.07,8.95,58.2,12.12,105.53,72.23,78.74,26.46,1.65,-2.65,-18.47,-31.04,-62.0,-24.43,27.5,127608518.55489302,72095209.0,0.0747,-86.25,1108900,1.19,1.8,-8.33,1.81,-8.84,2.06,-19.9,2.78,-40.65,11.13,0.0,916940,932940,958056,-0.025
5489,WLDS,Technology,Consumer Electronics,NASDAQ,42.69,7.89,78.82,11.3,40.6,6.61,36.06,5.41,15.52,1.46,28.97,3.6,1.35,-6.9,-10.6,-23.73,-54.55,-89.44,3.52,3419039.9548131227,2459741.0,0.010299999,-97.16,38800,0.15,1.38,-2.17,1.43,-5.59,1.51,-10.6,2.17,-37.79,9.44,-0.0,41270,256303,675540,0.19
5490,AVXL,Healthcare,Biotechnology,NASDAQ,42.64,7.86,58.46,2.78,62.53,14.96,65.54,16.45,46.21,8.24,46.04,7.95,1.54,-18.52,-34.19,-42.11,-38.15,-58.04,11.71,168708257.30214286,92696842.0,0.1609,-85.16,1467300,1.46,1.63,-5.52,1.91,-19.37,2.2,-30.0,2.73,-43.59,9.56,27.17,1657330,1002543,984166,
5491,CCB,Financial Services,Banks - Regional,NASDAQ,42.64,7.86,84.98,19.18,43.99,7.55,51.01,9.2,74.01,24.11,73.37,22.13,42.7,5.33,-2.11,-11.13,-39.57,-63.46,9.93,614051727.5998993,15286327.0,0.0881,-64.43,280400,1.25,41.1,3.89,40.83,4.58,43.52,-1.88,45.63,-6.42,5.45,89.36,317410,224423,313732,-0.015
5492,ADXN,Healthcare,Biotechnology,NASDAQ,42.58,7.84,78.26,10.86,44.2,7.64,44.47,7.44,68.96,20.0,74.31,22.81,3.18,6.71,-8.09,-6.19,-45.96,-59.39,11.13,5379975.333012342,1752435.0,0.0002,-73.43,11700,0.38,3.13,1.6,3.08,3.25,3.26,-2.45,4.19,-24.11,8.55,66.21,19020,30780,176512,-0.727
5493,WCT,Technology,Software - Application,NASDAQ,42.53,7.81,46.51,1.18,301.08,98.78,215.18,97.99,20.41,2.36,21.49,2.34,0.95,-43.17,-87.75,-87.12,7.84,-91.0,3.09,72440481.91784096,56155414.0,0.0011,-95.56,295200,0.17,1.02,-6.86,3.88,-75.52,5.81,-83.65,3.39,-71.98,87.41,2.53,1618010,1775683,1765577,-0.879
5494,IPX,Basic Materials,Other Industrial Metals & Mining,NASDAQ,42.53,7.81,71.16,6.13,59.89,13.48,46.04,7.85,56.42,12.5,84.1,32.04,15.28,-3.41,-22.12,-21.32,-24.54,-53.81,13.26,614721526.6469421,36224016.0,0.0294,-75.13,246500,0.75,16.34,-6.49,17.1,-10.64,18.49,-17.36,20.86,-26.75,7.26,20.73,266880,327740,288600,
5495,LCID,Consumer Cyclical,Auto Manufacturers,NASDAQ,42.49,7.79,82.66,15.66,42.09,7.0,47.16,8.1,44.87,7.72,41.68,6.64,3.82,-8.83,-7.95,-8.61,-52.01,-67.68,8.74,1611760661.7013474,390256808.0,0.5436,-84.86,12342400,1.09,4.03,-5.21,4.05,-5.68,4.12,-7.28,5.15,-25.83,5.87,44.59,9365720,11335883,10767276,0.562
5496,BRBR,Consumer Defensive,Packaged Foods,NYSE,42.43,7.77,84.83,18.99,41.17,6.72,58.22,12.18,46.28,8.27,41.28,6.61,7.99,7.97,3.9,-14.09,-39.88,-72.49,7.51,863946961.4595251,116278194.0,0.1277,-77.6,4855900,1.32,7.72,3.5,7.71,3.63,8.34,-4.2,9.91,-19.37,5.27,76.06,4751610,3673883,3723910,0.042
5497,BMGL,Healthcare,Medical Care Facilities,NASDAQ,42.16,7.75,74.85,8.3,40.61,6.62,48.16,8.28,52.3,10.59,37.5,5.48,3.6,19.21,-5.26,-21.4,-39.8,-58.33,11.62,5189324.034735441,1582111.0,0.2181,-83.43,126900,0.11,3.33,8.11,3.31,8.76,4.02,-10.45,4.71,-23.57,11.02,262.15,35300,1106370,670732,0.671
5498,LICN,Industrials,Specialty Business Services,NASDAQ,42.11,7.74,85.83,20.65,49.01,8.93,32.31,4.5,28.24,3.49,139.2,88.76,1.01,-1.94,-1.94,-6.48,-9.82,-68.39,8.47,16326825.0,16326825.0,0.0086,-89.36,76200,3.82,0.98,3.06,1.01,0.0,1.03,-1.94,1.13,-10.62,8.33,71.31,18240,19943,33882,-0.28
5499,UXIN,Consumer Cyclical,Auto & Truck Dealerships,NASDAQ,42.04,7.72,83.63,17.25,50.62,9.26,42.87,7.04,43.55,7.15,71.58,20.85,1.12,-18.25,-13.85,-11.11,-19.42,-67.16,8.97,280474827.5302619,219980261.0,0.0081,-73.21,420800,0.61,1.22,-8.2,1.27,-11.81,1.2,-6.67,1.19,-5.88,11.32,31.55,337630,687176,512186,0.749
5500,FXHO,Technology,Consumer Electronics,NASDAQ,42.01,7.7,101.86,82.56,67.61,18.82,69.93,19.03,36.57,5.4,24.29,2.84,11.72,21.58,20.21,-12.6,33.64,-67.85,8.69,261055359.51098728,26276331.0,0.0005,-99.82,54400,0.77,10.72,9.33,10.23,14.57,11.03,6.26,11.02,6.35,9.73,92.05,36010,70946,152616,
5501,CWD,Financial Services,Asset Management,NASDAQ,41.98,7.69,78.48,11.02,58.07,12.45,36.05,5.4,37.65,5.66,48.29,8.52,0.48,-16.08,-27.05,-7.16,-5.88,-68.21,8.52,5030087.5065841675,8840224.0,0.0508,-89.59,198000,0.05,0.52,-7.69,0.57,-15.79,0.56,-14.29,0.54,-11.11,25.94,7.23,363240,3782993,2391096,-0.173
5502,NRDY,Technology,Software - Application,NYSE,41.93,7.67,68.74,5.05,53.25,10.28,51.33,9.38,68.24,19.67,70.24,19.71,6.79,-17.2,-21.68,-25.38,-46.75,-62.9,10.08,65025000.81062317,8500000.0,0.07,-69.62,12400,0.64,7.0,-3.0,7.7,-11.82,8.32,-18.39,9.69,-29.93,5.16,45.99,17900,19310,26937,-0.045
5503,PCSA,Healthcare,Biotechnology,NASDAQ,41.76,7.65,66.92,4.55,66.36,17.8,52.01,9.56,53.99,11.32,56.06,11.35,1.35,-16.67,-27.03,-27.03,-33.5,-64.29,9.67,4497351.499959707,2793386.0,0.0063,-90.53,12800,0.56,1.48,-8.78,1.61,-16.15,1.76,-23.3,2.02,-33.17,9.72,22.86,20570,22893,53634,
5504,GPMT,Real Estate,REIT - Mortgage,NYSE,41.69,7.64,68.66,5.03,50.7,9.31,51.13,9.34,65.08,17.69,64.85,16.36,7.18,-10.25,-22.96,-25.95,-45.38,-67.29,8.95,36678803.245814204,48198166.0,0.0064999997,140.94,29800,1.02,7.44,-3.49,8.04,-10.7,8.44,-14.93,10.28,-30.16,7.87,5.13,24455,29253,28500,
5505,CLRB,Healthcare,Biotechnology,NASDAQ,41.52,7.62,58.8,2.82,62.49,14.91,71.29,20.22,61.14,15.19,56.2,11.49,1.4,-25.13,-32.69,-40.93,-43.55,-47.76,15.32,16824751.96957302,9452108.0,0.020299999,-78.53,169600,2.62,1.57,-10.83,1.7,-17.65,2.01,-30.35,2.31,-39.39,12.14,35.29,91220,64660,53072,
5506,DXST,Industrials,Waste Management,NASDAQ,41.5,7.6,74.06,7.8,55.17,11.1,39.92,6.33,30.36,4.0,6.24,0.6,1.82,-35.0,-20.87,-28.35,-19.82,-94.27,2.15,5360609.9290008545,2215128.0,0.0466,-97.06,62700,0.04,2.05,-11.22,2.26,-19.47,2.4,-24.17,2.5,-27.2,30.2,-0.0,4660060,1569836,1563624,2.38
5507,PLYX,Healthcare,Biotechnology,NASDAQ,41.46,7.59,91.53,34.33,40.0,6.46,40.27,6.39,16.91,1.74,15.48,1.54,2.0,-0.99,-6.54,0.5,0.5,,,98474054.14799309,47343297.0,0.0087,-95.91,160700,4.24,2.07,-3.38,2.06,-2.91,2.07,-3.38,2.11,-5.21,5.57,125.64,37350,37866,71578,
5508,JKS,Technology,Solar,NYSE,41.45,7.57,72.6,6.77,42.77,7.22,52.25,9.61,61.64,15.66,83.25,31.06,8.66,-6.78,-10.44,-25.86,-40.6,-65.92,9.27,479187200.2223587,52370188.0,0.0929,-72.84,636000,0.79,9.0,-3.78,9.23,-6.18,9.98,-13.23,12.87,-32.71,5.34,45.37,700300,807110,752742,-0.313
5509,PRSO,Technology,Semiconductors,NASDAQ,41.44,7.55,71.28,6.23,48.34,8.73,42.61,6.94,65.73,18.06,80.13,27.88,0.42,-8.7,-16.0,-20.75,-32.26,-54.84,12.83,7106617.121975005,15120462.0,0.0468,-82.28,165700,0.74,0.45,-6.67,0.46,-8.7,0.48,-12.5,0.58,-27.59,5.95,0.0,139210,223240,253056,-0.411
5510,ORGO,Healthcare,Drug Manufacturers - Specialty & Generic,NASDAQ,41.37,7.54,76.49,9.49,40.91,6.66,45.6,7.74,67.02,18.81,54.8,10.69,1.28,-8.57,-9.86,-16.34,-49.21,-77.14,6.12,171137154.36211252,128674548.0,0.1726,-81.91,750000,1.1,1.31,-2.29,1.35,-5.19,1.4,-8.57,1.68,-23.81,5.17,45.31,724880,683700,787466,-0.567
5511,TPST,Healthcare,Biotechnology,NASDAQ,41.34,7.52,82.02,14.82,43.87,7.5,35.7,5.33,29.37,3.75,38.94,5.86,0.77,-4.47,-9.41,-4.11,-13.68,-75.32,6.63,13697600.859819293,16889767.0,0.0436,-93.7,147100,0.03,0.79,-2.53,0.81,-4.94,0.85,-9.41,0.95,-18.95,11.12,5.84,421190,5241723,3258760,
5512,INSE,Consumer Cyclical,Gambling,NASDAQ,41.32,7.5,64.44,3.98,49.74,9.1,58.18,12.07,79.18,28.8,76.23,24.22,3.52,-4.09,-23.64,-33.21,-48.69,-61.19,10.64,91331756.71764278,26358372.0,0.0637,-64.62,258100,0.79,3.74,-5.88,3.76,-6.38,4.32,-18.52,5.36,-34.33,9.6,8.88,539950,325433,272292,-0.243
5513,CLIK,Consumer Cyclical,Personal Services,NASDAQ,41.27,7.49,86.88,22.55,43.67,7.47,40.62,6.5,29.49,3.77,31.75,4.25,1.09,-0.91,-6.03,-12.8,-22.7,-80.91,5.27,9076814.490019321,8563033.0,0.0058,-90.76,131100,0.43,1.09,0.0,1.11,-1.8,1.17,-6.84,1.29,-15.5,8.27,44.37,69970,307526,195432,0.572
5514,XNDU,Technology,Software - Infrastructure,NASDAQ,41.26,7.47,55.97,2.17,48.38,8.77,87.4,36.76,87.55,38.49,333.79,98.29,4.12,-8.04,-19.22,-54.12,-57.74,,,1308891248.0584145,304393300.0,0.221,-90.29,9026300,1.47,4.5,-8.44,4.61,-10.63,5.98,-31.1,8.63,-52.26,12.76,22.83,8543870,6150070,4121406,0.43
5515,CUPR,Healthcare,Medical Instruments & Supplies,NASDAQ,41.21,7.45,72.5,6.74,37.64,5.91,78.25,25.92,81.68,31.67,35.3,5.01,1.9,-25.49,0.0,-36.67,-40.81,-47.46,15.46,16949094.89434433,7003758.0,0.0038,-87.16,15100,0.1,2.15,-11.63,2.14,-11.21,2.21,-14.03,2.66,-28.57,14.11,7.46,175150,152713,115662,2.674
5516,TRAW,Healthcare,Biotechnology,NASDAQ,41.18,7.44,79.49,12.19,42.76,7.21,29.16,4.0,37.72,5.69,55.15,10.95,0.48,-12.73,-14.29,-9.43,0.0,-62.5,10.25,8759917.780077517,15368277.0,0.0469,-85.32,199600,0.18,0.52,-7.69,0.55,-12.73,0.54,-11.11,0.54,-11.11,12.2,34.15,269360,1082410,696296,
5517,ZDAI,Industrials,Engineering & Construction,NASDAQ,41.15,7.42,81.52,14.11,42.59,7.17,35.02,5.21,31.08,4.23,41.06,6.56,1.38,-8.61,-12.93,-8.0,-16.06,-68.29,8.48,13237009.970006824,8388473.0,0.0028,-88.5,2900,0.33,1.44,-4.17,1.51,-8.61,1.54,-10.39,1.62,-14.81,11.04,19.69,7920,8806,28080,-0.64
5518,KG,Financial Services,Insurance - Reinsurance,NASDAQ,40.97,7.4,72.68,6.81,42.96,7.29,45.29,7.67,66.16,18.33,69.6,19.34,5.06,1.81,-8.5,-19.81,-40.12,-53.02,13.5,40997915.40922165,7824030.0,0.0179,-80.96,13800,0.41,5.12,-1.17,5.13,-1.36,5.53,-8.5,6.96,-27.3,8.61,27.54,18190,33413,25688,0.201
5519,GOAI,Technology,Software - Infrastructure,NASDAQ,40.93,7.39,76.65,9.6,49.73,9.08,65.29,16.25,39.77,6.18,49.49,9.05,1.73,-3.89,-16.83,-40.96,-10.36,,,74412104.05757189,41111661.0,0.0091,-90.39,69100,0.44,1.78,-2.81,1.85,-6.49,2.11,-18.01,2.07,-16.43,14.74,11.76,67960,156850,166156,0.016
5520,INBS,Healthcare,Medical Devices,NASDAQ,40.84,7.37,77.99,10.66,44.13,7.62,50.9,9.16,37.64,5.64,17.14,1.69,1.57,-5.42,-8.19,-28.31,1.29,-74.43,6.96,5505892.869289756,3316803.0,0.037100002,-93.69,17500,0.08,1.61,-2.48,1.64,-4.27,1.8,-12.78,2.11,-25.59,8.99,14.17,44280,217243,175170,0.358
5521,GNS,Consumer Defensive,Education & Training Services,NYSE ARCA,40.81,7.35,83.8,17.44,44.1,7.6,44.65,7.47,30.97,4.13,57.04,11.92,0.14,-4.03,-7.74,-13.33,-4.67,-79.63,5.58,28792127.344096303,191947508.0,0.048299998,-86.79,4052500,0.31,0.15,-6.67,0.15,-6.67,0.15,-6.67,0.16,-12.5,8.83,-24.28,30934020,13019280,9008296,1.281
5522,INLF,Industrials,Specialty Industrial Machinery,NASDAQ,40.71,7.34,94.35,46.0,12.05,1.16,1.99,0.18,1.54,0.15,28.53,3.5,3.22,-20.69,9.15,-3.88,-24.59,-98.59,1.06,3870557.84801054,1090298.0,0.0117999995,-99.93,535500,0.26,3.39,-5.01,4.01,-19.7,3.45,-6.67,4.03,-20.1,21.06,29.5,5181400,2073036,2677464,0.26
5523,HUHU,Industrials,Specialty Industrial Machinery,NASDAQ,40.69,7.32,55.82,2.16,69.69,20.78,46.07,7.89,56.77,12.67,149.17,91.13,3.0,-38.4,-49.66,-26.29,-53.49,-73.54,7.18,127500642.61079407,26785848.0,0.0016,-75.41,180100,1.43,3.84,-21.88,4.58,-34.5,4.76,-36.97,4.79,-37.37,24.62,40.62,245230,125550,90318,0.086
5524,IDN,Technology,Software - Application,NASDAQ,40.59,7.31,81.37,13.93,41.79,6.87,49.29,8.68,56.58,12.57,176.09,94.6,2.29,0.44,-4.58,-11.92,-38.44,-66.76,9.07,46005506.223442554,20266743.0,0.0639,-74.78,332200,1.24,2.28,0.44,2.3,-0.43,2.37,-3.38,2.85,-19.65,3.65,59.83,150310,267890,362444,0.16
5525,GEOS,Energy,Oil & Gas Equipment & Services,NASDAQ,40.48,7.29,83.55,17.1,45.13,7.82,44.29,7.4,48.22,9.02,66.74,17.54,4.62,-3.14,-7.97,-9.23,-28.81,-69.65,8.23,62090896.86727047,12935603.0,0.0342,-84.54,87900,1.12,4.71,-1.91,4.79,-3.55,4.96,-6.85,5.44,-15.07,3.79,22.86,89310,78486,112628,-0.364
5526,METCB,Basic Materials,Coking Coal,NASDAQ,40.38,7.27,75.56,8.73,39.03,6.28,48.86,8.54,56.78,12.68,79.67,27.45,4.6,4.78,-2.34,-28.24,-28.9,-54.04,13.16,275748554.2413521,63683270.0,0.0318,-78.69,65100,0.69,4.44,3.6,4.41,4.31,4.88,-5.74,5.92,-22.3,6.7,84.38,63910,94896,87250,-0.053
5527,CITR,Basic Materials,Specialty Chemicals,NYSE ARCA,40.36,7.26,58.99,2.89,54.86,10.95,61.08,13.68,54.53,11.57,98.52,60.04,2.93,0.34,-31.38,-41.75,-46.8,-65.53,9.42,65929781.165687084,22349078.0,0.0556,-71.75,49100,0.97,2.9,1.03,3.13,-6.39,4.05,-27.65,5.1,-42.55,14.8,29.98,65580,50513,43304,-0.592
5528,ALIT,Technology,Software - Application,NYSE,40.34,7.24,72.63,6.79,61.36,14.15,52.4,9.67,81.65,31.63,21.87,2.42,9.76,7.73,-13.48,-19.0,-51.9,-74.85,6.72,233811788.5782051,26419410.0,0.0394,-85.58,565200,1.2,9.27,5.29,9.44,3.39,10.82,-9.8,13.08,-25.38,8.57,32.29,560050,472356,515382,-0.032
5529,BJDX,Healthcare,Medical Devices,NASDAQ,40.26,7.22,78.85,11.36,28.42,3.54,24.19,3.02,39.2,6.03,37.84,5.55,0.82,-3.55,-14.11,-19.21,-7.17,-74.5,6.94,866056.4678281546,1034715.0,0.1353,-95.08,93500,0.04,0.81,1.23,0.86,-4.65,0.88,-6.82,0.93,-11.83,7.91,52.42,904600,2573876,4000666,
5530,KLRS,Healthcare,Biotechnology,NASDAQ,40.11,7.21,69.44,5.36,52.55,9.88,55.7,10.96,92.08,51.75,109.86,74.62,2.5,-12.28,-18.57,-24.24,-26.47,-72.62,7.44,64273449.83510995,23804981.0,0.0382,-78.96,110000,1.47,2.65,-5.66,2.77,-9.75,3.0,-16.67,3.57,-29.97,7.99,75.13,90590,74893,68326,
5531,AMCI,Technology,Computer Hardware,NASDAQ,39.99,7.19,77.06,9.9,48.56,8.82,42.51,6.91,61.1,15.16,64.49,15.99,2.8,-12.23,-10.54,-11.95,-35.33,-71.01,7.94,71907879.38217044,23889661.0,0.020399999,-82.47,37000,0.35,2.92,-4.11,3.08,-9.09,3.15,-11.11,3.96,-29.29,8.68,16.47,39280,104993,130544,-0.329
5532,KLC,Consumer Defensive,Education & Training Services,NYSE,39.98,7.17,73.85,7.61,51.82,9.63,52.05,9.58,109.64,76.9,44.94,7.55,1.97,6.49,-10.45,-21.51,-63.85,-56.51,12.23,220441683.07539976,118517033.0,0.106800005,-71.37,623300,0.96,1.92,2.6,1.94,1.55,2.14,-7.94,2.97,-33.67,5.88,43.13,722990,652130,848230,-0.004
5533,DYAI,Healthcare,Biotechnology,NASDAQ,39.93,7.16,77.71,10.33,45.61,8.02,55.95,11.02,116.5,82.41,79.28,26.92,0.44,2.33,0.0,-10.2,-58.49,-56.0,12.47,18429303.71431759,40063703.0,0.0066000004,-72.5,119300,0.6,0.45,-2.22,0.45,-2.22,0.44,0.0,0.63,-30.16,10.06,0.0,129230,198556,185874,-0.006
5534,PN,Technology,Solar,NASDAQ,39.91,7.14,83.08,16.4,37.1,5.71,29.98,4.05,67.64,19.21,12.54,1.23,2.4,-12.73,-14.29,-1.23,-77.61,-84.0,4.6,38212923.48365188,14754025.0,0.0126,-94.0,21700,0.14,2.45,-2.04,2.6,-7.69,2.6,-7.69,3.77,-36.34,9.7,8.59,199620,150683,675550,0.055
5535,PCTTU,Industrials,Pollution & Treatment Controls,NASDAQ,39.82,7.12,55.25,2.11,48.75,8.89,91.18,44.34,103.53,69.9,48.71,8.72,4.37,-27.05,-19.37,-60.27,-60.27,-55.09,12.8,,,,-75.45,1200,8.39,5.08,-13.98,5.36,-18.47,6.99,-37.48,9.31,-53.06,4.64,0.0,410,143,86,1.735
5536,AIIO,Consumer Cyclical,Auto Manufacturers,NASDAQ,39.8,7.11,57.02,2.34,30.24,3.95,38.4,5.99,279.74,98.5,6.99,0.7,1.11,-10.48,-23.45,-37.99,-61.99,-82.15,5.02,141652342.2512703,119035576.0,0.0121,-97.28,1540400,0.94,1.13,-1.77,1.23,-9.76,1.42,-21.83,2.11,-47.39,9.27,48.61,3610850,1642466,1192466,95.278
5537,MODD,Healthcare,Medical Devices,NASDAQ,39.79,7.09,95.91,53.87,28.73,3.58,32.6,4.58,44.56,7.59,29.81,3.74,2.66,27.88,22.58,0.76,27.88,-74.0,7.04,16546170.456803083,8150823.0,0.0547,-87.42,72500,0.33,2.48,7.26,2.25,18.22,2.3,15.65,2.62,1.53,10.11,52.06,115960,217913,305704,
5538,ALHC,Healthcare,Healthcare Plans,NASDAQ,39.7,7.07,78.91,11.51,34.78,5.06,62.69,14.43,102.81,68.83,105.07,69.38,8.71,12.53,13.56,-31.74,-52.38,-57.35,11.95,1647035094.9295344,207435149.0,0.122,-65.33,10584900,1.01,8.41,3.57,8.2,6.22,8.97,-2.9,11.74,-25.81,5.72,68.2,10281630,10439576,8664148,0.316
5539,MOBX,Technology,Semiconductors,NASDAQ,39.6,7.06,101.72,82.21,25.42,3.04,27.15,3.55,46.56,8.37,54.31,10.46,1.13,38.31,29.89,1.35,-37.57,-70.03,8.12,15133573.840837777,17952045.0,0.0919,-91.5,12222300,1.07,1.0,13.0,0.92,22.83,0.93,21.51,1.18,-4.24,13.34,39.79,16320680,11415610,7162720,-0.664
5540,MRM,Consumer Cyclical,Personal Services,NASDAQ,39.56,7.04,63.27,3.65,53.42,10.36,55.49,10.87,60.05,14.54,74.84,23.2,0.55,-16.67,-26.67,-37.5,-41.18,-74.18,7.01,4519916.183004856,7901951.0,0.002,-80.7,8400,0.32,0.55,0.0,0.62,-11.29,0.71,-22.54,0.86,-36.05,14.53,25.02,33780,26210,32716,-0.067
5541,OPEN,Real Estate,Real Estate Services,NASDAQ,39.51,7.02,73.4,7.33,42.57,7.16,48.88,8.58,140.18,91.43,183.93,95.3,2.29,-4.58,-9.49,-18.21,-37.6,-63.99,9.81,2353957437.282673,964736632.0,0.2471,-76.37,28790200,0.95,2.32,-1.29,2.37,-3.38,2.52,-9.13,3.07,-25.41,5.78,60.41,29796780,30445013,35634614,-0.437
5542,CMTL,Technology,Communication Equipment,NASDAQ,39.5,7.01,74.02,7.75,47.47,8.58,36.6,5.6,44.55,7.57,135.83,87.66,1.18,-11.28,-15.11,-19.18,-28.92,-64.78,9.57,39549090.4915396,29961431.0,0.0145000005,-81.0,396800,1.38,1.25,-5.6,1.31,-9.92,1.4,-15.71,1.57,-24.84,4.78,53.16,226390,288106,299106,-0.164
5543,YXT,Technology,Software - Application,NASDAQ,39.47,6.99,76.89,9.78,43.04,7.31,37.67,5.84,52.9,10.87,51.38,9.69,2.08,-6.73,-13.33,-13.69,-25.45,-72.38,7.52,14145969.9334445,6610266.0,0.62,-93.53,40800,1.52,2.21,-5.88,2.28,-8.77,2.31,-9.96,3.4,-38.82,9.9,58.25,44260,26840,1526626,0.06
5544,CYCU,Technology,Information Technology Services,NASDAQ,39.37,6.97,90.03,30.21,27.97,3.4,33.09,4.63,18.33,2.01,20.75,2.19,3.0,11.52,4.9,-14.29,38.89,-87.5,3.76,98710077.97497153,25840335.0,0.011,-96.6,220900,0.11,3.38,-11.24,3.05,-1.64,3.16,-5.06,4.33,-30.72,14.37,6.96,5311690,1965317,3887060,-0.034
5545,NSPR,Healthcare,Medical Devices,NASDAQ,39.26,6.96,62.75,3.47,52.9,10.06,61.22,13.75,37.88,5.73,59.3,13.05,0.48,-22.58,-31.43,-38.46,-28.36,-75.88,6.44,29040156.663345575,46838962.0,0.00059999997,-81.32,225400,2.99,0.54,-11.11,0.61,-21.31,0.69,-30.43,0.77,-37.66,14.58,28.57,129320,75300,89854,-0.004
5546,XELB,Consumer Cyclical,Apparel Manufacturing,NASDAQ,39.2,6.93,66.91,4.53,43.53,7.42,55.22,10.74,74.99,25.04,116.46,79.66,0.64,-9.67,-18.99,-28.4,-48.39,-46.67,15.79,4310100.0524100065,6560274.0,0.0054,-74.09,19267900,27.27,0.61,4.92,0.67,-4.48,0.77,-16.88,0.89,-28.09,13.61,134.71,2004310,706683,460498,-0.151
5547,STEM,Utilities,Utilities - Renewable,NYSE,39.2,6.93,84.35,18.44,33.44,4.63,45.54,7.7,46.68,8.44,72.64,21.72,4.2,3.19,7.69,-17.97,-15.15,-74.82,6.74,41009931.64338684,9626744.0,0.1279,-86.97,159500,0.98,4.39,-4.33,4.4,-4.55,4.43,-5.19,5.16,-18.6,9.05,8.42,232970,162676,149292,-0.123
5548,MTEK,Technology,Electronic Components,NASDAQ,39.13,6.91,53.64,1.86,63.93,15.92,58.87,12.48,54.62,11.61,66.74,17.54,0.58,-21.77,-43.5,-42.94,-44.04,-54.17,13.07,7824441.264754534,10559300.0,0.0347,-79.43,324500,0.19,0.65,-10.77,0.77,-24.68,0.9,-35.56,1.04,-44.23,12.76,0.0,5144040,1747600,1070022,1.938
5549,FOFO,Industrials,Consulting Services,NASDAQ,39.12,6.88,80.31,12.91,44.02,7.57,43.45,7.22,38.33,5.84,37.06,5.41,2.03,-3.79,-16.46,-7.73,4.64,-78.72,5.81,16450389.324426651,7871000.0,0.0002,-90.7,2600,0.01,2.06,-1.46,2.09,-2.87,2.01,1.0,2.25,-9.78,10.75,0.0,40700,283506,174630,-0.727
5550,KLRA,Healthcare,Biotechnology,NASDAQ,39.12,6.88,66.37,4.34,45.2,7.92,59.05,12.6,65.91,18.18,88.53,38.61,10.0,-9.34,-16.53,-32.93,-40.76,,,1346997838.1496239,129643676.0,0.046,-64.58,1532200,1.26,10.52,-4.94,10.84,-7.75,12.04,-16.94,15.16,-34.04,9.25,25.95,1457490,1220750,966384,
5551,EOSE,Industrials,Electrical Equipment & Parts,NASDAQ,38.97,6.86,75.39,8.6,41.83,6.89,50.69,9.1,46.1,8.14,70.25,19.74,2.77,-11.94,-14.79,-30.7,-11.94,-78.84,5.77,1168978472.131897,364167744.0,0.3328,-86.05,39778000,1.47,3.12,-11.22,3.12,-11.22,3.52,-21.31,3.66,-24.32,8.87,22.78,26105350,27024606,26899572,3.514
5552,MIST,Healthcare,Biotechnology,NASDAQ,38.95,6.84,71.24,6.19,49.82,9.13,59.42,12.85,58.76,13.8,124.19,83.61,0.71,-12.75,-10.44,-32.19,-31.54,-66.88,8.99,100843364.09682631,124497980.0,0.14850001,-76.8,1375000,1.02,0.76,-6.58,0.79,-10.13,0.86,-17.44,1.02,-30.39,8.13,1.73,1010160,1344240,1494010,
5553,EZRA,Financial Services,Insurance Brokers,NASDAQ,38.91,6.82,79.13,11.82,38.66,6.13,36.11,5.45,15.46,1.44,23.78,2.71,2.21,-5.96,-18.15,-18.75,23.46,-91.5,2.97,1806085.6391458511,820948.0,0.023,-95.85,21800,0.15,2.34,-5.56,2.42,-8.68,2.56,-13.67,2.56,-13.67,10.78,-0.0,337060,143283,2371156,-0.316
5554,NAII,Consumer Defensive,Packaged Foods,NASDAQ,38.86,6.81,58.12,2.72,57.02,11.95,65.97,16.69,65.17,17.76,68.42,18.66,1.15,-22.3,-33.53,-43.07,-48.2,-64.17,9.72,9271973.679492474,6264847.0,0.0026,-76.81,49000,1.93,1.34,-14.18,1.46,-21.23,1.69,-31.95,1.97,-41.62,15.9,16.41,32730,25413,47166,0.019
5555,VEEE,Consumer Cyclical,Recreational Vehicles,NASDAQ,38.82,6.79,110.33,92.59,131.87,91.93,70.71,19.62,128.76,87.96,9.63,0.95,10.14,-9.95,-28.34,4.0,-21.64,-85.27,4.4,6351569.203129768,584321.0,0.040599998,-92.06,21900,0.02,10.53,-3.7,11.71,-13.41,11.42,-11.21,10.88,-6.8,23.08,9.83,36140,1062576,688138,-0.342
5556,HTCR,Technology,Software - Application,NASDAQ,38.8,6.77,77.14,9.99,38.9,6.24,35.41,5.26,46.55,8.34,38.74,5.78,1.79,-7.01,-14.35,-12.9,-14.76,-73.52,7.2,3000349.468902588,1515328.0,0.012200001,-90.57,14600,0.47,1.84,-2.72,1.94,-7.73,1.98,-9.6,2.28,-21.49,7.08,23.69,65930,30846,30814,0.716
5557,NIKI,Healthcare,Biotechnology,NASDAQ,38.49,6.75,70.14,5.61,44.55,7.75,54.81,10.57,68.33,19.76,67.67,18.28,4.32,-10.19,-13.08,-30.66,-50.74,-61.77,10.48,3746124.922335148,814375.0,0.0224,-83.32,15900,0.09,4.65,-7.1,4.72,-8.47,4.96,-12.9,6.8,-36.47,8.1,62.91,15160,177723,121130,
5558,QFIN,Financial Services,Credit Services,NASDAQ,38.49,6.75,69.21,5.23,41.77,6.86,49.13,8.63,62.96,16.34,52.99,10.11,6.09,-5.72,-18.52,-28.04,-53.27,-64.12,9.74,785425163.9580173,121582842.0,0.0305,-80.09,2210200,0.97,6.33,-3.79,6.59,-7.59,7.37,-17.37,9.31,-34.59,4.67,56.27,2191300,2282080,2339228,-0.316
5559,AGMH,Technology,Computer Hardware,NASDAQ,38.44,6.72,66.35,4.32,48.1,8.67,52.82,9.85,63.0,16.38,33.49,4.67,0.6,-11.7,-20.94,-31.21,-16.69,-75.65,6.52,2517462.457127869,3596375.0,0.0995,-92.59,644800,0.21,0.64,-6.25,0.68,-11.76,0.74,-18.92,0.87,-31.03,22.32,47.04,7343600,3116733,1894718,-0.637
5560,PLSM,Healthcare,Medical Devices,NASDAQ,38.43,6.71,67.63,4.78,42.22,7.03,43.6,7.27,65.65,17.98,43.9,7.21,1.92,-11.72,-25.29,-21.63,-43.7,,,14241228.732095718,6502844.0,0.0058,-85.2,33500,0.41,2.08,-7.69,2.17,-11.52,2.29,-16.16,2.68,-28.36,11.94,43.61,42770,82516,69540,0.52
5561,GOSS,Healthcare,Biotechnology,NASDAQ,38.42,6.69,79.12,11.8,39.12,6.31,36.38,5.55,17.0,1.78,23.84,2.72,9.88,-9.61,-9.61,-13.03,-40.34,-96.41,1.68,65506547.8433218,6116391.0,0.1573,-96.81,196800,0.75,10.44,-5.36,10.9,-9.36,10.99,-10.1,12.53,-21.15,10.65,21.19,336060,263187,276669,-0.196
5562,INSG,Technology,Communication Equipment,NASDAQ,38.39,6.67,93.84,43.5,32.53,4.43,33.95,4.93,60.92,14.98,134.62,87.3,4.46,2.06,11.5,4.21,-29.87,-58.36,11.58,81063556.19775534,17584285.0,0.1898,-79.63,340800,1.06,4.6,-3.04,4.23,5.44,4.21,5.94,4.67,-4.5,6.44,66.17,536740,321646,378844,0.094
5563,AURE,Financial Services,Capital Markets,NASDAQ,38.35,6.66,80.54,13.09,38.47,6.08,42.65,6.96,45.05,7.79,65.94,17.13,1.06,-2.75,-2.75,-24.29,-39.5,-72.54,7.47,38727998.92425537,37600000.0,0.0008,-92.74,19200,0.1,1.06,0.0,1.09,-2.75,1.22,-13.11,1.47,-27.89,15.57,10.9,444420,198503,126618,
5564,GUTS,Healthcare,Biotechnology,NASDAQ,38.31,6.63,58.58,2.81,52.52,9.86,74.12,22.4,90.8,48.28,33.18,4.53,4.23,-21.67,-25.0,-45.18,-48.91,-83.98,4.62,64786198.97093153,159179848.0,0.018099999,73.01,300500,1.75,4.55,-7.03,5.24,-19.27,6.09,-30.54,7.42,-42.99,15.62,13.62,227034,171365,140720,
5565,CGTL,Consumer Cyclical,Specialty Retail,NASDAQ,38.31,6.63,77.77,10.36,38.69,6.19,38.64,6.03,25.98,3.12,73.26,22.05,3.23,-17.6,-15.0,-19.85,-28.22,-80.6,5.32,6464398.783603907,1719255.0,1.2768,-96.64,18900,0.52,3.61,-10.53,3.8,-15.0,3.82,-15.45,4.09,-21.03,8.6,61.2,10970,36273,414562,0.503
5566,PLUR,Healthcare,Biotechnology,NASDAQ,38.21,6.61,76.67,9.63,34.3,4.93,38.66,6.04,40.69,6.41,84.57,32.45,1.0,-2.91,-4.76,-20.0,-36.71,-70.59,8.0,12468183.242271423,12344736.0,0.0056,-79.47,6100,0.28,1.02,-1.96,1.01,-0.99,1.07,-6.54,1.37,-27.01,10.5,9.52,17440,22136,22622,-0.158
5567,NTHI,Healthcare,Biotechnology,NASDAQ,38.17,6.59,66.01,4.3,45.76,8.07,51.12,9.31,51.6,10.31,65.68,17.0,2.53,-17.32,-23.33,-30.87,-27.71,-63.91,9.82,86128086.47470951,28805380.0,0.0381,-80.52,255500,1.31,2.83,-10.6,3.04,-16.78,3.23,-21.67,3.81,-33.6,11.1,3.56,180690,195593,230568,
5568,YDDL,Industrials,Waste Management,NASDAQ,38.08,6.57,81.51,14.1,35.52,5.31,36.85,5.64,34.91,5.05,75.04,23.38,1.33,-6.34,-6.34,-19.39,-24.0,-77.61,6.05,80127663.25093472,56033333.0,0.0058,-91.81,35000,0.03,1.38,-3.62,1.4,-5.0,1.46,-8.9,1.64,-18.9,5.4,41.75,25220,1268993,764326,0.187
5569,SEAT,Communication Services,Internet Content & Information,NASDAQ,37.99,6.56,67.57,4.75,47.23,8.53,52.5,9.71,73.22,23.38,60.79,13.73,3.34,-12.57,-10.7,-29.09,-55.05,-46.04,16.06,39569006.18559122,11241195.0,0.2378,-78.38,104300,1.05,3.31,0.91,3.56,-6.18,3.91,-14.58,5.66,-40.99,8.27,30.79,105590,99586,81172,-0.095
5570,OIO,Industrials,Waste Management,NASDAQ,37.96,6.54,97.55,62.08,38.29,6.01,34.77,5.11,17.15,1.81,83.13,30.96,1.76,-0.56,4.82,4.76,-13.3,-85.33,4.38,661241996.9025064,348022108.0,0.001,-85.37,103800,0.73,1.77,-0.56,1.72,2.33,1.81,-2.76,1.84,-4.35,13.13,69.24,117350,142766,127990,
5571,TYGO,Technology,Solar,NASDAQ,37.93,6.52,82.45,15.43,35.0,5.13,40.45,6.43,74.07,24.16,224.74,96.94,0.89,0.22,1.59,-13.2,-41.95,-44.13,16.81,66562806.19230902,76773711.0,0.060399998,-83.29,815100,1.01,0.88,1.14,0.87,2.3,0.93,-4.3,1.11,-19.82,7.33,18.4,782700,809863,1162454,0.056
5572,UPB,Healthcare,Biotechnology,NASDAQ,37.92,6.51,74.19,7.9,45.43,7.96,53.44,10.04,48.11,9.0,56.85,11.82,4.55,-9.72,-11.99,-20.87,-29.02,-84.5,4.48,276046044.5506506,54771041.0,0.126,-86.49,2857200,3.81,4.73,-3.81,4.98,-8.63,5.23,-13.0,6.12,-25.65,6.63,61.3,1030740,749920,697194,-0.175
5573,VRAX,Healthcare,Biotechnology,NASDAQ,37.68,6.49,70.26,5.71,45.79,8.09,41.36,6.64,45.9,8.0,27.02,3.29,1.99,-11.16,-18.44,-30.18,-32.08,-79.59,5.6,1753373.6380033493,796988.0,0.039300002,-90.85,50800,0.34,2.15,-7.44,2.21,-9.95,2.39,-16.74,2.65,-24.91,16.36,18.43,371070,147400,491456,6.849
5574,SAGT,Technology,Software - Application,NASDAQ,37.54,6.47,79.95,12.52,36.84,5.64,33.85,4.9,40.72,6.43,73.31,22.08,0.54,-9.35,-12.56,-5.07,-27.6,-73.89,7.08,13035750.314593315,22750000.0,0.0041,-84.07,54800,0.22,0.56,-3.57,0.58,-6.9,0.59,-8.47,0.65,-16.92,7.57,24.48,95810,246196,740310,0.014
5575,GSIW,Financial Services,Capital Markets,NASDAQ,37.5,6.46,65.15,4.14,52.1,9.71,53.26,9.97,80.08,29.94,58.01,12.38,10.68,0.66,-27.0,-27.35,-53.89,-58.92,11.34,13907414.824716568,1462399.0,0.0057,-79.14,6600,0.15,10.19,4.81,10.95,-2.47,12.91,-17.27,15.27,-30.06,12.22,21.46,15290,43323,29798,-0.179
5576,LFT,Real Estate,REIT - Mortgage,NYSE,37.41,6.44,72.54,6.76,38.99,6.26,49.72,8.82,57.99,13.37,68.97,18.94,4.75,-8.48,-8.12,-30.45,-35.81,-64.25,9.69,26387158.019742012,5256406.0,0.013300001,-75.39,48200,1.79,4.92,-3.46,5.16,-7.95,5.68,-16.37,6.36,-25.31,6.92,57.83,38500,26921,26845,
5577,FRSX,Consumer Cyclical,Auto Parts,NASDAQ,37.38,6.43,75.58,8.77,39.27,6.36,38.22,5.98,32.36,4.52,34.46,4.91,0.92,-15.6,-18.58,-17.12,-26.98,-81.19,5.2,4621687.859676719,4126507.0,0.0015,-88.43,17000,0.11,1.03,-10.68,1.08,-14.81,1.11,-17.12,1.17,-21.37,9.18,-0.0,64610,153003,110014,-0.328
5578,FLUX,Industrials,Electrical Equipment & Parts,NASDAQ,37.35,6.41,80.12,12.63,37.47,5.81,42.68,6.99,38.01,5.78,65.07,16.45,0.46,13.27,-0.22,-19.41,-9.96,-66.1,9.22,13837850.57069993,21621642.0,0.0379,-93.91,817500,0.14,0.52,-11.54,0.48,-4.17,0.51,-9.8,0.56,-17.86,17.86,9.74,17707240,6002886,4012834,-0.507
5579,UFG,Industrials,Marine Shipping,NASDAQ,37.22,6.39,61.44,3.27,45.46,7.99,56.42,11.21,58.87,13.89,51.67,9.8,0.37,-18.18,-28.35,-43.4,-47.29,-57.14,12.02,14284599.922597408,32465000.0,0.0375,-76.28,2344300,0.58,0.39,-5.13,0.43,-13.95,0.49,-24.49,0.55,-32.73,12.64,32.06,334140,4050590,2468354,0.72
5580,SLQT,Financial Services,Insurance Brokers,NYSE,37.21,6.38,72.99,7.04,38.67,6.15,46.42,7.94,56.85,12.75,35.07,5.0,0.37,-12.91,-9.51,-27.96,-46.54,-72.11,7.61,73676602.60440326,179261801.0,0.0121,-83.33,912500,0.82,0.39,-5.13,0.4,-7.5,0.44,-15.91,0.57,-35.09,8.47,31.89,1179370,1115533,1130836,-0.068
5581,LDI,Financial Services,Mortgage Finance,NYSE,37.09,6.36,77.07,9.93,37.21,5.78,45.09,7.64,53.52,11.12,76.85,24.81,0.62,0.82,-6.65,-25.72,-38.81,-72.53,7.49,214728591.95510006,338155268.0,0.17,-83.68,2168200,0.35,0.62,0.0,0.62,0.0,0.68,-8.82,0.82,-24.39,6.74,57.44,3786210,6212036,4806928,0.097
5582,LENZ,Healthcare,Biotechnology,NASDAQ,37.08,6.34,78.54,11.06,35.79,5.4,38.98,6.11,28.84,3.59,37.32,5.45,3.53,-6.86,-5.11,-25.21,-38.29,-80.39,5.39,112484825.54281807,31420343.0,0.5565,-92.83,1037000,1.38,3.62,-2.49,3.75,-5.87,3.97,-11.08,4.63,-23.76,6.29,81.03,794430,753103,751276,0.097
5583,SOWG,Consumer Defensive,Confectioners,NASDAQ,37.02,6.33,78.98,11.54,35.56,5.33,94.52,56.76,49.77,9.66,33.84,4.72,2.2,-3.08,3.77,-35.67,-30.6,-71.24,7.87,45827755.46493745,20099893.0,0.0036000002,-86.16,1800,0.11,2.3,-4.35,2.28,-3.51,2.59,-15.06,2.95,-25.42,10.32,8.81,6860,17056,13024,
5584,TDUP,Consumer Cyclical,Internet Retail,NASDAQ,37.01,6.31,82.52,15.51,33.57,4.68,42.3,6.85,105.35,72.01,71.82,21.02,2.35,10.33,5.38,-9.62,-60.37,-68.58,8.42,284994030.5199623,131333650.0,0.2019,-76.5,3024500,1.44,2.21,6.33,2.2,6.82,2.34,0.43,2.96,-20.61,4.54,177.93,1684100,2103113,2689628,0.169
5585,PRFX,Healthcare,Drug Manufacturers - Specialty & Generic,NASDAQ,36.8,6.29,82.14,14.94,36.96,5.66,34.85,5.13,29.1,3.65,36.4,5.23,0.86,-9.58,-12.53,-7.44,-13.32,-80.57,5.35,3219212.538398266,3499144.0,0.0196,-89.18,20500,0.07,0.88,-2.27,0.92,-6.52,0.94,-8.51,0.98,-12.24,6.87,15.24,31860,283950,327628,
5586,CHSN,Consumer Cyclical,Restaurants,NASDAQ,36.4,6.28,91.32,33.64,44.3,7.7,34.9,5.18,5.13,0.5,62.48,14.78,1.06,-0.93,-10.92,1.92,-1.85,-92.87,2.51,2508182.379666209,2322391.0,0.0519,-99.68,27300,0.29,1.08,-1.85,1.09,-2.75,1.08,-1.85,1.07,-0.93,9.53,0.0,37430,94160,128052,-0.045
5587,ALAR,Technology,Software - Infrastructure,NASDAQ,36.38,6.26,88.02,25.12,18.72,1.98,17.61,2.08,20.9,2.44,63.07,15.09,1.56,-3.7,-8.77,-12.36,-8.24,-80.05,5.48,12786957.310083866,7348826.0,0.020499999,-90.58,35800,0.24,1.65,-5.45,1.68,-7.14,1.85,-15.68,1.76,-11.36,10.3,24.89,41340,149936,133796,0.642
5588,OPAD,Real Estate,Real Estate Services,NASDAQ,36.35,6.24,70.05,5.53,44.7,7.77,44.81,7.54,45.54,7.91,44.04,7.26,2.78,-16.01,-17.26,-26.26,-29.08,-74.82,6.74,15730598.548064232,4832749.0,0.1447,-60.57,50300,1.48,3.03,-8.25,3.16,-12.03,3.36,-17.26,3.92,-29.08,6.79,52.97,25730,33906,45212,-0.516
5589,RGNT,Healthcare,Medical Instruments & Supplies,NYSE ARCA,36.31,6.23,74.51,8.06,40.98,6.67,57.58,11.8,45.94,8.02,36.81,5.38,1.7,-7.1,-16.67,-13.27,-4.49,-72.13,7.58,12994254.017463326,7023921.0,0.0013,-89.03,172800,3.34,1.7,0.0,1.79,-5.03,1.87,-9.09,1.94,-12.37,9.37,31.4,47690,51706,56844,
5590,RENT,Consumer Cyclical,Apparel Retail,NASDAQ,36.3,6.21,73.03,7.09,36.5,5.53,57.79,11.88,53.4,11.08,89.51,42.54,1.83,10.91,2.23,-35.11,-50.54,-79.09,5.72,52591219.382100105,33929820.0,0.3398,-81.93,193500,0.84,1.65,10.91,1.65,10.91,1.85,-1.08,2.88,-36.46,8.63,114.56,167890,229630,152788,0.208
5591,BYSI,Healthcare,Biotechnology,NASDAQ,36.1,6.19,77.89,10.49,37.96,5.98,39.97,6.34,63.48,16.77,91.35,47.85,0.61,-25.18,-16.0,-20.6,-47.04,-74.09,7.02,32361298.359607458,41119820.0,0.067,-75.0,60200,0.14,0.7,-12.86,0.78,-21.79,0.76,-19.74,0.77,-20.78,21.81,6.76,1141040,443013,1088022,
5592,FHTX,Healthcare,Biotechnology,NASDAQ,36.08,6.18,42.62,0.83,68.23,19.29,91.38,45.08,93.49,54.63,95.12,54.9,1.99,-31.85,-44.72,-55.68,-58.02,-62.02,10.39,119958335.167315,59385315.0,0.061,-73.85,1219500,1.2,2.01,-1.0,2.71,-26.57,3.47,-42.65,4.87,-59.14,18.55,28.44,2168280,1019003,740416,1.127
5593,EVMN,Healthcare,Biotechnology,NYSE,35.92,6.16,58.86,2.86,35.64,5.38,47.19,8.12,48.83,9.24,129.93,85.65,6.41,-11.1,-27.16,-39.3,-41.99,-64.88,9.55,251141424.72886848,36292113.0,0.1173,-80.69,692000,0.78,6.56,-2.29,7.35,-12.79,8.57,-25.2,11.28,-43.17,9.13,66.63,1117710,884116,718694,
5594,DFSC,Industrials,Aerospace & Defense,NASDAQ,35.79,6.14,65.9,4.28,42.38,7.11,40.14,6.38,64.43,17.38,51.79,9.85,0.92,-19.74,-12.92,-35.9,-27.61,-52.18,13.69,3853160.8096575737,3471316.0,0.0116,-84.67,81000,0.56,0.99,-7.07,1.05,-12.38,1.15,-20.0,1.43,-35.66,10.02,35.81,94390,144340,3199140,0.92
5595,CNTB,Healthcare,Biotechnology,NASDAQ,35.77,6.13,54.55,2.01,42.22,7.03,86.11,34.99,102.52,68.48,162.13,93.02,0.88,-10.1,-19.91,-57.23,-57.02,-61.19,10.64,58377183.572173774,62974309.0,0.0625,-76.96,1211100,0.16,0.91,-3.3,0.98,-10.2,1.2,-26.67,1.81,-51.38,18.83,0.0,18833870,7665540,4767194,56.667
5596,GSUN,Consumer Defensive,Education & Training Services,NASDAQ,35.66,6.11,81.16,13.81,34.17,4.9,31.58,4.25,39.18,6.0,21.69,2.37,0.22,-5.65,-6.47,-5.65,-32.82,-82.5,4.88,2176264.7170723975,10028870.0,0.0661,-92.23,9212200,1.21,0.22,0.0,0.22,0.0,0.23,-4.35,0.3,-26.67,9.38,62.98,1853580,7638423,5646806,0.301
5597,GRML,Basic Materials,Other Precious Metals & Mining,NASDAQ,35.58,6.09,75.65,8.82,84.39,38.97,17.84,2.1,34.22,4.86,107.65,72.37,5.88,-35.46,-60.51,53.93,-38.11,-69.69,8.19,60013229.83156967,7615892.0,0.0908,-84.11,1823700,0.11,6.66,-11.71,8.99,-34.59,7.7,-23.64,7.88,-25.38,57.41,9.18,6536430,16492626,10066493,
5598,MSC,Consumer Cyclical,Resorts & Casinos,NYSE,35.57,6.08,79.08,11.65,31.38,4.2,53.07,9.93,45.64,7.97,65.29,16.59,0.98,1.03,15.29,-40.61,-44.32,-67.44,8.88,202217574.5666802,192588175.0,0.0004,-80.04,86200,0.65,0.99,-1.01,0.94,4.26,1.07,-8.41,1.48,-33.78,12.46,57.31,322790,132086,99254,-0.134
5599,SCLX,Healthcare,Drug Manufacturers - General,NASDAQ,35.47,6.06,51.37,1.58,62.09,14.66,64.8,15.84,161.55,94.83,64.48,15.97,2.96,-32.88,-40.08,-41.39,-54.88,-66.87,9.02,28561031.81746912,7034737.0,0.0319,-82.39,140800,3.41,3.66,-19.13,4.09,-27.63,4.63,-36.07,5.46,-45.79,13.89,14.6,60980,41253,45188,-0.228
5600,SNES,Basic Materials,Specialty Chemicals,NASDAQ,35.39,6.04,78.16,10.82,32.19,4.33,35.58,5.3,53.39,11.06,55.71,11.21,0.72,7.91,-0.41,-19.13,-43.07,-68.97,8.4,4224939.13265717,5423542.0,0.0066000004,-83.82,84000,1.35,0.79,-8.86,0.73,-1.37,0.78,-7.69,1.03,-30.1,11.93,25.6,69800,61996,96176,0.232
5601,LSTA,Healthcare,Biotechnology,NASDAQ,35.3,6.03,64.25,3.95,45.6,8.0,51.02,9.22,116.55,82.45,125.75,84.32,1.2,-19.46,-20.0,-26.83,10.09,-41.75,18.02,15881977.329106808,10804066.0,0.0222,-76.33,704500,2.8,1.26,-4.76,1.38,-13.04,1.48,-18.92,1.41,-14.89,9.82,59.39,115380,251730,346142,
5602,NOMA,Consumer Cyclical,Leisure,NASDAQ,35.19,6.01,79.47,12.15,29.62,3.8,30.23,4.07,47.4,8.71,45.48,7.7,1.57,-7.1,2.61,-7.1,-48.69,-78.61,5.85,34588964.83778322,17783529.0,0.0047,-89.16,21600,0.77,1.73,-9.25,1.69,-7.1,1.6,-1.88,2.12,-25.94,16.76,-0.0,27050,28120,56622,1.142
5603,IMNN,Healthcare,Biotechnology,NASDAQ,35.14,5.99,68.56,5.01,47.22,8.5,45.74,7.79,42.56,6.84,54.14,10.41,1.07,-18.94,-20.74,-26.21,-30.52,-71.47,7.73,7182595.679456472,5611403.0,0.0347,-80.19,131200,1.01,1.17,-8.55,1.26,-15.08,1.35,-20.74,1.49,-28.19,11.35,32.94,112370,129636,113074,
5604,ENVX,Industrials,Electrical Equipment & Parts,NASDAQ,35.1,5.98,72.82,6.93,39.49,6.38,41.27,6.62,53.25,10.94,66.28,17.38,2.5,-10.07,-15.54,-20.38,-32.07,-68.19,8.54,614455887.5358784,219448535.0,0.2703,-82.41,6636300,1.03,2.64,-5.3,2.71,-7.75,2.86,-12.59,3.41,-26.69,7.43,26.93,7893290,6463073,7418168,0.208
5605,STEX,Financial Services,Capital Markets,NASDAQ,35.07,5.96,64.28,3.97,53.21,10.24,38.19,5.96,36.99,5.51,52.73,10.06,0.51,-17.32,-34.46,-25.92,-26.56,-86.65,4.04,71276833.87115908,116465417.0,0.062800005,-92.91,957000,0.89,0.55,-7.27,0.61,-16.39,0.65,-21.54,0.72,-29.17,16.47,23.81,1043600,1075713,1017264,
5606,AUUD,Technology,Software - Application,NASDAQ,34.99,5.94,81.98,14.78,43.74,7.49,31.88,4.38,16.08,1.53,32.33,4.32,0.96,-21.87,-24.92,-1.94,-9.34,-87.4,3.81,7021850.441373825,5803182.0,0.098400004,-94.9,180800,0.12,1.14,-15.79,1.17,-17.95,1.14,-15.79,1.07,-10.28,21.15,9.85,333130,1493543,4122108,
5607,AEI,Real Estate,Real Estate - Development,NASDAQ,34.94,5.92,67.28,4.65,37.19,5.74,58.9,12.53,58.03,13.45,94.98,54.66,0.69,-8.24,-8.49,-39.47,-34.29,-74.54,6.9,28860705.22940278,38895830.0,0.0508,-82.66,10000,0.24,0.69,0.0,0.73,-5.48,0.84,-17.86,1.12,-38.39,8.34,53.85,19920,41750,46904,-0.1
5608,ATYR,Healthcare,Biotechnology,NASDAQ,34.94,5.92,59.12,2.91,45.18,7.89,53.36,10.02,47.43,8.75,65.23,16.55,0.25,-13.27,-24.56,-40.97,-47.2,-66.0,9.26,28151091.02177173,98087425.0,0.12529999,-77.68,2698800,0.46,0.28,-10.71,0.29,-13.79,0.34,-26.47,0.44,-43.18,12.29,0.0,2896800,5880770,3776648,
5609,ZEPP,Technology,Consumer Electronics,NYSE,34.86,5.89,80.29,12.86,43.2,7.37,46.34,7.92,26.44,3.2,165.33,93.54,3.84,-3.03,-6.8,-22.42,-11.72,-86.17,4.14,56020226.4410069,14664981.0,0.05,-93.79,9000,0.23,3.86,-0.52,3.93,-2.29,4.17,-7.91,4.65,-17.42,6.23,28.86,19210,39470,40676,0.069
5610,CETX,Technology,Software - Infrastructure,NASDAQ,34.85,5.88,83.91,17.66,32.73,4.5,28.32,3.79,11.21,0.98,25.29,3.08,2.01,-0.99,-1.95,-16.25,-19.92,-91.26,3.02,3511127.5743436813,1721141.0,0.12550001,-97.93,18900,0.44,1.98,1.52,2.02,-0.5,2.13,-5.63,2.48,-18.95,4.39,79.29,27970,43313,43324,0.087
5611,ALDX,Healthcare,Biotechnology,NASDAQ,34.67,5.86,64.06,3.86,44.29,7.69,47.09,8.09,58.85,13.86,41.45,6.62,0.95,-26.51,-22.3,-35.07,-41.12,-80.89,5.29,70581909.98107088,60326421.0,0.0617,-83.98,1178300,0.83,0.98,-3.06,1.11,-14.41,1.25,-24.0,1.41,-32.62,12.89,31.04,2996890,1420880,1170560,
5612,INVZ,Consumer Cyclical,Auto Parts,NASDAQ,34.64,5.84,77.81,10.43,44.24,7.67,34.86,5.15,55.52,11.97,52.44,9.98,0.31,-14.25,-17.69,-5.54,-19.21,-73.98,7.06,107914770.77043486,298107111.0,0.072399996,-87.8,2529700,0.95,0.33,-6.06,0.35,-11.43,0.34,-8.82,0.36,-13.89,8.62,33.69,2045290,2656880,3350142,0.855
5613,AMIX,Healthcare,Medical Devices,NASDAQ,34.52,5.83,62.84,3.53,42.49,7.14,36.36,5.51,37.11,5.56,45.48,7.7,3.13,-20.15,-23.1,-28.62,-31.51,-76.15,6.37,7408565.583925724,1959938.0,0.031600002,-90.38,87100,0.41,3.47,-9.8,3.67,-14.71,3.94,-20.56,5.57,-43.81,8.89,10.78,383420,211296,3893754,
5614,CODX,Healthcare,Medical Devices,NASDAQ,34.5,5.81,81.92,14.7,28.02,3.47,20.13,2.41,90.37,46.53,28.17,3.45,1.09,0.93,-5.22,-0.91,-27.81,-86.24,4.1,7539824.819605708,6981319.0,0.0444,-97.66,139700,0.51,1.11,-1.8,1.1,-0.91,1.08,0.93,1.22,-10.66,6.73,13.63,312940,272156,330342,0.02
5615,GOW,Energy,Oil & Gas Equipment & Services,NASDAQ,34.46,5.79,44.02,0.9,64.29,16.19,75.26,23.08,90.63,47.43,90.65,46.12,3.95,32.55,-47.19,-53.96,-62.52,-61.65,10.53,180884491.2510109,46740180.0,,-69.66,203500,0.15,4.03,-1.99,3.33,18.62,6.46,-38.85,8.73,-54.75,38.28,9.26,3815550,1317863,804536,
5616,UP,Industrials,Airports & Air Services,NYSE,34.41,5.78,82.72,15.82,31.25,4.17,31.79,4.32,40.17,6.33,33.0,4.47,3.89,16.82,-1.77,-0.51,-30.54,-70.57,8.02,126945185.5,36270053.0,0.16459998,-90.95,85400,0.67,3.62,7.46,3.54,9.89,3.6,8.06,4.44,-12.39,7.78,85.91,105230,126943,113258,-0.04
5617,LIMN,Healthcare,Biotechnology,NASDAQ,34.4,5.76,84.91,19.08,38.87,6.23,27.12,3.54,26.46,3.22,14.43,1.38,3.69,-1.6,-11.72,1.65,-30.38,-90.66,3.23,5238507.428098202,1343207.0,0.0544,-97.39,38600,1.39,3.83,-3.66,3.9,-5.38,3.77,-2.12,4.52,-18.36,8.36,51.55,22820,27853,278310,
5618,NHTC,Consumer Cyclical,Internet Retail,NASDAQ,34.39,5.74,68.16,4.92,40.41,6.55,50.7,9.11,52.49,10.71,68.8,18.86,0.93,-7.92,-7.92,-41.51,-46.24,-69.92,8.14,8577849.0,8577849.0,0.0043,-80.38,58700,0.76,0.97,-4.12,0.98,-5.1,1.18,-21.19,1.48,-37.16,12.21,-0.0,113540,76890,65878,-0.225
5619,ZEO,Technology,Solar,NASDAQ,34.34,5.73,74.6,8.15,43.66,7.45,23.56,2.85,60.41,14.68,40.71,6.39,0.28,-9.8,-28.31,12.65,-46.2,-71.84,7.66,12219122.80397299,41703489.0,0.013200001,-86.41,466000,0.02,0.29,-3.45,0.31,-9.68,0.31,-9.68,0.38,-26.32,31.68,10.14,1430470,23426650,14992242,-0.107
5620,AIM,Healthcare,Biotechnology,NYSE ARCA,34.3,5.71,77.73,10.34,32.37,4.38,28.9,3.92,22.92,2.74,23.26,2.62,0.18,-5.26,-10.0,-21.74,-25.0,-86.93,3.93,7181072.205350161,39894844.0,0.0708,-93.56,469600,0.05,0.18,0.0,0.18,0.0,0.2,-10.0,0.23,-21.74,5.95,-0.0,1186760,8754630,5878726,0.04
5621,PLAG,Industrials,Conglomerates,NYSE ARCA,34.05,5.69,86.34,21.59,33.29,4.58,33.69,4.85,102.65,68.62,66.91,17.74,0.71,4.41,0.0,-1.39,-2.74,-65.7,9.34,9820573.316066563,14232715.0,0.0579,-89.57,78900,0.04,0.72,-1.39,0.71,0.0,0.71,0.0,0.82,-13.41,6.54,21.54,144900,2168233,7093204,251.461
5622,WNW,Consumer Cyclical,Internet Retail,NASDAQ,34.05,5.69,82.21,15.03,31.33,4.18,22.86,2.76,39.72,6.16,3.39,0.28,2.2,-7.56,-10.2,-4.76,-11.65,-98.61,1.05,62798173.08389306,26330471.0,0.0091,-99.84,35800,0.05,2.32,-5.17,2.36,-6.78,2.37,-7.17,2.48,-11.29,4.97,36.6,68240,722226,715366,62.646
5623,MPLT,Healthcare,Biotechnology,NASDAQ,34.01,5.66,65.25,4.17,42.75,7.19,56.6,11.31,159.17,94.5,149.63,91.31,9.15,-4.98,-14.96,-33.62,-39.08,-55.47,12.64,545753543.6196365,55575719.0,0.102299996,-77.37,217600,0.42,9.46,-3.28,9.82,-6.82,10.82,-15.43,11.81,-22.52,6.74,24.32,352900,514310,618990,
5624,GVH,Industrials,Integrated Freight & Logistics,NASDAQ,33.97,5.64,85.3,19.66,39.14,6.33,33.77,4.86,154.39,94.09,94.99,54.72,1.07,-2.73,-1.83,7.0,17.58,-66.45,9.12,2681173.954553604,2415472.0,0.0332,-83.44,66800,0.22,1.1,-2.73,1.1,-2.73,1.13,-5.31,1.06,0.94,7.85,47.62,39800,299000,548836,0.08
5625,DARE,Healthcare,Biotechnology,NASDAQ,33.95,5.63,90.04,30.24,33.72,4.72,34.21,5.03,90.41,46.66,117.44,80.24,0.77,-9.28,4.18,9.5,-33.45,-63.06,10.03,16581036.865831554,19669083.0,0.043899998,-79.63,165800,0.6,0.82,-6.1,0.81,-4.94,0.78,-1.28,0.9,-14.44,9.36,20.81,254520,275670,606994,
5626,RVSN,Industrials,Railroads,NASDAQ,33.92,5.6,84.2,18.17,37.1,5.71,41.08,6.59,19.72,2.16,2.12,0.18,3.54,5.58,-2.83,-9.54,-8.65,-98.88,0.94,7767925.179730654,2281329.0,0.0242,-99.6,6900,0.41,3.54,0.0,3.54,0.0,3.63,-2.48,4.22,-16.11,8.45,63.55,13560,16960,24844,3.283
5627,UWMC,Financial Services,Mortgage Finance,NYSE,33.92,5.6,75.91,9.06,35.19,5.18,37.15,5.73,44.08,7.35,71.3,20.7,1.09,-9.17,-10.66,-18.66,-44.95,-75.94,6.42,434824582.98888063,345098878.0,0.24790001,-82.28,11958200,1.0,1.19,-8.4,1.21,-9.92,1.24,-12.1,1.4,-22.14,8.34,-0.0,11966530,11964673,16720708,-0.706
5628,TRIB,Healthcare,Medical Devices,NASDAQ,33.83,5.57,71.69,6.43,36.61,5.58,28.74,3.87,42.32,6.79,94.29,53.53,6.04,-4.43,-13.09,-22.46,-54.17,-77.63,6.03,4626721.126527786,813132.0,0.0252,-88.5,12900,1.06,6.28,-3.82,6.43,-6.07,6.9,-12.46,9.16,-34.06,12.68,27.43,12630,12156,20478,
5629,IVF,Healthcare,Medical Devices,NASDAQ,33.83,5.57,72.79,6.89,23.83,2.82,30.55,4.13,24.06,2.84,19.51,1.98,0.74,-17.87,-21.44,-23.24,-18.68,-83.91,4.65,2143458.542816639,2506969.0,0.0774,-99.12,69700,0.45,0.79,-6.33,0.86,-13.95,0.91,-18.68,0.99,-25.25,9.05,-0.0,153780,156540,2728986,0.167
5630,ANTA,Financial Services,Credit Services,NASDAQ,33.72,5.55,70.61,5.84,35.49,5.3,43.33,7.19,36.14,5.35,75.75,23.84,2.45,-4.1,-15.78,-36.89,-26.72,-74.43,6.96,55713274.15686965,24014343.0,0.0005,-82.27,15700,0.46,2.43,0.82,2.5,-2.0,2.96,-17.23,3.42,-28.36,15.31,69.31,91050,34263,23506,-0.282
5631,TC,Communication Services,Advertising Agencies,NASDAQ,33.71,5.53,76.59,9.58,18.9,2.03,15.04,1.73,16.5,1.67,70.92,20.36,1.55,-7.19,-18.42,-21.72,-29.55,-84.36,4.53,44654778.56193304,26422945.0,0.0015,-92.25,13200,0.22,1.62,-4.32,1.69,-8.28,1.82,-14.84,1.94,-20.1,5.62,57.38,14520,59530,149858,
5632,REKR,Technology,Software - Application,NASDAQ,33.68,5.51,64.81,4.07,43.15,7.35,44.96,7.6,47.93,8.93,58.63,12.68,0.33,-13.32,-22.25,-30.11,-44.67,-79.12,5.69,51063138.52928668,137636495.0,0.1266,-90.35,1501100,0.85,0.35,-5.71,0.37,-10.81,0.41,-19.51,0.52,-36.54,9.55,9.52,1827910,1761300,1623326,0.025
5633,GDC,Communication Services,Electronic Gaming & Multimedia,NASDAQ,33.65,5.5,89.57,29.07,17.73,1.84,2.39,0.25,1.05,0.07,89.98,44.33,1.34,0.0,-6.94,0.75,-8.84,-99.18,0.76,5952374.781668186,4162500.0,0.1141,-99.93,100200,0.08,1.36,-1.47,1.35,-0.74,1.38,-2.9,1.55,-13.55,15.07,19.8,233000,1224476,1446376,
5634,CIRC,Industrials,Staffing & Employment Services,NASDAQ,33.62,5.48,92.11,36.33,22.23,2.49,41.51,6.67,31.49,4.32,69.59,19.32,0.45,-7.66,34.34,-22.16,-37.27,-65.69,9.36,58461935.088986814,114406923.0,0.0124,-90.13,1340100,0.81,0.49,-8.16,0.46,-2.17,0.45,0.0,0.58,-22.41,18.48,56.53,3972130,1649520,1436434,2.108
5635,MVST,Consumer Cyclical,Auto Parts,NASDAQ,33.5,5.46,77.7,10.31,37.53,5.88,32.58,4.57,32.31,4.47,59.63,13.2,0.58,-11.52,-14.87,-6.26,-17.98,-80.14,5.44,248024736.13558674,384534486.0,0.0858,-91.85,3362700,0.57,0.61,-4.92,0.64,-9.38,0.64,-9.38,0.72,-19.44,7.36,14.05,3205120,5916356,6438554,-0.045
5636,GAUZ,Technology,Electronic Components,NASDAQ,33.47,5.45,63.05,3.59,36.57,5.55,37.84,5.89,29.72,3.84,32.34,4.33,4.75,-17.96,-26.36,-31.16,-22.13,-78.98,5.75,5881434.698196411,1143136.0,0.048,-96.65,1600,0.08,4.85,-2.06,5.26,-9.7,6.15,-22.76,7.01,-32.24,13.6,15.48,14480,20359,304769,-0.178
5637,YFOR,Industrials,Specialty Business Services,NASDAQ,33.45,5.43,67.12,4.58,41.29,6.76,13.03,1.53,0.93,0.05,7.9,0.81,1.07,-21.9,-33.12,-17.05,-14.4,-99.66,0.5,11442575.09897232,7837380.0,0.045700002,-99.85,395400,0.26,1.21,-11.57,1.33,-19.55,1.46,-26.71,1.39,-23.02,14.5,51.57,646920,1512343,3552538,0.268
5638,BHST,Consumer Defensive,Packaged Foods,NASDAQ,33.34,5.41,82.31,15.22,31.68,4.22,39.63,6.21,44.43,7.49,63.09,15.12,1.5,0.34,3.1,-20.05,-31.89,-71.41,7.78,33321728.38853216,22667842.0,0.0049,-88.28,17200,0.52,1.48,1.35,1.48,1.35,1.57,-4.46,1.85,-18.92,5.96,11.19,24670,32863,46368,0.038
5639,XCUR,Healthcare,Biotechnology,NASDAQ,33.3,5.4,72.7,6.84,31.98,4.28,34.1,4.97,29.19,3.69,49.52,9.06,1.0,-15.25,-18.7,-27.01,-42.2,-83.11,4.76,7527894.093931317,6545995.0,0.022,-89.45,14800,0.52,1.06,-5.66,1.13,-11.5,1.22,-18.03,1.3,-23.08,7.79,12.83,11370,28550,35014,
5640,LOOP,Basic Materials,Specialty Chemicals,NASDAQ,33.27,5.38,74.43,8.01,40.36,6.51,37.03,5.71,55.12,11.84,94.85,54.51,0.4,-11.11,-15.79,-9.3,-44.44,-57.89,11.77,21655225.30842513,48337555.0,0.0215,-79.9,72200,0.4,0.42,-4.76,0.43,-6.98,0.46,-13.04,0.55,-27.27,8.62,-0.0,95260,179313,2003950,-0.29
5641,SWMR,Technology,Software - Infrastructure,NASDAQ,33.24,5.36,44.01,0.88,55.11,11.07,88.66,39.22,97.43,60.9,100.32,62.52,13.13,-19.84,-40.24,-63.52,-64.36,,,244792022.6884718,15936981.0,0.1254,-84.24,655800,0.7,14.62,-10.19,16.26,-19.25,21.78,-39.72,31.14,-57.84,12.2,4.37,998000,934020,682268,0.566
5642,PAVM,Healthcare,Medical Devices,NASDAQ,33.16,5.35,58.46,2.78,48.11,8.68,52.39,9.65,49.1,9.38,76.84,24.79,2.69,-0.37,-30.67,-37.0,-47.25,-70.89,7.97,28248478.993595123,9842676.0,0.0018000001,-90.54,3800,0.14,2.73,-1.47,3.15,-14.6,3.62,-25.69,4.43,-39.28,12.43,10.47,31190,27490,35114,4.5
5643,TPET,Energy,Oil & Gas E&P,NYSE ARCA,32.99,5.33,84.26,18.3,34.81,5.09,33.94,4.91,38.28,5.81,40.28,6.29,1.63,0.0,-4.68,-19.31,-37.11,-75.82,6.46,8571490.3461591,5323907.0,0.109,-92.76,270200,0.25,1.59,2.52,1.64,-0.61,1.74,-6.32,1.93,-15.54,5.08,44.66,180660,1090744,708577,0.812
5644,LIQT,Industrials,Pollution & Treatment Controls,NASDAQ,32.93,5.31,67.56,4.73,44.52,7.74,50.12,8.92,33.83,4.72,91.95,49.04,0.45,-4.26,-29.69,-37.5,-27.42,-75.41,6.6,17132876.691569805,32947841.0,0.0050999997,-86.57,30300,0.07,0.47,-4.26,0.5,-10.0,0.61,-26.23,0.61,-26.23,21.59,0.0,1025110,410703,296584,-0.12
5645,SCNX,Healthcare,Pharmaceutical Retailers,NASDAQ,32.78,5.3,45.63,1.11,54.57,10.81,64.69,15.79,64.62,17.54,49.29,8.98,3.86,-12.77,-46.2,-56.87,-57.81,-72.96,7.28,261167.8257969767,1642565.0,0.0327,48.46,70700,0.25,3.89,-0.77,5.07,-23.87,6.58,-41.34,8.66,-55.43,20.96,12.36,732314,285162,227076,
5646,SSTK,Communication Services,Internet Content & Information,NYSE,32.77,5.28,85.44,19.97,23.0,2.69,28.68,3.85,38.96,5.97,88.4,38.09,4.43,7.52,7.0,-12.28,-22.28,-74.59,6.82,140770673.92583656,36947684.0,0.105399996,-84.98,959200,1.0,4.16,6.49,4.14,7.0,4.45,-0.45,5.13,-13.65,6.19,51.04,898710,958426,1004326,-0.169
5647,BGL,Basic Materials,Gold,NASDAQ,32.73,5.26,81.03,13.68,31.19,4.13,19.72,2.34,10.3,0.88,22.45,2.49,0.18,-9.64,-15.64,-17.59,-16.04,-93.97,2.25,8227327.266760647,43301723.0,0.0042,-98.45,320700,1.28,0.19,-5.26,0.19,-5.26,0.21,-14.29,0.2,-10.0,12.06,13.82,275940,250660,311654,
5648,LZMH,Technology,Information Technology Services,NASDAQ,32.64,5.25,89.07,27.66,35.08,5.15,31.66,4.27,3.17,0.3,6.28,0.61,1.07,-10.08,-6.96,-13.01,-6.14,-96.39,1.72,10774200.428128242,8978500.0,0.0194,-98.54,22400,0.14,1.08,-0.93,1.11,-3.6,1.16,-7.76,1.18,-9.32,13.68,34.16,46070,155220,492142,0.912
5649,ESLA,Healthcare,Biotechnology,NASDAQ,32.62,5.23,68.04,4.86,37.81,5.93,49.9,8.87,55.53,11.99,166.48,93.7,0.42,-12.0,-11.25,-37.89,-46.34,-75.27,6.68,20357000.123844624,43497864.0,0.0088,-86.67,71100,1.72,0.43,-2.33,0.45,-6.67,0.51,-17.65,0.63,-33.33,11.41,123.1,35700,41286,36178,
5650,HOST,Technology,Software - Infrastructure,NYSE ARCA,32.4,5.21,38.3,0.65,79.39,30.71,74.06,22.35,50.38,9.83,62.36,14.73,3.2,-17.53,-60.0,-66.84,-50.58,-65.24,9.48,,,,-88.17,74400,0.42,3.29,-2.74,4.1,-21.95,6.99,-54.22,7.87,-59.34,21.85,14.3,233520,178156,539525,
5651,WKSP,Consumer Cyclical,Auto Parts,NASDAQ,32.37,5.2,76.95,9.84,25.4,3.02,37.39,5.76,43.0,6.92,33.1,4.52,0.41,-11.96,-8.58,-12.15,-30.89,-82.47,4.9,6984145.721886307,15282595.0,0.024600001,-89.43,106300,0.02,0.41,0.0,0.43,-4.65,0.44,-6.82,0.54,-24.07,8.26,56.12,321430,6931616,4358574,0.274
5652,VCX,Financial Services,Asset Management,NYSE,32.34,5.18,70.7,5.89,29.24,3.75,33.96,4.95,64.26,17.29,98.19,59.55,27.43,-8.2,-8.57,-18.12,-21.45,,,1067828623.8088951,35797138.0,0.87,-95.23,470074,1.01,29.11,-5.77,29.31,-6.41,30.37,-9.68,34.37,-20.19,3.51,-0.0,373527,466079,615079,
5653,FEMY,Healthcare,Medical Instruments & Supplies,NASDAQ,32.31,5.16,71.29,6.24,36.03,5.45,35.34,5.25,29.53,3.79,48.58,8.67,2.05,-2.62,-15.84,-25.36,-26.44,-88.12,3.64,17168804.950647593,8375027.0,0.0744,-90.77,67700,0.62,2.04,0.49,2.14,-4.21,2.38,-13.87,2.62,-21.76,7.96,67.43,115400,108690,907804,-0.189
5654,CLLS,Healthcare,Biotechnology,NASDAQ,32.3,5.15,57.74,2.64,38.68,6.18,84.75,32.84,71.08,21.67,153.5,91.89,1.25,-10.71,-12.59,-59.94,-56.29,-71.4,7.8,144028127.53707957,100718974.0,0.0088,-77.19,106800,0.71,1.37,-8.76,1.42,-11.97,1.62,-22.84,2.49,-49.8,7.02,33.04,66580,150953,98434,-0.621
5655,RPID,Healthcare,Medical Devices,NASDAQ,32.24,5.13,63.08,3.6,44.76,7.79,42.47,6.87,69.6,20.44,62.59,14.81,0.86,-6.41,-22.34,-28.17,-57.95,-72.63,7.42,46146792.357127905,50159556.0,0.030299999,-82.59,227400,0.75,0.92,-6.52,0.98,-12.24,1.07,-19.63,1.42,-39.44,10.76,36.76,285800,302363,277710,0.109
5656,PROP,Energy,Oil & Gas E&P,NASDAQ,32.09,5.11,82.71,15.8,34.42,4.96,31.87,4.37,36.11,5.33,48.89,8.82,0.41,2.52,-2.63,-6.86,-41.86,-75.77,6.48,42412050.30777037,112798010.0,0.1296,-83.92,680400,0.58,0.39,5.13,0.4,2.5,0.41,0.0,0.55,-25.45,6.64,62.47,969810,1171073,1727646,0.452
5657,SNWV,Healthcare,Medical Devices,NASDAQ,31.99,5.1,109.49,92.05,29.97,3.9,17.84,2.1,26.4,3.18,59.16,12.93,5.84,26.52,20.52,46.12,-8.39,-81.88,5.05,41463130.85668421,8602309.0,0.0421,-85.71,64900,1.19,5.22,11.88,4.99,17.03,4.66,25.32,4.91,18.94,6.35,114.29,53000,54520,73462,-0.031
5658,REED,Consumer Defensive,Beverages - Non-Alcoholic,NYSE ARCA,31.9,5.08,77.92,10.54,28.73,3.58,30.51,4.1,22.29,2.66,92.52,50.04,0.65,-2.99,0.0,-25.29,-21.69,-77.27,6.08,8274300.159089506,11820429.0,0.0235,-94.58,22200,0.13,0.67,-2.99,0.66,-1.52,0.7,-7.14,0.84,-22.62,11.76,26.17,43370,166263,135138,-0.214
5659,EHTH,Financial Services,Insurance Brokers,NASDAQ,31.89,5.06,69.71,5.43,37.48,5.83,39.19,6.14,54.62,11.61,39.14,5.94,0.71,2.9,-13.41,-22.83,-46.21,-83.75,4.72,21266482.58973539,31741018.0,0.0138,-87.95,317200,0.83,0.71,0.0,0.71,0.0,0.8,-11.25,1.03,-31.07,7.95,53.16,434310,384290,325936,-0.448
5660,CTSO,Healthcare,Medical Devices,NASDAQ,31.86,5.05,65.64,4.22,37.1,5.71,51.71,9.53,46.97,8.57,68.99,18.96,3.73,-10.87,-13.26,-41.44,-47.32,-70.72,7.99,12761959.651024818,3151101.0,0.041500002,-81.35,10800,0.49,3.92,-4.85,4.01,-6.98,4.87,-23.41,6.21,-39.94,13.19,11.38,11550,22034,15140,0.002
5661,BBOT,Healthcare,Biotechnology,NASDAQ,31.79,5.03,59.12,2.91,39.19,6.34,55.92,10.97,71.76,22.2,74.27,22.78,3.42,-13.2,-14.29,-38.04,-58.47,-72.68,7.39,311616642.96356964,80107104.0,0.126,-77.0,566200,0.84,3.57,-4.2,3.76,-9.04,4.28,-20.09,6.97,-50.93,7.35,59.64,615230,672710,509512,
5662,AGRZ,Consumer Defensive,Farm Products,NASDAQ,31.64,5.01,74.13,7.84,30.58,4.04,36.0,5.38,48.92,9.33,29.79,3.72,3.62,12.07,-9.5,-23.63,-46.76,-90.57,3.28,3551190.5,1092674.0,0.051999997,-97.49,194600,0.58,3.39,6.78,3.42,5.85,4.06,-10.84,4.82,-24.9,13.26,85.4,43272,335540,334796,0.307
5663,VRRM,Technology,Information Technology Services,NASDAQ,31.6,5.0,77.8,10.4,34.78,5.06,39.75,6.28,19.79,2.19,58.58,12.65,2.92,-2.34,-10.15,-20.0,-42.75,-86.8,3.98,427071670.5434742,151982804.0,0.1122,-88.53,6222800,0.91,2.87,1.74,2.97,-1.68,3.24,-9.88,4.06,-28.08,5.45,31.39,6754470,6835760,5803294,0.117
5664,CIIT,Industrials,Integrated Freight & Logistics,NASDAQ,31.39,4.98,89.59,29.18,19.76,2.14,11.21,1.25,14.97,1.38,37.48,5.46,2.87,14.34,3.05,3.24,-18.47,-90.24,3.33,2399127.2184515,967390.0,0.0149,-95.98,655000,10.13,2.53,13.44,2.6,10.38,2.58,11.24,3.03,-5.28,9.5,238.28,85830,64656,138694,1.213
5665,TOPS,Energy,Oil & Gas Midstream,NYSE ARCA,31.11,4.96,67.74,4.81,37.49,5.84,36.19,5.48,16.13,1.54,47.86,8.35,0.5,-9.09,-26.47,-30.56,-23.08,-89.75,3.44,4111283.683367729,7613488.0,0.0678,-93.24,547800,0.08,0.53,-5.66,0.57,-12.28,0.66,-24.24,0.72,-30.56,21.14,0.0,2148980,6676790,4060158,-0.419
5666,CDTG,Industrials,Waste Management,NASDAQ,31.02,4.95,92.57,38.04,28.83,3.62,22.5,2.71,14.15,1.2,52.69,10.03,1.24,3.33,2.48,-4.62,46.05,-88.7,3.59,3232499.0484591722,3021027.0,0.1342,-93.39,2758500,0.67,1.1,12.73,1.16,6.9,1.22,1.64,1.34,-7.46,8.82,173.63,386220,4117280,5510834,-0.361
5667,CAPS,Basic Materials,Building Materials,NASDAQ,30.94,4.93,71.09,6.11,37.29,5.79,33.19,4.68,30.16,3.97,35.83,5.15,0.14,-6.67,-22.22,-22.22,-44.0,-81.58,5.1,3263219.379668683,21754795.0,0.0068,-89.78,665100,0.08,0.14,0.0,0.15,-6.67,0.16,-12.5,0.19,-26.32,13.78,51.85,11225990,8520976,5470174,0.671
5668,MCRP,Technology,Computer Hardware,NYSE ARCA,30.88,4.91,57.46,2.51,42.82,7.26,45.81,7.8,49.14,9.4,104.09,67.92,0.55,-25.71,-29.46,-37.24,-56.32,-58.64,11.46,23724144.20954162,34888447.0,0.018099999,-88.08,175700,0.9,0.62,-11.29,0.7,-21.43,0.76,-27.63,0.98,-43.88,14.66,9.92,148830,196250,395152,0.8
5669,ATGL,Technology,Software - Infrastructure,NASDAQ,30.78,4.9,68.88,5.11,36.27,5.51,32.42,4.52,47.39,8.67,53.65,10.31,4.92,-7.17,-22.76,-18.0,-45.27,-78.76,5.79,85604996.86002731,16462500.0,0.0014,-90.16,3000,0.4,4.9,0.41,5.15,-4.47,5.22,-5.75,6.41,-23.24,12.87,3.16,2690,7460,22722,0.484
5670,FMFC,Consumer Cyclical,Footwear & Accessories,NASDAQ,30.64,4.88,57.53,2.54,45.66,8.04,34.23,5.06,33.67,4.67,48.27,8.5,0.13,-28.33,-36.14,-35.5,-40.28,-59.56,11.07,3165899.87128973,18300000.0,0.1511,-99.17,329100,0.14,0.15,-13.33,0.17,-23.53,0.19,-31.58,0.22,-40.91,11.98,25.69,1847730,2291643,6026196,0.204
5671,TRNR,Consumer Cyclical,Personal Services,NASDAQ,30.56,4.86,76.81,9.72,27.04,3.2,33.28,4.7,14.44,1.29,5.23,0.48,2.1,0.0,-13.93,-31.37,-31.6,-98.05,1.19,3050675.2126579285,1380396.0,0.02,-99.2,6000,0.23,2.21,-4.98,2.25,-6.67,2.56,-17.97,2.93,-28.33,11.09,0.0,9750,26086,25582,4.453
5672,SDOT,Consumer Defensive,Farm Products,NASDAQ,30.56,4.86,69.57,5.4,32.45,4.42,29.08,3.95,24.99,2.97,23.59,2.67,9.89,-15.9,-11.93,-21.63,-30.69,-74.51,6.92,18288278.25513935,1707589.0,0.0554,-96.2,36600,0.28,10.46,-5.45,10.68,-7.4,11.27,-12.24,12.39,-20.18,7.43,12.24,93340,129456,1201824,
5673,GXAI,Communication Services,Electronic Gaming & Multimedia,NASDAQ,30.48,4.83,56.86,2.31,41.94,6.92,51.08,9.25,73.53,23.72,88.92,40.52,0.42,-20.15,-28.98,-43.01,-48.23,-60.0,10.93,7096180.23421669,13752288.0,0.0305,-84.03,168600,0.67,0.47,-10.64,0.51,-17.65,0.57,-26.32,0.72,-41.67,9.22,5.17,173580,250670,2906412,13.373
5674,VSA,Consumer Defensive,Education & Training Services,NASDAQ,30.45,4.81,64.9,4.1,30.58,4.04,32.22,4.45,16.89,1.72,11.91,1.18,2.06,-8.44,-30.41,-31.33,-30.64,-94.2,2.18,6172388.666542053,2792936.0,0.0034999999,-99.88,182400,0.3,2.11,-2.37,2.23,-7.62,2.46,-16.26,2.96,-30.41,32.77,4.44,134720,617016,461316,
5675,FTCI,Technology,Solar,NASDAQ,30.45,4.81,68.31,4.96,41.64,6.84,38.96,6.09,71.48,21.94,70.79,20.21,1.93,-9.6,-27.99,-16.45,-25.77,-81.51,5.16,35521002.9756031,16521396.0,0.1293,-84.86,222200,0.52,1.98,-2.53,2.14,-9.81,2.24,-13.84,2.37,-18.57,12.22,41.97,472910,429933,358502,0.308
5676,RDGT,Healthcare,Pharmaceutical Retailers,NASDAQ,30.43,4.78,86.31,21.48,27.88,3.35,24.12,3.01,34.18,4.83,24.73,2.97,0.87,2.35,-4.4,3.57,12.99,-95.36,1.92,3157699.8173069954,3629540.0,0.0674,-99.89,56600,0.14,0.91,-4.4,0.87,0.0,0.88,-1.14,0.87,0.0,12.32,-0.0,964140,401166,1921078,0.214
5677,BYAH,Consumer Defensive,Household & Personal Products,NASDAQ,30.37,4.76,83.59,17.17,18.09,1.88,15.93,1.84,15.35,1.41,6.67,0.66,2.48,9.47,-13.41,3.11,-13.23,-96.61,1.6,1869488.3741326332,795527.0,0.0507,-98.76,106700,0.44,2.43,2.06,2.43,2.06,2.48,0.0,2.71,-8.49,15.4,31.42,462910,244066,537122,0.015
5678,ELTX,Healthcare,Biotechnology,NASDAQ,30.31,4.74,76.5,9.52,27.1,3.24,17.03,1.98,27.05,3.3,157.08,92.38,1.81,-5.73,-3.72,-14.22,-37.37,-77.2,6.1,50461212.31210399,26281882.0,0.0817,-88.69,267000,0.78,1.88,-3.72,1.86,-2.69,1.9,-4.74,2.48,-27.02,6.2,62.42,246530,342820,314222,
5679,NVX,Industrials,Electrical Equipment & Parts,NASDAQ,30.31,4.74,75.27,8.55,35.36,5.25,30.84,4.18,33.92,4.73,55.19,10.97,2.42,-2.81,-8.33,-16.84,-34.42,-76.27,6.35,65604340.30468464,24944615.0,0.018099999,-93.73,7700,0.21,2.53,-4.35,2.58,-6.2,2.76,-12.32,3.37,-28.19,7.16,-0.0,24440,36033,29795,
5680,IMMP,Healthcare,Biotechnology,NASDAQ,30.3,4.72,57.48,2.52,41.2,6.74,45.73,7.77,60.07,14.58,24.5,2.86,3.84,-15.42,-28.89,-46.67,-50.77,-92.67,2.59,32053439.747274876,7368607.0,0.0139999995,-21.15,14900,0.74,4.17,-7.91,4.52,-15.04,5.48,-29.93,6.74,-43.03,9.93,10.49,21003,20098,14564,6.335
5681,VENU,Consumer Cyclical,Restaurants,NYSE ARCA,30.19,4.7,74.14,7.85,31.7,4.23,33.42,4.76,35.16,5.13,38.97,5.88,1.36,3.03,-9.33,-22.29,-34.93,-84.99,4.41,79121757.45256448,56515542.0,0.105900005,-90.26,381100,0.88,1.41,-3.55,1.42,-4.23,1.53,-11.11,1.79,-24.02,6.71,10.96,366400,435023,448690,0.069
5682,LX,Financial Services,Credit Services,NASDAQ,30.18,4.68,73.24,7.29,27.33,3.29,27.31,3.62,43.09,6.94,48.99,8.87,0.69,-1.7,-7.35,-14.13,-53.49,-77.14,6.12,112879968.08288586,164788274.0,0.0683,-88.38,1153500,0.27,0.69,0.0,0.71,-2.82,0.75,-8.0,1.04,-33.65,5.61,25.83,1174630,4296826,3273676,-0.112
5683,HCWB,Healthcare,Biotechnology,NASDAQ,29.98,4.67,60.33,3.09,32.6,4.47,30.37,4.08,79.08,28.64,15.87,1.58,1.53,-9.47,-23.12,-37.04,-40.7,-83.76,4.71,3757024.202700138,2236324.0,0.0053,-94.77,46400,0.07,1.6,-4.38,1.69,-9.47,1.86,-17.74,2.49,-38.55,15.36,8.51,93510,669260,464912,19.697
5684,NNOX,Healthcare,Medical Devices,NASDAQ,29.87,4.65,71.38,6.31,33.76,4.75,27.9,3.69,29.75,3.85,65.32,16.6,0.57,-14.5,-14.37,-22.47,-35.46,-81.07,5.25,49982372.00672281,78588638.0,0.0862,-87.89,1129300,0.88,0.61,-6.56,0.63,-9.52,0.68,-16.18,0.82,-30.49,8.36,41.98,880000,1286606,1188114,0.367
5685,SDA,Consumer Cyclical,Auto & Truck Dealerships,NASDAQ,29.83,4.63,69.29,5.28,33.99,4.83,44.2,7.39,37.74,5.71,67.16,17.93,0.42,-2.55,-11.95,-31.03,-45.67,-79.51,5.65,43762014.01384202,102009359.0,0.0068,-84.44,95900,0.08,0.41,2.44,0.44,-4.55,0.48,-12.5,0.62,-32.26,10.73,42.16,202680,1212960,744818,0.214
5686,SLGB,Industrials,Integrated Freight & Logistics,NASDAQ,29.8,4.62,67.29,4.67,34.81,5.09,27.05,3.5,36.56,5.38,38.85,5.84,0.28,0.0,-13.64,-27.11,-47.99,-74.55,6.86,12959999.442100525,45000000.0,0.1611,-95.39,214500,0.06,0.29,-3.45,0.29,-3.45,0.31,-9.68,0.43,-34.88,12.53,34.22,1247930,3435406,4827470,-0.221
5687,NVNI,Technology,Software - Application,NASDAQ,29.79,4.6,53.14,1.79,57.44,12.12,56.72,11.39,69.09,20.14,42.51,6.79,0.53,-42.9,-44.69,-40.0,-49.43,-82.59,4.83,10766248.831394255,12220487.0,0.0214,-89.27,627100,9.36,0.81,-34.57,0.87,-39.08,0.91,-41.76,0.97,-45.36,16.36,23.06,81110,67033,52424,-0.007
5688,BYND,Consumer Defensive,Packaged Foods,NASDAQ,29.68,4.58,65.54,4.2,32.3,4.37,34.23,5.06,56.12,12.37,67.46,18.15,7.73,-6.42,-15.89,-26.03,-51.48,-76.79,6.23,141850211.25,17193965.0,0.2998,-96.65,906100,0.75,7.94,-2.64,8.13,-4.92,9.48,-18.46,12.15,-36.38,8.28,35.94,1129540,1203273,1518302,-0.082
5689,SEGG,Consumer Cyclical,Gambling,NASDAQ,29.67,4.57,56.72,2.27,38.73,6.21,25.21,3.24,83.31,33.6,22.62,2.52,1.8,-21.74,-37.5,-40.79,-54.08,-70.03,8.12,7643497.108254671,3259487.0,0.0429,-94.98,76300,1.72,2.23,-19.28,2.35,-23.4,2.78,-35.25,2.72,-33.82,16.69,16.64,41090,44280,76869,-0.974
5690,LNKS,Industrials,Electrical Equipment & Parts,NASDAQ,29.62,4.55,83.0,16.26,22.16,2.47,21.18,2.59,23.91,2.81,1.71,0.1,0.85,-8.44,-15.32,-14.37,-20.19,-98.94,0.9,1614646.0573390722,1606613.0,0.0248,-99.8,15900,0.67,0.93,-8.6,0.94,-9.57,0.97,-12.37,0.97,-12.37,9.01,52.24,17950,23660,161892,-0.016
5691,EZGO,Consumer Cyclical,Recreational Vehicles,NASDAQ,29.61,4.53,90.76,32.08,31.82,4.27,22.97,2.79,4.1,0.35,35.69,5.11,0.96,13.01,-11.56,8.93,7.71,-96.29,1.77,4510014.27650249,5305899.0,0.0005,-99.91,87600,0.48,0.91,5.49,0.9,6.67,0.89,7.87,0.95,1.05,12.49,55.87,86910,181026,145928,-0.031
5692,WIMI,Communication Services,Advertising Agencies,NASDAQ,29.56,4.52,60.85,3.22,36.69,5.6,43.44,7.21,43.92,7.26,50.42,9.46,0.65,-16.97,-20.35,-37.88,-46.17,-77.88,6.01,14138106.4120332,18385054.0,0.0063,-87.1,146800,0.87,0.72,-9.72,0.74,-12.16,0.86,-24.42,1.12,-41.96,9.87,46.77,129590,168163,149092,-0.273
5693,VERI,Technology,Software - Infrastructure,NASDAQ,29.27,4.5,54.92,2.06,52.95,10.08,33.14,4.67,37.58,5.6,57.76,12.27,0.58,-21.9,-56.02,-33.52,-41.44,-88.32,3.62,76119468.43142182,101628127.0,0.1878,-93.84,15576100,3.06,0.7,-17.14,0.93,-37.63,1.04,-44.23,1.04,-44.23,24.99,-1.38,9750050,5091830,4988008,0.046
5694,NAMI,Communication Services,Internet Content & Information,NASDAQ,29.08,4.48,101.06,80.65,19.22,2.04,17.3,2.03,16.44,1.64,49.71,9.16,2.09,-13.64,29.01,8.85,-14.34,-87.52,3.74,8652130.211430073,3794794.0,0.04,-92.19,16900,0.01,2.19,-4.57,2.21,-5.43,2.09,0.0,2.46,-15.04,14.85,22.56,4970480,3140116,3147980,-0.319
5695,BIAF,Healthcare,Diagnostics & Research,NASDAQ,29.06,4.47,70.45,5.76,34.16,4.88,32.95,4.6,25.29,3.02,97.09,57.98,5.64,-8.22,-27.97,-39.94,-35.73,-69.68,8.21,3637456.376876831,600736.0,0.1196,-93.01,35224500,4.76,6.02,-6.31,6.5,-13.23,7.25,-22.21,7.42,-23.99,17.0,14.6,3693910,7405343,4694055,0.19
5696,BXBL,Consumer Cyclical,Residential Construction,NASDAQ,29.05,4.45,66.39,4.38,35.6,5.35,36.22,5.5,82.91,33.19,90.35,45.37,3.19,-0.62,-20.84,-21.43,-35.94,-68.16,8.55,780223410.4273005,241555234.0,2.11,-78.93,51800,0.28,3.25,-1.85,3.44,-7.27,3.76,-15.16,4.12,-22.57,7.15,17.53,129480,182230,204314,0.774
5697,BETR,Financial Services,Mortgage Finance,NASDAQ,29.0,4.42,74.44,8.04,29.19,3.74,41.54,6.69,75.32,25.27,166.57,93.72,10.15,-9.29,-6.37,-23.16,-51.06,-69.21,8.36,223993245.68526173,18998579.0,0.3111,-89.05,1134000,1.82,10.84,-6.37,10.71,-5.23,11.63,-12.73,13.65,-25.64,11.82,58.34,850710,622300,747600,0.282
5698,TMCR,Basic Materials,Other Industrial Metals & Mining,NASDAQ,29.0,4.42,56.61,2.24,38.44,6.06,42.0,6.79,35.03,5.09,96.24,56.8,2.93,-12.54,-30.24,-45.84,-52.97,,,230555960.3832817,67414022.0,0.0005,-86.3,183500,1.92,3.16,-7.28,3.56,-17.7,4.25,-31.06,5.33,-45.03,20.36,18.44,192310,95666,99160,
5699,THRY,Technology,Software - Application,NASDAQ,28.99,4.4,69.85,5.48,35.48,5.28,37.01,5.69,69.39,20.3,37.17,5.43,1.46,-7.01,-18.44,-20.22,-64.73,-76.1,6.39,67547447.87239122,44439111.0,0.0946,-88.39,637200,0.91,1.46,0.0,1.54,-5.19,1.73,-15.61,2.06,-29.13,7.8,43.89,620100,699280,843704,-0.284
5700,AIRE,Real Estate,Real Estate Services,NASDAQ,28.87,4.38,67.85,4.85,30.48,4.0,33.41,4.75,17.47,1.84,71.14,20.61,1.05,-19.85,-22.79,-29.53,-19.85,-90.45,3.3,7928743.995059967,6006624.0,0.074499995,-96.77,46500,1.24,1.21,-13.22,1.28,-17.97,1.36,-22.79,1.46,-28.08,8.51,27.98,33460,37526,122906,-0.113
5701,ONCO,Healthcare,Biotechnology,NASDAQ,28.83,4.37,77.94,10.58,34.1,4.86,26.8,3.49,3.92,0.32,5.25,0.52,0.65,-12.1,-28.21,-16.37,-12.68,-99.26,0.72,3215303.2670613527,4380522.0,0.0309,-99.69,46682900,7.99,0.66,-1.52,0.78,-16.67,0.75,-13.33,0.77,-15.58,29.21,26.34,12633730,5844476,3602092,-0.839
5702,LGVN,Healthcare,Biotechnology,NASDAQ,28.82,4.35,52.74,1.71,35.97,5.41,79.94,27.91,62.48,16.1,120.71,82.01,2.37,-8.49,-18.56,-64.31,-60.17,-57.53,11.88,8225550.596759796,3188198.0,0.0727,-80.73,77200,0.54,2.45,-3.27,2.57,-7.78,3.62,-34.53,5.74,-58.71,9.74,21.67,61410,143616,113537,-0.092
5703,CYN,Technology,Software - Application,NASDAQ,28.69,4.33,62.34,3.37,34.72,5.03,36.7,5.61,39.82,6.19,40.78,6.43,0.55,-21.14,-22.47,-31.51,-46.41,-82.75,4.81,10390786.02475971,15348281.0,0.0624,-91.83,233500,1.14,0.62,-11.29,0.66,-16.67,0.71,-22.54,0.92,-40.22,10.27,-0.0,249690,205196,191724,3.283
5704,BBLG,Healthcare,Biotechnology,NASDAQ,28.53,4.32,75.96,9.11,28.95,3.68,34.11,5.01,63.46,16.75,51.95,9.88,0.47,-1.26,-4.48,-16.4,-48.18,-74.37,6.99,1309127.0585726202,2756057.0,0.012999999,-83.15,9700,0.04,0.48,-2.08,0.49,-4.08,0.5,-6.0,0.62,-24.19,7.43,5.73,29480,215600,474896,
5705,BAER,Industrials,Security & Protection Services,NASDAQ,28.51,4.3,56.91,2.32,42.04,6.96,49.32,8.7,85.96,36.65,97.26,58.19,0.61,-9.97,-26.02,-40.96,-67.51,-63.23,10.0,40001775.62075734,58826140.0,0.048699997,-82.27,748600,0.94,0.64,-4.69,0.68,-10.29,0.82,-25.61,1.11,-45.05,14.03,23.37,991840,793570,1218672,-0.008
5706,FNGR,Communication Services,Telecom Services,NASDAQ,28.5,4.28,108.65,91.49,18.63,1.96,18.17,2.16,25.0,3.0,72.1,21.23,0.2,13.64,34.23,7.53,-17.01,-86.58,4.07,18888345.81930381,76162686.0,0.056799997,-90.91,31450100,0.4,0.23,-13.04,0.19,5.26,0.17,17.65,0.21,-4.76,16.71,38.89,81964230,78919400,51627760,-0.923
5707,WOK,Healthcare,Medical Devices,NASDAQ,28.49,4.27,73.7,7.55,29.94,3.87,7.96,0.86,0.76,0.03,20.66,2.17,1.52,-13.64,-17.39,-21.24,-16.94,-99.71,0.45,7639558.550424576,4467578.0,0.0309,-100.0,27200,0.51,1.55,-1.94,1.68,-9.52,1.79,-15.08,2.0,-24.0,6.25,10.52,53480,53410,242386,0.191
5708,VHUB,Consumer Defensive,Grocery Stores,NASDAQ,28.45,4.25,57.63,2.58,33.7,4.7,39.84,6.31,66.35,18.43,10.75,1.03,0.4,-14.89,-23.08,-52.94,-42.86,,,46765370.314712495,97427857.0,0.0078,-99.01,670100,2.39,0.44,-9.09,0.48,-16.67,0.6,-33.33,0.68,-41.18,16.79,14.89,218960,279816,192862,5.362
5709,AIDX,Healthcare,Medical Devices,NASDAQ,28.44,4.23,75.07,8.45,29.95,3.88,27.63,3.65,12.45,1.1,6.6,0.65,0.38,-7.32,-9.52,-29.63,-13.64,,,4852715.07910645,12770303.0,0.0044,-99.24,186300,2.76,0.36,5.56,0.39,-2.56,0.44,-13.64,0.49,-22.45,13.16,60.0,81530,67586,81892,0.365
5710,BRFH,Consumer Defensive,Beverages - Non-Alcoholic,NASDAQ,28.28,4.22,63.52,3.75,35.15,5.16,42.67,6.97,54.41,11.49,77.85,25.73,0.79,-10.23,-21.0,-35.77,-51.83,-71.79,7.69,13861946.58881712,16308172.0,0.0039,-78.88,18600,0.57,0.83,-4.82,0.85,-7.06,1.0,-21.0,1.27,-37.8,14.01,-0.0,55740,32790,32916,1.897
5711,FMST,Basic Materials,Other Industrial Metals & Mining,NASDAQ,28.24,4.19,65.77,4.25,33.72,4.72,39.22,6.16,64.17,17.18,104.8,68.92,0.63,3.93,-11.81,-30.22,-53.82,-74.7,6.77,10168356.236529768,17352143.0,0.0125,-86.21,682900,2.35,0.56,12.5,0.61,3.28,0.7,-10.0,1.0,-37.0,13.75,92.33,687660,290946,212326,
5712,MCRB,Healthcare,Biotechnology,NASDAQ,28.24,4.19,57.8,2.67,32.82,4.52,50.41,9.03,39.59,6.14,58.76,12.73,2.63,-10.24,-27.35,-48.43,-43.44,-82.44,4.93,29531656.71476698,10044781.0,0.0388,-91.23,213400,3.1,2.81,-6.41,3.08,-14.61,3.72,-29.3,4.42,-40.5,11.12,71.78,99840,68926,68282,
5713,BKYI,Industrials,Security & Protection Services,NASDAQ,28.17,4.17,64.58,4.0,32.55,4.45,46.06,7.87,65.68,18.01,82.02,29.8,1.74,-24.02,-14.71,-36.73,-60.36,-72.81,7.35,3045049.115623474,1436344.0,0.0047999998,-91.17,120500,0.02,1.87,-6.95,2.1,-17.14,2.32,-25.0,2.93,-40.61,30.95,24.14,17424230,5845993,3539754,0.131
5714,FCHL,Consumer Defensive,Education & Training Services,NASDAQ,28.08,4.15,84.97,19.13,31.01,4.1,27.68,3.67,1.21,0.1,4.48,0.4,0.92,-3.77,-5.15,-4.47,-7.07,-99.26,0.72,1222473.8157640696,1318742.0,0.014099999,-99.68,16600,0.05,0.93,-1.08,0.94,-2.13,0.98,-6.12,1.06,-13.21,9.36,39.47,100030,303636,278816,-0.054
5715,ERNA,Healthcare,Biotechnology,NASDAQ,27.97,4.13,57.43,2.49,35.22,5.2,36.15,5.46,60.49,14.74,12.37,1.21,2.49,-15.88,-31.22,-38.06,-26.98,-92.4,2.7,3452345.724492073,1166333.0,0.0195,-96.52,213700,3.01,2.56,-2.73,2.9,-14.14,3.43,-27.41,3.96,-37.12,15.2,97.74,121220,71040,59976,
5716,SLMT,Technology,Software - Infrastructure,NASDAQ,27.91,4.12,78.85,11.36,40.66,6.64,37.49,5.8,30.4,4.02,23.33,2.64,3.18,-24.64,-15.43,-10.42,-12.4,-86.11,4.17,47670242.180057526,11009294.0,0.033800002,-98.69,160700,1.45,3.78,-15.87,4.12,-22.82,3.82,-16.75,3.96,-19.7,17.49,23.38,105530,110653,86578,8.411
5717,JFIN,Financial Services,Credit Services,NASDAQ,27.72,4.09,71.72,6.46,30.19,3.92,23.84,2.97,34.25,4.88,46.22,7.99,1.32,-0.75,-13.16,-8.33,-39.73,-80.06,5.46,68551702.26567936,52329546.0,0.0117999995,-88.66,41200,0.7,1.35,-2.22,1.38,-4.35,1.44,-8.33,1.88,-29.79,6.01,42.88,24520,59280,51044,-0.609
5718,CNTX,Healthcare,Biotechnology,NASDAQ,27.72,4.09,70.59,5.83,38.35,6.03,25.76,3.29,39.53,6.13,191.99,95.71,0.3,-4.78,-19.41,-18.31,-51.54,-76.46,6.31,28482545.08905703,91879177.0,0.0867,-91.71,916600,0.77,0.32,-6.25,0.32,-6.25,0.35,-14.29,0.42,-28.57,8.62,19.34,966670,1182860,1618692,
5719,APVO,Healthcare,Biotechnology,NASDAQ,27.71,4.07,81.69,14.33,24.4,2.91,23.7,2.92,43.61,7.19,25.26,3.05,1.8,2.27,-1.64,-1.64,-54.77,-90.65,3.25,3171467.182815075,1801970.0,0.1039,-94.95,26700,0.18,1.8,0.0,1.82,-1.1,1.82,-1.1,2.51,-28.29,4.89,34.09,25150,147736,107750,
5720,FAMI,Consumer Defensive,Packaged Foods,NASDAQ,27.6,4.05,89.45,28.76,8.54,0.88,9.4,1.05,11.99,1.05,72.19,21.32,0.12,-7.69,-7.69,-7.69,-20.0,-91.61,2.94,4866933.321481943,37437950.0,0.062800005,-93.91,1049200,0.02,0.12,0.0,0.13,-7.69,0.13,-7.69,0.13,-7.69,16.67,0.0,2469750,49184156,32962696,-0.604
5721,RAYA,Industrials,Electrical Equipment & Parts,NASDAQ,27.58,4.03,77.06,9.9,33.92,4.79,28.55,3.82,19.24,2.08,8.2,0.85,1.73,-6.99,-10.82,-21.0,-18.78,-96.09,1.84,2077778.7301754951,1054710.0,0.0454,-97.59,23700,0.17,1.86,-6.99,1.87,-7.49,1.94,-10.82,2.17,-20.28,9.43,12.26,17940,136123,97668,-0.231
5722,SNTI,Healthcare,Biotechnology,NASDAQ,27.56,4.02,80.8,13.36,27.8,3.34,24.3,3.07,43.58,7.17,61.81,14.38,0.32,-0.62,-6.12,7.33,-7.2,-73.17,7.23,10028815.483466685,31145390.0,0.0294,-88.89,247200,0.3,0.33,-3.03,0.32,0.0,0.32,0.0,0.35,-8.57,9.38,23.33,374290,837153,595714,
5723,MASK,Technology,Software - Application,NASDAQ,27.53,4.0,70.45,5.76,27.98,3.42,32.18,4.43,39.29,6.04,11.5,1.11,0.83,2.22,-5.38,-34.37,-43.74,-86.22,4.12,3038522.927879095,3595885.0,0.0367,-96.27,120600,0.13,0.83,0.0,0.83,0.0,0.92,-9.78,1.23,-32.52,8.45,12.83,147950,900043,618262,1.069
5724,RAIN,Industrials,Pollution & Treatment Controls,NASDAQ,27.4,3.98,70.45,5.76,31.2,4.15,23.82,2.96,45.13,7.81,56.68,11.68,0.73,-12.31,-27.33,-3.8,-45.63,-89.97,3.38,9035527.545008719,11704051.0,0.0156,-91.43,90000,0.04,0.75,-2.67,0.81,-9.88,0.8,-8.75,0.94,-22.34,21.19,18.74,109130,2437733,2165784,
5725,POM,Healthcare,Pharmaceutical Retailers,NASDAQ,27.34,3.97,80.75,13.32,32.09,4.32,18.96,2.22,19.69,2.14,97.04,57.86,0.79,-14.13,-18.56,6.47,12.7,-85.37,4.36,7970183.432574868,9267655.0,1.05,-99.32,85000,3.15,0.89,-11.24,0.92,-14.13,0.85,-7.06,0.87,-9.2,18.09,7.0,41140,27010,66246,0.06
5726,ACTU,Healthcare,Biotechnology,NASDAQ,27.31,3.95,72.34,6.64,21.3,2.31,35.07,5.23,42.84,6.87,31.69,4.23,0.68,-23.62,9.52,-40.96,-37.13,-90.27,3.31,19667631.575410366,24014202.0,0.1039,-91.99,324500,1.08,0.78,-12.82,0.77,-11.69,0.85,-20.0,1.08,-37.04,20.19,42.98,326830,301100,347124,
5727,CMPX,Healthcare,Biotechnology,NASDAQ,27.26,3.93,59.29,2.99,33.02,4.55,62.14,14.28,41.42,6.57,158.68,92.59,0.98,9.1,-13.39,-52.05,-49.33,-80.3,5.41,154335341.95278347,180087915.0,0.2765,-85.76,7042400,1.24,0.96,2.08,1.01,-2.97,1.38,-28.99,1.89,-48.15,13.82,16.98,8015420,5660720,4679052,
5728,CCHH,Consumer Cyclical,Restaurants,NASDAQ,27.17,3.92,80.18,12.73,15.7,1.56,12.13,1.43,16.78,1.69,51.0,9.55,0.99,-1.0,-3.88,-18.18,-26.67,-83.77,4.69,3920573.9266872406,3843700.0,0.00029999999,-99.36,10100,0.28,1.0,-1.0,0.98,1.02,1.05,-5.71,1.19,-16.81,11.45,29.99,21430,35743,131996,0.101
5729,SVRE,Technology,Scientific & Technical Instruments,NASDAQ,27.16,3.9,47.38,1.23,48.47,8.8,40.94,6.54,40.28,6.34,31.28,4.1,1.18,-23.87,-45.87,-51.04,-68.11,-82.34,4.98,3474770.6142395735,2499835.0,0.009,-94.08,48700,0.86,1.2,-1.67,1.53,-22.88,1.95,-39.49,2.64,-55.3,26.45,32.04,41090,56823,51958,-0.63
5730,LEXX,Healthcare,Biotechnology,NASDAQ,27.09,3.88,59.17,2.94,29.77,3.82,31.76,4.3,57.56,13.13,102.46,65.55,3.2,3.56,-5.04,-20.99,-59.75,-63.41,9.94,6066800.881072998,2106528.0,0.0875,-85.19,26500,0.25,3.11,2.89,3.14,1.91,3.29,-2.74,6.64,-51.81,12.33,2.54,51370,104973,78363,
5731,GP,Industrials,Farm & Heavy Construction Machinery,NASDAQ,27.07,3.87,45.43,1.08,42.38,7.11,52.59,9.75,101.6,67.21,46.18,7.97,0.38,-35.15,-34.14,-49.6,-74.32,-55.29,12.69,5544945.214312315,9884038.0,0.012200001,-88.76,282300,0.98,0.45,-15.56,0.53,-28.3,0.64,-40.62,1.08,-64.81,21.5,68.53,304410,288903,286132,-0.717
5732,YHC,Consumer Defensive,Beverages - Wineries & Distilleries,NASDAQ,26.94,3.85,80.19,12.77,14.87,1.39,20.27,2.45,21.29,2.52,59.68,13.24,1.26,-1.56,-6.67,-11.89,-21.74,-83.07,4.77,1668936.922696352,1303857.0,0.019199999,-98.94,44000,0.6,1.27,-0.79,1.28,-1.56,1.31,-3.82,1.54,-18.18,6.7,11.84,35840,73053,118164,-0.306
5733,AMOD,Technology,Software - Application,NASDAQ,26.66,3.84,101.6,81.96,18.54,1.94,16.78,1.96,15.86,1.48,34.39,4.88,2.33,99.15,39.52,11.48,-38.68,-90.67,3.21,17334194.867367268,4966818.0,0.0086,-95.52,4451000,0.52,2.87,-18.82,2.19,6.39,2.06,13.11,3.02,-22.85,30.85,20.87,24948080,8548940,5141992,
5734,MBAI,Technology,Software - Infrastructure,NASDAQ,26.56,3.82,51.22,1.53,39.88,6.43,68.83,18.43,63.79,17.0,147.66,90.85,3.01,-4.75,-33.26,-54.39,-58.65,-77.13,6.15,50315890.77659607,15293584.0,0.59,-89.03,17100,0.64,3.16,-4.75,3.49,-13.75,4.87,-38.19,6.57,-54.19,15.64,2.12,20060,26670,24495,
5735,NXH,Consumer Cyclical,Internet Retail,NASDAQ,26.55,3.8,44.32,0.95,48.36,8.75,52.53,9.73,74.77,24.8,79.81,27.56,1.72,-39.22,-47.88,-51.55,-65.81,-71.43,7.75,263573604.16926312,95497683.0,0.1455,-85.94,7597500,2.04,2.03,-15.27,2.53,-32.02,3.01,-42.86,3.75,-54.13,13.54,34.36,6108200,3725890,3266176,0.28
5736,ZTG,Industrials,Consulting Services,NASDAQ,26.47,3.79,53.78,1.89,72.13,23.0,31.42,4.22,110.61,77.91,51.74,9.82,0.69,-27.41,-55.51,-9.87,-74.49,-72.13,7.58,23412738.056913972,24087179.0,0.0223,-94.37,255400,0.03,0.8,-13.75,0.94,-26.6,1.11,-37.84,2.71,-74.54,31.53,17.93,328540,8239243,5560038,-0.405
5737,TCRT,Healthcare,Biotechnology,NASDAQ,26.33,3.77,53.17,1.81,39.1,6.29,54.64,10.46,63.41,16.7,85.57,33.42,0.78,-15.22,-30.97,-50.0,-58.95,-78.09,5.98,2083193.581829071,2540480.0,0.0026,-83.01,89900,0.05,0.8,-2.5,0.89,-12.36,1.13,-30.97,1.53,-49.02,14.01,0.0,114150,1689340,1017786,
5738,CNSY,Healthcare,Biotechnology,NASDAQ,26.28,3.75,72.37,6.66,27.22,3.27,28.41,3.8,45.13,7.81,57.61,12.14,1.79,0.56,-4.28,-25.1,-50.69,-87.44,3.78,12143400.18095076,7589625.0,0.0862,-92.38,122700,0.85,1.64,9.15,1.77,1.13,1.93,-7.25,2.72,-34.19,11.73,90.48,268370,144273,119072,-0.704
5739,HTCO,Industrials,Marine Shipping,NASDAQ,26.21,3.74,56.5,2.22,35.29,5.21,31.46,4.23,32.12,4.42,108.64,73.47,1.48,-37.55,-37.02,-41.73,-56.6,-82.42,4.95,21116845.228546143,9063024.0,0.0167,-97.38,133800,1.92,1.83,-19.13,2.03,-27.09,2.14,-30.84,2.61,-43.3,15.93,55.15,85740,69580,69574,0.383
5740,MSS,Consumer Defensive,Grocery Stores,NASDAQ,26.14,3.72,84.66,18.89,24.24,2.87,15.75,1.83,19.93,2.24,25.71,3.14,1.61,0.0,-6.4,-4.73,-1.83,-93.4,2.43,1353688.0993384123,870539.0,0.0747,-96.93,57200,0.02,1.64,-1.83,1.65,-2.42,1.66,-3.01,1.56,3.21,14.95,12.47,160880,3465963,4361152,-0.086
5741,SCNI,Healthcare,Biotechnology,NASDAQ,26.08,3.7,57.37,2.47,38.67,6.15,27.27,3.6,26.68,3.25,39.14,5.94,1.21,-7.63,-34.95,-27.54,-54.68,-84.68,4.45,901182.7590786219,677581.0,0.6931,-92.58,89300,0.04,1.23,-1.63,1.33,-9.02,1.56,-22.44,2.11,-42.65,15.32,80.92,63780,2250790,1388341,1.46
5742,SPWR,Technology,Solar,NASDAQ,26.07,3.69,80.17,12.68,28.33,3.5,27.93,3.7,39.18,6.0,58.38,12.54,0.28,-8.47,-9.35,-19.71,-6.95,-83.85,4.67,62639083.58905345,208796937.0,0.12189999,-87.67,3009700,0.23,0.3,-6.67,0.3,-6.67,0.31,-9.68,0.29,-3.45,6.79,-0.0,2026690,13015740,9971592,-0.17
5743,LNAI,Healthcare,Biotechnology,NASDAQ,26.05,3.67,47.9,1.26,37.2,5.76,71.34,20.25,55.82,12.14,22.09,2.46,1.12,-18.84,-42.27,-54.0,-46.92,-86.67,4.02,5894056.783807278,4533890.0,0.033800002,-91.57,14800,0.33,1.16,-3.45,1.42,-21.13,1.85,-39.46,2.11,-46.92,20.91,8.54,51670,45453,222796,
5744,NMTC,Healthcare,Medical Devices,NASDAQ,26.0,3.65,62.84,3.53,29.15,3.72,36.86,5.66,47.19,8.62,90.2,44.93,1.08,9.64,-18.8,-31.65,-34.55,-75.48,6.58,10198454.603419662,9105763.0,0.0086,-84.48,304200,0.47,1.11,-2.7,1.13,-4.42,1.28,-15.62,1.57,-31.21,10.81,8.56,238720,646453,416008,0.163
5745,SRXH,Consumer Defensive,Packaged Foods,NYSE ARCA,25.87,3.64,78.0,10.68,20.05,2.19,13.96,1.61,18.15,1.95,38.02,5.59,1.4,-13.04,-19.08,-10.26,-3.45,-92.33,2.77,32627279.799898744,20265391.0,0.083100006,-96.71,1313600,1.75,1.49,-6.04,1.55,-9.68,1.61,-13.04,1.65,-15.15,8.33,8.57,801360,748610,862648,
5746,THH,Industrials,Specialty Business Services,NASDAQ,25.82,3.62,70.47,5.79,25.2,2.96,26.35,3.4,21.83,2.61,16.46,1.62,1.36,-13.92,-13.38,-19.53,-32.0,-99.12,0.77,7506937.5,5004625.0,0.0007,-99.75,44000,0.72,1.43,-4.9,1.51,-9.93,1.54,-11.69,1.97,-30.96,15.62,42.37,143220,61510,130028,0.005
5747,RCT,Technology,Software - Application,NASDAQ,25.72,3.6,62.06,3.34,27.03,3.19,21.01,2.52,21.41,2.56,38.02,5.59,0.13,-34.36,-31.91,-37.25,-32.63,-90.72,3.18,14601340.97458072,75654615.0,0.0019,-94.44,412200,0.53,0.15,-13.33,0.17,-23.53,0.19,-31.58,0.2,-35.0,13.68,22.49,884960,777343,721424,0.336
5748,INUV,Technology,Software - Application,NYSE ARCA,25.68,3.59,74.0,7.72,28.14,3.49,27.24,3.59,39.92,6.23,52.22,9.94,0.51,-12.07,-12.07,-17.74,-45.16,-80.83,5.31,9395354.912103832,16483079.0,0.033099998,-86.58,123300,0.83,0.53,-3.77,0.55,-7.27,0.57,-10.53,0.71,-28.17,7.84,75.0,121070,147883,202446,-0.668
5749,AUID,Technology,Software - Infrastructure,NASDAQ,25.64,3.57,69.9,5.51,30.32,3.97,22.16,2.66,61.96,15.84,43.21,6.97,0.34,-10.05,-18.07,-5.29,-42.76,-62.22,10.36,7340228.9964033365,16720339.0,0.0456,-88.68,189700,0.2,0.41,-17.07,0.4,-15.0,0.42,-19.05,0.48,-29.17,21.93,10.73,1659130,949143,668292,-0.66
5750,YSS,Industrials,Aerospace & Defense,NYSE,25.46,3.55,69.45,5.38,32.02,4.3,22.88,2.77,47.79,8.89,94.08,53.13,7.23,-16.03,-26.3,-2.95,-51.86,,,1233471230.0226784,137357605.0,0.096,-83.77,2469700,0.75,7.99,-9.51,8.47,-14.64,8.58,-15.73,9.74,-25.77,8.98,30.8,1973280,3272996,3402618,0.104
5751,CHAI,Communication Services,Internet Content & Information,NASDAQ,25.41,3.53,80.55,13.12,22.83,2.66,11.36,1.29,20.22,2.32,24.72,2.96,0.25,-12.19,-14.34,-4.67,-45.19,-89.3,3.54,7372051.01749295,25866846.0,0.0253,-98.34,391700,0.03,0.27,-7.41,0.27,-7.41,0.27,-7.41,0.3,-16.67,7.74,56.83,476880,11206866,6997888,0.558
5752,TAOP,Technology,Software - Infrastructure,NASDAQ,25.41,3.53,52.97,1.78,30.21,3.93,37.92,5.91,70.79,21.3,47.75,8.32,0.42,5.0,-28.81,-43.24,-40.0,-76.27,6.35,3937312.375656277,9603201.0,0.0021,-87.65,14700,0.06,0.41,2.44,0.44,-4.55,0.56,-25.0,0.72,-41.67,14.8,48.28,80460,245403,326418,-0.325
5753,FJET,Industrials,Aerospace & Defense,NYSE ARCA,25.38,3.5,68.91,5.16,23.07,2.71,24.24,3.04,53.55,11.17,60.53,13.58,1.68,-5.08,-6.67,-16.42,-51.59,-74.89,6.7,94593154.25344872,54996019.0,0.1183,-94.67,1076700,0.67,1.65,1.82,1.74,-3.45,1.82,-7.69,2.86,-41.26,9.63,77.26,1218940,1606223,1199464,
5754,NIXX,Communication Services,Telecom Services,NASDAQ,25.21,3.48,56.8,2.29,25.55,3.05,53.36,10.02,108.85,75.96,47.18,8.17,0.3,-3.69,-15.75,-44.31,-53.84,-72.97,7.27,8750705.938868314,28908839.0,0.0078,-84.77,167900,0.41,0.31,-3.23,0.31,-3.23,0.37,-18.92,0.52,-42.31,10.85,61.47,265570,412036,610360,0.204
5755,JEM,Consumer Cyclical,Apparel Retail,NASDAQ,25.21,3.48,75.87,9.02,10.56,1.0,10.63,1.16,14.33,1.26,19.79,2.03,3.46,-1.42,-5.98,-12.18,-36.04,-92.9,2.49,2517134.3404245377,695341.0,0.0221,-97.44,15700,0.38,3.59,-3.62,3.61,-4.16,3.74,-7.49,4.22,-18.01,6.96,53.57,16560,41166,499098,-0.225
5756,NNNN,Healthcare,Medical Instruments & Supplies,NASDAQ,25.2,3.45,65.15,4.14,26.07,3.14,25.75,3.27,24.98,2.96,130.29,85.82,4.62,-26.55,-24.88,-29.03,-60.14,-85.72,4.29,243596168.37158203,43891200.0,0.0011999999,-89.67,34700,0.18,4.96,-6.85,5.59,-17.35,5.73,-19.37,7.34,-37.06,11.87,12.76,43100,196853,178790,0.739
5757,PBK,Utilities,Utilities - Renewable,NASDAQ,25.14,3.44,63.76,3.79,25.92,3.09,30.53,4.12,47.76,8.87,34.03,4.77,0.23,-16.36,-11.88,-34.47,-50.32,-85.89,4.24,13922644.131175876,61878420.0,0.013300001,-90.21,761700,0.44,0.24,-4.17,0.25,-8.0,0.27,-14.81,0.38,-39.47,12.33,28.21,2606510,1746993,1361096,-0.706
5758,SQFT,Real Estate,REIT - Diversified,NASDAQ,24.88,3.42,57.16,2.39,42.33,7.09,39.64,6.23,44.03,7.31,63.0,15.06,0.89,-25.75,-36.81,-33.75,-61.26,-72.67,7.4,1545222.9113134146,1309511.0,0.052399997,-86.09,82200,0.1,1.0,-11.0,1.16,-23.28,1.24,-28.23,1.49,-40.27,16.37,67.94,59890,787756,475986,-0.129
5759,HDRN,Industrials,Specialty Industrial Machinery,NASDAQ,24.85,3.4,61.94,3.32,33.5,4.67,33.11,4.65,16.29,1.61,89.73,43.41,1.05,-15.32,-22.22,-44.15,-34.78,-90.0,3.37,88658564.7618661,71498842.0,3.46,-91.6,47000,0.59,1.18,-11.02,1.24,-15.32,1.43,-26.57,1.66,-36.75,12.49,15.25,40990,79316,77710,
5760,CCG,Communication Services,Internet Content & Information,NASDAQ,24.77,3.38,36.82,0.6,61.06,13.98,58.9,12.53,51.73,10.39,75.36,23.63,5.15,-3.01,-60.2,-60.98,-60.63,-81.56,5.13,13404028.861063957,2505426.0,0.0064,-71.64,20700,0.59,5.25,-1.9,6.64,-22.44,10.2,-49.51,13.11,-60.72,26.71,-0.0,30030,34996,31088,-0.344
5761,CDLX,Communication Services,Advertising Agencies,NASDAQ,24.77,3.38,49.46,1.36,40.28,6.49,54.91,10.63,29.8,3.87,61.31,14.04,1.95,-26.14,-43.48,-52.78,-48.95,-81.07,5.25,14898451.311522484,5888716.0,0.1159,-92.7,295200,5.8,2.42,-19.42,2.72,-28.31,3.3,-40.91,3.7,-47.3,14.12,43.59,81500,50893,48750,-0.365
5762,SMJF,Consumer Cyclical,Textile Manufacturing,NYSE ARCA,24.75,3.35,60.4,3.12,31.13,4.12,21.14,2.57,109.38,76.59,65.62,16.93,1.24,-35.21,-20.51,19.23,-78.25,-73.84,7.12,51254250.66053867,27705000.0,0.0105,-89.2,313900,0.26,1.62,-23.46,1.9,-34.74,1.52,-18.42,4.48,-72.32,34.4,37.51,616090,1204770,1243974,-0.014
5763,MYSZ,Consumer Cyclical,Apparel Retail,NASDAQ,24.51,3.34,60.52,3.15,31.78,4.25,33.56,4.81,44.45,7.52,55.4,11.11,1.35,-15.62,-24.16,-30.41,-58.84,-80.03,5.5,7757244.108924389,4818164.0,0.3064,-86.82,134600,0.11,1.52,-11.18,1.59,-15.09,1.72,-21.51,2.3,-41.3,10.14,29.23,44840,1177833,934596,0.53
5764,BENF,Financial Services,Asset Management,NASDAQ,24.44,3.32,57.37,2.47,34.0,4.85,26.03,3.34,83.98,34.33,81.4,29.14,1.07,-29.14,-26.21,-11.72,-63.23,-84.38,4.52,22148898.817583203,15488741.0,0.13350001,-91.43,751200,0.04,1.26,-15.08,1.34,-20.15,1.17,-8.55,1.92,-44.27,46.26,17.58,4533720,20492146,12302548,
5765,AIFU,Financial Services,Insurance Brokers,NASDAQ,24.43,3.3,76.88,9.75,17.6,1.79,19.3,2.24,67.08,18.87,36.69,5.31,11.01,-0.99,20.99,-11.28,-66.12,-76.97,6.18,60561146.14234543,5925748.0,0.010299999,-90.44,54900,1.19,11.12,-0.99,10.85,1.47,10.64,3.48,19.79,-44.37,19.13,4.75,35910,46083,39692,-0.24
5766,HPAI,Technology,Software - Infrastructure,NASDAQ,24.43,3.3,84.0,17.88,22.96,2.67,18.6,2.21,20.87,2.42,36.78,5.36,0.31,-4.66,1.66,2.33,-31.47,-92.6,2.63,11444660.271995366,37646910.0,0.018,-93.22,93300,0.08,0.3,3.33,0.31,0.0,0.3,3.33,0.39,-20.51,8.94,25.26,134630,1191410,840914,0.077
5767,PAVS,Consumer Defensive,Packaged Foods,NASDAQ,24.2,3.27,74.93,8.37,21.48,2.36,5.84,0.58,1.05,0.07,3.58,0.3,3.64,-8.54,-15.94,-20.87,-24.32,-99.86,0.27,3236148.75,862973.0,0.0464,-100.0,25100,1.45,3.77,-3.45,3.97,-8.31,4.11,-11.44,4.92,-26.02,7.06,3.89,16970,17263,752264,707.98
5768,CLDI,Healthcare,Biotechnology,NYSE ARCA,24.09,3.25,73.47,7.42,23.08,2.72,24.03,2.99,19.76,2.17,14.03,1.33,1.04,-3.7,-13.33,-20.61,-30.11,-95.22,1.96,2790918.830901146,2584184.0,0.0888,-96.26,18200,0.11,1.04,0.0,1.06,-1.89,1.12,-7.14,1.33,-21.8,7.16,53.69,59210,165103,165858,
5769,LTRN,Healthcare,Biotechnology,NASDAQ,24.08,3.24,48.31,1.29,32.41,4.4,44.72,7.5,89.51,42.52,59.67,13.22,0.83,-17.0,-31.4,-52.84,-66.93,-74.54,6.9,12844595.573655128,14935576.0,0.0438,-82.35,250300,0.95,0.9,-7.78,0.99,-16.16,1.31,-36.64,1.93,-56.99,18.94,0.0,328990,264793,201776,
5770,HKIT,Technology,Information Technology Services,NASDAQ,24.06,3.22,83.74,17.37,14.36,1.33,6.86,0.73,2.17,0.22,10.63,1.01,2.53,-3.07,-9.16,0.0,-18.91,-99.69,0.48,22299812.97150612,8991860.0,0.0174,-99.98,12819000,27.59,2.48,2.02,2.56,-1.17,2.55,-0.78,2.8,-9.64,12.45,117.43,1309920,464603,355668,4.409
5771,FUSE,Technology,Software - Application,NASDAQ,23.97,3.2,60.53,3.17,33.91,4.76,33.4,4.73,33.82,4.7,46.58,8.09,0.41,-20.5,-28.45,-31.29,-46.93,-79.95,5.51,14376709.557038426,28985302.0,0.1168,-98.36,54200,0.03,0.44,-6.82,0.5,-18.0,0.54,-24.07,0.68,-39.71,19.81,-4.93,5682270,1962940,2918600,-0.118
5772,VRXA,Healthcare,Biotechnology,NASDAQ,23.87,3.19,66.82,4.48,28.54,3.55,10.86,1.18,16.5,1.67,108.87,73.69,1.09,-8.4,-22.7,-33.94,-44.67,-89.69,3.47,159790828.015715,141407813.0,0.53,-96.02,211900,0.68,1.13,-3.54,1.22,-10.66,1.37,-20.44,1.58,-31.01,8.66,-0.0,200130,312000,239812,
5773,TVRD,Healthcare,Biotechnology,NASDAQ,23.72,3.17,70.08,5.58,36.15,5.46,42.51,6.91,51.17,10.19,41.26,6.58,1.08,-12.9,1.89,-41.14,-49.53,-72.86,7.33,15339784.131974816,13338943.0,0.019199999,-97.53,159900,0.78,1.11,-2.7,1.19,-9.24,1.42,-23.94,1.68,-35.71,14.7,25.2,273410,204793,208486,
5774,KDK,Technology,Software - Infrastructure,NASDAQ,23.67,3.15,47.01,1.2,37.03,5.68,48.18,8.3,44.4,7.47,105.75,70.24,1.66,-0.6,-40.29,-56.32,-58.71,-83.91,4.65,329013795.93013406,200618170.0,0.079,-85.37,6355900,1.47,1.69,-1.78,1.89,-12.17,2.71,-38.75,3.48,-52.3,15.0,4.02,9536370,4328413,3009802,5.956
5775,INHD,Basic Materials,Steel,NASDAQ,23.59,3.14,80.6,13.19,7.55,0.73,7.81,0.83,398.03,98.9,4.82,0.43,3.83,19.31,22.36,-3.28,-90.3,-88.6,3.61,8015447.748266935,2520581.0,0.0197,-99.77,13251000,22.81,3.39,12.98,3.27,17.13,3.39,12.98,6.24,-38.62,14.99,120.21,1354510,581010,688232,0.903
5776,NXL,Healthcare,Medical Devices,NASDAQ,23.51,3.12,68.22,4.95,27.62,3.32,26.28,3.39,59.35,14.13,42.38,6.77,4.11,-45.56,-5.63,-15.61,-62.05,-83.53,4.74,4902095.236317635,855514.0,0.0155,-93.15,427500,0.2,4.82,-14.73,4.89,-15.95,4.83,-14.91,7.21,-43.0,29.13,11.69,6473520,2169310,1303213,-0.828
5777,KAPA,Healthcare,Biotechnology,NYSE ARCA,23.46,3.1,50.81,1.49,43.23,7.39,33.78,4.88,35.2,5.16,56.06,11.35,0.96,-38.46,-45.76,-42.86,-54.13,-84.02,4.59,5281197.286286831,3385383.0,0.0475,-89.99,5777500,9.02,1.22,-21.31,1.43,-32.87,1.61,-40.37,1.88,-48.94,22.58,20.76,1718930,640802,426585,
5778,NMRA,Healthcare,Biotechnology,NASDAQ,23.39,3.09,46.47,1.16,34.37,4.95,52.62,9.76,77.16,27.12,140.08,89.01,0.48,-12.73,-31.72,-57.89,-70.91,-72.57,7.45,93947956.0,187895912.0,0.0635,-86.85,1789500,1.04,0.49,-2.04,0.56,-14.29,0.71,-32.39,1.18,-59.32,16.18,38.64,2355320,1724363,1337508,
5779,PSNY,Consumer Cyclical,Auto Manufacturers,NASDAQ,23.24,3.07,57.19,2.41,33.98,4.81,34.96,5.2,56.71,12.62,61.11,13.92,5.31,-16.51,-23.82,-31.22,-60.93,-58.48,11.47,1023465206.8033948,164280129.0,8.34,-81.98,376000,1.22,5.83,-8.92,6.23,-14.77,6.91,-23.15,10.37,-48.79,6.57,25.8,247970,308790,234802,-0.044
5780,MERC,Basic Materials,Paper & Paper Products,NASDAQ,23.16,3.05,63.45,3.74,25.96,3.1,26.0,3.32,29.13,3.67,30.09,3.82,0.25,-21.87,-21.87,-34.21,-58.33,-87.98,3.66,17424687.940866232,67018033.0,0.1318,-91.55,594400,0.13,0.25,0.0,0.28,-10.71,0.32,-21.88,0.42,-40.48,12.29,65.12,788570,4430203,3952260,0.015
5781,KNRX,Technology,Software - Application,NYSE ARCA,23.08,3.04,55.11,2.09,35.33,5.23,36.97,5.68,18.82,2.04,56.19,11.47,0.2,-28.27,-35.14,-43.61,-56.72,-86.0,4.22,7271123.782143503,30423113.0,0.05,-94.2,407800,0.04,0.22,-9.09,0.36,-44.44,0.34,-41.18,0.37,-45.95,95.61,-0.0,32616260,10908826,9512526,-0.397
5782,POAS,Healthcare,Medical Devices,NYSE ARCA,22.98,3.02,75.66,8.83,23.46,2.77,24.78,3.19,7.97,0.65,45.38,7.65,0.14,-20.22,-15.48,-15.98,-26.42,-96.21,1.79,2302545.009803027,16446750.0,0.0379,-98.11,221300,0.98,0.15,-6.67,0.16,-12.5,0.16,-12.5,0.17,-17.65,11.12,44.95,306140,226376,244054,-0.575
5783,CAST,Communication Services,Broadcasting,NASDAQ,22.96,3.01,78.37,10.96,15.57,1.53,82.15,30.14,38.64,5.93,34.03,4.77,1.17,5.41,-5.65,-10.0,-2.5,,,59929145.85609412,50787414.0,0.0627,-96.45,417000,0.41,1.17,0.0,1.16,0.86,1.27,-7.87,1.32,-11.36,8.12,21.05,425970,1014253,5222304,0.68
5784,TGL,Technology,Software - Application,NASDAQ,22.81,2.98,50.46,1.44,36.25,5.49,46.69,8.0,52.32,10.61,31.66,4.21,1.27,-7.3,-39.81,-57.38,-57.53,-82.21,5.0,2521733.205429077,1954832.0,0.0563,-97.81,62200,0.16,1.28,-0.78,1.43,-11.19,2.06,-38.35,2.43,-47.74,27.14,11.6,382880,400080,487504,1.252
5785,ISPC,Healthcare,Diagnostics & Research,NASDAQ,22.81,2.98,69.89,5.5,22.1,2.45,24.75,3.17,22.75,2.72,19.83,2.06,1.09,-4.39,-12.8,-27.33,-42.63,-92.64,2.61,2720077.308086157,2518590.0,0.0876,-97.65,70800,0.07,1.08,0.93,1.14,-4.39,1.25,-12.8,1.63,-33.13,7.47,24.56,168530,1007666,823030,-0.787
5786,CYAB,Technology,Software - Infrastructure,NASDAQ,22.74,2.96,58.41,2.76,22.1,2.45,28.89,3.9,14.92,1.36,31.43,4.17,0.17,-19.05,-29.17,-48.48,-34.62,,,3519414.2524433583,17597071.0,0.01,-97.26,3379200,0.23,0.19,-10.53,0.2,-15.0,0.25,-32.0,0.3,-43.33,16.39,-0.0,9817380,14731723,10142240,0.392
5787,SKYE,Healthcare,Biotechnology,NASDAQ,22.65,2.94,76.16,9.26,22.81,2.64,23.56,2.85,48.85,9.27,50.0,9.23,1.68,5.0,-1.18,-19.23,-65.85,-77.42,6.06,7438495.447759151,4427676.0,0.037,-90.87,21300,0.29,1.67,0.6,1.64,2.44,1.75,-4.0,2.5,-32.8,8.7,41.04,38930,72873,109617,
5788,CRBU,Healthcare,Biotechnology,NASDAQ,22.64,2.92,32.4,0.43,62.16,14.69,70.54,19.49,79.24,28.84,140.09,89.02,0.48,-60.57,-61.52,-64.89,-67.28,-71.37,7.81,130793168.92723155,107207513.0,0.1257,-86.42,19306200,6.22,0.93,-48.39,1.08,-55.56,1.19,-59.66,1.43,-66.43,21.0,29.77,6905630,3103230,2275266,-0.438
5789,RKDA,Consumer Defensive,Packaged Foods,NASDAQ,22.61,2.91,63.77,3.8,23.38,2.76,24.44,3.14,27.65,3.37,32.73,4.42,0.27,-3.52,-13.29,-39.51,-57.85,-92.57,2.65,693852.7381311655,2409211.0,0.004,-95.98,210100,0.11,0.29,-6.9,0.29,-6.9,0.37,-27.03,0.48,-43.75,25.37,10.22,2823310,1852433,1209358,-0.008
5790,SOS,Financial Services,Capital Markets,NYSE,22.59,2.89,51.33,1.56,28.0,3.44,54.38,10.33,54.17,11.37,41.26,6.58,0.31,-1.6,-21.63,-58.66,-67.37,-86.0,4.22,6174420.879753351,19355551.0,0.0376,-86.28,717900,0.3,0.32,-3.12,0.33,-6.06,0.49,-36.73,0.71,-56.34,34.82,37.06,1169180,2382346,1479496,-0.621
5791,SURG,Communication Services,Telecom Services,NASDAQ,22.53,2.87,79.54,12.25,20.18,2.22,19.5,2.29,28.16,3.47,25.6,3.12,0.14,-3.33,-3.33,-12.12,-38.3,-90.99,3.11,7777538.1746928245,52908423.0,0.1114,-95.54,1684800,0.09,0.15,-6.67,0.15,-6.67,0.15,-6.67,0.19,-26.32,8.72,-8.19,3498640,17873303,24492284,0.407
5792,CVRX,Healthcare,Medical Devices,NASDAQ,22.44,2.86,54.07,1.96,32.26,4.35,41.06,6.56,63.82,17.02,101.2,63.68,1.68,9.8,-33.6,-41.26,-66.06,-79.08,5.74,41294474.07962966,26641597.0,0.0864,-85.13,519200,0.7,1.62,3.7,1.93,-12.95,2.44,-31.15,3.02,-44.37,14.56,53.14,1054480,741936,1113144,0.156
5793,SCAG,Industrials,Farm & Heavy Construction Machinery,NASDAQ,22.42,2.84,62.91,3.55,26.68,3.17,30.83,4.17,16.18,1.58,31.25,4.08,0.18,-21.43,-28.74,-26.67,-40.54,-92.79,2.52,15756296.776999459,72609665.0,0.0063,-94.71,154600,0.26,0.2,-10.0,0.22,-18.18,0.23,-21.74,0.28,-35.71,12.94,38.65,221480,595880,457860,0.913
5794,KSCP,Industrials,Security & Protection Services,NASDAQ,22.38,2.82,53.85,1.91,26.02,3.12,41.74,6.74,31.68,4.35,56.6,11.61,0.65,-15.0,-28.14,-54.18,-53.19,-82.54,4.84,17761003.855846047,23618357.0,0.10479999,-91.47,733600,0.88,0.7,-7.14,0.76,-14.47,0.97,-32.99,1.27,-48.82,11.68,13.17,701130,830396,987826,2.283
5795,ANPA,Industrials,Specialty Business Services,NASDAQ,22.3,2.81,66.47,4.42,25.39,3.01,26.62,3.44,37.04,5.54,70.02,19.63,1.9,-7.77,-8.21,-31.41,-52.5,-91.1,3.06,29750457.782064676,15101755.0,0.0013,-98.95,14400,0.07,1.94,-2.06,1.96,-3.06,2.12,-10.38,3.27,-41.9,8.25,47.84,13650,202006,125252,
5796,CABO,Communication Services,Telecom Services,NYSE,22.22,2.79,73.21,7.22,17.57,1.78,27.98,3.72,33.14,4.6,78.62,26.36,15.38,48.46,-1.6,-28.37,-63.25,-87.9,3.68,69278624.46644306,5673925.0,0.19219999,-91.49,2596300,5.27,13.0,18.31,12.46,23.43,15.59,-1.35,24.54,-37.33,13.18,222.92,851340,493103,395216,-0.084
5797,PMAX,Financial Services,Capital Markets,NASDAQ,22.2,2.77,57.24,2.44,35.61,5.36,21.0,2.51,29.33,3.74,8.75,0.86,0.77,-17.91,-53.33,-16.21,-49.67,-96.55,1.61,3112670.337308049,3661965.0,0.016,-98.52,497800,0.15,0.79,-2.53,0.95,-18.95,0.98,-21.43,1.16,-33.62,43.57,25.93,3984110,3296160,2003904,0.727
5798,TNON,Healthcare,Medical Devices,NASDAQ,22.18,2.76,95.14,49.77,10.64,1.03,17.03,1.98,19.32,2.09,66.54,17.43,3.44,-14.85,16.22,-35.09,-49.07,-91.06,3.07,2468073.9318072796,667047.0,0.8595,-93.17,111100,0.01,3.61,-4.71,3.49,-1.43,3.92,-12.24,4.91,-29.94,14.02,4.15,6480380,11484813,8193557,1.268
5799,ARAI,Technology,Scientific & Technical Instruments,NASDAQ,22.11,2.74,67.17,4.6,28.76,3.6,21.76,2.62,18.3,1.99,18.74,1.92,0.18,-18.06,-24.36,-23.04,-24.68,-94.4,2.12,11205261.434653923,51876209.0,0.0185,-97.38,19648900,2.56,0.2,-10.0,0.2,-10.0,0.22,-18.18,0.23,-21.74,13.06,55.32,21649520,7689853,4875724,-0.838
5800,ZONE,Technology,Information Technology Services,NYSE ARCA,21.97,2.72,76.15,9.25,22.37,2.54,24.31,3.09,113.88,80.41,37.05,5.4,0.13,2.36,-2.26,-14.47,-59.63,-56.08,12.37,67165593.82405624,508830259.0,0.015700001,-94.86,3802100,0.57,0.13,0.0,0.13,0.0,0.13,0.0,0.18,-27.78,8.63,44.59,4997920,6727333,9166442,-0.008
5801,AKAN,Healthcare,Drug Manufacturers - Specialty & Generic,NASDAQ,21.84,2.7,44.99,1.0,30.92,4.08,25.06,3.22,132.84,89.54,24.69,2.94,1.78,-19.46,-43.13,-40.67,-69.2,-87.13,3.88,5226144.710343838,2639467.0,0.089899994,-97.74,96100,0.06,1.9,-6.32,2.27,-21.59,2.65,-32.83,3.77,-52.79,12.54,22.4,127590,1672273,1597676,
5802,DVLT,Technology,Software - Infrastructure,NASDAQ,21.84,2.7,67.08,4.57,28.0,3.44,37.61,5.83,44.06,7.32,81.1,28.82,0.14,-12.5,-6.67,-30.0,-57.58,-85.57,4.33,142459296.4108236,949728605.0,0.171,-96.59,30210900,0.59,0.15,-6.67,0.15,-6.67,0.16,-12.5,0.24,-41.67,10.71,-0.0,25809510,51466176,48746376,2.871
5803,SSM,Consumer Cyclical,Auto Manufacturers,NASDAQ,21.71,2.67,72.44,6.71,17.47,1.76,33.62,4.83,53.07,10.91,83.5,31.3,1.29,-41.4,15.62,-34.26,-65.92,-79.64,5.56,3859837.5760302544,1464834.0,0.0454,-87.76,458600,0.08,1.66,-22.29,1.5,-14.0,1.54,-16.23,2.45,-47.35,29.75,23.45,8489410,5814773,3541444,
5804,SLBT,Healthcare,Biotechnology,NASDAQ,21.66,2.66,67.71,4.8,24.44,2.92,18.51,2.19,39.95,6.24,64.51,16.0,1.52,-5.0,-2.56,-27.62,-41.54,-85.57,4.33,880392847.9030198,560759757.0,0.0001,-89.52,33400,0.38,1.54,-1.3,1.63,-6.75,1.74,-12.64,2.34,-35.04,9.77,13.46,94300,87900,75672,-0.076
5805,CALC,Healthcare,Biotechnology,NASDAQ,21.54,2.64,54.81,2.04,28.87,3.64,31.79,4.32,57.28,13.01,17.92,1.78,1.3,-21.21,-25.29,-38.68,-65.01,-95.91,1.85,10925267.362799168,6828292.0,0.0295,-96.39,221300,2.44,1.48,-12.16,1.57,-17.2,1.76,-26.14,2.49,-47.79,9.6,0.0,62130,90788,81238,
5806,EYPT,Healthcare,Biotechnology,NASDAQ,21.42,2.62,71.35,6.28,22.7,2.62,28.11,3.74,92.5,52.78,130.95,86.05,3.46,7.12,-5.21,-18.59,-70.97,-80.15,5.43,280189448.5,86212138.0,0.24180001,-81.89,3256100,0.93,3.27,5.81,3.32,4.22,3.64,-4.95,6.31,-45.17,7.39,74.3,2850950,3515523,4674272,-0.905
5807,DFNS,Industrials,Aerospace & Defense,NASDAQ,21.34,2.61,62.27,3.35,14.9,1.41,12.89,1.49,4.55,0.43,11.48,1.1,6.22,-9.33,-20.97,-36.79,-87.61,-98.87,0.96,7417033.454189301,1010495.0,0.437,-99.68,223400,0.44,6.71,-7.3,6.86,-9.33,7.67,-18.9,19.05,-67.35,10.14,44.38,274050,502983,1421140,
5808,SILO,Healthcare,Biotechnology,NASDAQ,20.99,2.59,62.37,3.4,23.99,2.84,29.09,3.97,62.37,16.03,86.81,35.11,1.45,-3.33,-17.14,-31.08,-66.28,-74.56,6.84,2556238.4030222893,1753250.0,0.0182,-86.67,14300,0.16,1.46,-0.68,1.53,-5.23,1.71,-15.2,2.54,-42.91,7.74,71.25,174650,88180,115306,
5809,MIMI,Industrials,Engineering & Construction,NASDAQ,20.87,2.57,77.94,10.58,19.27,2.06,23.44,2.82,46.34,8.28,43.15,6.96,0.86,-4.25,8.48,-18.38,-45.76,-82.15,5.02,13091469.443926573,14792621.0,0.0403,-99.07,246700,0.03,0.87,-1.15,0.87,-1.15,0.87,-1.15,1.29,-33.33,7.82,14.86,5034490,9748853,5972848,-0.324
5810,CVKD,Healthcare,Biotechnology,NASDAQ,20.84,2.56,64.09,3.9,22.64,2.6,17.41,2.04,28.55,3.54,44.06,7.29,0.93,-4.12,-22.5,-21.19,-52.79,-86.92,3.95,3353536.471494198,3567592.0,0.0372,-93.59,311200,0.34,0.96,-3.12,1.02,-8.82,1.07,-13.08,1.43,-34.97,12.74,50.63,287290,918023,566228,
5811,FTFT,Technology,Software - Application,NASDAQ,20.82,2.54,94.52,46.59,21.07,2.29,7.53,0.8,14.15,1.2,28.63,3.52,3.37,0.3,-23.76,64.39,-9.41,-94.4,2.12,27544248.4132967,8077492.0,0.1183,-97.82,49600,0.0,3.37,0.0,3.6,-6.39,4.33,-22.17,3.45,-2.32,18.84,31.5,104650,11026716,6645812,-0.439
5812,RADX,Healthcare,Biotechnology,NASDAQ,20.5,2.52,52.76,1.73,30.52,4.02,40.05,6.36,76.99,26.89,80.55,28.21,1.11,-25.0,-29.39,-46.12,-64.76,-78.61,5.85,20720400.813786507,14591832.0,0.0033000002,-93.17,26700,0.42,1.23,-9.76,1.39,-20.14,1.57,-29.3,2.14,-48.13,17.89,25.18,52710,63570,61016,-0.369
5813,TDIC,Communication Services,Advertising Agencies,NASDAQ,20.42,2.51,76.56,9.55,15.68,1.54,13.35,1.56,10.92,0.95,30.49,3.9,1.82,-17.65,-7.61,-18.75,-23.21,-93.72,2.34,7305067.978099108,3413583.0,0.0034999999,-99.82,37900,0.03,1.98,-8.08,2.24,-18.75,2.13,-14.55,2.38,-23.53,19.41,-0.0,4435080,1496270,982358,-0.275
5814,EHGO,Industrials,Business Equipment & Supplies,NASDAQ,20.29,2.49,65.12,4.12,19.32,2.08,40.44,6.41,31.94,4.38,30.65,4.02,0.7,2.35,-21.53,-34.95,-66.54,-82.53,4.86,3777649.1955629587,5902577.0,0.0347,-93.75,74600,0.11,0.67,4.48,0.71,-1.41,0.84,-16.67,1.24,-43.55,10.94,56.16,1111010,698450,1701308,0.262
5815,CHGA,Real Estate,Real Estate Services,NASDAQ,20.08,2.47,73.88,7.64,18.53,1.93,17.2,2.01,32.77,4.55,22.82,2.57,2.01,-18.62,-2.43,-10.67,-46.26,-91.76,2.9,2811742.1493167877,1120216.0,0.0301,-95.91,218900,0.15,2.29,-12.23,2.24,-10.27,2.16,-6.94,2.93,-31.4,17.46,48.45,3366980,1418044,857494,
5816,EVTL,Industrials,Aerospace & Defense,NYSE,19.84,2.46,70.92,6.04,23.81,2.81,15.21,1.74,35.95,5.3,51.3,9.64,0.54,-11.11,-19.65,-1.81,-55.04,-90.22,3.35,100172708.17625809,168640928.0,0.1488,-92.63,2728600,0.46,0.56,-3.57,0.6,-10.0,0.61,-11.48,0.76,-28.95,13.16,8.44,5627300,5870063,7408088,
5817,GMM,Technology,Information Technology Services,NASDAQ,19.67,2.44,73.51,7.44,27.34,3.3,28.11,3.74,3.03,0.27,65.91,17.12,1.75,-0.28,-8.16,-16.43,-40.1,-97.4,1.41,8063562.415082455,4455007.0,0.0095999995,-98.28,9000,0.4,1.76,-0.57,1.81,-3.31,1.91,-8.38,2.33,-24.89,6.97,16.39,19610,22543,57536,0.362
5818,BRTX,Healthcare,Biotechnology,NASDAQ,19.6,2.42,57.03,2.36,22.07,2.42,26.16,3.35,59.88,14.39,16.46,1.62,1.89,-16.74,-24.7,-31.52,-64.55,-91.99,2.82,2955614.064886093,1381128.0,0.0085,-35.47,95600,2.6,2.16,-12.5,2.26,-16.37,2.46,-23.17,3.41,-44.57,13.05,56.72,46320,36806,28541,-0.073
5819,UCL,Communication Services,Telecom Services,NASDAQ,19.35,2.41,62.68,3.44,24.85,2.94,26.62,3.44,49.63,9.61,72.06,21.18,0.28,-12.42,-23.82,-34.99,-68.75,-85.75,4.28,10513460.736624897,38092250.0,0.0109,-89.35,108200,0.18,0.28,0.0,0.31,-9.68,0.35,-20.0,0.47,-40.43,9.59,29.79,341310,606763,2437534,-0.059
5820,FTHM,Real Estate,Real Estate Services,NASDAQ,19.25,2.39,34.61,0.55,42.9,7.27,76.27,24.05,75.26,25.22,69.53,19.26,0.22,-41.84,-57.42,-62.22,-72.2,-79.72,5.53,11425217.198396921,34207238.0,0.0212,-88.54,669600,0.28,0.24,-8.33,0.37,-40.54,0.46,-52.17,0.61,-63.93,27.76,21.29,5964870,2387330,1478790,-0.056
5821,ZCMD,Healthcare,Health Information Services,NASDAQ,19.12,2.37,76.49,9.49,36.76,5.61,14.71,1.69,0.46,0.02,32.63,4.38,1.58,-9.92,-19.22,-8.78,-25.47,-99.82,0.34,8207965.405780077,4436738.0,0.048,-99.92,104100,0.28,1.76,-10.23,1.76,-10.23,1.72,-8.14,1.87,-15.51,11.01,22.99,132940,376768,1207919,-0.232
5822,TDTH,Technology,Information Technology Services,NASDAQ,18.96,2.36,45.51,1.1,55.22,11.17,32.02,4.4,43.33,7.04,18.29,1.83,0.89,-11.88,-53.4,-46.06,-67.75,-92.37,2.75,106752539.85769701,108931161.0,0.0001,-97.06,36800,0.33,0.96,-7.29,1.06,-16.04,1.42,-37.32,1.79,-50.28,25.32,0.0,177320,110883,104566,0.436
5823,NXGL,Healthcare,Medical Instruments & Supplies,NASDAQ,18.92,2.34,46.44,1.15,29.59,3.79,29.15,3.98,32.96,4.58,27.17,3.3,0.15,-16.2,-42.75,-48.28,-66.44,-90.74,3.16,1696093.3131954968,9747663.0,0.023599999,-94.81,1313000,3.08,0.17,-11.76,0.17,-11.76,0.22,-31.82,0.32,-53.12,16.95,-0.0,815320,426926,948994,0.278
5824,BIYA,Technology,Software - Application,NASDAQ,18.76,2.32,70.87,5.98,25.57,3.07,11.67,1.36,12.39,1.08,7.34,0.73,1.74,7.41,-15.74,-23.35,-70.15,-96.54,1.63,10927782.562836647,6829864.0,0.0194,-98.96,2078200,0.42,1.68,3.57,1.82,-4.4,1.98,-12.12,2.32,-25.0,20.18,11.39,14747830,4941013,3155406,
5825,CRMT,Consumer Cyclical,Auto & Truck Dealerships,NASDAQ,18.73,2.31,71.6,6.39,22.29,2.51,25.29,3.25,20.23,2.34,35.47,5.08,1.25,27.55,-8.09,-21.38,-59.81,-95.36,1.92,8755401.502390385,8338478.0,0.2696,-95.92,241200,0.45,1.09,14.68,1.06,17.92,1.39,-10.07,2.19,-42.92,13.54,112.24,476840,539410,402552,-0.576
5826,STKH,Consumer Defensive,Packaged Foods,NASDAQ,18.62,2.29,28.66,0.35,47.24,8.55,44.57,7.45,16.27,1.59,43.94,7.22,0.6,-21.87,-65.71,-74.03,-77.86,-92.22,2.78,723858.8234490156,1113629.0,0.0039,-95.43,137200,0.18,0.64,-6.25,1.03,-41.75,1.54,-61.04,2.42,-75.21,43.12,15.07,2056930,751896,3561636,
5827,KUST,Communication Services,Entertainment,NASDAQ,18.57,2.27,53.74,1.88,28.88,3.65,20.06,2.37,16.03,1.49,18.74,1.92,4.14,-6.33,-34.29,-44.8,-61.67,-96.17,1.8,2915073.2924108505,650686.0,0.0069999998,-98.72,61100,0.6,4.44,-6.76,4.88,-15.16,5.73,-27.75,8.71,-52.47,14.29,64.25,93647,102347,231668,0.882
5828,EMAT,Basic Materials,Other Industrial Metals & Mining,NASDAQ,18.56,2.25,47.25,1.21,30.62,4.07,28.88,3.88,43.53,7.12,58.47,12.59,1.7,-21.11,-47.04,-44.81,-61.36,,,1279489293.914194,627200646.0,0.0183,-92.94,851300,0.63,1.89,-10.05,2.35,-27.66,2.94,-42.18,3.08,-44.81,20.6,8.57,1284140,1349990,1202108,
5829,TOPP,Industrials,Trucking,NYSE ARCA,18.56,2.25,98.03,64.26,11.92,1.15,11.17,1.23,70.9,21.41,66.73,17.52,0.18,44.8,30.22,18.3,-69.22,-79.12,5.69,3087500.0,24700000.0,0.0178,-94.84,16746900,0.78,0.14,28.57,0.14,28.57,0.14,28.57,0.21,-14.29,11.63,71.67,58064180,21442433,13405770,0.169
5830,VTIX,Technology,Computer Hardware,NASDAQ,18.51,2.22,77.33,10.11,20.22,2.24,15.62,1.79,24.28,2.87,22.39,2.47,1.08,-10.74,-9.24,0.47,-28.48,,,40765620.41988015,33971349.0,0.2158,-98.84,260500,1.0,1.17,-7.69,1.19,-9.24,1.14,-5.26,1.34,-19.4,7.51,28.37,188400,261796,434918,-0.257
5831,MRLN,Industrials,Aerospace & Defense,NASDAQ,18.34,2.21,52.94,1.74,21.65,2.37,32.57,4.55,29.02,3.64,113.25,77.38,1.36,-24.86,-23.6,-54.97,-58.91,-87.42,3.8,172825914.49543,101067784.0,8.65,-92.0,2979300,0.92,1.52,-10.53,1.68,-19.05,2.02,-32.67,2.95,-53.9,13.16,30.74,3193790,3239886,2416492,-0.294
5832,NTCL,Technology,Software - Application,NASDAQ,18.25,2.19,72.86,6.96,15.08,1.44,7.3,0.75,11.04,0.96,50.28,9.38,1.79,-7.95,-14.11,-9.34,-43.02,-94.56,2.05,4212029.352997541,2160015.0,0.0064999997,-98.85,19100,0.97,1.91,-6.28,1.97,-9.14,1.99,-10.05,2.27,-21.15,5.73,19.5,12580,19780,37898,0.74
5833,IMCC,Healthcare,Drug Manufacturers - Specialty & Generic,NASDAQ,18.18,2.17,55.8,2.14,32.71,4.48,10.92,1.2,17.79,1.88,19.71,1.99,1.72,-20.74,-45.91,-1.71,-46.91,-96.32,1.75,1231998.8169622421,603921.0,0.0792,-97.77,167600,0.03,1.91,-9.95,2.17,-20.74,2.36,-27.12,2.9,-40.69,35.47,8.2,398660,5709323,3469272,-0.402
5834,DFLI,Industrials,Electrical Equipment & Parts,NASDAQ,17.9,2.16,44.76,0.98,33.46,4.65,36.81,5.63,57.82,13.29,46.41,8.05,0.49,-43.09,-45.49,-52.43,-59.5,-87.84,3.71,12746961.517276347,14978803.0,0.0968,-98.12,1209500,3.76,0.68,-27.94,0.78,-37.18,0.85,-42.35,1.03,-52.43,16.68,-0.0,425020,321953,349480,-0.19
5835,HAO,Communication Services,Advertising Agencies,NASDAQ,17.74,2.14,70.88,5.99,5.89,0.61,5.78,0.56,1.89,0.2,73.16,22.0,2.5,-7.41,-15.82,-13.04,-16.67,-98.54,1.08,988540.2174582481,366126.0,0.0645,-99.94,13800,0.14,2.57,-2.72,2.68,-6.72,2.79,-10.39,3.1,-19.35,8.53,23.45,31980,97156,243681,1.373
5836,DCOY,Healthcare,Biotechnology,NASDAQ,17.71,2.13,45.12,1.03,36.25,5.49,29.34,4.02,45.87,7.99,22.63,2.54,1.52,-18.06,-51.13,-44.32,-62.28,-81.51,5.16,1159677.4375033379,655185.0,0.0162,-97.28,122000,0.03,1.62,-6.17,1.95,-22.05,2.45,-37.96,3.02,-49.67,51.11,5.15,279730,4561033,2747784,
5837,TCRX,Healthcare,Biotechnology,NASDAQ,17.57,2.11,49.25,1.34,29.13,3.7,26.48,3.42,61.36,15.34,73.57,22.3,0.23,-28.3,-34.67,-28.3,-69.27,-74.55,6.86,21757141.51755318,67779255.0,0.048299998,-91.05,1508200,1.36,0.28,-17.86,0.3,-23.33,0.32,-28.12,0.54,-57.41,13.39,19.49,621790,1109036,795964,-0.658
5838,VVOS,Healthcare,Medical Devices,NASDAQ,17.29,2.09,76.34,9.35,15.85,1.58,15.73,1.81,17.14,1.79,33.88,4.73,0.15,0.67,2.74,-17.58,-63.77,-92.39,2.72,3057939.3976715356,20118023.0,0.0938,-95.61,1896400,0.08,0.15,0.0,0.15,0.0,0.16,-6.25,0.23,-34.78,7.81,34.15,8647450,24232876,16048454,0.349
5839,RNAZ,Healthcare,Biotechnology,NASDAQ,17.04,2.08,77.97,10.63,22.04,2.41,20.47,2.47,81.87,31.91,76.56,24.48,1.71,10.68,3.64,1.18,-65.52,-78.41,5.91,26581261.1180526,16930739.0,0.0036000002,-91.85,27800,0.38,1.72,-0.58,1.68,1.79,1.68,1.79,2.51,-31.87,12.47,16.41,27560,73196,58902,
5840,GIPR,Real Estate,REIT - Diversified,NASDAQ,16.97,2.06,80.84,13.38,16.91,1.71,11.29,1.28,20.2,2.31,26.05,3.19,0.46,1.77,-14.18,11.11,-35.21,-93.78,2.3,1336781.5927565098,3038140.0,0.0150999995,-97.69,1988900,0.06,0.44,4.55,0.43,6.98,0.46,0.0,0.51,-9.8,27.45,38.8,35268360,30619056,25186788,-0.132
5841,VMAR,Consumer Cyclical,Recreational Vehicles,NASDAQ,16.93,2.04,68.9,5.13,15.4,1.49,8.11,0.9,3.15,0.28,10.47,1.0,6.3,-6.25,-21.84,-12.5,-17.43,-99.37,0.64,4179494.4622793198,653046.0,0.055999998,-99.91,11700,0.22,6.24,0.96,6.81,-7.49,7.17,-12.13,7.22,-12.74,9.3,42.85,22000,52076,234902,86.188
5842,CMND,Healthcare,Biotechnology,NASDAQ,16.87,2.03,72.92,6.99,14.74,1.34,13.26,1.54,11.43,1.0,11.18,1.08,6.6,15.22,1.85,-15.99,-43.49,-96.99,1.49,2407454.2466951013,3367069.0,0.0106,-98.62,41100,0.37,6.15,7.32,6.21,6.28,6.56,0.61,10.57,-37.56,7.87,38.53,38693,110286,72908,
5843,XAIR,Healthcare,Medical Devices,NASDAQ,16.84,2.01,57.63,2.58,19.98,2.17,21.96,2.64,25.51,3.07,20.27,2.11,2.31,-21.16,-27.13,-24.76,-58.08,-87.34,3.85,2776027.674283743,984407.0,0.061100002,-95.85,99900,0.24,2.61,-11.49,2.7,-14.44,2.92,-20.89,4.17,-44.6,11.55,0.0,75810,420800,278358,0.005
5844,CXAI,Technology,Software - Application,NASDAQ,16.71,1.99,58.84,2.84,17.86,1.86,17.96,2.13,42.37,6.82,35.31,5.03,2.01,-17.28,-22.09,-31.86,-65.93,-89.59,3.5,5446158.131669998,2337407.0,0.105900005,-96.13,94700,0.74,2.04,-1.47,2.27,-11.45,2.44,-17.62,4.06,-50.49,10.94,52.74,145610,127873,222196,0.385
5845,EPOW,Industrials,Electrical Equipment & Parts,NASDAQ,16.55,1.98,40.78,0.73,26.55,3.15,40.55,6.47,46.2,8.2,70.73,20.15,3.31,-24.77,-42.23,-59.76,-69.91,-85.78,4.26,10786146.44373846,2555959.0,0.0033000002,-91.05,2600,0.02,3.63,-8.82,4.12,-19.66,5.55,-40.36,8.93,-62.93,24.72,11.0,33310,150020,96437,-0.568
5846,MNDR,Healthcare,Health Information Services,NASDAQ,16.48,1.96,54.47,1.98,23.66,2.79,22.7,2.74,37.61,5.61,37.71,5.5,0.9,-29.13,-32.84,-39.27,-37.93,-86.49,4.09,1576790.2226560116,1194538.0,0.0089,-97.23,825200,3.67,1.25,-28.0,1.27,-29.13,1.33,-32.33,1.52,-40.79,20.33,27.32,359280,225033,277104,-0.077
5847,RIME,Technology,Consumer Electronics,NASDAQ,16.42,1.94,59.2,2.96,16.68,1.69,20.21,2.42,34.64,5.01,69.02,18.98,0.14,-17.65,-17.65,-41.67,-65.0,-89.63,3.49,3370631.4446605146,21066447.0,0.02,-96.94,2662200,1.53,0.16,-12.5,0.16,-12.5,0.19,-26.32,0.27,-48.15,12.76,-0.0,1295020,1741310,1706542,1.609
5848,NFE,Energy,Oil & Gas Midstream,NASDAQ,16.41,1.93,49.06,1.32,21.86,2.39,30.75,4.15,29.97,3.92,28.96,3.59,4.32,-26.9,-29.18,-60.44,-67.27,-90.92,3.13,37532393.99064875,5712693.0,0.1882,-70.12,599000,1.26,5.45,-20.73,5.88,-26.53,8.48,-49.06,10.7,-59.63,24.97,8.81,540660,476309,303939,0.027
5849,MDCX,Healthcare,Drug Manufacturers - General,NASDAQ,16.36,1.91,49.49,1.38,21.46,2.34,26.24,3.37,49.93,9.71,15.13,1.53,0.1,-35.03,-35.85,-36.65,-62.22,-93.96,2.27,11545313.43086949,71710022.0,0.0727,-96.4,14249100,1.77,0.15,-33.33,0.15,-33.33,0.16,-37.5,0.22,-54.55,14.21,42.21,3081290,8043760,5548316,
5850,PWCM,Financial Services,Capital Markets,NASDAQ,16.08,1.89,72.94,7.01,14.87,1.39,11.28,1.26,20.15,2.29,33.49,4.67,0.94,-1.98,-12.96,-14.55,-47.49,-93.58,2.37,1609339.1215208173,1794135.0,0.0834,-97.37,147200,0.33,0.97,-3.09,1.0,-6.0,1.01,-6.93,1.23,-23.58,15.75,40.52,909220,439826,763558,-0.16
5851,NXTS,Basic Materials,Agricultural Inputs,NASDAQ,16.0,1.88,48.21,1.28,18.28,1.89,19.35,2.26,29.92,3.88,18.0,1.81,0.88,-38.18,-39.45,-47.69,-40.27,-95.09,1.99,2165466.1838600636,1453333.0,0.0295,-98.2,451600,0.68,1.24,-29.03,1.34,-34.33,1.4,-37.14,1.65,-46.67,18.64,0.0,1894350,662233,417476,
5852,ARTL,Healthcare,Biotechnology,NASDAQ,15.98,1.86,53.99,1.93,24.26,2.89,22.98,2.81,14.27,1.25,43.44,7.02,3.37,-12.01,-34.82,-40.14,-48.21,-92.05,2.8,2015808.3565678596,547774.0,0.041199997,-98.12,27200,0.03,3.49,-3.44,3.82,-11.78,4.37,-22.88,5.59,-39.71,38.89,0.0,91850,977407,609019,
5853,WATR,Industrials,Industrial Distribution,NASDAQ,15.74,1.84,75.71,8.87,15.38,1.48,16.31,1.93,90.26,45.91,89.46,42.35,1.78,2.89,1.14,-2.73,-80.96,-82.45,4.91,59377911.95490539,31251533.0,0.2,-84.52,25100,0.26,1.82,-2.2,1.77,0.56,1.79,-0.56,2.81,-36.65,11.88,42.57,112300,96103,123796,
5854,NXXT,Utilities,Utilities - Renewable,NASDAQ,15.5,1.83,44.07,0.93,18.39,1.91,25.93,3.3,30.25,3.98,21.42,2.32,0.62,-16.46,-29.42,-59.54,-76.64,-94.74,2.03,12495000.24318695,17000000.0,0.097799994,-78.47,291900,1.07,0.65,-4.62,0.75,-17.33,0.95,-34.74,1.83,-66.12,13.77,28.12,243430,272385,280297,0.409
5855,ICCM,Healthcare,Medical Devices,NASDAQ,15.36,1.81,52.11,1.64,15.54,1.51,34.1,4.97,19.88,2.22,38.19,5.61,1.13,-33.14,-34.68,-47.2,-60.76,-94.42,2.1,7282258.413292766,4638381.0,0.0292,-96.58,311800,2.1,1.33,-15.04,1.49,-24.16,1.76,-35.8,2.27,-50.22,17.0,46.84,253730,148153,153134,0.728
5856,BZAI,Technology,Software - Application,NASDAQ,15.25,1.79,49.75,1.41,24.1,2.86,27.52,3.64,44.71,7.65,73.22,22.03,0.29,-38.15,-43.5,-44.91,-62.34,-86.71,4.0,69519377.1661208,144832039.0,0.1296,-95.71,3165400,1.0,0.36,-19.44,0.42,-30.95,0.5,-42.0,0.61,-52.46,16.87,30.66,3305900,3181216,5073396,5.047
5857,HKPD,Healthcare,Medical Distribution,NASDAQ,15.21,1.77,58.13,2.74,19.47,2.13,17.58,2.06,45.95,8.04,65.1,16.49,0.1,-9.82,-16.53,-16.53,-74.49,-85.57,4.33,5424920.240604505,49317457.0,0.006,-94.18,589300,0.08,0.1,0.0,0.11,-9.09,0.11,-9.09,0.25,-60.0,9.14,54.69,691760,7010913,4247532,-0.317
5858,QCLS,Technology,Computer Hardware,NASDAQ,15.21,1.77,40.17,0.71,22.44,2.56,36.52,5.58,65.79,18.11,54.2,10.43,0.64,-17.81,-37.55,-61.39,-74.62,-86.95,3.92,6125999.03488183,8189838.0,1.0633999,-92.17,270400,0.03,0.68,-5.88,0.76,-15.79,0.86,-25.58,1.82,-64.84,20.23,23.94,1263450,10438500,6313782,
5859,GPUS,Industrials,Conglomerates,NYSE ARCA,15.19,1.74,63.8,3.82,16.55,1.66,16.23,1.91,45.54,7.91,28.83,3.55,0.16,0.0,-11.11,-15.79,-70.91,-87.69,3.73,23279320.84486276,136937180.0,0.3068,-95.62,9325200,0.23,0.16,0.0,0.16,0.0,0.17,-5.88,0.33,-51.52,7.59,82.35,44925670,40339756,26730734,0.348
5860,GOVX,Healthcare,Biotechnology,NASDAQ,15.1,1.73,57.23,2.42,16.03,1.59,20.27,2.45,35.51,5.21,18.37,1.84,0.29,-10.87,-20.28,-38.41,-58.88,-92.78,2.54,2910038.654955566,9093871.0,0.054899998,-98.16,316700,0.36,0.3,-3.33,0.32,-9.38,0.36,-19.44,0.53,-45.28,12.93,26.67,1545010,869270,915228,
5861,IPDN,Industrials,Staffing & Employment Services,NASDAQ,14.92,1.71,87.25,23.61,11.84,1.11,12.68,1.46,26.82,3.27,55.14,10.92,4.21,31.97,0.96,0.24,-61.02,-91.79,2.89,2143911.4390490055,665811.0,0.0858,-45.32,291000,0.07,3.89,8.23,3.81,10.5,3.78,11.38,5.72,-26.4,29.59,17.66,7578240,4397877,2658011,-0.28
5862,PPCB,Healthcare,Biotechnology,NASDAQ,14.89,1.69,54.64,2.03,19.45,2.11,21.02,2.54,24.47,2.91,14.48,1.39,0.47,-5.99,-21.73,-50.04,-52.42,-97.35,1.43,3213041.3247163296,6331116.0,0.0089,-99.1,194700,0.05,0.49,-4.08,0.51,-7.84,0.62,-24.19,0.94,-50.0,11.95,16.03,258720,3680116,2261712,
5863,EDVA,Healthcare,Biotechnology,NYSE ARCA,14.86,1.68,60.13,3.07,14.99,1.43,13.72,1.58,14.62,1.31,21.05,2.24,0.16,-0.62,-15.79,-34.43,-50.0,-96.4,1.7,1019590.8030716926,6412521.0,0.049000002,-98.81,315800,0.06,0.16,0.0,0.17,-5.88,0.21,-23.81,0.3,-46.67,16.83,37.14,1530590,4878030,5620926,
5864,OBAI,Technology,Software - Infrastructure,NASDAQ,14.57,1.66,60.93,3.24,16.41,1.63,24.52,3.15,26.99,3.29,1.87,0.13,0.19,-9.52,-17.39,-40.62,-63.46,,,6294860.263465136,29975526.0,0.1,-99.51,242800,0.07,0.2,-5.0,0.22,-13.64,0.25,-24.0,0.34,-44.12,14.29,36.84,834840,3254410,2171724,-0.068
5865,HCTI,Healthcare,Health Information Services,NASDAQ,14.5,1.64,57.64,2.61,17.72,1.83,15.95,1.86,28.02,3.42,3.66,0.32,0.5,-28.06,-30.82,-32.12,-67.63,-99.56,0.55,10617133.799147844,14644322.0,0.032899998,-99.75,220800,0.07,0.59,-15.25,0.66,-24.24,0.71,-29.58,0.89,-43.82,52.6,-1.9,3050440,3075543,2900394,1.584
5866,KXIN,Consumer Cyclical,Auto & Truck Dealerships,NASDAQ,14.47,1.63,74.31,7.97,17.44,1.74,11.77,1.39,27.21,3.35,2.58,0.25,1.45,1.4,-3.97,33.64,-73.25,-97.3,1.44,62484401.54409504,45278552.0,0.0082,-99.83,59100,0.02,1.43,1.4,1.42,2.11,1.38,5.07,2.93,-50.51,10.36,38.61,83050,3701690,2340164,6.021
5867,RBNE,Energy,Oil & Gas Midstream,NASDAQ,14.41,1.61,75.41,8.62,10.72,1.05,10.04,1.11,9.72,0.83,29.49,3.69,2.17,-5.65,-6.87,-18.73,-13.55,-96.52,1.65,2997668.25,1332297.0,0.0172,-98.35,16500,0.62,2.2,-1.36,2.28,-4.82,2.4,-9.58,2.53,-14.23,7.22,35.11,17770,26726,37284,0.292
5868,ONEN,Utilities,Utilities - Independent Power Producers,NASDAQ,14.34,1.59,29.13,0.37,29.87,3.85,92.92,51.98,90.02,44.87,90.23,45.03,1.64,-14.58,-52.74,-84.48,-84.37,-84.17,4.57,198285729.135615,106035149.0,,-86.39,229000,0.39,1.92,-14.58,2.09,-21.53,5.74,-71.43,7.88,-79.19,72.91,5.02,608160,591073,421954,
5869,DDC,Consumer Defensive,Packaged Foods,NYSE ARCA,14.16,1.58,60.48,3.14,12.32,1.18,11.92,1.41,16.32,1.63,43.45,7.04,0.19,-7.25,-9.0,-22.58,-58.35,-91.39,2.99,12505077.132239938,56841260.0,0.0166,-98.05,4339000,0.53,0.21,-9.52,0.2,-5.0,0.22,-13.64,0.37,-48.65,21.73,19.38,9872790,8207573,5268100,0.222
5870,XCH,Industrials,Electrical Equipment & Parts,NASDAQ,14.15,1.56,74.58,8.13,13.32,1.21,16.14,1.89,47.13,8.6,78.09,25.93,2.99,-5.97,-5.38,-5.53,-67.5,-87.85,3.69,12724560.387124538,4001434.0,0.35,-94.02,35400,0.9,3.1,-3.55,3.15,-5.08,3.16,-5.38,4.35,-31.26,12.98,90.21,93510,39160,52038,-0.175
5871,PRPL,Consumer Cyclical,"Furnishings, Fixtures & Appliances",NASDAQ,13.88,1.54,51.73,1.61,16.64,1.68,20.08,2.39,41.99,6.69,77.29,25.21,1.88,-11.74,-25.98,-44.05,-76.29,-89.92,3.4,9155224.684233189,4359631.0,0.05,-92.4,31100,0.63,2.05,-8.29,2.17,-13.36,2.52,-25.4,4.61,-59.22,10.78,24.67,26870,49620,42230,-0.065
5872,MVIS,Technology,Scientific & Technical Instruments,NASDAQ,13.76,1.53,66.37,4.34,20.38,2.27,18.13,2.14,30.11,3.93,53.85,10.36,1.31,-12.67,-19.14,-17.61,-63.61,-90.71,3.19,45271503.02343607,30588853.0,0.187,-94.33,4584800,3.23,1.47,-10.88,1.49,-12.08,1.56,-16.03,2.12,-38.21,9.71,7.87,1641090,1417396,1730104,8.503
5873,LHSW,Technology,Software - Infrastructure,NASDAQ,13.71,1.51,50.06,1.43,25.3,2.99,14.43,1.64,31.01,4.17,14.22,1.34,0.61,18.45,-20.05,-6.15,-76.63,-93.79,2.28,6342023.003914297,13493666.0,0.1067,-98.31,487000,0.03,0.56,8.93,0.57,7.02,0.59,3.39,1.99,-69.35,23.49,41.87,955860,17577623,10595730,-0.147
5874,ADGM,Healthcare,Medical Devices,NASDAQ,13.63,1.49,38.02,0.63,20.12,2.21,57.1,11.59,36.88,5.49,128.2,85.17,0.13,-16.67,-38.1,-77.59,-68.29,-87.38,3.83,4159967.1062107086,27189328.0,0.0342,-94.97,1481300,0.65,0.14,-7.14,0.15,-13.33,0.31,-58.06,0.48,-72.92,39.23,19.61,2306860,2287256,11591594,
5875,BRNX,Utilities,Utilities - Renewable,NASDAQ,13.62,1.48,45.1,1.01,19.36,2.09,14.18,1.63,9.18,0.75,8.95,0.9,1.42,-36.61,-37.99,-50.18,-58.33,-98.99,0.88,3084949.2289077044,1695027.0,0.0361,-99.65,84500,0.06,1.69,-15.98,2.01,-29.35,2.29,-37.99,2.83,-49.82,16.12,0.0,160620,1481476,1199757,
5876,CSAI,Technology,Software - Infrastructure,NASDAQ,13.54,1.46,54.01,1.94,19.87,2.16,24.29,3.05,38.29,5.83,39.9,6.16,2.58,6.17,-26.91,-43.42,-54.97,-92.46,2.68,2373724.2991280556,885718.0,0.0728,-96.27,23300,0.24,2.63,-1.9,2.73,-5.49,3.18,-18.87,4.35,-40.69,17.03,18.21,192950,95206,105368,0.135
5877,VIVS,Healthcare,Biotechnology,NASDAQ,12.92,1.44,59.76,3.02,13.67,1.26,16.34,1.94,40.8,6.46,70.45,19.94,0.18,-14.29,-21.74,-40.0,-47.06,-90.91,3.14,2678157.839907661,13390789.0,0.0423,-94.92,862100,1.08,0.2,-10.0,0.2,-10.0,0.23,-21.74,0.28,-35.71,10.71,51.85,543510,800483,3317398,-0.514
5878,OFAL,Industrials,Engineering & Construction,NASDAQ,12.7,1.43,57.09,2.37,14.05,1.29,14.5,1.66,17.7,1.86,58.92,12.82,0.41,-10.63,-19.06,-35.83,-59.61,-93.66,2.35,1184036.3505148888,2637052.0,0.26049998,-96.82,104700,0.02,0.44,-6.82,0.47,-12.77,0.53,-22.64,0.74,-44.59,13.61,17.93,1186720,5011010,8866471,-0.215
5879,ACH,Healthcare,Medical Distribution,NYSE,12.65,1.41,41.49,0.78,21.37,2.32,32.04,4.42,88.95,40.83,76.64,24.57,0.44,-21.43,-39.73,-59.26,-86.75,-84.51,4.47,39221398.30657959,76904704.0,0.1428,-92.14,1384000,1.03,0.47,-6.38,0.54,-18.52,0.76,-42.11,1.27,-65.35,14.61,0.0,1714940,1341063,1683846,-0.101
5880,PARA,Technology,Software - Application,NASDAQ,12.51,1.39,63.43,3.72,11.54,1.1,13.73,1.59,9.55,0.81,24.17,2.81,0.71,23.09,-13.43,-27.65,-59.49,-96.72,1.55,2353680.8406513333,4508967.0,0.1421,-99.11,1256300,1.86,0.62,14.52,0.64,10.94,0.8,-11.25,1.17,-39.32,21.05,61.57,706450,676796,495306,-0.273
5881,MBRX,Healthcare,Biotechnology,NASDAQ,12.38,1.38,57.97,2.69,13.74,1.28,22.41,2.69,49.3,9.46,28.15,3.44,0.42,-15.87,-25.22,-48.92,-68.82,-89.13,3.57,9927874.626703262,20385780.0,0.0148,-97.33,264900,0.26,0.45,-6.67,0.5,-16.0,0.6,-30.0,0.59,-28.81,19.57,10.95,823760,1019850,1586330,
5882,MKDW,Consumer Cyclical,Auto Parts,NASDAQ,12.31,1.36,33.01,0.5,17.25,1.73,90.64,43.37,154.08,94.04,121.06,82.27,1.06,-30.94,-30.72,-79.22,-90.72,-81.79,5.07,51639647.09385824,34198442.0,0.0014,-91.81,73700,0.27,1.26,-15.87,1.39,-23.74,3.08,-65.58,7.77,-86.36,24.41,7.73,90280,272320,164016,0.129
5883,BDRX,Healthcare,Biotechnology,NASDAQ,12.13,1.34,58.01,2.71,13.02,1.2,11.56,1.34,28.59,3.55,14.78,1.46,0.52,-17.22,-22.37,-20.61,-63.74,-97.12,1.46,638020.9249069691,1029066.0,0.2642,-99.12,105900,0.01,0.58,-10.34,0.62,-16.13,0.75,-30.67,1.03,-49.51,10.48,16.51,168610,7119980,4679936,
5884,RETO,Basic Materials,Building Materials,NASDAQ,11.97,1.33,54.48,1.99,28.95,3.68,8.5,0.96,43.48,7.09,37.76,5.51,1.4,-24.73,-57.83,36.25,-78.29,-93.4,2.43,3673368.1369936466,2369915.0,0.0031,-99.72,976100,0.12,1.63,-14.11,2.0,-30.0,2.68,-47.76,3.62,-61.33,42.7,13.38,5841693,8459983,5255084,1.189
5885,ELAB,Healthcare,Biotechnology,NASDAQ,11.79,1.31,56.24,2.21,18.73,1.99,12.78,1.48,10.18,0.85,6.95,0.68,3.12,-3.1,-30.86,-32.07,-64.49,-99.42,0.58,2720185.355071783,809579.0,0.0425,-99.88,16600,0.33,3.23,-3.41,3.6,-13.33,4.12,-24.27,5.96,-47.65,15.76,12.2,79710,49920,52360,
5886,GNPX,Healthcare,Biotechnology,NASDAQ,11.77,1.29,64.62,4.02,14.84,1.36,10.96,1.21,18.74,2.03,19.77,2.01,2.75,7.42,-21.87,-17.91,-61.38,-94.13,2.2,2155834.7638082504,819709.0,0.1011,-99.77,234100,1.22,2.67,3.0,2.78,-1.08,3.13,-12.14,3.74,-26.47,11.38,29.09,199780,191600,303868,
5887,JDZG,Consumer Defensive,Education & Training Services,NASDAQ,11.53,1.28,114.48,94.63,7.4,0.7,5.31,0.51,143.75,92.39,2.3,0.2,5.63,27.66,34.05,59.49,-88.74,-97.97,1.2,26523200.83618164,5480000.0,0.0058,-99.45,1798800,2.2,5.31,6.03,4.85,16.08,4.37,28.83,4.89,15.13,7.6,65.44,1267500,819436,687448,0.662
5888,KITT,Industrials,Aerospace & Defense,NASDAQ,11.41,1.26,37.58,0.61,18.83,2.01,19.53,2.31,9.44,0.79,17.63,1.76,1.49,-5.7,-49.53,-61.44,-67.83,-96.43,1.67,1892895.4962472916,1245326.0,0.1936,-99.15,57300,0.09,1.51,-1.32,1.7,-12.35,2.72,-45.22,4.26,-65.02,22.16,9.08,1463790,673160,425476,-0.573
5889,ZBAO,Financial Services,Insurance Brokers,NASDAQ,11.22,1.25,41.91,0.81,11.88,1.13,15.98,1.88,24.83,2.92,78.29,26.1,0.06,-45.37,-36.56,-60.14,-62.89,-93.37,2.46,44743806.82092856,466081317.0,0.0002,-95.52,7746800,0.66,0.08,-25.0,0.09,-33.33,0.1,-40.0,0.15,-60.0,28.81,28.93,11903770,11726020,21715410,0.407
5890,SGLY,Industrials,Integrated Freight & Logistics,NASDAQ,11.12,1.23,45.14,1.05,16.25,1.61,27.21,3.57,40.72,6.43,47.23,8.18,0.71,-8.97,-31.07,-63.78,-84.26,-90.61,3.26,3944765.3430690765,5403788.0,0.0052,-95.59,292500,0.5,0.79,-10.13,0.8,-11.25,1.05,-32.38,2.66,-73.31,16.4,42.94,928570,590836,1773780,0.759
5891,ZNB,Communication Services,Entertainment,NASDAQ,10.72,1.21,51.23,1.54,11.41,1.08,5.96,0.61,8.14,0.68,1.12,0.03,0.9,-15.09,-37.06,-38.78,-62.5,-99.83,0.32,1493584.363002777,969860.0,0.0656,-99.98,150800,0.15,1.18,-23.73,1.2,-25.0,1.31,-31.3,1.76,-48.86,23.73,23.41,2959630,1010690,1234742,
5892,OLOX,Industrials,Metal Fabrication,NASDAQ,10.67,1.2,80.14,12.65,8.16,0.85,6.53,0.7,37.64,5.64,17.98,1.79,0.92,10.0,11.46,5.6,-79.93,-96.13,1.82,1397170.186659813,1659347.0,0.0191,-99.01,875400,0.12,0.98,-6.12,0.91,1.1,0.88,4.55,1.8,-48.89,17.16,19.0,15630440,7606653,5232904,1.937
5893,KALA,Healthcare,Biotechnology,NASDAQ,10.65,1.18,43.55,0.85,9.38,0.93,9.37,1.03,5.19,0.51,29.28,3.65,0.3,-29.12,-46.96,-47.25,-55.87,-99.05,0.82,7445817.425561428,19339786.0,0.0231,-99.69,655500,0.22,0.35,-14.29,0.4,-25.0,0.48,-37.5,0.64,-53.12,21.52,12.39,7380440,2988313,1820584,
5894,DKI,Communication Services,Electronic Gaming & Multimedia,NASDAQ,10.25,1.16,22.03,0.2,45.97,8.15,34.56,5.1,58.74,13.78,71.23,20.67,0.75,-42.17,-74.28,-69.8,-81.53,-87.01,3.9,2894670.0499979258,2097587.0,0.0301,-91.79,78452200,17.61,1.33,-43.61,1.74,-56.9,2.2,-65.91,3.08,-75.65,69.14,21.02,13236110,4456136,2932164,0.139
5895,OPTT,Industrials,Specialty Industrial Machinery,NYSE ARCA,10.13,1.15,28.56,0.33,23.17,2.74,38.86,6.08,41.25,6.52,70.73,20.15,0.9,-11.76,-56.94,-77.5,-76.0,-89.71,3.45,9184720.388250351,9004628.0,0.1722,-72.14,859500,1.34,0.98,-8.16,1.23,-26.83,1.83,-50.82,3.42,-73.68,26.11,4.26,1000280,639521,465735,0.441
5896,JUNS,Healthcare,Biotechnology,NASDAQ,10.11,1.13,70.21,5.66,8.0,0.81,9.95,1.1,22.67,2.71,38.48,5.7,2.77,10.8,-3.99,-12.06,-62.69,-96.64,1.58,3362228.4871280193,1318521.0,0.0462,-97.96,36800,0.4,2.69,2.97,2.61,6.13,2.82,-1.77,4.11,-32.6,10.9,36.42,119140,93076,1151827,
5897,EDBL,Consumer Defensive,Farm Products,NASDAQ,10.03,1.11,72.06,6.57,6.44,0.63,4.63,0.45,2.98,0.25,7.48,0.75,1.1,-7.56,-6.78,-23.08,-55.1,-99.77,0.38,2224720.23208344,1951509.0,0.0429,-99.91,86200,0.11,1.13,-2.65,1.17,-5.98,1.27,-13.39,1.5,-26.67,8.38,-0.0,750690,777906,1120918,0.128
5898,SBFM,Healthcare,Drug Manufacturers - Specialty & Generic,NASDAQ,9.82,1.1,39.62,0.68,16.52,1.64,21.08,2.56,13.6,1.16,64.82,16.32,0.43,-37.5,-46.25,-60.19,-65.04,-96.91,1.51,2586183.762360275,3877337.0,0.0061000003,-98.23,117991100,11.5,0.52,-17.31,0.65,-33.85,0.81,-46.91,1.03,-58.25,42.67,27.25,30314080,10257160,6698352,-0.016
5899,VBIO,Healthcare,Biotechnology,NASDAQ,9.68,1.08,57.75,2.66,13.59,1.25,8.3,0.95,26.34,3.15,55.72,11.22,2.21,-11.95,-36.49,0.45,-68.43,-94.92,2.01,2298855.433817625,887589.0,0.0434,-97.19,150900,0.06,2.37,-6.75,2.57,-14.01,2.47,-10.53,3.8,-41.84,26.95,23.51,5526190,2401020,1857676,
5900,TRUG,Communication Services,Electronic Gaming & Multimedia,NASDAQ,9.54,1.06,49.06,1.32,13.57,1.23,10.32,1.13,16.89,1.72,11.76,1.15,2.56,-12.93,-36.95,-31.0,-78.12,-96.99,1.49,3190469.166777849,1208511.0,0.1393,-99.09,319400,0.09,2.64,-3.03,2.76,-7.25,3.81,-32.81,6.02,-57.48,24.36,0.0,385471,3372826,2317089,0.344
5901,NUWE,Healthcare,Medical Devices,NASDAQ,9.41,1.05,67.49,4.72,9.45,0.96,6.27,0.65,4.07,0.33,30.07,3.8,0.68,-9.33,-16.05,-11.69,-64.02,-99.1,0.79,2190842.4524298906,3175134.0,0.012,-99.61,140200,0.06,0.69,-1.45,0.72,-5.56,0.79,-13.92,1.08,-37.04,7.98,18.42,143200,2316713,5279230,0.141
5902,NCI,Consumer Cyclical,Apparel Manufacturing,NASDAQ,9.14,1.03,6.62,0.02,93.0,61.32,82.42,30.46,129.54,88.36,39.57,6.08,0.88,-16.89,-93.98,-93.06,-92.62,-91.96,2.83,2441142.5915908813,2831952.0,0.0804,-99.2,338500,0.18,0.89,-1.12,2.5,-64.8,8.3,-89.4,10.75,-91.81,150.1,4.54,3948920,1847056,1452518,-0.508
5903,XLAB,Technology,Software - Infrastructure,NASDAQ,9.09,1.01,25.18,0.25,22.64,2.6,37.49,5.8,90.9,48.69,90.07,44.67,1.02,-30.61,-60.47,-75.83,-75.48,-89.83,3.42,90068703.0661391,64334789.0,0.17,-90.87,34400,0.11,1.18,-13.56,1.61,-36.65,2.38,-57.14,3.9,-73.85,34.8,15.49,117860,304023,236688,1.016
5904,JZ,Technology,Information Technology Services,NASDAQ,9.02,1.0,104.68,87.42,4.52,0.45,5.59,0.53,7.63,0.61,48.31,8.56,0.83,85.75,77.45,8.31,-62.77,-97.84,1.27,1050024.4427357912,2408313.0,0.0234,-99.16,286282400,25.22,0.53,56.6,0.49,69.39,0.57,45.61,1.37,-39.42,18.32,172.29,30803570,11353340,7706454,0.398
5905,SMX,Industrials,Specialty Business Services,NASDAQ,8.93,0.98,30.36,0.38,22.32,2.52,46.88,8.04,5.06,0.48,3.14,0.27,3.79,-38.47,-56.69,-78.49,-74.8,-99.98,0.09,4158482.4873275757,1088608.0,0.0355,-99.93,124900,0.8,3.84,-1.3,5.41,-29.94,10.03,-62.21,13.77,-72.48,40.34,3.92,385130,156510,100868,
5906,UZX,Consumer Cyclical,Internet Retail,NASDAQ,8.88,0.96,53.29,1.84,7.92,0.78,10.37,1.15,15.42,1.43,57.23,12.0,1.17,-11.65,-22.19,-42.6,-77.79,-97.43,1.39,3623220.6925764084,2875572.0,0.065,-98.36,33600,0.06,1.22,-4.1,1.33,-12.03,1.61,-27.33,2.7,-56.67,12.61,47.43,71400,570579,472531,-0.252
5907,NEXR,Consumer Cyclical,Internet Retail,NASDAQ,8.78,0.95,52.42,1.69,7.26,0.68,7.54,0.81,8.85,0.73,5.24,0.5,1.02,2.0,-32.45,-34.62,-69.09,-99.39,0.6,560251.3173418045,557464.0,0.108500004,-99.88,39400,0.08,1.03,-0.97,1.23,-17.07,1.4,-27.14,2.04,-50.0,16.96,17.34,674130,505640,565028,0.491
5908,SHFS,Financial Services,Banks - Regional,NASDAQ,8.36,0.93,21.7,0.18,30.39,3.98,29.51,4.03,13.69,1.18,38.79,5.81,0.45,-65.08,-77.35,-75.43,-78.26,-96.9,1.53,1212740.226092577,1027746.0,0.014400001,-99.47,2018800,5.28,0.77,-41.56,1.12,-59.82,1.55,-70.97,1.83,-75.41,58.59,15.17,990150,382574,239991,0.34
5909,GCTK,Healthcare,Medical Devices,NASDAQ,8.32,0.91,31.95,0.42,22.63,2.57,23.73,2.94,30.71,4.08,13.18,1.29,1.11,-21.28,-56.98,-65.63,-74.04,-98.44,1.13,1231800.6088342667,1018017.0,0.12109999,-99.19,208600,0.07,1.14,-2.63,1.41,-21.28,1.94,-42.78,3.95,-71.9,28.07,9.63,561410,2908074,2396207,
5910,VNRX,Healthcare,Medical Devices,NYSE ARCA,8.19,0.89,63.38,3.7,9.4,0.95,11.54,1.33,19.54,2.11,40.12,6.26,0.22,-4.35,-12.0,-35.29,-71.43,-95.77,1.87,7214559.678742021,30060666.0,0.0366,-98.36,802900,0.05,0.23,-4.35,0.24,-8.33,0.26,-15.38,0.42,-47.62,6.82,0.0,2037060,15144723,10777814,-0.02
5911,XXII,Consumer Defensive,Tobacco,NASDAQ,8.19,0.89,39.9,0.7,14.33,1.31,12.46,1.44,4.56,0.45,7.82,0.8,0.87,2.71,-42.32,-57.41,-76.59,-99.7,0.46,652590.4979556799,713994.0,0.0533,-99.84,45700,0.24,0.9,-3.33,0.93,-6.45,1.41,-38.3,2.68,-67.54,31.53,14.58,140550,193476,123368,-0.404
5912,BAOS,Communication Services,Advertising Agencies,NASDAQ,8.01,0.86,61.78,3.3,8.87,0.9,9.09,1.0,74.29,24.29,88.36,37.95,0.25,2.94,-11.87,-19.93,-63.21,-91.86,2.87,7841906.50511004,33369815.0,0.020599999,-95.21,447700,0.07,0.24,4.17,0.24,4.17,0.26,-3.85,0.4,-37.5,7.49,106.87,245990,6002833,7152246,-0.505
5913,GCDT,Industrials,Specialty Industrial Machinery,NYSE ARCA,7.96,0.85,15.95,0.12,62.35,14.79,37.34,5.74,25.0,3.0,21.38,2.31,0.57,-78.9,-85.92,-81.72,-73.58,,,5420482.080771476,13551205.0,0.0068,-90.26,3130800,0.71,1.54,-62.99,2.36,-75.85,2.5,-77.2,2.59,-77.99,187.68,8.41,1318451,4409667,2700364,0.133
5914,NXAT,Industrials,Conglomerates,NASDAQ,7.89,0.83,41.37,0.76,11.2,1.06,9.78,1.08,17.17,1.83,26.03,3.17,0.63,-26.98,-45.63,-52.06,-79.87,-95.14,1.98,2831996.125,3236567.0,0.18,-99.37,764900,0.82,0.76,-17.11,0.9,-30.0,1.07,-41.12,1.59,-60.38,21.87,19.6,2565940,933513,856509,1079.59
5915,CRIS,Healthcare,Biotechnology,NASDAQ,7.87,0.81,55.35,2.13,7.48,0.71,7.33,0.76,22.2,2.64,42.19,6.76,0.71,-14.46,-19.32,-38.79,-85.74,-96.68,1.56,1940062.4289091825,2425078.0,0.0287,-97.94,426500,2.51,0.76,-6.58,0.79,-10.13,0.93,-23.66,1.78,-60.11,12.17,115.7,214680,169783,232992,
5916,GMEX,Technology,Consumer Electronics,NASDAQ,7.59,0.8,44.33,0.96,4.43,0.42,3.05,0.34,1.82,0.18,1.76,0.12,1.94,-24.22,-37.18,-41.82,-96.71,-100.94,0.0,1843691.1858832836,752527.0,0.1659,-99.94,746700,1.47,2.4,-19.17,2.67,-27.34,3.01,-35.55,6.2,-68.71,23.3,53.09,367166,509164,352612,0.032
5917,KIDZ,Consumer Defensive,Education & Training Services,NASDAQ,7.55,0.78,55.09,2.08,7.74,0.75,4.82,0.48,1.48,0.13,7.24,0.71,2.06,-14.52,-21.07,-41.64,-77.03,-99.9,0.22,1970950.297167778,860677.0,0.065799996,-99.98,68300,0.12,2.26,-8.85,2.38,-13.45,2.72,-24.26,4.09,-49.63,11.69,20.76,510280,590473,518402,-0.336
5918,OMH,Real Estate,Real Estate Services,NASDAQ,7.3,0.76,68.85,5.1,5.14,0.53,4.6,0.43,25.3,3.05,62.88,14.98,2.37,-5.95,-2.47,5.33,-62.68,-94.08,2.22,4475023.361045837,1688688.0,0.0465,-97.84,20700,0.21,2.54,-6.69,2.51,-5.58,2.43,-2.47,3.59,-33.98,7.46,39.6,55290,100650,583324,
5919,DBGI,Consumer Cyclical,Apparel Retail,NASDAQ,7.25,0.75,72.75,6.87,8.19,0.86,7.83,0.85,17.93,1.93,14.95,1.49,4.5,-11.94,-12.28,-33.73,-62.53,-98.94,0.9,2798491.8642377853,574639.0,0.31370002,-99.38,60500,0.04,4.59,-1.96,4.69,-4.05,4.88,-7.79,8.43,-46.62,16.7,33.26,169240,1469720,977034,-0.463
5920,RUBI,Industrials,Marine Shipping,NASDAQ,7.17,0.73,52.41,1.68,6.59,0.66,4.04,0.4,1.42,0.12,1.96,0.17,0.58,-16.43,-26.88,-47.14,-59.56,-99.97,0.11,1934718.5568788052,1791406.0,0.54,-100.0,350000,0.24,0.65,-10.77,0.69,-15.94,0.81,-28.4,1.1,-47.27,13.69,21.42,3225700,1476778,1200152,-0.192
5921,SGRX,Technology,Information Technology Services,NASDAQ,6.83,0.71,33.99,0.53,9.86,0.98,8.04,0.88,15.15,1.39,23.09,2.61,0.73,-47.41,-53.14,-48.88,-82.06,-98.88,0.94,2397752.2618517876,1902978.0,0.0367,-99.56,499100,0.33,0.93,-21.51,1.21,-39.67,1.45,-49.66,2.62,-72.14,32.36,8.04,2548940,1525143,1087844,
5922,KPTI,Healthcare,Biotechnology,NASDAQ,6.7,0.7,27.83,0.32,20.23,2.26,19.63,2.32,130.97,88.94,147.69,90.86,0.6,-30.8,-65.32,-62.96,-91.25,-91.35,3.01,18190530.606354475,22681460.0,0.34849998,-94.54,870200,0.6,0.67,-10.45,0.99,-39.39,1.37,-56.2,1.79,-66.48,26.87,-0.0,1519700,1455636,2004034,-0.119
5923,PFSA,Healthcare,Medical Devices,NASDAQ,6.47,0.68,41.62,0.8,10.62,1.01,3.88,0.38,4.33,0.37,3.91,0.37,1.49,-20.32,-50.83,-40.4,-62.41,-99.83,0.32,1023676.9746599197,605726.0,0.0521,-99.95,803600,0.22,1.62,-8.02,1.81,-17.68,2.01,-25.87,3.75,-60.27,34.01,7.89,1828240,3648773,3451594,
5924,ELPW,Industrials,Electrical Equipment & Parts,NASDAQ,6.28,0.66,73.4,7.33,2.84,0.28,2.28,0.22,5.28,0.53,0.6,0.0,2.62,-13.53,-2.24,-7.42,-67.47,-99.97,0.11,2768304.35666728,932089.0,0.0101,-100.0,32400,0.09,2.79,-6.09,2.93,-10.58,2.78,-5.76,3.72,-29.57,14.32,18.66,933580,347546,703273,
5925,SUGP,Industrials,Security & Protection Services,NASDAQ,6.16,0.65,56.16,2.19,4.83,0.5,5.02,0.5,7.46,0.6,56.01,11.31,2.4,-21.41,-14.89,-35.28,-83.33,-98.7,1.03,666139.3116055429,1605155.0,0.0387,-95.64,197200,0.13,2.47,-2.83,2.8,-14.29,3.06,-21.57,6.86,-65.01,14.81,33.76,1587983,1484246,1158916,-0.2
5926,INV,Financial Services,Asset Management,NASDAQ,6.15,0.63,25.83,0.27,15.24,1.46,18.48,2.17,93.57,54.79,112.64,76.93,0.3,-37.53,-62.27,-70.58,-89.26,-93.55,2.39,42644779.8138898,84612657.0,0.1419,-96.18,13040800,1.57,0.43,-30.23,0.52,-42.31,0.68,-55.88,1.52,-80.26,41.79,39.89,7669750,8302546,6949840,1.002
5927,SMTK,Technology,Semiconductor Equipment & Materials,NASDAQ,5.83,0.61,44.04,0.91,7.86,0.76,8.29,0.93,29.71,3.82,21.06,2.26,1.13,-31.1,-31.1,-50.66,-89.13,-98.5,1.12,1709068.3253046274,1035799.0,0.1848,-99.41,71400,0.24,1.27,-11.02,1.47,-23.13,1.8,-37.22,3.85,-70.65,20.94,0.0,312480,301713,389801,
5928,YMT,Technology,Software - Application,NASDAQ,5.62,0.6,43.98,0.86,8.0,0.81,8.2,0.91,6.11,0.55,9.43,0.93,1.1,-1.79,-38.2,-50.0,-78.65,-99.64,0.52,533759.5222724676,476571.0,0.04,-99.79,121000,0.06,1.19,-7.56,1.37,-19.71,1.71,-35.67,2.9,-62.07,27.92,13.03,5131920,1911313,1347739,-0.077
5929,JAGX,Healthcare,Biotechnology,NASDAQ,5.51,0.58,50.58,1.46,6.52,0.65,4.64,0.46,6.92,0.56,17.38,1.74,4.53,14.68,-35.84,-5.33,-68.74,-99.26,0.72,1903522.124639511,520088.0,0.050100002,-99.64,578600,0.14,4.71,-3.82,5.1,-11.18,6.23,-27.29,9.92,-54.33,134.04,2.72,8491440,4268307,2566077,-0.589
5930,HCAI,Industrials,Farm & Heavy Construction Machinery,NASDAQ,4.98,0.56,41.27,0.75,5.83,0.58,24.32,3.1,79.51,29.13,25.17,3.01,0.48,-9.76,-9.07,-81.43,-88.84,-95.35,1.94,5533031.249435186,10913276.0,0.0321,-98.15,235500,0.25,0.49,-2.04,0.51,-5.88,0.77,-37.66,2.99,-83.95,11.01,0.0,305790,958743,590668,
5931,HODO,Technology,Software - Application,NASDAQ,4.63,0.55,49.69,1.39,3.74,0.37,4.08,0.42,18.19,1.98,99.4,61.35,0.12,-26.58,-31.76,-37.63,-85.89,-97.49,1.36,12927182.45302476,89152985.0,0.15,-99.38,802800,0.34,0.13,-7.69,0.15,-20.0,0.16,-25.0,0.32,-62.5,15.71,26.52,5179550,2348536,1783656,
5932,LBGJ,Industrials,Specialty Industrial Machinery,NASDAQ,4.47,0.53,69.32,5.3,5.46,0.55,3.41,0.37,63.71,16.9,1.17,0.05,2.0,2.04,-6.1,3.09,-58.33,-99.84,0.29,34087.75951957703,16792.0,0.22049999,-99.99,157500,0.37,2.03,-1.48,2.02,-0.99,2.04,-1.96,2.68,-25.37,12.64,23.74,354930,424126,880693,-0.096
5933,ONFO,Communication Services,Internet Content & Information,NASDAQ,4.26,0.51,61.54,3.29,3.37,0.33,3.05,0.34,16.05,1.51,117.99,80.44,0.74,-18.59,-11.38,-17.59,-83.56,-97.76,1.32,731000.0121593475,850000.0,0.0636,-99.4,103800,0.23,0.83,-10.84,0.9,-17.78,0.87,-14.94,1.62,-54.32,12.43,21.74,1015530,446513,2712133,-0.524
5934,SLXN,Healthcare,Biotechnology,NASDAQ,4.12,0.5,64.08,3.88,3.99,0.38,5.86,0.6,12.78,1.13,25.17,3.01,0.23,-15.77,-8.56,-44.44,-85.31,-99.02,0.84,1445666.5069732666,5560256.0,0.0444,-99.45,1488100,0.07,0.26,-11.54,0.27,-14.81,0.33,-30.3,0.6,-61.67,32.14,10.82,35696440,20666170,12644032,
5935,FRGT,Technology,Software - Application,NASDAQ,4.06,0.48,35.05,0.56,5.8,0.56,15.61,1.78,57.85,13.32,25.24,3.04,0.26,-1.16,-36.0,-73.88,-90.5,-97.94,1.22,144175.5023188889,572125.0,0.0921,-99.49,8650600,0.55,0.27,-3.7,0.28,-7.14,0.52,-50.0,1.35,-80.74,50.74,35.63,42900170,15870766,9867116,-0.054
5936,MI,Consumer Cyclical,Internet Retail,NYSE ARCA,3.89,0.46,31.78,0.4,9.37,0.91,6.25,0.63,12.23,1.06,8.05,0.83,0.89,1.02,-61.3,-57.43,-89.43,-99.78,0.36,546582.6562100649,611390.0,0.1037,-95.51,4746400,0.61,2.31,-61.47,2.15,-58.6,2.19,-59.36,4.09,-78.24,161.97,6.17,23153450,7779570,4711410,0.182
5937,IPW,Consumer Cyclical,Internet Retail,NASDAQ,3.31,0.45,50.94,1.51,2.54,0.2,2.42,0.27,4.48,0.4,10.96,1.06,0.92,-19.3,-24.59,-45.88,-82.07,-99.89,0.25,1305076.6455563307,1165247.0,0.069,-99.96,43785000,13.44,1.09,-15.6,1.14,-19.3,1.43,-35.66,2.31,-60.17,18.15,-0.0,5347150,3258783,2161806,-0.782
5938,LGHL,Financial Services,Capital Markets,NASDAQ,3.29,0.43,32.66,0.45,4.96,0.51,2.99,0.32,10.5,0.9,16.72,1.64,3.29,-20.91,-55.3,-57.93,-84.77,-99.47,0.57,185037.45056152344,46144.0,0.16770001,-99.91,119000,0.13,3.73,-11.8,4.61,-28.63,6.13,-46.33,10.49,-68.64,35.92,7.61,2483540,941772,711487,
5939,VWAV,Industrials,Aerospace & Defense,NASDAQ,2.83,0.42,47.89,1.25,3.19,0.32,6.31,0.68,55.98,12.19,113.3,77.43,5.14,14.48,-11.23,-60.26,-90.78,-97.87,1.25,10634494.125276089,2373771.0,0.1566,-98.37,109400,0.24,4.78,7.53,4.64,10.78,6.6,-22.12,20.13,-74.47,16.17,39.71,948560,448721,307310,
5940,TWG,Consumer Defensive,Food Distribution,NASDAQ,2.82,0.4,26.74,0.28,5.84,0.6,9.74,1.06,45.17,7.84,62.16,14.53,0.1,-12.61,-52.68,-75.06,-95.85,-97.46,1.37,6902120.462600142,62746550.0,0.0053,-99.62,10457000,1.0,0.1,0.0,0.11,-9.09,0.22,-54.55,0.67,-85.07,32.07,40.53,11430380,10472583,6523440,0.48
5941,HLSQ,Technology,Information Technology Services,NYSE ARCA,2.74,0.38,16.5,0.13,8.15,0.83,7.43,0.78,7.83,0.63,104.18,68.12,0.29,-69.8,-80.27,-78.84,-87.41,-99.38,0.62,972000.0,2700000.0,0.0276,-97.64,623700,0.83,0.41,-29.27,0.88,-67.05,1.14,-74.56,1.52,-80.92,87.22,3.95,1945990,747357,524442,
5942,NXTT,Technology,Software - Application,NASDAQ,2.62,0.37,74.23,7.92,2.6,0.23,1.6,0.13,20.61,2.41,11.71,1.13,5.24,-7.75,-7.67,8.49,-90.33,-99.35,0.67,8263317.016661644,1472962.0,0.0398,-99.81,21100,0.36,5.37,-2.42,5.38,-2.6,5.5,-4.73,8.61,-39.14,10.2,16.83,20150,58186,201579,
5943,ENLV,Healthcare,Biotechnology,NASDAQ,2.54,0.35,27.65,0.3,4.75,0.48,6.75,0.71,36.58,5.41,76.8,24.75,0.28,-34.52,-54.29,-71.76,-87.69,-97.79,1.31,7704624.6078287065,19908591.0,0.0028,-98.97,32344900,19.62,0.33,-15.15,0.42,-33.33,0.61,-54.1,1.2,-76.67,31.2,28.62,4096390,1648586,1097160,
5944,SDST,Industrials,Electrical Equipment & Parts,NASDAQ,2.34,0.33,32.95,0.48,4.57,0.46,6.28,0.66,45.0,7.75,59.26,13.03,0.06,-34.74,-46.09,-63.53,-93.62,-98.09,1.17,1234534.317985408,14523933.0,0.106300004,-99.22,289690300,5.58,0.08,-25.0,0.09,-33.33,0.12,-50.0,0.35,-82.86,25.12,6.64,58077930,51888643,31820814,
5945,AXG,Financial Services,Capital Markets,NASDAQ,2.33,0.32,4.69,0.0,34.89,5.11,58.65,12.37,80.18,30.07,104.64,68.66,0.09,-32.56,-93.31,-96.01,-97.21,-97.93,1.24,22356274.910554983,194402387.0,0.019,-98.11,7772200,0.58,0.1,-10.0,0.12,-25.0,1.05,-91.43,1.91,-95.29,188.02,3.55,39628040,13443006,8151164,10.784
5946,FFAI,Consumer Cyclical,Auto Manufacturers,NASDAQ,2.11,0.3,52.25,1.66,2.12,0.18,2.2,0.2,20.92,2.46,22.47,2.51,1.06,-15.2,-19.08,-38.01,-77.06,-99.37,0.64,7536208.886863232,6126999.0,0.1754,-99.58,919000,0.3,1.14,-7.02,1.25,-15.2,1.44,-26.39,2.58,-58.91,18.8,20.07,7228500,3110706,2532454,14.481
5947,VIVK,Energy,Oil & Gas Integrated,NASDAQ,1.82,0.28,33.12,0.51,2.64,0.27,2.68,0.3,6.96,0.58,37.9,5.56,4.01,-7.82,-49.93,-68.55,-88.86,-99.91,0.2,185386.31017315388,598793.0,0.13939999,-99.83,50700,0.16,4.53,-11.48,5.84,-31.34,7.83,-48.79,13.58,-70.47,19.5,-0.0,269112,325522,297374,0.104
5948,HUBC,Technology,Software - Infrastructure,NASDAQ,1.74,0.27,20.75,0.17,3.68,0.35,14.56,1.68,0.17,0.0,1.33,0.08,1.0,-2.91,-57.08,-87.98,-93.87,-100.0,0.03,1813779.1928737164,1795821.0,0.0187,-100.0,382500,1.68,1.0,0.0,1.14,-12.28,3.43,-70.85,17.1,-94.15,61.29,13.05,390530,228096,143335,0.195
5949,FGL,Industrials,Engineering & Construction,NASDAQ,1.71,0.25,56.71,2.26,1.43,0.13,1.19,0.12,24.02,2.82,6.32,0.63,4.36,0.0,-1.13,-14.51,-95.34,-99.75,0.4,4995077.752962112,1145660.0,1.9818,-99.94,19900,0.07,4.33,0.69,4.29,1.63,4.45,-2.02,27.98,-84.42,15.0,32.1,84000,296896,208541,0.089
5950,NCT,Industrials,Marine Shipping,NASDAQ,1.58,0.23,18.85,0.15,4.27,0.4,5.66,0.55,75.63,25.58,12.23,1.2,1.65,13.01,-64.52,-77.47,-98.1,-99.0,0.86,1723298.586196065,1025773.0,0.1283,-99.83,8216400,7.17,1.62,1.85,1.99,-17.09,4.76,-65.34,52.82,-96.88,47.2,29.53,1625320,1145494,710255,-0.06
5951,WETO,Technology,Software - Infrastructure,NASDAQ,1.38,0.22,32.79,0.46,1.96,0.17,2.49,0.28,63.22,16.57,39.97,6.18,1.08,-3.57,-43.16,-58.14,-70.81,-98.8,1.01,1164025.126254201,1077801.0,0.3816,-99.57,1445300,0.18,1.08,0.0,1.2,-10.0,1.59,-32.08,6.94,-84.44,25.13,25.8,5721510,7856406,7324236,-0.45
5952,NRSN,Healthcare,Biotechnology,NASDAQ,1.31,0.2,36.8,0.58,2.61,0.25,2.28,0.22,63.61,16.85,54.89,10.75,3.58,-11.6,-51.62,-46.08,-98.14,-98.53,1.1,7464309.261458397,1896902.0,0.0256,-52.27,15800,0.58,3.89,-7.97,4.47,-19.91,5.73,-37.52,7.51,-52.33,19.29,2.75,27910,27022,24541,
5953,VCIG,Industrials,Consulting Services,NASDAQ,1.29,0.18,23.63,0.22,2.55,0.22,1.92,0.17,49.45,9.51,0.94,0.02,0.57,-61.54,-66.69,-68.34,-90.21,-99.89,0.25,1735099.5260391235,1266496.0,0.0027,-99.99,3437700,1.72,1.01,-43.56,1.3,-56.15,1.51,-62.25,2.6,-78.08,39.75,22.07,5817960,1995173,1685698,-0.503
5954,CPOP,Communication Services,Entertainment,NASDAQ,1.16,0.17,45.2,1.06,1.21,0.12,0.24,0.03,10.25,0.86,56.31,11.56,2.89,-7.96,-47.17,-23.24,-96.8,-99.72,0.43,3227152.048088312,1008485.0,0.0465,-88.67,25500,0.06,3.04,-4.93,3.61,-19.94,3.86,-25.13,15.32,-81.14,26.57,0.65,56650,409870,295214,0.648
5955,LGCL,Technology,Software - Application,NASDAQ,0.95,0.15,52.96,1.76,1.73,0.15,1.0,0.1,43.27,7.01,45.49,7.72,2.46,-6.11,-19.34,-19.87,-98.59,-99.08,0.81,3281780.855160713,1302294.0,0.01,-99.71,385600,0.21,2.5,-1.6,2.66,-7.52,2.87,-14.29,47.46,-94.82,19.09,50.04,4651760,1794852,1302057,0.431
5956,DCX,Consumer Cyclical,Auto Manufacturers,NASDAQ,0.85,0.13,12.55,0.08,2.87,0.3,15.43,1.76,20.12,2.26,13.31,1.31,2.74,-26.74,-71.46,-96.88,-98.41,-99.74,0.41,9103186.428499222,2346182.0,0.0004,-99.99,40100,0.16,3.21,-14.64,4.11,-33.33,25.55,-89.28,93.69,-97.08,74.58,5.87,228381,243769,147432,
5957,NIVF,Healthcare,Medical Care Facilities,NASDAQ,0.79,0.12,8.85,0.03,4.47,0.43,9.04,0.98,8.24,0.7,12.84,1.26,0.08,-19.8,-85.03,-92.7,-96.84,-99.92,0.17,359861.3480447084,2789623.0,0.0069,-99.99,18770600,0.37,0.1,-20.0,0.18,-55.56,0.5,-84.0,1.15,-93.04,172.14,4.36,152540480,50947725,30665545,0.119
5958,RCON,Energy,Oil & Gas Equipment & Services,NASDAQ,0.67,0.1,60.71,3.2,0.89,0.08,0.64,0.07,28.93,3.6,48.84,8.78,1.11,-14.62,-18.98,-13.95,-98.46,-99.59,0.53,25441421.25,20353137.0,0.1559,-99.73,110700,0.45,1.2,-7.5,1.26,-11.9,1.27,-12.6,9.02,-87.69,8.69,41.48,146560,246876,831009,0.026
5959,CISS,Industrials,Marine Shipping,NASDAQ,0.54,0.08,46.13,1.13,0.69,0.03,0.67,0.08,11.69,1.03,11.84,1.16,0.82,-5.07,-26.52,-43.24,-84.53,-99.93,0.15,1236503.026009798,1487970.0,0.0139,-100.0,166400,0.13,0.84,-2.38,0.91,-9.89,1.09,-24.77,2.12,-61.32,16.19,30.12,303570,1320940,1455376,1.239
5960,WHLR,Real Estate,REIT - Retail,NASDAQ,0.49,0.07,13.78,0.1,0.65,0.02,0.21,0.02,1.57,0.17,5.34,0.55,0.7,-75.51,-81.34,-74.01,-97.41,-99.99,0.06,1176196.7320678234,568211.0,0.0506,-100.0,5653300,1.01,1.09,-35.78,2.42,-71.07,2.72,-74.26,7.04,-90.06,186.63,3.14,4523020,5597474,3379279,-0.139
5961,CTNT,Industrials,Integrated Freight & Logistics,NASDAQ,0.45,0.05,23.94,0.23,0.79,0.07,22.62,2.72,4.76,0.46,61.31,14.04,2.82,15.1,-41.25,-98.35,-98.96,-99.93,0.15,3493494.747405052,1333395.0,0.29860002,-100.0,122700,0.11,2.86,-1.4,3.08,-8.44,21.51,-86.89,146.77,-98.08,27.63,15.27,1381032,1166759,700798,1.454
5962,CDT,Healthcare,Biotechnology,NASDAQ,0.33,0.03,11.97,0.07,0.7,0.05,1.81,0.15,2.92,0.23,4.29,0.38,0.8,-36.0,-73.55,-90.72,-98.75,-99.99,0.06,763020.727350235,770728.0,0.0126,-100.0,263100,0.66,0.89,-10.11,1.24,-35.48,3.13,-74.44,35.34,-97.74,42.34,1.18,651346,398007,240253,
5963,YYAI,Technology,Software - Infrastructure,NASDAQ,0.19,0.02,69.0,5.18,0.23,0.0,0.18,0.0,14.25,1.23,37.82,5.53,0.72,-24.87,-6.89,-1.24,-87.66,-99.91,0.2,4719374.378910303,4581917.0,0.0481,-100.0,148400,0.35,0.84,-14.29,0.87,-17.24,0.79,-8.86,1.13,-36.28,13.16,21.1,312900,426493,2173032,6.081
5964,SXTC,Healthcare,Drug Manufacturers - Specialty & Generic,NASDAQ,0.09,0.0,10.41,0.05,0.9,0.1,0.59,0.05,52.71,10.76,5.54,0.56,0.34,-88.38,-86.51,-82.18,-91.89,-100.0,0.03,3184617.4934182167,1321418.0,0.0496,-100.0,61213700,7.76,1.78,-80.9,2.28,-85.09,2.34,-85.47,3.24,-89.51,345.86,2.55,22046710,7886153,5803245,-0.439
